
Gurobi 10.0.0 (win64) logging started Thu Jul 30 13:51:42 2026

Set parameter LogFile to value "output\Taller_DET_Agosto\Swap_maxproduction_640kW\station_1_d244_stage1\ELMO_log.txt"
Set parameter Threads to value 1
Set parameter Heuristics to value 0.5
Set parameter MIPFocus to value 3
Set parameter Presolve to value 2
Set parameter FlowCoverCuts to value 2
Gurobi Optimizer version 10.0.0 build v10.0.0rc2 (win64)

CPU model: 11th Gen Intel(R) Core(TM) i7-1165G7 @ 2.80GHz, instruction set [SSE2|AVX|AVX2|AVX512]
Thread count: 4 physical cores, 8 logical processors, using up to 1 threads

Optimize a model with 33882 rows, 80359 columns and 366412 nonzeros
Model fingerprint: 0xf2b2e17c
Variable types: 4395 continuous, 75964 integer (42841 binary)
Coefficient statistics:
  Matrix range     [1e+00, 6e+02]
  Objective range  [4e-01, 9e+04]
  Bounds range     [1e+00, 1e+01]
  RHS range        [1e+00, 3e+04]
Presolve removed 31467 rows and 58712 columns
Presolve time: 1.59s
Presolved: 2415 rows, 21647 columns, 69740 nonzeros
Variable types: 413 continuous, 21234 integer (20901 binary)
Root relaxation presolved: 2415 rows, 21647 columns, 69740 nonzeros


Use crossover to convert LP symmetric solution to basic solution...

Root relaxation: objective 3.295179e+05, 7790 iterations, 0.50 seconds (0.15 work units)
Total elapsed time = 5.38s

    Nodes    |    Current Node    |     Objective Bounds      |     Work
 Expl Unexpl |  Obj  Depth IntInf | Incumbent    BestBd   Gap | It/Node Time

     0     0 329517.890    0   99          - 329517.890      -     -    7s
     0     0 337432.502    0   95          - 337432.502      -     -   12s
     0     0 337432.502    0  118          - 337432.502      -     -   14s
     0     0 363010.529    0   24          - 363010.529      -     -   18s
     0     0 363010.529    0  103          - 363010.529      -     -   19s
     0     0 363010.529    0   44          - 363010.529      -     -   24s
     0     0 363010.529    0   95          - 363010.529      -     -   25s
     0     0 363010.529    0   24          - 363010.529      -     -   29s
     0     0 363010.529    0   97          - 363010.529      -     -   30s
     0     0 363010.529    0   40          - 363010.529      -     -   35s
     0     0 363010.529    0   40          - 363010.529      -     -   37s
H    0     0                    763233.85067 363010.529  52.4%     -   46s
H    0     0                    673478.47200 363010.529  46.1%     -   56s
H    0     0                    672568.98933 363010.529  46.0%     -   57s
     0     2 363010.529    0   40 672568.989 363010.529  46.0%     -   67s
     3     5 363010.529    3  150 672568.989 363010.529  46.0%  1408   70s
     8    10 363010.576    5  147 672568.989 363010.529  46.0%   688   75s
    10    12 363010.529    5  115 672568.989 363010.529  46.0%   585   80s
    16    18 363010.529    9  122 672568.989 363010.529  46.0%   506   85s
    19    21 363010.529   11   75 672568.989 363010.529  46.0%   841   90s
    22    24 363010.529    9  138 672568.989 363010.529  46.0%   794   95s
H   27    27                    671659.50667 363010.529  46.0%   714  109s
    27    29 363010.529   10  123 671659.507 363010.529  46.0%   830  110s
    31    33 363010.529    9  131 671659.507 363010.529  46.0%   771  115s
    36    38 363010.529   15  103 671659.507 363010.529  46.0%   755  121s
    38    40 363010.529   16   99 671659.507 363010.529  46.0%   753  125s
    42    44 363010.529    8  134 671659.507 363010.529  46.0%   766  130s
    46    48 363010.551   10  131 671659.507 363010.529  46.0%   738  136s
    48    50 363010.529    5  117 671659.507 363010.529  46.0%   766  141s
    52    54 363010.555    6   96 671659.507 363010.529  46.0%   738  145s
    54    56 363010.529   20  111 671659.507 363010.529  46.0%   749  155s
    58    60 363010.529    8  117 671659.507 363010.529  46.0%   709  160s
    63    65 363010.529    9  114 671659.507 363010.529  46.0%   696  167s
    65    67 363010.529   11   44 671659.507 363010.529  46.0%   753  170s
    70    72 363010.529    9  142 671659.507 363010.529  46.0%   715  175s
    74    76 363010.529   10   28 671659.507 363010.529  46.0%   742  181s
    79    81 363010.529   13   67 671659.507 363010.529  46.0%   714  185s
    82    84 363010.529   11   67 671659.507 363010.529  46.0%   791  195s
    87    89 363010.529   10   29 671659.507 363010.529  46.0%   827  200s
    94    96 363010.529   20  114 671659.507 363010.529  46.0%   810  206s
   100   102 363010.576   22  130 671659.507 363010.529  46.0%   772  210s
   104   106 363010.557   16   89 671659.507 363010.529  46.0%   764  215s
   106   108 363010.529   17   86 671659.507 363010.529  46.0%   753  225s
   123   125 363010.529   19  102 671659.507 363010.529  46.0%   716  230s
   138   140 363010.529   22   41 671659.507 363010.529  46.0%   695  235s
   151   153 363010.559   20   48 671659.507 363010.529  46.0%   681  248s
   154   156 363010.551   28   58 671659.507 363010.529  46.0%   698  250s
   163   165 363010.529   13   64 671659.507 363010.529  46.0%   734  255s
   178   180 363010.529   10   26 671659.507 363010.529  46.0%   754  260s
   194   196 363010.529   24   86 671659.507 363010.529  46.0%   707  265s
H  202   202                    593950.02400 363010.529  38.9%   685  271s
   203   205 363010.529   15   62 593950.024 363010.529  38.9%   685  282s
   210   212 363010.529   17   78 593950.024 363010.529  38.9%   680  285s
   223   225 363010.529   20   93 593950.024 363010.529  38.9%   676  290s
   236   238 363010.576   33   82 593950.024 363010.529  38.9%   686  295s
   253   255 363010.529   38   37 593950.024 363010.529  38.9%   683  300s
   275   277 363010.529   41   34 593950.024 363010.529  38.9%   673  316s
   282   284 363010.529   42   58 593950.024 363010.529  38.9%   674  320s
   298   300 363010.529   42   31 593950.024 363010.529  38.9%   661  325s
   300   302 363010.529   43   47 593950.024 363010.529  38.9%   666  339s
   303   305 363010.529   44   48 593950.024 363010.529  38.9%   665  341s
   319   321 363010.556   48   74 593950.024 363010.529  38.9%   667  345s
   340   342 363010.529   51   33 593950.024 363010.529  38.9%   638  350s
   364   366 363010.529   34   66 593950.024 363010.529  38.9%   619  355s
   382   384 363010.529   27   50 593950.024 363010.529  38.9%   614  360s
   404   406 363010.557   25   41 593950.024 363010.529  38.9%   607  366s
   416   418 363010.529   26   50 593950.024 363010.529  38.9%   607  370s
   431   433 363010.529   32   29 593950.024 363010.529  38.9%   605  375s
   442   444 363010.529   34   31 593950.024 363010.529  38.9%   606  386s
   455   457 363010.555   35   50 593950.024 363010.529  38.9%   607  391s
   466   468 363010.576   38   32 593950.024 363010.529  38.9%   609  397s
   474   476 363010.556   40   55 593950.024 363010.529  38.9%   613  400s
   488   490 363010.556   43   46 593950.024 363010.529  38.9%   620  405s
   494   496 363010.576   38   28 593950.024 363010.529  38.9%   622  424s
   497   499 363010.556   29   68 593950.024 363010.529  38.9%   625  425s
   511   512 363010.529   46   40 593950.024 363010.529  38.9%   625  433s
   513   513 363010.559   12   96 593950.024 363010.529  38.9%   622  439s
   514   514 363010.556   31   72 593950.024 363010.529  38.9%   621  448s
   517   516 363010.576   39   53 593950.024 363010.529  38.9%   618  457s
   518   517 363010.529   12  105 593950.024 363010.529  38.9%   616  463s
   519   517 363010.559   21   31 593950.024 363010.529  38.9%   615  479s
   520   518 363010.529   22  118 593950.024 363010.529  38.9%   614  487s
   521   519 363010.529   13   26 593950.024 363010.529  38.9%   613  493s
   522   519 363010.561   39  109 593950.024 363010.529  38.9%   612  500s
   523   520 363010.529    6   38 593950.024 363010.529  38.9%   610  514s
   524   521 363010.557   43  107 593950.024 363010.529  38.9%   609  521s
   525   521 363010.529   16   24 593950.024 363010.529  38.9%   608  529s
   526   522 363010.557   40   81 593950.024 363010.529  38.9%   607  536s
   527   523 363010.529   31   22 593950.024 363010.529  38.9%   606  543s
   528   523 363010.529   24   90 593950.024 363010.529  38.9%   605  551s
   529   524 363010.529   28   24 593950.024 363010.529  38.9%   604  559s
   530   525 363010.529   21   81 593950.024 363010.529  38.9%   602  566s
   531   525 363010.560   24   39 593950.024 363010.529  38.9%   601  582s
   532   526 363010.556   40   63 593950.024 363010.529  38.9%   600  589s
   533   527 363010.576   19   28 593950.024 363010.529  38.9%   599  598s
   534   527 363010.576   40   24 593950.024 363010.529  38.9%   598  605s
   535   528 363010.576   21   24 593950.024 363010.529  38.9%   597  626s
   539   533 363010.529   16  103 593950.024 363010.529  38.9%   785  631s
   543   535 363010.529   18  124 593950.024 363010.529  38.9%   780  635s
   548   539 363010.529   21   92 593950.024 363010.529  38.9%   779  640s
   553   542 363010.529   18  126 593950.024 363010.529  38.9%   773  645s
   558   545 363010.529   26   96 593950.024 363010.529  38.9%   778  650s
   562   548 363010.554   28   78 593950.024 363010.529  38.9%   775  661s
   567   551 363010.529   19   71 593950.024 363010.529  38.9%   770  666s
   571   554 363010.529   21   76 593950.024 363010.529  38.9%   766  670s
   575   557 363010.529   24   25 593950.024 363010.529  38.9%   774  675s
   583   562 363010.529   28   73 593950.024 363010.529  38.9%   766  680s
   587   565 363010.576   19   62 593950.024 363010.529  38.9%   771  685s
   591   567 363010.529   25   66 593950.024 363010.529  38.9%   767  701s
   597   571 363010.529   26   71 593950.024 363010.529  38.9%   761  705s
   602   575 363010.529   36   56 593950.024 363010.529  38.9%   763  711s
   606   577 363010.529   38   61 593950.024 363010.529  38.9%   759  715s
   610   580 363010.529   40   59 593950.024 363010.529  38.9%   757  720s
   614   583 363010.529   42   79 593950.024 363010.529  38.9%   761  725s
   616   584 363010.529   43   73 593950.024 363010.529  38.9%   759  732s
   619   586 363010.529   27   65 593950.024 363010.529  38.9%   758  735s
   623   589 363010.529   29  111 593950.024 363010.529  38.9%   755  740s
   628   592 363010.553   31   96 593950.024 363010.529  38.9%   753  745s
   633   595 363010.529   34   22 593950.024 363010.529  38.9%   756  751s
   636   597 363010.529   28   91 593950.024 363010.529  38.9%   757  758s
   637   598 363010.554   29   94 593950.024 363010.529  38.9%   757  760s
   643   602 363010.529   30   87 593950.024 363010.529  38.9%   752  765s
   650   607 363010.554   28   90 593950.024 363010.529  38.9%   748  770s
   656   611 363010.554   28   87 593950.024 363010.529  38.9%   744  775s
   662   615 363010.529   30   89 593950.024 363010.529  38.9%   738  780s
   667   618 363010.529   42   68 593950.024 363010.529  38.9%   734  785s
   670   620 363010.549   34   83 593950.024 363010.529  38.9%   732  794s
   672   621 363010.529   31   71 593950.024 363010.529  38.9%   732  795s
   677   625 363010.529   31   64 593950.024 363010.529  38.9%   728  800s
   682   628 363010.547   40   69 593950.024 363010.529  38.9%   731  805s
   687   631 363010.529   40   88 593950.024 363010.529  38.9%   728  810s
   688   632 363010.529   32   72 593950.024 363010.529  38.9%   727  821s
   691   634 363010.529   42   75 593950.024 363010.529  38.9%   724  825s
   697   638 363010.576   40   80 593950.024 363010.529  38.9%   721  830s
   704   643 363010.529   44   31 593950.024 363010.529  38.9%   719  835s
   709   646 363010.529   33   85 593950.024 363010.529  38.9%   715  840s
   714   649 363010.529   33   91 593950.024 363010.529  38.9%   714  845s
   719   653 363010.529   28  105 593950.024 363010.529  38.9%   717  850s
   724   656 363010.529   38   54 593950.024 363010.529  38.9%   713  864s
   725   657 363010.529   32   81 593950.024 363010.529  38.9%   713  865s
   732   661 363010.529   27   88 593950.024 363010.529  38.9%   709  870s
   737   665 363010.551   30   83 593950.024 363010.529  38.9%   706  881s
   743   669 363010.529   39   84 593950.024 363010.529  38.9%   701  885s
   750   673 363010.529   42   68 593950.024 363010.529  38.9%   697  890s
   756   677 363010.529   43   78 593950.024 363010.529  38.9%   694  895s
   762   681 363010.529   43   58 593950.024 363010.529  38.9%   691  900s
   768   685 363010.529   44   37 593950.024 363010.529  38.9%   695  905s
   771   687 363010.529   44   24 593950.024 363010.529  38.9%   704  910s
   776   691 363010.576   45   43 593950.024 363010.529  38.9%   707  915s
   778   692 363010.576   46   51 593950.024 363010.529  38.9%   706  923s
   781   694 363010.529   46   49 593950.024 363010.529  38.9%   704  925s
   785   697 363010.556   46   39 593950.024 363010.529  38.9%   704  940s
   791   701 363010.529   48   48 593950.024 363010.529  38.9%   702  945s
   796   704 363010.529   50   58 593950.024 363010.529  38.9%   699  950s
   801   707 363010.560   48   61 593950.024 363010.529  38.9%   699  955s
   805   710 363010.529   46   36 593950.024 363010.529  38.9%   701  960s
   810   713 363010.529   47   57 593950.024 363010.529  38.9%   700  965s
   816   717 363010.529   45   33 593950.024 363010.529  38.9%   705  970s
   823   722 363010.529   44   26 593950.024 363010.529  38.9%   707  975s
   829   726 363010.529   44   23 593950.024 363010.529  38.9%   710  980s
   832   728 363010.529   46   24 593950.024 363010.529  38.9%   708  990s
   838   732 363010.529   49   64 593950.024 363010.529  38.9%   705 1002s
   840   733 363010.564   50   71 593950.024 363010.529  38.9%   706 1005s
   845   737 363010.529   31  110 593950.024 363010.529  38.9%   704 1010s
   850   740 363010.529   30   96 593950.024 363010.529  38.9%   703 1015s
   856   744 363010.529   33   71 593950.024 363010.529  38.9%   700 1020s
   860   747 363010.576   34  106 593950.024 363010.529  38.9%   701 1025s
   865   750 363010.529   34   25 593950.024 363010.529  38.9%   703 1030s
   870   753 363010.529   21  109 593950.024 363010.529  38.9%   700 1035s
   875   757 363010.529   33  115 593950.024 363010.529  38.9%   700 1040s
   881   761 363010.529   40   65 593950.024 363010.529  38.9%   702 1046s
   882   761 363010.529   27   53 593950.024 363010.529  38.9%   701 1065s
   887   765 363010.529   38   74 593950.024 363010.529  38.9%   698 1076s
   891   767 363010.529   30   93 593950.024 363010.529  38.9%   696 1080s
   896   771 363010.529   35   59 593950.024 363010.529  38.9%   699 1085s
   899   773 363010.529   32   75 593950.024 363010.529  38.9%   698 1096s
   903   775 363010.529   36   48 593950.024 363010.529  38.9%   697 1100s
   909   779 363010.529   37   54 593950.024 363010.529  38.9%   693 1105s
   915   783 363010.546   38   45 593950.024 363010.529  38.9%   692 1110s
   922   788 363010.576   31  100 593950.024 363010.529  38.9%   689 1115s
   929   793 363010.529   32   85 593950.024 363010.529  38.9%   686 1120s
   935   797 363010.549   34   89 593950.024 363010.529  38.9%   687 1125s
   939   799 363010.529   35   59 593950.024 363010.529  38.9%   689 1136s
   941   801 363010.529   35   31 593950.024 363010.529  38.9%   690 1145s
   946   804 363010.576   37   66 593950.024 363010.529  38.9%   688 1150s
   951   807 363010.576   37   72 593950.024 363010.529  38.9%   686 1155s
   958   812 363010.529   39   49 593950.024 363010.529  38.9%   681 1160s
   963   815 363010.576   39  105 593950.024 363010.529  38.9%   680 1165s
   968   819 363010.529   41   87 593950.024 363010.529  38.9%   676 1170s
   973   822 363010.576   41   54 593950.024 363010.529  38.9%   676 1175s
   978   825 363010.529   44   53 593950.024 363010.529  38.9%   673 1180s
   979   826 363010.529   43   54 593950.024 363010.529  38.9%   672 1201s
   982   828 363010.552   42   82 593950.024 363010.529  38.9%   673 1205s
   987   831 363010.529   44   22 593950.024 363010.529  38.9%   676 1210s
   993   835 363010.529   46   51 593950.024 363010.529  38.9%   677 1215s
   998   839 363010.529   47   53 593950.024 363010.529  38.9%   677 1220s
  1003   842 363010.529   48   47 593950.024 363010.529  38.9%   676 1225s
  1009   846 363039.582   49   57 593950.024 363010.529  38.9%   675 1230s
  1013   849 363010.529   48   87 593950.024 363010.529  38.9%   673 1241s
  1017   851 363010.529   49   73 593950.024 363010.529  38.9%   673 1245s
  1022   855 363010.547   50   66 593950.024 363010.529  38.9%   673 1250s
  1028   859 363010.529   51   85 593950.024 363010.529  38.9%   671 1255s
  1034   863 363010.576   53   53 593950.024 363010.529  38.9%   668 1260s
  1040   867 363010.529   53   69 593950.024 363010.529  38.9%   671 1273s
  1042   868 363010.576   54   45 593950.024 363010.529  38.9%   672 1276s
  1046   871 363010.570   55   49 593950.024 363010.529  38.9%   672 1280s
  1050   873 363010.529   55   41 593950.024 363010.529  38.9%   679 1285s
  1055   877 363010.529   55   31 593950.024 363010.529  38.9%   682 1290s
  1061   881 363010.529   58   52 593950.024 363010.529  38.9%   680 1295s
  1066   884 363010.529   54   26 593950.024 363010.529  38.9%   681 1300s
  1072   888 363010.576   49   99 593950.024 363010.529  38.9%   678 1306s
  1075   890 363186.940   48   69 593950.024 363010.529  38.9%   680 1310s
  1080   893 363010.529   52   68 593950.024 363010.529  38.9%   679 1315s
  1084   896 363010.576   45   44 593950.024 363010.529  38.9%   680 1320s
  1089   899 363010.529   47   61 593950.024 363010.529  38.9%   680 1325s
  1095   903 363010.529   45   49 593950.024 363010.529  38.9%   680 1330s
  1099   906 363010.529   42   67 593950.024 363010.529  38.9%   683 1335s
  1104   909 363010.529   45   66 593950.024 363010.529  38.9%   686 1340s
  1105   910 363010.529   45   29 593950.024 363010.529  38.9%   686 1346s
  1107   911 363010.529   46   51 593950.024 363010.529  38.9%   685 1359s
  1108   912 363010.529   47   92 593950.024 363010.529  38.9%   685 1360s
  1114   916 363010.529   41   93 593950.024 363010.529  38.9%   682 1365s
  1119   919 363010.529   43   79 593950.024 363010.529  38.9%   679 1370s
  1124   923 363010.529   42   59 593950.024 363010.529  38.9%   678 1375s
  1129   926 363010.556   39   53 593950.024 363010.529  38.9%   677 1380s
  1135   930 363010.529   39   61 593950.024 363010.529  38.9%   674 1385s
  1141   934 363010.529   42   61 593950.024 363010.529  38.9%   677 1397s
  1144   936 363010.529   46   58 593950.024 363010.529  38.9%   676 1400s
  1149   939 363010.529   40   54 593950.024 363010.529  38.9%   676 1405s
  1154   943 363010.529   51   64 593950.024 363010.529  38.9%   674 1410s
  1159   946 363010.554   40   88 593950.024 363010.529  38.9%   672 1421s
  1162   948 363010.529   27   67 593950.024 363010.529  38.9%   671 1425s
  1169   953 363010.529   34   24 593950.024 363010.529  38.9%   671 1430s
  1175   957 363010.529   39   91 593950.024 363010.529  38.9%   668 1435s
  1181   961 363010.529   37   91 593950.024 363010.529  38.9%   671 1440s
  1185   963 363010.529   40   90 593950.024 363010.529  38.9%   669 1445s
  1190   967 363010.529   39   45 593950.024 363010.529  38.9%   668 1450s
  1196   971 363010.529   42   39 593950.024 363010.529  38.9%   665 1455s
  1202   975 363010.557   45   84 593950.024 363010.529  38.9%   663 1460s
  1209   979 363010.529   28   89 593950.024 363010.529  38.9%   662 1465s
  1211   981 363010.529   29   68 593950.024 363010.529  38.9%   662 1479s
  1212   981 363010.529   39   82 593950.024 363010.529  38.9%   662 1480s
  1213   982 363010.529   30  121 593950.024 363010.529  38.9%   662 1486s
  1219   986 363010.529   31   82 593950.024 363010.529  38.9%   660 1490s
  1224   989 363010.529   45   30 593950.024 363010.529  38.9%   662 1495s
  1230   993 363010.552   48   37 593950.024 363010.529  38.9%   659 1500s
  1235   997 363010.576   32   94 593950.024 363010.529  38.9%   659 1505s
  1242  1001 363010.529   34   37 593950.024 363010.529  38.9%   660 1516s
  1246  1004 363010.529   33   67 593950.024 363010.529  38.9%   659 1520s
  1251  1007 363010.529   31  106 593950.024 363010.529  38.9%   659 1525s
  1255  1010 363010.529   34   24 593950.024 363010.529  38.9%   667 1530s
  1260  1013 363010.529   35   65 593950.024 363010.529  38.9%   666 1535s
  1263  1015 363010.557   35   59 593950.024 363010.529  38.9%   665 1540s
  1267  1018 363010.529   33   87 593950.024 363010.529  38.9%   665 1552s
  1271  1021 363010.576   36   66 593950.024 363010.529  38.9%   665 1555s
  1275  1023 363010.529   35   76 593950.024 363010.529  38.9%   668 1560s
  1280  1027 363010.529   36   58 593950.024 363010.529  38.9%   666 1565s
  1286  1031 363010.576   38   51 593950.024 363010.529  38.9%   666 1570s
  1289  1033 363010.529   37   68 593950.024 363010.529  38.9%   666 1575s
  1294  1036 363010.529   38   57 593950.024 363010.529  38.9%   664 1580s
  1299  1039 363010.576   38   54 593950.024 363010.529  38.9%   663 1585s
  1304  1043 363010.529   40   54 593950.024 363010.529  38.9%   661 1590s
  1308  1045 363010.529   41   75 593950.024 363010.529  38.9%   659 1595s
  1314  1049 363010.529   42   87 593950.024 363010.529  38.9%   658 1600s
  1315  1050 363010.529   42   90 593950.024 363010.529  38.9%   658 1633s
  1316  1051 363010.529   43   62 593950.024 363010.529  38.9%   657 1635s
  1321  1054 363010.529   43   89 593950.024 363010.529  38.9%   655 1644s
  1322  1055 363010.529   43   83 593950.024 363010.529  38.9%   655 1645s
  1326  1057 363010.529   44   31 593950.024 363010.529  38.9%   660 1650s
  1330  1060 363010.576   44   94 593950.024 363010.529  38.9%   665 1656s
  1335  1063 363010.529   45   81 593950.024 363010.529  38.9%   663 1660s
  1340  1067 363010.529   46   53 593950.024 363010.529  38.9%   661 1665s
  1343  1069 363010.529   46   63 593950.024 363010.529  38.9%   661 1675s
  1348  1072 363010.549   47   59 593950.024 363010.529  38.9%   660 1680s
  1353  1075 363010.576   48   59 593950.024 363010.529  38.9%   658 1685s
  1358  1079 363010.529   48   82 593950.024 363010.529  38.9%   659 1690s
  1363  1082 363010.529   49   53 593950.024 363010.529  38.9%   660 1695s
  1367  1085 363010.576   49   65 593950.024 363010.529  38.9%   660 1705s
  1372  1088 363010.576   50   59 593950.024 363010.529  38.9%   659 1710s
  1375  1090 363010.554   51   80 593950.024 363010.529  38.9%   659 1722s
  1378  1092 363010.529   51   56 593950.024 363010.529  38.9%   658 1725s
  1383  1095 363010.529   52   68 593950.024 363010.529  38.9%   657 1731s
  1387  1098 363010.529   53   69 593950.024 363010.529  38.9%   656 1735s
  1392  1101 363010.529   53   72 593950.024 363010.529  38.9%   655 1741s
  1396  1104 363010.560   54   51 593950.024 363010.529  38.9%   657 1745s
  1400  1107 363010.556   54   80 593950.024 363010.529  38.9%   658 1750s
  1405  1110 363010.556   55   59 593950.024 363010.529  38.9%   658 1755s
  1409  1113 363010.576   56   60 593950.024 363010.529  38.9%   659 1760s
  1414  1116 363010.529   55   38 593950.024 363010.529  38.9%   660 1765s
  1419  1119 363010.529   57   61 593950.024 363010.529  38.9%   659 1773s
  1421  1121 363010.529   56   80 593950.024 363010.529  38.9%   658 1775s
  1427  1125 363010.529   56   57 593950.024 363010.529  38.9%   658 1780s
  1429  1126 363010.529   58   45 593950.024 363010.529  38.9%   657 1790s
  1433  1129 363010.529   59   53 593950.024 363010.529  38.9%   657 1795s
  1437  1131 363010.552   60   65 593950.024 363010.529  38.9%   657 1801s
  1440  1133 363010.529   61   65 593950.024 363010.529  38.9%   657 1805s
  1444  1136 363010.529   62   61 593950.024 363010.529  38.9%   656 1813s
  1445  1137 363010.529   59   77 593950.024 363010.529  38.9%   655 1815s
  1450  1140 363010.529   63   63 593950.024 363010.529  38.9%   655 1820s
  1455  1143 363010.529   64   57 593950.024 363010.529  38.9%   656 1826s
  1458  1145 363010.529   65   52 593950.024 363010.529  38.9%   658 1830s
  1462  1148 363010.529   64   26 593950.024 363010.529  38.9%   666 1835s
  1466  1151 363010.529   66   48 593950.024 363010.529  38.9%   665 1840s
  1470  1153 363010.529   66   53 593950.024 363010.529  38.9%   667 1845s
  1475  1157 363010.576   66   72 593950.024 363010.529  38.9%   665 1850s
  1478  1159 363010.529   64   26 593950.024 363010.529  38.9%   669 1855s
  1483  1162 363010.529   68   62 593950.024 363010.529  38.9%   668 1868s
  1485  1163 363010.529   65   35 593950.024 363010.529  38.9%   668 1870s
  1489  1166 363010.529   69   52 593950.024 363010.529  38.9%   668 1875s
  1492  1168 363010.557   66   53 593950.024 363010.529  38.9%   668 1880s
  1496  1171 363130.433   70   43 593950.024 363010.529  38.9%   669 1885s
  1499  1173 363010.529   67   84 593950.024 363010.529  38.9%   672 1890s
  1502  1175 363010.529   68   83 593950.024 363010.529  38.9%   674 1895s
  1506  1177 363010.529   68   65 593950.024 363010.529  38.9%   673 1900s
  1510  1180 363010.529   69   76 593950.024 363010.529  38.9%   674 1906s
  1514  1183 363010.576   69   70 593950.024 363010.529  38.9%   673 1910s
  1518  1185 363010.529   70   73 593950.024 363010.529  38.9%   672 1915s
  1523  1189 363010.529   70   84 593950.024 363010.529  38.9%   672 1938s
  1525  1190 363010.529   71   70 593950.024 363010.529  38.9%   671 1940s
  1531  1194 363010.576   71   82 593950.024 363010.529  38.9%   671 1945s
  1536  1197 363010.529   71   72 593950.024 363010.529  38.9%   672 1950s
  1537  1198 363010.576   71   82 593950.024 363010.529  38.9%   671 1959s
  1538  1199 363010.529   73   74 593950.024 363010.529  38.9%   671 1960s
  1544  1203 363010.529   74   23 593950.024 363010.529  38.9%   672 1965s
  1545  1203 363010.529   75   29 593950.024 363010.529  38.9%   672 1972s
  1548  1205 363010.576   74   70 593950.024 363010.529  38.9%   674 1975s
  1551  1207 363010.576   73   70 593950.024 363010.529  38.9%   675 1980s
  1557  1211 363010.529   74   80 593950.024 363010.529  38.9%   675 1985s
  1562  1215 363010.529   75   57 593950.024 363010.529  38.9%   676 1990s
  1567  1218 363010.576   76   51 593950.024 363010.529  38.9%   676 1995s
  1572  1221 363010.529   75   82 593950.024 363010.529  38.9%   675 2000s
  1575  1223 363010.529   75   34 593950.024 363010.529  38.9%   674 2026s
  1580  1227 363208.404   76   51 593950.024 363010.529  38.9%   676 2030s
  1585  1230 363010.536   76   56 593950.024 363010.529  38.9%   678 2035s
  1590  1233 363010.529   72   94 593950.024 363010.529  38.9%   680 2040s
  1591  1234 363010.529   72   94 593950.024 363010.529  38.9%   680 2047s
  1594  1236 363010.529   74   40 593950.024 363010.529  38.9%   680 2050s
  1599  1239 363010.529   73   82 593950.024 363010.529  38.9%   679 2055s
  1605  1243 363010.529   76   40 593950.024 363010.529  38.9%   680 2060s
  1611  1247 363010.529   70   78 593950.024 363010.529  38.9%   680 2066s
  1615  1250 363010.529   72   75 593950.024 363010.529  38.9%   679 2070s
  1619  1253 363010.576   65   94 593950.024 363010.529  38.9%   681 2075s
  1624  1256 363108.952   66   69 593950.024 363010.529  38.9%   683 2080s
  1628  1259 363010.529   67   92 593950.024 363010.529  38.9%   685 2085s
  1633  1262 363010.576   61   77 593950.024 363010.529  38.9%   686 2090s
  1637  1265 363010.576   59   93 593950.024 363010.529  38.9%   688 2095s
  1642  1268 363010.529   58  109 593950.024 363010.529  38.9%   690 2100s
  1645  1270 363010.576   56   65 593950.024 363010.529  38.9%   691 2108s
  1646  1271 363010.529   58   98 593950.024 363010.529  38.9%   692 2114s
  1647  1271 363010.576   57   86 593950.024 363010.529  38.9%   693 2116s
  1651  1274 363010.529   58  135 593950.024 363010.529  38.9%   695 2120s
  1656  1277 363010.576   54   75 593950.024 363010.529  38.9%   698 2126s
  1659  1279 363010.529   54   32 593950.024 363010.529  38.9%   705 2130s
  1665  1283 363010.576   53  100 593950.024 363010.529  38.9%   707 2136s
  1669  1286 363010.529   54   89 593950.024 363010.529  38.9%   708 2140s
  1672  1288 363010.529   61   61 593950.024 363010.529  38.9%   707 2158s
  1674  1289 363010.529   62   63 593950.024 363010.529  38.9%   707 2160s
  1680  1293 363010.529   65   44 593950.024 363010.529  38.9%   710 2165s
  1684  1296 363010.576   47  121 593950.024 363010.529  38.9%   712 2170s
  1690  1300 363010.529   49  113 593950.024 363010.529  38.9%   715 2175s
  1695  1303 363010.529   47   92 593950.024 363010.529  38.9%   718 2180s
  1699  1306 363010.529   49  115 593950.024 363010.529  38.9%   719 2191s
  1705  1310 363010.529   52  111 593950.024 363010.529  38.9%   718 2195s
  1709  1313 363010.529   44   27 593950.024 363010.529  38.9%   724 2200s
  1713  1315 363010.576   39   70 593950.024 363010.529  38.9%   726 2205s
  1719  1319 363010.529   41   88 593950.024 363010.529  38.9%   727 2211s
  1725  1323 363010.529   40   95 593950.024 363010.529  38.9%   726 2215s
  1729  1326 363010.529   46   34 593950.024 363010.529  38.9%   728 2220s
  1736  1331 363010.529   48   48 593950.024 363010.529  38.9%   727 2225s
  1743  1335 363010.576   38   99 593950.024 363010.529  38.9%   726 2230s
  1747  1338 363010.529   37   96 593950.024 363010.529  38.9%   726 2242s
  1751  1341 363010.529   39   92 593950.024 363010.529  38.9%   725 2245s
  1753  1342 363010.529   40   96 593950.024 363010.529  38.9%   725 2253s
  1756  1344 363010.529   39   60 593950.024 363010.529  38.9%   725 2256s
  1761  1347 363010.529   44   29 593950.024 363010.529  38.9%   726 2260s
  1768  1352 363010.529   38   52 593950.024 363010.529  38.9%   727 2265s
  1773  1355 363010.544   41   50 593950.024 363010.529  38.9%   727 2270s
  1774  1356 363010.529   41   89 593950.024 363010.529  38.9%   727 2277s
  1776  1357 363010.529   42   88 593950.024 363010.529  38.9%   726 2280s
  1778  1359 363010.529   43   74 593950.024 363010.529  38.9%   725 2285s
  1782  1361 363010.549   45   57 593950.024 363010.529  38.9%   726 2290s
  1787  1365 363010.529   28   86 593950.024 363010.529  38.9%   726 2295s
  1793  1369 363010.529   41   77 593950.024 363010.529  38.9%   725 2300s
  1798  1372 363010.529   30  106 593950.024 363010.529  38.9%   725 2305s
  1803  1375 363010.529   49   68 593950.024 363010.529  38.9%   724 2310s
  1807  1378 363010.529   51   73 593950.024 363010.529  38.9%   724 2323s
  1809  1379 363010.529   52   80 593950.024 363010.529  38.9%   724 2325s
  1813  1382 363010.576   47   82 593950.024 363010.529  38.9%   725 2330s
  1820  1387 363010.529   49   53 593950.024 363010.529  38.9%   724 2335s
  1825  1390 363010.529   33   81 593950.024 363010.529  38.9%   723 2340s
  1826  1391 363010.576   26   83 593950.024 363010.529  38.9%   723 2352s
  1829  1393 363010.529   28  113 593950.024 363010.529  38.9%   724 2355s
  1835  1397 363010.529   44   26 593950.024 363010.529  38.9%   728 2361s
  1841  1401 363010.576   32   76 593950.024 363010.529  38.9%   727 2365s
  1847  1405 363010.529   25   43 593950.024 363010.529  38.9%   729 2370s
  1848  1405 363010.576   34  112 593950.024 363010.529  38.9%   728 2376s
  1853  1409 363010.529   31  117 593950.024 363010.529  38.9%   728 2380s
  1860  1413 363010.529   47   52 593950.024 363010.529  38.9%   727 2385s
  1861  1414 363010.529   33   71 593950.024 363010.529  38.9%   726 2392s
  1864  1416 363010.546   49   62 593950.024 363010.529  38.9%   727 2395s
  1869  1419 363010.529   30   85 593950.024 363010.529  38.9%   728 2400s
  1875  1423 363010.529   30   73 593950.024 363010.529  38.9%   728 2406s
  1880  1427 363010.529   33   95 593950.024 363010.529  38.9%   729 2410s
  1885  1430 363010.529   22  131 593950.024 363010.529  38.9%   731 2415s
  1892  1435 363010.529   35   72 593950.024 363010.529  38.9%   730 2420s
  1900  1440 363010.529   24   26 593950.024 363010.529  38.9%   729 2425s
  1907  1445 363010.529   37   56 593950.024 363010.529  38.9%   727 2430s
  1912  1448 363010.529   31   98 593950.024 363010.529  38.9%   725 2435s
  1915  1450 363010.529   26  106 593950.024 363010.529  38.9%   726 2444s
  1916  1451 363010.529   32   78 593950.024 363010.529  38.9%   725 2445s
  1923  1455 363010.556   32   97 593950.024 363010.529  38.9%   724 2450s
  1930  1460 363010.529   34   22 593950.024 363010.529  38.9%   727 2455s
  1938  1465 363010.529   34   28 593950.024 363010.529  38.9%   730 2460s
  1945  1470 363010.529   37   38 593950.024 363010.529  38.9%   731 2465s
  1949  1473 363039.535   36   77 593950.024 363010.529  38.9%   733 2470s
  1953  1475 363010.576   45   93 593950.024 363010.529  38.9%   733 2483s
  1956  1477 363010.529   38   55 593950.024 363010.529  38.9%   732 2485s
  1965  1483 363010.576   39   33 593950.024 363010.529  38.9%   730 2490s
  1969  1486 363010.529   47   66 593950.024 363010.529  38.9%   730 2498s
  1973  1489 363010.529   40   93 593950.024 363010.529  38.9%   729 2500s
  1981  1494 363010.529   42   55 593950.024 363010.529  38.9%   728 2505s
  1986  1497 363010.546   41   68 593950.024 363010.529  38.9%   728 2510s
  1994  1503 363010.576   42   84 593950.024 363010.529  38.9%   727 2515s
  2001  1507 363010.546   43   56 593950.024 363010.529  38.9%   727 2520s
  2006  1511 363010.576   44   98 593950.024 363010.529  38.9%   726 2525s
  2012  1515 363010.529   45   52 593950.024 363010.529  38.9%   729 2530s
  2018  1519 363010.529   46   46 593950.024 363010.529  38.9%   729 2535s
  2023  1522 363010.529   45   58 593950.024 363010.529  38.9%   728 2551s
  2028  1525 363010.549   47   77 593950.024 363010.529  38.9%   727 2555s
  2034  1529 363010.529   46   61 593950.024 363010.529  38.9%   727 2560s
  2040  1533 363010.529   47   58 593950.024 363010.529  38.9%   728 2565s
  2046  1537 363010.549   48   67 593950.024 363010.529  38.9%   727 2570s
  2050  1540 363010.529   51   44 593950.024 363010.529  38.9%   726 2581s
  2051  1541 363010.529   48   84 593950.024 363010.529  38.9%   726 2586s
  2056  1544 363010.529   49   71 593950.024 363010.529  38.9%   726 2590s
  2062  1548 363010.529   50   77 593950.024 363010.529  38.9%   726 2595s
  2067  1551 363010.554   52   42 593950.024 363010.529  38.9%   725 2600s
  2073  1555 363010.529   49   78 593950.024 363010.529  38.9%   724 2606s
  2077  1558 363010.529   50   79 593950.024 363010.529  38.9%   725 2617s
  2080  1560 363010.529   51   71 593950.024 363010.529  38.9%   724 2620s
  2084  1563 363010.529   54   30 593950.024 363010.529  38.9%   726 2625s
  2090  1567 363010.529   52   56 593950.024 363010.529  38.9%   726 2630s
  2095  1570 363010.529   53   56 593950.024 363010.529  38.9%   726 2635s
  2100  1573 363010.533   56   66 593950.024 363010.529  38.9%   726 2640s
  2105  1577 363010.529   54   43 593950.024 363010.529  38.9%   725 2645s
  2111  1581 363010.529   58   41 593950.024 363010.529  38.9%   725 2650s
  2116  1584 363010.531   55   63 593950.024 363010.529  38.9%   725 2663s
  2118  1585 363010.529   57   63 593950.024 363010.529  38.9%   725 2665s
  2123  1590 363010.576   59   41 593950.024 363010.529  38.9%   724 2670s
  2129  1596 363010.529   60   65 593950.024 363010.529  38.9%   724 2675s
  2131  1598 363010.531   57   63 593950.024 363010.529  38.9%   723 2685s
  2137  1604 363010.547   59   57 593950.024 363010.529  38.9%   723 2690s
  2143  1610 363010.531   59   54 593950.024 363010.529  38.9%   727 2696s
  2147  1614 363010.536   56   71 593950.024 363010.529  38.9%   728 2700s
  2151  1618 363010.529   57   44 593950.024 363010.529  38.9%   729 2712s
  2155  1622 363010.546   57   57 593950.024 363010.529  38.9%   729 2715s
  2159  1626 363010.529   58   47 593950.024 363010.529  38.9%   729 2720s
  2165  1631 363010.529   59   44 593950.024 363010.529  38.9%   732 2725s
  2172  1638 363010.529   60   40 593950.024 363010.529  38.9%   730 2730s
  2178  1644 363010.529   61   54 593950.024 363010.529  38.9%   733 2738s
  2180  1646 363010.529   61   56 593950.024 363010.529  38.9%   733 2740s
  2185  1651 363010.529   61   48 593950.024 363010.529  38.9%   735 2756s
  2190  1656 363010.529   62   53 593950.024 363010.529  38.9%   735 2760s
  2196  1662 363010.576   63   74 593950.024 363010.529  38.9%   739 2766s
  2200  1666 363010.576   63   54 593950.024 363010.529  38.9%   742 2771s
  2204  1670 363010.576   61   50 593950.024 363010.529  38.9%   744 2775s
  2209  1675 363010.529   58   42 593950.024 363010.529  38.9%   749 2780s
  2215  1681 363010.576   55   23 593950.024 363010.529  38.9%   750 2785s
  2221  1687 363010.529   56   36 593950.024 363010.529  38.9%   750 2790s
  2229  1695 363010.529   57   35 593950.024 363010.529  38.9%   749 2795s
  2230  1696 363010.576   57   61 593950.024 363010.529  38.9%   749 2804s
  2231  1697 363010.529   58   52 593950.024 363010.529  38.9%   749 2805s
  2237  1703 363010.529   59   50 593950.024 363010.529  38.9%   751 2810s
  2239  1705 363010.529   58   59 593950.024 363010.529  38.9%   750 2819s
  2240  1706 363010.576   59   67 593950.024 363010.529  38.9%   750 2820s
  2245  1711 363010.576   60   40 593950.024 363010.529  38.9%   753 2825s
  2251  1717 365422.305   60   89 593950.024 363010.529  38.9%   755 2830s
  2252  1718 363010.576   60   51 593950.024 363010.529  38.9%   756 2837s
  2256  1722 369929.404   60   65 593950.024 363010.529  38.9%   756 2841s
  2261  1727 363010.531   61   57 593950.024 363010.529  38.9%   756 2845s
  2267  1733 363010.529   62   51 593950.024 363010.529  38.9%   755 2850s
  2272  1738 363010.576   63   62 593950.024 363010.529  38.9%   756 2855s
  2279  1745 363010.529   63   50 593950.024 363010.529  38.9%   756 2860s
  2282  1748 363010.529   62   59 593950.024 363010.529  38.9%   758 2872s
  2286  1752 363010.529   64   45 593950.024 363010.529  38.9%   760 2875s
  2293  1759 363010.529   62   67 593950.024 363010.529  38.9%   761 2886s
  2298  1764 363010.529   66   56 593950.024 363010.529  38.9%   762 2890s
  2308  1774 363010.529   67   35 593950.024 363010.529  38.9%   760 2895s
  2316  1782 363010.529   68   34 593950.024 363010.529  38.9%   761 2900s
  2321  1787 363010.529   68   58 593950.024 363010.529  38.9%   762 2905s
  2329  1795 363010.576   71   59 593950.024 363010.529  38.9%   761 2910s
  2336  1802 363010.576   70   52 593950.024 363010.529  38.9%   762 2915s
  2342  1808 363010.529   74   37 593950.024 363010.529  38.9%   764 2920s
  2345  1811 363010.529   72   65 593950.024 363010.529  38.9%   765 2940s
  2350  1816 363010.576   73   47 593950.024 363010.529  38.9%   766 2945s
  2353  1819 363010.529   76   59 593950.024 363010.529  38.9%   765 2953s
  2355  1821 363010.529   76   43 593950.024 363010.529  38.9%   766 2955s
  2360  1826 363010.529   77   40 593950.024 363010.529  38.9%   767 2960s
  2365  1831 367014.082   78   76 593950.024 363010.529  38.9%   768 2965s
  2371  1837 363010.576   76   50 593950.024 363010.529  38.9%   768 2970s
  2374  1840 363010.529   79   53 593950.024 363010.529  38.9%   769 2980s
  2380  1846 365374.701   80   78 593950.024 363010.529  38.9%   769 2985s
  2387  1853 363010.576   81   39 593950.024 363010.529  38.9%   769 2990s
  2393  1859 366789.169   70   84 593950.024 363010.529  38.9%   771 2995s
  2400  1866 364719.636   71   81 593950.024 363010.529  38.9%   775 3000s
  2407  1873 367734.838   71   76 593950.024 363010.529  38.9%   781 3005s
  2415  1881 363010.529   70   55 593950.024 363010.529  38.9%   782 3010s
  2421  1887 365456.557   68   83 593950.024 363010.529  38.9%   784 3015s
  2428  1894 367547.111   70   59 593950.024 363010.529  38.9%   786 3026s
  2435  1901 363010.576   72   53 593950.024 363010.529  38.9%   787 3030s
  2442  1908 364316.984   67   94 593950.024 363010.529  38.9%   789 3035s
  2450  1916 363010.529   69   50 593950.024 363010.529  38.9%   791 3040s
  2454  1920 363010.576   76   66 593950.024 363010.529  38.9%   792 3046s
  2459  1925 367031.376   71   95 593950.024 363010.529  38.9%   796 3051s
  2463  1929 371133.413   78   74 593950.024 363010.529  38.9%   797 3055s
  2468  1934 363010.576   72   77 593950.024 363010.529  38.9%   798 3060s
  2475  1941 363010.576   74   67 593950.024 363010.529  38.9%   799 3071s
  2479  1945 365590.121   78   72 593950.024 363010.529  38.9%   804 3075s
  2482  1948 363010.529   75   80 593950.024 363010.529  38.9%   803 3083s
  2486  1952 363010.529   66   55 593950.024 363010.529  38.9%   803 3085s
  2495  1961 363010.531   68   49 593950.024 363010.529  38.9%   803 3090s
  2501  1967 363010.531   69   60 593950.024 363010.529  38.9%   804 3109s
  2502  1968 363010.531   69   50 593950.024 363010.529  38.9%   804 3110s
  2509  1975 363010.529   70   53 593950.024 363010.529  38.9%   805 3115s
  2518  1984 363010.529   71   51 593950.024 363010.529  38.9%   805 3120s
  2524  1990 363010.529   72   48 593950.024 363010.529  38.9%   807 3125s
  2532  1998 364634.547   73   89 593950.024 363010.529  38.9%   807 3130s
  2536  2002 363010.529   74   57 593950.024 363010.529  38.9%   806 3139s
  2537  2003 363010.576   74   40 593950.024 363010.529  38.9%   806 3140s
  2545  2011 364657.147   76   84 593950.024 363010.529  38.9%   810 3145s
  2555  2021 364582.527   77  106 593950.024 363010.529  38.9%   809 3158s
  2557  2023 363010.529   77   53 593950.024 363010.529  38.9%   809 3160s
  2565  2031 363010.529   78   69 593950.024 363010.529  38.9%   809 3165s
  2571  2037 363010.529   79   47 593950.024 363010.529  38.9%   811 3170s
  2577  2043 363010.529   80   81 593950.024 363010.529  38.9%   815 3175s
  2587  2053 363010.529   81   85 593950.024 363010.529  38.9%   813 3180s
  2590  2056 363010.529   81   61 593950.024 363010.529  38.9%   812 3189s
  2591  2057 363010.529   83   50 593950.024 363010.529  38.9%   813 3190s
  2602  2068 363010.529   81   59 593950.024 363010.529  38.9%   810 3195s
  2611  2077 363010.529   88   49 593950.024 363010.529  38.9%   810 3200s
  2621  2087 363010.529   93   49 593950.024 363010.529  38.9%   809 3205s
  2631  2097 363010.529   98   37 593950.024 363010.529  38.9%   807 3210s
  2642  2108 364643.078   77  104 593950.024 363010.529  38.9%   807 3215s
  2644  2110 363010.529   77   93 593950.024 363010.529  38.9%   807 3222s
  2646  2112 363010.529   78   74 593950.024 363010.529  38.9%   806 3225s
  2654  2120 363010.529   63   71 593950.024 363010.529  38.9%   806 3230s
  2656  2122 363010.576   64   75 593950.024 363010.529  38.9%   806 3237s
  2660  2126 363010.529   65   55 593950.024 363010.529  38.9%   806 3240s
  2668  2134 363010.576   59   76 593950.024 363010.529  38.9%   806 3245s
  2671  2137 363010.529  118   54 593950.024 363010.529  38.9%   806 3273s
  2673  2139 363010.529  119   46 593950.024 363010.529  38.9%   807 3275s
  2682  2148 364527.989   58   99 593950.024 363010.529  38.9%   809 3281s
  2688  2152 363010.529   55   86 593950.024 363010.529  38.9%   811 3285s
  2693  2157 363010.536   55   44 593950.024 363010.529  38.9%   814 3290s
  2697  2161 364198.247   52  117 593950.024 363010.529  38.9%   817 3295s
  2698  2162 363010.576   52   39 593950.024 363010.529  38.9%   817 3303s
  2701  2165 363010.529   51   51 593950.024 363010.529  38.9%   817 3305s
  2706  2170 363010.556   47   60 593950.024 363010.529  38.9%   818 3310s
  2711  2175 363010.529   47   70 593950.024 363010.529  38.9%   818 3315s
  2717  2181 363010.576   50   69 593950.024 363010.529  38.9%   818 3320s
  2722  2186 363010.529   42   65 593950.024 363010.529  38.9%   820 3325s
  2729  2193 363010.529   47   71 593950.024 363010.529  38.9%   820 3330s
  2736  2200 363010.529   48   83 593950.024 363010.529  38.9%   820 3335s
  2743  2207 363010.576   41   77 593950.024 363010.529  38.9%   820 3340s
  2748  2212 363039.535   35   88 593950.024 363010.529  38.9%   820 3345s
  2752  2216 363389.473   37   84 593950.024 363010.529  38.9%   821 3356s
  2757  2221 363010.529   34   31 593950.024 363010.529  38.9%   823 3368s
  2760  2224 363010.576   43  113 593950.024 363010.529  38.9%   823 3370s
  2766  2230 363010.529   33  108 593950.024 363010.529  38.9%   823 3375s
  2774  2238 363010.529   44   34 593950.024 363010.529  38.9%   822 3380s
  2779  2243 363010.529   39   64 593950.024 363010.529  38.9%   821 3385s
  2787  2251 363010.529   40   97 593950.024 363010.529  38.9%   821 3390s
  2793  2257 363010.529   43   78 593950.024 363010.529  38.9%   820 3395s
  2799  2263 363010.554   46   43 593950.024 363010.529  38.9%   820 3400s
  2806  2270 363010.529   25  107 593950.024 363010.529  38.9%   820 3412s
  2812  2276 363010.576   30  125 593950.024 363010.529  38.9%   819 3415s
  2818  2282 363010.529   45   60 593950.024 363010.529  38.9%   820 3420s
  2824  2288 363010.529   46   96 593950.024 363010.529  38.9%   820 3425s
  2831  2295 363010.529   34   24 593950.024 363010.529  38.9%   820 3430s
  2837  2301 363010.529   37   70 593950.024 363010.529  38.9%   819 3435s
  2842  2306 363010.529   31  100 593950.024 363010.529  38.9%   820 3440s
  2850  2314 363010.529   35   68 593950.024 363010.529  38.9%   819 3445s
  2855  2319 363010.576   31  102 593950.024 363010.529  38.9%   820 3450s
  2858  2322 363010.576   42   87 593950.024 363010.529  38.9%   820 3458s
  2860  2324 363010.576   20   98 593950.024 363010.529  38.9%   820 3466s
  2866  2330 363128.311   44   95 593950.024 363010.529  38.9%   821 3471s
  2872  2336 363010.529   44   94 593950.024 363010.529  38.9%   823 3475s
  2879  2343 363010.529   44   30 593950.024 363010.529  38.9%   823 3481s
  2884  2348 363186.940   35   69 593950.024 363010.529  38.9%   824 3485s
  2890  2354 363010.529   34   25 593950.024 363010.529  38.9%   825 3490s
  2892  2356 363010.529   35   57 593950.024 363010.529  38.9%   824 3508s
  2896  2360 363010.552   48   96 593950.024 363010.529  38.9%   824 3510s
  2901  2365 363010.529   55   64 593950.024 363010.529  38.9%   825 3515s
  2907  2371 363010.529   39   62 593950.024 363010.529  38.9%   825 3520s
  2914  2378 363183.712   32  116 593950.024 363010.529  38.9%   825 3532s
  2918  2382 363010.546   47   83 593950.024 363010.529  38.9%   825 3535s
  2924  2388 363010.529   33   81 593950.024 363010.529  38.9%   827 3540s
  2932  2396 363010.529   42  109 593950.024 363010.529  38.9%   826 3545s
  2939  2403 363010.529   42   44 593950.024 363010.529  38.9%   826 3550s
  2944  2408 363010.529   36  108 593950.024 363010.529  38.9%   826 3555s
  2951  2415 363010.529   44   31 593950.024 363010.529  38.9%   828 3560s
  2959  2423 363010.529   27   75 593950.024 363010.529  38.9%   827 3571s
  2964  2428 363010.529   27   73 593950.024 363010.529  38.9%   827 3575s
  2968  2432 363010.529   29   81 593950.024 363010.529  38.9%   826 3583s
  2970  2434 363010.529   30   79 593950.024 363010.529  38.9%   826 3585s
  2979  2443 363010.529   31  113 593950.024 363010.529  38.9%   825 3590s
  2985  2449 363010.529   34   31 593950.024 363010.529  38.9%   827 3595s
  2994  2458 363010.529   42   67 593950.024 363010.529  38.9%   825 3600s
  3000  2464 363010.552   41  114 593950.024 363010.529  38.9%   826 3605s
  3006  2470 363010.529   46   57 593950.024 363010.529  38.9%   826 3610s
  3014  2478 363010.549   31   66 593950.024 363010.529  38.9%   825 3615s
  3022  2486 363010.529   44   24 593950.024 363010.529  38.9%   825 3628s
  3025  2489 363010.529   46   67 593950.024 363010.529  38.9%   825 3630s
  3032  2496 363010.552   49   84 593950.024 363010.529  38.9%   824 3635s
  3038  2502 363011.829   45   41 593950.024 363010.529  38.9%   825 3640s
  3044  2508 363010.529   30  108 593950.024 363010.529  38.9%   825 3645s
  3051  2515 363010.562   48   78 593950.024 363010.529  38.9%   824 3650s
  3058  2522 363010.529   40   90 593950.024 363010.529  38.9%   824 3655s
  3060  2524 363010.529   30   95 593950.024 363010.529  38.9%   824 3665s
  3066  2530 363010.551   40   71 593950.024 363010.529  38.9%   823 3670s
  3074  2538 363010.529   34   22 593950.024 363010.529  38.9%   824 3676s
  3076  2540 363010.529   35   50 593950.024 363010.529  38.9%   824 3684s
  3078  2542 363010.529   50   91 593950.024 363010.529  38.9%   823 3685s
  3085  2549 363010.529   40   80 593950.024 363010.529  38.9%   823 3690s
  3091  2555 363039.535   32   81 593950.024 363010.529  38.9%   824 3695s
  3098  2562 363010.576   40   85 593950.024 363010.529  38.9%   825 3700s
  3103  2567 363010.529   34   26 593950.024 363010.529  38.9%   828 3705s
  3112  2576 363010.551   52   42 593950.024 363010.529  38.9%   828 3710s
  3122  2586 363010.576   54   49 593950.024 363010.529  38.9%   826 3715s
  3126  2590 363010.529   37   65 593950.024 363010.529  38.9%   825 3739s
  3127  2591 363010.529   37   90 593950.024 363010.529  38.9%   824 3740s
  3130  2594 363010.529   37   69 593950.024 363010.529  38.9%   824 3749s
  3131  2595 363010.576   55   80 593950.024 363010.529  38.9%   824 3750s
  3138  2602 363010.529   39   87 593950.024 363010.529  38.9%   824 3755s
  3146  2610 363010.576   56   91 593950.024 363010.529  38.9%   823 3760s
  3156  2620 363010.576   57   62 593950.024 363010.529  38.9%   822 3765s
  3161  2625 363010.529   41   62 593950.024 363010.529  38.9%   820 3773s
  3164  2628 363010.576   42   83 593950.024 363010.529  38.9%   822 3775s
  3173  2637 363010.562   42   61 593950.024 363010.529  38.9%   821 3780s
  3181  2645 363010.560   43   62 593950.024 363010.529  38.9%   821 3785s
  3184  2648 363010.529   43   83 593950.024 363010.529  38.9%   821 3795s
  3190  2654 363010.529   43  109 593950.024 363010.529  38.9%   822 3800s
  3196  2660 363039.535   45   93 593950.024 363010.529  38.9%   826 3805s
  3203  2667 363010.529   45   33 593950.024 363010.529  38.9%   826 3810s
  3212  2676 363010.529   46   76 593950.024 363010.529  38.9%   827 3815s
  3222  2686 363010.529   47   61 593950.024 363010.529  38.9%   826 3820s
  3232  2696 363010.529   49   49 593950.024 363010.529  38.9%   824 3825s
  3238  2702 363010.529   50   41 593950.024 363010.529  38.9%   824 3838s
  3241  2705 363010.529   51   52 593950.024 363010.529  38.9%   823 3840s
  3251  2715 363010.529   52   51 593950.024 363010.529  38.9%   822 3845s
  3260  2724 363010.529   53   88 593950.024 363010.529  38.9%   821 3850s
  3262  2726 363010.529   53   62 593950.024 363010.529  38.9%   821 3856s
  3268  2732 363010.529   54   24 593950.024 363010.529  38.9%   823 3861s
  3273  2737 363010.576   54   57 593950.024 363010.529  38.9%   824 3865s
  3281  2745 363010.529   55   83 593950.024 363010.529  38.9%   827 3870s
  3289  2753 363010.576   56   86 593950.024 363010.529  38.9%   828 3875s
  3292  2756 363010.529   56   48 593950.024 363010.529  38.9%   828 3887s
  3296  2760 363010.529   56   53 593950.024 363010.529  38.9%   827 3890s
  3304  2768 363010.529   57   56 593950.024 363010.529  38.9%   827 3895s
  3314  2778 363010.576   58   56 593950.024 363010.529  38.9%   825 3900s
  3322  2786 363010.576   60   89 593950.024 363010.529  38.9%   824 3905s
  3329  2793 363010.554   60   43 593950.024 363010.529  38.9%   824 3910s
  3337  2801 363010.529   61   65 593950.024 363010.529  38.9%   824 3915s
  3345  2809 364271.760   62   91 593950.024 363010.529  38.9%   824 3920s
  3346  2810 363010.558   62   45 593950.024 363010.529  38.9%   824 3926s
  3348  2812 363010.576   62   65 593950.024 363010.529  38.9%   824 3942s
  3355  2819 363010.535   62   61 593950.024 363010.529  38.9%   824 3945s
  3360  2824 363010.529   63   57 593950.024 363010.529  38.9%   825 3950s
  3363  2827 363010.529   64   28 593950.024 363010.529  38.9%   826 3958s
  3366  2830 363010.529   64   68 593950.024 363010.529  38.9%   827 3960s
  3373  2837 363010.529   65   60 593950.024 363010.529  38.9%   826 3965s
  3382  2846 363010.529   66   46 593950.024 363010.529  38.9%   826 3970s
  3389  2853 363010.529   67   73 593950.024 363010.529  38.9%   826 3975s
  3396  2860 363010.529   69   69 593950.024 363010.529  38.9%   827 3980s
  3400  2864 363010.529   68   66 593950.024 363010.529  38.9%   826 3989s
  3401  2865 363010.529   69   70 593950.024 363010.529  38.9%   826 3990s
  3410  2874 363010.576   70   68 593950.024 363010.529  38.9%   826 3995s
  3418  2882 363010.576   72   92 593950.024 363010.529  38.9%   826 4000s
  3424  2888 363010.560   71   53 593950.024 363010.529  38.9%   827 4006s
  3431  2895 363010.576   74   68 593950.024 363010.529  38.9%   827 4010s
  3439  2903 363010.529   75   40 593950.024 363010.529  38.9%   826 4015s
  3448  2912 363010.529   73   62 593950.024 363010.529  38.9%   826 4020s
  3454  2918 363010.529   73   60 593950.024 363010.529  38.9%   827 4032s
  3457  2921 363010.529   75   56 593950.024 363010.529  38.9%   828 4047s
  3462  2926 363128.359   77   59 593950.024 363010.529  38.9%   829 4050s
  3464  2928 363010.529   75   54 593950.024 363010.529  38.9%   828 4058s
  3466  2930 363010.529   75   71 593950.024 363010.529  38.9%   829 4060s
  3477  2941 363010.529   77   73 593950.024 363010.529  38.9%   828 4065s
  3486  2950 363010.529   79   53 593950.024 363010.529  38.9%   828 4070s
  3495  2959 363010.529   79   65 593950.024 363010.529  38.9%   827 4075s
  3504  2968 363010.529   80   61 593950.024 363010.529  38.9%   826 4080s
  3508  2972 363010.529   80   36 593950.024 363010.529  38.9%   826 4093s
  3511  2975 363010.529   82   52 593950.024 363010.529  38.9%   825 4095s
  3519  2983 363010.529   83   40 593950.024 363010.529  38.9%   825 4100s
  3525  2989 363010.576   82   54 593950.024 363010.529  38.9%   827 4105s
  3534  2998 363010.529   84   55 593950.024 363010.529  38.9%   825 4110s
  3542  3006 363010.529   86   40 593950.024 363010.529  38.9%   824 4115s
  3550  3014 363010.529   87   62 593950.024 363010.529  38.9%   824 4120s
  3558  3022 363010.529   88   53 593950.024 363010.529  38.9%   825 4125s
  3562  3026 363010.529   90   48 593950.024 363010.529  38.9%   825 4134s
  3563  3027 363010.529   90   57 593950.024 363010.529  38.9%   825 4135s
  3565  3029 363010.529   87   56 593950.024 363010.529  38.9%   825 4142s
  3568  3032 363010.529   87   40 593950.024 363010.529  38.9%   825 4145s
  3576  3040 363010.529   88   63 593950.024 363010.529  38.9%   825 4150s
  3582  3046 363010.529   91   47 593950.024 363010.529  38.9%   825 4155s
  3589  3053 363010.529   92   37 593950.024 363010.529  38.9%   826 4201s
  3594  3058 363010.529   91   63 593950.024 363010.529  38.9%   825 4205s
  3602  3066 363010.529   93   62 593950.024 363010.529  38.9%   825 4211s
  3609  3073 363010.576   94   61 593950.024 363010.529  38.9%   825 4216s
  3615  3079 363010.529   98   43 593950.024 363010.529  38.9%   825 4221s
  3616  3080 363010.529   98   40 593950.024 363010.529  38.9%   825 4228s
  3618  3082 363010.529   99   62 593950.024 363010.529  38.9%   825 4230s
  3622  3086 363010.576   99   40 593950.024 363010.529  38.9%   826 4235s
  3627  3091 363010.529  100   35 593950.024 363010.529  38.9%   826 4240s
  3633  3097 367595.175  100   71 593950.024 363010.529  38.9%   827 4245s
  3639  3103 363010.529  101   60 593950.024 363010.529  38.9%   826 4250s
  3646  3110 363010.529  102   46 593950.024 363010.529  38.9%   825 4255s
  3654  3118 363010.529  102   58 593950.024 363010.529  38.9%   825 4260s
  3659  3123 363010.529  104   38 593950.024 363010.529  38.9%   826 4265s
  3662  3126 363010.529  104   35 593950.024 363010.529  38.9%   831 4271s
  3666  3130 363010.529  104   32 593950.024 363010.529  38.9%   833 4284s
  3667  3131 363010.529  104   34 593950.024 363010.529  38.9%   835 4286s
  3670  3134 363010.529  105   45 593950.024 363010.529  38.9%   836 4299s
  3672  3136 367726.420  105   68 593950.024 363010.529  38.9%   836 4300s
  3679  3141 infeasible  107      593950.024 363010.529  38.9%   838 4305s
  3685  3147 363010.529  105   37 593950.024 363010.529  38.9%   842 4310s
  3690  3150 364142.420  106  110 593950.024 363010.529  38.9%   844 4315s
  3697  3157 369157.344  105   73 593950.024 363010.529  38.9%   847 4321s
  3701  3161 363010.529  108   66 593950.024 363010.529  38.9%   846 4325s
  3709  3169 363010.529  105   43 593950.024 363010.529  38.9%   848 4332s
  3713  3173 363010.529  109   70 593950.024 363010.529  38.9%   847 4335s
  3719  3179 367782.742  110   60 593950.024 363010.529  38.9%   849 4340s
  3724  3184 363010.529  110   60 593950.024 363010.529  38.9%   850 4351s
  3729  3189 363761.500  107   76 593950.024 363010.529  38.9%   851 4355s
  3736  3196 363010.529  112   66 593950.024 363010.529  38.9%   851 4360s
  3740  3200 363838.806  112  115 593950.024 363010.529  38.9%   853 4365s
  3745  3205 363010.529  113   39 593950.024 363010.529  38.9%   853 4370s
  3751  3211 363010.529  114   36 593950.024 363010.529  38.9%   855 4375s
  3754  3214 363010.529  114   39 593950.024 363010.529  38.9%   858 4380s
  3759  3219 363010.529  114   29 593950.024 363010.529  38.9%   860 4385s
  3766  3226 367437.325  115   89 593950.024 363010.529  38.9%   862 4390s
  3767  3227 363010.529  115   78 593950.024 363010.529  38.9%   862 4397s
  3770  3230 363010.529  116   51 593950.024 363010.529  38.9%   865 4400s
  3778  3238 363010.529  116   34 593950.024 363010.529  38.9%   865 4411s
  3783  3243 363010.529  117   49 593950.024 363010.529  38.9%   866 4415s
  3792  3252 363010.529  118   46 593950.024 363010.529  38.9%   865 4420s
  3802  3262 363010.529  119   50 593950.024 363010.529  38.9%   863 4425s
  3805  3265 367576.036  120   86 593950.024 363010.529  38.9%   863 4434s
  3807  3267 363010.529  119   58 593950.024 363010.529  38.9%   862 4435s
  3817  3277 363010.529  121   56 593950.024 363010.529  38.9%   860 4440s
  3826  3286 363010.529  121   56 593950.024 363010.529  38.9%   859 4445s
  3834  3294 363010.529  122   70 593950.024 363010.529  38.9%   859 4450s
  3843  3303 363010.529  124   34 593950.024 363010.529  38.9%   859 4455s
  3849  3309 363010.529  125   30 593950.024 363010.529  38.9%   862 4460s
  3856  3316 363010.529  126   42 593950.024 363010.529  38.9%   864 4465s
  3859  3319 363010.529  125   48 593950.024 363010.529  38.9%   864 4473s
  3862  3322 363010.529  126   69 593950.024 363010.529  38.9%   863 4475s
  3868  3328 363010.529  127   58 593950.024 363010.529  38.9%   863 4487s
  3875  3335 363010.529  127   30 593950.024 363010.529  38.9%   861 4490s
  3886  3346 363010.529  129   52 593950.024 363010.529  38.9%   859 4503s
  3890  3350 363010.529  129   38 593950.024 363010.529  38.9%   858 4505s
  3902  3362 363010.529  130   46 593950.024 363010.529  38.9%   856 4510s
  3913  3373 363010.529  132   53 593950.024 363010.529  38.9%   854 4524s
  3914  3374 363010.529  132   36 593950.024 363010.529  38.9%   853 4525s
  3925  3385 363010.529  133   42 593950.024 363010.529  38.9%   851 4530s
  3935  3395 363010.529  135   35 593950.024 363010.529  38.9%   850 4535s
  3946  3406 363010.529  136   53 593950.024 363010.529  38.9%   847 4540s
  3957  3417 363010.529  138   52 593950.024 363010.529  38.9%   845 4545s
  3967  3427 363010.529  137   52 593950.024 363010.529  38.9%   843 4553s
  3968  3428 363010.529  139   42 593950.024 363010.529  38.9%   843 4556s
  3972  3432 363010.529  139   38 593950.024 363010.529  38.9%   842 4560s
  3983  3443 363010.529  140   43 593950.024 363010.529  38.9%   840 4565s
  3994  3454 363010.529  141   45 593950.024 363010.529  38.9%   838 4570s
  4004  3464 363010.529  143   38 593950.024 363010.529  38.9%   836 4575s
  4012  3472 363010.529  144   40 593950.024 363010.529  38.9%   835 4592s
  4017  3477 363010.529  145   37 593950.024 363010.529  38.9%   834 4595s
  4021  3481 363010.529  145   35 593950.024 363010.529  38.9%   833 4605s
  4030  3490 363010.529  146   36 593950.024 363010.529  38.9%   831 4610s
  4041  3501 363010.529  148   35 593950.024 363010.529  38.9%   829 4615s
  4052  3512 363010.529  148   45 593950.024 363010.529  38.9%   827 4620s
  4062  3522 363010.529  150   35 593950.024 363010.529  38.9%   825 4625s
  4070  3530 363010.529  151   36 593950.024 363010.529  38.9%   824 4636s
  4075  3533 363010.529  151   56 593950.024 363010.529  38.9%   823 4647s
  4080  3538 363010.529  152   34 593950.024 363010.529  38.9%   822 4650s
  4093  3549 363010.529  154   36 593950.024 363010.529  38.9%   819 4655s
  4104  3560 363010.529  155   45 593950.024 363010.529  38.9%   817 4660s
  4114  3570 363010.529  155   41 593950.024 363010.529  38.9%   817 4665s
  4125  3581 363010.529  157   41 593950.024 363010.529  38.9%   815 4670s
  4129  3585 363010.529  158   35 593950.024 363010.529  38.9%   814 4679s
  4132  3588 363010.529  159   37 593950.024 363010.529  38.9%   814 4680s
  4143  3597 363010.529  161   41 593950.024 363010.529  38.9%   812 4685s
  4155  3607 363010.529  161   48 593950.024 363010.529  38.9%   810 4690s
  4156  3608 363010.529  161   37 593950.024 363010.529  38.9%   809 4698s
  4161  3611 363010.529  162   37 593950.024 363010.529  38.9%   808 4700s
  4171  3619 363010.529  163   39 593950.024 363010.529  38.9%   807 4714s
  4173  3621 363010.529  161   39 593950.024 363010.529  38.9%   806 4715s
  4183  3631 363010.529  164   33 593950.024 363010.529  38.9%   804 4720s
  4193  3641 363010.529  164   42 593950.024 363010.529  38.9%   803 4725s
  4198  3646 363010.529  163   39 593950.024 363010.529  38.9%   802 4747s
  4203  3651 363010.529  166   55 593950.024 363010.529  38.9%   801 4750s
  4210  3658 363010.529  167   46 593950.024 363010.529  38.9%   800 4762s
  4215  3663 363010.529  166   40 593950.024 363010.529  38.9%   799 4765s
  4226  3674 363010.529  168   48 593950.024 363010.529  38.9%   797 4770s
  4239  3683 363010.529  169   50 593950.024 363010.529  38.9%   795 4775s
  4250  3694 363010.529  170   40 593950.024 363010.529  38.9%   793 4780s
  4261  3705 363010.529  172   37 593950.024 363010.529  38.9%   791 4785s
  4265  3709 363010.529  174   36 593950.024 363010.529  38.9%   790 4792s
  4272  3714 363010.529  173   48 593950.024 363010.529  38.9%   790 4802s
  4278  3720 363010.529  174   46 593950.024 363010.529  38.9%   789 4805s
  4288  3730 363010.529  176   46 593950.024 363010.529  38.9%   788 4810s
  4300  3740 363010.529  177   52 593950.024 363010.529  38.9%   785 4815s
  4310  3750 363010.529  178   62 593950.024 363010.529  38.9%   784 4820s
  4319  3759 363010.529  180   50 593950.024 363010.529  38.9%   782 4830s
  4330  3766 363010.529  180   43 593950.024 363010.529  38.9%   781 4835s
  4343  3773 363010.529  181   39 593950.024 363010.529  38.9%   778 4840s
  4357  3783 363010.529  183   43 593950.024 363010.529  38.9%   776 4845s
  4370  3792 363010.529  185   46 593950.024 363010.529  38.9%   774 4850s
  4373  3793 363010.529  183   31 593950.024 363010.529  38.9%   773 4870s
  4382  3802 363010.529  184   33 593950.024 363010.529  38.9%   772 4875s
  4392  3812 363010.529  189   37 593950.024 363010.529  38.9%   770 4880s
  4402  3820 363010.529  190   39 593950.024 363010.529  38.9%   769 4885s
  4410  3828 363010.529  190   53 593950.024 363010.529  38.9%   768 4890s
  4422  3836 363010.529  191   52 593950.024 363010.529  38.9%   766 4895s
  4428  3840 363010.529  194   51 593950.024 363010.529  38.9%   765 4909s
  4430  3842 363010.529  194   30 593950.024 363010.529  38.9%   766 4910s
  4438  3850 363010.529  195   48 593950.024 363010.529  38.9%   765 4915s
  4450  3860 363010.529  196   48 593950.024 363010.529  38.9%   763 4920s
  4457  3865 363010.529  197   54 593950.024 363010.529  38.9%   762 4945s
  4467  3873 363010.529  200   47 593950.024 363010.529  38.9%   762 4950s
  4474  3880 363010.529  201   45 593950.024 363010.529  38.9%   761 4963s
  4479  3885 363010.529  200   47 593950.024 363010.529  38.9%   760 4965s
  4482  3888 363010.529  199   49 593950.024 363010.529  38.9%   760 4972s
  4487  3893 363010.529  201   45 593950.024 363010.529  38.9%   759 4975s
  4499  3905 363010.529  204   39 593950.024 363010.529  38.9%   757 4980s
  4510  3916 363010.529  202   46 593950.024 363010.529  38.9%   755 4985s
  4521  3927 363010.529  203   46 593950.024 363010.529  38.9%   754 4990s
  4533  3937 363010.529  208   44 593950.024 363010.529  38.9%   752 4995s
  4536  3940 363010.529  206   46 593950.024 363010.529  38.9%   752 5005s
  4545  3949 363010.529  208   47 593950.024 363010.529  38.9%   751 5010s
  4555  3959 363010.529  208   64 593950.024 363010.529  38.9%   749 5015s
  4565  3969 363010.529  212   47 593950.024 363010.529  38.9%   748 5020s
  4575  3979 363010.529  210   48 593950.024 363010.529  38.9%   746 5030s
  4586  3990 363010.529  215   48 593950.024 363010.529  38.9%   745 5035s
  4590  3992 363010.529  213   54 593950.024 363010.529  38.9%   744 5047s
  4595  3997 363010.529  217   41 593950.024 363010.529  38.9%   743 5050s
  4604  4006 363010.529  214   58 593950.024 363010.529  38.9%   742 5055s
  4616  4018 363010.529  219   47 593950.024 363010.529  38.9%   740 5060s
  4627  4029 363010.529  220   53 593950.024 363010.529  38.9%   739 5065s
  4637  4039 363010.529  222   44 593950.024 363010.529  38.9%   738 5070s
  4644  4046 363010.529  223   48 593950.024 363010.529  38.9%   737 5077s
  4649  4051 363010.529  220   39 593950.024 363010.529  38.9%   736 5080s
  4658  4060 363010.529  221   44 593950.024 363010.529  38.9%   735 5085s
  4668  4070 363010.529  223   45 593950.024 363010.529  38.9%   734 5090s
  4671  4073 363010.529  223   46 593950.024 363010.529  38.9%   733 5097s
  4676  4078 363010.529  225   48 593950.024 363010.529  38.9%   733 5103s
  4679  4081 363010.529  225   48 593950.024 363010.529  38.9%   732 5105s
  4688  4090 363010.529  226   48 593950.024 363010.529  38.9%   731 5110s
  4702  4100 363010.529  228   48 593950.024 363010.529  38.9%   729 5115s
  4712  4110 363010.529  227   51 593950.024 363010.529  38.9%   728 5120s
  4722  4120 363010.529  230   42 593950.024 363010.529  38.9%   727 5125s
  4725  4123 363010.529  227   55 593950.024 363010.529  38.9%   726 5133s
  4729  4125 363010.529  226   38 593950.024 363010.529  38.9%   726 5135s
  4739  4135 363010.529  225   47 593950.024 363010.529  38.9%   725 5140s
  4752  4148 363129.784  226   78 593950.024 363010.529  38.9%   723 5145s
  4764  4160 363010.529  225   47 593950.024 363010.529  38.9%   722 5150s
  4777  4170 363010.529  226   43 593950.024 363010.529  38.9%   720 5162s
  4779  4172 363010.529  227   41 593950.024 363010.529  38.9%   720 5174s
  4781  4174 363010.529  228   43 593950.024 363010.529  38.9%   719 5175s
  4784  4177 363010.529  231   38 593950.024 363010.529  38.9%   719 5191s
  4793  4184 363048.314  235   97 593950.024 363010.529  38.9%   718 5195s
  4804  4195 363010.529  223   44 593950.024 363010.529  38.9%   717 5200s
  4807  4196 363010.529  222   41 593950.024 363010.529  38.9%   717 5207s
  4815  4204 363010.529  222   37 593950.024 363010.529  38.9%   716 5210s
  4825  4212 363010.529  223   51 593950.024 363010.529  38.9%   714 5215s
  4837  4224 363010.529  224   34 593950.024 363010.529  38.9%   713 5220s
  4850  4235 363010.529  238   42 593950.024 363010.529  38.9%   711 5225s
  4861  4246 363010.529  221   59 593950.024 363010.529  38.9%   710 5238s
  4865  4250 363010.529  225   48 593950.024 363010.529  38.9%   710 5240s
  4875  4260 363010.529  221   34 593950.024 363010.529  38.9%   708 5245s
  4878  4263 363010.529  228   51 593950.024 363010.529  38.9%   708 5252s
  4883  4268 363010.529  220   52 593950.024 363010.529  38.9%   708 5255s
  4895  4278 363010.529  221   53 593950.024 363010.529  38.9%   706 5260s
  4906  4289 363010.529  219   43 593950.024 363010.529  38.9%   705 5265s
  4915  4298 363010.529  219   41 593950.024 363010.529  38.9%   704 5280s
  4923  4306 363010.529  217   56 593950.024 363010.529  38.9%   703 5285s
  4934  4317 363010.529  229   58 593950.024 363010.529  38.9%   702 5290s
  4942  4325 363010.529  218   79 593950.024 363010.529  38.9%   701 5323s
  4944  4327 363010.529  219   51 593950.024 363010.529  38.9%   701 5325s
  4955  4336 363010.529  212   78 593950.024 363010.529  38.9%   700 5330s
  4963  4344 363010.529  216   80 593950.024 363010.529  38.9%   700 5335s
  4969  4350 363010.529  214   35 593950.024 363010.529  38.9%   700 5345s
  4979  4360 363010.529  215   91 593950.024 363010.529  38.9%   700 5360s
  4987  4368 363010.529  215   82 593950.024 363010.529  38.9%   701 5365s
  4996  4377 363010.529  219   43 593950.024 363010.529  38.9%   700 5370s
  5006  4387 363010.529  211   77 593950.024 363010.529  38.9%   699 5375s
  5014  4393 363010.529  212   78 593950.024 363010.529  38.9%   699 5380s
  5023  4402 363010.529  216   39 593950.024 363010.529  38.9%   700 5390s
  5030  4409 363010.529  214   29 593950.024 363010.529  38.9%   702 5396s
  5039  4418 363010.529  212   83 593950.024 363010.529  38.9%   701 5400s
  5049  4428 363010.529  209   84 593950.024 363010.529  38.9%   700 5405s
  5058  4437 363010.529  208   78 593950.024 363010.529  38.9%   700 5410s
  5069  4448 363010.529  211   64 593950.024 363010.529  38.9%   699 5415s
  5078  4454 363010.529  218   36 593950.024 363010.529  38.9%   699 5423s
  5080  4454 363010.529  219   72 593950.024 363010.529  38.9%   698 5433s
  5084  4458 363010.529  211   87 593950.024 363010.529  38.9%   698 5435s
  5096  4466 367902.270  217   73 593950.024 363010.529  38.9%   698 5440s
  5107  4473 363010.529  212   62 593950.024 363010.529  38.9%   698 5445s
  5118  4484 363010.529  210   96 593950.024 363010.529  38.9%   697 5450s
  5128  4494 363010.529  207   52 593950.024 363010.529  38.9%   696 5455s
  5133  4499 363010.529  214   56 593950.024 363010.529  38.9%   696 5462s
  5139  4505 363010.529  217   63 593950.024 363010.529  38.9%   695 5465s
  5149  4515 363010.529  222   54 593950.024 363010.529  38.9%   694 5470s
  5160  4526 363010.529  208   78 593950.024 363010.529  38.9%   694 5475s
  5170  4534 363010.529  204   38 593950.024 363010.529  38.9%   695 5480s
  5180  4544 363010.529  207   46 593950.024 363010.529  38.9%   694 5485s
  5181  4545 363010.529  210   40 593950.024 363010.529  38.9%   694 5490s
  5187  4549 363066.307  213   93 593950.024 363010.529  38.9%   694 5501s
  5192  4554 363010.529  205   34 593950.024 363010.529  38.9%   694 5505s
  5203  4563 363010.529  211   51 593950.024 363010.529  38.9%   694 5510s
  5214  4574 363010.529  206   74 593950.024 363010.529  38.9%   694 5515s
  5226  4584 363010.529  210   94 593950.024 363010.529  38.9%   693 5520s
  5236  4592 363010.529  201   83 593950.024 363010.529  38.9%   694 5525s
  5241  4597 363010.529  217   67 593950.024 363010.529  38.9%   694 5537s
  5246  4602 363010.529  207   67 593950.024 363010.529  38.9%   694 5540s
  5255  4611 363010.529  208   73 593950.024 363010.529  38.9%   695 5545s
  5265  4619 363010.529  208   49 593950.024 363010.529  38.9%   695 5550s
  5275  4629 363010.529  213   45 593950.024 363010.529  38.9%   694 5555s
  5282  4636 363010.529  201   86 593950.024 363010.529  38.9%   693 5566s
  5290  4644 363010.529  201   81 593950.024 363010.529  38.9%   693 5570s
  5295  4647 363010.529  205   30 593950.024 363010.529  38.9%   694 5579s
  5296  4648 363010.529  203   75 593950.024 363010.529  38.9%   694 5580s
  5307  4659 363010.529  201   83 593950.024 363010.529  38.9%   694 5585s
  5309  4661 363010.529  202   57 593950.024 363010.529  38.9%   693 5601s
  5318  4668 363010.529  200   49 593950.024 363010.529  38.9%   693 5605s
  5329  4679 363010.529  207   57 593950.024 363010.529  38.9%   693 5610s
  5339  4689 363010.529  200   88 593950.024 363010.529  38.9%   692 5615s
  5349  4695 363010.529  203   58 593950.024 363010.529  38.9%   691 5629s
  5351  4697 363010.529  204   39 593950.024 363010.529  38.9%   692 5630s
  5362  4706 363010.529  202   66 593950.024 363010.529  38.9%   691 5635s
  5373  4717 363010.529  209   57 593950.024 363010.529  38.9%   690 5640s
  5383  4727 363010.529  214   94 593950.024 363010.529  38.9%   690 5657s
  5388  4732 363010.529  200   61 593950.024 363010.529  38.9%   689 5660s
  5398  4742 363010.529  202   74 593950.024 363010.529  38.9%   688 5665s
  5403  4745 363010.529  199   60 593950.024 363010.529  38.9%   689 5677s
  5410  4752 363010.529  199   67 593950.024 363010.529  38.9%   688 5680s
  5420  4762 363010.529  198   91 593950.024 363010.529  38.9%   688 5685s
  5432  4772 363010.529  202   77 593950.024 363010.529  38.9%   686 5690s
  5441  4781 363010.529  198   58 593950.024 363010.529  38.9%   686 5695s
  5452  4790 367705.567  203   61 593950.024 363010.529  38.9%   686 5700s
  5457  4793 363010.529  198   44 593950.024 363010.529  38.9%   686 5708s
  5461  4797 363010.529  200   49 593950.024 363010.529  38.9%   685 5710s
  5462  4798 363010.529  201   50 593950.024 363010.529  38.9%   685 5727s
  5470  4803 363010.529  204   63 593950.024 363010.529  38.9%   685 5730s
  5480  4813 363010.529  209   64 593950.024 363010.529  38.9%   684 5735s
  5484  4815 363010.529  211   60 593950.024 363010.529  38.9%   683 5743s
  5489  4820 363010.529  197   91 593950.024 363010.529  38.9%   683 5745s
  5499  4830 363010.529  193   64 593950.024 363010.529  38.9%   682 5750s
  5511  4838 363010.529  192   96 593950.024 363010.529  38.9%   681 5764s
  5513  4840 363010.529  192   79 593950.024 363010.529  38.9%   681 5765s
  5524  4849 363010.529  194   73 593950.024 363010.529  38.9%   681 5770s
  5535  4858 363010.529  199   57 593950.024 363010.529  38.9%   680 5775s
  5546  4869 363010.529  205   73 593950.024 363010.529  38.9%   679 5780s
  5557  4878 363010.529  192   82 593950.024 363010.529  38.9%   679 5785s
  5565  4884 363010.529  194   37 593950.024 363010.529  38.9%   679 5795s
  5574  4891 363010.529  193   88 593950.024 363010.529  38.9%   680 5800s
  5585  4896 363010.529  195   76 593950.024 363010.529  38.9%   680 5810s
  5596  4907 363010.529  201   49 593950.024 363010.529  38.9%   678 5815s
  5611  4918 363010.529  191   88 593950.024 363010.529  38.9%   677 5820s
  5619  4926 363010.529  193   87 593950.024 363010.529  38.9%   676 5832s
  5624  4931 363010.529  214   70 593950.024 363010.529  38.9%   676 5835s
  5636  4941 363010.529  193   67 593950.024 363010.529  38.9%   676 5840s
  5646  4949 363010.529  191   89 593950.024 363010.529  38.9%   675 5862s
  5652  4955 363010.529  194   39 593950.024 363010.529  38.9%   675 5865s
  5663  4964 363010.529  189   59 593950.024 363010.529  38.9%   675 5870s
  5673  4974 363010.529  186   73 593950.024 363010.529  38.9%   674 5880s
  5684  4983 363010.529  185   60 593950.024 363010.529  38.9%   674 5885s
  5686  4985 363010.529  186   59 593950.024 363010.529  38.9%   674 5893s
  5691  4990 363010.529  187   74 593950.024 363010.529  38.9%   673 5895s
  5700  4999 363010.529  187   65 593950.024 363010.529  38.9%   673 5907s
  5708  5003 363010.529  193   70 593950.024 363010.529  38.9%   672 5910s
  5720  5011 363010.529  187   50 593950.024 363010.529  38.9%   672 5915s
  5733  5022 363010.529  189   77 593950.024 363010.529  38.9%   671 5920s
  5743  5032 363010.529  189   74 593950.024 363010.529  38.9%   670 5925s
  5753  5040 363010.529  194   47 593950.024 363010.529  38.9%   669 5930s
  5754  5041 363010.529  194   44 593950.024 363010.529  38.9%   669 5938s
  5758  5045 363010.529  196   43 593950.024 363010.529  38.9%   669 5940s
  5769  5056 363010.529  190   68 593950.024 363010.529  38.9%   668 5945s
  5782  5065 363010.529  190   55 593950.024 363010.529  38.9%   667 5950s
  5787  5070 363010.529  185   88 593950.024 363010.529  38.9%   666 5961s
  5796  5079 363010.529  197   34 593950.024 363010.529  38.9%   666 5965s
  5807  5090 363010.529  185   84 593950.024 363010.529  38.9%   664 5970s
  5809  5092 363010.529  186   70 593950.024 363010.529  38.9%   664 5977s
  5816  5097 363010.529  189   59 593950.024 363010.529  38.9%   664 5980s
  5827  5106 363010.529  185   98 593950.024 363010.529  38.9%   663 5985s
  5835  5114 363010.529  184   37 593950.024 363010.529  38.9%   665 5990s
  5844  5121 363010.529  188   54 593950.024 363010.529  38.9%   665 5995s
  5852  5129 363010.529  185   44 593950.024 363010.529  38.9%   665 6000s
  5858  5133 371195.361  183   59 593950.024 363010.529  38.9%   666 6006s
  5863  5138 363010.529  180   87 593950.024 363010.529  38.9%   665 6018s
  5867  5142 363010.529  181   80 593950.024 363010.529  38.9%   665 6020s
  5879  5152 363010.529  179   93 593950.024 363010.529  38.9%   665 6025s
  5888  5161 363010.529  184   41 593950.024 363010.529  38.9%   664 6039s
  5889  5162 363010.529  178   61 593950.024 363010.529  38.9%   664 6052s
  5894  5167 363010.529  181   75 593950.024 363010.529  38.9%   664 6055s
  5905  5174 363010.529  177   70 593950.024 363010.529  38.9%   663 6060s
  5915  5184 363010.529  175   89 593950.024 363010.529  38.9%   663 6065s
  5917  5184 363010.529  175   81 593950.024 363010.529  38.9%   663 6072s
  5921  5188 363010.529  175   50 593950.024 363010.529  38.9%   662 6075s
  5931  5198 363010.529  176   70 593950.024 363010.529  38.9%   662 6080s
  5940  5207 363010.529  174   41 593950.024 363010.529  38.9%   662 6085s
  5946  5213 363010.529  177   40 593950.024 363010.529  38.9%   664 6090s
  5953  5220 363010.529  174   33 593950.024 363010.529  38.9%   665 6095s
  5962  5227 363010.529  173   68 593950.024 363010.529  38.9%   665 6100s
  5971  5236 363010.529  172   78 593950.024 363010.529  38.9%   665 6115s
  5982  5245 363010.529  172   68 593950.024 363010.529  38.9%   665 6120s
  5989  5252 363010.529  172   64 593950.024 363010.529  38.9%   664 6131s
  5995  5258 363010.529  171   83 593950.024 363010.529  38.9%   664 6135s
  6004  5265 363010.529  175   52 593950.024 363010.529  38.9%   664 6140s
  6013  5274 363010.529  169   63 593950.024 363010.529  38.9%   663 6145s
  6016  5277 363010.529  170   70 593950.024 363010.529  38.9%   663 6182s
  6021  5282 363010.529  169   83 593950.024 363010.529  38.9%   663 6185s
  6025  5286 363010.529  167   74 593950.024 363010.529  38.9%   663 6195s
  6034  5295 363010.529  169   72 593950.024 363010.529  38.9%   662 6200s
  6044  5303 363010.529  170   81 593950.024 363010.529  38.9%   662 6205s
  6053  5310 363010.529  164   42 593950.024 363010.529  38.9%   663 6210s
  6062  5319 363010.529  167   77 593950.024 363010.529  38.9%   663 6215s
  6069  5326 363010.529  166   59 593950.024 363010.529  38.9%   664 6220s
  6077  5334 363010.529  165   66 593950.024 363010.529  38.9%   665 6225s
  6079  5336 363010.529  165   69 593950.024 363010.529  38.9%   665 6233s
  6083  5340 363010.529  164   36 593950.024 363010.529  38.9%   665 6235s
  6090  5347 363010.529  165   44 593950.024 363010.529  38.9%   665 6248s
  6093  5350 363010.529  164   32 593950.024 363010.529  38.9%   666 6250s
  6102  5359 363010.529  171   54 593950.024 363010.529  38.9%   666 6255s
  6114  5371 363010.529  177   51 593950.024 363010.529  38.9%   665 6260s
  6123  5380 363010.529  162   77 593950.024 363010.529  38.9%   665 6265s
  6132  5389 363010.529  163   70 593950.024 363010.529  38.9%   665 6270s
  6133  5390 363010.529  162   94 593950.024 363010.529  38.9%   665 6275s
  6142  5399 363010.529  162   83 593950.024 363010.529  38.9%   665 6280s
  6151  5408 363010.529  161   51 593950.024 363010.529  38.9%   665 6285s
  6161  5418 363010.529  157   57 593950.024 363010.529  38.9%   664 6290s
  6172  5429 363010.529  159   75 593950.024 363010.529  38.9%   663 6295s
  6182  5439 363010.529  161   65 593950.024 363010.529  38.9%   662 6300s
  6187  5444 363010.529  157   72 593950.024 363010.529  38.9%   662 6306s
  6191  5446 363010.529  156   44 593950.024 363010.529  38.9%   662 6316s
  6200  5455 363010.529  155   54 593950.024 363010.529  38.9%   662 6320s
  6209  5464 363010.529  156   61 593950.024 363010.529  38.9%   662 6325s
  6217  5472 363010.529  155   72 593950.024 363010.529  38.9%   662 6330s
  6225  5480 363010.529  154   85 593950.024 363010.529  38.9%   664 6335s
  6236  5489 363010.529  154   59 593950.024 363010.529  38.9%   663 6340s
  6241  5494 363010.529  152   65 593950.024 363010.529  38.9%   665 6349s
  6243  5496 363010.529  152   80 593950.024 363010.529  38.9%   665 6350s
  6253  5504 363010.529  152   58 593950.024 363010.529  38.9%   664 6355s
  6262  5513 363010.529  153   45 593950.024 363010.529  38.9%   665 6360s
  6268  5519 363010.529  149   78 593950.024 363010.529  38.9%   665 6371s
  6274  5523 363010.529  150   58 593950.024 363010.529  38.9%   665 6375s
  6282  5531 366250.832  149   76 593950.024 363010.529  38.9%   667 6380s
  6291  5540 363010.529  148   46 593950.024 363010.529  38.9%   667 6385s
H 6292  5533                    442539.02400 363010.529  18.0%   667 6391s
  6295  5537 377066.112  149   62 442539.024 363010.529  18.0%   668 6395s
  6303  5541 363010.529  148   79 442539.024 363010.529  18.0%   669 6400s
  6312  5548 366250.832  147   83 442539.024 363010.529  18.0%   671 6405s
  6321  5555 363010.529  146   67 442539.024 363010.529  18.0%   671 6410s
  6327  5559 363010.529  146   33 442539.024 363010.529  18.0%   672 6415s
  6335  5566 363010.529  145   51 442539.024 363010.529  18.0%   673 6420s
  6342  5572 363010.529  144   49 442539.024 363010.529  18.0%   674 6425s
  6349  5577 366250.832  144   63 442539.024 363010.529  18.0%   677 6430s
  6355  5582 363010.529  142   82 442539.024 363010.529  18.0%   678 6435s
  6362  5588 363010.529  142   84 442539.024 363010.529  18.0%   680 6440s
  6369  5595 363010.529  141   64 442539.024 363010.529  18.0%   681 6445s
  6376  5600 377110.267  142   72 442539.024 363010.529  18.0%   682 6456s
  6380  5603 366325.322  139   94 442539.024 363010.529  18.0%   683 6460s
  6388  5610 366250.832  140   64 442539.024 363010.529  18.0%   685 6465s
  6393  5613 366250.832  140   64 442539.024 363010.529  18.0%   685 6470s
  6395  5614 366254.532  137   64 442539.024 363010.529  18.0%   685 6492s
  6400  5615 366254.532  137   81 442539.024 363010.529  18.0%   687 6495s
  6406  5617 363010.529  138   60 442539.024 363010.529  18.0%   688 6500s
  6413  5619 366325.322  137   62 442539.024 363010.529  18.0%   689 6505s
  6418  5619 366250.832  137   65 442539.024 363010.529  18.0%   692 6510s
  6424  5619 366254.532  136   80 442539.024 363010.529  18.0%   694 6515s
  6430  5621 366250.832  135   61 442539.024 363010.529  18.0%   695 6523s
  6432  5621 366321.622  136   67 442539.024 363010.529  18.0%   696 6525s
  6437  5622 366333.196  135   81 442539.024 363010.529  18.0%   697 6530s
  6444  5624 363010.529  133   60 442539.024 363010.529  18.0%   700 6535s
  6450  5625 366254.532  133   76 442539.024 363010.529  18.0%   701 6540s
  6456  5626 366254.532  132   76 442539.024 363010.529  18.0%   704 6545s
  6461  5626 366250.832  133   66 442539.024 363010.529  18.0%   705 6550s
  6467  5627 366250.832  133   63 442539.024 363010.529  18.0%   707 6555s
  6473  5628 366250.832  132   66 442539.024 363010.529  18.0%   709 6560s
  6479  5628 366321.622  131   65 442539.024 363010.529  18.0%   711 6565s
  6484  5629 366250.832  131   76 442539.024 363010.529  18.0%   712 6570s
  6491  5629 366250.832  130   63 442539.024 363010.529  18.0%   714 6575s
  6496  5633 366250.832  127   79 442539.024 363010.529  18.0%   714 6581s
  6501  5635 363010.529  126   66 442539.024 363010.529  18.0%   715 6585s
  6508  5639 363010.529  126   63 442539.024 363010.529  18.0%   715 6620s
  6511  5640 363010.529  126   80 442539.024 363010.529  18.0%   716 6628s
  6512  5640 366259.768  126   77 442539.024 363010.529  18.0%   717 6630s
  6517  5643 378543.133  127   53 442539.024 363010.529  18.0%   718 6635s
  6523  5643 378244.922  125   71 442539.024 363010.529  18.0%   721 6640s
  6529  5646 363010.529  125   41 442539.024 363010.529  18.0%   723 6645s
  6534  5647 366489.952  123   73 442539.024 363010.529  18.0%   726 6650s
  6540  5649 366489.952  123   92 442539.024 363010.529  18.0%   727 6655s
  6545  5650 363010.529  122   90 442539.024 363010.529  18.0%   729 6660s
  6551  5653 378543.133  123   62 442539.024 363010.529  18.0%   731 6665s
  6560  5658 363010.529  121   90 442539.024 363010.529  18.0%   731 6670s
  6565  5661 363010.529  121   54 442539.024 363010.529  18.0%   732 6675s
  6571  5664 363010.529  120   33 442539.024 363010.529  18.0%   733 6680s
  6579  5668 363010.529  119   52 442539.024 363010.529  18.0%   735 6685s
  6588  5676 363010.529  119   70 442539.024 363010.529  18.0%   734 6690s
  6594  5680 363010.529  118   63 442539.024 363010.529  18.0%   735 6695s
  6601  5684 363010.529  117   70 442539.024 363010.529  18.0%   737 6700s
  6607  5685 378042.904  116   97 442539.024 363010.529  18.0%   739 6705s
  6612  5687 378401.945  116   49 442539.024 363010.529  18.0%   741 6710s
  6618  5692 363010.529  113   77 442539.024 363010.529  18.0%   742 6715s
  6623  5695 363010.529  111   43 442539.024 363010.529  18.0%   743 6720s
  6630  5699 367555.963  112   67 442539.024 363010.529  18.0%   745 6725s
  6636  5701 363010.529  105   58 442539.024 363010.529  18.0%   746 6731s
  6642  5704 363857.851  104   70 442539.024 363010.529  18.0%   748 6735s
  6646  5708 363010.529  103   56 442539.024 363010.529  18.0%   748 6740s
  6652  5712 367790.651  103   79 442539.024 363010.529  18.0%   749 6745s
  6658  5717 367746.571  102   67 442539.024 363010.529  18.0%   751 6750s
  6662  5720 365777.493  103  114 442539.024 363010.529  18.0%   752 6755s
  6668  5724 363010.529  102   76 442539.024 363010.529  18.0%   754 6760s
  6673  5727 363353.212  102   83 442539.024 363010.529  18.0%   756 6767s
  6677  5731 364848.150  102   83 442539.024 363010.529  18.0%   756 6770s
  6682  5733 363010.529   94   29 442539.024 363010.529  18.0%   758 6775s
  6687  5738 363010.529   95   49 442539.024 363010.529  18.0%   759 6824s
  6688  5739 363010.529   97   50 442539.024 363010.529  18.0%   759 6825s
  6695  5746 363010.529   96   61 442539.024 363010.529  18.0%   759 6831s
  6697  5747 363010.529   93   54 442539.024 363010.529  18.0%   760 6835s
  6700  5750 363010.576   94   62 442539.024 363010.529  18.0%   759 6843s
  6702  5752 363010.529   94   53 442539.024 363010.529  18.0%   759 6845s
  6708  5758 363010.529   93   41 442539.024 363010.529  18.0%   759 6850s
  6715  5764 366120.007   93   74 442539.024 363010.529  18.0%   760 6855s
  6720  5769 363010.529   89   70 442539.024 363010.529  18.0%   761 6860s
  6726  5775 363010.529   93   80 442539.024 363010.529  18.0%   760 6865s
  6732  5781 363010.529   89   58 442539.024 363010.529  18.0%   761 6870s
  6739  5788 363010.529   90   55 442539.024 363010.529  18.0%   762 6875s
  6745  5793 366616.578   89   63 442539.024 363010.529  18.0%   763 6880s
  6751  5799 363010.529   85   45 442539.024 363010.529  18.0%   763 6885s
  6754  5802 363010.529   86   67 442539.024 363010.529  18.0%   763 6896s
  6755  5803 363010.529   87   44 442539.024 363010.529  18.0%   763 6900s
  6758  5806 363010.529   83   63 442539.024 363010.529  18.0%   763 6905s
  6763  5811 366120.007   89   73 442539.024 363010.529  18.0%   764 6910s
  6769  5817 363010.529   86   43 442539.024 363010.529  18.0%   764 6915s
  6778  5826 363010.529   81   66 442539.024 363010.529  18.0%   764 6920s
  6785  5833 363010.529   94   25 442539.024 363010.529  18.0%   764 6925s
  6790  5838 363010.576   81   51 442539.024 363010.529  18.0%   764 6930s
  6796  5844 363010.529   81   69 442539.024 363010.529  18.0%   764 6935s
  6797  5845 363010.529   83   54 442539.024 363010.529  18.0%   764 6943s
  6800  5848 363010.529   83   38 442539.024 363010.529  18.0%   764 6945s
  6808  5856 363010.529   83   44 442539.024 363010.529  18.0%   764 6953s
  6811  5859 363010.529   80   78 442539.024 363010.529  18.0%   764 6955s
  6818  5866 363010.529   93   67 442539.024 363010.529  18.0%   764 6960s
  6824  5872 363010.529   78   65 442539.024 363010.529  18.0%   764 6965s
  6833  5881 363010.529   81   65 442539.024 363010.529  18.0%   764 6970s
  6839  5887 363010.529   79   62 442539.024 363010.529  18.0%   764 6975s
  6847  5895 363010.529   81   53 442539.024 363010.529  18.0%   763 6980s
  6853  5901 363010.529   81   44 442539.024 363010.529  18.0%   763 6985s
  6861  5909 363010.529   81   67 442539.024 363010.529  18.0%   763 6990s
  6862  5910 363010.529   81   50 442539.024 363010.529  18.0%   763 6998s
  6866  5914 363010.529   82   52 442539.024 363010.529  18.0%   763 7000s
  6873  5921 363010.529   82   78 442539.024 363010.529  18.0%   763 7005s
  6880  5928 363010.529   83   67 442539.024 363010.529  18.0%   763 7010s
  6888  5936 363010.529   84   29 442539.024 363010.529  18.0%   764 7015s
  6893  5941 363010.529   86   38 442539.024 363010.529  18.0%   765 7020s
  6898  5946 363010.529   85   29 442539.024 363010.529  18.0%   765 7030s
  6903  5951 363010.529   85   60 442539.024 363010.529  18.0%   765 7035s
  6909  5957 363010.529   86   53 442539.024 363010.529  18.0%   765 7040s
  6916  5964 363010.529   88   54 442539.024 363010.529  18.0%   765 7050s
  6923  5971 363010.529   87   56 442539.024 363010.529  18.0%   765 7055s
  6929  5977 363010.529   88   92 442539.024 363010.529  18.0%   765 7060s
  6936  5984 363010.529   88   55 442539.024 363010.529  18.0%   765 7065s
  6943  5991 363010.529   88   62 442539.024 363010.529  18.0%   765 7070s
  6950  5998 363010.529   89   66 442539.024 363010.529  18.0%   765 7075s
  6957  6004 363366.815   90   82 442539.024 363010.529  18.0%   766 7081s
  6962  6009 363010.529   91   52 442539.024 363010.529  18.0%   766 7085s
  6969  6016 363406.353   91   72 442539.024 363010.529  18.0%   766 7090s
  6970  6017 363010.529   91   55 442539.024 363010.529  18.0%   766 7096s
  6975  6022 363010.529   92   50 442539.024 363010.529  18.0%   766 7100s
  6981  6028 363010.529   92   44 442539.024 363010.529  18.0%   766 7105s
  6987  6034 363010.529   93   55 442539.024 363010.529  18.0%   767 7110s
  6993  6040 363046.156   93   61 442539.024 363010.529  18.0%   768 7115s
  6999  6046 363010.529   95   71 442539.024 363010.529  18.0%   768 7126s
  7004  6051 363010.529   94   32 442539.024 363010.529  18.0%   769 7130s
  7008  6055 363010.529   94   46 442539.024 363010.529  18.0%   770 7135s
  7013  6059 363010.529   95   49 442539.024 363010.529  18.0%   770 7140s
  7018  6064 363010.529   95   50 442539.024 363010.529  18.0%   772 7145s
  7024  6069 363010.529   96   71 442539.024 363010.529  18.0%   772 7156s
  7029  6074 363010.529   98   53 442539.024 363010.529  18.0%   772 7160s
  7035  6080 363010.576   97   46 442539.024 363010.529  18.0%   772 7165s
  7041  6086 363010.529   99   47 442539.024 363010.529  18.0%   773 7170s
  7047  6092 363010.529   98   42 442539.024 363010.529  18.0%   773 7175s
  7053  6098 363010.529  100   54 442539.024 363010.529  18.0%   773 7180s
  7059  6104 363010.576   99   69 442539.024 363010.529  18.0%   774 7186s
  7063  6108 363010.529  101   67 442539.024 363010.529  18.0%   774 7190s
  7072  6117 363010.529  103   61 442539.024 363010.529  18.0%   774 7195s
  7077  6122 363010.576  102   47 442539.024 363010.529  18.0%   774 7200s
  7078  6123 363010.529  102   51 442539.024 363010.529  18.0%   774 7206s
  7083  6128 363010.529  104   55 442539.024 363010.529  18.0%   774 7210s
  7086  6130 365664.117  105   69 442539.024 363010.529  18.0%   775 7217s
  7089  6133 363010.529  103   71 442539.024 363010.529  18.0%   775 7220s
  7094  6136 363010.529  106   38 442539.024 363010.529  18.0%   777 7225s
  7100  6141 363010.529  104   30 442539.024 363010.529  18.0%   778 7240s
  7105  6145 364886.557  106  111 442539.024 363010.529  18.0%   780 7245s
  7110  6149 363010.529  109   48 442539.024 363010.529  18.0%   780 7250s
  7112  6151 363010.529  107   82 442539.024 363010.529  18.0%   781 7265s
  7117  6154 363010.529  108   59 442539.024 363010.529  18.0%   782 7270s
  7123  6156 370309.211  109   74 442539.024 363010.529  18.0%   784 7275s
  7129  6158 366103.328  110   97 442539.024 363010.529  18.0%   785 7280s
  7132  6158 365376.424  110   94 442539.024 363010.529  18.0%   786 7289s
  7133  6159 363474.095  104  109 442539.024 363010.529  18.0%   786 7290s
  7139  6162 365817.431  108   75 442539.024 363010.529  18.0%   788 7295s
  7145  6167 363270.271  106   82 442539.024 363010.529  18.0%   789 7300s
  7151  6173 363010.529  104   41 442539.024 363010.529  18.0%   791 7305s
  7157  6175 364021.716  106  104 442539.024 363010.529  18.0%   792 7310s
  7159  6176 374312.543  107   98 442539.024 363010.529  18.0%   792 7320s
  7166  6181 363010.529  103   65 442539.024 363010.529  18.0%   794 7326s
  7170  6184 363250.043  102   42 442539.024 363010.529  18.0%   795 7330s
  7175  6187 364903.724  105   85 442539.024 363010.529  18.0%   796 7335s
  7181  6190 363419.123  103   63 442539.024 363010.529  18.0%   797 7340s
  7186  6193 363010.529  102   48 442539.024 363010.529  18.0%   798 7345s
  7194  6197 363845.633  104   78 442539.024 363010.529  18.0%   799 7350s
  7195  6198 363010.529  101   57 442539.024 363010.529  18.0%   799 7378s
  7198  6201 363259.862  102   67 442539.024 363010.529  18.0%   800 7380s
  7201  6204 363416.133  102   53 442539.024 363010.529  18.0%   801 7389s
  7203  6206 363010.529  103   68 442539.024 363010.529  18.0%   801 7390s
  7211  6209 365140.922  105   88 442539.024 363010.529  18.0%   802 7395s
  7213  6210 363010.529  101   82 442539.024 363010.529  18.0%   803 7402s
  7217  6212 363074.745  102   75 442539.024 363010.529  18.0%   803 7405s
  7224  6217 363251.317  100   73 442539.024 363010.529  18.0%   805 7410s
  7230  6223 363010.529   98   59 442539.024 363010.529  18.0%   806 7415s
  7238  6231 363114.052  101   77 442539.024 363010.529  18.0%   807 7420s
  7240  6233 363074.550  101   51 442539.024 363010.529  18.0%   807 7428s
  7243  6236 363010.529  100   56 442539.024 363010.529  18.0%   808 7430s
  7249  6242 363295.753   99   64 442539.024 363010.529  18.0%   809 7435s
  7257  6250 363141.332   99   44 442539.024 363010.529  18.0%   810 7440s
  7263  6256 363010.529   96   71 442539.024 363010.529  18.0%   811 7445s
  7271  6263 363010.529   98   56 442539.024 363010.529  18.0%   811 7450s
  7278  6268 366482.931   99   50 442539.024 363010.529  18.0%   812 7455s
  7284  6274 363085.753  104   68 442539.024 363010.529  18.0%   814 7460s
  7291  6281 363282.102  105   47 442539.024 363010.529  18.0%   814 7465s
  7294  6284 363010.529  101   54 442539.024 363010.529  18.0%   813 7473s
  7297  6286 363010.529  106   41 442539.024 363010.529  18.0%   814 7475s
  7302  6290 369454.593  102   70 442539.024 363010.529  18.0%   814 7484s
  7303  6291 363010.576  102   65 442539.024 363010.529  18.0%   814 7485s
  7311  6297 363010.529  107   46 442539.024 363010.529  18.0%   815 7490s
  7318  6304 363010.529  108   52 442539.024 363010.529  18.0%   815 7495s
  7326  6311 363010.529  109   56 442539.024 363010.529  18.0%   815 7500s
  7335  6320 363010.529  109   60 442539.024 363010.529  18.0%   815 7505s
  7345  6329 363010.529  112   59 442539.024 363010.529  18.0%   815 7510s
  7348  6331 363010.529  106   57 442539.024 363010.529  18.0%   815 7519s
  7350  6332 363010.529  111   40 442539.024 363010.529  18.0%   815 7520s
  7358  6340 363010.576  112   79 442539.024 363010.529  18.0%   815 7525s
  7367  6349 363010.529  115   55 442539.024 363010.529  18.0%   815 7530s
  7373  6354 363010.529  114   29 442539.024 363010.529  18.0%   817 7536s
  7379  6359 376418.691  114   96 442539.024 363010.529  18.0%   818 7540s
  7386  6365 373062.699  115   89 442539.024 363010.529  18.0%   818 7545s
  7393  6371 363010.529  117   70 442539.024 363010.529  18.0%   818 7558s
  7395  6373 363010.529  110   57 442539.024 363010.529  18.0%   818 7560s
  7402  6379 363010.529  119   83 442539.024 363010.529  18.0%   818 7572s
  7403  6380 363010.529  118   52 442539.024 363010.529  18.0%   818 7582s
  7408  6384 363010.529  119   83 442539.024 363010.529  18.0%   818 7585s
  7418  6391 363010.529  119   62 442539.024 363010.529  18.0%   819 7590s
  7428  6401 363010.529  121   73 442539.024 363010.529  18.0%   818 7595s
  7437  6410 363010.529  121   67 442539.024 363010.529  18.0%   817 7600s
  7444  6417 363010.529  123   72 442539.024 363010.529  18.0%   817 7605s
  7454  6427 363010.529  124   28 442539.024 363010.529  18.0%   817 7632s
  7456  6429 363010.529  124   30 442539.024 363010.529  18.0%   818 7639s
  7457  6430 363010.529  124   27 442539.024 363010.529  18.0%   819 7640s
  7466  6438 373757.091  125  101 442539.024 363010.529  18.0%   819 7645s
  7478  6448 363010.529  126   50 442539.024 363010.529  18.0%   819 7650s
  7483  6453 363010.529  126   58 442539.024 363010.529  18.0%   819 7656s
  7490  6460 363010.529  127   54 442539.024 363010.529  18.0%   818 7660s
  7502  6472 363010.529  129   56 442539.024 363010.529  18.0%   817 7665s
  7504  6474 363010.529  129   62 442539.024 363010.529  18.0%   817 7674s
  7505  6475 363010.529  128   53 442539.024 363010.529  18.0%   817 7675s
  7510  6479 368663.779  128  121 442539.024 363010.529  18.0%   817 7680s
  7521  6489 363010.529  131   46 442539.024 363010.529  18.0%   816 7685s
  7535  6503 363010.529  131   34 442539.024 363010.529  18.0%   815 7690s
  7537  6505 363010.529  132   31 442539.024 363010.529  18.0%   814 7696s
  7543  6510 363010.529  135   30 442539.024 363010.529  18.0%   815 7700s
  7553  6520 363010.529  134   21 442539.024 363010.529  18.0%   815 7705s
  7559  6522 363010.529  133   64 442539.024 363010.529  18.0%   818 7710s
  7564  6523 363010.529  133   49 442539.024 363010.529  18.0%   821 7720s
  7569  6523 366095.918  134   82 442539.024 363010.529  18.0%   824 7725s
  7575  6524 375888.007  134  104 442539.024 363010.529  18.0%   827 7730s
  7584  6530 363010.529  133   66 442539.024 363010.529  18.0%   828 7735s
  7590  6531 366045.598  134   90 442539.024 363010.529  18.0%   831 7740s
  7595  6531 366104.952  137   83 442539.024 363010.529  18.0%   834 7745s
  7601  6533 363010.529  132   33 442539.024 363010.529  18.0%   836 7750s
  7605  6537 363010.529  130   58 442539.024 363010.529  18.0%   835 7755s
  7611  6537 375878.531  134  138 442539.024 363010.529  18.0%   839 7760s
  7617  6537 366026.102  133   84 442539.024 363010.529  18.0%   842 7765s
  7618  6538 363010.529  131   50 442539.024 363010.529  18.0%   842 7773s
  7621  6541 363010.529  132   54 442539.024 363010.529  18.0%   842 7775s
  7627  6543 375934.326  132  122 442539.024 363010.529  18.0%   844 7780s
  7631  6543 375912.769  133  140 442539.024 363010.529  18.0%   847 7785s
  7638  6546 363010.529  130   57 442539.024 363010.529  18.0%   850 7790s
  7645  6549 376017.127  131  117 442539.024 363010.529  18.0%   852 7795s
  7649  6549 375898.722  132  102 442539.024 363010.529  18.0%   854 7800s
  7650  6549 365991.819  131   75 442539.024 363010.529  18.0%   855 7850s
  7657  6553 363010.529  131   58 442539.024 363010.529  18.0%   856 7855s
  7664  6555 366011.554  132  103 442539.024 363010.529  18.0%   859 7860s
  7669  6555 375865.678  130  108 442539.024 363010.529  18.0%   862 7865s
  7672  6556 363010.529  130   53 442539.024 363010.529  18.0%   863 7870s
  7680  6561 365991.819  130   89 442539.024 363010.529  18.0%   864 7875s
  7686  6561 375912.769  129  105 442539.024 363010.529  18.0%   868 7880s
  7693  6565 363010.529  128   50 442539.024 363010.529  18.0%   869 7885s
  7699  6567 375878.531  130   96 442539.024 363010.529  18.0%   870 7894s
  7700  6567 366011.554  131   80 442539.024 363010.529  18.0%   871 7895s
  7706  6568 366011.554  129  102 442539.024 363010.529  18.0%   875 7905s
  7715  6574 375869.147  130  112 442539.024 363010.529  18.0%   876 7910s
  7721  6574 375878.531  129  122 442539.024 363010.529  18.0%   879 7915s
  7726  6575 363010.529  128   50 442539.024 363010.529  18.0%   881 7924s
  7727  6576 363010.529  128   47 442539.024 363010.529  18.0%   881 7925s
  7735  6581 375850.575  129  104 442539.024 363010.529  18.0%   883 7930s
  7740  6581 366011.554  127   92 442539.024 363010.529  18.0%   885 7935s
  7749  6587 363010.529  126   47 442539.024 363010.529  18.0%   886 7940s
  7753  6588 375878.531  127  124 442539.024 363010.529  18.0%   888 7947s
  7756  6588 365991.819  128   91 442539.024 363010.529  18.0%   890 7950s
  7762  6589 375854.654  127  117 442539.024 363010.529  18.0%   893 7955s
  7770  6595 365999.553  127   88 442539.024 363010.529  18.0%   893 7960s
  7776  6596 363010.529  127   95 442539.024 363010.529  18.0%   895 7965s
  7780  6597 375850.575  127  129 442539.024 363010.529  18.0%   898 7973s
  7783  6597 365227.854  128   80 442539.024 363010.529  18.0%   899 7975s
  7790  6600 363010.529  125   31 442539.024 363010.529  18.0%   900 7980s
  7796  6601 375865.678  127  110 442539.024 363010.529  18.0%   903 7985s
  7801  6604 363010.529  125   37 442539.024 363010.529  18.0%   905 7990s
  7806  6605 365227.854  127  101 442539.024 363010.529  18.0%   908 7995s
  7807  6605 369187.482  127   99 442539.024 363010.529  18.0%   908 8004s
  7808  6605 365227.854  127  110 442539.024 363010.529  18.0%   908 8005s
  7815  6610 369187.482  127  106 442539.024 363010.529  18.0%   909 8010s
  7820  6611 375082.293  126  107 442539.024 363010.529  18.0%   911 8015s
  7826  6612 365230.735  127   78 442539.024 363010.529  18.0%   913 8020s
  7832  6616 363010.529  123   65 442539.024 363010.529  18.0%   915 8025s
  7835  6619 363010.529  124   28 442539.024 363010.529  18.0%   915 8031s
  7839  6619 375854.132  124  111 442539.024 363010.529  18.0%   917 8035s
  7844  6621 365968.332  124   86 442539.024 363010.529  18.0%   920 8040s
  7850  6622 365227.854  126   77 442539.024 363010.529  18.0%   922 8045s
  7857  6626 363010.529  122   67 442539.024 363010.529  18.0%   923 8050s
  7861  6629 375873.098  125  104 442539.024 363010.529  18.0%   924 8056s
  7865  6630 375220.809  123  111 442539.024 363010.529  18.0%   925 8060s
  7869  6633 375131.758  124  123 442539.024 363010.529  18.0%   928 8065s
  7875  6633 365227.854  125   98 442539.024 363010.529  18.0%   930 8071s
  7881  6637 363010.529  124   36 442539.024 363010.529  18.0%   931 8075s
  7886  6638 375079.926  122  111 442539.024 363010.529  18.0%   934 8080s
  7888  6638 365227.854  125   89 442539.024 363010.529  18.0%   934 8090s
  7894  6642 363010.529  122   71 442539.024 363010.529  18.0%   935 8107s
  7897  6644 363010.529  123   85 442539.024 363010.529  18.0%   935 8110s
  7903  6647 363010.529  122   92 442539.024 363010.529  18.0%   937 8115s
  7908  6648 365227.854  124  105 442539.024 363010.529  18.0%   939 8125s
  7917  6655 375075.055  122  117 442539.024 363010.529  18.0%   940 8130s
  7922  6658 363010.529  122   74 442539.024 363010.529  18.0%   942 8135s
  7928  6659 363010.529  122   70 442539.024 363010.529  18.0%   943 8141s
  7933  6660 365227.854  123  108 442539.024 363010.529  18.0%   945 8145s
  7940  6666 363010.529  122   67 442539.024 363010.529  18.0%   946 8150s
  7942  6666 365849.676  121   90 442539.024 363010.529  18.0%   947 8156s
  7946  6668 369100.978  123  100 442539.024 363010.529  18.0%   948 8160s
  7954  6672 365853.102  122   84 442539.024 363010.529  18.0%   950 8165s
  7959  6675 363010.529  119   51 442539.024 363010.529  18.0%   951 8170s
  7965  6677 375862.610  120  120 442539.024 363010.529  18.0%   954 8175s
  7969  6680 363010.529  118   40 442539.024 363010.529  18.0%   954 8183s
  7972  6683 363010.529  119   64 442539.024 363010.529  18.0%   954 8185s
  7976  6685 363010.529  120   81 442539.024 363010.529  18.0%   955 8190s
  7982  6688 363010.529  120   50 442539.024 363010.529  18.0%   957 8195s
  7988  6691 363010.529  121   75 442539.024 363010.529  18.0%   958 8200s
  7998  6700 376582.054  123  113 442539.024 363010.529  18.0%   957 8205s
  8005  6705 363010.529  122   56 442539.024 363010.529  18.0%   958 8210s
  8008  6708 363010.529  123   54 442539.024 363010.529  18.0%   957 8228s
  8009  6708 376581.367  123  108 442539.024 363010.529  18.0%   958 8235s
  8015  6711 376581.367  123  134 442539.024 363010.529  18.0%   960 8240s
  8021  6715 363010.576  124   84 442539.024 363010.529  18.0%   961 8245s
  8024  6715 376463.626  123  131 442539.024 363010.529  18.0%   963 8250s
  8028  6719 363010.576  125   66 442539.024 363010.529  18.0%   964 8255s
  8034  6723 369764.072  116   66 442539.024 363010.529  18.0%   964 8260s
  8040  6727 363010.529  117   63 442539.024 363010.529  18.0%   966 8265s
  8047  6729 363254.728  113   80 442539.024 363010.529  18.0%   967 8271s
  8050  6731 363010.529  116   53 442539.024 363010.529  18.0%   968 8281s
  8055  6735 363010.529  117   70 442539.024 363010.529  18.0%   968 8285s
  8061  6739 370900.647  118  104 442539.024 363010.529  18.0%   970 8290s
  8067  6743 363010.529  120   60 442539.024 363010.529  18.0%   971 8295s
  8073  6746 363010.576  121   65 442539.024 363010.529  18.0%   973 8316s
  8079  6751 363010.529  117   60 442539.024 363010.529  18.0%   973 8320s
  8086  6758 363010.529  116   79 442539.024 363010.529  18.0%   975 8326s
  8092  6762 363010.529  117   65 442539.024 363010.529  18.0%   975 8330s
  8100  6767 367754.514  118   85 442539.024 363010.529  18.0%   976 8335s
  8104  6769 368432.642  118   75 442539.024 363010.529  18.0%   976 8344s
  8105  6770 363010.529  118   52 442539.024 363010.529  18.0%   976 8345s
  8110  6774 363010.529  120   45 442539.024 363010.529  18.0%   976 8354s
  8112  6775 363010.529  119   48 442539.024 363010.529  18.0%   976 8355s
  8121  6783 363010.529  119   63 442539.024 363010.529  18.0%   976 8360s
  8130  6792 363010.529  121   52 442539.024 363010.529  18.0%   976 8365s
  8139  6800 363010.529  121   70 442539.024 363010.529  18.0%   975 8370s
  8148  6807 363010.529  122   77 442539.024 363010.529  18.0%   975 8375s
  8154  6813 363010.529  124   21 442539.024 363010.529  18.0%   975 8380s
  8158  6817 363010.529  126   22 442539.024 363010.529  18.0%   975 8387s
  8162  6821 363010.529  128   26 442539.024 363010.529  18.0%   975 8390s
  8166  6823 363010.529  124   27 442539.024 363010.529  18.0%   977 8399s
  8167  6824 363010.529  124   21 442539.024 363010.529  18.0%   977 8400s
  8176  6833 363010.529  130   40 442539.024 363010.529  18.0%   976 8405s
  8184  6841 363010.529  126   57 442539.024 363010.529  18.0%   976 8410s
  8185  6842 363010.529  130   59 442539.024 363010.529  18.0%   976 8418s
  8187  6844 363010.529  131   42 442539.024 363010.529  18.0%   975 8420s
  8197  6853 363010.529  127   45 442539.024 363010.529  18.0%   975 8425s
  8205  6858 368188.042  128   97 442539.024 363010.529  18.0%   975 8445s
  8211  6858 367971.863  128  102 442539.024 363010.529  18.0%   977 8459s
  8212  6858 368109.080  129  143 442539.024 363010.529  18.0%   978 8460s
  8217  6858 367814.806  133  148 442539.024 363010.529  18.0%   980 8465s
  8226  6865 367777.357  132  138 442539.024 363010.529  18.0%   980 8470s
  8232  6865 367814.806  134  134 442539.024 363010.529  18.0%   983 8475s
  8238  6865 366677.345  132  105 442539.024 363010.529  18.0%   984 8480s
  8242  6868 363010.529  132   49 442539.024 363010.529  18.0%   984 8485s
  8248  6871 366677.345  132  113 442539.024 363010.529  18.0%   985 8490s
  8254  6871 366677.345  133  127 442539.024 363010.529  18.0%   988 8495s
  8259  6872 363010.529  127   55 442539.024 363010.529  18.0%   990 8500s
  8266  6878 368083.858  128   99 442539.024 363010.529  18.0%   990 8506s
  8271  6878 368166.076  127   97 442539.024 363010.529  18.0%   992 8510s
  8276  6878 366677.345  130  109 442539.024 363010.529  18.0%   994 8515s
  8284  6883 363010.529  126   40 442539.024 363010.529  18.0%   994 8520s
  8291  6885 366677.345  130  122 442539.024 363010.529  18.0%   996 8525s
  8294  6885 368038.771  127   91 442539.024 363010.529  18.0%   997 8530s
  8300  6886 367777.723  131  139 442539.024 363010.529  18.0%  1000 8535s
  8308  6893 367765.347  127  145 442539.024 363010.529  18.0%  1000 8540s
  8312  6893 367777.723  130  139 442539.024 363010.529  18.0%  1001 8549s
  8313  6893 366677.345  130   98 442539.024 363010.529  18.0%  1001 8550s
  8319  6893 366848.845  127  124 442539.024 363010.529  18.0%  1004 8565s
  8320  6893 366513.956  125  114 442539.024 363010.529  18.0%  1004 8570s
  8327  6899 363010.529  123   69 442539.024 363010.529  18.0%  1004 8575s
  8333  6900 366677.345  125  107 442539.024 363010.529  18.0%  1005 8580s
  8339  6900 366499.842  124  109 442539.024 363010.529  18.0%  1008 8585s
  8345  6902 377919.767  124   74 442539.024 363010.529  18.0%  1009 8590s
  8347  6904 363010.529  122   64 442539.024 363010.529  18.0%  1009 8601s
  8351  6907 366844.089  125  122 442539.024 363010.529  18.0%  1010 8605s
  8355  6907 367994.208  125   79 442539.024 363010.529  18.0%  1011 8610s
  8361  6907 366679.023  123  110 442539.024 363010.529  18.0%  1013 8615s
  8367  6913 363010.529  122   68 442539.024 363010.529  18.0%  1013 8620s
  8373  6913 366685.457  123  111 442539.024 363010.529  18.0%  1015 8625s
  8374  6913 368163.522  124   79 442539.024 363010.529  18.0%  1015 8669s
  8375  6913 367146.488  124   73 442539.024 363010.529  18.0%  1015 8670s
  8382  6916 363010.529  120   60 442539.024 363010.529  18.0%  1017 8675s
  8389  6919 367311.682  121   60 442539.024 363010.529  18.0%  1018 8680s
  8396  6923 377922.563  120  108 442539.024 363010.529  18.0%  1019 8685s
  8401  6924 366513.956  121  114 442539.024 363010.529  18.0%  1020 8693s
  8402  6924 367558.442  121  154 442539.024 363010.529  18.0%  1021 8695s
  8409  6927 363010.529  120   46 442539.024 363010.529  18.0%  1021 8700s
  8413  6930 367011.186  122   69 442539.024 363010.529  18.0%  1023 8710s
  8419  6932 363010.529  120   44 442539.024 363010.529  18.0%  1024 8715s
  8425  6934 365398.954  121   66 442539.024 363010.529  18.0%  1025 8720s
  8429  6935 368388.262  120  119 442539.024 363010.529  18.0%  1026 8725s
  8436  6940 365969.072  115   83 442539.024 363010.529  18.0%  1026 8730s
  8442  6945 365969.072  114   89 442539.024 363010.529  18.0%  1027 8735s
  8449  6947 367485.646  115  114 442539.024 363010.529  18.0%  1028 8740s
  8455  6950 369026.913  118   99 442539.024 363010.529  18.0%  1029 8747s
  8458  6951 368388.262  118  116 442539.024 363010.529  18.0%  1029 8750s
  8465  6954 363010.529  107   54 442539.024 363010.529  18.0%  1031 8755s
  8471  6958 373789.676  108  105 442539.024 363010.529  18.0%  1033 8760s
  8478  6962 378488.231  116   83 442539.024 363010.529  18.0%  1034 8765s
  8482  6963 363010.529  114   45 442539.024 363010.529  18.0%  1035 8775s
  8490  6965 365265.007  115   70 442539.024 363010.529  18.0%  1036 8780s
  8498  6970 363010.529  113   74 442539.024 363010.529  18.0%  1037 8785s
  8503  6975 365217.426  114   87 442539.024 363010.529  18.0%  1038 8790s
  8509  6979 368440.170  114   90 442539.024 363010.529  18.0%  1040 8795s
  8514  6980 368440.379  115   75 442539.024 363010.529  18.0%  1041 8805s
  8522  6982 363024.579  115   97 442539.024 363010.529  18.0%  1043 8810s
  8531  6986 367025.185  112   94 442539.024 363010.529  18.0%  1044 8815s
  8536  6989 363010.529  111   48 442539.024 363010.529  18.0%  1045 8824s
  8539  6991 363010.529  114   48 442539.024 363010.529  18.0%  1045 8825s
  8545  6995 364318.378  112  101 442539.024 363010.529  18.0%  1047 8830s
  8554  7000 363479.415  113   98 442539.024 363010.529  18.0%  1048 8835s
  8564  7002 365392.959  114  111 442539.024 363010.529  18.0%  1049 8840s
  8575  7010 363010.529  112   62 442539.024 363010.529  18.0%  1050 8845s
  8582  7015 363778.778  113  107 442539.024 363010.529  18.0%  1051 8850s
  8590  7019 368434.298  113  103 442539.024 363010.529  18.0%  1052 8857s
  8595  7021 363018.590  114  113 442539.024 363010.529  18.0%  1052 8860s
  8606  7023 363010.529  115   39 442539.024 363010.529  18.0%  1055 8865s
  8613  7028 364270.874  111  124 442539.024 363010.529  18.0%  1055 8887s
  8615  7029 364183.797  111  107 442539.024 363010.529  18.0%  1056 8892s
  8622  7034 363010.529  112   46 442539.024 363010.529  18.0%  1056 8895s
  8632  7036 365877.631  113   73 442539.024 363010.529  18.0%  1058 8900s
  8644  7046 365134.084  112   78 442539.024 363010.529  18.0%  1059 8907s
  8649  7049 363010.529  112   61 442539.024 363010.529  18.0%  1059 8910s
  8660  7054 366948.353  113   86 442539.024 363010.529  18.0%  1061 8915s
  8670  7058 368442.312  112   74 442539.024 363010.529  18.0%  1063 8920s
  8675  7063 363010.529  111   50 442539.024 363010.529  18.0%  1063 8925s
  8685  7068 363010.529  112   51 442539.024 363010.529  18.0%  1064 8930s
  8696  7069 363010.529  104   73 442539.024 363010.529  18.0%  1067 8935s
  8698  7071 363010.529  104   24 442539.024 363010.529  18.0%  1068 8940s
  8710  7079 371646.933  106   79 442539.024 363010.529  18.0%  1069 8945s
  8716  7082 365046.976  111   82 442539.024 363010.529  18.0%  1070 8952s
  8722  7085 363010.529  107   56 442539.024 363010.529  18.0%  1070 8955s
  8735  7090 363010.529  108   56 442539.024 363010.529  18.0%  1073 8960s
  8746  7100 363010.529  110   29 442539.024 363010.529  18.0%  1074 8965s
  8752  7105 363010.529  105   78 442539.024 363010.529  18.0%  1074 8971s
  8760  7110 363010.529  106   74 442539.024 363010.529  18.0%  1074 8975s
  8770  7113 363731.087  107  125 442539.024 363010.529  18.0%  1078 8980s
  8781  7118 371415.932  112   98 442539.024 363010.529  18.0%  1079 8985s
  8793  7121 375584.413  107   82 442539.024 363010.529  18.0%  1082 8990s
  8797  7124 363010.529  109   70 442539.024 363010.529  18.0%  1083 9000s

Cutting planes:
  Gomory: 62
  Lift-and-project: 3
  MIR: 1
  Flow cover: 39
  RLT: 8
  Relax-and-lift: 23

Explored 8798 nodes (9574836 simplex iterations) in 9000.02 seconds (5495.42 work units)
Thread count was 1 (of 8 available processors)

Solution count 6: 442539 593950 671660 ... 763234

Time limit reached
Best objective 4.425390240000e+05, best bound 3.630105286090e+05, gap 17.9710%
