
Gurobi 10.0.0 (win64) logging started Thu Jul 30 13:48:42 2026

Set parameter LogFile to value "output\Taller_DET_Agosto\Swap_maxproduction_640kW\station_1_d182_stage1\ELMO_log.txt"
Set parameter Threads to value 1
Set parameter Heuristics to value 0.5
Set parameter MIPFocus to value 3
Set parameter Presolve to value 2
Set parameter FlowCoverCuts to value 2
Gurobi Optimizer version 10.0.0 build v10.0.0rc2 (win64)

CPU model: 11th Gen Intel(R) Core(TM) i7-1165G7 @ 2.80GHz, instruction set [SSE2|AVX|AVX2|AVX512]
Thread count: 4 physical cores, 8 logical processors, using up to 1 threads

Optimize a model with 33882 rows, 80359 columns and 366412 nonzeros
Model fingerprint: 0xf2b2e17c
Variable types: 4395 continuous, 75964 integer (42841 binary)
Coefficient statistics:
  Matrix range     [1e+00, 6e+02]
  Objective range  [4e-01, 9e+04]
  Bounds range     [1e+00, 1e+01]
  RHS range        [1e+00, 3e+04]
Presolve removed 31467 rows and 58712 columns
Presolve time: 1.65s
Presolved: 2415 rows, 21647 columns, 69740 nonzeros
Variable types: 413 continuous, 21234 integer (20901 binary)
Root relaxation presolved: 2415 rows, 21647 columns, 69740 nonzeros


Use crossover to convert LP symmetric solution to basic solution...

Root relaxation: objective 3.295179e+05, 7790 iterations, 0.50 seconds (0.15 work units)
Total elapsed time = 5.02s

    Nodes    |    Current Node    |     Objective Bounds      |     Work
 Expl Unexpl |  Obj  Depth IntInf | Incumbent    BestBd   Gap | It/Node Time

     0     0 329517.890    0   99          - 329517.890      -     -    6s
     0     0 337432.502    0   95          - 337432.502      -     -   11s
     0     0 337432.502    0  118          - 337432.502      -     -   13s
     0     0 363010.529    0   24          - 363010.529      -     -   17s
     0     0 363010.529    0  103          - 363010.529      -     -   17s
     0     0 363010.529    0   44          - 363010.529      -     -   23s
     0     0 363010.529    0   95          - 363010.529      -     -   24s
     0     0 363010.529    0   24          - 363010.529      -     -   28s
     0     0 363010.529    0   97          - 363010.529      -     -   29s
     0     0 363010.529    0   40          - 363010.529      -     -   33s
     0     0 363010.529    0   40          - 363010.529      -     -   35s
H    0     0                    763233.85067 363010.529  52.4%     -   41s
H    0     0                    673478.47200 363010.529  46.1%     -   50s
H    0     0                    672568.98933 363010.529  46.0%     -   50s
     0     2 363010.529    0   40 672568.989 363010.529  46.0%     -   59s
     1     3 363010.529    1  113 672568.989 363010.529  46.0%  2657   60s
     7     9 363010.529    5  155 672568.989 363010.529  46.0%   760   65s
     9    11 363010.529    6  126 672568.989 363010.529  46.0%   622   71s
    14    16 363010.529    8  133 672568.989 363010.529  46.0%   556   75s
    18    20 363010.529   11   90 672568.989 363010.529  46.0%   802   80s
    22    24 363010.529    9  138 672568.989 363010.529  46.0%   794   85s
H   27    27                    671659.50667 363010.529  46.0%   714   98s
    29    31 363010.529    8  135 671659.507 363010.529  46.0%   790  100s
    32    34 363010.529   12   97 671659.507 363010.529  46.0%   788  105s
    36    38 363010.529   15  103 671659.507 363010.529  46.0%   755  110s
    39    41 363010.576   12  107 671659.507 363010.529  46.0%   795  115s
    43    45 363010.529   16   98 671659.507 363010.529  46.0%   753  120s
    47    49 363010.529   18  117 671659.507 363010.529  46.0%   761  125s
    51    53 363010.529    6  134 671659.507 363010.529  46.0%   744  131s
    54    56 363010.529   20  111 671659.507 363010.529  46.0%   749  144s
    56    58 363010.529    7  105 671659.507 363010.529  46.0%   729  146s
    59    61 363010.529    8  135 671659.507 363010.529  46.0%   698  150s
    63    65 363010.529    9  114 671659.507 363010.529  46.0%   696  156s
    68    70 363010.529    9  136 671659.507 363010.529  46.0%   732  160s
    72    74 363010.529    9  123 671659.507 363010.529  46.0%   699  166s
    78    80 363010.529   12   93 671659.507 363010.529  46.0%   718  170s
    82    84 363010.529   11   67 671659.507 363010.529  46.0%   791  181s
    87    89 363010.529   10   29 671659.507 363010.529  46.0%   827  186s
    94    96 363010.529   20  114 671659.507 363010.529  46.0%   810  191s
    99   101 363010.559   22  115 671659.507 363010.529  46.0%   776  195s
   105   107 363010.529   17   89 671659.507 363010.529  46.0%   757  200s
   106   108 363010.529   17   86 671659.507 363010.529  46.0%   753  209s
   107   109 363010.529   17   93 671659.507 363010.529  46.0%   775  210s
   124   126 363010.529   21   52 671659.507 363010.529  46.0%   712  215s
   139   141 363010.529   24   68 671659.507 363010.529  46.0%   703  220s
   151   153 363010.559   20   48 671659.507 363010.529  46.0%   681  233s
   153   155 363010.552   28   46 671659.507 363010.529  46.0%   687  235s
   159   161 363010.529   20   26 671659.507 363010.529  46.0%   739  240s
   172   174 363010.559   15  115 671659.507 363010.529  46.0%   734  245s
   184   186 363010.529   12   76 671659.507 363010.529  46.0%   738  250s
H  202   202                    593950.02400 363010.529  38.9%   685  258s
   203   205 363010.529   15   62 593950.024 363010.529  38.9%   685  270s
   215   217 363010.576   18   98 593950.024 363010.529  38.9%   676  275s
   225   227 363010.576   20   88 593950.024 363010.529  38.9%   680  280s
   235   237 363010.576   19   78 593950.024 363010.529  38.9%   681  285s
   250   252 363010.529   37   56 593950.024 363010.529  38.9%   686  290s
   270   272 363010.576   47   65 593950.024 363010.529  38.9%   674  295s
   275   277 363010.529   41   34 593950.024 363010.529  38.9%   673  309s
   279   281 363010.529   42   67 593950.024 363010.529  38.9%   671  310s
   286   288 363010.529   43   56 593950.024 363010.529  38.9%   675  315s
   300   302 363010.529   43   47 593950.024 363010.529  38.9%   666  331s
   316   318 363010.529   47   58 593950.024 363010.529  38.9%   669  335s
   346   348 363010.529   51   39 593950.024 363010.529  38.9%   627  340s
   359   361 363010.529   37   51 593950.024 363010.529  38.9%   627  345s
   376   378 363010.529   30   76 593950.024 363010.529  38.9%   614  350s
   390   392 363010.529   20   46 593950.024 363010.529  38.9%   617  355s
   404   406 363010.557   25   41 593950.024 363010.529  38.9%   607  360s
   418   420 363010.559   25   36 593950.024 363010.529  38.9%   607  365s
   431   433 363010.529   32   29 593950.024 363010.529  38.9%   605  370s
   441   443 363010.556   32   33 593950.024 363010.529  38.9%   607  375s
   442   444 363010.529   34   31 593950.024 363010.529  38.9%   606  385s
   455   457 363010.555   35   50 593950.024 363010.529  38.9%   607  390s
   466   468 363010.576   38   32 593950.024 363010.529  38.9%   609  397s
   471   473 363010.529   39   30 593950.024 363010.529  38.9%   610  400s
   483   485 363010.529   35   38 593950.024 363010.529  38.9%   615  405s
   493   495 363010.529   38   39 593950.024 363010.529  38.9%   623  410s
   494   496 363010.576   38   28 593950.024 363010.529  38.9%   622  430s
   505   507 363010.529   32   29 593950.024 363010.529  38.9%   626  435s
   511   512 363010.529   46   40 593950.024 363010.529  38.9%   625  442s
   513   513 363010.559   12   96 593950.024 363010.529  38.9%   622  449s
   514   514 363010.556   31   72 593950.024 363010.529  38.9%   621  459s
   516   515 363010.529   15   94 593950.024 363010.529  38.9%   619  460s
   517   516 363010.576   39   53 593950.024 363010.529  38.9%   618  469s
   518   517 363010.529   12  105 593950.024 363010.529  38.9%   616  476s
   519   517 363010.559   21   31 593950.024 363010.529  38.9%   615  495s
   520   518 363010.529   22  118 593950.024 363010.529  38.9%   614  503s
   521   519 363010.529   13   26 593950.024 363010.529  38.9%   613  511s
   522   519 363010.561   39  109 593950.024 363010.529  38.9%   612  519s
   523   520 363010.529    6   38 593950.024 363010.529  38.9%   610  535s
   524   521 363010.557   43  107 593950.024 363010.529  38.9%   609  541s
   525   521 363010.529   16   24 593950.024 363010.529  38.9%   608  549s
   526   522 363010.557   40   81 593950.024 363010.529  38.9%   607  556s
   527   523 363010.529   31   22 593950.024 363010.529  38.9%   606  564s
   528   523 363010.529   24   90 593950.024 363010.529  38.9%   605  571s
   529   524 363010.529   28   24 593950.024 363010.529  38.9%   604  578s
   530   525 363010.529   21   81 593950.024 363010.529  38.9%   602  585s
   531   525 363010.560   24   39 593950.024 363010.529  38.9%   601  601s
   532   526 363010.556   40   63 593950.024 363010.529  38.9%   600  608s
   533   527 363010.576   19   28 593950.024 363010.529  38.9%   599  616s
   534   527 363010.576   40   24 593950.024 363010.529  38.9%   598  623s
   535   528 363010.576   21   24 593950.024 363010.529  38.9%   597  643s
   536   531 363010.529   15   58 593950.024 363010.529  38.9%   785  645s
   542   535 363010.529   18   61 593950.024 363010.529  38.9%   781  650s
   547   538 363010.529   20  111 593950.024 363010.529  38.9%   781  655s
   553   542 363010.529   18  126 593950.024 363010.529  38.9%   773  660s
   558   545 363010.529   26   96 593950.024 363010.529  38.9%   778  665s
   562   548 363010.554   28   78 593950.024 363010.529  38.9%   775  675s
   567   551 363010.529   19   71 593950.024 363010.529  38.9%   770  681s
   571   554 363010.529   21   76 593950.024 363010.529  38.9%   766  685s
   576   557 363010.529   26   69 593950.024 363010.529  38.9%   773  690s
   583   562 363010.529   28   73 593950.024 363010.529  38.9%   766  695s
   588   565 363010.551   32   64 593950.024 363010.529  38.9%   770  700s
   591   567 363010.529   25   66 593950.024 363010.529  38.9%   767  716s
   596   571 363010.529   26   78 593950.024 363010.529  38.9%   762  720s
   601   574 363010.529   28   65 593950.024 363010.529  38.9%   764  725s
   605   577 363010.529   30   86 593950.024 363010.529  38.9%   760  730s
   609   579 363010.529   32   98 593950.024 363010.529  38.9%   758  736s
   613   582 363010.529   27   71 593950.024 363010.529  38.9%   761  740s
   616   584 363010.529   43   73 593950.024 363010.529  38.9%   759  749s
   617   585 363010.558   29   99 593950.024 363010.529  38.9%   759  750s
   621   587 363010.529   28  112 593950.024 363010.529  38.9%   757  755s
   626   591 363010.529   30  106 593950.024 363010.529  38.9%   753  760s
   629   593 363010.529   32  109 593950.024 363010.529  38.9%   753  765s
   633   595 363010.529   34   22 593950.024 363010.529  38.9%   756  770s
   636   597 363010.529   28   91 593950.024 363010.529  38.9%   757  778s
   637   598 363010.554   29   94 593950.024 363010.529  38.9%   757  780s
   642   601 363010.529   30   91 593950.024 363010.529  38.9%   754  785s
   648   605 363010.529   27  110 593950.024 363010.529  38.9%   749  790s
   654   609 363010.529   39   80 593950.024 363010.529  38.9%   744  795s
   660   613 363010.529   30   39 593950.024 363010.529  38.9%   739  800s
   664   616 363010.529   31   91 593950.024 363010.529  38.9%   736  806s
   668   619 363010.529   33   84 593950.024 363010.529  38.9%   732  810s
   670   620 363010.549   34   83 593950.024 363010.529  38.9%   732  820s
   674   623 363010.529   32   82 593950.024 363010.529  38.9%   730  825s
   678   625 363010.529   34   23 593950.024 363010.529  38.9%   733  830s
   683   629 363010.529   37   39 593950.024 363010.529  38.9%   730  835s
   688   632 363010.529   32   72 593950.024 363010.529  38.9%   727  852s
   691   634 363010.529   42   75 593950.024 363010.529  38.9%   724  856s
   695   637 363010.529   39   63 593950.024 363010.529  38.9%   723  860s
   702   641 363010.529   43   65 593950.024 363010.529  38.9%   716  865s
   707   645 363010.529   32   84 593950.024 363010.529  38.9%   717  870s
   712   648 363010.529   32   88 593950.024 363010.529  38.9%   715  875s
   717   651 363010.529   27   93 593950.024 363010.529  38.9%   718  880s
   723   655 363010.529   31   88 593950.024 363010.529  38.9%   714  885s
   724   656 363010.529   38   54 593950.024 363010.529  38.9%   713  896s
   729   659 363010.529   38   73 593950.024 363010.529  38.9%   712  900s
   736   664 363010.529   38   79 593950.024 363010.529  38.9%   706  905s
   737   665 363010.551   30   83 593950.024 363010.529  38.9%   706  913s
   740   667 363010.529   29  101 593950.024 363010.529  38.9%   704  915s
   747   671 363010.529   31   90 593950.024 363010.529  38.9%   700  920s
   753   675 363010.529   41   69 593950.024 363010.529  38.9%   697  925s
   759   679 363010.529   42   74 593950.024 363010.529  38.9%   693  930s
   765   683 363010.576   43   77 593950.024 363010.529  38.9%   689  935s
   770   687 363010.529   44   26 593950.024 363010.529  38.9%   700  942s
   773   689 363010.529   44   27 593950.024 363010.529  38.9%   708  945s
   778   692 363010.576   46   51 593950.024 363010.529  38.9%   706  956s
   784   696 363010.557   47   60 593950.024 363010.529  38.9%   703  960s
   785   697 363010.556   46   39 593950.024 363010.529  38.9%   704  973s
   787   698 363010.576   47   67 593950.024 363010.529  38.9%   706  976s
   792   701 363010.529   48   54 593950.024 363010.529  38.9%   702  980s
   797   705 363010.529   48   44 593950.024 363010.529  38.9%   698  985s
   802   708 363010.562   53   57 593950.024 363010.529  38.9%   700  990s
   806   711 363010.529   45   55 593950.024 363010.529  38.9%   701  995s
   812   715 363010.557   48   57 593950.024 363010.529  38.9%   700 1001s
   818   719 363010.529   46   42 593950.024 363010.529  38.9%   704 1005s
   825   723 363010.529   42   76 593950.024 363010.529  38.9%   705 1010s
   830   727 363010.529   45   34 593950.024 363010.529  38.9%   709 1015s
   832   728 363010.529   46   24 593950.024 363010.529  38.9%   708 1023s
   834   729 363010.529   47   26 593950.024 363010.529  38.9%   706 1025s
   838   732 363010.529   49   64 593950.024 363010.529  38.9%   705 1035s
   842   735 363010.529   31   82 593950.024 363010.529  38.9%   706 1040s
   848   739 363010.529   30  105 593950.024 363010.529  38.9%   704 1045s
   854   743 363010.529   32   81 593950.024 363010.529  38.9%   701 1050s
   860   747 363010.576   34  106 593950.024 363010.529  38.9%   701 1056s
   865   750 363010.529   34   25 593950.024 363010.529  38.9%   703 1061s
   870   753 363010.529   21  109 593950.024 363010.529  38.9%   700 1065s
   875   757 363010.529   33  115 593950.024 363010.529  38.9%   700 1070s
   881   761 363010.529   40   65 593950.024 363010.529  38.9%   702 1076s
   882   761 363010.529   27   53 593950.024 363010.529  38.9%   701 1095s
   887   765 363010.529   38   74 593950.024 363010.529  38.9%   698 1105s
   892   768 363010.529   33  128 593950.024 363010.529  38.9%   696 1110s
   897   771 363010.529   31  102 593950.024 363010.529  38.9%   699 1115s
   899   773 363010.529   32   75 593950.024 363010.529  38.9%   698 1124s
   900   773 363010.529   37   77 593950.024 363010.529  38.9%   698 1125s
   905   777 363010.529   27   77 593950.024 363010.529  38.9%   696 1130s
   911   781 363010.576   27   67 593950.024 363010.529  38.9%   692 1135s
   917   785 363010.546   38   53 593950.024 363010.529  38.9%   691 1140s
   925   790 363010.529   31   86 593950.024 363010.529  38.9%   688 1145s
   932   795 363010.529   33   83 593950.024 363010.529  38.9%   686 1150s
   937   798 363010.529   34   25 593950.024 363010.529  38.9%   691 1155s
   939   799 363010.529   35   59 593950.024 363010.529  38.9%   689 1163s
   941   801 363010.529   35   31 593950.024 363010.529  38.9%   690 1172s
   944   803 363010.529   36   93 593950.024 363010.529  38.9%   690 1175s
   950   807 363010.529   38   61 593950.024 363010.529  38.9%   686 1180s
   955   810 363010.529   39   60 593950.024 363010.529  38.9%   683 1185s
   961   814 363010.529   40   82 593950.024 363010.529  38.9%   680 1190s
   966   817 363010.529   40   48 593950.024 363010.529  38.9%   678 1195s
   971   821 363010.576   41   50 593950.024 363010.529  38.9%   676 1200s
   975   823 363010.529   42   76 593950.024 363010.529  38.9%   674 1205s
   979   826 363010.529   43   54 593950.024 363010.529  38.9%   672 1229s
   980   827 363010.576   42   69 593950.024 363010.529  38.9%   673 1230s
   985   830 363010.529   44   26 593950.024 363010.529  38.9%   673 1235s
   990   833 363010.576   44   62 593950.024 363010.529  38.9%   676 1240s
   996   837 363010.529   47   60 593950.024 363010.529  38.9%   679 1245s
  1001   841 363010.576   48   40 593950.024 363010.529  38.9%   677 1250s
  1006   844 363010.529   47   90 593950.024 363010.529  38.9%   674 1256s
  1011   847 363010.529   48  123 593950.024 363010.529  38.9%   674 1260s
  1013   849 363010.529   48   87 593950.024 363010.529  38.9%   673 1268s
  1016   851 363010.576   50   72 593950.024 363010.529  38.9%   674 1271s
  1021   854 363010.529   50   61 593950.024 363010.529  38.9%   673 1276s
  1026   857 363010.552   52   44 593950.024 363010.529  38.9%   672 1280s
  1032   861 363010.529   53   63 593950.024 363010.529  38.9%   669 1285s
  1037   865 363010.529   54   28 593950.024 363010.529  38.9%   673 1290s
  1040   867 363010.529   53   69 593950.024 363010.529  38.9%   671 1300s
  1044   869 363010.529   54   26 593950.024 363010.529  38.9%   672 1305s
  1048   872 363010.529   54   25 593950.024 363010.529  38.9%   679 1310s
  1053   875 363010.529   54   31 593950.024 363010.529  38.9%   682 1315s
  1057   878 363010.529   56   57 593950.024 363010.529  38.9%   682 1320s
  1064   883 363010.529   53   55 593950.024 363010.529  38.9%   678 1325s
  1069   886 363010.529   52   88 593950.024 363010.529  38.9%   679 1330s
  1073   889 363010.529   54   57 593950.024 363010.529  38.9%   678 1335s
  1078   892 363010.529   51   75 593950.024 363010.529  38.9%   680 1340s
  1082   895 363010.547   53   58 593950.024 363010.529  38.9%   680 1345s
  1087   898 363010.529   46   52 593950.024 363010.529  38.9%   678 1350s
  1093   902 363010.529   44   23 593950.024 363010.529  38.9%   681 1356s
  1096   904 363010.529   44   22 593950.024 363010.529  38.9%   685 1360s
  1101   907 363010.529   43   64 593950.024 363010.529  38.9%   682 1365s
  1105   910 363010.529   45   29 593950.024 363010.529  38.9%   686 1374s
  1106   911 363010.529   46   96 593950.024 363010.529  38.9%   686 1376s
  1107   911 363010.529   46   51 593950.024 363010.529  38.9%   685 1388s
  1109   913 363010.576   43   78 593950.024 363010.529  38.9%   684 1390s
  1115   917 363010.529   41   81 593950.024 363010.529  38.9%   682 1395s
  1121   921 363010.560   44   74 593950.024 363010.529  38.9%   679 1400s
  1126   924 363010.529   43   57 593950.024 363010.529  38.9%   677 1405s
  1131   927 363010.576   38   52 593950.024 363010.529  38.9%   676 1410s
  1137   931 363010.529   40   57 593950.024 363010.529  38.9%   673 1415s
  1141   934 363010.529   42   61 593950.024 363010.529  38.9%   677 1426s
  1145   937 363010.529   44   28 593950.024 363010.529  38.9%   678 1430s
  1151   941 363010.529   41   52 593950.024 363010.529  38.9%   675 1435s
  1156   944 363010.529   52  102 593950.024 363010.529  38.9%   673 1440s
  1159   946 363010.554   40   88 593950.024 363010.529  38.9%   672 1449s
  1160   947 363010.546   54   61 593950.024 363010.529  38.9%   672 1450s
  1166   951 363010.529   29   69 593950.024 363010.529  38.9%   670 1455s
  1171   954 363010.529   35   24 593950.024 363010.529  38.9%   670 1460s
  1177   958 363010.529   35   79 593950.024 363010.529  38.9%   672 1465s
  1184   963 363010.529   38   65 593950.024 363010.529  38.9%   670 1470s
  1187   965 363010.529   30   80 593950.024 363010.529  38.9%   670 1475s
  1193   969 363010.576   34   89 593950.024 363010.529  38.9%   667 1480s
  1200   973 363010.529   44   48 593950.024 363010.529  38.9%   663 1485s
  1205   977 363010.529   43   41 593950.024 363010.529  38.9%   662 1490s
  1211   981 363010.529   29   68 593950.024 363010.529  38.9%   662 1508s
  1213   982 363010.529   30  121 593950.024 363010.529  38.9%   662 1515s
  1219   986 363010.529   31   82 593950.024 363010.529  38.9%   660 1520s
  1225   990 363010.529   46   44 593950.024 363010.529  38.9%   661 1525s
  1231   994 363010.529   32   91 593950.024 363010.529  38.9%   659 1530s
  1238   999 363010.576   33  117 593950.024 363010.529  38.9%   657 1535s
  1242  1001 363010.529   34   37 593950.024 363010.529  38.9%   660 1545s
  1247  1005 363010.529   33   90 593950.024 363010.529  38.9%   659 1550s
  1252  1008 363010.529   34   25 593950.024 363010.529  38.9%   662 1556s
  1256  1011 363010.576   32  112 593950.024 363010.529  38.9%   667 1561s
  1261  1014 363010.529   35   51 593950.024 363010.529  38.9%   665 1565s
  1263  1015 363010.557   35   59 593950.024 363010.529  38.9%   665 1570s
  1267  1018 363010.529   33   87 593950.024 363010.529  38.9%   665 1581s
  1272  1021 363010.529   35   78 593950.024 363010.529  38.9%   666 1585s
  1276  1024 363010.529   35   36 593950.024 363010.529  38.9%   667 1590s
  1281  1027 363010.529   36   68 593950.024 363010.529  38.9%   666 1595s
  1287  1031 363010.529   37   69 593950.024 363010.529  38.9%   666 1600s
  1292  1035 363010.529   37   55 593950.024 363010.529  38.9%   665 1605s
  1297  1038 363010.529   38   62 593950.024 363010.529  38.9%   663 1610s
  1302  1041 363010.529   39   56 593950.024 363010.529  38.9%   662 1615s
  1307  1045 363010.529   41   52 593950.024 363010.529  38.9%   660 1620s
  1312  1048 363010.529   42   79 593950.024 363010.529  38.9%   658 1625s
  1315  1050 363010.529   42   90 593950.024 363010.529  38.9%   658 1660s
  1320  1053 363010.529   43   94 593950.024 363010.529  38.9%   656 1665s
  1321  1054 363010.529   43   89 593950.024 363010.529  38.9%   655 1670s
  1324  1056 363010.576   43   72 593950.024 363010.529  38.9%   658 1675s
  1328  1059 363010.576   44   55 593950.024 363010.529  38.9%   662 1680s
  1333  1062 363010.576   45   33 593950.024 363010.529  38.9%   664 1685s
  1338  1065 363010.529   46   80 593950.024 363010.529  38.9%   662 1690s
  1343  1069 363010.529   46   63 593950.024 363010.529  38.9%   661 1701s
  1348  1072 363010.549   47   59 593950.024 363010.529  38.9%   660 1706s
  1352  1075 363010.529   47   57 593950.024 363010.529  38.9%   658 1710s
  1357  1078 364271.776   48   84 593950.024 363010.529  38.9%   659 1715s
  1362  1081 363010.529   49   75 593950.024 363010.529  38.9%   660 1720s
  1366  1084 363010.576   49   81 593950.024 363010.529  38.9%   660 1725s
  1367  1085 363010.576   49   65 593950.024 363010.529  38.9%   660 1732s
  1370  1087 363010.576   50  102 593950.024 363010.529  38.9%   659 1735s
  1375  1090 363010.554   51   80 593950.024 363010.529  38.9%   659 1749s
  1376  1091 363010.529   51   75 593950.024 363010.529  38.9%   658 1750s
  1381  1094 363010.529   52   70 593950.024 363010.529  38.9%   657 1756s
  1385  1097 363010.546   52   61 593950.024 363010.529  38.9%   657 1761s
  1389  1099 363010.529   53   85 593950.024 363010.529  38.9%   656 1765s
  1393  1102 363010.529   53   63 593950.024 363010.529  38.9%   655 1770s
  1398  1105 363010.529   54   65 593950.024 363010.529  38.9%   657 1776s
  1401  1107 363010.529   54   61 593950.024 363010.529  38.9%   658 1780s
  1406  1111 363010.576   55   57 593950.024 363010.529  38.9%   657 1785s
  1411  1114 363010.529   54   27 593950.024 363010.529  38.9%   660 1791s
  1415  1117 363010.529   55   49 593950.024 363010.529  38.9%   660 1795s
  1419  1119 363010.529   57   61 593950.024 363010.529  38.9%   659 1802s
  1422  1121 363010.529   57   37 593950.024 363010.529  38.9%   658 1805s
  1427  1125 363010.529   56   57 593950.024 363010.529  38.9%   658 1810s
  1429  1126 363010.529   58   45 593950.024 363010.529  38.9%   657 1820s
  1433  1129 363010.529   59   53 593950.024 363010.529  38.9%   657 1825s
  1437  1131 363010.552   60   65 593950.024 363010.529  38.9%   657 1830s
  1441  1134 363010.576   58   75 593950.024 363010.529  38.9%   657 1835s
  1444  1136 363010.529   62   61 593950.024 363010.529  38.9%   656 1843s
  1446  1137 363010.556   59   73 593950.024 363010.529  38.9%   655 1845s
  1450  1140 363010.529   63   63 593950.024 363010.529  38.9%   655 1850s
  1454  1143 363010.529   61   81 593950.024 363010.529  38.9%   655 1855s
  1458  1145 363010.529   65   52 593950.024 363010.529  38.9%   658 1860s
  1462  1148 363010.529   64   26 593950.024 363010.529  38.9%   666 1865s
  1467  1151 363011.829   65   57 593950.024 363010.529  38.9%   666 1870s
  1471  1154 363010.529   63   65 593950.024 363010.529  38.9%   666 1875s
  1476  1157 363010.576   67   67 593950.024 363010.529  38.9%   666 1881s
  1479  1159 363010.529   64   69 593950.024 363010.529  38.9%   669 1885s
  1483  1162 363010.529   68   62 593950.024 363010.529  38.9%   668 1897s
  1486  1164 363010.529   65   66 593950.024 363010.529  38.9%   667 1900s
  1490  1167 363010.576   69   61 593950.024 363010.529  38.9%   668 1906s
  1493  1169 363010.576   66   60 593950.024 363010.529  38.9%   668 1910s
  1497  1171 363010.576   70   50 593950.024 363010.529  38.9%   670 1915s
  1501  1174 363010.552   67   64 593950.024 363010.529  38.9%   674 1920s
  1506  1177 363010.529   68   65 593950.024 363010.529  38.9%   673 1925s
  1511  1181 363010.529   69   73 593950.024 363010.529  38.9%   673 1930s
  1516  1184 363010.529   70   70 593950.024 363010.529  38.9%   673 1935s
  1521  1187 363010.576   70   66 593950.024 363010.529  38.9%   673 1940s
  1523  1189 363010.529   70   84 593950.024 363010.529  38.9%   672 1960s
  1527  1191 363010.529   71   78 593950.024 363010.529  38.9%   671 1965s
  1533  1195 363010.529   72   76 593950.024 363010.529  38.9%   670 1970s
  1537  1198 363010.576   71   82 593950.024 363010.529  38.9%   671 1982s
  1539  1199 363010.576   73   82 593950.024 363010.529  38.9%   671 1985s
  1544  1203 363010.529   74   23 593950.024 363010.529  38.9%   672 1990s
  1545  1203 363010.529   75   29 593950.024 363010.529  38.9%   672 1997s
  1548  1205 363010.576   74   70 593950.024 363010.529  38.9%   674 2000s
  1552  1208 363010.529   73   63 593950.024 363010.529  38.9%   675 2005s
  1558  1212 363010.576   74   65 593950.024 363010.529  38.9%   676 2011s
  1562  1215 363010.529   75   57 593950.024 363010.529  38.9%   676 2015s
  1568  1219 363010.529   78   57 593950.024 363010.529  38.9%   675 2020s
  1573  1222 363010.529   78   53 593950.024 363010.529  38.9%   675 2025s
  1575  1223 363010.529   75   34 593950.024 363010.529  38.9%   674 2053s
  1577  1225 363010.529   76   58 593950.024 363010.529  38.9%   674 2055s
  1581  1227 363010.529   74   77 593950.024 363010.529  38.9%   677 2060s
  1585  1230 363010.536   76   56 593950.024 363010.529  38.9%   678 2065s
  1589  1233 363010.529   71  104 593950.024 363010.529  38.9%   680 2071s
  1591  1234 363010.529   72   94 593950.024 363010.529  38.9%   680 2083s
  1593  1235 363010.529   73   91 593950.024 363010.529  38.9%   679 2085s
  1596  1237 363010.529   75   42 593950.024 363010.529  38.9%   680 2090s
  1600  1240 363010.529   77   47 593950.024 363010.529  38.9%   679 2095s
  1605  1243 363010.529   76   40 593950.024 363010.529  38.9%   680 2100s
  1610  1247 363010.529   71   76 593950.024 363010.529  38.9%   680 2105s
  1616  1251 363010.529   67   86 593950.024 363010.529  38.9%   679 2110s
  1620  1253 363010.529   69   65 593950.024 363010.529  38.9%   680 2115s
  1625  1257 363010.576   66   85 593950.024 363010.529  38.9%   683 2120s
  1630  1260 363010.529   68   58 593950.024 363010.529  38.9%   685 2125s
  1634  1263 363010.529   65   76 593950.024 363010.529  38.9%   687 2131s
  1638  1265 363010.529   67   60 593950.024 363010.529  38.9%   688 2135s
  1643  1269 363010.529   59   77 593950.024 363010.529  38.9%   691 2140s
  1645  1270 363010.576   56   65 593950.024 363010.529  38.9%   691 2147s
  1646  1271 363010.529   58   98 593950.024 363010.529  38.9%   692 2155s
  1651  1274 363010.529   58  135 593950.024 363010.529  38.9%   695 2161s
  1655  1277 363010.529   55  104 593950.024 363010.529  38.9%   696 2165s
  1659  1279 363010.529   54   32 593950.024 363010.529  38.9%   705 2171s
  1662  1281 363010.529   56   70 593950.024 363010.529  38.9%   706 2175s
  1667  1285 363010.529   53   89 593950.024 363010.529  38.9%   708 2180s
  1672  1288 363010.529   61   61 593950.024 363010.529  38.9%   707 2199s
  1673  1289 363010.576   53  106 593950.024 363010.529  38.9%   708 2200s
  1679  1293 363010.529   51   51 593950.024 363010.529  38.9%   711 2205s
  1685  1297 363010.576   48  121 593950.024 363010.529  38.9%   713 2210s
  1691  1301 363010.576   47   88 593950.024 363010.529  38.9%   716 2215s
  1696  1304 363010.529   46   96 593950.024 363010.529  38.9%   720 2220s
  1699  1306 363010.529   49  115 593950.024 363010.529  38.9%   719 2229s
  1700  1307 363010.529   46   79 593950.024 363010.529  38.9%   720 2230s
  1707  1311 363010.529   44   26 593950.024 363010.529  38.9%   721 2235s
  1711  1314 363010.529   39   74 593950.024 363010.529  38.9%   726 2240s
  1717  1318 363010.529   40  104 593950.024 363010.529  38.9%   727 2245s
  1723  1322 363010.529   40   92 593950.024 363010.529  38.9%   726 2251s
  1728  1325 363010.576   46   58 593950.024 363010.529  38.9%   728 2255s
  1735  1330 363010.529   49   73 593950.024 363010.529  38.9%   727 2260s
  1743  1335 363010.576   38   99 593950.024 363010.529  38.9%   726 2265s
  1747  1338 363010.529   37   96 593950.024 363010.529  38.9%   726 2275s
  1753  1342 363010.529   40   96 593950.024 363010.529  38.9%   725 2285s
  1760  1347 363010.529   41   58 593950.024 363010.529  38.9%   724 2290s
  1767  1351 363010.529   35   78 593950.024 363010.529  38.9%   726 2295s
  1773  1355 363010.544   41   50 593950.024 363010.529  38.9%   727 2300s
  1774  1356 363010.529   41   89 593950.024 363010.529  38.9%   727 2306s
  1779  1359 363010.529   33   56 593950.024 363010.529  38.9%   725 2310s
  1786  1364 363010.552   33   91 593950.024 363010.529  38.9%   726 2315s
  1792  1368 363010.529   27  120 593950.024 363010.529  38.9%   725 2320s
  1797  1371 363010.529   48  105 593950.024 363010.529  38.9%   725 2326s
  1800  1373 363010.529   31  103 593950.024 363010.529  38.9%   725 2330s
  1806  1377 363010.549   47   53 593950.024 363010.529  38.9%   724 2335s
  1807  1378 363010.529   51   73 593950.024 363010.529  38.9%   724 2345s
  1812  1381 363010.576   41   75 593950.024 363010.529  38.9%   724 2351s
  1817  1385 363010.529   29   70 593950.024 363010.529  38.9%   725 2355s
  1823  1389 363010.529   32   70 593950.024 363010.529  38.9%   723 2360s
  1826  1391 363010.576   26   83 593950.024 363010.529  38.9%   723 2375s
  1830  1393 363010.529   34   33 593950.024 363010.529  38.9%   726 2380s
  1837  1398 363010.529   45   37 593950.024 363010.529  38.9%   728 2385s
  1844  1403 363010.529   41   98 593950.024 363010.529  38.9%   727 2390s
  1848  1405 363010.576   34  112 593950.024 363010.529  38.9%   728 2401s
  1853  1409 363010.529   31  117 593950.024 363010.529  38.9%   728 2405s
  1860  1413 363010.529   47   52 593950.024 363010.529  38.9%   727 2410s
  1861  1414 363010.529   33   71 593950.024 363010.529  38.9%   726 2417s
  1863  1415 363010.529   34   25 593950.024 363010.529  38.9%   727 2420s
  1867  1418 363010.554   36   62 593950.024 363010.529  38.9%   728 2425s
  1872  1421 363010.529   44   30 593950.024 363010.529  38.9%   728 2430s
  1877  1425 363010.549   31   79 593950.024 363010.529  38.9%   730 2435s
  1882  1428 363010.529   34   27 593950.024 363010.529  38.9%   731 2440s
  1889  1433 363010.576   22   97 593950.024 363010.529  38.9%   730 2445s
  1895  1437 363010.529   29   90 593950.024 363010.529  38.9%   729 2450s
  1901  1441 363010.576   30   99 593950.024 363010.529  38.9%   729 2455s
  1908  1445 363010.529   37   69 593950.024 363010.529  38.9%   727 2462s
  1909  1446 363010.529   25   74 593950.024 363010.529  38.9%   726 2465s
  1913  1449 363010.529   31   97 593950.024 363010.529  38.9%   726 2470s
  1915  1450 363010.529   26  106 593950.024 363010.529  38.9%   726 2479s
  1916  1451 363010.529   32   78 593950.024 363010.529  38.9%   725 2480s
  1923  1455 363010.556   32   97 593950.024 363010.529  38.9%   724 2485s
  1930  1460 363010.529   34   22 593950.024 363010.529  38.9%   727 2490s
  1938  1465 363010.529   34   28 593950.024 363010.529  38.9%   730 2495s
  1946  1471 363010.560   44   87 593950.024 363010.529  38.9%   731 2500s
  1950  1473 363010.529   36   23 593950.024 363010.529  38.9%   733 2505s
  1953  1475 363010.576   45   93 593950.024 363010.529  38.9%   733 2518s
  1957  1478 363010.536   38   47 593950.024 363010.529  38.9%   732 2520s
  1966  1484 363010.529   39   39 593950.024 363010.529  38.9%   730 2525s
  1969  1486 363010.529   47   66 593950.024 363010.529  38.9%   730 2532s
  1974  1489 363010.529   41   56 593950.024 363010.529  38.9%   728 2535s
  1982  1495 363010.576   41   52 593950.024 363010.529  38.9%   728 2540s
  1988  1499 363010.529   41   53 593950.024 363010.529  38.9%   727 2545s
  1995  1503 363010.529   42   37 593950.024 363010.529  38.9%   726 2550s
  2002  1508 363010.529   43   37 593950.024 363010.529  38.9%   726 2555s
  2006  1511 363010.576   44   98 593950.024 363010.529  38.9%   726 2560s
  2011  1514 363010.529   45   51 593950.024 363010.529  38.9%   728 2565s
  2017  1518 363010.529   45   23 593950.024 363010.529  38.9%   730 2570s
  2023  1522 363010.529   45   58 593950.024 363010.529  38.9%   728 2587s
  2026  1524 363010.529   45   73 593950.024 363010.529  38.9%   727 2590s
  2033  1529 366952.626   46   98 593950.024 363010.529  38.9%   727 2595s
  2039  1533 363010.576   47   60 593950.024 363010.529  38.9%   728 2600s
  2044  1536 363010.529   47  112 593950.024 363010.529  38.9%   727 2605s
  2050  1540 363010.529   51   44 593950.024 363010.529  38.9%   726 2619s
  2051  1541 363010.529   48   84 593950.024 363010.529  38.9%   726 2625s
  2055  1543 364981.979   48   96 593950.024 363010.529  38.9%   726 2630s
  2061  1547 363010.529   50   81 593950.024 363010.529  38.9%   726 2635s
  2066  1551 363010.549   50   41 593950.024 363010.529  38.9%   725 2640s
  2072  1555 363010.529   51   67 593950.024 363010.529  38.9%   725 2645s
  2076  1557 363010.576   50   63 593950.024 363010.529  38.9%   725 2650s
  2077  1558 363010.529   50   79 593950.024 363010.529  38.9%   725 2658s
  2078  1559 363010.529   53   81 593950.024 363010.529  38.9%   724 2660s
  2083  1562 363010.529   54   30 593950.024 363010.529  38.9%   725 2665s
  2088  1565 363010.529   52   69 593950.024 363010.529  38.9%   726 2670s
  2094  1569 363010.529   56   32 593950.024 363010.529  38.9%   725 2675s
  2098  1572 363010.529   54   71 593950.024 363010.529  38.9%   727 2680s
  2103  1575 363010.529   57   31 593950.024 363010.529  38.9%   726 2685s
  2108  1579 363010.529   55   65 593950.024 363010.529  38.9%   725 2690s
  2115  1583 363010.529   55   42 593950.024 363010.529  38.9%   725 2695s
  2116  1584 363010.531   55   63 593950.024 363010.529  38.9%   725 2704s
  2117  1585 363010.529   55   65 593950.024 363010.529  38.9%   725 2705s
  2122  1589 363010.529   59   57 593950.024 363010.529  38.9%   724 2710s
  2127  1594 363010.529   58   59 593950.024 363010.529  38.9%   724 2715s
  2131  1598 363010.531   57   63 593950.024 363010.529  38.9%   723 2727s
  2135  1602 363010.529   59   39 593950.024 363010.529  38.9%   723 2730s
  2140  1607 365990.374   60   75 593950.024 363010.529  38.9%   725 2735s
  2145  1612 363010.529   56   45 593950.024 363010.529  38.9%   728 2740s
  2149  1616 363010.529   56   66 593950.024 363010.529  38.9%   729 2745s
  2151  1618 363010.529   57   44 593950.024 363010.529  38.9%   729 2754s
  2152  1619 367772.798   57   81 593950.024 363010.529  38.9%   730 2755s
  2157  1624 363010.529   55   77 593950.024 363010.529  38.9%   730 2760s
  2163  1630 363010.529   56   59 593950.024 363010.529  38.9%   731 2765s
  2171  1637 363010.529   60   44 593950.024 363010.529  38.9%   730 2770s
  2177  1643 365945.720   61   85 593950.024 363010.529  38.9%   733 2775s
  2178  1644 363010.529   61   54 593950.024 363010.529  38.9%   733 2780s
  2183  1649 369868.007   59   82 593950.024 363010.529  38.9%   735 2785s
  2185  1651 363010.529   61   48 593950.024 363010.529  38.9%   735 2797s
  2188  1654 365961.985   62   72 593950.024 363010.529  38.9%   736 2800s
  2193  1659 363010.529   62   38 593950.024 363010.529  38.9%   737 2805s
  2198  1664 365012.554   63   65 593950.024 363010.529  38.9%   741 2810s
  2203  1669 364997.588   63   77 593950.024 363010.529  38.9%   744 2815s
  2208  1674 363010.529   54   28 593950.024 363010.529  38.9%   749 2821s
  2214  1680 363010.536   55   63 593950.024 363010.529  38.9%   750 2825s
  2219  1685 363010.529   56   59 593950.024 363010.529  38.9%   750 2830s
  2226  1692 363010.529   57   34 593950.024 363010.529  38.9%   750 2835s
  2230  1696 363010.576   57   61 593950.024 363010.529  38.9%   749 2846s
  2235  1701 369898.691   58   73 593950.024 363010.529  38.9%   750 2850s
  2239  1705 363010.529   58   59 593950.024 363010.529  38.9%   750 2861s
  2243  1709 363010.529   59   37 593950.024 363010.529  38.9%   751 2865s
  2249  1715 369898.690   60   91 593950.024 363010.529  38.9%   753 2870s
  2252  1718 363010.576   60   51 593950.024 363010.529  38.9%   756 2879s
  2254  1720 363010.529   60   50 593950.024 363010.529  38.9%   755 2880s
  2260  1726 363010.576   61   62 593950.024 363010.529  38.9%   755 2885s
  2266  1732 363010.536   61   63 593950.024 363010.529  38.9%   755 2890s
  2271  1737 363010.576   62   53 593950.024 363010.529  38.9%   755 2895s
  2277  1743 363010.576   63   58 593950.024 363010.529  38.9%   756 2900s
  2282  1748 363010.529   62   59 593950.024 363010.529  38.9%   758 2914s
  2283  1749 363010.576   64   69 593950.024 363010.529  38.9%   758 2915s
  2290  1756 363010.536   63   66 593950.024 363010.529  38.9%   762 2921s
  2293  1759 363010.529   62   67 593950.024 363010.529  38.9%   761 2929s
  2295  1761 363010.529   64   47 593950.024 363010.529  38.9%   760 2930s
  2303  1769 363010.529   66   58 593950.024 363010.529  38.9%   761 2935s
  2313  1779 370375.380   67   84 593950.024 363010.529  38.9%   760 2940s
  2320  1786 363010.576   69   72 593950.024 363010.529  38.9%   763 2946s
  2325  1791 363010.529   69   55 593950.024 363010.529  38.9%   762 2950s
  2332  1798 363010.529   69   43 593950.024 363010.529  38.9%   761 2955s
  2339  1805 363010.529   73   56 593950.024 363010.529  38.9%   763 2960s
  2345  1811 363010.529   72   65 593950.024 363010.529  38.9%   765 2983s
  2348  1814 363010.529   75   45 593950.024 363010.529  38.9%   766 2985s
  2353  1819 363010.529   76   59 593950.024 363010.529  38.9%   765 2996s
  2358  1824 363010.529   74   27 593950.024 363010.529  38.9%   766 3000s
  2363  1829 364210.004   75   90 593950.024 363010.529  38.9%   767 3005s
  2369  1835 363010.529   78   51 593950.024 363010.529  38.9%   767 3010s
  2374  1840 363010.529   79   53 593950.024 363010.529  38.9%   769 3023s
  2376  1842 363010.576   79   62 593950.024 363010.529  38.9%   769 3025s
  2383  1849 363010.576   80   45 593950.024 363010.529  38.9%   770 3030s
  2388  1854 363010.529   69   60 593950.024 363010.529  38.9%   769 3035s
  2395  1861 363010.529   71   59 593950.024 363010.529  38.9%   771 3040s
  2402  1868 363423.338   72   96 593950.024 363010.529  38.9%   778 3045s
  2409  1875 363010.529   69   71 593950.024 363010.529  38.9%   781 3050s
  2417  1883 363010.576   71   58 593950.024 363010.529  38.9%   782 3055s
  2423  1889 363010.576   72   60 593950.024 363010.529  38.9%   783 3060s
  2428  1894 367547.111   70   59 593950.024 363010.529  38.9%   786 3069s
  2429  1895 363010.529   70   45 593950.024 363010.529  38.9%   786 3070s
  2437  1903 366350.542   66   74 593950.024 363010.529  38.9%   787 3075s
  2445  1911 364227.298   68   97 593950.024 363010.529  38.9%   791 3080s
  2454  1920 363010.576   76   66 593950.024 363010.529  38.9%   792 3088s
  2457  1923 365569.461   77  106 593950.024 363010.529  38.9%   794 3090s
  2463  1929 371133.413   78   74 593950.024 363010.529  38.9%   797 3095s
  2470  1936 363010.576   79   61 593950.024 363010.529  38.9%   799 3100s
  2475  1941 363010.576   74   67 593950.024 363010.529  38.9%   799 3106s
  2480  1946 363010.529   78   50 593950.024 363010.529  38.9%   804 3110s
  2482  1948 363010.529   75   80 593950.024 363010.529  38.9%   803 3117s
  2488  1954 363010.529   77   84 593950.024 363010.529  38.9%   803 3120s
  2497  1963 363010.529   68   54 593950.024 363010.529  38.9%   803 3125s
  2501  1967 363010.531   69   60 593950.024 363010.529  38.9%   804 3144s
  2503  1969 363010.529   69   46 593950.024 363010.529  38.9%   805 3145s
  2510  1976 363010.529   70   52 593950.024 363010.529  38.9%   805 3150s
  2518  1984 363010.529   71   51 593950.024 363010.529  38.9%   805 3155s
  2526  1992 363010.529   72   55 593950.024 363010.529  38.9%   807 3160s
  2534  2000 363010.529   74   52 593950.024 363010.529  38.9%   807 3165s
  2536  2002 363010.529   74   57 593950.024 363010.529  38.9%   806 3173s
  2538  2004 364634.547   74   89 593950.024 363010.529  38.9%   807 3175s
  2545  2011 364657.147   76   84 593950.024 363010.529  38.9%   810 3180s
  2555  2021 364582.527   77  106 593950.024 363010.529  38.9%   809 3193s
  2558  2024 364643.078   77   87 593950.024 363010.529  38.9%   809 3195s
  2566  2032 364582.527   78   96 593950.024 363010.529  38.9%   811 3200s
  2572  2038 363621.801   80   88 593950.024 363010.529  38.9%   812 3205s
  2578  2044 364348.426   80   72 593950.024 363010.529  38.9%   815 3210s
  2587  2053 363010.529   81   85 593950.024 363010.529  38.9%   813 3215s
  2590  2056 363010.529   81   61 593950.024 363010.529  38.9%   812 3225s
  2596  2062 363010.529   84   26 593950.024 363010.529  38.9%   812 3230s
  2605  2071 363010.529   85   65 593950.024 363010.529  38.9%   811 3235s
  2613  2079 363010.529   89   63 593950.024 363010.529  38.9%   810 3240s
  2619  2085 363010.529   92   51 593950.024 363010.529  38.9%   809 3245s
  2626  2092 363010.529   80   71 593950.024 363010.529  38.9%   809 3251s
  2634  2100 363010.529   82   49 593950.024 363010.529  38.9%   806 3255s
  2644  2110 363010.529   77   93 593950.024 363010.529  38.9%   807 3266s
  2648  2114 363010.576   79   68 593950.024 363010.529  38.9%   805 3270s
  2656  2122 363010.576   64   75 593950.024 363010.529  38.9%   806 3281s
  2662  2128 363010.576   66   51 593950.024 363010.529  38.9%   806 3285s
  2670  2136 369898.697   60   91 593950.024 363010.529  38.9%   807 3290s
  2671  2137 363010.529  118   54 593950.024 363010.529  38.9%   806 3317s
  2675  2141 363010.529  120   46 593950.024 363010.529  38.9%   807 3320s
  2683  2149 363010.529  124   50 593950.024 363010.529  38.9%   809 3325s
  2689  2153 363010.536   56   71 593950.024 363010.529  38.9%   812 3330s
  2694  2158 363010.536   49   69 593950.024 363010.529  38.9%   814 3335s
  2698  2162 363010.576   52   39 593950.024 363010.529  38.9%   817 3346s
  2703  2167 363010.529   52   56 593950.024 363010.529  38.9%   817 3350s
  2709  2173 363010.546   48   62 593950.024 363010.529  38.9%   818 3355s
  2715  2179 363010.529   49   69 593950.024 363010.529  38.9%   819 3360s
  2721  2185 363010.529   43   84 593950.024 363010.529  38.9%   820 3365s
  2728  2192 363186.940   42   85 593950.024 363010.529  38.9%   820 3370s
  2735  2199 363010.529   50  113 593950.024 363010.529  38.9%   820 3375s
  2743  2207 363010.576   41   77 593950.024 363010.529  38.9%   820 3380s
  2748  2212 363039.535   35   88 593950.024 363010.529  38.9%   820 3385s
  2752  2216 363389.473   37   84 593950.024 363010.529  38.9%   821 3394s
  2753  2217 363010.529   36   57 593950.024 363010.529  38.9%   821 3395s
  2757  2221 363010.529   34   31 593950.024 363010.529  38.9%   823 3405s
  2764  2228 363010.529   27  114 593950.024 363010.529  38.9%   822 3410s
  2772  2236 363010.529   43   83 593950.024 363010.529  38.9%   821 3415s
  2778  2242 363010.529   38   72 593950.024 363010.529  38.9%   822 3420s
  2786  2250 363010.529   25   92 593950.024 363010.529  38.9%   821 3425s
  2792  2256 363010.556   36   85 593950.024 363010.529  38.9%   820 3430s
  2798  2262 363010.529   40  107 593950.024 363010.529  38.9%   820 3435s
  2804  2268 363010.576   33  106 593950.024 363010.529  38.9%   820 3440s
  2806  2270 363010.529   25  107 593950.024 363010.529  38.9%   820 3447s
  2811  2275 363010.529   40  106 593950.024 363010.529  38.9%   819 3450s
  2817  2281 363010.529   44   21 593950.024 363010.529  38.9%   820 3455s
  2823  2287 363010.560   47   50 593950.024 363010.529  38.9%   820 3460s
  2830  2294 363010.529   49   93 593950.024 363010.529  38.9%   819 3465s
  2836  2300 363010.529   22  115 593950.024 363010.529  38.9%   819 3470s
  2841  2305 363010.547   39   58 593950.024 363010.529  38.9%   820 3475s
  2848  2312 363010.529   44   29 593950.024 363010.529  38.9%   819 3480s
  2853  2317 363010.549   34   97 593950.024 363010.529  38.9%   820 3485s
  2858  2322 363010.576   42   87 593950.024 363010.529  38.9%   820 3497s
  2860  2324 363010.576   20   98 593950.024 363010.529  38.9%   820 3506s
  2865  2329 363010.529   37   75 593950.024 363010.529  38.9%   821 3510s
  2871  2335 363010.529   40   63 593950.024 363010.529  38.9%   822 3515s
  2878  2342 363010.529   47   94 593950.024 363010.529  38.9%   822 3520s
  2883  2347 363010.529   46   46 593950.024 363010.529  38.9%   822 3525s
  2888  2352 363010.547   41   44 593950.024 363010.529  38.9%   824 3530s
  2892  2356 363010.529   35   57 593950.024 363010.529  38.9%   824 3552s
  2896  2360 363010.552   48   96 593950.024 363010.529  38.9%   824 3555s
  2901  2365 363010.529   55   64 593950.024 363010.529  38.9%   825 3560s
  2907  2371 363010.529   39   62 593950.024 363010.529  38.9%   825 3565s
  2914  2378 363183.712   32  116 593950.024 363010.529  38.9%   825 3577s
  2917  2381 363010.576   44   70 593950.024 363010.529  38.9%   826 3580s
  2923  2387 363010.529   34   27 593950.024 363010.529  38.9%   827 3585s
  2931  2395 363010.529   38   46 593950.024 363010.529  38.9%   826 3590s
  2938  2402 363010.554   45   60 593950.024 363010.529  38.9%   826 3595s
  2944  2408 363010.529   36  108 593950.024 363010.529  38.9%   826 3600s
  2950  2414 363010.529   52   85 593950.024 363010.529  38.9%   827 3605s
  2958  2422 363010.576   32  106 593950.024 363010.529  38.9%   828 3610s
  2959  2423 363010.529   27   75 593950.024 363010.529  38.9%   827 3617s
  2963  2427 363010.529   29  103 593950.024 363010.529  38.9%   827 3620s
  2968  2432 363010.529   29   81 593950.024 363010.529  38.9%   826 3629s
  2969  2433 363010.529   32  108 593950.024 363010.529  38.9%   826 3630s
  2977  2441 363010.529   29  143 593950.024 363010.529  38.9%   825 3635s
  2984  2448 363010.529   26   78 593950.024 363010.529  38.9%   826 3640s
  2993  2457 363010.529   38   79 593950.024 363010.529  38.9%   825 3645s
  2998  2462 363010.529   44   28 593950.024 363010.529  38.9%   826 3650s
  3005  2469 363010.529   44   31 593950.024 363010.529  38.9%   826 3655s
  3012  2476 363010.529   30   57 593950.024 363010.529  38.9%   825 3660s
  3021  2485 363010.529   43  109 593950.024 363010.529  38.9%   824 3665s
  3022  2486 363010.529   44   24 593950.024 363010.529  38.9%   825 3675s
  3030  2494 363010.529   48   71 593950.024 363010.529  38.9%   824 3680s
  3037  2501 363010.529   41   71 593950.024 363010.529  38.9%   825 3685s
  3043  2507 363010.529   44   52 593950.024 363010.529  38.9%   825 3690s
  3049  2513 363010.529   47   79 593950.024 363010.529  38.9%   824 3695s
  3056  2520 363010.529   21  107 593950.024 363010.529  38.9%   824 3700s
  3060  2524 363010.529   30   95 593950.024 363010.529  38.9%   824 3711s
  3064  2528 363010.529   39  117 593950.024 363010.529  38.9%   823 3715s
  3073  2537 363010.529   37   89 593950.024 363010.529  38.9%   822 3720s
  3076  2540 363010.529   35   50 593950.024 363010.529  38.9%   824 3729s
  3077  2541 363010.529   36   75 593950.024 363010.529  38.9%   823 3730s
  3085  2549 363010.529   40   80 593950.024 363010.529  38.9%   823 3735s
  3090  2554 363010.576   36   90 593950.024 363010.529  38.9%   824 3740s
  3097  2561 363010.529   50   60 593950.024 363010.529  38.9%   824 3745s
  3102  2566 363011.829   47   64 593950.024 363010.529  38.9%   827 3750s
  3109  2573 363010.529   35   51 593950.024 363010.529  38.9%   828 3755s
  3120  2584 363010.550   36   70 593950.024 363010.529  38.9%   826 3760s
  3126  2590 363010.529   37   65 593950.024 363010.529  38.9%   825 3785s
  3130  2594 363010.529   37   69 593950.024 363010.529  38.9%   824 3795s
  3137  2601 363010.529   55   63 593950.024 363010.529  38.9%   824 3800s
  3144  2608 363010.529   38   59 593950.024 363010.529  38.9%   824 3805s
  3154  2618 363010.529   41   71 593950.024 363010.529  38.9%   821 3810s
  3161  2625 363010.529   41   62 593950.024 363010.529  38.9%   820 3820s
  3168  2632 363010.551   42   63 593950.024 363010.529  38.9%   821 3825s
  3177  2641 363010.529   42   61 593950.024 363010.529  38.9%   820 3830s
  3184  2648 363010.529   43   83 593950.024 363010.529  38.9%   821 3843s
  3187  2651 363010.529   44   26 593950.024 363010.529  38.9%   822 3845s
  3192  2656 363010.529   44   24 593950.024 363010.529  38.9%   823 3850s
  3198  2662 363010.576   46   97 593950.024 363010.529  38.9%   826 3855s
  3208  2672 363010.529   46   68 593950.024 363010.529  38.9%   827 3860s
  3217  2681 363010.529   48   70 593950.024 363010.529  38.9%   826 3865s
  3226  2690 363010.576   47   74 593950.024 363010.529  38.9%   825 3870s
  3236  2700 363010.529   50   84 593950.024 363010.529  38.9%   824 3875s
  3238  2702 363010.529   50   41 593950.024 363010.529  38.9%   824 3886s
  3245  2709 363010.529   50   71 593950.024 363010.529  38.9%   822 3890s
  3254  2718 363010.529   51   75 593950.024 363010.529  38.9%   822 3895s
  3262  2726 363010.529   53   62 593950.024 363010.529  38.9%   821 3905s
  3269  2733 363010.529   54   33 593950.024 363010.529  38.9%   824 3910s
  3274  2738 363010.576   54   79 593950.024 363010.529  38.9%   825 3915s
  3282  2746 363010.576   54   65 593950.024 363010.529  38.9%   827 3920s
  3290  2754 363010.535   56   67 593950.024 363010.529  38.9%   828 3925s
  3292  2756 363010.529   56   48 593950.024 363010.529  38.9%   828 3936s
  3298  2762 363010.529   57   53 593950.024 363010.529  38.9%   827 3940s
  3306  2770 363010.529   57   78 593950.024 363010.529  38.9%   827 3945s
  3317  2781 363010.552   58   52 593950.024 363010.529  38.9%   825 3950s
  3324  2788 363010.576   59   97 593950.024 363010.529  38.9%   824 3955s
  3332  2796 363010.529   60   59 593950.024 363010.529  38.9%   824 3960s
  3340  2804 363010.529   61   68 593950.024 363010.529  38.9%   824 3965s
  3346  2810 363010.558   62   45 593950.024 363010.529  38.9%   824 3974s
  3347  2811 363010.529   62   62 593950.024 363010.529  38.9%   824 3975s
  3348  2812 363010.576   62   65 593950.024 363010.529  38.9%   824 3990s
  3357  2821 363010.576   63   66 593950.024 363010.529  38.9%   825 3996s
  3362  2826 363010.529   65   44 593950.024 363010.529  38.9%   825 4000s
  3363  2827 363010.529   64   28 593950.024 363010.529  38.9%   826 4006s
  3369  2833 363010.576   65   52 593950.024 363010.529  38.9%   827 4010s
  3377  2841 363010.529   66   68 593950.024 363010.529  38.9%   826 4015s
  3384  2848 363010.576   68   75 593950.024 363010.529  38.9%   827 4020s
  3392  2856 363010.576   68   66 593950.024 363010.529  38.9%   827 4025s
  3400  2864 363010.529   68   66 593950.024 363010.529  38.9%   826 4036s
  3406  2870 363010.529   70   50 593950.024 363010.529  38.9%   826 4040s
  3414  2878 363010.576   70   62 593950.024 363010.529  38.9%   826 4045s
  3421  2885 363010.557   71   62 593950.024 363010.529  38.9%   825 4050s
  3427  2891 363010.576   70   75 593950.024 363010.529  38.9%   827 4055s
  3435  2899 363010.529   71   72 593950.024 363010.529  38.9%   827 4060s
  3444  2908 363010.529   72   87 593950.024 363010.529  38.9%   827 4065s
  3453  2917 363010.529   74   62 593950.024 363010.529  38.9%   827 4070s
  3454  2918 363010.529   73   60 593950.024 363010.529  38.9%   827 4079s
  3455  2919 363010.529   74   30 593950.024 363010.529  38.9%   828 4080s
  3457  2921 363010.529   75   56 593950.024 363010.529  38.9%   828 4095s
  3464  2928 363010.529   75   54 593950.024 363010.529  38.9%   828 4106s
  3471  2935 363010.529   79   59 593950.024 363010.529  38.9%   829 4110s
  3481  2945 363010.529   78   36 593950.024 363010.529  38.9%   828 4115s
  3489  2953 363010.529   80   36 593950.024 363010.529  38.9%   827 4120s
  3499  2963 363010.529   81   58 593950.024 363010.529  38.9%   826 4125s
  3507  2971 363010.529   81   68 593950.024 363010.529  38.9%   826 4130s
  3508  2972 363010.529   80   36 593950.024 363010.529  38.9%   826 4141s
  3513  2977 363010.529   83   48 593950.024 363010.529  38.9%   825 4145s
  3521  2985 363010.529   84   25 593950.024 363010.529  38.9%   826 4150s
  3528  2992 363010.529   86   70 593950.024 363010.529  38.9%   826 4155s
  3537  3001 363010.529   84   38 593950.024 363010.529  38.9%   825 4160s
  3545  3009 363010.576   85   54 593950.024 363010.529  38.9%   824 4165s
  3553  3017 363010.529   89   48 593950.024 363010.529  38.9%   824 4170s
  3560  3024 363010.576   90   51 593950.024 363010.529  38.9%   825 4175s
  3562  3026 363010.529   90   48 593950.024 363010.529  38.9%   825 4183s
  3564  3028 363010.529   90   50 593950.024 363010.529  38.9%   825 4185s
  3565  3029 363010.529   87   56 593950.024 363010.529  38.9%   825 4191s
  3570  3034 363010.529   90   62 593950.024 363010.529  38.9%   825 4195s
  3578  3042 363010.576   88   35 593950.024 363010.529  38.9%   825 4200s
  3584  3048 367091.091   93   72 593950.024 363010.529  38.9%   826 4205s
  3589  3053 363010.529   92   37 593950.024 363010.529  38.9%   826 4240s
  3596  3060 363010.529   94   55 593950.024 363010.529  38.9%   825 4245s
  3603  3067 363010.529   92   65 593950.024 363010.529  38.9%   825 4250s
  3610  3074 363010.529   96   40 593950.024 363010.529  38.9%   825 4255s
  3616  3080 363010.529   98   40 593950.024 363010.529  38.9%   825 4264s
  3617  3081 363010.529   98   43 593950.024 363010.529  38.9%   825 4265s
  3623  3087 363010.529   99   39 593950.024 363010.529  38.9%   826 4271s
  3629  3093 363010.529  100   48 593950.024 363010.529  38.9%   825 4275s
  3634  3098 363010.529  100   83 593950.024 363010.529  38.9%   827 4280s
  3643  3107 363010.529  101   71 593950.024 363010.529  38.9%   826 4286s
  3651  3115 364223.880  102   85 593950.024 363010.529  38.9%   826 4291s
  3657  3121 363010.529  103   56 593950.024 363010.529  38.9%   824 4295s
  3661  3125 363010.529  104   25 593950.024 363010.529  38.9%   829 4300s
  3666  3130 363010.529  104   32 593950.024 363010.529  38.9%   833 4314s
  3667  3131 363010.529  104   34 593950.024 363010.529  38.9%   835 4316s
  3670  3134 363010.529  105   45 593950.024 363010.529  38.9%   836 4328s
  3673  3137 363010.529  106   29 593950.024 363010.529  38.9%   836 4330s
  3680  3142 369207.914  107   75 593950.024 363010.529  38.9%   839 4335s
  3687  3147 369157.344  106   73 593950.024 363010.529  38.9%   843 4340s
  3694  3154 367854.177  106   83 593950.024 363010.529  38.9%   846 4345s
  3700  3160 363010.529  104   44 593950.024 363010.529  38.9%   847 4350s
  3705  3165 363878.203  108   76 593950.024 363010.529  38.9%   847 4355s
  3710  3170 363010.529  109   64 593950.024 363010.529  38.9%   847 4360s
  3716  3176 369467.450  106   92 593950.024 363010.529  38.9%   848 4365s
  3721  3181 367782.742  110   62 593950.024 363010.529  38.9%   849 4370s
  3724  3184 363010.529  110   60 593950.024 363010.529  38.9%   850 4380s
  3729  3189 363761.500  107   76 593950.024 363010.529  38.9%   851 4385s
  3736  3196 363010.529  112   66 593950.024 363010.529  38.9%   851 4390s
  3742  3202 363010.529  112   35 593950.024 363010.529  38.9%   853 4395s
  3748  3208 363010.529  113   81 593950.024 363010.529  38.9%   853 4400s
  3752  3212 371339.033  114   96 593950.024 363010.529  38.9%   856 4405s
  3757  3217 363010.529  114   52 593950.024 363010.529  38.9%   859 4410s
  3763  3223 363010.529  115   37 593950.024 363010.529  38.9%   861 4415s
  3767  3227 363010.529  115   78 593950.024 363010.529  38.9%   862 4424s
  3768  3228 367437.325  115   74 593950.024 363010.529  38.9%   863 4425s
  3772  3232 363010.529  116   47 593950.024 363010.529  38.9%   866 4430s
  3778  3238 363010.529  116   34 593950.024 363010.529  38.9%   865 4438s
  3780  3240 363010.529  117   38 593950.024 363010.529  38.9%   866 4440s
  3787  3247 363010.529  117   57 593950.024 363010.529  38.9%   865 4445s
  3795  3255 363010.529  118   72 593950.024 363010.529  38.9%   864 4450s
  3805  3265 367576.036  120   86 593950.024 363010.529  38.9%   863 4462s
  3812  3272 363010.529  120   48 593950.024 363010.529  38.9%   861 4465s
  3823  3283 363010.529  121   53 593950.024 363010.529  38.9%   859 4470s
  3832  3292 363010.529  122   46 593950.024 363010.529  38.9%   857 4475s
  3839  3299 363010.529  123   64 593950.024 363010.529  38.9%   858 4480s
  3847  3307 363010.529  124   30 593950.024 363010.529  38.9%   861 4485s
  3853  3313 363010.529  125   56 593950.024 363010.529  38.9%   865 4490s
  3859  3319 363010.529  125   48 593950.024 363010.529  38.9%   864 4503s
  3861  3321 363010.529  126   53 593950.024 363010.529  38.9%   863 4505s
  3868  3328 363010.529  127   58 593950.024 363010.529  38.9%   863 4520s
  3878  3338 363010.529  128   38 593950.024 363010.529  38.9%   861 4525s
  3886  3346 363010.529  129   52 593950.024 363010.529  38.9%   859 4536s
  3894  3354 363010.529  131   42 593950.024 363010.529  38.9%   857 4540s
  3902  3362 363010.529  130   46 593950.024 363010.529  38.9%   856 4545s
  3912  3372 363010.529  131   54 593950.024 363010.529  38.9%   854 4550s
  3913  3373 363010.529  132   53 593950.024 363010.529  38.9%   854 4562s
  3917  3377 363010.529  133   53 593950.024 363010.529  38.9%   853 4565s
  3927  3387 363010.529  134   43 593950.024 363010.529  38.9%   851 4570s
  3935  3395 363010.529  135   35 593950.024 363010.529  38.9%   850 4575s
  3945  3405 363010.529  136   48 593950.024 363010.529  38.9%   848 4580s
  3955  3415 363010.529  137   35 593950.024 363010.529  38.9%   846 4585s
  3967  3427 363010.529  137   52 593950.024 363010.529  38.9%   843 4595s
  3969  3429 363010.529  139   53 593950.024 363010.529  38.9%   843 4601s
  3977  3437 363010.529  140   34 593950.024 363010.529  38.9%   841 4605s
  3989  3449 363010.529  141   39 593950.024 363010.529  38.9%   839 4610s
  3997  3457 363010.529  142   38 593950.024 363010.529  38.9%   838 4615s
  4006  3466 363010.529  143   38 593950.024 363010.529  38.9%   836 4620s
  4012  3472 363010.529  144   40 593950.024 363010.529  38.9%   835 4637s
  4018  3478 363010.529  144   42 593950.024 363010.529  38.9%   833 4640s
  4021  3481 363010.529  145   35 593950.024 363010.529  38.9%   833 4650s
  4030  3490 363010.529  146   36 593950.024 363010.529  38.9%   831 4655s
  4041  3501 363010.529  148   35 593950.024 363010.529  38.9%   829 4660s
  4052  3512 363010.529  148   45 593950.024 363010.529  38.9%   827 4665s
  4063  3523 363010.529  149   56 593950.024 363010.529  38.9%   825 4670s
  4070  3530 363010.529  151   36 593950.024 363010.529  38.9%   824 4681s
  4075  3533 363010.529  151   56 593950.024 363010.529  38.9%   823 4692s
  4081  3539 363010.529  153   33 593950.024 363010.529  38.9%   822 4695s
  4094  3550 363010.529  154   38 593950.024 363010.529  38.9%   819 4700s
  4106  3562 363010.529  155   39 593950.024 363010.529  38.9%   817 4705s
  4116  3572 363010.529  156   39 593950.024 363010.529  38.9%   817 4710s
  4127  3583 363010.529  157   37 593950.024 363010.529  38.9%   815 4715s
  4129  3585 363010.529  158   35 593950.024 363010.529  38.9%   814 4723s
  4133  3589 363010.529  159   35 593950.024 363010.529  38.9%   814 4725s
  4145  3599 363010.529  159   47 593950.024 363010.529  38.9%   811 4730s
  4156  3608 363010.529  161   37 593950.024 363010.529  38.9%   809 4742s
  4165  3613 363010.529  164   54 593950.024 363010.529  38.9%   808 4745s
  4171  3619 363010.529  163   39 593950.024 363010.529  38.9%   807 4757s
  4175  3623 363010.529  163   37 593950.024 363010.529  38.9%   806 4760s
  4186  3634 363010.529  162   39 593950.024 363010.529  38.9%   804 4765s
  4196  3644 363010.529  163   47 593950.024 363010.529  38.9%   802 4770s
  4198  3646 363010.529  163   39 593950.024 363010.529  38.9%   802 4791s
  4206  3654 363010.529  167   48 593950.024 363010.529  38.9%   801 4795s
  4210  3658 363010.529  167   46 593950.024 363010.529  38.9%   800 4805s
  4219  3667 363010.529  169   52 593950.024 363010.529  38.9%   798 4810s
  4231  3677 363010.529  170   35 593950.024 363010.529  38.9%   796 4815s
  4244  3688 363010.529  171   62 593950.024 363010.529  38.9%   794 4820s
  4255  3699 363010.529  172   71 593950.024 363010.529  38.9%   792 4825s
  4265  3709 363010.529  174   36 593950.024 363010.529  38.9%   790 4835s
  4272  3714 363010.529  173   48 593950.024 363010.529  38.9%   790 4846s
  4280  3722 363010.529  174   48 593950.024 363010.529  38.9%   789 4850s
  4290  3732 363010.529  175   47 593950.024 363010.529  38.9%   787 4855s
  4302  3742 363010.529  176   33 593950.024 363010.529  38.9%   785 4860s
  4312  3752 363010.529  177   40 593950.024 363010.529  38.9%   784 4865s
  4319  3759 363010.529  180   50 593950.024 363010.529  38.9%   782 4874s
  4321  3759 363010.529  181   58 593950.024 363010.529  38.9%   782 4875s
  4332  3768 363010.529  179   43 593950.024 363010.529  38.9%   780 4880s
  4346  3776 363010.529  181   43 593950.024 363010.529  38.9%   778 4885s
  4360  3786 363010.529  182   31 593950.024 363010.529  38.9%   775 4890s
  4373  3793 363010.529  183   31 593950.024 363010.529  38.9%   773 4915s
  4383  3803 363010.529  184   43 593950.024 363010.529  38.9%   772 4920s
  4393  3813 363010.529  185   33 593950.024 363010.529  38.9%   770 4925s
  4404  3822 363010.529  190   46 593950.024 363010.529  38.9%   769 4930s
  4415  3831 363010.529  192   42 593950.024 363010.529  38.9%   767 4935s
  4428  3840 363010.529  194   51 593950.024 363010.529  38.9%   765 4951s
  4435  3847 370192.430  195   63 593950.024 363010.529  38.9%   765 4955s
  4445  3857 363010.529  197   56 593950.024 363010.529  38.9%   764 4960s
  4457  3865 363010.529  197   54 593950.024 363010.529  38.9%   762 4987s
  4465  3871 363010.529  199   39 593950.024 363010.529  38.9%   761 4990s
  4474  3880 363010.529  201   45 593950.024 363010.529  38.9%   761 5004s
  4476  3882 363010.529  201   43 593950.024 363010.529  38.9%   760 5005s
  4482  3888 363010.529  199   49 593950.024 363010.529  38.9%   760 5014s
  4484  3890 363010.529  199   47 593950.024 363010.529  38.9%   759 5015s
  4495  3901 363010.529  202   57 593950.024 363010.529  38.9%   757 5020s
  4506  3912 363010.529  205   41 593950.024 363010.529  38.9%   756 5025s
  4517  3923 363010.529  206   53 593950.024 363010.529  38.9%   754 5030s
  4528  3934 363010.529  207   42 593950.024 363010.529  38.9%   753 5035s
  4536  3940 363010.529  206   46 593950.024 363010.529  38.9%   752 5047s
  4542  3946 363010.529  209   52 593950.024 363010.529  38.9%   751 5050s
  4552  3956 363010.529  212   50 593950.024 363010.529  38.9%   750 5055s
  4562  3966 363010.529  211   38 593950.024 363010.529  38.9%   748 5060s
  4571  3975 363010.529  213   65 593950.024 363010.529  38.9%   747 5065s
  4575  3979 363010.529  210   48 593950.024 363010.529  38.9%   746 5074s
  4576  3980 363010.529  210   53 593950.024 363010.529  38.9%   746 5075s
  4586  3990 363010.529  215   48 593950.024 363010.529  38.9%   745 5080s
  4590  3992 363010.529  213   54 593950.024 363010.529  38.9%   744 5093s
  4594  3996 363010.529  216   54 593950.024 363010.529  38.9%   743 5095s
  4603  4005 363010.529  218   53 593950.024 363010.529  38.9%   742 5100s
  4614  4016 363010.576  219   42 593950.024 363010.529  38.9%   741 5105s
  4626  4028 363010.576  220   49 593950.024 363010.529  38.9%   739 5110s
  4636  4038 363133.337  221   86 593950.024 363010.529  38.9%   738 5115s
  4644  4046 363010.529  223   48 593950.024 363010.529  38.9%   737 5122s
  4649  4051 363010.529  220   39 593950.024 363010.529  38.9%   736 5125s
  4659  4061 363024.700  223   75 593950.024 363010.529  38.9%   735 5130s
  4669  4071 363019.677  223   72 593950.024 363010.529  38.9%   734 5135s
  4671  4073 363010.529  223   46 593950.024 363010.529  38.9%   733 5142s
  4676  4078 363010.529  225   48 593950.024 363010.529  38.9%   733 5148s
  4679  4081 363010.529  225   48 593950.024 363010.529  38.9%   732 5150s
  4689  4091 363010.529  226   31 593950.024 363010.529  38.9%   731 5155s
  4703  4101 363010.529  227   46 593950.024 363010.529  38.9%   729 5160s
  4713  4111 363010.529  227   41 593950.024 363010.529  38.9%   728 5165s
  4723  4121 363010.529  232   40 593950.024 363010.529  38.9%   727 5170s
  4725  4123 363010.529  227   55 593950.024 363010.529  38.9%   726 5178s
  4730  4126 363010.529  225   52 593950.024 363010.529  38.9%   726 5180s
  4741  4137 363010.529  226   51 593950.024 363010.529  38.9%   724 5185s
  4754  4150 363010.529  226   45 593950.024 363010.529  38.9%   723 5190s
  4765  4161 363010.529  233   49 593950.024 363010.529  38.9%   721 5195s
  4777  4170 363010.529  226   43 593950.024 363010.529  38.9%   720 5208s
  4779  4172 363010.529  227   41 593950.024 363010.529  38.9%   720 5218s
  4782  4175 363010.529  230   44 593950.024 363010.529  38.9%   719 5220s
  4784  4177 363010.529  231   38 593950.024 363010.529  38.9%   719 5235s
  4795  4186 363010.529  222   60 593950.024 363010.529  38.9%   718 5240s
  4807  4196 363010.529  222   41 593950.024 363010.529  38.9%   717 5251s
  4816  4205 363010.529  222   42 593950.024 363010.529  38.9%   716 5255s
  4827  4214 363010.529  222   55 593950.024 363010.529  38.9%   714 5260s
  4838  4225 363010.529  232   39 593950.024 363010.529  38.9%   713 5265s
  4852  4237 363010.529  239   38 593950.024 363010.529  38.9%   711 5270s
  4861  4246 363010.529  221   59 593950.024 363010.529  38.9%   710 5283s
  4865  4250 363010.529  225   48 593950.024 363010.529  38.9%   710 5285s
  4875  4260 363010.529  221   34 593950.024 363010.529  38.9%   708 5290s
  4878  4263 363010.529  228   51 593950.024 363010.529  38.9%   708 5298s
  4882  4267 363010.529  230   57 593950.024 363010.529  38.9%   708 5300s
  4894  4277 363010.529  222   49 593950.024 363010.529  38.9%   706 5305s
  4905  4288 363010.529  219   44 593950.024 363010.529  38.9%   705 5310s
  4915  4298 363010.529  219   41 593950.024 363010.529  38.9%   704 5325s
  4923  4306 363010.529  217   56 593950.024 363010.529  38.9%   703 5330s
  4934  4317 363010.529  229   58 593950.024 363010.529  38.9%   702 5335s
  4942  4325 363010.529  218   79 593950.024 363010.529  38.9%   701 5368s
  4945  4328 363010.529  216   79 593950.024 363010.529  38.9%   701 5370s
  4955  4336 363010.529  212   78 593950.024 363010.529  38.9%   700 5375s
  4964  4345 363010.529  225   72 593950.024 363010.529  38.9%   700 5380s
  4969  4350 363010.529  214   35 593950.024 363010.529  38.9%   700 5390s
  4977  4358 363010.529  216   92 593950.024 363010.529  38.9%   700 5395s
  4979  4360 363010.529  215   91 593950.024 363010.529  38.9%   700 5406s
  4985  4366 363010.529  214   37 593950.024 363010.529  38.9%   700 5410s
  4994  4375 363010.529  218   59 593950.024 363010.529  38.9%   700 5415s
  5004  4385 367935.204  223   63 593950.024 363010.529  38.9%   699 5420s
  5011  4392 363010.529  214   84 593950.024 363010.529  38.9%   699 5425s
  5022  4401 363010.529  216   42 593950.024 363010.529  38.9%   700 5430s
  5023  4402 363010.529  216   39 593950.024 363010.529  38.9%   700 5436s
  5028  4407 363010.529  213   54 593950.024 363010.529  38.9%   701 5440s
  5036  4415 363010.529  217   47 593950.024 363010.529  38.9%   701 5445s
  5045  4424 363010.529  211   90 593950.024 363010.529  38.9%   701 5450s
  5054  4433 363010.529  215   51 593950.024 363010.529  38.9%   700 5455s
  5064  4443 363010.529  211   53 593950.024 363010.529  38.9%   699 5460s
  5075  4454 363010.529  210   88 593950.024 363010.529  38.9%   699 5465s
  5078  4454 363010.529  218   36 593950.024 363010.529  38.9%   699 5470s
  5080  4454 363010.529  219   72 593950.024 363010.529  38.9%   698 5479s
  5082  4456 368519.946  220   52 593950.024 363010.529  38.9%   698 5480s
  5094  4464 363010.529  216   34 593950.024 363010.529  38.9%   698 5485s
  5106  4472 363010.529  208   86 593950.024 363010.529  38.9%   698 5490s
  5117  4483 363010.529  217   52 593950.024 363010.529  38.9%   697 5495s
  5127  4493 363010.529  211   58 593950.024 363010.529  38.9%   696 5500s
  5133  4499 363010.529  214   56 593950.024 363010.529  38.9%   696 5508s
  5137  4503 363010.529  216   58 593950.024 363010.529  38.9%   696 5510s
  5148  4514 363010.529  206   71 593950.024 363010.529  38.9%   695 5515s
  5159  4525 363010.529  209   51 593950.024 363010.529  38.9%   694 5520s
  5170  4534 363010.529  204   38 593950.024 363010.529  38.9%   695 5525s
  5180  4544 363010.529  207   46 593950.024 363010.529  38.9%   694 5530s
  5181  4545 363010.529  210   40 593950.024 363010.529  38.9%   694 5536s
  5187  4549 363066.307  213   93 593950.024 363010.529  38.9%   694 5547s
  5190  4552 363010.529  204   42 593950.024 363010.529  38.9%   695 5550s
  5201  4563 363010.529  210   40 593950.024 363010.529  38.9%   694 5555s
  5213  4573 363010.529  216   60 593950.024 363010.529  38.9%   694 5560s
  5225  4583 367868.561  210   67 593950.024 363010.529  38.9%   693 5565s
  5235  4591 363010.529  214   75 593950.024 363010.529  38.9%   694 5570s
  5241  4597 363010.529  217   67 593950.024 363010.529  38.9%   694 5582s
  5246  4602 363010.529  207   67 593950.024 363010.529  38.9%   694 5585s
  5255  4611 363010.529  208   73 593950.024 363010.529  38.9%   695 5590s
  5265  4619 363010.529  208   49 593950.024 363010.529  38.9%   695 5595s
  5275  4629 363010.529  213   45 593950.024 363010.529  38.9%   694 5600s
  5282  4636 363010.529  201   86 593950.024 363010.529  38.9%   693 5610s
  5289  4643 367755.266  220   64 593950.024 363010.529  38.9%   693 5615s
  5295  4647 363010.529  205   30 593950.024 363010.529  38.9%   694 5625s
  5303  4655 363010.529  209   50 593950.024 363010.529  38.9%   694 5630s
  5309  4661 363010.529  202   57 593950.024 363010.529  38.9%   693 5648s
  5313  4663 367705.567  204   78 593950.024 363010.529  38.9%   694 5650s
  5324  4674 363010.529  203   76 593950.024 363010.529  38.9%   693 5655s
  5334  4684 363010.529  204   36 593950.024 363010.529  38.9%   693 5660s
  5346  4694 363010.529  199   80 593950.024 363010.529  38.9%   692 5665s
  5349  4695 363010.529  203   58 593950.024 363010.529  38.9%   691 5676s
  5356  4702 363010.529  201   80 593950.024 363010.529  38.9%   691 5680s
  5368  4712 363010.529  205   84 593950.024 363010.529  38.9%   691 5685s
  5378  4722 363010.529  200   88 593950.024 363010.529  38.9%   690 5690s
  5383  4727 363010.529  214   94 593950.024 363010.529  38.9%   690 5704s
  5384  4728 363010.529  200  103 593950.024 363010.529  38.9%   690 5705s
  5393  4737 363010.529  219   48 593950.024 363010.529  38.9%   689 5710s
  5401  4743 363010.529  198   88 593950.024 363010.529  38.9%   689 5715s
  5403  4745 363010.529  199   60 593950.024 363010.529  38.9%   689 5724s
  5404  4746 363010.529  200   87 593950.024 363010.529  38.9%   689 5725s
  5414  4756 363010.529  199   73 593950.024 363010.529  38.9%   688 5730s
  5426  4766 363010.529  199   76 593950.024 363010.529  38.9%   687 5735s
  5436  4776 363010.529  204   41 593950.024 363010.529  38.9%   687 5741s
  5445  4785 363010.529  200   38 593950.024 363010.529  38.9%   686 5745s
  5457  4793 363010.529  198   44 593950.024 363010.529  38.9%   686 5756s
  5462  4798 363010.529  201   50 593950.024 363010.529  38.9%   685 5775s
  5474  4807 363010.529  206   53 593950.024 363010.529  38.9%   684 5780s
  5484  4815 363010.529  211   60 593950.024 363010.529  38.9%   683 5790s
  5494  4825 363010.529  216   71 593950.024 363010.529  38.9%   682 5795s
  5504  4831 363010.529  221   63 593950.024 363010.529  38.9%   682 5800s
  5511  4838 363010.529  192   96 593950.024 363010.529  38.9%   681 5811s
  5517  4844 363010.529  192   72 593950.024 363010.529  38.9%   681 5815s
  5528  4853 363010.529  196   49 593950.024 363010.529  38.9%   680 5820s
  5540  4863 363010.529  202   55 593950.024 363010.529  38.9%   679 5825s
  5551  4872 363010.529  193   41 593950.024 363010.529  38.9%   679 5830s
  5562  4881 363010.529  192   77 593950.024 363010.529  38.9%   678 5835s
  5565  4884 363010.529  194   37 593950.024 363010.529  38.9%   679 5843s
  5568  4887 363010.529  195   56 593950.024 363010.529  38.9%   679 5845s
  5579  4892 363010.529  194   84 593950.024 363010.529  38.9%   679 5850s
  5585  4896 363010.529  195   76 593950.024 363010.529  38.9%   680 5859s
  5587  4898 363010.529  196   69 593950.024 363010.529  38.9%   679 5860s
  5601  4910 363010.529  203   92 593950.024 363010.529  38.9%   678 5865s
  5613  4920 363010.529  192   77 593950.024 363010.529  38.9%   677 5870s
  5619  4926 363010.529  193   87 593950.024 363010.529  38.9%   676 5881s
  5627  4934 363010.529  191   85 593950.024 363010.529  38.9%   676 5885s
  5639  4944 363010.529  192   55 593950.024 363010.529  38.9%   675 5890s
  5646  4949 363010.529  191   89 593950.024 363010.529  38.9%   675 5912s
  5654  4955 363010.529  195   39 593950.024 363010.529  38.9%   675 5915s
  5665  4966 363010.529  190   51 593950.024 363010.529  38.9%   674 5920s
  5673  4974 363010.529  186   73 593950.024 363010.529  38.9%   674 5930s
  5684  4983 363010.529  185   60 593950.024 363010.529  38.9%   674 5935s
  5686  4985 363010.529  186   59 593950.024 363010.529  38.9%   674 5943s
  5689  4988 363010.529  186   78 593950.024 363010.529  38.9%   674 5945s
  5700  4999 363010.529  187   65 593950.024 363010.529  38.9%   673 5958s
  5707  5002 363010.529  188   70 593950.024 363010.529  38.9%   672 5960s
  5719  5010 363010.529  188   74 593950.024 363010.529  38.9%   672 5965s
  5732  5021 363010.529  188   74 593950.024 363010.529  38.9%   671 5970s
  5745  5032 363010.529  190   66 593950.024 363010.529  38.9%   669 5975s
  5754  5041 363010.529  194   44 593950.024 363010.529  38.9%   669 5987s
  5761  5048 363010.529  198   54 593950.024 363010.529  38.9%   668 5990s
  5772  5059 363010.529  189   60 593950.024 363010.529  38.9%   668 5995s
  5786  5069 363010.529  192   52 593950.024 363010.529  38.9%   666 6000s
  5787  5070 363010.529  185   88 593950.024 363010.529  38.9%   666 6009s
  5788  5071 363010.529  193   40 593950.024 363010.529  38.9%   666 6010s
  5798  5081 363010.529  198   34 593950.024 363010.529  38.9%   665 6015s
  5809  5092 363010.529  186   70 593950.024 363010.529  38.9%   664 6026s
  5821  5100 363010.529  185   61 593950.024 363010.529  38.9%   663 6030s
  5829  5108 363010.529  184   36 593950.024 363010.529  38.9%   663 6035s
  5837  5116 363010.529  184   32 593950.024 363010.529  38.9%   666 6040s
  5847  5124 363010.529  182   90 593950.024 363010.529  38.9%   665 6045s
  5855  5132 363010.529  182   70 593950.024 363010.529  38.9%   665 6050s
  5858  5133 371195.361  183   59 593950.024 363010.529  38.9%   666 6055s
  5863  5138 363010.529  180   87 593950.024 363010.529  38.9%   665 6066s
  5871  5146 363010.529  182   88 593950.024 363010.529  38.9%   665 6070s
  5882  5155 363010.529  181   43 593950.024 363010.529  38.9%   664 6075s
  5888  5161 363010.529  184   41 593950.024 363010.529  38.9%   664 6087s
  5889  5162 363010.529  178   61 593950.024 363010.529  38.9%   664 6100s
  5899  5170 363010.529  177   84 593950.024 363010.529  38.9%   664 6105s
  5908  5177 363010.529  177   75 593950.024 363010.529  38.9%   663 6110s
  5917  5184 363010.529  175   81 593950.024 363010.529  38.9%   663 6121s
  5924  5191 363010.529  179   73 593950.024 363010.529  38.9%   662 6125s
  5934  5201 363010.529  184   74 593950.024 363010.529  38.9%   662 6130s
  5941  5208 363010.529  174   87 593950.024 363010.529  38.9%   663 6135s
  5949  5216 363010.529  173   62 593950.024 363010.529  38.9%   664 6140s
  5955  5222 363010.529  172   83 593950.024 363010.529  38.9%   665 6145s
  5966  5231 363010.529  175   52 593950.024 363010.529  38.9%   665 6150s
  5971  5236 363010.529  172   78 593950.024 363010.529  38.9%   665 6162s
  5976  5239 363010.529  174   31 593950.024 363010.529  38.9%   665 6165s
  5985  5248 363010.529  171   43 593950.024 363010.529  38.9%   664 6170s
  5989  5252 363010.529  172   64 593950.024 363010.529  38.9%   664 6179s
  5991  5254 363010.529  172   64 593950.024 363010.529  38.9%   664 6180s
  6000  5261 363010.529  173   71 593950.024 363010.529  38.9%   663 6185s
  6008  5269 363010.529  171   56 593950.024 363010.529  38.9%   664 6190s
  6016  5277 363010.529  170   70 593950.024 363010.529  38.9%   663 6230s
  6025  5286 363010.529  167   74 593950.024 363010.529  38.9%   663 6243s
  6029  5290 363010.529  167   88 593950.024 363010.529  38.9%   662 6245s
  6039  5298 363010.529  168   81 593950.024 363010.529  38.9%   662 6250s
  6047  5306 363010.529  168   85 593950.024 363010.529  38.9%   663 6255s
  6058  5315 363010.529  167   64 593950.024 363010.529  38.9%   662 6260s
  6065  5322 363010.529  166   75 593950.024 363010.529  38.9%   663 6265s
  6074  5331 363010.529  164   31 593950.024 363010.529  38.9%   664 6270s
  6079  5336 363010.529  165   69 593950.024 363010.529  38.9%   665 6280s
  6086  5343 363010.529  163   79 593950.024 363010.529  38.9%   665 6285s
  6090  5347 363010.529  165   44 593950.024 363010.529  38.9%   665 6295s
  6098  5355 363010.529  169   47 593950.024 363010.529  38.9%   666 6300s
  6109  5366 363010.529  162   73 593950.024 363010.529  38.9%   666 6305s
  6121  5378 363010.529  164   37 593950.024 363010.529  38.9%   665 6310s
  6129  5386 363010.529  162   83 593950.024 363010.529  38.9%   666 6315s
  6133  5390 363010.529  162   94 593950.024 363010.529  38.9%   665 6322s
  6138  5395 363010.529  160   72 593950.024 363010.529  38.9%   666 6325s
  6147  5404 363010.529  160   85 593950.024 363010.529  38.9%   665 6330s
  6157  5414 363010.529  157   60 593950.024 363010.529  38.9%   665 6335s
  6169  5426 363010.529  157   57 593950.024 363010.529  38.9%   663 6340s
  6179  5436 363010.529  157   81 593950.024 363010.529  38.9%   663 6345s
  6187  5444 363010.529  157   72 593950.024 363010.529  38.9%   662 6352s
  6191  5446 363010.529  156   44 593950.024 363010.529  38.9%   662 6362s
  6198  5453 367370.554  156   67 593950.024 363010.529  38.9%   662 6365s
  6208  5463 363010.529  155   79 593950.024 363010.529  38.9%   662 6370s
  6217  5472 363010.529  155   72 593950.024 363010.529  38.9%   662 6375s
  6223  5478 363010.529  154   30 593950.024 363010.529  38.9%   663 6380s
  6233  5488 363010.529  153   59 593950.024 363010.529  38.9%   663 6385s
  6241  5494 363010.529  152   65 593950.024 363010.529  38.9%   665 6395s
  6252  5503 363010.529  153   60 593950.024 363010.529  38.9%   664 6400s
  6261  5512 363010.529  150   63 593950.024 363010.529  38.9%   665 6405s
  6268  5519 363010.529  149   78 593950.024 363010.529  38.9%   665 6417s
  6273  5522 366250.832  149   72 593950.024 363010.529  38.9%   665 6420s
  6281  5530 363010.529  149   91 593950.024 363010.529  38.9%   666 6425s
  6290  5539 377110.267  150   56 593950.024 363010.529  38.9%   667 6430s
H 6292  5533                    442539.02400 363010.529  18.0%   667 6436s
  6295  5537 377066.112  149   62 442539.024 363010.529  18.0%   668 6441s
  6303  5541 363010.529  148   79 442539.024 363010.529  18.0%   669 6445s
  6312  5548 366250.832  147   83 442539.024 363010.529  18.0%   671 6450s
  6321  5555 363010.529  146   67 442539.024 363010.529  18.0%   671 6455s
  6327  5559 363010.529  146   33 442539.024 363010.529  18.0%   672 6460s
  6335  5566 363010.529  145   51 442539.024 363010.529  18.0%   673 6465s
  6342  5572 363010.529  144   49 442539.024 363010.529  18.0%   674 6470s
  6349  5577 366250.832  144   63 442539.024 363010.529  18.0%   677 6475s
  6355  5582 363010.529  142   82 442539.024 363010.529  18.0%   678 6480s
  6361  5587 366250.832  142   65 442539.024 363010.529  18.0%   680 6485s
  6368  5594 363010.529  141   56 442539.024 363010.529  18.0%   681 6490s
  6376  5600 377110.267  142   72 442539.024 363010.529  18.0%   682 6502s
  6380  5603 366325.322  139   94 442539.024 363010.529  18.0%   683 6505s
  6388  5610 366250.832  140   64 442539.024 363010.529  18.0%   685 6510s
  6393  5613 366250.832  140   64 442539.024 363010.529  18.0%   685 6515s
  6395  5614 366254.532  137   64 442539.024 363010.529  18.0%   685 6536s
  6401  5615 378603.559  139   62 442539.024 363010.529  18.0%   687 6540s
  6406  5617 363010.529  138   60 442539.024 363010.529  18.0%   688 6545s
  6413  5619 366325.322  137   62 442539.024 363010.529  18.0%   689 6550s
  6418  5619 366250.832  137   65 442539.024 363010.529  18.0%   692 6555s
  6423  5619 366254.532  135   77 442539.024 363010.529  18.0%   693 6560s
  6430  5621 366250.832  135   61 442539.024 363010.529  18.0%   695 6568s
  6433  5621 366321.622  135   91 442539.024 363010.529  18.0%   696 6571s
  6438  5622 366321.622  135   69 442539.024 363010.529  18.0%   698 6575s
  6445  5624 366250.832  135   83 442539.024 363010.529  18.0%   700 6580s
  6451  5625 366321.622  133   72 442539.024 363010.529  18.0%   702 6585s
  6457  5626 366254.532  132   60 442539.024 363010.529  18.0%   704 6590s
  6463  5627 366250.832  133   75 442539.024 363010.529  18.0%   706 6595s
  6469  5628 363010.529  130   56 442539.024 363010.529  18.0%   708 6600s
  6476  5628 366254.532  130   72 442539.024 363010.529  18.0%   710 6605s
  6482  5629 378536.703  130   63 442539.024 363010.529  18.0%   712 6610s
  6488  5629 366321.622  130   62 442539.024 363010.529  18.0%   713 6615s
  6495  5633 363010.529  129   42 442539.024 363010.529  18.0%   714 6620s
  6501  5635 363010.529  126   66 442539.024 363010.529  18.0%   715 6625s
  6508  5639 363010.529  126   63 442539.024 363010.529  18.0%   715 6656s
  6511  5640 363010.529  126   80 442539.024 363010.529  18.0%   716 6665s
  6517  5643 378543.133  127   53 442539.024 363010.529  18.0%   718 6670s
  6523  5643 378244.922  125   71 442539.024 363010.529  18.0%   721 6675s
  6530  5646 378005.801  125   70 442539.024 363010.529  18.0%   723 6681s
  6536  5648 378244.922  125   83 442539.024 363010.529  18.0%   726 6685s
  6542  5649 366489.952  124   69 442539.024 363010.529  18.0%   729 6690s
  6548  5652 363010.529  122   77 442539.024 363010.529  18.0%   730 6695s
  6556  5656 366489.952  122   78 442539.024 363010.529  18.0%   731 6700s
  6564  5660 366247.427  121   91 442539.024 363010.529  18.0%   732 6705s
  6568  5663 366327.153  121   78 442539.024 363010.529  18.0%   732 6710s
  6576  5667 378399.489  121   67 442539.024 363010.529  18.0%   734 6715s
  6585  5673 363010.529  120   63 442539.024 363010.529  18.0%   734 6720s
  6592  5678 374967.489  118   89 442539.024 363010.529  18.0%   735 6725s
  6599  5683 374967.489  118   74 442539.024 363010.529  18.0%   736 6730s
  6605  5684 366396.220  117   81 442539.024 363010.529  18.0%   738 6735s
  6611  5687 363010.529  115   77 442539.024 363010.529  18.0%   740 6740s
  6616  5690 363010.529  113   87 442539.024 363010.529  18.0%   742 6745s
  6622  5694 367437.325  113   74 442539.024 363010.529  18.0%   743 6750s
  6628  5699 363010.529  111   52 442539.024 363010.529  18.0%   744 6755s
  6633  5700 365165.935  105   87 442539.024 363010.529  18.0%   746 6760s
  6639  5702 375863.578  105   66 442539.024 363010.529  18.0%   748 6766s
  6644  5706 363010.529  103   65 442539.024 363010.529  18.0%   748 6770s
  6647  5709 363010.529  104   36 442539.024 363010.529  18.0%   748 6775s
  6652  5712 367790.651  103   79 442539.024 363010.529  18.0%   749 6780s
  6657  5717 363010.529  102   59 442539.024 363010.529  18.0%   750 6785s
  6661  5719 367746.571  102   82 442539.024 363010.529  18.0%   752 6790s
  6668  5724 363010.529  102   76 442539.024 363010.529  18.0%   754 6796s
  6673  5727 363353.212  102   83 442539.024 363010.529  18.0%   756 6802s
  6677  5731 364848.150  102   83 442539.024 363010.529  18.0%   756 6805s
  6682  5733 363010.529   94   29 442539.024 363010.529  18.0%   758 6810s
  6687  5738 363010.529   95   49 442539.024 363010.529  18.0%   759 6859s
  6689  5740 363010.529   93   62 442539.024 363010.529  18.0%   759 6860s
  6696  5746 368408.782   96   73 442539.024 363010.529  18.0%   759 6868s
  6698  5748 363010.529   93   78 442539.024 363010.529  18.0%   760 6870s
  6700  5750 363010.576   94   62 442539.024 363010.529  18.0%   759 6878s
  6702  5752 363010.529   94   53 442539.024 363010.529  18.0%   759 6880s
  6709  5759 363010.529   93   66 442539.024 363010.529  18.0%   759 6885s
  6716  5765 363010.529   93   54 442539.024 363010.529  18.0%   760 6890s
  6722  5771 363010.529   91   82 442539.024 363010.529  18.0%   760 6895s
  6728  5777 363010.529   94   28 442539.024 363010.529  18.0%   761 6900s
  6734  5783 363010.529   90   66 442539.024 363010.529  18.0%   761 6905s
  6741  5790 363010.529   87   73 442539.024 363010.529  18.0%   762 6910s
  6747  5795 363010.576   85   38 442539.024 363010.529  18.0%   763 6915s
  6753  5801 363010.529   86   39 442539.024 363010.529  18.0%   763 6920s
  6754  5802 363010.529   86   67 442539.024 363010.529  18.0%   763 6928s
  6756  5804 363044.847   86   45 442539.024 363010.529  18.0%   763 6930s
  6763  5811 366120.007   89   73 442539.024 363010.529  18.0%   764 6935s
  6769  5817 363010.529   86   43 442539.024 363010.529  18.0%   764 6940s
  6779  5827 363010.529   91   47 442539.024 363010.529  18.0%   764 6945s
  6786  5834 363010.529   82   65 442539.024 363010.529  18.0%   764 6950s
  6791  5839 363010.529   80   37 442539.024 363010.529  18.0%   764 6955s
  6797  5845 363010.529   83   54 442539.024 363010.529  18.0%   764 6966s
  6804  5852 363010.529   80   84 442539.024 363010.529  18.0%   764 6970s
  6808  5856 363010.529   83   44 442539.024 363010.529  18.0%   764 6976s
  6813  5861 363010.529   81   67 442539.024 363010.529  18.0%   764 6980s
  6819  5867 363010.529   84   37 442539.024 363010.529  18.0%   764 6985s
  6826  5874 363010.529   78   64 442539.024 363010.529  18.0%   764 6990s
  6834  5882 363010.529   79   99 442539.024 363010.529  18.0%   764 6995s
  6839  5887 363010.529   79   62 442539.024 363010.529  18.0%   764 7000s
  6847  5895 363010.529   81   53 442539.024 363010.529  18.0%   763 7005s
  6853  5901 363010.529   81   44 442539.024 363010.529  18.0%   763 7010s
  6860  5908 363010.529   81   77 442539.024 363010.529  18.0%   763 7015s
  6862  5910 363010.529   81   50 442539.024 363010.529  18.0%   763 7023s
  6864  5912 363010.529   81   69 442539.024 363010.529  18.0%   763 7025s
  6871  5919 363010.529   83   79 442539.024 363010.529  18.0%   763 7030s
  6878  5926 363010.529   83   40 442539.024 363010.529  18.0%   763 7035s
  6886  5934 363010.529   83   50 442539.024 363010.529  18.0%   763 7040s
  6890  5938 363010.529   84   30 442539.024 363010.529  18.0%   765 7045s
  6895  5943 363010.529   84   24 442539.024 363010.529  18.0%   765 7050s
  6898  5946 363010.529   85   29 442539.024 363010.529  18.0%   765 7058s
  6900  5948 363010.529   86   73 442539.024 363010.529  18.0%   765 7060s
  6906  5954 363010.529   87   53 442539.024 363010.529  18.0%   765 7065s
  6912  5960 363010.529   86   76 442539.024 363010.529  18.0%   765 7070s
  6916  5964 363010.529   88   54 442539.024 363010.529  18.0%   765 7084s
  6917  5965 363010.576   86   59 442539.024 363010.529  18.0%   766 7086s
  6921  5969 363010.532   87   73 442539.024 363010.529  18.0%   766 7090s
  6927  5975 363010.529   89   42 442539.024 363010.529  18.0%   765 7095s
  6934  5982 363010.529   88   61 442539.024 363010.529  18.0%   765 7100s
  6941  5989 363010.529   89   73 442539.024 363010.529  18.0%   765 7105s
  6946  5994 363010.529   90   63 442539.024 363010.529  18.0%   765 7110s
  6952  6000 363010.529   89   44 442539.024 363010.529  18.0%   765 7115s
  6957  6004 363366.815   90   82 442539.024 363010.529  18.0%   766 7120s
  6963  6010 363010.529   91   51 442539.024 363010.529  18.0%   766 7125s
  6969  6016 363406.353   91   72 442539.024 363010.529  18.0%   766 7130s
  6970  6017 363010.529   91   55 442539.024 363010.529  18.0%   766 7136s
  6976  6023 363010.529   92   65 442539.024 363010.529  18.0%   766 7140s
  6982  6029 363010.529   92   44 442539.024 363010.529  18.0%   766 7145s
  6988  6035 363010.529   94   76 442539.024 363010.529  18.0%   767 7151s
  6994  6041 363010.551   94   53 442539.024 363010.529  18.0%   768 7155s
  6999  6046 363010.529   95   71 442539.024 363010.529  18.0%   768 7165s
  7004  6051 363010.529   94   32 442539.024 363010.529  18.0%   769 7170s
  7009  6056 363010.529   96   44 442539.024 363010.529  18.0%   770 7175s
  7013  6059 363010.529   95   49 442539.024 363010.529  18.0%   770 7180s
  7018  6064 363010.529   95   50 442539.024 363010.529  18.0%   772 7185s
  7024  6069 363010.529   96   71 442539.024 363010.529  18.0%   772 7195s
  7030  6075 363010.529   99   78 442539.024 363010.529  18.0%   772 7200s
  7036  6081 363010.529   97   71 442539.024 363010.529  18.0%   772 7205s
  7042  6087 366027.724  100   59 442539.024 363010.529  18.0%   773 7210s
  7048  6093 363010.544   98   67 442539.024 363010.529  18.0%   773 7215s
  7054  6099 363010.576   99   47 442539.024 363010.529  18.0%   773 7220s
  7059  6104 363010.576   99   69 442539.024 363010.529  18.0%   774 7225s
  7065  6110 363010.529  100   53 442539.024 363010.529  18.0%   774 7230s
  7073  6118 363010.529  103   61 442539.024 363010.529  18.0%   774 7235s
  7078  6123 363010.529  102   51 442539.024 363010.529  18.0%   774 7244s
  7079  6124 363010.532  101   86 442539.024 363010.529  18.0%   774 7245s
  7084  6129 363010.529  104   27 442539.024 363010.529  18.0%   774 7250s
  7086  6130 365664.117  105   69 442539.024 363010.529  18.0%   775 7256s
  7090  6133 364855.466  104  121 442539.024 363010.529  18.0%   776 7260s
  7095  6137 363010.529  105   50 442539.024 363010.529  18.0%   777 7265s
  7100  6141 363010.529  104   30 442539.024 363010.529  18.0%   778 7278s
  7102  6143 363010.529  104   30 442539.024 363010.529  18.0%   779 7280s
  7106  6145 372094.560  108  143 442539.024 363010.529  18.0%   780 7285s
  7112  6151 363010.529  107   82 442539.024 363010.529  18.0%   781 7303s
  7115  6152 370246.491  110   76 442539.024 363010.529  18.0%   782 7305s
  7121  6155 370682.902  111  109 442539.024 363010.529  18.0%   783 7310s
  7127  6158 366231.028  112   68 442539.024 363010.529  18.0%   785 7315s
  7132  6158 365376.424  110   94 442539.024 363010.529  18.0%   786 7325s
  7138  6162 365087.652  108   68 442539.024 363010.529  18.0%   787 7330s
  7145  6167 363270.271  106   82 442539.024 363010.529  18.0%   789 7335s
  7151  6173 363010.529  104   41 442539.024 363010.529  18.0%   791 7340s
  7157  6175 364021.716  106  104 442539.024 363010.529  18.0%   792 7345s
  7159  6176 374312.543  107   98 442539.024 363010.529  18.0%   792 7354s
  7160  6176 370946.693  107   73 442539.024 363010.529  18.0%   793 7355s
  7167  6181 366397.533  103   84 442539.024 363010.529  18.0%   794 7360s
  7172  6185 364846.019  105  127 442539.024 363010.529  18.0%   796 7365s
  7177  6187 365175.626  105   68 442539.024 363010.529  18.0%   797 7370s
  7185  6192 363010.529  102   56 442539.024 363010.529  18.0%   798 7375s
  7192  6197 363903.753  104   66 442539.024 363010.529  18.0%   798 7380s
  7195  6198 363010.529  101   57 442539.024 363010.529  18.0%   799 7410s
  7200  6203 363235.966  101   78 442539.024 363010.529  18.0%   800 7415s
  7201  6204 363416.133  102   53 442539.024 363010.529  18.0%   801 7423s
  7204  6207 363010.529  102   46 442539.024 363010.529  18.0%   801 7425s
  7210  6209 364351.386  105   70 442539.024 363010.529  18.0%   802 7430s
  7213  6210 363010.529  101   82 442539.024 363010.529  18.0%   803 7438s
  7215  6211 367465.229  102   81 442539.024 363010.529  18.0%   803 7440s
  7222  6215 363890.411  102   91 442539.024 363010.529  18.0%   804 7445s
  7226  6219 366095.725  101   55 442539.024 363010.529  18.0%   805 7450s
  7233  6226 363010.529   99   71 442539.024 363010.529  18.0%   807 7455s
  7240  6233 363074.550  101   51 442539.024 363010.529  18.0%   807 7468s
  7243  6236 363010.529  100   56 442539.024 363010.529  18.0%   808 7470s
  7249  6242 363295.753   99   64 442539.024 363010.529  18.0%   809 7476s
  7253  6246 363141.332   98   58 442539.024 363010.529  18.0%   810 7480s
  7259  6252 363295.753   98   69 442539.024 363010.529  18.0%   811 7485s
  7264  6257 363010.529  101   52 442539.024 363010.529  18.0%   811 7490s
  7271  6263 363010.529   98   56 442539.024 363010.529  18.0%   811 7495s
  7276  6267 363303.926  103   64 442539.024 363010.529  18.0%   812 7500s
  7282  6272 363303.926  104   42 442539.024 363010.529  18.0%   813 7505s
  7288  6278 363010.529  100   57 442539.024 363010.529  18.0%   813 7510s
  7294  6284 363010.529  101   54 442539.024 363010.529  18.0%   813 7524s
  7296  6285 369349.135  101   60 442539.024 363010.529  18.0%   814 7525s
  7302  6290 369454.593  102   70 442539.024 363010.529  18.0%   814 7536s
  7306  6293 363010.529  102   34 442539.024 363010.529  18.0%   814 7540s
  7313  6299 363010.529  107   52 442539.024 363010.529  18.0%   815 7545s
  7321  6306 375584.413  108  108 442539.024 363010.529  18.0%   815 7550s
  7330  6315 363010.529  109   82 442539.024 363010.529  18.0%   815 7555s
  7338  6322 363010.529  110   44 442539.024 363010.529  18.0%   815 7560s
  7347  6330 363619.905  106  136 442539.024 363010.529  18.0%   815 7565s
  7348  6331 363010.529  106   57 442539.024 363010.529  18.0%   815 7572s
  7353  6335 363010.529  111   50 442539.024 363010.529  18.0%   815 7575s
  7360  6342 363010.529  107   55 442539.024 363010.529  18.0%   815 7580s
  7368  6350 363010.529  114   28 442539.024 363010.529  18.0%   815 7585s
  7373  6354 363010.529  114   29 442539.024 363010.529  18.0%   817 7590s
  7381  6361 363010.529  116   41 442539.024 363010.529  18.0%   818 7595s
  7388  6366 363010.529  115   73 442539.024 363010.529  18.0%   819 7600s
  7393  6371 363010.529  117   70 442539.024 363010.529  18.0%   818 7611s
  7398  6375 363010.529  117   54 442539.024 363010.529  18.0%   818 7615s
  7402  6379 363010.529  119   83 442539.024 363010.529  18.0%   818 7625s
  7403  6380 363010.529  118   52 442539.024 363010.529  18.0%   818 7634s
  7404  6381 373527.773  120   87 442539.024 363010.529  18.0%   818 7635s
  7412  6386 363010.529  119   70 442539.024 363010.529  18.0%   819 7640s
  7423  6396 363010.529  120   70 442539.024 363010.529  18.0%   818 7645s
  7431  6404 363010.529  120   73 442539.024 363010.529  18.0%   818 7650s
  7441  6414 380924.622  121   65 442539.024 363010.529  18.0%   817 7655s
  7450  6423 363010.529  122   50 442539.024 363010.529  18.0%   816 7660s
  7454  6427 363010.529  124   28 442539.024 363010.529  18.0%   817 7686s
  7456  6429 363010.529  124   30 442539.024 363010.529  18.0%   818 7693s
  7459  6432 363010.529  123   48 442539.024 363010.529  18.0%   819 7695s
  7469  6441 363010.529  125   61 442539.024 363010.529  18.0%   819 7700s
  7482  6452 363010.529  126   57 442539.024 363010.529  18.0%   819 7705s
  7483  6453 363010.529  126   58 442539.024 363010.529  18.0%   819 7710s
  7493  6463 363010.529  127   54 442539.024 363010.529  18.0%   818 7715s
  7504  6474 363010.529  129   62 442539.024 363010.529  18.0%   817 7728s
  7507  6477 363010.529  129   56 442539.024 363010.529  18.0%   816 7730s
  7510  6479 368663.779  128  121 442539.024 363010.529  18.0%   817 7735s
  7521  6489 363010.529  131   46 442539.024 363010.529  18.0%   816 7740s
  7534  6502 363010.529  132   46 442539.024 363010.529  18.0%   815 7745s
  7537  6505 363010.529  132   31 442539.024 363010.529  18.0%   814 7751s
  7542  6509 366047.968  135   96 442539.024 363010.529  18.0%   816 7755s
  7553  6520 363010.529  134   21 442539.024 363010.529  18.0%   815 7760s
  7558  6521 375880.190  134  114 442539.024 363010.529  18.0%   818 7765s
  7564  6523 363010.529  133   49 442539.024 363010.529  18.0%   821 7776s
  7568  6523 375880.190  134  108 442539.024 363010.529  18.0%   824 7780s
  7573  6524 363010.529  133   48 442539.024 363010.529  18.0%   826 7785s
  7582  6529 366021.500  134   92 442539.024 363010.529  18.0%   827 7790s
  7588  6531 375939.032  135  104 442539.024 363010.529  18.0%   830 7795s
  7593  6531 375901.167  134  123 442539.024 363010.529  18.0%   833 7800s
  7599  6531 366146.145  135   89 442539.024 363010.529  18.0%   836 7805s
  7605  6537 363010.529  130   58 442539.024 363010.529  18.0%   835 7811s
  7610  6537 366011.554  134   79 442539.024 363010.529  18.0%   838 7815s
  7615  6537 366102.086  131   89 442539.024 363010.529  18.0%   841 7820s
  7618  6538 363010.529  131   50 442539.024 363010.529  18.0%   842 7828s
  7621  6541 363010.529  132   54 442539.024 363010.529  18.0%   842 7830s
  7628  6543 366011.554  133   75 442539.024 363010.529  18.0%   845 7835s
  7633  6543 375878.531  133  123 442539.024 363010.529  18.0%   848 7840s
  7642  6549 366014.101  132   98 442539.024 363010.529  18.0%   850 7845s
  7647  6549 375912.769  131  108 442539.024 363010.529  18.0%   853 7850s
  7650  6549 365991.819  131   75 442539.024 363010.529  18.0%   855 7895s
  7657  6553 363010.529  131   58 442539.024 363010.529  18.0%   856 7900s
  7664  6555 366011.554  132  103 442539.024 363010.529  18.0%   859 7905s
  7669  6555 375865.678  130  108 442539.024 363010.529  18.0%   862 7910s
  7672  6556 363010.529  130   53 442539.024 363010.529  18.0%   863 7915s
  7680  6561 365991.819  130   89 442539.024 363010.529  18.0%   864 7920s
  7685  6561 366061.874  129   77 442539.024 363010.529  18.0%   867 7925s
  7691  6563 363010.529  129   56 442539.024 363010.529  18.0%   869 7930s
  7699  6567 375878.531  130   96 442539.024 363010.529  18.0%   870 7939s
  7700  6567 366011.554  131   80 442539.024 363010.529  18.0%   871 7940s
  7705  6567 375901.167  129  107 442539.024 363010.529  18.0%   874 7945s
  7706  6568 366011.554  129  102 442539.024 363010.529  18.0%   875 7951s
  7714  6574 365997.147  130   88 442539.024 363010.529  18.0%   875 7955s
  7719  6574 375878.531  129  115 442539.024 363010.529  18.0%   878 7960s
  7724  6574 366011.554  129   80 442539.024 363010.529  18.0%   881 7965s
  7726  6575 363010.529  128   50 442539.024 363010.529  18.0%   881 7973s
  7730  6579 363010.529  126   51 442539.024 363010.529  18.0%   881 7975s
  7736  6581 366011.554  129   98 442539.024 363010.529  18.0%   883 7980s
  7741  6581 375878.531  127  103 442539.024 363010.529  18.0%   886 7985s
  7749  6587 363010.529  126   47 442539.024 363010.529  18.0%   886 7990s
  7753  6588 375878.531  127  124 442539.024 363010.529  18.0%   888 7997s
  7755  6588 375878.531  128  105 442539.024 363010.529  18.0%   889 8000s
  7760  6589 365974.759  127   88 442539.024 363010.529  18.0%   892 8005s
  7767  6593 363010.529  126   63 442539.024 363010.529  18.0%   892 8010s
  7772  6595 365968.332  127   93 442539.024 363010.529  18.0%   894 8015s
  7777  6596 375085.572  127  118 442539.024 363010.529  18.0%   896 8020s
  7780  6597 375850.575  127  129 442539.024 363010.529  18.0%   898 8028s
  7782  6597 369151.805  128  129 442539.024 363010.529  18.0%   899 8030s
  7789  6599 384284.302  125   79 442539.024 363010.529  18.0%   900 8035s
  7795  6601 365991.819  127   94 442539.024 363010.529  18.0%   902 8040s
  7800  6603 375082.293  126  115 442539.024 363010.529  18.0%   905 8045s
  7805  6605 369162.713  127  114 442539.024 363010.529  18.0%   908 8050s
  7807  6605 369187.482  127   99 442539.024 363010.529  18.0%   908 8060s
  7813  6609 363010.529  125   52 442539.024 363010.529  18.0%   909 8065s
  7819  6611 363010.529  126   75 442539.024 363010.529  18.0%   911 8070s
  7825  6612 369201.871  127  115 442539.024 363010.529  18.0%   913 8075s
  7831  6615 363010.529  124   29 442539.024 363010.529  18.0%   915 8080s
  7834  6618 363010.529  123   50 442539.024 363010.529  18.0%   914 8085s
  7839  6619 375854.132  124  111 442539.024 363010.529  18.0%   917 8090s
  7844  6621 365968.332  124   86 442539.024 363010.529  18.0%   920 8095s
  7850  6622 365227.854  126   77 442539.024 363010.529  18.0%   922 8100s
  7858  6627 363010.529  122   61 442539.024 363010.529  18.0%   923 8105s
  7861  6629 375873.098  125  104 442539.024 363010.529  18.0%   924 8110s
  7866  6631 363010.529  123   71 442539.024 363010.529  18.0%   926 8116s
  7869  6633 375131.758  124  123 442539.024 363010.529  18.0%   928 8120s
  7875  6633 365227.854  125   98 442539.024 363010.529  18.0%   930 8125s
  7881  6637 363010.529  124   36 442539.024 363010.529  18.0%   931 8130s
  7886  6638 375079.926  122  111 442539.024 363010.529  18.0%   934 8135s
  7888  6638 365227.854  125   89 442539.024 363010.529  18.0%   934 8145s
  7894  6642 363010.529  122   71 442539.024 363010.529  18.0%   935 8162s
  7897  6644 363010.529  123   85 442539.024 363010.529  18.0%   935 8165s
  7903  6647 363010.529  122   92 442539.024 363010.529  18.0%   937 8170s
  7908  6648 365227.854  124  105 442539.024 363010.529  18.0%   939 8180s
  7916  6655 363010.529  122   86 442539.024 363010.529  18.0%   939 8185s
  7921  6657 375106.450  122  110 442539.024 363010.529  18.0%   942 8190s
  7927  6658 365227.854  123  100 442539.024 363010.529  18.0%   943 8195s
  7932  6660 369235.859  123   97 442539.024 363010.529  18.0%   945 8200s
  7939  6665 375106.450  122  110 442539.024 363010.529  18.0%   946 8205s
  7942  6666 365849.676  121   90 442539.024 363010.529  18.0%   947 8212s
  7946  6668 369100.978  123  100 442539.024 363010.529  18.0%   948 8215s
  7953  6672 375862.610  121  126 442539.024 363010.529  18.0%   949 8220s
  7957  6673 375034.013  120   92 442539.024 363010.529  18.0%   951 8225s
  7963  6677 375083.152  121  112 442539.024 363010.529  18.0%   952 8230s
  7969  6680 363010.529  118   40 442539.024 363010.529  18.0%   954 8239s
  7970  6681 363010.529  119   58 442539.024 363010.529  18.0%   954 8240s
  7976  6685 363010.529  120   81 442539.024 363010.529  18.0%   955 8246s
  7980  6686 366446.681  120   98 442539.024 363010.529  18.0%   957 8250s
  7987  6690 365214.056  120   91 442539.024 363010.529  18.0%   958 8255s
  7996  6699 363010.529  122   48 442539.024 363010.529  18.0%   957 8260s
  8004  6704 369187.910  122  106 442539.024 363010.529  18.0%   958 8265s
  8008  6708 363010.529  123   54 442539.024 363010.529  18.0%   957 8285s
  8009  6708 376581.367  123  108 442539.024 363010.529  18.0%   958 8291s
  8014  6711 363010.576  123   65 442539.024 363010.529  18.0%   959 8295s
  8019  6714 363010.529  124   54 442539.024 363010.529  18.0%   961 8300s
  8023  6715 369244.514  124   94 442539.024 363010.529  18.0%   962 8306s
  8027  6718 363010.576  123   95 442539.024 363010.529  18.0%   964 8310s
  8032  6722 363010.529  110   61 442539.024 363010.529  18.0%   964 8315s
  8039  6726 363010.529  111   82 442539.024 363010.529  18.0%   966 8320s
  8046  6729 363254.728  113   95 442539.024 363010.529  18.0%   967 8325s
  8050  6731 363010.529  116   53 442539.024 363010.529  18.0%   968 8337s
  8055  6735 363010.529  117   70 442539.024 363010.529  18.0%   968 8340s
  8060  6739 374970.873  119   82 442539.024 363010.529  18.0%   970 8345s
  8066  6742 376396.065  119  107 442539.024 363010.529  18.0%   971 8350s
  8073  6746 363010.576  121   65 442539.024 363010.529  18.0%   973 8371s
  8078  6750 363010.529  115   50 442539.024 363010.529  18.0%   973 8375s
  8085  6757 363010.529  116   53 442539.024 363010.529  18.0%   975 8380s
  8091  6761 368746.101  117   93 442539.024 363010.529  18.0%   975 8385s
  8098  6766 363010.529  117   88 442539.024 363010.529  18.0%   976 8390s
  8104  6769 368432.642  118   75 442539.024 363010.529  18.0%   976 8400s
  8110  6774 363010.529  120   45 442539.024 363010.529  18.0%   976 8410s
  8118  6780 363010.529  119   65 442539.024 363010.529  18.0%   976 8415s
  8128  6790 363010.529  120   65 442539.024 363010.529  18.0%   976 8420s
  8137  6798 363010.529  121   63 442539.024 363010.529  18.0%   975 8425s
  8147  6806 377587.637  124   71 442539.024 363010.529  18.0%   975 8430s
  8152  6811 363010.529  123   62 442539.024 363010.529  18.0%   975 8435s
  8158  6817 363010.529  126   22 442539.024 363010.529  18.0%   975 8444s
  8159  6818 363010.529  127   22 442539.024 363010.529  18.0%   975 8445s
  8165  6822 377565.321  124   75 442539.024 363010.529  18.0%   976 8450s
  8166  6823 363010.529  124   27 442539.024 363010.529  18.0%   977 8456s
  8173  6830 363010.529  128   51 442539.024 363010.529  18.0%   977 8460s
  8181  6838 363010.529  126   31 442539.024 363010.529  18.0%   976 8465s
  8185  6842 363010.529  130   59 442539.024 363010.529  18.0%   976 8476s
  8192  6849 363010.529  131   50 442539.024 363010.529  18.0%   975 8480s
  8201  6856 366677.345  133  120 442539.024 363010.529  18.0%   975 8485s
  8205  6858 368188.042  128   97 442539.024 363010.529  18.0%   975 8502s
  8209  6858 366671.451  128  103 442539.024 363010.529  18.0%   977 8505s
  8211  6858 367971.863  128  102 442539.024 363010.529  18.0%   977 8516s
  8216  6858 368164.462  128   91 442539.024 363010.529  18.0%   979 8520s
  8223  6863 363010.529  131   47 442539.024 363010.529  18.0%   980 8525s
  8230  6865 367814.806  134  143 442539.024 363010.529  18.0%   982 8530s
  8237  6865 367813.833  132  122 442539.024 363010.529  18.0%   984 8535s
  8239  6865 367777.357  132  147 442539.024 363010.529  18.0%   985 8540s
  8247  6871 367777.357  132  159 442539.024 363010.529  18.0%   985 8545s
  8251  6871 367814.806  133  129 442539.024 363010.529  18.0%   987 8550s
  8257  6871 367716.140  127  144 442539.024 363010.529  18.0%   989 8555s
  8265  6878 363010.529  129   54 442539.024 363010.529  18.0%   989 8560s
  8269  6878 366837.655  128   91 442539.024 363010.529  18.0%   991 8565s
  8274  6878 366677.345  130  107 442539.024 363010.529  18.0%   993 8570s
  8281  6880 363010.529  130   52 442539.024 363010.529  18.0%   995 8575s
  8289  6885 366677.345  131  128 442539.024 363010.529  18.0%   995 8580s
  8293  6885 366666.154  126  101 442539.024 363010.529  18.0%   997 8586s
  8298  6886 367995.012  126   95 442539.024 363010.529  18.0%   999 8590s
  8306  6892 363010.529  126   40 442539.024 363010.529  18.0%   999 8595s
  8312  6893 367777.723  130  139 442539.024 363010.529  18.0%  1001 8605s
  8317  6893 366677.345  125  111 442539.024 363010.529  18.0%  1003 8610s
  8319  6893 366848.845  127  124 442539.024 363010.529  18.0%  1004 8623s
  8320  6893 366513.956  125  114 442539.024 363010.529  18.0%  1004 8626s
  8326  6898 363010.529  124   44 442539.024 363010.529  18.0%  1004 8630s
  8333  6900 366677.345  125  107 442539.024 363010.529  18.0%  1005 8635s
  8339  6900 366499.842  124  109 442539.024 363010.529  18.0%  1008 8640s
  8345  6902 377919.767  124   74 442539.024 363010.529  18.0%  1009 8645s
  8347  6904 363010.529  122   64 442539.024 363010.529  18.0%  1009 8655s
  8353  6907 366513.956  124  118 442539.024 363010.529  18.0%  1010 8660s
  8359  6907 367839.420  123  112 442539.024 363010.529  18.0%  1013 8665s
  8368  6913 367606.460  123  142 442539.024 363010.529  18.0%  1014 8670s
  8374  6913 368163.522  124   79 442539.024 363010.529  18.0%  1015 8711s
  8380  6915 363010.529  120   79 442539.024 363010.529  18.0%  1016 8715s
  8387  6919 367410.908  121   62 442539.024 363010.529  18.0%  1018 8720s
  8395  6923 363010.529  120   62 442539.024 363010.529  18.0%  1019 8725s
  8401  6924 366513.956  121  114 442539.024 363010.529  18.0%  1020 8732s
  8405  6924 363726.469  121   83 442539.024 363010.529  18.0%  1021 8735s
  8413  6930 367011.186  122   69 442539.024 363010.529  18.0%  1023 8746s
  8418  6931 374097.351  119   78 442539.024 363010.529  18.0%  1024 8750s
  8423  6934 363010.529  119   92 442539.024 363010.529  18.0%  1024 8755s
  8428  6935 366941.113  120   97 442539.024 363010.529  18.0%  1025 8760s
  8435  6940 363010.529  115   78 442539.024 363010.529  18.0%  1026 8765s
  8441  6945 363010.529  114   56 442539.024 363010.529  18.0%  1026 8770s
  8447  6946 363010.529  117   85 442539.024 363010.529  18.0%  1028 8775s
  8454  6950 368382.863  117  102 442539.024 363010.529  18.0%  1028 8780s
  8455  6950 369026.913  118   99 442539.024 363010.529  18.0%  1029 8785s
  8460  6951 368088.097  116  103 442539.024 363010.529  18.0%  1030 8790s
  8465  6954 363010.529  107   54 442539.024 363010.529  18.0%  1031 8796s
  8469  6957 363010.529  115   39 442539.024 363010.529  18.0%  1032 8801s
  8472  6959 363010.529  108   46 442539.024 363010.529  18.0%  1032 8806s
  8477  6962 366951.724  116   78 442539.024 363010.529  18.0%  1033 8810s
  8482  6963 363010.529  114   45 442539.024 363010.529  18.0%  1035 8825s
  8487  6965 365593.459  109   75 442539.024 363010.529  18.0%  1036 8830s
  8492  6965 368440.379  115  104 442539.024 363010.529  18.0%  1037 8835s
  8498  6970 363010.529  113   74 442539.024 363010.529  18.0%  1037 8840s
  8503  6975 365217.426  114   87 442539.024 363010.529  18.0%  1038 8845s
  8508  6979 363010.529  114   27 442539.024 363010.529  18.0%  1040 8850s
  8513  6980 366073.834  115   86 442539.024 363010.529  18.0%  1041 8855s
  8514  6980 368440.379  115   75 442539.024 363010.529  18.0%  1041 8866s
  8518  6980 368446.329  115  104 442539.024 363010.529  18.0%  1042 8870s
  8523  6983 363010.529  115   63 442539.024 363010.529  18.0%  1043 8875s
  8529  6984 377026.388  112   88 442539.024 363010.529  18.0%  1044 8880s
  8534  6987 363010.529  113   50 442539.024 363010.529  18.0%  1045 8885s
  8536  6989 363010.529  111   48 442539.024 363010.529  18.0%  1045 8894s
  8538  6990 365243.031  114   81 442539.024 363010.529  18.0%  1045 8895s
  8542  6993 363010.529  112   60 442539.024 363010.529  18.0%  1046 8900s
  8547  6996 365265.007  115   94 442539.024 363010.529  18.0%  1047 8905s
  8552  6999 368382.863  113   94 442539.024 363010.529  18.0%  1048 8910s
  8560  7002 364907.435  114   66 442539.024 363010.529  18.0%  1048 8915s
  8566  7002 380883.625  117   70 442539.024 363010.529  18.0%  1050 8920s
  8574  7009 364318.378  112   96 442539.024 363010.529  18.0%  1050 8925s
  8579  7014 363010.529  111   82 442539.024 363010.529  18.0%  1051 8930s
  8586  7017 368434.298  113   84 442539.024 363010.529  18.0%  1052 8935s
  8590  7019 368434.298  113  103 442539.024 363010.529  18.0%  1052 8942s
  8595  7021 363018.590  114  113 442539.024 363010.529  18.0%  1052 8945s
  8602  7022 368440.379  114   97 442539.024 363010.529  18.0%  1054 8950s
  8610  7026 380883.625  116   80 442539.024 363010.529  18.0%  1055 8955s
  8613  7028 364270.874  111  124 442539.024 363010.529  18.0%  1055 8983s
  8615  7029 364183.797  111  107 442539.024 363010.529  18.0%  1056 8989s
  8616  7030 363010.529  111   40 442539.024 363010.529  18.0%  1056 8990s
  8624  7035 368382.863  112   98 442539.024 363010.529  18.0%  1056 8995s

Cutting planes:
  Gomory: 62
  Lift-and-project: 3
  MIR: 1
  Flow cover: 39
  RLT: 8
  Relax-and-lift: 23

Explored 8632 nodes (9180964 simplex iterations) in 9000.01 seconds (5371.94 work units)
Thread count was 1 (of 8 available processors)

Solution count 6: 442539 593950 671660 ... 763234

Time limit reached
Best objective 4.425390240000e+05, best bound 3.630105286090e+05, gap 17.9710%
