
Gurobi 12.0.3 (win64) logging started Mon Mar 16 16:39:01 2026

Set parameter LogFile to value "output\Escenarios_DCH\Swap_variable_3estaciones_Destacion\ELMO_log.txt"
Set parameter Threads to value 24
Set parameter Heuristics to value 0.5
Set parameter MIPFocus to value 3
Set parameter Presolve to value 2
Set parameter FlowCoverCuts to value 2
Gurobi Optimizer version 12.0.3 build v12.0.3rc0 (win64 - Windows 11+.0 (26200.2))

CPU model: Intel(R) Core(TM) i9-14900K, instruction set [SSE2|AVX|AVX2]
Thread count: 24 physical cores, 32 logical processors, using up to 24 threads

Non-default parameters:
TimeLimit  172800
MIPGap  0.06
Heuristics  0.5
MIPFocus  3
FlowCoverCuts  2
Presolve  2
Threads  24

Optimize a model with 2686335 rows, 2505897 columns and 12329085 nonzeros
Model fingerprint: 0xc6c84762
Variable types: 688032 continuous, 1817865 integer (625539 binary)
Coefficient statistics:
  Matrix range     [2e-01, 4e+02]
  Objective range  [1e+00, 3e+05]
  Bounds range     [1e+00, 1e+00]
  RHS range        [1e+00, 1e+18]
Warning: Model contains large rhs
         Consider reformulating model or setting NumericFocus parameter
         to avoid numerical issues.
Presolve removed 1778235 rows and 1882089 columns (presolve time = 5s)...
Presolve removed 2586975 rows and 2151657 columns
Presolve time: 6.01s
Presolved: 99360 rows, 354240 columns, 1120716 nonzeros
Variable types: 52128 continuous, 302112 integer (293760 binary)
Performing another presolve...
Presolve removed 555 rows and 411 columns (presolve time = 11s)...
Presolve removed 555 rows and 411 columns
Presolve time: 11.33s
Root relaxation presolved: 98805 rows, 353829 columns, 1100844 nonzeros

Deterministic concurrent LP optimizer: primal simplex, dual simplex, and barrier
Showing barrier log only...

Root barrier log...

Ordering time: 0.19s

Barrier statistics:
 AA' NZ     : 9.057e+05
 Factor NZ  : 3.063e+06 (roughly 200 MB of memory)
 Factor Ops : 1.691e+08 (less than 1 second per iteration)
 Threads    : 21

                  Objective                Residual
Iter       Primal          Dual         Primal    Dual     Compl     Time
   0   2.76910397e+11 -4.12977381e+12  1.78e+03 3.60e+04  3.48e+07    22s
   1   1.21135829e+11 -2.10658139e+12  5.81e+02 3.77e+04  1.06e+07    22s
   2   3.25772127e+10 -5.35687513e+11  1.22e+02 7.33e-08  2.07e+06    22s
   3   6.61584315e+09 -1.48374329e+11  1.79e+01 6.12e-08  3.24e+05    22s
   4   3.10312977e+09 -8.63900308e+10  7.96e+00 8.59e-08  1.51e+05    22s
   5   1.00124870e+09 -3.30251615e+10  2.24e+00 8.07e-08  4.80e+04    23s
   6   1.64833074e+08 -8.76485878e+09  2.00e-01 5.37e-08  1.16e+04    23s
   7   2.53478055e+07 -3.60211088e+08  3.38e-02 4.67e-08  4.95e+02    23s
   8   2.74669493e+06 -8.10554409e+07  2.84e-05 1.12e-08  1.07e+02    23s
   9   1.98966729e+06 -1.67244560e+07  1.13e-07 2.36e-09  2.40e+01    23s
  10   1.72086271e+06 -1.16911385e+07  5.17e-08 1.69e-09  1.72e+01    23s
  11   1.60479422e+06 -7.16284436e+06  2.76e-08 1.30e-09  1.12e+01    23s
  12   1.53015919e+06 -4.26393090e+06  1.76e-08 8.91e-10  7.42e+00    23s
  13   1.40652414e+06 -1.87390650e+06  5.46e-09 8.41e-10  4.20e+00    23s
  14   1.33983647e+06 -6.76321403e+05  2.82e-09 1.02e-09  2.58e+00    23s
  15   1.26765044e+06  6.53050286e+04  1.09e-09 9.18e-10  1.54e+00    24s
  16   1.23706103e+06  3.41598435e+05  7.38e-10 9.98e-10  1.15e+00    24s
  17   1.20836828e+06  6.54151338e+05  4.81e-10 8.27e-10  7.10e-01    24s
  18   1.19394200e+06  7.68510170e+05  3.79e-10 8.70e-10  5.45e-01    24s
  19   1.18132110e+06  8.72966517e+05  2.85e-10 8.68e-10  3.95e-01    24s
  20   1.16759276e+06  9.78249482e+05  1.81e-10 8.83e-10  2.43e-01    24s
  21   1.15874206e+06  1.03986912e+06  1.19e-10 7.95e-10  1.52e-01    24s
  22   1.15273884e+06  1.08253747e+06  7.91e-11 1.05e-09  8.99e-02    24s
  23   1.14804550e+06  1.10100291e+06  4.96e-11 8.62e-10  6.03e-02    24s
  24   1.14699067e+06  1.10378812e+06  4.34e-11 9.94e-10  5.54e-02    25s
  25   1.14562543e+06  1.11209999e+06  3.56e-11 8.54e-10  4.30e-02    25s
  26   1.14474795e+06  1.11727078e+06  3.10e-11 8.93e-10  3.52e-02    25s
  27   1.14228649e+06  1.12661382e+06  3.12e-11 8.19e-10  2.01e-02    25s
  28   1.14154781e+06  1.12897834e+06  3.45e-11 8.18e-10  1.61e-02    25s
  29   1.14080445e+06  1.13208785e+06  6.99e-11 1.02e-09  1.12e-02    25s
  30   1.14011253e+06  1.13391614e+06  6.67e-11 8.98e-10  7.94e-03    25s
  31   1.13961830e+06  1.13449563e+06  9.11e-11 8.89e-10  6.56e-03    25s
  32   1.13924461e+06  1.13544142e+06  9.73e-11 8.51e-10  4.87e-03    26s
  33   1.13893356e+06  1.13619274e+06  9.80e-11 7.91e-10  3.51e-03    26s
  34   1.13859744e+06  1.13681166e+06  7.05e-11 9.29e-10  2.29e-03    26s
  35   1.13851632e+06  1.13715695e+06  7.59e-11 8.82e-10  1.74e-03    26s
  36   1.13833996e+06  1.13742711e+06  1.01e-10 8.21e-10  1.17e-03    26s
  37   1.13829742e+06  1.13752688e+06  8.97e-11 8.56e-10  9.87e-04    26s
  38   1.13820961e+06  1.13763614e+06  1.30e-10 9.24e-10  7.35e-04    27s
  39   1.13812709e+06  1.13773109e+06  1.27e-10 9.20e-10  5.07e-04    27s
  40   1.13811238e+06  1.13775354e+06  1.52e-10 1.12e-09  4.60e-04    27s
  41   1.13806143e+06  1.13781146e+06  1.44e-10 8.91e-10  3.20e-04    27s
  42   1.13803015e+06  1.13784550e+06  1.29e-10 9.38e-10  2.37e-04    27s
  43   1.13799926e+06  1.13787829e+06  2.25e-10 9.33e-10  1.55e-04    28s
  44   1.13798071e+06  1.13790119e+06  3.27e-10 8.91e-10  1.02e-04    28s
  45   1.13796346e+06  1.13792152e+06  2.93e-10 9.99e-10  5.37e-05    28s
  46   1.13795115e+06  1.13792971e+06  1.15e-09 9.59e-10  2.75e-05    28s
  47   1.13794620e+06  1.13793297e+06  7.76e-10 8.42e-10  1.70e-05    28s
  48   1.13794358e+06  1.13793484e+06  5.39e-10 9.47e-10  1.12e-05    28s
  49   1.13794162e+06  1.13793577e+06  3.68e-10 8.27e-10  7.49e-06    28s
  50   1.13794013e+06  1.13793628e+06  2.46e-10 8.44e-10  4.93e-06    29s
  51   1.13793936e+06  1.13793652e+06  1.80e-10 8.68e-10  3.64e-06    29s
  52   1.13793868e+06  1.13793675e+06  6.72e-09 6.54e-10  2.47e-06    29s
  53   1.13793808e+06  1.13793689e+06  5.43e-09 6.03e-10  1.53e-06    29s
  54   1.13793786e+06  1.13793701e+06  4.07e-09 7.12e-10  1.09e-06    29s
  55   1.13793763e+06  1.13793707e+06  2.65e-09 7.99e-10  7.29e-07    29s
  56   1.13793747e+06  1.13793711e+06  2.57e-09 9.01e-10  4.58e-07    29s
  57   1.13793736e+06  1.13793713e+06  1.86e-09 9.95e-10  2.95e-07    29s
  58   1.13793730e+06  1.13793716e+06  7.71e-09 6.62e-10  1.79e-07    29s
  59   1.13793726e+06  1.13793717e+06  1.47e-08 8.73e-10  1.10e-07    30s
  60   1.13793724e+06  1.13793718e+06  3.73e-08 5.86e-10  6.83e-08    30s
  61   1.13793723e+06  1.13793718e+06  3.23e-08 7.60e-10  5.88e-08    30s
  62   1.13793722e+06  1.13793719e+06  2.10e-08 1.02e-09  3.77e-08    30s
  63   1.13793721e+06  1.13793719e+06  7.95e-08 7.51e-10  2.54e-08    30s
  64   1.13793721e+06  1.13793719e+06  7.01e-08 8.35e-10  2.00e-08    30s
  65   1.13793720e+06  1.13793719e+06  1.75e-07 7.08e-10  1.33e-08    30s
  66   1.13793720e+06  1.13793719e+06  1.49e-07 6.18e-10  1.11e-08    30s
  67   1.13793720e+06  1.13793719e+06  2.94e-07 6.00e-10  8.92e-09    31s
  68   1.13793720e+06  1.13793719e+06  2.29e-07 1.04e-09  6.13e-09    31s
  69   1.13793720e+06  1.13793720e+06  2.01e-07 9.91e-10  4.26e-09    31s
  70   1.13793720e+06  1.13793720e+06  3.74e-07 9.67e-10  2.95e-09    31s
  71   1.13793720e+06  1.13793720e+06  3.80e-07 9.64e-10  2.68e-09    31s
  72   1.13793720e+06  1.13793720e+06  2.98e-07 9.54e-10  2.18e-09    32s
  73   1.13793720e+06  1.13793720e+06  3.14e-07 9.46e-10  1.63e-09    32s

Barrier solved model in 73 iterations and 31.93 seconds (38.39 work units)
Optimal objective 1.13793720e+06


Root crossover log...

   20766 DPushes remaining with DInf 0.0000000e+00                32s
       0 DPushes remaining with DInf 0.0000000e+00                32s

  159263 PPushes remaining with PInf 6.8835085e-03                32s
   58336 PPushes remaining with PInf 5.7311158e-01                35s
       0 PPushes remaining with PInf 5.2164516e-05                37s

  Push phase complete: Pinf 5.2164516e-05, Dinf 1.0684308e+00     37s


Root simplex log...

Iteration    Objective       Primal Inf.    Dual Inf.      Time
  179128    1.1379372e+06   0.000000e+00   1.068431e+00     37s
  179199    1.1379372e+06   0.000000e+00   0.000000e+00     37s
Concurrent spin time: 1.86s (can be avoided by choosing Method=3)

Solved with barrier
  179199    1.1379372e+06   0.000000e+00   0.000000e+00     39s

Root relaxation: objective 1.137937e+06, 179199 iterations, 18.81 seconds (14.43 work units)
Total elapsed time = 43.57s (DegenMoves)
Total elapsed time = 50.24s (DegenMoves)

    Nodes    |    Current Node    |     Objective Bounds      |     Work
 Expl Unexpl |  Obj  Depth IntInf | Incumbent    BestBd   Gap | It/Node Time

     0     0 1137937.20    0 13444          - 1137937.20      -     -   56s
H    0     0                    1.528513e+11 1137937.20   100%     -   68s
     0     0 1137959.74    0 13685 1.5285e+11 1137959.74   100%     -   85s
H    0     0                    1.341427e+10 1137959.74   100%     -   88s
H    0     0                    1.341390e+10 1137959.74   100%     -   88s
     0     0 1150588.37    0 13304 1.3414e+10 1150588.37   100%     -   96s
     0     0 1164209.37    0 13078 1.3414e+10 1164209.37   100%     -  104s
     0     0 1169279.93    0 13031 1.3414e+10 1169279.93   100%     -  110s
     0     0 1169329.12    0 13253 1.3414e+10 1169329.12   100%     -  114s
     0     0 1184080.74    0 12978 1.3414e+10 1184080.74   100%     -  122s
     0     0 1211756.07    0 11941 1.3414e+10 1211756.07   100%     -  131s
     0     0 1240337.77    0 11582 1.3414e+10 1240337.77   100%     -  139s
     0     0 1275856.13    0 11041 1.3414e+10 1275856.13   100%     -  145s
     0     0 1314842.52    0 10653 1.3414e+10 1314842.52   100%     -  149s
     0     0 1347805.60    0 10518 1.3414e+10 1347805.60   100%     -  152s
     0     0 1376115.71    0 10018 1.3414e+10 1376115.71   100%     -  156s
     0     0 1403268.14    0 9723 1.3414e+10 1403268.14   100%     -  160s
     0     0 1403364.32    0 9962 1.3414e+10 1403364.32   100%     -  161s
     0     0 1403383.16    0 10032 1.3414e+10 1403383.16   100%     -  162s
     0     0 1403383.70    0 10059 1.3414e+10 1403383.70   100%     -  163s
     0     0 1403383.75    0 10074 1.3414e+10 1403383.75   100%     -  164s
     0     0 1403489.60    0 10875 1.3414e+10 1403489.60   100%     -  187s
H    0     0                    1.277504e+10 1403489.61   100%     -  188s
     0     0 1403515.33    0 12088 1.2775e+10 1403515.33   100%     -  192s
     0     0 1403653.17    0 12172 1.2775e+10 1403653.17   100%     -  210s
     0     0 1403653.17    0 12172 1.2775e+10 1403653.17   100%     -  220s
H    0     0                    8.574441e+08 1403653.19   100%     -  235s
H    0     0                    8.564520e+08 1403653.19   100%     -  235s
H    0     0                    8.560841e+08 1403653.19   100%     -  235s
H    0     0                    8.559630e+08 1403653.19   100%     -  235s
H    0     0                    8.550920e+08 1403653.19   100%     -  235s
H    0     0                    8.522890e+08 1403653.19   100%     -  333s
H    0     0                    8.519884e+08 1403653.19   100%     -  333s
H    0     0                    8.374024e+08 1403653.19   100%     -  337s
H    0     0                    8.372812e+08 1403653.19   100%     -  342s
H    0     0                    8.366465e+08 1403653.19   100%     -  347s
H    0     0                    8.232513e+08 1403653.19   100%     -  356s
H    0     0                    8.231002e+08 1403653.19   100%     -  356s
H    0     0                    8.217410e+08 1403653.19   100%     -  356s
H    0     0                    8.114580e+08 1403653.19   100%     -  356s
H    0     0                    8.072849e+08 1403653.19   100%     -  365s
H    0     0                    7.980275e+08 1403653.19   100%     -  365s
H    0     0                    7.881313e+08 1403653.19   100%     -  365s
H    0     0                    7.880393e+08 1403653.19   100%     -  396s
H    0     0                    7.878021e+08 1403653.19   100%     -  396s
H    0     0                    7.877729e+08 1403653.19   100%     -  396s
H    0     0                    7.874168e+08 1403653.19   100%     -  396s
H    0     0                    7.854154e+08 1403653.19   100%     -  398s
H    0     0                    7.739517e+08 1403653.19   100%     -  398s
H    0     0                    7.738746e+08 1403653.19   100%     -  398s
H    0     0                    7.737827e+08 1403653.19   100%     -  409s
H    0     0                    7.736326e+08 1403653.19   100%     -  413s
H    0     0                    7.734199e+08 1403653.19   100%     -  415s
H    0     0                    7.734196e+08 1403653.19   100%     -  423s
H    0     0                    7.713096e+08 1403653.19   100%     -  424s
H    0     0                    7.563194e+08 1403653.19   100%     -  426s
    37     4 1403692.52    2  206 7.5632e+08 1403691.77   100%  40.4  440s
    91   172 1404214.06    7  279 7.5632e+08 1403784.73   100%  1110  445s
   231   537 1404205.68   13  268 7.5632e+08 1403795.18   100%  1020  456s
H  572   537                    7.403235e+08 1403795.37   100%   705  456s
   573   541 1404311.40    2  200 7.4032e+08 1403801.82   100%   706  463s
   603   593 1403801.82    6  312 7.4032e+08 1403801.82   100%   727  465s
   738   732 1403806.36    8  275 7.4032e+08 1403801.86   100%   701  470s
   766  1156 1403810.80   13  265 7.4032e+08 1403801.93   100%   703  475s
H 1190  1156                    7.328310e+08 1403801.96   100%   594  475s
  1191  1160 1403806.75    2  294 7.3283e+08 1403806.75   100%   594  484s
  1193  1164 1403806.75    3  327 7.3283e+08 1403806.75   100%   600  485s
  1245  1264 1403828.84    7  410 7.3283e+08 1403820.39   100%   691  492s
  1297  1288 1403848.22    8  437 7.3283e+08 1403833.40   100%   727  497s
  1321  1744 1403843.59   10  428 7.3283e+08 1403841.27   100%   767  503s
H 1777  1744                    7.226836e+08 1403844.02   100%   806  503s
  1778  1748 1404037.29    2  223 7.2268e+08 1403850.92   100%   809  511s
  1808  1800 1403989.47    6  340 7.2268e+08 1403860.67   100%   831  515s
  1890  1882 1403919.55    9  435 7.2268e+08 1403919.55   100%   883  521s
H 2514  2482                    7.047035e+08 1403958.47   100%   810  525s
  2515  2486 1404526.38    2  168 7.0470e+08 1403958.67   100%   811  534s
  2521  2498 1403958.67    4  248 7.0470e+08 1403958.67   100%   809  535s
  2643  2636 1403960.74    8  223 7.0470e+08 1403958.67   100%   816  540s
H 3253  3222                    6.975730e+08 1403958.77   100%   758  543s
  3254  3226 1403969.29    2  210 6.9757e+08 1403969.29   100%   757  553s
  3284  3278 1403971.93    6  306 6.9757e+08 1403971.35   100%   762  555s
  3446  3459 1403973.46    8  321 6.9757e+08 1403971.98   100%   749  563s
  3489  4348 1403972.26   10  346 6.9757e+08 1403972.13   100%   749  567s
H 4378  4348                    6.191049e+08 1403972.26   100%   677  568s
  4379  4352 1404315.32    2  194 6.1910e+08 1403988.32   100%   678  577s
  4409  4404 1404014.20    6  308 6.1910e+08 1403988.32   100%   684  580s
  4555  4588 1404063.90    9  322 6.1910e+08 1404047.34   100%   691  586s
  4617  5636 1404323.77   10  331 6.1910e+08 1404063.90   100%   694  590s
H 5665  5636                    6.153444e+08 1404064.50   100%   631  591s
  5666  5640 1404148.58    2  262 6.1534e+08 1404104.90   100%   631  600s
  5720  5803 1404649.00    7  374 6.1534e+08 1404128.21   100%   647  606s
  5831  5860 1404153.00    8  384 6.1534e+08 1404152.12   100%   648  612s
  5888  6628 1404690.12    9  336 6.1534e+08 1404153.51   100%   654  618s
H 6656  6628                    5.997206e+08 1404162.98   100%   647  618s
  6657  6632 1404208.42    2  337 5.9972e+08 1404208.42   100%   647  628s
  6671  6660 1404229.15    5  371 5.9972e+08 1404229.15   100%   650  630s
  6711  6800 1404264.03    7  404 5.9972e+08 1404234.66   100%   666  635s
  6827  6859 1404351.22    9  319 5.9972e+08 1404247.74   100%   674  642s
  6886  7663 1404603.07   12  444 5.9972e+08 1404262.96   100%   690  650s
H 7690  7663                    5.695392e+08 1404282.11   100%   691  651s
  7691  7667 1404329.39    2  259 5.6954e+08 1404300.08   100%   691  659s
  7693  7671 1404300.08    3  340 5.6954e+08 1404300.08   100%   691  660s
  7745  7799 1404330.20    7  420 5.6954e+08 1404330.20   100%   705  666s
  7825  7889 1404330.61    8  404 5.6954e+08 1404330.61   100%   714  672s
  7915  8385 1404354.49    9  357 5.6954e+08 1404330.61   100%   716  680s
H 8411  8385                    5.476295e+08 1404341.16   100%   715  680s
  8412  8389 1404345.83    2  216 5.4763e+08 1404345.83   100%   715  688s
  8442  8441 1404381.40    6  277 5.4763e+08 1404345.83   100%   717  690s
  8591  8635 1404381.61   10  344 5.4763e+08 1404345.83   100%   721  697s
  8660  9497 1404381.66   11  352 5.4763e+08 1404346.94   100%   728  702s
H 9522  9497                    5.331672e+08 1404347.00   100%   706  703s
  9523  9501 1404347.00    2  322 5.3317e+08 1404347.00   100%   706  711s
  9553  9553 1404351.93    6  358 5.3317e+08 1404347.00   100%   711  716s
  9737 10399 1404378.63    8  321 5.3317e+08 1404358.69   100%   716  727s
H10423 10399                    5.016716e+08 1404363.21   100%   694  728s
 10424 10403 1404409.60    2  321 5.0167e+08 1404396.52   100%   694  737s
 10438 10431 1404888.06    5  344 5.0167e+08 1404431.64   100%   697  740s
 10595 10596 1404935.03    8  433 5.0167e+08 1404491.02   100%   701  748s
 10619 11095 1405060.92   10  421 5.0167e+08 1404604.12   100%   704  757s
H11118 11095                    4.825547e+08 1404651.68   100%   692  758s
 11119 11099 1404995.29    2  308 4.8255e+08 1404683.06   100%   692  766s
 11173 11239 1404874.64    7  428 4.8255e+08 1404768.61   100%   697  771s
 11261 11615 1404817.07    9  428 4.8255e+08 1404815.93   100%   698  775s
H11637 11615                    4.614983e+08 1404817.07   100%   689  776s
 11638 11619 1404834.37    2  238 4.6150e+08 1404818.70   100%   689  785s
 11739 11742 1404819.44    9  232 4.6150e+08 1404819.44   100%   691  791s
H12211 12190                    4.459679e+08 1404820.35   100%   686  795s
 12212 12194 1404851.89    2  258 4.4597e+08 1404851.89   100%   686  803s
 12226 12222 1404881.20    5  353 4.4597e+08 1404851.89   100%   688  805s
 12242 12246 1404861.80    6  311 4.4597e+08 1404851.89   100%   690  810s
 12449 12878 1405055.08    8  241 4.4597e+08 1404924.59   100%   697  819s
H12898 12878                    4.268113e+08 1404930.98   100%   688  820s
 12899 12882 1404937.85    2  285 4.2681e+08 1404930.98   100%   688  828s
 12913 12910 1404930.98    5  308 4.2681e+08 1404930.98   100%   688  830s
 12953 12975 1404930.98    7  289 4.2681e+08 1404930.98   100%   692  835s
 13103 13748 1404941.42   10  285 4.2681e+08 1404930.98   100%   692  844s
H13767 13748                    4.162503e+08 1404930.98   100%   685  845s
 13768 13752 1404940.32    2  229 4.1625e+08 1404940.32   100%   685  853s
 13782 13780 1404946.44    5  274 4.1625e+08 1404940.32   100%   687  855s
 13912 14484 1404949.52    8  298 4.1625e+08 1404949.52   100%   691  860s
H14502 14484                    3.986000e+08 1404950.02   100%   684  861s
 14503 14488 1404950.02    2  254 3.9860e+08 1404950.02   100%   684  868s
 14533 14540 1405016.71    6  254 3.9860e+08 1404959.38   100%   686  870s
 14704 15010 1404999.98   10  365 3.9860e+08 1404967.25   100%   687  878s
H15027 15010                    3.865519e+08 1404967.26   100%   686  879s
 15028 15014 1404991.62    2  249 3.8655e+08 1404991.62   100%   686  888s
 15042 15042 1405046.09    5  303 3.8655e+08 1405024.57   100%   687  890s
 15082 15201 1405056.72    7  297 3.8655e+08 1405048.05   100%   695  896s
 15217 15490 1405091.24    8  309 3.8655e+08 1405059.35   100%   695  903s
 15506 17571 1405159.39   10  255 3.8655e+08 1405063.47   100%   691  914s
H17587 17460                    3.809946e+08 1405083.44   100%   640  914s
 17588 17464 1405131.63    2  273 3.8099e+08 1405131.63   100%   640  922s
 17618 17516 1405168.38    6  469 3.8099e+08 1405158.27   100%   641  925s
 17745 18275 1405216.85    9  493 3.8099e+08 1405216.85   100%   646  934s
H18401 18275                    3.681156e+08 1405222.37   100%   641  934s
 18402 18279 1405259.06    2  326 3.6812e+08 1405253.20   100%   641  943s
 18416 18307 1405285.52    5  433 3.6812e+08 1405282.69   100%   642  945s
 18558 18513 1405378.01    9  432 3.6812e+08 1405338.30   100%   650  957s
 18638 19591 1405379.48   10  452 3.6812e+08 1405379.48   100%   650  962s
H19716 19591                    3.609131e+08 1405386.62   100%   635  963s
 19717 19595 1405386.62    2  206 3.6091e+08 1405386.62   100%   635  970s
 19879 20137 1405399.84    8  329 3.6091e+08 1405398.82   100%   639  977s
H20261 20137                    3.573136e+08 1405399.84   100%   633  978s
 20262 20141 1405405.18    2  228 3.5731e+08 1405405.18   100%   633  987s
 20316 20254 1405413.75    7  275 3.5731e+08 1405412.93   100%   634  990s
 20401 20691 1405415.10    9  269 3.5731e+08 1405413.46   100%   635  996s
H20814 20691                    3.330674e+08 1405413.64   100%   635  997s
 20815 20695 1405439.70    2  285 3.3307e+08 1405439.70   100%   635 1006s
 20845 20747 1405551.21    6  413 3.3307e+08 1405488.71   100%   638 1012s
 20869 20943 1405572.06    7  415 3.3307e+08 1405551.21   100%   644 1016s
 21065 21232 1405575.07    9  317 3.3307e+08 1405559.32   100%   642 1025s
H21354 21232                    3.111259e+08 1405565.31   100%   640 1025s
 21355 21236 1405565.58    2  209 3.1113e+08 1405565.58   100%   640 1035s
 21499 21402 1405819.36   12  307 3.1113e+08 1405565.66   100%   644 1043s
 21523 21940 1405565.70   13  309 3.1113e+08 1405565.70   100%   645 1047s
H22061 21940                    3.043498e+08 1405565.70   100%   643 1047s
 22062 21944 1405570.36    2  320 3.0435e+08 1405570.36   100%   643 1057s
 22068 21956 1405624.68    4  322 3.0435e+08 1405579.28   100%   644 1060s
 22116 22155 1405597.80    7  431 3.0435e+08 1405587.91   100%   649 1066s
 22275 22179 1405615.80    8  461 3.0435e+08 1405601.46   100%   650 1078s
 22299 23228 1405610.98   10  408 3.0435e+08 1405607.45   100%   651 1086s
H23348 23228                    2.947967e+08 1405610.98   100%   642 1087s
 23349 23232 1405796.86    2  261 2.9480e+08 1405646.42   100%   642 1099s
 23351 23236 1405798.21    3  260 2.9480e+08 1405646.42   100%   642 1100s
 23403 23451 1405671.37    7  378 2.9480e+08 1405664.82   100%   647 1106s
 23570 23763 1405789.03   15  390 2.9480e+08 1405671.56   100%   646 1114s
H23882 23763                    2.437377e+08 1405679.28  99.4%   643 1114s
 23883 23767 1405685.63    2  211 2.4374e+08 1405685.63  99.4%   643 1127s
 23913 23819 1406082.24    6  233 2.4374e+08 1405685.63  99.4%   645 1130s
 24025 23931 1405687.14   11  258 2.4374e+08 1405687.14  99.4%   646 1135s
 24049 24610 1406028.17   12  309 2.4374e+08 1405687.42  99.4%   650 1140s
H24728 24610                    2.300322e+08 1405687.54  99.4%   642 1141s
 24729 24614 1405702.55    2  235 2.3003e+08 1405687.67  99.4%   643 1151s
 24759 24666 1405760.30    6  384 2.3003e+08 1405714.13  99.4%   644 1156s
 24892 24989 1405789.40    8  321 2.3003e+08 1405761.74  99.4%   646 1163s
 25106 26135 1405762.10    9  328 2.3003e+08 1405762.10  99.4%   644 1173s
H26252 26135                    2.024905e+08 1405762.10  99.3%   634 1173s
 26253 26139 1405794.61    2  369 2.0249e+08 1405783.89  99.3%   634 1183s
 26259 26151 1405826.61    4  421 2.0249e+08 1405826.61  99.3%   635 1185s
 26393 26301 1406023.56    8  410 2.0249e+08 1405940.75  99.3%   637 1192s
 26417 26995 1406014.17   10  422 2.0249e+08 1405994.54  99.3%   639 1199s
H27111 26995                    1.911856e+08 1406014.19  99.3%   631 1199s
 27112 26999 1406107.17    2  244 1.9119e+08 1406014.19  99.3%   631 1208s
 27126 27027 1406016.44    5  331 1.9119e+08 1406014.19  99.3%   632 1210s
 27208 27119 1406028.18    9  293 1.9119e+08 1406014.19  99.3%   636 1222s
 27234 27691 1406014.19    9  321 1.9119e+08 1406014.19  99.3%   636 1227s
H27806 27691                    1.818213e+08 1406014.19  99.2%   638 1227s
 27807 27695 1406120.85    2  273 1.8182e+08 1406120.85  99.2%   638 1238s
 27821 27723 1406137.90    5  286 1.8182e+08 1406120.85  99.2%   638 1240s
 27922 27832 1406256.33    8  303 1.8182e+08 1406141.56  99.2%   642 1246s
 27946 28236 1406258.03    9  277 1.8182e+08 1406164.55  99.2%   644 1251s
H28350 28236                    1.552804e+08 1406165.77  99.1%   648 1251s
 28351 28240 1406195.36    2  373 1.5528e+08 1406195.36  99.1%   648 1261s
 28405 28343 1406486.15    7  329 1.5528e+08 1406258.34  99.1%   652 1266s
 28456 28457 1406301.20    8  492 1.5528e+08 1406278.39  99.1%   653 1280s
 28570 28944 1406301.71    9  511 1.5528e+08 1406296.48  99.1%   654 1292s
H29057 28944                    1.402248e+08 1406312.66  99.0%   655 1293s
 29058 28948 1406312.82    2  261 1.4022e+08 1406312.82  99.0%   655 1302s
 29112 29108 1406316.99    7  235 1.4022e+08 1406315.64  99.0%   657 1306s
 29220 29267 1406380.91    8  268 1.4022e+08 1406318.50  99.0%   658 1311s
 29379 29918 1406374.62   12  310 1.4022e+08 1406319.02  99.0%   657 1318s
H30030 29918                    4.419440e+07 1406319.50  96.8%   652 1318s
 30031 29922 1406319.50    2  236 4.4194e+07 1406319.50  96.8%   652 1328s
 30061 29974 1406329.84    6  346 4.4194e+07 1406327.71  96.8%   653 1330s
 30149 30062 1406331.99    8  338 4.4194e+07 1406331.92  96.8%   655 1336s
 30173 30693 1406342.71    9  296 4.4194e+07 1406332.95  96.8%   657 1343s
H30804 30693                    2.003032e+07 1406335.66  93.0%   655 1344s
 30804 33106 1406825.33   13  289 2.0030e+07 1406335.66  93.0%   654 1354s
H33217 33106                    2.000126e+07 1406335.70  93.0%   625 1354s
 33217 33256 1406336.01   12  315 2.0001e+07 1406335.70  93.0%   624 1366s
 33367 36990 1406335.79   16  319 2.0001e+07 1406335.79  93.0%   624 1386s
H37207 36922                    1.947168e+07 1406336.05  92.8%   608 1387s
 37207 37861 1406338.52   12  438 1.9472e+07 1406338.52  92.8%   607 1410s
H38185 37732                    1.870984e+07 1406338.54  92.5%   603 1411s
 38185 38157 1406898.60   14  385 1.8710e+07 1406339.47  92.5%   602 1425s
 38610 43710 1406354.66   15  420 1.8710e+07 1406354.66  92.5%   599 1467s
H44281 43710                    1.844342e+07 1406362.77  92.4%   548 1468s
 44281 45331 1406365.36   11  238 1.8443e+07 1406362.78  92.4%   548 1479s
H45902 45331                    1.805542e+07 1406362.81  92.2%   539 1479s
 45902 49423 1406819.37   14  347 1.8055e+07 1406362.81  92.2%   538 1501s
H50016 48306                    1.793886e+07 1406363.11  92.2%   511 1502s
 50016 52138 1406363.12   11  341 1.7939e+07 1406363.11  92.2%   510 1525s
H53860 50832                    1.782272e+07 1406363.12  92.1%   486 1526s
 53860 51563 1406363.15   10  350 1.7823e+07 1406363.15  92.1%   486 1547s
H54591 51563                    1.773594e+07 1406363.15  92.1%   484 1548s
 54591 53180 1406715.34   12  360 1.7736e+07 1406363.38  92.1%   484 1574s
H56265 53176                    1.761935e+07 1406382.73  92.0%   481 1574s
 56265 56432 1406475.83   11  394 1.7619e+07 1406382.73  92.0%   480 1608s
H59597 56308                    1.753700e+07 1406401.31  92.0%   471 1609s
 59597 58124 1406401.49   26  285 1.7537e+07 1406401.32  92.0%   471 1631s
H61413 58124                    1.744947e+07 1406401.39  91.9%   465 1632s
 61413 60826 1406430.05   10  342 1.7449e+07 1406408.69  91.9%   465 1679s
H64119 60806                    1.718691e+07 1406421.53  91.8%   456 1680s
 64119 64185 1406556.49   11  445 1.7187e+07 1406470.17  91.8%   456 1708s
 67530 65387 1406628.56   11  430 1.7187e+07 1406499.44  91.8%   443 1734s
H68732 65387                    1.688676e+07 1406528.13  91.7%   441 1735s
 68732 65605 1406528.14   14  278 1.6887e+07 1406528.14  91.7%   441 1754s
 68950 69355 1406556.74   13  251 1.6887e+07 1406528.96  91.7%   441 1792s
H72716 69355                    1.617437e+07 1406529.88  91.3%   435 1793s
 72716 71830 1406561.81   11  263 1.6174e+07 1406530.03  91.3%   435 1830s
H75213 71532                    1.597083e+07 1406542.88  91.2%   429 1831s
 75213 72921 1406554.96   12  316 1.5971e+07 1406542.88  91.2%   428 1847s
 76602 74147 1406542.92   10  312 1.5971e+07 1406542.92  91.2%   433 1860s
 77832 75530 1406544.17   11  350 1.5971e+07 1406544.01  91.2%   434 1894s
H79215 75530                    1.597080e+07 1406544.17  91.2%   434 1894s
 79226 75501 1406644.80   17  210 1.5971e+07 1406544.17  91.2%   434 1924s
 79228 75504 1406547.88   18  288 1.5971e+07 1406547.69  91.2%   434 1925s
 79256 75543 1406658.96   21  256 1.5971e+07 1406556.24  91.2%   435 1930s
 79434 75975 1406669.62   23  316 1.5971e+07 1406643.79  91.2%   438 1937s
 79772 76864 1406937.31   24  278 1.5971e+07 1406649.46  91.2%   440 1947s
 80773 76984 1406699.03   10  474 1.5971e+07 1406655.29  91.2%   444 1983s
 81227 82934 1406741.26   12  452 1.5971e+07 1406663.77  91.2%   444 2039s
H87211 82930                    1.544633e+07 1406711.22  90.9%   429 2041s
 87211 87488 1406815.11   11  421 1.5446e+07 1406714.30  90.9%   429 2099s
 90668 87488 1406754.05   10  470 1.5446e+07 1406722.03  90.9%   419 2100s
H91777 87486                    1.528189e+07 1406722.03  90.8%   416 2101s
 91777 88541 1406754.89    9  320 1.5282e+07 1406722.37  90.8%   415 2114s
H92832 88541                    1.458257e+07 1406726.79  90.4%   415 2115s
 92832 88941 1406743.18   10  279 1.4583e+07 1406726.85  90.4%   414 2146s
 93232 93095 1406728.09    8  261 1.4583e+07 1406727.91  90.4%   415 2189s
H97405 92532                    1.379438e+07 1406728.10  89.8%   410 2190s
 97405 94987 1406732.05   12  379 1.3794e+07 1406728.10  89.8%   410 2231s
 99860 95274 1406732.06   15  298 1.3794e+07 1406732.05  89.8%   406 2266s
 100147 99851 1406734.40   16  289 1.3794e+07 1406734.40  89.8%   406 2322s
H104758 99843                    1.364853e+07 1406738.15  89.7%   405 2323s
 104758 105205 1406763.66   11  406 1.3649e+07 1406743.05  89.7%   405 2425s
H110165 104354                    1.301160e+07 1406749.00  89.2%   398 2426s
 110165 105878 1406783.50   17  412 1.3012e+07 1406776.81  89.2%   397 2467s
 111689 106289 1406829.80   12  199 1.3012e+07 1406782.79  89.2%   396 2495s
 112100 111910 1406782.80   16  259 1.3012e+07 1406782.80  89.2%   395 2557s
H117959 111898                    1.199876e+07 1406782.98  88.3%   396 2558s
 117959 113071 1406789.15   10  312 1.1999e+07 1406789.12  88.3%   396 2589s
H119132 112998                    1.143623e+07 1406789.14  87.7%   397 2589s
 119132 113112 1406878.24   13  456 1.1436e+07 1406790.14  87.7%   397 2637s
 119246 117857 1406801.62   15  466 1.1436e+07 1406801.62  87.7%   397 2708s
H124046 117832                    1.009567e+07 1406837.82  86.1%   390 2710s
 124046 118735 1406837.82   13  315 1.0096e+07 1406837.82  86.1%   389 2772s
H124949 118733                    9108961.6345 1406837.82  84.6%   390 2772s
 124949 119223 1406963.35   11  256 9108961.64 1406838.21  84.6%   390 2802s
 125439 122860 1406851.43   12  346 9108961.64 1406850.92  84.6%   390 2841s
H129253 122860                    9050503.2345 1406865.75  84.5%   396 2843s
 129253 124242 1406951.39   10  451 9050503.24 1406868.05  84.5%   395 2896s
H130637 124242                    8992096.1655 1406895.67  84.4%   396 2896s
 130637 127079 1406942.82   14  292 8992096.17 1406895.67  84.4%   396 2941s
H133544 127023                    8759381.2090 1406906.20  83.9%   394 2942s
 133544 127974 1406907.85    8  317 8759381.21 1406906.37  83.9%   394 2998s
H134495 127974                    8071835.9143 1406907.85  82.6%   394 2999s
 134507 127985 1406921.74   15  241 8071835.92 1406921.74  82.6%   394 3030s
 134537 128027 1407003.56   19  331 8071835.92 1407003.49  82.6%   395 3035s
 134626 128088 1407054.81   21  345 8071835.92 1407050.01  82.6%   395 3043s
 134651 128345 1407057.72   22  319 8071835.92 1407054.81  82.6%   396 3052s
 135066 128109 1407207.98   23  303 8071835.92 1407115.32  82.6%   397 3065s
H135369 127561                    7897815.6122 1407135.60  82.2%   399 3065s
 135380 127572 1407138.88   13  226 7897815.61 1407138.88  82.2%   399 3083s
 135394 127595 1407142.07   16  268 7897815.61 1407142.07  82.2%   399 3085s
 135580 127932 1407142.31   20  295 7897815.61 1407142.31  82.2%   400 3091s
 135809 128648 1407142.31   21  285 7897815.61 1407142.31  82.2%   401 3097s
 136603 131772 1407163.83   14  469 7897815.61 1407143.28  82.2%   403 3126s
 140022 131783 1407152.65   15  306 7897815.61 1407152.65  82.2%   408 3148s
 140028 131793 1407159.97   17  375 7897815.61 1407159.97  82.2%   408 3150s
 140076 131891 1407383.72   20  384 7897815.61 1407181.20  82.2%   409 3158s
 140150 132203 1407189.24   22  434 7897815.61 1407189.24  82.2%   410 3164s
 140486 133710 1407189.84   23  435 7897815.61 1407189.84  82.2%   411 3175s
 142151 134769 1407525.45   13  294 7897815.61 1407189.90  82.2%   413 3183s
H143886 134360                    7868505.6232 1407190.07  82.1%   414 3184s
 143897 134299 1407223.33   11  224 7868505.62 1407223.33  82.1%   414 3205s
 143951 134448 1407226.48   16  279 7868505.62 1407226.48  82.1%   414 3211s
 144477 135350 1407226.84   18  301 7868505.62 1407226.49  82.1%   415 3220s
 145155 135071 1407639.57   16  280 7868505.62 1407226.84  82.1%   417 3242s
 145209 135199 1407570.35   21  319 7868505.62 1407230.07  82.1%   418 3246s
 145701 136412 1407576.55   23  321 7868505.62 1407265.93  82.1%   419 3255s
 146680 139082 1407447.17   11  349 7868505.62 1407342.93  82.1%   421 3271s
 149853 139093 1407364.88   15  303 7868505.62 1407364.88  82.1%   424 3295s
 149907 139206 1407417.40   20  291 7868505.62 1407385.37  82.1%   424 3302s
 149986 139294 1407595.89   21  359 7868505.62 1407392.24  82.1%   425 3306s
 150100 140098 1407423.95   24  325 7868505.62 1407395.14  82.1%   426 3314s
 150953 139814 1407484.36   16  301 7868505.62 1407417.89  82.1%   427 3338s
 150959 139824 1407487.14   18  307 7868505.62 1407487.09  82.1%   428 3340s
 151157 140190 1407487.27   23  350 7868505.62 1407487.26  82.1%   428 3348s
 151399 141592 1407487.27   24  367 7868505.62 1407487.27  82.1%   429 3358s
 152894 141109 1407488.69   15  229 7868505.62 1407488.69  82.1%   429 3378s
 152908 141133 1407488.69   18  326 7868505.62 1407488.69  82.1%   429 3380s
 153032 141402 1407496.27   21  320 7868505.62 1407496.27  82.1%   430 3387s
 153235 141786 1407818.05   22  353 7868505.62 1407513.91  82.1%   431 3394s
 153688 143626 1407543.61   28  320 7868505.62 1407543.61  82.1%   433 3408s
 155765 142436 1407573.93   15  382 7868505.62 1407573.93  82.1%   437 3434s
 155767 142440 1407642.73   16  340 7868505.62 1407573.93  82.1%   437 3435s
 155819 142528 1407643.89   20  365 7868505.62 1407627.29  82.1%   437 3441s
 156199 143902 1407769.19   24  429 7868505.62 1407650.83  82.1%   438 3451s
H157377 143509                    7781116.1065 1407677.69  81.9%   439 3451s
 157389 143122 1407677.69   11  367 7781116.11 1407677.69  81.9%   439 3481s
 157443 143280 1407677.69   16  461 7781116.11 1407677.69  81.9%   440 3486s
 157567 143264 1407677.69   17  470 7781116.11 1407677.69  81.9%   440 3491s
 157592 143327 1407677.69   19  456 7781116.11 1407677.69  81.9%   440 3495s
 157848 145093 1407677.69   19  469 7781116.11 1407677.69  81.9%   440 3508s
H159725 144293                    7423344.5645 1407677.69  81.0%   438 3509s
 159725 146895 1407841.82   14  482 7423344.57 1407678.51  81.0%   438 3528s
H162335 146891                    7277562.6997 1407707.20  80.7%   435 3529s
 162347 146902 1407751.74   17  300 7277562.70 1407751.74  80.7%   435 3553s
 162361 146926 1407773.04   20  316 7277562.70 1407760.30  80.7%   435 3555s
 162499 146914 1407897.63   23  358 7277562.70 1407769.89  80.7%   436 3566s
 162639 147946 1407800.58   26  375 7277562.70 1407785.81  80.7%   437 3572s
H163935 147514                    7277443.4659 1407800.62  80.7%   436 3572s
 163946 147486 1407917.26   13  212 7277443.47 1407800.62  80.7%   437 3593s
 163952 147496 1407880.60   15  259 7277443.47 1407801.03  80.7%   437 3595s
 164114 147979 1407963.66   19  279 7277443.47 1407902.55  80.7%   438 3603s
 164497 148865 1408498.28   20  265 7277443.47 1407904.68  80.7%   439 3611s
 165511 150287 1407957.68   14  255 7277443.47 1407931.76  80.7%   441 3623s
 167275 151148 1407936.41   11  311 7277443.47 1407936.41  80.7%   444 3632s
H168136 151148                    7277193.3633 1407936.41  80.7%   444 3633s
 168136 154805 1407962.35   12  299 7277193.36 1407936.89  80.7%   444 3650s
H171797 154805                    7219656.7327 1407936.89  80.5%   440 3651s
 171797 156815 1407941.60   26  305 7219656.73 1407941.60  80.5%   439 3664s
 173819 155126 1407945.69   15  396 7219656.73 1407945.69  80.5%   443 3686s
 173849 155168 1408017.18   19  443 7219656.73 1408010.22  80.5%   443 3690s
 173978 155616 1408098.56   21  388 7219656.73 1408024.01  80.5%   444 3695s
 174364 156802 1408084.69   22  349 7219656.73 1408081.57  80.5%   444 3702s
H175704 156355                    7005491.2279 1408100.90  79.9%   445 3703s
 175715 155276 1408120.96   17  412 7005491.23 1408100.90  79.9%   445 3727s
 175745 155318 1408184.49   21  473 7005491.23 1408184.49  79.9%   445 3730s
 175844 155578 1408334.98   23  430 7005491.23 1408220.85  79.9%   446 3735s
 176062 156793 1408361.21   24  497 7005491.23 1408253.37  79.9%   447 3741s
H177350 156364                    6734349.8885 1408284.77  79.1%   446 3741s
 177350 159834 1408284.79   10  322 6734349.89 1408284.79  79.1%   446 3750s
H180848 158793                    6613200.3052 1408285.48  78.7%   441 3751s
 180859 158754 1408285.48   17  231 6613200.31 1408285.48  78.7%   441 3767s
 180889 158796 1408303.68   21  294 6613200.31 1408285.48  78.7%   441 3770s
 181383 159814 1408285.48   26  293 6613200.31 1408285.48  78.7%   442 3779s
 182110 159294 1408285.48   11  337 6613200.31 1408285.48  78.7%   443 3807s
 182124 159318 1408294.68   14  304 6613200.31 1408294.67  78.7%   443 3810s
 182164 159426 1408409.92   16  334 6613200.31 1408306.09  78.7%   443 3815s
 182398 159372 1408306.10   17  307 6613200.31 1408306.10  78.7%   444 3823s
 182422 160378 1408308.13   18  306 6613200.31 1408306.10  78.7%   444 3831s
H183687 159957                    6554612.2888 1408308.13  78.5%   444 3831s
 183699 159968 1408628.21   11  231 6554612.29 1408578.09  78.5%   444 3854s
 183705 159978 1408651.11   13  238 6554612.29 1408642.75  78.5%   444 3855s
 183893 159845 1408661.83   17  250 6554612.29 1408661.83  78.5%   445 3864s
 183921 160402 1408970.33   18  238 6554612.29 1408663.45  78.5%   445 3870s
H184758 160123                    6437769.5120 1408696.04  78.1%   446 3870s
 184770 160095 1408696.04   11  369 6437769.51 1408696.04  78.1%   446 3890s
 184824 160251 1408752.21   16  327 6437769.51 1408728.88  78.1%   447 3896s
 184946 160640 1408728.88   19  341 6437769.51 1408728.88  78.1%   447 3900s
 185375 161620 1408913.59   20  407 6437769.51 1408728.89  78.1%   448 3906s
 186522 162062 1408780.57   19  359 6437769.51 1408730.67  78.1%   448 3925s
 187359 161515 1408968.87   11  300 6437769.51 1408968.87  78.1%   448 3956s
H187373 161523                    5871455.9247 1408968.87  76.0%   448 3957s
 187385 161534 1409365.37   12  254 5871455.93 1409022.16  76.0%   448 3977s
 187415 161576 1409022.16   16  283 5871455.93 1409022.16  76.0%   448 3981s
 187564 162039 1409023.10   20  252 5871455.93 1409023.10  76.0%   449 3988s
 187951 163091 1409468.96   21  264 5871455.93 1409024.20  76.0%   450 3997s
H189166 162342                    5871442.3986 1409035.29  76.0%   452 3997s
 189178 162215 1409035.29   12  218 5871442.40 1409035.29  76.0%   452 4015s
 189232 162419 1409107.42   17  260 5871442.40 1409035.29  76.0%   452 4021s
 189402 162794 1409039.07   20  271 5871442.40 1409039.07  76.0%   453 4025s
 189833 163481 1409048.73   21  281 5871442.40 1409048.73  76.0%   454 4033s
H190672 163201                    5867944.4820 1409083.85  76.0%   455 4034s
 190684 161922 1409083.85   17  411 5867944.48 1409083.85  76.0%   455 4057s
 190738 162099 1409083.85   22  372 5867944.48 1409083.85  76.0%   455 4061s
 190881 162076 1409083.85   24  379 5867944.48 1409083.85  76.0%   455 4065s
H191668 162146                    5808483.8048 1409083.85  75.7%   455 4070s
 191668 166848 1409088.61   11  323 5808483.81 1409083.85  75.7%   455 4085s
H196450 166832                    5687453.4548 1409086.11  75.2%   452 4086s
 196462 166843 1409123.37   13  183 5687453.46 1409086.11  75.2%   452 4107s
 196476 166867 1409155.02   16  310 5687453.46 1409086.11  75.2%   452 4111s
 196669 167662 1409133.11   22  180 5687453.46 1409124.11  75.2%   453 4118s
 197352 172329 1409126.26   14  457 5687453.46 1409126.26  75.2%   453 4134s
H202292 172329                    5687438.4977 1409145.33  75.2%   449 4134s
 202304 172151 1409165.31   13  249 5687438.50 1409153.32  75.2%   449 4156s
 202518 172137 1409184.67   19  266 5687438.50 1409183.20  75.2%   450 4162s
 202542 172723 1409227.68   20  307 5687438.50 1409185.69  75.2%   450 4166s
H203306 172468                    5629099.3310 1409226.08  75.0%   449 4167s
 203306 177307 1409232.51    9  272 5629099.33 1409226.69  75.0%   449 4195s
H208183 177307                    5599929.7741 1409226.95  74.8%   447 4196s
 208183 179323 1409389.30   25  271 5599929.78 1409230.94  74.8%   446 4219s
 209603 178850 1409270.40   23  326 5599929.78 1409261.44  74.8%   449 4220s
H210297 178618                    5599924.1246 1409261.44  74.8%   451 4220s
 210297 179838 1409268.70   23  279 5599924.13 1409268.70  74.8%   451 4233s
 211558 179432 1409269.37   16  301 5599924.13 1409269.37  74.8%   454 4256s
 211612 179594 1409285.45   21  329 5599924.13 1409281.94  74.8%   455 4261s
 211946 180592 1409320.89   28  341 5599924.13 1409320.63  74.8%   455 4274s
 212850 183027 1409611.56   24  314 5599924.13 1409401.93  74.8%   455 4297s
 215655 182063 1409498.94   11  243 5599924.13 1409498.94  74.8%   454 4321s
 215685 182105 1409505.79   15  360 5599924.13 1409505.79  74.8%   454 4325s
 215853 182379 1409556.96   18  325 5599924.13 1409520.88  74.8%   455 4331s
 216039 182669 1409522.52   19  353 5599924.13 1409522.52  74.8%   456 4339s
 216391 183308 1409946.11   21  311 5599924.13 1409522.52  74.8%   459 4353s
 217148 184259 1409986.16   19  278 5599924.13 1409574.94  74.8%   465 4366s
 218351 186030 1410210.46   35  251 5599924.13 1409617.86  74.8%   468 4382s
 220539 185316 1409957.26   15  327 5599924.13 1409780.98  74.8%   468 4407s
 220553 185340 1409811.24   18  380 5599924.13 1409811.24  74.8%   468 4410s
 220704 185710 1410288.25   23  330 5599924.13 1409821.53  74.8%   469 4420s
 220990 186376 1409839.72   26  419 5599924.13 1409839.72  74.8%   470 4428s
 221757 188880 1409883.50   28  355 5599924.13 1409858.67  74.8%   471 4452s
 224640 189532 1409877.20   26  367 5599924.13 1409877.20  74.8%   472 4467s
 226269 191267 1409877.20   30  318 5599924.13 1409877.20  74.8%   471 4485s
 228647 191483 1410084.67   24  385 5599924.13 1409878.79  74.8%   471 4514s
 229717 192557 1409928.66   21  361 5599924.13 1409891.35  74.8%   471 4528s
H231358 192010                    5572595.7289 1409894.95  74.7%   473 4529s
 231358 193291 1410335.18   20  381 5572595.73 1409894.95  74.7%   473 4560s
H232869 192034                    5282334.5104 1409894.95  73.3%   472 4561s
 232881 191623 1409894.95   11  435 5282334.51 1409894.95  73.3%   472 4592s
 232895 191647 1409960.12   14  522 5282334.51 1409944.59  73.3%   472 4595s
 233041 191556 1410111.36   17  388 5282334.51 1410008.88  73.3%   472 4603s
 233065 191572 1410549.27   18  505 5282334.51 1410025.48  73.3%   472 4608s
 233089 191943 1410415.03   19  564 5282334.51 1410029.23  73.3%   472 4616s
H234001 191042                    5107044.7724 1410030.03  72.4%   472 4617s
 234001 193272 1410050.96   27  355 5107044.77 1410048.39  72.4%   472 4639s
H236515 191089                    4908260.0307 1410062.93  71.3%   470 4640s
 236515 193007 1410374.22   27  244 4908260.03 1410063.15  71.3%   470 4651s
 238444 192379 1410106.31   15  231 4908260.03 1410092.87  71.3%   472 4664s
 238446 192382 1410139.03   16  254 4908260.03 1410105.03  71.3%   472 4665s
 238561 192714 1410125.82   21  276 4908260.03 1410111.79  71.3%   472 4672s
 238820 193578 1410139.56   22  248 4908260.03 1410139.23  71.3%   473 4678s
 239782 193272 1410222.45   11  311 4908260.03 1410222.45  71.3%   473 4700s
 239836 193435 1410226.89   16  297 4908260.03 1410225.91  71.3%   474 4705s
 240375 195128 1410226.78   21  312 4908260.03 1410225.98  71.3%   474 4715s
 241850 192775 1410227.26   11  232 4908260.03 1410227.26  71.3%   473 4741s
 241904 192717 1410269.06   16  357 4908260.03 1410253.49  71.3%   473 4746s
 241997 192911 1410257.77   17  360 4908260.03 1410257.77  71.3%   474 4752s
 242222 194128 1410273.61   18  378 4908260.03 1410259.73  71.3%   474 4765s
H243692 193471                    4795580.4814 1410265.01  70.6%   473 4766s
 243692 194670 1410271.93   30  282 4795580.48 1410271.93  70.6%   473 4776s
 244891 196386 1410314.62   26  358 4795580.48 1410285.24  70.6%   475 4788s
 247088 198844 1410583.53   26  322 4795580.48 1410287.06  70.6%   475 4806s
H250336 197521                    4792561.1753 1410349.23  70.6%   472 4807s
 250347 197487 1410349.23   16  299 4792561.18 1410349.23  70.6%   472 4831s
 250401 197602 1410366.27   21  358 4792561.18 1410356.87  70.6%   472 4835s
 250718 198578 1410496.17   24  320 4792561.18 1410360.42  70.6%   473 4843s
 251564 200370 1410448.44   28  296 4792561.18 1410365.56  70.6%   473 4853s
 253650 201464 1410367.05   19  266 4792561.18 1410366.94  70.6%   473 4887s
H255596 200462                    4347499.8284 1410367.04  67.6%   472 4888s
 255596 203164 1410367.04   23  285 4347499.83 1410367.04  67.6%   472 4903s
 258451 204381 1410375.01   24  358 4347499.83 1410367.27  67.6%   472 4916s
 260741 203723 1410368.81   16  281 4347499.83 1410368.81  67.6%   472 4922s
 260924 203686 1410369.67   17  275 4347499.83 1410369.67  67.6%   473 4926s
 260948 203673 1410370.47   18  288 4347499.83 1410370.47  67.6%   473 4933s
 261054 204747 1410671.50   19  318 4347499.83 1410371.37  67.6%   473 4942s
H262379 204210                    4232049.3553 1410395.42  66.7%   474 4943s
 262379 205596 1410410.77   25  319 4232049.36 1410395.54  66.7%   474 4956s
 263843 205695 1410669.39   20  258 4232049.36 1410397.77  66.7%   475 4969s
 264445 209141 1410469.26   23  290 4232049.36 1410469.26  66.7%   477 4999s
 268269 210048 1410503.52   27  391 4232049.36 1410503.52  66.7%   479 5035s
H270737 209226                    4231984.8315 1410503.52  66.7%   477 5035s
 270749 209237 1410534.88   13  285 4231984.83 1410531.98  66.7%   477 5062s
 270779 209279 1410577.23   17  291 4231984.83 1410550.20  66.7%   477 5065s
 270959 209399 1410551.79   20  260 4231984.83 1410550.64  66.7%   477 5071s
 270983 209425 1410554.09   21  290 4231984.83 1410551.89  66.7%   478 5076s
 271017 210262 1410554.09   22  279 4231984.83 1410554.09  66.7%   478 5086s
H272182 209575                    4144476.4975 1410554.09  66.0%   477 5087s
 272182 211093 1410860.34   23  224 4144476.50 1410554.15  66.0%   477 5096s
 273741 210588 1410594.08   14  382 4144476.50 1410594.08  66.0%   478 5123s
 273755 210612 1410603.68   17  451 4144476.50 1410596.47  66.0%   478 5125s
 273928 210735 1410609.05   20  365 4144476.50 1410609.05  66.0%   478 5134s
 273952 211127 1410609.46   21  370 4144476.50 1410609.46  66.0%   478 5140s
 274702 213160 1410614.85   23  371 4144476.50 1410614.85  66.0%   478 5160s
H277380 212244                    4085937.9817 1410616.04  65.5%   477 5161s
 277380 214589 1410663.58   22  233 4085937.98 1410618.78  65.5%   476 5176s
 279826 213789 1410649.25   17  252 4085937.98 1410636.85  65.5%   475 5204s
 279832 213799 1410636.85   19  261 4085937.98 1410636.85  65.5%   475 5206s
 279880 214036 1410636.85   22  305 4085937.98 1410636.85  65.5%   475 5211s
 280093 214004 1410643.08   23  290 4085937.98 1410636.85  65.5%   476 5219s
 280132 214857 1410636.85   33  263 4085937.98 1410636.85  65.5%   476 5227s
H281002 214226                    3757294.1652 1410637.56  62.5%   476 5227s
 281002 215773 1410691.89   26  325 3757294.17 1410653.44  62.5%   476 5245s
 282551 216278 1410689.35   27  318 3757294.17 1410677.35  62.5%   478 5256s
 283600 216727 1410810.42   29  326 3757294.17 1410711.00  62.5%   480 5271s
 284414 218458 1410794.53   27  394 3757294.17 1410713.19  62.5%   483 5283s
 286417 219417 1410762.22   28  350 3757294.17 1410762.22  62.5%   482 5294s
H288091 217197                    3701926.3349 1410762.22  61.9%   482 5294s
 288091 218596 1411435.69   28  295 3701926.34 1410783.70  61.9%   482 5317s
 289495 219455 1411081.65   21  314 3701926.34 1411002.59  61.9%   489 5336s
 290842 220195 1411069.72   24  329 3701926.34 1411069.72  61.9%   494 5349s
 292039 221184 1411108.29   27  301 3701926.34 1411106.39  61.9%   496 5363s
 293433 221760 1411944.79   36  246 3701926.34 1411134.51  61.9%   498 5370s
 294474 222950 1411598.56   37  266 3701926.34 1411202.17  61.9%   499 5379s
 296011 224767 1411244.41   28  411 3701926.34 1411244.41  61.9%   499 5398s
 298482 225602 1411296.14   31  319 3701926.34 1411287.22  61.9%   501 5409s
 300155 226669 1411315.95   29  375 3701926.34 1411296.14  61.9%   501 5419s
 301790 228345 1411316.60   31  278 3701926.34 1411315.99  61.9%   500 5431s
 304106 228922 1411332.42   31  421 3701926.34 1411324.01  61.9%   500 5442s
 305455 230162 1411348.04   24  353 3701926.34 1411336.98  61.9%   500 5452s
 307144 230824 1411343.35   24  476 3701926.34 1411343.35  61.9%   500 5462s
 308390 232087 1411539.33   26  386 3701926.34 1411343.35  61.9%   499 5472s
 310068 236067 1411759.33   20  560 3701926.34 1411377.83  61.9%   499 5497s
H314740 234144                    3675134.4661 1411397.81  61.6%   496 5498s
 314740 235124 1411588.57   29  394 3675134.47 1411411.87  61.6%   496 5505s
 315763 236202 1411427.04   25  360 3675134.47 1411427.04  61.6%   497 5514s
 317182 236772 1411445.74   27  289 3675134.47 1411437.06  61.6%   497 5525s
 318225 238031 1411466.62   24  256 3675134.47 1411465.65  61.6%   498 5537s
 319832 239642 1411813.24   24  284 3675134.47 1411470.39  61.6%   499 5552s
 321979 240314 1411500.15   23  302 3675134.47 1411485.45  61.6%   500 5560s
 323366 241129 1411531.23   29  309 3675134.47 1411501.65  61.6%   499 5568s
 324643 243628 1411688.28   21  267 3675134.47 1411519.47  61.6%   499 5598s
H327836 242044                    3467150.0831 1411533.24  59.3%   496 5599s
 327836 243564 1411708.86   33  288 3467150.08 1411533.24  59.3%   496 5610s
 329356 244550 1411691.95   28  400 3467150.08 1411691.95  59.3%   497 5620s
H330863 243289                    3436630.5349 1411692.35  58.9%   497 5620s
 330863 244211 1412080.03   27  392 3436630.54 1411694.89  58.9%   497 5627s
 331785 245791 1411741.10   30  427 3436630.54 1411737.64  58.9%   496 5637s
 333722 247393 1411773.23   20  324 3436630.54 1411741.10  58.9%   496 5652s
 335970 248031 1411745.12   30  334 3436630.54 1411744.95  58.9%   495 5662s
 337357 249176 1411771.92   32  344 3436630.54 1411745.99  58.9%   495 5671s
 338966 250788 1411755.54   22  278 3436630.54 1411755.54  58.9%   495 5700s
H341298 249607                    3145793.4008 1411755.54  55.1%   494 5701s
 341298 250477 1411755.68   28  248 3145793.40 1411755.54  55.1%   494 5709s
 342199 252443 1412093.89   29  227 3145793.40 1411755.56  55.1%   494 5723s
 344618 252707 1411779.47   22  289 3145793.40 1411756.22  55.1%   494 5732s
 345698 253647 1411805.17   29  367 3145793.40 1411756.31  55.1%   495 5741s
 347010 255059 1411968.04   20  294 3145793.40 1411758.18  55.1%   495 5758s
 348993 254797 1411826.11   34  274 3145793.40 1411762.88  55.1%   496 5770s
 349392 258609 1411770.72   42  277 3145793.40 1411765.25  55.1%   497 5807s
 353687 258495 1411765.99   23  261 3145793.40 1411765.99  55.1%   501 5820s
 355031 259840 1412076.60   24  278 3145793.40 1411774.44  55.1%   502 5836s
 356865 261448 1411948.03   28  379 3145793.40 1411790.95  55.1%   502 5859s
 358609 263295 1411821.53   23  315 3145793.40 1411791.56  55.1%   501 5894s
H361453 262077                    3145670.8129 1411827.60  55.1%   500 5894s
 361453 262581 1412069.04   28  175 3145670.81 1411827.60  55.1%   500 5904s
 361957 265117 1411827.83   34  178 3145670.81 1411827.83  55.1%   500 5928s
H364796 263936                    3145658.7475 1411827.83  55.1%   501 5929s
 364796 264204 1411858.40   24  372 3145658.75 1411829.34  55.1%   501 5948s
 365064 268886 1411924.53   25  319 3145658.75 1411868.91  55.1%   501 5995s
H371040 266894                    3088376.1211 1411880.11  54.3%   501 5996s
 371040 267133 1411880.23   24  304 3088376.12 1411880.23  54.3%   501 6007s
 371279 272738 1411894.77   26  295 3088376.12 1411883.44  54.3%   501 6052s
 377316 273475 1412016.36   29  338 3088376.12 1411889.85  54.3%   498 6086s
H380466 271211                    2828714.3616 1411891.15  50.1%   497 6087s
 380466 272632 1411987.51   24  285 2828714.36 1411904.52  50.1%   497 6103s
 381888 273540 1412208.06   26  310 2828714.36 1411932.10  50.1%   498 6119s
 382362 273540 1412036.92   28  317 2828714.36 1411933.40  50.1%   499 6120s
 383152 274466 1412526.16   35  287 2828714.36 1411935.04  50.1%   500 6134s
 384100 275675 1412593.84   38  245 2828714.36 1411953.23  50.1%   502 6152s
 385764 276202 1412024.62   30  381 2828714.36 1411981.78  50.1%   505 6161s
 386845 277432 1412287.56   26  364 2828714.36 1412024.63  50.1%   505 6174s
 388435 278100 1412124.57   29  371 2828714.36 1412124.57  50.1%   504 6185s
 389641 279035 1412457.53   32  338 2828714.36 1412124.68  50.1%   504 6195s
 390980 280078 1412473.70   37  313 2828714.36 1412147.19  50.1%   505 6217s
 392490 280748 1412253.58   47  224 2828714.36 1412154.68  50.1%   509 6235s
 393676 281701 1412827.12   39  294 2828714.36 1412157.44  50.1%   513 6248s
 395025 282600 1412171.67   34  353 2828714.36 1412171.66  50.1%   514 6262s
 396381 283806 1412219.43   30  238 2828714.36 1412173.63  50.1%   516 6274s
 398051 284510 1412348.36   30  312 2828714.36 1412206.09  50.1%   516 6284s
 398778 284268 1412229.09   34  313 2828714.36 1412207.22  50.1%   516 6285s
 399312 285096 1412322.82   27  385 2828714.36 1412211.95  50.1%   516 6297s
 400387 286640 1412471.26   36  348 2828714.36 1412296.65  50.1%   517 6313s
 402377 288475 1412303.74   33  330 2828714.36 1412303.74  50.1%   518 6331s
H404951 286120                    2772660.7085 1412303.74  49.1%   516 6332s
 404951 287993 1412791.72   30  329 2772660.71 1412331.82  49.1%   516 6348s
 406828 291072 1412435.16   32  249 2772660.71 1412428.47  49.1%   516 6372s
H410622 287695                    2718214.5370 1412428.55  48.0%   513 6374s
 410622 289328 1412438.06   26  332 2718214.54 1412430.54  48.0%   513 6388s
 412255 290286 1412453.98   26  375 2718214.54 1412436.11  48.0%   513 6400s
 413685 291873 1412619.97   29  450 2718214.54 1412445.59  48.0%   513 6412s
 415272 292517 1412563.08   33  477 2718214.54 1412445.59  48.0%   513 6420s
 416366 293335 1412494.97   24  401 2718214.54 1412455.43  48.0%   513 6429s
 417184 294644 1412496.50   29  403 2718214.54 1412496.50  48.0%   512 6444s
 418766 295685 1412572.23   26  398 2718214.54 1412501.06  48.0%   512 6455s
 420063 296617 1412683.58   28  347 2718214.54 1412507.61  48.0%   512 6464s
 421427 297864 1412771.59   28  261 2718214.54 1412519.39  48.0%   512 6479s
 423129 298591 1412894.92   29  255 2718214.54 1412559.35  48.0%   512 6490s
 424423 299643 1412810.07   25  262 2718214.54 1412587.32  48.0%   513 6502s
 425696 300397 1413001.40   24  283 2718214.54 1412670.13  48.0%   513 6513s
 426875 301363 1412690.62   22  310 2718214.54 1412689.74  48.0%   513 6524s
 428234 302184 1412695.87   18  289 2718214.54 1412691.56  48.0%   513 6535s
 429508 303258 1412879.66   21  245 2718214.54 1412693.08  48.0%   513 6545s
 431051 303426 1412714.00   23  309 2718214.54 1412700.21  48.0%   512 6553s
H432238 303167                    2690424.1275 1412701.00  47.5%   511 6554s
 432238 305013 1412874.35   44  241 2690424.13 1412701.00  47.5%   511 6568s
 434084 306051 1412820.30   24  330 2690424.13 1412779.64  47.5%   511 6579s
 435447 307350 1412797.75   31  401 2690424.13 1412797.75  47.5%   511 6590s
 436759 308090 1412802.73   33  363 2690424.13 1412802.73  47.5%   512 6599s
 437940 309357 1412811.47   32  395 2690424.13 1412804.17  47.5%   512 6610s
 439621 309748 1412843.84   33  322 2690424.13 1412812.51  47.5%   511 6617s
 440572 310754 1412980.00   22  303 2690424.13 1412813.74  47.5%   511 6629s
 441899 312082 1413008.75   25  320 2690424.13 1412822.21  47.5%   511 6645s
 443676 313115 1412852.20   32  375 2690424.13 1412826.45  47.5%   510 6659s
 445309 313439 1413606.90   46  268 2690424.13 1412832.58  47.5%   510 6667s
 446178 314827 1412835.36   23  265 2690424.13 1412835.36  47.5%   510 6682s
 447885 315862 1413273.85   24  256 2690424.13 1412835.37  47.5%   510 6691s
 448934 317666 1412838.17   34  274 2690424.13 1412836.56  47.5%   510 6705s
 450796 318298 1412838.09   27  319 2690424.13 1412838.09  47.5%   510 6716s
 452049 319330 1412838.10   28  322 2690424.13 1412838.10  47.5%   510 6728s
 453517 319797 1413072.40   24  264 2690424.13 1412850.88  47.5%   510 6740s
 454494 321138 1412881.49   25  329 2690424.13 1412881.49  47.5%   511 6758s
 456228 323109 1413417.96   36  288 2690424.13 1412882.55  47.5%   512 6780s
H458490 321950                    2662464.5708 1412882.55  46.9%   511 6781s
 458490 323537 1412885.96   29  293 2662464.57 1412882.55  46.9%   511 6797s
 460172 324597 1412890.57   33  258 2662464.57 1412890.57  46.9%   511 6808s
 461260 325218 1412890.57   33  377 2662464.57 1412890.57  46.9%   511 6840s
 461881 329101 1412890.57   37  377 2662464.57 1412890.57  46.9%   511 6878s
H466511 327558                    2517783.6813 1412890.57  43.9%   509 6879s
 466511 327691 1412892.68   24  336 2517783.68 1412892.68  43.9%   509 6908s
 466644 333370 1413181.89   25  302 2517783.68 1412892.70  43.9%   509 6968s
H472764 330659                    2373310.1576 1412892.79  40.5%   508 6969s
 472764 331648 1412892.79   34  185 2373310.16 1412892.79  40.5%   508 6982s
 473794 332912 1413171.83   36  253 2373310.16 1412892.80  40.5%   508 6999s
 475495 333820 1412898.88   34  356 2373310.16 1412894.28  40.5%   508 7012s
 477005 334888 1412953.36   36  339 2373310.16 1412898.89  40.5%   508 7024s
 478649 335334 1412898.99   28  260 2373310.16 1412898.99  40.5%   507 7036s
 479643 337315 1412901.90   29  254 2373310.16 1412901.90  40.5%   507 7048s
 481713 337387 1412906.92   39  277 2373310.16 1412906.92  40.5%   506 7065s
 482065 341433 1412907.18   40  304 2373310.16 1412907.18  40.5%   506 7109s
 485652 340237 1413223.90   40  303 2373310.16 1412907.40  40.5%   506 7110s
H487814 339517                    2255572.3945 1412907.40  37.4%   506 7111s
 487814 341296 1413139.66   28  304 2255572.40 1412907.59  37.4%   505 7130s
 489593 342337 1412935.17   21  322 2255572.40 1412935.17  37.4%   506 7144s
 490634 343080 1413955.48   44  272 2255572.40 1412943.94  37.4%   507 7161s
 491497 344217 1413766.56   50  296 2255572.40 1412963.84  37.4%   509 7183s
 493039 344562 1413592.02   45  288 2255572.40 1412982.80  37.4%   513 7203s
 493976 345453 1413209.79   26  334 2255572.40 1412987.77  37.4%   516 7223s
 495179 346984 1413041.15   23  394 2255572.40 1413022.08  37.4%   516 7249s
 495883 346749 1413341.44   31  330 2255572.40 1413029.68  37.4%   515 7250s
 497111 347699 1413234.00   35  282 2255572.40 1413052.16  37.4%   515 7264s
 498470 348486 1413434.62   36  303 2255572.40 1413067.96  37.4%   515 7275s
 499712 349068 1413537.32   56  238 2255572.40 1413094.98  37.4%   515 7296s
 500731 349985 1413462.99   41  253 2255572.40 1413101.16  37.4%   519 7321s
 502031 350894 1413108.46   46  387 2255572.40 1413108.46  37.4%   523 7347s
 503389 352087 1413343.39   36  320 2255572.40 1413112.47  37.4%   528 7365s
 505025 352452 1413363.20   42  290 2255572.40 1413113.96  37.4%   528 7376s
 505940 353843 1413155.47   35  327 2255572.40 1413133.86  37.3%   529 7391s
 507647 354344 1413828.64   38  308 2255572.40 1413143.06  37.3%   529 7401s
 508727 355812 1413332.47   40  328 2255572.40 1413154.45  37.3%   529 7417s
 510413 356096 1413266.08   43  289 2255572.40 1413158.25  37.3%   529 7428s
 511292 356894 1413260.01   34  354 2255572.40 1413173.07  37.3%   530 7440s
 512406 358509 1413341.38   39  363 2255572.40 1413173.22  37.3%   530 7455s
 514021 359911 1413532.55   29  353 2255572.40 1413173.41  37.3%   530 7470s
 515433 361107 1413615.93   25  335 2255572.40 1413192.76  37.3%   529 7485s
 517102 362408 1413210.06   38  301 2255572.40 1413208.05  37.3%   529 7499s
 519001 363357 1413252.56   40  282 2255572.40 1413210.18  37.3%   528 7507s
 519950 364743 1413303.78   29  347 2255572.40 1413211.44  37.3%   528 7527s
 521336 366135 1413297.28   26  434 2255572.40 1413220.70  37.3%   529 7545s
 522728 367294 1413224.52   30  466 2255572.40 1413224.52  37.3%   529 7559s
 523887 368797 1413233.26   32  488 2255572.40 1413229.88  37.3%   529 7573s
 525390 370377 1413477.63   31  354 2255572.40 1413255.62  37.3%   528 7587s
 526970 371496 1413572.15   34  433 2255572.40 1413262.24  37.3%   528 7598s
 528089 372957 1413293.73   31  364 2255572.40 1413278.34  37.3%   528 7612s
 529550 374325 1413325.93   28  316 2255572.40 1413284.20  37.3%   528 7622s
 531026 376209 1413520.95   30  275 2255572.40 1413294.04  37.3%   528 7639s
 532910 377298 1413705.65   24  250 2255572.40 1413307.20  37.3%   528 7650s
 533999 378464 1413615.35   28  256 2255572.40 1413332.67  37.3%   528 7667s
 535165 379740 1413956.16   28  294 2255572.40 1413355.20  37.3%   528 7688s
 536829 380533 1413384.85   22  282 2255572.40 1413380.78  37.3%   528 7701s
 538177 381210 1413381.96   20  257 2255572.40 1413381.95  37.3%   528 7712s
 539233 382553 1413462.93   18  352 2255572.40 1413385.01  37.3%   528 7725s
 540576 383998 1413487.28   29  308 2255572.40 1413385.57  37.3%   528 7736s
 542055 383850 1413406.51   29  315 2255572.40 1413386.54  37.3%   527 7744s
H543028 383850                    2226682.2283 1413387.34  36.5%   527 7744s
 543028 385462 1413456.22   30  293 2226682.23 1413388.95  36.5%   527 7760s
 544640 386720 1413987.04   27  275 2226682.23 1413400.60  36.5%   527 7775s
 545902 387974 1413711.19   34  268 2226682.23 1413413.55  36.5%   527 7787s
 547156 389078 1413660.04   40  225 2226682.23 1413414.59  36.5%   528 7800s
 548682 390276 1413453.59   35  333 2226682.23 1413422.50  36.5%   528 7812s
 550405 390540 1413774.58   38  335 2226682.23 1413422.52  36.5%   527 7818s
 551252 391748 1413625.83   21  374 2226682.23 1413436.02  36.5%   527 7833s
 552752 392451 1413645.16   22  272 2226682.23 1413440.58  36.5%   527 7845s
 553955 393344 1413491.31   29  276 2226682.23 1413443.95  36.5%   526 7860s
 555249 394485 1413604.76   28  340 2226682.23 1413447.40  36.5%   526 7873s
 556828 395292 1413450.08   25  269 2226682.23 1413450.08  36.5%   526 7886s
 558195 396623 1413451.17   30  293 2226682.23 1413450.30  36.5%   526 7899s
 559530 397884 1413830.94   32  240 2226682.23 1413450.51  36.5%   527 7910s
 560830 399037 1413450.75   38  285 2226682.23 1413450.75  36.5%   527 7920s
H562484 398108                    2199572.2422 1413451.47  35.7%   527 7921s
 562484 399398 1413451.52   29  310 2199572.24 1413451.52  35.7%   527 7929s
 563547 399044 1413716.41   24  321 2199572.24 1413451.85  35.7%   527 7930s
 563776 400613 1413489.13   30  330 2199572.24 1413453.91  35.7%   527 7939s
 565470 401187 1413461.52   26  330 2199572.24 1413461.52  35.7%   527 7951s
 566622 402684 1413666.19   27  292 2199572.24 1413461.52  35.7%   527 7964s
 568186 405213 1413464.35   44  262 2199572.24 1413464.35  35.7%   528 7981s
H570864 404010                    2199558.3496 1413464.58  35.7%   528 7981s
 570864 405470 1413721.71   35  242 2199558.35 1413466.23  35.7%   528 7995s
 572437 406978 1413724.14   39  214 2199558.35 1413466.23  35.7%   528 8010s
 574035 408892 1413629.29   35  345 2199558.35 1413466.39  35.7%   528 8025s
 576003 409332 1413479.91   33  411 2199558.35 1413475.50  35.7%   527 8031s
 576565 411204 1413478.99   28  339 2199558.35 1413478.99  35.7%   527 8049s
 578474 411467 1413898.38   30  314 2199558.35 1413479.01  35.7%   527 8056s
 579377 412850 1413820.98   38  247 2199558.35 1413479.66  35.7%   527 8076s
 581149 412865 1413480.15   43  195 2199558.35 1413480.05  35.7%   527 8086s
 581768 414121 1413480.16   45  191 2199558.35 1413480.16  35.7%   527 8103s
 583290 415801 1413480.29   40  353 2199558.35 1413480.29  35.7%   527 8120s
 585534 415575 1413629.77   34  308 2199558.35 1413502.79  35.7%   526 8127s
 586056 416216 1413535.69   31  265 2199558.35 1413504.95  35.7%   526 8138s
 586873 416241 1413581.88   33  218 2199558.35 1413519.56  35.7%   526 8150s
 586898 419526 1413519.56   31  274 2199558.35 1413519.56  35.7%   526 8174s
 590267 421156 1413558.18   45  322 2199558.35 1413519.62  35.7%   524 8188s
 591939 421624 1413541.03   53  323 2199558.35 1413530.66  35.7%   524 8196s
 592881 423277 1413659.39   29  288 2199558.35 1413541.13  35.7%   524 8219s
 594536 424304 1413681.85   23  359 2199558.35 1413553.63  35.7%   525 8234s
 595563 425467 1414008.80   25  270 2199558.35 1413554.54  35.7%   526 8251s
 596726 426361 1413981.88   31  337 2199558.35 1413569.64  35.7%   527 8270s
 597717 427242 1413589.54   35  359 2199558.35 1413575.97  35.7%   529 8294s
 599019 428192 1414053.68   39  336 2199558.35 1413578.44  35.7%   532 8318s
 600537 429409 1413938.14   32  352 2199558.35 1413591.02  35.7%   535 8341s
 602001 430123 1413703.06   31  450 2199558.35 1413626.05  35.7%   534 8390s
 603203 430907 1413971.57   35  337 2199558.35 1413642.76  35.7%   534 8437s
 604388 432070 1413848.62   35  346 2199558.35 1413664.76  35.7%   534 8453s
 605950 433031 1414212.29   42  294 2199558.35 1413677.18  35.7%   534 8465s
 607432 433621 1414110.54   41  302 2199558.35 1413694.57  35.7%   534 8478s
 608516 434490 1414539.32   48  269 2199558.35 1413707.24  35.7%   534 8501s
 609770 435652 1414085.95   33  351 2199558.35 1413719.75  35.7%   537 8524s
 610378 435652 1414412.11   49  239 2199558.35 1413723.38  35.7%   538 8525s
 610943 436742 1414097.77   44  286 2199558.35 1413723.39  35.7%   540 8566s
 612092 438287 1413929.75   37  329 2199558.35 1413726.09  35.7%   543 8584s
 613639 439003 1414424.03   35  251 2199558.35 1413739.73  35.7%   544 8597s
 614882 440125 1414096.42   40  279 2199558.35 1413741.19  35.7%   544 8613s
 616096 441721 1413833.30   39  317 2199558.35 1413745.55  35.7%   545 8627s
 617692 442949 1413748.30   35  297 2199558.35 1413747.41  35.7%   545 8659s
 618922 444148 1413791.57   37  275 2199558.35 1413748.27  35.7%   545 8694s
 620121 445986 1413832.51   40  342 2199558.35 1413750.90  35.7%   544 8714s
 621614 445488 1413769.13   35  372 2199558.35 1413753.32  35.7%   545 8715s
 622111 446392 1413854.41   43  322 2199558.35 1413769.42  35.7%   545 8738s
 623221 447105 1413879.45   38  325 2199558.35 1413769.69  35.7%   545 8764s
H624368 444422                    2169722.5512 1413770.97  34.8%   545 8765s
 624368 446016 1413992.25   43  335 2169722.55 1413775.50  34.8%   545 8779s
 625962 447147 1413780.34   43  323 2169722.55 1413778.13  34.8%   545 8792s
 627093 448379 1413778.24   43  365 2169722.55 1413778.24  34.8%   545 8804s
 628325 449806 1413884.20   24  409 2169722.55 1413778.50  34.8%   545 8820s
 629768 451091 1414232.98   25  341 2169722.55 1413793.57  34.8%   545 8836s
 631539 452490 1413814.47   43  322 2169722.55 1413813.56  34.8%   544 8850s
 632943 453932 1413817.69   46  317 2169722.55 1413815.79  34.8%   544 8861s
 634397 454829 1413889.37   49  291 2169722.55 1413819.17  34.8%   544 8872s
 635298 456450 1413854.22   20  407 2169722.55 1413824.22  34.8%   544 8892s
 636921 457589 1413875.09   36  371 2169722.55 1413829.15  34.8%   544 8909s
 636974 457589 1413851.81   31  431 2169722.55 1413829.96  34.8%   544 8910s
 638060 458820 1413923.63   27  332 2169722.55 1413834.50  34.8%   544 8944s
 639291 460208 1413881.86   37  440 2169722.55 1413837.93  34.8%   544 8959s
 640679 461116 1413913.56   29  465 2169722.55 1413843.13  34.8%   544 8973s
 641587 462834 1413915.64   28  445 2169722.55 1413847.18  34.8%   544 8992s
 643305 464411 1413928.05   37  409 2169722.55 1413851.37  34.8%   543 9007s
 644882 465710 1414011.62   30  402 2169722.55 1413857.88  34.8%   543 9019s
 646181 466703 1414174.30   36  385 2169722.55 1413862.03  34.8%   543 9032s
 647174 467841 1414299.06   31  376 2169722.55 1413867.04  34.8%   543 9046s
 648312 469374 1413877.48   29  362 2169722.55 1413872.27  34.8%   543 9065s
 649845 470701 1414204.26   28  349 2169722.55 1413877.37  34.8%   543 9079s
 651172 472107 1414092.08   31  277 2169722.55 1413880.18  34.8%   543 9111s
 652578 473353 1414690.28   31  233 2169722.55 1413906.70  34.8%   543 9141s
 653824 474597 1414009.76   27  253 2169722.55 1413923.58  34.8%   543 9172s
 655068 476216 1414161.73   30  330 2169722.55 1413932.41  34.8%   544 9197s
 656687 476699 1413987.97   29  338 2169722.55 1413956.42  34.8%   544 9214s
 657277 476503 1414096.93   21  347 2169722.55 1413978.46  34.8%   544 9215s
 657710 477482 1414511.39   31  299 2169722.55 1413990.88  34.8%   544 9261s
 658834 478516 1414084.73   23  301 2169722.55 1414002.90  34.8%   544 9275s
 660094 480155 1414074.13   28  423 2169722.55 1414008.04  34.8%   544 9290s
 661733 481334 1414133.53   31  279 2169722.55 1414011.80  34.8%   543 9317s
 662912 482416 1414034.29   29  281 2169722.55 1414014.47  34.8%   543 9329s
 663996 483781 1414188.40   32  323 2169722.55 1414018.66  34.8%   543 9341s
 665361 485068 1414028.15   37  288 2169722.55 1414021.69  34.8%   543 9352s
 666648 486569 1414046.08   27  284 2169722.55 1414028.02  34.8%   542 9372s
 668153 487935 1414055.41   29  276 2169722.55 1414032.38  34.8%   542 9418s
 669519 489325 1414412.54   33  213 2169722.55 1414043.38  34.8%   542 9465s
 670909 490600 1414086.09   30  380 2169722.55 1414050.91  34.8%   542 9477s
 672186 491848 1414316.96   27  320 2169722.55 1414054.74  34.8%   543 9492s
 673866 492521 1414075.81   20  411 2169722.55 1414059.62  34.8%   542 9507s
 675099 493604 1414069.73   39  320 2169722.55 1414062.11  34.8%   542 9518s
 676607 494713 1414242.41   38  324 2169722.55 1414063.82  34.8%   542 9530s
 677953 494620 1414244.66   39  349 2169722.55 1414064.51  34.8%   542 9537s
H678835 494620                    2140452.3470 1414067.36  33.9%   542 9538s
 678835 496405 1414250.90   25  340 2140452.35 1414067.85  33.9%   541 9556s
 680620 496872 1414081.69   23  377 2140452.35 1414071.72  33.9%   541 9568s
 681682 498033 1414213.10   26  274 2140452.35 1414074.82  33.9%   541 9600s
 683159 499534 1414199.67   26  344 2140452.35 1414076.53  33.9%   540 9616s
 684660 500023 1414292.90   33  360 2140452.35 1414081.41  33.9%   540 9642s
 685651 501106 1414113.41   27  328 2140452.35 1414085.51  33.9%   540 9672s
 686837 502351 1414222.56   30  277 2140452.35 1414090.23  33.9%   540 9685s
 688110 503682 1414246.36   33  245 2140452.35 1414090.24  33.9%   540 9699s
 689478 504985 1414391.99   33  323 2140452.35 1414091.05  33.9%   540 9712s
 690821 506754 1414131.13   39  228 2140452.35 1414091.66  33.9%   541 9729s
 692675 507710 1414091.73   41  250 2140452.35 1414091.73  33.9%   541 9741s
 694315 508805 1414091.73   39  329 2140452.35 1414091.73  33.9%   540 9770s
 695564 509802 1414457.08   40  372 2140452.35 1414093.15  33.9%   540 9805s
 696982 510803 1414581.74   27  327 2140452.35 1414103.57  33.9%   540 9837s
 698505 512078 1414110.37   29  302 2140452.35 1414110.37  33.9%   540 9862s
 700332 513753 1414111.04   30  318 2140452.35 1414111.04  33.9%   540 9879s
H702197 513744                    2110070.9051 1414111.04  33.0%   540 9880s
 702197 515935 1414479.71   46  257 2110070.91 1414111.08  33.0%   540 9903s
 704458 516500 1414165.22   48  211 2110070.91 1414112.38  33.0%   540 9915s
 705822 516093 1414690.52   39  195 2110070.91 1414115.75  33.0%   540 9932s
 705870 521855 1414145.67   44  290 2110070.91 1414130.38  33.0%   540 10000s
H711990 521626                    2085242.5322 1414136.38  32.2%   539 10002s
 711990 522985 1414136.38   35  394 2085242.53 1414136.38  32.2%   539 10013s
 713368 523879 1414299.11   36  369 2085242.53 1414148.96  32.2%   539 10023s
 714264 525193 1414382.57   29  405 2085242.53 1414151.97  32.2%   539 10037s
 715602 526443 1414157.01   35  348 2085242.53 1414154.68  32.2%   539 10048s
 716862 527842 1414163.47   37  344 2085242.53 1414158.16  32.2%   539 10061s
 718454 529440 1414194.40   39  324 2085242.53 1414194.40  32.2%   539 10072s
 720082 531376 1414197.51   46  219 2085242.53 1414194.55  32.2%   539 10092s
 722071 529148 1414467.79   48  175 2085242.53 1414197.56  32.2%   538 10102s
 723121 529949 1414448.41   49  254 2085242.53 1414202.25  32.2%   538 10114s
H723928 529949                    2029001.2875 1414211.14  30.3%   539 10115s
 723928 532309 1414211.14   25  390 2029001.29 1414211.14  30.3%   539 10131s
 726335 532993 1414211.94   28  364 2029001.29 1414211.94  30.3%   538 10142s
 727182 534329 1414211.94   35  272 2029001.29 1414211.94  30.3%   538 10154s
 728524 535229 1414212.99   36  269 2029001.29 1414212.07  30.3%   537 10166s
 729424 537663 1414212.99   37  267 2029001.29 1414212.99  30.3%   537 10183s
 731908 539015 1414214.99   56  320 2029001.29 1414214.50  30.3%   536 10194s
 733264 540278 1414222.59   44  299 2029001.29 1414219.67  30.3%   536 10204s
 734538 541664 1414353.11   29  266 2029001.29 1414221.54  30.3%   536 10213s
 735934 543094 1414682.19   40  288 2029001.29 1414229.35  30.3%   536 10234s
 737366 544269 1414348.14   24  376 2029001.29 1414236.55  30.3%   537 10270s
 738542 545630 1414245.46   28  311 2029001.29 1414241.89  30.3%   537 10312s
 739903 547179 1415044.10   28  263 2029001.29 1414247.01  30.3%   538 10363s
 741452 548345 1414714.10   54  332 2029001.29 1414254.88  30.3%   538 10412s
 742761 549514 1415102.43   38  227 2029001.29 1414261.49  30.3%   540 10462s
 744010 550688 1414854.42   47  359 2029001.29 1414264.99  30.3%   541 10513s
 745270 551807 1414841.09   44  330 2029001.29 1414269.38  30.3%   543 10562s
 746466 552694 1414307.26   26  480 2029001.29 1414279.64  30.3%   545 10603s
 747353 554052 1414332.36   21  427 2029001.29 1414288.30  30.3%   545 10679s
 749006 555326 1414456.63   28  380 2029001.29 1414308.28  30.3%   544 10738s
 750461 556323 1414676.03   34  370 2029001.29 1414324.48  30.3%   544 10782s
 751458 558147 1414634.90   46  355 2029001.29 1414338.14  30.3%   544 10800s
 753284 558876 1414342.77   38  353 2029001.29 1414342.75  30.3%   544 10813s
 754622 559667 1414463.84   41  364 2029001.29 1414342.85  30.3%   544 10831s
 755861 560682 1414733.00   48  309 2029001.29 1414352.17  30.3%   543 10876s
 756955 562083 1414370.47   52  361 2029001.29 1414370.47  30.3%   546 10935s
 758392 563143 1414989.52   44  276 2029001.29 1414377.84  30.3%   549 10985s
 759489 564211 1414933.22   31  304 2029001.29 1414384.19  30.3%   551 11037s
 760605 565316 1414621.22   41  352 2029001.29 1414388.08  30.3%   554 11073s
 761714 566675 1414417.97   35  348 2029001.29 1414390.16  30.3%   554 11121s
 763073 568195 1414471.84   23  286 2029001.29 1414393.20  30.3%   555 11176s
 764602 569519 1415361.01   39  292 2029001.29 1414397.15  30.3%   555 11225s
 765930 570951 1414572.34   40  264 2029001.29 1414400.01  30.3%   556 11267s
 767368 572225 1414810.99   38  287 2029001.29 1414410.41  30.3%   556 11304s
 768650 573204 1415210.78   29  304 2029001.29 1414416.39  30.3%   556 11336s
 769633 574448 1414720.14   35  250 2029001.29 1414423.26  30.3%   556 11376s
 770889 575390 1415131.07   42  284 2029001.29 1414428.24  30.3%   556 11404s
 771860 576945 1414439.37   42  323 2029001.29 1414439.36  30.3%   556 11445s
 773451 577878 1414644.37   43  329 2029001.29 1414440.59  30.3%   557 11475s
 774456 579133 1414693.65   35  391 2029001.29 1414452.14  30.3%   558 11515s
 775729 580599 1414886.74   45  325 2029001.29 1414452.18  30.3%   558 11531s
 777197 581837 1414624.61   48  324 2029001.29 1414454.89  30.3%   558 11547s
 778437 583240 1414667.20   51  382 2029001.29 1414458.38  30.3%   558 11563s
 779844 584644 1414854.29   29  377 2029001.29 1414462.62  30.3%   558 11608s
 781266 585609 1414907.51   30  320 2029001.29 1414471.87  30.3%   558 11640s
 782231 586956 1414478.98   28  302 2029001.29 1414478.98  30.3%   558 11688s
 783588 588324 1414916.74   29  239 2029001.29 1414478.98  30.3%   558 11736s
 784962 589552 1414547.18   49  260 2029001.29 1414479.01  30.3%   557 11751s
 786194 590830 1414507.50   54  344 2029001.29 1414479.75  30.3%   557 11764s
 787246 590830 1414586.16   45  252 2029001.29 1414485.75  30.3%   557 11765s
 787488 591919 1414899.90   61  290 2029001.29 1414485.75  30.3%   557 11778s
 788590 593283 1414499.32   36  318 2029001.29 1414489.51  30.3%   557 11795s
 789956 594782 1414491.47   28  393 2029001.29 1414490.52  30.3%   557 11856s
 791455 595903 1414497.74   29  405 2029001.29 1414493.48  30.3%   557 11891s
 792576 597370 1414697.92   35  308 2029001.29 1414497.53  30.3%   557 11952s
 794043 598859 1415019.62   26  445 2029001.29 1414498.52  30.3%   557 11972s
 795532 600069 1414504.60   21  538 2029001.29 1414502.11  30.3%   557 12005s
 796742 601082 1414516.51   22  505 2029001.29 1414504.88  30.3%   557 12036s
 797755 602121 1415279.42   28  452 2029001.29 1414507.39  30.3%   556 12079s
 798794 603465 1414608.82   34  419 2029001.29 1414509.38  30.3%   556 12095s
 800138 604576 1414526.97   34  401 2029001.29 1414517.33  30.3%   556 12124s
 801249 605572 1414617.75   26  483 2029001.29 1414519.43  30.3%   556 12164s
 802245 607267 1414784.39   28  463 2029001.29 1414519.91  30.3%   556 12205s
 803944 608443 1414930.55   27  331 2029001.29 1414530.11  30.3%   556 12223s
 805120 609818 1414646.13   30  426 2029001.29 1414534.50  30.3%   556 12264s
 806495 611278 1414806.23   30  374 2029001.29 1414536.47  30.3%   556 12304s
 807955 612329 1415270.11   34  280 2029001.29 1414541.31  30.3%   556 12337s
 809006 613955 1415211.76   30  267 2029001.29 1414546.33  30.3%   556 12379s
 810632 615047 1415088.75   39  280 2029001.29 1414556.91  30.3%   556 12407s
 811724 616097 1414949.84   26  266 2029001.29 1414568.37  30.3%   556 12439s
 812774 617379 1414587.00   23  276 2029001.29 1414583.65  30.3%   556 12475s
 814056 618894 1415089.29   28  272 2029001.29 1414588.40  30.3%   556 12541s
 815571 620090 1414808.75   34  345 2029001.29 1414610.98  30.3%   556 12597s
 816767 621303 1414625.72   26  299 2029001.29 1414620.85  30.3%   556 12652s
 817980 622601 1414790.89   28  307 2029001.29 1414626.10  30.3%   556 12709s
 819278 623906 1414750.74   26  298 2029001.29 1414639.26  30.3%   556 12745s
 820583 625148 1414642.67   27  281 2029001.29 1414642.45  30.3%   556 12777s
 821825 626288 1414751.95   28  236 2029001.29 1414647.10  30.3%   556 12819s
 822965 627652 1414733.75   26  331 2029001.29 1414649.23  30.3%   555 12867s
 824329 629100 1414694.39   39  265 2029001.29 1414652.41  30.3%   555 12881s
 825777 630418 1414690.67   24  342 2029001.29 1414655.53  30.3%   555 12893s
 827095 631584 1414760.24   43  268 2029001.29 1414656.97  30.3%   555 12904s
 828261 632649 1414686.00   46  274 2029001.29 1414657.66  30.3%   555 12916s
 829326 634089 1414669.93   27  286 2029001.29 1414657.69  30.3%   554 12967s
 830772 635636 1414729.83   35  272 2029001.29 1414667.36  30.3%   555 13021s
 832337 636933 1414994.88   29  245 2029001.29 1414670.98  30.3%   554 13072s
 833634 638437 1414686.52   26  358 2029001.29 1414672.19  30.3%   554 13089s
 835140 639243 1414677.69   33  361 2029001.29 1414675.01  30.3%   554 13103s
 836448 640280 1414774.30   20  429 2029001.29 1414677.82  30.3%   554 13122s
 837850 641648 1414679.34   32  300 2029001.29 1414679.03  30.3%   554 13134s
 839220 642628 1415202.46   36  343 2029001.29 1414680.83  30.3%   554 13146s
 840200 643483 1414683.81   36  328 2029001.29 1414683.81  30.3%   554 13159s
 841055 644638 1414898.85   37  310 2029001.29 1414685.70  30.3%   554 13171s
 842212 645909 1414724.54   31  338 2029001.29 1414687.66  30.3%   554 13207s
 843483 647285 1414879.42   32  337 2029001.29 1414689.58  30.3%   553 13245s
 844859 648449 1414718.78   28  334 2029001.29 1414691.72  30.3%   553 13277s
 846023 649969 1414723.49   29  337 2029001.29 1414693.30  30.3%   553 13316s
 847543 651279 1414802.49   29  300 2029001.29 1414695.83  30.3%   552 13350s
 848853 652469 1414722.61   29  361 2029001.29 1414700.19  30.3%   552 13385s
 850043 653851 1414758.08   24  356 2029001.29 1414704.42  30.3%   552 13426s
 851425 655461 1414780.46   33  272 2029001.29 1414708.83  30.3%   552 13470s
 853035 656398 1414969.56   39  298 2029001.29 1414713.31  30.3%   552 13481s
 853983 658045 1414895.00   34  282 2029001.29 1414713.54  30.3%   552 13498s
 855670 659363 1414713.57   39  302 2029001.29 1414713.57  30.3%   552 13511s
 856994 660554 1414966.40   37  349 2029001.29 1414715.42  30.3%   552 13540s
 858217 662016 1414715.47   43  246 2029001.29 1414715.47  30.3%   553 13553s
 859744 663056 1414716.43   45  279 2029001.29 1414715.47  30.3%   553 13563s
 860851 664609 1414717.62   41  245 2029001.29 1414716.57  30.3%   553 13575s
H862463 664609                    2028741.6484 1414717.92  30.3%   553 13576s
 862463 665817 1414740.11   21  420 2028741.65 1414718.30  30.3%   553 13606s
 863675 667016 1414720.67   36  347 2028741.65 1414720.28  30.3%   553 13641s
 865229 668437 1414723.30   22  378 2028741.65 1414721.39  30.3%   553 13674s
 866672 668760 1415201.81   31  287 2028741.65 1414721.78  30.3%   553 13698s
 866995 673007 1415020.21   33  290 2028741.65 1414722.52  30.3%   553 13767s
H871425 673007                    2028737.9572 1414723.63  30.3%   553 13769s
 871425 674529 1414723.70   51  227 2028737.96 1414723.70  30.3%   553 13785s
 873042 675860 1414724.22   53  236 2028737.96 1414724.21  30.3%   553 13801s
 874856 677097 1414741.02   46  308 2028737.96 1414736.20  30.3%   553 13811s
H876134 677095                    2028226.5650 1414739.86  30.2%   553 13812s
 876134 679512 1415051.22   44  216 2028226.57 1414743.66  30.2%   553 13834s
 878653 681584 1414744.62   37  271 2028226.57 1414744.62  30.2%   553 13855s
 880757 682679 1414934.05   41  418 2028226.57 1414744.80  30.2%   553 13867s
 881852 683626 1415018.11   30  376 2028226.57 1414747.91  30.2%   553 13881s
 882827 683671 1414784.43   39  327 2028226.57 1414749.95  30.2%   553 13892s
 882872 685265 1414753.62   29  393 2028226.57 1414751.77  30.2%   553 13909s
 884528 685889 1414830.25   32  382 2028226.57 1414753.88  30.2%   553 13921s
H885152 685889                    2028220.2694 1414757.05  30.2%   553 13922s
 885152 687939 1414917.41   40  260 2028220.27 1414759.86  30.2%   553 13941s
 887250 689447 1414761.33   35  291 2028220.27 1414761.26  30.2%   552 13981s
 888767 690689 1415083.53   36  308 2028220.27 1414761.41  30.2%   552 14013s
 890015 692086 1414761.44   46  242 2028220.27 1414761.44  30.2%   552 14035s
 891436 693417 1415018.24   52  233 2028220.27 1414773.14  30.2%   552 14053s
 892783 694260 1415026.10   49  249 2028220.27 1414782.59  30.2%   552 14069s
 893634 695697 1414787.49   51  200 2028220.27 1414787.49  30.2%   553 14087s
 895079 695748 1414796.14   29  308 2028220.27 1414794.11  30.2%   553 14098s
 895130 701579 1414795.30   34  326 2028220.27 1414794.83  30.2%   553 14153s
 900740 701579 1415162.99   23  250 2028220.27 1414795.43  30.2%   552 14155s
 901250 702892 1414795.70   41  291 2028220.27 1414795.65  30.2%   552 14172s
 902567 703890 1414796.23   42  292 2028220.27 1414795.97  30.2%   551 14189s
 903573 705318 1414804.43   43  287 2028220.27 1414796.25  30.2%   551 14205s
 905001 706378 1414803.00   48  268 2028220.27 1414796.66  30.2%   550 14221s
 906061 707743 1414895.70   45  318 2028220.27 1414797.04  30.2%   550 14238s
 907450 709205 1415082.46   41  344 2028220.27 1414798.67  30.2%   550 14281s
 908980 710413 1414799.21   51  302 2028220.27 1414799.18  30.2%   550 14315s
 910222 712227 1414874.84   25  356 2028220.27 1414800.76  30.2%   550 14386s
 912036 713191 1415195.79   36  316 2028220.27 1414802.77  30.2%   550 14428s
 913000 714591 1414806.07   30  304 2028220.27 1414806.07  30.2%   551 14491s
 914402 715956 1414947.22   31  284 2028220.27 1414806.20  30.2%   551 14549s
 915769 717209 1415313.51   41  291 2028220.27 1414819.32  30.2%   551 14614s
 917114 718388 1415013.60   53  344 2028220.27 1414832.45  30.2%   553 14674s
 918373 719849 1415682.37   42  313 2028220.27 1414844.95  30.2%   554 14747s
 919968 721051 1415712.64   43  321 2028220.27 1414849.42  30.2%   556 14807s
 921201 721859 1415112.78   26  396 2028220.27 1414862.44  30.2%   557 14850s
 922009 723877 1415010.82   28  413 2028220.27 1414871.00  30.2%   556 14948s
 924027 725571 1415046.37   30  347 2028220.27 1414887.01  30.2%   556 14971s
 925721 726724 1415337.59   37  391 2028220.27 1414899.54  30.2%   556 15025s
 926874 728044 1414907.63   45  396 2028220.27 1414904.77  30.2%   556 15079s
 928194 729488 1414917.33   42  352 2028220.27 1414906.14  30.2%   556 15139s
 929549 729488 1415102.75   45  355 2028220.27 1414910.03  30.2%   556 15140s
 929638 730736 1414935.72   40  315 2028220.27 1414910.42  30.2%   556 15195s
 930886 731932 1414935.89   44  300 2028220.27 1414911.91  30.2%   555 15251s
 932082 733377 1414923.26   50  298 2028220.27 1414914.35  30.2%   555 15315s
 933528 734322 1415240.65   46  229 2028220.27 1414919.82  30.2%   555 15375s
 934532 735505 1415293.66   48  310 2028220.27 1414921.88  30.2%   557 15443s
 935774 736322 1415526.09   61  347 2028220.27 1414922.92  30.2%   560 15493s
 936637 738125 1415057.89   58  367 2028220.27 1414928.66  30.2%   563 15594s
 938178 738125 1415213.72   34  337 2028220.27 1414933.82  30.2%   565 15595s
 938488 739294 1415910.87   39  239 2028220.27 1414935.90  30.2%   566 15664s
 939677 740569 1415406.88   52  284 2028220.27 1414947.81  30.2%   568 15730s
 940954 741984 1415291.52   29  287 2028220.27 1414954.94  30.2%   568 15799s
 942369 743244 1415047.39   40  322 2028220.27 1414958.65  30.2%   569 15860s
 943631 744483 1415278.41   53  300 2028220.27 1414960.05  30.2%   569 15920s
 944872 745889 1415491.12   42  269 2028220.27 1414964.21  30.2%   570 15986s
 946278 746814 1415673.84   29  266 2028220.27 1414966.46  30.2%   570 16023s
 947203 748445 1415777.56   30  237 2028220.27 1414968.47  30.2%   570 16091s
 948834 749816 1415265.69   25  312 2028220.27 1414972.20  30.2%   570 16150s
 950207 751098 1415095.68   46  281 2028220.27 1414976.56  30.2%   570 16209s
 951489 752752 1415947.71   56  284 2028220.27 1414980.43  30.2%   570 16277s
 953151 753860 1414983.80   43  341 2028220.27 1414983.63  30.2%   570 16317s
 954265 754827 1415298.99   51  317 2028220.27 1414985.65  30.2%   571 16367s
 955236 756262 1415075.78   44  356 2028220.27 1414992.26  30.2%   571 16418s
 956679 757290 1415298.70   48  329 2028220.27 1414992.46  30.2%   571 16456s
 957723 758475 1414994.55   54  396 2028220.27 1414994.55  30.2%   572 16499s
 958928 759938 1415021.77   44  309 2028220.27 1414994.55  30.2%   572 16519s
 959678 759938 1415673.72   39  343 2028220.27 1414995.98  30.2%   572 16520s
 960391 760915 1415318.34   45  361 2028220.27 1414996.13  30.2%   572 16567s
 961368 762233 1415419.63   54  417 2028220.27 1414998.05  30.2%   572 16623s
 962686 763365 1414999.31   44  412 2028220.27 1414999.31  30.2%   572 16678s
 963822 764920 1415054.42   46  394 2028220.27 1414999.32  30.2%   572 16750s
 965377 766212 1415081.97   34  322 2028220.27 1414999.71  30.2%   572 16807s
 966671 767393 1415140.22   39  366 2028220.27 1415024.74  30.2%   572 16865s
 967866 768789 1415353.25   30  358 2028220.27 1415035.93  30.2%   571 16933s
 969272 770494 1415450.60   26  257 2028220.27 1415039.32  30.2%   571 17011s
 970979 771585 1415259.59   46  253 2028220.27 1415039.43  30.2%   571 17064s
 971677 771585 1415105.76   42  289 2028220.27 1415039.50  30.2%   571 17065s
 972080 773014 1415043.44   38  361 2028220.27 1415039.60  30.2%   571 17131s
 973515 774222 1415043.13   45  287 2028220.27 1415039.97  30.2%   570 17192s
 974734 775558 1415166.27   43  354 2028220.27 1415040.44  30.2%   570 17257s
 976082 777108 1415042.27   44  345 2028220.27 1415040.60  30.2%   570 17333s
 977636 778238 1415063.58   31  418 2028220.27 1415043.79  30.2%   570 17382s
 978766 779787 1415080.29   23  392 2028220.27 1415047.30  30.2%   570 17447s
 980315 780963 1415088.52   28  418 2028220.27 1415050.89  30.2%   570 17495s
 981491 782245 1415243.89   31  375 2028220.27 1415053.86  30.2%   570 17544s
 982773 783236 1415307.43   30  379 2028220.27 1415055.99  30.2%   570 17589s
 983764 784575 1415166.87   39  436 2028220.27 1415059.46  30.2%   570 17644s
 985103 785817 1415074.60   29  429 2028220.27 1415062.66  30.2%   570 17690s
 986345 787021 1415339.49   30  394 2028220.27 1415064.84  30.2%   570 17752s
 987549 788122 1415074.27   31  433 2028220.27 1415067.17  30.2%   569 17801s
 988650 789291 1415079.73   29  456 2028220.27 1415069.56  30.2%   569 17867s
 989819 790450 1415244.56   36  455 2028220.27 1415070.89  30.2%   569 17925s
 990978 791777 1415076.70   25  427 2028220.27 1415076.70  30.2%   569 17971s
 992307 792826 1415076.70   26  421 2028220.27 1415076.70  30.2%   569 18013s
 993358 794296 1415076.96   28  428 2028220.27 1415076.96  30.2%   569 18063s
 994828 795745 1415339.35   31  408 2028220.27 1415076.96  30.2%   568 18117s
 996279 797025 1415116.22   29  384 2028220.27 1415082.96  30.2%   568 18169s
 997559 798248 1415083.90   27  363 2028220.27 1415083.90  30.2%   568 18221s
 998782 799216 1415084.51   28  363 2028220.27 1415084.12  30.2%   568 18273s
 999750 800604 1415095.03   31  367 2028220.27 1415091.32  30.2%   568 18331s
 1001138 802229 1415121.76   32  346 2028220.27 1415095.23  30.2%   568 18397s
 1002763 804280 1415384.31   25  261 2028220.27 1415099.16  30.2%   568 18469s
 1004711 804280 1415427.72   35  254 2028220.27 1415109.61  30.2%   568 18470s
 1004816 805796 1415472.71   27  250 2028220.27 1415110.49  30.2%   568 18529s
 1005809 805796 1416176.94   41  250 2028220.27 1415120.64  30.2%   568 18530s
 1006332 807051 1415590.04   30  257 2028220.27 1415124.87  30.2%   568 18574s
 1007589 808318 1415831.96   24  234 2028220.27 1415131.73  30.2%   568 18622s
 1008856 809741 1415406.73   28  273 2028220.27 1415136.05  30.2%   568 18704s
 1010279 810952 1415206.04   20  381 2028220.27 1415153.49  30.2%   568 18778s
 1011490 812421 1415783.39   36  260 2028220.27 1415155.93  30.2%   568 18862s
 1012959 813718 1415174.51   38  248 2028220.27 1415174.51  30.2%   568 18939s
 1013335 813718 1415528.16   30  353 2028220.27 1415174.51  30.2%   568 18940s
 1014256 814894 1415186.93   24  306 2028220.27 1415174.52  30.2%   568 18985s
 1015432 816585 1415176.08   18  322 2028220.27 1415176.08  30.2%   568 19062s
 1017123 818140 1415271.48   23  397 2028220.27 1415181.93  30.2%   567 19118s
 1018678 819209 1415448.09   30  367 2028220.27 1415186.32  30.2%   567 19163s
 1019747 820550 1415189.17   45  319 2028220.27 1415189.17  30.2%   567 19184s
 1020758 820550 1415200.73   32  344 2028220.27 1415191.24  30.2%   566 19185s
 1021088 821993 1415220.06   48  305 2028220.27 1415192.44  30.2%   566 19207s
 1022531 823457 1415198.78   26  289 2028220.27 1415196.11  30.2%   566 19226s
 1023998 824399 1415201.17   33  298 2028220.27 1415196.20  30.2%   566 19262s
 1024940 825515 1415198.06   37  308 2028220.27 1415198.06  30.2%   566 19303s
 1026056 827208 1415801.79   43  186 2028220.27 1415198.28  30.2%   566 19389s
 1027750 828719 1415444.89   46  202 2028220.27 1415202.05  30.2%   565 19464s
 1029261 829925 1415571.15   47  176 2028220.27 1415205.71  30.2%   565 19525s
 1030467 830800 1415807.39   41  248 2028220.27 1415209.52  30.2%   565 19576s
 1031342 832392 1415489.21   30  271 2028220.27 1415217.50  30.2%   565 19658s
 1032934 833879 1415371.72   29  411 2028220.27 1415224.57  30.2%   565 19714s
 1034421 834980 1415349.76   31  353 2028220.27 1415226.61  30.2%   565 19771s
 1035526 836394 1415228.15   32  352 2028220.27 1415228.15  30.2%   565 19841s
 1036942 837561 1415260.75   33  336 2028220.27 1415230.54  30.2%   565 19888s
 1038109 839005 1415499.95   37  320 2028220.27 1415232.32  30.2%   565 19943s
 1039553 840372 1415403.90   41  319 2028220.27 1415234.34  30.2%   565 19963s
 1040922 841322 1415626.58   44  319 2028220.27 1415236.53  30.2%   564 19982s
 1041872 842613 1415244.78   36  341 2028220.27 1415237.94  30.2%   564 20003s
 1043163 843693 1415300.26   36  342 2028220.27 1415239.06  30.2%   564 20021s
 1044245 845140 1415571.94   32  306 2028220.27 1415240.22  30.2%   564 20042s
 1045695 846283 1415411.55   26  295 2028220.27 1415242.10  30.2%   564 20095s
 1046840 847558 1415265.26   27  324 2028220.27 1415244.62  30.2%   564 20148s
 1048115 848669 1415276.30   37  284 2028220.27 1415246.17  30.2%   563 20191s
 1049226 850252 1415277.02   31  312 2028220.27 1415247.33  30.2%   563 20253s
 1050815 851690 1415251.07   32  297 2028220.27 1415247.99  30.2%   563 20314s
 1052253 853019 1415344.32   26  365 2028220.27 1415249.97  30.2%   563 20367s
 1053584 854147 1415376.28   37  323 2028220.27 1415253.05  30.2%   563 20416s
 1054712 855413 1415396.38   39  357 2028220.27 1415258.95  30.2%   563 20483s
 1055978 856776 1415290.70   37  311 2028220.27 1415260.55  30.2%   562 20536s
 1057341 858008 1415268.87   34  330 2028220.27 1415264.54  30.2%   562 20584s
 1058573 859140 1415716.93   51  325 2028220.27 1415266.47  30.2%   562 20629s
 1059705 860973 1415267.37   34  287 2028220.27 1415267.37  30.2%   562 20697s
 1061555 862631 1415267.42   36  296 2028220.27 1415267.42  30.2%   563 20759s
 1061928 862631 1415492.00   38  305 2028220.27 1415267.87  30.2%   563 20760s
 1063241 863622 1415532.90   40  296 2028220.27 1415268.17  30.2%   563 20798s
 1064247 865116 1415270.60   45  251 2028220.27 1415270.60  30.2%   563 20819s
 1065786 865990 1415270.60   46  246 2028220.27 1415270.60  30.2%   563 20834s
 1066685 867221 1415313.69   47  223 2028220.27 1415270.93  30.2%   563 20853s
 1067957 868329 1415273.31   57  247 2028220.27 1415271.48  30.2%   563 20870s
 1069103 869507 1415707.86   58  198 2028220.27 1415273.23  30.2%   563 20892s
 1070344 870757 1415276.70   32  321 2028220.27 1415274.60  30.2%   563 20943s
 1071634 871772 1415470.42   30  378 2028220.27 1415275.60  30.2%   563 20988s
 1072667 873362 1415511.30   37  419 2028220.27 1415276.27  30.2%   563 21048s
 1074289 874745 1415276.84   31  349 2028220.27 1415276.84  30.2%   563 21104s
 1075695 876242 1415521.21   41  355 2028220.27 1415276.84  30.2%   563 21132s
 1077236 877889 1415314.15   36  339 2028220.27 1415314.15  30.2%   563 21158s
 1078908 879006 1415583.95   39  329 2028220.27 1415316.37  30.2%   563 21177s
 1080037 880301 1415634.59   47  282 2028220.27 1415344.61  30.2%   563 21199s
H1081362 880301                    2028217.1485 1415348.31  30.2%   564 21200s
 1081362 881514 1416212.55   45  208 2028217.15 1415348.35  30.2%   564 21223s
 1082659 882948 1415717.52   48  249 2028217.15 1415350.72  30.2%   564 21246s
 1084220 883862 1415354.07   53  253 2028217.15 1415351.99  30.2%   564 21262s
 1085178 884990 1415362.79   39  319 2028217.15 1415353.97  30.2%   564 21283s
 1086438 886490 1415356.48   52  269 2028217.15 1415356.48  30.2%   565 21308s
 1088030 888735 1415356.56   43  288 2028217.15 1415356.48  30.2%   565 21339s
 1090408 889838 1415356.83   49  276 2028217.15 1415356.76  30.2%   565 21354s
 1091515 891179 1415709.32   44  244 2028217.15 1415359.21  30.2%   565 21372s
 1092903 892082 1415363.21   68  251 2028217.15 1415363.21  30.2%   565 21387s
 1093818 893789 1415384.48   38  388 2028217.15 1415363.29  30.2%   565 21413s
 1095527 894378 1415568.77   32  368 2028217.15 1415364.85  30.2%   564 21429s
 1096116 895721 1415418.98   33  407 2028217.15 1415366.49  30.2%   564 21452s
 1097465 896733 1415761.18   28  423 2028217.15 1415368.44  30.2%   564 21470s
 1098485 897922 1415476.86   40  359 2028217.15 1415370.63  30.2%   564 21490s
 1099694 899008 1415394.86   35  320 2028217.15 1415372.88  30.2%   564 21538s
 1100793 900740 1415378.64   31  340 2028217.15 1415373.53  30.2%   564 21607s
 1102553 902122 1415424.13   20  325 2028217.15 1415378.90  30.2%   564 21662s
 1103955 903777 1415381.82   38  320 2028217.15 1415381.82  30.2%   564 21726s
 1105624 905124 1415384.09   24  234 2028217.15 1415383.59  30.2%   563 21750s
 1107003 906434 1415383.70   30  265 2028217.15 1415383.59  30.2%   564 21774s
 1108315 907486 1415385.30   34  231 2028217.15 1415383.62  30.2%   564 21798s
 1109381 908824 1415489.71   41  252 2028217.15 1415384.74  30.2%   564 21820s
 1110731 910169 1415386.59   44  277 2028217.15 1415386.57  30.2%   564 21843s
 1112098 912330 1415431.59   41  308 2028217.15 1415387.41  30.2%   565 21868s
 1114273 912908 1415388.97   34  327 2028217.15 1415388.97  30.2%   564 21881s
 1114851 913559 1415393.72   46  269 2028217.15 1415389.23  30.2%   564 21895s
 1115502 914566 1415389.51   39  331 2028217.15 1415389.51  30.2%   564 21912s
 1116523 915895 1415391.30   40  306 2028217.15 1415389.51  30.2%   564 21931s
 1117862 917016 1415471.21   44  310 2028217.15 1415389.52  30.2%   563 21962s
 1118989 918809 1415408.18   35  265 2028217.15 1415390.05  30.2%   563 21991s
 1120806 921532 1415391.98   34  244 2028217.15 1415390.63  30.2%   562 22025s
 1123587 922990 1415681.04   51  328 2028217.15 1415391.44  30.2%   562 22085s
 1125098 924198 1415397.55   53  366 2028217.15 1415396.47  30.2%   562 22137s
 1126332 925299 1415502.71   48  285 2028217.15 1415397.95  30.2%   562 22182s
 1127451 926514 1415448.69   55  300 2028217.15 1415399.76  30.2%   562 22231s
 1128696 928065 1415412.47   54  359 2028217.15 1415400.55  30.2%   562 22292s
 1130273 929054 1415875.26   26  296 2028217.15 1415403.05  30.2%   562 22357s
 1131262 930607 1415571.19   30  315 2028217.15 1415406.53  30.2%   562 22456s
 1132815 932129 1415475.24   26  330 2028217.15 1415413.25  30.2%   562 22548s
 1134343 933577 1415957.79   28  266 2028217.15 1415416.55  30.2%   563 22633s
 1135794 935377 1415420.80   19  322 2028217.15 1415420.80  30.2%   563 22740s
 1137598 936691 1416168.38   46  309 2028217.15 1415422.11  30.2%   563 22830s
 1138989 937969 1415882.66   47  215 2028217.15 1415427.87  30.2%   564 22918s
 1140333 939120 1416254.95   46  332 2028217.15 1415443.06  30.2%   565 23000s
 1141551 940331 1415750.05   37  401 2028217.15 1415448.72  30.2%   566 23081s
 1142834 941594 1415747.25   53  331 2028217.15 1415460.18  30.2%   567 23167s
 1144175 942781 1416184.67   44  318 2028217.15 1415468.63  30.2%   568 23246s
 1145431 944437 1416043.86   34  314 2028217.15 1415472.37  30.2%   569 23344s
 1147087 945790 1415690.03   32  354 2028217.15 1415476.15  30.2%   568 23370s
 1148440 946817 1415534.58   32  454 2028217.15 1415485.45  30.2%   568 23396s
 1149467 948287 1415707.47   31  391 2028217.15 1415492.88  30.2%   568 23426s
 1150937 949439 1415663.90   32  385 2028217.15 1415497.51  30.2%   568 23495s
 1152089 950990 1415584.12   40  343 2028217.15 1415499.33  30.2%   568 23524s
 1153640 952401 1415691.08   44  283 2028217.15 1415501.97  30.2%   567 23613s
 1155051 953648 1415502.65   24  366 2028217.15 1415502.65  30.2%   567 23689s
 1156298 954840 1415518.93   25  360 2028217.15 1415505.98  30.2%   567 23762s
 1157490 955886 1415950.99   47  320 2028217.15 1415512.01  30.2%   567 23832s
 1158536 957215 1415640.21   42  340 2028217.15 1415514.13  30.2%   567 23915s
 1159865 958440 1416263.65   38  304 2028217.15 1415516.54  30.2%   567 23993s
 1161092 959638 1416209.09   56  260 2028217.15 1415519.28  30.2%   567 24084s
 1161231 959638 1416244.97   40  248 2028217.15 1415519.67  30.2%   567 24085s
 1162341 960794 1416673.71   30  223 2028217.15 1415528.07  30.2%   569 24171s
 1163523 961940 1415903.80   37  314 2028217.15 1415541.51  30.2%   571 24256s
 1164691 963158 1416301.88   57  307 2028217.15 1415555.49  30.2%   572 24348s
 1165937 964126 1416039.25   43  300 2028217.15 1415562.55  30.2%   574 24428s
 1166952 965229 1416241.62   30  301 2028217.15 1415569.33  30.2%   576 24521s
 1168091 966799 1415586.21   21  339 2028217.15 1415583.99  30.2%   578 24619s
 1169663 967631 1415586.21   23  334 2028217.15 1415586.21  30.2%   578 24679s
 1170495 968933 1416035.95   24  316 2028217.15 1415588.57  30.2%   579 24765s
 1171797 970238 1415973.11   48  338 2028217.15 1415591.03  30.2%   579 24850s
 1173108 971710 1416181.38   44  283 2028217.15 1415593.58  30.2%   579 24943s
 1174582 973134 1415627.18   50  298 2028217.15 1415595.51  30.2%   579 25037s
 1176006 974475 1415832.19   23  320 2028217.15 1415602.20  30.2%   579 25124s
 1177349 975696 1415990.03   39  288 2028217.15 1415604.67  30.2%   579 25196s
 1178574 977075 1415752.74   28  294 2028217.15 1415608.61  30.2%   579 25280s
 1179957 978587 1416380.39   39  263 2028217.15 1415611.33  30.2%   579 25371s
 1181471 980047 1415614.75   33  297 2028217.15 1415614.75  30.2%   579 25460s
 1182937 981016 1415615.29   55  384 2028217.15 1415615.29  30.2%   579 25513s
 1183936 982999 1415620.46   57  363 2028217.15 1415615.34  30.2%   579 25610s
 1185968 984109 1415717.94   35  353 2028217.15 1415622.11  30.2%   580 25668s
 1187102 985156 1415625.63   66  360 2028217.15 1415625.62  30.2%   580 25722s
 1188171 985975 1415974.39   64  366 2028217.15 1415628.26  30.2%   580 25766s
 1189008 986965 1415645.68   60  320 2028217.15 1415631.28  30.2%   581 25818s
 1190026 988048 1415671.63   51  364 2028217.15 1415632.72  30.2%   581 25895s
 1191109 989644 1415931.44   56  415 2028217.15 1415633.84  30.2%   581 25997s
 1192707 990754 1416013.46   61  367 2028217.15 1415636.64  30.2%   581 26075s
 1193817 992082 1415762.81   30  362 2028217.15 1415640.83  30.2%   581 26160s
 1195145 993166 1415641.38   33  334 2028217.15 1415641.38  30.2%   581 26233s
 1196229 994647 1415878.67   35  351 2028217.15 1415641.38  30.2%   581 26335s
 1197710 996254 1415802.50   23  355 2028217.15 1415642.77  30.2%   581 26438s
 1199317 997421 1415752.96   26  349 2028217.15 1415643.91  30.2%   581 26511s
 1200488 998466 1415820.91   30  406 2028217.15 1415654.07  30.2%   581 26583s
 1201533 999673 1415684.77   23  310 2028217.15 1415659.25  30.2%   580 26661s
 1202742 1000892 1415848.03   40  359 2028217.15 1415663.46  30.2%   580 26742s
 1203963 1002558 1416144.17   27  280 2028217.15 1415666.68  30.2%   580 26776s
 1205635 1003933 1415675.64   36  324 2028217.15 1415675.64  30.2%   580 26867s
 1207025 1004982 1415783.93   38  301 2028217.15 1415675.64  30.2%   580 26943s
 1208076 1006269 1415784.36   41  302 2028217.15 1415675.72  30.2%   579 27027s
 1209365 1007515 1415712.86   51  340 2028217.15 1415676.86  30.2%   579 27116s
 1210645 1008644 1415895.66   45  238 2028217.15 1415677.17  30.2%   579 27196s
 1211775 1010164 1415679.42   46  343 2028217.15 1415677.37  30.2%   579 27299s
 1212003 1010164 1415839.00   45  278 2028217.15 1415677.38  30.2%   579 27300s
 1213297 1011323 1415710.87   28  383 2028217.15 1415677.83  30.2%   579 27388s
 1214456 1012758 1415879.67   26  383 2028217.15 1415680.64  30.2%   579 27460s
 1215891 1014024 1415746.47   32  337 2028217.15 1415682.36  30.2%   579 27532s
 1217157 1014938 1415922.46   31  398 2028217.15 1415684.06  30.2%   579 27605s
 1218071 1016626 1416214.39   25  351 2028217.15 1415686.23  30.2%   579 27690s
 1219759 1018281 1415935.24   25  337 2028217.15 1415687.77  30.2%   579 27774s
 1221414 1019462 1416360.77   30  361 2028217.15 1415691.27  30.2%   579 27847s
 1222595 1020799 1416140.30   36  361 2028217.15 1415694.30  30.2%   579 27940s
 1223932 1022150 1415977.70   34  378 2028217.15 1415696.14  30.2%   579 28010s
 1225283 1023447 1415716.02   31  426 2028217.15 1415699.43  30.2%   579 28083s
 1226580 1024873 1415701.63   29  484 2028217.15 1415701.62  30.2%   579 28179s
 1227588 1024873 1416092.41   33  392 2028217.15 1415702.88  30.2%   578 28180s
 1228006 1026325 1416022.68   33  424 2028217.15 1415704.42  30.2%   578 28258s
 1229458 1027714 1415884.66   36  341 2028217.15 1415711.74  30.2%   578 28349s
 1230288 1027714 1415870.97   24  395 2028217.15 1415716.14  30.2%   578 28350s
 1230849 1029006 1415823.97   26  477 2028217.15 1415721.07  30.2%   578 28410s
 1232141 1030024 1415933.51   20  446 2028217.15 1415724.36  30.2%   578 28464s
 1233080 1030024 1415852.87   22  395 2028217.15 1415726.14  30.2%   578 28465s
 1233159 1031554 1415728.00   29  418 2028217.15 1415726.34  30.2%   578 28536s
 1234689 1032828 1415988.88   34  405 2028217.15 1415729.69  30.2%   578 28601s
 1235963 1034037 1415733.31   33  358 2028217.15 1415732.28  30.2%   577 28681s
 1237172 1035382 1415747.82   34  390 2028217.15 1415733.60  30.2%   577 28751s
 1238517 1036797 1415803.08   33  390 2028217.15 1415738.20  30.2%   577 28821s
 1239932 1037823 1415748.72   35  404 2028217.15 1415740.83  30.2%   577 28881s
 1240958 1039022 1415998.75   37  355 2028217.15 1415744.40  30.2%   577 28951s
 1242157 1040603 1415755.30   31  356 2028217.15 1415746.25  30.2%   577 29031s
 1243738 1041999 1415808.25   36  367 2028217.15 1415750.34  30.2%   577 29101s
 1245134 1043446 1416282.68   26  238 2028217.15 1415752.09  30.2%   577 29175s
 1246581 1044538 1416304.12   44  225 2028217.15 1415761.95  30.2%   577 29238s
 1247673 1045729 1416309.52   33  171 2028217.15 1415768.24  30.2%   577 29322s
 1248864 1046916 1416013.40   26  235 2028217.15 1415772.12  30.2%   577 29393s
 1250051 1048593 1416142.25   28  247 2028217.15 1415778.49  30.2%   577 29476s
 1251728 1050255 1416175.08   24  282 2028217.15 1415785.28  30.2%   577 29585s
 1253390 1051651 1416658.94   43  227 2028217.15 1415788.64  30.2%   577 29694s
 1254786 1052866 1416608.78   39  246 2028217.15 1415806.22  30.2%   577 29782s
 1256001 1054233 1415953.47   25  306 2028217.15 1415818.89  30.2%   577 29880s
 1257368 1055600 1416245.28   28  360 2028217.15 1415827.11  30.2%   577 29979s
 1258735 1056908 1416307.64   27  254 2028217.15 1415831.49  30.2%   577 30073s
 1260043 1058072 1416362.45   32  248 2028217.15 1415847.01  30.2%   577 30167s
 1261207 1059118 1415877.75   28  356 2028217.15 1415848.94  30.2%   577 30244s
 1262253 1060627 1415875.17   20  306 2028217.15 1415849.93  30.2%   577 30326s
 1263762 1061830 1416446.23   24  332 2028217.15 1415851.75  30.2%   576 30411s
 1264965 1062864 1416219.58   35  377 2028217.15 1415855.71  30.2%   576 30474s
 1265999 1064402 1415929.48   24  271 2028217.15 1415857.59  30.2%   576 30555s
 1267537 1065520 1416056.15   32  322 2028217.15 1415858.95  30.2%   576 30646s
 1268655 1066971 1415861.75   39  301 2028217.15 1415861.75  30.2%   576 30718s
 1270112 1068196 1415892.05   42  266 2028217.15 1415863.79  30.2%   576 30778s
 1271337 1069382 1415865.22   31  281 2028217.15 1415865.21  30.2%   576 30841s
 1272524 1070626 1415865.53   32  291 2028217.15 1415865.53  30.2%   575 30901s
 1273770 1071769 1415865.57   33  276 2028217.15 1415865.57  30.2%   575 30961s
 1274913 1072953 1415866.85   34  264 2028217.15 1415866.85  30.2%   575 31020s
 1276097 1074474 1416196.84   43  292 2028217.15 1415867.28  30.2%   575 31124s
 1277624 1075299 1415896.10   32  284 2028217.15 1415876.73  30.2%   575 31187s
 1278449 1076636 1415984.50   41  285 2028217.15 1415880.26  30.2%   575 31288s
 1279786 1077967 1416124.49   44  293 2028217.15 1415886.57  30.2%   575 31386s
 1281117 1079625 1416276.61   36  291 2028217.15 1415890.91  30.2%   575 31505s
 1282775 1080870 1416224.73   47  250 2028217.15 1415896.67  30.2%   575 31597s
 1284020 1082398 1415924.99   41  359 2028217.15 1415901.96  30.2%   575 31677s
 1285550 1083853 1415905.40   25  447 2028217.15 1415903.66  30.2%   574 31753s
 1287005 1084819 1416117.12   40  323 2028217.15 1415904.92  30.2%   574 31809s
 1287971 1085977 1415906.05   30  350 2028217.15 1415906.05  30.2%   574 31869s
 1289131 1087353 1415909.06   32  374 2028217.15 1415907.19  30.2%   574 31943s
 1290507 1088773 1415914.80   32  429 2028217.15 1415909.00  30.2%   574 32015s
 1291929 1089838 1416076.66   41  355 2028217.15 1415910.49  30.2%   574 32046s
 1292998 1091329 1416064.84   35  386 2028217.15 1415912.66  30.2%   574 32078s
 1294489 1092501 1415929.18   46  382 2028217.15 1415915.05  30.2%   574 32143s
 1295661 1093732 1415974.84   36  384 2028217.15 1415917.40  30.2%   573 32210s
 1296894 1095238 1415930.34   38  371 2028217.15 1415919.08  30.2%   573 32294s
 1298402 1096548 1416294.25   26  358 2028217.15 1415920.69  30.2%   573 32371s
 1299712 1097774 1415957.59   33  328 2028217.15 1415922.44  30.2%   573 32460s
 1300938 1099197 1415969.63   31  312 2028217.15 1415924.11  30.2%   573 32538s
 1302361 1100486 1415958.89   26  304 2028217.15 1415924.90  30.2%   573 32609s
 1303650 1101619 1416012.49   36  324 2028217.15 1415926.04  30.2%   573 32679s
 1304068 1101619 1415931.63   33  320 2028217.15 1415926.68  30.2%   572 32680s
 1304783 1103135 1416177.02   32  203 2028217.15 1415926.99  30.2%   572 32761s
 1306301 1104574 1415929.55   24  380 2028217.15 1415928.46  30.2%   572 32843s
 1307740 1105745 1416519.14   31  278 2028217.15 1415930.59  30.2%   572 32917s
 1308913 1107290 1416036.17   31  345 2028217.15 1415932.97  30.2%   572 33002s
 1310458 1108741 1415962.36   34  373 2028217.15 1415935.66  30.2%   572 33086s
 1311909 1109942 1415986.57   35  285 2028217.15 1415940.23  30.2%   572 33173s
 1313110 1111237 1415990.86   30  404 2028217.15 1415942.31  30.2%   571 33244s
 1314405 1112803 1416358.03   32  397 2028217.15 1415945.31  30.2%   571 33341s
 1315971 1114277 1416229.24   28  229 2028217.15 1415948.18  30.2%   571 33419s
 1317466 1115392 1416358.51   28  156 2028217.15 1415948.22  30.2%   571 33476s
 1318588 1116578 1416231.44   40  260 2028217.15 1415948.32  30.2%   571 33535s
 1319786 1117589 1415948.35   34  272 2028217.15 1415948.35  30.2%   571 33593s
 1320813 1118832 1416060.97   35  274 2028217.15 1415948.47  30.2%   572 33661s
 1322064 1120308 1416435.19   41  207 2028217.15 1415948.51  30.2%   572 33736s
H1323580 1115938                    1999516.9687 1415948.76  29.2%   572 33738s
 1323580 1116833 1415950.67   51  232 1999516.97 1415948.76  29.2%   572 33762s
 1324536 1118717 1415950.10   44  236 1999516.97 1415950.10  29.2%   572 33806s
 1326499 1120331 1416235.96   56  260 1999516.97 1415952.45  29.2%   572 33837s
 1328171 1121856 1416306.76   45  259 1999516.97 1415953.33  29.2%   572 33913s
 1329769 1123251 1415969.56   36  242 1999516.97 1415956.99  29.2%   572 33982s
 1331229 1125045 1415957.80   32  339 1999516.97 1415957.80  29.2%   572 34069s
 1333039 1125995 1415958.34   33  341 1999516.97 1415957.93  29.2%   572 34120s
 1333989 1127066 1416032.71   34  329 1999516.97 1415959.90  29.2%   572 34174s
 1335060 1128333 1416404.68   33  306 1999516.97 1415960.59  29.2%   572 34236s
 1336368 1129283 1415963.38   33  342 1999516.97 1415961.10  29.2%   571 34288s
 1337318 1130385 1416029.45   41  324 1999516.97 1415961.49  29.2%   571 34347s
 1338426 1132232 1415997.48   46  277 1999516.97 1415962.02  29.2%   571 34386s
 1340362 1133184 1416267.10   59  245 1999516.97 1415967.71  29.2%   572 34414s
 1341323 1134199 1416649.29   38  281 1999516.97 1415968.82  29.2%   572 34439s
 1341391 1134199 1415968.82   38  346 1999516.97 1415968.82  29.2%   572 34440s
 1342364 1135181 1415976.62   40  294 1999516.97 1415968.82  29.2%   572 34467s
 1343357 1136533 1416185.90   41  274 1999516.97 1415976.93  29.2%   572 34497s
 1344741 1138488 1415985.46   38  298 1999516.97 1415980.74  29.2%   573 34530s
 1346777 1139704 1416391.35   54  276 1999516.97 1415982.73  29.2%   572 34562s
 1348094 1141102 1416366.23   54  234 1999516.97 1415985.80  29.2%   573 34591s
 1349594 1142498 1415987.90   56  226 1999516.97 1415987.90  29.2%   573 34620s
 1351043 1143904 1416304.48   58  246 1999516.97 1415988.03  29.2%   573 34649s
 1352519 1145566 1415993.68   48  259 1999516.97 1415991.96  29.2%   573 34679s
 1354256 1147694 1416249.22   69  218 1999516.97 1415992.62  29.2%   573 34721s
 1356548 1149472 1416735.11   76  173 1999516.97 1415995.22  29.2%   573 34751s
 1358348 1150957 1416061.38   56  226 1999516.97 1416003.75  29.2%   573 34822s
 1359855 1152747 1416337.85   51  231 1999516.97 1416005.14  29.2%   573 34908s
 1361708 1153329 1416028.26   37  408 1999516.97 1416005.22  29.2%   573 34933s
 1362290 1157148 1416205.38   29  336 1999516.97 1416007.05  29.2%   573 34997s
 1366233 1157248 1416032.80   31  393 1999516.97 1416008.95  29.2%   572 35016s
 1366333 1157971 1416018.52   39  402 1999516.97 1416011.35  29.2%   572 35045s
 1367062 1158872 1416079.41   40  306 1999516.97 1416012.91  29.2%   572 35072s
 1367969 1160626 1416181.51   30  362 1999516.97 1416014.86  29.2%   572 35106s
 1369755 1161927 1416081.08   25  311 1999516.97 1416014.87  29.2%   572 35185s
 1371085 1163503 1416169.07   38  301 1999516.97 1416016.53  29.2%   572 35270s
 1372682 1164832 1416141.04   21  329 1999516.97 1416018.95  29.2%   571 35341s
 1374025 1166217 1416073.64   33  290 1999516.97 1416020.49  29.2%   571 35415s
 1375420 1167627 1416091.57   40  312 1999516.97 1416022.60  29.2%   571 35496s
 1376839 1168853 1416033.85   47  306 1999516.97 1416023.42  29.2%   571 35567s
 1378073 1170023 1416222.88   35  248 1999516.97 1416024.48  29.2%   571 35636s
 1379267 1171528 1416113.31   37  277 1999516.97 1416028.76  29.2%   571 35721s
 1380774 1173064 1416201.71   47  256 1999516.97 1416030.17  29.2%   572 35809s
 1382344 1174608 1416031.71   37  269 1999516.97 1416031.71  29.2%   572 35896s
 1383910 1176128 1416033.41   44  342 1999516.97 1416033.41  29.2%   572 35929s
 1385448 1176737 1416034.12   45  308 1999516.97 1416034.12  29.2%   572 35949s
 1386059 1177513 1416217.98   49  308 1999516.97 1416034.80  29.2%   572 35975s
 1386839 1180813 1416053.80   47  303 1999516.97 1416035.09  29.2%   572 36036s
 1390194 1182153 1416035.64   43  288 1999516.97 1416035.56  29.2%   571 36062s
 1391538 1183055 1416038.79   18  250 1999516.97 1416035.66  29.2%   571 36095s
 1392444 1183583 1416202.82   51  235 1999516.97 1416036.07  29.2%   570 36124s
 1392972 1189137 1416040.66   37  250 1999516.97 1416036.53  29.2%   570 36201s
H1398622 1188909                    1971078.0691 1416037.11  28.2%   569 36204s
 1398622 1189996 1416094.14   40  288 1971078.07 1416037.11  28.2%   569 36268s
 1399727 1191650 1416127.59   52  266 1971078.07 1416037.95  28.2%   569 36360s
 1401416 1192748 1416038.57   62  335 1971078.07 1416038.57  28.2%   569 36421s
 1402532 1194225 1416106.51   63  310 1971078.07 1416038.99  28.2%   569 36500s
 1404050 1195508 1416145.45   66  306 1971078.07 1416039.68  28.2%   569 36575s
 1405371 1196772 1416195.85   70  273 1971078.07 1416043.64  28.2%   569 36646s
 1406639 1198235 1416523.02   20  304 1971078.07 1416047.80  28.2%   569 36762s
 1408104 1199576 1416424.38   28  327 1971078.07 1416053.02  28.2%   569 36871s
 1409445 1200936 1416491.27   30  285 1971078.07 1416056.60  28.2%   569 36989s
 1410806 1202507 1416160.83   28  325 1971078.07 1416062.31  28.2%   570 37114s
 1412381 1204065 1416140.47   32  397 1971078.07 1416066.14  28.2%   570 37239s
 1413061 1204065 1416607.94   31  285 1971078.07 1416069.36  28.2%   570 37240s
 1413941 1206241 1416456.42   30  299 1971078.07 1416071.71  28.2%   571 37411s
 1416127 1207476 1416131.61   44  354 1971078.07 1416076.84  28.2%   571 37524s
 1417453 1208847 1416726.53   34  307 1971078.07 1416087.22  28.2%   572 37648s
 1418970 1209995 1416743.56   39  341 1971078.07 1416097.31  28.2%   572 37758s
 1420211 1211381 1416132.88   55  361 1971078.07 1416101.01  28.2%   573 37882s
 1421768 1212850 1416320.75   41  296 1971078.07 1416117.82  28.2%   574 38015s
 1423426 1214281 1416156.17   44  363 1971078.07 1416130.04  28.2%   575 38142s
 1425000 1215776 1416243.31   56  337 1971078.07 1416140.74  28.2%   576 38277s
 1426614 1217347 1416652.48   40  334 1971078.07 1416157.24  28.2%   577 38405s
 1428185 1218659 1416185.86   34  381 1971078.07 1416166.10  28.2%   577 38448s
 1429498 1220580 1416255.85   42  346 1971078.07 1416170.61  28.2%   577 38493s
 1431419 1222129 1416201.66   39  312 1971078.07 1416173.47  28.2%   576 38618s
 1432968 1224004 1416178.64   24  452 1971078.07 1416178.45  28.2%   576 38662s
 1434843 1225429 1416317.43   31  388 1971078.07 1416183.16  28.2%   576 38708s
 1436268 1226992 1416426.91   27  383 1971078.07 1416187.34  28.2%   576 38837s
 1437831 1228380 1416381.02   34  334 1971078.07 1416188.15  28.2%   576 38953s
 1439221 1229945 1416204.60   42  341 1971078.07 1416192.35  28.2%   575 39081s
 1440788 1231381 1416202.01   38  318 1971078.07 1416193.25  28.2%   575 39202s
 1442226 1233028 1416325.23   56  338 1971078.07 1416194.77  28.2%   575 39340s
 1443879 1234263 1416198.86   34  340 1971078.07 1416196.87  28.2%   575 39453s
 1445114 1236131 1416275.88   51  385 1971078.07 1416198.12  28.2%   575 39618s
 1446982 1237399 1417351.50   59  204 1971078.07 1416200.97  28.2%   575 39744s
 1448273 1238781 1416638.31   34  306 1971078.07 1416216.36  28.2%   577 39885s
 1449698 1240349 1416917.82   56  255 1971078.07 1416234.65  28.1%   578 40039s
 1451322 1241908 1416911.45   39  221 1971078.07 1416256.95  28.1%   580 40195s
 1452907 1243215 1417027.05   55  221 1971078.07 1416270.30  28.1%   582 40329s
 1453944 1243215 1417126.88   48  215 1971078.07 1416284.50  28.1%   583 40330s
 1454253 1244946 1416493.13   27  328 1971078.07 1416290.78  28.1%   583 40497s
 1456030 1246289 1416853.34   39  313 1971078.07 1416307.37  28.1%   585 40616s
 1457383 1247954 1416518.11   47  340 1971078.07 1416309.98  28.1%   585 40760s
 1459052 1249591 1416325.74   38  384 1971078.07 1416317.13  28.1%   585 40904s
 1459477 1249591 1416505.28   32  322 1971078.07 1416319.25  28.1%   585 40905s
 1460695 1251253 1416573.93   40  310 1971078.07 1416320.76  28.1%   586 41056s
 1462363 1253002 1416382.58   45  399 1971078.07 1416325.27  28.1%   586 41207s
 1464118 1254467 1417060.99   38  350 1971078.07 1416327.87  28.1%   586 41338s
 1465591 1256208 1416688.66   35  302 1971078.07 1416329.71  28.1%   586 41473s
 1467332 1257670 1416729.79   39  303 1971078.07 1416334.51  28.1%   586 41590s
 1468808 1259036 1416404.33   53  250 1971078.07 1416339.49  28.1%   586 41693s
 1470176 1261066 1416485.26   34  343 1971078.07 1416341.30  28.1%   586 41742s
 1472206 1262797 1416404.68   38  344 1971078.07 1416341.78  28.1%   586 41881s
 1473951 1264892 1416775.68   45  300 1971078.07 1416345.06  28.1%   586 41929s
 1476054 1265864 1416435.71   52  344 1971078.07 1416354.68  28.1%   586 42002s
 1477080 1267341 1416359.41   64  321 1971078.07 1416357.59  28.1%   586 42105s
 1478617 1268804 1417177.49   67  234 1971078.07 1416358.62  28.1%   587 42236s
 1480114 1269970 1416360.80   35  390 1971078.07 1416360.80  28.1%   587 42325s
 1481330 1271141 1416644.20   37  356 1971078.07 1416361.50  28.1%   587 42412s
 1482543 1272859 1416714.59   49  343 1971078.07 1416369.76  28.1%   588 42530s
 1484311 1274253 1416585.50   22  367 1971078.07 1416372.99  28.1%   589 42631s
 1485773 1275325 1416385.88   45  329 1971078.07 1416375.67  28.1%   589 42737s
 1486845 1276892 1416631.46   44  382 1971078.07 1416380.52  28.1%   589 42879s
 1488412 1278468 1416382.30   37  342 1971078.07 1416382.30  28.1%   589 43023s
 1489988 1280349 1416382.30   39  338 1971078.07 1416382.30  28.1%   589 43189s
 1491869 1282327 1416639.73   42  360 1971078.07 1416382.61  28.1%   589 43363s
 1493847 1284269 1416480.04   50  278 1971078.07 1416384.06  28.1%   589 43534s
 1494617 1284269 1417038.34   56  274 1971078.07 1416384.11  28.1%   589 43535s
 1495789 1285812 1416634.63   39  340 1971078.07 1416384.49  28.1%   589 43669s
 1497353 1287508 1416565.16   29  338 1971078.07 1416390.18  28.1%   589 43713s
 1499063 1288752 1416714.32   33  354 1971078.07 1416396.22  28.1%   588 43783s
 1500311 1290164 1416402.00   24  326 1971078.07 1416402.00  28.1%   588 43904s
 1501743 1291596 1416463.23   28  308 1971078.07 1416402.01  28.1%   588 43952s
 1503178 1293368 1416420.60   28  341 1971078.07 1416414.13  28.1%   588 44001s
 1504976 1294832 1416580.33   46  331 1971078.07 1416419.07  28.1%   588 44136s
 1506446 1296627 1416419.16   39  339 1971078.07 1416419.13  28.1%   588 44293s
 1508249 1298075 1416419.54   44  339 1971078.07 1416419.16  28.1%   587 44421s
 1509711 1299653 1416419.44   45  344 1971078.07 1416419.22  28.1%   587 44560s
 1511292 1301437 1416421.33   52  344 1971078.07 1416419.79  28.1%   587 44719s
 1512898 1301437 1416419.99   44  289 1971078.07 1416419.94  28.1%   587 44720s
 1513094 1303325 1416526.22   49  359 1971078.07 1416419.96  28.1%   587 44884s
 1514315 1303325 1416429.99   54  297 1971078.07 1416420.13  28.1%   587 44885s
 1514988 1305014 1416423.99   29  403 1971078.07 1416420.62  28.1%   587 45003s
 1516679 1306425 1416450.14   32  363 1971078.07 1416423.09  28.1%   587 45107s
 1518090 1308174 1416568.68   32  373 1971078.07 1416425.29  28.1%   587 45227s
 1519839 1309756 1416723.94   33  305 1971078.07 1416427.32  28.1%   587 45334s
 1520043 1309756 1416604.76   33  337 1971078.07 1416427.93  28.1%   587 45335s
 1521431 1311310 1416673.42   28  379 1971078.07 1416428.62  28.1%   587 45481s
 1522985 1313307 1416430.28   29  327 1971078.07 1416430.26  28.1%   587 45616s
 1524982 1314814 1416441.08   28  496 1971078.07 1416430.54  28.1%   587 45726s
 1526489 1316323 1416818.55   34  386 1971078.07 1416433.73  28.1%   587 45871s
 1527998 1317633 1416951.27   31  359 1971078.07 1416437.34  28.1%   587 45978s
 1529308 1319426 1416923.86   24  357 1971078.07 1416440.48  28.1%   587 46104s
 1530802 1319426 1416600.42   27  432 1971078.07 1416441.89  28.1%   587 46105s
 1531101 1321255 1416517.03   29  470 1971078.07 1416444.20  28.1%   587 46240s
 1532930 1322817 1416703.02   32  365 1971078.07 1416448.38  28.1%   586 46362s
 1534492 1324387 1416767.01   34  379 1971078.07 1416452.29  28.1%   586 46467s
 1536062 1325493 1416838.05   37  372 1971078.07 1416457.09  28.1%   586 46552s
 1537168 1327057 1416472.84   47  432 1971078.07 1416458.91  28.1%   586 46697s
 1538734 1328798 1416460.27   25  428 1971078.07 1416460.27  28.1%   586 46818s
 1540477 1330807 1416625.82   31  453 1971078.07 1416463.06  28.1%   586 46951s
 1542486 1332413 1416543.27   23  465 1971078.07 1416467.12  28.1%   585 47060s
 1544092 1333976 1416803.46   33  404 1971078.07 1416469.92  28.1%   585 47167s
 1545655 1335428 1416520.02   41  412 1971078.07 1416471.94  28.1%   585 47264s
 1545900 1335428 1416510.61   38  329 1971078.07 1416472.83  28.1%   585 47265s
 1547107 1337057 1416480.80   32  332 1971078.07 1416475.40  28.1%   585 47377s
 1548736 1338626 1416597.69   34  369 1971078.07 1416478.01  28.1%   585 47490s
 1550305 1340512 1416487.43   24  370 1971078.07 1416479.79  28.1%   585 47618s
 1552191 1342655 1416581.54   43  396 1971078.07 1416482.15  28.1%   585 47758s
 1554334 1344501 1416530.31   29  293 1971078.07 1416486.64  28.1%   585 47883s
 1556180 1346024 1416856.41   30  227 1971078.07 1416492.07  28.1%   585 47984s
 1557579 1346024 1416496.23   30  262 1971078.07 1416496.22  28.1%   585 47985s
 1557703 1347712 1416935.95   38  212 1971078.07 1416496.77  28.1%   585 48097s
 1559391 1349552 1416997.85   38  300 1971078.07 1416503.11  28.1%   585 48217s
 1561235 1351054 1416510.25   31  307 1971078.07 1416508.36  28.1%   585 48318s
 1562737 1352648 1417042.47   46  297 1971078.07 1416512.75  28.1%   585 48460s
 1564331 1354077 1417039.77   26  287 1971078.07 1416516.44  28.1%   585 48611s
 1565760 1355400 1416877.93   30  269 1971078.07 1416526.98  28.1%   585 48738s
 1567083 1356689 1417005.26   31  226 1971078.07 1416532.27  28.1%   585 48865s
 1568372 1358371 1416592.32   27  364 1971078.07 1416537.92  28.1%   585 48929s
 1568816 1358371 1416604.84   26  298 1971078.07 1416540.02  28.1%   585 48930s
 1570054 1359878 1416592.83   30  387 1971078.07 1416545.79  28.1%   584 49079s
 1571561 1361478 1416793.42   36  357 1971078.07 1416552.20  28.1%   584 49139s
 1571624 1361478 1416761.84   33  333 1971078.07 1416553.21  28.1%   584 49140s
 1573161 1362903 1416849.54   28  281 1971078.07 1416559.74  28.1%   584 49287s
 1574586 1364386 1416657.96   26  320 1971078.07 1416566.73  28.1%   584 49398s
 1576077 1365802 1417109.54   25  302 1971078.07 1416569.15  28.1%   584 49502s
 1577495 1367104 1416599.42   21  329 1971078.07 1416572.44  28.1%   584 49606s
 1578797 1368642 1416611.83   25  312 1971078.07 1416574.61  28.1%   584 49716s
 1580335 1370592 1416649.11   21  373 1971078.07 1416575.02  28.1%   584 49860s
 1582285 1371932 1416864.46   35  380 1971078.07 1416580.12  28.1%   584 49960s
 1583625 1373338 1416719.32   36  270 1971078.07 1416581.68  28.1%   583 50055s
 1585031 1374602 1416584.52   44  346 1971078.07 1416582.70  28.1%   583 50148s
 1586295 1376338 1416582.82   33  305 1971078.07 1416582.82  28.1%   583 50260s
 1588031 1377794 1416583.48   41  279 1971078.07 1416583.37  28.1%   583 50364s
 1588338 1377794 1416673.91   45  328 1971078.07 1416583.70  28.1%   583 50365s
 1589488 1379448 1416586.56   43  255 1971078.07 1416584.86  28.1%   583 50477s
 1591147 1381169 1416698.62   43  288 1971078.07 1416585.14  28.1%   583 50597s
 1592868 1383144 1416585.99   42  190 1971078.07 1416585.99  28.1%   582 50781s
 1594843 1384304 1417075.09   46  185 1971078.07 1416592.13  28.1%   582 50890s
 1596003 1385744 1416644.56   30  311 1971078.07 1416600.31  28.1%   582 51023s
 1597443 1387296 1416902.85   34  298 1971078.07 1416605.40  28.1%   582 51167s
 1598997 1389039 1416697.75   28  293 1971078.07 1416610.98  28.1%   582 51327s
 1600740 1390581 1416922.44   41  235 1971078.07 1416614.65  28.1%   582 51474s
 1602282 1392339 1416623.45   37  367 1971078.07 1416622.86  28.1%   582 51607s
 1604040 1393482 1416636.07   42  376 1971078.07 1416624.16  28.1%   582 51693s
 1605191 1394846 1416791.72   29  391 1971078.07 1416624.93  28.1%   582 51826s
 1606555 1396746 1416708.93   26  265 1971078.07 1416626.56  28.1%   582 51960s
 1608455 1398265 1416629.04   26  417 1971078.07 1416628.12  28.1%   582 52070s
 1609982 1399871 1416629.13   30  421 1971078.07 1416629.04  28.1%   582 52186s
 1611594 1401187 1417078.51   58  320 1971078.07 1416631.22  28.1%   582 52287s
 1612910 1402808 1416866.77   47  328 1971078.07 1416632.66  28.1%   581 52406s
 1614535 1404450 1416792.89   43  398 1971078.07 1416634.12  28.1%   581 52528s
 1616183 1406295 1416886.18   39  322 1971078.07 1416637.14  28.1%   581 52658s
 1618028 1408251 1416773.17   40  408 1971078.07 1416638.29  28.1%   581 52797s
 1619986 1410095 1416656.70   35  359 1971078.07 1416640.89  28.1%   581 52933s
 1621830 1411504 1416748.77   30  303 1971078.07 1416641.86  28.1%   580 53039s
 1622337 1411504 1416673.99   34  325 1971078.07 1416642.72  28.1%   580 53040s
 1623241 1413172 1416687.57   37  336 1971078.07 1416643.39  28.1%   580 53172s
 1624911 1414792 1416657.80   35  327 1971078.07 1416644.53  28.1%   580 53303s
 1626535 1416554 1416725.56   28  303 1971078.07 1416646.10  28.1%   580 53436s
 1628301 1418347 1416785.95   24  276 1971078.07 1416647.56  28.1%   580 53580s
 1630098 1420022 1416691.71   36  340 1971078.07 1416648.46  28.1%   579 53708s
 1631773 1421638 1417066.35   27  392 1971078.07 1416649.69  28.1%   579 53836s
 1633389 1423272 1416675.71   25  323 1971078.07 1416651.96  28.1%   579 53958s
 1635023 1424891 1416771.57   35  351 1971078.07 1416655.26  28.1%   579 54084s
 1635662 1424891 1416771.60   33  271 1971078.07 1416655.53  28.1%   579 54085s
 1636642 1426611 1416765.97   34  352 1971078.07 1416657.90  28.1%   579 54215s
 1638362 1428365 1417101.49   27  405 1971078.07 1416659.64  28.1%   579 54347s
 1640116 1430063 1416729.96   24  313 1971078.07 1416663.11  28.1%   578 54516s
 1641814 1430521 1416693.60   37  282 1971078.07 1416663.34  28.1%   578 54605s
 1642279 1431876 1416663.74   31  276 1971078.07 1416663.67  28.1%   578 54785s
 1643640 1434929 1416810.87   30  241 1971078.07 1416663.82  28.1%   579 55035s
 1646711 1436374 1416764.36   42  387 1971078.07 1416664.17  28.1%   579 55158s
 1648158 1438360 1416952.02   40  352 1971078.07 1416664.52  28.1%   580 55325s
 1650146 1440848 1416925.91   49  337 1971078.07 1416665.23  28.1%   581 55533s
 1652636 1442299 1417004.66   50  215 1971078.07 1416666.10  28.1%   581 55638s
 1654175 1443525 1416667.15   50  260 1971078.07 1416667.15  28.1%   581 55730s
 1655457 1444993 1416668.39   52  234 1971078.07 1416668.39  28.1%   581 55839s
 1656696 1444993 1417118.83   46  221 1971078.07 1416669.77  28.1%   581 55840s
 1657004 1446667 1416670.28   53  232 1971078.07 1416670.28  28.1%   581 55952s
 1658724 1448389 1416672.30   51  248 1971078.07 1416672.17  28.1%   581 56072s
 1660539 1449882 1416672.40   53  249 1971078.07 1416672.40  28.1%   581 56188s
 1662119 1451147 1416747.35   46  324 1971078.07 1416673.79  28.1%   581 56286s
 1663395 1452886 1416674.10   20  309 1971078.07 1416674.10  28.1%   581 56414s
 1665172 1454941 1416674.83   22  322 1971078.07 1416674.25  28.1%   581 56562s
 1667253 1456870 1416835.18   26  379 1971078.07 1416674.27  28.1%   581 56694s
 1669218 1458573 1416826.89   25  403 1971078.07 1416674.83  28.1%   581 56816s
 1670957 1460535 1416679.31   27  315 1971078.07 1416675.38  28.1%   580 56949s
 1671264 1460535 1416986.56   35  302 1971078.07 1416677.05  28.1%   580 56950s
 1672961 1462246 1416691.13   47  320 1971078.07 1416677.80  28.1%   580 56997s
 1674732 1463593 1417060.94   42  303 1971078.07 1416679.52  28.1%   580 57034s
 1676140 1465162 1416914.46   42  286 1971078.07 1416685.48  28.1%   580 57147s
 1677761 1466547 1416783.14   62  351 1971078.07 1416686.39  28.1%   581 57248s
 1679196 1468032 1417122.87   60  331 1971078.07 1416688.56  28.1%   581 57353s
 1680711 1470065 1416711.39   52  286 1971078.07 1416689.43  28.1%   581 57498s
 1682813 1471594 1416746.08   55  254 1971078.07 1416691.26  28.1%   581 57612s
 1684385 1472923 1416694.65   53  303 1971078.07 1416693.72  28.1%   581 57717s
 1685856 1474179 1417167.09   32  256 1971078.07 1416695.29  28.1%   581 57812s
 1687187 1475703 1417301.98   48  242 1971078.07 1416696.03  28.1%   581 57927s
 1688749 1478451 1416698.98   42  273 1971078.07 1416697.31  28.1%   582 58117s
 1691557 1480572 1417123.69   58  260 1971078.07 1416697.96  28.1%   581 58273s
 1693762 1483867 1417314.15   57  198 1971078.07 1416698.39  28.1%   581 58506s
 1697182 1485474 1417008.99   68  203 1971078.07 1416698.95  28.1%   581 58618s
 1698815 1486942 1416699.35   73  244 1971078.07 1416699.35  28.1%   581 58722s
 1700323 1488876 1417136.00   75  194 1971078.07 1416699.56  28.1%   581 58853s
 1702361 1490276 1417194.94   45  219 1971078.07 1416699.61  28.1%   581 58950s
 1703789 1490323 1416699.75   30  422 1971078.07 1416699.75  28.1%   581 58985s
 1703836 1497058 1416717.08   31  448 1971078.07 1416702.57  28.1%   581 59188s
 1710844 1498865 1416897.82   36  385 1971078.07 1416703.65  28.1%   580 59240s
 1712659 1501295 1416706.70   44  431 1971078.07 1416706.70  28.1%   579 59296s
 1715123 1503109 1416706.88   26  369 1971078.07 1416706.88  28.1%   579 59438s
 1716965 1504467 1416830.88   27  379 1971078.07 1416707.09  28.1%   579 59541s
 1718346 1506072 1416972.90   29  408 1971078.07 1416709.80  28.1%   579 59661s
 1719985 1507560 1416711.02   36  305 1971078.07 1416711.02  28.1%   579 59783s
 1721478 1509413 1416713.25   39  318 1971078.07 1416713.25  28.1%   579 59928s
 1723352 1511326 1416797.70   42  311 1971078.07 1416713.25  28.1%   578 60075s
 1725317 1513023 1417001.19   38  215 1971078.07 1416713.68  28.1%   578 60210s
 1727030 1514470 1416789.59   39  286 1971078.07 1416715.26  28.1%   578 60323s
 1728497 1516288 1416989.11   56  215 1971078.07 1416715.76  28.1%   579 60463s
 1730331 1517984 1416728.05   45  273 1971078.07 1416717.86  28.1%   579 60597s
 1732043 1519790 1417178.38   42  295 1971078.07 1416720.53  28.1%   579 60741s
 1733877 1521169 1416922.64   48  245 1971078.07 1416722.22  28.1%   579 60856s
 1735294 1522737 1417036.21   44  224 1971078.07 1416722.88  28.1%   579 60905s
 1736890 1525981 1416723.25   31  328 1971078.07 1416723.25  28.1%   579 60972s
 1740183 1530769 1416724.31   33  271 1971078.07 1416723.38  28.1%   578 61064s
 1741386 1530769 1417060.58   37  271 1971078.07 1416723.52  28.1%   578 61065s
H1745041 1530325                    1944628.8989 1416723.66  27.1%   577 61068s
 1745041 1533506 1416735.59   34  243 1944628.90 1416723.67  27.1%   577 61145s
 1748288 1535587 1416751.66   25  304 1944628.90 1416724.46  27.1%   576 61186s
 1750384 1536986 1416758.62   23  198 1944628.90 1416725.10  27.1%   576 61227s
 1751785 1539303 1416742.65   40  281 1944628.90 1416725.60  27.1%   576 61269s
 1753115 1539303 1416759.90   32  203 1944628.90 1416725.77  27.1%   576 61270s
H1754138 1539303                    1944356.6645 1416725.91  27.1%   575 61271s
 1754138 1540911 1417032.21   78  319 1944356.67 1416725.91  27.1%   575 61397s
 1755773 1542386 1416983.05   75  333 1944356.67 1416727.44  27.1%   575 61511s
 1757270 1543615 1416965.77   73  331 1944356.67 1416728.94  27.1%   575 61617s
 1758555 1545278 1416744.77   48  352 1944356.67 1416730.62  27.1%   575 61750s
 1760259 1547194 1416731.01   54  312 1944356.67 1416731.01  27.1%   575 61898s
 1762199 1548921 1417050.70   57  342 1944356.67 1416731.01  27.1%   575 62035s
 1763956 1550784 1416943.79   27  321 1944356.67 1416733.64  27.1%   576 62243s
 1765821 1552183 1417278.65   31  283 1944356.67 1416737.01  27.1%   576 62408s
 1767221 1554147 1416753.54   24  386 1944356.67 1416740.60  27.1%   576 62638s
 1769188 1556038 1417234.11   26  301 1944356.67 1416743.89  27.1%   576 62862s
 1771081 1557843 1417274.49   34  274 1944356.67 1416749.01  27.1%   577 63086s
 1772886 1560263 1417101.96   33  316 1944356.67 1416751.20  27.1%   577 63373s
 1774892 1560263 1416774.32   31  332 1944356.67 1416754.14  27.1%   577 63375s
 1775306 1562493 1416820.73   33  334 1944356.67 1416754.33  27.1%   577 63647s
 1777536 1564129 1417451.54   54  266 1944356.67 1416762.28  27.1%   578 63861s
 1779337 1565545 1417285.06   60  358 1944356.67 1416777.77  27.1%   579 64044s
 1780882 1566955 1416836.92   38  370 1944356.67 1416789.70  27.1%   580 64236s
 1782412 1569180 1417203.57   66  351 1944356.67 1416797.28  27.1%   581 64513s
 1784809 1571144 1417517.10   52  241 1944356.67 1416813.66  27.1%   582 64765s
 1786965 1573487 1417363.73   44  234 1944356.67 1416822.25  27.1%   583 65054s
 1787782 1573487 1417496.84   66  280 1944356.67 1416835.24  27.1%   583 65055s
 1789521 1575493 1416856.07   33  441 1944356.67 1416848.19  27.1%   584 65293s
 1791527 1577409 1417203.51   34  360 1944356.67 1416851.83  27.1%   584 65379s
 1791698 1577409 1416947.08   28  448 1944356.67 1416852.38  27.1%   584 65380s
 1793443 1579620 1417074.98   29  418 1944356.67 1416855.69  27.1%   584 65457s
 1795654 1582267 1416859.92   42  382 1944356.67 1416859.55  27.1%   583 65765s
 1798301 1584551 1417527.80   47  315 1944356.67 1416861.09  27.1%   583 65863s
 1800384 1584551 1416896.18   30  385 1944356.67 1416862.71  27.1%   583 65865s
 1800585 1586708 1417308.00   47  319 1944356.67 1416862.71  27.1%   583 65940s
 1802744 1588458 1417135.53   35  308 1944356.67 1416867.92  27.1%   582 66151s
 1804498 1590693 1417168.80   44  296 1944356.67 1416870.64  27.1%   582 66421s
 1806749 1593363 1417093.21   41  307 1944356.67 1416872.69  27.1%   582 66515s
 1809439 1595267 1417022.65   44  304 1944356.67 1416873.65  27.1%   582 66743s
 1811347 1597490 1416877.12   42  308 1944356.67 1416875.00  27.1%   582 66825s
 1813574 1599444 1417147.52   43  366 1944356.67 1416876.76  27.1%   582 67067s
 1815528 1600994 1417256.02   39  257 1944356.67 1416878.80  27.1%   582 67295s
 1817116 1602160 1417376.33   58  253 1944356.67 1416889.97  27.1%   583 67493s
 1818298 1603944 1417580.48   29  332 1944356.67 1416895.93  27.1%   585 67768s
 1820132 1605773 1417092.97   24  333 1944356.67 1416905.74  27.1%   587 68061s
 1822014 1607744 1417770.70   58  266 1944356.67 1416916.40  27.1%   589 68352s
 1824004 1609903 1417297.29   23  286 1944356.67 1416924.47  27.1%   591 68663s
 1826204 1612007 1416933.36   20  298 1944356.67 1416930.30  27.1%   592 68969s
 1826955 1612007 1417339.39   41  341 1944356.67 1416932.46  27.1%   593 68970s
 1828379 1614146 1417634.57   46  302 1944356.67 1416938.47  27.1%   594 69237s
 1830528 1616354 1416942.70   31  261 1944356.67 1416942.70  27.1%   594 69518s
 1832551 1616354 1417583.27   30  237 1944356.67 1416944.38  27.1%   594 69520s
 1832746 1618845 1416944.90   35  348 1944356.67 1416944.90  27.1%   594 69841s
 1835245 1620684 1417358.38   42  296 1944356.67 1416946.94  27.1%   595 70085s
 1837088 1623587 1417023.99   32  292 1944356.67 1416951.50  27.1%   595 70439s
 1837561 1623587 1416979.94   33  233 1944356.67 1416953.06  27.1%   595 70440s
 1840011 1625571 1417348.77   30  334 1944356.67 1416954.36  27.1%   595 70690s
 1841999 1627813 1417772.52   39  308 1944356.67 1416959.07  27.1%   595 70953s
 1844241 1629777 1416993.72   43  313 1944356.67 1416963.35  27.1%   595 71031s
 1846209 1631383 1417513.61   48  288 1944356.67 1416966.85  27.1%   595 71232s
 1847817 1633819 1417516.07   46  250 1944356.67 1416970.39  27.1%   595 71331s
 1850265 1636421 1417539.81   38  280 1944356.67 1416976.18  27.1%   595 71650s
 1852895 1638856 1417374.48   43  357 1944356.67 1416985.11  27.1%   595 71739s
 1855336 1640464 1417138.52   67  344 1944356.67 1416989.06  27.1%   595 71905s
 1856990 1641729 1416990.60   49  320 1944356.67 1416990.60  27.1%   595 72080s
 1858331 1643075 1417294.29   51  313 1944356.67 1416991.47  27.1%   595 72213s
 1859739 1644688 1417296.39   20  340 1944356.67 1416995.70  27.1%   596 72371s
 1861406 1646466 1417159.52   74  302 1944356.67 1416997.18  27.1%   597 72542s
 1863240 1648004 1417302.88   59  360 1944356.67 1416999.66  27.1%   597 72751s
 1864866 1649604 1417165.07   44  341 1944356.67 1416999.66  27.1%   598 72915s
 1866496 1651560 1417214.28   64  356 1944356.67 1417002.99  27.1%   598 73118s
 1868536 1653718 1417004.22   29  340 1944356.67 1417004.22  27.1%   599 73394s
 1869006 1653718 1417615.49   28  267 1944356.67 1417004.26  27.1%   599 73395s
 1870694 1655410 1417132.43   31  347 1944356.67 1417004.26  27.1%   599 73627s
 1872386 1657296 1417164.53   33  366 1944356.67 1417008.66  27.1%   599 73870s
 1874272 1659325 1417267.69   29  337 1944356.67 1417008.89  27.1%   599 74134s
 1874889 1659325 1417038.09   46  363 1944356.67 1417011.50  27.1%   599 74135s
 1876301 1661668 1417011.51   26  311 1944356.67 1417011.51  27.1%   599 74430s
 1878644 1663624 1417011.52   29  315 1944356.67 1417011.52  27.1%   599 74692s
 1880600 1665557 1417051.86   32  401 1944356.67 1417011.82  27.1%   599 74949s
 1881245 1665557 1417659.03   35  303 1944356.67 1417014.94  27.1%   598 74950s
 1882561 1666917 1417197.97   25  361 1944356.67 1417018.56  27.1%   598 75018s
 1883927 1668574 1417023.60   28  350 1944356.67 1417021.58  27.1%   598 75241s
 1885594 1670487 1417529.74   30  263 1944356.67 1417023.60  27.1%   598 75336s
 1887545 1672353 1417470.03   27  254 1944356.67 1417029.54  27.1%   598 75587s
 1889470 1674738 1417277.07   50  360 1944356.67 1417033.63  27.1%   598 75681s
 1891863 1676434 1417232.80   38  295 1944356.67 1417038.10  27.1%   597 75905s
 1893584 1678432 1417146.27   37  283 1944356.67 1417040.88  27.1%   597 75989s
 1894143 1678432 1417041.03   39  320 1944356.67 1417040.98  27.1%   597 75990s
 1895582 1680339 1417431.70   41  345 1944356.67 1417041.06  27.1%   597 76241s
 1897493 1682485 1417041.28   52  306 1944356.67 1417041.28  27.1%   597 76334s
 1898505 1682485 1417050.30   44  277 1944356.67 1417041.42  27.1%   597 76335s
 1899649 1684083 1417128.91   60  225 1944356.67 1417041.56  27.1%   597 76552s
 1901257 1686331 1417077.28   53  342 1944356.67 1417041.98  27.1%   597 76846s
 1903523 1688661 1417579.56   56  342 1944356.67 1417042.20  27.1%   597 76944s
 1905879 1690908 1417106.31   31  349 1944356.67 1417044.03  27.1%   597 77176s
 1908126 1693086 1417155.64   27  368 1944356.67 1417046.79  27.1%   597 77403s
 1910304 1695543 1417221.42   31  363 1944356.67 1417048.39  27.1%   597 77645s
 1912761 1697612 1417084.03   28  359 1944356.67 1417051.63  27.1%   597 77856s
 1914830 1699721 1417052.99   30  334 1944356.67 1417052.99  27.1%   597 78078s
 1916939 1702244 1417346.84   33  333 1944356.67 1417054.96  27.1%   597 78324s
 1917484 1702244 1417317.25   35  280 1944356.67 1417055.77  27.1%   597 78325s
 1919462 1704079 1417853.51   27  429 1944356.67 1417056.83  27.1%   597 78521s
 1921297 1705959 1417571.41   30  442 1944356.67 1417060.02  27.1%   596 78713s
 1923177 1708387 1417091.22   35  426 1944356.67 1417063.91  27.1%   596 78956s
 1925605 1710245 1417107.68   33  438 1944356.67 1417068.34  27.1%   596 79147s
 1927463 1712545 1417366.89   36  430 1944356.67 1417072.25  27.1%   596 79379s
 1927659 1712545 1417120.75   29  454 1944356.67 1417072.97  27.1%   596 79380s
 1929763 1714983 1417500.75   33  413 1944356.67 1417079.07  27.1%   596 79626s
 1932201 1717048 1417187.55   28  423 1944356.67 1417084.25  27.1%   595 79843s
 1934266 1718437 1417169.04   23  387 1944356.67 1417087.01  27.1%   595 79998s
 1935655 1720652 1417553.93   47  284 1944356.67 1417089.38  27.1%   595 80226s
 1937870 1722544 1417090.80   23  368 1944356.67 1417090.80  27.1%   595 80415s
 1939764 1724213 1417373.81   35  400 1944356.67 1417093.05  27.1%   595 80583s
 1941433 1726908 1417451.15   27  364 1944356.67 1417095.84  27.1%   595 80844s
 1942766 1726908 1417211.82   39  346 1944356.67 1417097.57  27.1%   595 80845s
 1944130 1728967 1417127.91   32  367 1944356.67 1417099.20  27.1%   594 81142s
 1946189 1731013 1417173.89   35  350 1944356.67 1417101.16  27.1%   594 81356s
 1948235 1732898 1417269.03   34  394 1944356.67 1417105.16  27.1%   594 81597s
 1950120 1735009 1417167.14   42  383 1944356.67 1417106.92  27.1%   594 81808s

Cutting planes:
  Gomory: 24
  Lift-and-project: 30
  Implied bound: 4
  MIR: 181
  Mixing: 1
  Flow cover: 5319
  RLT: 142
  Relax-and-lift: 14

Explored 1952237 nodes (1160515358 simplex iterations) in 81894.99 seconds (20102.76 work units)
Thread count was 24 (of 32 available processors)

Solution count 10: 1.94436e+06 1.94463e+06 1.97108e+06 ... 2.029e+06

Solve interrupted
Best objective 1.944356664544e+06, best bound 1.417110901325e+06, gap 27.1167%
