C:\Users\TECNO-MASTER\anaconda3\lib\site-packages\pandas\core\indexes\base.py:6999: FutureWarning: In a future version, the Index constructor will not infer numeric dtypes when passed object-dtype sequences (matching Series behavior)
  return Index(sequences[0], name=names)
C:\Users\TECNO-MASTER\anaconda3\lib\site-packages\pandas\core\indexes\base.py:6999: FutureWarning: In a future version, the Index constructor will not infer numeric dtypes when passed object-dtype sequences (matching Series behavior)
  return Index(sequences[0], name=names)
C:\Users\TECNO-MASTER\anaconda3\lib\site-packages\pandas\core\indexes\base.py:6999: FutureWarning: In a future version, the Index constructor will not infer numeric dtypes when passed object-dtype sequences (matching Series behavior)
  return Index(sequences[0], name=names)
C:\Users\TECNO-MASTER\anaconda3\lib\site-packages\pandas\core\indexes\base.py:6999: FutureWarning: In a future version, the Index constructor will not infer numeric dtypes when passed object-dtype sequences (matching Series behavior)
  return Index(sequences[0], name=names)
C:\Users\TECNO-MASTER\anaconda3\lib\site-packages\pandas\core\indexes\base.py:6999: FutureWarning: In a future version, the Index constructor will not infer numeric dtypes when passed object-dtype sequences (matching Series behavior)
  return Index(sequences[0], name=names)
C:\Users\TECNO-MASTER\anaconda3\lib\site-packages\pandas\core\indexes\base.py:6999: FutureWarning: In a future version, the Index constructor will not infer numeric dtypes when passed object-dtype sequences (matching Series behavior)
  return Index(sequences[0], name=names)
C:\Users\TECNO-MASTER\anaconda3\lib\site-packages\pandas\core\indexes\base.py:6999: FutureWarning: In a future version, the Index constructor will not infer numeric dtypes when passed object-dtype sequences (matching Series behavior)
  return Index(sequences[0], name=names)
  [Fase 1 (infra libre)] estacion=station_1 dia=1 -> C:\Users\TECNO-MASTER\Desktop\Elmo_infrastructure_sizing_NP-\output\DCH_septiembre\Bateria_482\Costo_variable\Swap_restringido\Swap_variable_3estaciones_320kW_Descomp/station_1_d1_stage1
formulation time: 6.408584117889404
Set parameter OutputFlag to value 1
Set parameter OutputFlag to value 1
Set parameter LogToConsole to value 1
Set parameter MIPGap to value 0.05
Set parameter TimeLimit to value 1200
Set parameter LogFile to value "C:\Users\TECNO-MASTER\Desktop\Elmo_infrastructure_sizing_NP-\output\DCH_septiembre\Bateria_482\Costo_variable\Swap_restringido\Swap_variable_3estaciones_320kW_Descomp\station_1_d1_stage1\ELMO_log.txt"
Set parameter Threads to value 1
Set parameter Heuristics to value 0.5
Set parameter MIPFocus to value 3
Set parameter Presolve to value 2
Set parameter FlowCoverCuts to value 2
Gurobi Optimizer version 12.0.3 build v12.0.3rc0 (win64 - Windows 11+.0 (26200.2))

CPU model: Intel(R) Core(TM) i9-14900K, instruction set [SSE2|AVX|AVX2]
Thread count: 24 physical cores, 32 logical processors, using up to 1 threads

Non-default parameters:
TimeLimit  1200
MIPGap  0.05
Heuristics  0.5
MIPFocus  3
FlowCoverCuts  2
Presolve  2
Threads  1

Optimize a model with 26872 rows, 53707 columns and 244498 nonzeros
Model fingerprint: 0x3af40969
Variable types: 2099 continuous, 51608 integer (18485 binary)
Coefficient statistics:
  Matrix range     [1e+00, 4e+02]
  Objective range  [1e-02, 8e+04]
  Bounds range     [1e+00, 1e+01]
  RHS range        [1e+00, 1e+04]
Presolve removed 25519 rows and 44927 columns
Presolve time: 0.11s
Presolved: 1353 rows, 8780 columns, 28860 nonzeros
Variable types: 216 continuous, 8564 integer (8166 binary)
Root relaxation presolved: 1353 rows, 8780 columns, 28860 nonzeros

C:\Users\TECNO-MASTER\anaconda3\lib\site-packages\pandas\core\indexes\base.py:6999: FutureWarning: In a future version, the Index constructor will not infer numeric dtypes when passed object-dtype sequences (matching Series behavior)
  return Index(sequences[0], name=names)

Use crossover to convert LP symmetric solution to basic solution...

Root relaxation: objective 2.000938e+05, 4143 iterations, 0.04 seconds (0.06 work units)

    Nodes    |    Current Node    |     Objective Bounds      |     Work
 Expl Unexpl |  Obj  Depth IntInf | Incumbent    BestBd   Gap | It/Node Time

     0     0 200093.828    0   16          - 200093.828      -     -    0s
     0     0 200310.390    0   13          - 200310.390      -     -    0s
H    0     0                    327484.57859 200310.390  38.8%     -    0s
     0     0 200310.390    0   21 327484.579 200310.390  38.8%     -    0s
     0     0 200310.390    0    7 327484.579 200310.390  38.8%     -    0s
     0     0 200310.390    0   28 327484.579 200310.390  38.8%     -    0s
     0     0 200310.390    0    9 327484.579 200310.390  38.8%     -    1s
     0     0 200310.390    0   25 327484.579 200310.390  38.8%     -    1s
     0     0 200310.390    0    9 327484.579 200310.390  38.8%     -    1s
     0     0 200310.390    0   30 327484.579 200310.390  38.8%     -    1s
  [Fase 1 (infra libre)] estacion=station_1 dia=32 -> C:\Users\TECNO-MASTER\Desktop\Elmo_infrastructure_sizing_NP-\output\DCH_septiembre\Bateria_482\Costo_variable\Swap_restringido\Swap_variable_3estaciones_320kW_Descomp/station_1_d32_stage1
formulation time: 6.55009651184082
Set parameter OutputFlag to value 1
Set parameter OutputFlag to value 1
Set parameter LogToConsole to value 1
Set parameter MIPGap to value 0.05
Set parameter TimeLimit to value 1200
Set parameter LogFile to value "C:\Users\TECNO-MASTER\Desktop\Elmo_infrastructure_sizing_NP-\output\DCH_septiembre\Bateria_482\Costo_variable\Swap_restringido\Swap_variable_3estaciones_320kW_Descomp\station_1_d32_stage1\ELMO_log.txt"
Set parameter Threads to value 1
Set parameter Heuristics to value 0.5
Set parameter MIPFocus to value 3
Set parameter Presolve to value 2
Set parameter FlowCoverCuts to value 2
Gurobi Optimizer version 12.0.3 build v12.0.3rc0 (win64 - Windows 11+.0 (26200.2))

CPU model: Intel(R) Core(TM) i9-14900K, instruction set [SSE2|AVX|AVX2]
Thread count: 24 physical cores, 32 logical processors, using up to 1 threads

Non-default parameters:
TimeLimit  1200
MIPGap  0.05
Heuristics  0.5
MIPFocus  3
FlowCoverCuts  2
Presolve  2
Threads  1

Optimize a model with 26872 rows, 53707 columns and 244498 nonzeros
Model fingerprint: 0xf2160658
Variable types: 2099 continuous, 51608 integer (18485 binary)
Coefficient statistics:
  Matrix range     [1e+00, 4e+02]
  Objective range  [3e-03, 8e+04]
  Bounds range     [1e+00, 1e+01]
  RHS range        [1e+00, 1e+04]
     0     0 200310.390    0    9 327484.579 200310.390  38.8%     -    1s
Presolve removed 25517 rows and 44925 columns
Presolve time: 0.11s
Presolved: 1355 rows, 8782 columns, 28898 nonzeros
Variable types: 216 continuous, 8566 integer (8166 binary)
Root relaxation presolved: 1355 rows, 8782 columns, 28898 nonzeros

     0     0 200310.390    0    9 327484.579 200310.390  38.8%     -    1s

Use crossover to convert LP symmetric solution to basic solution...

Root relaxation: objective 2.002577e+05, 3959 iterations, 0.04 seconds (0.06 work units)
C:\Users\TECNO-MASTER\anaconda3\lib\site-packages\pandas\core\indexes\base.py:6999: FutureWarning: In a future version, the Index constructor will not infer numeric dtypes when passed object-dtype sequences (matching Series behavior)
  return Index(sequences[0], name=names)

    Nodes    |    Current Node    |     Objective Bounds      |     Work
 Expl Unexpl |  Obj  Depth IntInf | Incumbent    BestBd   Gap | It/Node Time

     0     0 200257.701    0   19          - 200257.701      -     -    0s
     0     0 200258.023    0   20          - 200258.023      -     -    0s
H    0     0                    328789.15308 200258.023  39.1%     -    0s
H    0     0                    328626.23340 200258.023  39.1%     -    0s
H    0     0                    326881.22080 200258.023  38.7%     -    0s
H    0     0                    326250.70309 200258.023  38.6%     -    0s
     0     0 200463.204    0    9 326250.703 200463.204  38.6%     -    0s
     0     2 200310.390    0    9 327484.579 200310.390  38.8%     -    2s
     0     0 200463.204    0    9 326250.703 200463.204  38.6%     -    0s
     0     0 200463.204    0   29 326250.703 200463.204  38.6%     -    0s
     0     0 200463.204    0   10 326250.703 200463.204  38.6%     -    1s
     0     0 200463.204    0   31 326250.703 200463.204  38.6%     -    1s
     0     0 200463.204    0   10 326250.703 200463.204  38.6%     -    1s
     0     0 200463.204    0   10 326250.703 200463.204  38.6%     -    1s
  [Fase 1 (infra libre)] estacion=station_1 dia=91 -> C:\Users\TECNO-MASTER\Desktop\Elmo_infrastructure_sizing_NP-\output\DCH_septiembre\Bateria_482\Costo_variable\Swap_restringido\Swap_variable_3estaciones_320kW_Descomp/station_1_d91_stage1
formulation time: 6.913022041320801
Set parameter OutputFlag to value 1
Set parameter OutputFlag to value 1
Set parameter LogToConsole to value 1
Set parameter MIPGap to value 0.05
Set parameter TimeLimit to value 1200
Set parameter LogFile to value "C:\Users\TECNO-MASTER\Desktop\Elmo_infrastructure_sizing_NP-\output\DCH_septiembre\Bateria_482\Costo_variable\Swap_restringido\Swap_variable_3estaciones_320kW_Descomp\station_1_d91_stage1\ELMO_log.txt"
Set parameter Threads to value 1
Set parameter Heuristics to value 0.5
Set parameter MIPFocus to value 3
Set parameter Presolve to value 2
Set parameter FlowCoverCuts to value 2
Gurobi Optimizer version 12.0.3 build v12.0.3rc0 (win64 - Windows 11+.0 (26200.2))

CPU model: Intel(R) Core(TM) i9-14900K, instruction set [SSE2|AVX|AVX2]
Thread count: 24 physical cores, 32 logical processors, using up to 1 threads

Non-default parameters:
TimeLimit  1200
MIPGap  0.05
Heuristics  0.5
MIPFocus  3
FlowCoverCuts  2
Presolve  2
Threads  1

Optimize a model with 26902 rows, 53707 columns and 244558 nonzeros
Model fingerprint: 0x7e45f636
Variable types: 2099 continuous, 51608 integer (18485 binary)
Coefficient statistics:
  Matrix range     [1e+00, 4e+02]
  Objective range  [1e-02, 8e+04]
  Bounds range     [1e+00, 1e+01]
  RHS range        [1e+00, 1e+04]
Presolve removed 25493 rows and 44900 columns
Presolve time: 0.12s
Presolved: 1409 rows, 8807 columns, 28904 nonzeros
Variable types: 216 continuous, 8591 integer (8166 binary)
Root relaxation presolved: 1409 rows, 8807 columns, 28904 nonzeros

C:\Users\TECNO-MASTER\anaconda3\lib\site-packages\pandas\core\indexes\base.py:6999: FutureWarning: In a future version, the Index constructor will not infer numeric dtypes when passed object-dtype sequences (matching Series behavior)
  return Index(sequences[0], name=names)

Use crossover to convert LP symmetric solution to basic solution...

Root relaxation: objective 2.185606e+05, 4004 iterations, 0.04 seconds (0.06 work units)
     0     2 200463.204    0   10 326250.703 200463.204  38.6%     -    1s

    Nodes    |    Current Node    |     Objective Bounds      |     Work
 Expl Unexpl |  Obj  Depth IntInf | Incumbent    BestBd   Gap | It/Node Time

     0     0 218560.557    0   61          - 218560.557      -     -    0s
     0     0 218560.557    0   65          - 218560.557      -     -    0s
     0     0 218564.205    0  100          - 218564.205      -     -    0s
     0     0 220888.522    0   97          - 220888.522      -     -    0s
     0     0 220888.522    0  110          - 220888.522      -     -    0s
     0     0 237628.941    0    9          - 237628.941      -     -    0s
     0     0 237628.941    0   15          - 237628.941      -     -    1s
     0     0 237628.941    0    9          - 237628.941      -     -    1s
     0     0 237628.941    0    9          - 237628.941      -     -    1s
H    0     0                    518817.60098 237628.941  54.2%     -    1s
H    0     0                    442017.60098 237628.941  46.2%     -    1s
H    0     0                    441390.49010 237628.941  46.2%     -    1s
H    0     0                    364590.49010 237628.941  34.8%     -    1s
H    0     0                    364552.78893 237628.941  34.8%     -    1s
H    0     0                    364249.32474 237628.941  34.8%     -    1s
H    0     0                    363945.86054 237628.941  34.7%     -    1s
H    0     0                    363774.64800 237628.941  34.7%     -    1s
H    0     0                    363724.41288 237628.941  34.7%     -    1s
     0     2 237628.941    0    9 363724.413 237628.941  34.7%     -    1s
C:\Users\TECNO-MASTER\anaconda3\lib\site-packages\pandas\core\indexes\base.py:6999: FutureWarning: In a future version, the Index constructor will not infer numeric dtypes when passed object-dtype sequences (matching Series behavior)
  return Index(sequences[0], name=names)
  [Fase 1 (infra libre)] estacion=station_1 dia=60 -> C:\Users\TECNO-MASTER\Desktop\Elmo_infrastructure_sizing_NP-\output\DCH_septiembre\Bateria_482\Costo_variable\Swap_restringido\Swap_variable_3estaciones_320kW_Descomp/station_1_d60_stage1
formulation time: 7.275026559829712
Set parameter OutputFlag to value 1
Set parameter OutputFlag to value 1
Set parameter LogToConsole to value 1
Set parameter MIPGap to value 0.05
Set parameter TimeLimit to value 1200
Set parameter LogFile to value "C:\Users\TECNO-MASTER\Desktop\Elmo_infrastructure_sizing_NP-\output\DCH_septiembre\Bateria_482\Costo_variable\Swap_restringido\Swap_variable_3estaciones_320kW_Descomp\station_1_d60_stage1\ELMO_log.txt"
Set parameter Threads to value 1
Set parameter Heuristics to value 0.5
Set parameter MIPFocus to value 3
Set parameter Presolve to value 2
Set parameter FlowCoverCuts to value 2
    48    50 200310.390   26   36 327484.579 200310.390  38.8%   206    5s
Gurobi Optimizer version 12.0.3 build v12.0.3rc0 (win64 - Windows 11+.0 (26200.2))

CPU model: Intel(R) Core(TM) i9-14900K, instruction set [SSE2|AVX|AVX2]
Thread count: 24 physical cores, 32 logical processors, using up to 1 threads

Non-default parameters:
TimeLimit  1200
MIPGap  0.05
Heuristics  0.5
MIPFocus  3
FlowCoverCuts  2
Presolve  2
Threads  1

Optimize a model with 26872 rows, 53707 columns and 244498 nonzeros
Model fingerprint: 0x02860283
Variable types: 2099 continuous, 51608 integer (18485 binary)
Coefficient statistics:
  Matrix range     [1e+00, 4e+02]
  Objective range  [9e-03, 8e+04]
  Bounds range     [1e+00, 1e+01]
  RHS range        [1e+00, 1e+04]
Presolve removed 25523 rows and 44931 columns
Presolve time: 0.12s
Presolved: 1349 rows, 8776 columns, 28784 nonzeros
Variable types: 216 continuous, 8560 integer (8166 binary)
Root relaxation presolved: 1349 rows, 8776 columns, 28784 nonzeros


Use crossover to convert LP symmetric solution to basic solution...

Root relaxation: objective 1.997478e+05, 3836 iterations, 0.05 seconds (0.06 work units)

    Nodes    |    Current Node    |     Objective Bounds      |     Work
 Expl Unexpl |  Obj  Depth IntInf | Incumbent    BestBd   Gap | It/Node Time

     0     0 199747.849    0   19          - 199747.849      -     -    0s
     0     0 199748.178    0   21          - 199748.178      -     -    0s
H    0     0                    327570.57639 199748.178  39.0%     -    0s
H    0     0                    327256.23328 199748.178  39.0%     -    0s
H    0     0                    327231.32944 199748.178  39.0%     -    0s
     0     0 199957.991    0   29 327231.329 199957.991  38.9%     -    0s
     0     0 199957.991    0   11 327231.329 199957.991  38.9%     -    1s
H    0     0                    327116.00248 199957.991  38.9%     -    1s
H    0     0                    326728.10431 199957.991  38.8%     -    1s
     0     0 199957.991    0    8 326728.104 199957.991  38.8%     -    1s
     0     0 199957.991    0   12 326728.104 199957.991  38.8%     -    1s
    78    80 200463.204   39   11 326250.703 200463.204  38.6%  58.2    5s
     0     0 199957.991    0   12 326728.104 199957.991  38.8%     -    1s
     0     0 199957.991    0   31 326728.104 199957.991  38.8%     -    1s
  [Fase 1 (infra libre)] estacion=station_1 dia=152 -> C:\Users\TECNO-MASTER\Desktop\Elmo_infrastructure_sizing_NP-\output\DCH_septiembre\Bateria_482\Costo_variable\Swap_restringido\Swap_variable_3estaciones_320kW_Descomp/station_1_d152_stage1
formulation time: 7.688805818557739
Set parameter OutputFlag to value 1
Set parameter OutputFlag to value 1
Set parameter LogToConsole to value 1
Set parameter MIPGap to value 0.05
Set parameter TimeLimit to value 1200
Set parameter LogFile to value "C:\Users\TECNO-MASTER\Desktop\Elmo_infrastructure_sizing_NP-\output\DCH_septiembre\Bateria_482\Costo_variable\Swap_restringido\Swap_variable_3estaciones_320kW_Descomp\station_1_d152_stage1\ELMO_log.txt"
Set parameter Threads to value 1
Set parameter Heuristics to value 0.5
Set parameter MIPFocus to value 3
Set parameter Presolve to value 2
Set parameter FlowCoverCuts to value 2
Gurobi Optimizer version 12.0.3 build v12.0.3rc0 (win64 - Windows 11+.0 (26200.2))

CPU model: Intel(R) Core(TM) i9-14900K, instruction set [SSE2|AVX|AVX2]
Thread count: 24 physical cores, 32 logical processors, using up to 1 threads

Non-default parameters:
TimeLimit  1200
MIPGap  0.05
Heuristics  0.5
MIPFocus  3
FlowCoverCuts  2
Presolve  2
Threads  1

Optimize a model with 26902 rows, 53707 columns and 244558 nonzeros
Model fingerprint: 0x11dad0db
Variable types: 2099 continuous, 51608 integer (18485 binary)
Coefficient statistics:
  Matrix range     [1e+00, 4e+02]
  Objective range  [1e-02, 8e+04]
  Bounds range     [1e+00, 1e+01]
  RHS range        [1e+00, 1e+04]
     0     0 199957.991    0   10 326728.104 199957.991  38.8%     -    1s
C:\Users\TECNO-MASTER\anaconda3\lib\site-packages\pandas\core\indexes\base.py:6999: FutureWarning: In a future version, the Index constructor will not infer numeric dtypes when passed object-dtype sequences (matching Series behavior)
  return Index(sequences[0], name=names)
Presolve removed 25512 rows and 44919 columns
Presolve time: 0.12s
Presolved: 1390 rows, 8788 columns, 28693 nonzeros
Variable types: 216 continuous, 8572 integer (8166 binary)
Root relaxation presolved: 1390 rows, 8788 columns, 28693 nonzeros


Use crossover to convert LP symmetric solution to basic solution...

Root relaxation: objective 2.186525e+05, 3524 iterations, 0.04 seconds (0.05 work units)

    Nodes    |    Current Node    |     Objective Bounds      |     Work
 Expl Unexpl |  Obj  Depth IntInf | Incumbent    BestBd   Gap | It/Node Time

     0     0 218652.473    0   50          - 218652.473      -     -    0s
     0     0 199957.991    0   10 326728.104 199957.991  38.8%     -    2s
     0     0 199957.991    0   10 326728.104 199957.991  38.8%     -    2s
     0     0 218656.151    0   58          - 218656.151      -     -    0s
H    0     0                    366048.63394 218656.151  40.3%     -    0s
H    0     0                    325853.93055 218660.082  32.9%     -    0s
H    0     0                    286899.86329 218660.082  23.8%     -    0s
     0     0 218660.082    0  100 286899.863 218660.082  23.8%     -    0s
H  104   104                    327479.95560 200310.390  38.8%   163    8s
H  104   104                    327472.78199 200310.390  38.8%   163    8s
     0     0 218660.082    0   74 286899.863 218660.082  23.8%     -    1s
    64    66 237628.941    8   33 363724.413 237628.941  34.7%   121    5s
     0     0 218660.082    0   74 286899.863 218660.082  23.8%     -    1s
H  104   104                    326152.10110 200463.204  38.5%  52.6    7s
H    0     0                    286863.15944 218660.082  23.8%     -    1s
     0     2 199957.991    0    8 326728.104 199957.991  38.8%     -    3s
     0     2 218660.082    0   69 286863.159 218660.082  23.8%     -    1s
  [Fase 1 (infra libre)] estacion=station_1 dia=121 -> C:\Users\TECNO-MASTER\Desktop\Elmo_infrastructure_sizing_NP-\output\DCH_septiembre\Bateria_482\Costo_variable\Swap_restringido\Swap_variable_3estaciones_320kW_Descomp/station_1_d121_stage1
formulation time: 8.100238561630249
Set parameter OutputFlag to value 1
Set parameter OutputFlag to value 1
Set parameter LogToConsole to value 1
Set parameter MIPGap to value 0.05
Set parameter TimeLimit to value 1200
Set parameter LogFile to value "C:\Users\TECNO-MASTER\Desktop\Elmo_infrastructure_sizing_NP-\output\DCH_septiembre\Bateria_482\Costo_variable\Swap_restringido\Swap_variable_3estaciones_320kW_Descomp\station_1_d121_stage1\ELMO_log.txt"
Set parameter Threads to value 1
Set parameter Heuristics to value 0.5
Set parameter MIPFocus to value 3
Set parameter Presolve to value 2
Set parameter FlowCoverCuts to value 2
Gurobi Optimizer version 12.0.3 build v12.0.3rc0 (win64 - Windows 11+.0 (26200.2))

CPU model: Intel(R) Core(TM) i9-14900K, instruction set [SSE2|AVX|AVX2]
Thread count: 24 physical cores, 32 logical processors, using up to 1 threads

Non-default parameters:
TimeLimit  1200
MIPGap  0.05
Heuristics  0.5
MIPFocus  3
FlowCoverCuts  2
Presolve  2
Threads  1

Optimize a model with 26902 rows, 53707 columns and 244558 nonzeros
Model fingerprint: 0x43483de8
Variable types: 2099 continuous, 51608 integer (18485 binary)
Coefficient statistics:
  Matrix range     [1e+00, 4e+02]
  Objective range  [8e-03, 8e+04]
  Bounds range     [1e+00, 1e+01]
  RHS range        [1e+00, 1e+04]
Presolve removed 25512 rows and 44919 columns
Presolve time: 0.12s
Presolved: 1390 rows, 8788 columns, 28693 nonzeros
Variable types: 216 continuous, 8572 integer (8166 binary)
C:\Users\TECNO-MASTER\anaconda3\lib\site-packages\pandas\core\indexes\base.py:6999: FutureWarning: In a future version, the Index constructor will not infer numeric dtypes when passed object-dtype sequences (matching Series behavior)
  return Index(sequences[0], name=names)
Root relaxation presolved: 1390 rows, 8788 columns, 28693 nonzeros


Use crossover to convert LP symmetric solution to basic solution...

Root relaxation: objective 2.166622e+05, 3411 iterations, 0.04 seconds (0.05 work units)

    Nodes    |    Current Node    |     Objective Bounds      |     Work
 Expl Unexpl |  Obj  Depth IntInf | Incumbent    BestBd   Gap | It/Node Time

     0     0 216662.220    0   60          - 216662.220      -     -    0s
     0     0 216662.220    0   65          - 216662.220      -     -    0s
     0     0 216665.845    0   93          - 216665.845      -     -    0s
     0     0 216675.412    0  104          - 216675.412      -     -    0s
     0     0 218975.462    0  104          - 218975.462      -     -    0s
H  104   104                    361910.75584 237628.941  34.3%  98.3    6s
   147   149 200310.390   76   23 327472.782 200310.390  38.8%   155   10s
    25    27 199957.991    6   20 326728.104 199957.991  38.8%   122    5s
     0     0 235936.790    0    9          - 235936.790      -     -    1s
H  182   182                    326149.96232 200463.204  38.5%  43.6    8s
     0     0 235936.790    0    9          - 235936.790      -     -    1s
H    0     0                    402228.64487 235936.790  41.3%     -    1s
     0     0 235936.790    0    9 402228.645 235936.790  41.3%     -    1s
H    0     0                    401695.29312 235936.790  41.3%     -    1s
H    0     0                    365160.61841 235936.790  35.4%     -    1s
H    0     0                    365160.51479 235936.790  35.4%     -    1s
H    0     0                    364955.92536 235936.790  35.4%     -    1s
H    0     0                    283932.71224 235936.790  16.9%     -    1s
H    0     0                    283932.68344 235936.790  16.9%     -    1s
H    0     0                    282384.79643 235936.790  16.4%     -    1s
H    0     0                    282180.20701 235936.790  16.4%     -    1s
H    0     0                    282180.17821 235936.790  16.4%     -    2s
  [Fase 1 (infra libre)] estacion=station_1 dia=213 -> C:\Users\TECNO-MASTER\Desktop\Elmo_infrastructure_sizing_NP-\output\DCH_septiembre\Bateria_482\Costo_variable\Swap_restringido\Swap_variable_3estaciones_320kW_Descomp/station_1_d213_stage1
formulation time: 8.515687227249146
Set parameter OutputFlag to value 1
Set parameter OutputFlag to value 1
Set parameter LogToConsole to value 1
Set parameter MIPGap to value 0.05
Set parameter TimeLimit to value 1200
Set parameter LogFile to value "C:\Users\TECNO-MASTER\Desktop\Elmo_infrastructure_sizing_NP-\output\DCH_septiembre\Bateria_482\Costo_variable\Swap_restringido\Swap_variable_3estaciones_320kW_Descomp\station_1_d213_stage1\ELMO_log.txt"
Set parameter Threads to value 1
Set parameter Heuristics to value 0.5
Set parameter MIPFocus to value 3
Set parameter Presolve to value 2
Set parameter FlowCoverCuts to value 2
Gurobi Optimizer version 12.0.3 build v12.0.3rc0 (win64 - Windows 11+.0 (26200.2))

CPU model: Intel(R) Core(TM) i9-14900K, instruction set [SSE2|AVX|AVX2]
Thread count: 24 physical cores, 32 logical processors, using up to 1 threads

Non-default parameters:
TimeLimit  1200
MIPGap  0.05
Heuristics  0.5
MIPFocus  3
FlowCoverCuts  2
Presolve  2
Threads  1

Optimize a model with 26902 rows, 53707 columns and 244558 nonzeros
Model fingerprint: 0x1cabed04
Variable types: 2099 continuous, 51608 integer (18485 binary)
Coefficient statistics:
  Matrix range     [1e+00, 4e+02]
  Objective range  [8e-03, 8e+04]
  Bounds range     [1e+00, 1e+01]
  RHS range        [1e+00, 1e+04]
Presolve removed 25487 rows and 44894 columns
Presolve time: 0.12s
Presolved: 1415 rows, 8813 columns, 29018 nonzeros
Variable types: 216 continuous, 8597 integer (8166 binary)
Root relaxation presolved: 1415 rows, 8813 columns, 29018 nonzeros

     0     2 235936.790    0    9 282180.178 235936.790  16.4%     -    2s

Use crossover to convert LP symmetric solution to basic solution...

Root relaxation: objective 2.182660e+05, 4255 iterations, 0.06 seconds (0.07 work units)
C:\Users\TECNO-MASTER\anaconda3\lib\site-packages\pandas\core\indexes\base.py:6999: FutureWarning: In a future version, the Index constructor will not infer numeric dtypes when passed object-dtype sequences (matching Series behavior)
  return Index(sequences[0], name=names)

    Nodes    |    Current Node    |     Objective Bounds      |     Work
 Expl Unexpl |  Obj  Depth IntInf | Incumbent    BestBd   Gap | It/Node Time

     0     0 218265.978    0   59          - 218265.978      -     -    0s
   216   218 200463.204   56    9 326149.962 200463.204  38.5%  42.7   10s
     0     0 218269.603    0   56          - 218269.603      -     -    0s
H    0     0                    365331.85085 218269.603  40.3%     -    0s
H    0     0                    365293.45002 218317.424  40.2%     -    0s
H    0     0                    326051.51315 218317.424  33.0%     -    0s
H    0     0                    324781.71761 218317.424  32.8%     -    0s
H    0     0                    322713.02941 218317.424  32.3%     -    0s
H    0     0                    285517.14592 218317.424  23.5%     -    1s
H    0     0                    285517.13283 218317.424  23.5%     -    1s
    52    54 236638.185   23   29 286863.159 236638.185  17.5%   122    5s
     0     0 218317.424    0  100 285517.133 218317.424  23.5%     -    1s
     0     0 218317.424    0   71 285517.133 218317.424  23.5%     -    1s
H  182   182                    326010.70357 200310.390  38.6%   136   12s
     0     0 218317.424    0   79 285517.133 218317.424  23.5%     -    1s
     0     0 218317.424    0   76 285517.133 218317.424  23.5%     -    1s
     0     0 218317.424    0   76 285517.133 218317.424  23.5%     -    1s
     0     2 218317.424    0   74 285517.133 218317.424  23.5%     -    2s
   184   186 237628.941   32   11 361910.756 237628.941  34.3%  67.9   10s
C:\Users\TECNO-MASTER\anaconda3\lib\site-packages\pandas\core\indexes\base.py:6999: FutureWarning: In a future version, the Index constructor will not infer numeric dtypes when passed object-dtype sequences (matching Series behavior)
  return Index(sequences[0], name=names)
  [Fase 1 (infra libre)] estacion=station_1 dia=182 -> C:\Users\TECNO-MASTER\Desktop\Elmo_infrastructure_sizing_NP-\output\DCH_septiembre\Bateria_482\Costo_variable\Swap_restringido\Swap_variable_3estaciones_320kW_Descomp/station_1_d182_stage1
formulation time: 9.255348443984985
Set parameter OutputFlag to value 1
Set parameter OutputFlag to value 1
Set parameter LogToConsole to value 1
Set parameter MIPGap to value 0.05
Set parameter TimeLimit to value 1200
Set parameter LogFile to value "C:\Users\TECNO-MASTER\Desktop\Elmo_infrastructure_sizing_NP-\output\DCH_septiembre\Bateria_482\Costo_variable\Swap_restringido\Swap_variable_3estaciones_320kW_Descomp\station_1_d182_stage1\ELMO_log.txt"
Set parameter Threads to value 1
Set parameter Heuristics to value 0.5
Set parameter MIPFocus to value 3
Set parameter Presolve to value 2
Set parameter FlowCoverCuts to value 2
Gurobi Optimizer version 12.0.3 build v12.0.3rc0 (win64 - Windows 11+.0 (26200.2))

CPU model: Intel(R) Core(TM) i9-14900K, instruction set [SSE2|AVX|AVX2]
Thread count: 24 physical cores, 32 logical processors, using up to 1 threads

Non-default parameters:
TimeLimit  1200
MIPGap  0.05
Heuristics  0.5
MIPFocus  3
FlowCoverCuts  2
Presolve  2
Threads  1

Optimize a model with 26902 rows, 53707 columns and 244558 nonzeros
Model fingerprint: 0x7cf108d3
Variable types: 2099 continuous, 51608 integer (18485 binary)
Coefficient statistics:
  Matrix range     [1e+00, 4e+02]
  Objective range  [1e-02, 8e+04]
  Bounds range     [1e+00, 1e+01]
  RHS range        [1e+00, 1e+04]
H  260   260                    326147.82355 200463.204  38.5%  43.8   11s
Presolve removed 25512 rows and 44919 columns
Presolve time: 0.12s
Presolved: 1390 rows, 8788 columns, 28693 nonzeros
Variable types: 216 continuous, 8572 integer (8166 binary)
Root relaxation presolved: 1390 rows, 8788 columns, 28693 nonzeros


Use crossover to convert LP symmetric solution to basic solution...

Root relaxation: objective 2.188795e+05, 3532 iterations, 0.05 seconds (0.05 work units)
H   78    78                    326556.17844 199957.991  38.8%   106    8s

    Nodes    |    Current Node    |     Objective Bounds      |     Work
 Expl Unexpl |  Obj  Depth IntInf | Incumbent    BestBd   Gap | It/Node Time

     0     0 218879.484    0   54          - 218879.484      -     -    0s
    46    48 235936.790   17   44 282180.178 235936.790  16.4%   134    5s
     0     0 218883.153    0   60          - 218883.153      -     -    0s
H    0     0                    366071.52816 218883.153  40.2%     -    0s
H    0     0                    327238.60909 218911.519  33.1%     -    0s
H    0     0                    325825.43544 218911.519  32.8%     -    0s
H    0     0                    286963.18076 218911.519  23.7%     -    0s
     0     0 218911.519    0   97 286963.181 218911.519  23.7%     -    0s
  [Fase 1 (infra libre)] estacion=station_1 dia=244 -> C:\Users\TECNO-MASTER\Desktop\Elmo_infrastructure_sizing_NP-\output\DCH_septiembre\Bateria_482\Costo_variable\Swap_restringido\Swap_variable_3estaciones_320kW_Descomp/station_1_d244_stage1
formulation time: 8.809018850326538
Set parameter OutputFlag to value 1
Set parameter OutputFlag to value 1
Set parameter LogToConsole to value 1
Set parameter MIPGap to value 0.05
Set parameter TimeLimit to value 1200
Set parameter LogFile to value "C:\Users\TECNO-MASTER\Desktop\Elmo_infrastructure_sizing_NP-\output\DCH_septiembre\Bateria_482\Costo_variable\Swap_restringido\Swap_variable_3estaciones_320kW_Descomp\station_1_d244_stage1\ELMO_log.txt"
Set parameter Threads to value 1
Set parameter Heuristics to value 0.5
Set parameter MIPFocus to value 3
Set parameter Presolve to value 2
Set parameter FlowCoverCuts to value 2
Gurobi Optimizer version 12.0.3 build v12.0.3rc0 (win64 - Windows 11+.0 (26200.2))

CPU model: Intel(R) Core(TM) i9-14900K, instruction set [SSE2|AVX|AVX2]
Thread count: 24 physical cores, 32 logical processors, using up to 1 threads

Non-default parameters:
TimeLimit  1200
MIPGap  0.05
Heuristics  0.5
MIPFocus  3
FlowCoverCuts  2
Presolve  2
Threads  1

Optimize a model with 26902 rows, 53707 columns and 244558 nonzeros
Model fingerprint: 0x8a7aec1c
Variable types: 2099 continuous, 51608 integer (18485 binary)
Coefficient statistics:
  Matrix range     [1e+00, 4e+02]
  Objective range  [8e-03, 8e+04]
  Bounds range     [1e+00, 1e+01]
  RHS range        [1e+00, 1e+04]
     0     0 218911.519    0   63 286963.181 218911.519  23.7%     -    1s
     0     0 218911.519    0   63 286963.181 218911.519  23.7%     -    1s
Presolve removed 25493 rows and 44900 columns
Presolve time: 0.12s
Presolved: 1409 rows, 8807 columns, 28904 nonzeros
Variable types: 216 continuous, 8591 integer (8166 binary)
H    0     0                    284777.66949 218911.519  23.1%     -    1s
Root relaxation presolved: 1409 rows, 8807 columns, 28904 nonzeros


Use crossover to convert LP symmetric solution to basic solution...
H    0     0                    284677.56218 218911.519  23.1%     -    1s

Root relaxation: objective 2.176490e+05, 4098 iterations, 0.05 seconds (0.07 work units)
     0     2 218911.519    0   63 284677.562 218911.519  23.1%     -    1s

    Nodes    |    Current Node    |     Objective Bounds      |     Work
 Expl Unexpl |  Obj  Depth IntInf | Incumbent    BestBd   Gap | It/Node Time

     0     0 217649.044    0   63          - 217649.044      -     -    0s
   238   238 200310.390  121   21 326010.704 200310.390  38.6%   112   15s
   105   107 199957.991   29   13 326556.178 199957.991  38.8%  82.2   10s
H  243   241                    283374.70357 200310.390  29.3%   110   15s
     0     0 217652.699    0   71          - 217652.699      -     -    0s
     0     0 217685.948    0  102          - 217685.948      -     -    0s
C:\Users\TECNO-MASTER\anaconda3\lib\site-packages\pandas\core\indexes\base.py:6999: FutureWarning: In a future version, the Index constructor will not infer numeric dtypes when passed object-dtype sequences (matching Series behavior)
  return Index(sequences[0], name=names)
     0     0 217685.948    0   95          - 217685.948      -     -    1s
     0     0 217685.948    0   94          - 217685.948      -     -    1s
H  208   208                    361630.67361 237628.941  34.3%  62.0   12s
    31    33 237500.914   10   25 285517.133 237500.914  16.8%   155    5s
H    0     0                    283943.79022 217685.948  23.3%     -    1s
H    0     0                    283897.41572 217685.948  23.3%     -    1s
     0     2 217685.948    0   85 283897.416 217685.948  23.3%     -    1s
   345   347 200463.204   46   12 326147.824 200463.204  38.5%  43.8   15s
H  162   162                    286863.13454 236638.185  17.5%  74.0   10s
  [Fase 1 (infra libre)] estacion=station_1 dia=274 -> C:\Users\TECNO-MASTER\Desktop\Elmo_infrastructure_sizing_NP-\output\DCH_septiembre\Bateria_482\Costo_variable\Swap_restringido\Swap_variable_3estaciones_320kW_Descomp/station_1_d274_stage1
formulation time: 9.796397686004639
Set parameter OutputFlag to value 1
Set parameter OutputFlag to value 1
Set parameter LogToConsole to value 1
Set parameter MIPGap to value 0.05
Set parameter TimeLimit to value 1200
Set parameter LogFile to value "C:\Users\TECNO-MASTER\Desktop\Elmo_infrastructure_sizing_NP-\output\DCH_septiembre\Bateria_482\Costo_variable\Swap_restringido\Swap_variable_3estaciones_320kW_Descomp\station_1_d274_stage1\ELMO_log.txt"
Set parameter Threads to value 1
Set parameter Heuristics to value 0.5
Set parameter MIPFocus to value 3
Set parameter Presolve to value 2
Set parameter FlowCoverCuts to value 2
Gurobi Optimizer version 12.0.3 build v12.0.3rc0 (win64 - Windows 11+.0 (26200.2))

CPU model: Intel(R) Core(TM) i9-14900K, instruction set [SSE2|AVX|AVX2]
Thread count: 24 physical cores, 32 logical processors, using up to 1 threads

Non-default parameters:
TimeLimit  1200
MIPGap  0.05
Heuristics  0.5
MIPFocus  3
FlowCoverCuts  2
Presolve  2
Threads  1

Optimize a model with 26872 rows, 53707 columns and 244498 nonzeros
Model fingerprint: 0x73b86c32
Variable types: 2099 continuous, 51608 integer (18485 binary)
Coefficient statistics:
  Matrix range     [1e+00, 4e+02]
  Objective range  [4e-03, 8e+04]
  Bounds range     [1e+00, 1e+01]
  RHS range        [1e+00, 1e+04]
Presolve removed 25530 rows and 44938 columns
Presolve time: 0.15s
Presolved: 1342 rows, 8769 columns, 28714 nonzeros
Variable types: 216 continuous, 8553 integer (8166 binary)
Root relaxation presolved: 1342 rows, 8769 columns, 28714 nonzeros


Use crossover to convert LP symmetric solution to basic solution...

Root relaxation: objective 1.993158e+05, 3543 iterations, 0.05 seconds (0.05 work units)

    Nodes    |    Current Node    |     Objective Bounds      |     Work
 Expl Unexpl |  Obj  Depth IntInf | Incumbent    BestBd   Gap | It/Node Time

     0     0 199315.770    0   18          - 199315.770      -     -    0s
C:\Users\TECNO-MASTER\anaconda3\lib\site-packages\pandas\core\indexes\base.py:6999: FutureWarning: In a future version, the Index constructor will not infer numeric dtypes when passed object-dtype sequences (matching Series behavior)
  return Index(sequences[0], name=names)
     0     0 199523.975    0   10          - 199523.975      -     -    0s
  [Fase 1 (infra libre)] estacion=station_1 dia=335 -> C:\Users\TECNO-MASTER\Desktop\Elmo_infrastructure_sizing_NP-\output\DCH_septiembre\Bateria_482\Costo_variable\Swap_restringido\Swap_variable_3estaciones_320kW_Descomp/station_1_d335_stage1
formulation time: 9.375620126724243
Set parameter OutputFlag to value 1
Set parameter OutputFlag to value 1
Set parameter LogToConsole to value 1
Set parameter MIPGap to value 0.05
Set parameter TimeLimit to value 1200
Set parameter LogFile to value "C:\Users\TECNO-MASTER\Desktop\Elmo_infrastructure_sizing_NP-\output\DCH_septiembre\Bateria_482\Costo_variable\Swap_restringido\Swap_variable_3estaciones_320kW_Descomp\station_1_d335_stage1\ELMO_log.txt"
Set parameter Threads to value 1
Set parameter Heuristics to value 0.5
Set parameter MIPFocus to value 3
Set parameter Presolve to value 2
Set parameter FlowCoverCuts to value 2
Gurobi Optimizer version 12.0.3 build v12.0.3rc0 (win64 - Windows 11+.0 (26200.2))

CPU model: Intel(R) Core(TM) i9-14900K, instruction set [SSE2|AVX|AVX2]
Thread count: 24 physical cores, 32 logical processors, using up to 1 threads

Non-default parameters:
TimeLimit  1200
MIPGap  0.05
Heuristics  0.5
MIPFocus  3
FlowCoverCuts  2
Presolve  2
Threads  1

Optimize a model with 26872 rows, 53707 columns and 244498 nonzeros
Model fingerprint: 0xe228da51
Variable types: 2099 continuous, 51608 integer (18485 binary)
Coefficient statistics:
  Matrix range     [1e+00, 4e+02]
  Objective range  [4e-03, 8e+04]
  Bounds range     [1e+00, 1e+01]
  RHS range        [1e+00, 1e+04]
     0     0 199523.975    0   12          - 199523.975      -     -    1s
H    0     0                    285567.77320 199523.975  30.1%     -    1s
H    0     0                    285262.59797 199523.975  30.1%     -    1s
   234   236 237628.941   33   23 361630.674 237628.941  34.3%  59.0   15s
H    0     0                    284465.39230 199523.975  29.9%     -    1s
H    0     0                    284460.60352 199523.975  29.9%     -    1s
    52    54 236986.679   11   22 284677.562 236986.679  16.8%   118    5s
Presolve removed 25517 rows and 44925 columns
Presolve time: 0.14s
Presolved: 1355 rows, 8782 columns, 28898 nonzeros
Variable types: 216 continuous, 8566 integer (8166 binary)
Root relaxation presolved: 1355 rows, 8782 columns, 28898 nonzeros


Use crossover to convert LP symmetric solution to basic solution...

Root relaxation: objective 1.985272e+05, 3947 iterations, 0.06 seconds (0.06 work units)
   182   184 235936.790   36   23 282180.178 235936.790  16.4%  84.3   10s
     0     0 199523.975    0    7 284460.604 199523.975  29.9%     -    1s

    Nodes    |    Current Node    |     Objective Bounds      |     Work
 Expl Unexpl |  Obj  Depth IntInf | Incumbent    BestBd   Gap | It/Node Time

     0     0 198527.242    0   18          - 198527.242      -     -    0s
H  243   243                    326630.67361 237628.941  27.2%  58.0   15s
     0     0 199523.975    0   20 284460.604 199523.975  29.9%     -    1s
     0     0 198786.076    0   12          - 198786.076      -     -    0s
H  216   216                    286863.13384 236638.185  17.5%  66.2   12s
     0     0 198786.076    0   21          - 198786.076      -     -    0s
     0     0 199523.975    0   12 284460.604 199523.975  29.9%     -    2s
    52    54 236961.545   22   15 283897.416 236961.545  16.5%  69.3    5s
     0     0 199523.975    0    7 284460.604 199523.975  29.9%     -    2s
     0     0 198786.076    0   10          - 198786.076      -     -    1s
     0     0 198786.076    0   14          - 198786.076      -     -    1s
     0     2 199523.975    0    7 284460.604 199523.975  29.9%     -    2s
   455   425 200310.390  223   17 283374.704 200310.390  29.3%  74.9   20s
     0     0 198786.076    0   12          - 198786.076      -     -    1s
   173   175 199957.991   48    9 326556.178 199957.991  38.8%  63.0   15s
     0     0 198786.076    0   46          - 198786.076      -     -    1s
C:\Users\TECNO-MASTER\anaconda3\lib\site-packages\pandas\core\indexes\base.py:6999: FutureWarning: In a future version, the Index constructor will not infer numeric dtypes when passed object-dtype sequences (matching Series behavior)
  return Index(sequences[0], name=names)
     0     0 198786.076    0    6          - 198786.076      -     -    1s
     0     0 198786.076    0   33          - 198786.076      -     -    1s
     0     0 198786.076    0    9          - 198786.076      -     -    2s
     0     0 198786.076    0    9          - 198786.076      -     -    2s
   104   106 237500.914   24   12 285517.133 237500.914  16.8%   134   10s
H    0     0                    489797.00135 198786.076  59.4%     -    2s
H    0     0                    362014.50037 198786.076  45.1%     -    2s
H    0     0                    327014.50037 198786.076  39.2%     -    2s
H  433   433                    326083.68008 200463.204  38.5%  44.3   19s
     0     2 198786.076    0    9 327014.500 198786.076  39.2%     -    3s
   293   295 236638.185   41   15 286863.134 236638.185  17.5%  58.0   15s
H    9     9                    327009.89517 198786.076  39.2%   217    3s
H  433   433                    326080.16640 200463.204  38.5%  44.3   20s
    30    32 199523.975   11   15 284460.604 199523.975  29.9%  65.6    5s
  [Fase 1 (infra libre)] estacion=station_2 dia=91 -> C:\Users\TECNO-MASTER\Desktop\Elmo_infrastructure_sizing_NP-\output\DCH_septiembre\Bateria_482\Costo_variable\Swap_restringido\Swap_variable_3estaciones_320kW_Descomp/station_2_d91_stage1
formulation time: 11.051804065704346
Set parameter OutputFlag to value 1
Set parameter OutputFlag to value 1
Set parameter LogToConsole to value 1
Set parameter MIPGap to value 0.05
Set parameter TimeLimit to value 1200
Set parameter LogFile to value "C:\Users\TECNO-MASTER\Desktop\Elmo_infrastructure_sizing_NP-\output\DCH_septiembre\Bateria_482\Costo_variable\Swap_restringido\Swap_variable_3estaciones_320kW_Descomp\station_2_d91_stage1\ELMO_log.txt"
Set parameter Threads to value 1
Set parameter Heuristics to value 0.5
Set parameter MIPFocus to value 3
Set parameter Presolve to value 2
Set parameter FlowCoverCuts to value 2
Gurobi Optimizer version 12.0.3 build v12.0.3rc0 (win64 - Windows 11+.0 (26200.2))

CPU model: Intel(R) Core(TM) i9-14900K, instruction set [SSE2|AVX|AVX2]
Thread count: 24 physical cores, 32 logical processors, using up to 1 threads

Non-default parameters:
TimeLimit  1200
MIPGap  0.05
Heuristics  0.5
MIPFocus  3
FlowCoverCuts  2
Presolve  2
Threads  1

Optimize a model with 26932 rows, 54733 columns and 249610 nonzeros
Model fingerprint: 0x78040c9e
Variable types: 2129 continuous, 52604 integer (19481 binary)
Coefficient statistics:
  Matrix range     [1e+00, 4e+02]
  Objective range  [1e-02, 8e+04]
  Bounds range     [1e+00, 1e+01]
  RHS range        [1e+00, 1e+04]
C:\Users\TECNO-MASTER\anaconda3\lib\site-packages\pandas\core\indexes\base.py:6999: FutureWarning: In a future version, the Index constructor will not infer numeric dtypes when passed object-dtype sequences (matching Series behavior)
  return Index(sequences[0], name=names)
H   26    26                    327005.23937 198786.076  39.2%   135    4s
Presolve removed 25517 rows and 45411 columns
Presolve time: 0.15s
Presolved: 1415 rows, 9322 columns, 30534 nonzeros
Variable types: 216 continuous, 9106 integer (8676 binary)
Root relaxation presolved: 1415 rows, 9322 columns, 30534 nonzeros


Use crossover to convert LP symmetric solution to basic solution...

Root relaxation: objective 2.259145e+05, 4034 iterations, 0.06 seconds (0.06 work units)
   364   366 237628.941  120   19 326630.674 237628.941  27.2%  48.0   20s

    Nodes    |    Current Node    |     Objective Bounds      |     Work
 Expl Unexpl |  Obj  Depth IntInf | Incumbent    BestBd   Gap | It/Node Time

     0     0 225914.474    0   59          - 225914.474      -     -    0s
   117   119 236986.679   26   13 284677.562 236986.679  16.8%  80.3   10s
    36    38 198786.076   18   17 327005.239 198786.076  39.2%   120    5s
     0     0 242678.741    0   55          - 242678.741      -     -    0s
H    0     0                    365954.71753 242678.741  33.7%     -    0s
H    0     0                    286259.18129 242754.315  15.2%     -    1s
     0     0 242754.315    0   61 286259.181 242754.315  15.2%     -    1s
     0     0          -    0      286259.181 278579.300  2.68%     -    1s

Cutting planes:
  Gomory: 13
  Projected implied bound: 1
  Flow cover: 4
  Zero half: 1
  RLT: 3

Explored 1 nodes (6755 simplex iterations) in 1.10 seconds (1.37 work units)
Thread count was 1 (of 32 available processors)

Solution count 2: 286259 365955 

Optimal solution found (tolerance 5.00e-02)
Best objective 2.862591812871e+05, best bound 2.785792995729e+05, gap 2.6828%
   300   302 235936.790   47   13 282180.178 235936.790  16.4%  68.4   15s
H  459   459                    325910.83041 200463.204  38.5%  60.3   22s
H  156   156                    285494.51111 237500.914  16.8%  97.6   13s
H   52    52                    326928.31592 198786.076  39.2%  96.8    5s
H  459   459                    325900.03462 200463.204  38.5%  60.3   22s
H  558   463                    283358.84335 200310.390  29.3%  66.1   24s
   156   158 236961.545   23   20 283897.416 236961.545  16.5%  59.9   10s
   293   295 199957.991   51    9 326556.178 199957.991  38.8%  54.2   20s
  [Fase 1 (infra libre)] estacion=station_2 dia=121 -> C:\Users\TECNO-MASTER\Desktop\Elmo_infrastructure_sizing_NP-\output\DCH_septiembre\Bateria_482\Costo_variable\Swap_restringido\Swap_variable_3estaciones_320kW_Descomp/station_2_d121_stage1
formulation time: 11.333271980285645
Set parameter OutputFlag to value 1
Set parameter OutputFlag to value 1
Set parameter LogToConsole to value 1
Set parameter MIPGap to value 0.05
Set parameter TimeLimit to value 1200
Set parameter LogFile to value "C:\Users\TECNO-MASTER\Desktop\Elmo_infrastructure_sizing_NP-\output\DCH_septiembre\Bateria_482\Costo_variable\Swap_restringido\Swap_variable_3estaciones_320kW_Descomp\station_2_d121_stage1\ELMO_log.txt"
Set parameter Threads to value 1
Set parameter Heuristics to value 0.5
Set parameter MIPFocus to value 3
Set parameter Presolve to value 2
Set parameter FlowCoverCuts to value 2
C:\Users\TECNO-MASTER\anaconda3\lib\site-packages\pandas\core\indexes\base.py:6999: FutureWarning: In a future version, the Index constructor will not infer numeric dtypes when passed object-dtype sequences (matching Series behavior)
  return Index(sequences[0], name=names)
   560   464 200310.390  232    6 283358.843 200310.390  29.3%  65.8   25s
Gurobi Optimizer version 12.0.3 build v12.0.3rc0 (win64 - Windows 11+.0 (26200.2))

CPU model: Intel(R) Core(TM) i9-14900K, instruction set [SSE2|AVX|AVX2]
Thread count: 24 physical cores, 32 logical processors, using up to 1 threads

Non-default parameters:
TimeLimit  1200
MIPGap  0.05
Heuristics  0.5
MIPFocus  3
FlowCoverCuts  2
Presolve  2
Threads  1

Optimize a model with 26932 rows, 54733 columns and 249610 nonzeros
Model fingerprint: 0x8a3b1166
Variable types: 2129 continuous, 52604 integer (19481 binary)
Coefficient statistics:
  Matrix range     [1e+00, 4e+02]
  Objective range  [8e-03, 8e+04]
  Bounds range     [1e+00, 1e+01]
  RHS range        [1e+00, 1e+04]
Presolve removed 25536 rows and 45430 columns
Presolve time: 0.16s
Presolved: 1396 rows, 9303 columns, 30323 nonzeros
Variable types: 216 continuous, 9087 integer (8676 binary)
Root relaxation presolved: 1396 rows, 9303 columns, 30323 nonzeros


Use crossover to convert LP symmetric solution to basic solution...

Root relaxation: objective 2.239696e+05, 4098 iterations, 0.05 seconds (0.07 work units)
   183   185 237500.914   38   10 285494.511 237500.914  16.8%  86.7   15s

    Nodes    |    Current Node    |     Objective Bounds      |     Work
 Expl Unexpl |  Obj  Depth IntInf | Incumbent    BestBd   Gap | It/Node Time

     0     0 223969.630    0   56          - 223969.630      -     -    0s
     0     0 240627.879    0   52          - 240627.879      -     -    0s
     0     0 276789.186    0   53          - 276789.186      -     -    1s
H    0     0                    320500.22325 276789.186  13.6%     -    1s
H    0     0                    320026.82129 276789.186  13.5%     -    1s
H    0     0                    319887.20474 276789.186  13.5%     -    1s
   381   383 236638.185   56   15 286863.134 236638.185  17.5%  53.4   20s
     0     0 276789.186    0   73 319887.205 276789.186  13.5%     -    1s
     0     0 276860.196    0   66 319887.205 276860.196  13.5%     -    1s
   494   496 200463.204   87   11 325900.035 200463.204  38.5%  68.2   26s
H  390   390                    284504.80885 236638.185  16.8%  52.7   20s
H  390   390                    284476.99983 236638.185  16.8%  52.7   20s
     0     0 276860.196    0   62 319887.205 276860.196  13.5%     -    2s
  [Fase 1 (infra libre)] estacion=station_1 dia=305 -> C:\Users\TECNO-MASTER\Desktop\Elmo_infrastructure_sizing_NP-\output\DCH_septiembre\Bateria_482\Costo_variable\Swap_restringido\Swap_variable_3estaciones_320kW_Descomp/station_1_d305_stage1
formulation time: 11.460336208343506
Set parameter OutputFlag to value 1
Set parameter OutputFlag to value 1
Set parameter LogToConsole to value 1
Set parameter MIPGap to value 0.05
Set parameter TimeLimit to value 1200
Set parameter LogFile to value "C:\Users\TECNO-MASTER\Desktop\Elmo_infrastructure_sizing_NP-\output\DCH_septiembre\Bateria_482\Costo_variable\Swap_restringido\Swap_variable_3estaciones_320kW_Descomp\station_1_d305_stage1\ELMO_log.txt"
Set parameter Threads to value 1
Set parameter Heuristics to value 0.5
Set parameter MIPFocus to value 3
Set parameter Presolve to value 2
Set parameter FlowCoverCuts to value 2
Gurobi Optimizer version 12.0.3 build v12.0.3rc0 (win64 - Windows 11+.0 (26200.2))

CPU model: Intel(R) Core(TM) i9-14900K, instruction set [SSE2|AVX|AVX2]
Thread count: 24 physical cores, 32 logical processors, using up to 1 threads

Non-default parameters:
TimeLimit  1200
MIPGap  0.05
Heuristics  0.5
MIPFocus  3
FlowCoverCuts  2
Presolve  2
Threads  1

Optimize a model with 26872 rows, 53707 columns and 244498 nonzeros
Model fingerprint: 0x278db181
Variable types: 2099 continuous, 51608 integer (18485 binary)
Coefficient statistics:
  Matrix range     [1e+00, 4e+02]
  Objective range  [1e-01, 8e+04]
  Bounds range     [1e+00, 1e+01]
  RHS range        [1e+00, 1e+04]
H    0     0                    282143.35257 276883.866  1.86%     -    2s

Cutting planes:
  Gomory: 17
  Flow cover: 1

Explored 1 nodes (10855 simplex iterations) in 2.28 seconds (3.09 work units)
Thread count was 1 (of 32 available processors)

Solution count 4: 282143 319887 320027 320500 

Optimal solution found (tolerance 5.00e-02)
Best objective 2.821433525729e+05, best bound 2.768838659122e+05, gap 1.8641%
Presolve removed 25517 rows and 44925 columns
Presolve time: 0.17s
Presolved: 1355 rows, 8782 columns, 28898 nonzeros
Variable types: 216 continuous, 8566 integer (8166 binary)
Root relaxation presolved: 1355 rows, 8782 columns, 28898 nonzeros


Use crossover to convert LP symmetric solution to basic solution...

Root relaxation: objective 1.987741e+05, 4036 iterations, 0.07 seconds (0.06 work units)
   476   478 237628.941   57    8 326630.674 237628.941  27.2%  42.9   25s
C:\Users\TECNO-MASTER\anaconda3\lib\site-packages\pandas\core\indexes\base.py:6999: FutureWarning: In a future version, the Index constructor will not infer numeric dtypes when passed object-dtype sequences (matching Series behavior)
  return Index(sequences[0], name=names)
   104   106 199523.975   25    9 284460.604 199523.975  29.9%  47.2   10s

    Nodes    |    Current Node    |     Objective Bounds      |     Work
 Expl Unexpl |  Obj  Depth IntInf | Incumbent    BestBd   Gap | It/Node Time

     0     0 198774.144    0   20          - 198774.144      -     -    0s
   192   194 236986.679   44   24 284677.562 236986.679  16.8%  75.0   15s
H  563   443                    283355.57135 200310.390  29.3%  65.5   28s
H  358   358                    325487.19841 199957.991  38.6%  51.6   23s
   132   134 198786.076   30   11 326928.316 198786.076  39.2%  77.9   10s
     0     0 198774.144    0   23          - 198774.144      -     -    0s
     0     0 198933.039    0   41          - 198933.039      -     -    1s
   486   488 235936.790   18   10 282180.178 235936.790  16.4%  64.2   20s
     0     0 198933.039    0    8          - 198933.039      -     -    1s
H    0     0                    326633.39038 198933.039  39.1%     -    1s
H    0     0                    326630.60972 198933.039  39.1%     -    1s
     0     0 198933.039    0   27 326630.610 198933.039  39.1%     -    1s
   251   253 236961.545   45   26 283897.416 236961.545  16.5%  55.0   15s
     0     0 198933.039    0   10 326630.610 198933.039  39.1%     -    1s
     0     0 198933.039    0   23 326630.610 198933.039  39.1%     -    1s
   572   449 200310.390   98    9 283355.571 200310.390  29.3%  64.4   30s
   382   384 199957.991   66   34 325487.198 199957.991  38.6%  55.2   25s
     0     0 198933.039    0   12 326630.610 198933.039  39.1%     -    2s
     0     0 198933.039    0   10 326630.610 198933.039  39.1%     -    2s
H    0     0                    326314.23069 198933.039  39.0%     -    2s
     0     2 198933.039    0   10 326314.231 198933.039  39.0%     -    3s
C:\Users\TECNO-MASTER\anaconda3\lib\site-packages\pandas\core\indexes\base.py:6999: FutureWarning: In a future version, the Index constructor will not infer numeric dtypes when passed object-dtype sequences (matching Series behavior)
  return Index(sequences[0], name=names)
   260   262 237500.914   49   12 285494.511 237500.914  16.8%  69.0   20s
   518   517 200463.204   44   22 325900.035 200463.204  38.5%  74.0   30s
  [Fase 1 (infra libre)] estacion=station_2 dia=32 -> C:\Users\TECNO-MASTER\Desktop\Elmo_infrastructure_sizing_NP-\output\DCH_septiembre\Bateria_482\Costo_variable\Swap_restringido\Swap_variable_3estaciones_320kW_Descomp/station_2_d32_stage1
formulation time: 13.232441902160645
Set parameter OutputFlag to value 1
Set parameter OutputFlag to value 1
Set parameter LogToConsole to value 1
Set parameter MIPGap to value 0.05
Set parameter TimeLimit to value 1200
Set parameter LogFile to value "C:\Users\TECNO-MASTER\Desktop\Elmo_infrastructure_sizing_NP-\output\DCH_septiembre\Bateria_482\Costo_variable\Swap_restringido\Swap_variable_3estaciones_320kW_Descomp\station_2_d32_stage1\ELMO_log.txt"
Set parameter Threads to value 1
Set parameter Heuristics to value 0.5
Set parameter MIPFocus to value 3
Set parameter Presolve to value 2
Set parameter FlowCoverCuts to value 2
Gurobi Optimizer version 12.0.3 build v12.0.3rc0 (win64 - Windows 11+.0 (26200.2))

CPU model: Intel(R) Core(TM) i9-14900K, instruction set [SSE2|AVX|AVX2]
Thread count: 24 physical cores, 32 logical processors, using up to 1 threads

Non-default parameters:
TimeLimit  1200
MIPGap  0.05
Heuristics  0.5
MIPFocus  3
FlowCoverCuts  2
Presolve  2
Threads  1

Optimize a model with 26902 rows, 54733 columns and 249550 nonzeros
Model fingerprint: 0x5fd98dd7
Variable types: 2129 continuous, 52604 integer (19481 binary)
Coefficient statistics:
  Matrix range     [1e+00, 4e+02]
  Objective range  [3e-03, 8e+04]
  Bounds range     [1e+00, 1e+01]
  RHS range        [1e+00, 1e+04]
   486   488 236638.185   74   26 284477.000 236638.185  16.8%  48.5   25s
Presolve removed 25541 rows and 45436 columns
Presolve time: 0.18s
Presolved: 1361 rows, 9297 columns, 30528 nonzeros
Variable types: 216 continuous, 9081 integer (8676 binary)
Root relaxation presolved: 1361 rows, 9297 columns, 30528 nonzeros


Use crossover to convert LP symmetric solution to basic solution...

Root relaxation: objective 2.054585e+05, 4278 iterations, 0.07 seconds (0.07 work units)
   186   188 199523.975   24   15 284460.604 199523.975  29.9%  66.6   15s

    Nodes    |    Current Node    |     Objective Bounds      |     Work
 Expl Unexpl |  Obj  Depth IntInf | Incumbent    BestBd   Gap | It/Node Time

     0     0 205458.498    0   67          - 205458.498      -     -    0s
    24    26 198933.039   12   34 326314.231 198933.039  39.0%   153    5s
     0     0 222120.502    0   61          - 222120.502      -     -    1s
H    0     0                    329999.16066 222120.502  32.7%     -    1s
H  410   410                    325337.68939 199957.991  38.5%  54.4   27s
H    0     0                    287047.53931 222152.556  22.6%     -    1s
     0     0          -    0      287047.539 281572.931  1.91%     -    1s

Cutting planes:
  Gomory: 13
  Flow cover: 3
  RLT: 1

Explored 1 nodes (8408 simplex iterations) in 1.43 seconds (1.79 work units)
Thread count was 1 (of 32 available processors)

Solution count 2: 287048 329999 

Optimal solution found (tolerance 5.00e-02)
Best objective 2.870475393075e+05, best bound 2.815729311159e+05, gap 1.9072%
   267   269 236986.679   39   24 284677.562 236986.679  16.8%  94.8   20s
   519   518 237628.941   10   14 326630.674 237628.941  27.2%  41.0   30s
   228   230 198786.076   58   12 326928.316 198786.076  39.2%  56.8   15s
  [Fase 1 (infra libre)] estacion=station_2 dia=60 -> C:\Users\TECNO-MASTER\Desktop\Elmo_infrastructure_sizing_NP-\output\DCH_septiembre\Bateria_482\Costo_variable\Swap_restringido\Swap_variable_3estaciones_320kW_Descomp/station_2_d60_stage1
formulation time: 12.8244149684906
Set parameter OutputFlag to value 1
Set parameter OutputFlag to value 1
Set parameter LogToConsole to value 1
Set parameter MIPGap to value 0.05
Set parameter TimeLimit to value 1200
Set parameter LogFile to value "C:\Users\TECNO-MASTER\Desktop\Elmo_infrastructure_sizing_NP-\output\DCH_septiembre\Bateria_482\Costo_variable\Swap_restringido\Swap_variable_3estaciones_320kW_Descomp\station_2_d60_stage1\ELMO_log.txt"
Set parameter Threads to value 1
Set parameter Heuristics to value 0.5
Set parameter MIPFocus to value 3
Set parameter Presolve to value 2
Set parameter FlowCoverCuts to value 2
Gurobi Optimizer version 12.0.3 build v12.0.3rc0 (win64 - Windows 11+.0 (26200.2))

CPU model: Intel(R) Core(TM) i9-14900K, instruction set [SSE2|AVX|AVX2]
Thread count: 24 physical cores, 32 logical processors, using up to 1 threads

Non-default parameters:
TimeLimit  1200
MIPGap  0.05
Heuristics  0.5
MIPFocus  3
FlowCoverCuts  2
Presolve  2
Threads  1

Optimize a model with 26902 rows, 54733 columns and 249550 nonzeros
Model fingerprint: 0xe355d087
Variable types: 2129 continuous, 52604 integer (19481 binary)
Coefficient statistics:
  Matrix range     [1e+00, 4e+02]
  Objective range  [9e-03, 8e+04]
  Bounds range     [1e+00, 1e+01]
  RHS range        [1e+00, 1e+04]
C:\Users\TECNO-MASTER\anaconda3\lib\site-packages\pandas\core\indexes\base.py:6999: FutureWarning: In a future version, the Index constructor will not infer numeric dtypes when passed object-dtype sequences (matching Series behavior)
  return Index(sequences[0], name=names)
Presolve removed 25547 rows and 45442 columns
Presolve time: 0.21s
Presolved: 1355 rows, 9291 columns, 30414 nonzeros
Variable types: 216 continuous, 9075 integer (8676 binary)
Root relaxation presolved: 1355 rows, 9291 columns, 30414 nonzeros


Use crossover to convert LP symmetric solution to basic solution...

Root relaxation: objective 2.049358e+05, 3926 iterations, 0.07 seconds (0.06 work units)
   520   518 235936.790   38   28 282180.178 235936.790  16.4%  61.4   25s

    Nodes    |    Current Node    |     Objective Bounds      |     Work
 Expl Unexpl |  Obj  Depth IntInf | Incumbent    BestBd   Gap | It/Node Time

     0     0 204935.803    0   58          - 204935.803      -     -    0s
   312   314 236961.545   25   10 283897.416 236961.545  16.5%  58.3   20s
     0     0 221539.493    0   58          - 221539.493      -     -    1s
   638   495 200310.390   35   16 283355.571 200310.390  29.3%  96.8   35s
   413   415 199957.991   66    9 325337.689 199957.991  38.5%  54.2   30s
     0     0 262326.189    0   48          - 262326.189      -     -    1s
     0     0 281005.761    0   48          - 281005.761      -     -    1s
     0     0 281007.144    0    7          - 281007.144      -     -    2s
   352   354 237500.914   39   12 285494.511 237500.914  16.8%  58.0   25s
     0     0 281007.144    0   11          - 281007.144      -     -    2s
     0     0 281007.144    0   11          - 281007.144      -     -    2s
H    0     0                    284697.41865 281007.144  1.30%     -    2s

Cutting planes:
  Gomory: 20
  Lift-and-project: 1

Explored 1 nodes (10814 simplex iterations) in 2.77 seconds (3.51 work units)
Thread count was 1 (of 32 available processors)

Solution count 1: 284697 

Optimal solution found (tolerance 5.00e-02)
Best objective 2.846974186527e+05, best bound 2.810071444309e+05, gap 1.2962%
C:\Users\TECNO-MASTER\anaconda3\lib\site-packages\pandas\core\indexes\base.py:6999: FutureWarning: In a future version, the Index constructor will not infer numeric dtypes when passed object-dtype sequences (matching Series behavior)
  return Index(sequences[0], name=names)
   523   520 200463.204   50   12 325900.035 200463.204  38.5%  73.3   35s
  [Fase 1 (infra libre)] estacion=station_2 dia=1 -> C:\Users\TECNO-MASTER\Desktop\Elmo_infrastructure_sizing_NP-\output\DCH_septiembre\Bateria_482\Costo_variable\Swap_restringido\Swap_variable_3estaciones_320kW_Descomp/station_2_d1_stage1
formulation time: 13.659352779388428
Set parameter OutputFlag to value 1
Set parameter OutputFlag to value 1
Set parameter LogToConsole to value 1
Set parameter MIPGap to value 0.05
Set parameter TimeLimit to value 1200
Set parameter LogFile to value "C:\Users\TECNO-MASTER\Desktop\Elmo_infrastructure_sizing_NP-\output\DCH_septiembre\Bateria_482\Costo_variable\Swap_restringido\Swap_variable_3estaciones_320kW_Descomp\station_2_d1_stage1\ELMO_log.txt"
Set parameter Threads to value 1
Set parameter Heuristics to value 0.5
Set parameter MIPFocus to value 3
Set parameter Presolve to value 2
Set parameter FlowCoverCuts to value 2
Gurobi Optimizer version 12.0.3 build v12.0.3rc0 (win64 - Windows 11+.0 (26200.2))

CPU model: Intel(R) Core(TM) i9-14900K, instruction set [SSE2|AVX|AVX2]
Thread count: 24 physical cores, 32 logical processors, using up to 1 threads

Non-default parameters:
TimeLimit  1200
MIPGap  0.05
Heuristics  0.5
MIPFocus  3
FlowCoverCuts  2
Presolve  2
Threads  1

Optimize a model with 26902 rows, 54733 columns and 249550 nonzeros
Model fingerprint: 0x02d35a09
Variable types: 2129 continuous, 52604 integer (19481 binary)
Coefficient statistics:
  Matrix range     [1e+00, 4e+02]
  Objective range  [1e-02, 8e+04]
  Bounds range     [1e+00, 1e+01]
  RHS range        [1e+00, 1e+04]
   519   518 236638.185   47   97 284477.000 236638.185  16.8%  46.7   30s
Presolve removed 25543 rows and 45438 columns
Presolve time: 0.20s
Presolved: 1359 rows, 9295 columns, 30490 nonzeros
Variable types: 216 continuous, 9079 integer (8676 binary)
Root relaxation presolved: 1359 rows, 9295 columns, 30490 nonzeros


Use crossover to convert LP symmetric solution to basic solution...

Root relaxation: objective 2.053061e+05, 3849 iterations, 0.06 seconds (0.06 work units)
   300   302 199523.975   79   11 284460.604 199523.975  29.9%  76.7   20s

    Nodes    |    Current Node    |     Objective Bounds      |     Work
 Expl Unexpl |  Obj  Depth IntInf | Incumbent    BestBd   Gap | It/Node Time

     0     0 205306.075    0   58          - 205306.075      -     -    0s
    92    94 198933.039   46   16 326314.231 198933.039  39.0%  95.0   10s
H  520   491                    282160.82024 236638.185  16.1%  46.6   31s
     0     0 221969.384    0   55          - 221969.384      -     -    1s
     0     0 262655.402    0   47          - 262655.402      -     -    1s
H    0     0                    328080.76789 262655.402  19.9%     -    1s
H    0     0                    328053.82608 280980.307  14.3%     -    1s
H    0     0                    326674.40168 280980.307  14.0%     -    1s
H    0     0                    326114.62392 280980.307  13.8%     -    1s
H    0     0                    326071.91306 280980.307  13.8%     -    1s
   315   317 198786.076   29   20 326928.316 198786.076  39.2%  52.4   20s
   378   380 236986.679   45   13 284677.562 236986.679  16.8%   112   25s
  [Fase 1 (infra libre)] estacion=station_2 dia=244 -> C:\Users\TECNO-MASTER\Desktop\Elmo_infrastructure_sizing_NP-\output\DCH_septiembre\Bateria_482\Costo_variable\Swap_restringido\Swap_variable_3estaciones_320kW_Descomp/station_2_d244_stage1
formulation time: 12.960917949676514
Set parameter OutputFlag to value 1
Set parameter OutputFlag to value 1
Set parameter LogToConsole to value 1
Set parameter MIPGap to value 0.05
Set parameter TimeLimit to value 1200
Set parameter LogFile to value "C:\Users\TECNO-MASTER\Desktop\Elmo_infrastructure_sizing_NP-\output\DCH_septiembre\Bateria_482\Costo_variable\Swap_restringido\Swap_variable_3estaciones_320kW_Descomp\station_2_d244_stage1\ELMO_log.txt"
Set parameter Threads to value 1
Set parameter Heuristics to value 0.5
Set parameter MIPFocus to value 3
Set parameter Presolve to value 2
Set parameter FlowCoverCuts to value 2
   525   522 237628.941  118    8 326630.674 237628.941  27.2%  40.6   35s
Gurobi Optimizer version 12.0.3 build v12.0.3rc0 (win64 - Windows 11+.0 (26200.2))

CPU model: Intel(R) Core(TM) i9-14900K, instruction set [SSE2|AVX|AVX2]
Thread count: 24 physical cores, 32 logical processors, using up to 1 threads

Non-default parameters:
TimeLimit  1200
MIPGap  0.05
Heuristics  0.5
MIPFocus  3
FlowCoverCuts  2
Presolve  2
Threads  1

Optimize a model with 26932 rows, 54733 columns and 249610 nonzeros
   531   526 235936.790    6   11 282180.178 235936.790  16.4%  60.1   30s
Model fingerprint: 0x427e4b9e
Variable types: 2129 continuous, 52604 integer (19481 binary)
Coefficient statistics:
  Matrix range     [1e+00, 4e+02]
  Objective range  [8e-03, 8e+04]
  Bounds range     [1e+00, 1e+01]
  RHS range        [1e+00, 1e+04]
H  352   352                    284107.70617 199523.975  29.8%  72.2   21s
     0     0 281020.374    0   20 326071.913 281020.374  13.8%     -    2s
Presolve removed 25517 rows and 45411 columns
Presolve time: 0.23s
Presolved: 1415 rows, 9322 columns, 30534 nonzeros
H    0     0                    283487.05117 281020.374  0.87%     -    2s

Cutting planes:
  Gomory: 22
  Lift-and-project: 1
  MIR: 1
Variable types: 216 continuous, 9106 integer (8676 binary)

Explored 1 nodes (9537 simplex iterations) in 2.20 seconds (2.87 work units)
Thread count was 1 (of 32 available processors)

Solution count 6: 283487 326072 326115 ... 328081

Optimal solution found (tolerance 5.00e-02)
Best objective 2.834870511707e+05, best bound 2.810203740720e+05, gap 0.8701%
Root relaxation presolved: 1415 rows, 9322 columns, 30534 nonzeros


Use crossover to convert LP symmetric solution to basic solution...

Root relaxation: objective 2.250159e+05, 4249 iterations, 0.08 seconds (0.07 work units)
C:\Users\TECNO-MASTER\anaconda3\lib\site-packages\pandas\core\indexes\base.py:6999: FutureWarning: In a future version, the Index constructor will not infer numeric dtypes when passed object-dtype sequences (matching Series behavior)
  return Index(sequences[0], name=names)
   405   407 236961.545   21   10 283897.416 236961.545  16.5%  58.1   25s

    Nodes    |    Current Node    |     Objective Bounds      |     Work
 Expl Unexpl |  Obj  Depth IntInf | Incumbent    BestBd   Gap | It/Node Time

     0     0 225015.862    0   57          - 225015.862      -     -    0s
   717   546 200310.390   57   13 283355.571 200310.390  29.3%  91.4   40s
H  548   485                    282158.08666 236638.185  16.1%  65.6   33s
   500   502 199957.991   58   11 325337.689 199957.991  38.5%  58.9   35s
     0     0 241809.536    0   52          - 241809.536      -     -    1s
     0     0 241883.973    0   66          - 241883.973      -     -    1s
H  338   338                    326880.81433 198786.076  39.2%  52.3   21s
     0     0 277808.093    0   67          - 277808.093      -     -    1s
H    0     0                    402231.20403 277808.093  30.9%     -    1s
H    0     0                    402182.22310 277808.093  30.9%     -    1s
H    0     0                    401907.43755 277808.093  30.9%     -    1s
H    0     0                    401816.72242 277808.093  30.9%     -    1s
H    0     0                    401739.04172 277808.093  30.8%     -    1s
H    0     0                    366040.23907 277808.093  24.1%     -    1s
H    0     0                    323525.67285 277808.093  14.1%     -    1s
H    0     0                    321990.55752 277808.093  13.7%     -    1s
   425   427 237500.914   52   12 285494.511 237500.914  16.8%  52.6   30s
     0     0 280950.704    0   81 321990.558 280950.704  12.7%     -    2s
H    0     0                    282785.09198 280950.704  0.65%     -    2s

Cutting planes:
  Gomory: 17

Explored 1 nodes (11959 simplex iterations) in 2.51 seconds (3.25 work units)
Thread count was 1 (of 32 available processors)

Solution count 9: 282785 321991 323526 ... 402231

Optimal solution found (tolerance 5.00e-02)
Best objective 2.827850919796e+05, best bound 2.809507041050e+05, gap 0.6487%
   575   505 236638.185   31   12 282158.087 236638.185  16.1%  63.4   35s
C:\Users\TECNO-MASTER\anaconda3\lib\site-packages\pandas\core\indexes\base.py:6999: FutureWarning: In a future version, the Index constructor will not infer numeric dtypes when passed object-dtype sequences (matching Series behavior)
  return Index(sequences[0], name=names)
  [Fase 1 (infra libre)] estacion=station_2 dia=274 -> C:\Users\TECNO-MASTER\Desktop\Elmo_infrastructure_sizing_NP-\output\DCH_septiembre\Bateria_482\Costo_variable\Swap_restringido\Swap_variable_3estaciones_320kW_Descomp/station_2_d274_stage1
formulation time: 13.348916053771973
Set parameter OutputFlag to value 1
Set parameter OutputFlag to value 1
Set parameter LogToConsole to value 1
Set parameter MIPGap to value 0.05
Set parameter TimeLimit to value 1200
Set parameter LogFile to value "C:\Users\TECNO-MASTER\Desktop\Elmo_infrastructure_sizing_NP-\output\DCH_septiembre\Bateria_482\Costo_variable\Swap_restringido\Swap_variable_3estaciones_320kW_Descomp\station_2_d274_stage1\ELMO_log.txt"
Set parameter Threads to value 1
Set parameter Heuristics to value 0.5
Set parameter MIPFocus to value 3
Set parameter Presolve to value 2
Set parameter FlowCoverCuts to value 2
Gurobi Optimizer version 12.0.3 build v12.0.3rc0 (win64 - Windows 11+.0 (26200.2))

CPU model: Intel(R) Core(TM) i9-14900K, instruction set [SSE2|AVX|AVX2]
Thread count: 24 physical cores, 32 logical processors, using up to 1 threads

Non-default parameters:
TimeLimit  1200
MIPGap  0.05
Heuristics  0.5
MIPFocus  3
FlowCoverCuts  2
Presolve  2
Threads  1

Optimize a model with 26902 rows, 54733 columns and 249550 nonzeros
Model fingerprint: 0x95215e33
Variable types: 2129 continuous, 52604 integer (19481 binary)
Coefficient statistics:
  Matrix range     [1e+00, 4e+02]
  Objective range  [4e-03, 8e+04]
  Bounds range     [1e+00, 1e+01]
  RHS range        [1e+00, 1e+04]
   529   524 200463.204   61   10 325900.035 200463.204  38.5%  72.4   40s
Presolve removed 25554 rows and 45449 columns
Presolve time: 0.16s
Presolved: 1348 rows, 9284 columns, 30344 nonzeros
Variable types: 216 continuous, 9068 integer (8676 binary)
Root relaxation presolved: 1348 rows, 9284 columns, 30344 nonzeros


Use crossover to convert LP symmetric solution to basic solution...

Root relaxation: objective 2.045161e+05, 4462 iterations, 0.05 seconds (0.07 work units)
   405   407 199523.975   62   11 284107.706 199523.975  29.8%  75.6   25s

    Nodes    |    Current Node    |     Objective Bounds      |     Work
 Expl Unexpl |  Obj  Depth IntInf | Incumbent    BestBd   Gap | It/Node Time

     0     0 204516.050    0   61          - 204516.050      -     -    0s
   161   163 198933.039   81   19 326314.231 198933.039  39.0%  72.5   15s
     0     0 221167.319    0   60          - 221167.319      -     -    0s
     0     0 221167.319    0   72          - 221167.319      -     -    0s
   470   472 236986.679   51   49 284677.562 236986.679  16.8%   125   30s
     0     0 261645.044    0   54          - 261645.044      -     -    1s
H    0     0                    330995.87999 261645.044  21.0%     -    1s
   530   525 237628.941    7   13 326630.674 237628.941  27.2%  40.2   40s
H    0     0                    330942.19717 261666.807  20.9%     -    1s
H    0     0                    328408.14975 261666.807  20.3%     -    1s
H    0     0                    285772.14975 261666.807  8.44%     -    1s
H    0     0                    284460.54940 261666.807  8.01%     -    1s
H    0     0                    284257.45542 261666.807  7.95%     -    1s
     0     0 261666.807    0   62 284257.455 261666.807  7.95%     -    1s
     0     0          -    0      284257.455 279943.310  1.52%     -    1s

Cutting planes:
  Gomory: 21
  Flow cover: 10
  RLT: 4

Explored 1 nodes (7949 simplex iterations) in 1.56 seconds (2.06 work units)
Thread count was 1 (of 32 available processors)

Solution count 6: 284257 284461 285772 ... 330996

Optimal solution found (tolerance 5.00e-02)
Best objective 2.842574554156e+05, best bound 2.799433096450e+05, gap 1.5177%
   390   392 198786.076   65   11 326880.814 198786.076  39.2%  49.5   25s
   587   565 235936.790   34   25 282180.178 235936.790  16.4%  93.1   35s
H  433   433                    283961.26527 199523.975  29.7%  72.7   26s
H  397   397                    326809.87560 198786.076  39.2%  49.3   26s
   512   513 236961.545   29   94 283897.416 236961.545  16.5%  61.9   30s
C:\Users\TECNO-MASTER\anaconda3\lib\site-packages\pandas\core\indexes\base.py:6999: FutureWarning: In a future version, the Index constructor will not infer numeric dtypes when passed object-dtype sequences (matching Series behavior)
  return Index(sequences[0], name=names)
   519   518 199957.991   56   18 325337.689 199957.991  38.5%  57.2   40s
  [Fase 1 (infra libre)] estacion=station_2 dia=152 -> C:\Users\TECNO-MASTER\Desktop\Elmo_infrastructure_sizing_NP-\output\DCH_septiembre\Bateria_482\Costo_variable\Swap_restringido\Swap_variable_3estaciones_320kW_Descomp/station_2_d152_stage1
formulation time: 13.941529035568237
Set parameter OutputFlag to value 1
Set parameter OutputFlag to value 1
Set parameter LogToConsole to value 1
Set parameter MIPGap to value 0.05
Set parameter TimeLimit to value 1200
Set parameter LogFile to value "C:\Users\TECNO-MASTER\Desktop\Elmo_infrastructure_sizing_NP-\output\DCH_septiembre\Bateria_482\Costo_variable\Swap_restringido\Swap_variable_3estaciones_320kW_Descomp\station_2_d152_stage1\ELMO_log.txt"
Set parameter Threads to value 1
Set parameter Heuristics to value 0.5
Set parameter MIPFocus to value 3
Set parameter Presolve to value 2
Set parameter FlowCoverCuts to value 2
Gurobi Optimizer version 12.0.3 build v12.0.3rc0 (win64 - Windows 11+.0 (26200.2))

CPU model: Intel(R) Core(TM) i9-14900K, instruction set [SSE2|AVX|AVX2]
Thread count: 24 physical cores, 32 logical processors, using up to 1 threads

Non-default parameters:
TimeLimit  1200
MIPGap  0.05
Heuristics  0.5
MIPFocus  3
FlowCoverCuts  2
Presolve  2
Threads  1

Optimize a model with 26932 rows, 54733 columns and 249610 nonzeros
Model fingerprint: 0xfde134ab
Variable types: 2129 continuous, 52604 integer (19481 binary)
Coefficient statistics:
  Matrix range     [1e+00, 4e+02]
  Objective range  [1e-02, 8e+04]
  Bounds range     [1e+00, 1e+01]
  RHS range        [1e+00, 1e+04]
   785   591 200310.390   91   13 283355.571 200310.390  29.3%  85.4   45s
Presolve removed 25536 rows and 45430 columns
Presolve time: 0.21s
Presolved: 1396 rows, 9303 columns, 30323 nonzeros
Variable types: 216 continuous, 9087 integer (8676 binary)
Root relaxation presolved: 1396 rows, 9303 columns, 30323 nonzeros


Use crossover to convert LP symmetric solution to basic solution...

Root relaxation: objective 2.260660e+05, 4162 iterations, 0.08 seconds (0.07 work units)
   469   471 237500.914   52   10 285494.511 237500.914  16.8%  50.0   35s

    Nodes    |    Current Node    |     Objective Bounds      |     Work
 Expl Unexpl |  Obj  Depth IntInf | Incumbent    BestBd   Gap | It/Node Time

     0     0 226066.002    0   51          - 226066.002      -     -    0s
     0     0 242966.160    0   50          - 242966.160      -     -    1s
H    0     0                    406934.32178 242966.160  40.3%     -    1s
H    0     0                    370374.61487 242974.961  34.4%     -    1s
H    0     0                    331420.54760 242974.961  26.7%     -    1s
H    0     0                    325853.93055 242974.961  25.4%     -    1s
H    0     0                    286899.86329 242974.961  15.3%     -    1s
H    0     0                    286863.15944 242974.961  15.3%     -    1s
     0     0 242974.961    0   61 286863.159 242974.961  15.3%     -    1s
   587   565 200463.204   31    9 325900.035 200463.204  38.5%   103   45s
     0     0          -    0      286863.159 277669.108  3.21%     -    1s

Cutting planes:
  Gomory: 14
  Lift-and-project: 1
  Projected implied bound: 1
  MIR: 3
  Flow cover: 7
  RLT: 3

Explored 1 nodes (8645 simplex iterations) in 1.36 seconds (1.66 work units)
Thread count was 1 (of 32 available processors)

Solution count 6: 286863 286900 325854 ... 406934

Optimal solution found (tolerance 5.00e-02)
Best objective 2.868631594442e+05, best bound 2.776691083536e+05, gap 3.2050%
   654   558 236638.185   48   14 282158.087 236638.185  16.1%  57.8   40s
C:\Users\TECNO-MASTER\anaconda3\lib\site-packages\pandas\core\indexes\base.py:6999: FutureWarning: In a future version, the Index constructor will not infer numeric dtypes when passed object-dtype sequences (matching Series behavior)
  return Index(sequences[0], name=names)
H  807   581                    283352.29936 200310.390  29.3%  83.6   47s
H  807   559                    283306.69724 200310.390  29.3%  83.6   47s
   494   496 199523.975   44   11 283961.265 199523.975  29.7%  73.7   30s
   540   534 237628.941   12   19 326630.674 237628.941  27.2%  72.6   45s
  [Fase 1 (infra libre)] estacion=station_3 dia=91 -> C:\Users\TECNO-MASTER\Desktop\Elmo_infrastructure_sizing_NP-\output\DCH_septiembre\Bateria_482\Costo_variable\Swap_restringido\Swap_variable_3estaciones_320kW_Descomp/station_3_d91_stage1
formulation time: 13.964156150817871
Set parameter OutputFlag to value 1
Set parameter OutputFlag to value 1
Set parameter LogToConsole to value 1
Set parameter MIPGap to value 0.05
Set parameter TimeLimit to value 1200
Set parameter LogFile to value "C:\Users\TECNO-MASTER\Desktop\Elmo_infrastructure_sizing_NP-\output\DCH_septiembre\Bateria_482\Costo_variable\Swap_restringido\Swap_variable_3estaciones_320kW_Descomp\station_3_d91_stage1\ELMO_log.txt"
Set parameter Threads to value 1
Set parameter Heuristics to value 0.5
Set parameter MIPFocus to value 3
Set parameter Presolve to value 2
Set parameter FlowCoverCuts to value 2
Gurobi Optimizer version 12.0.3 build v12.0.3rc0 (win64 - Windows 11+.0 (26200.2))

CPU model: Intel(R) Core(TM) i9-14900K, instruction set [SSE2|AVX|AVX2]
Thread count: 24 physical cores, 32 logical processors, using up to 1 threads

Non-default parameters:
TimeLimit  1200
MIPGap  0.05
Heuristics  0.5
MIPFocus  3
FlowCoverCuts  2
Presolve  2
Threads  1

Optimize a model with 26902 rows, 53707 columns and 244560 nonzeros
Model fingerprint: 0xa0b38b83
Variable types: 2099 continuous, 51608 integer (18485 binary)
Coefficient statistics:
  Matrix range     [1e+00, 4e+02]
  Objective range  [1e-02, 8e+04]
  Bounds range     [1e+00, 1e+01]
  RHS range        [1e+00, 1e+04]
Presolve removed 25493 rows and 44897 columns
Presolve time: 0.18s
Presolved: 1409 rows, 8810 columns, 28480 nonzeros
Variable types: 216 continuous, 8594 integer (8164 binary)
Root relaxation presolved: 1409 rows, 8810 columns, 28480 nonzeros


Use crossover to convert LP symmetric solution to basic solution...

Root relaxation: objective 2.266525e+05, 4334 iterations, 0.07 seconds (0.07 work units)
H  235   235                    324871.53624 198933.039  38.8%  89.3   20s

    Nodes    |    Current Node    |     Objective Bounds      |     Work
 Expl Unexpl |  Obj  Depth IntInf | Incumbent    BestBd   Gap | It/Node Time

     0     0 226652.461    0   61          - 226652.461      -     -    0s
   635   597 235936.790   48   16 282180.178 235936.790  16.4%  90.3   40s
   514   514 236986.679   42   56 284677.562 236986.679  16.8%   128   35s
     0     0 242678.741    0   68          - 242678.741      -     -    1s
H    0     0                    404726.10011 242678.741  40.0%     -    1s
H    0     0                    325004.59419 242754.315  25.3%     -    1s
H    0     0                    323080.77638 242754.315  24.9%     -    1s
H    0     0                    323031.57753 242754.315  24.9%     -    1s
H    0     0                    286400.26428 242754.315  15.2%     -    1s
H    0     0                    284286.16462 242754.315  14.6%     -    1s
     0     0 242754.315    0   72 284286.165 242754.315  14.6%     -    1s
   522   522 236961.545   10   82 283897.416 236961.545  16.5%  79.8   35s
H  816   545                    283300.22210 200310.390  29.3%  82.9   49s
     0     0          -    0      284286.165 278579.338  2.01%     -    1s

Cutting planes:
  Gomory: 30
  Projected implied bound: 2
  MIR: 3
  Flow cover: 12
  RLT: 3
  Relax-and-lift: 2

Explored 1 nodes (8202 simplex iterations) in 1.43 seconds (1.60 work units)
Thread count was 1 (of 32 available processors)

Solution count 6: 284286 286400 323032 ... 404726

Optimal solution found (tolerance 5.00e-02)
Best objective 2.842861646235e+05, best bound 2.785793379729e+05, gap 2.0074%
   823   551 200310.390   37   11 283300.222 200310.390  29.3%  82.5   50s
C:\Users\TECNO-MASTER\anaconda3\lib\site-packages\pandas\core\indexes\base.py:6999: FutureWarning: In a future version, the Index constructor will not infer numeric dtypes when passed object-dtype sequences (matching Series behavior)
  return Index(sequences[0], name=names)
H  442   442                    326797.15328 198786.076  39.2%  48.2   31s
  [Fase 1 (infra libre)] estacion=station_2 dia=305 -> C:\Users\TECNO-MASTER\Desktop\Elmo_infrastructure_sizing_NP-\output\DCH_septiembre\Bateria_482\Costo_variable\Swap_restringido\Swap_variable_3estaciones_320kW_Descomp/station_2_d305_stage1
formulation time: 13.659765720367432
Set parameter OutputFlag to value 1
Set parameter OutputFlag to value 1
Set parameter LogToConsole to value 1
Set parameter MIPGap to value 0.05
Set parameter TimeLimit to value 1200
Set parameter LogFile to value "C:\Users\TECNO-MASTER\Desktop\Elmo_infrastructure_sizing_NP-\output\DCH_septiembre\Bateria_482\Costo_variable\Swap_restringido\Swap_variable_3estaciones_320kW_Descomp\station_2_d305_stage1\ELMO_log.txt"
Set parameter Threads to value 1
Set parameter Heuristics to value 0.5
Set parameter MIPFocus to value 3
Set parameter Presolve to value 2
Set parameter FlowCoverCuts to value 2
Gurobi Optimizer version 12.0.3 build v12.0.3rc0 (win64 - Windows 11+.0 (26200.2))

CPU model: Intel(R) Core(TM) i9-14900K, instruction set [SSE2|AVX|AVX2]
Thread count: 24 physical cores, 32 logical processors, using up to 1 threads

Non-default parameters:
TimeLimit  1200
MIPGap  0.05
Heuristics  0.5
MIPFocus  3
FlowCoverCuts  2
Presolve  2
Threads  1

Optimize a model with 26902 rows, 54733 columns and 249550 nonzeros
Model fingerprint: 0xc43775e8
Variable types: 2129 continuous, 52604 integer (19481 binary)
Coefficient statistics:
  Matrix range     [1e+00, 4e+02]
  Objective range  [1e-01, 8e+04]
  Bounds range     [1e+00, 1e+01]
  RHS range        [1e+00, 1e+04]
H  516   490                    283731.16162 237500.914  16.3%  47.6   39s
Presolve removed 25541 rows and 45436 columns
Presolve time: 0.16s
Presolved: 1361 rows, 9297 columns, 30528 nonzeros
Variable types: 216 continuous, 9081 integer (8676 binary)
   525   522 199957.991   59   31 325337.689 199957.991  38.5%  56.5   45s
Root relaxation presolved: 1361 rows, 9297 columns, 30528 nonzeros


Use crossover to convert LP symmetric solution to basic solution...

Root relaxation: objective 2.039445e+05, 4314 iterations, 0.06 seconds (0.07 work units)

    Nodes    |    Current Node    |     Objective Bounds      |     Work
 Expl Unexpl |  Obj  Depth IntInf | Incumbent    BestBd   Gap | It/Node Time

     0     0 203944.477    0   62          - 203944.477      -     -    0s
   686   631 200463.204   46    9 325900.035 200463.204  38.5%  90.4   50s
   518   491 237500.914   41   78 283731.162 237500.914  16.3%  47.4   40s
     0     0 220660.314    0   61          - 220660.314      -     -    1s
   739   614 236638.185   46   12 282158.087 236638.185  16.1%  53.3   45s
     0     0 261687.745    0   56          - 261687.745      -     -    1s
   521   519 199523.975   23   21 283961.265 199523.975  29.7%  71.9   35s
C:\Users\TECNO-MASTER\anaconda3\lib\site-packages\pandas\core\indexes\base.py:6999: FutureWarning: In a future version, the Index constructor will not infer numeric dtypes when passed object-dtype sequences (matching Series behavior)
  return Index(sequences[0], name=names)
   315   313 198933.039   93   19 324871.536 198933.039  38.8%  87.9   25s
     0     0 281857.117    0    5          - 281857.117      -     -    2s
H    0     0                    284663.69592 281857.117  0.99%     -    2s

Cutting planes:
  Gomory: 19

Explored 1 nodes (10429 simplex iterations) in 2.26 seconds (3.18 work units)
Thread count was 1 (of 32 available processors)

Solution count 1: 284664 

Optimal solution found (tolerance 5.00e-02)
Best objective 2.846636959218e+05, best bound 2.818571174775e+05, gap 0.9859%
   607   578 237628.941   20   12 326630.674 237628.941  27.2%  68.2   50s
   496   498 198786.076   50   26 326797.153 198786.076  39.2%  49.5   35s
   522   522 236986.679   15   68 284677.562 236986.679  16.8%   144   40s
  [Fase 1 (infra libre)] estacion=station_2 dia=213 -> C:\Users\TECNO-MASTER\Desktop\Elmo_infrastructure_sizing_NP-\output\DCH_septiembre\Bateria_482\Costo_variable\Swap_restringido\Swap_variable_3estaciones_320kW_Descomp/station_2_d213_stage1
formulation time: 13.784366607666016
Set parameter OutputFlag to value 1
Set parameter OutputFlag to value 1
Set parameter LogToConsole to value 1
Set parameter MIPGap to value 0.05
Set parameter TimeLimit to value 1200
Set parameter LogFile to value "C:\Users\TECNO-MASTER\Desktop\Elmo_infrastructure_sizing_NP-\output\DCH_septiembre\Bateria_482\Costo_variable\Swap_restringido\Swap_variable_3estaciones_320kW_Descomp\station_2_d213_stage1\ELMO_log.txt"
Set parameter Threads to value 1
Set parameter Heuristics to value 0.5
Set parameter MIPFocus to value 3
Set parameter Presolve to value 2
Set parameter FlowCoverCuts to value 2
Gurobi Optimizer version 12.0.3 build v12.0.3rc0 (win64 - Windows 11+.0 (26200.2))

CPU model: Intel(R) Core(TM) i9-14900K, instruction set [SSE2|AVX|AVX2]
Thread count: 24 physical cores, 32 logical processors, using up to 1 threads

Non-default parameters:
TimeLimit  1200
MIPGap  0.05
Heuristics  0.5
MIPFocus  3
FlowCoverCuts  2
Presolve  2
Threads  1

Optimize a model with 26932 rows, 54733 columns and 249610 nonzeros
Model fingerprint: 0xeb373c09
Variable types: 2129 continuous, 52604 integer (19481 binary)
Coefficient statistics:
  Matrix range     [1e+00, 4e+02]
  Objective range  [8e-03, 8e+04]
  Bounds range     [1e+00, 1e+01]
  RHS range        [1e+00, 1e+04]
   688   632 235936.790   24    8 282180.178 235936.790  16.4%  87.2   45s
Presolve removed 25511 rows and 45405 columns
Presolve time: 0.16s
Presolved: 1421 rows, 9328 columns, 30648 nonzeros
Variable types: 216 continuous, 9112 integer (8676 binary)
Root relaxation presolved: 1421 rows, 9328 columns, 30648 nonzeros


Use crossover to convert LP symmetric solution to basic solution...

Root relaxation: objective 2.255737e+05, 4015 iterations, 0.07 seconds (0.06 work units)
H  520   467                    283471.09254 237500.914  16.2%  47.2   43s
   609   578 236961.545   32   18 283897.416 236961.545  16.5%  72.6   40s

    Nodes    |    Current Node    |     Objective Bounds      |     Work
 Expl Unexpl |  Obj  Depth IntInf | Incumbent    BestBd   Gap | It/Node Time

     0     0 225573.748    0   60          - 225573.748      -     -    0s
H  690   605                    280390.84734 235936.790  15.9%  87.0   45s
   929   622 200310.390   58   10 283300.222 200310.390  29.3%  78.2   55s
     0     0 242232.800    0   61          - 242232.800      -     -    1s
H    0     0                    403431.76979 242232.800  40.0%     -    1s
H    0     0                    364750.47180 242339.860  33.6%     -    1s
H    0     0                    283471.09254 242339.860  14.5%     -    1s
     0     0          -    0      283471.093 278334.674  1.81%     -    1s

Cutting planes:
  Gomory: 12
  Implied bound: 2
  MIR: 2
  Flow cover: 8
  RLT: 1
  Relax-and-lift: 1

Explored 1 nodes (8481 simplex iterations) in 1.50 seconds (1.68 work units)
Thread count was 1 (of 32 available processors)

Solution count 3: 283471 364750 403432 

Optimal solution found (tolerance 5.00e-02)
Best objective 2.834710925352e+05, best bound 2.783346742552e+05, gap 1.8120%
C:\Users\TECNO-MASTER\anaconda3\lib\site-packages\pandas\core\indexes\base.py:6999: FutureWarning: In a future version, the Index constructor will not infer numeric dtypes when passed object-dtype sequences (matching Series behavior)
  return Index(sequences[0], name=names)
   531   526 199957.991   67   27 325337.689 199957.991  38.5%  55.9   50s
   546   487 237500.914   30   37 283471.093 237500.914  16.2%  63.2   45s
  [Fase 1 (infra libre)] estacion=station_3 dia=121 -> C:\Users\TECNO-MASTER\Desktop\Elmo_infrastructure_sizing_NP-\output\DCH_septiembre\Bateria_482\Costo_variable\Swap_restringido\Swap_variable_3estaciones_320kW_Descomp/station_3_d121_stage1
formulation time: 13.36145305633545
Set parameter OutputFlag to value 1
Set parameter OutputFlag to value 1
Set parameter LogToConsole to value 1
Set parameter MIPGap to value 0.05
Set parameter TimeLimit to value 1200
Set parameter LogFile to value "C:\Users\TECNO-MASTER\Desktop\Elmo_infrastructure_sizing_NP-\output\DCH_septiembre\Bateria_482\Costo_variable\Swap_restringido\Swap_variable_3estaciones_320kW_Descomp\station_3_d121_stage1\ELMO_log.txt"
Set parameter Threads to value 1
Set parameter Heuristics to value 0.5
Set parameter MIPFocus to value 3
Set parameter Presolve to value 2
Set parameter FlowCoverCuts to value 2
Gurobi Optimizer version 12.0.3 build v12.0.3rc0 (win64 - Windows 11+.0 (26200.2))

CPU model: Intel(R) Core(TM) i9-14900K, instruction set [SSE2|AVX|AVX2]
Thread count: 24 physical cores, 32 logical processors, using up to 1 threads

Non-default parameters:
TimeLimit  1200
MIPGap  0.05
Heuristics  0.5
MIPFocus  3
FlowCoverCuts  2
Presolve  2
Threads  1

Optimize a model with 26902 rows, 53707 columns and 244560 nonzeros
Model fingerprint: 0x90842dba
Variable types: 2099 continuous, 51608 integer (18485 binary)
Coefficient statistics:
  Matrix range     [1e+00, 4e+02]
  Objective range  [8e-03, 8e+04]
  Bounds range     [1e+00, 1e+01]
  RHS range        [1e+00, 1e+04]
H  531   499                    325315.27254 199957.991  38.5%  55.9   51s
Presolve removed 25512 rows and 44916 columns
Presolve time: 0.18s
Presolved: 1390 rows, 8791 columns, 28269 nonzeros
Variable types: 216 continuous, 8575 integer (8164 binary)
Root relaxation presolved: 1390 rows, 8791 columns, 28269 nonzeros


Use crossover to convert LP symmetric solution to basic solution...

Root relaxation: objective 2.247029e+05, 3781 iterations, 0.07 seconds (0.06 work units)

    Nodes    |    Current Node    |     Objective Bounds      |     Work
 Expl Unexpl |  Obj  Depth IntInf | Incumbent    BestBd   Gap | It/Node Time

     0     0 224702.950    0   63          - 224702.950      -     -    0s
H  514   488                    324387.13738 198786.076  38.7%  49.0   38s
   767   685 200463.204   57    9 325900.035 200463.204  38.5%  82.0   55s
   818   665 236638.185   60    9 282158.087 236638.185  16.1%  52.3   50s
     0     0 240627.863    0   60          - 240627.863      -     -    0s
     0     0 276789.163    0   62          - 276789.163      -     -    1s
H    0     0                    402498.30405 276789.163  31.2%     -    1s
H    0     0                    401456.81974 276789.163  31.1%     -    1s
H    0     0                    363056.81974 276789.163  23.8%     -    1s
H    0     0                    363040.30240 276789.163  23.8%     -    1s
H    0     0                    322560.10731 276789.163  14.2%     -    1s
H    0     0                    320757.11421 276789.163  13.7%     -    1s
     0     0 276789.163    0   82 320757.114 276789.163  13.7%     -    1s
   528   524 199523.975   40    8 283961.265 199523.975  29.7%  71.0   40s
   405   403 198933.039  135   14 324871.536 198933.039  38.8%  87.4   30s
C:\Users\TECNO-MASTER\anaconda3\lib\site-packages\pandas\core\indexes\base.py:6999: FutureWarning: In a future version, the Index constructor will not infer numeric dtypes when passed object-dtype sequences (matching Series behavior)
  return Index(sequences[0], name=names)
     0     0 279785.837    0   57 320757.114 279785.837  12.8%     -    2s
  [Fase 1 (infra libre)] estacion=station_3 dia=1 -> C:\Users\TECNO-MASTER\Desktop\Elmo_infrastructure_sizing_NP-\output\DCH_septiembre\Bateria_482\Costo_variable\Swap_restringido\Swap_variable_3estaciones_320kW_Descomp/station_3_d1_stage1
formulation time: 13.09265398979187
Set parameter OutputFlag to value 1
Set parameter OutputFlag to value 1
Set parameter LogToConsole to value 1
Set parameter MIPGap to value 0.05
Set parameter TimeLimit to value 1200
Set parameter LogFile to value "C:\Users\TECNO-MASTER\Desktop\Elmo_infrastructure_sizing_NP-\output\DCH_septiembre\Bateria_482\Costo_variable\Swap_restringido\Swap_variable_3estaciones_320kW_Descomp\station_3_d1_stage1\ELMO_log.txt"
Set parameter Threads to value 1
Set parameter Heuristics to value 0.5
Set parameter MIPFocus to value 3
Set parameter Presolve to value 2
Set parameter FlowCoverCuts to value 2
H    0     0                    319032.70260 279785.837  12.3%     -    2s
Gurobi Optimizer version 12.0.3 build v12.0.3rc0 (win64 - Windows 11+.0 (26200.2))

CPU model: Intel(R) Core(TM) i9-14900K, instruction set [SSE2|AVX|AVX2]
Thread count: 24 physical cores, 32 logical processors, using up to 1 threads

Non-default parameters:
TimeLimit  1200
MIPGap  0.05
Heuristics  0.5
MIPFocus  3
FlowCoverCuts  2
Presolve  2
Threads  1

Optimize a model with 26872 rows, 53707 columns and 244500 nonzeros
Model fingerprint: 0x09c24bad
Variable types: 2099 continuous, 51608 integer (18485 binary)
Coefficient statistics:
  Matrix range     [1e+00, 4e+02]
  Objective range  [1e-02, 8e+04]
  Bounds range     [1e+00, 1e+01]
  RHS range        [1e+00, 1e+04]
   682   628 237628.941   83   13 326630.674 237628.941  27.2%  66.4   55s
   599   573 236986.679   43   13 284677.562 236986.679  16.8%   147   45s
Presolve removed 25519 rows and 44924 columns
Presolve time: 0.17s
Presolved: 1353 rows, 8783 columns, 28436 nonzeros
Variable types: 216 continuous, 8567 integer (8164 binary)
Root relaxation presolved: 1353 rows, 8783 columns, 28436 nonzeros


Use crossover to convert LP symmetric solution to basic solution...

Root relaxation: objective 2.060396e+05, 3982 iterations, 0.07 seconds (0.06 work units)
     0     0 280390.805    0   36 319032.703 280390.805  12.1%     -    2s
     0     0 280390.805    0   40 319032.703 280390.805  12.1%     -    2s

    Nodes    |    Current Node    |     Objective Bounds      |     Work
 Expl Unexpl |  Obj  Depth IntInf | Incumbent    BestBd   Gap | It/Node Time

     0     0 206039.617    0   57          - 206039.617      -     -    0s
   749   646 235936.790   56   15 280390.847 235936.790  15.9%  82.6   50s
     0     0 280390.805    0   66 319032.703 280390.805  12.1%     -    2s
     0     0 280390.805    0   63 319032.703 280390.805  12.1%     -    3s
H  691   605                    324817.01656 237628.941  26.8%  65.9   55s
H    0     0                    282143.35257 280390.805  0.62%     -    3s

Cutting planes:
  Gomory: 28
  Lift-and-project: 7

Explored 1 nodes (13845 simplex iterations) in 3.12 seconds (4.22 work units)
Thread count was 1 (of 32 available processors)

Solution count 8: 282143 319033 320757 ... 402498

Optimal solution found (tolerance 5.00e-02)
Best objective 2.821433525729e+05, best bound 2.803908051072e+05, gap 0.6212%
     0     0 221969.368    0   57          - 221969.368      -     -    1s
     0     0 222011.993    0   56          - 222011.993      -     -    1s
H  563   494                    283091.27490 199957.991  29.4%  94.7   54s
H  563   470                    281148.91478 199957.991  28.9%  94.7   54s
   698   637 236961.545   44   14 283897.416 236961.545  16.5%  64.8   45s
     0     0 262655.401    0   52          - 262655.401      -     -    1s
   519   492 198786.076   36    8 324387.137 198786.076  38.7%  48.5   41s
H    0     0                    608790.19974 262655.401  56.9%     -    1s
H    0     0                    607085.28534 280930.757  53.7%     -    1s
H    0     0                    564449.28534 280930.757  50.2%     -    1s
H    0     0                    441840.49764 280930.757  36.4%     -    1s
H    0     0                    441767.98840 280930.757  36.4%     -    1s
     0     0 280930.757    0   75 441767.988 280930.757  36.4%     -    1s
  1050   703 200310.390   57   20 283300.222 200310.390  29.3%  77.1   60s
   570   477 199957.991   20   30 281148.915 199957.991  28.9%  93.9   55s
     0     0 281020.373    0   17 441767.988 281020.373  36.4%     -    2s
H    0     0                    441687.05680 281020.373  36.4%     -    2s
H    0     0                    440152.46914 281020.373  36.2%     -    2s
H    0     0                    282878.31709 281020.373  0.66%     -    2s

Cutting planes:
  Gomory: 35
  Lift-and-project: 1
  Flow cover: 2

Explored 1 nodes (11505 simplex iterations) in 2.39 seconds (2.75 work units)
Thread count was 1 (of 32 available processors)

Solution count 8: 282878 440152 441687 ... 608790

Optimal solution found (tolerance 5.00e-02)
Best objective 2.828783170867e+05, best bound 2.810203727055e+05, gap 0.6568%
C:\Users\TECNO-MASTER\anaconda3\lib\site-packages\pandas\core\indexes\base.py:6999: FutureWarning: In a future version, the Index constructor will not infer numeric dtypes when passed object-dtype sequences (matching Series behavior)
  return Index(sequences[0], name=names)
   599   522 237500.914   42   21 283471.093 237500.914  16.2%  63.8   50s
H  729   629                    283875.19775 236961.545  16.5%  62.4   46s
H  729   605                    281216.08567 236961.545  15.7%  62.4   47s
  [Fase 1 (infra libre)] estacion=station_3 dia=182 -> C:\Users\TECNO-MASTER\Desktop\Elmo_infrastructure_sizing_NP-\output\DCH_septiembre\Bateria_482\Costo_variable\Swap_restringido\Swap_variable_3estaciones_320kW_Descomp/station_3_d182_stage1
formulation time: 13.567800998687744
Set parameter OutputFlag to value 1
Set parameter OutputFlag to value 1
Set parameter LogToConsole to value 1
Set parameter MIPGap to value 0.05
Set parameter TimeLimit to value 1200
Set parameter LogFile to value "C:\Users\TECNO-MASTER\Desktop\Elmo_infrastructure_sizing_NP-\output\DCH_septiembre\Bateria_482\Costo_variable\Swap_restringido\Swap_variable_3estaciones_320kW_Descomp\station_3_d182_stage1\ELMO_log.txt"
Set parameter Threads to value 1
Set parameter Heuristics to value 0.5
Set parameter MIPFocus to value 3
Set parameter Presolve to value 2
Set parameter FlowCoverCuts to value 2
Gurobi Optimizer version 12.0.3 build v12.0.3rc0 (win64 - Windows 11+.0 (26200.2))

CPU model: Intel(R) Core(TM) i9-14900K, instruction set [SSE2|AVX|AVX2]
Thread count: 24 physical cores, 32 logical processors, using up to 1 threads

Non-default parameters:
TimeLimit  1200
MIPGap  0.05
Heuristics  0.5
MIPFocus  3
FlowCoverCuts  2
Presolve  2
Threads  1

Optimize a model with 26902 rows, 53707 columns and 244560 nonzeros
Model fingerprint: 0x41925b28
Variable types: 2099 continuous, 51608 integer (18485 binary)
Coefficient statistics:
  Matrix range     [1e+00, 4e+02]
  Objective range  [1e-02, 8e+04]
  Bounds range     [1e+00, 1e+01]
  RHS range        [1e+00, 1e+04]
Presolve removed 25512 rows and 44916 columns
Presolve time: 0.19s
Presolved: 1390 rows, 8791 columns, 28269 nonzeros
Variable types: 216 continuous, 8575 integer (8164 binary)
Root relaxation presolved: 1390 rows, 8791 columns, 28269 nonzeros


Use crossover to convert LP symmetric solution to basic solution...

Root relaxation: objective 2.270174e+05, 3822 iterations, 0.07 seconds (0.06 work units)
   845   737 200463.204   54    9 325900.035 200463.204  38.5%  75.2   60s

    Nodes    |    Current Node    |     Objective Bounds      |     Work
 Expl Unexpl |  Obj  Depth IntInf | Incumbent    BestBd   Gap | It/Node Time

     0     0 227017.415    0   60          - 227017.415      -     -    0s
   549   540 199523.975   16   15 283961.265 199523.975  29.7%   114   45s
     0     0 243134.838    0   55          - 243134.838      -     -    0s
H    0     0                    406403.96317 243134.838  40.2%     -    0s
H    0     0                    329243.19727 243198.345  26.1%     -    0s
     0     0 243198.345    0   59 329243.197 243198.345  26.1%     -    0s
   505   503 198933.039  179    9 324871.536 198933.039  38.8%  82.8   35s
   882   708 236638.185   56   16 282158.087 236638.185  16.1%  59.6   55s
     0     0 278049.860    0   55 329243.197 278049.860  15.5%     -    1s
H    0     0                    322222.46790 278049.860  13.7%     -    1s
H  562   519                    283888.04482 199523.975  29.7%   114   45s
   736   635 237628.941  110   13 324817.017 237628.941  26.8%  62.8   60s
     0     0 278196.250    0   56 322222.468 278196.250  13.7%     -    1s
     0     0 278196.250    0   56 322222.468 278196.250  13.7%     -    1s
C:\Users\TECNO-MASTER\anaconda3\lib\site-packages\pandas\core\indexes\base.py:6999: FutureWarning: In a future version, the Index constructor will not infer numeric dtypes when passed object-dtype sequences (matching Series behavior)
  return Index(sequences[0], name=names)
H    0     0                    284775.33702 278203.672  2.31%     -    2s

Cutting planes:
  Gomory: 38
  MIR: 2
  Flow cover: 3

Explored 1 nodes (9452 simplex iterations) in 2.03 seconds (2.51 work units)
Thread count was 1 (of 32 available processors)

Solution count 4: 284775 322222 329243 406404 

Optimal solution found (tolerance 5.00e-02)
Best objective 2.847753370206e+05, best bound 2.782036717969e+05, gap 2.3077%
   688   632 236986.679   55   17 284677.562 236986.679  16.8%   130   50s
  [Fase 1 (infra libre)] estacion=station_2 dia=182 -> C:\Users\TECNO-MASTER\Desktop\Elmo_infrastructure_sizing_NP-\output\DCH_septiembre\Bateria_482\Costo_variable\Swap_restringido\Swap_variable_3estaciones_320kW_Descomp/station_2_d182_stage1
formulation time: 13.935081005096436
Set parameter OutputFlag to value 1
Set parameter OutputFlag to value 1
Set parameter LogToConsole to value 1
Set parameter MIPGap to value 0.05
Set parameter TimeLimit to value 1200
Set parameter LogFile to value "C:\Users\TECNO-MASTER\Desktop\Elmo_infrastructure_sizing_NP-\output\DCH_septiembre\Bateria_482\Costo_variable\Swap_restringido\Swap_variable_3estaciones_320kW_Descomp\station_2_d182_stage1\ELMO_log.txt"
Set parameter Threads to value 1
Set parameter Heuristics to value 0.5
Set parameter MIPFocus to value 3
Set parameter Presolve to value 2
Set parameter FlowCoverCuts to value 2
Gurobi Optimizer version 12.0.3 build v12.0.3rc0 (win64 - Windows 11+.0 (26200.2))

CPU model: Intel(R) Core(TM) i9-14900K, instruction set [SSE2|AVX|AVX2]
Thread count: 24 physical cores, 32 logical processors, using up to 1 threads

Non-default parameters:
TimeLimit  1200
MIPGap  0.05
Heuristics  0.5
MIPFocus  3
FlowCoverCuts  2
Presolve  2
Threads  1

Optimize a model with 26932 rows, 54733 columns and 249610 nonzeros
Model fingerprint: 0x6990f811
Variable types: 2129 continuous, 52604 integer (19481 binary)
Coefficient statistics:
  Matrix range     [1e+00, 4e+02]
  Objective range  [1e-02, 8e+04]
  Bounds range     [1e+00, 1e+01]
  RHS range        [1e+00, 1e+04]
   524   495 198786.076   27   28 324387.137 198786.076  38.7%  48.0   45s
   794   676 235936.790   28   25 280390.847 235936.790  15.9%  82.8   55s
Presolve removed 25536 rows and 45430 columns
Presolve time: 0.21s
Presolved: 1396 rows, 9303 columns, 30323 nonzeros
Variable types: 216 continuous, 9087 integer (8676 binary)
Root relaxation presolved: 1396 rows, 9303 columns, 30323 nonzeros


Use crossover to convert LP symmetric solution to basic solution...

Root relaxation: objective 2.262752e+05, 4122 iterations, 0.08 seconds (0.07 work units)
   777   639 236961.545   59   20 281216.086 236961.545  15.7%  59.5   50s

    Nodes    |    Current Node    |     Objective Bounds      |     Work
 Expl Unexpl |  Obj  Depth IntInf | Incumbent    BestBd   Gap | It/Node Time

     0     0 226275.230    0   57          - 226275.230      -     -    0s
  1123   751 200310.390   58   20 283300.222 200310.390  29.3%  75.2   65s
     0     0 243134.854    0   53          - 243134.854      -     -    1s
   641   524 199957.991   25   11 281148.915 199957.991  28.9%  85.6   60s
H    0     0                    407083.71652 243134.854  40.3%     -    1s
H    0     0                    286963.18076 243134.854  15.3%     -    1s
     0     0 243134.854    0   74 286963.181 243134.854  15.3%     -    1s
     0     0          -    0      286963.181 278049.883  3.11%     -    1s

Cutting planes:
  Gomory: 13
  Lift-and-project: 5
  Implied bound: 2
  Projected implied bound: 1
  Flow cover: 3
  Relax-and-lift: 3

Explored 1 nodes (7552 simplex iterations) in 1.33 seconds (1.74 work units)
Thread count was 1 (of 32 available processors)

Solution count 2: 286963 407084 

Optimal solution found (tolerance 5.00e-02)
Best objective 2.869631807628e+05, best bound 2.780498826738e+05, gap 3.1061%
   657   561 237500.914   55   15 283471.093 237500.914  16.2%  61.0   55s
H  729   631                    282386.53028 236986.679  16.1%   123   52s
H  729   607                    282383.70191 236986.679  16.1%   123   52s
C:\Users\TECNO-MASTER\anaconda3\lib\site-packages\pandas\core\indexes\base.py:6999: FutureWarning: In a future version, the Index constructor will not infer numeric dtypes when passed object-dtype sequences (matching Series behavior)
  return Index(sequences[0], name=names)
   937   744 236638.185   66   16 282158.087 236638.185  16.1%  58.5   60s
  [Fase 1 (infra libre)] estacion=station_2 dia=335 -> C:\Users\TECNO-MASTER\Desktop\Elmo_infrastructure_sizing_NP-\output\DCH_septiembre\Bateria_482\Costo_variable\Swap_restringido\Swap_variable_3estaciones_320kW_Descomp/station_2_d335_stage1
formulation time: 13.831640481948853
Set parameter OutputFlag to value 1
Set parameter OutputFlag to value 1
Set parameter LogToConsole to value 1
Set parameter MIPGap to value 0.05
Set parameter TimeLimit to value 1200
Set parameter LogFile to value "C:\Users\TECNO-MASTER\Desktop\Elmo_infrastructure_sizing_NP-\output\DCH_septiembre\Bateria_482\Costo_variable\Swap_restringido\Swap_variable_3estaciones_320kW_Descomp\station_2_d335_stage1\ELMO_log.txt"
Set parameter Threads to value 1
Set parameter Heuristics to value 0.5
Set parameter MIPFocus to value 3
Set parameter Presolve to value 2
Set parameter FlowCoverCuts to value 2
Gurobi Optimizer version 12.0.3 build v12.0.3rc0 (win64 - Windows 11+.0 (26200.2))

CPU model: Intel(R) Core(TM) i9-14900K, instruction set [SSE2|AVX|AVX2]
Thread count: 24 physical cores, 32 logical processors, using up to 1 threads

Non-default parameters:
TimeLimit  1200
MIPGap  0.05
Heuristics  0.5
MIPFocus  3
FlowCoverCuts  2
Presolve  2
Threads  1

Optimize a model with 26902 rows, 54733 columns and 249550 nonzeros
Model fingerprint: 0x7e682f74
Variable types: 2129 continuous, 52604 integer (19481 binary)
Coefficient statistics:
  Matrix range     [1e+00, 4e+02]
  Objective range  [4e-03, 8e+04]
  Bounds range     [1e+00, 1e+01]
  RHS range        [1e+00, 1e+04]
Presolve removed 25541 rows and 45436 columns
Presolve time: 0.18s
Presolved: 1361 rows, 9297 columns, 30528 nonzeros
Variable types: 216 continuous, 9081 integer (8676 binary)
Root relaxation presolved: 1361 rows, 9297 columns, 30528 nonzeros

   627   565 199523.975   34   24 283888.045 199523.975  29.7%   112   50s

Use crossover to convert LP symmetric solution to basic solution...

Root relaxation: objective 2.037401e+05, 4281 iterations, 0.08 seconds (0.07 work units)

    Nodes    |    Current Node    |     Objective Bounds      |     Work
 Expl Unexpl |  Obj  Depth IntInf | Incumbent    BestBd   Gap | It/Node Time

     0     0 203740.062    0   61          - 203740.062      -     -    0s
   923   789 200463.204   50    9 325900.035 200463.204  38.5%  69.6   66s
     0     0 220264.282    0   61          - 220264.282      -     -    1s
H    0     0                    331874.85964 220264.282  33.6%     -    1s
H    0     0                    331110.95152 220264.282  33.5%     -    1s
H    0     0                    328522.80247 220264.282  33.0%     -    1s
   780   643 236986.679   61   11 282383.702 236986.679  16.1%   116   55s
H    0     0                    327678.23163 220264.282  32.8%     -    1s
H    0     0                    327478.58365 220264.282  32.7%     -    1s
H    0     0                    284686.17526 220264.282  22.6%     -    1s
     0     0 220264.282    0   62 284686.175 220264.282  22.6%     -    1s
   522   516 198933.039  128   20 324871.536 198933.039  38.8%  80.5   40s
   795   675 237628.941   75   13 324817.017 237628.941  26.8%  59.6   65s
     0     0          -    0      284686.175 279404.825  1.86%     -    1s

Cutting planes:
  Gomory: 17
  MIR: 10
  Flow cover: 14
  Zero half: 4
  RLT: 1
  Relax-and-lift: 1

Explored 1 nodes (8451 simplex iterations) in 1.58 seconds (1.82 work units)
Thread count was 1 (of 32 available processors)

Solution count 6: 284686 327479 327678 ... 331875

Optimal solution found (tolerance 5.00e-02)
Best objective 2.846861752555e+05, best bound 2.794048248788e+05, gap 1.8551%
C:\Users\TECNO-MASTER\anaconda3\lib\site-packages\pandas\core\indexes\base.py:6999: FutureWarning: In a future version, the Index constructor will not infer numeric dtypes when passed object-dtype sequences (matching Series behavior)
  return Index(sequences[0], name=names)
   846   711 235936.790   27   38 280390.847 235936.790  15.9%  80.8   60s
   530   499 198786.076   35   40 324387.137 198786.076  38.7%  47.5   50s
  [Fase 1 (infra libre)] estacion=station_3 dia=60 -> C:\Users\TECNO-MASTER\Desktop\Elmo_infrastructure_sizing_NP-\output\DCH_septiembre\Bateria_482\Costo_variable\Swap_restringido\Swap_variable_3estaciones_320kW_Descomp/station_3_d60_stage1
formulation time: 13.418575763702393
Set parameter OutputFlag to value 1
Set parameter OutputFlag to value 1
Set parameter LogToConsole to value 1
Set parameter MIPGap to value 0.05
Set parameter TimeLimit to value 1200
Set parameter LogFile to value "C:\Users\TECNO-MASTER\Desktop\Elmo_infrastructure_sizing_NP-\output\DCH_septiembre\Bateria_482\Costo_variable\Swap_restringido\Swap_variable_3estaciones_320kW_Descomp\station_3_d60_stage1\ELMO_log.txt"
Set parameter Threads to value 1
Set parameter Heuristics to value 0.5
Set parameter MIPFocus to value 3
Set parameter Presolve to value 2
Set parameter FlowCoverCuts to value 2
Gurobi Optimizer version 12.0.3 build v12.0.3rc0 (win64 - Windows 11+.0 (26200.2))

CPU model: Intel(R) Core(TM) i9-14900K, instruction set [SSE2|AVX|AVX2]
Thread count: 24 physical cores, 32 logical processors, using up to 1 threads

Non-default parameters:
TimeLimit  1200
MIPGap  0.05
Heuristics  0.5
MIPFocus  3
FlowCoverCuts  2
Presolve  2
Threads  1

Optimize a model with 26872 rows, 53707 columns and 244500 nonzeros
Model fingerprint: 0x4a8eaeb1
Variable types: 2099 continuous, 51608 integer (18485 binary)
Coefficient statistics:
  Matrix range     [1e+00, 4e+02]
  Objective range  [9e-03, 8e+04]
  Bounds range     [1e+00, 1e+01]
  RHS range        [1e+00, 1e+04]
Presolve removed 25523 rows and 44928 columns
Presolve time: 0.18s
Presolved: 1349 rows, 8779 columns, 28360 nonzeros
Variable types: 216 continuous, 8563 integer (8164 binary)
Root relaxation presolved: 1349 rows, 8779 columns, 28360 nonzeros


Use crossover to convert LP symmetric solution to basic solution...

Root relaxation: objective 2.056667e+05, 3823 iterations, 0.07 seconds (0.06 work units)
   872   702 236961.545   54   18 281216.086 236961.545  15.7%  54.4   55s

    Nodes    |    Current Node    |     Objective Bounds      |     Work
 Expl Unexpl |  Obj  Depth IntInf | Incumbent    BestBd   Gap | It/Node Time

     0     0 205666.721    0   55          - 205666.721      -     -    0s
  1248   831 200310.390  121   26 283300.222 200310.390  29.3%  71.4   70s
     0     0 221539.493    0   50          - 221539.493      -     -    1s
H    0     0                    326930.50765 221539.493  32.2%     -    1s
H    0     0                    286283.99554 221590.711  22.6%     -    1s
H  821   664                    324773.65547 237628.941  26.8%  58.2   67s
H  821   640                    324586.13319 237628.941  26.8%  58.2   67s
H  666   563                    283758.94246 199523.975  29.7%   109   53s
     0     0          -    0      286283.996 281004.162  1.84%     -    1s

Cutting planes:
  Gomory: 32
  Lift-and-project: 6
  Implied bound: 2
  Flow cover: 2
  RLT: 1
  Relax-and-lift: 1

Explored 1 nodes (8731 simplex iterations) in 1.47 seconds (1.77 work units)
Thread count was 1 (of 32 available processors)

Solution count 2: 286284 326931 

Optimal solution found (tolerance 5.00e-02)
Best objective 2.862839955378e+05, best bound 2.810041621915e+05, gap 1.8443%
   719   576 199957.991   21   11 281148.915 199957.991  28.9%  78.6   65s
H  832   624                    324536.93433 237628.941  26.8%  57.7   67s
   716   600 237500.914   50   16 283471.093 237500.914  16.2%  58.5   60s
H  872   700                    280390.81856 235936.790  15.9%  79.3   62s
   997   838 200463.204   65    9 325900.035 200463.204  38.5%  65.0   70s
C:\Users\TECNO-MASTER\anaconda3\lib\site-packages\pandas\core\indexes\base.py:6999: FutureWarning: In a future version, the Index constructor will not infer numeric dtypes when passed object-dtype sequences (matching Series behavior)
  return Index(sequences[0], name=names)
  1015   796 236638.185   72   16 282158.087 236638.185  16.1%  55.6   65s
  [Fase 1 (infra libre)] estacion=station_3 dia=152 -> C:\Users\TECNO-MASTER\Desktop\Elmo_infrastructure_sizing_NP-\output\DCH_septiembre\Bateria_482\Costo_variable\Swap_restringido\Swap_variable_3estaciones_320kW_Descomp/station_3_d152_stage1
formulation time: 13.534790277481079
Set parameter OutputFlag to value 1
Set parameter OutputFlag to value 1
Set parameter LogToConsole to value 1
Set parameter MIPGap to value 0.05
Set parameter TimeLimit to value 1200
Set parameter LogFile to value "C:\Users\TECNO-MASTER\Desktop\Elmo_infrastructure_sizing_NP-\output\DCH_septiembre\Bateria_482\Costo_variable\Swap_restringido\Swap_variable_3estaciones_320kW_Descomp\station_3_d152_stage1\ELMO_log.txt"
Set parameter Threads to value 1
Set parameter Heuristics to value 0.5
Set parameter MIPFocus to value 3
Set parameter Presolve to value 2
Set parameter FlowCoverCuts to value 2
Gurobi Optimizer version 12.0.3 build v12.0.3rc0 (win64 - Windows 11+.0 (26200.2))

CPU model: Intel(R) Core(TM) i9-14900K, instruction set [SSE2|AVX|AVX2]
Thread count: 24 physical cores, 32 logical processors, using up to 1 threads

Non-default parameters:
TimeLimit  1200
MIPGap  0.05
Heuristics  0.5
MIPFocus  3
FlowCoverCuts  2
Presolve  2
Threads  1

Optimize a model with 26902 rows, 53707 columns and 244560 nonzeros
Model fingerprint: 0x76d5f44c
Variable types: 2099 continuous, 51608 integer (18485 binary)
Coefficient statistics:
  Matrix range     [1e+00, 4e+02]
  Objective range  [1e-02, 8e+04]
  Bounds range     [1e+00, 1e+01]
  RHS range        [1e+00, 1e+04]
   688   579 199523.975   53   47 283758.942 199523.975  29.7%   107   55s
Presolve removed 25512 rows and 44916 columns
Presolve time: 0.21s
Presolved: 1390 rows, 8791 columns, 28269 nonzeros
Variable types: 216 continuous, 8575 integer (8164 binary)
Root relaxation presolved: 1390 rows, 8791 columns, 28269 nonzeros


Use crossover to convert LP symmetric solution to basic solution...

Root relaxation: objective 2.268100e+05, 3799 iterations, 0.07 seconds (0.06 work units)
H  771   586                    281126.49793 199957.991  28.9%  74.7   67s

    Nodes    |    Current Node    |     Objective Bounds      |     Work
 Expl Unexpl |  Obj  Depth IntInf | Incumbent    BestBd   Gap | It/Node Time

     0     0 226809.971    0   54          - 226809.971      -     -    0s
   867   650 237628.941  111   15 324536.934 237628.941  26.8%  56.0   70s
     0     0 242966.160    0   54          - 242966.160      -     -    1s
   877   707 236986.679   55   15 282383.702 236986.679  16.1%   106   60s
H    0     0                    286981.92268 242974.961  15.3%     -    1s
H    0     0                    286905.72738 242974.961  15.3%     -    1s
H    0     0                    286899.86329 242974.961  15.3%     -    1s
     0     0          -    0      286899.863 273690.873  4.60%     -    1s

Cutting planes:
  Gomory: 42
  RLT: 2

Explored 1 nodes (7567 simplex iterations) in 1.28 seconds (1.42 work units)
Thread count was 1 (of 32 available processors)

Solution count 3: 286900 286906 286982 

Optimal solution found (tolerance 5.00e-02)
Best objective 2.868998632872e+05, best bound 2.736908734269e+05, gap 4.6040%
   527   520 198933.039   98   30 324871.536 198933.039  38.8%  79.7   45s
   590   541 198786.076   30   12 324387.137 198786.076  38.7%  82.8   55s
   899   720 235936.790   53   16 280390.819 235936.790  15.9%  77.5   65s
H  797   581                    281081.66423 199957.991  28.9%  73.2   69s
  [Fase 1 (infra libre)] estacion=station_3 dia=213 -> C:\Users\TECNO-MASTER\Desktop\Elmo_infrastructure_sizing_NP-\output\DCH_septiembre\Bateria_482\Costo_variable\Swap_restringido\Swap_variable_3estaciones_320kW_Descomp/station_3_d213_stage1
formulation time: 13.31926441192627
Set parameter OutputFlag to value 1
Set parameter OutputFlag to value 1
Set parameter LogToConsole to value 1
Set parameter MIPGap to value 0.05
Set parameter TimeLimit to value 1200
Set parameter LogFile to value "C:\Users\TECNO-MASTER\Desktop\Elmo_infrastructure_sizing_NP-\output\DCH_septiembre\Bateria_482\Costo_variable\Swap_restringido\Swap_variable_3estaciones_320kW_Descomp\station_3_d213_stage1\ELMO_log.txt"
Set parameter Threads to value 1
Set parameter Heuristics to value 0.5
Set parameter MIPFocus to value 3
Set parameter Presolve to value 2
Set parameter FlowCoverCuts to value 2
Gurobi Optimizer version 12.0.3 build v12.0.3rc0 (win64 - Windows 11+.0 (26200.2))

CPU model: Intel(R) Core(TM) i9-14900K, instruction set [SSE2|AVX|AVX2]
Thread count: 24 physical cores, 32 logical processors, using up to 1 threads

Non-default parameters:
TimeLimit  1200
MIPGap  0.05
Heuristics  0.5
MIPFocus  3
FlowCoverCuts  2
Presolve  2
Threads  1

Optimize a model with 26902 rows, 53707 columns and 244560 nonzeros
Model fingerprint: 0x412c4b21
Variable types: 2099 continuous, 51608 integer (18485 binary)
Coefficient statistics:
  Matrix range     [1e+00, 4e+02]
  Objective range  [8e-03, 8e+04]
  Bounds range     [1e+00, 1e+01]
  RHS range        [1e+00, 1e+04]
   956   758 236961.545   68   20 281216.086 236961.545  15.7%  50.8   60s
Presolve removed 25487 rows and 44891 columns
Presolve time: 0.17s
Presolved: 1415 rows, 8816 columns, 28594 nonzeros
Variable types: 216 continuous, 8600 integer (8164 binary)
Root relaxation presolved: 1415 rows, 8816 columns, 28594 nonzeros


Use crossover to convert LP symmetric solution to basic solution...

Root relaxation: objective 2.263071e+05, 4156 iterations, 0.07 seconds (0.07 work units)
  1349   888 200310.390  171   16 283300.222 200310.390  29.3%  68.9   75s

    Nodes    |    Current Node    |     Objective Bounds      |     Work
 Expl Unexpl |  Obj  Depth IntInf | Incumbent    BestBd   Gap | It/Node Time

     0     0 226307.104    0   59          - 226307.104      -     -    0s
   820   598 199957.991   22   21 281081.664 199957.991  28.9%  71.7   70s
H  718   573                    282948.24669 199523.975  29.5%   105   57s
     0     0 242232.816    0   60          - 242232.816      -     -    1s
     0     0 242339.877    0   60          - 242339.877      -     -    1s
H  725   555                    282672.07729 199523.975  29.4%   104   58s
     0     0 278334.698    0   67          - 278334.698      -     -    1s
     0     0 278334.698    0   83          - 278334.698      -     -    1s
   766   633 237500.914   60   17 283471.093 237500.914  16.2%  56.2   65s
  1154   943 200463.204   58   11 325900.035 200463.204  38.5%  57.1   75s
     0     0 281622.495    0   85          - 281622.495      -     -    2s
H    0     0                    607194.09716 281622.495  53.6%     -    2s
H    0     0                    326014.69853 281622.495  13.6%     -    2s
     0     0 281622.495    0   90 326014.699 281622.495  13.6%     -    2s
  [Fase 1 (infra libre)] estacion=station_3 dia=32 -> C:\Users\TECNO-MASTER\Desktop\Elmo_infrastructure_sizing_NP-\output\DCH_septiembre\Bateria_482\Costo_variable\Swap_restringido\Swap_variable_3estaciones_320kW_Descomp/station_3_d32_stage1
formulation time: 12.965462446212769
Set parameter OutputFlag to value 1
Set parameter OutputFlag to value 1
Set parameter LogToConsole to value 1
Set parameter MIPGap to value 0.05
Set parameter TimeLimit to value 1200
Set parameter LogFile to value "C:\Users\TECNO-MASTER\Desktop\Elmo_infrastructure_sizing_NP-\output\DCH_septiembre\Bateria_482\Costo_variable\Swap_restringido\Swap_variable_3estaciones_320kW_Descomp\station_3_d32_stage1\ELMO_log.txt"
Set parameter Threads to value 1
Set parameter Heuristics to value 0.5
Set parameter MIPFocus to value 3
Set parameter Presolve to value 2
Set parameter FlowCoverCuts to value 2
Gurobi Optimizer version 12.0.3 build v12.0.3rc0 (win64 - Windows 11+.0 (26200.2))

CPU model: Intel(R) Core(TM) i9-14900K, instruction set [SSE2|AVX|AVX2]
Thread count: 24 physical cores, 32 logical processors, using up to 1 threads

Non-default parameters:
TimeLimit  1200
MIPGap  0.05
Heuristics  0.5
MIPFocus  3
FlowCoverCuts  2
Presolve  2
Threads  1

Optimize a model with 26872 rows, 53707 columns and 244500 nonzeros
Model fingerprint: 0xd4e18b4d
Variable types: 2099 continuous, 51608 integer (18485 binary)
Coefficient statistics:
  Matrix range     [1e+00, 4e+02]
  Objective range  [3e-03, 8e+04]
  Bounds range     [1e+00, 1e+01]
  RHS range        [1e+00, 1e+04]
Presolve removed 25517 rows and 44922 columns
Presolve time: 0.19s
Presolved: 1355 rows, 8785 columns, 28474 nonzeros
Variable types: 216 continuous, 8569 integer (8164 binary)
Root relaxation presolved: 1355 rows, 8785 columns, 28474 nonzeros

     0     0 281622.495    0   91 326014.699 281622.495  13.6%     -    2s

Use crossover to convert LP symmetric solution to basic solution...

Root relaxation: objective 2.061920e+05, 3998 iterations, 0.07 seconds (0.07 work units)
     0     0 281622.495    0   91 326014.699 281622.495  13.6%     -    2s
  1093   848 236638.185   73   12 282158.087 236638.185  16.1%  53.0   70s

    Nodes    |    Current Node    |     Objective Bounds      |     Work
 Expl Unexpl |  Obj  Depth IntInf | Incumbent    BestBd   Gap | It/Node Time

     0     0 206191.983    0   63          - 206191.983      -     -    0s
H    0     0                    283471.09254 281622.495  0.65%     -    2s

Cutting planes:
  Gomory: 33
  Zero half: 1

Explored 1 nodes (11696 simplex iterations) in 2.87 seconds (3.89 work units)
Thread count was 1 (of 32 available processors)

Solution count 3: 283471 326015 607194 

Optimal solution found (tolerance 5.00e-02)
Best objective 2.834710925352e+05, best bound 2.816224953601e+05, gap 0.6521%
   755   577 199523.975   72   14 282672.077 199523.975  29.4%   101   60s
     0     0 222120.502    0   59          - 222120.502      -     -    0s
H  875   612                    281059.24738 199957.991  28.9%  68.3   72s
   538   529 198933.039   14    9 324871.536 198933.039  38.8%   112   50s
   926   689 237628.941   94    8 324536.934 237628.941  26.8%  55.1   75s
     0     0 263087.303    0   49          - 263087.303      -     -    1s
     0     0 281621.924    0   59          - 281621.924      -     -    1s
   963   765 236986.679   68   13 282383.702 236986.679  16.1%  97.6   65s
     0     0 281647.096    0   26          - 281647.096      -     -    2s
H    0     0                    283725.87228 281647.096  0.73%     -    2s

Cutting planes:
  Gomory: 56
  Lift-and-project: 1

Explored 1 nodes (10028 simplex iterations) in 2.07 seconds (2.86 work units)
Thread count was 1 (of 32 available processors)

Solution count 1: 283726 

Optimal solution found (tolerance 5.00e-02)
Best objective 2.837258722795e+05, best bound 2.816470963582e+05, gap 0.7327%
   691   608 198786.076   32    9 324387.137 198786.076  38.7%  77.4   60s
✅ Solution time [sec]: 3.78
📊 Status: optimal
💰 Operation Cost: 286259.18128708086
⚠️ No se encontró 'gurobi.log'. 
✔ JSON de variables y parámetros, log y summary guardados en 'C:\Users\TECNO-MASTER\Desktop\Elmo_infrastructure_sizing_NP-\output\DCH_septiembre\Bateria_482\Costo_variable\Swap_restringido\Swap_variable_3estaciones_320kW_Descomp/station_2_d91_stage1'.
  [Fase 1 (infra libre)] estacion=station_3 dia=244 -> C:\Users\TECNO-MASTER\Desktop\Elmo_infrastructure_sizing_NP-\output\DCH_septiembre\Bateria_482\Costo_variable\Swap_restringido\Swap_variable_3estaciones_320kW_Descomp/station_3_d244_stage1
formulation time: 12.767219543457031
Set parameter OutputFlag to value 1
Set parameter OutputFlag to value 1
Set parameter LogToConsole to value 1
Set parameter MIPGap to value 0.05
Set parameter TimeLimit to value 1200
Set parameter LogFile to value "C:\Users\TECNO-MASTER\Desktop\Elmo_infrastructure_sizing_NP-\output\DCH_septiembre\Bateria_482\Costo_variable\Swap_restringido\Swap_variable_3estaciones_320kW_Descomp\station_3_d244_stage1\ELMO_log.txt"
Set parameter Threads to value 1
Set parameter Heuristics to value 0.5
Set parameter MIPFocus to value 3
Set parameter Presolve to value 2
Set parameter FlowCoverCuts to value 2
Gurobi Optimizer version 12.0.3 build v12.0.3rc0 (win64 - Windows 11+.0 (26200.2))

CPU model: Intel(R) Core(TM) i9-14900K, instruction set [SSE2|AVX|AVX2]
Thread count: 24 physical cores, 32 logical processors, using up to 1 threads

Non-default parameters:
TimeLimit  1200
MIPGap  0.05
Heuristics  0.5
MIPFocus  3
FlowCoverCuts  2
Presolve  2
Threads  1

Optimize a model with 26902 rows, 53707 columns and 244560 nonzeros
Model fingerprint: 0x0d99a41e
Variable types: 2099 continuous, 51608 integer (18485 binary)
Coefficient statistics:
  Matrix range     [1e+00, 4e+02]
  Objective range  [8e-03, 8e+04]
  Bounds range     [1e+00, 1e+01]
  RHS range        [1e+00, 1e+04]
   966   765 235936.790   98   13 280390.819 235936.790  15.9%  74.5   70s
Presolve removed 25493 rows and 44897 columns
Presolve time: 0.17s
Presolved: 1409 rows, 8810 columns, 28480 nonzeros
Variable types: 216 continuous, 8594 integer (8164 binary)
Root relaxation presolved: 1409 rows, 8810 columns, 28480 nonzeros


Use crossover to convert LP symmetric solution to basic solution...

Root relaxation: objective 2.257551e+05, 4323 iterations, 0.05 seconds (0.07 work units)
  1053   821 236961.545   80   30 281216.086 236961.545  15.7%  57.2   65s

    Nodes    |    Current Node    |     Objective Bounds      |     Work
 Expl Unexpl |  Obj  Depth IntInf | Incumbent    BestBd   Gap | It/Node Time

     0     0 225755.143    0   56          - 225755.143      -     -    0s
  1533  1001 200310.390  234    8 283300.222 200310.390  29.3%  65.1   80s
     0     0 241809.536    0   59          - 241809.536      -     -    0s
     0     0 241883.973    0   64          - 241883.973      -     -    0s
     0     0 277808.093    0   69          - 277808.093      -     -    1s
     0     0 277808.093    0   73          - 277808.093      -     -    1s
   839   682 237500.914   59   17 283471.093 237500.914  16.2%  53.5   70s
     0     0 280950.704    0   78          - 280950.704      -     -    1s
     0     0 280950.704    0   89          - 280950.704      -     -    1s
   901   631 199957.991   32    9 281059.247 199957.991  28.9%  67.2   76s
✅ Solution time [sec]: 5.39
📊 Status: optimal
💰 Operation Cost: 282143.35257286613
⚠️ No se encontró 'gurobi.log'. 
✔ JSON de variables y parámetros, log y summary guardados en 'C:\Users\TECNO-MASTER\Desktop\Elmo_infrastructure_sizing_NP-\output\DCH_septiembre\Bateria_482\Costo_variable\Swap_restringido\Swap_variable_3estaciones_320kW_Descomp/station_2_d121_stage1'.
  [Fase 1 (infra libre)] estacion=station_3 dia=274 -> C:\Users\TECNO-MASTER\Desktop\Elmo_infrastructure_sizing_NP-\output\DCH_septiembre\Bateria_482\Costo_variable\Swap_restringido\Swap_variable_3estaciones_320kW_Descomp/station_3_d274_stage1
formulation time: 12.329634189605713
Set parameter OutputFlag to value 1
Set parameter OutputFlag to value 1
Set parameter LogToConsole to value 1
Set parameter MIPGap to value 0.05
Set parameter TimeLimit to value 1200
Set parameter LogFile to value "C:\Users\TECNO-MASTER\Desktop\Elmo_infrastructure_sizing_NP-\output\DCH_septiembre\Bateria_482\Costo_variable\Swap_restringido\Swap_variable_3estaciones_320kW_Descomp\station_3_d274_stage1\ELMO_log.txt"
Set parameter Threads to value 1
Set parameter Heuristics to value 0.5
Set parameter MIPFocus to value 3
Set parameter Presolve to value 2
Set parameter FlowCoverCuts to value 2
Gurobi Optimizer version 12.0.3 build v12.0.3rc0 (win64 - Windows 11+.0 (26200.2))

CPU model: Intel(R) Core(TM) i9-14900K, instruction set [SSE2|AVX|AVX2]
Thread count: 24 physical cores, 32 logical processors, using up to 1 threads

Non-default parameters:
TimeLimit  1200
MIPGap  0.05
Heuristics  0.5
MIPFocus  3
FlowCoverCuts  2
Presolve  2
Threads  1

Optimize a model with 26872 rows, 53707 columns and 244500 nonzeros
Model fingerprint: 0x4d26e03f
Variable types: 2099 continuous, 51608 integer (18485 binary)
Coefficient statistics:
  Matrix range     [1e+00, 4e+02]
  Objective range  [4e-03, 8e+04]
  Bounds range     [1e+00, 1e+01]
  RHS range        [1e+00, 1e+04]
Presolve removed 25530 rows and 44935 columns
Presolve time: 0.15s
Presolved: 1342 rows, 8772 columns, 28290 nonzeros
Variable types: 216 continuous, 8556 integer (8164 binary)
Root relaxation presolved: 1342 rows, 8772 columns, 28290 nonzeros

     0     0 280956.440    0   10          - 280956.440      -     -    2s

Use crossover to convert LP symmetric solution to basic solution...

Root relaxation: objective 2.052491e+05, 4207 iterations, 0.05 seconds (0.07 work units)
     0     0 280956.440    0   13          - 280956.440      -     -    2s
  1317  1052 200463.204   67    9 325900.035 200463.204  38.5%  50.9   80s
  1196   917 236638.185   79   15 282158.087 236638.185  16.1%  50.4   75s

    Nodes    |    Current Node    |     Objective Bounds      |     Work
 Expl Unexpl |  Obj  Depth IntInf | Incumbent    BestBd   Gap | It/Node Time

     0     0 205249.063    0   62          - 205249.063      -     -    0s
     0     0 280956.440    0   14          - 280956.440      -     -    2s
     0     0 280956.440    0   14          - 280956.440      -     -    2s
     0     0 221167.319    0   59          - 221167.319      -     -    0s
     0     0 221167.319    0   68          - 221167.319      -     -    0s
   830   627 199523.975  107   14 282672.077 199523.975  29.4%  97.1   65s
     0     0 261645.044    0   52          - 261645.044      -     -    1s
     0     0 261666.807    0   70          - 261666.807      -     -    1s
   652   605 198933.039   30    7 324871.536 198933.039  38.8%  97.1   55s
     0     0 280396.285    0    7          - 280396.285      -     -    1s
   996   736 237628.941   64   17 324536.934 237628.941  26.8%  54.8   80s
H    0     0                    519638.20675 280956.440  45.9%     -    3s
H    0     0                    442838.20675 280956.440  36.6%     -    3s
H    0     0                    282785.09198 280956.440  0.65%     -    4s

Cutting planes:
  Gomory: 44
  Lift-and-project: 3
  Implied bound: 1
  Projected implied bound: 1
  MIR: 1
  Flow cover: 3
  RLT: 2
  Relax-and-lift: 1

Explored 1 nodes (12666 simplex iterations) in 4.01 seconds (6.48 work units)
Thread count was 1 (of 32 available processors)

Solution count 3: 282785 442838 519638 

Optimal solution found (tolerance 5.00e-02)
Best objective 2.827850919796e+05, best bound 2.809564397341e+05, gap 0.6467%
H  664   584                    324857.64106 198933.039  38.8%  95.6   55s
     0     0 280396.285    0   20          - 280396.285      -     -    2s
  1115   866 236986.679   91    7 282383.702 236986.679  16.1%  87.5   70s
     0     0 280396.285    0    9          - 280396.285      -     -    2s
   778   666 198786.076   53   13 324387.137 198786.076  38.7%  71.2   65s
H    0     0                    328462.64639 280396.285  14.6%     -    2s
H    0     0                    328324.99037 280396.285  14.6%     -    2s
H    0     0                    328275.62349 280396.285  14.6%     -    2s
H    0     0                    326326.78550 280396.285  14.1%     -    2s
H    0     0                    284148.51485 280396.285  1.32%     -    2s

Cutting planes:
  Gomory: 30

Explored 1 nodes (10790 simplex iterations) in 2.37 seconds (3.68 work units)
Thread count was 1 (of 32 available processors)

Solution count 5: 284149 326327 328276 ... 328463

Optimal solution found (tolerance 5.00e-02)
Best objective 2.841485148521e+05, best bound 2.803962851218e+05, gap 1.3205%
  1053   823 235936.790   81   13 280390.819 235936.790  15.9%  70.8   75s
✅ Solution time [sec]: 4.58
📊 Status: optimal
💰 Operation Cost: 287047.5393074906
⚠️ No se encontró 'gurobi.log'. 
✔ JSON de variables y parámetros, log y summary guardados en 'C:\Users\TECNO-MASTER\Desktop\Elmo_infrastructure_sizing_NP-\output\DCH_septiembre\Bateria_482\Costo_variable\Swap_restringido\Swap_variable_3estaciones_320kW_Descomp/station_2_d32_stage1'.
  [Fase 1 (infra libre)] estacion=station_3 dia=305 -> C:\Users\TECNO-MASTER\Desktop\Elmo_infrastructure_sizing_NP-\output\DCH_septiembre\Bateria_482\Costo_variable\Swap_restringido\Swap_variable_3estaciones_320kW_Descomp/station_3_d305_stage1
formulation time: 12.24861478805542
Set parameter OutputFlag to value 1
Set parameter OutputFlag to value 1
Set parameter LogToConsole to value 1
Set parameter MIPGap to value 0.05
Set parameter TimeLimit to value 1200
Set parameter LogFile to value "C:\Users\TECNO-MASTER\Desktop\Elmo_infrastructure_sizing_NP-\output\DCH_septiembre\Bateria_482\Costo_variable\Swap_restringido\Swap_variable_3estaciones_320kW_Descomp\station_3_d305_stage1\ELMO_log.txt"
Set parameter Threads to value 1
Set parameter Heuristics to value 0.5
Set parameter MIPFocus to value 3
Set parameter Presolve to value 2
Set parameter FlowCoverCuts to value 2
Gurobi Optimizer version 12.0.3 build v12.0.3rc0 (win64 - Windows 11+.0 (26200.2))

CPU model: Intel(R) Core(TM) i9-14900K, instruction set [SSE2|AVX|AVX2]
Thread count: 24 physical cores, 32 logical processors, using up to 1 threads

Non-default parameters:
TimeLimit  1200
MIPGap  0.05
Heuristics  0.5
MIPFocus  3
FlowCoverCuts  2
Presolve  2
Threads  1

Optimize a model with 26872 rows, 53707 columns and 244500 nonzeros
Model fingerprint: 0xaaaf8d13
Variable types: 2099 continuous, 51608 integer (18485 binary)
Coefficient statistics:
  Matrix range     [1e+00, 4e+02]
  Objective range  [1e-01, 8e+04]
  Bounds range     [1e+00, 1e+01]
  RHS range        [1e+00, 1e+04]
Presolve removed 25517 rows and 44922 columns
Presolve time: 0.16s
Presolved: 1355 rows, 8785 columns, 28474 nonzeros
Variable types: 216 continuous, 8569 integer (8164 binary)
Root relaxation presolved: 1355 rows, 8785 columns, 28474 nonzeros


Use crossover to convert LP symmetric solution to basic solution...
  1138   877 236961.545   47   14 281216.086 236961.545  15.7%  66.9   70s

Root relaxation: objective 2.046803e+05, 3975 iterations, 0.05 seconds (0.06 work units)

    Nodes    |    Current Node    |     Objective Bounds      |     Work
 Expl Unexpl |  Obj  Depth IntInf | Incumbent    BestBd   Gap | It/Node Time

     0     0 204680.333    0   67          - 204680.333      -     -    0s
  1707  1117 200310.390   27    9 283300.222 200310.390  29.3%  66.4   85s
   992   692 199957.991   53    8 281059.247 199957.991  28.9%  63.3   80s
     0     0 220660.331    0   59          - 220660.331      -     -    0s
H    0     0                    285767.46482 220660.331  22.8%     -    0s
H    0     0                    285426.60841 220660.331  22.7%     -    0s
H    0     0                    285368.31035 220660.331  22.7%     -    0s
H    0     0                    285305.89219 220660.331  22.7%     -    0s
H    0     0                    285249.49425 220660.331  22.6%     -    0s
     0     0          -    0      285249.494 281035.667  1.48%     -    1s

Cutting planes:
  Gomory: 26
  Flow cover: 1
  RLT: 1

Explored 1 nodes (7856 simplex iterations) in 1.20 seconds (1.60 work units)
Thread count was 1 (of 32 available processors)

Solution count 5: 285249 285306 285368 ... 285767

Optimal solution found (tolerance 5.00e-02)
Best objective 2.852494942549e+05, best bound 2.810356667064e+05, gap 1.4772%
   911   730 237500.914   56   15 283471.093 237500.914  16.2%  50.8   75s
✅ Solution time [sec]: 5.74
📊 Status: optimal
💰 Operation Cost: 284697.4186527297
⚠️ No se encontró 'gurobi.log'. 
✔ JSON de variables y parámetros, log y summary guardados en 'C:\Users\TECNO-MASTER\Desktop\Elmo_infrastructure_sizing_NP-\output\DCH_septiembre\Bateria_482\Costo_variable\Swap_restringido\Swap_variable_3estaciones_320kW_Descomp/station_2_d60_stage1'.
  [Fase 1 (infra libre)] estacion=station_3 dia=335 -> C:\Users\TECNO-MASTER\Desktop\Elmo_infrastructure_sizing_NP-\output\DCH_septiembre\Bateria_482\Costo_variable\Swap_restringido\Swap_variable_3estaciones_320kW_Descomp/station_3_d335_stage1
formulation time: 11.864366292953491
Set parameter OutputFlag to value 1
Set parameter OutputFlag to value 1
Set parameter LogToConsole to value 1
Set parameter MIPGap to value 0.05
Set parameter TimeLimit to value 1200
Set parameter LogFile to value "C:\Users\TECNO-MASTER\Desktop\Elmo_infrastructure_sizing_NP-\output\DCH_septiembre\Bateria_482\Costo_variable\Swap_restringido\Swap_variable_3estaciones_320kW_Descomp\station_3_d335_stage1\ELMO_log.txt"
Set parameter Threads to value 1
Set parameter Heuristics to value 0.5
Set parameter MIPFocus to value 3
Set parameter Presolve to value 2
Set parameter FlowCoverCuts to value 2
Gurobi Optimizer version 12.0.3 build v12.0.3rc0 (win64 - Windows 11+.0 (26200.2))

CPU model: Intel(R) Core(TM) i9-14900K, instruction set [SSE2|AVX|AVX2]
Thread count: 24 physical cores, 32 logical processors, using up to 1 threads

Non-default parameters:
TimeLimit  1200
MIPGap  0.05
Heuristics  0.5
MIPFocus  3
FlowCoverCuts  2
Presolve  2
Threads  1

Optimize a model with 26872 rows, 53707 columns and 244500 nonzeros
Model fingerprint: 0xaff8411e
Variable types: 2099 continuous, 51608 integer (18485 binary)
Coefficient statistics:
  Matrix range     [1e+00, 4e+02]
  Objective range  [4e-03, 8e+04]
  Bounds range     [1e+00, 1e+01]
  RHS range        [1e+00, 1e+04]
  1504  1176 200463.204   95    9 325900.035 200463.204  38.5%  45.3   85s
Presolve removed 25517 rows and 44922 columns
Presolve time: 0.12s
Presolved: 1355 rows, 8785 columns, 28474 nonzeros
Variable types: 216 continuous, 8569 integer (8164 binary)
Root relaxation presolved: 1355 rows, 8785 columns, 28474 nonzeros


Use crossover to convert LP symmetric solution to basic solution...

Root relaxation: objective 2.044675e+05, 3850 iterations, 0.06 seconds (0.06 work units)
  1317   996 236638.185   75   15 282158.087 236638.185  16.1%  48.0   80s

    Nodes    |    Current Node    |     Objective Bounds      |     Work
 Expl Unexpl |  Obj  Depth IntInf | Incumbent    BestBd   Gap | It/Node Time

     0     0 204467.482    0   62          - 204467.482      -     -    0s
     0     0 220264.282    0   62          - 220264.282      -     -    0s
   892   666 199523.975   84   43 282672.077 199523.975  29.4%  99.4   70s
     0     0 260189.582    0   39          - 260189.582      -     -    1s
H    0     0                    612389.47557 260189.582  57.5%     -    1s
H    0     0                    324043.08231 279390.857  13.8%     -    1s
   751   644 198933.039   39   15 324857.641 198933.039  38.8%  89.5   60s
     0     0 279475.542    0    8 324043.082 279475.542  13.8%     -    1s
H    0     0                    324018.81648 279475.542  13.7%     -    1s
H    0     0                    323049.18276 279475.542  13.5%     -    1s
H    0     0                    323037.68242 279475.542  13.5%     -    1s
H    0     0                    323013.41659 279475.542  13.5%     -    1s
     0     0 279475.542    0   10 323013.417 279475.542  13.5%     -    1s
  1113   814 237628.941  112   15 324536.934 237628.941  26.8%  52.5   85s
     0     0 279475.542    0   32 323013.417 279475.542  13.5%     -    2s
     0     0 279475.542    0   31 323013.417 279475.542  13.5%     -    2s
  1273   971 236986.679  116    7 282383.702 236986.679  16.1%  79.5   75s
H    0     0                    281262.35879 279475.542  0.64%     -    2s
H  873   702                    323395.70490 198786.076  38.5%  66.1   70s

Cutting planes:
  Gomory: 40
  Lift-and-project: 3
  MIR: 3

Explored 1 nodes (11128 simplex iterations) in 2.38 seconds (4.08 work units)
Thread count was 1 (of 32 available processors)

Solution count 7: 281262 323013 323038 ... 612389

Optimal solution found (tolerance 5.00e-02)
Best objective 2.812623587900e+05, best bound 2.794755424320e+05, gap 0.6353%
  1155   887 235936.790  131    9 280390.819 235936.790  15.9%  70.7   80s
H  768   628                    324685.96675 198933.039  38.7%  89.8   61s
  1238   944 236961.545   58   14 281216.086 236961.545  15.7%  80.9   75s
  1850  1249 200310.390  145   13 283300.222 200310.390  29.3%  64.1   90s
  1117   775 199957.991   65    8 281059.247 199957.991  28.9%  57.9   85s
H  794   622                    324430.48294 198933.039  38.7%  88.1   62s
H  794   599                    323553.86292 198933.039  38.5%  88.1   62s
   994   785 237500.914   70   18 283471.093 237500.914  16.2%  48.3   80s
H  952   682                    281779.37233 199523.975  29.2%  95.4   73s
H 1691  1272                    324305.20473 200463.204  38.2%  40.9   90s
  1431  1072 236638.185   69   14 282158.087 236638.185  16.1%  53.4   85s
H  952   661                    281712.40432 199523.975  29.2%  95.4   75s
   854   641 198933.039   44   10 323553.863 198933.039  38.5%  84.4   65s
H 1453  1060                    282130.72906 236638.185  16.1%  55.3   85s
  1215   882 237628.941  163   12 324536.934 237628.941  26.8%  53.2   90s
  1001   789 198786.076   77    9 323395.705 198786.076  38.5%  61.1   75s
  1272   965 235936.790   75   19 280390.819 235936.790  15.9%  69.2   85s
  1439  1082 236986.679  121    7 282383.702 236986.679  16.1%  72.8   80s
  1371  1033 236961.545   85   16 281216.086 236961.545  15.7%  75.3   80s
  2099  1402 200310.390  248   13 283300.222 200310.390  29.3%  59.2   95s
  1092   851 237500.914   72   15 283471.093 237500.914  16.2%  46.7   85s
  1276   881 199957.991   88    8 281059.247 199957.991  28.9%  52.8   91s
H 1096   826                    323391.04910 198786.076  38.5%  58.0   77s
  1916  1424 200463.204   54    9 324305.205 200463.204  38.2%  36.8   95s
H 1099   829                    281685.10823 237500.914  15.7%  46.6   85s
  1519  1106 236638.185   70   12 282130.729 236638.185  16.1%  54.2   90s
  1073   742 199523.975   83   24 281712.404 199523.975  29.2%  89.6   80s
   943   700 198933.039   60    9 323553.863 198933.039  38.5%  77.4   70s
  1367   983 237628.941   84   17 324536.934 237628.941  26.8%  51.5   95s
  1656  1227 236986.679  120    9 282383.702 236986.679  16.1%  66.0   85s
  1171   878 198786.076   80   11 323391.049 198786.076  38.5%  56.0   80s
  1359  1023 235936.790   73   14 280390.819 235936.790  15.9%  73.8   90s
  1515  1129 236961.545  113   14 281216.086 236961.545  15.7%  71.1   85s
  2238  1507 200310.390  312   11 283300.222 200310.390  29.3%  57.4  100s
  1423   979 199957.991   66   10 281059.247 199957.991  28.9%  49.1   95s
H 1002   715                    323539.96775 198933.039  38.5%  73.4   72s
  1188   891 237500.914   60   24 281685.108 237500.914  15.7%  44.8   90s
  2127  1596 200463.204   74    9 324305.205 200463.204  38.2%  33.7  100s
H 2131  1598                    324236.86144 200463.204  38.2%  33.7  100s
  1657  1190 236638.185   76   12 282130.729 236638.185  16.1%  55.1   95s
  1176   809 199523.975  134   10 281712.404 199523.975  29.2%  86.6   85s
  1030   736 198933.039   78    7 323539.968 198933.039  38.5%  71.7   75s
  1534  1090 237628.941   64   13 324536.934 237628.941  26.8%  50.3  100s
  1871  1370 236986.679  125    7 282383.702 236986.679  16.1%  61.0   90s
  1484  1106 235936.790  157    9 280390.819 235936.790  15.9%  74.5   95s
  1307   969 198786.076  102   11 323391.049 198786.076  38.5%  54.5   85s
  1677  1237 236961.545  114   14 281216.086 236961.545  15.7%  67.4   90s
  2487  1650 200310.390  316   16 283300.222 200310.390  29.3%  54.4  105s
  1600  1097 199957.991   62    8 281059.247 199957.991  28.9%  45.4  100s
  1272   947 237500.914   59   15 281685.108 237500.914  15.7%  43.0   95s
  2340  1809 200463.204   99    9 324236.861 200463.204  38.2%  31.3  105s
  1790  1277 236638.185   72   11 282130.729 236638.185  16.1%  56.8  100s
  1282   857 199523.975  183   14 281712.404 199523.975  29.2%  81.7   90s
  1192   844 198933.039   54    7 323539.968 198933.039  38.5%  63.3   80s
  1663  1176 237628.941  107   11 324536.934 237628.941  26.8%  47.9  105s
  1507  1098 198786.076  134    9 323391.049 198786.076  38.5%  52.9   90s
  1641  1211 235936.790  171    9 280390.819 235936.790  15.9%  70.3  100s
  2059  1540 236986.679  118    7 282383.702 236986.679  16.1%  57.4   96s
  1790  1310 236961.545  100   12 281216.086 236961.545  15.7%  65.5   95s
  1725  1190 199957.991   65   10 281059.247 199957.991  28.9%  43.5  105s
  2712  1773 200310.390  331   12 283300.222 200310.390  29.3%  52.0  110s
  1379  1018 237500.914   76   13 281685.108 237500.914  15.7%  41.2  100s
  2552  2021 200463.204  127    9 324236.861 200463.204  38.2%  29.2  110s
  1971  1433 236638.185  103   10 282130.729 236638.185  16.1%  56.1  105s
  1408   921 199523.975  242   19 281712.404 199523.975  29.2%  78.3   95s
H 2844  1833                    281857.57306 200310.390  28.9%  50.2  112s
  1342   944 198933.039   67    7 323539.968 198933.039  38.5%  57.5   85s
  2266  1747 236986.679  129    7 282383.702 236986.679  16.1%  54.1  100s
  1848  1307 237628.941  107   11 324536.934 237628.941  26.8%  47.1  110s
  1712  1231 198786.076  102   11 323391.049 198786.076  38.5%  53.5   95s
  1729  1269 235936.790  181   22 280390.819 235936.790  15.9%  70.6  105s
  1934  1409 236961.545   81   12 281216.086 236961.545  15.7%  62.6  100s
  2959  1946 200310.390   66   18 281857.573 200310.390  28.9%  49.4  115s
  1875  1340 199957.991   71   10 281059.247 199957.991  28.9%  41.6  110s
  1489  1091 237500.914   93   16 281685.108 237500.914  15.7%  39.8  105s
  2693  2162 200463.204  123    9 324236.861 200463.204  38.2%  28.0  115s
  2110  1572 236638.185  103   10 282130.729 236638.185  16.1%  53.4  110s
  1594  1003 199523.975   50   25 281712.404 199523.975  29.2%  72.4  100s
  1921  1378 237628.941   85   44 324536.934 237628.941  26.8%  48.2  115s
  2491  1972 236986.679  121    9 282383.702 236986.679  16.1%  51.1  105s
  1483  1038 198933.039   93   16 323539.968 198933.039  38.5%  54.9   90s
H 1623  1002                    280895.69193 199523.975  29.0%  71.8  101s
  1886  1347 198786.076  127    9 323391.049 198786.076  38.5%  51.8  100s
H 1898  1355                    323386.39330 198786.076  38.5%  51.7  100s
  1880  1370 235936.790  181   19 280390.819 235936.790  15.9%  76.7  110s
  2092  1567 236961.545  115   12 281216.086 236961.545  15.7%  59.2  105s
  3103  2082 200310.390   92   26 281857.573 200310.390  28.9%  49.6  120s
  2021  1486 199957.991   68   12 281059.247 199957.991  28.9%  39.7  115s
  1602  1167 237500.914  102   15 281685.108 237500.914  15.7%  38.8  110s
  2928  2397 200463.204  101    9 324236.861 200463.204  38.2%  26.3  120s
  2307  1769 236638.185  118    8 282130.729 236638.185  16.1%  50.2  115s
  1705  1081 199523.975   74   31 280895.692 199523.975  29.0%  69.9  105s
  1641  1143 198933.039   51    7 323539.968 198933.039  38.5%  52.8   95s
H 2199  1672                    281027.40195 236961.545  15.7%  57.9  108s
  2034  1491 237628.941   59   21 324536.934 237628.941  26.8%  49.5  120s
  2730  2211 236986.679  126    7 282383.702 236986.679  16.1%  48.5  110s
  2014  1473 198786.076  142   11 323386.393 198786.076  38.5%  52.9  105s
  1973  1437 235936.790  177   17 280390.819 235936.790  15.9%  80.1  115s
  2246  1721 236961.545  129   18 281027.402 236961.545  15.7%  57.9  110s
  3277  2254 200310.390  168   20 281857.573 200310.390  28.9%  49.0  125s
  2172  1637 199957.991   69   10 281059.247 199957.991  28.9%  38.2  120s
  3162  2631 200463.204   62    9 324236.861 200463.204  38.2%  24.9  125s
  2492  1954 236638.185  121    8 282130.729 236638.185  16.1%  47.7  120s
  1860  1236 199523.975  143   31 280895.692 199523.975  29.0%  68.1  110s
  1789  1257 198933.039   61    7 323539.968 198933.039  38.5%  50.0  100s
  2209  1664 237628.941  147   14 324536.934 237628.941  26.8%  49.7  125s
  1710  1238 237500.914  107   30 281685.108 237500.914  15.7%  38.9  117s
  2958  2439 236986.679  130    9 282383.702 236986.679  16.1%  46.4  115s
  2157  1616 198786.076  165   13 323386.393 198786.076  38.5%  52.4  110s
  2065  1529 235936.790  182    9 280390.819 235936.790  15.9%  81.3  120s
  2361  1835 236961.545  124   12 281027.402 236961.545  15.7%  57.2  115s
  3441  2411 200310.390  232   10 281857.573 200310.390  28.9%  49.8  130s
  2306  1771 199957.991   91    8 281059.247 199957.991  28.9%  36.8  125s
  1763  1262 237500.914  114   25 281685.108 237500.914  15.7%  38.7  120s
  3422  2891 200463.204   69   11 324236.861 200463.204  38.2%  23.6  130s
  2689  2151 236638.185  106    8 282130.729 236638.185  16.1%  45.4  125s
  2033  1389 199523.975  227   12 280895.692 199523.975  29.0%  67.0  115s
  1874  1342 198933.039   75    9 323539.968 198933.039  38.5%  48.3  105s
  2353  1808 237628.941  189   15 324536.934 237628.941  26.8%  49.1  130s
  3171  2652 236986.679  128    9 282383.702 236986.679  16.1%  44.8  120s
  2314  1773 198786.076  186    9 323386.393 198786.076  38.5%  50.4  115s
  2205  1669 235936.790  179    9 280390.819 235936.790  15.9%  85.2  125s
  2529  2001 236961.545  123   12 281027.402 236961.545  15.7%  56.2  120s
  2500  1965 199957.991  117   12 281059.247 199957.991  28.9%  35.0  130s
  3591  2535 200310.390  269   11 281857.573 200310.390  28.9%  49.2  135s
  1871  1322 237500.914  120   13 281685.108 237500.914  15.7%  40.6  125s
  3619  3088 200463.204   93    9 324236.861 200463.204  38.2%  22.7  135s
  2843  2305 236638.185  155   22 282130.729 236638.185  16.1%  45.1  130s
  2191  1533 199523.975  305   20 280895.692 199523.975  29.0%  65.3  120s
  2021  1489 198933.039   93   28 323539.968 198933.039  38.5%  46.6  110s
  2450  1905 237628.941  187   24 324536.934 237628.941  26.8%  49.4  135s
  3329  2810 236986.679  130   13 282383.702 236986.679  16.1%  43.7  125s
  2486  1945 198786.076  196   13 323386.393 198786.076  38.5%  49.2  120s
  2345  1809 235936.790  182   14 280390.819 235936.790  15.9%  88.9  130s
  2707  2179 236961.545  114   12 281027.402 236961.545  15.7%  54.6  125s
  3819  2701 200310.390  123   20 281857.573 200310.390  28.9%  47.5  140s
  2670  2135 199957.991  107   10 281059.247 199957.991  28.9%  33.7  135s
  1982  1412 237500.914   89   15 281685.108 237500.914  15.7%  43.5  130s
H 2536  1993                    322016.55656 198786.076  38.3%  49.2  122s
  3865  3334 200463.204  121    9 324236.861 200463.204  38.2%  21.7  140s
  3032  2494 236638.185  160    8 282130.729 236638.185  16.1%  44.5  135s
  2324  1642 199523.975  101   11 280895.692 199523.975  29.0%  63.8  125s
  2222  1690 198933.039  113    7 323539.968 198933.039  38.5%  43.6  115s
  2626  2077 237628.941  212   10 324536.934 237628.941  26.8%  48.9  140s
  3566  3047 236986.679  133    9 282383.702 236986.679  16.1%  42.1  130s
  2587  2046 198786.076  214    7 322016.557 198786.076  38.3%  50.3  125s
  2478  1942 235936.790  178   11 280390.819 235936.790  15.9%  92.9  135s
  2841  2313 236961.545  121   12 281027.402 236961.545  15.7%  54.0  130s
  4006  2884 200310.390  216   19 281857.573 200310.390  28.9%  46.5  145s
  2843  2308 199957.991  103    8 281059.247 199957.991  28.9%  32.5  140s
  2102  1532 237500.914   95   13 281685.108 237500.914  15.7%  42.2  135s
  4085  3554 200463.204  143    9 324236.861 200463.204  38.2%  20.8  145s
  3283  2745 236638.185  142   12 282130.729 236638.185  16.1%  42.7  140s
  2456  1772 199523.975  167   31 280895.692 199523.975  29.0%  63.4  130s
  2424  1892 198933.039  146    9 323539.968 198933.039  38.5%  40.9  120s
  2779  2228 237628.941   82   27 324536.934 237628.941  26.8%  52.9  145s
  3819  3300 236986.679  121    7 282383.702 236986.679  16.1%  40.6  135s
  2654  2113 198786.076  225   16 322016.557 198786.076  38.3%  50.1  130s
  2583  2047 235936.790  178    9 280390.819 235936.790  15.9%  96.0  140s
  4168  3034 200310.390  282    7 281857.573 200310.390  28.9%  46.4  150s
  3020  2485 199957.991  110   10 281059.247 199957.991  28.9%  31.5  145s
  2221  1640 237500.914  118   13 281685.108 237500.914  15.7%  41.8  140s
  4335  3804 200463.204  172   17 324236.861 200463.204  38.2%  20.0  150s
  3495  2957 236638.185  170    7 282130.729 236638.185  16.1%  41.4  145s
  3011  2481 236961.545  122   12 281027.402 236961.545  15.7%  53.2  137s
  2594  1904 199523.975  129   18 280895.692 199523.975  29.0%  62.5  135s
  2595  2063 198933.039  162   11 323539.968 198933.039  38.5%  39.4  125s
  2916  2365 237628.941   95   46 324536.934 237628.941  26.8%  53.5  150s
H 2750  2205                    322011.90076 198786.076  38.3%  50.1  134s
  2704  2168 235936.790  168    9 280390.819 235936.790  15.9%  94.2  145s
  4004  3485 236986.679  129    9 282383.702 236986.679  16.1%  39.6  140s
  2750  2207 198786.076  185   16 322011.901 198786.076  38.3%  50.1  135s
  3102  2572 236961.545  131   16 281027.402 236961.545  15.7%  52.6  140s
  4450  3316 200310.390  310    9 281857.573 200310.390  28.9%  45.0  155s
  2327  1742 237500.914   74   15 281685.108 237500.914  15.7%  42.2  145s
  3199  2664 199957.991  127   13 281059.247 199957.991  28.9%  30.5  151s
  4556  4025 200463.204  184   11 324236.861 200463.204  38.2%  19.9  155s
  3675  3123 236638.185  106   19 282130.729 236638.185  16.1%  49.9  150s
  2709  2017 199523.975  188   20 280895.692 199523.975  29.0%  61.6  140s
  2775  2243 198933.039  109    7 323539.968 198933.039  38.5%  37.8  130s
  3030  2479 237628.941  152   18 324536.934 237628.941  26.8%  53.6  155s
  4235  3700 infeasible  150      282383.702 236986.679  16.1%  39.9  145s
  2859  2316 198786.076  171   16 322011.901 198786.076  38.3%  51.8  140s
  2856  2320 235936.790  178    9 280390.819 235936.790  15.9%  93.8  150s
  3283  2753 236961.545  117   16 281027.402 236961.545  15.7%  52.1  145s
  4655  3521 200310.390  303    7 281857.573 200310.390  28.9%  43.9  160s
  3348  2813 199957.991  140    8 281059.247 199957.991  28.9%  29.8  155s
  2437  1849 237500.914  125   23 281685.108 237500.914  15.7%  42.5  150s
  4739  4208 200463.204  154   21 324236.861 200463.204  38.2%  19.6  160s
  3868  3316 236638.185  115   17 282130.729 236638.185  16.1%  60.9  155s
  2920  2228 199523.975  225   13 280895.692 199523.975  29.0%  58.5  145s
  4359  3813 236986.679  136   15 282383.702 236986.679  16.1%  46.5  150s
  2958  2426 198933.039   63    9 323539.968 198933.039  38.5%  37.3  135s
H 3888  3334                    282124.86497 236638.185  16.1%  62.0  156s
  3128  2575 237628.941  207   14 324536.934 237628.941  26.8%  54.8  160s
  2946  2410 235936.790  181   11 280390.819 235936.790  15.9%  95.4  155s
  2965  2422 198786.076  132   18 322011.901 198786.076  38.3%  52.9  145s
  3464  2930 236961.545  116   18 281027.402 236961.545  15.7%  51.8  150s
  3531  2996 199957.991  156   12 281059.247 199957.991  28.9%  28.9  160s
  4905  3769 200310.390  314    9 281857.573 200310.390  28.9%  43.4  165s
  2547  1959 237500.914  133   17 281685.108 237500.914  15.7%  43.4  155s
  4961  4430 200463.204  135   11 324236.861 200463.204  38.2%  19.0  165s
  3973  3421 236638.185  123   25 282124.865 236638.185  16.1%  66.6  160s
  3143  2451 199523.975  220    9 280895.692 199523.975  29.0%  55.2  150s
  3057  2525 198933.039   78   13 323539.968 198933.039  38.5%  36.4  140s
  3265  2710 237639.701  208   27 324536.934 237628.941  26.8%  54.6  165s
  4513  3965 236986.679  139   11 282383.702 236986.679  16.1%  47.8  155s
  3093  2557 235936.790  182   20 280390.819 235936.790  15.9%  98.2  160s
  3127  2584 198786.076  152   13 322011.901 198786.076  38.3%  51.8  150s
  3641  3106 236961.545  121   12 281027.402 236961.545  15.7%  52.0  155s
  5136  4000 200310.390  310    7 281857.573 200310.390  28.9%  42.5  170s
  3697  3162 200240.574  160   71 281059.247 199957.991  28.9%  29.6  165s
  2661  2073 237500.914  143   16 281685.108 237500.914  15.7%  43.5  160s
  5231  4700 200463.204  111   15 324236.861 200463.204  38.2%  18.3  170s
  4168  3616 236638.185  100   23 282124.865 236638.185  16.1%  76.1  165s
  3236  2704 198933.039   95    7 323539.968 198933.039  38.5%  35.4  145s
  3337  2645 199523.975  219   11 280895.692 199523.975  29.0%  52.9  155s
  3424  2869 237628.941   60   23 324536.934 237628.941  26.8%  56.1  170s
  4752  4204 236986.679  151    9 282383.702 236986.679  16.1%  46.5  160s
  3235  2692 198786.076  169   24 322011.901 198786.076  38.3%  51.2  155s
  3248  2712 235936.790  176   11 280390.819 235936.790  15.9%   101  165s
H 5334  4196                    281394.89893 200310.390  28.8%  41.8  174s
H 5334  4196                    281305.34438 200310.390  28.8%  41.8  174s
  3830  3293 236961.545  123   32 281027.402 236961.545  15.7%  51.7  160s
  3787  3252 200188.878  158   65 281059.247 199957.991  28.9%  29.5  170s
  5334  4198 200311.689  285   27 281305.344 200310.390  28.8%  41.9  175s
H 3342  2808                    323533.02016 198933.039  38.5%  34.5  147s
  2777  2184 237500.914  130   17 281685.108 237500.914  15.7%  43.8  165s
  5433  4902 200463.204   91    9 324236.861 200463.204  38.2%  18.0  175s
  4366  3812 236638.185  103   21 282124.865 236638.185  16.1%  84.8  170s
  3542  2850 199523.975  225   13 280895.692 199523.975  29.0%  50.6  160s
  3424  2892 198933.039  115    7 323533.020 198933.039  38.5%  33.9  150s
  4913  4365 236986.679  137    9 282383.702 236986.679  16.1%  45.7  165s
  3550  2993 237628.941  122   16 324536.934 237628.941  26.8%  55.0  175s
  3372  2836 235936.790  174   11 280390.819 235936.790  15.9%   101  170s
  3451  2908 198786.076  200    7 322011.901 198786.076  38.3%  49.8  160s
  3990  3452 236961.545  117   18 281027.402 236961.545  15.7%  51.2  165s
  5492  4356 200310.390  297   12 281305.344 200310.390  28.8%  51.0  180s
  3950  3415 199957.991  162    8 281059.247 199957.991  28.9%  30.7  175s
  2870  2277 237500.914   88   20 281685.108 237500.914  15.7%  43.2  170s
  5698  5167 200463.204   72    9 324236.861 200463.204  38.2%  17.5  180s
  4559  4005 236638.185   87   21 282124.865 236638.185  16.1%  92.7  175s
  3531  2999 198933.039  128    9 323533.020 198933.039  38.5%  33.7  155s
  3773  3081 199523.975  221   11 280895.692 199523.975  29.0%  48.5  165s
  3703  3142 237628.941   92   13 324536.934 237628.941  26.8%  54.9  180s
  5111  4563 236986.679  128   11 282383.702 236986.679  16.1%  46.1  170s
H 5608  4470                    281305.18497 200310.390  28.8%  55.9  183s
  3587  3044 198786.076  195    7 322011.901 198786.076  38.3%  48.7  165s
  3535  2999 235936.790  181   27 280390.819 235936.790  15.9%   102  175s
  4127  3589 236961.545  122   14 281027.402 236961.545  15.7%  50.9  170s
  5631  4495 200311.689  294   26 281305.185 200310.390  28.8%  57.7  185s
  4141  3606 199957.991  184    8 281059.247 199957.991  28.9%  29.9  180s
H 5634  4496                    281304.54732 200310.390  28.8%  58.0  185s
  2986  2393 237500.914   76   13 281685.108 237500.914  15.7%  42.5  175s
  5944  5413 200463.204   56    9 324236.861 200463.204  38.2%  17.1  185s
  4707  4153 236638.185  162   20 282124.865 236638.185  16.1%  98.4  180s
  3988  3296 199523.975  218   13 280895.692 199523.975  29.0%  46.6  170s
  3692  3160 198933.039  144    7 323533.020 198933.039  38.5%  33.1  160s
  3903  3334 237628.941  121   19 324536.934 237628.941  26.8%  54.5  185s
  5246  4690 236986.679  147    7 282383.702 236986.679  16.1%  50.3  175s
  3779  3236 198786.076  197    7 322011.901 198786.076  38.3%  47.4  170s
H 6052  5519                    324183.34859 200463.204  38.2%  17.0  187s
  3647  3111 235936.790  179   13 280390.819 235936.790  15.9%   104  180s
  4310  3772 236961.545  117   12 281027.402 236961.545  15.7%  50.5  175s
  5797  4643 200310.390  329   13 281304.547 200310.390  28.8%  61.2  190s
  4339  3804 199957.991  207    8 281059.247 199957.991  28.9%  29.1  185s
  3098  2505 237500.914   69   18 281685.108 237500.914  15.7%  41.9  180s
  6149  5618 200463.204   72   11 324183.349 200463.204  38.2%  16.8  190s
  3862  3330 198933.039  162    6 323533.020 198933.039  38.5%  32.0  165s
  4019  3448 237628.941  170   18 324536.934 237628.941  26.8%  54.6  190s
  5417  4861 236986.679  127    9 282383.702 236986.679  16.1%  56.3  180s
  4224  3532 199523.975  211    9 280895.692 199523.975  29.0%  44.8  176s
  4863  4309 236638.185  153   21 282124.865 236638.185  16.1%   104  186s
  3941  3398 198786.076  201    9 322011.901 198786.076  38.3%  46.4  175s
  3801  3265 235936.790  182    9 280390.819 235936.790  15.9%   105  185s
  4489  3948 236961.545  115   14 281027.402 236961.545  15.7%  50.7  180s
  5983  4805 200310.390  354    8 281304.547 200310.390  28.8%  61.1  195s
  4533  3998 199957.991  230   12 281059.247 199957.991  28.9%  28.2  190s
  3201  2608 237500.914  124   11 281685.108 237500.914  15.7%  41.7  185s
  6421  5890 200463.204   98    9 324183.349 200463.204  38.2%  16.4  195s
  4985  4431 236638.185   61   47 282124.865 236638.185  16.1%   108  190s
  4402  3710 199523.975  233    7 280895.692 199523.975  29.0%  44.1  180s
  4014  3482 198933.039  175   14 323533.020 198933.039  38.5%  31.1  170s
  5556  5000 236986.679  132    7 282383.702 236986.679  16.1%  59.7  185s
  4181  3606 237628.941   62    7 324536.934 237628.941  26.8%  54.8  195s
  4126  3583 198786.076  199    7 322011.901 198786.076  38.3%  45.3  180s
  4677  4136 236961.545  129   11 281027.402 236961.545  15.7%  50.7  185s
  3887  3351 235936.790  180   17 280390.819 235936.790  15.9%   106  191s
  4663  4128 199957.991  240    8 281059.247 199957.991  28.9%  27.8  195s
  3315  2722 237500.914   86   13 281685.108 237500.914  15.7%  41.4  190s
  6666  6135 200463.204  124    9 324183.349 200463.204  38.2%  16.0  200s
  5111  4549 236638.185   44   16 282124.865 236638.185  16.1%   113  195s
H 4167  3633                    323508.26065 198933.039  38.5%  30.4  174s
  4584  3892 200350.109  223   64 280895.692 199523.975  29.0%  46.6  185s
  5735  5177 236986.679  126    9 282383.702 236986.679  16.1%  63.3  190s
  4179  3647 198933.039  173   11 323508.261 198933.039  38.5%  30.3  175s
  6096  4896 200310.390  311   12 281304.547 200310.390  28.8%  61.3  203s
  4275  3732 198786.076  200   13 322011.901 198786.076  38.3%  44.5  185s
  4025  3489 235936.790  177   13 280390.819 235936.790  15.9%   107  195s
  4371  3796 237628.941   97    9 324536.934 237628.941  26.8%  53.1  201s
  4840  4299 236961.545  120   12 281027.402 236961.545  15.7%  49.9  190s
  6158  4952 200310.390  315   14 281304.547 200310.390  28.8%  61.2  205s
  4850  4315 199957.991  188    8 281059.247 199957.991  28.9%  27.1  200s
  3438  2845 237500.914   88   13 281685.108 237500.914  15.7%  40.7  195s
  6918  6387 200463.204  151    9 324183.349 200463.204  38.2%  15.7  205s
  5242  4664 236638.185   65   16 282124.865 236638.185  16.1%   117  200s
  4653  3961 199523.975  219    9 280895.692 199523.975  29.0%  48.1  190s
  4314  3782 198933.039  169   14 323508.261 198933.039  38.5%  29.7  180s
  4544  3963 237628.941  120    7 324536.934 237628.941  26.8%  51.5  205s
  5822  5262 236986.679  126   25 282383.702 236986.679  16.1%  65.6  195s
  4531  3988 198786.076  197    7 322011.901 198786.076  38.3%  43.2  190s
  4181  3645 235936.790  174    9 280390.819 235936.790  15.9%   106  200s
  5043  4502 236961.545  126   20 281027.402 236961.545  15.7%  50.0  195s
  5034  4499 199957.991  161    8 281059.247 199957.991  28.9%  26.6  205s
  6337  5125 200310.390  110   16 281304.547 200310.390  28.8%  63.3  210s
  3579  2986 237500.914   79   17 281685.108 237500.914  15.7%  39.9  200s
  7188  6657 200463.204  168   46 324183.349 200463.204  38.2%  16.6  210s
  5381  4793 236638.185  159   21 282124.865 236638.185  16.1%   122  205s
  4882  4184 199523.975  217    9 280895.692 199523.975  29.0%  49.5  195s
  4522  3990 198933.039  175    6 323508.261 198933.039  38.5%  28.8  185s
  4764  4181 237628.941   99    7 324536.934 237628.941  26.8%  49.6  210s
  4696  4153 198786.076  181    9 322011.901 198786.076  38.3%  42.4  195s
  5948  5380 236986.679  134    9 282383.702 236986.679  16.1%  68.1  200s
H 7262  6729                    324183.04461 200463.204  38.2%  17.0  212s
  4341  3805 235936.790  174   17 280390.819 235936.790  15.9%   107  205s
  5226  4685 236961.545  124   16 281027.402 236961.545  15.7%  50.1  200s
  6500  5286 200310.390  112   19 281304.547 200310.390  28.8%  62.8  215s
  5260  4725 199957.991  134    8 281059.247 199957.991  28.9%  26.1  210s
  3730  3137 237500.914   57   15 281685.108 237500.914  15.7%  39.2  205s
  7337  6806 200463.204  164    7 324183.045 200463.204  38.2%  17.4  215s
  5506  4912 236638.185   69   14 282124.865 236638.185  16.1%   128  210s
  5077  4377 199523.975  238   12 280895.692 199523.975  29.0%  48.8  200s
  4699  4167 198933.039  150    7 323508.261 198933.039  38.5%  28.1  190s
  6110  5542 236986.679  125   11 282383.702 236986.679  16.1%  72.1  205s
  4964  4381 237628.941  107    7 324536.934 237628.941  26.8%  48.2  215s
  4505  3965 235936.790  170   11 280390.819 235936.790  15.9%   108  210s
  4924  4381 198786.076  206   11 322011.901 198786.076  38.3%  41.5  200s
  5412  4871 236961.545  122   14 281027.402 236961.545  15.7%  49.9  205s
  6697  5461 200310.390  209   14 281304.547 200310.390  28.8%  62.3  220s
  5443  4908 201698.092  156   67 281059.247 199957.991  28.9%  26.1  215s
  3829  3236 237500.914   93   13 281685.108 237500.914  15.7%  38.7  210s
  7607  7076 200463.204  161    9 324183.045 200463.204  38.2%  18.8  220s
  5600  5006 236638.185   72   33 282124.865 236638.185  16.1%   134  215s
  5271  4559 199523.975  257   21 280895.692 199523.975  29.0%  52.5  205s
  4908  4376 198933.039   65    7 323508.261 198933.039  38.5%  27.4  195s
  5130  4545 237628.941  120   16 324536.934 237628.941  26.8%  47.1  220s
  6204  5636 236986.679  116   11 282383.702 236986.679  16.1%  74.0  210s
  5125  4582 198786.076  201    7 322011.901 198786.076  38.3%  40.9  205s
  4678  4138 235936.790  160    9 280390.819 235936.790  15.9%   108  215s
  5608  5067 236961.545  127   18 281027.402 236961.545  15.7%  50.0  210s
  5652  5117 199957.991  153    8 281059.247 199957.991  28.9%  26.6  220s
  6878  5624 200310.390  105   19 281304.547 200310.390  28.8%  64.6  225s
  3975  3375 237500.914  126   13 281685.108 237500.914  15.7%  38.1  215s
  7864  7333 200463.204  168   10 324183.045 200463.204  38.2%  19.8  225s
  5694  5098 236638.185   55   27 282124.865 236638.185  16.1%   139  220s
  5377  4650 199523.975  238   13 280895.692 199523.975  29.0%  61.5  210s
  4980  4448 198933.039   56    7 323508.261 198933.039  38.5%  27.2  200s
  6397  5829 236986.679  120   15 282383.702 236986.679  16.1%  77.6  215s
  5365  4822 198786.076  210    9 322011.901 198786.076  38.3%  40.2  210s
  5340  4755 237628.941  126    7 324536.934 237628.941  26.8%  47.8  225s
  4873  4333 235936.790  175   13 280390.819 235936.790  15.9%   104  220s
  5807  5263 236961.545  121   14 281027.402 236961.545  15.7%  49.9  215s
  7028  5764 200310.390  178   13 281304.547 200310.390  28.8%  63.7  230s
  5806  5271 199957.991  122   42 281059.247 199957.991  28.9%  28.5  225s
  4121  3511 237500.914  130   27 281685.108 237500.914  15.7%  38.4  220s
  8099  7568 200463.204  166   11 324183.045 200463.204  38.2%  20.8  230s
  5791  5193 236638.185   59   13 282124.865 236638.185  16.1%   144  225s
  5498  4761 199523.975  234   18 280895.692 199523.975  29.0%  72.9  215s
  5167  4635 198933.039   58    9 323508.261 198933.039  38.5%  26.7  205s
  5522  4937 237628.941  122    7 324536.934 237628.941  26.8%  47.2  230s
  6586  6018 236986.679  127    7 282383.702 236986.679  16.1%  81.5  220s
  5648  5105 198786.076  212    9 322011.901 198786.076  38.3%  39.5  215s
  4988  4448 235936.790  176    9 280390.819 235936.790  15.9%   104  225s
  7176  5902 200310.390  251   16 281304.547 200310.390  28.8%  62.9  235s
  5937  5402 199957.991  180   16 281059.247 199957.991  28.9%  30.6  230s
  5907  5361 236961.545  114   14 281027.402 236961.545  15.7%  49.8  221s
  4270  3627 237500.914  120   25 281685.108 237500.914  15.7%  39.1  225s
  8307  7776 200463.204  163    9 324183.045 200463.204  38.2%  21.8  235s
  5909  5301 236638.185   69   28 282124.865 236638.185  16.1%   151  230s
  5592  4843 199523.975  223    9 280895.692 199523.975  29.0%  79.3  220s
  5343  4811 198933.039   78    7 323508.261 198933.039  38.5%  26.2  210s
  6719  6151 236986.679  128   11 282383.702 236986.679  16.1%  84.3  225s
  5666  5081 237628.941  111    7 324536.934 237628.941  26.8%  47.3  235s
  5152  4612 235936.790  178   19 280390.819 235936.790  15.9%   104  230s
  6085  5538 236961.545  117   22 281027.402 236961.545  15.7%  49.4  225s
  5877  5334 198786.076  209   11 322011.901 198786.076  38.3%  39.1  221s
  7385  6093 200310.390  154    8 281304.547 200310.390  28.8%  64.7  240s
  6153  5618 199957.991  191    8 281059.247 199957.991  28.9%  30.2  235s
  4411  3723 237500.914  133   17 281685.108 237500.914  15.7%  39.1  230s
  8561  8030 200463.204  169    8 324183.045 200463.204  38.2%  22.5  240s
  5967  5355 236638.185   54   39 282124.865 236638.185  16.1%   154  235s
  5778  5003 199523.975  265   17 280895.692 199523.975  29.0%  79.2  225s
  5877  5288 237628.941  126    9 324536.934 237628.941  26.8%  46.3  240s
  6893  6325 236986.679  135   13 282383.702 236986.679  16.1%  84.0  230s
  6012  5469 198786.076  194    7 322011.901 198786.076  38.3%  38.8  225s
  5511  4979 198933.039   95   27 323508.261 198933.039  38.5%  27.2  216s
  6295  5747 236961.545  122   16 281027.402 236961.545  15.7%  49.0  230s
  7641  6349 200310.390  188    8 281304.547 200310.390  28.8%  63.5  245s
  5287  4747 235936.790  180   18 280390.819 235936.790  15.9%   104  236s
  6343  5808 199957.991  210    8 281059.247 199957.991  28.9%  29.6  240s
  4527  3837 237500.914  156   24 281685.108 237500.914  15.7%  44.3  235s
H 6002  5182                    280396.33518 199523.975  28.8%  77.5  228s
  8766  8235 200463.204  156    9 324183.045 200463.204  38.2%  23.1  245s
  6084  5464 236638.185   64   31 282124.865 236638.185  16.1%   160  240s
  6076  5248 199523.975  332   10 280396.335 199523.975  28.8%  77.0  230s
  5649  5117 198933.039  106    7 323508.261 198933.039  38.5%  26.9  220s
  6050  5461 237628.941  124    7 324536.934 237628.941  26.8%  47.2  245s
  7085  6517 236986.679  166    9 282383.702 236986.679  16.1%  82.2  235s
  6269  5726 198786.076  197    9 322011.901 198786.076  38.3%  38.2  230s
  5394  4854 235936.790  176   11 280390.819 235936.790  15.9%   105  240s
  6517  5969 236961.545  125   11 281027.402 236961.545  15.7%  49.2  235s
  6545  6010 199957.991  226    8 281059.247 199957.991  28.9%  29.1  245s
  7826  6508 200310.390   46   15 281304.547 200310.390  28.8%  66.9  251s
  4652  3962 237500.914  157   16 281685.108 237500.914  15.7%  44.8  240s
  8984  8453 200463.204  133    9 324183.045 200463.204  38.2%  23.1  250s
  6200  5572 236638.185   68   12 282124.865 236638.185  16.1%   166  245s
  5807  5275 198933.039  137   11 323508.261 198933.039  38.5%  27.1  225s
  6187  5596 237628.941  125   17 324536.934 237628.941  26.8%  46.8  250s
  6211  5367 200981.395  319   76 280396.335 199523.975  28.8%  84.0  235s
  7337  6769 236986.679  194    9 282383.702 236986.679  16.1%  80.1  240s
  6512  5969 198786.076  202    7 322011.901 198786.076  38.3%  37.6  235s
  5547  5007 235936.790  175   13 280390.819 235936.790  15.9%   105  245s
  6754  6202 236961.545  120   18 281027.402 236961.545  15.7%  48.9  240s
  6774  6239 199957.991  248    8 281059.247 199957.991  28.9%  28.4  250s
  8013  6693 200310.390  139   16 281304.547 200310.390  28.8%  66.0  255s
  4790  4099 237500.914  193   18 281685.108 237500.914  15.7%  46.4  245s
  9281  8750 200463.204  109    9 324183.045 200463.204  38.2%  22.6  255s
  6320  5684 236638.185   55   14 282124.865 236638.185  16.1%   171  250s
  6266  5405 210301.081  244   62 280396.335 199523.975  28.8%  87.6  240s
  5961  5429 198933.039  115   11 323508.261 198933.039  38.5%  26.9  230s
  6394  5801 237628.941  121    7 324536.934 237628.941  26.8%  46.7  255s
  7545  6977 236986.679  214   11 282383.702 236986.679  16.1%  78.4  245s
  6827  6284 198786.076  197    7 322011.901 198786.076  38.3%  37.0  240s
  5685  5145 235936.790  170    9 280390.819 235936.790  15.9%   105  250s
  6951  6395 236961.545  124   18 281027.402 236961.545  15.7%  49.0  245s
  6890  6355 199957.991  248   10 281059.247 199957.991  28.9%  28.1  255s
H 8192  6854                    281100.43557 200310.390  28.7%  66.3  260s
  4903  4186 237500.914  200   29 281685.108 237500.914  15.7%  47.8  250s
H 9519  8986                    324182.74062 200463.204  38.2%  22.3  260s
  6410  5766 236638.185   71   34 282124.865 236638.185  16.1%   175  255s
  6415  5527 199523.975  243   15 280396.335 199523.975  28.8%  94.3  245s
  6128  5596 198933.039  121   32 323508.261 198933.039  38.5%  27.6  235s
  6598  6003 237628.941  135   12 324536.934 237628.941  26.8%  46.9  260s
  7115  6572 198786.076  205    9 322011.901 198786.076  38.3%  36.4  245s
  7703  7133 236986.679  229   11 282383.702 236986.679  16.1%  77.2  250s
  5838  5298 235936.790  182    9 280390.819 235936.790  15.9%   104  255s
  7185  6627 236961.545  117   22 281027.402 236961.545  15.7%  48.8  250s
  8323  6981 200310.390   82   40 281100.436 200310.390  28.7%  70.3  265s
  7111  6576 199957.991  249   10 281059.247 199957.991  28.9%  27.5  260s
  5024  4296 237500.914  215   15 281685.108 237500.914  15.7%  49.7  255s
  9740  9209 200463.204   80   11 324182.741 200463.204  38.2%  21.9  265s
  6524  5878 236638.185   64   12 282124.865 236638.185  16.1%   179  260s
  6508  5609 199523.975  234   15 280396.335 199523.975  28.8%  97.6  250s
  6780  6181 237628.941  134   16 324536.934 237628.941  26.8%  47.4  265s
  6339  5807 198933.039  145    6 323508.261 198933.039  38.5%  27.4  240s
  7873  7301 236986.679  246    9 282383.702 236986.679  16.1%  75.9  255s
  7258  6715 198786.076  196    9 322011.901 198786.076  38.3%  36.1  250s
  6016  5476 235936.790  184    9 280390.819 235936.790  15.9%   106  260s
  7396  6838 236961.545  112   12 281027.402 236961.545  15.7%  48.8  255s
H 8466  7117                    281040.83881 200310.390  28.7%  73.1  269s
  7351  6816 199957.991  249    8 281059.247 199957.991  28.9%  27.0  265s
  8466  7119 200310.390  120   21 281040.839 200310.390  28.7%  73.1  270s
H 7438  6878                    280997.77778 236961.545  15.7%  48.6  256s
H 7438  6878                    280956.48061 236961.545  15.7%  48.6  256s
  5150  4421 237500.914  201   18 281685.108 237500.914  15.7%  56.4  260s
  9998  9467 200463.204   51    9 324182.741 200463.204  38.2%  21.6  270s
  6621  5975 236638.185   74   39 282124.865 236638.185  16.1%   183  265s
  6670  5761 199523.975  168   15 280396.335 199523.975  28.8%   103  255s
  6457  5925 198933.039  136   11 323508.261 198933.039  38.5%  27.1  245s
  7552  7009 198786.076  195    9 322011.901 198786.076  38.3%  35.5  255s
  6169  5629 235936.790  179    9 280390.819 235936.790  15.9%   107  265s
  6954  6355 237628.941  135   33 324536.934 237628.941  26.8%  48.4  271s
  7604  7046 236961.545  127   18 280956.481 236961.545  15.7%  48.5  260s
  8658  7303 200310.390  254    7 281040.839 200310.390  28.7%  73.9  275s
  7589  7054 199957.991  252   10 281059.247 199957.991  28.9%  26.4  270s
  8024  7444 236986.679  263   11 282383.702 236986.679  16.1%  74.9  262s
  5229  4500 237500.914  163   20 281685.108 237500.914  15.7%  60.9  265s
 10263  9732 200463.204   55    9 324182.741 200463.204  38.2%  21.2  275s
  6722  6064 236638.185   77   17 282124.865 236638.185  16.1%   186  270s
  6800  5881 210621.080  227   69 280396.335 199523.975  28.8%   108  260s
  6584  6052 198933.039  125   25 323508.261 198933.039  38.5%  26.9  250s
  7118  6519 237628.941  133    5 324536.934 237628.941  26.8%  48.0  275s
  8135  7533 236986.679  275   11 282383.702 236986.679  16.1%  74.1  265s
  7822  7279 198786.076  196    7 322011.901 198786.076  38.3%  35.1  260s
  6274  5734 235936.790  183   17 280390.819 235936.790  15.9%   108  270s
  7809  7251 236961.545  114   14 280956.481 236961.545  15.7%  48.3  265s
  7823  7288 199957.991  247   10 281059.247 199957.991  28.9%  25.9  275s
  8850  7480 200310.390  187   24 281040.839 200310.390  28.7%  74.1  280s
H10441  9908                    324182.13265 200463.204  38.2%  21.0  279s
  5313  4584 237500.914  142   27 281685.108 237500.914  15.7%  65.6  270s
 10460  9929 200463.204   53   11 324182.133 200463.204  38.2%  21.0  280s
  6853  6179 236638.185   68   23 282124.865 236638.185  16.1%   189  275s
  6913  5994 199523.975  103   24 280396.335 199523.975  28.8%   108  265s
  7355  6750 237628.941  120    7 324536.934 237628.941  26.8%  48.9  280s
  8371  7756 236986.679  306    5 282383.702 236986.679  16.1%  73.1  270s
  8043  7500 198786.076  211    9 322011.901 198786.076  38.3%  34.8  265s
  6452  5912 235936.790  182    9 280390.819 235936.790  15.9%   107  275s
  6742  6210 198933.039  127   17 323508.261 198933.039  38.5%  26.9  256s
  7983  7423 236961.545  120   12 280956.481 236961.545  15.7%  48.4  270s
  9049  7667 200310.390   96   18 281040.839 200310.390  28.7%  75.2  285s
  7944  7409 199957.991  249   10 281059.247 199957.991  28.9%  25.7  280s
  5425  4696 237500.914   89   29 281685.108 237500.914  15.7%  70.3  275s
 10739 10208 200463.204   64   13 324182.133 200463.204  38.2%  20.7  285s
  6970  6285 236638.185   26   14 282124.865 236638.185  16.1%   193  280s
  7066  6143 199523.975  219    9 280396.335 199523.975  28.8%   113  270s
  6852  6320 198933.039  115   11 323508.261 198933.039  38.5%  26.7  260s
  8715  7468 236986.679  233    9 282383.702 236986.679  16.1%  76.2  275s
  7491  6886 237628.941  130    7 324536.934 237628.941  26.8%  49.1  285s
  8271  7728 198786.076  221   30 322011.901 198786.076  38.3%  35.2  270s
  6559  6017 235936.790  184    9 280390.819 235936.790  15.9%   108  280s
  8195  7635 236961.545  125   20 280956.481 236961.545  15.7%  48.1  275s
  9227  7841 200310.390  183   14 281040.839 200310.390  28.7%  74.6  290s
  8161  7626 199957.991  245    8 281059.247 199957.991  28.9%  25.3  285s
  5517  4788 237500.914   81   25 281685.108 237500.914  15.7%  73.8  280s
 11033 10502 200463.204   85    9 324182.133 200463.204  38.2%  20.3  290s
  7077  6384 236638.185  111   21 282124.865 236638.185  16.1%   196  285s
  7201  6274 199523.975  223   18 280396.335 199523.975  28.8%   114  275s
  6988  6456 198933.039  141    9 323508.261 198933.039  38.5%  27.0  265s
  7691  7084 237628.941  127    5 324536.934 237628.941  26.8%  49.9  290s
  8383  7840 198786.076  225   21 322011.901 198786.076  38.3%  36.7  275s
  8791  7523 236986.679  241    9 282383.702 236986.679  16.1%  76.9  280s
  6712  6170 235936.790  184   18 280390.819 235936.790  15.9%   110  285s
  8407  7847 236961.545  124   20 280956.481 236961.545  15.7%  48.2  280s
  9462  8042 200310.390  276    7 281040.839 200310.390  28.7%  73.6  295s
  8394  7859 199957.991  242    8 281059.247 199957.991  28.9%  24.8  290s
  5628  4899 237500.914   75   29 281685.108 237500.914  15.7%  77.6  285s
 11238 10707 200463.204  101   11 324182.133 200463.204  38.2%  20.0  295s
  7185  6489 236638.185   80   41 282124.865 236638.185  16.1%   201  290s
  7307  6374 199523.975  160   10 280396.335 199523.975  28.8%   117  280s
  7176  6644 198933.039  102   11 323508.261 198933.039  38.5%  26.5  270s
  8873  7501 infeasible  230      282383.702 236986.679  16.1%  78.4  285s
  7910  7299 237628.941  131    7 324536.934 237628.941  26.8%  50.0  295s
  8583  8040 198786.076  207   11 322011.901 198786.076  38.3%  39.7  280s
  6893  6351 235936.790  186    9 280390.819 235936.790  15.9%   110  290s
  8606  8045 236961.545  121   12 280956.481 236961.545  15.7%  48.3  285s
  9637  8213 200310.390  288    7 281040.839 200310.390  28.7%  72.6  300s
  8572  8037 199957.991  249    8 281059.247 199957.991  28.9%  24.5  295s
  5725  4996 237500.914   86   24 281685.108 237500.914  15.7%  80.6  290s
 11522 10991 200463.204  129    9 324182.133 200463.204  38.2%  19.7  300s
  7300  6598 236638.185   78   39 282124.865 236638.185  16.1%   205  295s
  7365  6833 198933.039   93    7 323508.261 198933.039  38.5%  27.0  275s
  8100  7489 237628.941  114    7 324536.934 237628.941  26.8%  50.8  300s
  8991  7551 236986.679  242    9 282383.702 236986.679  16.1%  81.5  290s
  8774  8231 198786.076  218    8 322011.901 198786.076  38.3%  39.9  285s
  7015  6473 235936.790  184   20 280390.819 235936.790  15.9%   111  295s
  8810  8248 236961.545  126   11 280956.481 236961.545  15.7%  48.0  290s
H 9905  8471                    281020.42415 200310.390  28.7%  71.4  304s
  9906  8474 200312.290  314   56 281020.424 200310.390  28.7%  71.4  305s
  8807  8272 199957.991  233    8 281059.247 199957.991  28.9%  24.1  300s
  7438  6504 200350.109  223   61 280396.335 199523.975  28.8%   119  288s
  5814  5085 237500.914   90   28 281685.108 237500.914  15.7%  83.3  295s
 11792 11261 200463.204  155   11 324182.133 200463.204  38.2%  19.4  305s
  7407  6701 236638.185   80   19 282124.865 236638.185  16.1%   209  300s
  7476  6541 199530.533   42   29 280396.335 199523.975  28.8%   121  290s
  7559  7027 198933.039   99    7 323508.261 198933.039  38.5%  27.1  280s
  8328  7715 237628.941  132    5 324536.934 237628.941  26.8%  50.5  305s
  9100  7584 236986.679  250    9 282383.702 236986.679  16.1%  84.7  295s
  8950  8407 198786.076  225   10 322011.901 198786.076  38.3%  39.8  290s
  7168  6626 235936.790  184   15 280390.819 235936.790  15.9%   112  300s
 10121  8689 200310.390  315   16 281020.424 200310.390  28.7%  70.9  310s
  9011  8476 199957.991  193    8 281059.247 199957.991  28.9%  23.8  305s
  5922  5193 237500.914   92   23 281685.108 237500.914  15.7%  86.5  300s
  8988  8426 236961.545  124   15 280956.481 236961.545  15.7%  47.8  296s
  7502  6792 236638.185   69   11 282124.865 236638.185  16.1%   213  305s
 11947 11416 200463.204  181   12 324182.133 200463.204  38.2%  19.3  310s
  7588  6651 199523.975  160   13 280396.335 199523.975  28.8%   123  295s
  7718  7186 198933.039  104    7 323508.261 198933.039  38.5%  27.0  285s
  8440  7827 237628.941  124    7 324536.934 237628.941  26.8%  50.7  310s
  9247  7583 236986.679  241   12 282383.702 236986.679  16.1%  87.4  300s
  7290  6748 235936.790  181    9 280390.819 235936.790  15.9%   112  305s
  9132  8568 236961.545  122   12 280956.481 236961.545  15.7%  47.6  300s
  9140  8597 198786.076  201   13 322011.901 198786.076  38.3%  43.1  296s
 10418  8982 200310.390  306    7 281020.424 200310.390  28.7%  70.1  315s
  9223  8688 199957.991  169   20 281059.247 199957.991  28.9%  23.6  310s
  6029  5300 237500.914   67   25 281685.108 237500.914  15.7%  89.7  305s
 12153 11622 200463.204  201   10 324182.133 200463.204  38.2%  19.2  315s
  7809  6872 199523.975  218    7 280396.335 199523.975  28.8%   120  300s
  7903  7371 198933.039  114    9 323508.261 198933.039  38.5%  26.7  290s
  7653  6927 236638.185  167   11 282124.865 236638.185  16.1%   212  311s
  8652  8039 237628.941  115    7 324536.934 237628.941  26.8%  50.8  315s
  9328  7616 236986.679  258    9 282383.702 236986.679  16.1%  89.0  305s
  9301  8758 207656.066  210   73 322011.901 198786.076  38.3%  46.2  300s
  7445  6903 235936.790  182    9 280390.819 235936.790  15.9%   113  310s
  9350  8783 236961.545  134   12 280956.481 236961.545  15.7%  47.2  305s
  9360  8825 199957.991  179   14 281059.247 199957.991  28.9%  24.7  315s
 10634  9198 200318.820  316   61 281020.424 200310.390  28.7%  69.5  320s
  6078  5349 237500.914   61   34 281685.108 237500.914  15.7%  91.1  310s
 12413 11882 200463.204  211    8 324182.133 200463.204  38.2%  19.3  320s
  7857  7111 236638.185  185   20 282124.865 236638.185  16.1%   207  315s
  8002  7065 199523.975  238    7 280396.335 199523.975  28.8%   118  305s
  8094  7562 198933.039   89   12 323508.261 198933.039  38.5%  27.1  295s
  8888  8275 237628.941   95    9 324536.934 237628.941  26.8%  49.9  320s
  9957  7053 infeasible  142      282383.702 236986.679  16.1%  88.2  310s
  9482  8939 198786.076  205   23 322011.901 198786.076  38.3%  50.2  305s
  7604  7062 235936.790  182    9 280390.819 235936.790  15.9%   112  315s
  9592  9015 236961.545  119   11 280956.481 236961.545  15.7%  46.8  310s
 10865  9429 200310.390  308    7 281020.424 200310.390  28.7%  68.9  325s
  9580  9045 199957.991  191   10 281059.247 199957.991  28.9%  24.7  320s
  6188  5459 237500.914  114   21 281685.108 237500.914  15.7%  94.2  315s
 12634 12103 200463.204  233   28 324182.133 200463.204  38.2%  19.7  325s
  8144  7312 236638.185  209   11 282124.865 236638.185  16.1%   202  320s
  8155  7218 199523.975  247    7 280396.335 199523.975  28.8%   116  310s
  8210  7678 198933.039  105    9 323508.261 198933.039  38.5%  27.3  300s
  9125  8512 237628.941  118   16 324536.934 237628.941  26.8%  48.9  325s
 11687  5323 infeasible  122      282383.702 236986.679  16.1%  76.1  315s
  9615  9072 198786.076  205   30 322011.901 198786.076  38.3%  53.1  310s
  7795  7253 235936.790  184   15 280390.819 235936.790  15.9%   112  320s
  9823  9246 236961.545  123   11 280956.481 236961.545  15.7%  46.7  315s
  9791  9256 199957.991  211    8 281059.247 199957.991  28.9%  24.4  325s
 11066  9630 200310.390  312   11 281020.424 200310.390  28.7%  68.3  330s
  6296  5567 237500.914   90   30 281685.108 237500.914  15.7%  97.1  320s
 12788 12257 200463.204  229    8 324182.133 200463.204  38.2%  19.9  330s
  8429  7529 236638.185  212   11 282124.865 236638.185  16.1%   197  325s
  8290  7353 199523.975  263    9 280396.335 199523.975  28.8%   115  315s
  8419  7887 198933.039  108    7 323508.261 198933.039  38.5%  27.5  305s
  9339  8726 237628.941  128    7 324536.934 237628.941  26.8%  48.9  330s
 13079  3933 236986.679   63   11 282383.702 236986.679  16.1%  68.4  320s
  9810  9267 198786.076  210    7 322011.901 198786.076  38.3%  56.4  315s
  7929  7387 235936.790  176    9 280390.819 235936.790  15.9%   112  325s
 10031  9453 236961.545  117   24 280956.481 236961.545  15.7%  46.8  320s
  9931  9396 199957.991  217    8 281059.247 199957.991  28.9%  24.2  330s
 11336  9898 200310.390  312   15 281020.424 200310.390  28.7%  67.8  335s
H 9820  9275                    280260.84296 198786.076  29.1%  56.6  317s
  6400  5671 237500.914   91   26 281685.108 237500.914  15.7%   100  325s
 13029 12498 200463.204  208   15 324182.133 200463.204  38.2%  20.1  335s
  8643  7668 236638.185  206   15 282124.865 236638.185  16.1%   194  330s
  8438  7501 199539.217  240   29 280396.335 199523.975  28.8%   117  320s
  8648  8116 198933.039  108    7 323508.261 198933.039  38.5%  27.5  310s
  9508  8895 237628.941  109    7 324536.934 237628.941  26.8%  48.9  335s
 13110  3928 236986.679   64   29 282383.702 236986.679  16.1%  68.5  325s
  9922  9379 207857.098  217   70 280260.843 198786.076  29.1%  58.4  320s
  8094  7550 235936.790  169    9 280390.819 235936.790  15.9%   112  330s
 10259  9681 236961.545  123   18 280956.481 236961.545  15.7%  46.5  325s
 11573 10131 200310.390  303   12 281020.424 200310.390  28.7%  67.3  340s
 10160  9625 199957.991  237    8 281059.247 199957.991  28.9%  24.0  335s
  6477  5748 237500.914   60   24 281685.108 237500.914  15.7%   102  330s
 13275 12744 200463.204  210    8 324182.133 200463.204  38.2%  20.3  340s
  8944  7917 236638.185  190    9 282124.865 236638.185  16.1%   189  335s
  8479  7542 199523.975  220   24 280396.335 199523.975  28.8%   118  325s
  8773  8241 198933.039   95   17 323508.261 198933.039  38.5%  27.3  315s
  9728  9115 237628.941  131    7 324536.934 237628.941  26.8%  48.5  340s
 10117  9574 198786.076  196    7 280260.843 198786.076  29.1%  62.9  325s
  8265  7721 235936.790  179   17 280390.819 235936.790  15.9%   111  335s
 13148  3906 236986.679   54   13 282383.702 236986.679  16.1%  68.5  330s
 10461  9883 236961.545  132   14 280956.481 236961.545  15.7%  46.1  330s
 11754 10312 200310.390  314    7 281020.424 200310.390  28.7%  66.9  345s
 10386  9851 199957.991  235   26 281059.247 199957.991  28.9%  24.4  340s
  6585  5856 237500.914   44   36 281685.108 237500.914  15.7%   105  335s
 13413 12882 200463.204  215    8 324182.133 200463.204  38.2%  20.5  345s
  9073  8025 236638.185  180   21 282124.865 236638.185  16.1%   187  340s
  8931  8399 198933.039  106    7 323508.261 198933.039  38.5%  27.5  320s
  9930  9317 237628.941  133   17 324536.934 237628.941  26.8%  48.5  345s
  8560  7623 199558.856  253   30 280396.335 199523.975  28.8%   126  331s
 10246  9703 198786.076  202   11 280260.843 198786.076  29.1%  65.6  330s
  8380  7836 235936.790  180    9 280390.819 235936.790  15.9%   112  340s
 13189  3887 236986.679   57   25 282383.702 236986.679  16.1%  68.5  335s
 10679 10089 236961.545  133   16 280956.481 236961.545  15.7%  45.6  335s
 10500  9965 199957.991  199   28 281059.247 199957.991  28.9%  25.6  345s
 11985 10541 200310.390  309    7 281020.424 200310.390  28.7%  66.5  350s
  6657  5928 237500.914   57   23 281685.108 237500.914  15.7%   107  340s
 13628 13097 200463.204  212    8 324182.133 200463.204  38.2%  21.0  350s
  9379  8271 236638.185  204   24 282124.865 236638.185  16.1%   183  345s
  8614  7677 199545.202  243   36 280396.335 199523.975  28.8%   132  335s
  9138  8606 198933.039   57    7 323508.261 198933.039  38.5%  27.1  325s
 10031  9416 237628.941  122   16 324536.934 237628.941  26.8%  48.9  350s
 13227  3875 236986.679   63   24 282383.702 236986.679  16.1%  68.5  340s
 10476  9933 207400.074  202   78 280260.843 198786.076  29.1%  69.3  335s
  8526  7982 235936.790  182   16 280390.819 235936.790  15.9%   113  345s
 10860 10266 236961.545  139   12 280956.481 236961.545  15.7%  45.1  340s
 12200 10754 200310.390  300    7 281020.424 200310.390  28.7%  66.0  355s
 10737 10202 199957.991  209    7 281059.247 199957.991  28.9%  26.0  350s
  6775  6042 237500.914  202   12 281685.108 237500.914  15.7%   109  345s
 13858 13327 200463.204  209    8 324182.133 200463.204  38.2%  21.2  355s
  9685  8479 236638.185  211   18 282124.865 236638.185  16.1%   180  350s
  8665  7728 199788.816  230   73 280396.335 199523.975  28.8%   136  340s
  9340  8808 198933.039   31    9 323508.261 198933.039  38.5%  26.9  330s
 13250  3876 236986.679   68   10 282383.702 236986.679  16.1%  68.5  345s
 10630 10087 198786.076  203    9 280260.843 198786.076  29.1%  71.7  340s
 10233  9616 237628.941  128   16 324536.934 237628.941  26.8%  49.1  355s
  8702  8158 235936.790  184    9 280390.819 235936.790  15.9%   113  350s
 11065 10463 236961.545  119   12 280956.481 236961.545  15.7%  44.9  345s
 10960 10425 199957.991  229    9 281059.247 199957.991  28.9%  25.8  355s
 12443 10993 200310.390  304    7 281020.424 200310.390  28.7%  65.1  360s
  7030  6254 237500.914  228   12 281685.108 237500.914  15.7%   107  350s
 14072 13541 200463.204  212   13 324182.133 200463.204  38.2%  21.3  360s
  9981  8730 236638.185  213    9 282124.865 236638.185  16.1%   176  355s
  8803  7866 199523.975  207   15 280396.335 199523.975  28.8%   141  345s
 10435  9818 237628.941  129   17 324536.934 237628.941  26.8%  48.9  360s
  9417  8885 198933.039   38    7 323508.261 198933.039  38.5%  26.9  335s
 10840 10297 198786.076  203    9 280260.843 198786.076  29.1%  75.3  345s
  8778  8234 235936.790  173    9 280390.819 235936.790  15.9%   113  355s
 11178 10576 236961.545  132   14 280956.481 236961.545  15.7%  44.6  350s
 13381  3999 236986.679   86   11 282383.702 236986.679  16.1%  68.0  351s
 12605 11155 200310.390  319    7 281020.424 200310.390  28.7%  64.6  365s
 11121 10586 199957.991  234    9 281059.247 199957.991  28.9%  25.7  360s
  7158  6382 237500.914  235    9 281685.108 237500.914  15.7%   105  355s
 14330 13799 200463.204  200   10 324182.133 200463.204  38.2%  21.4  365s
  8868  7912 203055.845  206   78 280396.335 199523.975  28.8%   145  350s
 10242  8958 236638.185  173    9 282124.865 236638.185  16.1%   173  360s
  9614  9082 198933.039  142    7 323508.261 198933.039  38.5%  26.6  340s
 10662 10045 237628.941  133   16 324536.934 237628.941  26.8%  48.8  365s
 13490  4108 236986.679   96   13 282383.702 236986.679  16.1%  67.7  355s
 10969 10426 198786.076  191   29 280260.843 198786.076  29.1%  77.6  350s
  8961  8415 235936.790  172   11 280390.819 235936.790  15.9%   112  360s
 11417 10805 236961.545  135   18 280956.481 236961.545  15.7%  44.0  355s
 12835 11385 200310.390  315   12 281020.424 200310.390  28.7%  64.3  370s
 11346 10811 199957.991  234    9 281059.247 199957.991  28.9%  25.6  365s
  7381  6605 237500.914  234   15 281685.108 237500.914  15.7%   103  360s
 14510 13979 200463.204  209    9 324182.133 200463.204  38.2%  21.3  370s
 10466  9160 236638.185  183   14 282124.865 236638.185  16.1%   171  365s
  8992  8006 209102.703  149   90 280396.335 199523.975  28.8%   152  355s
  9768  9236 198933.039  162    6 323508.261 198933.039  38.5%  26.5  345s
 10876 10257 237628.941  120    7 324536.934 237628.941  26.8%  48.5  370s
 13695  4313 236986.679   90    9 282383.702 236986.679  16.1%  67.0  360s
 11140 10597 198786.076  206   13 280260.843 198786.076  29.1%  80.4  355s
  9126  8580 235936.790  183   16 280390.819 235936.790  15.9%   112  365s
 11662 11038 236961.545  149   16 280956.481 236961.545  15.7%  43.5  360s
 13037 11587 200310.390  315   15 281020.424 200310.390  28.7%  63.9  375s
H11176 10631                    280252.35371 198786.076  29.1%  81.3  356s
H11176 10631                    279669.32312 198786.076  28.9%  81.3  356s
H11176 10631                    279475.59362 198786.076  28.9%  81.3  356s
  7597  6819 237500.914  248    7 281685.108 237500.914  15.7%   101  365s
 11527 10992 199957.991  235    9 281059.247 199957.991  28.9%  25.5  370s
 14735 14204 200463.204  223    8 324182.133 200463.204  38.2%  21.4  375s
 10711  9359 236638.185  205    9 282124.865 236638.185  16.1%   168  370s
  9046  8048 203055.845  215   80 280396.335 199523.975  28.8%   156  360s
 11077 10458 237628.941  133   27 324536.934 237628.941  26.8%  48.3  375s
  9839  9307 198933.039   78   11 323508.261 198933.039  38.5%  26.4  350s
 11323 10780 207529.201  205   82 279475.594 198786.076  28.9%  83.7  360s
  9293  8747 235936.790  176   15 280390.819 235936.790  15.9%   112  370s
 13864  4482 236986.679  106   11 282383.702 236986.679  16.1%  66.4  365s
 11868 11244 236961.545  110   12 280956.481 236961.545  15.7%  43.5  365s
 13235 11785 200318.820  321   63 281020.424 200310.390  28.7%  63.6  380s
 11715 11180 199957.991  232    7 281059.247 199957.991  28.9%  25.5  375s
  7691  6879 237500.914  226   28 281685.108 237500.914  15.7%   104  370s
 14951 14420 200463.204  210   12 324182.133 200463.204  38.2%  21.7  380s
 10951  9559 236638.185  212   13 282124.865 236638.185  16.1%   165  375s
  9117  8102 199523.975  218   41 280396.335 199523.975  28.8%   159  365s
 10028  9496 198933.039   99   11 323508.261 198933.039  38.5%  26.0  355s
 11205 10586 237628.941  130    7 324536.934 237628.941  26.8%  48.1  380s
 14066  4684 236986.679  126   13 282383.702 236986.679  16.1%  65.7  370s
  9444  8898 235936.790  175    9 280390.819 235936.790  15.9%   113  375s
 11462 10919 198786.076  202   11 279475.594 198786.076  28.9%  85.6  365s
 12080 11454 236961.545  120   19 280956.481 236961.545  15.7%  43.5  370s
 13471 12021 200318.820  322   63 281020.424 200310.390  28.7%  63.1  385s
 11896 11361 199957.991  232    7 281059.247 199957.991  28.9%  25.4  380s
 15180 14649 200463.204  212   13 324182.133 200463.204  38.2%  22.0  385s
  7760  6948 237500.914  234   25 281685.108 237500.914  15.7%   107  375s
 11185  9775 236638.185  211    9 282124.865 236638.185  16.1%   163  380s
 10247  9715 198933.039  121    9 323508.261 198933.039  38.5%  25.6  360s
  9208  8184 199610.014  231   79 280396.335 199523.975  28.8%   164  370s
 11418 10795 237628.941  111   17 324536.934 237628.941  26.8%  48.4  385s
 14291  4897 236986.679  148   17 282383.702 236986.679  16.1%  65.1  375s
 11633 11090 198786.076  202    7 279475.594 198786.076  28.9%  88.7  370s
  9624  9078 235936.790  179    9 280390.819 235936.790  15.9%   113  380s
 12293 11664 236961.545  109   12 280956.481 236961.545  15.7%  43.6  375s
 12132 11597 199957.991  234    7 281059.247 199957.991  28.9%  25.3  385s
 13631 12181 200310.390  317   11 281020.424 200310.390  28.7%  62.9  390s
  7791  6979 237500.914  228   30 281685.108 237500.914  15.7%   108  380s
 15356 14825 200463.204  214   10 324182.133 200463.204  38.2%  22.1  390s
 11362  9917 236638.185  207   19 282124.865 236638.185  16.1%   162  385s
  9257  8232 199523.975  151   17 280396.335 199523.975  28.8%   165  375s
 10443  9911 198933.039  133   11 323508.261 198933.039  38.5%  25.4  365s
 11626 11003 237628.941  125   16 324536.934 237628.941  26.8%  48.1  390s
 14819  4446 236986.679  145   11 282383.702 236986.679  16.1%  66.2  380s
 11841 11298 198786.076  203    7 279475.594 198786.076  28.9%  92.0  375s
  9789  9243 235936.790  181   33 280390.819 235936.790  15.9%   114  385s
 12429 11799 236961.545  121   18 280956.481 236961.545  15.7%  43.6  380s
 13847 12397 200310.390  321   10 281020.424 200310.390  28.7%  62.6  395s
 12283 11748 199957.991  235    7 281059.247 199957.991  28.9%  25.3  390s
  7889  7077 237500.914  227   27 281685.108 237500.914  15.7%   112  385s
 15599 15068 200463.204  226   12 324182.133 200463.204  38.2%  22.3  395s
 11639 10146 236638.185  210   13 282124.865 236638.185  16.1%   159  390s
  9351  8324 199523.975   54   30 280396.335 199523.975  28.8%   167  380s
 10618 10086 198933.039  134   11 323508.261 198933.039  38.5%  25.2  370s
 11852 11229 237628.941  125   16 324536.934 237628.941  26.8%  47.8  395s
 15062  4643 236986.679  136   11 282383.702 236986.679  16.1%  66.2  385s
 12001 11458 198786.076  202   10 279475.594 198786.076  28.9%  95.1  380s
  9863  9317 235936.790  179    9 280390.819 235936.790  15.9%   114  390s
 12628 11998 236961.545  120   14 280956.481 236961.545  15.7%  43.8  385s
 12487 11952 199957.991  236    7 281059.247 199957.991  28.9%  25.2  395s
  8003  7189 237500.914  234   28 281685.108 237500.914  15.7%   116  390s
 14013 12563 200310.390  308    7 281020.424 200310.390  28.7%  62.3  401s
 15827 15296 200463.204  217   11 324182.133 200463.204  38.2%  22.6  400s
 11903 10361 236638.185  213    9 282124.865 236638.185  16.1%   157  395s
  9475  8447 210602.255  324   74 280396.335 199523.975  28.8%   169  385s
 12035 11412 237628.941  116    7 324536.934 237628.941  26.8%  47.6  400s
 15287  4868 236986.679  160    9 282383.702 236986.679  16.1%  65.5  390s
 10822 10290 198933.039  133    6 323508.261 198933.039  38.5%  24.9  375s
 12136 11593 198786.076  206   11 279475.594 198786.076  28.9%  97.6  385s
 10029  9483 235936.790  176    9 280390.819 235936.790  15.9%   115  395s
 12835 12203 236961.545  120   12 280956.481 236961.545  15.7%  43.9  390s
 14200 12750 200310.390  317   16 281020.424 200310.390  28.7%  61.9  405s
 12703 12168 199957.991  238    9 281059.247 199957.991  28.9%  25.1  400s
  8154  7340 237500.914  228   25 281685.108 237500.914  15.7%   121  395s
 12106 10519 236638.185  193    9 282124.865 236638.185  16.1%   156  400s
 16023 15492 200463.204  220   14 324182.133 200463.204  38.2%  22.7  405s
  9532  8502 199523.975  143   20 280396.335 199523.975  28.8%   170  390s
 11010 10478 198933.039  126    7 323508.261 198933.039  38.5%  24.6  380s
 12228 11605 237628.941  120    7 324536.934 237628.941  26.8%  47.4  405s
 15536  5117 236986.679  187    9 282383.702 236986.679  16.1%  64.9  395s
 12325 11782 207111.809  199   93 279475.594 198786.076  28.9%   101  390s
 10188  9642 235936.790  184   25 280390.819 235936.790  15.9%   115  400s
 13036 12402 236961.545  117   12 280956.481 236961.545  15.7%  44.0  395s
 14468 13018 200310.390  318   15 281020.424 200310.390  28.7%  61.5  410s
 12849 12314 199957.991  231    9 281059.247 199957.991  28.9%  25.1  405s
 16251 15720 200463.204  217   10 324182.133 200463.204  38.2%  22.9  410s
  8301  7477 237500.914  231   25 281685.108 237500.914  15.7%   125  401s
  9638  8606 199523.975  136   24 280396.335 199523.975  28.8%   173  395s
 12424 10764 236638.185  232   17 282124.865 236638.185  16.1%   153  405s
 11143 10611 198933.039  135    9 323508.261 198933.039  38.5%  24.5  385s
 12417 11790 237628.941  116   16 324536.934 237628.941  26.8%  47.8  410s
 15710  5291 236986.679  204   15 282383.702 236986.679  16.1%  64.4  400s
 10335  9789 235936.790  181    9 280390.819 235936.790  15.9%   116  405s
 12488 11945 198786.076  207   10 279475.594 198786.076  28.9%   103  395s
 13265 12630 236961.545  118   28 280956.481 236961.545  15.7%  44.1  400s
 14712 13262 200310.390  316    7 281020.424 200310.390  28.7%  61.1  415s
 12985 12450 199957.991  235   11 281059.247 199957.991  28.9%  25.1  410s
  8398  7568 237500.914   75   32 281685.108 237500.914  15.7%   128  405s
 16497 15966 200463.204  218    8 324182.133 200463.204  38.2%  23.2  415s
 12694 11027 236638.185  256   11 282124.865 236638.185  16.1%   150  410s
  9721  8688 199523.975   59   42 280396.335 199523.975  28.8%   176  400s
 11308 10776 198933.039  131    7 323508.261 198933.039  38.5%  24.3  390s
 12556 11925 237628.941  117   16 324536.934 237628.941  26.8%  48.0  415s
 15961  5538 236986.679  221   13 282383.702 236986.679  16.1%  63.8  405s
 12649 12106 198786.076  202   20 279475.594 198786.076  28.9%   106  400s
 10497  9951 235936.790  182    9 280390.819 235936.790  15.9%   115  410s
 13469 12831 236961.545  119   14 280956.481 236961.545  15.7%  44.2  405s
 14951 13501 200318.820  324   63 281020.424 200310.390  28.7%  60.8  420s
 13180 12645 199957.991  231    9 281059.247 199957.991  28.9%  25.0  415s
  8597  7749 237500.914  239   11 281685.108 237500.914  15.7%   127  410s
 12906 11223 236638.185  285   11 282124.865 236638.185  16.1%   148  415s
  9840  8801 200492.566  316   73 280396.335 199523.975  28.8%   179  405s
 16720 16189 200463.204  218    9 324182.133 200463.204  38.2%  23.3  421s
 11524 10992 198933.039  125    7 323508.261 198933.039  38.5%  24.1  395s
 12769 12136 237628.941  119    7 324536.934 237628.941  26.8%  47.7  420s
 16142  5719 236986.679  228    9 282383.702 236986.679  16.1%  63.3  410s
 12892 12349 198786.076  227    7 279475.594 198786.076  28.9%   107  405s
 10651 10105 235936.790  179    9 280390.819 235936.790  15.9%   116  415s
 13666 13026 236961.545  117   22 280956.481 236961.545  15.7%  44.3  410s
 15113 13663 200310.390  305    7 281020.424 200310.390  28.7%  60.5  425s
 13239 12704 199957.991  228    7 281059.247 199957.991  28.9%  25.0  420s
  8741  7887 237500.914  241   11 281685.108 237500.914  15.7%   125  415s
 13255 11492 236638.185  324   12 282124.865 236638.185  16.1%   145  420s
  9913  8872 209748.024  124   90 280396.335 199523.975  28.8%   182  410s
 11678 11146 198933.039  136    8 323508.261 198933.039  38.5%  23.9  400s
 16896 16365 200463.204  229   10 324182.133 200463.204  38.2%  23.5  426s
 13005 12366 237628.941  130   21 324536.934 237628.941  26.8%  48.0  425s
 13104 12561 198786.076  245    7 279475.594 198786.076  28.9%   105  410s
 16385  5956 236986.679  254   15 282383.702 236986.679  16.1%  62.6  415s
 10768 10222 235936.790  177   13 280390.819 235936.790  15.9%   116  420s
 13738 13098 236961.545  119   19 280956.481 236961.545  15.7%  44.4  415s
 15386 13936 200310.390  322    7 281020.424 200310.390  28.7%  60.1  430s
 13262 12727 199957.991  234   11 281059.247 199957.991  28.9%  25.0  425s
  8975  8121 237500.914  275   11 281685.108 237500.914  15.7%   123  420s
 17061 16530 200463.204  182    8 324182.133 200463.204  38.2%  23.5  430s
 13571 11572 236638.185  329    9 282124.865 236638.185  16.1%   142  425s
 10030  8984 199523.975  118   23 280396.335 199523.975  28.8%   185  415s
 11805 11273 198933.039  132   12 323508.261 198933.039  38.5%  23.8  405s
 13164 12521 237628.941  116   18 324536.934 237628.941  26.8%  47.9  430s
 16547  6112 236986.679  270    9 282383.702 236986.679  16.1%  62.3  420s
 13393 12850 198786.076  268    7 279475.594 198786.076  28.9%   103  415s
 10948 10402 235936.790  180    9 280390.819 235936.790  15.9%   117  425s
 13948 13307 236961.545  119   24 280956.481 236961.545  15.7%  44.4  420s
 13281 12746 199957.991  232    7 281059.247 199957.991  28.9%  25.0  430s
 15571 14121 200310.390  319    9 281020.424 200310.390  28.7%  59.8  435s
 17335 16804 200463.204  204   10 324182.133 200463.204  38.2%  23.4  435s
 13940 11740 236638.185  287   23 282124.865 236638.185  16.1%   139  430s
  9111  8257 237500.914  262    9 281685.108 237500.914  15.7%   122  426s
 12063 11531 198933.039  119    9 323508.261 198933.039  38.5%  23.6  410s
 13215 12572 237628.941  113    7 324536.934 237628.941  26.8%  47.7  435s
 13579 13036 198786.076  281    7 279475.594 198786.076  28.9%   102  420s
 16710  6270 236986.679  291   11 282383.702 236986.679  16.1%  61.9  425s
 11100 10554 235936.790  180   11 280390.819 235936.790  15.9%   117  430s
 14160 13519 236961.545  120   12 280956.481 236961.545  15.7%  44.5  425s
 10099  9048 210087.918  242   84 280396.335 199523.975  28.8%   187  422s
 15833 14383 200310.390  316    7 281020.424 200310.390  28.7%  59.4  440s
 13307 12772 199957.991  229    7 281059.247 199957.991  28.9%  25.0  435s
  9276  8422 237500.914  300   11 281685.108 237500.914  15.7%   120  430s
 17552 17021 200463.204  219    8 324182.133 200463.204  38.2%  23.5  440s
 14118 11864 236638.185  267   12 282124.865 236638.185  16.1%   137  435s
 10135  9081 199523.975  241   24 280396.335 199523.975  28.8%   188  425s
 12374 11842 198933.039  132    6 323508.261 198933.039  38.5%  23.3  415s
 16871  6412 236986.679  290   11 282383.702 236986.679  16.1%  61.8  430s
 13242 12599 237628.941  115    7 324536.934 237628.941  26.8%  47.8  440s
 13891 13348 198786.076  307    9 279475.594 198786.076  28.9%   100  425s
 11175 10629 235936.790  182   25 280390.819 235936.790  15.9%   117  435s
 14372 13731 236961.545  138   12 280956.481 236961.545  15.7%  44.4  430s
 16081 14631 200310.390  321    7 281020.424 200310.390  28.7%  59.1  445s
 13321 12786 199957.991  231    9 281059.247 199957.991  28.9%  25.0  440s
  9516  8662 237500.914  293    9 281685.108 237500.914  15.7%   117  435s
 17739 17208 200463.204  215    8 324182.133 200463.204  38.2%  23.6  445s
 14432 12132 236638.185  297   13 282124.865 236638.185  16.1%   135  440s
 10236  9181 199565.897  273   32 280396.335 199523.975  28.8%   192  430s
 13253 12610 237628.941  116    7 324536.934 237628.941  26.8%  47.7  445s
 16964  6505 236986.679  300   19 282383.702 236986.679  16.1%  61.7  435s
 12564 12032 198933.039  128   13 323508.261 198933.039  38.5%  23.1  420s
 14173 13630 198786.076  335    6 279475.594 198786.076  28.9%  98.4  430s
 11364 10818 235936.790  174    9 280390.819 235936.790  15.9%   118  440s
 14575 13924 236961.545  119   21 280956.481 236961.545  15.7%  44.1  435s
 16346 14896 200310.390  317    7 281020.424 200310.390  28.7%  58.8  450s
 13497 12962 199957.991  235   11 281059.247 199957.991  28.9%  24.9  445s
  9751  8897 237500.914  292   11 281685.108 237500.914  15.7%   115  440s
 17901 17370 200463.204  201   10 324182.133 200463.204  38.2%  23.8  450s
 14754 12397 236638.185  299   11 282124.865 236638.185  16.1%   133  445s
 10343  9283 199523.975  105   33 280396.335 199523.975  28.8%   196  435s
 12765 12233 198933.039  129    9 323508.261 198933.039  38.5%  22.9  425s
 13276 12633 237628.941  127    7 324536.934 237628.941  26.8%  47.7  450s
 14314 13771 198786.076  317    7 279475.594 198786.076  28.9%  97.9  435s
 11549 11003 235936.790  182    9 280390.819 235936.790  15.9%   118  445s
 17087  6628 236986.679  310   11 282383.702 236986.679  16.1%  61.7  440s
 14777 14126 236961.545  132   12 280956.481 236961.545  15.7%  43.9  440s
 16533 15083 200310.390  307    9 281020.424 200310.390  28.7%  58.5  455s
 13713 13178 199957.991  233    7 281059.247 199957.991  28.9%  24.9  450s
  9965  9111 237500.914  297   15 281685.108 237500.914  15.7%   113  445s
 18123 17592 200463.204  218   12 324182.133 200463.204  38.2%  23.8  455s
 15096 12652 236638.185  331   12 282124.865 236638.185  16.1%   130  450s
 10453  9388 199566.217  267   28 280396.335 199523.975  28.8%   201  440s
 12980 12448 198933.039  132    7 323508.261 198933.039  38.5%  22.8  430s
 13305 12662 237628.941  130    7 324536.934 237628.941  26.8%  47.6  455s
 14543 14000 198786.076  260    7 279475.594 198786.076  28.9%  98.0  440s
 11726 11180 235936.790  175    9 280390.819 235936.790  15.9%   119  450s
 17213  6752 236986.679  281   19 282383.702 236986.679  16.1%  61.5  445s
 15012 14353 236961.545  137   12 280956.481 236961.545  15.7%  43.4  445s
 16783 15333 200318.820  318   61 281020.424 200310.390  28.7%  58.2  460s
 13883 13348 199957.991  234    9 281059.247 199957.991  28.9%  24.8  455s
 10136  9282 237500.914  292    9 281685.108 237500.914  15.7%   112  450s
 18378 17847 200463.204  211    8 324182.133 200463.204  38.2%  23.9  460s
 15409 12883 236638.185  309    9 282124.865 236638.185  16.1%   128  455s
 10559  9490 199523.975   97   21 280396.335 199523.975  28.8%   204  445s
 13256 12724 198933.039  134    8 323508.261 198933.039  38.5%  22.6  435s
 17411  6943 236986.679  303   19 282383.702 236986.679  16.1%  61.1  450s
 14753 14210 198786.076  248   20 279475.594 198786.076  28.9%  98.9  445s
 11883 11337 235936.790  173    9 280390.819 235936.790  15.9%   119  455s
 17041 15591 200310.390  315    7 281020.424 200310.390  28.7%  57.9  465s
 14069 13534 199957.991  225    7 281059.247 199957.991  28.9%  24.8  460s
 13326 12683 237628.941  132    7 324536.934 237628.941  26.8%  47.6  461s
 15212 14545 236961.545  162   14 280956.481 236961.545  15.7%  43.0  450s
 10366  9512 237500.914  313    9 281685.108 237500.914  15.7%   110  455s
 18580 18049 200463.204  208    8 324182.133 200463.204  38.2%  24.0  465s
 15725 13075 236638.185  306   19 282124.865 236638.185  16.1%   126  460s
 10667  9590 209749.627   96   96 280396.335 199523.975  28.8%   207  450s
 13427 12895 198933.039  128    7 323508.261 198933.039  38.5%  22.5  440s
 13401 12758 237628.941  124    7 324536.934 237628.941  26.8%  47.6  465s
 14970 14427 198786.076  233   20 279475.594 198786.076  28.9%   100  450s
 17492  7022 236986.679  312   11 282383.702 236986.679  16.1%  61.0  455s
 12066 11520 235936.790  178    9 280390.819 235936.790  15.9%   119  460s
 15354 14687 236961.545  179   16 280956.481 236961.545  15.7%  42.9  455s
 17139 15689 200310.390  317    7 281020.424 200310.390  28.7%  57.8  470s
 14202 13667 199957.991  236    9 281059.247 199957.991  28.9%  24.7  465s
 18686 18155 200463.204  204   11 324182.133 200463.204  38.2%  24.0  470s
 15952 13186 236638.185  293   13 282124.865 236638.185  16.1%   125  465s
 10588  9595 237500.914  310   18 281685.108 237500.914  15.7%   109  461s
 13641 13109 198933.039  129    6 323508.261 198933.039  38.5%  22.3  445s
 13615 12972 237628.941  117    7 324536.934 237628.941  26.8%  47.3  470s
 18006  6753 236986.679  238   13 282383.702 236986.679  16.1%  60.5  460s
 15522 14855 236961.545  181   10 280956.481 236961.545  15.7%  42.6  460s
 15148 14605 198786.076  334   19 279475.594 198786.076  28.9%   100  456s
 14397 13862 199957.991  236    7 281059.247 199957.991  28.9%  24.7  470s
 17411 15961 200310.390  319    7 281020.424 200310.390  28.7%  57.4  475s
 12242 11696 235936.790  183   32 280390.819 235936.790  15.9%   119  466s
 10885  9526 237500.914  264   15 281685.108 237500.914  15.7%   107  465s
 10741  9662 199523.975   48   33 280396.335 199523.975  28.8%   208  458s
 18920 18389 200463.204  217    8 324182.133 200463.204  38.2%  24.2  475s
 16256 13409 236638.185  318    9 282124.865 236638.185  16.1%   123  470s
 10767  9688 199523.975   24   17 280396.335 199523.975  28.8%   209  460s
 13863 13331 198933.039  134    7 323508.261 198933.039  38.5%  22.1  450s
 13813 13166 237628.941  124    7 324536.934 237628.941  26.8%  47.2  475s
 18229  6970 236986.679  260   14 282383.702 236986.679  16.1%  60.0  465s
 15308 14765 198885.137  212   84 279475.594 198786.076  28.9%   101  460s
 12360 11814 235936.790  182    9 280390.819 235936.790  15.9%   119  470s
 15619 14952 236961.545  191   12 280956.481 236961.545  15.7%  42.5  465s
 17655 16205 200310.390  318    7 281020.424 200310.390  28.7%  57.2  480s
 14631 14096 199957.991  232    7 281059.247 199957.991  28.9%  24.7  475s
 11098  9737 237500.914  241   27 281685.108 237500.914  15.7%   106  470s
 19144 18613 200463.204  203   11 324182.133 200463.204  38.2%  24.4  480s
 16316 13431 236638.185  309   11 282124.865 236638.185  16.1%   123  475s
 10892  9808 199523.975  100   19 280396.335 199523.975  28.8%   212  465s
 14169 13637 198933.039  143    9 323508.261 198933.039  38.5%  22.0  455s
 18383  7116 236986.679  276    9 282383.702 236986.679  16.1%  59.7  470s
 13983 13334 237628.941  129   17 324536.934 237628.941  26.8%  47.1  480s
 15538 14995 198786.076  311   11 279475.594 198786.076  28.9%   103  465s
 12549 12003 235936.790  168   11 280390.819 235936.790  15.9%   119  475s
 15751 15084 236961.545  200   14 280956.481 236961.545  15.7%  42.4  470s
 17934 16484 200310.390  279    7 281020.424 200310.390  28.7%  56.8  485s
 14723 14188 199957.991  232   11 281059.247 199957.991  28.9%  24.6  480s
 11337  9976 237500.914  238    9 281685.108 237500.914  15.7%   104  475s
 19390 18859 200463.204  214   10 324182.133 200463.204  38.2%  24.4  485s
 16364 13448 236638.185  307   11 282124.865 236638.185  16.1%   123  480s
 11023  9929 199523.975  190   20 280396.335 199523.975  28.8%   215  470s
 14263 13731 198933.039  138    6 323508.261 198933.039  38.5%  22.0  460s
 18593  7310 236986.679  303    9 282383.702 236986.679  16.1%  59.3  475s
 14172 13523 237628.941  119    7 324536.934 237628.941  26.8%  47.5  485s
 15703 15160 198786.076  293   23 279475.594 198786.076  28.9%   103  470s
 12720 12174 235936.790  181    9 280390.819 235936.790  15.9%   118  480s
 15915 15248 236961.545  217   12 280956.481 236961.545  15.7%  42.2  475s
 14918 14383 199957.991  234    9 281059.247 199957.991  28.9%  24.6  485s
 18147 16687 200310.390  291   18 281020.424 200310.390  28.7%  56.3  490s
 19568 19037 200463.204  194   10 324182.133 200463.204  38.2%  24.7  490s
 16406 13484 236638.185  315   13 282124.865 236638.185  16.1%   123  485s
 11152 10053 199523.975   98   20 280396.335 199523.975  28.8%   218  475s
 11583 10222 237500.914  238    9 281685.108 237500.914  15.7%   102  481s
 14488 13956 198933.039  137   11 323508.261 198933.039  38.5%  21.9  465s
 14374 13723 237628.941  129    7 324536.934 237628.941  26.8%  47.5  490s
 15934 15391 198786.076  292    7 279475.594 198786.076  28.9%   105  475s
 12908 12362 235936.790  180    9 280390.819 235936.790  15.9%   118  485s
 18736  7449 236986.679  317   19 282383.702 236986.679  16.1%  59.1  481s
 16095 15428 236961.545  197   18 280956.481 236961.545  15.7%  42.1  480s
 18416 16954 200310.390  315    7 281020.424 200310.390  28.7%  55.8  495s
 15136 14601 199957.991  231    9 281059.247 199957.991  28.9%  24.6  490s
 11750 10389 237500.914  241   13 281685.108 237500.914  15.7%   101  485s
 19757 19226 200463.204  206    8 324182.133 200463.204  38.2%  24.7  495s
 16432 13506 236638.185  317   11 282124.865 236638.185  16.1%   122  490s
 11298 10197 199523.975  184   36 280396.335 199523.975  28.8%   219  480s
 14751 14219 198933.039  130   11 323508.261 198933.039  38.5%  21.7  470s
 14531 13880 237628.941  131   16 324536.934 237628.941  26.8%  47.3  495s
 18901  7610 236986.679  336   11 282383.702 236986.679  16.1%  58.9  485s
 15975 15432 200666.586  291   70 279475.594 198786.076  28.9%   105  480s
 13028 12482 235936.790  183   11 280390.819 235936.790  15.9%   118  490s
 16262 15595 236961.545  194   12 280956.481 236961.545  15.7%  41.8  485s
 18657 17195 200310.390  318    7 281020.424 200310.390  28.7%  55.7  500s
 15358 14823 199957.991  233   11 281059.247 199957.991  28.9%  24.5  495s
 12043 10682 237500.914  258    9 281685.108 237500.914  15.7%  98.5  490s
 20010 19479 200463.204  223    8 324182.133 200463.204  38.2%  24.7  500s
 16468 13536 236638.185  306   19 282124.865 236638.185  16.1%   122  495s
 11423 10317 199557.631  248   34 280396.335 199523.975  28.8%   222  485s
 15002 14470 198933.039  139    8 323508.261 198933.039  38.5%  21.5  475s
 14714 14061 237628.941  128    7 324536.934 237628.941  26.8%  47.3  500s
 16178 15635 198786.076  277   11 279475.594 198786.076  28.9%   106  485s
 13199 12653 235936.790  177    9 280390.819 235936.790  15.9%   118  495s
 16438 15771 236961.545  204   16 280956.481 236961.545  15.7%  41.6  490s
 18827 17365 200310.390  314    7 281020.424 200310.390  28.7%  55.5  505s
 19060  7769 236986.679  354   11 282383.702 236986.679  16.1%  58.6  491s
 15549 15014 199957.991  231   11 281059.247 199957.991  28.9%  24.4  500s
 12321 10950 237500.914  243   11 281685.108 237500.914  15.7%  96.5  495s
 16493 13553 236638.185  304   11 282124.865 236638.185  16.1%   122  500s
 11547 10437 210583.788  225   70 280396.335 199523.975  28.8%   224  490s
 15223 14691 198933.039  136    9 323508.261 198933.039  38.5%  21.4  480s
 19190  7899 236986.679  367    9 282383.702 236986.679  16.1%  58.4  495s
 20237 19706 200463.204  206    8 324182.133 200463.204  38.2%  24.7  507s
 16376 15833 198786.076  275    9 279475.594 198786.076  28.9%   108  490s
 16605 15938 236961.545  200   14 280956.481 236961.545  15.7%  41.4  495s
 13245 12699 235936.790  178    9 280390.819 235936.790  15.9%   118  500s
 15701 15166 199957.991  232    7 281059.247 199957.991  28.9%  24.4  505s
 19058 17596 200310.390  318   12 281020.424 200310.390  28.7%  55.4  510s
 14905 14252 237628.941  131   20 324536.934 237628.941  26.8%  47.8  507s
 12510 11137 237500.914  270    9 281685.108 237500.914  15.7%  95.2  500s
 20403 19872 200463.204  211    8 324182.133 200463.204  38.2%  24.6  510s
 16552 13602 236638.185  313   11 282124.865 236638.185  16.1%   122  505s
 11685 10575 199523.975  216   13 280396.335 199523.975  28.8%   226  495s
 15413 14881 198933.039  141   11 323508.261 198933.039  38.5%  21.2  485s
 15023 14370 237628.941  128   33 324536.934 237628.941  26.8%  47.7  510s
 19329  8038 236986.679  377    8 282383.702 236986.679  16.1%  58.2  500s
 16594 16051 199138.518  253   84 279475.594 198786.076  28.9%   109  495s
 13264 12718 235936.790  177    9 280390.819 235936.790  15.9%   119  505s
 16767 16100 236961.545  195   14 280956.481 236961.545  15.7%  41.1  500s
 15917 15382 199957.991  231    7 281059.247 199957.991  28.9%  24.4  510s
 13416 10527 237500.914  262   11 281685.108 237500.914  15.7%  88.9  505s
 19248 17786 200318.820  318   61 281020.424 200310.390  28.7%  55.2  516s
 16883 13836 236638.185  324   11 282124.865 236638.185  16.1%   120  510s
 20652 20121 200463.204  208   14 324182.133 200463.204  38.2%  24.6  515s
 11765 10654 199523.975  167   21 280396.335 199523.975  28.8%   227  500s
 15628 15096 198933.039  124    9 323508.261 198933.039  38.5%  21.1  490s
 15216 14563 237628.941  132   12 324536.934 237628.941  26.8%  47.9  515s
 19507  8214 infeasible  380      282383.702 236986.679  16.1%  58.0  505s
 16785 16242 198786.076  235   23 279475.594 198786.076  28.9%   110  500s
 16911 16244 236961.545  200   16 280956.481 236961.545  15.7%  41.0  505s
 19409 17947 200310.390  314    7 281020.424 200310.390  28.7%  55.0  520s
 16143 15608 199957.991  223    7 281059.247 199957.991  28.9%  24.3  515s
 13479 10590 237500.914  250   13 281685.108 237500.914  15.7%  88.6  510s
 20891 20360 200463.204  203   12 324182.133 200463.204  38.2%  24.5  520s
 17215 14087 236638.185  310   11 282124.865 236638.185  16.1%   118  515s
 13278 12732 235936.790  169   11 280390.819 235936.790  15.9%   119  513s
 11909 10796 199523.975  226   19 280396.335 199523.975  28.8%   229  505s
 15886 15354 198933.039  129    7 323508.261 198933.039  38.5%  20.9  495s
 15414 14761 237628.941  117    7 324536.934 237628.941  26.8%  48.0  520s
 16998 16455 198786.076  203   25 279475.594 198786.076  28.9%   112  505s
 19665  8222 236986.679  399    8 282383.702 236986.679  16.1%  57.8  510s
 13284 12738 235936.790  170    9 280390.819 235936.790  15.9%   119  515s
 17070 16403 236961.545  197   12 280956.481 236961.545  15.7%  40.8  510s
 19634 18172 200318.820  318   61 281020.424 200310.390  28.7%  54.9  525s
 16373 15838 199957.991  235    9 281059.247 199957.991  28.9%  24.3  520s
 13494 10605 237500.914  249    9 281685.108 237500.914  15.7%  88.5  515s
 21137 20606 200463.204  204   14 324182.133 200463.204  38.2%  24.6  525s
 17465 14310 236638.185  319   11 282124.865 236638.185  16.1%   117  520s
 16173 15641 198933.039  137   11 323508.261 198933.039  38.5%  20.8  500s
 15603 14950 237628.941  128   16 324536.934 237628.941  26.8%  48.2  525s
 19772  8325 236986.679  381   15 282383.702 236986.679  16.1%  58.5  515s
 13302 12756 235936.790  172   13 280390.819 235936.790  15.9%   118  520s
 11994 10880 199523.975  228   26 280396.335 199523.975  28.8%   229  511s
 17213 16546 236961.545  182   12 280956.481 236961.545  15.7%  40.6  515s
 17211 16668 198786.076  206   23 279475.594 198786.076  28.9%   114  511s
 16521 15986 199957.991  231    7 281059.247 199957.991  28.9%  24.2  525s
 19868 18406 200318.820  318   61 281020.424 200310.390  28.7%  54.7  530s
 13526 10637 237500.914  246   15 281685.108 237500.914  15.7%  88.3  520s
 21377 20846 200463.204  207   12 324182.133 200463.204  38.2%  24.8  530s
 17580 14423 236638.185  320   13 282124.865 236638.185  16.1%   117  525s
 12094 10977 199533.387  229   31 280396.335 199523.975  28.8%   231  515s
 16348 15816 198933.039  130    6 323508.261 198933.039  38.5%  20.7  505s
 15634 14981 237628.941  123   18 324536.934 237628.941  26.8%  48.4  530s
 17370 16827 198786.076  197   29 279475.594 198786.076  28.9%   115  515s
 13318 12772 235936.790  173    9 280390.819 235936.790  15.9%   118  525s
 19854  8407 236986.679  355   15 282383.702 236986.679  16.1%  59.1  520s
 17386 16719 236961.545  175   12 280956.481 236961.545  15.7%  40.5  520s
 19976 18514 200318.820  319   67 281020.424 200310.390  28.7%  54.6  535s
 16720 16185 199957.991  231    7 281059.247 199957.991  28.9%  24.2  530s
 21608 21077 200463.204  211    9 324182.133 200463.204  38.2%  24.7  535s
 13554 10665 237500.914  243    9 281685.108 237500.914  15.7%  88.2  525s
 17847 14676 236638.185  316   10 282124.865 236638.185  16.1%   115  530s
 12218 11100 199523.975  223   13 280396.335 199523.975  28.8%   233  520s
 16528 15996 198933.039  133    9 323508.261 198933.039  38.5%  20.6  510s
 15819 15166 237628.941  122   11 324536.934 237628.941  26.8%  48.5  535s
 19961  8512 236986.679  297   18 282383.702 236986.679  16.1%  59.6  525s
 13332 12786 235936.790  175    9 280390.819 235936.790  15.9%   118  530s
 17550 16883 236961.545  179   10 280956.481 236961.545  15.7%  40.4  525s
 17564 17021 198786.076  205   17 279475.594 198786.076  28.9%   117  521s
 16926 16391 199957.991  228    9 281059.247 199957.991  28.9%  24.1  535s
 20138 18676 200310.390  304    7 281020.424 200310.390  28.7%  54.5  540s
 13580 10691 237500.914  245    9 281685.108 237500.914  15.7%  88.0  530s
 21831 21300 200463.204  214    8 324182.133 200463.204  38.2%  24.7  540s
 18146 14914 236638.185  290    9 282124.865 236638.185  16.1%   114  535s
 16549 16017 198933.039  107    7 323508.261 198933.039  38.5%  20.6  515s
 16008 15355 237628.941  124   18 324536.934 237628.941  26.8%  48.8  540s
 17745 17202 198786.076  192   22 279475.594 198786.076  28.9%   118  525s
 20042  8591 236986.679  270   37 282383.702 236986.679  16.1%  60.4  530s
 13361 12815 235936.790  178    9 280390.819 235936.790  15.9%   118  535s
 17639 16972 236961.545  179   16 280956.481 236961.545  15.7%  40.3  530s
 20408 18946 200312.290  318   56 281020.424 200310.390  28.7%  54.2  545s
 12350 11231 199527.512  226   37 280396.335 199523.975  28.8%   235  527s
 17061 16526 199957.991  194   15 281059.247 199957.991  28.9%  24.0  540s
 13608 10719 237500.914  239    9 281685.108 237500.914  15.7%  87.8  535s
 21971 21440 200463.204  221    8 324182.133 200463.204  38.2%  24.6  545s
 18478 15108 236638.185  293    9 282124.865 236638.185  16.1%   113  540s
 12422 11303 199523.975  144   23 280396.335 199523.975  28.8%   236  530s
 16201 15546 237628.941  122    7 324536.934 237628.941  26.8%  48.7  545s
 16565 16033 198933.039  124    9 323508.261 198933.039  38.5%  20.6  520s
 17958 17415 198786.076  200   25 279475.594 198786.076  28.9%   120  530s
 13494 12948 235936.790  177    9 280390.819 235936.790  15.9%   118  540s
 17801 17134 236961.545  178   10 280956.481 236961.545  15.7%  40.2  535s
 17253 16718 199957.991  205    7 281059.247 199957.991  28.9%  23.9  545s
 20624 19162 200310.390  311    7 281020.424 200310.390  28.7%  54.2  550s
 20778  7946 236986.679  104   11 282383.702 236986.679  16.1%  60.8  537s
 13770 10881 237500.914  240   15 281685.108 237500.914  15.7%  86.9  540s
 22238 21707 200463.204  207    8 324182.133 200463.204  38.2%  24.6  550s
 18825 15317 236638.185  311    9 282124.865 236638.185  16.1%   111  545s
 12554 11431 199523.975  228   20 280396.335 199523.975  28.8%   237  535s
 16403 15748 237628.941  113    7 324536.934 237628.941  26.8%  48.7  550s
 16580 16048 198933.039  126    7 323508.261 198933.039  38.5%  20.6  525s
 20912  7916 236986.679  112   11 282383.702 236986.679  16.1%  60.6  540s
 18109 17566 198786.076  212   21 279475.594 198786.076  28.9%   121  535s
 13565 13019 235936.790  174    7 280390.819 235936.790  15.9%   119  545s
 17979 17312 236961.545  180   10 280956.481 236961.545  15.7%  40.0  540s
 17467 16932 199957.991  224    7 281059.247 199957.991  28.9%  23.8  550s
 20775 19313 200310.390  316    7 281020.424 200310.390  28.7%  54.1  555s
 14206 10915 infeasible  295      281685.108 237500.914  15.7%  84.4  545s
 22511 21980 200463.204  207    9 324182.133 200463.204  38.2%  24.5  555s
 19045 15507 236638.185  313   13 282124.865 236638.185  16.1%   111  550s
 12695 11566 199523.975  138   25 280396.335 199523.975  28.8%   239  540s
 16599 16067 198933.039  127    9 323508.261 198933.039  38.5%  20.6  530s
 16598 15939 237628.941  129   16 324536.934 237628.941  26.8%  48.6  555s
 21305  7883 236986.679   61   13 282383.702 236986.679  16.1%  60.2  545s
 13712 13166 235936.790  179   14 280390.819 235936.790  15.9%   118  550s
 18146 17479 236961.545  181   14 280956.481 236961.545  15.7%  39.9  545s
 20988 19526 200310.390  312    7 281020.424 200310.390  28.7%  53.8  560s
 17602 17067 199957.991  234    7 281059.247 199957.991  28.9%  23.7  555s
 14384 10887 237500.914  254   11 281685.108 237500.914  15.7%  84.4  550s
 22713 22182 200463.204  207   14 324182.133 200463.204  38.2%  24.5  560s
 18321 17778 198786.076  202    7 279475.594 198786.076  28.9%   123  543s
 19298 15683 236638.185  315   11 282124.865 236638.185  16.1%   110  555s
 12827 11696 199523.975  216   18 280396.335 199523.975  28.8%   241  545s
 16613 16081 198933.039  129    9 323508.261 198933.039  38.5%  20.5  535s
 16797 16136 237628.941  139   26 324536.934 237628.941  26.8%  48.5  560s
 21517  7723 236986.679   67   36 282383.702 236986.679  16.1%  60.3  550s
 18396 17853 207085.117  191   73 279475.594 198786.076  28.9%   124  545s
 13875 13329 235936.790  180    9 280390.819 235936.790  15.9%   119  555s
 18321 17654 236961.545  179   10 280956.481 236961.545  15.7%  39.8  550s
 21220 19758 200310.390  315   20 281020.424 200310.390  28.7%  53.7  565s
 17782 17247 199957.991  244   11 281059.247 199957.991  28.9%  23.7  560s
 14670 11143 237500.914  243    9 281685.108 237500.914  15.7%  82.9  555s
 22806 22275 200463.204  215   10 324182.133 200463.204  38.2%  24.4  565s
 19536 15798 236638.185  332    9 282124.865 236638.185  16.1%   109  560s
 12941 11807 199523.975  216   17 280396.335 199523.975  28.8%   242  550s
 16631 16099 198933.039  133   11 323508.261 198933.039  38.5%  20.5  540s
 21743  7517 236986.679   62   26 282383.702 236986.679  16.1%  60.3  555s
 18614 18071 198786.076  216   18 279475.594 198786.076  28.9%   126  550s
 17000 16335 237628.941  133   40 324536.934 237628.941  26.8%  48.4  565s
 14034 13488 235936.790  171    9 280390.819 235936.790  15.9%   119  560s
 18487 17820 236961.545  175   10 280956.481 236961.545  15.7%  39.7  555s
 21515 20053 200310.390  313    7 281020.424 200310.390  28.7%  53.6  570s
 17980 17445 199957.991  241    7 281059.247 199957.991  28.9%  23.8  565s
 14860 11127 237500.914  128   31 281685.108 237500.914  15.7%  83.4  560s
 22837 22306 200463.204  217   12 324182.133 200463.204  38.2%  24.4  570s
 19807 16006 236638.185  324   13 282124.865 236638.185  16.1%   108  565s
 16738 16206 198933.039  123   15 323508.261 198933.039  38.5%  20.5  545s
 22191  7111 236986.679   59   34 282383.702 236986.679  16.1%  60.1  560s
 18832 18289 198786.076  195   38 279475.594 198786.076  28.9%   127  555s
 17100 16433 237628.941  102    7 324536.934 237628.941  26.8%  48.4  570s
 14158 13612 235936.790  173   13 280390.819 235936.790  15.9%   118  565s
 13065 11930 199523.975   44   18 280396.335 199523.975  28.8%   243  556s
 18659 17992 236961.545  177   16 280956.481 236961.545  15.7%  39.6  560s
 21703 20241 200310.390  316    7 281020.424 200310.390  28.7%  53.4  575s
 18195 17660 199957.991  244    9 281059.247 199957.991  28.9%  23.8  570s
 14978 11211 237500.914   77   33 281685.108 237500.914  15.7%  84.9  565s
 22870 22339 200463.204  213   10 324182.133 200463.204  38.2%  24.4  575s
 20107 16204 236638.185  315    9 282124.865 236638.185  16.1%   106  570s
 13155 12017 199523.975  231   18 280396.335 199523.975  28.8%   243  560s
 17021 16489 198933.039   89    7 323508.261 198933.039  38.5%  20.3  550s
 17303 16636 237628.941  112    7 324536.934 237628.941  26.8%  48.0  575s
 19046 18503 198786.076  206   24 279475.594 198786.076  28.9%   129  560s
 22500  6858 236986.679   65   24 282383.702 236986.679  16.1%  60.5  565s
 14304 13758 235936.790  177    9 280390.819 235936.790  15.9%   118  570s
 21947 20485 200310.390  303    7 281020.424 200310.390  28.7%  53.3  580s
 18403 17868 199957.991  242    7 281059.247 199957.991  28.9%  23.8  575s
 18802 18135 236961.545  161   10 280956.481 236961.545  15.7%  39.5  565s
 15214 11390 infeasible  222      281685.108 237500.914  15.7%  84.5  570s
 22887 22356 200463.204  215   13 324182.133 200463.204  38.2%  24.4  580s
 20385 16404 236638.185  324   17 282124.865 236638.185  16.1%   105  575s
 13259 12118 210668.132  230   76 280396.335 199523.975  28.8%   245  565s
 17520 16851 237628.941  118   16 324536.934 237628.941  26.8%  47.5  580s
 17078 16546 198933.039  169   11 323508.261 198933.039  38.5%  20.3  555s
 22638  6754 236986.679   60   22 282383.702 236986.679  16.1%  61.0  570s
 19232 18689 198786.076  210   38 279475.594 198786.076  28.9%   131  565s
 14391 13845 235936.790  181   18 280390.819 235936.790  15.9%   119  575s
 18934 18267 236961.545  168   12 280956.481 236961.545  15.7%  39.4  570s
 18623 18088 199957.991  247   20 281059.247 199957.991  28.9%  23.8  580s
 15404 11238 237500.914   78   24 281685.108 237500.914  15.7%  87.7  575s
 22920 22389 200463.204  217   10 324182.133 200463.204  38.2%  24.4  585s
 20583 16578 236638.185  252   16 282124.865 236638.185  16.1%   105  580s
 13384 12228 200380.776  202   70 280396.335 199523.975  28.8%   246  570s
 22185 20723 200310.390  308   12 281020.424 200310.390  28.7%  53.5  587s
 17273 16741 198933.039   67    9 323508.261 198933.039  38.5%  20.4  560s
 23253  6191 infeasible  180      282383.702 236986.679  16.1%  60.5  575s
 17736 17063 237628.941  125    9 324536.934 237628.941  26.8%  47.3  585s
 19407 18864 198786.076  203   26 279475.594 198786.076  28.9%   132  570s
 14530 13984 235936.790  179    9 280390.819 235936.790  15.9%   119  580s
 19097 18430 236961.545  166   16 280956.481 236961.545  15.7%  39.3  575s
 18816 18281 199957.991  235    7 281059.247 199957.991  28.9%  23.8  585s
 22264 20802 200310.390  293   16 281020.424 200310.390  28.7%  54.3  590s
 22952 22421 200463.204  209    8 324182.133 200463.204  38.2%  24.4  590s
 15508 11298 237500.914  165   23 281685.108 237500.914  15.7%  89.0  580s
 13421 12261 199523.975  127   20 280396.335 199523.975  28.8%   247  575s
 20822 16817 236638.185  272    9 282124.865 236638.185  16.1%   104  585s
 17483 16951 198933.039   59    7 323508.261 198933.039  38.5%  20.4  565s
 17909 17236 237628.941  122   14 324536.934 237628.941  26.8%  47.2  590s
 19608 19065 198786.076  211   14 279475.594 198786.076  28.9%   133  575s
 14676 14130 235936.790  173   11 280390.819 235936.790  15.9%   120  585s
 19266 18599 236961.545  176   10 280956.481 236961.545  15.7%  39.2  580s
 22277 20815 200310.390  289    7 281020.424 200310.390  28.7%  54.4  595s
 18939 18404 199957.991  245    7 281059.247 199957.991  28.9%  23.8  590s
 15620 11352 237500.914  159   32 281685.108 237500.914  15.7%  90.3  585s
 23748  5734 236986.679   59   32 282383.702 236986.679  16.1%  60.0  582s
 22986 22455 200463.204  212    8 324182.133 200463.204  38.2%  24.4  595s
 21038 16965 236638.185  288   15 282124.865 236638.185  16.1%   103  590s
 13541 12369 199523.975   43   25 280396.335 199523.975  28.8%   249  580s
 17669 17137 198933.039   58   13 323508.261 198933.039  38.5%  20.4  570s
 18034 17359 237628.941  116   11 324536.934 237628.941  26.8%  47.1  595s
 23896  5612 236986.679   58   22 282383.702 236986.679  16.1%  60.1  585s
 19750 19207 207265.994  202   77 279475.594 198786.076  28.9%   134  580s
 14803 14257 235936.790  176   13 280390.819 235936.790  15.9%   119  590s
 19370 18703 236961.545  175   22 280956.481 236961.545  15.7%  39.1  585s
 22306 20842 200310.390  289    7 281020.424 200310.390  28.7%  54.8  600s
 19171 18636 199957.991  241    7 281059.247 199957.991  28.9%  23.8  595s
 15738 11434 237500.914  139   32 281685.108 237500.914  15.7%  92.1  590s
 23022 22491 200463.204  214    9 324182.133 200463.204  38.2%  24.4  600s
 21354 17185 236638.185  314    9 282124.865 236638.185  16.1%   102  595s
 13665 12481 199523.975  181   19 280396.335 199523.975  28.8%   251  585s
 18243 17568 237628.941  127    9 324536.934 237628.941  26.8%  46.8  600s
 17806 17274 198933.039  104    7 323508.261 198933.039  38.5%  20.4  575s
 24330  5266 236986.679   53   25 282383.702 236986.679  16.1%  60.4  590s
 14925 14379 235936.790  173    9 280390.819 235936.790  15.9%   119  595s
 19540 18873 236961.545  163   12 280956.481 236961.545  15.7%  39.0  590s
 19408 18873 199957.991  247    9 281059.247 199957.991  28.9%  23.8  600s
 22331 20867 200310.390  283    7 281020.424 200310.390  28.7%  55.1  605s
 19924 19381 198786.076  216   25 279475.594 198786.076  28.9%   136  586s
 15762 11452 237500.914  100   29 281685.108 237500.914  15.7%  92.5  595s
 23214 22683 200463.204  212    8 324182.133 200463.204  38.2%  24.4  605s
 21597 17311 236638.185  338    9 282124.865 236638.185  16.1%   101  600s
 13787 12598 199523.975  179   22 280396.335 199523.975  28.8%   252  590s
 17961 17429 198933.039  116    7 323508.261 198933.039  38.5%  20.8  580s
 18439 17758 237628.941  125   16 324536.934 237628.941  26.8%  46.4  605s
 24739  4935 236986.679   72   28 282383.702 236986.679  16.1%  60.3  595s
 20052 19509 198786.076  209   25 279475.594 198786.076  28.9%   137  590s
 15078 14532 235936.790  182   16 280390.819 235936.790  15.9%   119  600s
 19733 19066 236961.545  172   14 280956.481 236961.545  15.7%  38.9  595s
 22354 20888 200310.390  281    7 281020.424 200310.390  28.7%  55.4  610s
 19626 19091 199957.991  243   19 281059.247 199957.991  28.9%  23.8  605s
 15872 11554 237500.914   78   35 281685.108 237500.914  15.7%  93.6  600s
 23440 22909 200463.204  214    8 324182.133 200463.204  38.2%  24.3  610s
 21894 17476 236638.185  288   13 282124.865 236638.185  16.1%   100  605s
 13875 12680 199523.975   41   33 280396.335 199523.975  28.8%   254  595s
 18103 17571 198933.039   60    7 323508.261 198933.039  38.5%  20.7  585s
 24988  4758 236986.679   61   26 282383.702 236986.679  16.1%  60.4  600s
 18551 17868 237628.941  105    7 324536.934 237628.941  26.8%  46.2  610s
 20260 19717 198786.076  203   11 279475.594 198786.076  28.9%   138  595s
 15169 14623 235936.790  184    9 280390.819 235936.790  15.9%   119  605s
 19816 19149 236961.545  177   14 280956.481 236961.545  15.7%  38.8  600s
 22369 20903 200315.412  288   30 281020.424 200310.390  28.7%  55.6  615s
 19737 19202 199957.991  246    7 281059.247 199957.991  28.9%  23.8  610s
 15991 11629 237500.914   72   40 281685.108 237500.914  15.7%  94.7  605s
 23699 23168 200463.204  213    8 324182.133 200463.204  38.2%  24.3  615s
 22119 17616 236638.185  303    9 282124.865 236638.185  16.1%   100  610s
 18184 17652 198933.039   62   13 323508.261 198933.039  38.5%  20.7  590s
 18736 18053 237628.941  120    5 324536.934 237628.941  26.8%  46.1  615s
 25493  4325 236986.679   67   50 282383.702 236986.679  16.1%  60.1  605s
 13971 12773 199523.975  118   10 280396.335 199523.975  28.8%   255  601s
 15298 14752 235936.790  179    9 280390.819 235936.790  15.9%   119  610s
 20399 19856 198786.076  199   31 279475.594 198786.076  28.9%   140  600s
 19857 19190 236961.545  181   18 280956.481 236961.545  15.7%  38.8  605s
 19935 19400 199957.991  245   19 281059.247 199957.991  28.9%  23.8  615s
 22394 20928 200310.390  281   25 281020.424 200310.390  28.7%  55.9  620s
 16096 11686 237500.914  103   24 281685.108 237500.914  15.7%  96.1  610s
 23956 23425 200463.204  207    8 324182.133 200463.204  38.2%  24.2  620s
 22478 17888 236638.185  332   11 282124.865 236638.185  16.1%  98.7  615s
 14069 12867 199523.975  115   23 280396.335 199523.975  28.8%   257  605s
 18346 17814 198933.039   75   11 323508.261 198933.039  38.5%  20.7  595s
 18942 18257 237628.941  120   16 324536.934 237628.941  26.8%  46.4  620s
 25999  3893 236986.679   64   30 282383.702 236986.679  16.1%  59.7  610s
 20566 20023 198786.076  208   18 279475.594 198786.076  28.9%   141  605s
 15440 14894 235936.790  178   13 280390.819 235936.790  15.9%   119  615s
 19892 19225 236961.545  184   12 280956.481 236961.545  15.7%  38.8  610s
 22414 20948 200310.390  278    7 281020.424 200310.390  28.7%  56.2  625s
 20139 19604 199957.991  243    7 281059.247 199957.991  28.9%  23.8  620s
 16219 11747 237500.914   94   33 281685.108 237500.914  15.7%  98.7  615s
 24078 23547 200463.204  204   14 324182.133 200463.204  38.2%  24.2  625s
 22737 18026 236638.185  341   11 282124.865 236638.185  16.1%  97.9  620s
 14172 12964 199523.975  227   11 280396.335 199523.975  28.8%   259  610s
 18543 18011 198933.039   86    9 323508.261 198933.039  38.5%  20.6  600s
 19168 18481 237628.941  114    7 324536.934 237628.941  26.8%  46.5  625s
 26358  3560 236986.679   64   25 282383.702 236986.679  16.1%  59.3  615s
 20776 20233 207203.109  203   76 279475.594 198786.076  28.9%   142  610s
 15596 15050 235936.790  180    9 280390.819 235936.790  15.9%   120  620s
 19912 19245 236961.545  184   14 280956.481 236961.545  15.7%  38.8  615s
 20338 19803 199957.991  243    9 281059.247 199957.991  28.9%  23.8  625s
 22436 20968 200310.390  284   14 281020.424 200310.390  28.7%  56.5  631s
 24350 23819 200463.204  213    8 324182.133 200463.204  38.2%  24.2  630s
 22851 18105 236638.185  299   11 282124.865 236638.185  16.1%  97.5  625s
 18743 18211 198933.039  101    7 323508.261 198933.039  38.5%  20.5  605s
 19365 18674 237628.941  110    7 324536.934 237628.941  26.8%  46.5  630s
 16355 11689 237500.914   78   28 281685.108 237500.914  15.7%   101  622s
 26828  3140 236986.679   61   33 282383.702 236986.679  16.1%  58.8  620s
 20915 20372 198786.076  203   16 279475.594 198786.076  28.9%   143  615s
 15719 15173 235936.790  186   22 280390.819 235936.790  15.9%   120  625s
 14259 13045 199523.975  107   35 280396.335 199523.975  28.8%   261  616s
 19932 19265 236961.545  188   14 280956.481 236961.545  15.7%  38.7  620s
 22514 21040 200310.390  281   25 281020.424 200310.390  28.7%  57.4  635s
 20441 19906 199957.991  244    7 281059.247 199957.991  28.9%  23.8  630s
 16455 11621 infeasible  138      281685.108 237500.914  15.7%   102  625s
 24578 24047 200463.204  214    9 324182.133 200463.204  38.2%  24.1  635s
 23156 18322 infeasible  308      282124.865 236638.185  16.1%  96.5  630s
 14336 13119 211778.738  221   75 280396.335 199523.975  28.8%   261  620s
 18927 18395 198933.039  117   11 323508.261 198933.039  38.5%  20.5  610s
 27428  2638 infeasible   61      282383.702 236986.679  16.1%  58.6  625s
 21100 20557 198786.076  205   29 279475.594 198786.076  28.9%   144  620s
 15855 15309 235936.790  177    9 280390.819 235936.790  15.9%   120  630s
 19547 18856 237628.941  124   19 324536.934 237628.941  26.8%  46.3  635s
 19949 19282 236961.545  189   12 280956.481 236961.545  15.7%  38.7  625s
 22722 21248 200310.390  300    7 281020.424 200310.390  28.7%  59.4  640s
 20652 20117 199957.991  243    7 281059.247 199957.991  28.9%  23.8  635s
 16656 11472 237500.914   65   23 281685.108 237500.914  15.7%   105  630s
 24764 24233 200463.204  207   10 324182.133 200463.204  38.2%  24.1  640s
 23433 18508 236638.185  272   13 282124.865 236638.185  16.1%  95.8  635s
 14441 13222 225501.006  110   80 280396.335 199523.975  28.8%   264  625s
 19102 18570 198933.039  132   12 323508.261 198933.039  38.5%  20.4  615s
 19708 19017 237628.941  116    7 324536.934 237628.941  26.8%  46.2  640s
 28123  1955 236986.679  129   37 282383.702 236986.679  16.1%  57.6  630s
 20087 19420 236961.545  191   14 280956.481 236961.545  15.7%  38.6  630s
 22835 21361 200316.849  311   23 281020.424 200310.390  28.7%  60.5  645s
 20849 20314 199957.991  242    7 281059.247 199957.991  28.9%  23.8  640s
 15990 15444 235936.790  183    9 280390.819 235936.790  15.9%   120  636s
 21285 20742 198786.076  209   16 279475.594 198786.076  28.9%   146  626s
 16931 11287 237500.914   65   21 281685.108 237500.914  15.7%   106  635s
 25000 24469 200463.204  223   12 324182.133 200463.204  38.2%  24.2  645s
 23708 18773 236638.185  309   11 282124.865 236638.185  16.1%  95.0  640s
 14530 13299 199849.763  109   86 280396.335 199523.975  28.8%   267  630s
 19291 18759 198933.039  148    7 323508.261 198933.039  38.5%  20.3  620s
 19897 19206 237628.941  109   16 324536.934 237628.941  26.8%  46.0  645s
 21409 20866 198786.076  201   26 279475.594 198786.076  28.9%   146  630s
 28986  1158 236986.679   33   33 282383.702 236986.679  16.1%  57.0  635s
 16083 15537 235936.790  177    9 280390.819 235936.790  15.9%   120  640s
 20223 19556 236961.545  209   12 280956.481 236961.545  15.7%  38.5  635s
 23024 21550 200310.390  289   12 281020.424 200310.390  28.7%  62.8  650s
 21084 20549 199957.991  243   19 281059.247 199957.991  28.9%  23.9  645s
 25157 24626 200463.204  226   10 324182.133 200463.204  38.2%  24.3  650s
 24017 18964 236638.185  301   12 282124.865 236638.185  16.1%  94.1  645s
 17102 11254 237500.914   69   18 281685.108 237500.914  15.7%   108  641s
 19453 18921 198933.039  162    7 323508.261 198933.039  38.5%  20.2  625s
 20086 19387 237628.941  114    7 324536.934 237628.941  26.8%  46.0  650s
 29328  1140 236986.679   60   14 282383.702 236986.679  16.1%  56.4  640s
 21617 21074 198786.076  207    8 279475.594 198786.076  28.9%   148  635s
 16248 15702 235936.790  180    9 280390.819 235936.790  15.9%   121  645s
 20312 19645 236961.545  191   16 280956.481 236961.545  15.7%  38.5  640s
 23196 21722 200316.877  312   20 281020.424 200310.390  28.7%  64.8  655s
 21303 20768 199957.991  244    7 281059.247 199957.991  28.9%  23.9  650s
 17229 11225 237500.914   72   25 281685.108 237500.914  15.7%   109  645s
 25406 24875 200463.204  215   10 324182.133 200463.204  38.2%  24.4  655s
 14621 13384 207056.374  114   98 280396.335 199523.975  28.8%   271  639s
 24254 19079 236638.185  314   11 282124.865 236638.185  16.1%  93.5  650s
 14640 13402 203732.975  120   78 280396.335 199523.975  28.8%   271  640s
 19589 19057 198933.039  174    7 323508.261 198933.039  38.5%  20.1  630s
 20231 19528 237628.941  115   16 324536.934 237628.941  26.8%  45.9  655s
 29501  1313 236986.679   87   13 282383.702 236986.679  16.1%  56.3  645s
 21755 21212 199088.801  209   79 279475.594 198786.076  28.9%   149  640s
 20489 19822 236961.545  200   14 280956.481 236961.545  15.7%  38.4  645s
 23346 21864 200317.036  320   22 281020.424 200310.390  28.7%  66.4  660s
 21490 20955 199957.991  243    7 281059.247 199957.991  28.9%  23.9  655s
 17368 11182 237500.914   46   51 281685.108 237500.914  15.7%   112  650s
 25584 25053 200463.204  205    8 324182.133 200463.204  38.2%  24.5  660s
 16369 15823 235936.790  177    9 280390.819 235936.790  15.9%   121  652s
 24567 19295 236638.185  263   15 282124.865 236638.185  16.1%  92.6  655s
 14734 13485 199523.975  218   11 280396.335 199523.975  28.8%   275  645s
 19750 19218 198933.039  184    7 323508.261 198933.039  38.5%  20.0  635s
 20397 19692 237628.941  121    7 324536.934 237628.941  26.8%  46.0  660s
 29708  1520 236986.679   67   14 282383.702 236986.679  16.1%  56.2  650s
 21956 21413 198786.076  207   21 279475.594 198786.076  28.9%   150  645s
 16410 15864 235936.790  179    9 280390.819 235936.790  15.9%   121  655s
 20661 19994 236961.545  182   20 280956.481 236961.545  15.7%  38.3  650s
 23486 22000 200310.390  288   16 281020.424 200310.390  28.7%  67.5  665s
 21651 21116 199957.991  241   11 281059.247 199957.991  28.9%  23.9  660s
 17569 11047 infeasible  169      281685.108 237500.914  15.7%   114  655s
 25796 25265 200463.204  209    8 324182.133 200463.204  38.2%  24.6  665s
 24816 19524 236638.185  269   13 282124.865 236638.185  16.1%  92.0  660s
 14854 13595 200767.035  108   68 280396.335 199523.975  28.8%   278  650s
 19926 19394 198933.039  184    7 323508.261 198933.039  38.5%  20.0  640s
 20621 19904 237628.941  123   16 324536.934 237628.941  26.8%  45.8  665s
 29951  1763 236986.679   77   13 282383.702 236986.679  16.1%  56.0  655s
 22159 21616 198786.076  206   25 279475.594 198786.076  28.9%   151  650s
 16545 15999 235936.790  173    9 280390.819 235936.790  15.9%   121  660s
 20821 20154 236961.545  200   14 280956.481 236961.545  15.7%  38.3  655s
 23670 22178 200315.496  284   28 281020.424 200310.390  28.7%  69.1  670s
 21847 21312 199957.991  244    9 281059.247 199957.991  28.9%  23.9  665s
 17766 10914 237500.914   61   33 281685.108 237500.914  15.7%   115  660s
 25914 25383 200463.204  211   16 324182.133 200463.204  38.2%  24.6  670s
 25074 19722 236638.185  306    9 282124.865 236638.185  16.1%  91.4  665s
 14954 13687 199638.692  107   73 280396.335 199523.975  28.8%   281  655s
 20101 19569 198933.039  182    7 323508.261 198933.039  38.5%  20.0  645s
 30090  1902 236986.679   86   13 282383.702 236986.679  16.1%  55.9  660s
 22303 21760 198786.076  200   36 279475.594 198786.076  28.9%   151  655s
 16691 16145 235936.790  178    9 280390.819 235936.790  15.9%   121  665s
 20738 20017 237628.941  123   16 324536.934 237628.941  26.8%  45.9  670s
 20975 20308 236961.545  191   12 280956.481 236961.545  15.7%  38.3  660s
 23755 22261 200310.390  288   14 281020.424 200310.390  28.7%  69.9  675s
 21981 21446 199957.991  244    9 281059.247 199957.991  28.9%  23.9  670s
 26131 25600 200463.204  211    9 324182.133 200463.204  38.2%  24.6  675s
 25203 19839 236638.185  316   10 282124.865 236638.185  16.1%  91.1  670s
 15058 13780 199523.975  112   30 280396.335 199523.975  28.8%   284  660s
 20243 19711 198933.039  188    8 323508.261 198933.039  38.5%  20.0  650s
 20892 20167 237628.941  119   13 324536.934 237628.941  26.8%  45.9  675s
 30307  2119 236986.679  116   15 282383.702 236986.679  16.1%  55.7  665s
 17962 11058 237500.914   93   11 281685.108 237500.914  15.7%   115  667s
 22503 21960 198786.076  197   25 279475.594 198786.076  28.9%   152  660s
 16842 16296 235936.790  174    9 280390.819 235936.790  15.9%   122  670s
 21138 20471 236961.545  187   12 280956.481 236961.545  15.7%  38.2  665s
 22175 21640 199957.991  244    7 281059.247 199957.991  28.9%  23.9  675s
 23892 22398 200310.390  290   14 281020.424 200310.390  28.7%  71.5  680s
 18070 11166 237500.914  102   13 281685.108 237500.914  15.7%   115  670s
 26389 25858 200463.204  210    8 324182.133 200463.204  38.2%  24.6  680s
 25468 20076 236638.185  319   11 282124.865 236638.185  16.1%  90.5  675s
 15177 13891 199523.975   84   20 280396.335 199523.975  28.8%   286  665s
 20381 19849 198933.039  184    7 323508.261 198933.039  38.5%  19.9  655s
 21109 20378 237628.941  123   17 324536.934 237628.941  26.8%  46.0  680s
 22639 22096 198786.076  204    7 279475.594 198786.076  28.9%   153  665s
 16968 16422 235936.790  164    9 280390.819 235936.790  15.9%   122  675s
 21257 20590 236961.545  204   12 280956.481 236961.545  15.7%  38.2  670s
 24118 22616 200310.390  319   18 281020.424 200310.390  28.7%  73.6  685s
 22380 21845 199957.991  235    7 281059.247 199957.991  28.9%  23.9  680s
 30546  2358 236986.679   91   13 282383.702 236986.679  16.1%  55.5  672s
 18652 10948 infeasible   68      281685.108 237500.914  15.7%   112  675s
 26561 26030 200463.204  209    9 324182.133 200463.204  38.2%  24.6  685s
 25757 20341 236638.185  309   17 282124.865 236638.185  16.1%  89.9  680s
 15323 14035 199523.975   97   25 280396.335 199523.975  28.8%   286  670s
 20540 20008 198933.039  189    8 323508.261 198933.039  38.5%  19.9  660s
 21302 20569 237628.941  117    9 324536.934 237628.941  26.8%  46.0  685s
 30678  2490 236986.679   97   15 282383.702 236986.679  16.1%  55.3  675s
 22824 22281 198786.076  196   31 279475.594 198786.076  28.9%   154  670s
 17132 16586 235936.790  166   14 280390.819 235936.790  15.9%   121  680s
 21408 20741 236961.545  192   18 280956.481 236961.545  15.7%  38.1  675s
 22572 22037 199957.991  248    7 281059.247 199957.991  28.9%  23.9  685s
 24244 22738 200315.773  274   34 281020.424 200310.390  28.7%  75.2  690s
 18771 10925 237500.914   55   34 281685.108 237500.914  15.7%   114  680s
 26818 26287 200463.204  211   10 324182.133 200463.204  38.2%  24.6  690s
 26094 20570 236638.185  320   17 282124.865 236638.185  16.1%  89.2  685s
 30927  2739 236986.679   88   19 282383.702 236986.679  16.1%  55.1  680s
 15410 14122 199523.975  104   27 280396.335 199523.975  28.8%   284  676s
 22924 22381 198786.076  205   28 279475.594 198786.076  28.9%   155  675s
 17247 16701 235936.790  177   15 280390.819 235936.790  15.9%   121  685s
 20669 20137 198933.039  187   16 323508.261 198933.039  38.5%  19.9  666s
 21447 20714 237628.941  120   45 324536.934 237628.941  26.8%  46.3  691s
 21553 20886 236961.545  189   17 280956.481 236961.545  15.7%  38.0  680s
 24362 22849 200310.390  133    5 281020.424 200310.390  28.7%  76.1  695s
 22771 22236 199957.991  246    7 281059.247 199957.991  28.9%  23.9  690s
 27069 26538 200463.204  210    8 324182.133 200463.204  38.2%  24.6  695s
 19111 10637 237500.914   78   29 281685.108 237500.914  15.7%   113  685s
 15550 14262 199523.975  120   21 280396.335 199523.975  28.8%   282  680s
 20784 20252 198933.039  189   10 323508.261 198933.039  38.5%  19.8  670s
 26368 20814 236638.185  324    9 282124.865 236638.185  16.1%  88.6  691s
 21572 20839 237628.941  125   16 324536.934 237628.941  26.8%  46.4  695s
 31164  2976 236986.679   86   15 282383.702 236986.679  16.1%  55.0  685s
 23125 22582 198786.076  208   24 279475.594 198786.076  28.9%   156  680s
 17397 16851 235936.790  183   15 280390.819 235936.790  15.9%   121  690s
 21675 21008 236961.545  194   14 280956.481 236961.545  15.7%  37.9  685s
 22923 22388 199957.991  241   11 281059.247 199957.991  28.9%  23.9  695s
 24460 22936 200310.390  311   14 281020.424 200310.390  28.7%  77.0  700s
 19500 10304 237500.914   73   33 281685.108 237500.914  15.7%   111  690s
 27324 26793 200463.204  218   26 324182.133 200463.204  38.2%  24.7  700s
 26586 20998 236638.185  314   12 282124.865 236638.185  16.1%  88.1  695s
 15712 14424 199523.975  128   23 280396.335 199523.975  28.8%   279  685s
 20971 20439 198933.039  189    8 323508.261 198933.039  38.5%  19.8  675s
 21768 21035 237628.941  125    5 324536.934 237628.941  26.8%  46.9  700s
 23334 22791 198786.076  187   45 279475.594 198786.076  28.9%   156  685s
 17562 17016 235936.790  173    9 280390.819 235936.790  15.9%   121  695s
 21828 21161 236961.545  209   10 280956.481 236961.545  15.7%  37.9  690s
 31381  3193 236986.679   90   13 282383.702 236986.679  16.1%  54.8  691s
 24570 23040 200317.322  320   25 281020.424 200310.390  28.7%  78.4  705s
 23136 22601 199957.991  248    7 281059.247 199957.991  28.9%  23.9  700s
 19870 10062 237500.914   58   28 281685.108 237500.914  15.7%   110  695s
 27453 26922 200463.204  211   10 324182.133 200463.204  38.2%  24.6  705s
 26904 21308 236638.185  311    9 282124.865 236638.185  16.1%  87.4  700s
 15853 14565 199523.975  140   25 280396.335 199523.975  28.8%   277  690s
 21073 20541 198933.039  190    7 323508.261 198933.039  38.5%  19.7  680s
 21978 21245 237628.941  106    7 324536.934 237628.941  26.8%  47.0  705s
 31542  3354 236986.679   95   19 282383.702 236986.679  16.1%  54.7  695s
 23481 22938 198786.076  187   24 279475.594 198786.076  28.9%   157  690s
 17653 17107 235936.790  180    9 280390.819 235936.790  15.9%   121  700s
 21981 21314 236961.545  226   10 280956.481 236961.545  15.7%  38.0  695s
 24739 23209 200310.390  112   30 281020.424 200310.390  28.7%  79.8  710s
 19975 10031 237500.914   55   28 281685.108 237500.914  15.7%   110  700s
 23368 22833 199957.991  240   11 281059.247 199957.991  28.9%  23.9  706s
 27641 27110 200463.204  209   10 324182.133 200463.204  38.2%  24.6  710s
 15986 14698 199523.975  150   17 280396.335 199523.975  28.8%   275  695s
 21239 20707 198933.039  190   12 323508.261 198933.039  38.5%  19.7  685s
 22137 21404 237628.941  121    7 324536.934 237628.941  26.8%  46.8  710s
 31786  3598 236986.679   91   13 282383.702 236986.679  16.1%  54.5  700s
 23555 23012 198786.076  204   23 279475.594 198786.076  28.9%   158  695s
 17772 17226 235936.790  177    9 280390.819 235936.790  15.9%   121  705s
 27179 21545 236638.185  313   11 282124.865 236638.185  16.1%  86.9  707s
 22121 21454 236961.545  232   18 280956.481 236961.545  15.7%  38.0  700s
 24862 23330 200311.883  309   34 281020.424 200310.390  28.7%  81.1  715s
 23541 23006 199957.991  243    7 281059.247 199957.991  28.9%  24.0  710s
 20212  9914 237500.914   60   22 281685.108 237500.914  15.7%   110  705s
 27868 27337 200463.204  208   10 324182.133 200463.204  38.2%  24.6  715s
 27289 21653 236638.185  317   19 282124.865 236638.185  16.1%  86.6  710s
 16121 14833 199523.975  160   23 280396.335 199523.975  28.8%   273  700s
 21403 20871 198933.039  187    9 323508.261 198933.039  38.5%  19.7  690s
 22355 21622 237628.941  129   19 324536.934 237628.941  26.8%  46.8  715s
 32028  3840 236986.679   94   19 282383.702 236986.679  16.1%  54.3  705s
 23576 23033 198786.076  186   23 279475.594 198786.076  28.9%   158  700s
 17893 17347 235936.790  177    9 280390.819 235936.790  15.9%   121  710s
 24963 23422 200310.390  318   14 281020.424 200310.390  28.7%  82.1  720s
 23732 23197 199957.991  245    9 281059.247 199957.991  28.9%  24.0  715s
 22203 21536 236961.545  244   16 280956.481 236961.545  15.7%  38.0  705s
 20790  9456 237500.914   45   35 281685.108 237500.914  15.7%   108  710s
 28100 27569 200463.204  192   10 324182.133 200463.204  38.2%  24.5  720s
 27628 21972 236638.185  305    9 282124.865 236638.185  16.1%  85.9  715s
 16241 14949 199523.975  171   25 280396.335 199523.975  28.8%   271  705s
 21588 21056 198933.039  188    8 323508.261 198933.039  38.5%  19.7  695s
 22555 21822 237628.941  123   18 324536.934 237628.941  26.8%  46.8  720s
 32163  3975 236986.679   87   19 282383.702 236986.679  16.1%  54.2  710s
 23595 23052 198786.076  175    9 279475.594 198786.076  28.9%   158  705s
 22337 21670 236961.545  257   10 280956.481 236961.545  15.7%  38.0  710s
 25117 23574 200316.849  314   29 281020.424 200310.390  28.7%  83.3  725s
 23975 23440 199957.991  242   20 281059.247 199957.991  28.9%  24.0  720s
 18031 17485 235936.790  178    9 280390.819 235936.790  15.9%   121  716s
 21282  9046 infeasible  233      281685.108 237500.914  15.7%   107  715s
 28305 27774 200463.204  213    8 324182.133 200463.204  38.2%  24.5  725s
 27927 22178 236638.185  295   11 282124.865 236638.185  16.1%  85.4  720s
 16391 15075 199523.975  185   25 280396.335 199523.975  28.8%   269  710s
 21748 21216 198933.039  187    8 323508.261 198933.039  38.5%  19.6  700s
 22679 21946 237628.941  118    7 324536.934 237628.941  26.8%  46.7  725s
 32396  4208 236986.679  114   13 282383.702 236986.679  16.1%  54.0  715s
 23624 23081 198786.076  191    7 279475.594 198786.076  28.9%   158  710s
 18169 17623 235936.790  183   24 280390.819 235936.790  15.9%   122  720s
 22472 21769 236961.545  258   35 280956.481 236961.545  15.7%  38.4  715s
 25296 23737 200310.390  138   20 281020.424 200310.390  28.7%  84.6  730s
 24163 23628 199957.991  245   22 281059.247 199957.991  28.9%  24.0  725s
 21532  8880 237500.914   86   16 281685.108 237500.914  15.7%   106  720s
 28438 27907 200463.204  212   10 324182.133 200463.204  38.2%  24.5  730s
 28282 22372 236638.185  315   22 282124.865 236638.185  16.1%  84.8  725s
 16419 15103 199523.975  187   21 280396.335 199523.975  28.8%   269  715s
 21939 21407 198933.039  187    6 323508.261 198933.039  38.5%  19.6  705s
 22900 22167 237628.941  124    7 324536.934 237628.941  26.8%  46.6  730s
 33756  3052 infeasible   84      282383.702 236986.679  16.1%  52.0  720s
 18312 17766 235936.790  180    9 280390.819 235936.790  15.9%   122  725s
 22646 21851 236961.545  180   44 280956.481 236961.545  15.7%  39.5  720s
 23652 23109 198786.076  197   26 279475.594 198786.076  28.9%   158  716s
 24378 23843 199957.991  248    7 281059.247 199957.991  28.9%  23.9  730s
 25378 23815 200310.390  311    7 281020.424 200310.390  28.7%  85.1  735s
 21724  8878 237500.914   64   29 281685.108 237500.914  15.7%   106  725s
 28640 28109 200463.204  213   12 324182.133 200463.204  38.2%  24.6  735s
 28524 22548 236638.185  330    9 282124.865 236638.185  16.1%  84.3  730s
 16526 15206 199523.975  199   19 280396.335 199523.975  28.8%   268  720s
 23076 22343 237628.941  137   16 324536.934 237628.941  26.8%  46.5  735s
 23675 23132 198786.076  201    7 279475.594 198786.076  28.9%   158  720s
 22063 21531 198933.039  192    9 323508.261 198933.039  38.5%  19.6  710s
 18376 17830 235936.790  175   23 280390.819 235936.790  15.9%   122  730s
 36210   600 236986.679   66   31 282383.702 236986.679  16.1%  48.5  726s
 24584 24049 199957.991  246   19 281059.247 199957.991  28.9%  23.9  735s
 25513 23947 209508.963  121   69 281020.424 200310.390  28.7%  86.4  740s
 22743 21946 236961.545  131   19 280956.481 236961.545  15.7%  41.7  726s
 28889 28358 200463.204  211   12 324182.133 200463.204  38.2%  24.6  740s
 28699 22592 236638.185  339    7 282124.865 236638.185  16.1%  83.9  735s
 16653 15323 199523.975  211   18 280396.335 199523.975  28.8%   266  725s
 21905  8815 237500.914   75   25 281685.108 237500.914  15.7%   106  731s
 22196 21664 198933.039  186    6 323508.261 198933.039  38.5%  19.5  715s
 23704 23161 198786.076  206   11 279475.594 198786.076  28.9%   159  725s
 18516 17970 235936.790  180   15 280390.819 235936.790  15.9%   122  735s
 36451   407 236986.679   38   31 282383.702 236986.679  16.1%  48.8  731s
 22822 22025 236961.545  179   33 280956.481 236961.545  15.7%  43.5  730s
 23237 22504 237628.941  137   18 324536.934 237628.941  26.8%  46.6  742s
 22063  8749 237500.914   87   26 281685.108 237500.914  15.7%   105  735s
 25624 24052 200310.390  319   16 281020.424 200310.390  28.7%  87.3  746s
 29099 28568 200463.204  212   12 324182.133 200463.204  38.2%  24.8  745s
 24792 24257 199957.991  237    7 281059.247 199957.991  28.9%  23.9  741s
 29069 22818 236638.185  326   14 282124.865 236638.185  16.1%  83.1  740s
 16805 15473 199524.808  231   29 280396.335 199523.975  28.8%   264  730s
 22414 21882 198933.039  191    6 323508.261 198933.039  38.5%  19.5  720s
 23309 22576 237628.941  130   19 324536.934 237628.941  26.8%  46.7  745s
 36612   270 236986.679   34   38 282383.702 236986.679  16.1%  48.8  735s
 23738 23195 198786.076  202   23 279475.594 198786.076  28.9%   159  730s
 18656 18110 235936.790  175    9 280390.819 235936.790  15.9%   122  740s
 22897 22100 236961.545  174   24 280956.481 236961.545  15.7%  45.2  735s
 24929 24394 199957.991  248    7 281059.247 199957.991  28.9%  23.8  745s
 25756 24182 200310.390  250   28 281020.424 200310.390  28.7%  88.2  750s
 22327  8631 237500.914   79   19 281685.108 237500.914  15.7%   104  740s
 29207 28676 200463.204  214   10 324182.133 200463.204  38.2%  24.8  750s
 29327 22952 236638.185  300   10 282124.865 236638.185  16.1%  82.7  745s
 16937 15585 199526.065  237   23 280396.335 199523.975  28.8%   263  735s
 22477 21945 198933.039  195    8 323508.261 198933.039  38.5%  19.5  725s
 23493 22760 237628.941  133   19 324536.934 237628.941  26.8%  46.7  750s
 36866   358 infeasible   66      282383.702 236986.679  16.1%  48.9  740s
 23757 23214 198786.076  199   33 279475.594 198786.076  28.9%   159  735s
 18780 18234 235936.790  175    9 280390.819 235936.790  15.9%   123  745s
 22988 22191 236961.545  169   23 280956.481 236961.545  15.7%  47.3  740s
 25891 24315 200310.390  318   17 281020.424 200310.390  28.7%  89.2  755s
 25136 24601 199957.991  246   11 281059.247 199957.991  28.9%  23.9  750s
 22638  8436 237500.914   61   29 281685.108 237500.914  15.7%   104  745s
 29425 28894 200463.204  212   10 324182.133 200463.204  38.2%  24.9  755s
 29682 23127 236638.185  331   12 282124.865 236638.185  16.1%  82.1  750s
 17066 15712 199525.857  232   27 280396.335 199523.975  28.8%   262  740s
 22695 22163 198933.039  183    7 323508.261 198933.039  38.5%  19.4  730s
 23700 22967 237628.941  126    7 324536.934 237628.941  26.8%  46.8  755s
 37027   313 236986.679   43   24 282383.702 236986.679  16.1%  49.2  745s
 23784 23241 198786.076  202   28 279475.594 198786.076  28.9%   159  740s
 18923 18377 235936.790  179    9 280390.819 235936.790  15.9%   123  750s
 25350 24815 199957.991  241    7 281059.247 199957.991  28.9%  23.9  755s
 23052 22255 236961.545  180   38 280956.481 236961.545  15.7%  48.7  745s
 22989  8211 237500.914   76   25 281685.108 237500.914  15.7%   103  750s
 29621 29090 200463.204  214    8 324182.133 200463.204  38.2%  24.8  760s
 25994 24414 200310.390  316   26 281020.424 200310.390  28.7%  89.9  761s
 29947 23295 236638.185  298   12 282124.865 236638.185  16.1%  81.7  755s
 17250 15884 199526.065  241   27 280396.335 199523.975  28.8%   260  745s
 22909 22377 198933.039  186    8 323508.261 198933.039  38.5%  19.4  735s
 23900 23167 237628.941  122    7 324536.934 237628.941  26.8%  46.7  760s
 37170   421 236986.679   51   36 282383.702 236986.679  16.1%  50.0  750s
 23811 23268 198786.076  197   27 279475.594 198786.076  28.9%   159  745s
 19056 18510 235936.790  173    9 280390.819 235936.790  15.9%   123  755s
 23142 22345 236961.545  167   26 280956.481 236961.545  15.7%  50.7  750s
 25510 24975 199957.991  246   11 281059.247 199957.991  28.9%  23.9  760s
 26107 24525 200310.390  174   14 281020.424 200310.390  28.7%  90.7  765s
 23218  8175 237500.914   59   44 281685.108 237500.914  15.7%   102  755s
 29876 29345 200463.204  211    8 324182.133 200463.204  38.2%  24.8  765s
 30195 23424 236638.185  306   19 282124.865 236638.185  16.1%  81.3  760s
 17364 15986 199523.975  242    9 280396.335 199523.975  28.8%   259  750s
 23098 22566 198933.039  185    6 323508.261 198933.039  38.5%  19.3  740s
 24110 23377 237628.941  123   16 324536.934 237628.941  26.8%  46.5  765s
 37305   556 236986.679   51   16 282383.702 236986.679  16.1%  51.0  755s
 23823 23280 198786.076  184   23 279475.594 198786.076  28.9%   159  750s
 19195 18649 235936.790  179   27 280390.819 235936.790  15.9%   123  760s
 23189 22392 236961.545  164   25 280956.481 236961.545  15.7%  51.7  755s
 26250 24664 200310.390   71   34 281020.424 200310.390  28.7%  91.5  770s
 25708 25173 199957.991  245    7 281059.247 199957.991  28.9%  23.9  765s
 30118 29587 200463.204  220    8 324182.133 200463.204  38.2%  24.9  770s
H24246 23511                    322525.32994 237628.941  26.3%  46.4  768s
H24246 23511                    320431.59066 237628.941  25.8%  46.4  768s
 30431 23540 236638.185  302   15 282124.865 236638.185  16.1%  81.0  765s
 23377  8270 237500.914   47   32 281685.108 237500.914  15.7%   103  761s
 17418 16038 199527.205  233   25 280396.335 199523.975  28.8%   259  755s
 23287 22755 198933.039  188    7 323508.261 198933.039  38.5%  19.3  745s
 24246 23513 237628.941  135   16 320431.591 237628.941  25.8%  46.4  770s
 37387   638 236986.679   55   26 282383.702 236986.679  16.1%  51.2  760s
 23845 23302 198786.076  184   37 279475.594 198786.076  28.9%   160  755s
 25948 25413 199957.991  240   11 281059.247 199957.991  28.9%  23.9  770s
 23272 22475 236961.545  170   40 280956.481 236961.545  15.7%  53.5  760s
 19320 18774 235936.790  180   21 280390.819 235936.790  15.9%   123  766s
 26374 24786 200319.139  160   45 281020.424 200310.390  28.7%  92.3  775s
 23474  8367 237500.914   51   13 281685.108 237500.914  15.7%   104  765s
 30233 29702 200463.204  231    8 324182.133 200463.204  38.2%  24.9  775s
 30784 23713 infeasible  308      282124.865 236638.185  16.1%  80.5  770s
 17594 16180 199526.065  244   33 280396.335 199523.975  28.8%   257  760s
 23422 22890 198933.039  189    8 323508.261 198933.039  38.5%  19.3  750s
 24511 23778 237628.941  124    7 320431.591 237628.941  25.8%  46.4  775s
 37501   752 236986.679   49   37 282383.702 236986.679  16.1%  52.2  765s
 23930 23387 198786.076  206   25 279475.594 198786.076  28.9%   160  760s
 19421 18875 235936.790  180    9 280390.819 235936.790  15.9%   123  770s
 23360 22563 236961.545  177   38 280956.481 236961.545  15.7%  55.4  765s
 26511 24917 200310.390  107   14 281020.424 200310.390  28.7%  93.2  780s
 26052 25517 199957.991  243   20 281059.247 199957.991  28.9%  24.0  775s
 23618  8489 237500.914   44   19 281685.108 237500.914  15.7%   106  770s
 30466 29935 200463.204  208    8 324182.133 200463.204  38.2%  25.1  780s
 17742 16310 199523.975  239    9 280396.335 199523.975  28.8%   255  765s
 23611 23079 198933.039  184   14 323508.261 198933.039  38.5%  19.2  755s
 24780 24047 237628.941  137   19 320431.591 237628.941  25.8%  46.3  780s
 37616   867 236986.679   65   16 282383.702 236986.679  16.1%  52.9  770s
 24049 23506 198786.076  185   24 279475.594 198786.076  28.9%   161  765s
 19551 19005 235936.790  170   12 280390.819 235936.790  15.9%   123  775s
 31063 23889 236638.185  319    9 282124.865 236638.185  16.1%  80.0  777s
 23424 22627 236961.545  169   34 280956.481 236961.545  15.7%  56.9  770s
 26693 25089 200310.390  317   15 281020.424 200310.390  28.7%  94.6  785s
 26268 25733 199957.991  244    7 281059.247 199957.991  28.9%  23.9  780s
 23703  8506 237500.914   52   45 281685.108 237500.914  15.7%   107  775s
 30638 30107 200463.204  201    8 324182.133 200463.204  38.2%  25.0  785s
 31167 23962 236638.185  321   13 282124.865 236638.185  16.1%  79.9  780s
 17885 16441 199525.857  230   27 280396.335 199523.975  28.8%   254  770s
 23715 23183 198933.039  188   18 323508.261 198933.039  38.5%  19.2  760s
 37724   975 236986.679   81   25 282383.702 236986.679  16.1%  53.7  775s
 24232 23689 198786.076  220    9 279475.594 198786.076  28.9%   161  770s
 19704 19158 235936.790  183   29 280390.819 235936.790  15.9%   122  780s
 23527 22730 236961.545  183   30 280956.481 236961.545  15.7%  59.1  775s
 26459 25924 199957.991  246    7 281059.247 199957.991  28.9%  23.9  785s
 26785 25177 200310.390  138   29 281020.424 200310.390  28.7%  95.5  790s
 25029 24296 237628.941  121   16 320431.591 237628.941  25.8%  46.3  787s
 23820  8547 237500.914   47   31 281685.108 237500.914  15.7%   110  780s
 30880 30349 200463.204  211   10 324182.133 200463.204  38.2%  25.1  790s
 31532 24114 236638.185  312   14 282124.865 236638.185  16.1%  79.4  785s
 18064 16610 199523.975  223   14 280396.335 199523.975  28.8%   253  775s
 23909 23377 198933.039  190    7 323508.261 198933.039  38.5%  19.1  765s
 25181 24448 237628.941  129   16 320431.591 237628.941  25.8%  46.2  790s
 24492 23949 198786.076  248    9 279475.594 198786.076  28.9%   160  775s
 19834 19288 235936.790  182   15 280390.819 235936.790  15.9%   122  785s
 37778  1029 236986.679   58   14 282383.702 236986.679  16.1%  54.2  781s
 26928 25313 200310.390  315   10 281020.424 200310.390  28.7%  96.8  795s
 26646 26111 199957.991  245    9 281059.247 199957.991  28.9%  23.9  790s
 23594 22797 236961.545  182   31 280956.481 236961.545  15.7%  60.5  780s
 23907  8582 237500.914   41   22 281685.108 237500.914  15.7%   112  785s
 31097 30566 200463.204  233   13 324182.133 200463.204  38.2%  25.2  795s
 31829 24245 236638.185  307   11 282124.865 236638.185  16.1%  79.0  790s
 18191 16737 199523.975  217    9 280396.335 199523.975  28.8%   252  780s
 24099 23567 198933.039  187    8 323508.261 198933.039  38.5%  19.1  770s
 25414 24681 237628.941  119    9 320431.591 237628.941  25.8%  46.2  795s
 37886  1137 236986.679   57   12 282383.702 236986.679  16.1%  54.9  785s
 24728 24185 198786.076  270    9 279475.594 198786.076  28.9%   158  780s
 19954 19408 235936.790  180   22 280390.819 235936.790  15.9%   122  790s
 23673 22876 236961.545  183   32 280956.481 236961.545  15.7%  62.2  785s
 27080 25454 214729.545  128   92 281020.424 200310.390  28.7%  98.1  800s
 26889 26354 199957.991  246    7 281059.247 199957.991  28.9%  23.9  795s
 31240 30709 200463.204  225    8 324182.133 200463.204  38.2%  25.3  800s
 24002  8633 237500.914   44   40 281685.108 237500.914  15.7%   113  790s
 18300 16838 199525.586  209   32 280396.335 199523.975  28.8%   251  785s
 32182 24435 236638.185  340    8 282124.865 236638.185  16.1%  78.3  795s
 38012  1263 236986.679   60   40 282383.702 236986.679  16.1%  55.6  790s
 20063 19517 235936.790  176    9 280390.819 235936.790  15.9%   122  795s
 25513 24777 237628.941  125    6 320431.591 237628.941  25.8%  46.1  801s
 24260 23728 198933.039  186    7 323508.261 198933.039  38.5%  19.1  776s
 24877 24328 198786.076  279   13 279475.594 198786.076  28.9%   158  785s
 23772 22975 236961.545  171   25 280956.481 236961.545  15.7%  64.3  790s
 27152 25522 200310.390  309    9 281020.424 200310.390  28.7%  98.9  805s
 24028  8651 237500.914   45   48 281685.108 237500.914  15.7%   114  795s
 27101 26566 199957.991  242   20 281059.247 199957.991  28.9%  23.9  801s
 32389 24563 236638.185  308   14 282124.865 236638.185  16.1%  78.0  800s
 31465 30934 200463.204  208   12 324182.133 200463.204  38.2%  25.4  805s
 24362 23830 198933.039  186   14 323508.261 198933.039  38.5%  19.0  780s
 25015 24466 198786.076  290    9 279475.594 198786.076  28.9%   157  790s
 25519 24781 237628.941  123   12 320431.591 237628.941  25.8%  46.1  805s
 20190 19644 235936.790  178   25 280390.819 235936.790  15.9%   122  800s
 38112  1363 236986.679   83   13 282383.702 236986.679  16.1%  56.1  796s
 27307 25665 200311.708  309   24 281020.424 200310.390  28.7%   100  810s
 27244 26709 199957.991  238    7 281059.247 199957.991  28.9%  23.8  805s
 23829 23032 236961.545  181   18 280956.481 236961.545  15.7%  65.5  796s
 24128  8745 237500.914   51   17 281685.108 237500.914  15.7%   115  800s
 31664 31133 200463.204  219    8 324182.133 200463.204  38.2%  25.4  810s
 32652 24748 236638.185  322   11 282124.865 236638.185  16.1%  77.6  805s
 24568 24036 198933.039  186    7 323508.261 198933.039  38.5%  19.0  785s
 18366 16902 199523.975  206   27 280396.335 199523.975  28.8%   250  795s
 25524 24784 237628.941   71   11 320431.591 237628.941  25.8%  46.1  810s
 38199  1450 236986.679   80   31 282383.702 236986.679  16.1%  56.5  800s
 25179 24630 198786.076  261   11 279475.594 198786.076  28.9%   157  795s
 20229 19683 235936.790  180    9 280390.819 235936.790  15.9%   122  805s
 23907 23110 236961.545  184   15 280956.481 236961.545  15.7%  67.1  800s
 27456 26921 199957.991  235    9 281059.247 199957.991  28.9%  23.8  810s
 24289  8736 237500.914   91   24 281685.108 237500.914  15.7%   116  805s
 27461 25817 200310.390  242   18 281020.424 200310.390  28.7%   101  816s
 31896 31365 200463.204  214   10 324182.133 200463.204  38.2%  25.4  815s
 32864 24913 236638.185  349   11 282124.865 236638.185  16.1%  77.2  810s
 18370 16906 199525.246  206   33 280396.335 199523.975  28.8%   250  800s
 24780 24248 198933.039  189    8 323508.261 198933.039  38.5%  19.0  790s
 25616 24847 237628.941   31   11 320431.591 237628.941  25.8%  46.7  815s
 38318  1569 236986.679   98   24 282383.702 236986.679  16.1%  57.0  805s
 25383 24834 198786.076  202    9 279475.594 198786.076  28.9%   157  800s
 20391 19845 235936.790  181   25 280390.819 235936.790  15.9%   122  810s
 23999 23202 236961.545  176   31 280956.481 236961.545  15.7%  68.9  805s
 27583 25937 200310.390   62   21 281020.424 200310.390  28.7%   102  820s
 27647 27112 199957.991  250   19 281059.247 199957.991  28.9%  23.8  815s
 24388  8803 237500.914   78   43 281685.108 237500.914  15.7%   116  810s
 33110 25155 236638.185  349   11 282124.865 236638.185  16.1%  76.8  815s
 32144 31613 200463.204  209   10 324182.133 200463.204  38.2%  25.3  821s
 25778 24955 237628.941   57    6 320431.591 237628.941  25.8%  46.6  820s
 24880 24348 198933.039  189   12 323508.261 198933.039  38.5%  19.0  795s
 38381  1632 236986.679   89   18 282383.702 236986.679  16.1%  57.4  810s
 18377 16913 199524.111  211   33 280396.335 199523.975  28.8%   250  806s
 25472 24923 198786.076  226   14 279475.594 198786.076  28.9%   158  805s
 20532 19986 235936.790  179   19 280390.819 235936.790  15.9%   121  815s
 24084 23287 236961.545  182   32 280956.481 236961.545  15.7%  70.7  810s
 27765 26117 200310.390  129    9 281020.424 200310.390  28.7%   102  825s
 27891 27356 199957.991  245   11 281059.247 199957.991  28.9%  23.8  820s
H25839 23754                    320399.73320 237628.941  25.8%  46.5  822s
 24456  8777 237500.914   77   31 281685.108 237500.914  15.7%   118  815s
 32295 31764 200463.204  214    8 324182.133 200463.204  38.2%  25.3  825s
 33352 25388 236638.185  364    7 282124.865 236638.185  16.1%  76.4  820s
 25077 24545 198933.039  188    7 323508.261 198933.039  38.5%  18.9  800s
 25878 23782 237628.941   72   10 320399.733 237628.941  25.8%  46.5  825s
 25657 25108 203808.803  236   84 279475.594 198786.076  28.9%   158  810s
H25891 22611                    318832.69019 237628.941  25.5%  46.5  825s
 20676 20130 235936.790  173   11 280390.819 235936.790  15.9%   121  820s
 38507  1758 236986.679   67   12 282383.702 236986.679  16.1%  58.0  815s
 18386 16922 199523.975  205   23 280396.335 199523.975  28.8%   250  811s
 24157 23360 236961.545  110   34 280956.481 236961.545  15.7%  72.2  815s
 27944 26296 200310.390  142    7 281020.424 200310.390  28.7%   102  830s
 28029 27494 199957.991  246    7 281059.247 199957.991  28.9%  23.8  825s
H25931 21518                    318617.93361 237628.941  25.4%  46.4  827s
 24542  8737 237500.914   76   29 281685.108 237500.914  15.7%   121  820s
 32533 32002 200463.204  211    8 324182.133 200463.204  38.2%  25.3  830s
 33604 25545 236638.185  364    9 282124.865 236638.185  16.1%  76.0  825s
 18391 16925 199523.975  207   21 280396.335 199523.975  28.8%   250  815s
 38586  1837 236986.679   81   20 282383.702 236986.679  16.1%  58.3  820s
H24550  8737                    281685.07943 237500.914  15.7%   122  822s
 25245 24713 198933.039  184    7 323508.261 198933.039  38.5%  18.9  805s
 25852 25303 198786.076   56   12 279475.594 198786.076  28.9%   158  815s
H25984 20492                    282181.01656 237628.941  15.8%  46.4  831s
 20838 20292 235936.790  181   11 280390.819 235936.790  15.9%   121  825s
 24246 23449 236961.545  115   29 280956.481 236961.545  15.7%  74.0  820s
 28092 26444 200310.390  155    7 281020.424 200310.390  28.7%   101  835s
 28261 27726 199957.991  244   13 281059.247 199957.991  28.9%  23.8  830s
 24572  8735 237500.914   45   18 281685.079 237500.914  15.7%   122  825s
 32788 32257 200463.204  208    8 324182.133 200463.204  38.2%  25.3  835s
 18405 16939 199523.975  214   15 280396.335 199523.975  28.8%   250  820s
H26121 19573                    282180.98912 237628.941  15.8%  46.3  834s
 25420 24888 198933.039  186    7 323508.261 198933.039  38.5%  19.0  810s
 26121 19575 237628.941   73    6 282180.989 237628.941  15.8%  46.3  835s
 38645  1896 236986.679   83   18 282383.702 236986.679  16.1%  58.5  825s
 20988 20442 235936.790  180    9 280390.819 235936.790  15.9%   121  830s
 33896 25706 236638.185  369   12 282124.865 236638.185  16.1%  75.7  832s
 24285 23488 236961.545  204   34 280956.481 236961.545  15.7%  74.8  825s
 26000 25451 198786.076  220   21 279475.594 198786.076  28.9%   158  821s
 28196 26548 200310.390  162    9 281020.424 200310.390  28.7%   101  840s
H26202 18668                    282180.98792 237628.941  15.8%  46.2  836s
 28465 27930 199957.991  249   20 281059.247 199957.991  28.9%  23.8  835s
 24810  8973 237500.914   74   14 281685.079 237500.914  15.7%   121  830s
 33021 32490 200463.204  223   10 324182.133 200463.204  38.2%  25.4  840s
 34055 25849 236638.185  366   11 282124.865 236638.185  16.1%  75.5  835s
 25613 25081 198933.039  186    6 323508.261 198933.039  38.5%  18.9  815s
 18413 16947 199523.975  218   21 280396.335 199523.975  28.8%   250  825s
 26336 18759 237628.941   94    8 282180.988 237628.941  15.8%  46.1  840s
 38765  2016 236986.679  101   17 282383.702 236986.679  16.1%  59.1  830s
 26154 25604 198786.076  221   24 279475.594 198786.076  28.9%   158  825s
H26338 17847                    282180.98778 237628.941  15.8%  46.1  841s
 24421 23624 236961.545  219   12 280956.481 236961.545  15.7%  75.4  830s
 21082 20536 235936.790  179    9 280390.819 235936.790  15.9%   121  835s
 28340 26692 200310.390  132   34 281020.424 200310.390  28.7%   102  845s
 28617 28082 199957.991  250   20 281059.247 199957.991  28.9%  23.8  840s
 24985  9148 237500.914   92   12 281685.079 237500.914  15.7%   121  835s
 33163 32632 200463.204  227    8 324182.133 200463.204  38.2%  25.5  845s
 34346 26050 236638.185  369   20 282124.865 236638.185  16.1%  75.1  840s
 18421 16955 199523.975  222   15 280396.335 199523.975  28.8%   250  830s
 26499 17956 237628.941   99    8 282180.988 237628.941  15.8%  45.9  845s
 25718 25186 198933.039  187    6 323508.261 198933.039  38.5%  18.9  820s
 26311 25761 198786.076  198    9 279475.594 198786.076  28.9%   158  830s
 21162 20616 235936.790  180   11 280390.819 235936.790  15.9%   121  840s
 38859  2110 236986.679  106   14 282383.702 236986.679  16.1%  59.6  836s
 24683 23886 236961.545  242   10 280956.481 236961.545  15.7%  74.8  835s
 28506 26856 200310.390  147   18 281020.424 200310.390  28.7%   103  850s
 28768 28233 199957.991  248   11 281059.247 199957.991  28.9%  23.9  845s
 25190  9353 237500.914  111   16 281685.079 237500.914  15.7%   120  840s
 33413 32882 200463.204  183   10 324182.133 200463.204  38.2%  25.5  850s
 34672 26325 236638.185  359   11 282124.865 236638.185  16.1%  74.8  845s
 18432 16966 199523.975  201   32 280396.335 199523.975  28.8%   250  835s
 25852 25320 198933.039  190   16 323508.261 198933.039  38.5%  19.0  825s
 26656 18061 237628.941   68    8 282180.988 237628.941  15.8%  45.8  850s
 38944  2195 236986.679  106   46 282383.702 236986.679  16.1%  60.2  840s
 26427 25877 198786.076  225   16 279475.594 198786.076  28.9%   158  835s
 21309 20763 235936.790  181   16 280390.819 235936.790  15.9%   121  845s
 24881 24062 236961.545  262    9 280956.481 236961.545  15.7%  74.7  840s
 28574 26919 200310.390  105   18 281020.424 200310.390  28.7%   103  855s
 28941 28406 199957.991  239    7 281059.247 199957.991  28.9%  23.9  850s
 25365  9520 237500.914  126   12 281685.079 237500.914  15.7%   119  845s
 33625 33094 200463.204  193    8 324182.133 200463.204  38.2%  25.4  855s
 34941 26562 236638.185  358    9 282124.865 236638.185  16.1%  74.5  850s
 26037 25505 198933.039  182    9 323508.261 198933.039  38.5%  19.0  830s
 26810 18163 237628.941   89    6 282180.988 237628.941  15.8%  45.7  855s
 39058  2309 236986.679   81   16 282383.702 236986.679  16.1%  60.8  845s
 18443 16977 199523.975  233   17 280396.335 199523.975  28.8%   249  841s
 26596 26045 198786.076  286   35 279475.594 198786.076  28.9%   158  840s
 21469 20923 235936.790  182   20 280390.819 235936.790  15.9%   121  850s
 25107 24288 236961.545  271   11 280956.481 236961.545  15.7%  74.2  845s
 28751 27092 200310.390   93   12 281020.424 200310.390  28.7%   104  860s
 29130 28595 199957.991  244    7 281059.247 199957.991  28.9%  23.9  855s
 25465  9618 237500.914  132   12 281685.079 237500.914  15.7%   119  850s
 33868 33337 200463.204  212    8 324182.133 200463.204  38.2%  25.4  860s
 35220 26773 236638.185  367    9 282124.865 236638.185  16.1%  74.1  855s
 18558 17076 199523.975  192   21 280396.335 199523.975  28.8%   249  845s
 26150 25618 198933.039  181    7 323508.261 198933.039  38.5%  19.0  835s
 39132  2383 236986.679   73   32 282383.702 236986.679  16.1%  61.1  850s
 26958 18262 237628.941   98   15 282180.988 237628.941  15.8%  45.6  860s
 26762 26211 198786.076  267   29 279475.594 198786.076  28.9%   159  845s
 21562 21016 235936.790  183    9 280390.819 235936.790  15.9%   121  855s
 25283 24464 236961.545  272   13 280956.481 236961.545  15.7%  73.8  850s
 28914 27251 200310.390  319   22 281020.424 200310.390  28.7%   105  865s
 29353 28818 199957.991  247   11 281059.247 199957.991  28.9%  23.9  860s
 25630  9783 237500.914  124   12 281685.079 237500.914  15.7%   118  855s
 34072 33541 200463.204  210    8 324182.133 200463.204  38.2%  25.4  865s
 35425 26898 236638.185  373   21 282124.865 236638.185  16.1%  73.9  860s
 18693 17205 199524.154  182   34 280396.335 199523.975  28.8%   248  850s
 26338 25806 198933.039  183   10 323508.261 198933.039  38.5%  18.9  840s
 27093 18350 237628.941   98    6 282180.988 237628.941  15.8%  45.5  865s
 39263  2514 236986.679   81   14 282383.702 236986.679  16.1%  61.8  855s
 26829 26278 198786.076  267   18 279475.594 198786.076  28.9%   159  850s
 21675 21129 235936.790  177    9 280390.819 235936.790  15.9%   121  860s
 25796 23997 236961.545  234   18 280956.481 236961.545  15.7%  72.9  855s
 29559 29024 199957.991  246   20 281059.247 199957.991  28.9%  23.9  865s
 25809  9962 237500.914  128   13 281685.079 237500.914  15.7%   118  860s
 34202 33671 200463.204  217    8 324182.133 200463.204  38.2%  25.5  870s
 29059 27391 200317.144  320   26 281020.424 200310.390  28.7%   106  871s
 35692 27085 236638.185  363    9 282124.865 236638.185  16.1%  73.5  865s
 26505 25973 198933.039  186   10 323508.261 198933.039  38.5%  18.9  845s
 27303 18484 237628.941  126   17 282180.988 237628.941  15.8%  45.3  870s
 39341  2592 236986.679   87   32 282383.702 236986.679  16.1%  62.2  860s
 26996 26445 198786.076  228   19 279475.594 198786.076  28.9%   159  855s
 25828 24013 236961.545  222   20 280956.481 236961.545  15.7%  73.0  860s
 29172 27502 200316.877  317   24 281020.424 200310.390  28.7%   107  875s
 29779 29244 199957.991  247    7 281059.247 199957.991  28.9%  23.9  870s
 18803 17301 199523.975  184   18 280396.335 199523.975  28.8%   247  857s
 21786 21240 235936.790  184   17 280390.819 235936.790  15.9%   121  866s
 25946 10099 237500.914  124   14 281685.079 237500.914  15.7%   117  865s
 35858 27225 236638.185  365   18 282124.865 236638.185  16.1%  73.3  870s
 34414 33883 200463.204  208   12 324182.133 200463.204  38.2%  25.6  875s
 18854 17340 199523.975  174   21 280396.335 199523.975  28.8%   247  860s
 26635 26103 198933.039  182    7 323508.261 198933.039  38.5%  18.9  850s
 27471 18596 237628.941   93   32 282180.988 237628.941  15.8%  45.8  875s
 39462  2713 236986.679   85   26 282383.702 236986.679  16.1%  62.8  865s
 27148 26597 198786.076  210   19 279475.594 198786.076  28.9%   159  860s
 21866 21320 235936.790  184    9 280390.819 235936.790  15.9%   121  870s
 25889 23998 infeasible  213      280956.481 236961.545  15.7%  73.3  865s
 29364 27686 200310.390   56   25 281020.424 200310.390  28.7%   108  880s
 29928 29393 199957.991  241    7 281059.247 199957.991  28.9%  23.9  875s
 26056 10209 237500.914  120   16 281685.079 237500.914  15.7%   117  870s
 34607 34076 200463.204  215    8 324182.133 200463.204  38.2%  25.7  880s
 36097 27394 236638.185  358   18 282124.865 236638.185  16.1%  73.1  875s
 19002 17478 199524.385  170   31 280396.335 199523.975  28.8%   245  865s
 26824 26292 198933.039  188    8 323508.261 198933.039  38.5%  18.8  855s
 27237 26686 198786.076  307    9 279475.594 198786.076  28.9%   159  865s
 27584 18671 237628.941   97   31 282180.988 237628.941  15.8%  46.3  880s
 22009 21463 235936.790  180   16 280390.819 235936.790  15.9%   121  875s
 39521  2772 236986.679   86   29 282383.702 236986.679  16.1%  63.2  870s
 25927 23962 236961.545  200   14 280956.481 236961.545  15.7%  73.5  870s
 29537 27853 200310.390  312   14 281020.424 200310.390  28.7%   109  885s
 30128 29593 199957.991  247    7 281059.247 199957.991  28.9%  23.9  880s
 26189 10342 237500.914  121   12 281685.079 237500.914  15.7%   116  875s
 34838 34307 200463.204  212    8 324182.133 200463.204  38.2%  25.8  885s
 36262 27523 236638.185  361    9 282124.865 236638.185  16.1%  72.9  880s
 19153 17629 199523.975  172   15 280396.335 199523.975  28.8%   244  870s
 27031 26499 198933.039  192    8 323508.261 198933.039  38.5%  18.8  860s
 27684 18738 237628.941   88    6 282180.988 237628.941  15.8%  46.8  885s
 39587  2838 236986.679   75   14 282383.702 236986.679  16.1%  63.6  875s
 27391 26840 198786.076   38   17 279475.594 198786.076  28.9%   160  870s
 22149 21603 235936.790  176    9 280390.819 235936.790  15.9%   122  880s
 25962 23993 236961.545  211    9 280956.481 236961.545  15.7%  73.7  875s
 30349 29814 199957.991  247    7 281059.247 199957.991  28.9%  23.9  885s
 29673 27976 200310.390  104   17 281020.424 200310.390  28.7%   109  890s
 26294 10447 237500.914  123   16 281685.079 237500.914  15.7%   116  880s
 34958 34427 200463.204  213   13 324182.133 200463.204  38.2%  25.8  890s
 36577 27774 236638.185  363    9 282124.865 236638.185  16.1%  72.6  885s
 19261 17737 199523.975  173   14 280396.335 199523.975  28.8%   243  875s
 27841 18843 237628.941   44    6 282180.988 237628.941  15.8%  47.2  890s
 39716  2967 236986.679  113   26 282383.702 236986.679  16.1%  64.2  880s
 22192 21646 235936.790  180    9 280390.819 235936.790  15.9%   121  885s
 27149 26617 198933.039  186    7 323508.261 198933.039  38.5%  18.8  866s
 27527 26975 198786.076  226   13 279475.594 198786.076  28.9%   160  875s
 26005 24026 236961.545  218   14 280956.481 236961.545  15.7%  74.0  880s
 29822 28119 200310.390  206   22 281020.424 200310.390  28.7%   110  895s
 30481 29946 199957.991  247   11 281059.247 199957.991  28.9%  24.0  890s
 26472 10621 237500.914  119   14 281685.079 237500.914  15.7%   116  885s
 35174 34643 200463.204  223    8 324182.133 200463.204  38.2%  25.9  895s
 36860 28009 236638.185  364   19 282124.865 236638.185  16.1%  72.3  890s
 19411 17885 199523.975  177   17 280396.335 199523.975  28.8%   241  880s
 27308 26776 198933.039  187    7 323508.261 198933.039  38.5%  18.7  870s
 39805  3056 236986.679  115   23 282383.702 236986.679  16.1%  64.8  885s
 27669 27116 198786.076  204   23 279475.594 198786.076  28.9%   160  880s
 27984 18938 237628.941   85    8 282180.988 237628.941  15.8%  47.8  895s
 22326 21780 235936.790  178   22 280390.819 235936.790  15.9%   122  890s
 26057 24068 236961.545  227    8 280956.481 236961.545  15.7%  74.4  885s
 29980 28271 200324.444  321   21 281020.424 200310.390  28.7%   111  900s
 30669 30134 199957.991  248   19 281059.247 199957.991  28.9%  24.0  895s
 35392 34861 200463.204  210   13 324182.133 200463.204  38.2%  25.9  900s
 26595 10744 237500.914  125   12 281685.079 237500.914  15.7%   115  890s
 19539 18005 199523.975  164   17 280396.335 199523.975  28.8%   240  885s
 27536 27004 198933.039  189    6 323508.261 198933.039  38.5%  18.7  875s
 28065 18992 237628.941   92   31 282180.988 237628.941  15.8%  48.1  900s
 39903  3154 236986.679  131   16 282383.702 236986.679  16.1%  64.8  890s
 37076 28163 236638.185  361   20 282124.865 236638.185  16.1%  72.1  896s
 22474 21926 235936.790  170    9 280390.819 235936.790  15.9%   122  895s
 27825 27272 198786.076  137   18 279475.594 198786.076  28.9%   161  885s
 26101 24106 236961.545  230    8 280956.481 236961.545  15.7%  74.5  890s
 30062 28349 200316.877  315   25 281020.424 200310.390  28.7%   111  905s
 30885 30350 199957.991  244    9 281059.247 199957.991  28.9%  24.0  900s
 26783 10932 237500.914  120   12 281685.079 237500.914  15.7%   115  895s
 35606 35075 200463.204  216    8 324182.133 200463.204  38.2%  25.9  905s
 37230 28276 236638.185  367   18 282124.865 236638.185  16.1%  72.0  900s
 19668 18130 199523.975  159   17 280396.335 199523.975  28.8%   239  890s
 27644 27112 198933.039  190    8 323508.261 198933.039  38.5%  18.7  880s
 28177 19067 237628.941   71   12 282180.988 237628.941  15.8%  48.6  905s
 40042  3293 236986.679  142   14 282383.702 236986.679  16.1%  64.7  895s
 27908 27355 198786.076  212   22 279475.594 198786.076  28.9%   161  890s
 22620 22066 235936.790  182   20 280390.819 235936.790  15.9%   121  900s
 26263 24258 236961.545  234    6 280956.481 236961.545  15.7%  75.6  895s
 30252 28533 200310.390  191   23 281020.424 200310.390  28.7%   111  910s
 31074 30539 199957.991  249   20 281059.247 199957.991  28.9%  24.0  905s
 26945 11094 237500.914  124   21 281685.079 237500.914  15.7%   114  900s
 37560 28454 236638.185  365   20 282124.865 236638.185  16.1%  71.7  905s
 35809 35278 200463.204  212   11 324182.133 200463.204  38.2%  26.0  911s
 40170  3421 236986.679  158   16 282383.702 236986.679  16.1%  64.8  900s
 28309 19151 237628.941   74    8 282180.988 237628.941  15.8%  49.4  910s
 28087 27533 198786.076  192   16 279475.594 198786.076  28.9%   161  895s
 27833 27301 198933.039  191   10 323508.261 198933.039  38.5%  18.7  885s
 22789 22233 235936.790  185   28 280390.819 235936.790  15.9%   121  905s
 30436 28712 200356.883  241   31 281020.424 200310.390  28.7%   112  915s
 19775 18235 199523.975  168   21 280396.335 199523.975  28.8%   238  897s
 26407 24386 236961.545  242   16 280956.481 236961.545  15.7%  76.7  900s
 31258 30723 199957.991  248    9 281059.247 199957.991  28.9%  24.0  911s
 35987 35456 200463.204  222    8 324182.133 200463.204  38.2%  26.0  915s
 37842 28672 236638.185  365    9 282124.865 236638.185  16.1%  71.4  910s
 19816 18276 199523.975  157   15 280396.335 199523.975  28.8%   237  900s
 27054 11199 237500.914  133   12 281685.079 237500.914  15.7%   114  906s
 28010 27478 198933.039  186    6 323508.261 198933.039  38.5%  18.6  890s
 28433 19233 237628.941   81   23 282180.988 237628.941  15.8%  50.1  915s
 40263  3514 236986.679  171   34 282383.702 236986.679  16.1%  64.8  905s
 28234 27680 198786.076  287   20 279475.594 198786.076  28.9%   161  900s
 22932 22376 235936.790  181   16 280390.819 235936.790  15.9%   121  910s
 26538 24491 236961.545  236   14 280956.481 236961.545  15.7%  78.3  905s
 30537 28807 200310.390   63   25 281020.424 200310.390  28.7%   113  920s
 31435 30900 199957.991  247    7 281059.247 199957.991  28.9%  24.0  915s
 27173 11318 237500.914  130   17 281685.079 237500.914  15.7%   114  910s
 36227 35694 200463.204  217    8 324182.133 200463.204  38.2%  26.1  920s
 38103 28907 236638.185  353    9 282124.865 236638.185  16.1%  71.2  915s
 19908 18366 199523.975  154   17 280396.335 199523.975  28.8%   236  905s
 28177 27645 198933.039  184    7 323508.261 198933.039  38.5%  18.6  895s
 28544 19307 237628.941   56   42 282180.988 237628.941  15.8%  50.7  920s
 40398  3649 236986.679  188   18 282383.702 236986.679  16.1%  64.7  910s
 28320 27766 198786.076  137   18 279475.594 198786.076  28.9%   161  905s
 23083 22527 235936.790  180    9 280390.819 235936.790  15.9%   121  915s
 26600 24452 236961.911  197   19 280956.481 236961.545  15.7%  79.6  910s
 30739 28999 200310.390   59   27 281020.424 200310.390  28.7%   113  925s
 31617 31082 199957.991  250   20 281059.247 199957.991  28.9%  24.0  920s
 27308 11453 237500.914  128   16 281685.079 237500.914  15.7%   113  915s
 36408 35875 200463.204  220   13 324182.133 200463.204  38.2%  26.2  925s
 20044 18500 199523.975  152   23 280396.335 199523.975  28.8%   235  910s
 28350 27818 198933.039  186    6 323508.261 198933.039  38.5%  18.6  900s
 28660 19383 237628.941   69   21 282180.988 237628.941  15.8%  51.3  925s
 40539  3790 236986.679  204   14 282383.702 236986.679  16.1%  64.6  915s
 28490 27936 198786.076  201   26 279475.594 198786.076  28.9%   161  910s
 38357 29131 236638.185  369   18 282124.865 236638.185  16.1%  70.9  921s
 23241 22685 235936.790  182    9 280390.819 235936.790  15.9%   122  920s
 26666 24443 236961.911  197   29 280956.481 236961.545  15.7%  82.4  915s
 31857 31322 199957.991  246    7 281059.247 199957.991  28.9%  24.1  925s
 27431 11576 237500.914  133   18 281685.079 237500.914  15.7%   113  920s
 36552 36019 200463.204  215    8 324182.133 200463.204  38.2%  26.2  930s
 38537 29281 236638.185  364   15 282124.865 236638.185  16.1%  70.8  925s
 30900 29150 200310.390   62   13 281020.424 200310.390  28.7%   114  931s
 20152 18608 199523.975  148   17 280396.335 199523.975  28.8%   234  915s
 28768 19455 237628.941   67    6 282180.988 237628.941  15.8%  51.8  930s
 40605  3856 236986.679  212   22 282383.702 236986.679  16.1%  64.8  920s
 28639 28085 198998.965  299   93 279475.594 198786.076  28.9%   162  915s
 28507 27975 198933.039  191    8 323508.261 198933.039  38.5%  18.6  906s
 26749 24435 236961.752  204   22 280956.481 236961.545  15.7%  86.6  920s
 30976 29226 200310.390   42   29 281020.424 200310.390  28.7%   115  935s
 31979 31444 199957.991  246    7 281059.247 199957.991  28.9%  24.1  930s
 23320 22764 235936.790  177    9 280390.819 235936.790  15.9%   121  927s
 36792 36259 200463.204  205    8 324182.133 200463.204  38.2%  26.2  935s
 27513 11658 237500.914  128   16 281685.079 237500.914  15.7%   113  925s
 38807 29487 236638.185  367   20 282124.865 236638.185  16.1%  70.5  930s
 20315 18771 199523.975  196   27 280396.335 199523.975  28.8%   233  920s
 28561 28029 198933.039  189    6 323508.261 198933.039  38.5%  18.6  910s
 40710  3945 236986.679  185   34 282383.702 236986.679  16.1%  66.3  925s
 28822 19491 237628.941   62    8 282180.988 237628.941  15.8%  52.1  935s
 28738 28183 198786.076  203   21 279475.594 198786.076  28.9%   162  920s
 23368 22812 235936.790  179   13 280390.819 235936.790  15.9%   122  930s
 26821 24454 236961.755  198   30 280956.481 236961.545  15.7%  89.7  925s
 31134 29380 200310.390  107   37 281020.424 200310.390  28.7%   116  940s
 32193 31658 199957.991  249    7 281059.247 199957.991  28.9%  24.1  935s
 27674 11819 237500.914  137   21 281685.079 237500.914  15.7%   112  930s
 37011 36478 200463.204  201   12 324182.133 200463.204  38.2%  26.2  940s
 39088 29714 236638.185  359   11 282124.865 236638.185  16.1%  70.3  935s
 20449 18905 199523.975  190   20 280396.335 199523.975  28.8%   231  925s
 28799 28267 198933.039  189    7 323508.261 198933.039  38.5%  18.6  915s
 28903 28348 198786.076  194   18 279475.594 198786.076  28.9%   163  925s
 23511 22951 235936.790  165   11 280390.819 235936.790  15.9%   122  935s
 26874 24462 236961.706  195   26 280956.481 236961.545  15.7%  92.2  930s
 40747  3982 236986.679  170   31 282383.702 236986.679  16.1%  67.4  931s
 32420 31885 199957.991  239    7 281059.247 199957.991  28.9%  24.1  940s
 28936 19567 237628.941  105    6 282180.988 237628.941  15.8%  52.7  941s
 31265 29503 207993.121  236   78 281020.424 200310.390  28.7%   116  945s
 27830 11975 237500.914  120   19 281685.079 237500.914  15.7%   112  935s
 37255 36722 200463.204  213   15 324182.133 200463.204  38.2%  26.2  945s
 39377 29933 236638.185  355   11 282124.865 236638.185  16.1%  70.0  940s
 20584 19036 199523.975  144   15 280396.335 199523.975  28.8%   230  930s
 29032 19631 237628.941  108   23 282180.988 237628.941  15.8%  53.2  945s
 29023 28468 198786.076  221   34 279475.594 198786.076  28.9%   163  930s
 28987 28455 198933.039  190   14 323508.261 198933.039  38.5%  18.5  920s
 23659 23097 235936.790  181   11 280390.819 235936.790  15.9%   121  940s
 40777  4012 236986.679  146   32 282383.702 236986.679  16.1%  68.0  935s
 26947 24503 236961.545  193   23 280956.481 236961.545  15.7%  94.5  935s
 31470 29707 200310.390  118   11 281020.424 200310.390  28.7%   116  950s
 32569 32034 199957.991  250    9 281059.247 199957.991  28.9%  24.2  945s
 27918 12063 237500.914  128   21 281685.079 237500.914  15.7%   111  940s
 37419 36886 200463.204  220   11 324182.133 200463.204  38.2%  26.2  950s
 39545 30077 236638.185  363    9 282124.865 236638.185  16.1%  69.9  945s
 29087 28555 198933.039  186   12 323508.261 198933.039  38.5%  18.5  925s
 29152 19711 237628.941   84   31 282180.988 237628.941  15.8%  53.6  950s
 40829  4064 236986.679  134   38 282383.702 236986.679  16.1%  69.0  940s
 29118 28563 198998.965  295   97 279475.594 198786.076  28.9%   163  935s
 23808 23246 235936.790  180    9 280390.819 235936.790  15.9%   121  945s
 27000 24555 236961.545  205   25 280956.481 236961.545  15.7%  95.8  940s
 32757 32222 199957.991  249   11 281059.247 199957.991  28.9%  24.2  950s
 31671 29908 200310.390  135   23 281020.424 200310.390  28.7%   116  955s
 20639 19091 199523.975  191   14 280396.335 199523.975  28.8%   230  937s
 28090 12235 237500.914  113   16 281685.079 237500.914  15.7%   111  945s
 37645 37112 200463.204  224   10 324182.133 200463.204  38.2%  26.3  955s
 39834 30324 236638.185  371   20 282124.865 236638.185  16.1%  69.6  950s
 20675 19127 199523.975  149   21 280396.335 199523.975  28.8%   229  940s
 29227 28695 198933.039  184    7 323508.261 198933.039  38.5%  18.5  930s
 29282 28727 198786.076  222   14 279475.594 198786.076  28.9%   163  940s
 40910  4133 236986.679  196   18 282383.702 236986.679  16.1%  70.6  945s
 23953 23391 235936.790  174    9 280390.819 235936.790  15.9%   121  950s
 31779 30016 200310.400  141   17 281020.424 200310.390  28.7%   115  960s
 33007 32472 199957.991  246    7 281059.247 199957.991  28.9%  24.2  955s
 29268 19786 237628.941   97   22 282180.988 237628.941  15.8%  53.6  956s
 28268 12413 237500.914  118   12 281685.079 237500.914  15.7%   110  950s
 37767 37234 200463.204  221   10 324182.133 200463.204  38.2%  26.3  960s
 40008 30446 236638.185  370    9 282124.865 236638.185  16.1%  69.5  955s
 27059 24608 236961.545  198   19 280956.481 236961.545  15.7%  97.3  947s
 20818 19264 199523.975  146   27 280396.335 199523.975  28.8%   228  945s
 29494 28962 198933.039  188    7 323508.261 198933.039  38.5%  18.5  935s
 29344 19833 237628.941  104   23 282180.988 237628.941  15.8%  53.7  960s
 40964  4187 236986.679  164   45 282383.702 236986.679  16.1%  71.8  950s
 24094 23532 235936.790  180   14 280390.819 235936.790  15.9%   121  955s
 27095 24641 236961.799  127   32 280956.481 236961.545  15.7%  98.0  950s
 29387 28832 198786.076  188    9 279475.594 198786.076  28.9%   164  945s
 32033 30270 200310.390  137   19 281020.424 200310.390  28.7%   115  965s
 33261 32726 199957.991  250   16 281059.247 199957.991  28.9%  24.2  960s
H29416 19014                    282180.98658 237628.941  15.8%  53.8  962s
 37971 37438 200463.204  217    8 324182.133 200463.204  38.2%  26.3  965s
 40327 30661 236638.185  369    9 282124.865 236638.185  16.1%  69.2  960s
 28431 12572 237500.914  116   16 281685.079 237500.914  15.7%   110  956s
 20937 19383 199523.975  140   27 280396.335 199523.975  28.8%   227  950s
 29622 29090 198933.039  189    7 323508.261 198933.039  38.5%  18.5  940s
 29486 19062 237628.941  125   22 282180.987 237628.941  15.8%  53.8  965s
 29522 28967 198786.076  220   32 279475.594 198786.076  28.9%   164  950s
 24246 23684 235936.790  176    9 280390.819 235936.790  15.9%   121  960s
 41045  4268 236986.679  140   32 282383.702 236986.679  16.1%  73.4  955s
 27182 24718 236961.545  208   23 280956.481 236961.545  15.7%   100  955s
 32250 30487 200310.391  141   17 281020.424 200310.390  28.7%   115  970s
 33456 32921 199957.991  206   15 281059.247 199957.991  28.9%  24.2  965s
 28512 12651 237500.914  124   11 281685.079 237500.914  15.7%   110  960s
 38196 37663 200463.204  214    8 324182.133 200463.204  38.2%  26.3  970s
 21073 19519 199523.975  148   24 280396.335 199523.975  28.8%   226  955s
 29821 29289 198933.039  189   12 323508.261 198933.039  38.5%  18.5  945s
 29600 19138 237628.941  138   17 282180.987 237628.941  15.8%  53.7  970s
 41085  4308 236986.679  131   31 282383.702 236986.679  16.1%  74.2  960s
 40588 30838 236638.185  358    9 282124.865 236638.185  16.1%  69.0  966s
 29740 29185 198786.076  295   29 279475.594 198786.076  28.9%   164  955s
 24400 23838 235936.790  176   21 280390.819 235936.790  15.9%   121  965s
 27260 24791 236961.545  116   30 280956.481 236961.545  15.7%   102  960s
 32332 30569 200310.390  142   13 281020.424 200310.390  28.7%   115  975s
 33585 33050 199957.991  201    7 281059.247 199957.991  28.9%  24.2  970s
 28692 12831 237500.914  117   16 281685.079 237500.914  15.7%   109  965s
 38390 37857 200463.204  212    8 324182.133 200463.204  38.2%  26.3  975s
 40782 30986 236638.185  363    9 282124.865 236638.185  16.1%  68.9  970s
 21217 19663 199523.975  140   13 280396.335 199523.975  28.8%   225  960s
 30056 29524 198933.039  186    6 323508.261 198933.039  38.5%  18.4  950s
 41180  4403 236986.679  100   20 282383.702 236986.679  16.1%  75.2  965s
 29686 19196 237628.941  142   21 282180.987 237628.941  15.8%  53.6  975s
 29915 29360 198786.076  201    9 279475.594 198786.076  28.9%   164  960s
 24537 23975 235936.790  175   13 280390.819 235936.790  15.9%   121  970s
 27322 24821 236961.545  198   28 280956.481 236961.545  15.7%   104  965s
 33775 33240 199957.991  217    7 281059.247 199957.991  28.9%  24.1  975s
 32508 30745 200310.390  139   11 281020.424 200310.390  28.7%   114  980s
 38630 38097 200463.204  230    8 324182.133 200463.204  38.2%  26.3  980s
 41053 31187 236638.185  364   10 282124.865 236638.185  16.1%  68.7  975s
 21317 19763 199524.902  140   39 280396.335 199523.975  28.8%   224  965s
 28729 12868 237500.914  113   12 281685.079 237500.914  15.7%   109  971s
 30186 29654 198933.039  187    7 323508.261 198933.039  38.5%  18.4  955s
 29791 19266 237628.941  126   29 282180.987 237628.941  15.8%  53.5  980s
 30005 29450 198786.076  220   24 279475.594 198786.076  28.9%   164  965s
 41315  4538 236986.679   62   37 282383.702 236986.679  16.1%  76.2  970s
 24679 24117 235936.790  180    9 280390.819 235936.790  15.9%   121  975s
 27382 24855 236961.545  199   31 280956.481 236961.545  15.7%   106  970s
 32696 30933 200310.393  143   21 281020.424 200310.390  28.7%   114  985s
 34006 33471 199957.991  235   13 281059.247 199957.991  28.9%  24.0  980s
 28827 12966 237500.914  116   12 281685.079 237500.914  15.7%   109  975s
 38815 38282 200463.204  213    8 324182.133 200463.204  38.2%  26.3  985s
 41302 31400 236638.185  364    9 282124.865 236638.185  16.1%  68.5  980s
 30341 29809 198933.039  190    8 323508.261 198933.039  38.5%  18.4  960s
 21475 19921 199523.975  135   30 280396.335 199523.975  28.8%   223  970s
 41343  4566 236986.679   59   32 282383.702 236986.679  16.1%  76.4  975s
 29956 19374 237628.941  110   25 282180.987 237628.941  15.8%  53.4  985s
 30145 29589 198786.076   95   11 279475.594 198786.076  28.9%   164  970s
 34245 33710 199957.991  251    7 281059.247 199957.991  28.9%  24.0  985s
 24781 24217 235936.790  170    9 280390.819 235936.790  15.9%   121  981s
 27457 24903 236961.661  121   34 280956.481 236961.545  15.7%   108  976s
 28917 13050 237500.914  122   13 281685.079 237500.914  15.7%   109  980s
 32887 31124 200310.393  138   21 281020.424 200310.390  28.7%   114  991s
 38993 38460 200463.204  220   12 324182.133 200463.204  38.2%  26.3  990s
 41560 31600 236638.185  359    9 282124.865 236638.185  16.1%  68.3  985s
 21609 20055 199523.975  138   20 280396.335 199523.975  28.8%   222  975s
 30558 30026 198933.039  191    8 323508.261 198933.039  38.5%  18.4  965s
 30029 19422 237628.941   99   32 282180.987 237628.941  15.8%  53.4  990s
 41457  4680 236986.679   59   24 282383.702 236986.679  16.1%  77.1  980s
 30410 29854 198786.076  135    7 279475.594 198786.076  28.9%   163  975s
 24882 24318 235936.790  180    9 280390.819 235936.790  15.9%   121  985s
 27508 24915 236961.726  192   40 280956.481 236961.545  15.7%   110  980s
 32981 31218 200310.390  129   24 281020.424 200310.390  28.7%   114  995s
 34376 33841 199957.991  245    7 281059.247 199957.991  28.9%  23.9  990s
 29106 13235 237500.914  133   16 281685.079 237500.914  15.7%   108  985s
 39227 38694 200463.204  219   11 324182.133 200463.204  38.2%  26.3  995s
 41836 31784 236638.185  367   18 282124.865 236638.185  16.1%  68.1  990s
 30707 30175 198933.039  187    7 323508.261 198933.039  38.5%  18.3  970s
 41531  4754 236986.679   55   12 282383.702 236986.679  16.1%  77.6  985s
 25017 24453 235936.790  181    9 280390.819 235936.790  15.9%   121  990s
 21691 20133 199523.975  136   21 280396.335 199523.975  28.8%   221  981s
 30578 30022 198786.076  159    7 279475.594 198786.076  28.9%   162  980s
 30146 19494 237628.941   86   38 282180.987 237628.941  15.8%  53.4  996s
 33129 31366 200310.390  129   14 281020.424 200310.390  28.7%   115 1000s
 34557 34022 199957.991  246    7 281059.247 199957.991  28.9%  23.9  995s
 27567 24923 236961.726  200   39 280956.481 236961.545  15.7%   112  985s
 29212 13339 237500.914  126   16 281685.079 237500.914  15.7%   108  990s
 39440 38907 200463.204  214   11 324182.133 200463.204  38.2%  26.4 1000s
 42089 31991 236638.185  369    9 282124.865 236638.185  16.1%  67.9  995s
 21766 20204 199523.975  137   22 280396.335 199523.975  28.8%   220  985s
 30906 30374 198933.039  189   14 323508.261 198933.039  38.5%  18.3  975s
 30227 19548 237628.941   84   10 282180.987 237628.941  15.8%  53.5 1000s
 41628  4851 236986.679  109   45 282383.702 236986.679  16.1%  78.3  990s
 30766 30210 198786.076  153    9 279475.594 198786.076  28.9%   161  985s
 25185 24621 235936.790  184   14 280390.819 235936.790  15.9%   121  995s
 27636 24942 236961.545  124   31 280956.481 236961.545  15.7%   114  990s
 34787 34252 199957.991  249    7 281059.247 199957.991  28.9%  23.8 1000s
 33210 31447 200310.390  125   13 281020.424 200310.390  28.7%   115 1005s
 39673 39140 200463.204  214   13 324182.133 200463.204  38.2%  26.4 1005s
 29349 13476 237500.914  124   17 281685.079 237500.914  15.7%   108  996s
 21880 20318 199523.975  130   28 280396.335 199523.975  28.8%   220  990s
 31118 30586 198933.039  191   10 323508.261 198933.039  38.5%  18.3  980s
 30379 19650 237628.941   84   30 282180.987 237628.941  15.8%  53.9 1005s
 41695  4918 236986.679   64   29 282383.702 236986.679  16.1%  78.7  995s
 31009 30453 198786.076  164    9 279475.594 198786.076  28.9%   160  990s
 42318 32180 236638.185  356   11 282124.865 236638.185  16.1%  67.7 1002s
 25280 24716 235936.790  183   11 280390.819 235936.790  15.9%   121 1000s
 33344 31581 200310.413  123   19 281020.424 200310.390  28.7%   116 1010s
 35010 34475 199957.991  249    7 281059.247 199957.991  28.9%  23.7 1005s
 27681 24958 236961.799  128   33 280956.481 236961.545  15.7%   115  995s
 39796 39263 200463.204  217   12 324182.133 200463.204  38.2%  26.4 1010s
 29484 13611 237500.914  127   13 281685.079 237500.914  15.7%   107 1000s
 42459 32313 236638.185  364   18 282124.865 236638.185  16.1%  67.6 1005s
 22001 20439 199523.975  129   19 280396.335 199523.975  28.8%   219  995s
 31253 30721 198933.039  186   14 323508.261 198933.039  38.5%  18.3  985s
 30501 19731 237628.941   79   29 282180.987 237628.941  15.8%  54.2 1010s
 41818  5041 236986.679   53   32 282383.702 236986.679  16.1%  79.5 1000s
 31245 30689 198786.076  152    9 279475.594 198786.076  28.9%   159  995s
 25401 24837 235936.790  184   14 280390.819 235936.790  15.9%   122 1005s
 27749 24988 236961.749  197   39 280956.481 236961.545  15.7%   117 1000s
 35133 34598 199957.991  248   13 281059.247 199957.991  28.9%  23.7 1010s
 40033 39500 200463.204  218   13 324182.133 200463.204  38.2%  26.5 1015s
 29592 13719 237500.914  125   16 281685.079 237500.914  15.7%   107 1005s
 42761 32549 236638.185  365    9 282124.865 236638.185  16.1%  67.4 1010s
 33466 31703 200310.414  122   15 281020.424 200310.390  28.7%   117 1017s
 22147 20579 199523.975  150   18 280396.335 199523.975  28.8%   218 1000s
 31442 30910 198933.039  187    7 323508.261 198933.039  38.5%  18.3  990s
 30628 19816 237628.941  116   24 282180.987 237628.941  15.8%  54.7 1015s
 31409 30853 198786.076  158    7 279475.594 198786.076  28.9%   158 1000s
 25581 25017 235936.790  177    9 280390.819 235936.790  15.9%   122 1010s
 27818 25015 236961.816  122   31 280956.481 236961.545  15.7%   118 1005s
 41910  5133 236986.679   59   35 282383.702 236986.679  16.1%  80.1 1006s
 35360 34825 199957.991  250    7 281059.247 199957.991  28.9%  23.6 1015s
 33507 31744 200310.390  123   21 281020.424 200310.390  28.7%   117 1020s
 29727 13854 237500.914  113   21 281685.079 237500.914  15.7%   107 1010s
 40252 39719 200463.204  212   10 324182.133 200463.204  38.2%  26.6 1020s
 43057 32773 236638.185  359   11 282124.865 236638.185  16.1%  67.2 1015s
 31631 31099 198933.039  182   10 323508.261 198933.039  38.5%  18.2  995s
 22256 20688 199523.975  124   28 280396.335 199523.975  28.8%   217 1005s
 31629 31068 198786.076  166    8 279475.594 198786.076  28.9%   157 1005s
 42012  5235 236986.679   56   32 282383.702 236986.679  16.1%  80.7 1010s
 30768 19909 237628.941   88   28 282180.987 237628.941  15.8%  55.1 1020s
 25728 25164 235936.790  178    9 280390.819 235936.790  15.9%   122 1015s
 27904 25033 236961.545  120   19 280956.481 236961.545  15.7%   120 1010s
 35571 35036 199957.991  247    9 281059.247 199957.991  28.9%  23.5 1020s
 33642 31879 200310.390  115   19 281020.424 200310.390  28.7%   118 1025s
 29844 13971 237500.914  121   14 281685.079 237500.914  15.7%   106 1015s
 40416 39883 200463.204  216   12 324182.133 200463.204  38.2%  26.7 1025s
 43401 33109 236638.185  358   11 282124.865 236638.185  16.1%  66.8 1020s
 22339 20771 199523.975  146   31 280396.335 199523.975  28.8%   216 1010s
 31739 31207 198933.039  193    8 323508.261 198933.039  38.5%  18.2 1000s
 30902 19998 237628.941   29    6 282180.987 237628.941  15.8%  55.6 1025s
 42119  5342 236986.679   60   29 282383.702 236986.679  16.1%  81.3 1015s
 31826 31239 198786.076  167   10 279475.594 198786.076  28.9%   157 1010s
 25845 25281 235936.790  182   15 280390.819 235936.790  15.9%   122 1020s
H40520 39985                    285389.58807 200463.204  29.8%  26.7 1027s
H40520 39985                    285331.31526 200463.204  29.7%  26.7 1027s
 27953 25042 236961.823  217   24 280956.481 236961.545  15.7%   122 1015s
H40541 40006                    285229.86894 200463.204  29.7%  26.8 1028s
 33750 31987 200310.390  116   17 281020.424 200310.390  28.7%   119 1030s
 35799 35264 199957.991  251   11 281059.247 199957.991  28.9%  23.4 1025s
H40541 40006                    283529.30082 200463.204  29.3%  26.8 1029s
H40541 40006                    283527.06071 200463.204  29.3%  26.8 1029s
 29997 14120 237500.914  113   14 281685.079 237500.914  15.7%   106 1020s
 40545 40012 200463.204  207    8 283527.061 200463.204  29.3%  26.9 1030s
 43610 33302 236638.185  355    9 282124.865 236638.185  16.1%  66.6 1025s
 31930 31398 198933.039  179    9 323508.261 198933.039  38.5%  18.2 1005s
 31010 20070 237628.941   69   19 282180.987 237628.941  15.8%  56.1 1030s
 42233  5456 236986.679   63   10 282383.702 236986.679  16.1%  81.6 1020s
 25995 25431 235936.790  181    9 280390.819 235936.790  15.9%   122 1025s
 28040 25047 236961.823  208   35 280956.481 236961.545  15.7%   124 1020s
 32000 31413 198786.076  175   15 279475.594 198786.076  28.9%   156 1016s
 22448 20880 199523.975  118   35 280396.335 199523.975  28.8%   215 1017s
 33840 32077 200316.429  111   37 281020.424 200310.390  28.7%   120 1035s
 35911 35376 199957.991  253    7 281059.247 199957.991  28.9%  23.4 1030s
 40717 40184 200463.204  194    8 283527.061 200463.204  29.3%  28.1 1035s
 30159 14276 237500.914  117   18 281685.079 237500.914  15.7%   105 1025s
 43907 33589 236638.185  359   13 282124.865 236638.185  16.1%  66.3 1030s
 22505 20935 199523.975  134   27 280396.335 199523.975  28.8%   215 1020s
 32025 31493 198933.039  187   14 323508.261 198933.039  38.5%  18.2 1010s
 31091 20124 237628.941   79   19 282180.987 237628.941  15.8%  56.0 1035s
 42314  5537 236986.679  105   41 282383.702 236986.679  16.1%  82.6 1025s
 32145 31558 198786.076  171    5 279475.594 198786.076  28.9%   156 1020s
 26135 25571 235936.790  183   11 280390.819 235936.790  15.9%   122 1030s
 28087 25056 236961.545  119   26 280956.481 236961.545  15.7%   125 1025s
 33943 32180 200313.775  112   31 281020.424 200310.390  28.7%   121 1040s
 36123 35588 199957.991  248   17 281059.247 199957.991  28.9%  23.3 1035s
 30270 14385 237500.914  123   15 281685.079 237500.914  15.7%   105 1030s
 40914 40381 202844.774  182   81 283527.061 200463.204  29.3%  29.6 1040s
 44085 33767 236638.185  357    9 282124.865 236638.185  16.1%  66.1 1035s
 32225 31693 198933.039  183    6 323508.261 198933.039  38.5%  18.2 1015s
 31242 20221 237628.941   95   18 282180.987 237628.941  15.8%  55.9 1040s
 22636 21064 199523.975  117   28 280396.335 199523.975  28.8%   214 1025s
 42351  5570 236986.679  199   27 282383.702 236986.679  16.1%  83.1 1030s
 32320 31719 198786.076  167    9 279475.594 198786.076  28.9%   156 1025s
 26226 25662 235936.790  178    9 280390.819 235936.790  15.9%   122 1035s
 28158 25080 236961.545  120   20 280956.481 236961.545  15.7%   127 1030s
H40975 40440                    283469.24453 200463.204  29.3%  30.0 1043s
 36339 35804 199957.991  254   18 281059.247 199957.991  28.9%  23.3 1040s
 30380 14495 237500.914  113   12 281685.079 237500.914  15.7%   105 1035s
 41022 40489 200463.204  183   24 283469.245 200463.204  29.3%  30.3 1045s
 44330 34012 236638.185  359   11 282124.865 236638.185  16.1%  65.9 1040s
 34048 32278 200310.390  243   24 281020.424 200310.390  28.7%   122 1047s
 32385 31853 198933.039  177    7 323508.261 198933.039  38.5%  18.2 1020s
 32475 31848 198786.076  163   11 279475.594 198786.076  28.9%   156 1030s
 22766 21192 199523.975  115   16 280396.335 199523.975  28.8%   213 1031s
 31363 20302 237628.941  109   15 282180.987 237628.941  15.8%  55.7 1045s
 42422  5641 236986.679  164   39 282383.702 236986.679  16.1%  84.6 1035s
 26346 25782 235936.790  177    9 280390.819 235936.790  15.9%   122 1040s
 28217 25085 236961.545  115   26 280956.481 236961.545  15.7%   129 1035s
 36501 35966 199957.991  248    7 281059.247 199957.991  28.9%  23.2 1045s
 34101 32325 200310.390  247   19 281020.424 200310.390  28.7%   123 1050s
 30555 14670 237500.914  115   21 281685.079 237500.914  15.7%   105 1040s
 41174 40641 200463.204  186   24 283469.245 200463.204  29.3%  31.4 1050s
 22852 21276 199523.975  117   21 280396.335 199523.975  28.8%   212 1035s
 32460 31928 198933.039  183    7 323508.261 198933.039  38.5%  18.2 1025s
 44537 34207 236638.185  355    9 282124.865 236638.185  16.1%  65.7 1045s
 31477 20376 237628.941  114   21 282180.987 237628.941  15.8%  55.6 1050s
 42485  5704 236986.679   90   33 282383.702 236986.679  16.1%  85.8 1040s
 32539 31905 198786.076  166   18 279475.594 198786.076  28.9%   157 1035s
 26454 25890 235936.790  183   18 280390.819 235936.790  15.9%   122 1045s
 28251 25092 236961.823  194   26 280956.481 236961.545  15.7%   129 1040s
 30699 14810 237500.914  128   17 281685.079 237500.914  15.7%   104 1045s
 36637 36102 199957.991  245    7 281059.247 199957.991  28.9%  23.2 1051s
 34209 32419 200310.390  247   22 281020.424 200310.390  28.7%   124 1056s
 44776 34446 236638.185  356    9 282124.865 236638.185  16.1%  65.5 1050s
 41342 40809 200463.267  209   27 283469.245 200463.204  29.3%  32.5 1056s
 32652 32120 198933.039  188   10 323508.261 198933.039  38.5%  18.2 1030s
 22987 21409 199523.975  111   21 280396.335 199523.975  28.8%   211 1040s
 31577 20438 237628.941  125   23 282180.987 237628.941  15.8%  55.5 1055s
 42520  5739 236986.679  132   50 282383.702 236986.679  16.1%  86.4 1045s
 32695 32042 198786.076  166   23 279475.594 198786.076  28.9%   157 1040s
 26598 26034 235936.790  187   11 280390.819 235936.790  15.9%   122 1050s
 28320 25120 236961.732  194   41 280956.481 236961.545  15.7%   131 1045s
 36798 36263 199957.991  247    7 281059.247 199957.991  28.9%  23.2 1055s
 34237 32446 210322.763  242   84 281020.424 200310.390  28.7%   125 1060s
 41492 40959 200463.204  231    9 283469.245 200463.204  29.3%  33.4 1060s
 44987 34657 236638.185  356   11 282124.865 236638.185  16.1%  65.3 1055s
 30781 14892 237500.914  137   18 281685.079 237500.914  15.7%   104 1051s
 32838 32306 198933.039  187   18 323508.261 198933.039  38.5%  18.1 1035s
 23122 21538 199523.975  117   15 280396.335 199523.975  28.8%   211 1045s
 31697 20494 237628.941  137   16 282180.987 237628.941  15.8%  55.4 1060s
 42603  5822 236986.679   84   28 282383.702 236986.679  16.1%  87.9 1050s
 32869 32194 198786.076  161   29 279475.594 198786.076  28.9%   158 1045s
 26735 26171 235936.790  179   23 280390.819 235936.790  15.9%   122 1055s
 28396 25145 236961.708  124   26 280956.481 236961.545  15.7%   133 1050s
 34368 32573 200310.390  103   26 281020.424 200310.390  28.7%   127 1065s
 37028 36493 199957.991  248    7 281059.247 199957.991  28.9%  23.1 1060s
 30888 14993 237500.914  145   12 281685.079 237500.914  15.7%   104 1055s
 23235 21645 199523.975  116   20 280396.335 199523.975  28.8%   210 1050s
 41681 41148 200463.400  212   33 283469.245 200463.204  29.3%  33.7 1066s
 42688  5901 236986.679   90   40 282383.702 236986.679  16.1%  89.1 1055s
 31820 20566 237628.941  152   18 282180.987 237628.941  15.8%  55.4 1065s
 33007 32314 198786.076  155    9 279475.594 198786.076  28.9%   158 1050s
 45213 34875 236638.185  355    9 282124.865 236638.185  16.1%  65.1 1061s
 28484 25179 236961.545  116   31 280956.481 236961.545  15.7%   135 1055s
 32972 32440 198933.039  189   16 323508.261 198933.039  38.5%  18.1 1042s
 37246 36711 199957.991  253   18 281059.247 199957.991  28.9%  23.1 1065s
 26870 26306 235936.790  181   11 280390.819 235936.790  15.9%   122 1061s
 34431 32636 200310.390   58   18 281020.424 200310.390  28.7%   127 1070s
 30997 14997 237500.914  104   25 281685.079 237500.914  15.7%   105 1060s
 41825 41292 200463.204  217    9 283469.245 200463.204  29.3%  33.8 1070s
 45387 35049 236638.185  359   11 282124.865 236638.185  16.1%  65.0 1065s
 23318 21718 199523.975  118   23 280396.335 199523.975  28.8%   209 1055s
 33124 32592 198933.039  182    7 323508.261 198933.039  38.5%  18.1 1045s
 31910 20624 237628.941  163   21 282180.987 237628.941  15.8%  55.3 1070s
 33090 32387 204974.945  153   70 279475.594 198786.076  28.9%   159 1055s
 26966 26402 235936.790  182   19 280390.819 235936.790  15.9%   123 1065s
 28516 25186 236961.725  183   22 280956.481 236961.545  15.7%   136 1060s
 42776  5989 236986.679   71   32 282383.702 236986.679  16.1%  90.7 1061s
 34560 32765 200310.390   70   21 281020.424 200310.390  28.7%   128 1075s
 37410 36875 199957.991  246    7 281059.247 199957.991  28.9%  23.0 1070s
 31031 15031 237500.914  101   22 281685.079 237500.914  15.7%   106 1065s
 41925 41392 200463.204  218    9 283469.245 200463.204  29.3%  34.0 1075s
 45662 35318 236638.185  346    9 282124.865 236638.185  16.1%  64.7 1070s
 23463 21857 199523.975  104   15 280396.335 199523.975  28.8%   208 1060s
 33385 32853 198933.039  167    7 323508.261 198933.039  38.5%  18.1 1050s
 32060 20722 237628.941  177   20 282180.987 237628.941  15.8%  55.2 1075s
 33240 32517 198786.076  155   18 279475.594 198786.076  28.9%   159 1060s
 27129 26565 235936.790  181    9 280390.819 235936.790  15.9%   122 1070s
 28596 25191 236961.684  185   32 280956.481 236961.545  15.7%   138 1065s
 42829  6042 236986.679   54   34 282383.702 236986.679  16.1%  91.6 1066s
 37635 37100 199957.991  254    7 281059.247 199957.991  28.9%  23.0 1075s
 34698 32902 200310.390   59   30 281020.424 200310.390  28.7%   130 1080s
 31115 15115 237500.914   93   33 281685.079 237500.914  15.7%   108 1070s
 42113 41580 200463.204  215   10 283469.245 200463.204  29.3%  34.1 1080s
 45959 35611 236638.185  361   16 282124.865 236638.185  16.1%  64.4 1075s
 33609 33077 198933.039  144   13 323508.261 198933.039  38.5%  18.0 1055s
 23581 21973 199523.975  120   25 280396.335 199523.975  28.8%   207 1065s
 42886  6099 236986.679   97   34 282383.702 236986.679  16.1%  92.6 1070s
 32198 20814 237628.941  191   11 282180.987 237628.941  15.8%  55.2 1080s
 33388 32649 198786.076  156    7 279475.594 198786.076  28.9%   160 1065s
 27284 26720 235936.790  176    9 280390.819 235936.790  15.9%   123 1075s
 28659 25205 236961.545  112   28 280956.481 236961.545  15.7%   140 1070s
 37767 37232 199957.991  246    7 281059.247 199957.991  28.9%  22.9 1080s
 34777 32978 200311.135  315   23 281020.424 200310.390  28.7%   130 1085s
 31183 15183 237500.914   82   28 281685.079 237500.914  15.7%   110 1075s
 42322 41789 200463.204  212   13 283469.245 200463.204  29.3%  34.3 1085s
 46263 35899 236638.185  356    9 282124.865 236638.185  16.1%  64.1 1080s
 23711 22103 199523.975  132   21 280396.335 199523.975  28.8%   206 1070s
 32308 20887 237628.941  203   28 282180.987 237628.941  15.8%  55.1 1085s
 42951  6148 236986.679  106   40 282383.702 236986.679  16.1%  93.6 1075s
 33461 32708 198786.076  164    7 279475.594 198786.076  28.9%   160 1070s
 27357 26793 235936.790  174   13 280390.819 235936.790  15.9%   123 1080s
 34938 33128 200310.390  323   12 281020.424 200310.390  28.7%   131 1090s
 37986 37451 199957.991  252   18 281059.247 199957.991  28.9%  22.9 1085s
 28715 25224 236961.813  126   34 280956.481 236961.545  15.7%   141 1076s
 33824 33292 198933.039  119    7 323508.261 198933.039  38.5%  18.0 1063s
 31214 15214 237500.914   63   31 281685.079 237500.914  15.7%   110 1080s
 46499 36099 236638.185  364   16 282124.865 236638.185  16.1%  64.0 1085s
 33870 33338 198933.039  116    7 323508.261 198933.039  38.5%  18.0 1065s
 42456 41923 200463.204  233   18 283469.245 200463.204  29.3%  34.4 1091s
 32415 20958 237628.941  215   25 282180.987 237628.941  15.8%  55.0 1090s
 43064  6157 236986.679   62   38 282383.702 236986.679  16.1%  95.2 1080s
 33630 32844 198786.076  158    7 279475.594 198786.076  28.9%   161 1075s
 27509 26945 235936.790  178    9 280390.819 235936.790  15.9%   123 1085s
 28780 25258 236961.545  123   22 280956.481 236961.545  15.7%   143 1080s
 35100 33283 200310.390   52   24 281020.424 200310.390  28.7%   132 1095s
 38187 37652 199957.991  245    7 281059.247 199957.991  28.9%  22.9 1090s
 32367 14131 infeasible  118      281685.079 237500.914  15.7%   107 1085s
 23798 22188 199523.975   98   27 280396.335 199523.975  28.8%   206 1078s
 42587 42054 200463.204  211    9 283469.245 200463.204  29.3%  34.5 1095s
 23817 22207 199523.975  105   28 280396.335 199523.975  28.8%   206 1080s
 46618 36202 236638.185  367    9 282124.865 236638.185  16.1%  63.9 1090s
 34076 33544 198933.039   99    7 323508.261 198933.039  38.5%  18.0 1070s
 33790 32968 198786.076  156    7 279475.594 198786.076  28.9%   162 1080s
 43102  6195 236986.679   51   40 282383.702 236986.679  16.1%  95.8 1085s
 32469 20994 237790.344  219   86 282180.987 237628.941  15.8%  55.0 1096s
 28861 25283 236961.684  165   27 280956.481 236961.545  15.7%   145 1085s
 27697 27131 235936.790  175    9 280390.819 235936.790  15.9%   122 1090s
 38415 37880 199957.991  252   18 281059.247 199957.991  28.9%  22.9 1095s
 35154 33337 200310.390  243   22 281020.424 200310.390  28.7%   132 1100s
 34776 11722 infeasible  118      281685.079 237500.914  15.7%   100 1090s
 42787 42254 200463.204  205   15 283469.245 200463.204  29.3%  34.6 1100s
 46842 36370 236638.185  363    9 282124.865 236638.185  16.1%  63.7 1095s
 23940 22328 199523.975  101   19 280396.335 199523.975  28.8%   205 1085s
 34288 33756 198933.039   75    7 323508.261 198933.039  38.5%  18.0 1075s
 32558 21053 237628.941  228   15 282180.987 237628.941  15.8%  54.9 1100s
 43206  6275 236986.679   57   35 282383.702 236986.679  16.1%  97.0 1090s
 33925 33071 198786.076  171   34 279475.594 198786.076  28.9%   162 1085s
 27806 27240 235936.790  181    9 280390.819 235936.790  15.9%   123 1095s
 28940 25299 236961.647  122   41 280956.481 236961.545  15.7%   147 1090s
 35307 33485 200310.480   55   34 281020.424 200310.390  28.7%   133 1105s
 38526 37991 199957.991  251    9 281059.247 199957.991  28.9%  22.8 1100s
 43001 42468 200463.204  210   15 283469.245 200463.204  29.3%  34.7 1105s
 47107 36567 236638.185  360   11 282124.865 236638.185  16.1%  63.6 1100s
 24040 22424 199523.975   92   23 280396.335 199523.975  28.8%   205 1090s
 34491 33959 198933.039  124    7 323508.261 198933.039  38.5%  17.9 1080s
 43292  6361 236986.679   61   31 282383.702 236986.679  16.1%  98.6 1095s
 27943 27377 235936.790  165    9 280390.819 235936.790  15.9%   123 1100s
 32684 21137 237628.941  242   15 282180.987 237628.941  15.8%  54.8 1105s
 34007 33134 198786.076  165    9 279475.594 198786.076  28.9%   162 1090s
 29016 25324 236961.647  122   34 280956.481 236961.545  15.7%   148 1095s
 35472 33648 200311.331  137   35 281020.424 200310.390  28.7%   134 1110s
 38742 38207 199957.991  258   18 281059.247 199957.991  28.9%  22.8 1105s
 37158  9342 237500.914   44   17 281685.079 237500.914  15.7%  93.6 1099s
 37159  9343 237500.914   45   29 281685.079 237500.914  15.7%  93.7 1100s
 43205 42672 200463.204  209   15 283469.245 200463.204  29.3%  34.9 1110s
 47425 36823 236638.185  370   16 282124.865 236638.185  16.1%  63.3 1105s
 24142 22522 199523.975   89   33 280396.335 199523.975  28.8%   206 1095s
 34666 34134 198933.039  128   13 323508.261 198933.039  38.5%  18.0 1085s
H43221 42686                    283306.32485 200463.204  29.2%  34.9 1111s
 32765 21191 237628.941  253   21 282180.987 237628.941  15.8%  54.8 1110s
 43355  6423 236986.679   61   45 282383.702 236986.679  16.1%   100 1100s
 34132 33228 204975.463  156   76 279475.594 198786.076  28.9%   163 1095s
 28021 27455 235936.790  170   13 280390.819 235936.790  15.9%   123 1105s
 29045 25334 236961.652  152   26 280956.481 236961.545  15.7%   149 1100s
 38969 38434 199957.991  249    7 281059.247 199957.991  28.9%  22.7 1110s
 35567 33738 200310.390   56   18 281020.424 200310.390  28.7%   134 1116s
 43301 42768 200463.204  211    9 283306.325 200463.204  29.2%  34.9 1115s
 47708 37050 236638.185  366   16 282124.865 236638.185  16.1%  63.1 1110s
 24256 22630 199523.975   88   26 280396.335 199523.975  28.8%   207 1100s
 34869 34337 198933.039   60    7 323508.261 198933.039  38.5%  18.0 1090s
 37538  8970 237500.914   47   27 281685.079 237500.914  15.7%  92.8 1107s
H43471  6403                    282383.67312 236986.679  16.1%   101 1105s
 34326 33381 198786.076  162    9 279475.594 198786.076  28.9%   164 1100s
 28155 27589 235936.790  182   28 280390.819 235936.790  15.9%   123 1110s
 32874 21264 237677.349  266   72 282180.987 237628.941  15.8%  54.7 1116s
 29131 25352 236961.545  112   26 280956.481 236961.545  15.7%   151 1105s
 39176 38641 199957.991  247    9 281059.247 199957.991  28.9%  22.6 1115s
 35667 33834 209006.688  317   67 281020.424 200310.390  28.7%   135 1120s
 43526 42993 200463.378  212   31 283306.325 200463.204  29.2%  35.1 1120s
 47885 37173 236638.185  369    9 282124.865 236638.185  16.1%  63.0 1115s
 37546  8978 237500.914   52   14 281685.079 237500.914  15.7%  92.7 1111s
 35076 34544 198933.039  123    7 323508.261 198933.039  38.5%  17.9 1095s
 32964 21324 237628.941  273   17 282180.987 237628.941  15.8%  54.6 1120s
 24310 22683 199523.975   88   27 280396.335 199523.975  28.8%   207 1105s
 43544  6429 237033.080  143   30 282383.673 236986.679  16.1%   102 1110s
 28295 27729 235936.790  182   11 280390.819 235936.790  15.9%   123 1115s
 34438 33471 204975.463  156   80 279475.594 198786.076  28.9%   164 1105s
 29224 25366 236961.545  116   35 280956.481 236961.545  15.7%   154 1110s
 39309 38774 199957.991  253    9 281059.247 199957.991  28.9%  22.6 1120s
 35802 33963 200310.390   40   41 281020.424 200310.390  28.7%   136 1125s
 43746 43213 200463.382  211   33 283306.325 200463.204  29.2%  35.2 1125s
 37554  8986 237500.914   54   24 281685.079 237500.914  15.7%  92.7 1115s
 48189 37403 236638.185  371   20 282124.865 236638.185  16.1%  62.8 1120s
 24378 22749 199523.975  224   30 280396.335 199523.975  28.8%   208 1110s
 35286 34754 198933.039  141    7 323508.261 198933.039  38.5%  17.9 1100s
 33094 21411 237628.941  286    9 282180.987 237628.941  15.8%  54.5 1125s
 43648  6530 236986.679   50   32 282383.673 236986.679  16.1%   102 1115s
 34573 33578 198786.076  154    7 279475.594 198786.076  28.9%   164 1110s
 28384 27818 235936.790  180   26 280390.819 235936.790  15.9%   123 1120s
 29298 25376 236961.780  150   44 280956.481 236961.545  15.7%   156 1115s
 39508 38973 199957.991  249    7 281059.247 199957.991  28.9%  22.6 1125s
 35901 34056 205375.094  308   78 281020.424 200310.390  28.7%   137 1130s
 37609  9041 237500.914   70   11 281685.079 237500.914  15.7%  92.6 1120s
 48466 37622 236638.185  367    9 282124.865 236638.185  16.1%  62.7 1125s
 24475 22845 199523.975   87   14 280396.335 199523.975  28.8%   208 1115s
 35382 34850 198933.039  159   13 323508.261 198933.039  38.5%  17.9 1105s
 43886 43353 200463.378  211   33 283306.325 200463.204  29.2%  35.3 1131s
 33230 21501 237629.770  294   70 282180.987 237628.941  15.8%  54.3 1130s
 43713  6589 236986.679   55   40 282383.673 236986.679  16.1%   103 1120s
 34710 33682 198786.076  152    7 279475.594 198786.076  28.9%   165 1115s
 28506 27940 235936.790  183   15 280390.819 235936.790  15.9%   123 1125s
 29338 25376 236961.718  148   32 280956.481 236961.545  15.7%   157 1120s
 39741 39206 199957.991  254   13 281059.247 199957.991  28.9%  22.5 1130s
 36045 34195 200310.390   66   15 281020.424 200310.390  28.7%   138 1135s
 37772  9204 237500.914   89   11 281685.079 237500.914  15.7%  92.3 1125s
 44021 43488 200463.204  211    9 283306.325 200463.204  29.2%  35.4 1135s
 48776 37854 236638.185  362    9 282124.865 236638.185  16.1%  62.5 1130s
 24599 22969 199523.975   85   18 280396.335 199523.975  28.8%   208 1120s
 35573 35041 198933.039  148    7 323508.261 198933.039  38.5%  17.9 1110s
 33362 21587 237628.941  291   11 282180.987 237628.941  15.8%  54.2 1135s
 43822  6647 236986.679   75   57 282383.673 236986.679  16.1%   104 1125s
 34821 33767 204974.945  136   79 279475.594 198786.076  28.9%   165 1120s
 28682 28116 235936.790  185   19 280390.819 235936.790  15.9%   123 1130s
 29400 25378 236961.644  135   43 280956.481 236961.545  15.7%   159 1125s
 39981 39446 199957.991  257   18 281059.247 199957.991  28.9%  22.4 1135s
 36207 34355 200310.390   57   28 281020.424 200310.390  28.7%   138 1140s
 38035  9467 237500.914  104   11 281685.079 237500.914  15.7%  91.9 1130s
 44208 43675 200463.204  207    9 283306.325 200463.204  29.2%  35.6 1140s
 48928 37972 236638.185  363    9 282124.865 236638.185  16.1%  62.4 1135s
 35671 35139 198933.039  154   25 323508.261 198933.039  38.5%  18.0 1115s
H33515 20864                    282180.92570 237628.941  15.8%  54.0 1139s
 43886  6644 infeasible   86      282383.673 236986.679  16.1%   105 1130s
 33515 20866 237628.941  294   17 282180.926 237628.941  15.8%  54.0 1140s
 24635 23005 199523.975  102   18 280396.335 199523.975  28.8%   208 1126s
 35001 33920 198786.076  130   11 279475.594 198786.076  28.9%   166 1125s
 28749 28183 235936.790  183    9 280390.819 235936.790  15.9%   123 1135s
 29458 25381 236961.545  118   30 280956.481 236961.545  15.7%   161 1130s
 36285 34433 205970.962  312   76 281020.424 200310.390  28.7%   139 1145s
 40118 39583 199957.991  251   15 281059.247 199957.991  28.9%  22.4 1140s
 38319  9751 237500.914  105   11 281685.079 237500.914  15.7%  91.4 1135s
 44419 43886 200463.204  211    9 283306.325 200463.204  29.2%  35.7 1145s
 49182 38160 236638.185  369   18 282124.865 236638.185  16.1%  62.2 1140s
 24739 23108 199523.975   87   24 280396.335 199523.975  28.8%   209 1130s
 35843 35311 198933.039  166   11 323508.261 198933.039  38.5%  18.0 1120s
 33653 20958 238064.403  275   72 282180.926 237628.941  15.8%  53.9 1145s
 44099  6457 infeasible  106      282383.673 236986.679  16.1%   107 1135s
 35131 34019 204974.945  133   90 279475.594 198786.076  28.9%   167 1130s
 28886 28320 235936.790  184   26 280390.819 235936.790  15.9%   124 1140s
 36436 34578 200310.390  323   12 281020.424 200310.390  28.7%   140 1150s
 40312 39777 199957.991  252    7 281059.247 199957.991  28.9%  22.3 1145s
 38454  9886 237500.914   97   11 281685.079 237500.914  15.7%  91.1 1140s
 44557 44024 200463.204  209    9 283306.325 200463.204  29.2%  35.8 1150s
 49479 38397 236638.185  370   19 282124.865 236638.185  16.1%  62.1 1145s
 24846 23215 199523.975  101   17 280396.335 199523.975  28.8%   208 1135s
 29508 25389 236961.685  131   40 280956.481 236961.545  15.7%   162 1138s
 36005 35473 198933.039  158   14 323508.261 198933.039  38.5%  18.1 1125s
 33776 21036 237628.941  277   11 282180.926 237628.941  15.8%  53.8 1150s
 44524  6032 infeasible   87      282383.673 236986.679  16.1%   110 1140s
 29019 28453 235936.790  172   11 280390.819 235936.790  15.9%   124 1145s
 29544 25391 236961.545  128   32 280956.481 236961.545  15.7%   163 1140s
 35240 34100 198786.076  146   12 279475.594 198786.076  28.9%   167 1136s
 40495 39960 199957.991  260   17 281059.247 199957.991  28.9%  22.3 1150s
 36603 34738 200310.390   60   34 281020.424 200310.390  28.7%   141 1155s
 38746 10178 237500.914  103   13 281685.079 237500.914  15.7%  90.6 1145s
 44779 44246 200463.204  213    9 283306.325 200463.204  29.2%  36.0 1155s
 49746 38608 236638.185  370    9 282124.865 236638.185  16.1%  61.9 1150s
 24988 23357 199523.975  130    7 280396.335 199523.975  28.8%   208 1140s
 36214 35682 198933.039  149    7 323508.261 198933.039  38.5%  18.1 1130s
 33925 21136 237628.941  253   15 282180.926 237628.941  15.8%  53.7 1155s
 35315 34167 198786.076  154   25 279475.594 198786.076  28.9%   168 1140s
 29088 28522 235936.790  182   14 280390.819 235936.790  15.9%   124 1150s
 29622 25410 236961.708  128   24 280956.481 236961.545  15.7%   165 1145s
 44647  5955 236986.679   46   36 282383.673 236986.679  16.1%   111 1146s
 36680 34808 200310.390   77   18 281020.424 200310.390  28.7%   142 1160s
 40713 40178 199957.991  253   17 281059.247 199957.991  28.9%  22.3 1155s
 39015 10447 237500.914  106   15 281685.079 237500.914  15.7%  90.2 1150s
 44992 44459 200463.204  217   15 283306.325 200463.204  29.2%  36.0 1160s
 25192 23561 199523.975  144   11 280396.335 199523.975  28.8%   207 1145s
 49952 38784 236638.185  370    9 282124.865 236638.185  16.1%  61.8 1155s
 36337 35805 198933.039  152    9 323508.261 198933.039  38.5%  18.1 1135s
 34051 21220 237628.941  229   23 282180.926 237628.941  15.8%  53.8 1160s
 44742  6036 236986.679   49    8 282383.673 236986.679  16.1%   111 1150s
 35499 34331 198786.076  156   27 279475.594 198786.076  28.9%   168 1145s
 29235 28669 235936.790  174    9 280390.819 235936.790  15.9%   124 1155s
 29706 25428 236961.629  157   24 280956.481 236961.545  15.7%   167 1150s
 36864 34982 200310.540   72   26 281020.424 200310.390  28.7%   142 1165s
 40848 40313 199957.991  255   17 281059.247 199957.991  28.9%  22.2 1160s
 50174 38954 236638.185  376   17 282124.865 236638.185  16.1%  61.7 1160s
 45126 44593 202909.222  214   77 283306.325 200463.204  29.2%  36.6 1165s
 25363 23732 199523.975  148    9 280396.335 199523.975  28.8%   207 1150s
 36542 36010 198933.039  151   12 323508.261 198933.039  38.5%  18.1 1140s
 34160 21292 237676.192  212   77 282180.926 237628.941  15.8%  54.1 1165s
 39222 10654 237500.914   98   11 281685.079 237500.914  15.7%  89.8 1157s
 35642 34458 198786.076  160   17 279475.594 198786.076  28.9%   169 1150s
 29370 28804 235936.790  174    9 280390.819 235936.790  15.9%   124 1160s
 44833  6114 236986.679   46   15 282383.673 236986.679  16.1%   112 1156s
 29757 25440 236961.688  152   48 280956.481 236961.545  15.7%   168 1155s
 37009 35123 200310.390  359   15 281020.424 200310.390  28.7%   143 1170s
 41072 40537 199957.991  256   17 281059.247 199957.991  28.9%  22.2 1165s
 39378 10810 237500.914  101   15 281685.079 237500.914  15.7%  89.6 1160s
 45195 44662 202941.933  212   75 283306.325 200463.204  29.2%  37.1 1170s
 50440 39156 236638.185  367    9 282124.865 236638.185  16.1%  61.6 1165s
 25519 23886 199523.975  165   23 280396.335 199523.975  28.8%   206 1155s
 36685 36153 198933.039  162   12 323508.261 198933.039  38.5%  18.2 1145s
 44960  6220 236986.679   50   12 282383.673 236986.679  16.1%   113 1160s
 34304 21388 237653.145  184   82 282180.926 237628.941  15.8%  54.6 1170s
 29439 28873 235936.790  183   19 280390.819 235936.790  15.9%   124 1165s
 29835 25441 236961.813  124   40 280956.481 236961.545  15.7%   170 1160s
 37100 35210 200310.390   53    9 281020.424 200310.390  28.7%   144 1175s
 41280 40745 199957.991  251    7 281059.247 199957.991  28.9%  22.1 1170s
 35805 34598 198786.076  160    9 279475.594 198786.076  28.9%   170 1157s
 39675 11107 237500.914  101   11 281685.079 237500.914  15.7%  89.1 1165s
 45326 44793 200463.204  211    9 283306.325 200463.204  29.2%  38.2 1175s
 50689 39345 236638.185  368    9 282124.865 236638.185  16.1%  61.4 1170s
 36835 36303 198933.039  154   13 323508.261 198933.039  38.5%  18.2 1150s
 25580 23945 199523.975  171   10 280396.335 199523.975  28.8%   206 1160s
 45114  6354 236986.679   55    9 282383.673 236986.679  16.1%   114 1165s
 35915 34694 204975.463  162   77 279475.594 198786.076  28.9%   170 1160s
 29614 29048 235936.790  182   27 280390.819 235936.790  15.9%   124 1170s
 34386 21443 237628.941  165   33 282180.926 237628.941  15.8%  54.8 1176s
 29892 25449 236961.800  144   35 280956.481 236961.545  15.7%   172 1165s
 37243 35348 200310.390   78   31 281020.424 200310.390  28.7%   145 1180s
 41469 40934 199957.991  250   17 281059.247 199957.991  28.9%  22.1 1175s
 39940 11372 237500.914  105   15 281685.079 237500.914  15.7%  88.7 1170s
 45380 44847 200463.380  215   33 283306.325 200463.204  29.2%  38.6 1180s
 36947 36415 198933.039  156    9 323508.261 198933.039  38.5%  18.2 1155s
 25687 24050 199523.975  179   11 280396.335 199523.975  28.8%   205 1165s
 34465 21496 237628.941  155   29 282180.926 237628.941  15.8%  55.0 1180s
 45280  6491 237036.639   63   30 282383.673 236986.679  16.1%   115 1170s
 36092 34851 204975.463  159   94 279475.594 198786.076  28.9%   171 1165s
H45434 44899                    281796.04225 200463.204  28.9%  38.9 1182s
 29764 29198 235936.790  176    9 280390.819 235936.790  15.9%   124 1175s
 50900 39516 236638.185  375   16 282124.865 236638.185  16.1%  61.3 1177s
 29946 25455 236961.759  139   31 280956.481 236961.545  15.7%   173 1170s
 37412 35511 200310.390   64   47 281020.424 200310.390  28.7%   146 1185s
 41580 41045 199957.991  247    7 281059.247 199957.991  28.9%  22.1 1180s
 40262 11694 237500.914  107   14 281685.079 237500.914  15.7%  88.1 1175s
 45488 44955 202937.337  218   76 281796.042 200463.204  28.9%  39.3 1185s
 51032 39620 236638.185  366    9 282124.865 236638.185  16.1%  61.3 1180s
 25853 24216 199523.975  192    7 280396.335 199523.975  28.8%   204 1170s
 37135 36603 198933.039  153    9 323508.261 198933.039  38.5%  18.2 1160s
 34611 21587 237628.941  129   31 282180.926 237628.941  15.8%  55.5 1185s
 45386  6571 237036.639   60   30 282383.673 236986.679  16.1%   116 1175s
 30027 25473 236961.696  134   33 280956.481 236961.545  15.7%   175 1175s
 37506 35604 203321.603  318   79 281020.424 200310.390  28.7%   146 1190s
 41793 41258 199957.991  245    7 281059.247 199957.991  28.9%  22.0 1185s
 36215 34959 198786.076  154   11 279475.594 198786.076  28.9%   171 1171s
 40589 12021 237500.914  108   14 281685.079 237500.914  15.7%  87.6 1180s
 45661 45128 200463.204  208    9 281796.042 200463.204  28.9%  40.3 1190s
 29858 29292 235936.790  180   12 280390.819 235936.790  15.9%   124 1182s
 51287 39819 236638.185  369   11 282124.865 236638.185  16.1%  61.1 1185s
 26065 24428 199523.975  193    7 280396.335 199523.975  28.8%   203 1175s
 34707 21649 237628.941  122   24 282180.926 237628.941  15.8%  55.8 1190s
 45601  6456 infeasible   73      282383.673 236986.679  16.1%   116 1180s
 37299 36767 198933.039  161   13 323508.261 198933.039  38.5%  18.3 1165s
 36328 35059 198786.076  164   24 279475.594 198786.076  28.9%   172 1175s
 29922 29356 235936.790  180    9 280390.819 235936.790  15.9%   125 1185s
 37661 35757 213278.251  152   79 281020.424 200310.390  28.7%   147 1195s
 42017 41482 199957.991  251   15 281059.247 199957.991  28.9%  22.0 1190s
 40792 12224 237500.914  102   14 281685.079 237500.914  15.7%  87.3 1185s
 30080 25477 236961.766  128   30 280956.481 236961.545  15.7%   177 1182s
 51549 40023 236638.185  369   11 282124.865 236638.185  16.1%  61.0 1190s
 26281 24644 199523.975  193    7 280396.335 199523.975  28.8%   201 1180s
 37486 36954 198933.039  153   21 323508.261 198933.039  38.5%  18.3 1170s
 34818 21723 237628.941  112   17 282180.926 237628.941  15.8%  56.2 1195s
 45760  6305 236986.679   31   28 282383.673 236986.679  16.1%   118 1185s
 36489 35201 204975.463  156   80 279475.594 198786.076  28.9%   172 1180s
 45816 45283 202930.198  212   77 281796.042 200463.204  28.9%  41.3 1197s
 30072 29506 235936.790  183   19 280390.819 235936.790  15.9%   125 1190s
 30129 25486 236961.777  126   30 280956.481 236961.545  15.7%   178 1185s

Cutting planes:
  Gomory: 10
  Lift-and-project: 1
  Flow cover: 27
  RLT: 2

Explored 37799 nodes (5585497 simplex iterations) in 1200.02 seconds (1708.04 work units)
Thread count was 1 (of 32 available processors)

Solution count 10: 281020 281041 281100 ... 283307

Time limit reached
Best objective 2.810204241506e+05, best bound 2.003103899523e+05, gap 28.7203%
WARNING: Loading a SolverResults object with an 'aborted' status, but
containing a solution
 41070 12502 237500.914  111   14 281685.079 237500.914  15.7%  86.9 1190s
 45893 45360 200463.361  211   35 281796.042 200463.204  28.9%  41.8 1200s

Cutting planes:
  Gomory: 12
  Lift-and-project: 2
  MIR: 2
  Flow cover: 23
  RLT: 2

Explored 45894 nodes (1927260 simplex iterations) in 1200.02 seconds (1638.93 work units)
Thread count was 1 (of 32 available processors)

Solution count 10: 281796 283306 283469 ... 324183

Time limit reached
Best objective 2.817960422510e+05, best bound 2.004632037103e+05, gap 28.8623%
WARNING: Loading a SolverResults object with an 'aborted' status, but
containing a solution
 51851 40253 236638.185  372   14 282124.865 236638.185  16.1%  60.8 1195s
 42147 41612 199957.991  249    7 281059.247 199957.991  28.9%  21.9 1196s
 26470 24833 199523.975  213   13 280396.335 199523.975  28.8%   200 1185s
 37716 37184 198933.039  148    9 323508.261 198933.039  38.5%  18.3 1175s

Cutting planes:
  Gomory: 8
  Lift-and-project: 1
  Flow cover: 2

Explored 34947 nodes (1984603 simplex iterations) in 1200.02 seconds (1801.44 work units)
Thread count was 1 (of 32 available processors)

Solution count 10: 282181 282181 282181 ... 320432

Time limit reached
Warning: max constraint violation (2.3988e-04) exceeds tolerance
Warning: max bound violation (2.3988e-04) exceeds tolerance
Best objective 2.821809257033e+05, best bound 2.376289411846e+05, gap 15.7884%
WARNING: Loading a SolverResults object with an 'aborted' status, but
containing a solution
 45871  6404 236986.679   53   18 282383.673 236986.679  16.1%   118 1190s
 36627 35325 198786.076  157   20 279475.594 198786.076  28.9%   173 1185s
 30234 29668 235936.790  188   15 280390.819 235936.790  15.9%   125 1195s
 30216 25504 236961.642  120   39 280956.481 236961.545  15.7%   180 1190s
 42279 41744 199957.991  246    9 281059.247 199957.991  28.9%  21.9 1200s

Cutting planes:
  Gomory: 3
  Flow cover: 9

Explored 42280 nodes (940551 simplex iterations) in 1200.02 seconds (1711.38 work units)
Thread count was 1 (of 32 available processors)

Solution count 10: 281059 281082 281126 ... 326728

Time limit reached
Best objective 2.810592473822e+05, best bound 1.999579914063e+05, gap 28.8556%
WARNING: Loading a SolverResults object with an 'aborted' status, but
containing a solution
 41384 12816 237500.914  106   13 281685.079 237500.914  15.7%  86.4 1195s

Cutting planes:
  Gomory: 13
  MIR: 1
  Flow cover: 4
  RLT: 1

Explored 52186 nodes (3172240 simplex iterations) in 1200.02 seconds (1783.01 work units)
Thread count was 1 (of 32 available processors)

Solution count 10: 282125 282131 282158 ... 286863

Time limit reached
Best objective 2.821248649731e+05, best bound 2.366381850538e+05, gap 16.1229%
WARNING: Loading a SolverResults object with an 'aborted' status, but
containing a solution
 26659 25022 200456.505  229   73 280396.335 199523.975  28.8%   199 1190s
 45977  6431 237184.388   55   46 282383.673 236986.679  16.1%   119 1195s
 36741 35426 198786.076  157    7 279475.594 198786.076  28.9%   173 1190s

Cutting planes:
  Gomory: 15
  Lift-and-project: 2
  Flow cover: 2

Explored 30380 nodes (3816429 simplex iterations) in 1200.02 seconds (1835.79 work units)
Thread count was 1 (of 32 available processors)

Solution count 10: 280391 280391 282180 ... 283933

Time limit reached
Warning: max constraint violation (2.3965e-04) exceeds tolerance
Warning: max bound violation (2.3965e-04) exceeds tolerance
Best objective 2.803908185846e+05, best bound 2.359367903075e+05, gap 15.8543%
WARNING: Loading a SolverResults object with an 'aborted' status, but
containing a solution
 30320 25523 236961.642  117   30 280956.481 236961.545  15.7%   182 1195s
 37901 37369 198933.039  161   10 323508.261 198933.039  38.5%  18.4 1181s

Cutting planes:
  Gomory: 5
  Projected implied bound: 1
  Flow cover: 6
  Inf proof: 1

Explored 41636 nodes (3591099 simplex iterations) in 1200.02 seconds (1879.25 work units)
Thread count was 1 (of 32 available processors)

Solution count 10: 281685 281685 283471 ... 326052

Time limit reached
Warning: max constraint violation (2.3988e-04) exceeds tolerance
Warning: max bound violation (2.3988e-04) exceeds tolerance
Best objective 2.816850794451e+05, best bound 2.375009137001e+05, gap 15.6857%
WARNING: Loading a SolverResults object with an 'aborted' status, but
containing a solution
 38052 37520 198933.039  156   13 323508.261 198933.039  38.5%  18.4 1185s
 46109  6542 237104.530   67   40 282383.673 236986.679  16.1%   120 1200s

Cutting planes:
  Gomory: 4
  Lift-and-project: 2
  Flow cover: 2

Explored 46110 nodes (5550733 simplex iterations) in 1200.02 seconds (1835.70 work units)
Thread count was 1 (of 32 available processors)

Solution count 10: 282384 282384 282387 ... 325825

Time limit reached
Warning: max constraint violation (2.3982e-04) exceeds tolerance
Warning: max bound violation (2.3982e-04) exceeds tolerance
Best objective 2.823836731367e+05, best bound 2.369866790158e+05, gap 16.0764%
WARNING: Loading a SolverResults object with an 'aborted' status, but
containing a solution
 36906 35578 198786.076  158   12 279475.594 198786.076  28.9%   174 1195s
 30416 25540 236961.545  119   30 280956.481 236961.545  15.7%   184 1200s

Cutting planes:
  Gomory: 13
  Flow cover: 1
  Inf proof: 3

Explored 30417 nodes (5590956 simplex iterations) in 1200.00 seconds (2197.47 work units)
Thread count was 1 (of 32 available processors)

Solution count 7: 280956 280998 281027 ... 283944

Time limit reached
Best objective 2.809564806097e+05, best bound 2.369615454306e+05, gap 15.6590%
WARNING: Loading a SolverResults object with an 'aborted' status, but
containing a solution
 26796 25159 199523.975  213   26 280396.335 199523.975  28.8%   198 1197s
 26956 25319 199523.975  224   12 280396.335 199523.975  28.8%   197 1200s

Cutting planes:
  Gomory: 16
  Flow cover: 180
  RLT: 1

Explored 26957 nodes (5332771 simplex iterations) in 1200.00 seconds (1983.16 work units)
Thread count was 1 (of 32 available processors)

Solution count 10: 280396 280896 281712 ... 284108

Time limit reached
Best objective 2.803963351813e+05, best bound 1.995239747108e+05, gap 28.8422%
WARNING: Loading a SolverResults object with an 'aborted' status, but
containing a solution
 38287 37755 198933.039  153   13 323508.261 198933.039  38.5%  18.4 1190s
 37111 35752 204975.463  166   81 279475.594 198786.076  28.9%   174 1200s

Cutting planes:
  Gomory: 11
  Implied bound: 2
  MIR: 1
  Flow cover: 59
  RLT: 3

Explored 37112 nodes (6485510 simplex iterations) in 1200.01 seconds (1729.72 work units)
Thread count was 1 (of 32 available processors)

Solution count 10: 279476 279669 280252 ... 324387

Time limit reached
Best objective 2.794755936151e+05, best bound 1.987860764644e+05, gap 28.8718%
WARNING: Loading a SolverResults object with an 'aborted' status, but
containing a solution
 38595 38063 198933.039  163   10 323508.261 198933.039  38.5%  18.5 1195s
 38781 38249 198933.039  153   35 323508.261 198933.039  38.5%  18.5 1200s

Cutting planes:
  Gomory: 5
  Lift-and-project: 1
  Flow cover: 2
  RLT: 2
  Relax-and-lift: 1

Explored 38782 nodes (728757 simplex iterations) in 1200.01 seconds (1651.91 work units)
Thread count was 1 (of 32 available processors)

Solution count 10: 323508 323533 323540 ... 326631

Time limit reached
Best objective 3.235082606470e+05, best bound 1.989330387770e+05, gap 38.5076%
WARNING: Loading a SolverResults object with an 'aborted' status, but
containing a solution
✅ Solution time [sec]: 5.07
📊 Status: optimal
💰 Operation Cost: 283487.0511706969
⚠️ No se encontró 'gurobi.log'. 
✔ JSON de variables y parámetros, log y summary guardados en 'C:\Users\TECNO-MASTER\Desktop\Elmo_infrastructure_sizing_NP-\output\DCH_septiembre\Bateria_482\Costo_variable\Swap_restringido\Swap_variable_3estaciones_320kW_Descomp/station_2_d1_stage1'.
✅ Solution time [sec]: 5.62
📊 Status: optimal
💰 Operation Cost: 282785.09197955125
⚠️ No se encontró 'gurobi.log'. 
✔ JSON de variables y parámetros, log y summary guardados en 'C:\Users\TECNO-MASTER\Desktop\Elmo_infrastructure_sizing_NP-\output\DCH_septiembre\Bateria_482\Costo_variable\Swap_restringido\Swap_variable_3estaciones_320kW_Descomp/station_2_d244_stage1'.
✅ Solution time [sec]: 4.98
📊 Status: optimal
💰 Operation Cost: 284257.45541560976
⚠️ No se encontró 'gurobi.log'. 
✔ JSON de variables y parámetros, log y summary guardados en 'C:\Users\TECNO-MASTER\Desktop\Elmo_infrastructure_sizing_NP-\output\DCH_septiembre\Bateria_482\Costo_variable\Swap_restringido\Swap_variable_3estaciones_320kW_Descomp/station_2_d274_stage1'.
✅ Solution time [sec]: 4.55
📊 Status: optimal
💰 Operation Cost: 286863.1594441721
⚠️ No se encontró 'gurobi.log'. 
✔ JSON de variables y parámetros, log y summary guardados en 'C:\Users\TECNO-MASTER\Desktop\Elmo_infrastructure_sizing_NP-\output\DCH_septiembre\Bateria_482\Costo_variable\Swap_restringido\Swap_variable_3estaciones_320kW_Descomp/station_2_d152_stage1'.
✅ Solution time [sec]: 4.45
📊 Status: optimal
💰 Operation Cost: 284286.16462346446
⚠️ No se encontró 'gurobi.log'. 
✔ JSON de variables y parámetros, log y summary guardados en 'C:\Users\TECNO-MASTER\Desktop\Elmo_infrastructure_sizing_NP-\output\DCH_septiembre\Bateria_482\Costo_variable\Swap_restringido\Swap_variable_3estaciones_320kW_Descomp/station_3_d91_stage1'.
✅ Solution time [sec]: 5.36
📊 Status: optimal
💰 Operation Cost: 284663.6959218315
⚠️ No se encontró 'gurobi.log'. 
✔ JSON de variables y parámetros, log y summary guardados en 'C:\Users\TECNO-MASTER\Desktop\Elmo_infrastructure_sizing_NP-\output\DCH_septiembre\Bateria_482\Costo_variable\Swap_restringido\Swap_variable_3estaciones_320kW_Descomp/station_2_d305_stage1'.
✅ Solution time [sec]: 4.81
📊 Status: optimal
💰 Operation Cost: 283471.0925351813
⚠️ No se encontró 'gurobi.log'. 
✔ JSON de variables y parámetros, log y summary guardados en 'C:\Users\TECNO-MASTER\Desktop\Elmo_infrastructure_sizing_NP-\output\DCH_septiembre\Bateria_482\Costo_variable\Swap_restringido\Swap_variable_3estaciones_320kW_Descomp/station_2_d213_stage1'.
✅ Solution time [sec]: 6.09
📊 Status: optimal
💰 Operation Cost: 282143.35257286613
⚠️ No se encontró 'gurobi.log'. 
✔ JSON de variables y parámetros, log y summary guardados en 'C:\Users\TECNO-MASTER\Desktop\Elmo_infrastructure_sizing_NP-\output\DCH_septiembre\Bateria_482\Costo_variable\Swap_restringido\Swap_variable_3estaciones_320kW_Descomp/station_3_d121_stage1'.
✅ Solution time [sec]: 5.35
📊 Status: optimal
💰 Operation Cost: 282878.3170866879
⚠️ No se encontró 'gurobi.log'. 
✔ JSON de variables y parámetros, log y summary guardados en 'C:\Users\TECNO-MASTER\Desktop\Elmo_infrastructure_sizing_NP-\output\DCH_septiembre\Bateria_482\Costo_variable\Swap_restringido\Swap_variable_3estaciones_320kW_Descomp/station_3_d1_stage1'.
✅ Solution time [sec]: 5.01
📊 Status: optimal
💰 Operation Cost: 284775.33702055353
⚠️ No se encontró 'gurobi.log'. 
✔ JSON de variables y parámetros, log y summary guardados en 'C:\Users\TECNO-MASTER\Desktop\Elmo_infrastructure_sizing_NP-\output\DCH_septiembre\Bateria_482\Costo_variable\Swap_restringido\Swap_variable_3estaciones_320kW_Descomp/station_3_d182_stage1'.
✅ Solution time [sec]: 4.33
📊 Status: optimal
💰 Operation Cost: 286963.1807627647
⚠️ No se encontró 'gurobi.log'. 
✔ JSON de variables y parámetros, log y summary guardados en 'C:\Users\TECNO-MASTER\Desktop\Elmo_infrastructure_sizing_NP-\output\DCH_septiembre\Bateria_482\Costo_variable\Swap_restringido\Swap_variable_3estaciones_320kW_Descomp/station_2_d182_stage1'.
✅ Solution time [sec]: 4.85
📊 Status: optimal
💰 Operation Cost: 284686.1752554617
⚠️ No se encontró 'gurobi.log'. 
✔ JSON de variables y parámetros, log y summary guardados en 'C:\Users\TECNO-MASTER\Desktop\Elmo_infrastructure_sizing_NP-\output\DCH_septiembre\Bateria_482\Costo_variable\Swap_restringido\Swap_variable_3estaciones_320kW_Descomp/station_2_d335_stage1'.
✅ Solution time [sec]: 4.28
📊 Status: optimal
💰 Operation Cost: 286283.9955377552
⚠️ No se encontró 'gurobi.log'. 
✔ JSON de variables y parámetros, log y summary guardados en 'C:\Users\TECNO-MASTER\Desktop\Elmo_infrastructure_sizing_NP-\output\DCH_septiembre\Bateria_482\Costo_variable\Swap_restringido\Swap_variable_3estaciones_320kW_Descomp/station_3_d60_stage1'.
✅ Solution time [sec]: 4.18
📊 Status: optimal
💰 Operation Cost: 286899.8632871844
⚠️ No se encontró 'gurobi.log'. 
✔ JSON de variables y parámetros, log y summary guardados en 'C:\Users\TECNO-MASTER\Desktop\Elmo_infrastructure_sizing_NP-\output\DCH_septiembre\Bateria_482\Costo_variable\Swap_restringido\Swap_variable_3estaciones_320kW_Descomp/station_3_d152_stage1'.
✅ Solution time [sec]: 5.76
📊 Status: optimal
💰 Operation Cost: 283471.0925351813
⚠️ No se encontró 'gurobi.log'. 
✔ JSON de variables y parámetros, log y summary guardados en 'C:\Users\TECNO-MASTER\Desktop\Elmo_infrastructure_sizing_NP-\output\DCH_septiembre\Bateria_482\Costo_variable\Swap_restringido\Swap_variable_3estaciones_320kW_Descomp/station_3_d213_stage1'.
✅ Solution time [sec]: 4.71
📊 Status: optimal
💰 Operation Cost: 283725.87227946
⚠️ No se encontró 'gurobi.log'. 
✔ JSON de variables y parámetros, log y summary guardados en 'C:\Users\TECNO-MASTER\Desktop\Elmo_infrastructure_sizing_NP-\output\DCH_septiembre\Bateria_482\Costo_variable\Swap_restringido\Swap_variable_3estaciones_320kW_Descomp/station_3_d32_stage1'.
✅ Solution time [sec]: 6.58
📊 Status: optimal
💰 Operation Cost: 282785.09197955125
⚠️ No se encontró 'gurobi.log'. 
✔ JSON de variables y parámetros, log y summary guardados en 'C:\Users\TECNO-MASTER\Desktop\Elmo_infrastructure_sizing_NP-\output\DCH_septiembre\Bateria_482\Costo_variable\Swap_restringido\Swap_variable_3estaciones_320kW_Descomp/station_3_d244_stage1'.
✅ Solution time [sec]: 4.88
📊 Status: optimal
💰 Operation Cost: 284148.51485213806
⚠️ No se encontró 'gurobi.log'. 
✔ JSON de variables y parámetros, log y summary guardados en 'C:\Users\TECNO-MASTER\Desktop\Elmo_infrastructure_sizing_NP-\output\DCH_septiembre\Bateria_482\Costo_variable\Swap_restringido\Swap_variable_3estaciones_320kW_Descomp/station_3_d274_stage1'.
✅ Solution time [sec]: 4.09
📊 Status: optimal
💰 Operation Cost: 285249.494254937
⚠️ No se encontró 'gurobi.log'. 
✔ JSON de variables y parámetros, log y summary guardados en 'C:\Users\TECNO-MASTER\Desktop\Elmo_infrastructure_sizing_NP-\output\DCH_septiembre\Bateria_482\Costo_variable\Swap_restringido\Swap_variable_3estaciones_320kW_Descomp/station_3_d305_stage1'.
✅ Solution time [sec]: 4.92
📊 Status: optimal
💰 Operation Cost: 281262.3587900285
⚠️ No se encontró 'gurobi.log'. 
✔ JSON de variables y parámetros, log y summary guardados en 'C:\Users\TECNO-MASTER\Desktop\Elmo_infrastructure_sizing_NP-\output\DCH_septiembre\Bateria_482\Costo_variable\Swap_restringido\Swap_variable_3estaciones_320kW_Descomp/station_3_d335_stage1'.
✅ Solution time [sec]: 1201.73
📊 Status: maxTimeLimit
💰 Operation Cost: 281020.4241505954
⚠️ No se encontró 'gurobi.log'. 
✔ JSON de variables y parámetros, log y summary guardados en 'C:\Users\TECNO-MASTER\Desktop\Elmo_infrastructure_sizing_NP-\output\DCH_septiembre\Bateria_482\Costo_variable\Swap_restringido\Swap_variable_3estaciones_320kW_Descomp/station_1_d1_stage1'.
✅ Solution time [sec]: 1201.82
📊 Status: maxTimeLimit
💰 Operation Cost: 281796.04225101176
⚠️ No se encontró 'gurobi.log'. 
✔ JSON de variables y parámetros, log y summary guardados en 'C:\Users\TECNO-MASTER\Desktop\Elmo_infrastructure_sizing_NP-\output\DCH_septiembre\Bateria_482\Costo_variable\Swap_restringido\Swap_variable_3estaciones_320kW_Descomp/station_1_d32_stage1'.
✅ Solution time [sec]: 1201.82
📊 Status: maxTimeLimit
💰 Operation Cost: 282180.9257032856
⚠️ No se encontró 'gurobi.log'. 
✔ JSON de variables y parámetros, log y summary guardados en 'C:\Users\TECNO-MASTER\Desktop\Elmo_infrastructure_sizing_NP-\output\DCH_septiembre\Bateria_482\Costo_variable\Swap_restringido\Swap_variable_3estaciones_320kW_Descomp/station_1_d91_stage1'.
✅ Solution time [sec]: 1202.01
📊 Status: maxTimeLimit
💰 Operation Cost: 281059.24738217145
⚠️ No se encontró 'gurobi.log'. 
✔ JSON de variables y parámetros, log y summary guardados en 'C:\Users\TECNO-MASTER\Desktop\Elmo_infrastructure_sizing_NP-\output\DCH_septiembre\Bateria_482\Costo_variable\Swap_restringido\Swap_variable_3estaciones_320kW_Descomp/station_1_d60_stage1'.
✅ Solution time [sec]: 1201.99
📊 Status: maxTimeLimit
💰 Operation Cost: 282124.8649731188
⚠️ No se encontró 'gurobi.log'. 
✔ JSON de variables y parámetros, log y summary guardados en 'C:\Users\TECNO-MASTER\Desktop\Elmo_infrastructure_sizing_NP-\output\DCH_septiembre\Bateria_482\Costo_variable\Swap_restringido\Swap_variable_3estaciones_320kW_Descomp/station_1_d152_stage1'.
✅ Solution time [sec]: 1202.15
📊 Status: maxTimeLimit
💰 Operation Cost: 280390.81858461123
⚠️ No se encontró 'gurobi.log'. 
✔ JSON de variables y parámetros, log y summary guardados en 'C:\Users\TECNO-MASTER\Desktop\Elmo_infrastructure_sizing_NP-\output\DCH_septiembre\Bateria_482\Costo_variable\Swap_restringido\Swap_variable_3estaciones_320kW_Descomp/station_1_d121_stage1'.
✅ Solution time [sec]: 1202.23
📊 Status: maxTimeLimit
💰 Operation Cost: 281685.07944507786
⚠️ No se encontró 'gurobi.log'. 
✔ JSON de variables y parámetros, log y summary guardados en 'C:\Users\TECNO-MASTER\Desktop\Elmo_infrastructure_sizing_NP-\output\DCH_septiembre\Bateria_482\Costo_variable\Swap_restringido\Swap_variable_3estaciones_320kW_Descomp/station_1_d213_stage1'.
✅ Solution time [sec]: 1202.26
📊 Status: maxTimeLimit
💰 Operation Cost: 282383.6731367144
⚠️ No se encontró 'gurobi.log'. 
✔ JSON de variables y parámetros, log y summary guardados en 'C:\Users\TECNO-MASTER\Desktop\Elmo_infrastructure_sizing_NP-\output\DCH_septiembre\Bateria_482\Costo_variable\Swap_restringido\Swap_variable_3estaciones_320kW_Descomp/station_1_d182_stage1'.
✅ Solution time [sec]: 1202.24
📊 Status: maxTimeLimit
💰 Operation Cost: 280956.48060969706
⚠️ No se encontró 'gurobi.log'. 
✔ JSON de variables y parámetros, log y summary guardados en 'C:\Users\TECNO-MASTER\Desktop\Elmo_infrastructure_sizing_NP-\output\DCH_septiembre\Bateria_482\Costo_variable\Swap_restringido\Swap_variable_3estaciones_320kW_Descomp/station_1_d244_stage1'.
✅ Solution time [sec]: 1202.45
📊 Status: maxTimeLimit
💰 Operation Cost: 280396.3351812832
⚠️ No se encontró 'gurobi.log'. 
✔ JSON de variables y parámetros, log y summary guardados en 'C:\Users\TECNO-MASTER\Desktop\Elmo_infrastructure_sizing_NP-\output\DCH_septiembre\Bateria_482\Costo_variable\Swap_restringido\Swap_variable_3estaciones_320kW_Descomp/station_1_d274_stage1'.
✅ Solution time [sec]: 1202.79
📊 Status: maxTimeLimit
💰 Operation Cost: 323508.26064701553
⚠️ No se encontró 'gurobi.log'. 
✔ JSON de variables y parámetros, log y summary guardados en 'C:\Users\TECNO-MASTER\Desktop\Elmo_infrastructure_sizing_NP-\output\DCH_septiembre\Bateria_482\Costo_variable\Swap_restringido\Swap_variable_3estaciones_320kW_Descomp/station_1_d305_stage1'.
✅ Solution time [sec]: 1202.09
📊 Status: maxTimeLimit
💰 Operation Cost: 279475.593615093
⚠️ No se encontró 'gurobi.log'. 
✔ JSON de variables y parámetros, log y summary guardados en 'C:\Users\TECNO-MASTER\Desktop\Elmo_infrastructure_sizing_NP-\output\DCH_septiembre\Bateria_482\Costo_variable\Swap_restringido\Swap_variable_3estaciones_320kW_Descomp/station_1_d335_stage1'.
C:\Users\TECNO-MASTER\anaconda3\lib\site-packages\pandas\core\indexes\base.py:6999: FutureWarning: In a future version, the Index constructor will not infer numeric dtypes when passed object-dtype sequences (matching Series behavior)
  return Index(sequences[0], name=names)
C:\Users\TECNO-MASTER\anaconda3\lib\site-packages\pandas\core\indexes\base.py:6999: FutureWarning: In a future version, the Index constructor will not infer numeric dtypes when passed object-dtype sequences (matching Series behavior)
  return Index(sequences[0], name=names)
C:\Users\TECNO-MASTER\anaconda3\lib\site-packages\pandas\core\indexes\base.py:6999: FutureWarning: In a future version, the Index constructor will not infer numeric dtypes when passed object-dtype sequences (matching Series behavior)
  return Index(sequences[0], name=names)
C:\Users\TECNO-MASTER\anaconda3\lib\site-packages\pandas\core\indexes\base.py:6999: FutureWarning: In a future version, the Index constructor will not infer numeric dtypes when passed object-dtype sequences (matching Series behavior)
  return Index(sequences[0], name=names)
C:\Users\TECNO-MASTER\anaconda3\lib\site-packages\pandas\core\indexes\base.py:6999: FutureWarning: In a future version, the Index constructor will not infer numeric dtypes when passed object-dtype sequences (matching Series behavior)
  return Index(sequences[0], name=names)
C:\Users\TECNO-MASTER\anaconda3\lib\site-packages\pandas\core\indexes\base.py:6999: FutureWarning: In a future version, the Index constructor will not infer numeric dtypes when passed object-dtype sequences (matching Series behavior)
  return Index(sequences[0], name=names)
  [Fase 2 (infra fija)] estacion=station_1 dia=152 -> C:\Users\TECNO-MASTER\Desktop\Elmo_infrastructure_sizing_NP-\output\DCH_septiembre\Bateria_482\Costo_variable\Swap_restringido\Swap_variable_3estaciones_320kW_Descomp/station_1_d152
✔ Warm start Y: 246 cargados, 0 omitidos
✔ Warm start Z: 467 cargados, 0 omitidos
✔ Warm start Z_swap: 7 cargados, 0 omitidos
✔ Warm start N_chargers: 0 cargados, 1 omitidos
✔ Warm start N_bays: 0 cargados, 1 omitidos
✔ Warm start X: 0 cargados, 1 omitidos
✔ Warm start N_batteries: 0 cargados, 1 omitidos
✔ Warm start completo desde 'C:\Users\TECNO-MASTER\Desktop\Elmo_infrastructure_sizing_NP-\output\DCH_septiembre\Bateria_482\Costo_variable\Swap_restringido\Swap_variable_3estaciones_320kW_Descomp\station_1_d152_stage1': 720 valores cargados, 4 omitidos
formulation time: 6.401994943618774
Set parameter OutputFlag to value 1
Set parameter OutputFlag to value 1
Set parameter LogToConsole to value 1
Set parameter MIPGap to value 0.05
Set parameter TimeLimit to value 1200
Set parameter LogFile to value "C:\Users\TECNO-MASTER\Desktop\Elmo_infrastructure_sizing_NP-\output\DCH_septiembre\Bateria_482\Costo_variable\Swap_restringido\Swap_variable_3estaciones_320kW_Descomp\station_1_d152\ELMO_log.txt"
Set parameter Threads to value 1
Set parameter Heuristics to value 0.5
Set parameter MIPFocus to value 3
Set parameter Presolve to value 2
Set parameter FlowCoverCuts to value 2
Gurobi Optimizer version 12.0.3 build v12.0.3rc0 (win64 - Windows 11+.0 (26200.2))

CPU model: Intel(R) Core(TM) i9-14900K, instruction set [SSE2|AVX|AVX2]
Thread count: 24 physical cores, 32 logical processors, using up to 1 threads

Non-default parameters:
TimeLimit  1200
MIPGap  0.05
Heuristics  0.5
MIPFocus  3
FlowCoverCuts  2
Presolve  2
Threads  1

Optimize a model with 26902 rows, 53707 columns and 243288 nonzeros
Model fingerprint: 0x0d0c0e72
Variable types: 2099 continuous, 51608 integer (18485 binary)
Coefficient statistics:
  Matrix range     [1e+00, 4e+02]
  Objective range  [1e-02, 1e+02]
  Bounds range     [1e+00, 3e+00]
  RHS range        [1e+00, 1e+04]

Warning: Completing partial solution with 50884 unfixed non-continuous variables out of 51608
User MIP start produced solution with objective 324334 (0.04s)
Loaded user MIP start with objective 324334


Explored 0 nodes (0 simplex iterations) in 0.04 seconds (0.06 work units)
Thread count was 1 (of 32 available processors)

Solution count 2: 324334 324334 

Optimal solution found (tolerance 5.00e-02)
Best objective 3.243341349608e+05, best bound 3.190210000000e+05, gap 1.6382%
C:\Users\TECNO-MASTER\anaconda3\lib\site-packages\pandas\core\indexes\base.py:6999: FutureWarning: In a future version, the Index constructor will not infer numeric dtypes when passed object-dtype sequences (matching Series behavior)
  return Index(sequences[0], name=names)
  [Fase 2 (infra fija)] estacion=station_1 dia=182 -> C:\Users\TECNO-MASTER\Desktop\Elmo_infrastructure_sizing_NP-\output\DCH_septiembre\Bateria_482\Costo_variable\Swap_restringido\Swap_variable_3estaciones_320kW_Descomp/station_1_d182
✔ Warm start Y: 246 cargados, 0 omitidos
✔ Warm start Z: 467 cargados, 0 omitidos
✔ Warm start Z_swap: 7 cargados, 0 omitidos
✔ Warm start N_chargers: 0 cargados, 1 omitidos
✔ Warm start N_bays: 0 cargados, 1 omitidos
✔ Warm start X: 0 cargados, 1 omitidos
✔ Warm start N_batteries: 0 cargados, 1 omitidos
✔ Warm start completo desde 'C:\Users\TECNO-MASTER\Desktop\Elmo_infrastructure_sizing_NP-\output\DCH_septiembre\Bateria_482\Costo_variable\Swap_restringido\Swap_variable_3estaciones_320kW_Descomp\station_1_d182_stage1': 720 valores cargados, 4 omitidos
formulation time: 6.616081953048706
Set parameter OutputFlag to value 1
Set parameter OutputFlag to value 1
Set parameter LogToConsole to value 1
Set parameter MIPGap to value 0.05
Set parameter TimeLimit to value 1200
Set parameter LogFile to value "C:\Users\TECNO-MASTER\Desktop\Elmo_infrastructure_sizing_NP-\output\DCH_septiembre\Bateria_482\Costo_variable\Swap_restringido\Swap_variable_3estaciones_320kW_Descomp\station_1_d182\ELMO_log.txt"
Set parameter Threads to value 1
Set parameter Heuristics to value 0.5
Set parameter MIPFocus to value 3
Set parameter Presolve to value 2
Set parameter FlowCoverCuts to value 2
Gurobi Optimizer version 12.0.3 build v12.0.3rc0 (win64 - Windows 11+.0 (26200.2))

CPU model: Intel(R) Core(TM) i9-14900K, instruction set [SSE2|AVX|AVX2]
Thread count: 24 physical cores, 32 logical processors, using up to 1 threads

Non-default parameters:
TimeLimit  1200
MIPGap  0.05
Heuristics  0.5
MIPFocus  3
FlowCoverCuts  2
Presolve  2
Threads  1

Optimize a model with 26902 rows, 53707 columns and 243288 nonzeros
Model fingerprint: 0x1c3f4df4
Variable types: 2099 continuous, 51608 integer (18485 binary)
Coefficient statistics:
  Matrix range     [1e+00, 4e+02]
  Objective range  [1e-02, 1e+02]
  Bounds range     [1e+00, 3e+00]
  RHS range        [1e+00, 1e+04]

Warning: Completing partial solution with 50884 unfixed non-continuous variables out of 51608
User MIP start produced solution with objective 324987 (0.03s)
Loaded user MIP start with objective 324987


Explored 0 nodes (0 simplex iterations) in 0.04 seconds (0.06 work units)
Thread count was 1 (of 32 available processors)

Solution count 2: 324987 324987 

Optimal solution found (tolerance 5.00e-02)
Best objective 3.249866525232e+05, best bound 3.190210000000e+05, gap 1.8357%
C:\Users\TECNO-MASTER\anaconda3\lib\site-packages\pandas\core\indexes\base.py:6999: FutureWarning: In a future version, the Index constructor will not infer numeric dtypes when passed object-dtype sequences (matching Series behavior)
  return Index(sequences[0], name=names)
  [Fase 2 (infra fija)] estacion=station_1 dia=91 -> C:\Users\TECNO-MASTER\Desktop\Elmo_infrastructure_sizing_NP-\output\DCH_septiembre\Bateria_482\Costo_variable\Swap_restringido\Swap_variable_3estaciones_320kW_Descomp/station_1_d91
✔ Warm start Y: 249 cargados, 0 omitidos
✔ Warm start Z: 464 cargados, 0 omitidos
✔ Warm start Z_swap: 7 cargados, 0 omitidos
✔ Warm start N_chargers: 0 cargados, 1 omitidos
✔ Warm start N_bays: 0 cargados, 1 omitidos
✔ Warm start X: 0 cargados, 1 omitidos
✔ Warm start N_batteries: 0 cargados, 1 omitidos
✔ Warm start completo desde 'C:\Users\TECNO-MASTER\Desktop\Elmo_infrastructure_sizing_NP-\output\DCH_septiembre\Bateria_482\Costo_variable\Swap_restringido\Swap_variable_3estaciones_320kW_Descomp\station_1_d91_stage1': 720 valores cargados, 4 omitidos
formulation time: 6.959461688995361
Set parameter OutputFlag to value 1
Set parameter OutputFlag to value 1
Set parameter LogToConsole to value 1
Set parameter MIPGap to value 0.05
Set parameter TimeLimit to value 1200
Set parameter LogFile to value "C:\Users\TECNO-MASTER\Desktop\Elmo_infrastructure_sizing_NP-\output\DCH_septiembre\Bateria_482\Costo_variable\Swap_restringido\Swap_variable_3estaciones_320kW_Descomp\station_1_d91\ELMO_log.txt"
Set parameter Threads to value 1
Set parameter Heuristics to value 0.5
Set parameter MIPFocus to value 3
Set parameter Presolve to value 2
Set parameter FlowCoverCuts to value 2
Gurobi Optimizer version 12.0.3 build v12.0.3rc0 (win64 - Windows 11+.0 (26200.2))

CPU model: Intel(R) Core(TM) i9-14900K, instruction set [SSE2|AVX|AVX2]
Thread count: 24 physical cores, 32 logical processors, using up to 1 threads

Non-default parameters:
TimeLimit  1200
MIPGap  0.05
Heuristics  0.5
MIPFocus  3
FlowCoverCuts  2
Presolve  2
Threads  1

Optimize a model with 26902 rows, 53707 columns and 243288 nonzeros
Model fingerprint: 0x70827873
Variable types: 2099 continuous, 51608 integer (18485 binary)
Coefficient statistics:
  Matrix range     [1e+00, 4e+02]
  Objective range  [1e-02, 1e+02]
  Bounds range     [1e+00, 3e+00]
  RHS range        [1e+00, 1e+04]

Warning: Completing partial solution with 50884 unfixed non-continuous variables out of 51608
User MIP start produced solution with objective 324817 (0.04s)
Loaded user MIP start with objective 324817


Explored 0 nodes (0 simplex iterations) in 0.05 seconds (0.06 work units)
Thread count was 1 (of 32 available processors)

Solution count 2: 324817 324817 

Optimal solution found (tolerance 5.00e-02)
Best objective 3.248170165616e+05, best bound 3.190210000000e+05, gap 1.7844%
C:\Users\TECNO-MASTER\anaconda3\lib\site-packages\pandas\core\indexes\base.py:6999: FutureWarning: In a future version, the Index constructor will not infer numeric dtypes when passed object-dtype sequences (matching Series behavior)
  return Index(sequences[0], name=names)
  [Fase 2 (infra fija)] estacion=station_1 dia=121 -> C:\Users\TECNO-MASTER\Desktop\Elmo_infrastructure_sizing_NP-\output\DCH_septiembre\Bateria_482\Costo_variable\Swap_restringido\Swap_variable_3estaciones_320kW_Descomp/station_1_d121
✔ Warm start Y: 247 cargados, 0 omitidos
✔ Warm start Z: 466 cargados, 0 omitidos
✔ Warm start Z_swap: 7 cargados, 0 omitidos
✔ Warm start N_chargers: 0 cargados, 1 omitidos
✔ Warm start N_bays: 0 cargados, 1 omitidos
✔ Warm start X: 0 cargados, 1 omitidos
✔ Warm start N_batteries: 0 cargados, 1 omitidos
✔ Warm start completo desde 'C:\Users\TECNO-MASTER\Desktop\Elmo_infrastructure_sizing_NP-\output\DCH_septiembre\Bateria_482\Costo_variable\Swap_restringido\Swap_variable_3estaciones_320kW_Descomp\station_1_d121_stage1': 720 valores cargados, 4 omitidos
formulation time: 7.17095685005188
Set parameter OutputFlag to value 1
Set parameter OutputFlag to value 1
Set parameter LogToConsole to value 1
Set parameter MIPGap to value 0.05
Set parameter TimeLimit to value 1200
Set parameter LogFile to value "C:\Users\TECNO-MASTER\Desktop\Elmo_infrastructure_sizing_NP-\output\DCH_septiembre\Bateria_482\Costo_variable\Swap_restringido\Swap_variable_3estaciones_320kW_Descomp\station_1_d121\ELMO_log.txt"
Set parameter Threads to value 1
Set parameter Heuristics to value 0.5
Set parameter MIPFocus to value 3
Set parameter Presolve to value 2
Set parameter FlowCoverCuts to value 2
Gurobi Optimizer version 12.0.3 build v12.0.3rc0 (win64 - Windows 11+.0 (26200.2))

CPU model: Intel(R) Core(TM) i9-14900K, instruction set [SSE2|AVX|AVX2]
Thread count: 24 physical cores, 32 logical processors, using up to 1 threads

Non-default parameters:
TimeLimit  1200
MIPGap  0.05
Heuristics  0.5
MIPFocus  3
FlowCoverCuts  2
Presolve  2
Threads  1

Optimize a model with 26902 rows, 53707 columns and 243288 nonzeros
Model fingerprint: 0x23c9eb98
Variable types: 2099 continuous, 51608 integer (18485 binary)
Coefficient statistics:
  Matrix range     [1e+00, 4e+02]
  Objective range  [8e-03, 1e+02]
  Bounds range     [1e+00, 3e+00]
  RHS range        [1e+00, 1e+04]

Warning: Completing partial solution with 50884 unfixed non-continuous variables out of 51608
User MIP start produced solution with objective 323027 (0.03s)
Loaded user MIP start with objective 323027


Explored 0 nodes (0 simplex iterations) in 0.04 seconds (0.06 work units)
Thread count was 1 (of 32 available processors)

Solution count 2: 323027 323027 

Optimal solution found (tolerance 5.00e-02)
Best objective 3.230268473426e+05, best bound 3.190210000000e+05, gap 1.2401%
C:\Users\TECNO-MASTER\anaconda3\lib\site-packages\pandas\core\indexes\base.py:6999: FutureWarning: In a future version, the Index constructor will not infer numeric dtypes when passed object-dtype sequences (matching Series behavior)
  return Index(sequences[0], name=names)
  [Fase 2 (infra fija)] estacion=station_1 dia=32 -> C:\Users\TECNO-MASTER\Desktop\Elmo_infrastructure_sizing_NP-\output\DCH_septiembre\Bateria_482\Costo_variable\Swap_restringido\Swap_variable_3estaciones_320kW_Descomp/station_1_d32
✔ Warm start Y: 250 cargados, 0 omitidos
✔ Warm start Z: 463 cargados, 0 omitidos
✔ Warm start Z_swap: 7 cargados, 0 omitidos
✔ Warm start N_chargers: 0 cargados, 1 omitidos
✔ Warm start N_bays: 0 cargados, 1 omitidos
✔ Warm start X: 0 cargados, 1 omitidos
✔ Warm start N_batteries: 0 cargados, 1 omitidos
✔ Warm start completo desde 'C:\Users\TECNO-MASTER\Desktop\Elmo_infrastructure_sizing_NP-\output\DCH_septiembre\Bateria_482\Costo_variable\Swap_restringido\Swap_variable_3estaciones_320kW_Descomp\station_1_d32_stage1': 720 valores cargados, 4 omitidos
formulation time: 7.447673320770264
Set parameter OutputFlag to value 1
Set parameter OutputFlag to value 1
Set parameter LogToConsole to value 1
Set parameter MIPGap to value 0.05
Set parameter TimeLimit to value 1200
Set parameter LogFile to value "C:\Users\TECNO-MASTER\Desktop\Elmo_infrastructure_sizing_NP-\output\DCH_septiembre\Bateria_482\Costo_variable\Swap_restringido\Swap_variable_3estaciones_320kW_Descomp\station_1_d32\ELMO_log.txt"
Set parameter Threads to value 1
Set parameter Heuristics to value 0.5
Set parameter MIPFocus to value 3
Set parameter Presolve to value 2
Set parameter FlowCoverCuts to value 2
Gurobi Optimizer version 12.0.3 build v12.0.3rc0 (win64 - Windows 11+.0 (26200.2))

CPU model: Intel(R) Core(TM) i9-14900K, instruction set [SSE2|AVX|AVX2]
Thread count: 24 physical cores, 32 logical processors, using up to 1 threads

Non-default parameters:
TimeLimit  1200
MIPGap  0.05
Heuristics  0.5
MIPFocus  3
FlowCoverCuts  2
Presolve  2
Threads  1

Optimize a model with 26872 rows, 53707 columns and 243228 nonzeros
Model fingerprint: 0xbca0a7b6
Variable types: 2099 continuous, 51608 integer (18485 binary)
Coefficient statistics:
  Matrix range     [1e+00, 4e+02]
  Objective range  [3e-03, 1e+02]
  Bounds range     [1e+00, 3e+00]
  RHS range        [1e+00, 1e+04]

Warning: Completing partial solution with 50884 unfixed non-continuous variables out of 51608
User MIP start produced solution with objective 324251 (0.03s)
Loaded user MIP start with objective 324251


Explored 0 nodes (0 simplex iterations) in 0.04 seconds (0.06 work units)
Thread count was 1 (of 32 available processors)

Solution count 2: 324251 324251 

Optimal solution found (tolerance 5.00e-02)
Best objective 3.242510839119e+05, best bound 3.190210000000e+05, gap 1.6130%
C:\Users\TECNO-MASTER\anaconda3\lib\site-packages\pandas\core\indexes\base.py:6999: FutureWarning: In a future version, the Index constructor will not infer numeric dtypes when passed object-dtype sequences (matching Series behavior)
  return Index(sequences[0], name=names)
  [Fase 2 (infra fija)] estacion=station_1 dia=244 -> C:\Users\TECNO-MASTER\Desktop\Elmo_infrastructure_sizing_NP-\output\DCH_septiembre\Bateria_482\Costo_variable\Swap_restringido\Swap_variable_3estaciones_320kW_Descomp/station_1_d244
✔ Warm start Y: 251 cargados, 0 omitidos
✔ Warm start Z: 462 cargados, 0 omitidos
✔ Warm start Z_swap: 7 cargados, 0 omitidos
✔ Warm start N_chargers: 0 cargados, 1 omitidos
✔ Warm start N_bays: 0 cargados, 1 omitidos
✔ Warm start X: 0 cargados, 1 omitidos
✔ Warm start N_batteries: 0 cargados, 1 omitidos
✔ Warm start completo desde 'C:\Users\TECNO-MASTER\Desktop\Elmo_infrastructure_sizing_NP-\output\DCH_septiembre\Bateria_482\Costo_variable\Swap_restringido\Swap_variable_3estaciones_320kW_Descomp\station_1_d244_stage1': 720 valores cargados, 4 omitidos
formulation time: 7.465670347213745
Set parameter OutputFlag to value 1
Set parameter OutputFlag to value 1
Set parameter LogToConsole to value 1
Set parameter MIPGap to value 0.05
Set parameter TimeLimit to value 1200
Set parameter LogFile to value "C:\Users\TECNO-MASTER\Desktop\Elmo_infrastructure_sizing_NP-\output\DCH_septiembre\Bateria_482\Costo_variable\Swap_restringido\Swap_variable_3estaciones_320kW_Descomp\station_1_d244\ELMO_log.txt"
Set parameter Threads to value 1
Set parameter Heuristics to value 0.5
Set parameter MIPFocus to value 3
Set parameter Presolve to value 2
Set parameter FlowCoverCuts to value 2
Gurobi Optimizer version 12.0.3 build v12.0.3rc0 (win64 - Windows 11+.0 (26200.2))

CPU model: Intel(R) Core(TM) i9-14900K, instruction set [SSE2|AVX|AVX2]
Thread count: 24 physical cores, 32 logical processors, using up to 1 threads

Non-default parameters:
TimeLimit  1200
MIPGap  0.05
Heuristics  0.5
MIPFocus  3
FlowCoverCuts  2
Presolve  2
Threads  1

Optimize a model with 26902 rows, 53707 columns and 243288 nonzeros
Model fingerprint: 0xfaa10d26
Variable types: 2099 continuous, 51608 integer (18485 binary)
Coefficient statistics:
  Matrix range     [1e+00, 4e+02]
  Objective range  [8e-03, 1e+02]
  Bounds range     [1e+00, 3e+00]
  RHS range        [1e+00, 1e+04]

Warning: Completing partial solution with 50884 unfixed non-continuous variables out of 51608
User MIP start produced solution with objective 323457 (0.03s)
Loaded user MIP start with objective 323457


Explored 0 nodes (0 simplex iterations) in 0.04 seconds (0.06 work units)
Thread count was 1 (of 32 available processors)

Solution count 2: 323457 323457 

Optimal solution found (tolerance 5.00e-02)
Best objective 3.234574248457e+05, best bound 3.190210000000e+05, gap 1.3716%
C:\Users\TECNO-MASTER\anaconda3\lib\site-packages\pandas\core\indexes\base.py:6999: FutureWarning: In a future version, the Index constructor will not infer numeric dtypes when passed object-dtype sequences (matching Series behavior)
  return Index(sequences[0], name=names)
C:\Users\TECNO-MASTER\anaconda3\lib\site-packages\pandas\core\indexes\base.py:6999: FutureWarning: In a future version, the Index constructor will not infer numeric dtypes when passed object-dtype sequences (matching Series behavior)
  return Index(sequences[0], name=names)
  [Fase 2 (infra fija)] estacion=station_2 dia=60 -> C:\Users\TECNO-MASTER\Desktop\Elmo_infrastructure_sizing_NP-\output\DCH_septiembre\Bateria_482\Costo_variable\Swap_restringido\Swap_variable_3estaciones_320kW_Descomp/station_2_d60
✔ Warm start Y: 265 cargados, 0 omitidos
✔ Warm start Z: 446 cargados, 0 omitidos
✔ Warm start Z_swap: 9 cargados, 0 omitidos
✔ Warm start N_chargers: 0 cargados, 1 omitidos
✔ Warm start N_bays: 0 cargados, 1 omitidos
✔ Warm start X: 0 cargados, 1 omitidos
✔ Warm start N_batteries: 0 cargados, 1 omitidos
✔ Warm start completo desde 'C:\Users\TECNO-MASTER\Desktop\Elmo_infrastructure_sizing_NP-\output\DCH_septiembre\Bateria_482\Costo_variable\Swap_restringido\Swap_variable_3estaciones_320kW_Descomp\station_2_d60_stage1': 720 valores cargados, 4 omitidos
formulation time: 7.878197431564331
Set parameter OutputFlag to value 1
Set parameter OutputFlag to value 1
Set parameter LogToConsole to value 1
Set parameter MIPGap to value 0.05
Set parameter TimeLimit to value 1200
Set parameter LogFile to value "C:\Users\TECNO-MASTER\Desktop\Elmo_infrastructure_sizing_NP-\output\DCH_septiembre\Bateria_482\Costo_variable\Swap_restringido\Swap_variable_3estaciones_320kW_Descomp\station_2_d60\ELMO_log.txt"
Set parameter Threads to value 1
Set parameter Heuristics to value 0.5
Set parameter MIPFocus to value 3
Set parameter Presolve to value 2
Set parameter FlowCoverCuts to value 2
Gurobi Optimizer version 12.0.3 build v12.0.3rc0 (win64 - Windows 11+.0 (26200.2))

CPU model: Intel(R) Core(TM) i9-14900K, instruction set [SSE2|AVX|AVX2]
Thread count: 24 physical cores, 32 logical processors, using up to 1 threads

Non-default parameters:
TimeLimit  1200
MIPGap  0.05
Heuristics  0.5
MIPFocus  3
FlowCoverCuts  2
Presolve  2
Threads  1

Optimize a model with 26902 rows, 54733 columns and 248280 nonzeros
Model fingerprint: 0xca5710b2
Variable types: 2129 continuous, 52604 integer (19481 binary)
Coefficient statistics:
  Matrix range     [1e+00, 4e+02]
  Objective range  [9e-03, 1e+02]
  Bounds range     [1e+00, 3e+00]
  RHS range        [1e+00, 1e+04]

Warning: Completing partial solution with 51880 unfixed non-continuous variables out of 52604
User MIP start produced solution with objective 284317 (0.04s)
Loaded user MIP start with objective 284317


Explored 0 nodes (0 simplex iterations) in 0.05 seconds (0.06 work units)
Thread count was 1 (of 32 available processors)

Solution count 2: 284317 284317 

Optimal solution found (tolerance 5.00e-02)
Best objective 2.843170195393e+05, best bound 2.763850000000e+05, gap 2.7899%
  [Fase 2 (infra fija)] estacion=station_1 dia=213 -> C:\Users\TECNO-MASTER\Desktop\Elmo_infrastructure_sizing_NP-\output\DCH_septiembre\Bateria_482\Costo_variable\Swap_restringido\Swap_variable_3estaciones_320kW_Descomp/station_1_d213
✔ Warm start Y: 250 cargados, 0 omitidos
✔ Warm start Z: 463 cargados, 0 omitidos
✔ Warm start Z_swap: 7 cargados, 0 omitidos
✔ Warm start N_chargers: 0 cargados, 1 omitidos
✔ Warm start N_bays: 0 cargados, 1 omitidos
✔ Warm start X: 0 cargados, 1 omitidos
✔ Warm start N_batteries: 0 cargados, 1 omitidos
✔ Warm start completo desde 'C:\Users\TECNO-MASTER\Desktop\Elmo_infrastructure_sizing_NP-\output\DCH_septiembre\Bateria_482\Costo_variable\Swap_restringido\Swap_variable_3estaciones_320kW_Descomp\station_1_d213_stage1': 720 valores cargados, 4 omitidos
formulation time: 7.608989715576172
Set parameter OutputFlag to value 1
Set parameter OutputFlag to value 1
Set parameter LogToConsole to value 1
Set parameter MIPGap to value 0.05
Set parameter TimeLimit to value 1200
Set parameter LogFile to value "C:\Users\TECNO-MASTER\Desktop\Elmo_infrastructure_sizing_NP-\output\DCH_septiembre\Bateria_482\Costo_variable\Swap_restringido\Swap_variable_3estaciones_320kW_Descomp\station_1_d213\ELMO_log.txt"
Set parameter Threads to value 1
Set parameter Heuristics to value 0.5
Set parameter MIPFocus to value 3
Set parameter Presolve to value 2
Set parameter FlowCoverCuts to value 2
Gurobi Optimizer version 12.0.3 build v12.0.3rc0 (win64 - Windows 11+.0 (26200.2))

CPU model: Intel(R) Core(TM) i9-14900K, instruction set [SSE2|AVX|AVX2]
Thread count: 24 physical cores, 32 logical processors, using up to 1 threads

Non-default parameters:
TimeLimit  1200
MIPGap  0.05
Heuristics  0.5
MIPFocus  3
FlowCoverCuts  2
Presolve  2
Threads  1

Optimize a model with 26902 rows, 53707 columns and 243288 nonzeros
Model fingerprint: 0x2c9d7ccb
Variable types: 2099 continuous, 51608 integer (18485 binary)
Coefficient statistics:
  Matrix range     [1e+00, 4e+02]
  Objective range  [8e-03, 1e+02]
  Bounds range     [1e+00, 3e+00]
  RHS range        [1e+00, 1e+04]

Warning: Completing partial solution with 50884 unfixed non-continuous variables out of 51608
User MIP start produced solution with objective 324258 (0.03s)
Loaded user MIP start with objective 324258


Explored 0 nodes (0 simplex iterations) in 0.04 seconds (0.06 work units)
Thread count was 1 (of 32 available processors)

Solution count 2: 324258 324258 

Optimal solution found (tolerance 5.00e-02)
Best objective 3.242583258790e+05, best bound 3.190210000000e+05, gap 1.6152%
C:\Users\TECNO-MASTER\anaconda3\lib\site-packages\pandas\core\indexes\base.py:6999: FutureWarning: In a future version, the Index constructor will not infer numeric dtypes when passed object-dtype sequences (matching Series behavior)
  return Index(sequences[0], name=names)
C:\Users\TECNO-MASTER\anaconda3\lib\site-packages\pandas\core\indexes\base.py:6999: FutureWarning: In a future version, the Index constructor will not infer numeric dtypes when passed object-dtype sequences (matching Series behavior)
  return Index(sequences[0], name=names)
  [Fase 2 (infra fija)] estacion=station_2 dia=91 -> C:\Users\TECNO-MASTER\Desktop\Elmo_infrastructure_sizing_NP-\output\DCH_septiembre\Bateria_482\Costo_variable\Swap_restringido\Swap_variable_3estaciones_320kW_Descomp/station_2_d91
✔ Warm start Y: 266 cargados, 0 omitidos
✔ Warm start Z: 445 cargados, 0 omitidos
✔ Warm start Z_swap: 9 cargados, 0 omitidos
✔ Warm start N_chargers: 0 cargados, 1 omitidos
✔ Warm start N_bays: 0 cargados, 1 omitidos
✔ Warm start X: 0 cargados, 1 omitidos
✔ Warm start N_batteries: 0 cargados, 1 omitidos
✔ Warm start completo desde 'C:\Users\TECNO-MASTER\Desktop\Elmo_infrastructure_sizing_NP-\output\DCH_septiembre\Bateria_482\Costo_variable\Swap_restringido\Swap_variable_3estaciones_320kW_Descomp\station_2_d91_stage1': 720 valores cargados, 4 omitidos
formulation time: 7.83762788772583
Set parameter OutputFlag to value 1
Set parameter OutputFlag to value 1
Set parameter LogToConsole to value 1
Set parameter MIPGap to value 0.05
Set parameter TimeLimit to value 1200
Set parameter LogFile to value "C:\Users\TECNO-MASTER\Desktop\Elmo_infrastructure_sizing_NP-\output\DCH_septiembre\Bateria_482\Costo_variable\Swap_restringido\Swap_variable_3estaciones_320kW_Descomp\station_2_d91\ELMO_log.txt"
Set parameter Threads to value 1
Set parameter Heuristics to value 0.5
Set parameter MIPFocus to value 3
Set parameter Presolve to value 2
Set parameter FlowCoverCuts to value 2
Gurobi Optimizer version 12.0.3 build v12.0.3rc0 (win64 - Windows 11+.0 (26200.2))

CPU model: Intel(R) Core(TM) i9-14900K, instruction set [SSE2|AVX|AVX2]
Thread count: 24 physical cores, 32 logical processors, using up to 1 threads

Non-default parameters:
TimeLimit  1200
MIPGap  0.05
Heuristics  0.5
MIPFocus  3
FlowCoverCuts  2
Presolve  2
Threads  1

Optimize a model with 26932 rows, 54733 columns and 248340 nonzeros
Model fingerprint: 0x2003bb58
Variable types: 2129 continuous, 52604 integer (19481 binary)
Coefficient statistics:
  Matrix range     [1e+00, 4e+02]
  Objective range  [1e-02, 1e+02]
  Bounds range     [1e+00, 3e+00]
  RHS range        [1e+00, 1e+04]

Warning: Completing partial solution with 51880 unfixed non-continuous variables out of 52604
User MIP start produced solution with objective 286259 (0.04s)
Loaded user MIP start with objective 286259


Explored 0 nodes (0 simplex iterations) in 0.05 seconds (0.06 work units)
Thread count was 1 (of 32 available processors)

Solution count 2: 286259 286259 

Optimal solution found (tolerance 5.00e-02)
Best objective 2.862591812871e+05, best bound 2.763850000000e+05, gap 3.4494%
  [Fase 2 (infra fija)] estacion=station_1 dia=60 -> C:\Users\TECNO-MASTER\Desktop\Elmo_infrastructure_sizing_NP-\output\DCH_septiembre\Bateria_482\Costo_variable\Swap_restringido\Swap_variable_3estaciones_320kW_Descomp/station_1_d60
✔ Warm start Y: 255 cargados, 0 omitidos
✔ Warm start Z: 458 cargados, 0 omitidos
✔ Warm start Z_swap: 7 cargados, 0 omitidos
✔ Warm start N_chargers: 0 cargados, 1 omitidos
✔ Warm start N_bays: 0 cargados, 1 omitidos
✔ Warm start X: 0 cargados, 1 omitidos
✔ Warm start N_batteries: 0 cargados, 1 omitidos
✔ Warm start completo desde 'C:\Users\TECNO-MASTER\Desktop\Elmo_infrastructure_sizing_NP-\output\DCH_septiembre\Bateria_482\Costo_variable\Swap_restringido\Swap_variable_3estaciones_320kW_Descomp\station_1_d60_stage1': 720 valores cargados, 4 omitidos
formulation time: 7.508188009262085
Set parameter OutputFlag to value 1
Set parameter OutputFlag to value 1
Set parameter LogToConsole to value 1
Set parameter MIPGap to value 0.05
Set parameter TimeLimit to value 1200
Set parameter LogFile to value "C:\Users\TECNO-MASTER\Desktop\Elmo_infrastructure_sizing_NP-\output\DCH_septiembre\Bateria_482\Costo_variable\Swap_restringido\Swap_variable_3estaciones_320kW_Descomp\station_1_d60\ELMO_log.txt"
Set parameter Threads to value 1
Set parameter Heuristics to value 0.5
Set parameter MIPFocus to value 3
Set parameter Presolve to value 2
Set parameter FlowCoverCuts to value 2
Gurobi Optimizer version 12.0.3 build v12.0.3rc0 (win64 - Windows 11+.0 (26200.2))

CPU model: Intel(R) Core(TM) i9-14900K, instruction set [SSE2|AVX|AVX2]
Thread count: 24 physical cores, 32 logical processors, using up to 1 threads

Non-default parameters:
TimeLimit  1200
MIPGap  0.05
Heuristics  0.5
MIPFocus  3
FlowCoverCuts  2
Presolve  2
Threads  1

Optimize a model with 26872 rows, 53707 columns and 243228 nonzeros
Model fingerprint: 0x77cfedce
Variable types: 2099 continuous, 51608 integer (18485 binary)
Coefficient statistics:
  Matrix range     [1e+00, 4e+02]
  Objective range  [9e-03, 1e+02]
  Bounds range     [1e+00, 3e+00]
  RHS range        [1e+00, 1e+04]

Warning: Completing partial solution with 50884 unfixed non-continuous variables out of 51608
User MIP start produced solution with objective 323695 (0.04s)
Loaded user MIP start with objective 323695


Explored 0 nodes (0 simplex iterations) in 0.04 seconds (0.06 work units)
Thread count was 1 (of 32 available processors)

Solution count 2: 323695 323695 

Optimal solution found (tolerance 5.00e-02)
Best objective 3.236952473822e+05, best bound 3.190210000000e+05, gap 1.4440%
C:\Users\TECNO-MASTER\anaconda3\lib\site-packages\pandas\core\indexes\base.py:6999: FutureWarning: In a future version, the Index constructor will not infer numeric dtypes when passed object-dtype sequences (matching Series behavior)
  return Index(sequences[0], name=names)
  [Fase 2 (infra fija)] estacion=station_1 dia=335 -> C:\Users\TECNO-MASTER\Desktop\Elmo_infrastructure_sizing_NP-\output\DCH_septiembre\Bateria_482\Costo_variable\Swap_restringido\Swap_variable_3estaciones_320kW_Descomp/station_1_d335
✔ Warm start Y: 248 cargados, 0 omitidos
✔ Warm start Z: 465 cargados, 0 omitidos
✔ Warm start Z_swap: 7 cargados, 0 omitidos
✔ Warm start N_chargers: 0 cargados, 1 omitidos
✔ Warm start N_bays: 0 cargados, 1 omitidos
✔ Warm start X: 0 cargados, 1 omitidos
✔ Warm start N_batteries: 0 cargados, 1 omitidos
✔ Warm start completo desde 'C:\Users\TECNO-MASTER\Desktop\Elmo_infrastructure_sizing_NP-\output\DCH_septiembre\Bateria_482\Costo_variable\Swap_restringido\Swap_variable_3estaciones_320kW_Descomp\station_1_d335_stage1': 720 valores cargados, 4 omitidos
formulation time: 7.612009763717651
Set parameter OutputFlag to value 1
Set parameter OutputFlag to value 1
Set parameter LogToConsole to value 1
Set parameter MIPGap to value 0.05
Set parameter TimeLimit to value 1200
Set parameter LogFile to value "C:\Users\TECNO-MASTER\Desktop\Elmo_infrastructure_sizing_NP-\output\DCH_septiembre\Bateria_482\Costo_variable\Swap_restringido\Swap_variable_3estaciones_320kW_Descomp\station_1_d335\ELMO_log.txt"
Set parameter Threads to value 1
Set parameter Heuristics to value 0.5
Set parameter MIPFocus to value 3
Set parameter Presolve to value 2
Set parameter FlowCoverCuts to value 2
Gurobi Optimizer version 12.0.3 build v12.0.3rc0 (win64 - Windows 11+.0 (26200.2))

CPU model: Intel(R) Core(TM) i9-14900K, instruction set [SSE2|AVX|AVX2]
Thread count: 24 physical cores, 32 logical processors, using up to 1 threads

Non-default parameters:
TimeLimit  1200
MIPGap  0.05
Heuristics  0.5
MIPFocus  3
FlowCoverCuts  2
Presolve  2
Threads  1

Optimize a model with 26872 rows, 53707 columns and 243228 nonzeros
Model fingerprint: 0xf1455bd0
Variable types: 2099 continuous, 51608 integer (18485 binary)
Coefficient statistics:
  Matrix range     [1e+00, 4e+02]
  Objective range  [4e-03, 1e+02]
  Bounds range     [1e+00, 3e+00]
  RHS range        [1e+00, 1e+04]

Warning: Completing partial solution with 50884 unfixed non-continuous variables out of 51608
User MIP start produced solution with objective 322044 (0.03s)
Loaded user MIP start with objective 322044


Explored 0 nodes (0 simplex iterations) in 0.04 seconds (0.06 work units)
Thread count was 1 (of 32 available processors)

Solution count 2: 322044 322044 

Optimal solution found (tolerance 5.00e-02)
Best objective 3.220437828756e+05, best bound 3.190210000000e+05, gap 0.9386%
C:\Users\TECNO-MASTER\anaconda3\lib\site-packages\pandas\core\indexes\base.py:6999: FutureWarning: In a future version, the Index constructor will not infer numeric dtypes when passed object-dtype sequences (matching Series behavior)
  return Index(sequences[0], name=names)
  [Fase 2 (infra fija)] estacion=station_1 dia=274 -> C:\Users\TECNO-MASTER\Desktop\Elmo_infrastructure_sizing_NP-\output\DCH_septiembre\Bateria_482\Costo_variable\Swap_restringido\Swap_variable_3estaciones_320kW_Descomp/station_1_d274
✔ Warm start Y: 251 cargados, 0 omitidos
✔ Warm start Z: 462 cargados, 0 omitidos
✔ Warm start Z_swap: 7 cargados, 0 omitidos
✔ Warm start N_chargers: 0 cargados, 1 omitidos
✔ Warm start N_bays: 0 cargados, 1 omitidos
✔ Warm start X: 0 cargados, 1 omitidos
✔ Warm start N_batteries: 0 cargados, 1 omitidos
✔ Warm start completo desde 'C:\Users\TECNO-MASTER\Desktop\Elmo_infrastructure_sizing_NP-\output\DCH_septiembre\Bateria_482\Costo_variable\Swap_restringido\Swap_variable_3estaciones_320kW_Descomp\station_1_d274_stage1': 720 valores cargados, 4 omitidos
formulation time: 7.5411906242370605
Set parameter OutputFlag to value 1
Set parameter OutputFlag to value 1
Set parameter LogToConsole to value 1
Set parameter MIPGap to value 0.05
Set parameter TimeLimit to value 1200
Set parameter LogFile to value "C:\Users\TECNO-MASTER\Desktop\Elmo_infrastructure_sizing_NP-\output\DCH_septiembre\Bateria_482\Costo_variable\Swap_restringido\Swap_variable_3estaciones_320kW_Descomp\station_1_d274\ELMO_log.txt"
Set parameter Threads to value 1
Set parameter Heuristics to value 0.5
Set parameter MIPFocus to value 3
Set parameter Presolve to value 2
Set parameter FlowCoverCuts to value 2
Gurobi Optimizer version 12.0.3 build v12.0.3rc0 (win64 - Windows 11+.0 (26200.2))

CPU model: Intel(R) Core(TM) i9-14900K, instruction set [SSE2|AVX|AVX2]
Thread count: 24 physical cores, 32 logical processors, using up to 1 threads

Non-default parameters:
TimeLimit  1200
MIPGap  0.05
Heuristics  0.5
MIPFocus  3
FlowCoverCuts  2
Presolve  2
Threads  1

Optimize a model with 26872 rows, 53707 columns and 243228 nonzeros
Model fingerprint: 0xad11f60f
Variable types: 2099 continuous, 51608 integer (18485 binary)
Coefficient statistics:
  Matrix range     [1e+00, 4e+02]
  Objective range  [4e-03, 1e+02]
  Bounds range     [1e+00, 3e+00]
  RHS range        [1e+00, 1e+04]

Warning: Completing partial solution with 50884 unfixed non-continuous variables out of 51608
User MIP start produced solution with objective 322577 (0.03s)
Loaded user MIP start with objective 322577


Explored 0 nodes (0 simplex iterations) in 0.04 seconds (0.06 work units)
Thread count was 1 (of 32 available processors)

Solution count 2: 322577 322577 

Optimal solution found (tolerance 5.00e-02)
Best objective 3.225770702166e+05, best bound 3.190210000000e+05, gap 1.1024%
C:\Users\TECNO-MASTER\anaconda3\lib\site-packages\pandas\core\indexes\base.py:6999: FutureWarning: In a future version, the Index constructor will not infer numeric dtypes when passed object-dtype sequences (matching Series behavior)
  return Index(sequences[0], name=names)
C:\Users\TECNO-MASTER\anaconda3\lib\site-packages\pandas\core\indexes\base.py:6999: FutureWarning: In a future version, the Index constructor will not infer numeric dtypes when passed object-dtype sequences (matching Series behavior)
  return Index(sequences[0], name=names)
  [Fase 2 (infra fija)] estacion=station_2 dia=32 -> C:\Users\TECNO-MASTER\Desktop\Elmo_infrastructure_sizing_NP-\output\DCH_septiembre\Bateria_482\Costo_variable\Swap_restringido\Swap_variable_3estaciones_320kW_Descomp/station_2_d32
✔ Warm start Y: 261 cargados, 0 omitidos
✔ Warm start Z: 450 cargados, 0 omitidos
✔ Warm start Z_swap: 9 cargados, 0 omitidos
✔ Warm start N_chargers: 0 cargados, 1 omitidos
✔ Warm start N_bays: 0 cargados, 1 omitidos
✔ Warm start X: 0 cargados, 1 omitidos
✔ Warm start N_batteries: 0 cargados, 1 omitidos
✔ Warm start completo desde 'C:\Users\TECNO-MASTER\Desktop\Elmo_infrastructure_sizing_NP-\output\DCH_septiembre\Bateria_482\Costo_variable\Swap_restringido\Swap_variable_3estaciones_320kW_Descomp\station_2_d32_stage1': 720 valores cargados, 4 omitidos
formulation time: 7.825452089309692
Set parameter OutputFlag to value 1
Set parameter OutputFlag to value 1
Set parameter LogToConsole to value 1
Set parameter MIPGap to value 0.05
Set parameter TimeLimit to value 1200
Set parameter LogFile to value "C:\Users\TECNO-MASTER\Desktop\Elmo_infrastructure_sizing_NP-\output\DCH_septiembre\Bateria_482\Costo_variable\Swap_restringido\Swap_variable_3estaciones_320kW_Descomp\station_2_d32\ELMO_log.txt"
Set parameter Threads to value 1
Set parameter Heuristics to value 0.5
Set parameter MIPFocus to value 3
Set parameter Presolve to value 2
Set parameter FlowCoverCuts to value 2
Gurobi Optimizer version 12.0.3 build v12.0.3rc0 (win64 - Windows 11+.0 (26200.2))

CPU model: Intel(R) Core(TM) i9-14900K, instruction set [SSE2|AVX|AVX2]
Thread count: 24 physical cores, 32 logical processors, using up to 1 threads

Non-default parameters:
TimeLimit  1200
MIPGap  0.05
Heuristics  0.5
MIPFocus  3
FlowCoverCuts  2
Presolve  2
Threads  1

Optimize a model with 26902 rows, 54733 columns and 248280 nonzeros
Model fingerprint: 0xf67a6c9f
Variable types: 2129 continuous, 52604 integer (19481 binary)
Coefficient statistics:
  Matrix range     [1e+00, 4e+02]
  Objective range  [3e-03, 1e+02]
  Bounds range     [1e+00, 3e+00]
  RHS range        [1e+00, 1e+04]

Warning: Completing partial solution with 51880 unfixed non-continuous variables out of 52604
User MIP start produced solution with objective 286991 (0.04s)
Loaded user MIP start with objective 286991


Explored 0 nodes (0 simplex iterations) in 0.04 seconds (0.06 work units)
Thread count was 1 (of 32 available processors)

Solution count 2: 286991 286991 

Optimal solution found (tolerance 5.00e-02)
Best objective 2.869909499798e+05, best bound 2.763850000000e+05, gap 3.6956%
  [Fase 2 (infra fija)] estacion=station_1 dia=1 -> C:\Users\TECNO-MASTER\Desktop\Elmo_infrastructure_sizing_NP-\output\DCH_septiembre\Bateria_482\Costo_variable\Swap_restringido\Swap_variable_3estaciones_320kW_Descomp/station_1_d1
✔ Warm start Y: 247 cargados, 0 omitidos
✔ Warm start Z: 466 cargados, 0 omitidos
✔ Warm start Z_swap: 7 cargados, 0 omitidos
✔ Warm start N_chargers: 0 cargados, 1 omitidos
✔ Warm start N_bays: 0 cargados, 1 omitidos
✔ Warm start X: 0 cargados, 1 omitidos
✔ Warm start N_batteries: 0 cargados, 1 omitidos
✔ Warm start completo desde 'C:\Users\TECNO-MASTER\Desktop\Elmo_infrastructure_sizing_NP-\output\DCH_septiembre\Bateria_482\Costo_variable\Swap_restringido\Swap_variable_3estaciones_320kW_Descomp\station_1_d1_stage1': 720 valores cargados, 4 omitidos
formulation time: 7.672765016555786
Set parameter OutputFlag to value 1
Set parameter OutputFlag to value 1
Set parameter LogToConsole to value 1
Set parameter MIPGap to value 0.05
Set parameter TimeLimit to value 1200
Set parameter LogFile to value "C:\Users\TECNO-MASTER\Desktop\Elmo_infrastructure_sizing_NP-\output\DCH_septiembre\Bateria_482\Costo_variable\Swap_restringido\Swap_variable_3estaciones_320kW_Descomp\station_1_d1\ELMO_log.txt"
Set parameter Threads to value 1
Set parameter Heuristics to value 0.5
Set parameter MIPFocus to value 3
Set parameter Presolve to value 2
Set parameter FlowCoverCuts to value 2
Gurobi Optimizer version 12.0.3 build v12.0.3rc0 (win64 - Windows 11+.0 (26200.2))

CPU model: Intel(R) Core(TM) i9-14900K, instruction set [SSE2|AVX|AVX2]
Thread count: 24 physical cores, 32 logical processors, using up to 1 threads

Non-default parameters:
TimeLimit  1200
MIPGap  0.05
Heuristics  0.5
MIPFocus  3
FlowCoverCuts  2
Presolve  2
Threads  1

Optimize a model with 26872 rows, 53707 columns and 243228 nonzeros
Model fingerprint: 0x3b518ba0
Variable types: 2099 continuous, 51608 integer (18485 binary)
Coefficient statistics:
  Matrix range     [1e+00, 4e+02]
  Objective range  [1e-02, 1e+02]
  Bounds range     [1e+00, 3e+00]
  RHS range        [1e+00, 1e+04]

Warning: Completing partial solution with 50884 unfixed non-continuous variables out of 51608
C:\Users\TECNO-MASTER\anaconda3\lib\site-packages\pandas\core\indexes\base.py:6999: FutureWarning: In a future version, the Index constructor will not infer numeric dtypes when passed object-dtype sequences (matching Series behavior)
  return Index(sequences[0], name=names)
User MIP start produced solution with objective 323605 (0.04s)
Loaded user MIP start with objective 323605


Explored 0 nodes (0 simplex iterations) in 0.05 seconds (0.06 work units)
Thread count was 1 (of 32 available processors)

Solution count 2: 323605 323605 

Optimal solution found (tolerance 5.00e-02)
Best objective 3.236052860372e+05, best bound 3.190210000000e+05, gap 1.4166%
C:\Users\TECNO-MASTER\anaconda3\lib\site-packages\pandas\core\indexes\base.py:6999: FutureWarning: In a future version, the Index constructor will not infer numeric dtypes when passed object-dtype sequences (matching Series behavior)
  return Index(sequences[0], name=names)
  [Fase 2 (infra fija)] estacion=station_2 dia=152 -> C:\Users\TECNO-MASTER\Desktop\Elmo_infrastructure_sizing_NP-\output\DCH_septiembre\Bateria_482\Costo_variable\Swap_restringido\Swap_variable_3estaciones_320kW_Descomp/station_2_d152
✔ Warm start Y: 276 cargados, 0 omitidos
✔ Warm start Z: 436 cargados, 0 omitidos
✔ Warm start Z_swap: 8 cargados, 0 omitidos
✔ Warm start N_chargers: 0 cargados, 1 omitidos
✔ Warm start N_bays: 0 cargados, 1 omitidos
✔ Warm start X: 0 cargados, 1 omitidos
✔ Warm start N_batteries: 0 cargados, 1 omitidos
✔ Warm start completo desde 'C:\Users\TECNO-MASTER\Desktop\Elmo_infrastructure_sizing_NP-\output\DCH_septiembre\Bateria_482\Costo_variable\Swap_restringido\Swap_variable_3estaciones_320kW_Descomp\station_2_d152_stage1': 720 valores cargados, 4 omitidos
formulation time: 7.903948545455933
Set parameter OutputFlag to value 1
Set parameter OutputFlag to value 1
Set parameter LogToConsole to value 1
Set parameter MIPGap to value 0.05
Set parameter TimeLimit to value 1200
Set parameter LogFile to value "C:\Users\TECNO-MASTER\Desktop\Elmo_infrastructure_sizing_NP-\output\DCH_septiembre\Bateria_482\Costo_variable\Swap_restringido\Swap_variable_3estaciones_320kW_Descomp\station_2_d152\ELMO_log.txt"
Set parameter Threads to value 1
Set parameter Heuristics to value 0.5
Set parameter MIPFocus to value 3
Set parameter Presolve to value 2
Set parameter FlowCoverCuts to value 2
Gurobi Optimizer version 12.0.3 build v12.0.3rc0 (win64 - Windows 11+.0 (26200.2))

CPU model: Intel(R) Core(TM) i9-14900K, instruction set [SSE2|AVX|AVX2]
Thread count: 24 physical cores, 32 logical processors, using up to 1 threads

Non-default parameters:
TimeLimit  1200
MIPGap  0.05
Heuristics  0.5
MIPFocus  3
FlowCoverCuts  2
Presolve  2
Threads  1

Optimize a model with 26932 rows, 54733 columns and 248340 nonzeros
Model fingerprint: 0x6895a5ce
Variable types: 2129 continuous, 52604 integer (19481 binary)
Coefficient statistics:
  Matrix range     [1e+00, 4e+02]
  Objective range  [1e-02, 1e+02]
  Bounds range     [1e+00, 3e+00]
  RHS range        [1e+00, 1e+04]

Warning: Completing partial solution with 51880 unfixed non-continuous variables out of 52604
User MIP start produced solution with objective 286863 (0.04s)
Loaded user MIP start with objective 286863


Explored 0 nodes (0 simplex iterations) in 0.05 seconds (0.06 work units)
Thread count was 1 (of 32 available processors)

Solution count 2: 286863 286863 

Optimal solution found (tolerance 5.00e-02)
Best objective 2.868631594442e+05, best bound 2.763850000000e+05, gap 3.6527%
  [Fase 2 (infra fija)] estacion=station_3 dia=32 -> C:\Users\TECNO-MASTER\Desktop\Elmo_infrastructure_sizing_NP-\output\DCH_septiembre\Bateria_482\Costo_variable\Swap_restringido\Swap_variable_3estaciones_320kW_Descomp/station_3_d32
✔ Warm start Y: 262 cargados, 0 omitidos
✔ Warm start Z: 450 cargados, 0 omitidos
✔ Warm start Z_swap: 8 cargados, 0 omitidos
✔ Warm start N_chargers: 0 cargados, 1 omitidos
✔ Warm start N_bays: 0 cargados, 1 omitidos
✔ Warm start X: 0 cargados, 1 omitidos
✔ Warm start N_batteries: 0 cargados, 1 omitidos
✔ Warm start completo desde 'C:\Users\TECNO-MASTER\Desktop\Elmo_infrastructure_sizing_NP-\output\DCH_septiembre\Bateria_482\Costo_variable\Swap_restringido\Swap_variable_3estaciones_320kW_Descomp\station_3_d32_stage1': 720 valores cargados, 4 omitidos
formulation time: 7.779092073440552
Set parameter OutputFlag to value 1
Set parameter OutputFlag to value 1
Set parameter LogToConsole to value 1
Set parameter MIPGap to value 0.05
Set parameter TimeLimit to value 1200
Set parameter LogFile to value "C:\Users\TECNO-MASTER\Desktop\Elmo_infrastructure_sizing_NP-\output\DCH_septiembre\Bateria_482\Costo_variable\Swap_restringido\Swap_variable_3estaciones_320kW_Descomp\station_3_d32\ELMO_log.txt"
Set parameter Threads to value 1
Set parameter Heuristics to value 0.5
Set parameter MIPFocus to value 3
Set parameter Presolve to value 2
Set parameter FlowCoverCuts to value 2
Gurobi Optimizer version 12.0.3 build v12.0.3rc0 (win64 - Windows 11+.0 (26200.2))

CPU model: Intel(R) Core(TM) i9-14900K, instruction set [SSE2|AVX|AVX2]
Thread count: 24 physical cores, 32 logical processors, using up to 1 threads

Non-default parameters:
TimeLimit  1200
MIPGap  0.05
Heuristics  0.5
MIPFocus  3
FlowCoverCuts  2
Presolve  2
Threads  1

Optimize a model with 26872 rows, 53707 columns and 243230 nonzeros
Model fingerprint: 0xf7a50da4
Variable types: 2099 continuous, 51608 integer (18485 binary)
Coefficient statistics:
  Matrix range     [1e+00, 4e+02]
  Objective range  [3e-03, 1e+02]
  Bounds range     [1e+00, 3e+00]
  RHS range        [1e+00, 1e+04]

Warning: Completing partial solution with 50884 unfixed non-continuous variables out of 51608
User MIP start produced solution with objective 283557 (0.04s)
Loaded user MIP start with objective 283557


Explored 0 nodes (0 simplex iterations) in 0.04 seconds (0.06 work units)
Thread count was 1 (of 32 available processors)

Solution count 2: 283557 283557 

Optimal solution found (tolerance 5.00e-02)
Best objective 2.835571232934e+05, best bound 2.763850000000e+05, gap 2.5293%
C:\Users\TECNO-MASTER\anaconda3\lib\site-packages\pandas\core\indexes\base.py:6999: FutureWarning: In a future version, the Index constructor will not infer numeric dtypes when passed object-dtype sequences (matching Series behavior)
  return Index(sequences[0], name=names)
  [Fase 2 (infra fija)] estacion=station_1 dia=305 -> C:\Users\TECNO-MASTER\Desktop\Elmo_infrastructure_sizing_NP-\output\DCH_septiembre\Bateria_482\Costo_variable\Swap_restringido\Swap_variable_3estaciones_320kW_Descomp/station_1_d305
✔ Warm start Y: 248 cargados, 0 omitidos
✔ Warm start Z: 465 cargados, 0 omitidos
✔ Warm start Z_swap: 7 cargados, 0 omitidos
✔ Warm start N_chargers: 0 cargados, 1 omitidos
✔ Warm start N_bays: 0 cargados, 1 omitidos
✔ Warm start X: 0 cargados, 1 omitidos
✔ Warm start N_batteries: 0 cargados, 1 omitidos
✔ Warm start completo desde 'C:\Users\TECNO-MASTER\Desktop\Elmo_infrastructure_sizing_NP-\output\DCH_septiembre\Bateria_482\Costo_variable\Swap_restringido\Swap_variable_3estaciones_320kW_Descomp\station_1_d305_stage1': 720 valores cargados, 4 omitidos
formulation time: 7.801905393600464
Set parameter OutputFlag to value 1
Set parameter OutputFlag to value 1
Set parameter LogToConsole to value 1
Set parameter MIPGap to value 0.05
Set parameter TimeLimit to value 1200
Set parameter LogFile to value "C:\Users\TECNO-MASTER\Desktop\Elmo_infrastructure_sizing_NP-\output\DCH_septiembre\Bateria_482\Costo_variable\Swap_restringido\Swap_variable_3estaciones_320kW_Descomp\station_1_d305\ELMO_log.txt"
Set parameter Threads to value 1
Set parameter Heuristics to value 0.5
Set parameter MIPFocus to value 3
Set parameter Presolve to value 2
Set parameter FlowCoverCuts to value 2
Gurobi Optimizer version 12.0.3 build v12.0.3rc0 (win64 - Windows 11+.0 (26200.2))

CPU model: Intel(R) Core(TM) i9-14900K, instruction set [SSE2|AVX|AVX2]
Thread count: 24 physical cores, 32 logical processors, using up to 1 threads

Non-default parameters:
TimeLimit  1200
MIPGap  0.05
Heuristics  0.5
MIPFocus  3
FlowCoverCuts  2
Presolve  2
Threads  1

Optimize a model with 26872 rows, 53707 columns and 243228 nonzeros
Model fingerprint: 0xcd75ecf6
Variable types: 2099 continuous, 51608 integer (18485 binary)
Coefficient statistics:
  Matrix range     [1e+00, 4e+02]
  Objective range  [1e-01, 1e+02]
  Bounds range     [1e+00, 3e+00]
  RHS range        [1e+00, 1e+04]

Warning: Completing partial solution with 50884 unfixed non-continuous variables out of 51608
User MIP start produced solution with objective 323508 (0.04s)
Loaded user MIP start with objective 323508


Explored 0 nodes (0 simplex iterations) in 0.05 seconds (0.06 work units)
Thread count was 1 (of 32 available processors)

Solution count 2: 323508 323508 

Optimal solution found (tolerance 5.00e-02)
Best objective 3.235082606470e+05, best bound 3.190210000000e+05, gap 1.3871%
C:\Users\TECNO-MASTER\anaconda3\lib\site-packages\pandas\core\indexes\base.py:6999: FutureWarning: In a future version, the Index constructor will not infer numeric dtypes when passed object-dtype sequences (matching Series behavior)
  return Index(sequences[0], name=names)
  [Fase 2 (infra fija)] estacion=station_3 dia=1 -> C:\Users\TECNO-MASTER\Desktop\Elmo_infrastructure_sizing_NP-\output\DCH_septiembre\Bateria_482\Costo_variable\Swap_restringido\Swap_variable_3estaciones_320kW_Descomp/station_3_d1
✔ Warm start Y: 274 cargados, 0 omitidos
✔ Warm start Z: 438 cargados, 0 omitidos
✔ Warm start Z_swap: 8 cargados, 0 omitidos
✔ Warm start N_chargers: 0 cargados, 1 omitidos
✔ Warm start N_bays: 0 cargados, 1 omitidos
✔ Warm start X: 0 cargados, 1 omitidos
✔ Warm start N_batteries: 0 cargados, 1 omitidos
✔ Warm start completo desde 'C:\Users\TECNO-MASTER\Desktop\Elmo_infrastructure_sizing_NP-\output\DCH_septiembre\Bateria_482\Costo_variable\Swap_restringido\Swap_variable_3estaciones_320kW_Descomp\station_3_d1_stage1': 720 valores cargados, 4 omitidos
formulation time: 7.9717934131622314
Set parameter OutputFlag to value 1
Set parameter OutputFlag to value 1
Set parameter LogToConsole to value 1
Set parameter MIPGap to value 0.05
Set parameter TimeLimit to value 1200
Set parameter LogFile to value "C:\Users\TECNO-MASTER\Desktop\Elmo_infrastructure_sizing_NP-\output\DCH_septiembre\Bateria_482\Costo_variable\Swap_restringido\Swap_variable_3estaciones_320kW_Descomp\station_3_d1\ELMO_log.txt"
Set parameter Threads to value 1
Set parameter Heuristics to value 0.5
Set parameter MIPFocus to value 3
Set parameter Presolve to value 2
Set parameter FlowCoverCuts to value 2
Gurobi Optimizer version 12.0.3 build v12.0.3rc0 (win64 - Windows 11+.0 (26200.2))

CPU model: Intel(R) Core(TM) i9-14900K, instruction set [SSE2|AVX|AVX2]
Thread count: 24 physical cores, 32 logical processors, using up to 1 threads

Non-default parameters:
TimeLimit  1200
MIPGap  0.05
Heuristics  0.5
MIPFocus  3
FlowCoverCuts  2
Presolve  2
Threads  1

Optimize a model with 26872 rows, 53707 columns and 243230 nonzeros
Model fingerprint: 0xdab9a9fa
Variable types: 2099 continuous, 51608 integer (18485 binary)
Coefficient statistics:
  Matrix range     [1e+00, 4e+02]
  Objective range  [1e-02, 1e+02]
  Bounds range     [1e+00, 3e+00]
  RHS range        [1e+00, 1e+04]

Warning: Completing partial solution with 50884 unfixed non-continuous variables out of 51608
User MIP start produced solution with objective 282878 (0.04s)
Loaded user MIP start with objective 282878


Explored 0 nodes (0 simplex iterations) in 0.05 seconds (0.06 work units)
Thread count was 1 (of 32 available processors)

Solution count 2: 282878 282878 

Optimal solution found (tolerance 5.00e-02)
Best objective 2.828783170867e+05, best bound 2.763850000000e+05, gap 2.2954%
C:\Users\TECNO-MASTER\anaconda3\lib\site-packages\pandas\core\indexes\base.py:6999: FutureWarning: In a future version, the Index constructor will not infer numeric dtypes when passed object-dtype sequences (matching Series behavior)
  return Index(sequences[0], name=names)
C:\Users\TECNO-MASTER\anaconda3\lib\site-packages\pandas\core\indexes\base.py:6999: FutureWarning: In a future version, the Index constructor will not infer numeric dtypes when passed object-dtype sequences (matching Series behavior)
  return Index(sequences[0], name=names)
  [Fase 2 (infra fija)] estacion=station_2 dia=1 -> C:\Users\TECNO-MASTER\Desktop\Elmo_infrastructure_sizing_NP-\output\DCH_septiembre\Bateria_482\Costo_variable\Swap_restringido\Swap_variable_3estaciones_320kW_Descomp/station_2_d1
✔ Warm start Y: 277 cargados, 0 omitidos
✔ Warm start Z: 435 cargados, 0 omitidos
✔ Warm start Z_swap: 8 cargados, 0 omitidos
✔ Warm start N_chargers: 0 cargados, 1 omitidos
✔ Warm start N_bays: 0 cargados, 1 omitidos
✔ Warm start X: 0 cargados, 1 omitidos
✔ Warm start N_batteries: 0 cargados, 1 omitidos
✔ Warm start completo desde 'C:\Users\TECNO-MASTER\Desktop\Elmo_infrastructure_sizing_NP-\output\DCH_septiembre\Bateria_482\Costo_variable\Swap_restringido\Swap_variable_3estaciones_320kW_Descomp\station_2_d1_stage1': 720 valores cargados, 4 omitidos
formulation time: 8.298692464828491
Set parameter OutputFlag to value 1
Set parameter OutputFlag to value 1
Set parameter LogToConsole to value 1
Set parameter MIPGap to value 0.05
Set parameter TimeLimit to value 1200
Set parameter LogFile to value "C:\Users\TECNO-MASTER\Desktop\Elmo_infrastructure_sizing_NP-\output\DCH_septiembre\Bateria_482\Costo_variable\Swap_restringido\Swap_variable_3estaciones_320kW_Descomp\station_2_d1\ELMO_log.txt"
Set parameter Threads to value 1
Set parameter Heuristics to value 0.5
Set parameter MIPFocus to value 3
Set parameter Presolve to value 2
Set parameter FlowCoverCuts to value 2
Gurobi Optimizer version 12.0.3 build v12.0.3rc0 (win64 - Windows 11+.0 (26200.2))

CPU model: Intel(R) Core(TM) i9-14900K, instruction set [SSE2|AVX|AVX2]
Thread count: 24 physical cores, 32 logical processors, using up to 1 threads

Non-default parameters:
TimeLimit  1200
MIPGap  0.05
Heuristics  0.5
MIPFocus  3
FlowCoverCuts  2
Presolve  2
Threads  1

Optimize a model with 26902 rows, 54733 columns and 248280 nonzeros
Model fingerprint: 0x7ea3c179
Variable types: 2129 continuous, 52604 integer (19481 binary)
Coefficient statistics:
  Matrix range     [1e+00, 4e+02]
  Objective range  [1e-02, 1e+02]
  Bounds range     [1e+00, 3e+00]
  RHS range        [1e+00, 1e+04]

Warning: Completing partial solution with 51880 unfixed non-continuous variables out of 52604
User MIP start produced solution with objective 283351 (0.04s)
Loaded user MIP start with objective 283351


Explored 0 nodes (0 simplex iterations) in 0.05 seconds (0.06 work units)
Thread count was 1 (of 32 available processors)

Solution count 2: 283351 283351 

Optimal solution found (tolerance 5.00e-02)
Best objective 2.833511985389e+05, best bound 2.763850000000e+05, gap 2.4585%
C:\Users\TECNO-MASTER\anaconda3\lib\site-packages\pandas\core\indexes\base.py:6999: FutureWarning: In a future version, the Index constructor will not infer numeric dtypes when passed object-dtype sequences (matching Series behavior)
  return Index(sequences[0], name=names)
  [Fase 2 (infra fija)] estacion=station_2 dia=121 -> C:\Users\TECNO-MASTER\Desktop\Elmo_infrastructure_sizing_NP-\output\DCH_septiembre\Bateria_482\Costo_variable\Swap_restringido\Swap_variable_3estaciones_320kW_Descomp/station_2_d121
✔ Warm start Y: 262 cargados, 0 omitidos
✔ Warm start Z: 450 cargados, 0 omitidos
✔ Warm start Z_swap: 8 cargados, 0 omitidos
✔ Warm start N_chargers: 0 cargados, 1 omitidos
✔ Warm start N_bays: 0 cargados, 1 omitidos
✔ Warm start X: 0 cargados, 1 omitidos
✔ Warm start N_batteries: 0 cargados, 1 omitidos
✔ Warm start completo desde 'C:\Users\TECNO-MASTER\Desktop\Elmo_infrastructure_sizing_NP-\output\DCH_septiembre\Bateria_482\Costo_variable\Swap_restringido\Swap_variable_3estaciones_320kW_Descomp\station_2_d121_stage1': 720 valores cargados, 4 omitidos
formulation time: 8.23241114616394
Set parameter OutputFlag to value 1
Set parameter OutputFlag to value 1
Set parameter LogToConsole to value 1
Set parameter MIPGap to value 0.05
Set parameter TimeLimit to value 1200
Set parameter LogFile to value "C:\Users\TECNO-MASTER\Desktop\Elmo_infrastructure_sizing_NP-\output\DCH_septiembre\Bateria_482\Costo_variable\Swap_restringido\Swap_variable_3estaciones_320kW_Descomp\station_2_d121\ELMO_log.txt"
Set parameter Threads to value 1
Set parameter Heuristics to value 0.5
Set parameter MIPFocus to value 3
Set parameter Presolve to value 2
Set parameter FlowCoverCuts to value 2
Gurobi Optimizer version 12.0.3 build v12.0.3rc0 (win64 - Windows 11+.0 (26200.2))

CPU model: Intel(R) Core(TM) i9-14900K, instruction set [SSE2|AVX|AVX2]
Thread count: 24 physical cores, 32 logical processors, using up to 1 threads

Non-default parameters:
TimeLimit  1200
MIPGap  0.05
Heuristics  0.5
MIPFocus  3
FlowCoverCuts  2
Presolve  2
Threads  1

Optimize a model with 26932 rows, 54733 columns and 248340 nonzeros
Model fingerprint: 0xa225cb1c
Variable types: 2129 continuous, 52604 integer (19481 binary)
Coefficient statistics:
  Matrix range     [1e+00, 4e+02]
  Objective range  [8e-03, 1e+02]
  Bounds range     [1e+00, 3e+00]
  RHS range        [1e+00, 1e+04]

Warning: Completing partial solution with 51880 unfixed non-continuous variables out of 52604
User MIP start produced solution with objective 282143 (0.04s)
Loaded user MIP start with objective 282143


Explored 0 nodes (0 simplex iterations) in 0.05 seconds (0.06 work units)
Thread count was 1 (of 32 available processors)

Solution count 2: 282143 282143 

Optimal solution found (tolerance 5.00e-02)
Best objective 2.821433525729e+05, best bound 2.763850000000e+05, gap 2.0409%
  [Fase 2 (infra fija)] estacion=station_3 dia=60 -> C:\Users\TECNO-MASTER\Desktop\Elmo_infrastructure_sizing_NP-\output\DCH_septiembre\Bateria_482\Costo_variable\Swap_restringido\Swap_variable_3estaciones_320kW_Descomp/station_3_d60
✔ Warm start Y: 275 cargados, 0 omitidos
✔ Warm start Z: 435 cargados, 0 omitidos
✔ Warm start Z_swap: 10 cargados, 0 omitidos
✔ Warm start N_chargers: 0 cargados, 1 omitidos
✔ Warm start N_bays: 0 cargados, 1 omitidos
✔ Warm start X: 0 cargados, 1 omitidos
✔ Warm start N_batteries: 0 cargados, 1 omitidos
✔ Warm start completo desde 'C:\Users\TECNO-MASTER\Desktop\Elmo_infrastructure_sizing_NP-\output\DCH_septiembre\Bateria_482\Costo_variable\Swap_restringido\Swap_variable_3estaciones_320kW_Descomp\station_3_d60_stage1': 720 valores cargados, 4 omitidos
formulation time: 7.880080938339233
Set parameter OutputFlag to value 1
Set parameter OutputFlag to value 1
Set parameter LogToConsole to value 1
Set parameter MIPGap to value 0.05
Set parameter TimeLimit to value 1200
Set parameter LogFile to value "C:\Users\TECNO-MASTER\Desktop\Elmo_infrastructure_sizing_NP-\output\DCH_septiembre\Bateria_482\Costo_variable\Swap_restringido\Swap_variable_3estaciones_320kW_Descomp\station_3_d60\ELMO_log.txt"
Set parameter Threads to value 1
Set parameter Heuristics to value 0.5
Set parameter MIPFocus to value 3
Set parameter Presolve to value 2
Set parameter FlowCoverCuts to value 2
Gurobi Optimizer version 12.0.3 build v12.0.3rc0 (win64 - Windows 11+.0 (26200.2))

CPU model: Intel(R) Core(TM) i9-14900K, instruction set [SSE2|AVX|AVX2]
Thread count: 24 physical cores, 32 logical processors, using up to 1 threads

Non-default parameters:
TimeLimit  1200
MIPGap  0.05
Heuristics  0.5
MIPFocus  3
FlowCoverCuts  2
Presolve  2
Threads  1

Optimize a model with 26872 rows, 53707 columns and 243230 nonzeros
Model fingerprint: 0xa4b6806f
Variable types: 2099 continuous, 51608 integer (18485 binary)
Coefficient statistics:
  Matrix range     [1e+00, 4e+02]
  Objective range  [9e-03, 1e+02]
  Bounds range     [1e+00, 3e+00]
  RHS range        [1e+00, 1e+04]

Warning: Completing partial solution with 50884 unfixed non-continuous variables out of 51608
User MIP start produced solution with objective 286284 (0.04s)
Loaded user MIP start with objective 286284


Explored 0 nodes (0 simplex iterations) in 0.04 seconds (0.06 work units)
Thread count was 1 (of 32 available processors)

Solution count 2: 286284 286284 

Optimal solution found (tolerance 5.00e-02)
Best objective 2.862839955378e+05, best bound 2.763850000000e+05, gap 3.4578%
C:\Users\TECNO-MASTER\anaconda3\lib\site-packages\pandas\core\indexes\base.py:6999: FutureWarning: In a future version, the Index constructor will not infer numeric dtypes when passed object-dtype sequences (matching Series behavior)
  return Index(sequences[0], name=names)
  [Fase 2 (infra fija)] estacion=station_3 dia=213 -> C:\Users\TECNO-MASTER\Desktop\Elmo_infrastructure_sizing_NP-\output\DCH_septiembre\Bateria_482\Costo_variable\Swap_restringido\Swap_variable_3estaciones_320kW_Descomp/station_3_d213
✔ Warm start Y: 261 cargados, 0 omitidos
✔ Warm start Z: 451 cargados, 0 omitidos
✔ Warm start Z_swap: 8 cargados, 0 omitidos
✔ Warm start N_chargers: 0 cargados, 1 omitidos
✔ Warm start N_bays: 0 cargados, 1 omitidos
✔ Warm start X: 0 cargados, 1 omitidos
✔ Warm start N_batteries: 0 cargados, 1 omitidos
✔ Warm start completo desde 'C:\Users\TECNO-MASTER\Desktop\Elmo_infrastructure_sizing_NP-\output\DCH_septiembre\Bateria_482\Costo_variable\Swap_restringido\Swap_variable_3estaciones_320kW_Descomp\station_3_d213_stage1': 720 valores cargados, 4 omitidos
formulation time: 7.904943943023682
Set parameter OutputFlag to value 1
Set parameter OutputFlag to value 1
Set parameter LogToConsole to value 1
Set parameter MIPGap to value 0.05
Set parameter TimeLimit to value 1200
Set parameter LogFile to value "C:\Users\TECNO-MASTER\Desktop\Elmo_infrastructure_sizing_NP-\output\DCH_septiembre\Bateria_482\Costo_variable\Swap_restringido\Swap_variable_3estaciones_320kW_Descomp\station_3_d213\ELMO_log.txt"
Set parameter Threads to value 1
Set parameter Heuristics to value 0.5
Set parameter MIPFocus to value 3
Set parameter Presolve to value 2
Set parameter FlowCoverCuts to value 2
Gurobi Optimizer version 12.0.3 build v12.0.3rc0 (win64 - Windows 11+.0 (26200.2))

CPU model: Intel(R) Core(TM) i9-14900K, instruction set [SSE2|AVX|AVX2]
Thread count: 24 physical cores, 32 logical processors, using up to 1 threads

Non-default parameters:
TimeLimit  1200
MIPGap  0.05
Heuristics  0.5
MIPFocus  3
FlowCoverCuts  2
Presolve  2
Threads  1

Optimize a model with 26902 rows, 53707 columns and 243290 nonzeros
Model fingerprint: 0x04c8f868
Variable types: 2099 continuous, 51608 integer (18485 binary)
Coefficient statistics:
  Matrix range     [1e+00, 4e+02]
  Objective range  [8e-03, 1e+02]
  Bounds range     [1e+00, 3e+00]
  RHS range        [1e+00, 1e+04]

Warning: Completing partial solution with 50884 unfixed non-continuous variables out of 51608
User MIP start produced solution with objective 283471 (0.04s)
Loaded user MIP start with objective 283471


Explored 0 nodes (0 simplex iterations) in 0.04 seconds (0.06 work units)
Thread count was 1 (of 32 available processors)

Solution count 2: 283471 283471 

Optimal solution found (tolerance 5.00e-02)
Best objective 2.834710925352e+05, best bound 2.763850000000e+05, gap 2.4998%
C:\Users\TECNO-MASTER\anaconda3\lib\site-packages\pandas\core\indexes\base.py:6999: FutureWarning: In a future version, the Index constructor will not infer numeric dtypes when passed object-dtype sequences (matching Series behavior)
  return Index(sequences[0], name=names)
  [Fase 2 (infra fija)] estacion=station_2 dia=305 -> C:\Users\TECNO-MASTER\Desktop\Elmo_infrastructure_sizing_NP-\output\DCH_septiembre\Bateria_482\Costo_variable\Swap_restringido\Swap_variable_3estaciones_320kW_Descomp/station_2_d305
✔ Warm start Y: 267 cargados, 0 omitidos
✔ Warm start Z: 444 cargados, 0 omitidos
✔ Warm start Z_swap: 9 cargados, 0 omitidos
✔ Warm start N_chargers: 0 cargados, 1 omitidos
✔ Warm start N_bays: 0 cargados, 1 omitidos
✔ Warm start X: 0 cargados, 1 omitidos
✔ Warm start N_batteries: 0 cargados, 1 omitidos
✔ Warm start completo desde 'C:\Users\TECNO-MASTER\Desktop\Elmo_infrastructure_sizing_NP-\output\DCH_septiembre\Bateria_482\Costo_variable\Swap_restringido\Swap_variable_3estaciones_320kW_Descomp\station_2_d305_stage1': 720 valores cargados, 4 omitidos
formulation time: 8.013638973236084
Set parameter OutputFlag to value 1
Set parameter OutputFlag to value 1
Set parameter LogToConsole to value 1
Set parameter MIPGap to value 0.05
Set parameter TimeLimit to value 1200
Set parameter LogFile to value "C:\Users\TECNO-MASTER\Desktop\Elmo_infrastructure_sizing_NP-\output\DCH_septiembre\Bateria_482\Costo_variable\Swap_restringido\Swap_variable_3estaciones_320kW_Descomp\station_2_d305\ELMO_log.txt"
Set parameter Threads to value 1
Set parameter Heuristics to value 0.5
Set parameter MIPFocus to value 3
Set parameter Presolve to value 2
Set parameter FlowCoverCuts to value 2
Gurobi Optimizer version 12.0.3 build v12.0.3rc0 (win64 - Windows 11+.0 (26200.2))

CPU model: Intel(R) Core(TM) i9-14900K, instruction set [SSE2|AVX|AVX2]
Thread count: 24 physical cores, 32 logical processors, using up to 1 threads

Non-default parameters:
TimeLimit  1200
MIPGap  0.05
Heuristics  0.5
MIPFocus  3
FlowCoverCuts  2
Presolve  2
Threads  1

Optimize a model with 26902 rows, 54733 columns and 248280 nonzeros
Model fingerprint: 0x2889b15f
Variable types: 2129 continuous, 52604 integer (19481 binary)
Coefficient statistics:
  Matrix range     [1e+00, 4e+02]
  Objective range  [1e-01, 1e+02]
  Bounds range     [1e+00, 3e+00]
  RHS range        [1e+00, 1e+04]

Warning: Completing partial solution with 51880 unfixed non-continuous variables out of 52604
C:\Users\TECNO-MASTER\anaconda3\lib\site-packages\pandas\core\indexes\base.py:6999: FutureWarning: In a future version, the Index constructor will not infer numeric dtypes when passed object-dtype sequences (matching Series behavior)
  return Index(sequences[0], name=names)
User MIP start produced solution with objective 284491 (0.04s)
Loaded user MIP start with objective 284491


Explored 0 nodes (0 simplex iterations) in 0.05 seconds (0.06 work units)
Thread count was 1 (of 32 available processors)

Solution count 2: 284491 284491 

Optimal solution found (tolerance 5.00e-02)
Best objective 2.844912135796e+05, best bound 2.763850000000e+05, gap 2.8494%
  [Fase 2 (infra fija)] estacion=station_3 dia=152 -> C:\Users\TECNO-MASTER\Desktop\Elmo_infrastructure_sizing_NP-\output\DCH_septiembre\Bateria_482\Costo_variable\Swap_restringido\Swap_variable_3estaciones_320kW_Descomp/station_3_d152
✔ Warm start Y: 282 cargados, 0 omitidos
✔ Warm start Z: 429 cargados, 0 omitidos
✔ Warm start Z_swap: 9 cargados, 0 omitidos
✔ Warm start N_chargers: 0 cargados, 1 omitidos
✔ Warm start N_bays: 0 cargados, 1 omitidos
✔ Warm start X: 0 cargados, 1 omitidos
✔ Warm start N_batteries: 0 cargados, 1 omitidos
✔ Warm start completo desde 'C:\Users\TECNO-MASTER\Desktop\Elmo_infrastructure_sizing_NP-\output\DCH_septiembre\Bateria_482\Costo_variable\Swap_restringido\Swap_variable_3estaciones_320kW_Descomp\station_3_d152_stage1': 720 valores cargados, 4 omitidos
formulation time: 7.895242691040039
Set parameter OutputFlag to value 1
Set parameter OutputFlag to value 1
Set parameter LogToConsole to value 1
Set parameter MIPGap to value 0.05
Set parameter TimeLimit to value 1200
Set parameter LogFile to value "C:\Users\TECNO-MASTER\Desktop\Elmo_infrastructure_sizing_NP-\output\DCH_septiembre\Bateria_482\Costo_variable\Swap_restringido\Swap_variable_3estaciones_320kW_Descomp\station_3_d152\ELMO_log.txt"
Set parameter Threads to value 1
Set parameter Heuristics to value 0.5
Set parameter MIPFocus to value 3
Set parameter Presolve to value 2
Set parameter FlowCoverCuts to value 2
Gurobi Optimizer version 12.0.3 build v12.0.3rc0 (win64 - Windows 11+.0 (26200.2))

CPU model: Intel(R) Core(TM) i9-14900K, instruction set [SSE2|AVX|AVX2]
Thread count: 24 physical cores, 32 logical processors, using up to 1 threads

Non-default parameters:
TimeLimit  1200
MIPGap  0.05
Heuristics  0.5
MIPFocus  3
FlowCoverCuts  2
Presolve  2
Threads  1

Optimize a model with 26902 rows, 53707 columns and 243290 nonzeros
Model fingerprint: 0xde6733d4
Variable types: 2099 continuous, 51608 integer (18485 binary)
Coefficient statistics:
  Matrix range     [1e+00, 4e+02]
  Objective range  [1e-02, 1e+02]
  Bounds range     [1e+00, 3e+00]
  RHS range        [1e+00, 1e+04]

Warning: Completing partial solution with 50884 unfixed non-continuous variables out of 51608
User MIP start produced solution with objective 286900 (0.04s)
Loaded user MIP start with objective 286900


Explored 0 nodes (0 simplex iterations) in 0.05 seconds (0.06 work units)
Thread count was 1 (of 32 available processors)

Solution count 2: 286900 286900 

Optimal solution found (tolerance 5.00e-02)
Best objective 2.868998632872e+05, best bound 2.763850000000e+05, gap 3.6650%
C:\Users\TECNO-MASTER\anaconda3\lib\site-packages\pandas\core\indexes\base.py:6999: FutureWarning: In a future version, the Index constructor will not infer numeric dtypes when passed object-dtype sequences (matching Series behavior)
  return Index(sequences[0], name=names)
C:\Users\TECNO-MASTER\anaconda3\lib\site-packages\pandas\core\indexes\base.py:6999: FutureWarning: In a future version, the Index constructor will not infer numeric dtypes when passed object-dtype sequences (matching Series behavior)
  return Index(sequences[0], name=names)
  [Fase 2 (infra fija)] estacion=station_2 dia=182 -> C:\Users\TECNO-MASTER\Desktop\Elmo_infrastructure_sizing_NP-\output\DCH_septiembre\Bateria_482\Costo_variable\Swap_restringido\Swap_variable_3estaciones_320kW_Descomp/station_2_d182
✔ Warm start Y: 254 cargados, 0 omitidos
✔ Warm start Z: 457 cargados, 0 omitidos
✔ Warm start Z_swap: 9 cargados, 0 omitidos
✔ Warm start N_chargers: 0 cargados, 1 omitidos
✔ Warm start N_bays: 0 cargados, 1 omitidos
✔ Warm start X: 0 cargados, 1 omitidos
✔ Warm start N_batteries: 0 cargados, 1 omitidos
✔ Warm start completo desde 'C:\Users\TECNO-MASTER\Desktop\Elmo_infrastructure_sizing_NP-\output\DCH_septiembre\Bateria_482\Costo_variable\Swap_restringido\Swap_variable_3estaciones_320kW_Descomp\station_2_d182_stage1': 720 valores cargados, 4 omitidos
formulation time: 8.147940158843994
Set parameter OutputFlag to value 1
Set parameter OutputFlag to value 1
Set parameter LogToConsole to value 1
Set parameter MIPGap to value 0.05
Set parameter TimeLimit to value 1200
Set parameter LogFile to value "C:\Users\TECNO-MASTER\Desktop\Elmo_infrastructure_sizing_NP-\output\DCH_septiembre\Bateria_482\Costo_variable\Swap_restringido\Swap_variable_3estaciones_320kW_Descomp\station_2_d182\ELMO_log.txt"
Set parameter Threads to value 1
Set parameter Heuristics to value 0.5
Set parameter MIPFocus to value 3
Set parameter Presolve to value 2
Set parameter FlowCoverCuts to value 2
Gurobi Optimizer version 12.0.3 build v12.0.3rc0 (win64 - Windows 11+.0 (26200.2))

CPU model: Intel(R) Core(TM) i9-14900K, instruction set [SSE2|AVX|AVX2]
Thread count: 24 physical cores, 32 logical processors, using up to 1 threads

Non-default parameters:
TimeLimit  1200
MIPGap  0.05
Heuristics  0.5
MIPFocus  3
FlowCoverCuts  2
Presolve  2
Threads  1

Optimize a model with 26932 rows, 54733 columns and 248340 nonzeros
Model fingerprint: 0x31e0ace2
Variable types: 2129 continuous, 52604 integer (19481 binary)
Coefficient statistics:
  Matrix range     [1e+00, 4e+02]
  Objective range  [1e-02, 1e+02]
  Bounds range     [1e+00, 3e+00]
  RHS range        [1e+00, 1e+04]

Warning: Completing partial solution with 51880 unfixed non-continuous variables out of 52604
User MIP start produced solution with objective 286963 (0.04s)
Loaded user MIP start with objective 286963


Explored 0 nodes (0 simplex iterations) in 0.05 seconds (0.06 work units)
Thread count was 1 (of 32 available processors)

Solution count 2: 286963 286963 

Optimal solution found (tolerance 5.00e-02)
Best objective 2.869631807628e+05, best bound 2.763850000000e+05, gap 3.6863%
  [Fase 2 (infra fija)] estacion=station_3 dia=121 -> C:\Users\TECNO-MASTER\Desktop\Elmo_infrastructure_sizing_NP-\output\DCH_septiembre\Bateria_482\Costo_variable\Swap_restringido\Swap_variable_3estaciones_320kW_Descomp/station_3_d121
✔ Warm start Y: 276 cargados, 0 omitidos
✔ Warm start Z: 436 cargados, 0 omitidos
✔ Warm start Z_swap: 8 cargados, 0 omitidos
✔ Warm start N_chargers: 0 cargados, 1 omitidos
✔ Warm start N_bays: 0 cargados, 1 omitidos
✔ Warm start X: 0 cargados, 1 omitidos
✔ Warm start N_batteries: 0 cargados, 1 omitidos
✔ Warm start completo desde 'C:\Users\TECNO-MASTER\Desktop\Elmo_infrastructure_sizing_NP-\output\DCH_septiembre\Bateria_482\Costo_variable\Swap_restringido\Swap_variable_3estaciones_320kW_Descomp\station_3_d121_stage1': 720 valores cargados, 4 omitidos
formulation time: 7.904752016067505
Set parameter OutputFlag to value 1
Set parameter OutputFlag to value 1
Set parameter LogToConsole to value 1
Set parameter MIPGap to value 0.05
Set parameter TimeLimit to value 1200
Set parameter LogFile to value "C:\Users\TECNO-MASTER\Desktop\Elmo_infrastructure_sizing_NP-\output\DCH_septiembre\Bateria_482\Costo_variable\Swap_restringido\Swap_variable_3estaciones_320kW_Descomp\station_3_d121\ELMO_log.txt"
Set parameter Threads to value 1
Set parameter Heuristics to value 0.5
Set parameter MIPFocus to value 3
Set parameter Presolve to value 2
Set parameter FlowCoverCuts to value 2
Gurobi Optimizer version 12.0.3 build v12.0.3rc0 (win64 - Windows 11+.0 (26200.2))

CPU model: Intel(R) Core(TM) i9-14900K, instruction set [SSE2|AVX|AVX2]
Thread count: 24 physical cores, 32 logical processors, using up to 1 threads

Non-default parameters:
TimeLimit  1200
MIPGap  0.05
Heuristics  0.5
MIPFocus  3
FlowCoverCuts  2
Presolve  2
Threads  1

Optimize a model with 26902 rows, 53707 columns and 243290 nonzeros
Model fingerprint: 0x0fc6b8e6
Variable types: 2099 continuous, 51608 integer (18485 binary)
Coefficient statistics:
  Matrix range     [1e+00, 4e+02]
  Objective range  [8e-03, 1e+02]
  Bounds range     [1e+00, 3e+00]
  RHS range        [1e+00, 1e+04]

Warning: Completing partial solution with 50884 unfixed non-continuous variables out of 51608
User MIP start produced solution with objective 282143 (0.04s)
Loaded user MIP start with objective 282143


Explored 0 nodes (0 simplex iterations) in 0.05 seconds (0.06 work units)
Thread count was 1 (of 32 available processors)

Solution count 2: 282143 282143 

Optimal solution found (tolerance 5.00e-02)
Best objective 2.821433525729e+05, best bound 2.763850000000e+05, gap 2.0409%
C:\Users\TECNO-MASTER\anaconda3\lib\site-packages\pandas\core\indexes\base.py:6999: FutureWarning: In a future version, the Index constructor will not infer numeric dtypes when passed object-dtype sequences (matching Series behavior)
  return Index(sequences[0], name=names)
  [Fase 2 (infra fija)] estacion=station_2 dia=244 -> C:\Users\TECNO-MASTER\Desktop\Elmo_infrastructure_sizing_NP-\output\DCH_septiembre\Bateria_482\Costo_variable\Swap_restringido\Swap_variable_3estaciones_320kW_Descomp/station_2_d244
✔ Warm start Y: 273 cargados, 0 omitidos
✔ Warm start Z: 439 cargados, 0 omitidos
✔ Warm start Z_swap: 8 cargados, 0 omitidos
✔ Warm start N_chargers: 0 cargados, 1 omitidos
✔ Warm start N_bays: 0 cargados, 1 omitidos
✔ Warm start X: 0 cargados, 1 omitidos
✔ Warm start N_batteries: 0 cargados, 1 omitidos
✔ Warm start completo desde 'C:\Users\TECNO-MASTER\Desktop\Elmo_infrastructure_sizing_NP-\output\DCH_septiembre\Bateria_482\Costo_variable\Swap_restringido\Swap_variable_3estaciones_320kW_Descomp\station_2_d244_stage1': 720 valores cargados, 4 omitidos
formulation time: 8.076842308044434
Set parameter OutputFlag to value 1
Set parameter OutputFlag to value 1
Set parameter LogToConsole to value 1
Set parameter MIPGap to value 0.05
Set parameter TimeLimit to value 1200
Set parameter LogFile to value "C:\Users\TECNO-MASTER\Desktop\Elmo_infrastructure_sizing_NP-\output\DCH_septiembre\Bateria_482\Costo_variable\Swap_restringido\Swap_variable_3estaciones_320kW_Descomp\station_2_d244\ELMO_log.txt"
Set parameter Threads to value 1
Set parameter Heuristics to value 0.5
Set parameter MIPFocus to value 3
Set parameter Presolve to value 2
Set parameter FlowCoverCuts to value 2
Gurobi Optimizer version 12.0.3 build v12.0.3rc0 (win64 - Windows 11+.0 (26200.2))

CPU model: Intel(R) Core(TM) i9-14900K, instruction set [SSE2|AVX|AVX2]
Thread count: 24 physical cores, 32 logical processors, using up to 1 threads

Non-default parameters:
TimeLimit  1200
MIPGap  0.05
Heuristics  0.5
MIPFocus  3
FlowCoverCuts  2
Presolve  2
Threads  1

Optimize a model with 26932 rows, 54733 columns and 248340 nonzeros
Model fingerprint: 0x8075ded3
Variable types: 2129 continuous, 52604 integer (19481 binary)
Coefficient statistics:
  Matrix range     [1e+00, 4e+02]
  Objective range  [8e-03, 1e+02]
  Bounds range     [1e+00, 3e+00]
  RHS range        [1e+00, 1e+04]

Warning: Completing partial solution with 51880 unfixed non-continuous variables out of 52604
User MIP start produced solution with objective 282785 (0.04s)
C:\Users\TECNO-MASTER\anaconda3\lib\site-packages\pandas\core\indexes\base.py:6999: FutureWarning: In a future version, the Index constructor will not infer numeric dtypes when passed object-dtype sequences (matching Series behavior)
  return Index(sequences[0], name=names)
Loaded user MIP start with objective 282785


Explored 0 nodes (0 simplex iterations) in 0.04 seconds (0.06 work units)
Thread count was 1 (of 32 available processors)

Solution count 2: 282785 282785 

Optimal solution found (tolerance 5.00e-02)
Best objective 2.827850919796e+05, best bound 2.763850000000e+05, gap 2.2632%
  [Fase 2 (infra fija)] estacion=station_3 dia=182 -> C:\Users\TECNO-MASTER\Desktop\Elmo_infrastructure_sizing_NP-\output\DCH_septiembre\Bateria_482\Costo_variable\Swap_restringido\Swap_variable_3estaciones_320kW_Descomp/station_3_d182
✔ Warm start Y: 269 cargados, 0 omitidos
✔ Warm start Z: 443 cargados, 0 omitidos
✔ Warm start Z_swap: 8 cargados, 0 omitidos
✔ Warm start N_chargers: 0 cargados, 1 omitidos
✔ Warm start N_bays: 0 cargados, 1 omitidos
✔ Warm start X: 0 cargados, 1 omitidos
✔ Warm start N_batteries: 0 cargados, 1 omitidos
✔ Warm start completo desde 'C:\Users\TECNO-MASTER\Desktop\Elmo_infrastructure_sizing_NP-\output\DCH_septiembre\Bateria_482\Costo_variable\Swap_restringido\Swap_variable_3estaciones_320kW_Descomp\station_3_d182_stage1': 720 valores cargados, 4 omitidos
formulation time: 7.893865346908569
Set parameter OutputFlag to value 1
Set parameter OutputFlag to value 1
Set parameter LogToConsole to value 1
Set parameter MIPGap to value 0.05
Set parameter TimeLimit to value 1200
Set parameter LogFile to value "C:\Users\TECNO-MASTER\Desktop\Elmo_infrastructure_sizing_NP-\output\DCH_septiembre\Bateria_482\Costo_variable\Swap_restringido\Swap_variable_3estaciones_320kW_Descomp\station_3_d182\ELMO_log.txt"
Set parameter Threads to value 1
Set parameter Heuristics to value 0.5
Set parameter MIPFocus to value 3
Set parameter Presolve to value 2
Set parameter FlowCoverCuts to value 2
Gurobi Optimizer version 12.0.3 build v12.0.3rc0 (win64 - Windows 11+.0 (26200.2))

CPU model: Intel(R) Core(TM) i9-14900K, instruction set [SSE2|AVX|AVX2]
Thread count: 24 physical cores, 32 logical processors, using up to 1 threads

Non-default parameters:
TimeLimit  1200
MIPGap  0.05
Heuristics  0.5
MIPFocus  3
FlowCoverCuts  2
Presolve  2
Threads  1

Optimize a model with 26902 rows, 53707 columns and 243290 nonzeros
Model fingerprint: 0x180c761a
Variable types: 2099 continuous, 51608 integer (18485 binary)
Coefficient statistics:
  Matrix range     [1e+00, 4e+02]
  Objective range  [1e-02, 1e+02]
  Bounds range     [1e+00, 3e+00]
  RHS range        [1e+00, 1e+04]

Warning: Completing partial solution with 50884 unfixed non-continuous variables out of 51608
User MIP start produced solution with objective 284572 (0.04s)
Loaded user MIP start with objective 284572


Explored 0 nodes (0 simplex iterations) in 0.04 seconds (0.06 work units)
Thread count was 1 (of 32 available processors)

Solution count 2: 284572 284572 

Optimal solution found (tolerance 5.00e-02)
Best objective 2.845720415590e+05, best bound 2.763850000000e+05, gap 2.8770%
C:\Users\TECNO-MASTER\anaconda3\lib\site-packages\pandas\core\indexes\base.py:6999: FutureWarning: In a future version, the Index constructor will not infer numeric dtypes when passed object-dtype sequences (matching Series behavior)
  return Index(sequences[0], name=names)
C:\Users\TECNO-MASTER\anaconda3\lib\site-packages\pandas\core\indexes\base.py:6999: FutureWarning: In a future version, the Index constructor will not infer numeric dtypes when passed object-dtype sequences (matching Series behavior)
  return Index(sequences[0], name=names)
  [Fase 2 (infra fija)] estacion=station_2 dia=213 -> C:\Users\TECNO-MASTER\Desktop\Elmo_infrastructure_sizing_NP-\output\DCH_septiembre\Bateria_482\Costo_variable\Swap_restringido\Swap_variable_3estaciones_320kW_Descomp/station_2_d213
✔ Warm start Y: 278 cargados, 0 omitidos
✔ Warm start Z: 434 cargados, 0 omitidos
✔ Warm start Z_swap: 8 cargados, 0 omitidos
✔ Warm start N_chargers: 0 cargados, 1 omitidos
✔ Warm start N_bays: 0 cargados, 1 omitidos
✔ Warm start X: 0 cargados, 1 omitidos
✔ Warm start N_batteries: 0 cargados, 1 omitidos
✔ Warm start completo desde 'C:\Users\TECNO-MASTER\Desktop\Elmo_infrastructure_sizing_NP-\output\DCH_septiembre\Bateria_482\Costo_variable\Swap_restringido\Swap_variable_3estaciones_320kW_Descomp\station_2_d213_stage1': 720 valores cargados, 4 omitidos
formulation time: 8.18248963356018
Set parameter OutputFlag to value 1
Set parameter OutputFlag to value 1
Set parameter LogToConsole to value 1
Set parameter MIPGap to value 0.05
Set parameter TimeLimit to value 1200
Set parameter LogFile to value "C:\Users\TECNO-MASTER\Desktop\Elmo_infrastructure_sizing_NP-\output\DCH_septiembre\Bateria_482\Costo_variable\Swap_restringido\Swap_variable_3estaciones_320kW_Descomp\station_2_d213\ELMO_log.txt"
Set parameter Threads to value 1
Set parameter Heuristics to value 0.5
Set parameter MIPFocus to value 3
Set parameter Presolve to value 2
Set parameter FlowCoverCuts to value 2
Gurobi Optimizer version 12.0.3 build v12.0.3rc0 (win64 - Windows 11+.0 (26200.2))

CPU model: Intel(R) Core(TM) i9-14900K, instruction set [SSE2|AVX|AVX2]
Thread count: 24 physical cores, 32 logical processors, using up to 1 threads

Non-default parameters:
TimeLimit  1200
MIPGap  0.05
Heuristics  0.5
MIPFocus  3
FlowCoverCuts  2
Presolve  2
Threads  1

Optimize a model with 26932 rows, 54733 columns and 248340 nonzeros
Model fingerprint: 0x4f6f777a
Variable types: 2129 continuous, 52604 integer (19481 binary)
Coefficient statistics:
  Matrix range     [1e+00, 4e+02]
  Objective range  [8e-03, 1e+02]
  Bounds range     [1e+00, 3e+00]
  RHS range        [1e+00, 1e+04]

Warning: Completing partial solution with 51880 unfixed non-continuous variables out of 52604
User MIP start produced solution with objective 283471 (0.04s)
Loaded user MIP start with objective 283471


Explored 0 nodes (0 simplex iterations) in 0.05 seconds (0.06 work units)
Thread count was 1 (of 32 available processors)

Solution count 2: 283471 283471 

Optimal solution found (tolerance 5.00e-02)
Best objective 2.834710925352e+05, best bound 2.763850000000e+05, gap 2.4998%
  [Fase 2 (infra fija)] estacion=station_3 dia=91 -> C:\Users\TECNO-MASTER\Desktop\Elmo_infrastructure_sizing_NP-\output\DCH_septiembre\Bateria_482\Costo_variable\Swap_restringido\Swap_variable_3estaciones_320kW_Descomp/station_3_d91
✔ Warm start Y: 274 cargados, 0 omitidos
✔ Warm start Z: 438 cargados, 0 omitidos
✔ Warm start Z_swap: 8 cargados, 0 omitidos
✔ Warm start N_chargers: 0 cargados, 1 omitidos
✔ Warm start N_bays: 0 cargados, 1 omitidos
✔ Warm start X: 0 cargados, 1 omitidos
✔ Warm start N_batteries: 0 cargados, 1 omitidos
✔ Warm start completo desde 'C:\Users\TECNO-MASTER\Desktop\Elmo_infrastructure_sizing_NP-\output\DCH_septiembre\Bateria_482\Costo_variable\Swap_restringido\Swap_variable_3estaciones_320kW_Descomp\station_3_d91_stage1': 720 valores cargados, 4 omitidos
formulation time: 7.879217147827148
Set parameter OutputFlag to value 1
Set parameter OutputFlag to value 1
Set parameter LogToConsole to value 1
Set parameter MIPGap to value 0.05
Set parameter TimeLimit to value 1200
Set parameter LogFile to value "C:\Users\TECNO-MASTER\Desktop\Elmo_infrastructure_sizing_NP-\output\DCH_septiembre\Bateria_482\Costo_variable\Swap_restringido\Swap_variable_3estaciones_320kW_Descomp\station_3_d91\ELMO_log.txt"
Set parameter Threads to value 1
Set parameter Heuristics to value 0.5
Set parameter MIPFocus to value 3
Set parameter Presolve to value 2
Set parameter FlowCoverCuts to value 2
Gurobi Optimizer version 12.0.3 build v12.0.3rc0 (win64 - Windows 11+.0 (26200.2))

CPU model: Intel(R) Core(TM) i9-14900K, instruction set [SSE2|AVX|AVX2]
Thread count: 24 physical cores, 32 logical processors, using up to 1 threads

Non-default parameters:
TimeLimit  1200
MIPGap  0.05
Heuristics  0.5
MIPFocus  3
FlowCoverCuts  2
Presolve  2
Threads  1

Optimize a model with 26902 rows, 53707 columns and 243290 nonzeros
Model fingerprint: 0xf811a1c4
Variable types: 2099 continuous, 51608 integer (18485 binary)
Coefficient statistics:
  Matrix range     [1e+00, 4e+02]
  Objective range  [1e-02, 1e+02]
  Bounds range     [1e+00, 3e+00]
  RHS range        [1e+00, 1e+04]

Warning: Completing partial solution with 50884 unfixed non-continuous variables out of 51608
User MIP start produced solution with objective 284154 (0.04s)
Loaded user MIP start with objective 284154


Explored 0 nodes (0 simplex iterations) in 0.04 seconds (0.06 work units)
Thread count was 1 (of 32 available processors)

Solution count 2: 284154 284154 

Optimal solution found (tolerance 5.00e-02)
Best objective 2.841540332253e+05, best bound 2.763850000000e+05, gap 2.7341%
C:\Users\TECNO-MASTER\anaconda3\lib\site-packages\pandas\core\indexes\base.py:6999: FutureWarning: In a future version, the Index constructor will not infer numeric dtypes when passed object-dtype sequences (matching Series behavior)
  return Index(sequences[0], name=names)
  [Fase 2 (infra fija)] estacion=station_2 dia=335 -> C:\Users\TECNO-MASTER\Desktop\Elmo_infrastructure_sizing_NP-\output\DCH_septiembre\Bateria_482\Costo_variable\Swap_restringido\Swap_variable_3estaciones_320kW_Descomp/station_2_d335
✔ Warm start Y: 255 cargados, 0 omitidos
✔ Warm start Z: 456 cargados, 0 omitidos
✔ Warm start Z_swap: 9 cargados, 0 omitidos
✔ Warm start N_chargers: 0 cargados, 1 omitidos
✔ Warm start N_bays: 0 cargados, 1 omitidos
✔ Warm start X: 0 cargados, 1 omitidos
✔ Warm start N_batteries: 0 cargados, 1 omitidos
✔ Warm start completo desde 'C:\Users\TECNO-MASTER\Desktop\Elmo_infrastructure_sizing_NP-\output\DCH_septiembre\Bateria_482\Costo_variable\Swap_restringido\Swap_variable_3estaciones_320kW_Descomp\station_2_d335_stage1': 720 valores cargados, 4 omitidos
formulation time: 8.204797983169556
Set parameter OutputFlag to value 1
Set parameter OutputFlag to value 1
Set parameter LogToConsole to value 1
Set parameter MIPGap to value 0.05
Set parameter TimeLimit to value 1200
Set parameter LogFile to value "C:\Users\TECNO-MASTER\Desktop\Elmo_infrastructure_sizing_NP-\output\DCH_septiembre\Bateria_482\Costo_variable\Swap_restringido\Swap_variable_3estaciones_320kW_Descomp\station_2_d335\ELMO_log.txt"
Set parameter Threads to value 1
Set parameter Heuristics to value 0.5
Set parameter MIPFocus to value 3
Set parameter Presolve to value 2
Set parameter FlowCoverCuts to value 2
Gurobi Optimizer version 12.0.3 build v12.0.3rc0 (win64 - Windows 11+.0 (26200.2))

CPU model: Intel(R) Core(TM) i9-14900K, instruction set [SSE2|AVX|AVX2]
Thread count: 24 physical cores, 32 logical processors, using up to 1 threads

Non-default parameters:
TimeLimit  1200
MIPGap  0.05
Heuristics  0.5
MIPFocus  3
FlowCoverCuts  2
Presolve  2
Threads  1

Optimize a model with 26902 rows, 54733 columns and 248280 nonzeros
Model fingerprint: 0x13935c2f
Variable types: 2129 continuous, 52604 integer (19481 binary)
Coefficient statistics:
  Matrix range     [1e+00, 4e+02]
  Objective range  [4e-03, 1e+02]
  Bounds range     [1e+00, 3e+00]
  RHS range        [1e+00, 1e+04]

Warning: Completing partial solution with 51880 unfixed non-continuous variables out of 52604
User MIP start produced solution with objective 283691 (0.04s)
Loaded user MIP start with objective 283691


Explored 0 nodes (0 simplex iterations) in 0.04 seconds (0.06 work units)
Thread count was 1 (of 32 available processors)

Solution count 2: 283691 283691 

Optimal solution found (tolerance 5.00e-02)
Best objective 2.836907396295e+05, best bound 2.763850000000e+05, gap 2.5752%
  [Fase 2 (infra fija)] estacion=station_2 dia=274 -> C:\Users\TECNO-MASTER\Desktop\Elmo_infrastructure_sizing_NP-\output\DCH_septiembre\Bateria_482\Costo_variable\Swap_restringido\Swap_variable_3estaciones_320kW_Descomp/station_2_d274
✔ Warm start Y: 257 cargados, 0 omitidos
✔ Warm start Z: 455 cargados, 0 omitidos
✔ Warm start Z_swap: 8 cargados, 0 omitidos
✔ Warm start N_chargers: 0 cargados, 1 omitidos
✔ Warm start N_bays: 0 cargados, 1 omitidos
✔ Warm start X: 0 cargados, 1 omitidos
✔ Warm start N_batteries: 0 cargados, 1 omitidos
✔ Warm start completo desde 'C:\Users\TECNO-MASTER\Desktop\Elmo_infrastructure_sizing_NP-\output\DCH_septiembre\Bateria_482\Costo_variable\Swap_restringido\Swap_variable_3estaciones_320kW_Descomp\station_2_d274_stage1': 720 valores cargados, 4 omitidos
formulation time: 8.027612209320068
Set parameter OutputFlag to value 1
Set parameter OutputFlag to value 1
Set parameter LogToConsole to value 1
Set parameter MIPGap to value 0.05
Set parameter TimeLimit to value 1200
Set parameter LogFile to value "C:\Users\TECNO-MASTER\Desktop\Elmo_infrastructure_sizing_NP-\output\DCH_septiembre\Bateria_482\Costo_variable\Swap_restringido\Swap_variable_3estaciones_320kW_Descomp\station_2_d274\ELMO_log.txt"
Set parameter Threads to value 1
Set parameter Heuristics to value 0.5
Set parameter MIPFocus to value 3
Set parameter Presolve to value 2
Set parameter FlowCoverCuts to value 2
Gurobi Optimizer version 12.0.3 build v12.0.3rc0 (win64 - Windows 11+.0 (26200.2))

CPU model: Intel(R) Core(TM) i9-14900K, instruction set [SSE2|AVX|AVX2]
Thread count: 24 physical cores, 32 logical processors, using up to 1 threads

Non-default parameters:
TimeLimit  1200
MIPGap  0.05
Heuristics  0.5
MIPFocus  3
FlowCoverCuts  2
Presolve  2
Threads  1

Optimize a model with 26902 rows, 54733 columns and 248280 nonzeros
Model fingerprint: 0x1f5dc4ee
Variable types: 2129 continuous, 52604 integer (19481 binary)
Coefficient statistics:
  Matrix range     [1e+00, 4e+02]
  Objective range  [4e-03, 1e+02]
  Bounds range     [1e+00, 3e+00]
  RHS range        [1e+00, 1e+04]

Warning: Completing partial solution with 51880 unfixed non-continuous variables out of 52604
User MIP start produced solution with objective 282184 (0.04s)
Loaded user MIP start with objective 282184


Explored 0 nodes (0 simplex iterations) in 0.05 seconds (0.06 work units)
Thread count was 1 (of 32 available processors)

Solution count 2: 282184 282184 

Optimal solution found (tolerance 5.00e-02)
Best objective 2.821835219781e+05, best bound 2.763850000000e+05, gap 2.0549%
✅ Solution time [sec]: 1.71
📊 Status: optimal
💰 Operation Cost: 324334.13496075873
⚠️ No se encontró 'gurobi.log'. 
✔ JSON de variables y parámetros, log y summary guardados en 'C:\Users\TECNO-MASTER\Desktop\Elmo_infrastructure_sizing_NP-\output\DCH_septiembre\Bateria_482\Costo_variable\Swap_restringido\Swap_variable_3estaciones_320kW_Descomp/station_1_d152'.
  [Fase 2 (infra fija)] estacion=station_3 dia=244 -> C:\Users\TECNO-MASTER\Desktop\Elmo_infrastructure_sizing_NP-\output\DCH_septiembre\Bateria_482\Costo_variable\Swap_restringido\Swap_variable_3estaciones_320kW_Descomp/station_3_d244
✔ Warm start Y: 262 cargados, 0 omitidos
✔ Warm start Z: 450 cargados, 0 omitidos
✔ Warm start Z_swap: 8 cargados, 0 omitidos
✔ Warm start N_chargers: 0 cargados, 1 omitidos
✔ Warm start N_bays: 0 cargados, 1 omitidos
✔ Warm start X: 0 cargados, 1 omitidos
✔ Warm start N_batteries: 0 cargados, 1 omitidos
✔ Warm start completo desde 'C:\Users\TECNO-MASTER\Desktop\Elmo_infrastructure_sizing_NP-\output\DCH_septiembre\Bateria_482\Costo_variable\Swap_restringido\Swap_variable_3estaciones_320kW_Descomp\station_3_d244_stage1': 720 valores cargados, 4 omitidos
formulation time: 7.725650310516357
Set parameter OutputFlag to value 1
Set parameter OutputFlag to value 1
Set parameter LogToConsole to value 1
Set parameter MIPGap to value 0.05
Set parameter TimeLimit to value 1200
Set parameter LogFile to value "C:\Users\TECNO-MASTER\Desktop\Elmo_infrastructure_sizing_NP-\output\DCH_septiembre\Bateria_482\Costo_variable\Swap_restringido\Swap_variable_3estaciones_320kW_Descomp\station_3_d244\ELMO_log.txt"
Set parameter Threads to value 1
Set parameter Heuristics to value 0.5
Set parameter MIPFocus to value 3
Set parameter Presolve to value 2
Set parameter FlowCoverCuts to value 2
Gurobi Optimizer version 12.0.3 build v12.0.3rc0 (win64 - Windows 11+.0 (26200.2))

CPU model: Intel(R) Core(TM) i9-14900K, instruction set [SSE2|AVX|AVX2]
Thread count: 24 physical cores, 32 logical processors, using up to 1 threads

Non-default parameters:
TimeLimit  1200
MIPGap  0.05
Heuristics  0.5
MIPFocus  3
FlowCoverCuts  2
Presolve  2
Threads  1

Optimize a model with 26902 rows, 53707 columns and 243290 nonzeros
Model fingerprint: 0xb76617fb
Variable types: 2099 continuous, 51608 integer (18485 binary)
Coefficient statistics:
  Matrix range     [1e+00, 4e+02]
  Objective range  [8e-03, 1e+02]
  Bounds range     [1e+00, 3e+00]
  RHS range        [1e+00, 1e+04]

Warning: Completing partial solution with 50884 unfixed non-continuous variables out of 51608
User MIP start produced solution with objective 282785 (0.03s)
Loaded user MIP start with objective 282785


Explored 0 nodes (0 simplex iterations) in 0.04 seconds (0.06 work units)
Thread count was 1 (of 32 available processors)

Solution count 2: 282785 282785 

Optimal solution found (tolerance 5.00e-02)
Best objective 2.827850919796e+05, best bound 2.763850000000e+05, gap 2.2632%
✅ Solution time [sec]: 1.79
📊 Status: optimal
💰 Operation Cost: 324986.65252324875
⚠️ No se encontró 'gurobi.log'. 
✔ JSON de variables y parámetros, log y summary guardados en 'C:\Users\TECNO-MASTER\Desktop\Elmo_infrastructure_sizing_NP-\output\DCH_septiembre\Bateria_482\Costo_variable\Swap_restringido\Swap_variable_3estaciones_320kW_Descomp/station_1_d182'.
  [Fase 2 (infra fija)] estacion=station_3 dia=274 -> C:\Users\TECNO-MASTER\Desktop\Elmo_infrastructure_sizing_NP-\output\DCH_septiembre\Bateria_482\Costo_variable\Swap_restringido\Swap_variable_3estaciones_320kW_Descomp/station_3_d274
✔ Warm start Y: 256 cargados, 0 omitidos
✔ Warm start Z: 455 cargados, 0 omitidos
✔ Warm start Z_swap: 9 cargados, 0 omitidos
✔ Warm start N_chargers: 0 cargados, 1 omitidos
✔ Warm start N_bays: 0 cargados, 1 omitidos
✔ Warm start X: 0 cargados, 1 omitidos
✔ Warm start N_batteries: 0 cargados, 1 omitidos
✔ Warm start completo desde 'C:\Users\TECNO-MASTER\Desktop\Elmo_infrastructure_sizing_NP-\output\DCH_septiembre\Bateria_482\Costo_variable\Swap_restringido\Swap_variable_3estaciones_320kW_Descomp\station_3_d274_stage1': 720 valores cargados, 4 omitidos
formulation time: 7.506420373916626
Set parameter OutputFlag to value 1
Set parameter OutputFlag to value 1
Set parameter LogToConsole to value 1
Set parameter MIPGap to value 0.05
Set parameter TimeLimit to value 1200
Set parameter LogFile to value "C:\Users\TECNO-MASTER\Desktop\Elmo_infrastructure_sizing_NP-\output\DCH_septiembre\Bateria_482\Costo_variable\Swap_restringido\Swap_variable_3estaciones_320kW_Descomp\station_3_d274\ELMO_log.txt"
Set parameter Threads to value 1
Set parameter Heuristics to value 0.5
Set parameter MIPFocus to value 3
Set parameter Presolve to value 2
Set parameter FlowCoverCuts to value 2
Gurobi Optimizer version 12.0.3 build v12.0.3rc0 (win64 - Windows 11+.0 (26200.2))

CPU model: Intel(R) Core(TM) i9-14900K, instruction set [SSE2|AVX|AVX2]
Thread count: 24 physical cores, 32 logical processors, using up to 1 threads

Non-default parameters:
TimeLimit  1200
MIPGap  0.05
Heuristics  0.5
MIPFocus  3
FlowCoverCuts  2
Presolve  2
Threads  1

Optimize a model with 26872 rows, 53707 columns and 243230 nonzeros
Model fingerprint: 0x5b59b022
Variable types: 2099 continuous, 51608 integer (18485 binary)
Coefficient statistics:
  Matrix range     [1e+00, 4e+02]
  Objective range  [4e-03, 1e+02]
  Bounds range     [1e+00, 3e+00]
  RHS range        [1e+00, 1e+04]

Warning: Completing partial solution with 50884 unfixed non-continuous variables out of 51608
User MIP start produced solution with objective 284132 (0.03s)
Loaded user MIP start with objective 284132


Explored 0 nodes (0 simplex iterations) in 0.04 seconds (0.06 work units)
Thread count was 1 (of 32 available processors)

Solution count 2: 284132 284132 

Optimal solution found (tolerance 5.00e-02)
Best objective 2.841323599675e+05, best bound 2.763850000000e+05, gap 2.7267%
✅ Solution time [sec]: 1.77
📊 Status: optimal
💰 Operation Cost: 324817.01656163734
⚠️ No se encontró 'gurobi.log'. 
✔ JSON de variables y parámetros, log y summary guardados en 'C:\Users\TECNO-MASTER\Desktop\Elmo_infrastructure_sizing_NP-\output\DCH_septiembre\Bateria_482\Costo_variable\Swap_restringido\Swap_variable_3estaciones_320kW_Descomp/station_1_d91'.
  [Fase 2 (infra fija)] estacion=station_3 dia=305 -> C:\Users\TECNO-MASTER\Desktop\Elmo_infrastructure_sizing_NP-\output\DCH_septiembre\Bateria_482\Costo_variable\Swap_restringido\Swap_variable_3estaciones_320kW_Descomp/station_3_d305
✔ Warm start Y: 271 cargados, 0 omitidos
✔ Warm start Z: 440 cargados, 0 omitidos
✔ Warm start Z_swap: 9 cargados, 0 omitidos
✔ Warm start N_chargers: 0 cargados, 1 omitidos
✔ Warm start N_bays: 0 cargados, 1 omitidos
✔ Warm start X: 0 cargados, 1 omitidos
✔ Warm start N_batteries: 0 cargados, 1 omitidos
✔ Warm start completo desde 'C:\Users\TECNO-MASTER\Desktop\Elmo_infrastructure_sizing_NP-\output\DCH_septiembre\Bateria_482\Costo_variable\Swap_restringido\Swap_variable_3estaciones_320kW_Descomp\station_3_d305_stage1': 720 valores cargados, 4 omitidos
formulation time: 7.216178894042969
Set parameter OutputFlag to value 1
Set parameter OutputFlag to value 1
Set parameter LogToConsole to value 1
Set parameter MIPGap to value 0.05
Set parameter TimeLimit to value 1200
Set parameter LogFile to value "C:\Users\TECNO-MASTER\Desktop\Elmo_infrastructure_sizing_NP-\output\DCH_septiembre\Bateria_482\Costo_variable\Swap_restringido\Swap_variable_3estaciones_320kW_Descomp\station_3_d305\ELMO_log.txt"
Set parameter Threads to value 1
Set parameter Heuristics to value 0.5
Set parameter MIPFocus to value 3
Set parameter Presolve to value 2
Set parameter FlowCoverCuts to value 2
Gurobi Optimizer version 12.0.3 build v12.0.3rc0 (win64 - Windows 11+.0 (26200.2))

CPU model: Intel(R) Core(TM) i9-14900K, instruction set [SSE2|AVX|AVX2]
Thread count: 24 physical cores, 32 logical processors, using up to 1 threads

Non-default parameters:
TimeLimit  1200
MIPGap  0.05
Heuristics  0.5
MIPFocus  3
FlowCoverCuts  2
Presolve  2
Threads  1

Optimize a model with 26872 rows, 53707 columns and 243230 nonzeros
Model fingerprint: 0x37eee329
Variable types: 2099 continuous, 51608 integer (18485 binary)
Coefficient statistics:
  Matrix range     [1e+00, 4e+02]
  Objective range  [1e-01, 1e+02]
  Bounds range     [1e+00, 3e+00]
  RHS range        [1e+00, 1e+04]

Warning: Completing partial solution with 50884 unfixed non-continuous variables out of 51608
User MIP start produced solution with objective 285161 (0.03s)
Loaded user MIP start with objective 285161


Explored 0 nodes (0 simplex iterations) in 0.04 seconds (0.06 work units)
Thread count was 1 (of 32 available processors)

Solution count 2: 285161 285161 

Optimal solution found (tolerance 5.00e-02)
Best objective 2.851613160855e+05, best bound 2.763850000000e+05, gap 3.0777%
✅ Solution time [sec]: 1.76
📊 Status: optimal
💰 Operation Cost: 323026.84734255244
⚠️ No se encontró 'gurobi.log'. 
✔ JSON de variables y parámetros, log y summary guardados en 'C:\Users\TECNO-MASTER\Desktop\Elmo_infrastructure_sizing_NP-\output\DCH_septiembre\Bateria_482\Costo_variable\Swap_restringido\Swap_variable_3estaciones_320kW_Descomp/station_1_d121'.
  [Fase 2 (infra fija)] estacion=station_3 dia=335 -> C:\Users\TECNO-MASTER\Desktop\Elmo_infrastructure_sizing_NP-\output\DCH_septiembre\Bateria_482\Costo_variable\Swap_restringido\Swap_variable_3estaciones_320kW_Descomp/station_3_d335
✔ Warm start Y: 266 cargados, 0 omitidos
✔ Warm start Z: 446 cargados, 0 omitidos
✔ Warm start Z_swap: 8 cargados, 0 omitidos
✔ Warm start N_chargers: 0 cargados, 1 omitidos
✔ Warm start N_bays: 0 cargados, 1 omitidos
✔ Warm start X: 0 cargados, 1 omitidos
✔ Warm start N_batteries: 0 cargados, 1 omitidos
✔ Warm start completo desde 'C:\Users\TECNO-MASTER\Desktop\Elmo_infrastructure_sizing_NP-\output\DCH_septiembre\Bateria_482\Costo_variable\Swap_restringido\Swap_variable_3estaciones_320kW_Descomp\station_3_d335_stage1': 720 valores cargados, 4 omitidos
formulation time: 6.904326915740967
Set parameter OutputFlag to value 1
Set parameter OutputFlag to value 1
Set parameter LogToConsole to value 1
Set parameter MIPGap to value 0.05
Set parameter TimeLimit to value 1200
Set parameter LogFile to value "C:\Users\TECNO-MASTER\Desktop\Elmo_infrastructure_sizing_NP-\output\DCH_septiembre\Bateria_482\Costo_variable\Swap_restringido\Swap_variable_3estaciones_320kW_Descomp\station_3_d335\ELMO_log.txt"
Set parameter Threads to value 1
Set parameter Heuristics to value 0.5
Set parameter MIPFocus to value 3
Set parameter Presolve to value 2
Set parameter FlowCoverCuts to value 2
Gurobi Optimizer version 12.0.3 build v12.0.3rc0 (win64 - Windows 11+.0 (26200.2))

CPU model: Intel(R) Core(TM) i9-14900K, instruction set [SSE2|AVX|AVX2]
Thread count: 24 physical cores, 32 logical processors, using up to 1 threads

Non-default parameters:
TimeLimit  1200
MIPGap  0.05
Heuristics  0.5
MIPFocus  3
FlowCoverCuts  2
Presolve  2
Threads  1

Optimize a model with 26872 rows, 53707 columns and 243230 nonzeros
Model fingerprint: 0xf2a79dcd
Variable types: 2099 continuous, 51608 integer (18485 binary)
Coefficient statistics:
  Matrix range     [1e+00, 4e+02]
  Objective range  [4e-03, 1e+02]
  Bounds range     [1e+00, 3e+00]
  RHS range        [1e+00, 1e+04]

Warning: Completing partial solution with 50884 unfixed non-continuous variables out of 51608
User MIP start produced solution with objective 281262 (0.03s)
Loaded user MIP start with objective 281262


Explored 0 nodes (0 simplex iterations) in 0.04 seconds (0.06 work units)
Thread count was 1 (of 32 available processors)

Solution count 2: 281262 281262 

Optimal solution found (tolerance 5.00e-02)
Best objective 2.812623587900e+05, best bound 2.763850000000e+05, gap 1.7341%
✅ Solution time [sec]: 1.77
📊 Status: optimal
💰 Operation Cost: 324251.0839118832
⚠️ No se encontró 'gurobi.log'. 
✔ JSON de variables y parámetros, log y summary guardados en 'C:\Users\TECNO-MASTER\Desktop\Elmo_infrastructure_sizing_NP-\output\DCH_septiembre\Bateria_482\Costo_variable\Swap_restringido\Swap_variable_3estaciones_320kW_Descomp/station_1_d32'.
✅ Solution time [sec]: 1.91
📊 Status: optimal
💰 Operation Cost: 284317.01953927206
⚠️ No se encontró 'gurobi.log'. 
✔ JSON de variables y parámetros, log y summary guardados en 'C:\Users\TECNO-MASTER\Desktop\Elmo_infrastructure_sizing_NP-\output\DCH_septiembre\Bateria_482\Costo_variable\Swap_restringido\Swap_variable_3estaciones_320kW_Descomp/station_2_d60'.
✅ Solution time [sec]: 1.74
📊 Status: optimal
💰 Operation Cost: 323457.42484573997
⚠️ No se encontró 'gurobi.log'. 
✔ JSON de variables y parámetros, log y summary guardados en 'C:\Users\TECNO-MASTER\Desktop\Elmo_infrastructure_sizing_NP-\output\DCH_septiembre\Bateria_482\Costo_variable\Swap_restringido\Swap_variable_3estaciones_320kW_Descomp/station_1_d244'.
✅ Solution time [sec]: 1.89
📊 Status: optimal
💰 Operation Cost: 286259.18128708086
⚠️ No se encontró 'gurobi.log'. 
✔ JSON de variables y parámetros, log y summary guardados en 'C:\Users\TECNO-MASTER\Desktop\Elmo_infrastructure_sizing_NP-\output\DCH_septiembre\Bateria_482\Costo_variable\Swap_restringido\Swap_variable_3estaciones_320kW_Descomp/station_2_d91'.
✅ Solution time [sec]: 1.81
📊 Status: optimal
💰 Operation Cost: 324258.32587902667
⚠️ No se encontró 'gurobi.log'. 
✔ JSON de variables y parámetros, log y summary guardados en 'C:\Users\TECNO-MASTER\Desktop\Elmo_infrastructure_sizing_NP-\output\DCH_septiembre\Bateria_482\Costo_variable\Swap_restringido\Swap_variable_3estaciones_320kW_Descomp/station_1_d213'.
✅ Solution time [sec]: 1.81
📊 Status: optimal
💰 Operation Cost: 323695.24738217145
⚠️ No se encontró 'gurobi.log'. 
✔ JSON de variables y parámetros, log y summary guardados en 'C:\Users\TECNO-MASTER\Desktop\Elmo_infrastructure_sizing_NP-\output\DCH_septiembre\Bateria_482\Costo_variable\Swap_restringido\Swap_variable_3estaciones_320kW_Descomp/station_1_d60'.
✅ Solution time [sec]: 1.78
📊 Status: optimal
💰 Operation Cost: 322043.78287555615
⚠️ No se encontró 'gurobi.log'. 
✔ JSON de variables y parámetros, log y summary guardados en 'C:\Users\TECNO-MASTER\Desktop\Elmo_infrastructure_sizing_NP-\output\DCH_septiembre\Bateria_482\Costo_variable\Swap_restringido\Swap_variable_3estaciones_320kW_Descomp/station_1_d335'.
✅ Solution time [sec]: 1.80
📊 Status: optimal
💰 Operation Cost: 322577.07021659246
⚠️ No se encontró 'gurobi.log'. 
✔ JSON de variables y parámetros, log y summary guardados en 'C:\Users\TECNO-MASTER\Desktop\Elmo_infrastructure_sizing_NP-\output\DCH_septiembre\Bateria_482\Costo_variable\Swap_restringido\Swap_variable_3estaciones_320kW_Descomp/station_1_d274'.
✅ Solution time [sec]: 1.92
📊 Status: optimal
💰 Operation Cost: 286990.9499798103
⚠️ No se encontró 'gurobi.log'. 
✔ JSON de variables y parámetros, log y summary guardados en 'C:\Users\TECNO-MASTER\Desktop\Elmo_infrastructure_sizing_NP-\output\DCH_septiembre\Bateria_482\Costo_variable\Swap_restringido\Swap_variable_3estaciones_320kW_Descomp/station_2_d32'.
✅ Solution time [sec]: 1.89
📊 Status: optimal
💰 Operation Cost: 323605.286037196
⚠️ No se encontró 'gurobi.log'. 
✔ JSON de variables y parámetros, log y summary guardados en 'C:\Users\TECNO-MASTER\Desktop\Elmo_infrastructure_sizing_NP-\output\DCH_septiembre\Bateria_482\Costo_variable\Swap_restringido\Swap_variable_3estaciones_320kW_Descomp/station_1_d1'.
✅ Solution time [sec]: 2.09
📊 Status: optimal
💰 Operation Cost: 286863.1594441721
⚠️ No se encontró 'gurobi.log'. 
✔ JSON de variables y parámetros, log y summary guardados en 'C:\Users\TECNO-MASTER\Desktop\Elmo_infrastructure_sizing_NP-\output\DCH_septiembre\Bateria_482\Costo_variable\Swap_restringido\Swap_variable_3estaciones_320kW_Descomp/station_2_d152'.
✅ Solution time [sec]: 1.87
📊 Status: optimal
💰 Operation Cost: 283557.12329341297
⚠️ No se encontró 'gurobi.log'. 
✔ JSON de variables y parámetros, log y summary guardados en 'C:\Users\TECNO-MASTER\Desktop\Elmo_infrastructure_sizing_NP-\output\DCH_septiembre\Bateria_482\Costo_variable\Swap_restringido\Swap_variable_3estaciones_320kW_Descomp/station_3_d32'.
✅ Solution time [sec]: 1.84
📊 Status: optimal
💰 Operation Cost: 323508.26064701553
⚠️ No se encontró 'gurobi.log'. 
✔ JSON de variables y parámetros, log y summary guardados en 'C:\Users\TECNO-MASTER\Desktop\Elmo_infrastructure_sizing_NP-\output\DCH_septiembre\Bateria_482\Costo_variable\Swap_restringido\Swap_variable_3estaciones_320kW_Descomp/station_1_d305'.
✅ Solution time [sec]: 1.85
📊 Status: optimal
💰 Operation Cost: 282878.3170866879
⚠️ No se encontró 'gurobi.log'. 
✔ JSON de variables y parámetros, log y summary guardados en 'C:\Users\TECNO-MASTER\Desktop\Elmo_infrastructure_sizing_NP-\output\DCH_septiembre\Bateria_482\Costo_variable\Swap_restringido\Swap_variable_3estaciones_320kW_Descomp/station_3_d1'.
✅ Solution time [sec]: 1.93
📊 Status: optimal
💰 Operation Cost: 283351.1985388553
⚠️ No se encontró 'gurobi.log'. 
✔ JSON de variables y parámetros, log y summary guardados en 'C:\Users\TECNO-MASTER\Desktop\Elmo_infrastructure_sizing_NP-\output\DCH_septiembre\Bateria_482\Costo_variable\Swap_restringido\Swap_variable_3estaciones_320kW_Descomp/station_2_d1'.
✅ Solution time [sec]: 1.99
📊 Status: optimal
💰 Operation Cost: 282143.35257286613
⚠️ No se encontró 'gurobi.log'. 
✔ JSON de variables y parámetros, log y summary guardados en 'C:\Users\TECNO-MASTER\Desktop\Elmo_infrastructure_sizing_NP-\output\DCH_septiembre\Bateria_482\Costo_variable\Swap_restringido\Swap_variable_3estaciones_320kW_Descomp/station_2_d121'.
✅ Solution time [sec]: 1.89
📊 Status: optimal
💰 Operation Cost: 286283.9955377552
⚠️ No se encontró 'gurobi.log'. 
✔ JSON de variables y parámetros, log y summary guardados en 'C:\Users\TECNO-MASTER\Desktop\Elmo_infrastructure_sizing_NP-\output\DCH_septiembre\Bateria_482\Costo_variable\Swap_restringido\Swap_variable_3estaciones_320kW_Descomp/station_3_d60'.
✅ Solution time [sec]: 1.90
📊 Status: optimal
💰 Operation Cost: 283471.0925351813
⚠️ No se encontró 'gurobi.log'. 
✔ JSON de variables y parámetros, log y summary guardados en 'C:\Users\TECNO-MASTER\Desktop\Elmo_infrastructure_sizing_NP-\output\DCH_septiembre\Bateria_482\Costo_variable\Swap_restringido\Swap_variable_3estaciones_320kW_Descomp/station_3_d213'.
✅ Solution time [sec]: 1.96
📊 Status: optimal
💰 Operation Cost: 284491.213579617
⚠️ No se encontró 'gurobi.log'. 
✔ JSON de variables y parámetros, log y summary guardados en 'C:\Users\TECNO-MASTER\Desktop\Elmo_infrastructure_sizing_NP-\output\DCH_septiembre\Bateria_482\Costo_variable\Swap_restringido\Swap_variable_3estaciones_320kW_Descomp/station_2_d305'.
✅ Solution time [sec]: 1.85
📊 Status: optimal
💰 Operation Cost: 286899.8632871844
⚠️ No se encontró 'gurobi.log'. 
✔ JSON de variables y parámetros, log y summary guardados en 'C:\Users\TECNO-MASTER\Desktop\Elmo_infrastructure_sizing_NP-\output\DCH_septiembre\Bateria_482\Costo_variable\Swap_restringido\Swap_variable_3estaciones_320kW_Descomp/station_3_d152'.
✅ Solution time [sec]: 1.95
📊 Status: optimal
💰 Operation Cost: 286963.1807627647
⚠️ No se encontró 'gurobi.log'. 
✔ JSON de variables y parámetros, log y summary guardados en 'C:\Users\TECNO-MASTER\Desktop\Elmo_infrastructure_sizing_NP-\output\DCH_septiembre\Bateria_482\Costo_variable\Swap_restringido\Swap_variable_3estaciones_320kW_Descomp/station_2_d182'.
✅ Solution time [sec]: 1.91
📊 Status: optimal
💰 Operation Cost: 282143.35257286613
⚠️ No se encontró 'gurobi.log'. 
✔ JSON de variables y parámetros, log y summary guardados en 'C:\Users\TECNO-MASTER\Desktop\Elmo_infrastructure_sizing_NP-\output\DCH_septiembre\Bateria_482\Costo_variable\Swap_restringido\Swap_variable_3estaciones_320kW_Descomp/station_3_d121'.
✅ Solution time [sec]: 1.91
📊 Status: optimal
💰 Operation Cost: 282785.09197955125
⚠️ No se encontró 'gurobi.log'. 
✔ JSON de variables y parámetros, log y summary guardados en 'C:\Users\TECNO-MASTER\Desktop\Elmo_infrastructure_sizing_NP-\output\DCH_septiembre\Bateria_482\Costo_variable\Swap_restringido\Swap_variable_3estaciones_320kW_Descomp/station_2_d244'.
✅ Solution time [sec]: 1.88
📊 Status: optimal
💰 Operation Cost: 284572.04155901464
⚠️ No se encontró 'gurobi.log'. 
✔ JSON de variables y parámetros, log y summary guardados en 'C:\Users\TECNO-MASTER\Desktop\Elmo_infrastructure_sizing_NP-\output\DCH_septiembre\Bateria_482\Costo_variable\Swap_restringido\Swap_variable_3estaciones_320kW_Descomp/station_3_d182'.
✅ Solution time [sec]: 1.97
📊 Status: optimal
💰 Operation Cost: 283471.0925351813
⚠️ No se encontró 'gurobi.log'. 
✔ JSON de variables y parámetros, log y summary guardados en 'C:\Users\TECNO-MASTER\Desktop\Elmo_infrastructure_sizing_NP-\output\DCH_septiembre\Bateria_482\Costo_variable\Swap_restringido\Swap_variable_3estaciones_320kW_Descomp/station_2_d213'.
✅ Solution time [sec]: 1.88
📊 Status: optimal
💰 Operation Cost: 284154.03322525375
⚠️ No se encontró 'gurobi.log'. 
✔ JSON de variables y parámetros, log y summary guardados en 'C:\Users\TECNO-MASTER\Desktop\Elmo_infrastructure_sizing_NP-\output\DCH_septiembre\Bateria_482\Costo_variable\Swap_restringido\Swap_variable_3estaciones_320kW_Descomp/station_3_d91'.
✅ Solution time [sec]: 1.88
📊 Status: optimal
💰 Operation Cost: 283690.7396294757
⚠️ No se encontró 'gurobi.log'. 
✔ JSON de variables y parámetros, log y summary guardados en 'C:\Users\TECNO-MASTER\Desktop\Elmo_infrastructure_sizing_NP-\output\DCH_septiembre\Bateria_482\Costo_variable\Swap_restringido\Swap_variable_3estaciones_320kW_Descomp/station_2_d335'.
✅ Solution time [sec]: 1.79
📊 Status: optimal
💰 Operation Cost: 282183.52197812987
⚠️ No se encontró 'gurobi.log'. 
✔ JSON de variables y parámetros, log y summary guardados en 'C:\Users\TECNO-MASTER\Desktop\Elmo_infrastructure_sizing_NP-\output\DCH_septiembre\Bateria_482\Costo_variable\Swap_restringido\Swap_variable_3estaciones_320kW_Descomp/station_2_d274'.
✅ Solution time [sec]: 1.72
📊 Status: optimal
💰 Operation Cost: 282785.09197955125
⚠️ No se encontró 'gurobi.log'. 
✔ JSON de variables y parámetros, log y summary guardados en 'C:\Users\TECNO-MASTER\Desktop\Elmo_infrastructure_sizing_NP-\output\DCH_septiembre\Bateria_482\Costo_variable\Swap_restringido\Swap_variable_3estaciones_320kW_Descomp/station_3_d244'.
✅ Solution time [sec]: 1.65
📊 Status: optimal
💰 Operation Cost: 284132.35996749107
⚠️ No se encontró 'gurobi.log'. 
✔ JSON de variables y parámetros, log y summary guardados en 'C:\Users\TECNO-MASTER\Desktop\Elmo_infrastructure_sizing_NP-\output\DCH_septiembre\Bateria_482\Costo_variable\Swap_restringido\Swap_variable_3estaciones_320kW_Descomp/station_3_d274'.
✅ Solution time [sec]: 1.58
📊 Status: optimal
💰 Operation Cost: 285161.31608546263
⚠️ No se encontró 'gurobi.log'. 
✔ JSON de variables y parámetros, log y summary guardados en 'C:\Users\TECNO-MASTER\Desktop\Elmo_infrastructure_sizing_NP-\output\DCH_septiembre\Bateria_482\Costo_variable\Swap_restringido\Swap_variable_3estaciones_320kW_Descomp/station_3_d305'.
✅ Solution time [sec]: 1.59
📊 Status: optimal
💰 Operation Cost: 281262.3587900285
⚠️ No se encontró 'gurobi.log'. 
✔ JSON de variables y parámetros, log y summary guardados en 'C:\Users\TECNO-MASTER\Desktop\Elmo_infrastructure_sizing_NP-\output\DCH_septiembre\Bateria_482\Costo_variable\Swap_restringido\Swap_variable_3estaciones_320kW_Descomp/station_3_d335'.
[wp2] usando consumos precalculados desde: C:\Users\TECNO-MASTER\Desktop\Elmo_infrastructure_sizing_NP-\data\Escenarios_DCH_septiembre\Bateria_482\Costo_variable\Swap_variable_3estaciones_320kW/electric_routes_within_time.json

=== Fase 0 (maestro): repartiendo target de produccion diario entre macrobloques ===
  [maestro] dia 1: D_d=40320.0  station_1: T=13117.3 (Cap=[11869.2,16813.4])  station_2: T=13896.8 (Cap=[12564.7,17841.6])  station_3: T=13305.8 (Cap=[12111.1,16843.7])
  [maestro] dia 32: D_d=40320.0  station_1: T=13117.3 (Cap=[11869.2,16813.4])  station_2: T=13896.8 (Cap=[12564.7,17841.6])  station_3: T=13305.8 (Cap=[12111.1,16843.7])
  [maestro] dia 60: D_d=40320.0  station_1: T=13117.3 (Cap=[11869.2,16813.4])  station_2: T=13896.8 (Cap=[12564.7,17841.6])  station_3: T=13305.8 (Cap=[12111.1,16843.7])
  [maestro] dia 91: D_d=40320.0  station_1: T=13117.3 (Cap=[11869.2,16813.4])  station_2: T=13896.8 (Cap=[12564.7,17841.6])  station_3: T=13305.8 (Cap=[12111.1,16843.7])
  [maestro] dia 121: D_d=40320.0  station_1: T=13117.3 (Cap=[11869.2,16813.4])  station_2: T=13896.8 (Cap=[12564.7,17841.6])  station_3: T=13305.8 (Cap=[12111.1,16843.7])
  [maestro] dia 152: D_d=40320.0  station_1: T=13117.3 (Cap=[11869.2,16813.4])  station_2: T=13896.8 (Cap=[12564.7,17841.6])  station_3: T=13305.8 (Cap=[12111.1,16843.7])
  [maestro] dia 182: D_d=40320.0  station_1: T=13117.3 (Cap=[11869.2,16813.4])  station_2: T=13896.8 (Cap=[12564.7,17841.6])  station_3: T=13305.8 (Cap=[12111.1,16843.7])
  [maestro] dia 213: D_d=40320.0  station_1: T=13117.3 (Cap=[11869.2,16813.4])  station_2: T=13896.8 (Cap=[12564.7,17841.6])  station_3: T=13305.8 (Cap=[12111.1,16843.7])
  [maestro] dia 244: D_d=40320.0  station_1: T=13117.3 (Cap=[11869.2,16813.4])  station_2: T=13896.8 (Cap=[12564.7,17841.6])  station_3: T=13305.8 (Cap=[12111.1,16843.7])
  [maestro] dia 274: D_d=40320.0  station_1: T=13117.3 (Cap=[11869.2,16813.4])  station_2: T=13896.8 (Cap=[12564.7,17841.6])  station_3: T=13305.8 (Cap=[12111.1,16843.7])
  [maestro] dia 305: D_d=40320.0  station_1: T=13117.3 (Cap=[11869.2,16813.4])  station_2: T=13896.8 (Cap=[12564.7,17841.6])  station_3: T=13305.8 (Cap=[12111.1,16843.7])
  [maestro] dia 335: D_d=40320.0  station_1: T=13117.3 (Cap=[11869.2,16813.4])  station_2: T=13896.8 (Cap=[12564.7,17841.6])  station_3: T=13305.8 (Cap=[12111.1,16843.7])
Hilos de Gurobi por worker: 1 (workers=32, cpus=32)

=== Fase 1: 36 subproblemas (estacion x dia) en paralelo (32 workers), infraestructura libre ===

=== Infraestructura de swap fijada por estacion (maximo entre dias) ===
  station_2: {'N_chargers': 1, 'N_bays': 1, 'N_batteries': 2, 'X': 1}
  station_3: {'N_chargers': 1, 'N_bays': 1, 'N_batteries': 2, 'X': 1}
  station_1: {'N_chargers': 2, 'N_bays': 1, 'N_batteries': 2, 'X': 1}

=== Fase 2: 36 subproblemas (estacion x dia) en paralelo (32 workers), infraestructura fija ===

Listo. Resultados finales en:
  C:\Users\TECNO-MASTER\Desktop\Elmo_infrastructure_sizing_NP-\output\DCH_septiembre\Bateria_482\Costo_variable\Swap_restringido\Swap_variable_3estaciones_320kW_Descomp/station_1_d1
  C:\Users\TECNO-MASTER\Desktop\Elmo_infrastructure_sizing_NP-\output\DCH_septiembre\Bateria_482\Costo_variable\Swap_restringido\Swap_variable_3estaciones_320kW_Descomp/station_1_d32
  C:\Users\TECNO-MASTER\Desktop\Elmo_infrastructure_sizing_NP-\output\DCH_septiembre\Bateria_482\Costo_variable\Swap_restringido\Swap_variable_3estaciones_320kW_Descomp/station_1_d60
  C:\Users\TECNO-MASTER\Desktop\Elmo_infrastructure_sizing_NP-\output\DCH_septiembre\Bateria_482\Costo_variable\Swap_restringido\Swap_variable_3estaciones_320kW_Descomp/station_1_d91
  C:\Users\TECNO-MASTER\Desktop\Elmo_infrastructure_sizing_NP-\output\DCH_septiembre\Bateria_482\Costo_variable\Swap_restringido\Swap_variable_3estaciones_320kW_Descomp/station_1_d121
  C:\Users\TECNO-MASTER\Desktop\Elmo_infrastructure_sizing_NP-\output\DCH_septiembre\Bateria_482\Costo_variable\Swap_restringido\Swap_variable_3estaciones_320kW_Descomp/station_1_d152
  C:\Users\TECNO-MASTER\Desktop\Elmo_infrastructure_sizing_NP-\output\DCH_septiembre\Bateria_482\Costo_variable\Swap_restringido\Swap_variable_3estaciones_320kW_Descomp/station_1_d182
  C:\Users\TECNO-MASTER\Desktop\Elmo_infrastructure_sizing_NP-\output\DCH_septiembre\Bateria_482\Costo_variable\Swap_restringido\Swap_variable_3estaciones_320kW_Descomp/station_1_d213
  C:\Users\TECNO-MASTER\Desktop\Elmo_infrastructure_sizing_NP-\output\DCH_septiembre\Bateria_482\Costo_variable\Swap_restringido\Swap_variable_3estaciones_320kW_Descomp/station_1_d244
  C:\Users\TECNO-MASTER\Desktop\Elmo_infrastructure_sizing_NP-\output\DCH_septiembre\Bateria_482\Costo_variable\Swap_restringido\Swap_variable_3estaciones_320kW_Descomp/station_1_d274
  C:\Users\TECNO-MASTER\Desktop\Elmo_infrastructure_sizing_NP-\output\DCH_septiembre\Bateria_482\Costo_variable\Swap_restringido\Swap_variable_3estaciones_320kW_Descomp/station_1_d305
  C:\Users\TECNO-MASTER\Desktop\Elmo_infrastructure_sizing_NP-\output\DCH_septiembre\Bateria_482\Costo_variable\Swap_restringido\Swap_variable_3estaciones_320kW_Descomp/station_1_d335
  C:\Users\TECNO-MASTER\Desktop\Elmo_infrastructure_sizing_NP-\output\DCH_septiembre\Bateria_482\Costo_variable\Swap_restringido\Swap_variable_3estaciones_320kW_Descomp/station_2_d1
  C:\Users\TECNO-MASTER\Desktop\Elmo_infrastructure_sizing_NP-\output\DCH_septiembre\Bateria_482\Costo_variable\Swap_restringido\Swap_variable_3estaciones_320kW_Descomp/station_2_d32
  C:\Users\TECNO-MASTER\Desktop\Elmo_infrastructure_sizing_NP-\output\DCH_septiembre\Bateria_482\Costo_variable\Swap_restringido\Swap_variable_3estaciones_320kW_Descomp/station_2_d60
  C:\Users\TECNO-MASTER\Desktop\Elmo_infrastructure_sizing_NP-\output\DCH_septiembre\Bateria_482\Costo_variable\Swap_restringido\Swap_variable_3estaciones_320kW_Descomp/station_2_d91
  C:\Users\TECNO-MASTER\Desktop\Elmo_infrastructure_sizing_NP-\output\DCH_septiembre\Bateria_482\Costo_variable\Swap_restringido\Swap_variable_3estaciones_320kW_Descomp/station_2_d121
  C:\Users\TECNO-MASTER\Desktop\Elmo_infrastructure_sizing_NP-\output\DCH_septiembre\Bateria_482\Costo_variable\Swap_restringido\Swap_variable_3estaciones_320kW_Descomp/station_2_d152
  C:\Users\TECNO-MASTER\Desktop\Elmo_infrastructure_sizing_NP-\output\DCH_septiembre\Bateria_482\Costo_variable\Swap_restringido\Swap_variable_3estaciones_320kW_Descomp/station_2_d182
  C:\Users\TECNO-MASTER\Desktop\Elmo_infrastructure_sizing_NP-\output\DCH_septiembre\Bateria_482\Costo_variable\Swap_restringido\Swap_variable_3estaciones_320kW_Descomp/station_2_d213
  C:\Users\TECNO-MASTER\Desktop\Elmo_infrastructure_sizing_NP-\output\DCH_septiembre\Bateria_482\Costo_variable\Swap_restringido\Swap_variable_3estaciones_320kW_Descomp/station_2_d244
  C:\Users\TECNO-MASTER\Desktop\Elmo_infrastructure_sizing_NP-\output\DCH_septiembre\Bateria_482\Costo_variable\Swap_restringido\Swap_variable_3estaciones_320kW_Descomp/station_2_d274
  C:\Users\TECNO-MASTER\Desktop\Elmo_infrastructure_sizing_NP-\output\DCH_septiembre\Bateria_482\Costo_variable\Swap_restringido\Swap_variable_3estaciones_320kW_Descomp/station_2_d305
  C:\Users\TECNO-MASTER\Desktop\Elmo_infrastructure_sizing_NP-\output\DCH_septiembre\Bateria_482\Costo_variable\Swap_restringido\Swap_variable_3estaciones_320kW_Descomp/station_2_d335
  C:\Users\TECNO-MASTER\Desktop\Elmo_infrastructure_sizing_NP-\output\DCH_septiembre\Bateria_482\Costo_variable\Swap_restringido\Swap_variable_3estaciones_320kW_Descomp/station_3_d1
  C:\Users\TECNO-MASTER\Desktop\Elmo_infrastructure_sizing_NP-\output\DCH_septiembre\Bateria_482\Costo_variable\Swap_restringido\Swap_variable_3estaciones_320kW_Descomp/station_3_d32
  C:\Users\TECNO-MASTER\Desktop\Elmo_infrastructure_sizing_NP-\output\DCH_septiembre\Bateria_482\Costo_variable\Swap_restringido\Swap_variable_3estaciones_320kW_Descomp/station_3_d60
  C:\Users\TECNO-MASTER\Desktop\Elmo_infrastructure_sizing_NP-\output\DCH_septiembre\Bateria_482\Costo_variable\Swap_restringido\Swap_variable_3estaciones_320kW_Descomp/station_3_d91
  C:\Users\TECNO-MASTER\Desktop\Elmo_infrastructure_sizing_NP-\output\DCH_septiembre\Bateria_482\Costo_variable\Swap_restringido\Swap_variable_3estaciones_320kW_Descomp/station_3_d121
  C:\Users\TECNO-MASTER\Desktop\Elmo_infrastructure_sizing_NP-\output\DCH_septiembre\Bateria_482\Costo_variable\Swap_restringido\Swap_variable_3estaciones_320kW_Descomp/station_3_d152
  C:\Users\TECNO-MASTER\Desktop\Elmo_infrastructure_sizing_NP-\output\DCH_septiembre\Bateria_482\Costo_variable\Swap_restringido\Swap_variable_3estaciones_320kW_Descomp/station_3_d182
  C:\Users\TECNO-MASTER\Desktop\Elmo_infrastructure_sizing_NP-\output\DCH_septiembre\Bateria_482\Costo_variable\Swap_restringido\Swap_variable_3estaciones_320kW_Descomp/station_3_d213
  C:\Users\TECNO-MASTER\Desktop\Elmo_infrastructure_sizing_NP-\output\DCH_septiembre\Bateria_482\Costo_variable\Swap_restringido\Swap_variable_3estaciones_320kW_Descomp/station_3_d244
  C:\Users\TECNO-MASTER\Desktop\Elmo_infrastructure_sizing_NP-\output\DCH_septiembre\Bateria_482\Costo_variable\Swap_restringido\Swap_variable_3estaciones_320kW_Descomp/station_3_d274
  C:\Users\TECNO-MASTER\Desktop\Elmo_infrastructure_sizing_NP-\output\DCH_septiembre\Bateria_482\Costo_variable\Swap_restringido\Swap_variable_3estaciones_320kW_Descomp/station_3_d305
  C:\Users\TECNO-MASTER\Desktop\Elmo_infrastructure_sizing_NP-\output\DCH_septiembre\Bateria_482\Costo_variable\Swap_restringido\Swap_variable_3estaciones_320kW_Descomp/station_3_d335
