C:\Users\TECNO-MASTER\anaconda3\lib\site-packages\pandas\core\indexes\base.py:6999: FutureWarning: In a future version, the Index constructor will not infer numeric dtypes when passed object-dtype sequences (matching Series behavior)
  return Index(sequences[0], name=names)
C:\Users\TECNO-MASTER\anaconda3\lib\site-packages\pandas\core\indexes\base.py:6999: FutureWarning: In a future version, the Index constructor will not infer numeric dtypes when passed object-dtype sequences (matching Series behavior)
  return Index(sequences[0], name=names)
C:\Users\TECNO-MASTER\anaconda3\lib\site-packages\pandas\core\indexes\base.py:6999: FutureWarning: In a future version, the Index constructor will not infer numeric dtypes when passed object-dtype sequences (matching Series behavior)
  return Index(sequences[0], name=names)
C:\Users\TECNO-MASTER\anaconda3\lib\site-packages\pandas\core\indexes\base.py:6999: FutureWarning: In a future version, the Index constructor will not infer numeric dtypes when passed object-dtype sequences (matching Series behavior)
  return Index(sequences[0], name=names)
C:\Users\TECNO-MASTER\anaconda3\lib\site-packages\pandas\core\indexes\base.py:6999: FutureWarning: In a future version, the Index constructor will not infer numeric dtypes when passed object-dtype sequences (matching Series behavior)
  return Index(sequences[0], name=names)
C:\Users\TECNO-MASTER\anaconda3\lib\site-packages\pandas\core\indexes\base.py:6999: FutureWarning: In a future version, the Index constructor will not infer numeric dtypes when passed object-dtype sequences (matching Series behavior)
  return Index(sequences[0], name=names)
C:\Users\TECNO-MASTER\anaconda3\lib\site-packages\pandas\core\indexes\base.py:6999: FutureWarning: In a future version, the Index constructor will not infer numeric dtypes when passed object-dtype sequences (matching Series behavior)
  return Index(sequences[0], name=names)
  [Fase 1 (infra libre)] estacion=station_1 dia=60 -> C:\Users\TECNO-MASTER\Desktop\Elmo_infrastructure_sizing_NP-\output\DCH_septiembre\Bateria_353\Costo_variable\Swap_libre\Swap_variable_3estaciones_160kW_Descomp/station_1_d60_stage1
formulation time: 6.442475318908691
Set parameter OutputFlag to value 1
Set parameter OutputFlag to value 1
Set parameter LogToConsole to value 1
Set parameter MIPGap to value 0.05
Set parameter TimeLimit to value 1200
Set parameter LogFile to value "C:\Users\TECNO-MASTER\Desktop\Elmo_infrastructure_sizing_NP-\output\DCH_septiembre\Bateria_353\Costo_variable\Swap_libre\Swap_variable_3estaciones_160kW_Descomp\station_1_d60_stage1\ELMO_log.txt"
Set parameter Threads to value 1
Set parameter Heuristics to value 0.5
Set parameter MIPFocus to value 3
Set parameter Presolve to value 2
Set parameter FlowCoverCuts to value 2
Gurobi Optimizer version 12.0.3 build v12.0.3rc0 (win64 - Windows 11+.0 (26200.2))

CPU model: Intel(R) Core(TM) i9-14900K, instruction set [SSE2|AVX|AVX2]
Thread count: 24 physical cores, 32 logical processors, using up to 1 threads

Non-default parameters:
TimeLimit  1200
MIPGap  0.05
Heuristics  0.5
MIPFocus  3
FlowCoverCuts  2
Presolve  2
Threads  1

Optimize a model with 26328 rows, 53707 columns and 244624 nonzeros
Model fingerprint: 0x4c854e73
Variable types: 2099 continuous, 51608 integer (18485 binary)
Coefficient statistics:
  Matrix range     [1e+00, 3e+02]
  Objective range  [9e-03, 8e+04]
  Bounds range     [1e+00, 1e+01]
  RHS range        [1e+00, 1e+04]
C:\Users\TECNO-MASTER\anaconda3\lib\site-packages\pandas\core\indexes\base.py:6999: FutureWarning: In a future version, the Index constructor will not infer numeric dtypes when passed object-dtype sequences (matching Series behavior)
  return Index(sequences[0], name=names)
Presolve removed 23458 rows and 43791 columns
Presolve time: 0.13s
Presolved: 2870 rows, 9916 columns, 33340 nonzeros
Variable types: 824 continuous, 9092 integer (8474 binary)
Root relaxation presolved: 2870 rows, 9916 columns, 33340 nonzeros

Warning: Markowitz tolerance tightened to 0.03125
  [Fase 1 (infra libre)] estacion=station_1 dia=1 -> C:\Users\TECNO-MASTER\Desktop\Elmo_infrastructure_sizing_NP-\output\DCH_septiembre\Bateria_353\Costo_variable\Swap_libre\Swap_variable_3estaciones_160kW_Descomp/station_1_d1_stage1
formulation time: 6.550365686416626
Set parameter OutputFlag to value 1
Set parameter OutputFlag to value 1
Set parameter LogToConsole to value 1
Set parameter MIPGap to value 0.05
Set parameter TimeLimit to value 1200
Set parameter LogFile to value "C:\Users\TECNO-MASTER\Desktop\Elmo_infrastructure_sizing_NP-\output\DCH_septiembre\Bateria_353\Costo_variable\Swap_libre\Swap_variable_3estaciones_160kW_Descomp\station_1_d1_stage1\ELMO_log.txt"
Set parameter Threads to value 1
Set parameter Heuristics to value 0.5
Set parameter MIPFocus to value 3
Set parameter Presolve to value 2
Set parameter FlowCoverCuts to value 2
Gurobi Optimizer version 12.0.3 build v12.0.3rc0 (win64 - Windows 11+.0 (26200.2))

CPU model: Intel(R) Core(TM) i9-14900K, instruction set [SSE2|AVX|AVX2]
Thread count: 24 physical cores, 32 logical processors, using up to 1 threads

Non-default parameters:
TimeLimit  1200
MIPGap  0.05
Heuristics  0.5
MIPFocus  3
FlowCoverCuts  2
Presolve  2
Threads  1

Optimize a model with 26328 rows, 53707 columns and 244624 nonzeros
Model fingerprint: 0x685037eb
Variable types: 2099 continuous, 51608 integer (18485 binary)
Coefficient statistics:
  Matrix range     [1e+00, 3e+02]
  Objective range  [1e-02, 8e+04]
  Bounds range     [1e+00, 1e+01]
  RHS range        [1e+00, 1e+04]

Root relaxation: objective 1.773662e+05, 15091 iterations, 1.26 seconds (2.37 work units)
Presolve removed 23458 rows and 43791 columns
Presolve time: 0.13s
Presolved: 2870 rows, 9916 columns, 33340 nonzeros
Variable types: 824 continuous, 9092 integer (8474 binary)
Root relaxation presolved: 2870 rows, 9916 columns, 33340 nonzeros

C:\Users\TECNO-MASTER\anaconda3\lib\site-packages\pandas\core\indexes\base.py:6999: FutureWarning: In a future version, the Index constructor will not infer numeric dtypes when passed object-dtype sequences (matching Series behavior)
  return Index(sequences[0], name=names)

    Nodes    |    Current Node    |     Objective Bounds      |     Work
 Expl Unexpl |  Obj  Depth IntInf | Incumbent    BestBd   Gap | It/Node Time

     0     0 177366.190    0   38          - 177366.190      -     -    1s
Warning: Markowitz tolerance tightened to 0.03125
     0     0 178498.326    0   20          - 178498.326      -     -    2s
     0     0 178498.326    0   16          - 178498.326      -     -    2s

Root relaxation: objective 1.779797e+05, 14306 iterations, 1.22 seconds (2.20 work units)
  [Fase 1 (infra libre)] estacion=station_1 dia=32 -> C:\Users\TECNO-MASTER\Desktop\Elmo_infrastructure_sizing_NP-\output\DCH_septiembre\Bateria_353\Costo_variable\Swap_libre\Swap_variable_3estaciones_160kW_Descomp/station_1_d32_stage1
formulation time: 6.810596466064453
Set parameter OutputFlag to value 1
Set parameter OutputFlag to value 1
Set parameter LogToConsole to value 1
Set parameter MIPGap to value 0.05
Set parameter TimeLimit to value 1200
Set parameter LogFile to value "C:\Users\TECNO-MASTER\Desktop\Elmo_infrastructure_sizing_NP-\output\DCH_septiembre\Bateria_353\Costo_variable\Swap_libre\Swap_variable_3estaciones_160kW_Descomp\station_1_d32_stage1\ELMO_log.txt"
Set parameter Threads to value 1
Set parameter Heuristics to value 0.5
Set parameter MIPFocus to value 3
Set parameter Presolve to value 2
Set parameter FlowCoverCuts to value 2
Gurobi Optimizer version 12.0.3 build v12.0.3rc0 (win64 - Windows 11+.0 (26200.2))

CPU model: Intel(R) Core(TM) i9-14900K, instruction set [SSE2|AVX|AVX2]
Thread count: 24 physical cores, 32 logical processors, using up to 1 threads

Non-default parameters:
TimeLimit  1200
MIPGap  0.05
Heuristics  0.5
MIPFocus  3
FlowCoverCuts  2
Presolve  2
Threads  1

Optimize a model with 26328 rows, 53707 columns and 244624 nonzeros
Model fingerprint: 0xea8256e3
Variable types: 2099 continuous, 51608 integer (18485 binary)
Coefficient statistics:
  Matrix range     [1e+00, 3e+02]
  Objective range  [3e-03, 8e+04]
  Bounds range     [1e+00, 1e+01]
  RHS range        [1e+00, 1e+04]
Presolve removed 23452 rows and 43785 columns
Presolve time: 0.15s
Presolved: 2876 rows, 9922 columns, 33478 nonzeros
Variable types: 824 continuous, 9098 integer (8474 binary)
Root relaxation presolved: 2876 rows, 9922 columns, 33478 nonzeros

C:\Users\TECNO-MASTER\anaconda3\lib\site-packages\pandas\core\indexes\base.py:6999: FutureWarning: In a future version, the Index constructor will not infer numeric dtypes when passed object-dtype sequences (matching Series behavior)
  return Index(sequences[0], name=names)
     0     0 178498.326    0   23          - 178498.326      -     -    3s

    Nodes    |    Current Node    |     Objective Bounds      |     Work
 Expl Unexpl |  Obj  Depth IntInf | Incumbent    BestBd   Gap | It/Node Time

     0     0 177979.734    0   31          - 177979.734      -     -    2s
     0     0 178498.326    0   26          - 178498.326      -     -    3s
     0     0 179262.555    0   26          - 179262.555      -     -    2s
     0     0 178498.326    0   19          - 178498.326      -     -    4s
     0     0 178498.326    0   24          - 178498.326      -     -    4s
     0     0 179262.555    0   14          - 179262.555      -     -    2s
     0     0 179262.555    0   42          - 179262.555      -     -    2s
     0     0 178498.326    0   18          - 178498.326      -     -    4s
     0     0 178498.326    0   18          - 178498.326      -     -    4s

Root relaxation: objective 1.781528e+05, 16106 iterations, 1.42 seconds (2.55 work units)
  [Fase 1 (infra libre)] estacion=station_1 dia=91 -> C:\Users\TECNO-MASTER\Desktop\Elmo_infrastructure_sizing_NP-\output\DCH_septiembre\Bateria_353\Costo_variable\Swap_libre\Swap_variable_3estaciones_160kW_Descomp/station_1_d91_stage1
formulation time: 7.165170907974243
Set parameter OutputFlag to value 1
Set parameter OutputFlag to value 1
Set parameter LogToConsole to value 1
Set parameter MIPGap to value 0.05
Set parameter TimeLimit to value 1200
Set parameter LogFile to value "C:\Users\TECNO-MASTER\Desktop\Elmo_infrastructure_sizing_NP-\output\DCH_septiembre\Bateria_353\Costo_variable\Swap_libre\Swap_variable_3estaciones_160kW_Descomp\station_1_d91_stage1\ELMO_log.txt"
Set parameter Threads to value 1
Set parameter Heuristics to value 0.5
Set parameter MIPFocus to value 3
Set parameter Presolve to value 2
Set parameter FlowCoverCuts to value 2
Gurobi Optimizer version 12.0.3 build v12.0.3rc0 (win64 - Windows 11+.0 (26200.2))

CPU model: Intel(R) Core(TM) i9-14900K, instruction set [SSE2|AVX|AVX2]
Thread count: 24 physical cores, 32 logical processors, using up to 1 threads

Non-default parameters:
TimeLimit  1200
MIPGap  0.05
Heuristics  0.5
MIPFocus  3
FlowCoverCuts  2
Presolve  2
Threads  1

Optimize a model with 26358 rows, 53707 columns and 244684 nonzeros
Model fingerprint: 0x0142f879
Variable types: 2099 continuous, 51608 integer (18485 binary)
Coefficient statistics:
  Matrix range     [1e+00, 3e+02]
  Objective range  [1e-02, 8e+04]
  Bounds range     [1e+00, 1e+01]
  RHS range        [1e+00, 1e+04]
     0     0 179262.555    0   26          - 179262.555      -     -    3s
     0     0 179262.555    0   26          - 179262.555      -     -    3s
Presolve removed 23428 rows and 43760 columns
Presolve time: 0.13s
Presolved: 2930 rows, 9947 columns, 33460 nonzeros
Variable types: 824 continuous, 9123 integer (8474 binary)
Root relaxation presolved: 2930 rows, 9947 columns, 33460 nonzeros

C:\Users\TECNO-MASTER\anaconda3\lib\site-packages\pandas\core\indexes\base.py:6999: FutureWarning: In a future version, the Index constructor will not infer numeric dtypes when passed object-dtype sequences (matching Series behavior)
  return Index(sequences[0], name=names)

    Nodes    |    Current Node    |     Objective Bounds      |     Work
 Expl Unexpl |  Obj  Depth IntInf | Incumbent    BestBd   Gap | It/Node Time

     0     0 178152.767    0   36          - 178152.767      -     -    2s
     0     0 179262.555    0   24          - 179262.555      -     -    4s
     0     0 179262.555    0   23          - 179262.555      -     -    4s
     0     0 178152.767    0   34          - 178152.767      -     -    2s
     0     0 179367.371    0   72          - 179367.371      -     -    2s
     0     0 179367.371    0   65          - 179367.371      -     -    2s

Root relaxation: objective 1.791243e+05, 14291 iterations, 1.21 seconds (2.13 work units)
     0     0 179367.371    0   26          - 179367.371      -     -    3s
     0     0 179367.371    0   30          - 179367.371      -     -    3s
  [Fase 1 (infra libre)] estacion=station_1 dia=121 -> C:\Users\TECNO-MASTER\Desktop\Elmo_infrastructure_sizing_NP-\output\DCH_septiembre\Bateria_353\Costo_variable\Swap_libre\Swap_variable_3estaciones_160kW_Descomp/station_1_d121_stage1
formulation time: 7.6025450229644775
Set parameter OutputFlag to value 1
Set parameter OutputFlag to value 1
Set parameter LogToConsole to value 1
Set parameter MIPGap to value 0.05
Set parameter TimeLimit to value 1200
Set parameter LogFile to value "C:\Users\TECNO-MASTER\Desktop\Elmo_infrastructure_sizing_NP-\output\DCH_septiembre\Bateria_353\Costo_variable\Swap_libre\Swap_variable_3estaciones_160kW_Descomp\station_1_d121_stage1\ELMO_log.txt"
Set parameter Threads to value 1
Set parameter Heuristics to value 0.5
Set parameter MIPFocus to value 3
Set parameter Presolve to value 2
Set parameter FlowCoverCuts to value 2
Gurobi Optimizer version 12.0.3 build v12.0.3rc0 (win64 - Windows 11+.0 (26200.2))

CPU model: Intel(R) Core(TM) i9-14900K, instruction set [SSE2|AVX|AVX2]
Thread count: 24 physical cores, 32 logical processors, using up to 1 threads

Non-default parameters:
TimeLimit  1200
MIPGap  0.05
Heuristics  0.5
MIPFocus  3
FlowCoverCuts  2
Presolve  2
Threads  1

Optimize a model with 26358 rows, 53707 columns and 244684 nonzeros
Model fingerprint: 0x43775a83
Variable types: 2099 continuous, 51608 integer (18485 binary)
Coefficient statistics:
  Matrix range     [1e+00, 3e+02]
  Objective range  [8e-03, 8e+04]
  Bounds range     [1e+00, 1e+01]
  RHS range        [1e+00, 1e+04]
Presolve removed 23428 rows and 43760 columns
Presolve time: 0.15s
Presolved: 2930 rows, 9947 columns, 33460 nonzeros
Variable types: 824 continuous, 9123 integer (8474 binary)

    Nodes    |    Current Node    |     Objective Bounds      |     Work
 Expl Unexpl |  Obj  Depth IntInf | Incumbent    BestBd   Gap | It/Node Time

     0     0 179124.264    0   39          - 179124.264      -     -    2s
Root relaxation presolved: 2930 rows, 9947 columns, 33460 nonzeros

C:\Users\TECNO-MASTER\anaconda3\lib\site-packages\pandas\core\indexes\base.py:6999: FutureWarning: In a future version, the Index constructor will not infer numeric dtypes when passed object-dtype sequences (matching Series behavior)
  return Index(sequences[0], name=names)
     0     0 179367.371    0   22          - 179367.371      -     -    4s
     0     0 180578.842    0    4          - 180578.842      -     -    2s
H    0     0                    200115.40609 180578.842  9.76%     -    2s
     0     0 180578.842    0    6 200115.406 180578.842  9.76%     -    2s
     0     0 180578.842    0   40 200115.406 180578.842  9.76%     -    2s
     0     0 179367.371    0   14          - 179367.371      -     -    4s
     0     0 179367.371    0   14          - 179367.371      -     -    4s
     0     0 180578.842    0   12 200115.406 180578.842  9.76%     -    3s
     0     0 179367.371    0    8          - 179367.371      -     -    5s
     0     0 179367.371    0   45          - 179367.371      -     -    5s

Root relaxation: objective 1.779532e+05, 14083 iterations, 1.28 seconds (2.00 work units)
     0     0 180578.842    0   12 200115.406 180578.842  9.76%     -    3s
H    0     0                    180578.84248 180578.842  0.00%     -    3s
     0     0 180578.842    0   12 180578.842 180578.842  0.00%     -    3s

Cutting planes:
  Gomory: 4
  Lift-and-project: 2

Explored 1 nodes (23553 simplex iterations) in 3.47 seconds (5.62 work units)
Thread count was 1 (of 32 available processors)

Solution count 2: 180579 200115 

Optimal solution found (tolerance 5.00e-02)
Best objective 1.805788424845e+05, best bound 1.805788424845e+05, gap 0.0000%
     0     2 178498.326    0   16          - 178498.326      -     -    8s
  [Fase 1 (infra libre)] estacion=station_1 dia=152 -> C:\Users\TECNO-MASTER\Desktop\Elmo_infrastructure_sizing_NP-\output\DCH_septiembre\Bateria_353\Costo_variable\Swap_libre\Swap_variable_3estaciones_160kW_Descomp/station_1_d152_stage1
formulation time: 7.826556921005249
Set parameter OutputFlag to value 1
Set parameter OutputFlag to value 1
Set parameter LogToConsole to value 1
Set parameter MIPGap to value 0.05
Set parameter TimeLimit to value 1200
Set parameter LogFile to value "C:\Users\TECNO-MASTER\Desktop\Elmo_infrastructure_sizing_NP-\output\DCH_septiembre\Bateria_353\Costo_variable\Swap_libre\Swap_variable_3estaciones_160kW_Descomp\station_1_d152_stage1\ELMO_log.txt"
Set parameter Threads to value 1
Set parameter Heuristics to value 0.5
Set parameter MIPFocus to value 3
Set parameter Presolve to value 2
Set parameter FlowCoverCuts to value 2
Gurobi Optimizer version 12.0.3 build v12.0.3rc0 (win64 - Windows 11+.0 (26200.2))

CPU model: Intel(R) Core(TM) i9-14900K, instruction set [SSE2|AVX|AVX2]
Thread count: 24 physical cores, 32 logical processors, using up to 1 threads

Non-default parameters:
TimeLimit  1200
MIPGap  0.05
Heuristics  0.5
MIPFocus  3
FlowCoverCuts  2
Presolve  2
Threads  1

Optimize a model with 26358 rows, 53707 columns and 244684 nonzeros
Model fingerprint: 0x1c81d818
Variable types: 2099 continuous, 51608 integer (18485 binary)
Coefficient statistics:
  Matrix range     [1e+00, 3e+02]
  Objective range  [1e-02, 8e+04]
  Bounds range     [1e+00, 1e+01]
  RHS range        [1e+00, 1e+04]
     0     0 179367.371    0   14          - 179367.371      -     -    5s

    Nodes    |    Current Node    |     Objective Bounds      |     Work
 Expl Unexpl |  Obj  Depth IntInf | Incumbent    BestBd   Gap | It/Node Time

     0     0 177953.223    0   50          - 177953.223      -     -    2s
Presolve removed 23428 rows and 43760 columns
Presolve time: 0.20s
Presolved: 2930 rows, 9947 columns, 33460 nonzeros
Variable types: 824 continuous, 9123 integer (8474 binary)
Root relaxation presolved: 2930 rows, 9947 columns, 33460 nonzeros

     0     0 179367.371    0   12          - 179367.371      -     -    5s
C:\Users\TECNO-MASTER\anaconda3\lib\site-packages\pandas\core\indexes\base.py:6999: FutureWarning: In a future version, the Index constructor will not infer numeric dtypes when passed object-dtype sequences (matching Series behavior)
  return Index(sequences[0], name=names)
     0     0 179160.083    0   23          - 179160.083      -     -    2s
     0     2 179262.555    0   19          - 179262.555      -     -    7s
     0     0 179160.083    0   25          - 179160.083      -     -    2s
     0     0 179160.083    0   11          - 179160.083      -     -    3s
    25    27 178498.326   10   15          - 178498.326      -   586   10s
  [Fase 1 (infra libre)] estacion=station_1 dia=305 -> C:\Users\TECNO-MASTER\Desktop\Elmo_infrastructure_sizing_NP-\output\DCH_septiembre\Bateria_353\Costo_variable\Swap_libre\Swap_variable_3estaciones_160kW_Descomp/station_1_d305_stage1
formulation time: 8.172327995300293
Set parameter OutputFlag to value 1
Set parameter OutputFlag to value 1
Set parameter LogToConsole to value 1
Set parameter MIPGap to value 0.05
Set parameter TimeLimit to value 1200
Set parameter LogFile to value "C:\Users\TECNO-MASTER\Desktop\Elmo_infrastructure_sizing_NP-\output\DCH_septiembre\Bateria_353\Costo_variable\Swap_libre\Swap_variable_3estaciones_160kW_Descomp\station_1_d305_stage1\ELMO_log.txt"
Set parameter Threads to value 1
Set parameter Heuristics to value 0.5
Set parameter MIPFocus to value 3
Set parameter Presolve to value 2
Set parameter FlowCoverCuts to value 2
Gurobi Optimizer version 12.0.3 build v12.0.3rc0 (win64 - Windows 11+.0 (26200.2))

CPU model: Intel(R) Core(TM) i9-14900K, instruction set [SSE2|AVX|AVX2]
Thread count: 24 physical cores, 32 logical processors, using up to 1 threads

Non-default parameters:
TimeLimit  1200
MIPGap  0.05
Heuristics  0.5
MIPFocus  3
FlowCoverCuts  2
Presolve  2
Threads  1

Optimize a model with 26328 rows, 53707 columns and 244624 nonzeros
Model fingerprint: 0x8970293e
Variable types: 2099 continuous, 51608 integer (18485 binary)
Coefficient statistics:
  Matrix range     [1e+00, 3e+02]
  Objective range  [1e-01, 8e+04]
  Bounds range     [1e+00, 1e+01]
  RHS range        [1e+00, 1e+04]

Root relaxation: objective 1.792669e+05, 14833 iterations, 1.46 seconds (2.25 work units)
     0     0 179160.083    0   67          - 179160.083      -     -    3s
     0     0 179160.083    0   68          - 179160.083      -     -    3s
Presolve removed 23452 rows and 43785 columns
Presolve time: 0.14s
Presolved: 2876 rows, 9922 columns, 33478 nonzeros
Variable types: 824 continuous, 9098 integer (8474 binary)
Root relaxation presolved: 2876 rows, 9922 columns, 33478 nonzeros

     0     0 179160.083    0   27          - 179160.083      -     -    4s

    Nodes    |    Current Node    |     Objective Bounds      |     Work
 Expl Unexpl |  Obj  Depth IntInf | Incumbent    BestBd   Gap | It/Node Time

     0     0 179266.938    0   34          - 179266.938      -     -    2s
     0     0 179160.083    0   68          - 179160.083      -     -    4s
C:\Users\TECNO-MASTER\anaconda3\lib\site-packages\pandas\core\indexes\base.py:6999: FutureWarning: In a future version, the Index constructor will not infer numeric dtypes when passed object-dtype sequences (matching Series behavior)
  return Index(sequences[0], name=names)
     0     0 180918.516    0   21          - 180918.516      -     -    2s
    89    91 179262.555   28   13          - 179262.555      -  64.3   10s
     0     0 180918.516    0   24          - 180918.516      -     -    2s
     0     0 179160.083    0    9          - 179160.083      -     -    4s
     0     0 179160.083    0   11          - 179160.083      -     -    5s

Root relaxation: objective 1.795467e+05, 15226 iterations, 1.47 seconds (2.46 work units)
     0     0 179160.083    0    8          - 179160.083      -     -    5s
     0     0 180918.516    0   22          - 180918.516      -     -    3s
  [Fase 1 (infra libre)] estacion=station_1 dia=274 -> C:\Users\TECNO-MASTER\Desktop\Elmo_infrastructure_sizing_NP-\output\DCH_septiembre\Bateria_353\Costo_variable\Swap_libre\Swap_variable_3estaciones_160kW_Descomp/station_1_d274_stage1
formulation time: 8.363741159439087
Set parameter OutputFlag to value 1
Set parameter OutputFlag to value 1
Set parameter LogToConsole to value 1
Set parameter MIPGap to value 0.05
Set parameter TimeLimit to value 1200
Set parameter LogFile to value "C:\Users\TECNO-MASTER\Desktop\Elmo_infrastructure_sizing_NP-\output\DCH_septiembre\Bateria_353\Costo_variable\Swap_libre\Swap_variable_3estaciones_160kW_Descomp\station_1_d274_stage1\ELMO_log.txt"
Set parameter Threads to value 1
Set parameter Heuristics to value 0.5
Set parameter MIPFocus to value 3
Set parameter Presolve to value 2
Set parameter FlowCoverCuts to value 2
Gurobi Optimizer version 12.0.3 build v12.0.3rc0 (win64 - Windows 11+.0 (26200.2))

CPU model: Intel(R) Core(TM) i9-14900K, instruction set [SSE2|AVX|AVX2]
Thread count: 24 physical cores, 32 logical processors, using up to 1 threads

Non-default parameters:
TimeLimit  1200
MIPGap  0.05
Heuristics  0.5
MIPFocus  3
FlowCoverCuts  2
Presolve  2
Threads  1

Optimize a model with 26328 rows, 53707 columns and 244624 nonzeros
Model fingerprint: 0x1f30fd20
Variable types: 2099 continuous, 51608 integer (18485 binary)
Coefficient statistics:
  Matrix range     [1e+00, 3e+02]
  Objective range  [4e-03, 8e+04]
  Bounds range     [1e+00, 1e+01]
  RHS range        [1e+00, 1e+04]
Presolve removed 23456 rows and 43789 columns
Presolve time: 0.14s
Presolved: 2872 rows, 9918 columns, 33378 nonzeros
Variable types: 824 continuous, 9094 integer (8474 binary)
Root relaxation presolved: 2872 rows, 9918 columns, 33378 nonzeros


    Nodes    |    Current Node    |     Objective Bounds      |     Work
 Expl Unexpl |  Obj  Depth IntInf | Incumbent    BestBd   Gap | It/Node Time

     0     0 179546.745    0   32          - 179546.745      -     -    2s
     0     0 180918.516    0   13          - 180918.516      -     -    4s
Warning: Markowitz tolerance tightened to 0.03125
     0     0 180503.192    0   12          - 180503.192      -     -    2s
     0     0 180503.192    0   14          - 180503.192      -     -    2s
C:\Users\TECNO-MASTER\anaconda3\lib\site-packages\pandas\core\indexes\base.py:6999: FutureWarning: In a future version, the Index constructor will not infer numeric dtypes when passed object-dtype sequences (matching Series behavior)
  return Index(sequences[0], name=names)
     0     2 179367.371    0   11          - 179367.371      -     -   10s
     0     0 180918.516    0   11          - 180918.516      -     -    4s
     0     0 180503.192    0    8          - 180503.192      -     -    3s
     0     0 180918.516    0   28          - 180918.516      -     -    4s
     0     0 180503.192    0   44          - 180503.192      -     -    3s
     0     0 180918.516    0   12          - 180918.516      -     -    5s
     0     0 180503.192    0   10          - 180503.192      -     -    3s

Root relaxation: objective 1.781026e+05, 14519 iterations, 1.43 seconds (2.16 work units)
     0     0 180503.192    0   10          - 180503.192      -     -    3s
     0     0 180918.516    0   10          - 180918.516      -     -    5s
     0     0 180503.192    0   13          - 180503.192      -     -    4s

    Nodes    |    Current Node    |     Objective Bounds      |     Work
 Expl Unexpl |  Obj  Depth IntInf | Incumbent    BestBd   Gap | It/Node Time

     0     0 178102.560    0   35          - 178102.560      -     -    2s
  [Fase 1 (infra libre)] estacion=station_1 dia=182 -> C:\Users\TECNO-MASTER\Desktop\Elmo_infrastructure_sizing_NP-\output\DCH_septiembre\Bateria_353\Costo_variable\Swap_libre\Swap_variable_3estaciones_160kW_Descomp/station_1_d182_stage1
formulation time: 9.056562423706055
Set parameter OutputFlag to value 1
Set parameter OutputFlag to value 1
Set parameter LogToConsole to value 1
Set parameter MIPGap to value 0.05
Set parameter TimeLimit to value 1200
Set parameter LogFile to value "C:\Users\TECNO-MASTER\Desktop\Elmo_infrastructure_sizing_NP-\output\DCH_septiembre\Bateria_353\Costo_variable\Swap_libre\Swap_variable_3estaciones_160kW_Descomp\station_1_d182_stage1\ELMO_log.txt"
Set parameter Threads to value 1
Set parameter Heuristics to value 0.5
Set parameter MIPFocus to value 3
Set parameter Presolve to value 2
Set parameter FlowCoverCuts to value 2
Gurobi Optimizer version 12.0.3 build v12.0.3rc0 (win64 - Windows 11+.0 (26200.2))

CPU model: Intel(R) Core(TM) i9-14900K, instruction set [SSE2|AVX|AVX2]
Thread count: 24 physical cores, 32 logical processors, using up to 1 threads

Non-default parameters:
TimeLimit  1200
MIPGap  0.05
Heuristics  0.5
MIPFocus  3
FlowCoverCuts  2
Presolve  2
Threads  1

Optimize a model with 26358 rows, 53707 columns and 244684 nonzeros
Model fingerprint: 0x4aeab03b
Variable types: 2099 continuous, 51608 integer (18485 binary)
Coefficient statistics:
  Matrix range     [1e+00, 3e+02]
  Objective range  [1e-02, 8e+04]
  Bounds range     [1e+00, 1e+01]
  RHS range        [1e+00, 1e+04]
     0     0 180503.192    0   14          - 180503.192      -     -    4s
Presolve removed 23428 rows and 43760 columns
Presolve time: 0.17s
Presolved: 2930 rows, 9947 columns, 33460 nonzeros
Variable types: 824 continuous, 9123 integer (8474 binary)
Root relaxation presolved: 2930 rows, 9947 columns, 33460 nonzeros

     0     0 180503.192    0    7          - 180503.192      -     -    4s
     0     0 179111.513    0   25          - 179111.513      -     -    2s
     0     0 179111.513    0   22          - 179111.513      -     -    2s
C:\Users\TECNO-MASTER\anaconda3\lib\site-packages\pandas\core\indexes\base.py:6999: FutureWarning: In a future version, the Index constructor will not infer numeric dtypes when passed object-dtype sequences (matching Series behavior)
  return Index(sequences[0], name=names)
H  106    96                    178498.32670 178498.326  0.00%   640   15s

Cutting planes:
  Gomory: 13
  Lift-and-project: 7
  Implied bound: 26
  MIR: 85
  StrongCG: 6
  Flow cover: 194
  Zero half: 40
  RLT: 23
  Relax-and-lift: 33

Explored 107 nodes (98658 simplex iterations) in 15.61 seconds (27.07 work units)
Thread count was 1 (of 32 available processors)

Solution count 1: 178498 

Optimal solution found (tolerance 5.00e-02)
Best objective 1.784983266974e+05, best bound 1.784983255653e+05, gap 0.0000%
     0     0 179111.513    0   10          - 179111.513      -     -    3s
     0     0 179111.513    0   10          - 179111.513      -     -    3s
     0     2 179160.083    0    8          - 179160.083      -     -    9s

Root relaxation: objective 1.793141e+05, 14382 iterations, 1.33 seconds (2.06 work units)
     0     0 179111.513    0    8          - 179111.513      -     -    4s
   323   325 179262.555   62    9          - 179262.555      -  70.5   15s
     0     0 179111.513    0   23          - 179111.513      -     -    4s
  [Fase 1 (infra libre)] estacion=station_1 dia=244 -> C:\Users\TECNO-MASTER\Desktop\Elmo_infrastructure_sizing_NP-\output\DCH_septiembre\Bateria_353\Costo_variable\Swap_libre\Swap_variable_3estaciones_160kW_Descomp/station_1_d244_stage1
formulation time: 9.123798608779907
Set parameter OutputFlag to value 1
Set parameter OutputFlag to value 1
Set parameter LogToConsole to value 1
Set parameter MIPGap to value 0.05
Set parameter TimeLimit to value 1200
Set parameter LogFile to value "C:\Users\TECNO-MASTER\Desktop\Elmo_infrastructure_sizing_NP-\output\DCH_septiembre\Bateria_353\Costo_variable\Swap_libre\Swap_variable_3estaciones_160kW_Descomp\station_1_d244_stage1\ELMO_log.txt"
Set parameter Threads to value 1
Set parameter Heuristics to value 0.5
Set parameter MIPFocus to value 3
Set parameter Presolve to value 2
Set parameter FlowCoverCuts to value 2
Gurobi Optimizer version 12.0.3 build v12.0.3rc0 (win64 - Windows 11+.0 (26200.2))

CPU model: Intel(R) Core(TM) i9-14900K, instruction set [SSE2|AVX|AVX2]
Thread count: 24 physical cores, 32 logical processors, using up to 1 threads

Non-default parameters:
TimeLimit  1200
MIPGap  0.05
Heuristics  0.5
MIPFocus  3
FlowCoverCuts  2
Presolve  2
Threads  1

Optimize a model with 26358 rows, 53707 columns and 244684 nonzeros
Model fingerprint: 0x82e7eefb
Variable types: 2099 continuous, 51608 integer (18485 binary)
Coefficient statistics:
  Matrix range     [1e+00, 3e+02]
  Objective range  [8e-03, 8e+04]
  Bounds range     [1e+00, 1e+01]
  RHS range        [1e+00, 1e+04]
    21    23 179160.083    9   12          - 179160.083      -   260   10s

    Nodes    |    Current Node    |     Objective Bounds      |     Work
 Expl Unexpl |  Obj  Depth IntInf | Incumbent    BestBd   Gap | It/Node Time

     0     0 179314.107    0   37          - 179314.107      -     -    2s
Presolve removed 23428 rows and 43760 columns
Presolve time: 0.18s
Presolved: 2930 rows, 9947 columns, 33460 nonzeros
Variable types: 824 continuous, 9123 integer (8474 binary)
Root relaxation presolved: 2930 rows, 9947 columns, 33460 nonzeros

     0     0 179111.513    0   10          - 179111.513      -     -    4s
     0     0 179111.513    0   60          - 179111.513      -     -    4s
     0     0 180927.316    0   17          - 180927.316      -     -    2s
     0     0 180927.316    0   23          - 180927.316      -     -    2s
C:\Users\TECNO-MASTER\anaconda3\lib\site-packages\pandas\core\indexes\base.py:6999: FutureWarning: In a future version, the Index constructor will not infer numeric dtypes when passed object-dtype sequences (matching Series behavior)
  return Index(sequences[0], name=names)
     0     0 179111.513    0   14          - 179111.513      -     -    5s
     0     0 180927.316    0   13          - 180927.316      -     -    3s
     0     0 179111.513    0   14          - 179111.513      -     -    5s
     0     0 180927.316    0   15          - 180927.316      -     -    3s
     0     2 180918.516    0   10          - 180918.516      -     -    9s
    95    97 179367.371   28   58          - 179367.371      -   463   15s

Root relaxation: objective 1.783493e+05, 14446 iterations, 1.31 seconds (2.10 work units)
     0     0 180927.316    0   14          - 180927.316      -     -    3s
     0     0 180927.316    0   33          - 180927.316      -     -    3s
    15    17 180918.516    8   41          - 180918.516      -   443   10s
     0     0 180927.316    0    9          - 180927.316      -     -    4s

    Nodes    |    Current Node    |     Objective Bounds      |     Work
 Expl Unexpl |  Obj  Depth IntInf | Incumbent    BestBd   Gap | It/Node Time

     0     0 178349.297    0   40          - 178349.297      -     -    2s
     0     0 180927.316    0   10          - 180927.316      -     -    4s
H    0     0                    500216.28986 180503.192  63.9%     -    8s
H    0     0                    500078.51463 180503.192  63.9%     -    8s
H    0     0                    498977.46566 180503.192  63.8%     -    8s
H    0     0                    498133.38019 180503.192  63.8%     -    8s
H    0     0                    289516.40735 180503.192  37.7%     -    8s
H    0     0                    289216.05481 180503.192  37.6%     -    9s
H    0     0                    288766.59664 180503.192  37.5%     -    9s
     0     0 180050.548    0   14          - 180050.548      -     -    2s
     0     0 180927.316    0   15          - 180927.316      -     -    4s
     0     0 180927.316    0   14          - 180927.316      -     -    5s
H    0     0                    180503.19280 180503.192  0.00%     -    9s
     0     2 180503.192    0    7 180503.193 180503.192  0.00%     -    9s

Cutting planes:
  Gomory: 1
  Lift-and-project: 2
  Flow cover: 3

Explored 1 nodes (28451 simplex iterations) in 9.40 seconds (12.86 work units)
Thread count was 1 (of 32 available processors)

Solution count 8: 180503 288767 289216 ... 500216

Optimal solution found (tolerance 5.00e-02)
Best objective 1.805031928000e+05, best bound 1.805031918435e+05, gap 0.0000%
C:\Users\TECNO-MASTER\anaconda3\lib\site-packages\pandas\core\indexes\base.py:6999: FutureWarning: In a future version, the Index constructor will not infer numeric dtypes when passed object-dtype sequences (matching Series behavior)
  return Index(sequences[0], name=names)
  [Fase 1 (infra libre)] estacion=station_1 dia=213 -> C:\Users\TECNO-MASTER\Desktop\Elmo_infrastructure_sizing_NP-\output\DCH_septiembre\Bateria_353\Costo_variable\Swap_libre\Swap_variable_3estaciones_160kW_Descomp/station_1_d213_stage1
formulation time: 10.16621470451355
Set parameter OutputFlag to value 1
Set parameter OutputFlag to value 1
Set parameter LogToConsole to value 1
Set parameter MIPGap to value 0.05
Set parameter TimeLimit to value 1200
Set parameter LogFile to value "C:\Users\TECNO-MASTER\Desktop\Elmo_infrastructure_sizing_NP-\output\DCH_septiembre\Bateria_353\Costo_variable\Swap_libre\Swap_variable_3estaciones_160kW_Descomp\station_1_d213_stage1\ELMO_log.txt"
Set parameter Threads to value 1
Set parameter Heuristics to value 0.5
Set parameter MIPFocus to value 3
Set parameter Presolve to value 2
Set parameter FlowCoverCuts to value 2
Gurobi Optimizer version 12.0.3 build v12.0.3rc0 (win64 - Windows 11+.0 (26200.2))

CPU model: Intel(R) Core(TM) i9-14900K, instruction set [SSE2|AVX|AVX2]
Thread count: 24 physical cores, 32 logical processors, using up to 1 threads

Non-default parameters:
TimeLimit  1200
MIPGap  0.05
Heuristics  0.5
MIPFocus  3
FlowCoverCuts  2
Presolve  2
Threads  1

Optimize a model with 26358 rows, 53707 columns and 244684 nonzeros
Model fingerprint: 0xd12f2f89
Variable types: 2099 continuous, 51608 integer (18485 binary)
Coefficient statistics:
  Matrix range     [1e+00, 3e+02]
  Objective range  [8e-03, 8e+04]
  Bounds range     [1e+00, 1e+01]
  RHS range        [1e+00, 1e+04]
     0     0 180050.548    0   20          - 180050.548      -     -    3s
     0     0 180050.548    0   70          - 180050.548      -     -    3s
Presolve removed 23422 rows and 43754 columns
Presolve time: 0.22s
Presolved: 2936 rows, 9953 columns, 33598 nonzeros
Variable types: 824 continuous, 9129 integer (8474 binary)
Root relaxation presolved: 2936 rows, 9953 columns, 33598 nonzeros

     0     0 180050.548    0   12          - 180050.548      -     -    4s
     0     0 180050.548    0   18          - 180050.548      -     -    4s
     0     0 180050.548    0   13          - 180050.548      -     -    4s
  [Fase 1 (infra libre)] estacion=station_2 dia=182 -> C:\Users\TECNO-MASTER\Desktop\Elmo_infrastructure_sizing_NP-\output\DCH_septiembre\Bateria_353\Costo_variable\Swap_libre\Swap_variable_3estaciones_160kW_Descomp/station_2_d182_stage1
formulation time: 10.145769596099854
Set parameter OutputFlag to value 1
Set parameter OutputFlag to value 1
Set parameter LogToConsole to value 1
Set parameter MIPGap to value 0.05
Set parameter TimeLimit to value 1200
Set parameter LogFile to value "C:\Users\TECNO-MASTER\Desktop\Elmo_infrastructure_sizing_NP-\output\DCH_septiembre\Bateria_353\Costo_variable\Swap_libre\Swap_variable_3estaciones_160kW_Descomp\station_2_d182_stage1\ELMO_log.txt"
Set parameter Threads to value 1
Set parameter Heuristics to value 0.5
Set parameter MIPFocus to value 3
Set parameter Presolve to value 2
Set parameter FlowCoverCuts to value 2
Gurobi Optimizer version 12.0.3 build v12.0.3rc0 (win64 - Windows 11+.0 (26200.2))

CPU model: Intel(R) Core(TM) i9-14900K, instruction set [SSE2|AVX|AVX2]
Thread count: 24 physical cores, 32 logical processors, using up to 1 threads

Non-default parameters:
TimeLimit  1200
MIPGap  0.05
Heuristics  0.5
MIPFocus  3
FlowCoverCuts  2
Presolve  2
Threads  1

Optimize a model with 26388 rows, 54733 columns and 249736 nonzeros
Model fingerprint: 0x96b264c9
Variable types: 2129 continuous, 52604 integer (19481 binary)
Coefficient statistics:
  Matrix range     [1e+00, 3e+02]
  Objective range  [1e-02, 8e+04]
  Bounds range     [1e+00, 1e+01]
  RHS range        [1e+00, 1e+04]
   204   206 179160.083   47   17          - 179160.083      -  59.6   15s
     0     2 179111.513    0   13          - 179111.513      -     -    9s
C:\Users\TECNO-MASTER\anaconda3\lib\site-packages\pandas\core\indexes\base.py:6999: FutureWarning: In a future version, the Index constructor will not infer numeric dtypes when passed object-dtype sequences (matching Series behavior)
  return Index(sequences[0], name=names)
Presolve removed 23452 rows and 44271 columns
Presolve time: 0.19s
Presolved: 2936 rows, 10462 columns, 35084 nonzeros
Variable types: 824 continuous, 9638 integer (8984 binary)
     0     0 180050.548    0   21          - 180050.548      -     -    5s
Root relaxation presolved: 2936 rows, 10462 columns, 35084 nonzeros

     0     0 180050.548    0   21          - 180050.548      -     -    5s
H    0     0                    634354.79108 180927.316  71.5%     -    7s
Warning: Markowitz tolerance tightened to 0.0625

Root relaxation: objective 1.789782e+05, 17323 iterations, 2.03 seconds (3.07 work units)
H    0     0                    507614.93877 180050.548  64.5%     -    5s
H    0     0                    634331.93475 180927.316  71.5%     -    7s
H    0     0                    634175.58486 180927.316  71.5%     -    7s
H    0     0                    632358.68157 180927.316  71.4%     -    7s
H    0     0                    498931.19602 180927.316  63.7%     -    7s
H    0     0                    498925.03903 180927.316  63.7%     -    7s
H    0     0                    425856.92978 180050.548  57.7%     -    5s
H    0     0                    424635.53456 180050.548  57.6%     -    5s
    18    20 179111.513    9   31          - 179111.513      -  60.3   10s
H    0     0                    332428.68730 180927.316  45.6%     -    7s
H    0     0                    332350.51236 180927.316  45.6%     -    7s
H    0     0                    344064.20164 180050.548  47.7%     -    5s
H    0     0                    343026.53329 180050.548  47.5%     -    5s
H    0     0                    281550.32043 180050.548  36.1%     -    5s
H    0     0                    313156.66935 180927.316  42.2%     -    7s
   514   514 179262.555   32   38          - 179262.555      -  65.6   21s
     0     2 180050.548    0   19 281550.320 180050.548  36.1%     -    5s
     0     2 180927.316    0   14 313156.669 180927.316  42.2%     -    7s

    Nodes    |    Current Node    |     Objective Bounds      |     Work
 Expl Unexpl |  Obj  Depth IntInf | Incumbent    BestBd   Gap | It/Node Time

     0     0 178978.216    0   30          - 178978.216      -     -    2s
H   94    94                    430737.25619 180918.516  58.0%   322   14s
H   94    94                    290413.15742 180918.516  37.7%   322   14s
   186   188 179367.371   65   84          - 179367.371      -   518   20s
H  101   101                    180918.51758 180918.516  0.00%   300   14s

Cutting planes:
  Gomory: 10
  Lift-and-project: 6
  Implied bound: 17
  MIR: 49
  StrongCG: 2
  Flow cover: 191
  Zero half: 14
  RLT: 21
  Relax-and-lift: 27

Explored 102 nodes (59999 simplex iterations) in 14.62 seconds (21.02 work units)
Thread count was 1 (of 32 available processors)

Solution count 3: 180919 290413 430737 

Optimal solution found (tolerance 5.00e-02)
Best objective 1.809185175768e+05, best bound 1.809185159253e+05, gap 0.0000%
     0     0 178978.216    0   35          - 178978.216      -     -    3s
     0     0 180311.762    0  103          - 180311.762      -     -    3s
H  191   191                    180662.04663 179367.371  0.72%   511   20s

Cutting planes:
  Gomory: 22
  Lift-and-project: 10
  Implied bound: 2
  MIR: 95
  StrongCG: 11
  Flow cover: 236
  Zero half: 43
  RLT: 21
  Relax-and-lift: 10

Explored 192 nodes (130029 simplex iterations) in 20.55 seconds (32.58 work units)
Thread count was 1 (of 32 available processors)

Solution count 1: 180662 

Optimal solution found (tolerance 5.00e-02)
Best objective 1.806620466300e+05, best bound 1.793673711223e+05, gap 0.7166%
  [Fase 1 (infra libre)] estacion=station_2 dia=32 -> C:\Users\TECNO-MASTER\Desktop\Elmo_infrastructure_sizing_NP-\output\DCH_septiembre\Bateria_353\Costo_variable\Swap_libre\Swap_variable_3estaciones_160kW_Descomp/station_2_d32_stage1
formulation time: 10.112170457839966
Set parameter OutputFlag to value 1
Set parameter OutputFlag to value 1
Set parameter LogToConsole to value 1
Set parameter MIPGap to value 0.05
Set parameter TimeLimit to value 1200
Set parameter LogFile to value "C:\Users\TECNO-MASTER\Desktop\Elmo_infrastructure_sizing_NP-\output\DCH_septiembre\Bateria_353\Costo_variable\Swap_libre\Swap_variable_3estaciones_160kW_Descomp\station_2_d32_stage1\ELMO_log.txt"
Set parameter Threads to value 1
Set parameter Heuristics to value 0.5
Set parameter MIPFocus to value 3
Set parameter Presolve to value 2
Set parameter FlowCoverCuts to value 2
Gurobi Optimizer version 12.0.3 build v12.0.3rc0 (win64 - Windows 11+.0 (26200.2))

CPU model: Intel(R) Core(TM) i9-14900K, instruction set [SSE2|AVX|AVX2]
Thread count: 24 physical cores, 32 logical processors, using up to 1 threads

Non-default parameters:
TimeLimit  1200
MIPGap  0.05
Heuristics  0.5
MIPFocus  3
FlowCoverCuts  2
Presolve  2
Threads  1

Optimize a model with 26358 rows, 54733 columns and 249676 nonzeros
Model fingerprint: 0x3f5ce5c6
Variable types: 2129 continuous, 52604 integer (19481 binary)
Coefficient statistics:
  Matrix range     [1e+00, 3e+02]
  Objective range  [3e-03, 8e+04]
  Bounds range     [1e+00, 1e+01]
  RHS range        [1e+00, 1e+04]
Presolve removed 23476 rows and 44296 columns
Presolve time: 0.19s
Presolved: 2882 rows, 10437 columns, 35102 nonzeros
Variable types: 824 continuous, 9613 integer (8984 binary)
Root relaxation presolved: 2882 rows, 10437 columns, 35102 nonzeros

C:\Users\TECNO-MASTER\anaconda3\lib\site-packages\pandas\core\indexes\base.py:6999: FutureWarning: In a future version, the Index constructor will not infer numeric dtypes when passed object-dtype sequences (matching Series behavior)
  return Index(sequences[0], name=names)
     0     0 180311.762    0   14          - 180311.762      -     -    4s

Root relaxation: objective 1.800940e+05, 21428 iterations, 2.76 seconds (3.92 work units)
    43    45 180927.316   15   11 313156.669 180927.316  42.2%   130   10s
H   52    52                    312765.79464 180927.316  42.2%   114   10s
H   54    54                    310934.79108 180927.316  41.8%   113   10s

    Nodes    |    Current Node    |     Objective Bounds      |     Work
 Expl Unexpl |  Obj  Depth IntInf | Incumbent    BestBd   Gap | It/Node Time

     0     0 180093.968    0   32          - 180093.968      -     -    3s
H   54    54                    201958.32157 180927.316  10.4%   113   10s
H   54    54                    201880.14663 180927.316  10.4%   113   10s
     0     0 180311.762    0   12          - 180311.762      -     -    5s
     0     0 180311.762    0   13          - 180311.762      -     -    5s
     0     0 180311.762    0   23          - 180311.762      -     -    5s
     0     0 180311.762    0   24          - 180311.762      -     -    5s
     0     0 180093.968    0   40          - 180093.968      -     -    4s

Root relaxation: objective 1.787399e+05, 16825 iterations, 1.73 seconds (2.69 work units)
     0     0 180927.317    0   70          - 180927.317      -     -    4s
H  376   376                    511791.28141 179160.083  65.0%  46.7   19s
     0     0 180927.317    0   72          - 180927.317      -     -    4s
  [Fase 1 (infra libre)] estacion=station_2 dia=91 -> C:\Users\TECNO-MASTER\Desktop\Elmo_infrastructure_sizing_NP-\output\DCH_septiembre\Bateria_353\Costo_variable\Swap_libre\Swap_variable_3estaciones_160kW_Descomp/station_2_d91_stage1
formulation time: 10.298706531524658
Set parameter OutputFlag to value 1
Set parameter OutputFlag to value 1
Set parameter LogToConsole to value 1
Set parameter MIPGap to value 0.05
Set parameter TimeLimit to value 1200
Set parameter LogFile to value "C:\Users\TECNO-MASTER\Desktop\Elmo_infrastructure_sizing_NP-\output\DCH_septiembre\Bateria_353\Costo_variable\Swap_libre\Swap_variable_3estaciones_160kW_Descomp\station_2_d91_stage1\ELMO_log.txt"
Set parameter Threads to value 1
Set parameter Heuristics to value 0.5
Set parameter MIPFocus to value 3
Set parameter Presolve to value 2
Set parameter FlowCoverCuts to value 2
H  376   376                    511773.65857 179160.083  65.0%  46.7   19s
Gurobi Optimizer version 12.0.3 build v12.0.3rc0 (win64 - Windows 11+.0 (26200.2))

CPU model: Intel(R) Core(TM) i9-14900K, instruction set [SSE2|AVX|AVX2]
Thread count: 24 physical cores, 32 logical processors, using up to 1 threads

Non-default parameters:
TimeLimit  1200
MIPGap  0.05
Heuristics  0.5
MIPFocus  3
FlowCoverCuts  2
Presolve  2
Threads  1

Optimize a model with 26388 rows, 54733 columns and 249736 nonzeros
Model fingerprint: 0x821f9941
Variable types: 2129 continuous, 52604 integer (19481 binary)
Coefficient statistics:
  Matrix range     [1e+00, 3e+02]
  Objective range  [1e-02, 8e+04]
  Bounds range     [1e+00, 1e+01]
  RHS range        [1e+00, 1e+04]
H  376   376                    288654.52340 179160.083  37.9%  46.7   19s
H  376   376                    288651.21261 179160.083  37.9%  46.7   19s
H  376   376                    286139.70660 179160.083  37.4%  46.7   19s
     0     0 180311.762    0   12          - 180311.762      -     -    6s
H  376   376                    199053.70752 179160.083  10.0%  46.7   19s
Presolve removed 23452 rows and 44271 columns
Presolve time: 0.21s
Presolved: 2936 rows, 10462 columns, 35084 nonzeros
Variable types: 824 continuous, 9638 integer (8984 binary)
     0     0 180311.762    0   11          - 180311.762      -     -    6s
Root relaxation presolved: 2936 rows, 10462 columns, 35084 nonzeros

Warning: Markowitz tolerance tightened to 0.0625

    Nodes    |    Current Node    |     Objective Bounds      |     Work
 Expl Unexpl |  Obj  Depth IntInf | Incumbent    BestBd   Gap | It/Node Time

     0     0 178739.933    0   35          - 178739.933      -     -    2s
     0     0 180927.317    0   13          - 180927.317      -     -    5s
C:\Users\TECNO-MASTER\anaconda3\lib\site-packages\pandas\core\indexes\base.py:6999: FutureWarning: In a future version, the Index constructor will not infer numeric dtypes when passed object-dtype sequences (matching Series behavior)
  return Index(sequences[0], name=names)
   520   518 179262.555    9   24          - 179262.555      -  64.8   25s
     0     0 180927.317    0   15          - 180927.317      -     -    5s
    61    63 180050.548   17   10 281550.320 180050.548  36.1%   310   10s
   394   396 179160.083  102   12 199053.708 179160.083  10.0%  44.8   20s
     0     0 180927.317    0   15          - 180927.317      -     -    5s
   210   212 179111.513   90   13          - 179111.513      -  26.4   15s
     0     0 180927.317    0   17          - 180927.317      -     -    5s
     0     0 178739.933    0   88          - 178739.933      -     -    3s
     0     0 179367.372    0   58          - 179367.372      -     -    3s
     0     0 179367.372    0   58          - 179367.372      -     -    3s
     0     0 180927.317    0   22          - 180927.317      -     -    6s
     0     0 180927.317    0   15          - 180927.317      -     -    6s
  [Fase 1 (infra libre)] estacion=station_2 dia=60 -> C:\Users\TECNO-MASTER\Desktop\Elmo_infrastructure_sizing_NP-\output\DCH_septiembre\Bateria_353\Costo_variable\Swap_libre\Swap_variable_3estaciones_160kW_Descomp/station_2_d60_stage1
formulation time: 10.630696535110474
Set parameter OutputFlag to value 1
Set parameter OutputFlag to value 1
Set parameter LogToConsole to value 1
Set parameter MIPGap to value 0.05
Set parameter TimeLimit to value 1200
Set parameter LogFile to value "C:\Users\TECNO-MASTER\Desktop\Elmo_infrastructure_sizing_NP-\output\DCH_septiembre\Bateria_353\Costo_variable\Swap_libre\Swap_variable_3estaciones_160kW_Descomp\station_2_d60_stage1\ELMO_log.txt"
Set parameter Threads to value 1
Set parameter Heuristics to value 0.5
Set parameter MIPFocus to value 3
Set parameter Presolve to value 2
Set parameter FlowCoverCuts to value 2
Gurobi Optimizer version 12.0.3 build v12.0.3rc0 (win64 - Windows 11+.0 (26200.2))

CPU model: Intel(R) Core(TM) i9-14900K, instruction set [SSE2|AVX|AVX2]
Thread count: 24 physical cores, 32 logical processors, using up to 1 threads

Non-default parameters:
TimeLimit  1200
MIPGap  0.05
Heuristics  0.5
MIPFocus  3
FlowCoverCuts  2
Presolve  2
Threads  1

Optimize a model with 26358 rows, 54733 columns and 249676 nonzeros
Model fingerprint: 0x1b02ab43
Variable types: 2129 continuous, 52604 integer (19481 binary)
Coefficient statistics:
  Matrix range     [1e+00, 3e+02]
  Objective range  [9e-03, 8e+04]
  Bounds range     [1e+00, 1e+01]
  RHS range        [1e+00, 1e+04]
     0     0 179367.372    0   11          - 179367.372      -     -    4s
Presolve removed 23482 rows and 44302 columns
Presolve time: 0.20s
Presolved: 2876 rows, 10431 columns, 34964 nonzeros
Variable types: 824 continuous, 9607 integer (8984 binary)
Root relaxation presolved: 2876 rows, 10431 columns, 34964 nonzeros

     0     0 179367.372    0   21          - 179367.372      -     -    4s
C:\Users\TECNO-MASTER\anaconda3\lib\site-packages\pandas\core\indexes\base.py:6999: FutureWarning: In a future version, the Index constructor will not infer numeric dtypes when passed object-dtype sequences (matching Series behavior)
  return Index(sequences[0], name=names)
H  282   282                    493115.70837 179111.513  63.7%  30.7   16s
H  282   282                    491627.12118 179111.513  63.6%  30.7   16s
H  282   282                    288293.99451 179111.513  37.9%  30.7   16s
H  282   282                    288289.75865 179111.513  37.9%  30.7   16s
H  282   282                    287608.97420 179111.513  37.7%  30.7   16s
H  282   282                    287406.64049 179111.513  37.7%  30.7   16s
H  282   282                    287396.70570 179111.513  37.7%  30.7   16s
H  282   282                    287208.61717 179111.513  37.6%  30.7   16s
H  282   282                    285944.60259 179111.513  37.4%  30.7   16s
H  282   282                    285855.44137 179111.513  37.3%  30.7   16s

Root relaxation: objective 1.798274e+05, 22787 iterations, 2.84 seconds (4.20 work units)
H  282   282                    285425.29889 179111.513  37.2%  30.7   16s
H  282   282                    285360.74771 179111.513  37.2%  30.7   16s
     0     0 179367.372    0   18          - 179367.372      -     -    5s
     0     0 179367.372    0   18          - 179367.372      -     -    5s

    Nodes    |    Current Node    |     Objective Bounds      |     Work
 Expl Unexpl |  Obj  Depth IntInf | Incumbent    BestBd   Gap | It/Node Time

     0     0 179827.439    0   34          - 179827.439      -     -    3s
     0     0 179367.372    0   17          - 179367.372      -     -    5s
     0     0 179367.372    0   17          - 179367.372      -     -    6s
   156   158 180927.316   18   13 201880.147 180927.316  10.4%  67.0   15s
  [Fase 1 (infra libre)] estacion=station_2 dia=1 -> C:\Users\TECNO-MASTER\Desktop\Elmo_infrastructure_sizing_NP-\output\DCH_septiembre\Bateria_353\Costo_variable\Swap_libre\Swap_variable_3estaciones_160kW_Descomp/station_2_d1_stage1
formulation time: 10.275224685668945
Set parameter OutputFlag to value 1
Set parameter OutputFlag to value 1
Set parameter LogToConsole to value 1
Set parameter MIPGap to value 0.05
Set parameter TimeLimit to value 1200
Set parameter LogFile to value "C:\Users\TECNO-MASTER\Desktop\Elmo_infrastructure_sizing_NP-\output\DCH_septiembre\Bateria_353\Costo_variable\Swap_libre\Swap_variable_3estaciones_160kW_Descomp\station_2_d1_stage1\ELMO_log.txt"
Set parameter Threads to value 1
Set parameter Heuristics to value 0.5
Set parameter MIPFocus to value 3
Set parameter Presolve to value 2
Set parameter FlowCoverCuts to value 2
Gurobi Optimizer version 12.0.3 build v12.0.3rc0 (win64 - Windows 11+.0 (26200.2))

CPU model: Intel(R) Core(TM) i9-14900K, instruction set [SSE2|AVX|AVX2]
Thread count: 24 physical cores, 32 logical processors, using up to 1 threads

Non-default parameters:
TimeLimit  1200
MIPGap  0.05
Heuristics  0.5
MIPFocus  3
FlowCoverCuts  2
Presolve  2
Threads  1

Optimize a model with 26358 rows, 54733 columns and 249676 nonzeros
Model fingerprint: 0xd91796fb
Variable types: 2129 continuous, 52604 integer (19481 binary)
Coefficient statistics:
  Matrix range     [1e+00, 3e+02]
  Objective range  [1e-02, 8e+04]
  Bounds range     [1e+00, 1e+01]
  RHS range        [1e+00, 1e+04]

Root relaxation: objective 1.779135e+05, 14952 iterations, 1.82 seconds (2.54 work units)
H  104   104                    199846.61076 180050.548  9.91%   299   13s
     0     0 180578.842    0   12          - 180578.842      -     -    4s
Presolve removed 23482 rows and 44302 columns
Presolve time: 0.17s
Presolved: 2876 rows, 10431 columns, 34964 nonzeros
Variable types: 824 continuous, 9607 integer (8984 binary)
Root relaxation presolved: 2876 rows, 10431 columns, 34964 nonzeros

     0     0 179367.372    0    9          - 179367.372      -     -    6s
     0     0 179367.372    0   20          - 179367.372      -     -    6s

    Nodes    |    Current Node    |     Objective Bounds      |     Work
 Expl Unexpl |  Obj  Depth IntInf | Incumbent    BestBd   Gap | It/Node Time

     0     0 177913.490    0   37          - 177913.490      -     -    2s
C:\Users\TECNO-MASTER\anaconda3\lib\site-packages\pandas\core\indexes\base.py:6999: FutureWarning: In a future version, the Index constructor will not infer numeric dtypes when passed object-dtype sequences (matching Series behavior)
  return Index(sequences[0], name=names)
     0     0 179367.372    0   12          - 179367.372      -     -    7s
     0     0 180578.842    0   10          - 180578.842      -     -    5s
H  360   360                    285229.38170 179111.513  37.2%  35.4   19s
     0     0 179367.372    0    5          - 179367.372      -     -    7s
   108   110 180050.548   31   18 199846.611 180050.548  9.91%   315   15s
   536   529 179262.555   61   13          - 179262.555      -  62.9   30s
     0     0 177913.490    0   30          - 177913.490      -     -    3s
     0     0 178498.326    0   31          - 178498.326      -     -    3s
     0     0 178498.326    0   34          - 178498.326      -     -    3s
     0     2 180311.762    0   11          - 180311.762      -     -   12s
     0     0 180578.842    0   10          - 180578.842      -     -    6s
     0     0 180578.842    0   16          - 180578.842      -     -    6s

Root relaxation: objective 1.785999e+05, 15184 iterations, 1.70 seconds (2.50 work units)
   512   513 179160.083   25    8 199053.708 179160.083  10.0%  41.7   25s
     0     0 180578.842    0   12          - 180578.842      -     -    6s
     0     0 180578.842    0   58          - 180578.842      -     -    6s
     0     2 180927.317    0   15          - 180927.317      -     -   11s
     0     0 178498.326    0   13          - 178498.326      -     -    4s
     0     0 178498.326    0   13          - 178498.326      -     -    4s
   386   388 179111.513  103   13 285229.382 179111.513  37.2%  36.9   20s

    Nodes    |    Current Node    |     Objective Bounds      |     Work
 Expl Unexpl |  Obj  Depth IntInf | Incumbent    BestBd   Gap | It/Node Time

     0     0 178599.878    0   30          - 178599.878      -     -    2s
     0     0 178498.326    0   21          - 178498.326      -     -    5s
     0     0 180578.842    0    8          - 180578.842      -     -    7s
  [Fase 1 (infra libre)] estacion=station_3 dia=182 -> C:\Users\TECNO-MASTER\Desktop\Elmo_infrastructure_sizing_NP-\output\DCH_septiembre\Bateria_353\Costo_variable\Swap_libre\Swap_variable_3estaciones_160kW_Descomp/station_3_d182_stage1
formulation time: 10.994704723358154
Set parameter OutputFlag to value 1
Set parameter OutputFlag to value 1
Set parameter LogToConsole to value 1
Set parameter MIPGap to value 0.05
Set parameter TimeLimit to value 1200
Set parameter LogFile to value "C:\Users\TECNO-MASTER\Desktop\Elmo_infrastructure_sizing_NP-\output\DCH_septiembre\Bateria_353\Costo_variable\Swap_libre\Swap_variable_3estaciones_160kW_Descomp\station_3_d182_stage1\ELMO_log.txt"
Set parameter Threads to value 1
Set parameter Heuristics to value 0.5
Set parameter MIPFocus to value 3
Set parameter Presolve to value 2
Set parameter FlowCoverCuts to value 2
Gurobi Optimizer version 12.0.3 build v12.0.3rc0 (win64 - Windows 11+.0 (26200.2))

CPU model: Intel(R) Core(TM) i9-14900K, instruction set [SSE2|AVX|AVX2]
Thread count: 24 physical cores, 32 logical processors, using up to 1 threads

Non-default parameters:
TimeLimit  1200
MIPGap  0.05
Heuristics  0.5
MIPFocus  3
FlowCoverCuts  2
Presolve  2
Threads  1

Optimize a model with 26358 rows, 53707 columns and 244686 nonzeros
Model fingerprint: 0xd1e3dbd3
Variable types: 2099 continuous, 51608 integer (18485 binary)
Coefficient statistics:
  Matrix range     [1e+00, 3e+02]
  Objective range  [1e-02, 8e+04]
  Bounds range     [1e+00, 1e+01]
  RHS range        [1e+00, 1e+04]
H  397   397                    179111.51443 179111.513  0.00%  37.4   21s
C:\Users\TECNO-MASTER\anaconda3\lib\site-packages\pandas\core\indexes\base.py:6999: FutureWarning: In a future version, the Index constructor will not infer numeric dtypes when passed object-dtype sequences (matching Series behavior)
  return Index(sequences[0], name=names)
     0     0 180578.842    0   56          - 180578.842      -     -    7s

Cutting planes:
  Gomory: 7
  Lift-and-project: 4
  Implied bound: 2
  MIR: 10
  Flow cover: 25
  Zero half: 4
  RLT: 5
  Relax-and-lift: 1

Explored 398 nodes (45295 simplex iterations) in 21.39 seconds (28.85 work units)
Thread count was 1 (of 32 available processors)

Solution count 10: 179112 285229 285361 ... 287609

Optimal solution found (tolerance 5.00e-02)
Best objective 1.791115144280e+05, best bound 1.791115134191e+05, gap 0.0000%
Presolve removed 23428 rows and 43757 columns
Presolve time: 0.18s
Presolved: 2930 rows, 9950 columns, 33038 nonzeros
Variable types: 824 continuous, 9126 integer (8472 binary)
Root relaxation presolved: 2930 rows, 9950 columns, 33038 nonzeros

     0     0 178600.301    0   49          - 178600.301      -     -    3s
     0     0 178498.326    0   42          - 178498.326      -     -    5s
     0     0 179262.556    0  125          - 179262.556      -     -    3s
     0     0 180578.842    0    7          - 180578.842      -     -    8s
     0     0 179262.556    0  128          - 179262.556      -     -    3s
     0     0 178498.326    0   44          - 178498.326      -     -    5s
     0     0 178498.326    0   13          - 178498.326      -     -    6s
     0     0 178498.326    0   13          - 178498.326      -     -    6s
    40    42 180311.762   14   49          - 180311.762      -   494   15s
     0     0 180578.842    0   13          - 180578.842      -     -    8s
     0     0 180578.842    0   13          - 180578.842      -     -    9s
     0     0 179262.556    0   22          - 179262.556      -     -    4s
   234   236 180927.316   24   11 201880.147 180927.316  10.4%  58.2   20s

Root relaxation: objective 1.801722e+05, 15271 iterations, 1.92 seconds (2.50 work units)
     0     0 179262.556    0   37          - 179262.556      -     -    5s
C:\Users\TECNO-MASTER\anaconda3\lib\site-packages\pandas\core\indexes\base.py:6999: FutureWarning: In a future version, the Index constructor will not infer numeric dtypes when passed object-dtype sequences (matching Series behavior)
  return Index(sequences[0], name=names)
     0     0 179262.556    0   40          - 179262.556      -     -    5s
  [Fase 1 (infra libre)] estacion=station_2 dia=121 -> C:\Users\TECNO-MASTER\Desktop\Elmo_infrastructure_sizing_NP-\output\DCH_septiembre\Bateria_353\Costo_variable\Swap_libre\Swap_variable_3estaciones_160kW_Descomp/station_2_d121_stage1
formulation time: 11.765860319137573
Set parameter OutputFlag to value 1
Set parameter OutputFlag to value 1
Set parameter LogToConsole to value 1
Set parameter MIPGap to value 0.05
Set parameter TimeLimit to value 1200
Set parameter LogFile to value "C:\Users\TECNO-MASTER\Desktop\Elmo_infrastructure_sizing_NP-\output\DCH_septiembre\Bateria_353\Costo_variable\Swap_libre\Swap_variable_3estaciones_160kW_Descomp\station_2_d121_stage1\ELMO_log.txt"
Set parameter Threads to value 1
Set parameter Heuristics to value 0.5
Set parameter MIPFocus to value 3
Set parameter Presolve to value 2
Set parameter FlowCoverCuts to value 2
Gurobi Optimizer version 12.0.3 build v12.0.3rc0 (win64 - Windows 11+.0 (26200.2))

CPU model: Intel(R) Core(TM) i9-14900K, instruction set [SSE2|AVX|AVX2]
Thread count: 24 physical cores, 32 logical processors, using up to 1 threads

Non-default parameters:
TimeLimit  1200
MIPGap  0.05
Heuristics  0.5
MIPFocus  3
FlowCoverCuts  2
Presolve  2
Threads  1

Optimize a model with 26388 rows, 54733 columns and 249736 nonzeros
Model fingerprint: 0xa6291879
Variable types: 2129 continuous, 52604 integer (19481 binary)
Coefficient statistics:
  Matrix range     [1e+00, 3e+02]
  Objective range  [8e-03, 8e+04]
  Bounds range     [1e+00, 1e+01]
  RHS range        [1e+00, 1e+04]
     0     2 179367.372    0    5          - 179367.372      -     -   12s

    Nodes    |    Current Node    |     Objective Bounds      |     Work
 Expl Unexpl |  Obj  Depth IntInf | Incumbent    BestBd   Gap | It/Node Time

     0     0 180172.229    0   43          - 180172.229      -     -    2s
Presolve removed 23452 rows and 44271 columns
Presolve time: 0.20s
   174   176 180050.548   44   12 199846.611 180050.548  9.91%   309   20s
Presolved: 2936 rows, 10462 columns, 35084 nonzeros
Variable types: 824 continuous, 9638 integer (8984 binary)
Root relaxation presolved: 2936 rows, 10462 columns, 35084 nonzeros

    68    70 180927.317   34   62          - 180927.317      -   288   15s
     0     0 179262.556    0   36          - 179262.556      -     -    6s
Warning: Markowitz tolerance tightened to 0.0625
   518   517 179160.083  119   14 199053.708 179160.083  10.0%  41.2   30s
     0     0 179262.556    0   23          - 179262.556      -     -    6s
H  537   503                    525760.88600 179262.555  65.9%  62.8   35s
H  537   477                    525468.15069 179262.555  65.9%  62.8   35s
H  537   453                    524327.08648 179262.555  65.8%  62.8   35s
H  537   430                    524212.57505 179262.555  65.8%  62.8   35s
H  537   408                    290905.13537 179262.555  38.4%  62.8   36s
H  537   387                    289763.13464 179262.555  38.1%  62.8   36s
     0     0 180172.229    0   45          - 180172.229      -     -    3s
H  537   367                    289393.19443 179262.555  38.1%  62.8   36s
     0     0 180927.317    0   33          - 180927.317      -     -    4s
     0     0 180927.317    0   68          - 180927.317      -     -    4s
H  537   348                    289274.19087 179262.555  38.0%  62.8   36s
H  537   331                    289261.35276 179262.555  38.0%  62.8   36s
H  537   314                    289234.41332 179262.555  38.0%  62.8   36s
     0     0 180927.317    0   15          - 180927.317      -     -    4s
C:\Users\TECNO-MASTER\anaconda3\lib\site-packages\pandas\core\indexes\base.py:6999: FutureWarning: In a future version, the Index constructor will not infer numeric dtypes when passed object-dtype sequences (matching Series behavior)
  return Index(sequences[0], name=names)
    30    32 179367.372    6   65          - 179367.372      -   529   15s
  [Fase 1 (infra libre)] estacion=station_2 dia=305 -> C:\Users\TECNO-MASTER\Desktop\Elmo_infrastructure_sizing_NP-\output\DCH_septiembre\Bateria_353\Costo_variable\Swap_libre\Swap_variable_3estaciones_160kW_Descomp/station_2_d305_stage1
formulation time: 12.140944004058838
Set parameter OutputFlag to value 1
Set parameter OutputFlag to value 1
Set parameter LogToConsole to value 1
Set parameter MIPGap to value 0.05
Set parameter TimeLimit to value 1200
Set parameter LogFile to value "C:\Users\TECNO-MASTER\Desktop\Elmo_infrastructure_sizing_NP-\output\DCH_septiembre\Bateria_353\Costo_variable\Swap_libre\Swap_variable_3estaciones_160kW_Descomp\station_2_d305_stage1\ELMO_log.txt"
Set parameter Threads to value 1
Set parameter Heuristics to value 0.5
Set parameter MIPFocus to value 3
Set parameter Presolve to value 2
Set parameter FlowCoverCuts to value 2
Gurobi Optimizer version 12.0.3 build v12.0.3rc0 (win64 - Windows 11+.0 (26200.2))

CPU model: Intel(R) Core(TM) i9-14900K, instruction set [SSE2|AVX|AVX2]
Thread count: 24 physical cores, 32 logical processors, using up to 1 threads

Non-default parameters:
TimeLimit  1200
MIPGap  0.05
Heuristics  0.5
MIPFocus  3
FlowCoverCuts  2
Presolve  2
Threads  1

Optimize a model with 26358 rows, 54733 columns and 249676 nonzeros
Model fingerprint: 0x0eecdeb6
Variable types: 2129 continuous, 52604 integer (19481 binary)
Coefficient statistics:
  Matrix range     [1e+00, 3e+02]
  Objective range  [1e-01, 8e+04]
  Bounds range     [1e+00, 1e+01]
  RHS range        [1e+00, 1e+04]
     0     0 180927.317    0   18          - 180927.317      -     -    5s
     0     0 180927.317    0   26          - 180927.317      -     -    5s
Presolve removed 23476 rows and 44296 columns
Presolve time: 0.25s
Presolved: 2882 rows, 10437 columns, 35102 nonzeros
Variable types: 824 continuous, 9613 integer (8984 binary)
Root relaxation presolved: 2882 rows, 10437 columns, 35102 nonzeros

H  557   310                    265254.42106 179262.555  32.4%   150   38s
   351   353 180927.316   32   13 201880.147 180927.316  10.4%  51.8   25s
     0     0 180927.317    0   17          - 180927.317      -     -    6s
    91    93 184895.984   19  136          - 180311.762      -   841   20s
     0     2 178498.326    0   12          - 178498.326      -     -   11s
     0     0 180927.317    0   19          - 180927.317      -     -    6s

Root relaxation: objective 1.785366e+05, 22147 iterations, 3.45 seconds (4.06 work units)
H  523   493                    179160.08376 179160.083  0.00%  40.8   33s

Cutting planes:
  Gomory: 9
  Lift-and-project: 8
  Flow cover: 5

Explored 523 nodes (80724 simplex iterations) in 33.60 seconds (46.51 work units)
Thread count was 1 (of 32 available processors)

Solution count 7: 179160 199054 286140 ... 511791

Optimal solution found (tolerance 5.00e-02)
Best objective 1.791600837557e+05, best bound 1.791600825488e+05, gap 0.0000%
     0     0 180927.317    0   16          - 180927.317      -     -    6s

    Nodes    |    Current Node    |     Objective Bounds      |     Work
 Expl Unexpl |  Obj  Depth IntInf | Incumbent    BestBd   Gap | It/Node Time

     0     0 178536.646    0   42          - 178536.646      -     -    4s
     0     2 180578.842    0   13          - 180578.842      -     -   15s
   575   324 179262.555   27   21 265254.421 179262.555  32.4%   147   40s
   142   144 180927.317   69   47          - 180927.317      -   291   20s
H  234   234                    199761.06499 180050.548  9.87%   252   25s
C:\Users\TECNO-MASTER\anaconda3\lib\site-packages\pandas\core\indexes\base.py:6999: FutureWarning: In a future version, the Index constructor will not infer numeric dtypes when passed object-dtype sequences (matching Series behavior)
  return Index(sequences[0], name=names)

Root relaxation: objective 1.800091e+05, 16921 iterations, 2.38 seconds (2.90 work units)
  [Fase 1 (infra libre)] estacion=station_1 dia=335 -> C:\Users\TECNO-MASTER\Desktop\Elmo_infrastructure_sizing_NP-\output\DCH_septiembre\Bateria_353\Costo_variable\Swap_libre\Swap_variable_3estaciones_160kW_Descomp/station_1_d335_stage1
formulation time: 12.400526762008667
Set parameter OutputFlag to value 1
Set parameter OutputFlag to value 1
Set parameter LogToConsole to value 1
Set parameter MIPGap to value 0.05
Set parameter TimeLimit to value 1200
Set parameter LogFile to value "C:\Users\TECNO-MASTER\Desktop\Elmo_infrastructure_sizing_NP-\output\DCH_septiembre\Bateria_353\Costo_variable\Swap_libre\Swap_variable_3estaciones_160kW_Descomp\station_1_d335_stage1\ELMO_log.txt"
Set parameter Threads to value 1
Set parameter Heuristics to value 0.5
Set parameter MIPFocus to value 3
Set parameter Presolve to value 2
Set parameter FlowCoverCuts to value 2
Gurobi Optimizer version 12.0.3 build v12.0.3rc0 (win64 - Windows 11+.0 (26200.2))

CPU model: Intel(R) Core(TM) i9-14900K, instruction set [SSE2|AVX|AVX2]
Thread count: 24 physical cores, 32 logical processors, using up to 1 threads

Non-default parameters:
TimeLimit  1200
MIPGap  0.05
Heuristics  0.5
MIPFocus  3
FlowCoverCuts  2
Presolve  2
Threads  1

Optimize a model with 26328 rows, 53707 columns and 244624 nonzeros
Model fingerprint: 0x701537a1
Variable types: 2099 continuous, 51608 integer (18485 binary)
Coefficient statistics:
  Matrix range     [1e+00, 3e+02]
  Objective range  [4e-03, 8e+04]
  Bounds range     [1e+00, 1e+01]
  RHS range        [1e+00, 1e+04]
Presolve removed 23452 rows and 43785 columns
Presolve time: 0.21s
Presolved: 2876 rows, 9922 columns, 33478 nonzeros
Variable types: 824 continuous, 9098 integer (8474 binary)
Root relaxation presolved: 2876 rows, 9922 columns, 33478 nonzeros

     0     0 178536.646    0   34          - 178536.646      -     -    5s
     0     0 179160.083    0   22          - 179160.083      -     -    5s

    Nodes    |    Current Node    |     Objective Bounds      |     Work
 Expl Unexpl |  Obj  Depth IntInf | Incumbent    BestBd   Gap | It/Node Time

     0     0 180009.113    0   35          - 180009.113      -     -    3s
H  590   317                    263767.43599 179262.555  32.0%   143   41s
H  590   303                    262421.69006 179262.555  31.7%   143   41s
    66    68 178498.326   34   11          - 178498.326      -   222   15s

Root relaxation: objective 1.771279e+05, 13839 iterations, 1.40 seconds (1.96 work units)
     0     0 180009.113    0   25          - 180009.113      -     -    4s
     0     0 179160.083    0   19          - 179160.083      -     -    7s
     0     0 179160.083    0   27          - 179160.083      -     -    7s
     0     0 180503.192    0   69          - 180503.192      -     -    4s
     0     0 180503.192    0   87          - 180503.192      -     -    4s
    89    91 179367.372   44   56          - 179367.372      -   528   20s

    Nodes    |    Current Node    |     Objective Bounds      |     Work
 Expl Unexpl |  Obj  Depth IntInf | Incumbent    BestBd   Gap | It/Node Time

     0     0 177127.919    0   44          - 177127.919      -     -    2s
     0     0 180503.192    0   21          - 180503.192      -     -    5s
H    0     0                    291558.14648 180503.192  38.1%     -    5s
H    0     0                    291536.78373 180503.192  38.1%     -    5s
H    0     0                    291175.64229 180503.192  38.0%     -    5s
H    0     0                    290017.22898 180503.192  37.8%     -    5s
     0     0 180503.192    0   65 290017.229 180503.192  37.8%     -    5s
     0     0 179160.083    0   15          - 179160.083      -     -    8s
C:\Users\TECNO-MASTER\anaconda3\lib\site-packages\pandas\core\indexes\base.py:6999: FutureWarning: In a future version, the Index constructor will not infer numeric dtypes when passed object-dtype sequences (matching Series behavior)
  return Index(sequences[0], name=names)
     0     0 179160.083    0   15          - 179160.083      -     -    8s
   154   156 180311.994   42   35          - 180311.762      -   915   25s
     0     0 177132.992    0   71          - 177132.992      -     -    3s
     0     0 178197.659    0   98          - 178197.659      -     -    3s
     0     0 178197.659    0   99          - 178197.659      -     -    3s
  [Fase 1 (infra libre)] estacion=station_2 dia=244 -> C:\Users\TECNO-MASTER\Desktop\Elmo_infrastructure_sizing_NP-\output\DCH_septiembre\Bateria_353\Costo_variable\Swap_libre\Swap_variable_3estaciones_160kW_Descomp/station_2_d244_stage1
formulation time: 13.150320529937744
Set parameter OutputFlag to value 1
Set parameter OutputFlag to value 1
Set parameter LogToConsole to value 1
Set parameter MIPGap to value 0.05
Set parameter TimeLimit to value 1200
Set parameter LogFile to value "C:\Users\TECNO-MASTER\Desktop\Elmo_infrastructure_sizing_NP-\output\DCH_septiembre\Bateria_353\Costo_variable\Swap_libre\Swap_variable_3estaciones_160kW_Descomp\station_2_d244_stage1\ELMO_log.txt"
Set parameter Threads to value 1
Set parameter Heuristics to value 0.5
Set parameter MIPFocus to value 3
Set parameter Presolve to value 2
Set parameter FlowCoverCuts to value 2
Gurobi Optimizer version 12.0.3 build v12.0.3rc0 (win64 - Windows 11+.0 (26200.2))

CPU model: Intel(R) Core(TM) i9-14900K, instruction set [SSE2|AVX|AVX2]
Thread count: 24 physical cores, 32 logical processors, using up to 1 threads

Non-default parameters:
TimeLimit  1200
MIPGap  0.05
Heuristics  0.5
MIPFocus  3
FlowCoverCuts  2
Presolve  2
Threads  1

Optimize a model with 26388 rows, 54733 columns and 249736 nonzeros
Model fingerprint: 0x29266a66
Variable types: 2129 continuous, 52604 integer (19481 binary)
Coefficient statistics:
  Matrix range     [1e+00, 3e+02]
  Objective range  [8e-03, 8e+04]
  Bounds range     [1e+00, 1e+01]
  RHS range        [1e+00, 1e+04]
     0     0 179160.083    0   16          - 179160.083      -     -    9s
Presolve removed 23452 rows and 44271 columns
Presolve time: 0.25s
Presolved: 2936 rows, 10462 columns, 35084 nonzeros
Variable types: 824 continuous, 9638 integer (8984 binary)
     0     0 179160.083    0   23          - 179160.083      -     -    9s
Root relaxation presolved: 2936 rows, 10462 columns, 35084 nonzeros

     0     0 178197.659    0   16          - 178197.659      -     -    3s
     0     0 180503.192    0   22 290017.229 180503.192  37.8%     -    6s
     0     0 180503.192    0   32 290017.229 180503.192  37.8%     -    6s
H    0     0                    182229.31719 178197.659  2.21%     -    3s

Cutting planes:
  Gomory: 7
  Lift-and-project: 1
  Flow cover: 4
  RLT: 1

Explored 1 nodes (20983 simplex iterations) in 3.92 seconds (4.68 work units)
Thread count was 1 (of 32 available processors)

Solution count 1: 182229 

Optimal solution found (tolerance 5.00e-02)
Best objective 1.822293171877e+05, best bound 1.781976594114e+05, gap 2.2124%
     0     2 179262.556    0   23          - 179262.556      -     -   15s
Warning: Markowitz tolerance tightened to 0.0625
   108   110 180578.842   55   27          - 180578.842      -   120   20s
     0     0 179160.083    0   13          - 179160.083      -     -    9s
     0     0 179160.083    0   31          - 179160.083      -     -    9s
   466   468 180927.316   19   21 201880.147 180927.316  10.4%  50.6   31s
   622   326 179262.555   38   27 262421.690 179262.555  31.7%   138   45s
     0     0 180503.192    0   11 290017.229 180503.192  37.8%     -    7s
     0     2 180927.317    0   15          - 180927.317      -     -   12s
   449   451 180927.317  194   12          - 180927.317      -   125   25s
     0     0 180503.192    0   17 290017.229 180503.192  37.8%     -    7s
     0     0 179160.083    0   12          - 179160.083      -     -   10s
   300   302 180050.548   56   11 199761.065 180050.548  9.87%   223   30s
     0     0 180503.192    0    8 290017.229 180503.192  37.8%     -    8s
     0     0 180503.192    0   23 290017.229 180503.192  37.8%     -    8s
     0     0 179160.083    0   12          - 179160.083      -     -   10s
  [Fase 1 (infra libre)] estacion=station_2 dia=152 -> C:\Users\TECNO-MASTER\Desktop\Elmo_infrastructure_sizing_NP-\output\DCH_septiembre\Bateria_353\Costo_variable\Swap_libre\Swap_variable_3estaciones_160kW_Descomp/station_2_d152_stage1
formulation time: 12.924017667770386
Set parameter OutputFlag to value 1
Set parameter OutputFlag to value 1
Set parameter LogToConsole to value 1
Set parameter MIPGap to value 0.05
Set parameter TimeLimit to value 1200
Set parameter LogFile to value "C:\Users\TECNO-MASTER\Desktop\Elmo_infrastructure_sizing_NP-\output\DCH_septiembre\Bateria_353\Costo_variable\Swap_libre\Swap_variable_3estaciones_160kW_Descomp\station_2_d152_stage1\ELMO_log.txt"
Set parameter Threads to value 1
Set parameter Heuristics to value 0.5
Set parameter MIPFocus to value 3
Set parameter Presolve to value 2
Set parameter FlowCoverCuts to value 2
Gurobi Optimizer version 12.0.3 build v12.0.3rc0 (win64 - Windows 11+.0 (26200.2))

CPU model: Intel(R) Core(TM) i9-14900K, instruction set [SSE2|AVX|AVX2]
Thread count: 24 physical cores, 32 logical processors, using up to 1 threads

Non-default parameters:
TimeLimit  1200
MIPGap  0.05
Heuristics  0.5
MIPFocus  3
FlowCoverCuts  2
Presolve  2
Threads  1

Optimize a model with 26388 rows, 54733 columns and 249736 nonzeros
Model fingerprint: 0x59bc9afb
Variable types: 2129 continuous, 52604 integer (19481 binary)
Coefficient statistics:
  Matrix range     [1e+00, 3e+02]
  Objective range  [1e-02, 8e+04]
  Bounds range     [1e+00, 1e+01]
  RHS range        [1e+00, 1e+04]
C:\Users\TECNO-MASTER\anaconda3\lib\site-packages\pandas\core\indexes\base.py:6999: FutureWarning: In a future version, the Index constructor will not infer numeric dtypes when passed object-dtype sequences (matching Series behavior)
  return Index(sequences[0], name=names)
Presolve removed 23452 rows and 44271 columns
Presolve time: 0.23s
Presolved: 2936 rows, 10462 columns, 35084 nonzeros
Variable types: 824 continuous, 9638 integer (8984 binary)
Root relaxation presolved: 2936 rows, 10462 columns, 35084 nonzeros

     0     0 180503.192    0   34 290017.229 180503.192  37.8%     -    8s
Warning: Markowitz tolerance tightened to 0.0625
     0     0 180503.192    0   21 290017.229 180503.192  37.8%     -    9s
   220   222 178498.326   55   15          - 178498.326      -   107   20s
    28    30 180927.317   13   31          - 180927.317      -   389   15s

Root relaxation: objective 1.791717e+05, 22177 iterations, 3.34 seconds (3.85 work units)
   144   146 179367.372   33   87          - 179367.372      -   595   25s
     0     2 180503.192    0   21 290017.229 180503.192  37.8%     -   10s
H    0     0                    370777.79902 179160.083  51.7%     -   13s
H    0     0                    332377.79902 179160.083  46.1%     -   13s

    Nodes    |    Current Node    |     Objective Bounds      |     Work
 Expl Unexpl |  Obj  Depth IntInf | Incumbent    BestBd   Gap | It/Node Time

     0     0 179171.718    0   46          - 179171.718      -     -    4s
   219   221 180311.762   25   15          - 180311.762      -   902   30s
H    0     0                    332377.78175 179160.083  46.1%     -   13s
H    0     0                    313135.05561 179160.083  42.8%     -   13s
H    0     0                    311316.94209 179160.083  42.5%     -   13s
H    0     0                    311316.92482 179160.083  42.5%     -   13s
H    0     0                    308934.30526 179160.083  42.0%     -   13s
  [Fase 1 (infra libre)] estacion=station_2 dia=213 -> C:\Users\TECNO-MASTER\Desktop\Elmo_infrastructure_sizing_NP-\output\DCH_septiembre\Bateria_353\Costo_variable\Swap_libre\Swap_variable_3estaciones_160kW_Descomp/station_2_d213_stage1
formulation time: 13.137693166732788
Set parameter OutputFlag to value 1
Set parameter OutputFlag to value 1
Set parameter LogToConsole to value 1
Set parameter MIPGap to value 0.05
Set parameter TimeLimit to value 1200
Set parameter LogFile to value "C:\Users\TECNO-MASTER\Desktop\Elmo_infrastructure_sizing_NP-\output\DCH_septiembre\Bateria_353\Costo_variable\Swap_libre\Swap_variable_3estaciones_160kW_Descomp\station_2_d213_stage1\ELMO_log.txt"
Set parameter Threads to value 1
Set parameter Heuristics to value 0.5
Set parameter MIPFocus to value 3
Set parameter Presolve to value 2
Set parameter FlowCoverCuts to value 2
Gurobi Optimizer version 12.0.3 build v12.0.3rc0 (win64 - Windows 11+.0 (26200.2))

CPU model: Intel(R) Core(TM) i9-14900K, instruction set [SSE2|AVX|AVX2]
Thread count: 24 physical cores, 32 logical processors, using up to 1 threads

Non-default parameters:
TimeLimit  1200
MIPGap  0.05
Heuristics  0.5
MIPFocus  3
FlowCoverCuts  2
Presolve  2
Threads  1

Optimize a model with 26388 rows, 54733 columns and 249736 nonzeros
Model fingerprint: 0x214f62ad
Variable types: 2129 continuous, 52604 integer (19481 binary)
Coefficient statistics:
  Matrix range     [1e+00, 3e+02]
  Objective range  [8e-03, 8e+04]
  Bounds range     [1e+00, 1e+01]
  RHS range        [1e+00, 1e+04]
H    0     0                    308910.72329 179160.083  42.0%     -   13s
   512   513 180927.316   37   14 201880.147 180927.316  10.4%  49.5   35s
Presolve removed 23446 rows and 44265 columns
Presolve time: 0.22s
Presolved: 2942 rows, 10468 columns, 35222 nonzeros
Variable types: 824 continuous, 9644 integer (8984 binary)
Root relaxation presolved: 2942 rows, 10468 columns, 35222 nonzeros

    37    39 179262.556    9   56          - 179262.556      -   823   20s
     0     2 179160.083    0   12 308910.723 179160.083  42.0%     -   14s
C:\Users\TECNO-MASTER\anaconda3\lib\site-packages\pandas\core\indexes\base.py:6999: FutureWarning: In a future version, the Index constructor will not infer numeric dtypes when passed object-dtype sequences (matching Series behavior)
  return Index(sequences[0], name=names)
   243   245 180578.842  123   14          - 180578.842      -  61.5   25s
     0     0 179171.718    0   43          - 179171.718      -     -    5s

Root relaxation: objective 1.800653e+05, 22368 iterations, 3.54 seconds (4.11 work units)
   682   366 179262.555   38   21 262421.690 179262.555  31.7%   128   50s
     0     0 180050.547    0   78          - 180050.547      -     -    6s
     0     0 180050.547    0   79          - 180050.547      -     -    6s
     8    10 179160.083    5  125 308910.723 179160.083  42.0%   393   15s
   332   334 180050.548   64   13 199761.065 180050.548  9.87%   206   35s
   515   515 180927.317  157   39          - 180927.317      -   116   30s

    Nodes    |    Current Node    |     Objective Bounds      |     Work
 Expl Unexpl |  Obj  Depth IntInf | Incumbent    BestBd   Gap | It/Node Time

     0     0 180065.347    0   25          - 180065.347      -     -    4s
     0     0 180050.547    0   14          - 180050.547      -     -    7s
     0     0 180050.547    0   31          - 180050.547      -     -    7s
     0     0 180065.347    0   29          - 180065.347      -     -    5s
  [Fase 1 (infra libre)] estacion=station_3 dia=1 -> C:\Users\TECNO-MASTER\Desktop\Elmo_infrastructure_sizing_NP-\output\DCH_septiembre\Bateria_353\Costo_variable\Swap_libre\Swap_variable_3estaciones_160kW_Descomp/station_3_d1_stage1
formulation time: 13.60234522819519
Set parameter OutputFlag to value 1
Set parameter OutputFlag to value 1
Set parameter LogToConsole to value 1
Set parameter MIPGap to value 0.05
Set parameter TimeLimit to value 1200
Set parameter LogFile to value "C:\Users\TECNO-MASTER\Desktop\Elmo_infrastructure_sizing_NP-\output\DCH_septiembre\Bateria_353\Costo_variable\Swap_libre\Swap_variable_3estaciones_160kW_Descomp\station_3_d1_stage1\ELMO_log.txt"
Set parameter Threads to value 1
Set parameter Heuristics to value 0.5
Set parameter MIPFocus to value 3
Set parameter Presolve to value 2
Set parameter FlowCoverCuts to value 2
Gurobi Optimizer version 12.0.3 build v12.0.3rc0 (win64 - Windows 11+.0 (26200.2))

CPU model: Intel(R) Core(TM) i9-14900K, instruction set [SSE2|AVX|AVX2]
Thread count: 24 physical cores, 32 logical processors, using up to 1 threads

Non-default parameters:
TimeLimit  1200
MIPGap  0.05
Heuristics  0.5
MIPFocus  3
FlowCoverCuts  2
Presolve  2
Threads  1

Optimize a model with 26328 rows, 53707 columns and 244626 nonzeros
Model fingerprint: 0xaef09544
Variable types: 2099 continuous, 51608 integer (18485 binary)
Coefficient statistics:
  Matrix range     [1e+00, 3e+02]
  Objective range  [1e-02, 8e+04]
  Bounds range     [1e+00, 1e+01]
  RHS range        [1e+00, 1e+04]
     0     0 180918.517    0   79          - 180918.517      -     -    5s
C:\Users\TECNO-MASTER\anaconda3\lib\site-packages\pandas\core\indexes\base.py:6999: FutureWarning: In a future version, the Index constructor will not infer numeric dtypes when passed object-dtype sequences (matching Series behavior)
  return Index(sequences[0], name=names)

Root relaxation: objective 1.796229e+05, 18332 iterations, 2.98 seconds (3.42 work units)
   395   397 178498.326   88    9          - 178498.326      -  80.6   25s
Presolve removed 23458 rows and 43788 columns
Presolve time: 0.24s
Presolved: 2870 rows, 9919 columns, 32918 nonzeros
Variable types: 824 continuous, 9095 integer (8472 binary)
Root relaxation presolved: 2870 rows, 9919 columns, 32918 nonzeros

   164   166 180927.317   31   13          - 180927.317      -   127   20s
     0     0 180050.547    0   18          - 180050.547      -     -    8s
H   52    52                    289948.23885 180503.192  37.7%   161   14s
     0     0 180050.547    0   88          - 180050.547      -     -    8s
   197   199 179367.372   10   13          - 179367.372      -   626   30s
    55    57 180503.192   20   17 289948.239 180503.192  37.7%   156   15s
     0     0 180918.517    0   17          - 180918.517      -     -    6s

    Nodes    |    Current Node    |     Objective Bounds      |     Work
 Expl Unexpl |  Obj  Depth IntInf | Incumbent    BestBd   Gap | It/Node Time

     0     0 179622.881    0   32          - 179622.881      -     -    4s
   494   496 180311.762   42   19          - 180311.762      -   445   35s
     0     0 179622.881    0   34          - 179622.881      -     -    4s
     0     0 180050.547    0   22          - 180050.547      -     -    9s
     0     0 179996.247    0  163          - 179996.247      -     -    4s
     0     0 180311.763    0  122          - 180311.763      -     -    5s
   517   516 180927.316   22   62 201880.147 180927.316  10.4%  49.0   40s
     0     0 180311.763    0  126          - 180311.763      -     -    5s
     0     0 180918.517    0   23          - 180918.517      -     -    7s
     0     0 180050.547    0   21          - 180050.547      -     -    9s
     0     0 180918.517    0   23          - 180918.517      -     -    7s
   102   104 179262.556    7  129          - 179262.556      -   720   25s
  [Fase 1 (infra libre)] estacion=station_3 dia=121 -> C:\Users\TECNO-MASTER\Desktop\Elmo_infrastructure_sizing_NP-\output\DCH_septiembre\Bateria_353\Costo_variable\Swap_libre\Swap_variable_3estaciones_160kW_Descomp/station_3_d121_stage1
formulation time: 13.034969806671143
Set parameter OutputFlag to value 1
Set parameter OutputFlag to value 1
Set parameter LogToConsole to value 1
Set parameter MIPGap to value 0.05
Set parameter TimeLimit to value 1200
Set parameter LogFile to value "C:\Users\TECNO-MASTER\Desktop\Elmo_infrastructure_sizing_NP-\output\DCH_septiembre\Bateria_353\Costo_variable\Swap_libre\Swap_variable_3estaciones_160kW_Descomp\station_3_d121_stage1\ELMO_log.txt"
Set parameter Threads to value 1
Set parameter Heuristics to value 0.5
Set parameter MIPFocus to value 3
Set parameter Presolve to value 2
Set parameter FlowCoverCuts to value 2
Gurobi Optimizer version 12.0.3 build v12.0.3rc0 (win64 - Windows 11+.0 (26200.2))

CPU model: Intel(R) Core(TM) i9-14900K, instruction set [SSE2|AVX|AVX2]
Thread count: 24 physical cores, 32 logical processors, using up to 1 threads

Non-default parameters:
TimeLimit  1200
MIPGap  0.05
Heuristics  0.5
MIPFocus  3
FlowCoverCuts  2
Presolve  2
Threads  1

Optimize a model with 26358 rows, 53707 columns and 244686 nonzeros
Model fingerprint: 0x45ad7a3f
Variable types: 2099 continuous, 51608 integer (18485 binary)
Coefficient statistics:
  Matrix range     [1e+00, 3e+02]
  Objective range  [8e-03, 8e+04]
  Bounds range     [1e+00, 1e+01]
  RHS range        [1e+00, 1e+04]

Root relaxation: objective 1.786621e+05, 14578 iterations, 2.00 seconds (2.28 work units)
Presolve removed 23428 rows and 43757 columns
Presolve time: 0.23s
Presolved: 2930 rows, 9950 columns, 33038 nonzeros
Variable types: 824 continuous, 9126 integer (8472 binary)
Root relaxation presolved: 2930 rows, 9950 columns, 33038 nonzeros

   394   396 180578.842  147   10          - 180578.842      -  49.7   30s
H   78    78                    288263.74283 180503.192  37.4%   125   17s
     0     0 180918.517    0   22          - 180918.517      -     -    8s
C:\Users\TECNO-MASTER\anaconda3\lib\site-packages\pandas\core\indexes\base.py:6999: FutureWarning: In a future version, the Index constructor will not infer numeric dtypes when passed object-dtype sequences (matching Series behavior)
  return Index(sequences[0], name=names)
   727   396 179262.555   99   30 262421.690 179262.555  31.7%   121   55s
     0     0 180311.763    0   23          - 180311.763      -     -    6s

    Nodes    |    Current Node    |     Objective Bounds      |     Work
 Expl Unexpl |  Obj  Depth IntInf | Incumbent    BestBd   Gap | It/Node Time

     0     0 178662.111    0   39          - 178662.111      -     -    3s
    46    48 179160.083   20   13 308910.723 179160.083  42.0%   234   20s
     0     0 180311.763    0   25          - 180311.763      -     -    6s
   411   413 180050.548   86   13 199761.065 180050.548  9.87%   176   40s
     0     0 178662.113    0   41          - 178662.113      -     -    3s
   522   520 180927.317   84   14          - 180927.317      -   114   35s
     0     0 180918.517    0   23          - 180918.517      -     -    9s
     0     0 179262.556    0  114          - 179262.556      -     -    4s
     0     0 180311.763    0   12          - 180311.763      -     -    7s
     0     0 179262.556    0   97          - 179262.556      -     -    4s

Root relaxation: objective 1.785952e+05, 13357 iterations, 1.63 seconds (1.95 work units)
     0     0 180311.763    0   35          - 180311.763      -     -    7s
     0     0 180918.517    0   17          - 180918.517      -     -   10s
     0     0 179262.556    0   18          - 179262.556      -     -    4s

    Nodes    |    Current Node    |     Objective Bounds      |     Work
 Expl Unexpl |  Obj  Depth IntInf | Incumbent    BestBd   Gap | It/Node Time

     0     0 178595.194    0   32          - 178595.194      -     -    2s
     0     0 180311.763    0   11          - 180311.763      -     -    8s
     0     0 179262.556    0   24          - 179262.556      -     -    5s
H  104   104                    287963.39029 180503.192  37.3%   108   19s
     0     0 180311.763    0   11          - 180311.763      -     -    8s
   330   332 180927.317   35   12          - 180927.317      -  93.0   25s
   241   243 179367.372   28  111          - 179367.372      -   668   35s
     0     0 179262.556    0   17          - 179262.556      -     -    5s
     0     0 179160.083    0   14          - 179160.083      -     -    3s
     0     0 179262.556    0   18          - 179262.556      -     -    6s
C:\Users\TECNO-MASTER\anaconda3\lib\site-packages\pandas\core\indexes\base.py:6999: FutureWarning: In a future version, the Index constructor will not infer numeric dtypes when passed object-dtype sequences (matching Series behavior)
  return Index(sequences[0], name=names)
   106   108 180503.192   25   23 287963.390 180503.192  37.3%   108   20s
   523   520 180927.316   24   21 201880.147 180927.316  10.4%  48.5   45s
     0     0 179160.083    0   24          - 179160.083      -     -    4s
     0     0 179262.556    0   22          - 179262.556      -     -    6s
   514   514 178498.326   27   40          - 178498.326      -  69.6   31s
     0     0 179160.083    0   26          - 179160.083      -     -    4s
H  785   419                    179262.55632 179262.555  0.00%   119   58s

Cutting planes:
  Gomory: 3
  Lift-and-project: 2
  Flow cover: 3

Explored 786 nodes (120908 simplex iterations) in 58.77 seconds (80.12 work units)
Thread count was 1 (of 32 available processors)

Solution count 10: 179263 262422 263767 ... 290905

Optimal solution found (tolerance 5.00e-02)
Best objective 1.792625563230e+05, best bound 1.792625550402e+05, gap 0.0000%
  [Fase 1 (infra libre)] estacion=station_2 dia=274 -> C:\Users\TECNO-MASTER\Desktop\Elmo_infrastructure_sizing_NP-\output\DCH_septiembre\Bateria_353\Costo_variable\Swap_libre\Swap_variable_3estaciones_160kW_Descomp/station_2_d274_stage1
formulation time: 14.867499828338623
Set parameter OutputFlag to value 1
Set parameter OutputFlag to value 1
Set parameter LogToConsole to value 1
Set parameter MIPGap to value 0.05
Set parameter TimeLimit to value 1200
Set parameter LogFile to value "C:\Users\TECNO-MASTER\Desktop\Elmo_infrastructure_sizing_NP-\output\DCH_septiembre\Bateria_353\Costo_variable\Swap_libre\Swap_variable_3estaciones_160kW_Descomp\station_2_d274_stage1\ELMO_log.txt"
Set parameter Threads to value 1
Set parameter Heuristics to value 0.5
Set parameter MIPFocus to value 3
Set parameter Presolve to value 2
Set parameter FlowCoverCuts to value 2
Gurobi Optimizer version 12.0.3 build v12.0.3rc0 (win64 - Windows 11+.0 (26200.2))

CPU model: Intel(R) Core(TM) i9-14900K, instruction set [SSE2|AVX|AVX2]
Thread count: 24 physical cores, 32 logical processors, using up to 1 threads

Non-default parameters:
TimeLimit  1200
MIPGap  0.05
Heuristics  0.5
MIPFocus  3
FlowCoverCuts  2
Presolve  2
Threads  1

Optimize a model with 26358 rows, 54733 columns and 249676 nonzeros
Model fingerprint: 0x1a8c7154
Variable types: 2129 continuous, 52604 integer (19481 binary)
Coefficient statistics:
  Matrix range     [1e+00, 3e+02]
  Objective range  [4e-03, 8e+04]
  Bounds range     [1e+00, 1e+01]
  RHS range        [1e+00, 1e+04]
     0     0 179262.556    0   17          - 179262.556      -     -    7s
Presolve removed 23480 rows and 44300 columns
Presolve time: 0.22s
Presolved: 2878 rows, 10433 columns, 35002 nonzeros
Variable types: 824 continuous, 9609 integer (8984 binary)
   152   154 179262.556   10   30          - 179262.556      -   819   30s
Root relaxation presolved: 2878 rows, 10433 columns, 35002 nonzeros

   517   516 180311.762   22   11          - 180311.762      -   428   41s
     0     0 179160.083    0   21          - 179160.083      -     -    6s
     0     0 179160.083    0   25          - 179160.083      -     -    6s
   135   137 179160.083   35   13 308910.723 179160.083  42.0%   113   25s
   532   526 180927.317   63   27          - 180927.317      -   112   40s
   459   461 180050.548  100   11 199761.065 180050.548  9.87%   163   45s
     0     2 180050.547    0   21          - 180050.547      -     -   16s
     0     0 179160.083    0   21          - 179160.083      -     -    6s
     0     0 179160.083    0   58          - 179160.083      -     -    6s
H  156   156                    287942.02753 180503.192  37.3%  93.6   23s
  [Fase 1 (infra libre)] estacion=station_2 dia=335 -> C:\Users\TECNO-MASTER\Desktop\Elmo_infrastructure_sizing_NP-\output\DCH_septiembre\Bateria_353\Costo_variable\Swap_libre\Swap_variable_3estaciones_160kW_Descomp/station_2_d335_stage1
formulation time: 13.939659118652344
Set parameter OutputFlag to value 1
Set parameter OutputFlag to value 1
Set parameter LogToConsole to value 1
Set parameter MIPGap to value 0.05
Set parameter TimeLimit to value 1200
Set parameter LogFile to value "C:\Users\TECNO-MASTER\Desktop\Elmo_infrastructure_sizing_NP-\output\DCH_septiembre\Bateria_353\Costo_variable\Swap_libre\Swap_variable_3estaciones_160kW_Descomp\station_2_d335_stage1\ELMO_log.txt"
Set parameter Threads to value 1
Set parameter Heuristics to value 0.5
Set parameter MIPFocus to value 3
Set parameter Presolve to value 2
Set parameter FlowCoverCuts to value 2
Gurobi Optimizer version 12.0.3 build v12.0.3rc0 (win64 - Windows 11+.0 (26200.2))

CPU model: Intel(R) Core(TM) i9-14900K, instruction set [SSE2|AVX|AVX2]
Thread count: 24 physical cores, 32 logical processors, using up to 1 threads

Non-default parameters:
TimeLimit  1200
MIPGap  0.05
Heuristics  0.5
MIPFocus  3
FlowCoverCuts  2
Presolve  2
Threads  1

Optimize a model with 26358 rows, 54733 columns and 249676 nonzeros
Model fingerprint: 0x68436048
Variable types: 2129 continuous, 52604 integer (19481 binary)
Coefficient statistics:
  Matrix range     [1e+00, 3e+02]
  Objective range  [4e-03, 8e+04]
  Bounds range     [1e+00, 1e+01]
  RHS range        [1e+00, 1e+04]
H  162   162                    287928.39550 180503.192  37.3%  93.1   23s
Presolve removed 23476 rows and 44296 columns
Presolve time: 0.27s
Presolved: 2882 rows, 10437 columns, 35102 nonzeros
Variable types: 824 continuous, 9613 integer (8984 binary)
C:\Users\TECNO-MASTER\anaconda3\lib\site-packages\pandas\core\indexes\base.py:6999: FutureWarning: In a future version, the Index constructor will not infer numeric dtypes when passed object-dtype sequences (matching Series behavior)
  return Index(sequences[0], name=names)

Root relaxation: objective 1.785903e+05, 15929 iterations, 2.35 seconds (2.65 work units)
Root relaxation presolved: 2882 rows, 10437 columns, 35102 nonzeros

     0     0 179160.083    0   21          - 179160.083      -     -    7s
     0     0 179160.083    0   21          - 179160.083      -     -    7s
   514   514 180578.842  129   33          - 180578.842      -  46.3   37s
   460   462 180927.317   35   28          - 180927.317      -  90.3   30s
     0     2 180918.517    0   17          - 180918.517      -     -   16s
   291   293 179367.372   40   16          - 179367.372      -   694   40s

    Nodes    |    Current Node    |     Objective Bounds      |     Work
 Expl Unexpl |  Obj  Depth IntInf | Incumbent    BestBd   Gap | It/Node Time

     0     0 178590.310    0   37          - 178590.310      -     -    3s
   184   186 180503.192   31   17 287928.396 180503.192  37.3%  89.2   25s
     0     2 180311.763    0   11          - 180311.763      -     -   14s
   520   518 178498.326   87   15          - 178498.326      -  68.8   35s
     0     0 178590.310    0   42          - 178590.310      -     -    4s
   521   519 180311.762   40   14          - 180311.762      -   424   45s
   534   528 180927.316   19   13 201880.147 180927.316  10.4%  47.5   50s
     0     0 179111.514    0   55          - 179111.514      -     -    4s
     8    10 180311.763    4   65          - 180311.763      -   560   15s

Root relaxation: objective 1.776451e+05, 16304 iterations, 2.32 seconds (2.55 work units)
    56    58 180050.547   29   32          - 180050.547      -  61.9   20s
   204   206 179262.556   10   68          - 179262.556      -   806   35s
  [Fase 1 (infra libre)] estacion=station_3 dia=213 -> C:\Users\TECNO-MASTER\Desktop\Elmo_infrastructure_sizing_NP-\output\DCH_septiembre\Bateria_353\Costo_variable\Swap_libre\Swap_variable_3estaciones_160kW_Descomp/station_3_d213_stage1
formulation time: 14.593695163726807
Set parameter OutputFlag to value 1
Set parameter OutputFlag to value 1
Set parameter LogToConsole to value 1
Set parameter MIPGap to value 0.05
Set parameter TimeLimit to value 1200
Set parameter LogFile to value "C:\Users\TECNO-MASTER\Desktop\Elmo_infrastructure_sizing_NP-\output\DCH_septiembre\Bateria_353\Costo_variable\Swap_libre\Swap_variable_3estaciones_160kW_Descomp\station_3_d213_stage1\ELMO_log.txt"
Set parameter Threads to value 1
Set parameter Heuristics to value 0.5
Set parameter MIPFocus to value 3
Set parameter Presolve to value 2
Set parameter FlowCoverCuts to value 2
Gurobi Optimizer version 12.0.3 build v12.0.3rc0 (win64 - Windows 11+.0 (26200.2))

CPU model: Intel(R) Core(TM) i9-14900K, instruction set [SSE2|AVX|AVX2]
Thread count: 24 physical cores, 32 logical processors, using up to 1 threads

Non-default parameters:
TimeLimit  1200
MIPGap  0.05
Heuristics  0.5
MIPFocus  3
FlowCoverCuts  2
Presolve  2
Threads  1

Optimize a model with 26358 rows, 53707 columns and 244686 nonzeros
Model fingerprint: 0x55401a52
Variable types: 2099 continuous, 51608 integer (18485 binary)
Coefficient statistics:
  Matrix range     [1e+00, 3e+02]
  Objective range  [8e-03, 8e+04]
  Bounds range     [1e+00, 1e+01]
  RHS range        [1e+00, 1e+04]
     0     0 179111.514    0   23          - 179111.514      -     -    5s
Presolve removed 23422 rows and 43751 columns
Presolve time: 0.23s
Presolved: 2936 rows, 9956 columns, 33176 nonzeros
Variable types: 824 continuous, 9132 integer (8472 binary)
Root relaxation presolved: 2936 rows, 9956 columns, 33176 nonzeros

   517   516 180578.842  154   17          - 180578.842      -  46.0   40s

    Nodes    |    Current Node    |     Objective Bounds      |     Work
 Expl Unexpl |  Obj  Depth IntInf | Incumbent    BestBd   Gap | It/Node Time

     0     0 177645.055    0   46          - 177645.055      -     -    3s
C:\Users\TECNO-MASTER\anaconda3\lib\site-packages\pandas\core\indexes\base.py:6999: FutureWarning: In a future version, the Index constructor will not infer numeric dtypes when passed object-dtype sequences (matching Series behavior)
  return Index(sequences[0], name=names)
     0     2 179262.556    0   17          - 179262.556      -     -   13s
     0     0 177645.055    0   54          - 177645.055      -     -    4s
     0     0 179111.514    0   25          - 179111.514      -     -    7s
     0     0 178197.660    0   65          - 178197.660      -     -    4s
     0     0 178197.660    0   67          - 178197.660      -     -    4s
    64    66 180918.517   10   32          - 180918.517      -  72.9   20s
     0     0 179111.514    0  100          - 179111.514      -     -    7s
H  208   208                    287907.03275 180503.192  37.3%  83.4   28s
H  208   208                    307599.52254 179160.083  41.8%  88.5   31s
    13    15 179262.556    7  138          - 179262.556      -   821   15s
     0     0 178197.660    0   20          - 178197.660      -     -    5s
   529   524 178498.326   95   15          - 178498.326      -  67.6   40s
     0     0 179111.514    0   23          - 179111.514      -     -    8s
   512   513 180050.548   61   21 199761.065 180050.548  9.87%   149   52s
     0     0 179111.514    0   39          - 179111.514      -     -    8s

Root relaxation: objective 1.796876e+05, 17429 iterations, 3.02 seconds (3.41 work units)
   334   336 179367.372   36   97          - 179367.372      -   682   45s
  [Fase 1 (infra libre)] estacion=station_3 dia=91 -> C:\Users\TECNO-MASTER\Desktop\Elmo_infrastructure_sizing_NP-\output\DCH_septiembre\Bateria_353\Costo_variable\Swap_libre\Swap_variable_3estaciones_160kW_Descomp/station_3_d91_stage1
formulation time: 14.665445327758789
Set parameter OutputFlag to value 1
Set parameter OutputFlag to value 1
Set parameter LogToConsole to value 1
Set parameter MIPGap to value 0.05
Set parameter TimeLimit to value 1200
Set parameter LogFile to value "C:\Users\TECNO-MASTER\Desktop\Elmo_infrastructure_sizing_NP-\output\DCH_septiembre\Bateria_353\Costo_variable\Swap_libre\Swap_variable_3estaciones_160kW_Descomp\station_3_d91_stage1\ELMO_log.txt"
Set parameter Threads to value 1
Set parameter Heuristics to value 0.5
Set parameter MIPFocus to value 3
Set parameter Presolve to value 2
Set parameter FlowCoverCuts to value 2
Gurobi Optimizer version 12.0.3 build v12.0.3rc0 (win64 - Windows 11+.0 (26200.2))

CPU model: Intel(R) Core(TM) i9-14900K, instruction set [SSE2|AVX|AVX2]
Thread count: 24 physical cores, 32 logical processors, using up to 1 threads

Non-default parameters:
TimeLimit  1200
MIPGap  0.05
Heuristics  0.5
MIPFocus  3
FlowCoverCuts  2
Presolve  2
Threads  1

Optimize a model with 26358 rows, 53707 columns and 244686 nonzeros
Model fingerprint: 0x1bff97c4
Variable types: 2099 continuous, 51608 integer (18485 binary)
Coefficient statistics:
  Matrix range     [1e+00, 3e+02]
  Objective range  [1e-02, 8e+04]
  Bounds range     [1e+00, 1e+01]
  RHS range        [1e+00, 1e+04]
H  534   501                    630229.47419 180927.317  71.3%   111   47s
H  534   475                    611029.47419 180927.317  70.4%   111   47s
     0     2 179160.083    0   21          - 179160.083      -     -   14s
H  534   451                    610558.38193 180927.317  70.4%   111   47s
Presolve removed 23428 rows and 43757 columns
Presolve time: 0.27s
Presolved: 2930 rows, 9950 columns, 33038 nonzeros
Variable types: 824 continuous, 9126 integer (8472 binary)
H  534   428                    608673.49678 180927.317  70.3%   111   47s
Root relaxation presolved: 2930 rows, 9950 columns, 33038 nonzeros

     0     0 179111.514    0   14          - 179111.514      -     -    9s
   558   546 180927.316   23   53 201880.147 180927.316  10.4%   139   55s
     0     0 179111.514    0   31          - 179111.514      -     -    9s
H  534   406                    312389.35247 180927.317  42.1%   111   48s
H  534   386                    310819.14426 180927.317  41.8%   111   48s
   243   245 180503.192   44   17 287907.033 180503.192  37.3%  79.1   30s
H  534   366                    310797.95743 180927.317  41.8%   111   48s
H  534   347                    309020.69637 180927.317  41.5%   111   48s
C:\Users\TECNO-MASTER\anaconda3\lib\site-packages\pandas\core\indexes\base.py:6999: FutureWarning: In a future version, the Index constructor will not infer numeric dtypes when passed object-dtype sequences (matching Series behavior)
  return Index(sequences[0], name=names)
     0     0 178197.660    0   19          - 178197.660      -     -    7s
     0     0 178197.660    0   29          - 178197.660      -     -    7s
H  534   330                    308978.41460 180927.317  41.4%   111   48s

    Nodes    |    Current Node    |     Objective Bounds      |     Work
 Expl Unexpl |  Obj  Depth IntInf | Incumbent    BestBd   Gap | It/Node Time

     0     0 179687.575    0   37          - 179687.575      -     -    4s
    57    59 180311.763   11   51          - 180311.763      -   544   20s
     0     0 179111.514    0   15          - 179111.514      -     -   10s
H  535   313                    284586.48170 180927.317  36.4%   196   48s
   139   141 180050.547   33   58          - 180050.547      -   106   25s
   264   266 179262.556   17   46          - 179262.556      -   816   40s
    15    17 179160.083    9   31          - 179160.083      -   232   15s
     0     0 179111.514    0   15          - 179111.514      -     -   10s
   514   514 180927.317   25   49          - 180927.317      -   109   37s
     0     0 179687.575    0   35          - 179687.575      -     -    5s

     0     0 179687.575    0   71          - 179687.575      -     -    5s
Root relaxation: objective 1.798980e+05, 12666 iterations, 1.56 seconds (1.79 work units)
     0     0 178197.660    0   33          - 178197.660      -     -    8s
   257   259 179160.083   40   11 307599.523 179160.083  41.8%  80.3   35s
     0     0 178197.660    0   20          - 178197.660      -     -    8s
   525   522 180578.842   78   26          - 180578.842      -  45.3   45s
H  260   260                    306427.78597 179160.083  41.5%  79.7   35s
   543   321 180927.317   14   14 284586.482 180927.317  36.4%   198   50s
H    0     0                    520990.88581 178197.660  65.8%     -    9s
   515   515 180050.548   89   10 199761.065 180050.548  9.87%   149   55s
  [Fase 1 (infra libre)] estacion=station_3 dia=32 -> C:\Users\TECNO-MASTER\Desktop\Elmo_infrastructure_sizing_NP-\output\DCH_septiembre\Bateria_353\Costo_variable\Swap_libre\Swap_variable_3estaciones_160kW_Descomp/station_3_d32_stage1
formulation time: 14.76985216140747
Set parameter OutputFlag to value 1
Set parameter OutputFlag to value 1
Set parameter LogToConsole to value 1
Set parameter MIPGap to value 0.05
Set parameter TimeLimit to value 1200
Set parameter LogFile to value "C:\Users\TECNO-MASTER\Desktop\Elmo_infrastructure_sizing_NP-\output\DCH_septiembre\Bateria_353\Costo_variable\Swap_libre\Swap_variable_3estaciones_160kW_Descomp\station_3_d32_stage1\ELMO_log.txt"
Set parameter Threads to value 1
Set parameter Heuristics to value 0.5
Set parameter MIPFocus to value 3
Set parameter Presolve to value 2
Set parameter FlowCoverCuts to value 2
Gurobi Optimizer version 12.0.3 build v12.0.3rc0 (win64 - Windows 11+.0 (26200.2))

CPU model: Intel(R) Core(TM) i9-14900K, instruction set [SSE2|AVX|AVX2]
Thread count: 24 physical cores, 32 logical processors, using up to 1 threads

Non-default parameters:
TimeLimit  1200
MIPGap  0.05
Heuristics  0.5
MIPFocus  3
FlowCoverCuts  2
Presolve  2
Threads  1

Optimize a model with 26328 rows, 53707 columns and 244626 nonzeros
Model fingerprint: 0xac6e7dea
Variable types: 2099 continuous, 51608 integer (18485 binary)
Coefficient statistics:
  Matrix range     [1e+00, 3e+02]
  Objective range  [3e-03, 8e+04]
  Bounds range     [1e+00, 1e+01]
  RHS range        [1e+00, 1e+04]
H    0     0                    433192.72635 178197.660  58.9%     -    9s

    Nodes    |    Current Node    |     Objective Bounds      |     Work
 Expl Unexpl |  Obj  Depth IntInf | Incumbent    BestBd   Gap | It/Node Time

     0     0 179898.004    0   29          - 179898.004      -     -    2s
H    0     0                    431700.52423 178197.660  58.7%     -    9s
H    0     0                    288703.88086 178197.660  38.3%     -    9s
H    0     0                    285318.31913 178197.660  37.5%     -    9s
H    0     0                    284644.54130 178197.660  37.4%     -    9s
     0     0 180311.763    0   20          - 180311.763      -     -    6s
Presolve removed 23452 rows and 43782 columns
Presolve time: 0.28s
Presolved: 2876 rows, 9925 columns, 33056 nonzeros
Variable types: 824 continuous, 9101 integer (8472 binary)
Root relaxation presolved: 2876 rows, 9925 columns, 33056 nonzeros

     0     2 178197.660    0   20 284644.541 178197.660  37.4%     -    9s
   160   162 180918.517   24   18          - 180918.517      -  69.3   25s
     2     4 178197.660    1   75 284644.541 178197.660  37.4%   788   10s
     0     0 179898.004    0   54          - 179898.004      -     -    3s
     0     0 180578.842    0   31          - 180578.842      -     -    3s
     0     0 180578.842    0   31          - 180578.842      -     -    3s
    49    51 179512.749    9  127          - 179262.556      -   917   20s
C:\Users\TECNO-MASTER\anaconda3\lib\site-packages\pandas\core\indexes\base.py:6999: FutureWarning: In a future version, the Index constructor will not infer numeric dtypes when passed object-dtype sequences (matching Series behavior)
  return Index(sequences[0], name=names)
     0     0 180578.842    0   16          - 180578.842      -     -    4s
     0     0 180311.763    0   18          - 180311.763      -     -    8s
     0     0 180311.763    0   18          - 180311.763      -     -    8s
   399   401 179367.372   30   24          - 179367.372      -   659   50s
   518   517 180927.317   30   18          - 180927.317      -   108   40s
   271   273 180503.192   39   17 287907.033 180503.192  37.3%  77.0   35s
H   80    80                    431644.25550 180311.763  58.2%   594   24s

Root relaxation: objective 1.787989e+05, 15706 iterations, 2.41 seconds (2.61 work units)
   583   562 180927.316   30   37 201880.147 180927.316  10.4%   163   60s
     0     0 180311.763    0   17          - 180311.763      -     -    9s
     0     0 180311.763    0   17          - 180311.763      -     -    9s
     0     0 180578.842    0   45          - 180578.842      -     -    5s
     0     0 180578.842    0   71          - 180578.842      -     -    5s
    85    87 180311.763   18   86 431644.255 180311.763  58.2%   607   25s
H  533   500                    601707.91379 180311.762  70.0%   415   55s
H  533   474                    582507.91379 180311.762  69.0%   415   55s
H  533   450                    582271.15783 180311.762  69.0%   415   55s
H  533   427                    310580.66865 180311.762  41.9%   415   55s
   191   193 180050.547   42   66          - 180050.547      -   182   30s
H  533   406                    310312.94906 180311.762  41.9%   415   55s
H  533   385                    310283.92770 180311.762  41.9%   415   55s
     0     0 180578.842    0   61          - 180578.842      -     -    6s
   320   322 179262.556   10   52          - 179262.556      -   792   45s
     0     0 180578.842    0   89          - 180578.842      -     -    6s
    86    88 179160.083   22   58          - 179160.083      -   271   20s
H  533   365                    309022.80247 180311.762  41.7%   415   55s
H  533   347                    284385.84142 180311.762  36.6%   415   55s
     0     0 180311.763    0   19          - 180311.763      -     -   10s
  [Fase 1 (infra libre)] estacion=station_3 dia=152 -> C:\Users\TECNO-MASTER\Desktop\Elmo_infrastructure_sizing_NP-\output\DCH_septiembre\Bateria_353\Costo_variable\Swap_libre\Swap_variable_3estaciones_160kW_Descomp/station_3_d152_stage1
formulation time: 15.588187456130981
Set parameter OutputFlag to value 1
Set parameter OutputFlag to value 1
Set parameter LogToConsole to value 1
Set parameter MIPGap to value 0.05
Set parameter TimeLimit to value 1200
Set parameter LogFile to value "C:\Users\TECNO-MASTER\Desktop\Elmo_infrastructure_sizing_NP-\output\DCH_septiembre\Bateria_353\Costo_variable\Swap_libre\Swap_variable_3estaciones_160kW_Descomp\station_3_d152_stage1\ELMO_log.txt"
Set parameter Threads to value 1
Set parameter Heuristics to value 0.5
Set parameter MIPFocus to value 3
Set parameter Presolve to value 2
Set parameter FlowCoverCuts to value 2

    Nodes    |    Current Node    |     Objective Bounds      |     Work
 Expl Unexpl |  Obj  Depth IntInf | Incumbent    BestBd   Gap | It/Node Time

     0     0 178798.857    0   50          - 178798.857      -     -    3s
Gurobi Optimizer version 12.0.3 build v12.0.3rc0 (win64 - Windows 11+.0 (26200.2))

CPU model: Intel(R) Core(TM) i9-14900K, instruction set [SSE2|AVX|AVX2]
Thread count: 24 physical cores, 32 logical processors, using up to 1 threads

Non-default parameters:
TimeLimit  1200
MIPGap  0.05
Heuristics  0.5
MIPFocus  3
FlowCoverCuts  2
Presolve  2
Threads  1

Optimize a model with 26358 rows, 53707 columns and 244686 nonzeros
Model fingerprint: 0x4e91ab19
Variable types: 2099 continuous, 51608 integer (18485 binary)
Coefficient statistics:
  Matrix range     [1e+00, 3e+02]
  Objective range  [1e-02, 8e+04]
  Bounds range     [1e+00, 1e+01]
  RHS range        [1e+00, 1e+04]
     0     0 180311.763    0   19          - 180311.763      -     -   10s
Presolve removed 23428 rows and 43757 columns
Presolve time: 0.26s
Presolved: 2930 rows, 9950 columns, 33038 nonzeros
Variable types: 824 continuous, 9126 integer (8472 binary)
Root relaxation presolved: 2930 rows, 9950 columns, 33038 nonzeros

     0     0 180578.842    0   83          - 180578.842      -     -    7s
   337   339 179160.083   28   11 306427.786 179160.083  41.5%  70.9   40s
   585   349 180927.317   27   43 284586.482 180927.317  36.4%   197   55s
     0     2 179111.514    0   15          - 179111.514      -     -   16s
     0     0 178798.860    0   42          - 178798.860      -     -    4s
   519   518 180050.548   88   54 199761.065 180050.548  9.87%   147   60s
H  587   332                    284478.25193 180927.317  36.4%   197   55s
     0     0 179367.372    0   21          - 179367.372      -     -    4s
     0     0 180578.842    0   33          - 180578.842      -     -    7s
H  101   101                    325231.84521 180311.763  44.6%   592   27s
H  101   101                    288832.88584 180311.763  37.6%   592   27s
H  101   101                    287542.38196 180311.763  37.3%   592   27s
   267   269 180918.517   25   86          - 180918.517      -  76.0   30s
     0     0 179367.372    0   44          - 179367.372      -     -    5s
H  536   502                    526880.45105 178498.326  66.1%  66.7   49s
     0     0 179367.372    0   46          - 179367.372      -     -    5s
H  536   476                    526124.47713 178498.326  66.1%  66.7   49s
H  536   452                    291367.12724 178498.326  38.7%  66.7   49s
H  536   429                    291359.48090 178498.326  38.7%  66.7   49s
    19    21 178197.660   10   30 284644.541 178197.660  37.4%  1190   15s
H  536   407                    290038.81344 178498.326  38.5%  66.7   49s
H  536   386                    289239.86490 178498.326  38.3%  66.7   49s

Root relaxation: objective 1.801455e+05, 12973 iterations, 1.82 seconds (1.95 work units)
H  536   367                    264164.35177 178498.326  32.4%  66.7   49s
    80    82 179262.556    7   87          - 179262.556      -   981   25s
H  568   352                    284140.82772 180311.762  36.5%   461   58s
   523   520 180927.317   53   36          - 180927.317      -   107   45s
     0     0 179367.372    0   13          - 179367.372      -     -    6s
     0     0 179367.372    0   15          - 179367.372      -     -    6s
   538   370 178498.326   10   61 264164.352 178498.326  32.4%   144   50s
   459   461 179367.372   17   78          - 179367.372      -   657   55s
   336   338 180503.192   39   19 287907.033 180503.192  37.3%  72.1   40s
  [Fase 1 (infra libre)] estacion=station_3 dia=60 -> C:\Users\TECNO-MASTER\Desktop\Elmo_infrastructure_sizing_NP-\output\DCH_septiembre\Bateria_353\Costo_variable\Swap_libre\Swap_variable_3estaciones_160kW_Descomp/station_3_d60_stage1
formulation time: 15.734188079833984
Set parameter OutputFlag to value 1
Set parameter OutputFlag to value 1
Set parameter LogToConsole to value 1
Set parameter MIPGap to value 0.05
Set parameter TimeLimit to value 1200
Set parameter LogFile to value "C:\Users\TECNO-MASTER\Desktop\Elmo_infrastructure_sizing_NP-\output\DCH_septiembre\Bateria_353\Costo_variable\Swap_libre\Swap_variable_3estaciones_160kW_Descomp\station_3_d60_stage1\ELMO_log.txt"
Set parameter Threads to value 1
Set parameter Heuristics to value 0.5
Set parameter MIPFocus to value 3
Set parameter Presolve to value 2
Set parameter FlowCoverCuts to value 2
Gurobi Optimizer version 12.0.3 build v12.0.3rc0 (win64 - Windows 11+.0 (26200.2))

CPU model: Intel(R) Core(TM) i9-14900K, instruction set [SSE2|AVX|AVX2]
Thread count: 24 physical cores, 32 logical processors, using up to 1 threads

Non-default parameters:
TimeLimit  1200
MIPGap  0.05
Heuristics  0.5
MIPFocus  3
FlowCoverCuts  2
Presolve  2
Threads  1

Optimize a model with 26328 rows, 53707 columns and 244626 nonzeros
Model fingerprint: 0x076e9873
Variable types: 2099 continuous, 51608 integer (18485 binary)
Coefficient statistics:
  Matrix range     [1e+00, 3e+02]
  Objective range  [9e-03, 8e+04]
  Bounds range     [1e+00, 1e+01]
  RHS range        [1e+00, 1e+04]

    Nodes    |    Current Node    |     Objective Bounds      |     Work
 Expl Unexpl |  Obj  Depth IntInf | Incumbent    BestBd   Gap | It/Node Time

     0     0 180145.470    0   17          - 180145.470      -     -    3s
Presolve removed 23458 rows and 43788 columns
Presolve time: 0.29s
Presolved: 2870 rows, 9919 columns, 32918 nonzeros
Variable types: 824 continuous, 9095 integer (8472 binary)
Root relaxation presolved: 2870 rows, 9919 columns, 32918 nonzeros

     0     0 179367.372    0    9          - 179367.372      -     -    7s
   600   574 180927.316   29   74 201880.147 180927.316  10.4%   177   65s
     0     0 179367.372    0   11          - 179367.372      -     -    7s
H  586   347                    180311.76324 180311.762  0.00%   447   60s

Cutting planes:
  Gomory: 1
  RLT: 2

Explored 587 nodes (294008 simplex iterations) in 60.11 seconds (74.38 work units)
Thread count was 1 (of 32 available processors)

Solution count 10: 180312 284141 284386 ... 601708

Optimal solution found (tolerance 5.00e-02)
Best objective 1.803117632417e+05, best bound 1.803117619081e+05, gap 0.0000%
     0     0 180146.373    0   22          - 180146.373      -     -    4s
   112   114 180311.763    7   59 287542.382 180311.763  37.3%   556   30s
    26    28 179111.514   11   97          - 179111.514      -   920   20s
     0     0 179367.372    0   14          - 179367.372      -     -    8s
     0     0 180918.517    0   61          - 180918.517      -     -    4s
     0     0 179367.372    0   54          - 179367.372      -     -    8s
   375   377 179262.556   17   87          - 179262.556      -   781   50s
   268   270 180050.547   54   55          - 180050.547      -   268   35s
   137   139 179160.083   35   38          - 179160.083      -   332   25s
     0     0 180918.517    0   13          - 180918.517      -     -    5s
     0     0 179367.372    0   11          - 179367.372      -     -    9s
     0     0 179367.372    0    8          - 179367.372      -     -    9s

Root relaxation: objective 1.779684e+05, 13838 iterations, 1.79 seconds (1.97 work units)
   617   354 180927.317   33   27 284478.252 180927.317  36.4%   206   60s
   397   399 179160.083   33   11 306427.786 179160.083  41.5%  66.1   45s
     0     0 180918.517    0   28          - 180918.517      -     -    5s
     0     0 180918.517    0   35          - 180918.517      -     -    6s
   530   525 180050.548   37   10 199761.065 180050.548  9.87%   144   65s

    Nodes    |    Current Node    |     Objective Bounds      |     Work
 Expl Unexpl |  Obj  Depth IntInf | Incumbent    BestBd   Gap | It/Node Time

     0     0 177968.413    0   40          - 177968.413      -     -    3s
   376   378 180918.517   30   16          - 180918.517      -  75.6   35s
H  532   499                    576051.62578 180578.842  68.7%  44.7   56s
H  532   474                    537651.62578 180578.842  66.4%  44.7   56s
H  532   449                    537648.47047 180578.842  66.4%  44.7   56s
    35    37 178197.660   18  109 284644.541 178197.660  37.4%  1203   20s
✅ Solution time [sec]: 5.39
📊 Status: optimal
💰 Operation Cost: 180578.84248448926
⚠️ No se encontró 'gurobi.log'. 
✔ JSON de variables y parámetros, log y summary guardados en 'C:\Users\TECNO-MASTER\Desktop\Elmo_infrastructure_sizing_NP-\output\DCH_septiembre\Bateria_353\Costo_variable\Swap_libre\Swap_variable_3estaciones_160kW_Descomp/station_1_d91_stage1'.
  [Fase 1 (infra libre)] estacion=station_3 dia=244 -> C:\Users\TECNO-MASTER\Desktop\Elmo_infrastructure_sizing_NP-\output\DCH_septiembre\Bateria_353\Costo_variable\Swap_libre\Swap_variable_3estaciones_160kW_Descomp/station_3_d244_stage1
formulation time: 15.958627700805664
Set parameter OutputFlag to value 1
Set parameter OutputFlag to value 1
Set parameter LogToConsole to value 1
Set parameter MIPGap to value 0.05
Set parameter TimeLimit to value 1200
Set parameter LogFile to value "C:\Users\TECNO-MASTER\Desktop\Elmo_infrastructure_sizing_NP-\output\DCH_septiembre\Bateria_353\Costo_variable\Swap_libre\Swap_variable_3estaciones_160kW_Descomp\station_3_d244_stage1\ELMO_log.txt"
Set parameter Threads to value 1
Set parameter Heuristics to value 0.5
Set parameter MIPFocus to value 3
Set parameter Presolve to value 2
Set parameter FlowCoverCuts to value 2
H  532   427                    537118.30350 180578.842  66.4%  44.7   56s
H  532   405                    537088.08506 180578.842  66.4%  44.7   56s
Gurobi Optimizer version 12.0.3 build v12.0.3rc0 (win64 - Windows 11+.0 (26200.2))

CPU model: Intel(R) Core(TM) i9-14900K, instruction set [SSE2|AVX|AVX2]
Thread count: 24 physical cores, 32 logical processors, using up to 1 threads

Non-default parameters:
TimeLimit  1200
MIPGap  0.05
Heuristics  0.5
MIPFocus  3
FlowCoverCuts  2
Presolve  2
Threads  1

Optimize a model with 26358 rows, 53707 columns and 244686 nonzeros
Model fingerprint: 0xbdde9ddc
Variable types: 2099 continuous, 51608 integer (18485 binary)
Coefficient statistics:
  Matrix range     [1e+00, 3e+02]
  Objective range  [8e-03, 8e+04]
  Bounds range     [1e+00, 1e+01]
  RHS range        [1e+00, 1e+04]
H  532   384                    536905.04902 180578.842  66.4%  44.7   56s
H  532   365                    309326.70663 180578.842  41.6%  44.7   56s
     0     2 180311.763    0   19          - 180311.763      -     -   17s
H  532   346                    307804.66606 180578.842  41.3%  44.7   56s
H  532   328                    307781.65789 180578.842  41.3%  44.7   57s
Presolve removed 23428 rows and 43757 columns
Presolve time: 0.29s
Presolved: 2930 rows, 9950 columns, 33038 nonzeros
Variable types: 824 continuous, 9126 integer (8472 binary)
     0     0 178498.326    0   27          - 178498.326      -     -    3s
Root relaxation presolved: 2930 rows, 9950 columns, 33038 nonzeros

H  532   312                    306769.16934 180578.842  41.1%  44.7   57s
     0     0 180918.517    0   21          - 180918.517      -     -    7s
     0     0 180918.517    0   21          - 180918.517      -     -    7s
     0     2 180578.842    0   31          - 180578.842      -     -   14s
   570   392 178498.326   16   37 264164.352 178498.326  32.4%   163   55s
H  532   296                    306746.16118 180578.842  41.1%  44.7   57s
H  532   281                    306677.66664 180578.842  41.1%  44.7   57s
   533   527 180927.317   21   47          - 180927.317      -   105   50s
   106   108 179262.556   15   48          - 179262.556      -   955   30s
   496   498 179367.372   24   59          - 179367.372      -   697   60s
     0     0 180918.517    0   14          - 180918.517      -     -    8s
    12    14 180578.842    6   82          - 180578.842      -   358   15s
     0     0 178498.326    0   14          - 178498.326      -     -    5s
   404   406 180503.192   52   19 287907.033 180503.192  37.3%  67.9   45s
     0     0 180918.517    0   14          - 180918.517      -     -    8s
H  639   351                    284375.47842 180927.317  36.4%   203   62s
Warning: Markowitz tolerance tightened to 0.125
   623   589 180934.781   26   68 201880.147 180927.316  10.4%   201   70s

Root relaxation: objective 1.792543e+05, 14914 iterations, 2.12 seconds (2.28 work units)
    57    59 179111.514    8   99          - 179111.514      -   976   25s
   418   420 179262.556   12   38          - 179262.556      -   808   55s
   160   162 180311.763   49  126 287542.382 180311.763  37.3%   612   35s
   190   192 179160.083   40   41          - 179160.083      -   334   30s
   340   342 180050.547   50   39          - 180050.547      -   311   40s
     0     0 178498.326    0   14          - 178498.326      -     -    6s
    46    48 180311.763   10   46          - 180311.763      -   124   20s
     0     0 178498.326    0   22          - 178498.326      -     -    6s
H  161   161                    287240.19248 180311.763  37.2%   608   35s
   543   291 180578.842   15  103 306677.667 180578.842  41.1%   134   60s

    Nodes    |    Current Node    |     Objective Bounds      |     Work
 Expl Unexpl |  Obj  Depth IntInf | Incumbent    BestBd   Gap | It/Node Time

     0     0 179254.251    0   36          - 179254.251      -     -    3s
     0     0 178498.326    0   18          - 178498.326      -     -    7s
   499   501 179160.083   52   11 306427.786 179160.083  41.5%  60.8   50s
     0     0 178498.326    0   41          - 178498.326      -     -    7s
   654   363 180927.317   30   20 284375.478 180927.317  36.4%   207   65s
   540   534 180050.548   18   23 199761.065 180050.548  9.87%   216   70s
✅ Solution time [sec]: 17.32
📊 Status: optimal
💰 Operation Cost: 178498.3266973896
⚠️ No se encontró 'gurobi.log'. 
✔ JSON de variables y parámetros, log y summary guardados en 'C:\Users\TECNO-MASTER\Desktop\Elmo_infrastructure_sizing_NP-\output\DCH_septiembre\Bateria_353\Costo_variable\Swap_libre\Swap_variable_3estaciones_160kW_Descomp/station_1_d60_stage1'.
  [Fase 1 (infra libre)] estacion=station_3 dia=274 -> C:\Users\TECNO-MASTER\Desktop\Elmo_infrastructure_sizing_NP-\output\DCH_septiembre\Bateria_353\Costo_variable\Swap_libre\Swap_variable_3estaciones_160kW_Descomp/station_3_d274_stage1
formulation time: 16.432421684265137
Set parameter OutputFlag to value 1
Set parameter OutputFlag to value 1
Set parameter LogToConsole to value 1
Set parameter MIPGap to value 0.05
Set parameter TimeLimit to value 1200
Set parameter LogFile to value "C:\Users\TECNO-MASTER\Desktop\Elmo_infrastructure_sizing_NP-\output\DCH_septiembre\Bateria_353\Costo_variable\Swap_libre\Swap_variable_3estaciones_160kW_Descomp\station_3_d274_stage1\ELMO_log.txt"
Set parameter Threads to value 1
Set parameter Heuristics to value 0.5
Set parameter MIPFocus to value 3
Set parameter Presolve to value 2
Set parameter FlowCoverCuts to value 2
Gurobi Optimizer version 12.0.3 build v12.0.3rc0 (win64 - Windows 11+.0 (26200.2))

CPU model: Intel(R) Core(TM) i9-14900K, instruction set [SSE2|AVX|AVX2]
Thread count: 24 physical cores, 32 logical processors, using up to 1 threads

Non-default parameters:
TimeLimit  1200
MIPGap  0.05
Heuristics  0.5
MIPFocus  3
FlowCoverCuts  2
Presolve  2
Threads  1

Optimize a model with 26328 rows, 53707 columns and 244626 nonzeros
Model fingerprint: 0xa32120d7
Variable types: 2099 continuous, 51608 integer (18485 binary)
Coefficient statistics:
  Matrix range     [1e+00, 3e+02]
  Objective range  [4e-03, 8e+04]
  Bounds range     [1e+00, 1e+01]
  RHS range        [1e+00, 1e+04]
Presolve removed 23456 rows and 43786 columns
Presolve time: 0.23s
Presolved: 2872 rows, 9921 columns, 32956 nonzeros
Variable types: 824 continuous, 9097 integer (8472 binary)
Root relaxation presolved: 2872 rows, 9921 columns, 32956 nonzeros

     0     0 180050.548    0   17          - 180050.548      -     -    4s
     0     0 180050.548    0   20          - 180050.548      -     -    4s
   493   495 180918.517   53   11          - 180918.517      -  69.1   40s
    57    59 178197.660   29  119 284644.541 178197.660  37.4%  1135   25s
     0     0 178498.326    0   14          - 178498.326      -     -    8s
     0     0 178498.326    0   14          - 178498.326      -     -    8s
     0     2 179367.372    0    8          - 179367.372      -     -   15s
H  184   184                    287121.81451 180311.763  37.2%   621   37s
     0     0 180050.548    0   10          - 180050.548      -     -    5s
H  639   571                    201257.05046 180927.316  10.1%   213   73s
   138   140 179262.556   15   69          - 179262.556      -  1023   35s
   602   413 178498.326   24   37 264164.352 178498.326  32.4%   177   60s
     0     0 180050.548    0   16          - 180050.548      -     -    6s
     0     0 180050.548    0   18          - 180050.548      -     -    6s
   406   408 180503.192   52   19 287907.033 180503.192  37.3%  68.0   50s

Root relaxation: objective 1.786393e+05, 15094 iterations, 2.21 seconds (2.34 work units)
    55    57 180578.842   28   48          - 180578.842      -   658   20s
     0     0 180050.548    0   18          - 180050.548      -     -    6s
   647   578 180927.316   28   46 201257.050 180927.316  10.1%   225   75s
     0     0 180050.548    0   41          - 180050.548      -     -    7s

    Nodes    |    Current Node    |     Objective Bounds      |     Work
 Expl Unexpl |  Obj  Depth IntInf | Incumbent    BestBd   Gap | It/Node Time

     0     0 178639.257    0   31          - 178639.257      -     -    3s
   202   204 180311.763   43   87 287121.815 180311.763  37.2%   616   40s
   406   408 180050.547   56   18          - 180050.547      -   344   45s
   466   468 179262.556   23   37          - 179262.556      -   826   60s
    94    96 179111.514   14   47          - 179111.514      -   932   30s
     0     0 180050.548    0    9          - 180050.548      -     -    7s
   246   248 179160.083   48   55          - 179160.083      -   358   35s
     0     0 180050.548    0    9          - 180050.548      -     -    7s
   144   146 180311.763   18   14          - 180311.763      -  89.8   25s
✅ Solution time [sec]: 11.39
📊 Status: optimal
💰 Operation Cost: 180503.19279995767
⚠️ No se encontró 'gurobi.log'. 
✔ JSON de variables y parámetros, log y summary guardados en 'C:\Users\TECNO-MASTER\Desktop\Elmo_infrastructure_sizing_NP-\output\DCH_septiembre\Bateria_353\Costo_variable\Swap_libre\Swap_variable_3estaciones_160kW_Descomp/station_1_d305_stage1'.
  [Fase 1 (infra libre)] estacion=station_3 dia=305 -> C:\Users\TECNO-MASTER\Desktop\Elmo_infrastructure_sizing_NP-\output\DCH_septiembre\Bateria_353\Costo_variable\Swap_libre\Swap_variable_3estaciones_160kW_Descomp/station_3_d305_stage1
formulation time: 16.88366198539734
Set parameter OutputFlag to value 1
Set parameter OutputFlag to value 1
Set parameter LogToConsole to value 1
Set parameter MIPGap to value 0.05
Set parameter TimeLimit to value 1200
Set parameter LogFile to value "C:\Users\TECNO-MASTER\Desktop\Elmo_infrastructure_sizing_NP-\output\DCH_septiembre\Bateria_353\Costo_variable\Swap_libre\Swap_variable_3estaciones_160kW_Descomp\station_3_d305_stage1\ELMO_log.txt"
Set parameter Threads to value 1
Set parameter Heuristics to value 0.5
Set parameter MIPFocus to value 3
Set parameter Presolve to value 2
Set parameter FlowCoverCuts to value 2
Gurobi Optimizer version 12.0.3 build v12.0.3rc0 (win64 - Windows 11+.0 (26200.2))

CPU model: Intel(R) Core(TM) i9-14900K, instruction set [SSE2|AVX|AVX2]
Thread count: 24 physical cores, 32 logical processors, using up to 1 threads

Non-default parameters:
TimeLimit  1200
MIPGap  0.05
Heuristics  0.5
MIPFocus  3
FlowCoverCuts  2
Presolve  2
Threads  1

Optimize a model with 26328 rows, 53707 columns and 244626 nonzeros
Model fingerprint: 0xa3503a7a
Variable types: 2099 continuous, 51608 integer (18485 binary)
Coefficient statistics:
  Matrix range     [1e+00, 3e+02]
  Objective range  [1e-01, 8e+04]
  Bounds range     [1e+00, 1e+01]
  RHS range        [1e+00, 1e+04]
     0     2 180918.517    0   14          - 180918.517      -     -   14s
   514   514 179367.372   38   38          - 179367.372      -   705   66s
     1     3 180918.517    1   64          - 180918.517      -  1066   15s
     0     0 179111.514    0   11          - 179111.514      -     -    4s
   566   306 180578.842   23  148 306677.667 180578.842  41.1%   151   65s
Presolve removed 23452 rows and 43782 columns
Presolve time: 0.30s
Presolved: 2876 rows, 9925 columns, 33056 nonzeros
Variable types: 824 continuous, 9101 integer (8472 binary)
Root relaxation presolved: 2876 rows, 9925 columns, 33056 nonzeros

     0     0 179111.514    0   52          - 179111.514      -     -    4s
   569   553 180050.548   29   39 199761.065 180050.548  9.87%   237   75s
   687   385 180927.317   32   79 284375.478 180927.317  36.4%   217   70s
     0     0 179111.514    0   58          - 179111.514      -     -    4s
    42    44 179367.372   19   96          - 179367.372      -   567   20s
H  535   501                    576765.88808 180927.317  68.6%   105   58s
H  535   475                    538365.88808 180927.317  66.4%   105   58s
H  535   451                    537742.02412 180927.317  66.4%   105   58s
H  535   428                    537633.68275 180927.317  66.3%   105   58s
    81    83 178197.660   12   51 284644.541 178197.660  37.4%  1064   30s
H  535   406                    289181.78211 180927.317  37.4%   105   59s
H  691   371                    284297.30348 180927.317  36.4%   217   71s
   515   515 180918.517   23   18          - 180918.517      -  67.6   45s
     0     0 179111.514    0   11          - 179111.514      -     -    6s
   183   185 179262.556    7   95          - 179262.556      -  1037   40s

Root relaxation: objective 1.800555e+05, 14833 iterations, 2.12 seconds (2.48 work units)
H  282   282                    432712.06393 179160.083  58.6%   360   37s
H  282   282                    288124.44313 179160.083  37.8%   360   37s
H  535   386                    288436.15870 180927.317  37.3%   105   59s
   641   439 178498.326   28   39 264164.352 178498.326  32.4%   185   65s
   536   387 180927.317   42   27 288436.159 180927.317  37.3%   105   60s
H    0     0                    502686.93157 178498.326  64.5%     -   14s
H    0     0                    290866.31519 178498.326  38.6%     -   14s
     0     0 179111.514    0   14          - 179111.514      -     -    7s

    Nodes    |    Current Node    |     Objective Bounds      |     Work
 Expl Unexpl |  Obj  Depth IntInf | Incumbent    BestBd   Gap | It/Node Time

     0     0 180055.513    0   35          - 180055.513      -     -    3s
   514   514 179160.083   26   37 306427.786 179160.083  41.5%  59.9   57s
     0     0 179111.514    0   24          - 179111.514      -     -    7s
H    0     0                    290474.76449 178498.326  38.5%     -   14s
H    0     0                    289220.12187 178498.326  38.3%     -   14s
H    0     0                    288871.99832 178498.326  38.2%     -   14s
H    0     0                    288484.32704 178498.326  38.1%     -   14s
✅ Solution time [sec]: 16.85
📊 Status: optimal
💰 Operation Cost: 180918.51757684874
⚠️ No se encontró 'gurobi.log'. 
✔ JSON de variables y parámetros, log y summary guardados en 'C:\Users\TECNO-MASTER\Desktop\Elmo_infrastructure_sizing_NP-\output\DCH_septiembre\Bateria_353\Costo_variable\Swap_libre\Swap_variable_3estaciones_160kW_Descomp/station_1_d152_stage1'.
  [Fase 1 (infra libre)] estacion=station_3 dia=335 -> C:\Users\TECNO-MASTER\Desktop\Elmo_infrastructure_sizing_NP-\output\DCH_septiembre\Bateria_353\Costo_variable\Swap_libre\Swap_variable_3estaciones_160kW_Descomp/station_3_d335_stage1
formulation time: 16.64415407180786
Set parameter OutputFlag to value 1
Set parameter OutputFlag to value 1
Set parameter LogToConsole to value 1
Set parameter MIPGap to value 0.05
Set parameter TimeLimit to value 1200
Set parameter LogFile to value "C:\Users\TECNO-MASTER\Desktop\Elmo_infrastructure_sizing_NP-\output\DCH_septiembre\Bateria_353\Costo_variable\Swap_libre\Swap_variable_3estaciones_160kW_Descomp\station_3_d335_stage1\ELMO_log.txt"
Set parameter Threads to value 1
Set parameter Heuristics to value 0.5
Set parameter MIPFocus to value 3
Set parameter Presolve to value 2
Set parameter FlowCoverCuts to value 2
    91    93 180578.842   11   47          - 180578.842      -   671   25s
H    0     0                    288448.77077 178498.326  38.1%     -   15s
Gurobi Optimizer version 12.0.3 build v12.0.3rc0 (win64 - Windows 11+.0 (26200.2))

CPU model: Intel(R) Core(TM) i9-14900K, instruction set [SSE2|AVX|AVX2]
Thread count: 24 physical cores, 32 logical processors, using up to 1 threads

Non-default parameters:
TimeLimit  1200
MIPGap  0.05
Heuristics  0.5
MIPFocus  3
FlowCoverCuts  2
Presolve  2
Threads  1

Optimize a model with 26328 rows, 53707 columns and 244626 nonzeros
Model fingerprint: 0x0be360ef
Variable types: 2099 continuous, 51608 integer (18485 binary)
Coefficient statistics:
  Matrix range     [1e+00, 3e+02]
  Objective range  [4e-03, 8e+04]
  Bounds range     [1e+00, 1e+01]
  RHS range        [1e+00, 1e+04]
     0     0 179111.514    0   16          - 179111.514      -     -    7s
   518   517 179367.372   34   13          - 179367.372      -   700   70s
Presolve removed 23452 rows and 43782 columns
Presolve time: 0.27s
Presolved: 2876 rows, 9925 columns, 33056 nonzeros
Variable types: 824 continuous, 9101 integer (8472 binary)
     0     0 179111.514    0   16          - 179111.514      -     -    7s
Root relaxation presolved: 2876 rows, 9925 columns, 33056 nonzeros

H    0     0                    288423.19811 178498.326  38.1%     -   15s
     0     2 178498.326    0   12 288423.198 178498.326  38.1%     -   15s
   669   593 180927.316   30   35 201257.050 180927.316  10.1%   253   80s
H  591   535                    180050.54783 180050.548  0.00%   247   78s

Cutting planes:
  Gomory: 3
  Lift-and-project: 1
  Flow cover: 5

Explored 592 nodes (174051 simplex iterations) in 78.14 seconds (89.86 work units)
Thread count was 1 (of 32 available processors)

Solution count 9: 180051 199761 199847 ... 507615

Optimal solution found (tolerance 5.00e-02)
Best objective 1.800505478328e+05, best bound 1.800505478328e+05, gap 0.0000%
   494   496 180503.192   51   17 287907.033 180503.192  37.3%  67.2   55s
     0     0 180055.513    0   25          - 180055.513      -     -    4s
     0     0 180503.192    0   28          - 180503.192      -     -    4s
   219   221 180311.763   43   98 287121.815 180311.763  37.2%   645   45s
   133   135 179111.514   30   10          - 179111.514      -   949   35s
   504   506 179262.556   14   36          - 179262.556      -   844   65s
   512   513 180050.547   54   21          - 180050.547      -   330   50s
   264   266 180311.763   30   11          - 180311.763      -  76.3   30s
     0     0 180503.192    0   13          - 180503.192      -     -    5s
   300   302 179160.083   52   11 288124.443 179160.083  37.8%   365   40s
    64    66 180918.517    8  154          - 180918.517      -   405   20s
   587   320 180578.842   19   93 306677.667 180578.842  41.1%   179   70s
     0     0 180503.192    0   13          - 180503.192      -     -    5s
   712   387 180927.317   44   22 284297.303 180927.317  36.4%   218   75s
     0     0 180503.192    0   16          - 180503.192      -     -    6s
     0     0 180503.192    0   15          - 180503.192      -     -    6s
    82    84 179367.372   29   42          - 179367.372      -   629   25s
   518   517 179160.083   36   16 306427.786 179160.083  41.5%  59.5   60s

Root relaxation: objective 1.776970e+05, 16196 iterations, 2.63 seconds (2.83 work units)
     0     0 180503.192    0   18          - 180503.192      -     -    6s
     0     2 180050.548    0    9          - 180050.548      -     -   15s
   521   519 180918.517   32   24          - 180918.517      -  66.9   50s
     0     0 180503.192    0   28          - 180503.192      -     -    7s
H  717   375                    282784.73241 180927.317  36.0%   218   76s

    Nodes    |    Current Node    |     Objective Bounds      |     Work
 Expl Unexpl |  Obj  Depth IntInf | Incumbent    BestBd   Gap | It/Node Time

     0     0 177696.951    0   37          - 177696.951      -     -    3s
   234   236 179860.780   20   75          - 179262.556      -   976   45s
     0     0 180503.192    0   13          - 180503.192      -     -    7s
   669   458 178498.326   33   41 264164.352 178498.326  32.4%   210   70s
   106   108 178197.660   16   81 284644.541 178197.660  37.4%  1048   36s
     0     0 180503.192    0   13          - 180503.192      -     -    8s
   556   402 180927.317   21  110 288436.159 180927.317  37.3%   213   65s
H   94    94                    287778.72535 179367.372  37.7%   610   27s
   522   520 179367.372   12   23          - 179367.372      -   694   75s
     0     0 177696.951    0   56          - 177696.951      -     -    4s
    43    45 178498.326    8   54 288423.198 178498.326  38.1%   685   20s
   119   121 180578.842   12   83          - 180578.842      -   671   30s
     0     0 178197.660    0   34          - 178197.660      -     -    4s
     0     0 178197.660    0   42          - 178197.660      -     -    4s
   512   513 180503.192   52   21 287907.033 180503.192  37.3%  67.2   60s
   688   605 180927.316   28   88 201257.050 180927.316  10.1%   264   85s
   264   266 180312.034   16   46 287121.815 180311.763  37.2%   698   50s
   192   194 179111.514   17  129          - 179111.514      -   901   40s
   517   516 180050.547   14  100          - 180050.547      -   327   55s
   348   350 179160.083   63   13 288124.443 179160.083  37.8%   371   45s
     0     0 178197.660    0   15          - 178197.660      -     -    6s
   397   399 180311.763   50   15          - 180311.763      -  70.5   35s
     0     2 179111.514    0   16          - 179111.514      -     -   13s
     0     0 178197.660    0   30          - 178197.660      -     -    6s
   515   515 179262.556   35    8          - 179262.556      -   834   70s
   110   112 180918.517   21   74          - 180918.517      -   503   25s
   609   335 180578.842   42   38 306677.667 180578.842  41.1%   186   75s
H    0     0                    296138.76620 180503.192  39.0%     -   10s
H    0     0                    296100.70132 180503.192  39.0%     -   10s
H    0     0                    294988.62406 180503.192  38.8%     -   10s
H    0     0                    294749.40831 180503.192  38.8%     -   10s
H    0     0                    294168.58910 180503.192  38.6%     -   10s
   739   391 180927.317   19   34 282784.732 180927.317  36.0%   218   80s
     0     0 178197.660    0   17          - 178197.660      -     -    7s
   524   521 179160.083   40   13 306427.786 179160.083  41.5%  58.8   65s
     0     0 178197.660    0   37          - 178197.660      -     -    7s
    20    22 179111.514   10   11          - 179111.514      -   265   15s
   107   109 179367.372   46   55 287778.725 179367.372  37.7%   614   30s
     0     2 180503.192    0   13 294168.589 180503.192  38.6%     -   11s
H  130   130                    284591.44872 178197.660  37.4%  1078   39s
     0     0 178197.660    0   17          - 178197.660      -     -    8s
   134   136 178197.660   15   60 284591.449 178197.660  37.4%  1079   40s
    78    80 180050.548   39   24          - 180050.548      -   232   20s
     0     0 178197.660    0   17          - 178197.660      -     -    8s
   274   276 179512.749   14  103          - 179262.556      -  1036   50s
   580   418 180928.015   29   43 288436.159 180927.317  37.3%   234   70s
   533   527 179367.372   27   29          - 179367.372      -   680   80s
H  529   497                    306404.20399 179160.083  41.5%  58.2   67s
   153   155 180578.842   30   26          - 180578.842      -   739   35s
    80    82 178498.326   19   66 288423.198 178498.326  38.1%   817   25s
   517   516 180503.192   18   17 287907.033 180503.192  37.3%  66.6   65s
   688   470 178498.326   44   33 264164.352 178498.326  32.4%   223   76s
   711   621 180927.316   32   53 201257.050 180927.316  10.1%   282   90s
   232   234 179135.909   22   96          - 179111.514      -   981   45s
   323   325 180311.763   34   33 287121.815 180311.763  37.2%   644   55s
   521   519 180050.547   53   27          - 180050.547      -   325   60s
   519   518 179262.556    8   20          - 179262.556      -   828   75s
    38    40 180503.192   16  128 294168.589 180503.192  38.6%   492   15s
   155   157 180918.517   22   66          - 180918.517      -   572   30s
H  535   501                    327749.73931 179367.372  45.3%   677   82s
   397   399 179160.083   71   19 288124.443 179160.083  37.8%   373   50s
H  536   476                    327103.42742 179367.372  45.2%   770   82s
   638   354 180578.842   20   78 306677.667 180578.842  41.1%   207   80s
   766   409 180927.317   30   34 282784.732 180927.317  36.0%   220   85s
   143   145 179111.514   35   10          - 179111.514      -   108   20s
   535   501 179160.083   30   12 306404.204 179160.083  41.5%  57.6   70s
   147   149 179367.372   61   70 287778.725 179367.372  37.7%   655   35s
H  535   476                    306380.62202 179160.083  41.5%  57.6   70s
H   52    52                    293304.17460 180503.192  38.5%   463   16s
   169   171 178197.660   14   78 284591.449 178197.660  37.4%  1103   45s
   179   181 180050.548    2   30          - 180050.548      -   189   25s
H  101   101                    288308.45320 178498.326  38.1%   756   28s
H  104   104                    264365.45320 178498.326  32.5%   740   29s
   717   490 178498.326   27   38 264164.352 178498.326  32.4%   225   80s
   304   306 179262.556    5   44          - 179262.556      -  1044   55s
   599   431 180930.093   31   98 288436.159 180927.317  37.3%   243   75s
   514   514 180311.763   39   32          - 180311.763      -  65.9   43s
   554   490 179367.372   22   98 327103.427 179367.372  45.2%   758   85s
H  533   500                    343974.65452 180918.517  47.4%  65.4   61s
H  533   474                    286374.65452 180918.517  36.8%  65.4   61s
   196   198 180578.842   37   81          - 180578.842      -   752   40s
     0     2 178197.660    0   17          - 178197.660      -     -   14s
     1     3 178197.660    1   17          - 178197.660      -   432   15s
H  533   450                    286348.14619 180918.517  36.8%  65.4   61s
H  533   427                    284627.19381 180918.517  36.4%  65.4   61s
H  282   282                    545430.25815 179111.514  67.2%   970   49s
H  282   282                    288388.86215 179111.514  37.9%   970   49s
H  533   406                    284622.23177 180918.517  36.4%  65.4   62s
   106   108 178498.326   13   54 264365.453 178498.326  32.5%   737   30s
   521   519 180503.192   23   10 287907.033 180503.192  37.3%  66.0   70s
   733   635 180927.316   37   83 201257.050 180927.316  10.1%   307   95s
H  562   469                    327012.06289 179367.372  45.1%   753   86s
   377   379 180311.763   61   74 287121.815 180311.763  37.2%   627   60s
   291   293 179111.514   44   70 288388.862 179111.514  37.9%   946   50s
   437   439 179160.083   86   57 288124.443 179160.083  37.8%   389   55s
   522   520 179311.764   15   21          - 179262.556      -   823   80s
H   78    78                    293235.18447 180503.192  38.4%   549   19s
    79    81 180503.192   35  145 293235.184 180503.192  38.4%   561   20s
   193   195 180918.517   13   59          - 180918.517      -   649   35s
   528   524 180050.547   74   12          - 180050.547      -   320   65s
   669   375 180578.842   40   57 306677.667 180578.842  41.1%   219   85s
   557   493 179160.083   21   16 306380.622 179160.083  41.5%   137   75s
   518   517 180311.763   17   12          - 180311.763      -  65.4   45s
   787   423 180927.317   34   22 282784.732 180927.317  36.0%   215   90s
   323   325 179111.514   56   10          - 179111.514      -  72.3   25s
H  562   469                    306362.99918 179160.083  41.5%   137   75s
   188   190 179367.372   60   66 287778.725 179367.372  37.7%   647   40s
H  438   438                    288106.82029 179160.083  37.8%   388   56s
H  438   438                    288100.86116 179160.083  37.8%   388   56s
H  745   487                    263959.91674 178498.326  32.4%   232   84s
   550   419 180918.517   17   56 284622.232 180918.517  36.4%   151   65s
   208   210 178197.660   10   19 284591.449 178197.660  37.4%  1024   50s
   332   334 180050.548   43   22          - 180050.548      -   115   30s
   357   359 179262.556   16   76          - 179262.556      -  1028   60s
   758   498 178498.326   36   22 263959.917 178498.326  32.4%   228   85s
H  588   464                    326838.99064 179367.372  45.1%   730   89s
   615   442 184737.344   34  176 288436.159 180927.317  37.3%   276   80s
H  590   443                    325423.88321 179367.372  44.9%   728   89s
   590   445 179367.372   20   71 325423.883 179367.372  44.9%   728   90s
   532   526 180503.192   51   20 287907.033 180503.192  37.3%  64.7   75s
   137   139 178498.326   44   27 264365.453 178498.326  32.5%   781   35s
   236   238 180578.842   17   42          - 180578.842      -   739   45s
    34    36 178197.660   10   84          - 178197.660      -   958   20s
   745   643 180927.316   40  108 201257.050 180927.316  10.1%   308  100s
   418   420 180311.763   30   18 287121.815 180311.763  37.2%   639   65s
   365   367 179111.514   14   62 288388.862 179111.514  37.9%   890   55s
   453   455 179160.083   90   39 288100.861 179160.083  37.8%   391   60s
H  104   104                    293166.19433 180503.192  38.4%   570   24s
   523   520 180311.763   44   21          - 180311.763      -  64.8   50s
   533   527 179262.556    8   15          - 179262.556      -   806   85s
   236   238 184285.873   18  113          - 180918.517      -   683   40s
H  533   500                    328647.10270 179262.556  45.5%   806   85s
   689   388 185678.282   50  137 306677.667 180578.842  41.1%   226   90s
   470   472 179111.514   72   10          - 179111.514      -  74.1   30s
   106   108 180503.192   15   70 293166.194 180503.192  38.4%   568   26s
   590   490 179160.083   23   15 306362.999 179160.083  41.5%   143   80s
   221   223 179367.372   20   20 287778.725 179367.372  37.7%   633   45s
   591   447 180918.517   25   30 284622.232 180918.517  36.4%   182   70s
H  614   438                    325337.34709 179367.372  44.9%   711   93s
   236   238 178197.660   17   26 284591.449 178197.660  37.4%   974   55s
   451   453 180050.548   56   24          - 180050.548      -   105   35s
   821   446 180927.317   35   35 282784.732 180927.317  36.0%   207   96s
H  257   257                    311805.20069 180918.517  42.0%   700   42s
H  257   257                    311800.88867 180918.517  42.0%   700   42s
H  257   257                    311779.13975 180918.517  42.0%   700   42s
H  257   257                    311774.82773 180918.517  42.0%   700   42s
H  257   257                    293095.77914 180918.517  38.3%   700   42s
H  257   255                    201243.92088 180918.517  10.1%   700   42s
H  257   255                    201209.43719 180918.517  10.1%   700   42s
   408   410 179262.556   27   81          - 179262.556      -  1006   65s
   794   522 178498.326   44   17 263959.917 178498.326  32.4%   220   90s
H  546   483                    266632.96873 179262.556  32.8%   885   88s
   641   459 180927.317   27   67 288436.159 180927.317  37.3%   299   85s
   626   448 179367.372   34   10 325337.347 179367.372  44.9%   702   95s
   540   534 180503.192   17   53 287907.033 180503.192  37.3%   149   80s
   168   170 178498.326   21   24 264365.453 178498.326  32.5%   869   40s
    74    76 178197.660   15   74          - 178197.660      -   827   25s
   282   284 180578.842   24   80          - 180578.842      -   790   50s
H  769   630                    201250.66154 180927.316  10.1%   318  104s
   770   633 180927.316   45   33 201250.662 180927.316  10.1%   318  105s
   460   462 180311.763    9   52 287121.815 180311.763  37.2%   632   70s
   404   406 179111.514   83   60 288388.862 179111.514  37.9%   925   60s
H  130   130                    293021.58341 180503.192  38.4%   624   29s
   555   491 179262.556   16  113 266632.969 179262.556  32.8%   886   90s
H  847   448                    282759.45763 180927.317  36.0%   201   99s
   132   134 180503.192   30   60 293021.583 180503.192  38.4%   632   30s
H  412   412                    287677.91062 179111.514  37.7%   927   60s
   282   281 180918.517   23   61 201209.437 180918.517  10.1%   714   45s
   714   405 180578.842   46   45 306677.667 180578.842  41.1%   247   95s
H  715   388                    306506.70802 180578.842  41.1%   247   95s
   627   515 179160.083   41   11 306362.999 179160.083  41.5%   136   85s
H  535   501                    579905.84078 180050.547  69.0%   316   76s
H  535   475                    541505.84078 180050.547  66.8%   316   76s
   856   456 180927.317   67   26 282759.458 180927.317  36.0%   199  100s
H  535   451                    541163.65771 180050.547  66.7%   316   76s
H  535   428                    310152.70404 180050.547  41.9%   316   76s
   494   496 179160.083   66   40 288100.861 179160.083  37.8%   399   66s
   256   258 179367.372   28   57 287778.725 179367.372  37.7%   669   50s
H  535   406                    309869.51911 180050.547  41.9%   316   76s
H  535   386                    309122.44376 180050.547  41.8%   316   76s
H  535   366                    308055.91041 180050.547  41.6%   316   76s
H  535   347                    307511.70595 180050.547  41.4%   316   77s
   514   514 179111.514   38   49          - 179111.514      -  71.4   35s
   616   463 180918.517   26   41 284622.232 180918.517  36.4%   221   75s
H  536   330                    307440.90972 180050.547  41.4%   404   77s
   272   274 178404.882   18   84 284591.449 178197.660  37.4%   990   60s
H  532   499                    516704.50880 180311.763  65.1%  63.7   57s
H  532   474                    497504.50880 180311.763  63.8%  63.7   57s
H  532   449                    497500.07199 180311.763  63.8%  63.7   57s
H  532   427                    497026.56008 180311.763  63.7%  63.7   57s
H  532   405                    477248.92147 180311.763  62.2%  63.7   57s
H  532   384                    477180.46879 180311.763  62.2%  63.7   57s
   463   465 179262.556   37   40          - 179262.556      -   990   70s
H  532   365                    312098.34428 180311.763  42.2%  63.7   57s
   857   564 178498.326   43   22 263959.917 178498.326  32.4%   206   95s
H  532   346                    311905.28954 180311.763  42.2%  63.7   57s
H  532   328                    311637.56996 180311.763  42.1%  63.7   57s
   664   474 180927.317   37   26 288436.159 180927.317  37.3%   326   90s
H  640   498                    306315.65898 179160.083  41.5%   134   87s
H  666   454                    324217.79556 179367.372  44.7%   678   99s
   667   456 179367.372   37   58 324217.796 179367.372  44.7%   677  100s
H  286   286                    284494.58397 178197.660  37.4%   971   61s
H  162   162                    293007.49425 180503.192  38.4%   615   33s
   374   376 180578.842   54   22          - 180578.842      -   684   55s
   202   204 178498.326   38  113 264365.453 178498.326  32.5%   799   45s
   566   551 180503.192   21  109 287907.033 180503.192  37.3%   171   85s
H  666   454                    288410.88392 180927.317  37.3%   329   90s
   514   514 180050.548  104   43          - 180050.548      -   101   41s
   101   103 178197.660   21   65          - 178197.660      -   834   30s
H  795   624                    200189.56940 180927.316  9.62%   340  109s
   796   626 180927.316   46   81 200189.569 180927.316  9.62%   340  110s
H  444   444                    287613.35944 179111.514  37.7%   955   64s
   485   487 180311.763   27   88 287121.815 180311.763  37.2%   687   75s
   447   449 179656.669   94   58 287613.359 179111.514  37.7%   957   65s
   546   339 180050.547   12   39 307440.910 180050.547  41.4%   412   80s
   575   504 179262.556   19   41 266632.969 179262.556  32.8%   889   95s
   541   336 180311.763   18   37 311637.570 180311.763  42.1%   152   60s
H  189   189                    291874.84402 180503.192  38.2%   552   34s
   338   334 180918.517   13   38 201209.437 180918.517  10.1%   685   50s
H  464   464                    287594.06462 179111.514  37.7%   931   66s
   741   408 180578.842   21   55 306506.708 180578.842  41.1%   259  100s
   656   511 179160.083   25   21 306315.659 179160.083  41.5%   132   90s
   189   191 180503.192   61   43 291874.844 180503.192  38.2%   552   35s
   893   481 180927.317   44   61 282759.458 180927.317  36.0%   193  105s
   302   304 179367.372   42   71 287778.725 179367.372  37.7%   686   55s
   522   520 179111.514   37   17          - 179111.514      -  70.3   40s
   658   491 180918.517   35   23 284622.232 180918.517  36.4%   239   80s
   319   321 178197.660   35   56 284494.584 178197.660  37.4%   938   65s
H  591   489                    265145.98365 179262.556  32.4%   887   97s
H  591   466                    265142.19000 179262.556  32.4%   887   97s
   519   518 180050.548   14   11          - 180050.548      -   100   45s
   882   581 178498.326   88   14 263959.917 178498.326  32.4%   200  100s
H  513   488                    288083.23832 179160.083  37.8%   399   73s
   684   468 180927.317   29   32 288410.884 180927.317  37.3%   353   95s
H  591   445                    180753.33505 179262.556  0.82%   887   98s

Cutting planes:
  Gomory: 8
  Lift-and-project: 4
  MIR: 2
  Flow cover: 6
  RLT: 2

Explored 592 nodes (552790 simplex iterations) in 98.44 seconds (119.79 work units)
Thread count was 1 (of 32 available processors)

Solution count 5: 180753 265142 265146 ... 328647

Optimal solution found (tolerance 5.00e-02)
Best objective 1.807533350473e+05, best bound 1.792625556603e+05, gap 0.8248%
   228   230 178602.530   49  146 264365.453 178498.326  32.5%   782   50s
   593   569 180503.192   30   29 287907.033 180503.192  37.3%   192   90s
   688   470 179367.372   42   64 324217.796 179367.372  44.7%   661  105s
   123   125 178197.660   11   62          - 178197.660      -   822   35s
   818   641 180927.316   31   31 200189.569 180927.316  9.62%   354  115s
H  692   452                    324213.48865 179367.372  44.7%   660  105s
   510   512 182509.884   30  192 287121.815 180311.763  37.2%   712   80s
   565   351 180050.547   17   72 307440.910 180050.547  41.4%   424   85s
   514   514 180578.842   27   30          - 180578.842      -   518   61s
   590   369 180311.763   37   26 311637.570 180311.763  42.1%   141   65s
H  821   618                    200167.40744 180927.316  9.61%   357  116s
H  688   488                    283850.86463 180918.517  36.3%   242   83s
H  692   511                    306298.03614 179160.083  41.5%   126   94s
   514   514 179262.556   16   34          - 179262.556      -   962   77s
   763   422 180706.234   40   90 306506.708 180578.842  41.1%   277  105s
   216   218 180503.192   29   36 291874.844 180503.192  38.2%   535   40s
   392   388 180918.517    8   45 201209.437 180918.517  10.1%   683   55s
   697   516 179160.083   75   11 306298.036 179160.083  41.5%   126   95s
H  688   468                    283205.25121 180918.517  36.1%   242   84s
   920   499 180927.317   29   32 282759.458 180927.317  36.0%   196  110s
H  234   234                    291805.85389 180503.192  38.1%   512   41s
   348   350 179367.372   26   47 287778.725 179367.372  37.7%   653   60s
   688   470 180918.517   16   68 283205.251 180918.517  36.1%   244   85s
   518   491 179160.083   56   27 288083.238 179160.083  37.8%   395   77s
   512   513 179226.157   93   15 287594.065 179111.514  37.7%   847   72s
   529   524 180050.548   48   31          - 180050.548      -  98.1   50s
   950   626 178498.326   34   20 263959.917 178498.326  32.4%   188  105s
   338   340 178197.660   10  132 284494.584 178197.660  37.4%   947   71s
   707   483 180927.317   24   39 288410.884 180927.317  37.3%   379  100s
   724   475 179367.372   60   83 324213.489 179367.372  44.7%   641  110s
   240   242 178498.326   19   71 264365.453 178498.326  32.5%   795   55s
   518   517 180578.842   38   13          - 180578.842      -   514   65s
   518   517 179262.556   20   22          - 179262.556      -   954   81s
   618   586 180503.192   33   35 287907.033 180503.192  37.3%   208   95s
   159   161 178197.660   12   50          - 178197.660      -   898   40s
   839   632 181632.680   40   41 200167.407 180927.316  9.61%   369  120s
H  588   348                    307370.11349 180050.547  41.4%   438   89s
   589   350 180050.547   21   39 307370.113 180050.547  41.4%   437   90s
   635   399 180311.763   45   25 311637.570 180311.763  42.1%   142   70s
H  513   488                    287556.73359 179111.514  37.7%   845   75s
   270   272 180503.192   37   37 291805.854 180503.192  38.1%   550   45s
   791   441 180578.842   30   43 306506.708 180578.842  41.1%   297  110s
H  979   617                    178498.32670 178498.326  0.00%   183  107s

Cutting planes:
  Gomory: 11
  Lift-and-project: 1
  Implied bound: 1
  MIR: 1
  Flow cover: 24
  RLT: 1
  Relax-and-lift: 2

Explored 980 nodes (208974 simplex iterations) in 107.76 seconds (117.51 work units)
Thread count was 1 (of 32 available processors)

Solution count 9: 178498 263960 264164 ... 526880

Optimal solution found (tolerance 5.00e-02)
Best objective 1.784983266974e+05, best bound 1.784983261126e+05, gap 0.0000%
   521   493 179160.083   14   46 288083.238 179160.083  37.8%   393   80s
   732   540 179160.083   83   11 306298.036 179160.083  41.5%   121  100s
   958   524 180927.317   50   13 282759.458 180927.317  36.0%   202  115s
   404   406 179367.372   73   62 287778.725 179367.372  37.7%   630   65s
   439   433 181992.116   16  113 201209.437 180918.517  10.1%   697   61s
   729   498 184358.644   31  157 283205.251 180918.517  36.1%   261   90s
   365   367 178197.660   19  130 284494.584 178197.660  37.4%   963   75s
H  286   286                    290630.50665 180503.192  37.9%   530   47s
H  533   500                    501375.40507 179111.514  64.3%  68.8   51s
H  533   474                    501221.15689 179111.514  64.3%  68.8   51s
H  521   468                    288077.27918 179160.083  37.8%   393   82s
H  533   450                    501066.90871 179111.514  64.3%  68.8   51s
H  744   526                    306040.61311 179160.083  41.5%   120  101s
H  533   427                    500853.50111 179111.514  64.2%  68.8   51s
H  533   406                    500491.21193 179111.514  64.2%  68.8   51s
H  533   385                    500277.80433 179111.514  64.2%  68.8   51s
H  533   365                    289497.16469 179111.514  38.1%  68.8   51s
H  533   347                    289447.61769 179111.514  38.1%  68.8   51s
H  533   329                    289093.21519 179111.514  38.0%  68.8   51s
H  744   487                    288020.00921 180927.317  37.2%   380  104s
   521   519 179452.495   19   64          - 179262.556      -   949   85s
   745   489 180927.317   30   23 288020.009 180927.317  37.2%   381  105s
   761   500 179367.372   63   56 324213.489 179367.372  44.7%   625  115s
   270   272 178498.326   12   24 264365.453 178498.326  32.5%   853   60s
   523   520 180578.842   20   22          - 180578.842      -   509   70s
   193   195 178236.347   20  136          - 178197.660      -   964   45s
   514   514 180311.763    6   30 287121.815 180311.763  37.2%   706   89s
H  742   486                    283183.46878 180918.517  36.1%   269   92s
   862   647 180927.316   43   71 200167.407 180927.316  9.61%   379  125s
H  514   488                    284694.82247 180311.763  36.7%   706   89s
   641   601 180546.282   27   84 287907.033 180503.192  37.3%   231  100s
H  312   312                    289534.14424 180503.192  37.7%   499   49s
H  533   500                    621238.25745 180050.548  71.0%  97.4   57s
H  533   474                    601748.24915 180050.548  70.1%  97.4   57s
   611   365 180050.547   19   17 307370.113 180050.547  41.4%   445   95s
H  533   450                    310488.24336 180050.548  42.0%  97.4   57s
H  533   427                    310464.09413 180050.548  42.0%  97.4   57s
   519   492 179111.514   26   15 287556.734 179111.514  37.7%   835   80s
H  533   406                    309285.55723 180050.548  41.8%  97.4   57s
H  533   385                    308725.56985 180050.548  41.7%  97.4   57s
   689   435 180311.763   56   16 311637.570 180311.763  42.1%   135   75s
H  533   365                    289960.25771 180050.548  37.9%  97.4   57s
   325   327 180503.192   30   49 289534.144 180503.192  37.7%   501   50s
   469   459 181505.009   20  100 201209.437 180918.517  10.1%   711   65s
H  432   432                    287692.18922 179367.372  37.7%   626   69s
H  770   523                    306034.65398 179160.083  41.5%   117  104s
   814   456 180671.751   29  173 306506.708 180578.842  41.1%   318  115s
   774   528 179160.083   91   11 306034.654 179160.083  41.5%   117  105s
   574   358 179111.514   27   16 289093.215 179111.514  38.0%   143   55s
H  873   569                    181511.36419 180927.316  0.32%   389  127s
   438   440 179367.372   11   56 287692.189 179367.372  37.7%   638   70s

Cutting planes:
  Gomory: 14
  Lift-and-project: 10
  Implied bound: 1
  MIR: 3
  Flow cover: 20
  Zero half: 2
  RLT: 4
  Relax-and-lift: 1

Explored 874 nodes (370650 simplex iterations) in 127.38 seconds (155.12 work units)
Thread count was 1 (of 32 available processors)

Solution count 10: 181511 200167 200190 ... 313157

Optimal solution found (tolerance 5.00e-02)
Best objective 1.815113641859e+05, best bound 1.809273163961e+05, gap 0.3218%
   979   538 180927.317   50   22 282759.458 180927.317  36.0%   198  120s
   524   470 179160.083   42   11 288077.279 179160.083  37.8%   390   86s
   762   502 180918.517   38   43 283183.469 180918.517  36.1%   275   95s
   400   402 178197.660   42   28 284494.584 178197.660  37.4%   931   80s
   516   490 180311.763   18   15 284694.822 180311.763  36.7%   704   92s
   546   376 180050.548   20  102 289960.258 180050.548  37.9%   184   60s
   524   521 179262.556   18   29          - 179262.556      -   943   90s
H  768   486                    283179.79507 180918.517  36.1%   282   96s
   774   509 180927.317   32   55 288020.009 180927.317  37.2%   404  110s
   798   525 179367.372   46   20 324213.489 179367.372  44.7%   605  120s
   307   309 178498.326   32   43 264365.453 178498.326  32.5%   815   65s
   665   617 180503.192   28   71 287907.033 180503.192  37.3%   257  105s
   228   230 178197.660   17   93          - 178197.660      -  1019   50s
H  560   365                    289604.97977 180050.548  37.8%   182   61s
   528   524 180578.842   33   49          - 180578.842      -   504   75s
   635   381 180050.547   18  106 307370.113 180050.547  41.4%   483  100s
   518   491 180312.288   20    9 284694.822 180311.763  36.7%   701   95s
H  568   352                    284122.76463 180050.548  36.6%   183   62s
   726   460 180311.763   65   20 311637.570 180311.763  42.1%   147   80s
   353   355 180503.192   27   51 289534.144 180503.192  37.7%   548   55s
   527   472 179160.083   10   16 288077.279 179160.083  37.8%   388   90s
H  637   364                    307261.77333 180050.547  41.4%   482  100s
   523   494 179111.514   27   44 287556.734 179111.514  37.7%   829   85s
   510   497 180923.656   26   64 201209.437 180918.517  10.1%   743   70s
H  637   349                    306307.95573 180050.547  41.2%   482  100s
H  796   503                    287941.83427 180927.317  37.2%   405  112s
   832   468 180578.842   34   57 306506.708 180578.842  41.1%   333  120s
H  796   486                    287863.65932 180927.317  37.1%   405  112s
   825   562 179160.083   86   11 306034.654 179160.083  41.5%   112  110s
  1003   554 180927.317   54   21 282759.458 180927.317  36.0%   196  125s
   658   414 179111.514   23   67 289093.215 179111.514  38.0%   129   60s
   477   479 179367.372   30   28 287692.189 179367.372  37.7%   684   75s
H  741   452                    311568.19030 180311.763  42.1%   148   81s
H  741   436                    310299.10314 180311.763  41.9%   148   81s
   791   503 180918.517   42   33 283179.795 180918.517  36.1%   307  100s
   587   367 180050.548   37   24 284122.765 180050.548  36.6%   180   65s
H  484   484                    287692.03723 179367.372  37.7%   688   76s
H  526   471                    287519.40255 179111.514  37.7%   824   88s
H  690   417                    289028.66401 179111.514  38.0%   124   61s
   532   526 179262.556   13   17          - 179262.556      -   929   95s
   817   502 180927.317   35   40 287863.659 180927.317  37.1%   405  115s
   416   418 178197.660   60   45 284494.584 178197.660  37.4%   940   86s
   844   555 179367.372   47   38 324213.489 179367.372  44.7%   585  125s
   689   633 180503.192   27   23 287907.033 180503.192  37.3%   266  110s
   355   357 178498.326   32   47 264365.453 178498.326  32.5%   809   70s
   534   528 180578.842   55   14          - 180578.842      -   498   80s
   270   272 178197.660   14  101          - 178197.660      -  1031   55s
H  752   427                    284846.45129 180311.763  36.7%   154   84s
H  716   418                    288252.14692 179111.514  37.9%   119   63s
   531   475 179157.691   23   63 287519.403 179111.514  37.7%   816   90s
   662   368 180695.741   27   92 306307.956 180050.547  41.2%   490  105s
   765   438 180311.763   48   16 284846.451 180311.763  36.7%   152   85s
   400   402 180503.192   36   59 289534.144 180503.192  37.7%   545   60s
   522   494 183000.256   12   21 284694.822 180311.763  36.7%   696  100s
H  666   354                    306094.27025 180050.547  41.2%   492  105s
H  750   426                    288154.71899 179111.514  37.8%   114   64s
   864   490 180578.842   31   63 306506.708 180578.842  41.1%   344  125s
   531   475 179160.083   35   40 288077.279 179160.083  37.8%   385   95s
   869   591 179160.083   97   11 306034.654 179160.083  41.5%   108  115s
H  532   451                    179111.51443 179111.514  0.00%   815   91s

Cutting planes:
  Gomory: 7
  Lift-and-project: 15
  MIR: 2
  Flow cover: 17
  RLT: 1

Explored 532 nodes (506961 simplex iterations) in 91.43 seconds (104.46 work units)
Thread count was 1 (of 32 available processors)

Solution count 8: 179112 287519 287557 ... 545430

Optimal solution found (tolerance 5.00e-02)
Best objective 1.791115144280e+05, best bound 1.791115139069e+05, gap 0.0000%
  1075   602 180927.317   67   19 282759.458 180927.317  36.0%   189  130s
H  671   344                    306055.90816 180050.547  41.2%   490  106s
   760   434 179111.514   88   20 288154.719 179111.514  37.8%   112   65s
   485   487 179367.372   32   69 287692.037 179367.372  37.7%   693   80s
H  768   423                    288122.27815 179111.514  37.8%   111   65s
   440   442 178197.660   43   48 284494.584 178197.660  37.4%   976   90s
   825   526 180918.517   41   45 283179.795 180918.517  36.1%   327  105s
H  405   405                    289464.31653 180503.192  37.6%   559   62s
   637   400 180050.548   40   20 284122.765 180050.548  36.6%   170   70s
H  874   555                    324201.32533 179367.372  44.7%   575  129s
H  378   378                    263243.07187 178498.326  32.2%   828   74s
H  523   469                    284624.66106 180311.763  36.6%   694  103s
H  523   445                    284187.34526 180311.763  36.6%   694  103s
   840   518 180927.317   36   37 287863.659 180927.317  37.1%   417  120s
H  523   423                    199949.07904 180311.763  9.82%   694  103s
   522   505 181227.546   31   30 201209.437 180918.517  10.1%   746   77s
   724   656 180503.192   24   25 287907.033 180503.192  37.3%   286  115s
   874   557 179367.372   42   37 324201.325 179367.372  44.7%   575  130s
   308   310 178303.045   17  108          - 178197.660      -  1055   60s
H  390   390                    263241.65140 178498.326  32.2%   815   75s
H  688   342                    287809.72575 180050.547  37.4%   489  109s
H  390   390                    263240.23092 178498.326  32.2%   815   75s
H  390   390                    263237.92573 178498.326  32.2%   815   76s
H  819   458                    284834.15718 180311.763  36.7%   143   89s
H  535   501                    596709.55425 180578.842  69.7%   498   86s
H  535   475                    577509.55425 180578.842  68.7%   498   86s
H  535   451                    577297.48746 180578.842  68.7%   498   86s
H  390   390                    263235.62055 178498.326  32.2%   815   76s
H  535   428                    577274.47929 180578.842  68.7%   498   86s
H  535   406                    577273.22973 180578.842  68.7%   498   86s
   543   485 179160.083   19   66 288077.279 179160.083  37.8%   468  100s
   525   425 180311.763   47   34 199949.079 180311.763  9.82%   692  105s
   822   462 180311.763   74   18 284834.157 180311.763  36.7%   143   90s
H  535   386                    577271.98017 180578.842  68.7%   498   86s
H  535   366                    576718.80503 180578.842  68.7%   498   86s
H  535   347                    576695.79686 180578.842  68.7%   498   86s
H  535   329                    576603.53876 180578.842  68.7%   498   86s
H  535   312                    310429.41014 180578.842  41.8%   498   86s
H  535   501                    523264.18837 179262.556  65.7%   924  102s
H  535   296                    309106.79145 180578.842  41.6%   498   86s
H  535   281                    308167.77231 180578.842  41.4%   498   86s
H  535   475                    291471.05950 179262.556  38.5%   924  102s
H  535   451                    291375.96000 179262.556  38.5%   924  102s
H  535   428                    291279.62366 179262.556  38.5%   924  102s
H  535   406                    290986.55253 179262.556  38.4%   924  102s
H  535   386                    290885.61033 179262.556  38.4%   924  102s
H  535   366                    289649.72918 179262.556  38.1%   924  102s
   897   512 180578.842   37   35 306506.708 180578.842  41.1%   348  130s
H  535   347                    289548.78698 179262.556  38.1%   924  102s
H  535   329                    288745.91852 179262.556  37.9%   924  102s
H  535   312                    288720.75965 179262.556  37.9%   924  102s
   688   344 180050.547   23   93 287809.726 180050.547  37.4%   489  110s
H  535   296                    288682.61730 179262.556  37.9%   924  103s
H  535   281                    288420.61308 179262.556  37.8%   924  103s
H  535   267                    288390.98738 179262.556  37.8%   924  103s
   917   623 179160.083  104   17 306034.654 179160.083  41.5%   105  120s
   526   508 180918.517   12   90 201209.437 180918.517  10.1%   740   80s
H  846   462                    288073.66578 179111.514  37.8%   104   70s
  1150   652 180927.317  110   31 282759.458 180927.317  36.0%   178  135s
H  845   461                    284742.38625 180311.763  36.7%   140   91s
   876   560 180918.517   40   45 283179.795 180918.517  36.1%   324  110s
   433   435 180503.192   60   99 289464.317 180503.192  37.6%   558   66s
   474   476 178307.350   49   73 284494.584 178197.660  37.4%  1008   95s
   709   448 180050.548   51   21 284122.765 180050.548  36.6%   156   75s
H  854   454                    182287.63214 179111.514  1.74%   103   71s

Cutting planes:
  Gomory: 1
  Lift-and-project: 1
  Implied bound: 1
  MIR: 1
  Flow cover: 2
  Relax-and-lift: 1

Explored 855 nodes (117472 simplex iterations) in 71.45 seconds (71.77 work units)
Thread count was 1 (of 32 available processors)

Solution count 10: 182288 288074 288122 ... 500278

Optimal solution found (tolerance 5.00e-02)
Best objective 1.822876321351e+05, best bound 1.791115139558e+05, gap 1.7424%
   544   275 179262.556   16   70 288390.987 179262.556  37.8%   996  105s
   876   542 181872.106   34   59 287863.659 180927.317  37.1%   420  125s
H  900   556                    324191.79085 179367.372  44.7%   565  134s
   512   513 179367.372   22    8 287692.037 179367.372  37.7%   711   87s
   762   682 180503.528   34   35 287907.033 180503.192  37.3%   295  120s
   556   297 180578.842   21  106 308167.772 180578.842  41.4%   564   90s
H  763   653                    181598.68044 180503.192  0.60%   295  120s

Cutting planes:
  Gomory: 7
  MIR: 2
  RLT: 1

Explored 764 nodes (262268 simplex iterations) in 120.18 seconds (131.75 work units)
Thread count was 1 (of 32 available processors)

Solution count 10: 181599 287907 287928 ... 291537

Optimal solution found (tolerance 5.00e-02)
Best objective 1.815986804435e+05, best bound 1.805031923059e+05, gap 0.6032%
   356   358 178197.660    8   66          - 178197.660      -  1033   65s
   390   392 178498.326   18   54 263235.621 178498.326  32.2%   815   80s
   900   558 179367.372   43   20 324191.791 179367.372  44.7%   566  136s
   528   427 180311.763   17   24 199949.079 180311.763  9.82%   688  110s
   718   364 180565.504   25   46 287809.726 180050.547  37.4%   499  115s
   570   503 179160.083   24   40 288077.279 179160.083  37.8%   477  105s
   887   491 180311.763   30   28 284742.386 180311.763  36.7%   135   95s
   459   461 180583.688   36  112 289464.317 180503.192  37.6%   589   70s
H  404   404                    262739.25293 178498.326  32.1%   810   81s
H  952   625                    304768.59568 179160.083  41.2%   103  124s
   927   532 180578.842   41   21 306506.708 180578.842  41.1%   358  135s
   530   511 180918.517   18   37 201209.437 180918.517  10.1%   734   85s
H  513   488                    287616.68991 179367.372  37.6%   709   89s
   952   627 179160.083   92   11 304768.596 179160.083  41.2%   103  125s
   514   488 179367.372   62   36 287616.690 179367.372  37.6%   708   90s
   505   507 178198.078   73   48 284494.584 178197.660  37.4%  1046  100s
   772   490 180050.548   50   26 284122.765 180050.548  36.6%   146   80s
   567   291 179262.556   28   82 288390.987 179262.556  37.8%   993  110s
   939   584 179368.706   53   96 324191.791 179367.372  44.7%   557  140s
   587   318 180578.842   26   38 308167.772 180578.842  41.4%   576   95s
   924   592 180919.445   34   53 283179.795 180918.517  36.1%   335  117s
   436   438 178498.533   36   47 262739.253 178498.326  32.1%   824   85s
   393   395 178203.123   13   93          - 178197.660      -  1076   70s
   900   558 181338.208   26   63 287863.659 180927.317  37.1%   430  131s
   533   430 195211.446   15   16 199949.079 180311.763  9.82%   681  115s
   754   388 180050.547   29   40 287809.726 180050.547  37.4%   516  120s
H  952   574                    324105.25472 179367.372  44.7%   551  141s
H  952   559                    322821.36553 179367.372  44.4%   551  141s
   591   517 179160.083   29   47 288077.279 179160.083  37.8%   483  110s
   961   540 180311.763   67   28 284742.386 180311.763  36.7%   129  100s
   536   515 180918.517   20   16 201209.437 180918.517  10.1%   726   90s
   990   653 179160.083   98   13 304768.596 179160.083  41.2%   100  130s
   949   546 180578.842   39   41 306506.708 180578.842  41.1%   364  140s
H  978   562                    322817.05861 179367.372  44.4%   543  143s
   950   609 180918.517   40   73 283179.795 180918.517  36.1%   352  120s
   827   527 180050.548  108   82 284122.765 180050.548  36.6%   149   85s
   520   492 180167.618   27   14 287616.690 179367.372  37.6%   700   96s
H  831   511                    283832.75633 180050.548  36.6%   148   85s
  1184   675 180927.317   62   17 282759.458 180927.317  36.0%   176  146s
   591   307 179262.556   37   32 288390.987 179262.556  37.8%   981  115s
   921   572 180969.400   29   93 287863.659 180927.317  37.1%   441  135s
   514   514 178197.660   40   42 284494.584 178197.660  37.4%  1039  106s
   985   568 179367.372   63   36 322817.059 179367.372  44.4%   543  145s
H 1004   642                    304126.26451 179160.083  41.1%  99.0  132s
H  966   601                    283169.04971 180918.517  36.1%   357  121s
   476   478 178498.326   54   78 262739.253 178498.326  32.1%   851   90s
   438   440 178197.660   24   72          - 178197.660      -  1098   75s
   614   336 180578.842   24   79 308167.772 180578.842  41.4%   586  100s
   561   451 180311.763   24   21 199949.079 180311.763  9.82%   738  120s
   793   414 180050.547   37   62 287809.726 180050.547  37.4%   529  125s
   512   513 180503.192   25   13 289464.317 180503.192  37.6%   615   79s
   624   539 179160.083   34   32 288077.279 179160.083  37.8%   489  115s
  1021   580 180311.763   97   15 284742.386 180311.763  36.7%   124  105s
   980   567 180578.842   44   25 306506.708 180578.842  41.1%   369  145s
H 1004   565                    322741.03852 179367.372  44.4%   540  147s
  1027   659 179160.083  106   11 304126.265 179160.083  41.1%  97.7  135s
   548   523 183450.454   17   20 201209.437 180918.517  10.1%   710   95s
  1238   711 180927.317   89   19 282759.458 180927.317  36.0%   170  150s
H 1004   552                    322664.93142 179367.372  44.4%   540  147s
H  637   335                    308033.45115 180578.842  41.4%   587  103s
  1001   626 180918.517   49   20 283169.050 180918.517  36.1%   372  125s
   899   558 180050.548  140   12 283832.756 180050.548  36.6%   143   90s
   519   518 178198.922   45   28 284494.584 178197.660  37.4%  1029  110s
   524   495 179367.372   52   13 287616.690 179367.372  37.6%   694  101s
   632   334 179262.556   39   33 288390.987 179262.556  37.8%   950  120s
   514   514 180503.192   38   37 289464.317 180503.192  37.6%   613   82s
   946   588 180927.317   36   38 287863.659 180927.317  37.1%   460  140s
H  644   526                    287434.94801 179160.083  37.7%   489  118s
H  644   503                    286811.22089 179160.083  37.5%   489  118s
  1024   567 179374.145   51   74 322664.931 179367.372  44.4%   536  150s
   648   345 180578.842   32   58 308033.451 180578.842  41.4%   588  105s
   510   512 178664.417   58   74 262739.253 178498.326  32.1%   893   95s
   482   484 178197.827   18   79          - 178197.660      -  1125   80s
H 1001   565                    306402.31191 180578.842  41.1%   389  148s
H  517   490                    289462.83006 180503.192  37.6%   609   84s
   601   477 180311.763   34   15 199949.079 180311.763  9.82%   709  125s
   826   436 180050.547   22   77 287809.726 180050.547  37.4%   518  130s
   645   506 179527.615   39  137 286811.221 179160.083  37.5%   494  120s
  1104   636 180311.763   89   20 284742.386 180311.763  36.7%   118  110s
   570   539 180918.517   20   58 201209.437 180918.517  10.1%   807  100s
  1014   576 180578.842   65   38 306402.312 180578.842  41.1%   387  150s
   519   492 180503.192   44   33 289462.830 180503.192  37.6%   607   85s
H  575   514                    200113.12448 180918.517  9.59%   810  101s
H 1030   557                    322578.39530 179367.372  44.4%   538  153s
  1318   785 180927.317   57   21 282759.458 180927.317  36.0%   163  155s
H 1131   639                    284624.00828 180311.763  36.6%   116  111s
  1018   637 181308.174   52  173 283169.050 180918.517  36.1%   390  130s
H  521   492                    284480.68323 178197.660  37.4%  1025  115s
H 1027   569                    306193.51968 180578.842  41.0%   384  151s
  1084   697 179160.083   97   11 304126.265 179160.083  41.1%  94.1  141s
H 1027   557                    306089.12356 180578.842  41.0%   384  151s
   993   621 180050.548  159   12 283832.756 180050.548  36.6%   133   95s
   528   498 179367.372   45   25 287616.690 179367.372  37.6%   689  106s
   672   361 179318.308   47   62 288390.987 179262.556  37.8%   934  125s
   974   607 181086.378   42   60 287863.659 180927.317  37.1%   488  145s
H 1157   644                    284474.66667 180311.763  36.6%   113  113s
  1045   569 179367.372   54   78 322578.395 179367.372  44.4%   537  155s
   682   367 180708.277   35  121 308033.451 180578.842  41.4%   599  110s
H 1157   632                    283559.67470 180311.763  36.4%   113  113s
H 1157   624                    283414.64458 180311.763  36.4%   113  113s
H 1157   624                    283096.10774 180311.763  36.3%   113  113s
H  521   468                    289391.62971 180503.192  37.6%   605   89s
H  860   444                    181994.11531 180050.547  1.07%   534  134s

Cutting planes:
  Gomory: 16
  Lift-and-project: 2
  Implied bound: 2
  MIR: 1
  Flow cover: 9
  RLT: 4
  Relax-and-lift: 3

Explored 861 nodes (501009 simplex iterations) in 134.73 seconds (167.02 work units)
Thread count was 1 (of 32 available processors)

Solution count 10: 181994 287810 306056 ... 308056

Optimal solution found (tolerance 5.00e-02)
Best objective 1.819941153100e+05, best bound 1.800505469540e+05, gap 1.0679%
   636   501 180311.763   29   42 199949.079 180311.763  9.82%   690  130s
H 1056   563                    322565.47456 179367.372  44.4%   534  156s
   672   524 179160.083   24   33 286811.221 179160.083  37.5%   515  125s
   514   514 178498.326    8   43 262739.253 178498.326  32.1%   886  101s
  1177   646 180311.763  126   22 283096.108 180311.763  36.3%   111  115s
   523   469 180503.192   38   20 289391.630 180503.192  37.6%   602   90s
   594   525 180918.517   22   51 200113.124 180918.517  9.59%   827  105s
   514   514 178197.660   18   32          - 178197.660      -  1119   86s
  1073   590 180578.842   85   28 306089.124 180578.842  41.0%   370  155s
  1130   728 179160.083   87   11 304126.265 179160.083  41.1%  91.5  145s
  1397   864 180927.317   53   20 282759.458 180927.317  36.0%   158  160s
H  692   358                    288290.04518 179262.556  37.8%   915  128s
   531   500 179367.372   27   18 287616.690 179367.372  37.6%   685  110s
H 1054   643                    283000.92199 180918.517  36.1%   412  134s
  1060   665 180050.548  144   14 283832.756 180050.548  36.6%   127  100s
   708   371 179262.556   37   63 288290.045 179262.556  37.8%   905  130s
   526   495 178197.660   33   22 284480.683 178197.660  37.4%  1015  121s
H  525   447                    289091.27717 180503.192  37.6%   600   93s
   995   621 180927.317   47   61 287863.659 180927.317  37.1%   502  150s
  1089   587 179367.372   67   27 322565.475 179367.372  44.4%   523  160s
  1054   645 181576.423   55  197 283000.922 180918.517  36.1%   415  136s
   717   391 180578.842   28   39 308033.451 180578.842  41.4%   596  115s
H  529   426                    288948.87646 180503.192  37.5%   596   94s
   688   535 180311.763   50   27 199949.079 180311.763  9.82%   643  135s
   519   518 178498.327   39   17 262739.253 178498.327  32.1%   877  106s
H  698   517                    286113.12826 179160.083  37.4%   527  130s
H  698   496                    285512.98310 179160.083  37.2%   527  130s
   519   518 178197.661   13   19          - 178197.661      -  1109   91s
   534   430 180503.192   55   30 288948.876 180503.192  37.5%   590   95s
   638   538 183280.575   27   81 200113.124 180918.517  9.59%   819  110s
H 1108   586                    322561.38340 179367.372  44.4%   516  162s
  1192   769 179160.083   89   11 304126.265 179160.083  41.1%  88.5  150s
  1464   931 180927.317   65   23 282759.458 180927.317  36.0%   153  165s
   543   510 179389.515   20  128 287616.690 179367.372  37.6%   756  115s
  1183   652 180311.763  129   18 283096.108 180311.763  36.3%   111  121s
H  535   408                    288741.90607 180503.192  37.5%   589   96s
H  536   388                    288465.94554 180503.192  37.4%   664   96s
  1131   629 180578.842   71   39 306089.124 180578.842  41.0%   352  161s
  1080   663 180918.517   31   16 283000.922 180918.517  36.1%   410  140s
   790   425 179262.556   62   17 288290.045 179262.556  37.8%   818  135s
  1155   729 180050.548  155   12 283832.756 180050.548  36.6%   119  105s
   529   497 178198.319   17   47 284480.683 178197.660  37.4%  1010  125s
  1023   640 181020.068   45  207 287863.659 180927.317  37.1%   535  155s
  1132   604 179367.372   54   48 322561.383 179367.372  44.4%   511  165s
H 1134   598                    322553.01439 179367.372  44.4%   510  165s
   749   412 180578.842   34   51 308033.451 180578.842  41.4%   615  120s
   522   520 178197.661   13   45          - 178197.661      -  1102   95s
   522   520 178498.327   13   26 262739.253 178498.327  32.1%   872  110s
H 1134   598                    322548.73655 179367.372  44.4%   510  165s
H 1507   972                    281189.24942 180927.317  35.7%   151  168s
   753   579 180311.763   51   17 199949.079 180311.763  9.82%   590  140s
H 1106   663                    282995.14236 180918.517  36.1%   408  142s
H 1106   648                    282977.05833 180918.517  36.1%   408  142s
   731   520 179160.083   35   38 285512.983 179160.083  37.2%   535  135s
  1239   708 180311.763  187   23 283096.108 180311.763  36.3%   107  125s
   556   403 180503.192   24   28 288465.946 180503.192  37.4%   673  100s
   678   563 180918.517   21   38 200113.124 180918.517  9.59%   811  115s
H 1134   598                    322192.73739 179367.372  44.3%   510  167s
H 1134   598                    322106.20126 179367.372  44.3%   510  167s
  1265   818 179160.083   99   11 304126.265 179160.083  41.1%  85.4  155s
  1536  1003 180927.317   76   19 281189.249 180927.317  35.7%   150  170s
   589   540 179367.372   21   48 287616.690 179367.372  37.6%   720  120s
  1157   646 180578.842   69   43 306089.124 180578.842  41.0%   345  166s
H 1236   765                    283747.21056 180050.548  36.5%   114  109s
  1244   772 180050.548  169   14 283747.211 180050.548  36.5%   113  110s
H 1128   650                    282945.27604 180918.517  36.1%   404  145s
  1034   647 180927.317   37   72 287863.659 180927.317  37.1%   544  160s
   532   499 178197.660   45   15 284480.683 178197.660  37.4%  1004  131s
  1134   600 179367.372   55   36 322106.201 179367.372  44.3%   511  170s
   874   481 179262.556   71   13 288290.045 179262.556  37.8%   743  140s
   779   432 180578.842   43   64 308033.451 180578.842  41.4%   630  125s
   531   526 178498.327   22   19 262739.253 178498.327  32.1%   858  115s
   533   527 178197.661    6   24          - 178197.661      -  1080  100s
   815   620 180311.763   51   13 199949.079 180311.763  9.82%   548  145s
H  588   404                    288463.95823 180503.192  37.4%   663  104s
   762   541 179981.243   42  146 285512.983 179160.083  37.2%   540  140s
   590   407 180503.192   30   51 288463.958 180503.192  37.4%   671  105s
  1343   812 180311.763  239   19 283096.108 180311.763  36.3%   100  130s
  1327   859 179160.083  108   11 304126.265 179160.083  41.1%  83.3  160s
H 1160   624                    322096.61454 179367.372  44.3%   506  172s
   627   566 179367.372   25   35 287616.690 179367.372  37.6%   693  125s
H 1158   656                    282777.14832 180918.517  36.0%   397  149s
  1209   681 180578.842   86   31 306089.124 180578.842  41.0%   333  171s
  1162   660 180918.517   30   46 282777.148 180918.517  36.0%   397  150s
   688   570 180918.517   24   51 200113.124 180918.517  9.59%   807  121s
   536   502 178197.660   34   14 284480.683 178197.660  37.4%   996  135s
  1615  1082 180927.317   96   19 281189.249 180927.317  35.7%   144  176s
  1314   819 180050.548  174   12 283747.211 180050.548  36.5%   109  115s
  1065   668 180927.317   38  101 287863.659 180927.317  37.1%   564  165s
   900   499 179262.556   74   14 288290.045 179262.556  37.8%   722  145s
   556   544 178498.327   24   91 262739.253 178498.327  32.1%   916  120s
   812   454 180578.842   35   83 308033.451 180578.842  41.4%   645  130s
  1184   650 179367.372   64   30 322096.615 179367.372  44.3%   499  175s
H 1186   650                    322092.99931 179367.372  44.3%   499  175s
   882   665 180311.763   51   13 199949.079 180311.763  9.82%   511  150s
   791   560 179160.083   40   41 285512.983 179160.083  37.2%   565  145s
H  546   484                    182154.26706 178197.660  2.17%  1072  138s
H 1261   728                    305936.85704 180578.842  41.0%   321  174s
  1439   908 180311.763  287   21 283096.108 180311.763  36.3%  98.0  135s

Cutting planes:
  Gomory: 7
  Flow cover: 4
  Relax-and-lift: 2

Explored 547 nodes (616107 simplex iterations) in 138.22 seconds (172.51 work units)
Thread count was 1 (of 32 available processors)

Solution count 10: 182154 284481 284495 ... 520991

Optimal solution found (tolerance 5.00e-02)
Best objective 1.821542670607e+05, best bound 1.781976600173e+05, gap 2.1721%
   623   429 180503.192   44   47 288463.958 180503.192  37.4%   665  110s
   717   587 180918.517   30   73 200113.124 180918.517  9.59%   792  125s
  1262   731 180578.842  180   28 305936.857 180578.842  41.0%   320  175s
  1396   905 179160.083  114   11 304126.265 179160.083  41.1%  81.0  165s
H  534   501                    496749.50471 178197.661  64.1%  1077  107s
  1670  1137 180927.317   88   29 281189.249 180927.317  35.7%   141  180s
H  534   475                    495731.35558 178197.661  64.1%  1077  107s
H  534   451                    289553.37029 178197.661  38.5%  1077  107s
H  534   428                    288902.29201 178197.661  38.3%  1077  107s
H  534   406                    288888.67886 178197.661  38.3%  1077  107s
H  534   386                    288485.27920 178197.661  38.2%  1077  107s
   671   595 179367.372   30   50 287616.690 179367.372  37.6%   652  130s
H  534   366                    287772.55482 178197.661  38.1%  1077  107s
H  534   347                    287771.98676 178197.661  38.1%  1077  107s
H  535   330                    287770.39013 178197.661  38.1%  1152  108s
H  952   518                    288236.16157 179262.556  37.8%   685  149s
  1394   872 180050.548  184   12 283747.211 180050.548  36.5%   104  120s
  1209   692 180918.517  164   30 282777.148 180918.517  36.0%   385  155s
   967   530 179262.556   88   14 288236.162 179262.556  37.8%   675  150s
  1091   685 180927.317   35   45 287863.659 180927.317  37.1%   575  170s
H  978   523                    288206.53587 179262.556  37.8%   668  150s
  1208   674 179367.372   55   98 322092.999 179367.372  44.3%   496  180s
H 1313   780                    305597.29435 180578.842  40.9%   309  178s
   849   479 180578.842   37   78 308033.451 180578.842  41.4%   641  135s
   548   341 178197.661   21   97 287770.390 178197.661  38.1%  1140  110s
   591   568 178498.327   32   47 262739.253 178498.327  32.1%   892  125s
   950   710 180311.763   61   11 199949.079 180311.763  9.82%   478  155s
  1514   983 180311.763  294   25 283096.108 180311.763  36.3%  95.5  140s
   822   581 179160.083   31   78 285512.983 179160.083  37.2%   580  150s
   662   455 180503.192   33   57 288463.958 180503.192  37.4%   666  115s
H 1239   705                    282693.08445 180918.517  36.0%   380  158s
  1774  1241 180927.317  140   38 281189.249 180927.317  35.7%   134  185s
   756   613 180918.517   21   78 200113.124 180918.517  9.59%   781  130s
   724   630 179367.372   36   43 287616.690 179367.372  37.6%   612  135s
H 1030   545                    287630.19153 179262.556  37.7%   636  153s
H 1030   534                    286923.59613 179262.556  37.5%   636  153s
  1446   939 179160.083  122   13 304126.265 179160.083  41.1%  79.6  170s
  1251   719 180918.517  177   24 282693.084 180918.517  36.0%   379  160s
H  874   479                    308007.44390 180578.842  41.4%   635  138s
  1479   947 180050.548  196   16 283747.211 180050.548  36.5%   102  125s
  1048   548 179262.556   97   14 286923.596 179262.556  37.5%   625  155s
  1262   728 179367.372   71   21 322092.999 179367.372  44.3%   486  185s
  1112   699 180927.317   24   27 287863.659 180927.317  37.1%   581  175s
   884   488 180578.842   41   59 308007.444 180578.842  41.4%   641  140s
H 1265   731                    282609.02059 180918.517  36.0%   378  161s
   636   598 178498.327   50   22 262739.253 178498.327  32.1%   840  130s
   579   362 178197.661   26   64 287770.390 178197.661  38.1%  1130  115s
  1339   808 180578.842   68   26 305597.294 180578.842  40.9%   304  183s
   863   608 183662.417   37  157 285512.983 179160.083  37.2%   585  155s
  1028   762 180311.763   78   11 199949.079 180311.763  9.82%   446  160s
H  590   350                    264244.47294 178197.661  32.6%  1122  116s
  1587  1056 180311.763   61   28 283096.108 180311.763  36.3%  92.5  145s
   690   474 180503.192   39   54 288463.958 180503.192  37.4%   671  120s
   783   630 180918.517   25   49 200113.124 180918.517  9.59%   780  135s
  1361   830 180578.842   65   40 305597.294 180578.842  40.9%   300  185s
H 1541  1007                    283145.31318 180050.548  36.4%   100  128s
  1504   977 179160.083  120   11 304126.265 179160.083  41.1%  78.8  175s
H 1541  1007                    283030.59608 180050.548  36.4%   100  128s
  1837  1304 180927.317   91   25 281189.249 180927.317  35.7%   130  190s
   778   666 179367.372   27   76 287616.690 179367.372  37.6%   578  140s
  1290   758 180918.517   70   24 282609.021 180918.517  36.0%   379  165s
  1560  1028 180050.548  198   16 283030.596 180050.548  36.4%   100  130s
  1118   595 179262.556   99   16 286923.596 179262.556  37.5%   588  160s
H 1567  1033                    282602.86725 180050.548  36.3%   100  130s
H 1567  1033                    282474.25859 180050.548  36.3%   100  131s
  1319   785 179367.372   79   27 322092.999 179367.372  44.3%   475  190s
   685   630 178498.327   59   15 262739.253 178498.327  32.1%   784  135s
   918   511 180578.842   34   18 308007.444 180578.842  41.4%   648  145s
   614   368 178313.919   26   41 264244.473 178197.661  32.6%  1121  120s
H 1134   696                    286351.08825 180927.317  36.8%   586  181s
  1096   807 180311.763   52   21 199949.079 180311.763  9.82%   421  165s
  1668  1137 180311.763  367   36 283096.108 180311.763  36.3%  90.1  150s
   730   500 180503.192   44   24 288463.958 180503.192  37.4%   672  125s
   825   656 180918.517   36   35 200113.124 180918.517  9.59%   772  140s
  1563  1029 179160.083  122   11 304126.265 179160.083  41.1%  77.9  180s
  1932  1399 180927.317  219   30 281189.249 180927.317  35.7%   125  195s
H 1134   598                    285984.10352 179262.556  37.3%   580  163s
   815   691 179367.372   39   52 287616.690 179367.372  37.6%   555  145s
  1359   827 180923.180  192  129 282609.021 180918.517  36.0%   383  170s
   900   633 179960.668   43  197 285512.983 179160.083  37.2%   604  162s
  1624  1092 180050.548  171   14 282474.259 180050.548  36.3%  97.9  135s
H 1370   834                    320759.99641 179367.372  44.1%   465  194s
H  822   668                    287530.15378 179367.372  37.6%   551  146s
  1405   874 180578.842   45   51 305597.294 180578.842  40.9%   309  192s
   725   657 178498.327   70   18 262739.253 178498.327  32.1%   744  140s
   645   389 178197.661   37   61 264244.473 178197.661  32.6%  1119  125s
  1373   839 179367.372   60   51 320759.996 179367.372  44.1%   464  195s
   952   533 180578.842   38   38 308007.444 180578.842  41.4%   651  150s
  1134   600 179262.556  101   16 285984.104 179262.556  37.3%   580  167s
   917   644 179160.083   46   35 285512.983 179160.083  37.2%   615  165s
  1750  1219 180311.763  252   48 283096.108 180311.763  36.3%  90.2  155s
   761   521 180503.192   32   52 288463.958 180503.192  37.4%   683  130s
   856   675 180919.732   36   54 200113.124 180918.517  9.59%   772  145s
  1432   901 180578.842  248   18 305597.294 180578.842  40.9%   310  195s
  1158   849 180311.763   54   11 199949.079 180311.763  9.82%   402  171s
H 1396   860                    320750.24802 179367.372  44.1%   459  197s
  1625  1091 179160.083  108   13 304126.265 179160.083  41.1%  76.8  185s
  1134   698 180927.317   24   48 286351.088 180927.317  36.8%   587  188s
   855   692 179367.372   32   84 287530.154 179367.372  37.6%   540  150s
  1975  1442 180927.317   94   26 281189.249 180927.317  35.7%   124  200s
H  770   506                    288421.03965 180503.192  37.4%   690  131s
  1420   888 182582.434  195  139 282609.021 180918.517  36.0%   392  175s
  1706  1174 180050.548  177   14 282474.259 180050.548  36.3%  94.7  140s
  1189   655 179262.556   97   15 285984.104 179262.556  37.3%   555  170s
  1145   705 180927.317   31   67 286351.088 180927.317  36.8%   583  190s
  1427   893 179367.372   87   30 320750.248 179367.372  44.1%   456  200s
   780   694 178498.327   80   14 262739.253 178498.327  32.1%   694  145s
   971   546 182557.055   44  196 308007.444 180578.842  41.4%   676  155s
   670   405 178197.661   21  130 264244.473 178197.661  32.6%  1115  130s
  1218   889 180311.763   58   13 199949.079 180311.763  9.82%   385  175s
   951   667 179160.083   51   27 285512.983 179160.083  37.2%   643  170s
  1828  1297 180311.763  291   21 283096.108 180311.763  36.3%  89.3  160s
   886   693 180918.517   34   61 200113.124 180918.517  9.59%   770  150s
   796   525 180503.192   37   62 288421.040 180503.192  37.4%   692  135s
  1543  1012 180578.842  267   15 305597.294 180578.842  40.9%   291  200s
  1694  1160 179160.083   90   11 304126.265 179160.083  41.1%  74.8  190s
  2047  1514 180927.317   75   19 281189.249 180927.317  35.7%   121  205s
   888   714 179367.372   32   39 287530.154 179367.372  37.6%   527  155s
  1818  1286 180050.548  192   16 282474.259 180050.548  36.3%  90.3  145s
  1479   947 180947.810  212  149 282609.021 180918.517  36.0%   383  180s
H  688   399                    180010.19456 178197.661  1.01%  1103  133s

Cutting planes:
  Gomory: 10
  Lift-and-project: 2
  MIR: 3
  Flow cover: 29
  RLT: 3
  Relax-and-lift: 1

Explored 689 nodes (791420 simplex iterations) in 133.72 seconds (181.50 work units)
Thread count was 1 (of 32 available processors)

Solution count 10: 180010 264244 287770 ... 495731

Optimal solution found (tolerance 5.00e-02)
Best objective 1.800101945621e+05, best bound 1.781976605698e+05, gap 1.0069%
  1312   778 179262.556  102   18 285984.104 179262.556  37.3%   505  175s
  1160   715 181345.703   38  171 286351.088 180927.317  36.8%   591  195s
  1473   939 179367.372   45   35 320750.248 179367.372  44.1%   448  205s
   997   563 180579.753   45   47 308007.444 180578.842  41.4%   714  160s
   821   721 178498.327   71   14 262739.253 178498.327  32.1%   662  150s
  1317   955 180311.763   58   11 199949.079 180311.763  9.82%   360  180s
   983   688 179160.083   48   27 285512.983 179160.083  37.2%   667  175s
H 1004   553                    307938.94936 180578.842  41.4%   719  161s
  1873  1342 180311.763  249   40 283096.108 180311.763  36.3%  92.7  165s
  1672  1141 180578.842  327   26 305597.294 180578.842  40.9%   270  205s
   912   710 180918.517   22   60 200113.124 180918.517  9.59%   768  155s
  1761  1227 179160.083   94   13 304126.265 179160.083  41.1%  72.9  195s
  2155  1622 180927.317   70   31 281189.249 180927.317  35.7%   118  210s
   930   742 179367.372   28   46 287530.154 179367.372  37.6%   511  160s
  1573  1041 180918.517  221   24 282609.021 180918.517  36.0%   369  185s
  1881  1349 180050.548  202   12 282474.259 180050.548  36.3%  88.2  150s
H 1423   887                    285961.43633 179262.556  37.3%   468  179s
H 1366   961                    180311.76324 180311.763  0.00%   349  182s

Cutting planes:
  Gomory: 7
  Lift-and-project: 11
  MIR: 2
  Flow cover: 8
  RLT: 2

Explored 1367 nodes (511084 simplex iterations) in 182.95 seconds (232.44 work units)
Thread count was 1 (of 32 available processors)

Solution count 10: 180312 199949 284187 ... 325232

Optimal solution found (tolerance 5.00e-02)
Best objective 1.803117632417e+05, best bound 1.803117625528e+05, gap 0.0000%
H 1423   887                    285842.43277 179262.556  37.3%   468  180s
   862   748 178498.327   77   14 262739.253 178498.327  32.1%   633  155s
H  952   730                    287428.28610 179367.372  37.6%   504  162s
  1562  1028 179367.372   59   64 320750.248 179367.372  44.1%   440  210s
  1026   570 181177.837   41  206 307938.949 180578.842  41.4%   734  165s
H 1030   557                    307912.94211 180578.842  41.4%   736  165s
  1026   717 179160.083   41   35 285512.983 179160.083  37.2%   678  180s
  1930  1399 180311.763  342   19 283096.108 180311.763  36.3%  90.4  170s
H 1186   715                    285493.46726 180927.317  36.6%   593  202s
   940   728 180918.517   25   85 200113.124 180918.517  9.59%   766  160s
  1815  1284 180578.842  396   28 305597.294 180578.842  40.9%   250  210s
   822   543 180980.587   38   78 288421.040 180503.192  37.4%   682  145s
  1834  1300 179160.083   91   11 304126.265 179160.083  41.1%  71.5  200s
H  978   725                    287314.71063 179367.372  37.6%   498  164s
  2243  1710 180927.317   62   19 281189.249 180927.317  35.7%   114  215s
  1622  1090 180918.517  226   28 282609.021 180918.517  36.0%   359  190s
  1975  1443 180050.548  189   12 282474.259 180050.548  36.3%  85.2  155s
  1525   991 179262.556  101   15 285842.433 179262.556  37.3%   439  185s
  1207   731 180927.317   23   93 285493.467 180927.317  36.6%   600  205s
   978   727 179367.372   31   55 287314.711 179367.372  37.6%   498  167s
H 1599  1063                    319590.91213 179367.372  43.9%   438  215s
H  964   716                    200010.33990 180918.517  9.55%   768  163s
   886   764 178498.327   81   14 262739.253 178498.327  32.1%   617  160s
H  848   540                    288139.43838 180503.192  37.4%   675  148s
  1055   576 180579.747   45   61 307912.942 180578.842  41.4%   745  170s
H 1599  1063                    319589.22331 179367.372  43.9%   438  216s
H 1599  1063                    284589.22331 179367.372  37.0%   438  216s
  1991  1460 180311.763   71   20 283096.108 180311.763  36.3%  88.3  175s
  1056   737 179160.089   45   36 285512.983 179160.083  37.2%   680  185s
   858   549 180523.169   45   90 288139.438 180503.192  37.4%   688  150s
   979   727 180918.517   31   31 200010.340 180918.517  9.55%   769  165s
  1866  1335 180578.842  424   37 305597.294 180578.842  40.9%   243  215s
H  995   714                    286308.73458 179367.372  37.4%   491  169s
  2307  1774 180927.317   57   25 281189.249 180927.317  35.7%   112  220s
  1001   720 179367.372   39   48 286308.735 179367.372  37.4%   489  170s
H  990   706                    199842.21218 180918.517  9.47%   768  166s
  1762  1230 180918.517  204   28 282609.021 180918.517  36.0%   334  195s
  2054  1522 180050.548  197   49 282474.259 180050.548  36.3%  83.2  160s
  1670  1136 179262.556  101   19 285842.433 179262.556  37.3%   404  190s
  1236   751 181150.318   38   81 285493.467 180927.317  36.6%   613  210s
  1637  1103 179367.372   72   29 284589.223 179367.372  37.0%   435  220s
  1892  1358 179160.083   96   11 304126.265 179160.083  41.1%  70.5  207s
  1089   599 180578.842   42   57 307912.942 180578.842  41.4%   752  175s
H 2353  1818                    280984.16624 180927.317  35.6%   111  222s
   925   790 178498.327   89   16 262739.253 178498.327  32.1%   593  165s
  1098   765 179160.083   33   17 285512.983 179160.083  37.2%   677  190s
   889   569 180506.065   41  111 288139.438 180503.192  37.4%   720  155s
  2045  1514 180311.763   98   21 283096.108 180311.763  36.3%  86.8  180s
  1994  1463 180578.842  488   33 305597.294 180578.842  40.9%   229  220s
  1018   726 180918.548   37   86 199842.212 180918.517  9.47%   777  170s
  1927  1393 179160.083  104   11 304126.265 179160.083  41.1%  70.0  210s
  2371  1838 180927.317   69   35 280984.166 180927.317  35.6%   111  225s
H 1041   724                    180651.48985 179367.372  0.71%   493  175s

Cutting planes:
  Gomory: 6
  Lift-and-project: 7
  MIR: 1
  Flow cover: 24

Explored 1042 nodes (547759 simplex iterations) in 175.18 seconds (223.33 work units)
Thread count was 1 (of 32 available processors)

Solution count 9: 180651 286309 287315 ... 287779

Optimal solution found (tolerance 5.00e-02)
Best objective 1.806514898532e+05, best bound 1.793673717684e+05, gap 0.7108%
  1902  1370 180918.517  217   30 282609.021 180918.517  36.0%   312  200s
  2178  1646 180050.548  194   12 282474.259 180050.548  36.3%  80.8  165s
H 1264   752                    285180.76749 180927.317  36.6%   616  214s
  1724  1190 179262.556  101   16 285842.433 179262.556  37.3%   393  195s
  1698  1164 179367.372   60   57 284589.223 179367.372  37.0%   426  225s
H 1108   608                    180906.38220 179160.083  0.97%   680  193s

Cutting planes:
  Gomory: 11
  Lift-and-project: 4
  MIR: 16
  Flow cover: 48
  Zero half: 1
  RLT: 9
  Relax-and-lift: 2

Explored 1109 nodes (783789 simplex iterations) in 193.58 seconds (262.70 work units)
Thread count was 1 (of 32 available processors)

Solution count 10: 180906 285513 286113 ... 288124

Optimal solution found (tolerance 5.00e-02)
Best objective 1.809063822013e+05, best bound 1.791600831908e+05, gap 0.9653%
   978   826 178498.327   79   15 262739.253 178498.327  32.1%   563  170s
  1126   623 180578.842   52   59 307912.942 180578.842  41.4%   761  180s
H 1130   612                    307808.54599 180578.842  41.3%   759  180s
H 1130   540                    199801.85065 180578.842  9.62%   759  180s
  1264   754 180927.317   31   71 285180.767 180927.317  36.6%   617  216s
  2126  1595 180311.763  440   23 283096.108 180311.763  36.3%  85.0  185s
   909   583 180503.192   33  123 288139.438 180503.192  37.4%   731  160s
  1053   749 180918.907   42   65 199842.212 180918.517  9.47%   777  175s
  2127  1596 180578.842  552   27 305597.294 180578.842  40.9%   217  225s
  1998  1464 179160.083  108   11 304126.265 179160.083  41.1%  68.9  215s
  2442  1909 180927.317   77   34 280984.166 180927.317  35.6%   109  230s
  2007  1475 180918.517   73   24 282609.021 180918.517  36.0%   304  205s
  2287  1755 180050.548  207   12 282474.259 180050.548  36.3%  78.2  170s
H 1068   732                    199758.14832 180918.517  9.43%   786  177s
H 1068   710                    199182.91131 180918.517  9.17%   786  177s
H 2014  1327                    200145.02591 180918.517  9.61%   303  205s
H  926   575                    288126.43949 180503.192  37.4%   740  162s
  1859  1325 179262.556   83   15 285842.433 179262.556  37.3%   368  200s
  1288   770 180927.317   35   51 285180.767 180927.317  36.6%   620  220s
  1751  1217 179368.734   67  126 284589.223 179367.372  37.0%   430  230s
  1006   844 178498.327   80   14 262739.253 178498.327  32.1%   549  175s
  1154   559 180578.842   40   33 199801.851 180578.842  9.62%   761  185s
H  940   568                    288102.01857 180503.192  37.3%   753  164s
  2230  1699 180311.763  492   19 283096.108 180311.763  36.3%  81.9  190s
   945   574 180504.658   28   79 288102.019 180503.192  37.3%   757  165s
  1093   729 180918.517   44   38 199182.911 180918.517  9.17%   781  180s
  2288  1757 180578.842  273   31 305597.294 180578.842  40.9%   204  230s
  2072  1538 179160.083  118   11 304126.265 179160.083  41.1%  67.9  220s
  2509  1976 180927.317   89   19 280984.166 180927.317  35.6%   107  235s
H 1781  1245                    284587.83847 179367.372  37.0%   426  233s
  2082  1397 180918.517  106   26 200145.026 180918.517  9.61%   293  210s
  2397  1865 180050.548  220   19 282474.259 180050.548  36.3%  76.2  175s
H 1781  1245                    284581.21828 179367.372  37.0%   426  234s
  2018  1484 179262.556   99   24 285842.433 179262.556  37.3%   341  205s
  1340   806 180927.317   42   42 285180.767 180927.317  36.6%   607  225s
H 2127  1440                    200129.07519 180918.517  9.60%   289  211s
  1800  1266 179367.372   60   94 284581.218 179367.372  37.0%   424  235s
  1050   874 178498.327   86   14 262739.253 178498.327  32.1%   527  180s
  1182   587 180578.842   37   40 199801.851 180578.842  9.62%   758  190s
H 1344   808                    285079.17248 180927.317  36.5%   606  225s
  2313  1782 180311.763  232   15 283096.108 180311.763  36.3%  79.8  195s
  1133   754 180918.517   39   55 199182.911 180918.517  9.17%   794  185s
   979   596 180503.253   34   74 288102.019 180503.192  37.3%   762  170s
  2144  1610 179160.083  128   11 304126.265 179160.083  41.1%  67.4  225s
H 2365  1832                    304162.87057 180578.842  40.6%   198  235s
  2561  2028 180927.317   92   22 280984.166 180927.317  35.6%   106  240s
H 2139  1603                    285832.63112 179262.556  37.3%   323  209s
H 2139  1603                    285599.36187 179262.556  37.2%   323  209s
H 2139  1603                    285555.61058 179262.556  37.2%   323  209s
  2208  1480 180964.464  222   62 200129.075 180918.517  9.60%   287  215s
  2479  1947 180050.548  233   14 282474.259 180050.548  36.3%  74.4  180s
  1360   826 181269.903   44   75 285079.172 180927.317  36.5%   624  230s
  2139  1605 179262.556   98   16 285555.611 179262.556  37.2%   324  210s
  1859  1325 179367.372   66   22 284581.218 179367.372  37.0%   424  240s
  1129   926 178498.327   77   14 262739.253 178498.327  32.1%   494  185s
H 1004   595                    288070.94539 180503.192  37.3%   774  174s
  2394  1863 180311.763  574   21 283096.108 180311.763  36.3%  77.6  200s
  1212   614 182072.503   58  151 199801.851 180578.842  9.62%   773  196s
  1162   773 180918.517   30   65 199182.911 180918.517  9.17%   789  190s
  2481  1950 180578.842  266   27 304162.871 180578.842  40.6%   191  240s
  2215  1681 179160.083  125   15 304126.265 179160.083  41.1%  66.9  230s
  1004   597 180698.592   36  115 288070.945 180503.192  37.3%   778  175s
  2635  2102 180927.317  116   19 280984.166 180927.317  35.6%   104  245s
  2604  2072 180050.548  220   12 282474.259 180050.548  36.3%  74.2  185s
  2289  1561 180918.517   80   28 200129.075 180918.517  9.60%   286  220s
  2275  1741 179262.556   98   22 285555.611 179262.556  37.2%   307  215s
  1400   866 180927.317   52   58 285079.172 180927.317  36.5%   622  235s
  1938  1404 179367.372   72   61 284581.218 179367.372  37.0%   419  245s
  1205   977 178498.327   90   33 262739.253 178498.327  32.1%   466  190s
H 1030   598                    287964.13163 180503.192  37.3%   778  178s
H 2672  2137                    280845.54807 180927.317  35.6%   103  248s
H 2672  2137                    280794.26105 180927.317  35.6%   103  248s
  2461  1930 180311.763  306   22 283096.108 180311.763  36.3%  75.8  205s
  1238   638 180578.842   35   14 199801.851 180578.842  9.62%   776  201s
  1042   608 180503.458   40   55 287964.132 180503.192  37.3%   785  180s
  1190   792 180918.517   26   64 199182.911 180918.517  9.17%   789  195s
  2642  2111 180578.842  313   29 304162.871 180578.842  40.6%   181  245s
  2290  1756 179160.083  122   15 304126.265 179160.083  41.1%  66.5  235s
  2695  2162 180927.317  146   28 280794.261 180927.317  35.6%   102  250s
H 1968  1432                    284580.92540 179367.372  37.0%   415  248s
  2380  1652 180974.860   91   58 200129.075 180918.517  9.60%   287  225s
H 1968  1432                    284580.16562 179367.372  37.0%   415  248s
  2748  2216 180050.548  177   16 282474.259 180050.548  36.3%  71.6  190s
H 1968  1432                    284578.55907 179367.372  37.0%   415  249s
  2437  1903 179262.556   89   16 285555.611 179262.556  37.2%   289  220s
H 2722  2187                    280788.96078 180927.317  35.6%   102  251s
H 1264   662                    199774.71256 180578.842  9.61%   772  204s
H 1264   662                    199750.92374 180578.842  9.60%   772  204s
H 2722  2187                    199430.71979 180927.317  9.28%   102  252s
  1271   671 180578.842   42   61 199750.924 180578.842  9.60%   771  205s
  1285  1030 178498.327  100   48 262739.253 178498.327  32.1%   441  195s
  1968  1434 179367.372   87   63 284578.559 179367.372  37.0%   415  250s
H 1306  1015                    262737.48350 178498.327  32.1%   434  196s
H 1306   989                    262734.22175 178498.327  32.1%   434  196s
  2542  2011 180311.763  648   23 283096.108 180311.763  36.3%  75.3  210s
  1076   631 180503.192   37   52 287964.132 180503.192  37.3%   783  185s
  1231   819 180918.517   24   26 199182.911 180918.517  9.17%   787  200s
  2805  2274 180578.842  390   28 304162.871 180578.842  40.6%   172  250s
  2357  1823 179160.083  130   11 304126.265 179160.083  41.1%  66.1  240s
  2755  2222 180927.317  104   26 199430.720 180927.317  9.28%   101  255s
H 1290   688                    199651.33159 180578.842  9.55%   777  207s
H 2558  2025                    283079.14011 180311.763  36.3%  75.0  211s
  2451  1723 180918.517   99   24 200129.075 180918.517  9.60%   285  230s
H 1348   993                    262728.87238 178498.327  32.1%   422  199s
  2039  1505 179367.372   73   53 284578.559 179367.372  37.0%   412  255s
H 2565  2029                    285460.51108 179262.556  37.2%   276  225s
  1312   712 180578.842   42   82 199651.332 180578.842  9.55%   783  210s
  1362  1005 178498.327  107   14 262728.872 178498.327  32.1%   418  200s
H 2804  2269                    199421.38204 180927.317  9.27%  99.5  257s
H 2857  2323                    281922.84863 180050.548  36.1%  70.2  196s
H 1316   713                    199442.53936 180578.842  9.46%   781  210s
  1448   914 181383.133   52   63 285079.172 180927.317  36.5%   630  246s
  2631  2100 180311.763  337   21 283079.140 180311.763  36.3%  75.3  215s
  1106   651 180503.192   30   61 287964.132 180503.192  37.3%   789  190s
  1261   837 180918.517   32   32 199182.911 180918.517  9.17%   789  205s
  2957  2426 180578.842  466   22 304162.871 180578.842  40.6%   164  255s
  2433  1899 179160.083  126   13 304126.265 179160.083  41.1%  65.5  245s
  2509  1781 180918.517  107   35 200129.075 180918.517  9.60%   281  235s
  2927  2395 180050.548  180   12 281922.849 180050.548  36.1%  69.6  200s
  2830  2297 180927.317   98   19 199421.382 180927.317  9.27%  98.9  261s
  2604  2070 179262.556   72   17 285460.511 179262.556  37.2%   273  230s
  1475   941 180929.205   54   59 285079.172 180927.317  36.5%   634  250s
  2129  1595 179367.372   83   28 284578.559 179367.372  37.0%   401  260s
  1447  1061 178498.327  116   14 262728.872 178498.327  32.1%   396  205s
  1346   744 180578.842   36   81 199442.539 180578.842  9.46%   789  215s
H 2958  2424                    281807.53775 180050.548  36.1%  69.5  202s
  2723  2192 180311.763  374   12 283079.140 180311.763  36.3%  75.2  220s
  1131   668 180503.192   42   88 287964.132 180503.192  37.3%   786  195s
H 2586  1851                    200099.77644 180918.517  9.59%   279  238s
  1287   851 180918.517   31   41 199182.911 180918.517  9.17%   795  210s
  2508  1974 179160.083  136   13 304126.265 179160.083  41.1%  65.0  250s
  2902  2369 180927.317   89   15 199421.382 180927.317  9.27%  97.6  265s
  2627  1894 180920.454  123  131 200099.776 180918.517  9.59%   276  240s
H 1302   836                    199058.04786 180918.517  9.11%   797  211s
  3047  2515 180050.548  184   12 281807.538 180050.548  36.1%  68.8  205s
  2755  2221 179262.556   61   13 285460.511 179262.556  37.2%   260  235s
  1533   999 180927.509   51   51 285079.172 180927.317  36.5%   638  255s
  2203  1669 179367.372   86   49 284578.559 179367.372  37.0%   395  265s
  1526  1114 178498.327  130   12 262728.872 178498.327  32.1%   379  210s
  1380   774 180578.842   37   52 199442.539 180578.842  9.46%   794  220s
  3096  2565 180578.842  540   40 304162.871 180578.842  40.6%   158  263s
  1172   695 180503.192   23   68 287964.132 180503.192  37.3%   798  200s
  3142  2611 180578.842  563   21 304162.871 180578.842  40.6%   156  265s
  1331   853 180918.517   37   39 199058.048 180918.517  9.11%   803  215s
  2585  2051 179160.083  130   15 304126.265 179160.083  41.1%  64.9  255s
  2985  2452 180927.317   87   20 199421.382 180927.317  9.27%  95.8  270s
H 1179   684                    287503.90980 180503.192  37.2%   799  201s
  2768  2033 180918.517  142   28 200099.776 180918.517  9.59%   265  245s
  3194  2662 180050.548  197   12 281807.538 180050.548  36.1%  67.8  210s
  2927  2393 179262.556   77   15 285460.511 179262.556  37.2%   247  240s
  1582  1048 181269.031   43   87 285079.172 180927.317  36.5%   640  260s
  1578  1149 178498.327  130   16 262728.872 178498.327  32.1%   369  215s
H 2790  2053                    200094.40376 180918.517  9.58%   263  247s
H 2790  2053                    199842.21218 180918.517  9.47%   263  247s
H 3055  2520                    199282.76386 180927.317  9.21%  94.5  273s
H 3055  2520                    199005.52751 180927.317  9.08%  94.5  273s
  1207   704 180503.192   29   61 287503.910 180503.192  37.2%   804  205s
  3286  2755 180578.842  635   30 304162.871 180578.842  40.6%   151  270s
  1420   810 180578.842   38   18 199442.539 180578.842  9.46%   798  226s
  2748  2217 180311.763  376   10 283079.140 180311.763  36.3%  74.9  230s
  2277  1743 179367.372  123   27 284578.559 179367.372  37.0%   391  272s
  2673  2139 179160.083  102   11 304126.265 179160.083  41.1%  63.9  260s
  3084  2551 180927.317  105   25 199005.528 180927.317  9.08%  93.9  275s
  1380   878 180918.517   45   43 199058.048 180918.517  9.11%   807  220s
H 3087  2552                    198866.90933 180927.317  9.02%  93.9  275s
H 3087  2552                    198758.67956 180927.317  8.97%  93.9  275s
  3293  2761 180050.548  210   14 281807.538 180050.548  36.1%  67.3  215s
  3085  2551 179262.556   93   15 285460.511 179262.556  37.2%   235  245s
  2790  2055 180918.517  149   20 199842.212 180918.517  9.47%   263  251s
  1630  1096 180927.317   37   44 285079.172 180927.317  36.5%   649  265s
  2329  1795 179367.372   76   36 284578.559 179367.372  37.0%   385  275s
  1658  1202 178498.327  107   16 262728.872 178498.327  32.1%   354  220s
  2887  2356 180311.763  392   10 283079.140 180311.763  36.3%  73.3  235s
  3429  2898 180578.842  702   26 304162.871 180578.842  40.6%   146  275s
  1446   829 180578.842   35   64 199442.539 180578.842  9.46%   808  232s
  2750  2216 179160.083   89   11 304126.265 179160.083  41.1%  62.9  265s
  1231   720 180503.192   30   53 287503.910 180503.192  37.2%   818  210s
  3106  2573 180927.317   85   61 198758.680 180927.317  8.97%  93.5  280s
  1406   895 180918.517   51   35 199058.048 180918.517  9.11%   798  226s
  2901  2166 180918.517  144   26 199842.212 180918.517  9.47%   254  255s
  3396  2864 180050.548  219   12 281807.538 180050.548  36.1%  70.2  220s
  3279  2745 179262.556  114   13 285460.511 179262.556  37.2%   223  250s
  1670  1136 180927.317   34   27 285079.172 180927.317  36.5%   655  270s
  2426  1892 179367.372   49   34 284578.559 179367.372  37.0%   378  280s
  1750  1263 178498.327   89   16 262728.872 178498.327  32.1%   338  225s
  1472   849 180578.842   39   42 199442.539 180578.842  9.46%   809  235s
  3022  2491 180311.763  397   10 283079.140 180311.763  36.3%  71.6  240s
  1268   745 180518.459   39   73 287503.910 180503.192  37.2%   825  215s
  3584  3053 180578.842  784   25 304162.871 180578.842  40.6%   142  280s
  2832  2298 179160.083   83   11 304126.265 179160.083  41.1%  62.1  270s
  3198  2665 180927.317   82   19 198758.680 180927.317  8.97%  94.1  285s
H 3424  2890                    279758.55683 180050.548  35.6%  70.3  223s
  3011  2276 180918.517  174   28 199842.212 180918.517  9.47%   246  260s
  3449  2917 180050.548  226   18 279758.557 180050.548  35.6%  71.9  225s
  1458   928 180918.517   59   27 199058.048 180918.517  9.11%   773  231s
  1714  1180 180927.317   40   68 285079.172 180927.317  36.5%   665  275s
  2503  1969 179367.372   58   68 284578.559 179367.372  37.0%   376  285s
  1839  1323 178498.327   92   12 262728.872 178498.327  32.1%   325  230s
H 3477  2943                    262324.40334 180050.548  31.4%  72.4  226s
H 3477  2943                    199266.59415 180050.548  9.64%  72.4  226s
  1498   867 180578.842   40   59 199442.539 180578.842  9.46%   810  240s
  3432  2898 179262.556  129   18 285460.511 179262.556  37.2%   215  256s
  3187  2656 180311.763  392   12 283079.140 180311.763  36.3%  69.9  245s
  1517   967 180918.517   70   31 199058.048 180918.517  9.11%   748  235s
  2913  2379 179160.083   91   11 304126.265 179160.083  41.1%  61.4  275s
H 1289   753                    287269.94227 180503.192  37.2%   825  220s
  3316  2783 180927.317   73   27 198758.680 180927.317  8.97%  92.5  290s
H 1292   756                    287240.64355 180503.192  37.2%   825  221s
  3106  2371 180918.517  150   27 199842.212 180918.517  9.47%   240  265s
  3529  2997 180050.548  235   53 199266.594 180050.548  9.64%  74.1  230s
  3546  3012 179262.556  120   13 285460.511 179262.556  37.2%   209  260s
  1751  1217 180927.317   32   71 285079.172 180927.317  36.5%   672  280s
  3727  3196 180578.842  367   27 304162.871 180578.842  40.6%   137  287s
  2548  2014 179385.667   67   95 284578.559 179367.372  37.0%   375  290s
  1935  1402 178498.327  102   12 262728.872 178498.327  32.1%   311  235s
H 1319   783                    181598.68044 180503.192  0.60%   828  223s

Cutting planes:
  Gomory: 5
  Lift-and-project: 3
  Implied bound: 1
  MIR: 8
  Flow cover: 59
  Zero half: 1
  RLT: 6
  Relax-and-lift: 4

Explored 1320 nodes (1122125 simplex iterations) in 223.90 seconds (323.25 work units)
Thread count was 1 (of 32 available processors)

Solution count 10: 181599 287241 287270 ... 288421

Optimal solution found (tolerance 5.00e-02)
Best objective 1.815986804435e+05, best bound 1.805031923523e+05, gap 0.6032%
  1524   887 180578.842   35   63 199442.539 180578.842  9.46%   814  246s
  3342  2811 180311.763  413   10 283079.140 180311.763  36.3%  68.3  250s
  1601  1019 180918.517   81   19 199058.048 180918.517  9.11%   723  240s
  3785  3254 180578.842  396   25 304162.871 180578.842  40.6%   136  290s
  2994  2460 179160.083   95   11 304126.265 179160.083  41.1%  60.8  280s
  3399  2866 180927.317   70   26 198758.680 180927.317  8.97%  91.2  295s
  3207  2472 180918.517  171   26 199842.212 180918.517  9.47%   234  270s
  3616  3084 180050.548  247   88 199266.594 180050.548  9.64%  77.6  235s
  3715  3181 179262.556  136   18 285460.511 179262.556  37.2%   201  265s
  1788  1254 180927.317   19  100 285079.172 180927.317  36.5%   672  285s
  2618  2084 179367.372   71   62 284578.559 179367.372  37.0%   368  295s
  1965  1432 178498.327  102   16 262728.872 178498.327  32.1%   307  240s
  1550   911 181065.968   46   76 199442.539 180578.842  9.46%   814  251s
  3509  2978 180311.763  432   10 283079.140 180311.763  36.3%  68.8  255s
  1631  1039 180918.517   96   19 199058.048 180918.517  9.11%   713  245s
  3940  3409 180578.842  962   33 304162.871 180578.842  40.6%   132  295s
  3505  2972 180927.317   62   31 198758.680 180927.317  8.97%  89.5  300s
  3074  2540 179160.083   99   11 304126.265 179160.083  41.1%  60.3  285s
  3332  2597 180918.517  263   27 199842.212 180918.517  9.47%   226  275s
  3645  3113 180050.548  252   31 199266.594 180050.548  9.64%  78.6  240s
  1811  1277 181148.134   35   84 285079.172 180927.317  36.5%   674  290s
  2040  1507 178498.327  108   14 262728.872 178498.327  32.1%   298  245s
  2637  2103 179367.372   90   27 284578.559 179367.372  37.0%   370  300s
  3852  3318 179262.556  131   14 285460.511 179262.556  37.2%   196  272s
  3652  3121 180311.763  448    9 283079.140 180311.763  36.3%  71.3  260s
  1576   936 180578.842   49   59 199442.539 180578.842  9.46%   813  256s
  1755  1142 180918.517   98   39 199058.048 180918.517  9.11%   668  250s
  4118  3587 180578.842 1051   29 304162.871 180578.842  40.6%   128  300s
  3154  2620 179160.083  114   13 304126.265 179160.083  41.1%  59.8  290s
  3490  2755 180918.517  205   22 199842.212 180918.517  9.47%   218  280s
  3740  3208 180050.548  237   12 199266.594 180050.548  9.64%  81.7  245s
  3952  3418 179262.556  127   13 285460.511 179262.556  37.2%   192  275s
  3539  3006 180927.317   72   21 198758.680 180927.317  8.97%  89.0  306s
  1845  1311 180927.317   30   61 285079.172 180927.317  36.5%   676  295s
  2694  2160 179385.851   70  113 284578.559 179367.372  37.0%   373  305s
  2118  1585 178498.327  123   14 262728.872 178498.327  32.1%   289  250s
  1602   960 180578.842   41   50 199442.539 180578.842  9.46%   817  261s
  3773  3242 180311.763  457   10 283079.140 180311.763  36.3%  76.6  265s
  1890  1277 180918.517  125   21 199058.048 180918.517  9.11%   626  255s
  4310  3779 180578.842 1147   42 304162.871 180578.842  40.6%   124  305s
  3232  2698 179160.083  116   13 304126.265 179160.083  41.1%  59.5  295s
  3634  3101 180927.317   67   21 198758.680 180927.317  8.97%  87.5  310s
  3640  2905 180918.517  152   26 199842.212 180918.517  9.47%   211  285s
  3828  3296 180050.548  247   91 199266.594 180050.548  9.64%  85.6  250s
  4122  3588 179262.556  131   13 285460.511 179262.556  37.2%   186  280s
H 3661  2924                    199590.02059 180918.517  9.35%   209  286s
  1886  1352 180927.317   37   51 285079.172 180927.317  36.5%   679  300s
  2754  2220 179369.147   72   94 284578.559 179367.372  37.0%   376  310s
  2207  1674 178498.327  107   37 262728.872 178498.327  32.1%   280  255s
  3896  3365 180311.763  463   12 283079.140 180311.763  36.3%  81.8  270s
H 1628   977                    199057.59415 180578.842  9.28%   817  266s
  2020  1407 180918.517  152   14 199058.048 180918.517  9.11%   590  260s
  4474  3943 180578.842  271   22 304162.871 180578.842  40.6%   120  310s
H 1628   977                    199051.27581 180578.842  9.28%   817  266s
H 4235  3699                    180636.20493 179262.556  0.76%   183  283s

Cutting planes:
  Gomory: 12
  Lift-and-project: 2
  Flow cover: 8
  Relax-and-lift: 1

Explored 4236 nodes (799719 simplex iterations) in 283.27 seconds (372.07 work units)
Thread count was 1 (of 32 available processors)

Solution count 10: 180636 285461 285556 ... 287630

Optimal solution found (tolerance 5.00e-02)
Best objective 1.806362049296e+05, best bound 1.792625557225e+05, gap 0.7605%
  3300  2766 179160.083  119   13 304126.265 179160.083  41.1%  59.1  300s
  3766  3233 180927.317   61   21 198758.680 180927.317  8.97%  86.2  315s
  3720  2985 180918.517  135   33 199590.021 180918.517  9.35%   207  290s
  3915  3383 180050.548  238   12 199266.594 180050.548  9.64%  88.8  255s
H 4502  3969                    304084.48171 180578.842  40.6%   120  311s
H 1628   977                    199028.26765 180578.842  9.27%   817  269s
  2837  2303 179367.372   92   23 284578.559 179367.372  37.0%   372  315s
  2277  1744 178498.327  136   14 262728.872 178498.327  32.1%   273  260s
  3981  3450 180311.763  453   46 283079.140 180311.763  36.3%  86.3  275s
  2120  1507 180918.517  166   14 199058.048 180918.517  9.11%   570  265s
  1892  1358 181116.459   38  104 285079.172 180927.317  36.5%   678  307s
  4557  4026 180578.842  281   24 304084.482 180578.842  40.6%   119  315s
  3382  2848 179160.083  129   14 304126.265 179160.083  41.1%  59.2  305s
  3883  3350 180927.317   54   17 198758.680 180927.317  8.97%  85.6  320s
  3857  3120 180918.517  114   31 199590.021 180918.517  9.35%   204  295s
  4001  3469 180050.548  249   12 199266.594 180050.548  9.64%  91.9  260s
  1913  1379 180927.317   35   28 285079.172 180927.317  36.5%   679  310s
  2939  2405 179367.372  143   26 284578.559 179367.372  37.0%   365  320s
  2363  1830 178498.327  146   14 262728.872 178498.327  32.1%   265  265s
  1628   979 180582.613   46   75 199028.268 180578.842  9.27%   817  275s
  4075  3544 180311.763  461   36 283079.140 180311.763  36.3%  91.8  280s
  4779  4248 180578.842  366   21 304084.482 180578.842  40.6%   115  320s
H 1643   991                    199007.43116 180578.842  9.26%   816  276s
  3467  2933 179160.083  132   11 304126.265 179160.083  41.1%  59.0  310s
  3992  3459 180927.317  186   48 198758.680 180927.317  8.97%  85.4  325s
  3990  3252 180918.517   99   31 199590.021 180918.517  9.35%   203  300s
  4095  3563 180050.548  248   12 199266.594 180050.548  9.64%  96.6  265s
  2200  1587 180918.517  182   18 199058.048 180918.517  9.11%   552  272s
  1959  1425 181159.530   38  137 285079.172 180927.317  36.5%   687  315s
  3007  2473 179367.372   77   57 284578.559 179367.372  37.0%   365  325s
  2454  1921 178498.413  152   39 262728.872 178498.327  32.1%   256  270s
  1670  1015 180578.842   48   61 199007.431 180578.842  9.26%   820  280s
H 3010  2474                    284574.96996 179367.372  37.0%   365  325s
H 1967  1207                    181211.81364 180927.317  0.16%   688  316s

Cutting planes:
  Gomory: 16
  Lift-and-project: 3
  Implied bound: 10
  MIR: 32
  StrongCG: 1
  Flow cover: 183
  Zero half: 3
  RLT: 17
  Relax-and-lift: 23

Explored 1968 nodes (1386393 simplex iterations) in 316.11 seconds (468.49 work units)
Thread count was 1 (of 32 available processors)

Solution count 10: 181212 285079 285181 ... 288436

Optimal solution found (tolerance 5.00e-02)
Best objective 1.812118136350e+05, best bound 1.809273172542e+05, gap 0.1570%
  4178  3647 180311.763  469   10 283079.140 180311.763  36.3%   100  285s
  4993  4462 180578.842  473   31 304084.482 180578.842  40.6%   111  325s
  2265  1652 180918.517  176   14 199058.048 180918.517  9.11%   539  275s
  3554  3020 179160.083  132   14 304126.265 179160.083  41.1%  58.8  315s
  4112  3579 180927.317   83   20 198758.680 180927.317  8.97%  85.7  330s
H 3010  2474                    284571.38085 179367.372  37.0%   365  328s
  4046  3308 180918.517   92   24 199590.021 180918.517  9.35%   204  305s
  4179  3647 180050.548  239   12 199266.594 180050.548  9.64%   101  270s
H 3010  2474                    284569.07932 179367.372  37.0%   365  328s
  2544  2011 178498.327  157   14 262728.872 178498.327  32.1%   248  275s
  1724  1064 180578.842   34   48 199007.431 180578.842  9.26%   821  285s
  4298  3767 180311.763  484   29 283079.140 180311.763  36.3%   106  290s
  2396  1783 180918.517  195   18 199058.048 180918.517  9.11%   513  280s
  5203  4672 180578.842  578   31 304084.482 180578.842  40.6%   107  330s
  4263  3730 180927.317  103   23 198758.680 180927.317  8.97%  84.0  335s
  3010  2476 179367.372   73   34 284569.079 179367.372  37.0%   366  332s
  4170  3430 180918.517  110   40 199590.021 180918.517  9.35%   208  310s
  3636  3102 179160.083  129   13 304126.265 179160.083  41.1%  58.5  321s
  4296  3764 180050.548  236   20 199266.594 180050.548  9.64%   100  275s
  3041  2507 179367.372   73   21 284569.079 179367.372  37.0%   366  335s
  2668  2135 178498.327  164    8 262728.872 178498.327  32.1%   245  280s
  1774  1108 181109.025   36  174 199007.431 180578.842  9.26%   830  290s
H 5249  4716                    303849.31513 180578.842  40.6%   106  333s
H 5249  4716                    302580.07012 180578.842  40.3%   106  333s
  4416  3885 180311.763  460    9 283079.140 180311.763  36.3%   112  295s
  2535  1922 180918.517  212   15 199058.048 180918.517  9.11%   487  285s
  3699  3165 179160.083  123   30 304126.265 179160.083  41.1%  58.3  325s
H 5249  4716                    302501.68126 180578.842  40.3%   106  335s
  4369  3836 180927.317  112   23 198758.680 180927.317  8.97%  83.1  340s
  4299  3554 180918.517  126   34 199590.021 180918.517  9.35%   212  315s
  4388  3856 180050.548  245   12 199266.594 180050.548  9.64%   101  280s
  3131  2597 179367.372   80   66 284569.079 179367.372  37.0%   364  340s
  1832  1166 180580.775   42   91 199007.431 180578.842  9.26%   824  295s
  2830  2297 178498.327  178    8 262728.872 178498.327  32.1%   232  285s
H 4419  3884                    198578.29662 180927.317  8.89%  83.1  343s
  4535  4004 180311.763  457   50 283079.140 180311.763  36.3%   118  300s
  2661  2048 180918.517  241   16 199058.048 180918.517  9.11%   465  290s
  5381  4850 180578.842  667   33 302501.681 180578.842  40.3%   105  340s
  3786  3252 179160.083  123   11 304126.265 179160.083  41.1%  59.7  330s
  4451  3918 180927.317  122   17 198578.297 180927.317  8.89%  83.2  345s
  4389  3644 180918.517  136   21 199590.021 180918.517  9.35%   209  320s
  4476  3944 180050.548  253   12 199266.594 180050.548  9.64%   103  285s
  3211  2677 179367.372   67   62 284569.079 179367.372  37.0%   365  345s
  2997  2464 178498.327  197    8 262728.872 178498.327  32.1%   221  290s
  1897  1231 180578.842   34   51 199007.431 180578.842  9.26%   821  300s
  2773  2160 180918.517  243   19 199058.048 180918.517  9.11%   450  295s
  4612  4081 180311.763  454    9 283079.140 180311.763  36.3%   122  305s
  5556  5025 180578.842  754   26 302501.681 180578.842  40.3%   103  345s
H 1913   859                    180578.84248 180578.842  0.00%   822  301s

Cutting planes:
  Gomory: 5
  Lift-and-project: 4
  Implied bound: 1
  MIR: 14
  StrongCG: 1
  Flow cover: 68
  Zero half: 1
  RLT: 15
  Relax-and-lift: 7

Explored 1914 nodes (1598909 simplex iterations) in 301.84 seconds (452.11 work units)
Thread count was 1 (of 32 available processors)

Solution count 10: 180579 199007 199028 ... 199802

Optimal solution found (tolerance 5.00e-02)
Best objective 1.805788424845e+05, best bound 1.805788418037e+05, gap 0.0000%
  3870  3336 179160.083  131   12 304126.265 179160.083  41.1%  60.0  335s
  4557  4024 180927.317  135   17 198578.297 180927.317  8.89%  83.7  350s
  4572  3827 180918.517  157   21 199590.021 180918.517  9.35%   204  325s
  4578  4046 180050.548  235   12 199266.594 180050.548  9.64%   107  290s
  3317  2783 179367.372   93   28 284569.079 179367.372  37.0%   360  350s
  4745  4214 180311.763  427   14 283079.140 180311.763  36.3%   123  310s
  5768  5237 180578.842  860   30 302501.681 180578.842  40.3%   100  350s
  3176  2643 178498.327  215   10 262728.872 178498.327  32.1%   211  296s
  3962  3428 179160.083  135   11 304126.265 179160.083  41.1%  60.2  340s
  4666  4133 180927.317  161   21 198578.297 180927.317  8.89%  83.0  355s
  4743  3998 180918.517  180   20 199590.021 180918.517  9.35%   202  330s
  2910  2297 180918.517  237   16 199058.048 180918.517  9.11%   431  301s
  4641  4109 180050.548  242   12 199266.594 180050.548  9.64%   109  295s
  3387  2853 179367.372   65   53 284569.079 179367.372  37.0%   360  355s
  3319  2786 178498.327  230    8 262728.872 178498.327  32.1%   203  300s
  4947  4416 180311.763  393   12 283079.140 180311.763  36.3%   119  315s
  2998  2385 180918.517  221   17 199058.048 180918.517  9.11%   421  305s
  5978  5447 180578.842  965   27 302501.681 180578.842  40.3%  97.4  355s
  4047  3513 179160.083  134   12 304126.265 179160.083  41.1%  61.0  345s
  4760  4227 180927.317  146   21 198578.297 180927.317  8.89%  82.1  360s
  4885  4140 180918.517  214   22 199590.021 180918.517  9.35%   199  335s
  4771  4239 180050.548  212   12 199266.594 180050.548  9.64%   109  300s
  3480  2946 179367.372   81   19 284569.079 179367.372  37.0%   359  360s
  3545  3012 178498.327  254    9 262728.872 178498.327  32.1%   193  305s
  5078  4547 180311.763  390   11 283079.140 180311.763  36.3%   117  320s
  3129  2516 180918.517  228   16 199058.048 180918.517  9.11%   405  310s
  6189  5658 180578.842  426   24 302501.681 180578.842  40.3%  94.9  360s
  4138  3604 179160.083  150   12 304126.265 179160.083  41.1%  62.0  350s
  4835  4302 180927.317  140   19 198578.297 180927.317  8.89%  81.4  365s
H 4158  3622                    304078.92432 179160.083  41.1%  61.9  351s
  4908  4376 180050.548  181   12 199266.594 180050.548  9.64%   107  305s
  5102  4356 180918.517  169   17 199590.021 180918.517  9.35%   191  341s
  3596  3062 179367.372   99   41 284569.079 179367.372  37.0%   352  365s
  3773  3240 178857.391  292   33 262728.872 178498.327  32.1%   184  310s
  5262  4731 180311.763  425   10 283079.140 180311.763  36.3%   115  325s
  3260  2647 180918.517  248   14 199058.048 180918.517  9.11%   392  315s
  6410  5879 180578.842 1181   29 302501.681 180578.842  40.3%  92.4  365s
H 3829  3289                    179732.70466 178498.327  0.69%   187  312s

Cutting planes:
  Gomory: 11
  Lift-and-project: 7
  MIR: 1
  Flow cover: 9
  RLT: 2

Explored 3830 nodes (746498 simplex iterations) in 312.18 seconds (470.37 work units)
Thread count was 1 (of 32 available processors)

Solution count 10: 179733 262729 262734 ... 263243

Optimal solution found (tolerance 5.00e-02)
Best objective 1.797327046628e+05, best bound 1.784983266974e+05, gap 0.6868%
  4228  3694 179160.083  134   13 304078.924 179160.083  41.1%  62.2  355s
  4929  4396 180927.317  139   17 198578.297 180927.317  8.89%  80.3  370s
  5037  4505 180050.548  189   12 199266.594 180050.548  9.64%   106  310s
  3701  3167 179367.372  101   48 284569.079 179367.372  37.0%   349  370s
  5107  4359 180918.517  170   21 199590.021 180918.517  9.35%   191  346s
  5478  4947 180311.763  445   10 283079.140 180311.763  36.3%   114  330s
  4291  3757 179160.083  122   13 304078.924 179160.083  41.1%  61.9  360s
  5044  4511 180927.317  146   19 198578.297 180927.317  8.89%  79.2  375s
H 3340  2725                    199032.69198 180918.517  9.10%   383  321s
  5104  4570 180050.548  211   46 199266.594 180050.548  9.64%   106  315s
  5110  4361 184558.114  301   13 199590.021 180918.517  9.35%   191  351s
  3829  3295 179367.372   64  102 284569.079 179367.372  37.0%   346  375s
  6594  6063 180578.842  349   28 302501.681 180578.842  40.3%  90.5  374s
  5579  5048 180311.763  454   54 283079.140 180311.763  36.3%   117  335s
  6655  6124 180578.842  339   27 302501.681 180578.842  40.3%  89.7  375s
  4393  3859 179160.083  111   11 304078.924 179160.083  41.1%  61.6  365s
  3340  2727 180918.517  235   16 199032.692 180918.517  9.10%   383  325s
  5108  4573 180050.548  206   27 199266.594 180050.548  9.64%   106  320s
  5113  4363 180918.517  113   13 199590.021 180918.517  9.35%   190  355s
  5104  4569 180927.317   84   43 198578.297 180927.317  8.89%  78.7  382s
  3923  3389 179367.372  110   34 284569.079 179367.372  37.0%   346  380s
  5710  5179 180311.763  462   36 283079.140 180311.763  36.3%   122  340s
  3464  2851 180918.517  237   16 199032.692 180918.517  9.10%   372  330s
  6898  6367 180578.842  501   29 302501.681 180578.842  40.3%  87.3  380s
  4488  3954 179160.083  123   21 304078.924 179160.083  41.1%  61.5  370s
  5108  4572 180927.317   92   16 198578.297 180927.317  8.89%  78.7  385s
  5116  4365 180918.517  186   11 199590.021 180918.517  9.35%   190  360s
  5111  4575 180050.548  209   47 199266.594 180050.548  9.64%   106  326s
  5765  5234 180311.763  466   34 283079.140 180311.763  36.3%   126  345s
  3974  3440 179367.372   76   51 284569.079 179367.372  37.0%   349  386s
  3609  2996 180918.517  236   14 199032.692 180918.517  9.10%   359  335s
  7112  6581 180578.842  608   27 302501.681 180578.842  40.3%  86.1  385s
  4586  4052 179160.083  122   31 304078.924 179160.083  41.1%  61.3  375s
  5110  4573 180927.317  100   19 198578.297 180927.317  8.89%  78.6  390s
  5114  4577 180050.548  145   14 199266.594 180050.548  9.64%   106  330s
  5120  4368 180918.517  238   34 199590.021 180918.517  9.35%   190  366s
  4017  3483 179367.372   56   62 284569.079 179367.372  37.0%   354  390s
  5885  5354 180311.763  472    9 283079.140 180311.763  36.3%   131  350s
  7335  6804 180578.842  679   26 302501.681 180578.842  40.3%  84.7  390s
  3761  3148 180918.517  244   14 199032.692 180918.517  9.10%   348  340s
  4684  4150 179160.083  106   15 304078.924 179160.083  41.1%  61.0  380s
  5113  4575 180927.317   71   18 198578.297 180927.317  8.89%  78.6  395s
  5123  4370 180918.517  213   12 199590.021 180918.517  9.35%   190  370s
  5117  4579 180050.548  195   42 199266.594 180050.548  9.64%   106  335s
  4073  3539 179367.372   73   18 284569.079 179367.372  37.0%   356  395s
  3892  3279 180918.517  257   19 199032.692 180918.517  9.10%   339  345s
  7580  7049 180578.842  448   31 302501.681 180578.842  40.3%  82.8  395s
  4785  4251 179160.083   93   11 304078.924 179160.083  41.1%  60.2  385s
  5988  5457 180311.763  482   43 283079.140 180311.763  36.3%   136  355s
  5156  4394 180918.517   30   15 199590.021 180918.517  9.35%   199  375s
  5117  4578 180927.317  124   38 198578.297 180927.317  8.89%  78.5  401s
  4154  3620 179367.372   48   35 284569.079 179367.372  37.0%   356  400s
  5121  4582 180050.548  215   66 199266.594 180050.548  9.64%   106  341s
  6089  5558 180311.763  483   25 283079.140 180311.763  36.3%   141  360s
H 5203  4203                    199563.51226 180918.517  9.34%   202  378s
  4027  3414 180918.517  278   21 199032.692 180918.517  9.10%   331  350s
  7816  7285 180578.842  566   35 302501.681 180578.842  40.3%  81.3  400s
  4888  4354 179160.083   91   11 304078.924 179160.083  41.1%  59.5  390s
  5120  4580 180927.317   69   26 198578.297 180927.317  8.89%  78.5  405s
  5224  4219 180918.517   52   29 199563.512 180918.517  9.34%   203  380s
  5123  4583 180050.548  199   14 199266.594 180050.548  9.64%   106  345s
  4202  3668 179367.372   54   50 284569.079 179367.372  37.0%   354  405s
H 5255  4030                    199562.86793 180918.517  9.34%   204  382s
H 5260  3701                    180918.51672 180918.517  0.00%   205  383s

Cutting planes:
  Gomory: 2
  Flow cover: 5

Explored 5261 nodes (1120743 simplex iterations) in 383.17 seconds (549.40 work units)
Thread count was 1 (of 32 available processors)

Solution count 10: 180919 199563 199564 ... 282609

Optimal solution found (tolerance 5.00e-02)
Best objective 1.809185167237e+05, best bound 1.809185167237e+05, gap 0.0000%
  6171  5640 180311.763  469   22 283079.140 180311.763  36.3%   144  365s
  4165  3530 180918.517  298   12 199032.692 180918.517  9.10%   325  355s
  4985  4451 179160.083   98   11 304078.924 179160.083  41.1%  58.9  395s
  5123  4582 180927.317   88   14 198578.297 180927.317  8.89%  78.4  410s
  5163  4612 180050.548   41   17 199266.594 180050.548  9.64%   117  350s
  4289  3755 179367.372   63   19 284569.079 179367.372  37.0%   354  410s
  8013  7482 180578.842  550   31 302501.681 180578.842  40.3%  80.2  408s
  6291  5760 180311.763  477    9 283079.140 180311.763  36.3%   149  370s
  4301  3611 180918.517  298   12 199032.692 180918.517  9.10%   329  360s
  8072  7541 180578.842  694   27 302501.681 180578.842  40.3%  79.9  410s
  5094  4560 179160.083   97   13 304078.924 179160.083  41.1%  58.3  400s
  5191  4629 180927.317   29   27 198578.297 180927.317  8.89%  87.5  415s
  5230  4656 180050.548   60   22 199266.594 180050.548  9.64%   117  355s
  4422  3888 179367.372   74    8 284569.079 179367.372  37.0%   349  415s
  6379  5848 180311.763  467   36 283079.140 180311.763  36.3%   154  375s
  4415  3692 187648.213  307   94 199032.692 180918.517  9.10%   336  365s
  8310  7779 180578.842  813   26 302501.681 180578.842  40.3%  78.3  415s
  5152  4618 179160.083   88   11 304078.924 179160.083  41.1%  58.1  405s
  5254  4671 180927.317   38   31 198578.297 180927.317  8.89%  86.7  420s
  5306  4707 180050.548   66   22 199266.594 180050.548  9.64%   116  360s
H 6479  5946                    283008.97870 180311.763  36.3%   157  379s
  6500  5969 180311.763  463   10 283008.979 180311.763  36.3%   158  380s
  4538  3768 187617.249  305   84 199032.692 180918.517  9.10%   347  370s
  8582  8051 180578.842  284   24 302501.681 180578.842  40.3%  77.0  420s
  4452  3918 179486.023   75   41 284569.079 179367.372  37.0%   352  422s
  5261  4727 179160.083   99   11 304078.924 179160.083  41.1%  57.6  410s
  5330  4722 180927.317   76   29 198578.297 180927.317  8.89%  85.7  425s
  5378  4755 180050.548   61   29 199266.594 180050.548  9.64%   115  365s
H 6505  5972                    282757.60648 180311.763  36.2%   158  382s
  4505  3971 179367.372   62    9 284569.079 179367.372  37.0%   356  425s
  6531  6000 180311.763  468   61 282757.606 180311.763  36.2%   160  385s
  4675  3846 187420.084  314   83 199032.692 180918.517  9.10%   360  375s
  8856  8325 180578.842  364   25 302501.681 180578.842  40.3%  75.5  425s
  5373  4839 179160.083  112   13 304078.924 179160.083  41.1%  57.1  415s
  5403  4771 180927.317   45   29 198578.297 180927.317  8.89%  84.7  430s
  5436  4794 180050.548   90   27 199266.594 180050.548  9.64%   113  370s
  4637  4103 179367.372   84   27 284569.079 179367.372  37.0%   349  430s
  6652  6121 180311.763  475   12 282757.606 180311.763  36.2%   164  390s
  4792  3909 187424.292  312   98 199032.692 180918.517  9.10%   371  380s
  9118  8587 180578.842  495   25 302501.681 180578.842  40.3%  74.0  430s
  5480  4946 179160.083  124   12 304078.924 179160.083  41.1%  57.2  420s
  5476  4819 180927.317   86   33 198578.297 180927.317  8.89%  83.8  435s
H 5488  4596                    181994.11531 180050.548  1.07%   112  374s

Cutting planes:
  Gomory: 4
  Lift-and-project: 2
  RLT: 1

Explored 5489 nodes (646390 simplex iterations) in 374.51 seconds (571.05 work units)
Thread count was 1 (of 32 available processors)

Solution count 10: 181994 199267 262324 ... 283145

Optimal solution found (tolerance 5.00e-02)
Best objective 1.819941153100e+05, best bound 1.800505478328e+05, gap 1.0679%
  4775  4241 179367.372   90   30 284569.079 179367.372  37.0%   341  435s
  6788  6257 180311.763  467   31 282757.606 180311.763  36.2%   169  395s
  9274  8743 180578.842  302   23 302501.681 180578.842  40.3%  73.1  435s
  5586  5052 179160.083  130   12 304078.924 179160.083  41.1%  57.1  425s
  4869  3954 187412.718  314   80 199032.692 180918.517  9.10%   377  385s
  5547  4867 180927.317  117   34 198578.297 180927.317  8.89%  83.2  440s
  4910  4376 179367.372   78   32 284569.079 179367.372  37.0%   335  440s
  6906  6375 180311.763  474   35 282757.606 180311.763  36.2%   172  400s
  4992  4019 180918.517  320   12 199032.692 180918.517  9.10%   388  390s
  9532  9001 180578.842  431   22 302501.681 180578.842  40.3%  71.5  440s
  5694  5160 179160.083  133   11 304078.924 179160.083  41.1%  57.5  430s
  5624  4918 180927.317   28   33 198578.297 180927.317  8.89%  82.3  445s
  5017  4483 179367.372   68   41 284569.079 179367.372  37.0%   338  445s
  7020  6489 180311.763  468   62 282757.606 180311.763  36.2%   177  405s
  5129  4096 187609.976  324   83 199032.692 180918.517  9.10%   399  395s
  9776  9245 180578.842  553   28 302501.681 180578.842  40.3%  70.8  445s
  5798  5264 179160.083  130   12 304078.924 179160.083  41.1%  58.3  435s
  5699  4968 180927.317   49   12 198578.297 180927.317  8.89%  82.4  450s
  5112  4578 179367.372   66   62 284569.079 179367.372  37.0%   344  450s
  7121  6590 180311.763  477   76 282757.606 180311.763  36.2%   181  410s
  5281  4202 180918.517  301   11 199032.692 180918.517  9.10%   402  400s
  5901  5367 179160.083  129   13 304078.924 179160.083  41.1%  58.5  440s
  5788  5027 180927.317   64   12 198578.297 180927.317  8.89%  82.1  455s
  9934  9403 180578.842  632   28 302501.681 180578.842  40.3%  70.1  451s
  5145  4611 179367.387   67   53 284569.079 179367.372  37.0%   350  455s
H 5153  4617                    284530.88690 179367.372  37.0%   351  455s
  7217  6686 180311.763  468   40 282757.606 180311.763  36.2%   183  415s
 10118  9587 180578.842  724   25 302501.681 180578.842  40.3%  69.3  455s
  5994  5460 179160.083  121   18 304078.924 179160.083  41.1%  58.6  445s
  5879  5088 180927.317  110   19 198578.297 180927.317  8.89%  81.5  460s
  5195  4661 179367.372   73   13 284530.887 179367.372  37.0%   359  461s
 10382  9851 180578.842  298   23 302501.681 180578.842  40.3%  68.3  460s
  6097  5563 179160.083  127   16 304078.924 179160.083  41.1%  58.7  450s
  5961  5143 180927.317  151   21 198578.297 180927.317  8.89%  80.5  465s
  7306  6775 180311.763  477   21 282757.606 180311.763  36.2%   186  421s
  5247  4713 179367.372   76   31 284530.887 179367.372  37.0%   366  465s
  5366  4274 187686.429  310   89 199032.692 180918.517  9.10%   402  413s
  7391  6860 180311.763  457   22 282757.606 180311.763  36.2%   188  425s
  5408  4302 187709.657  314   88 199032.692 180918.517  9.10%   403  415s
 10673 10142 180578.842  698   20 302501.681 180578.842  40.3%  67.0  465s
  6174  5640 179160.083  136   13 304078.924 179160.083  41.1%  58.7  455s
  6038  5194 180927.317  234   29 198578.297 180927.317  8.89%  79.6  470s
H 5462  4336                    199032.69111 180918.517  9.10%   404  416s
H 5303  4767                    284522.33122 179367.372  37.0%   373  469s
  5303  4769 179367.372   75   29 284522.331 179367.372  37.0%   373  470s
H 5497  3597                    180918.51758 180918.517  0.00%   405  418s

Cutting planes:
  Gomory: 6
  Lift-and-project: 4
  MIR: 4
  Flow cover: 14

Explored 5498 nodes (2252246 simplex iterations) in 418.21 seconds (688.99 work units)
Thread count was 1 (of 32 available processors)

Solution count 10: 180919 199033 199033 ... 201209

Optimal solution found (tolerance 5.00e-02)
Best objective 1.809185175768e+05, best bound 1.809185168038e+05, gap 0.0000%
  7526  6995 180311.763  468   38 282757.606 180311.763  36.2%   192  430s
 10928 10397 180578.842  571   23 302501.681 180578.842  40.3%  66.3  470s
  6275  5741 179160.083  129   11 304078.924 179160.083  41.1%  58.8  460s
  6161  5276 180927.317  167   35 198578.297 180927.317  8.89%  78.4  475s
  7665  7134 180311.763  465   18 282757.606 180311.763  36.2%   197  435s
 10936 10405 180578.842  575   21 302501.681 180578.842  40.3%  66.3  475s
  5377  4843 179367.372   67   26 284522.331 179367.372  37.0%   378  477s
  6382  5848 179160.083  130   11 304078.924 179160.083  41.1%  59.2  465s
  6280  5355 180927.317  269   19 198578.297 180927.317  8.89%  77.6  480s
  5430  4896 179367.372   59   29 284522.331 179367.372  37.0%   381  480s
  7764  7233 180311.763  482   10 282757.606 180311.763  36.2%   199  440s
 11138 10607 180578.842  676   26 302501.681 180578.842  40.3%  66.0  480s
  6493  5959 179160.083  129   11 304078.924 179160.083  41.1%  59.3  470s
  6400  5435 180927.317   31   34 198578.297 180927.317  8.89%  76.6  485s
  5519  4985 179367.372   62   32 284522.331 179367.372  37.0%   380  485s
 11353 10822 180578.842 1038   16 302501.681 180578.842  40.3%  65.7  485s
  6601  6067 179160.083  123   11 304078.924 179160.083  41.1%  59.5  475s
  6500  5502 180927.317   58   29 198578.297 180927.317  8.89%  75.6  490s
  7895  7364 180311.763  471   25 282757.606 180311.763  36.2%   203  446s
  5660  5126 179367.372   67   17 284522.331 179367.372  37.0%   373  490s
  7949  7418 180311.763  477   33 282757.606 180311.763  36.2%   204  450s
 11554 11023 180578.842  492   28 302501.681 180578.842  40.3%  65.0  490s
  6706  6172 179160.083  135   14 304078.924 179160.083  41.1%  59.5  480s
  6636  5593 180927.317  126   33 198578.297 180927.317  8.89%  74.4  495s
  5778  5244 179367.372   69   18 284522.331 179367.372  37.0%   370  495s
  8085  7554 180311.763  487   58 282757.606 180311.763  36.2%   208  455s
 11791 11260 180578.842 1257   35 302501.681 180578.842  40.3%  64.4  495s
  6794  6260 179160.083  120   11 304078.924 179160.083  41.1%  59.6  485s
  6771  5683 180927.317  466   13 198578.297 180927.317  8.89%  73.4  500s
  5849  5315 179367.372   79   21 284522.331 179367.372  37.0%   369  500s
  8175  7644 180311.763  494   57 282757.606 180311.763  36.2%   210  460s
 12007 11476 180578.842 1365   33 302501.681 180578.842  40.3%  64.0  500s
  6899  6365 179160.083  120   43 304078.924 179160.083  41.1%  59.6  490s
  6921  5783 180927.317  478   11 198578.297 180927.317  8.89%  72.6  505s
  5963  5429 179367.372   79   21 284522.331 179367.372  37.0%   368  505s
 12223 11692 180578.842 1473   26 302501.681 180578.842  40.3%  63.7  505s
  7007  6473 179160.083  130   11 304078.924 179160.083  41.1%  59.7  495s
  7029  5855 180927.317  495    9 198578.297 180927.317  8.89%  71.9  510s
  8232  7701 180311.763  497   34 282757.606 180311.763  36.2%   212  467s
  6066  5532 179367.372   60   28 284522.331 179367.372  37.0%   367  511s
  8317  7786 180311.763  464   32 282757.606 180311.763  36.2%   213  470s
 12259 11728 180578.842 1491   24 302501.681 180578.842  40.3%  63.7  510s
  7113  6579 179160.083  127   33 304078.924 179160.083  41.1%  60.6  500s
  7163  5944 180927.317  522    9 198578.297 180927.317  8.89%  71.4  515s
  6143  5609 179367.372   70   36 284522.331 179367.372  37.0%   367  515s
  8470  7939 180311.763  473    9 282757.606 180311.763  36.2%   216  475s
 12467 11936 180578.842  326   29 302501.681 180578.842  40.3%  63.4  515s
  7223  6689 179160.083  117   34 304078.924 179160.083  41.1%  60.9  505s
  7302  6037 180927.317  534   13 198578.297 180927.317  8.89%  70.9  520s
  6250  5716 179369.711   58   60 284522.331 179367.372  37.0%   369  520s
H 7368  5849                    198001.78279 180927.317  8.62%  70.7  522s
  8601  8070 180311.763  483   62 282757.606 180311.763  36.2%   220  480s
 12713 12182 180578.842  449   31 302501.681 180578.842  40.3%  63.1  520s
  7436  5893 180927.317  556    9 198001.783 180927.317  8.62%  71.0  525s
  7306  6772 179160.083  114   11 304078.924 179160.083  41.1%  60.7  511s
  6299  5765 179389.941   54  180 284522.331 179367.372  37.0%   370  525s
  8730  8199 180311.763  483   41 282757.606 180311.763  36.2%   223  485s
 13003 12472 193514.288  594  203 302501.681 180578.842  40.3%  62.6  525s
  7398  6864 179160.083  125   11 304078.924 179160.083  41.1%  60.6  515s
  7569  5976 180927.317  560   17 198001.783 180927.317  8.62%  71.5  530s
  6402  5868 179367.372   61   31 284522.331 179367.372  37.0%   370  530s
  8958  8427 180311.763  413   10 282757.606 180311.763  36.2%   220  490s
 13266 12735 180578.842 1348   28 302501.681 180578.842  40.3%  62.1  530s
  7516  6982 179160.083  120   11 304078.924 179160.083  41.1%  60.4  520s
  7613  6002 180927.317  564   17 198001.783 180927.317  8.62%  71.6  536s
  6530  5996 179367.372  111   19 284522.331 179367.372  37.0%   366  535s
  9254  8723 180311.763  421   10 282757.606 180311.763  36.2%   215  495s
 13460 12929 180578.842 1445   20 302501.681 180578.842  40.3%  61.6  535s
  7633  7099 179160.083  111   11 304078.924 179160.083  41.1%  60.4  525s
  7696  6056 180927.317  577    9 198001.783 180927.317  8.62%  72.4  540s
  6596  6062 179367.372   81   37 284522.331 179367.372  37.0%   365  540s
  9497  8966 180311.763  443   10 282757.606 180311.763  36.2%   211  500s
 13709 13178 180578.842  575   16 302501.681 180578.842  40.3%  61.2  540s
  7747  7213 179160.083  151   17 304078.924 179160.083  41.1%  60.2  530s
  7836  6143 180927.317  566    9 198001.783 180927.317  8.62%  73.4  545s
H 9498  8965                    281732.23971 180311.763  36.0%   211  501s
  6716  6182 179367.372   52   36 284522.331 179367.372  37.0%   364  545s
  9607  9076 180311.763  447   18 281732.240 180311.763  36.0%   211  505s
  7869  7335 179160.083  131   13 304078.924 179160.083  41.1%  60.0  535s
  7974  6227 180927.317  561    8 198001.783 180927.317  8.62%  74.1  550s
H13967 13434                    302377.16946 180578.842  40.3%  60.7  547s
  6854  6320 179367.372  110   40 284522.331 179367.372  37.0%   361  550s
H13967 13434                    302246.76609 180578.842  40.3%  60.7  548s
  7982  7448 179160.083  125   11 304078.924 179160.083  41.1%  59.8  540s
  8113  6313 180927.317  563   15 198001.783 180927.317  8.62%  75.6  555s
  9770  9239 180311.763  464   34 281732.240 180311.763  36.0%   212  511s
 13967 13436 180578.842  378   22 302246.766 180578.842  40.3%  60.7  553s
  9891  9360 180311.763  473   40 281732.240 180311.763  36.0%   214  515s
 14060 13529 180578.842  322   23 302246.766 180578.842  40.3%  60.7  555s
  8097  7563 179160.083  124   16 304078.924 179160.083  41.1%  59.8  545s
  8249  6401 180935.726  558   25 198001.783 180927.317  8.62%  76.5  560s
  6934  6400 179367.372  111   31 284522.331 179367.372  37.0%   361  557s
  6983  6449 179367.372   54   28 284522.331 179367.372  37.0%   361  560s
H 9961  9428                    281730.29328 180311.763  36.0%   215  518s
H 9961  9428                    280426.82009 180311.763  35.7%   215  519s
  9974  9443 180311.763  479   39 280426.820 180311.763  35.7%   216  520s
 14333 13802 180578.842  462   24 302246.766 180578.842  40.3%  59.8  560s
  8204  7670 179160.083  178   11 304078.924 179160.083  41.1%  59.6  550s
  8379  6484 180929.939  555   38 198001.783 180927.317  8.62%  78.0  565s
  7082  6548 179367.372   97   47 284522.331 179367.372  37.0%   364  565s
 10112  9581 180311.763  473   47 280426.820 180311.763  35.7%   218  525s
 14619 14088 180578.842  605   22 302246.766 180578.842  40.3%  59.3  565s
  8318  7784 179160.083  190   12 304078.924 179160.083  41.1%  59.6  555s
  8525  6567 180927.317  559    9 198001.783 180927.317  8.62%  78.4  570s
H 8526  6348                    182782.02185 180927.317  1.01%  78.4  570s

Cutting planes:
  Gomory: 8
  Lift-and-project: 2

Explored 8527 nodes (703097 simplex iterations) in 570.36 seconds (983.40 work units)
Thread count was 1 (of 32 available processors)

Solution count 10: 182782 198002 198578 ... 280789

Optimal solution found (tolerance 5.00e-02)
Best objective 1.827820218508e+05, best bound 1.809273171760e+05, gap 1.0147%
  7191  6657 179367.372   63   13 284522.331 179367.372  37.0%   364  570s
 10254  9723 180311.763  471   55 280426.820 180311.763  35.7%   220  530s
 14864 14333 180578.842  724   28 302246.766 180578.842  40.3%  59.0  570s
  8439  7905 179160.083  210   12 304078.924 179160.083  41.1%  59.3  560s
  7287  6753 179407.924   90   87 284522.331 179367.372  37.0%   368  575s
H10348  9815                    199592.12215 180311.763  9.66%   221  534s
H10361  9828                    199541.03665 180311.763  9.64%   221  534s
 10376  9845 180311.763  480   60 199541.037 180311.763  9.64%   221  535s
 15123 14592 180578.842  857   37 302246.766 180578.842  40.3%  58.4  575s
  8559  8025 179160.083  123   13 304078.924 179160.083  41.1%  59.1  565s
  7316  6782 179367.372   83   63 284522.331 179367.372  37.0%   370  580s
 10547 10016 180311.763  492   39 199541.037 180311.763  9.64%   222  540s
 15406 14875 180578.842  490   20 302246.766 180578.842  40.3%  57.8  580s
  8632  8098 179160.083  112   13 304078.924 179160.083  41.1%  58.9  570s
  7440  6906 179367.372   86   49 284522.331 179367.372  37.0%   370  585s
 10685 10154 180311.763  499   10 199541.037 180311.763  9.64%   224  545s
 15674 15143 180578.842  624   34 302246.766 180578.842  40.3%  57.5  585s
  8744  8210 179160.083  122   21 304078.924 179160.083  41.1%  58.9  575s
  7551  7017 179374.769   62   73 284522.331 179367.372  37.0%   371  590s
 15934 15403 180578.842  754   26 302246.766 180578.842  40.3%  57.3  590s
  8857  8323 179160.083   96   11 304078.924 179160.083  41.1%  58.6  580s
 10821 10290 180311.763  503   10 199541.037 180311.763  9.64%   225  551s
  7635  7101 179367.372   95   25 284522.331 179367.372  37.0%   373  595s
 10936 10405 180311.763  505   16 199541.037 180311.763  9.64%   227  555s
 16166 15635 180578.842  870   31 302246.766 180578.842  40.3%  57.2  595s
  8982  8448 179160.083   92   13 304078.924 179160.083  41.1%  58.1  585s
  7712  7178 179367.377   78   67 284522.331 179367.372  37.0%   374  600s
H11012 10479                    199400.71383 180311.763  9.57%   229  558s
H11012 10479                    199330.55243 180311.763  9.54%   229  559s
 16424 15893 180578.842  979   18 302246.766 180578.842  40.3%  56.9  600s
  9107  8573 179160.083   97   11 304078.924 179160.083  41.1%  57.8  590s
 11012 10481 180311.763  491   48 199330.552 180311.763  9.54%   229  561s
  7843  7309 179370.950   94   68 284522.331 179367.372  37.0%   373  605s
 11152 10621 180311.763  496   10 199330.552 180311.763  9.54%   230  565s
 16733 16202 180578.842  291   27 302246.766 180578.842  40.3%  56.4  605s
  9231  8697 179160.083   97   11 304078.924 179160.083  41.1%  57.5  595s
H 7845  7309                    283386.08354 179367.372  36.7%   374  607s
  7878  7344 179554.370   97   52 283386.084 179367.372  36.7%   374  610s
 11359 10828 180311.763  498   36 199330.552 180311.763  9.54%   229  570s
 17024 16493 180578.842  360   28 302246.766 180578.842  40.3%  56.1  610s
  9356  8822 179160.083  105   13 304078.924 179160.083  41.1%  57.1  600s
  7995  7461 179367.372  109   34 283386.084 179367.372  36.7%   373  615s
 11548 11017 180311.763  498   32 199330.552 180311.763  9.54%   230  575s
 17266 16735 180578.842  481   41 302246.766 180578.842  40.3%  56.0  615s
  9481  8947 179160.083   93   11 304078.924 179160.083  41.1%  56.7  605s
  8127  7593 179367.372  130   17 283386.084 179367.372  36.7%   371  620s
 11714 11183 180311.763  498   10 199330.552 180311.763  9.54%   230  580s
  9607  9073 179160.083  115   12 304078.924 179160.083  41.1%  56.5  610s
 17463 16932 180578.842  580   28 302246.766 180578.842  40.3%  55.8  622s
  8251  7717 179367.429  126   59 283386.084 179367.372  36.7%   373  625s
 11856 11325 180311.763  507    9 199330.552 180311.763  9.54%   232  585s
 17598 17067 180578.842  647   43 302246.766 180578.842  40.3%  55.6  625s
  9722  9188 179160.083  100   11 304078.924 179160.083  41.1%  56.4  615s
  8304  7770 179367.372  129   25 283386.084 179367.372  36.7%   372  630s
 11970 11439 180311.763  507   51 199330.552 180311.763  9.54%   234  590s
 17837 17306 180578.842  767   29 302246.766 180578.842  40.3%  55.5  630s
  9839  9305 179160.083  117   13 304078.924 179160.083  41.1%  56.2  620s
  8414  7880 179367.372  128   29 283386.084 179367.372  36.7%   374  635s
 18080 17549 180578.842  888   29 302246.766 180578.842  40.3%  55.3  635s
  9906  9372 179160.083  110   15 304078.924 179160.083  41.1%  56.2  625s
 12101 11570 180311.763  504    9 199330.552 180311.763  9.54%   236  598s
  8555  8021 179367.408  143   38 283386.084 179367.372  36.7%   371  640s
 12159 11628 180311.763  510   44 199330.552 180311.763  9.54%   237  600s
H 8609  8073                    180651.48985 179367.372  0.71%   370  642s

Cutting planes:
  Gomory: 10
  Lift-and-project: 3
  Implied bound: 4
  MIR: 2
  Flow cover: 54
  RLT: 11
  Relax-and-lift: 6

Explored 8610 nodes (3226898 simplex iterations) in 642.08 seconds (1140.56 work units)
Thread count was 1 (of 32 available processors)

Solution count 10: 180651 283386 284522 ... 284581

Optimal solution found (tolerance 5.00e-02)
Best objective 1.806514898532e+05, best bound 1.793673717094e+05, gap 0.7108%
 18346 17815 180578.842  341   35 302246.766 180578.842  40.3%  55.2  640s
 10015  9481 179160.083  117   11 304078.924 179160.083  41.1%  56.2  630s
 12330 11799 180311.763  493   45 199330.552 180311.763  9.54%   239  605s
H18523 17990                    284669.26574 180578.842  36.6%  54.7  645s
 10129  9595 179160.083  116   11 304078.924 179160.083  41.1%  56.7  635s
H18523 17990                    284643.47857 180578.842  36.6%  54.7  646s
H18612 18079                    284601.29178 180578.842  36.6%  54.6  647s
 12521 11990 180311.763  494   10 199330.552 180311.763  9.54%   240  610s
 18731 18200 180578.842  670   29 284601.292 180578.842  36.6%  54.5  650s
 10242  9708 179160.083  100   11 304078.924 179160.083  41.1%  57.2  640s
 12710 12179 180311.763  498   29 199330.552 180311.763  9.54%   241  615s
 19014 18483 180578.842  328   18 284601.292 180578.842  36.6%  54.4  655s
 10364  9830 179160.083  109   11 304078.924 179160.083  41.1%  57.1  645s
 12777 12246 180311.763  502   29 199330.552 180311.763  9.54%   241  620s
 19319 18788 180578.842  367   30 284601.292 180578.842  36.6%  53.9  660s
 10478  9944 179160.083  120   12 304078.924 179160.083  41.1%  57.0  650s
 12956 12425 180311.763  500   12 199330.552 180311.763  9.54%   241  625s
 19619 19088 180578.842  517   30 284601.292 180578.842  36.6%  53.6  665s
 10598 10064 179160.083  123   12 304078.924 179160.083  41.1%  56.9  655s
 13143 12612 180311.763  499   53 199330.552 180311.763  9.54%   242  630s
 19656 19125 180578.842  372   34 284601.292 180578.842  36.6%  53.6  670s
 10690 10156 179160.083  125   11 304078.924 179160.083  41.1%  56.9  660s
 19931 19400 180578.842  673   36 284601.292 180578.842  36.6%  53.4  675s
H13316 12783                    199260.39102 180311.763  9.51%   242  635s
 10822 10288 179160.083  127   12 304078.924 179160.083  41.1%  56.8  665s
 13461 12930 180311.763  491   44 199260.391 180311.763  9.51%   243  640s
 20247 19716 180578.842  319   31 284601.292 180578.842  36.6%  52.7  680s
 10940 10406 179160.083  121   11 304078.924 179160.083  41.1%  56.7  670s
 13656 13125 180311.763  504    9 199260.391 180311.763  9.51%   243  645s
 20436 19905 180578.842  593   18 284601.292 180578.842  36.6%  55.2  685s
 11066 10532 179160.083  124   12 304078.924 179160.083  41.1%  56.6  675s
 13803 13272 180311.763  506    9 199260.391 180311.763  9.51%   243  650s
 20678 20147 180578.842  713   31 284601.292 180578.842  36.6%  55.7  690s
 11188 10654 179160.083  123   11 304078.924 179160.083  41.1%  56.4  680s
 14006 13475 180311.763  508   27 199260.391 180311.763  9.51%   242  655s
 20938 20407 180578.842  843   24 284601.292 180578.842  36.6%  55.5  695s
 11309 10775 179160.083  121   11 304078.924 179160.083  41.1%  56.3  685s
 14162 13631 180311.763  508   10 199260.391 180311.763  9.51%   242  660s
H21060 20527                    284532.79724 180578.842  36.5%  55.5  699s
 11413 10879 179160.083  108   11 304078.924 179160.083  41.1%  56.2  690s
H21060 20527                    283301.68126 180578.842  36.3%  55.5  703s
 14364 13833 180311.763  500   47 199260.391 180311.763  9.51%   243  665s
 11539 11005 179160.083  117   11 304078.924 179160.083  41.1%  56.1  695s
 21060 20529 180578.842  904   30 283301.681 180578.842  36.3%  55.5  706s
 21249 20718 180578.842  422   27 283301.681 180578.842  36.3%  55.4  710s
 11662 11128 179160.083  107   11 304078.924 179160.083  41.1%  56.0  700s
 14480 13949 180311.763  506   12 199260.391 180311.763  9.51%   243  672s
 14596 14065 180311.763  504   43 199260.391 180311.763  9.51%   243  675s
 21525 20994 180578.842  560   20 283301.681 180578.842  36.3%  55.1  715s
 11787 11253 179160.083  111   15 304078.924 179160.083  41.1%  56.0  705s
 14799 14268 180311.763  509   23 199260.391 180311.763  9.51%   243  680s
 21826 21295 180578.842  674   12 283301.681 180578.842  36.3%  54.9  720s
 11895 11361 179160.083  117   16 304078.924 179160.083  41.1%  55.9  710s
 14987 14456 180311.763  499   39 199260.391 180311.763  9.51%   244  685s
 22079 21548 180578.842  695   12 283301.681 180578.842  36.3%  55.8  725s
 12002 11468 179160.083  117   14 304078.924 179160.083  41.1%  55.9  716s
 15190 14659 180311.763  503   22 199260.391 180311.763  9.51%   244  690s
 22236 21705 180578.842  708   16 283301.681 180578.842  36.3%  59.2  730s
 12077 11543 179160.083   96   11 304078.924 179160.083  41.1%  55.9  720s
 22343 21812 180578.842  707   14 283301.681 180578.842  36.3%  63.5  735s
 12202 11668 179160.083  108   11 304078.924 179160.083  41.1%  55.7  725s
 15304 14772 180311.763  498   19 199260.391 180311.763  9.51%   244  697s
 15309 14775 180311.763  439   18 199260.391 180311.763  9.51%   243  700s
 22455 21924 190464.256  700  181 283301.681 180578.842  36.3%  67.3  740s
 12325 11791 179160.083  119   19 304078.924 179160.083  41.1%  55.7  730s
 22585 22054 190464.256  706  173 283301.681 180578.842  36.3%  71.1  745s
 12447 11913 179160.083  125   13 304078.924 179160.083  41.1%  55.6  735s
 15314 14779 180311.763  509   40 199260.391 180311.763  9.51%   243  706s
 15317 14781 180311.763  464   19 199260.391 180311.763  9.51%   243  710s
 22698 22167 180578.842  706   12 283301.681 180578.842  36.3%  75.4  750s
 12561 12027 179160.083  125   11 304078.924 179160.083  41.1%  56.6  740s
 12684 12150 179160.083  117   11 304078.924 179160.083  41.1%  57.3  745s
 22730 22199 190464.256  709  172 283301.681 180578.842  36.3%  76.7  755s
 15322 14784 180311.763  478   20 199260.391 180311.763  9.51%   243  716s
 22812 22281 190464.256  703  182 283301.681 180578.842  36.3%  80.4  760s
 12798 12264 179160.083  121   15 304078.924 179160.083  41.1%  57.3  750s
 15326 14787 180311.763  497   12 199260.391 180311.763  9.51%   243  721s
 15424 14854 180311.763   45   30 199260.391 180311.763  9.51%   245  725s
 22918 22387 190391.871  689  155 283301.681 180578.842  36.3%  84.2  765s
 12918 12384 179160.083  116   11 304078.924 179160.083  41.1%  57.3  755s
 15566 14949 180311.763   59   11 199260.391 180311.763  9.51%   244  730s
 23082 22551 190391.297  693  205 283301.681 180578.842  36.3%  86.5  770s
 13043 12509 179160.083  118   19 304078.924 179160.083  41.1%  57.2  760s
 15691 15032 180311.763   54    9 199260.391 180311.763  9.51%   242  735s
 23138 22607 180578.842  697   12 283301.681 180578.842  36.3%  87.4  775s
 13168 12634 179160.083  113   11 304078.924 179160.083  41.1%  57.1  765s
 15787 15096 180311.763   65   24 199260.391 180311.763  9.51%   241  740s
 23233 22702 190290.747  704  174 283301.681 180578.842  36.3%  91.3  780s
 13288 12754 179160.083  121   13 304078.924 179160.083  41.1%  57.0  770s
 15867 15149 180311.763   54    9 199260.391 180311.763  9.51%   240  745s
 23338 22807 190240.984  691  170 283301.681 180578.842  36.3%  95.1  785s
 13393 12859 179160.083  125   11 304078.924 179160.083  41.1%  57.0  775s
 15976 15222 180311.763   52   38 199260.391 180311.763  9.51%   239  750s
 23460 22929 180578.842  688   12 283301.681 180578.842  36.3%  97.9  790s
 13516 12982 179160.083  125   11 304078.924 179160.083  41.1%  56.9  780s
 16079 15291 180311.763   59   24 199260.391 180311.763  9.51%   238  755s
 23578 23047 180578.842  685   12 283301.681 180578.842  36.3%   100  795s
 13634 13100 179160.083  115   11 304078.924 179160.083  41.1%  56.8  785s
 16262 15413 180311.763  100    9 199260.391 180311.763  9.51%   236  760s
 23658 23127 190240.984  692  184 283301.681 180578.842  36.3%   102  801s
 16442 15533 180311.763  100   38 199260.391 180311.763  9.51%   234  765s
 13755 13221 179160.083  125   11 304078.924 179160.083  41.1%  56.7  794s
 23769 23238 180578.842  685   13 283301.681 180578.842  36.3%   103  805s
 13766 13232 179160.083  126   11 304078.924 179160.083  41.1%  56.7  795s
 16611 15645 180311.763  108   38 199260.391 180311.763  9.51%   233  770s
 23951 23420 190383.604  696  176 283301.681 180578.842  36.3%   106  810s
 13879 13345 179160.083  119   11 304078.924 179160.083  41.1%  56.6  800s
 16776 15755 180311.763  116   80 199260.391 180311.763  9.51%   232  775s
 24105 23574 190355.354  697  207 283301.681 180578.842  36.3%   108  815s
 14002 13468 179160.083  122   11 304078.924 179160.083  41.1%  56.5  805s
 16888 15830 180311.763  102    9 199260.391 180311.763  9.51%   231  780s
 14120 13586 179160.083  124   15 304078.924 179160.083  41.1%  56.4  810s
 24137 23606 190418.039  694  181 283301.681 180578.842  36.3%   109  820s
 17084 15961 180311.763  103    9 199260.391 180311.763  9.51%   230  785s
 24238 23707 190247.675  682  200 283301.681 180578.842  36.3%   112  825s
 14240 13706 179160.083  130   15 304078.924 179160.083  41.1%  56.4  815s
 17293 16100 180311.763  105    9 199260.391 180311.763  9.51%   228  790s
 24415 23884 190383.604  700  202 283301.681 180578.842  36.3%   114  830s
 14363 13829 179160.083  124   11 304078.924 179160.083  41.1%  56.3  820s
 17487 16229 180311.763  108   38 199260.391 180311.763  9.51%   227  795s
 24538 24007 190383.604  710  189 283301.681 180578.842  36.3%   118  835s
 14484 13950 179160.083  128   15 304078.924 179160.083  41.1%  56.2  825s
 17659 16344 180311.763  118    9 199260.391 180311.763  9.51%   226  800s
 24659 24128 180578.842  707   12 283301.681 180578.842  36.3%   121  840s
 14607 14073 179160.083  117   15 304078.924 179160.083  41.1%  56.1  830s
 17824 16454 180311.763  110   25 199260.391 180311.763  9.51%   225  805s
 24753 24222 180578.842  712   14 283301.681 180578.842  36.3%   124  845s
 14736 14202 179160.083  110   13 304078.924 179160.083  41.1%  56.0  835s
H24773 23592                    199830.66546 180578.842  9.63%   124  846s
H24773 23592                    199779.73855 180578.842  9.61%   124  847s
H24773 23592                    199301.03085 180578.842  9.39%   124  847s
H24773 23590                    199177.02036 180578.842  9.34%   124  848s
 17986 16562 180311.763   87    9 199260.391 180311.763  9.51%   224  810s
H24773 23582                    198264.08797 180578.842  8.92%   124  849s
 24773 23583 190383.604  715  194 198264.088 180578.842  8.92%   124  850s
 14861 14327 179160.083  122   11 304078.924 179160.083  41.1%  55.9  840s
 25047 23849 180578.842  709   28 198264.088 180578.842  8.92%   123  855s
 18163 16680 180311.763  111    9 199260.391 180311.763  9.51%   223  815s
 14979 14445 179160.083  128   12 304078.924 179160.083  41.1%  55.9  845s
 18357 16809 180311.763  111    9 199260.391 180311.763  9.51%   221  820s
 25288 24090 180578.842  705   12 198264.088 180578.842  8.92%   123  860s
 15105 14571 179160.083  133   11 304078.924 179160.083  41.1%  55.8  850s
 18537 16929 180311.763  131   24 199260.391 180311.763  9.51%   220  825s
 15224 14690 179160.083  120   13 304078.924 179160.083  41.1%  55.8  855s
 25506 24307 180578.842  620   13 198264.088 180578.842  8.92%   122  866s
 15341 14807 179160.083  125   11 304078.924 179160.083  41.1%  55.7  860s
 25512 24311 180578.842 1105   16 198264.088 180578.842  8.92%   122  870s
 18686 17029 180311.763  130   38 199260.391 180311.763  9.51%   219  831s
 18851 17139 180311.763  146   40 199260.391 180311.763  9.51%   218  835s
 25515 24313 180578.842  795   19 198264.088 180578.842  8.92%   122  875s
 15462 14928 179160.083  122   48 304078.924 179160.083  41.1%  55.6  865s
 18996 17235 180311.763  136   21 199260.391 180311.763  9.51%   217  840s
 15585 15051 179160.083  130   13 304078.924 179160.083  41.1%  55.7  870s
 25520 24316 180578.842  731   11 198264.088 180578.842  8.92%   122  880s
 19209 17377 180311.763  138   40 199260.391 180311.763  9.51%   216  845s
 15704 15170 179160.083  130   13 304078.924 179160.083  41.1%  55.8  875s
 25524 24319 180578.842   44   14 198264.088 180578.842  8.92%   122  886s
 25528 24324 180578.842   19   45 198264.088 180578.842  8.92%   123  890s
 19424 17521 180311.763  124   38 199260.391 180311.763  9.51%   214  850s
 15807 15273 179160.083  135   12 304078.924 179160.083  41.1%  56.0  880s
H25567 23131                    198235.55254 180578.842  8.91%   124  893s
 19593 17633 180311.763  110    9 199260.391 180311.763  9.51%   214  855s
 25590 23147 180578.842   32   33 198235.553 180578.842  8.91%   125  895s
 15926 15392 179160.083  126   19 304078.924 179160.083  41.1%  56.0  885s
 25658 23188 180578.842   42   64 198235.553 180578.842  8.91%   127  900s
 19669 17684 180311.763  118    9 199260.391 180311.763  9.51%   214  860s
 16039 15505 179160.083  127   13 304078.924 179160.083  41.1%  56.0  890s
 19843 17800 180311.763  138   26 199260.391 180311.763  9.51%   213  865s
 25719 23229 180578.842   44   63 198235.553 180578.842  8.91%   129  905s
 16157 15623 179160.083  125   11 304078.924 179160.083  41.1%  55.9  895s
 19960 17878 180311.763  122    9 199260.391 180311.763  9.51%   212  870s
 25777 23265 181362.769   53   90 198235.553 180578.842  8.91%   130  910s
 16283 15749 179160.083  121   11 304078.924 179160.083  41.1%  55.9  900s
 20175 18021 180311.763  147   24 199260.391 180311.763  9.51%   211  875s
 16400 15866 179160.083  130   13 304078.924 179160.083  41.1%  55.9  905s
 25839 23305 180578.842   49   56 198235.553 180578.842  8.91%   132  915s
 20401 18172 180311.763  126   24 199260.391 180311.763  9.51%   210  880s
 25901 23345 180578.842   40   43 198235.553 180578.842  8.91%   133  920s
 16515 15981 179160.083  127   11 304078.924 179160.083  41.1%  55.9  910s
 20619 18317 180311.763  117   32 199260.391 180311.763  9.51%   209  885s
 25949 23374 180578.842   49   65 198235.553 180578.842  8.91%   135  925s
 16555 16021 179160.083  121   11 304078.924 179160.083  41.1%  56.1  915s
H16567 16031                    303474.60485 179160.083  41.0%  56.1  919s
 20781 18425 180311.763  148    9 199260.391 180311.763  9.51%   208  890s
H16568 16032                    303290.65799 179160.083  40.9%  56.2  919s
H25995 22215                    180578.84248 180578.842  0.00%   136  930s

Cutting planes:
  Gomory: 11
  Lift-and-project: 1
  MIR: 1
  Flow cover: 9
  RLT: 2
  Relax-and-lift: 2

Explored 25996 nodes (3588648 simplex iterations) in 930.26 seconds (1703.18 work units)
Thread count was 1 (of 32 available processors)

Solution count 10: 180579 198236 198264 ... 284601

Optimal solution found (tolerance 5.00e-02)
Best objective 1.805788424845e+05, best bound 1.805788417331e+05, gap 0.0000%
 16574 16040 179160.083  121   11 303290.658 179160.083  40.9%  56.2  920s
H16582 16046                    302881.07773 179160.083  40.8%  56.2  922s
 20944 18534 180311.763  126   24 199260.391 180311.763  9.51%   207  895s
H16599 16063                    302868.73091 179160.083  40.8%  56.3  925s
 21186 18695 180311.763  130   24 199260.391 180311.763  9.51%   206  900s
 16616 16082 179160.083  124   11 302868.731 179160.083  40.8%  56.4  930s
 16649 16115 179160.083  127   11 302868.731 179160.083  40.8%  56.5  935s
 21394 18834 180311.763  120   38 199260.391 180311.763  9.51%   205  906s
 21580 18958 180311.763  105    9 199260.391 180311.763  9.51%   204  910s
 16730 16196 179160.083  131   13 302868.731 179160.083  40.8%  56.6  940s
 21775 19088 180311.763  135    9 199260.391 180311.763  9.51%   203  915s
 16838 16304 179160.083  131   11 302868.731 179160.083  40.8%  56.7  945s
 16946 16412 179160.083  134   12 302868.731 179160.083  40.8%  56.6  950s
 17057 16523 179160.083  112   11 302868.731 179160.083  40.8%  56.4  955s
 21970 19218 180311.763  126   84 199260.391 180311.763  9.51%   202  926s
 22131 19325 180311.763  144    9 199260.391 180311.763  9.51%   201  930s
H17142 16606                    283651.10807 179160.083  36.8%  56.3  959s
 17142 16608 179160.083   94   11 283651.108 179160.083  36.8%  56.3  960s
H17168 16632                    283050.96292 179160.083  36.7%  56.2  961s
 22392 19499 180311.763  149   40 199260.391 180311.763  9.51%   200  935s
 17253 16719 179160.083   96   11 283050.963 179160.083  36.7%  56.1  965s
 17357 16823 179160.083  115   13 283050.963 179160.083  36.7%  56.0  970s
 22618 19650 180311.763  156   26 199260.391 180311.763  9.51%   199  941s
 22779 19757 180311.763  117    9 199260.391 180311.763  9.51%   198  945s
 17465 16931 179160.083   91   13 283050.963 179160.083  36.7%  55.9  975s
 23022 19919 180311.763  120   30 199260.391 180311.763  9.51%   197  950s
 17583 17049 179160.083   93   11 283050.963 179160.083  36.7%  55.7  980s
 23257 20076 180311.763  157    9 199260.391 180311.763  9.51%   196  955s
 17685 17151 179160.083   94   13 283050.963 179160.083  36.7%  55.7  988s
 23493 20233 180311.763  195    9 199260.391 180311.763  9.51%   195  960s
 17723 17189 179160.083   91   11 283050.963 179160.083  36.7%  55.6  990s
 23650 20338 180311.763  105    9 199260.391 180311.763  9.51%   194  965s
 17846 17312 179160.083   99   11 283050.963 179160.083  36.7%  55.5  995s
 23886 20495 180311.763  129    9 199260.391 180311.763  9.51%   194  970s
 17959 17425 179160.083   96   13 283050.963 179160.083  36.7%  55.3 1000s
 24120 20651 180311.763  160    9 199260.391 180311.763  9.51%   193  975s
 18087 17553 179160.083  103   11 283050.963 179160.083  36.7%  55.2 1005s
 24359 20811 180311.763  155    9 199260.391 180311.763  9.51%   192  980s
 18215 17681 179160.083  110   11 283050.963 179160.083  36.7%  55.1 1010s
 18337 17803 179160.083  121   11 283050.963 179160.083  36.7%  55.0 1015s
 24584 20961 180311.763  161   11 199260.391 180311.763  9.51%   192  987s
 24700 21038 180311.763  131   32 199260.391 180311.763  9.51%   191  990s
 18454 17920 179160.083  130   13 283050.963 179160.083  36.7%  55.0 1020s
 24939 21197 180311.763  313   24 199260.391 180311.763  9.51%   191  995s
 18582 18048 179160.083  121   13 283050.963 179160.083  36.7%  54.9 1025s
 25182 21359 180311.763  142    9 199260.391 180311.763  9.51%   190 1000s
 18693 18159 179160.083  133   11 283050.963 179160.083  36.7%  54.9 1030s
 25421 21519 180311.763  132    9 199260.391 180311.763  9.51%   189 1005s
 18811 18277 179160.083  129   11 283050.963 179160.083  36.7%  54.9 1035s
 25637 21663 180311.763  215    9 199260.391 180311.763  9.51%   188 1010s
 18925 18391 179160.083  137   12 283050.963 179160.083  36.7%  54.9 1040s
 25701 21705 180311.763  126   56 199260.391 180311.763  9.51%   188 1015s
 19045 18511 179160.083  138   11 283050.963 179160.083  36.7%  55.1 1045s
 25725 21721 180311.763  128   38 199260.391 180311.763  9.51%   188 1020s
 19164 18630 179160.083  136   11 283050.963 179160.083  36.7%  55.4 1050s
 25753 21740 180311.763  131   24 199260.391 180311.763  9.51%   188 1025s
 19282 18748 179160.083  137   12 283050.963 179160.083  36.7%  55.4 1055s
 25764 21747 180311.763  132    9 199260.391 180311.763  9.51%   188 1030s
 19323 18789 179160.083  140   12 283050.963 179160.083  36.7%  55.5 1060s
 25786 21762 180311.763  136  111 199260.391 180311.763  9.51%   188 1035s
 19441 18907 179160.083  137   11 283050.963 179160.083  36.7%  55.7 1065s
 25951 21872 180311.763  155   26 199260.391 180311.763  9.51%   187 1040s
 19566 19032 179160.083  134   11 283050.963 179160.083  36.7%  55.7 1070s
 26179 22024 180311.763  187   30 199260.391 180311.763  9.51%   186 1045s
 19669 19135 179160.083  131   12 283050.963 179160.083  36.7%  55.7 1075s
 26399 22171 180311.763  223   38 199260.391 180311.763  9.51%   186 1050s
 19788 19254 179160.083  119   13 283050.963 179160.083  36.7%  55.8 1080s
 26505 22241 180311.763  239   38 199260.391 180311.763  9.51%   186 1055s
 19907 19373 179160.083  134   12 283050.963 179160.083  36.7%  55.9 1085s
 26720 22385 180311.763  172    9 199260.391 180311.763  9.51%   185 1060s
 20032 19498 179160.083  119   11 283050.963 179160.083  36.7%  55.8 1090s
 26937 22529 180311.763  306   32 199260.391 180311.763  9.51%   184 1065s
 20160 19626 179160.083  132   12 283050.963 179160.083  36.7%  55.9 1095s
 27106 22642 180311.763  236   56 199260.391 180311.763  9.51%   184 1070s
 20285 19751 179160.083  113   11 283050.963 179160.083  36.7%  55.9 1100s
 27319 22784 180311.763  270   38 199260.391 180311.763  9.51%   183 1075s
 20408 19874 179160.083  121   13 283050.963 179160.083  36.7%  55.8 1105s
 20538 20004 179160.083  122   15 283050.963 179160.083  36.7%  55.9 1110s
 27505 22908 180311.763  279   24 199260.391 180311.763  9.51%   182 1081s
 27663 23013 180311.763  330   24 199260.391 180311.763  9.51%   182 1085s
 20652 20118 179160.083  131   11 283050.963 179160.083  36.7%  55.9 1115s
 27909 23177 180311.763  315   24 199260.391 180311.763  9.51%   181 1090s
 20765 20231 179160.083  128   12 283050.963 179160.083  36.7%  56.1 1120s
 28145 23335 180311.763  104   24 199260.391 180311.763  9.51%   180 1095s
 20887 20353 179160.083  130   13 283050.963 179160.083  36.7%  56.5 1125s
 28370 23485 180311.763  234   38 199260.391 180311.763  9.51%   179 1100s
 21011 20477 179160.083  123   11 283050.963 179160.083  36.7%  56.4 1130s
 28439 23531 180311.763  220    9 199260.391 180311.763  9.51%   179 1105s
 21143 20609 179160.083  125   13 283050.963 179160.083  36.7%  56.4 1135s
 28659 23677 180311.763  270   38 199260.391 180311.763  9.51%   178 1110s
 21225 20691 179160.083  133   58 283050.963 179160.083  36.7%  56.7 1143s
 28904 23841 180311.763  330    9 199260.391 180311.763  9.51%   177 1115s
 21260 20726 179160.083  134   10 283050.963 179160.083  36.7%  56.8 1145s
 29097 23969 180311.763  152   26 199260.391 180311.763  9.51%   177 1120s
 21372 20838 179160.083  120   11 283050.963 179160.083  36.7%  57.3 1150s
 29313 24113 180311.763  189    9 199260.391 180311.763  9.51%   177 1125s
 21507 20973 179160.083  126   11 283050.963 179160.083  36.7%  57.2 1155s
 29472 24219 180311.763  218   38 199260.391 180311.763  9.51%   176 1130s
 21614 21080 179160.083  134   45 283050.963 179160.083  36.7%  57.6 1160s
 29715 24381 180311.763  260   11 199260.391 180311.763  9.51%   175 1135s
 21723 21189 179160.083  119   11 283050.963 179160.083  36.7%  57.7 1165s
H29852 23731                    198832.15839 180311.763  9.31%   175 1138s
 29862 23739 180311.763  294   24 198832.158 180311.763  9.31%   175 1140s
 21855 21321 179160.083  131   13 283050.963 179160.083  36.7%  57.6 1170s
 30096 23895 180311.763  329   30 198832.158 180311.763  9.31%   174 1145s
 21980 21446 179160.083  132   11 283050.963 179160.083  36.7%  58.0 1175s
 30341 24059 180311.763  350    9 198832.158 180311.763  9.31%   173 1150s
 22109 21575 179160.083  121   11 283050.963 179160.083  36.7%  58.0 1180s
 30578 24217 180311.763  376    9 198832.158 180311.763  9.31%   172 1155s
 22233 21699 179160.083  126   11 283050.963 179160.083  36.7%  58.1 1185s
 30693 24293 180311.763  357   24 198832.158 180311.763  9.31%   171 1160s
 22355 21821 179160.083  133   25 283050.963 179160.083  36.7%  58.3 1190s
 30938 24457 180311.763  376    9 198832.158 180311.763  9.31%   170 1165s
 22486 21952 179160.083  132   13 283050.963 179160.083  36.7%  58.3 1195s
 31183 24620 180311.763  370   24 198832.158 180311.763  9.31%   170 1170s

Cutting planes:
  Gomory: 3
  Lift-and-project: 2
  MIR: 1
  Flow cover: 4
  RLT: 1

Explored 22605 nodes (1366755 simplex iterations) in 1200.00 seconds (2727.33 work units)
Thread count was 1 (of 32 available processors)

Solution count 10: 283051 283651 302869 ... 306035

Time limit reached
Best objective 2.830509629176e+05, best bound 1.791600831322e+05, gap 36.7039%
WARNING: Loading a SolverResults object with an 'aborted' status, but
containing a solution
 31432 24786 180311.763  389   38 198832.158 180311.763  9.31%   169 1175s
 31649 24931 180311.763  399   30 198832.158 180311.763  9.31%   168 1182s
 31766 25009 180311.763  388   11 198832.158 180311.763  9.31%   168 1185s
 31992 25159 180311.763  354    9 198832.158 180311.763  9.31%   167 1190s
 32256 25335 180311.763  360    9 198832.158 180311.763  9.31%   166 1195s

Cutting planes:
  Gomory: 9
  Lift-and-project: 14
  Flow cover: 1

Explored 32518 nodes (5394895 simplex iterations) in 1200.01 seconds (2439.59 work units)
Thread count was 1 (of 32 available processors)

Solution count 10: 198832 199260 199331 ... 282758

Time limit reached
Best objective 1.988321583871e+05, best bound 1.803117626175e+05, gap 9.3146%
WARNING: Loading a SolverResults object with an 'aborted' status, but
containing a solution
✅ Solution time [sec]: 22.38
📊 Status: optimal
💰 Operation Cost: 180662.04662997983
⚠️ No se encontró 'gurobi.log'. 
✔ JSON de variables y parámetros, log y summary guardados en 'C:\Users\TECNO-MASTER\Desktop\Elmo_infrastructure_sizing_NP-\output\DCH_septiembre\Bateria_353\Costo_variable\Swap_libre\Swap_variable_3estaciones_160kW_Descomp/station_1_d32_stage1'.
✅ Solution time [sec]: 23.70
📊 Status: optimal
💰 Operation Cost: 179111.51442803
⚠️ No se encontró 'gurobi.log'. 
✔ JSON de variables y parámetros, log y summary guardados en 'C:\Users\TECNO-MASTER\Desktop\Elmo_infrastructure_sizing_NP-\output\DCH_septiembre\Bateria_353\Costo_variable\Swap_libre\Swap_variable_3estaciones_160kW_Descomp/station_1_d274_stage1'.
✅ Solution time [sec]: 35.59
📊 Status: optimal
💰 Operation Cost: 179160.08375567483
⚠️ No se encontró 'gurobi.log'. 
✔ JSON de variables y parámetros, log y summary guardados en 'C:\Users\TECNO-MASTER\Desktop\Elmo_infrastructure_sizing_NP-\output\DCH_septiembre\Bateria_353\Costo_variable\Swap_libre\Swap_variable_3estaciones_160kW_Descomp/station_1_d121_stage1'.
✅ Solution time [sec]: 6.74
📊 Status: optimal
💰 Operation Cost: 182229.31718771553
⚠️ No se encontró 'gurobi.log'. 
✔ JSON de variables y parámetros, log y summary guardados en 'C:\Users\TECNO-MASTER\Desktop\Elmo_infrastructure_sizing_NP-\output\DCH_septiembre\Bateria_353\Costo_variable\Swap_libre\Swap_variable_3estaciones_160kW_Descomp/station_1_d335_stage1'.
✅ Solution time [sec]: 60.68
📊 Status: optimal
💰 Operation Cost: 179262.55632297712
⚠️ No se encontró 'gurobi.log'. 
✔ JSON de variables y parámetros, log y summary guardados en 'C:\Users\TECNO-MASTER\Desktop\Elmo_infrastructure_sizing_NP-\output\DCH_septiembre\Bateria_353\Costo_variable\Swap_libre\Swap_variable_3estaciones_160kW_Descomp/station_1_d1_stage1'.
✅ Solution time [sec]: 62.82
📊 Status: optimal
💰 Operation Cost: 180311.7632416874
⚠️ No se encontró 'gurobi.log'. 
✔ JSON de variables y parámetros, log y summary guardados en 'C:\Users\TECNO-MASTER\Desktop\Elmo_infrastructure_sizing_NP-\output\DCH_septiembre\Bateria_353\Costo_variable\Swap_libre\Swap_variable_3estaciones_160kW_Descomp/station_1_d213_stage1'.
✅ Solution time [sec]: 80.67
📊 Status: optimal
💰 Operation Cost: 180050.54783284152
⚠️ No se encontró 'gurobi.log'. 
✔ JSON de variables y parámetros, log y summary guardados en 'C:\Users\TECNO-MASTER\Desktop\Elmo_infrastructure_sizing_NP-\output\DCH_septiembre\Bateria_353\Costo_variable\Swap_libre\Swap_variable_3estaciones_160kW_Descomp/station_1_d244_stage1'.
✅ Solution time [sec]: 101.06
📊 Status: optimal
💰 Operation Cost: 180753.3350472611
⚠️ No se encontró 'gurobi.log'. 
✔ JSON de variables y parámetros, log y summary guardados en 'C:\Users\TECNO-MASTER\Desktop\Elmo_infrastructure_sizing_NP-\output\DCH_septiembre\Bateria_353\Costo_variable\Swap_libre\Swap_variable_3estaciones_160kW_Descomp/station_2_d1_stage1'.
✅ Solution time [sec]: 110.40
📊 Status: optimal
💰 Operation Cost: 178498.3266973896
⚠️ No se encontró 'gurobi.log'. 
✔ JSON de variables y parámetros, log y summary guardados en 'C:\Users\TECNO-MASTER\Desktop\Elmo_infrastructure_sizing_NP-\output\DCH_septiembre\Bateria_353\Costo_variable\Swap_libre\Swap_variable_3estaciones_160kW_Descomp/station_2_d60_stage1'.
✅ Solution time [sec]: 129.69
📊 Status: optimal
💰 Operation Cost: 181511.36418585962
⚠️ No se encontró 'gurobi.log'. 
✔ JSON de variables y parámetros, log y summary guardados en 'C:\Users\TECNO-MASTER\Desktop\Elmo_infrastructure_sizing_NP-\output\DCH_septiembre\Bateria_353\Costo_variable\Swap_libre\Swap_variable_3estaciones_160kW_Descomp/station_1_d182_stage1'.
✅ Solution time [sec]: 94.99
📊 Status: optimal
💰 Operation Cost: 179111.51442803
⚠️ No se encontró 'gurobi.log'. 
✔ JSON de variables y parámetros, log y summary guardados en 'C:\Users\TECNO-MASTER\Desktop\Elmo_infrastructure_sizing_NP-\output\DCH_septiembre\Bateria_353\Costo_variable\Swap_libre\Swap_variable_3estaciones_160kW_Descomp/station_2_d274_stage1'.
✅ Solution time [sec]: 75.26
📊 Status: optimal
💰 Operation Cost: 182287.63213512703
⚠️ No se encontró 'gurobi.log'. 
✔ JSON de variables y parámetros, log y summary guardados en 'C:\Users\TECNO-MASTER\Desktop\Elmo_infrastructure_sizing_NP-\output\DCH_septiembre\Bateria_353\Costo_variable\Swap_libre\Swap_variable_3estaciones_160kW_Descomp/station_3_d274_stage1'.
✅ Solution time [sec]: 122.82
📊 Status: optimal
💰 Operation Cost: 181598.68044345838
⚠️ No se encontró 'gurobi.log'. 
✔ JSON de variables y parámetros, log y summary guardados en 'C:\Users\TECNO-MASTER\Desktop\Elmo_infrastructure_sizing_NP-\output\DCH_septiembre\Bateria_353\Costo_variable\Swap_libre\Swap_variable_3estaciones_160kW_Descomp/station_2_d305_stage1'.
✅ Solution time [sec]: 137.94
📊 Status: optimal
💰 Operation Cost: 181994.11531000788
⚠️ No se encontró 'gurobi.log'. 
✔ JSON de variables y parámetros, log y summary guardados en 'C:\Users\TECNO-MASTER\Desktop\Elmo_infrastructure_sizing_NP-\output\DCH_septiembre\Bateria_353\Costo_variable\Swap_libre\Swap_variable_3estaciones_160kW_Descomp/station_2_d244_stage1'.
✅ Solution time [sec]: 141.81
📊 Status: optimal
💰 Operation Cost: 182154.26706073232
⚠️ No se encontró 'gurobi.log'. 
✔ JSON de variables y parámetros, log y summary guardados en 'C:\Users\TECNO-MASTER\Desktop\Elmo_infrastructure_sizing_NP-\output\DCH_septiembre\Bateria_353\Costo_variable\Swap_libre\Swap_variable_3estaciones_160kW_Descomp/station_2_d335_stage1'.
✅ Solution time [sec]: 137.43
📊 Status: optimal
💰 Operation Cost: 180010.1945620745
⚠️ No se encontró 'gurobi.log'. 
✔ JSON de variables y parámetros, log y summary guardados en 'C:\Users\TECNO-MASTER\Desktop\Elmo_infrastructure_sizing_NP-\output\DCH_septiembre\Bateria_353\Costo_variable\Swap_libre\Swap_variable_3estaciones_160kW_Descomp/station_3_d335_stage1'.
✅ Solution time [sec]: 186.12
📊 Status: optimal
💰 Operation Cost: 180311.7632416874
⚠️ No se encontró 'gurobi.log'. 
✔ JSON de variables y parámetros, log y summary guardados en 'C:\Users\TECNO-MASTER\Desktop\Elmo_infrastructure_sizing_NP-\output\DCH_septiembre\Bateria_353\Costo_variable\Swap_libre\Swap_variable_3estaciones_160kW_Descomp/station_2_d213_stage1'.
✅ Solution time [sec]: 178.68
📊 Status: optimal
💰 Operation Cost: 180651.48985320964
⚠️ No se encontró 'gurobi.log'. 
✔ JSON de variables y parámetros, log y summary guardados en 'C:\Users\TECNO-MASTER\Desktop\Elmo_infrastructure_sizing_NP-\output\DCH_septiembre\Bateria_353\Costo_variable\Swap_libre\Swap_variable_3estaciones_160kW_Descomp/station_3_d32_stage1'.
✅ Solution time [sec]: 227.49
📊 Status: optimal
💰 Operation Cost: 181598.68044345838
⚠️ No se encontró 'gurobi.log'. 
✔ JSON de variables y parámetros, log y summary guardados en 'C:\Users\TECNO-MASTER\Desktop\Elmo_infrastructure_sizing_NP-\output\DCH_septiembre\Bateria_353\Costo_variable\Swap_libre\Swap_variable_3estaciones_160kW_Descomp/station_3_d305_stage1'.
✅ Solution time [sec]: 196.91
📊 Status: optimal
💰 Operation Cost: 180906.3822012557
⚠️ No se encontró 'gurobi.log'. 
✔ JSON de variables y parámetros, log y summary guardados en 'C:\Users\TECNO-MASTER\Desktop\Elmo_infrastructure_sizing_NP-\output\DCH_septiembre\Bateria_353\Costo_variable\Swap_libre\Swap_variable_3estaciones_160kW_Descomp/station_3_d121_stage1'.
✅ Solution time [sec]: 286.45
📊 Status: optimal
💰 Operation Cost: 180636.20492959357
⚠️ No se encontró 'gurobi.log'. 
✔ JSON de variables y parámetros, log y summary guardados en 'C:\Users\TECNO-MASTER\Desktop\Elmo_infrastructure_sizing_NP-\output\DCH_septiembre\Bateria_353\Costo_variable\Swap_libre\Swap_variable_3estaciones_160kW_Descomp/station_3_d1_stage1'.
✅ Solution time [sec]: 318.83
📊 Status: optimal
💰 Operation Cost: 181211.81363504697
⚠️ No se encontró 'gurobi.log'. 
✔ JSON de variables y parámetros, log y summary guardados en 'C:\Users\TECNO-MASTER\Desktop\Elmo_infrastructure_sizing_NP-\output\DCH_septiembre\Bateria_353\Costo_variable\Swap_libre\Swap_variable_3estaciones_160kW_Descomp/station_3_d182_stage1'.
✅ Solution time [sec]: 305.51
📊 Status: optimal
💰 Operation Cost: 180578.84248448926
⚠️ No se encontró 'gurobi.log'. 
✔ JSON de variables y parámetros, log y summary guardados en 'C:\Users\TECNO-MASTER\Desktop\Elmo_infrastructure_sizing_NP-\output\DCH_septiembre\Bateria_353\Costo_variable\Swap_libre\Swap_variable_3estaciones_160kW_Descomp/station_3_d91_stage1'.
✅ Solution time [sec]: 315.83
📊 Status: optimal
💰 Operation Cost: 179732.70466281127
⚠️ No se encontró 'gurobi.log'. 
✔ JSON de variables y parámetros, log y summary guardados en 'C:\Users\TECNO-MASTER\Desktop\Elmo_infrastructure_sizing_NP-\output\DCH_septiembre\Bateria_353\Costo_variable\Swap_libre\Swap_variable_3estaciones_160kW_Descomp/station_3_d60_stage1'.
✅ Solution time [sec]: 386.14
📊 Status: optimal
💰 Operation Cost: 180918.5167236783
⚠️ No se encontró 'gurobi.log'. 
✔ JSON de variables y parámetros, log y summary guardados en 'C:\Users\TECNO-MASTER\Desktop\Elmo_infrastructure_sizing_NP-\output\DCH_septiembre\Bateria_353\Costo_variable\Swap_libre\Swap_variable_3estaciones_160kW_Descomp/station_2_d152_stage1'.
✅ Solution time [sec]: 378.11
📊 Status: optimal
💰 Operation Cost: 181994.11531000788
⚠️ No se encontró 'gurobi.log'. 
✔ JSON de variables y parámetros, log y summary guardados en 'C:\Users\TECNO-MASTER\Desktop\Elmo_infrastructure_sizing_NP-\output\DCH_septiembre\Bateria_353\Costo_variable\Swap_libre\Swap_variable_3estaciones_160kW_Descomp/station_3_d244_stage1'.
✅ Solution time [sec]: 421.85
📊 Status: optimal
💰 Operation Cost: 180918.51757684874
⚠️ No se encontró 'gurobi.log'. 
✔ JSON de variables y parámetros, log y summary guardados en 'C:\Users\TECNO-MASTER\Desktop\Elmo_infrastructure_sizing_NP-\output\DCH_septiembre\Bateria_353\Costo_variable\Swap_libre\Swap_variable_3estaciones_160kW_Descomp/station_3_d152_stage1'.
✅ Solution time [sec]: 572.72
📊 Status: optimal
💰 Operation Cost: 182782.02185075294
⚠️ No se encontró 'gurobi.log'. 
✔ JSON de variables y parámetros, log y summary guardados en 'C:\Users\TECNO-MASTER\Desktop\Elmo_infrastructure_sizing_NP-\output\DCH_septiembre\Bateria_353\Costo_variable\Swap_libre\Swap_variable_3estaciones_160kW_Descomp/station_2_d182_stage1'.
✅ Solution time [sec]: 644.73
📊 Status: optimal
💰 Operation Cost: 180651.48985320964
⚠️ No se encontró 'gurobi.log'. 
✔ JSON de variables y parámetros, log y summary guardados en 'C:\Users\TECNO-MASTER\Desktop\Elmo_infrastructure_sizing_NP-\output\DCH_septiembre\Bateria_353\Costo_variable\Swap_libre\Swap_variable_3estaciones_160kW_Descomp/station_2_d32_stage1'.
✅ Solution time [sec]: 932.82
📊 Status: optimal
💰 Operation Cost: 180578.84248448926
⚠️ No se encontró 'gurobi.log'. 
✔ JSON de variables y parámetros, log y summary guardados en 'C:\Users\TECNO-MASTER\Desktop\Elmo_infrastructure_sizing_NP-\output\DCH_septiembre\Bateria_353\Costo_variable\Swap_libre\Swap_variable_3estaciones_160kW_Descomp/station_2_d91_stage1'.
✅ Solution time [sec]: 1202.60
📊 Status: maxTimeLimit
💰 Operation Cost: 283050.9629175872
⚠️ No se encontró 'gurobi.log'. 
✔ JSON de variables y parámetros, log y summary guardados en 'C:\Users\TECNO-MASTER\Desktop\Elmo_infrastructure_sizing_NP-\output\DCH_septiembre\Bateria_353\Costo_variable\Swap_libre\Swap_variable_3estaciones_160kW_Descomp/station_2_d121_stage1'.
✅ Solution time [sec]: 1203.15
📊 Status: maxTimeLimit
💰 Operation Cost: 198832.15838705085
⚠️ No se encontró 'gurobi.log'. 
✔ JSON de variables y parámetros, log y summary guardados en 'C:\Users\TECNO-MASTER\Desktop\Elmo_infrastructure_sizing_NP-\output\DCH_septiembre\Bateria_353\Costo_variable\Swap_libre\Swap_variable_3estaciones_160kW_Descomp/station_3_d213_stage1'.
C:\Users\TECNO-MASTER\anaconda3\lib\site-packages\pandas\core\indexes\base.py:6999: FutureWarning: In a future version, the Index constructor will not infer numeric dtypes when passed object-dtype sequences (matching Series behavior)
  return Index(sequences[0], name=names)
C:\Users\TECNO-MASTER\anaconda3\lib\site-packages\pandas\core\indexes\base.py:6999: FutureWarning: In a future version, the Index constructor will not infer numeric dtypes when passed object-dtype sequences (matching Series behavior)
  return Index(sequences[0], name=names)
C:\Users\TECNO-MASTER\anaconda3\lib\site-packages\pandas\core\indexes\base.py:6999: FutureWarning: In a future version, the Index constructor will not infer numeric dtypes when passed object-dtype sequences (matching Series behavior)
  return Index(sequences[0], name=names)
C:\Users\TECNO-MASTER\anaconda3\lib\site-packages\pandas\core\indexes\base.py:6999: FutureWarning: In a future version, the Index constructor will not infer numeric dtypes when passed object-dtype sequences (matching Series behavior)
  return Index(sequences[0], name=names)
C:\Users\TECNO-MASTER\anaconda3\lib\site-packages\pandas\core\indexes\base.py:6999: FutureWarning: In a future version, the Index constructor will not infer numeric dtypes when passed object-dtype sequences (matching Series behavior)
  return Index(sequences[0], name=names)
C:\Users\TECNO-MASTER\anaconda3\lib\site-packages\pandas\core\indexes\base.py:6999: FutureWarning: In a future version, the Index constructor will not infer numeric dtypes when passed object-dtype sequences (matching Series behavior)
  return Index(sequences[0], name=names)
  [Fase 2 (infra fija)] estacion=station_1 dia=1 -> C:\Users\TECNO-MASTER\Desktop\Elmo_infrastructure_sizing_NP-\output\DCH_septiembre\Bateria_353\Costo_variable\Swap_libre\Swap_variable_3estaciones_160kW_Descomp/station_1_d1
✔ Warm start Y: 242 cargados, 0 omitidos
✔ Warm start Z: 469 cargados, 0 omitidos
✔ Warm start Z_swap: 9 cargados, 0 omitidos
✔ Warm start N_chargers: 0 cargados, 1 omitidos
✔ Warm start N_bays: 0 cargados, 1 omitidos
✔ Warm start X: 0 cargados, 1 omitidos
✔ Warm start N_batteries: 0 cargados, 1 omitidos
✔ Warm start completo desde 'C:\Users\TECNO-MASTER\Desktop\Elmo_infrastructure_sizing_NP-\output\DCH_septiembre\Bateria_353\Costo_variable\Swap_libre\Swap_variable_3estaciones_160kW_Descomp\station_1_d1_stage1': 720 valores cargados, 4 omitidos
formulation time: 6.532404899597168
Set parameter OutputFlag to value 1
Set parameter OutputFlag to value 1
Set parameter LogToConsole to value 1
Set parameter MIPGap to value 0.05
Set parameter TimeLimit to value 1200
Set parameter LogFile to value "C:\Users\TECNO-MASTER\Desktop\Elmo_infrastructure_sizing_NP-\output\DCH_septiembre\Bateria_353\Costo_variable\Swap_libre\Swap_variable_3estaciones_160kW_Descomp\station_1_d1\ELMO_log.txt"
Set parameter Threads to value 1
Set parameter Heuristics to value 0.5
Set parameter MIPFocus to value 3
Set parameter Presolve to value 2
Set parameter FlowCoverCuts to value 2
Gurobi Optimizer version 12.0.3 build v12.0.3rc0 (win64 - Windows 11+.0 (26200.2))

CPU model: Intel(R) Core(TM) i9-14900K, instruction set [SSE2|AVX|AVX2]
Thread count: 24 physical cores, 32 logical processors, using up to 1 threads

Non-default parameters:
TimeLimit  1200
MIPGap  0.05
Heuristics  0.5
MIPFocus  3
FlowCoverCuts  2
Presolve  2
Threads  1

Optimize a model with 26328 rows, 53707 columns and 243354 nonzeros
Model fingerprint: 0xbf1674df
Variable types: 2099 continuous, 51608 integer (18485 binary)
Coefficient statistics:
  Matrix range     [1e+00, 3e+02]
  Objective range  [1e-02, 1e+02]
  Bounds range     [1e+00, 3e+00]
  RHS range        [1e+00, 1e+04]

Warning: Completing partial solution with 50884 unfixed non-continuous variables out of 51608
User MIP start produced solution with objective 179263 (0.03s)
Loaded user MIP start with objective 179263


Explored 0 nodes (0 simplex iterations) in 0.04 seconds (0.06 work units)
Thread count was 1 (of 32 available processors)

Solution count 2: 179263 179263 

Optimal solution found (tolerance 5.00e-02)
Best objective 1.792625563230e+05, best bound 1.746730000000e+05, gap 2.5602%
C:\Users\TECNO-MASTER\anaconda3\lib\site-packages\pandas\core\indexes\base.py:6999: FutureWarning: In a future version, the Index constructor will not infer numeric dtypes when passed object-dtype sequences (matching Series behavior)
  return Index(sequences[0], name=names)
  [Fase 2 (infra fija)] estacion=station_1 dia=91 -> C:\Users\TECNO-MASTER\Desktop\Elmo_infrastructure_sizing_NP-\output\DCH_septiembre\Bateria_353\Costo_variable\Swap_libre\Swap_variable_3estaciones_160kW_Descomp/station_1_d91
✔ Warm start Y: 246 cargados, 0 omitidos
✔ Warm start Z: 465 cargados, 0 omitidos
✔ Warm start Z_swap: 9 cargados, 0 omitidos
✔ Warm start N_chargers: 0 cargados, 1 omitidos
✔ Warm start N_bays: 0 cargados, 1 omitidos
✔ Warm start X: 0 cargados, 1 omitidos
✔ Warm start N_batteries: 0 cargados, 1 omitidos
✔ Warm start completo desde 'C:\Users\TECNO-MASTER\Desktop\Elmo_infrastructure_sizing_NP-\output\DCH_septiembre\Bateria_353\Costo_variable\Swap_libre\Swap_variable_3estaciones_160kW_Descomp\station_1_d91_stage1': 720 valores cargados, 4 omitidos
formulation time: 6.736784219741821
Set parameter OutputFlag to value 1
Set parameter OutputFlag to value 1
Set parameter LogToConsole to value 1
Set parameter MIPGap to value 0.05
Set parameter TimeLimit to value 1200
Set parameter LogFile to value "C:\Users\TECNO-MASTER\Desktop\Elmo_infrastructure_sizing_NP-\output\DCH_septiembre\Bateria_353\Costo_variable\Swap_libre\Swap_variable_3estaciones_160kW_Descomp\station_1_d91\ELMO_log.txt"
Set parameter Threads to value 1
Set parameter Heuristics to value 0.5
Set parameter MIPFocus to value 3
Set parameter Presolve to value 2
Set parameter FlowCoverCuts to value 2
Gurobi Optimizer version 12.0.3 build v12.0.3rc0 (win64 - Windows 11+.0 (26200.2))

CPU model: Intel(R) Core(TM) i9-14900K, instruction set [SSE2|AVX|AVX2]
Thread count: 24 physical cores, 32 logical processors, using up to 1 threads

Non-default parameters:
TimeLimit  1200
MIPGap  0.05
Heuristics  0.5
MIPFocus  3
FlowCoverCuts  2
Presolve  2
Threads  1

Optimize a model with 26358 rows, 53707 columns and 243414 nonzeros
Model fingerprint: 0x95d0a27a
Variable types: 2099 continuous, 51608 integer (18485 binary)
Coefficient statistics:
  Matrix range     [1e+00, 3e+02]
  Objective range  [1e-02, 1e+02]
  Bounds range     [1e+00, 3e+00]
  RHS range        [1e+00, 1e+04]

Warning: Completing partial solution with 50884 unfixed non-continuous variables out of 51608
User MIP start produced solution with objective 180579 (0.03s)
Loaded user MIP start with objective 180579


Explored 0 nodes (0 simplex iterations) in 0.04 seconds (0.06 work units)
Thread count was 1 (of 32 available processors)

Solution count 2: 180579 180579 

Optimal solution found (tolerance 5.00e-02)
Best objective 1.805788424845e+05, best bound 1.746730000000e+05, gap 3.2705%
C:\Users\TECNO-MASTER\anaconda3\lib\site-packages\pandas\core\indexes\base.py:6999: FutureWarning: In a future version, the Index constructor will not infer numeric dtypes when passed object-dtype sequences (matching Series behavior)
  return Index(sequences[0], name=names)
  [Fase 2 (infra fija)] estacion=station_1 dia=32 -> C:\Users\TECNO-MASTER\Desktop\Elmo_infrastructure_sizing_NP-\output\DCH_septiembre\Bateria_353\Costo_variable\Swap_libre\Swap_variable_3estaciones_160kW_Descomp/station_1_d32
✔ Warm start Y: 246 cargados, 0 omitidos
✔ Warm start Z: 464 cargados, 0 omitidos
✔ Warm start Z_swap: 10 cargados, 0 omitidos
✔ Warm start N_chargers: 0 cargados, 1 omitidos
✔ Warm start N_bays: 0 cargados, 1 omitidos
✔ Warm start X: 0 cargados, 1 omitidos
✔ Warm start N_batteries: 0 cargados, 1 omitidos
✔ Warm start completo desde 'C:\Users\TECNO-MASTER\Desktop\Elmo_infrastructure_sizing_NP-\output\DCH_septiembre\Bateria_353\Costo_variable\Swap_libre\Swap_variable_3estaciones_160kW_Descomp\station_1_d32_stage1': 720 valores cargados, 4 omitidos
formulation time: 6.929270505905151
Set parameter OutputFlag to value 1
Set parameter OutputFlag to value 1
Set parameter LogToConsole to value 1
Set parameter MIPGap to value 0.05
Set parameter TimeLimit to value 1200
Set parameter LogFile to value "C:\Users\TECNO-MASTER\Desktop\Elmo_infrastructure_sizing_NP-\output\DCH_septiembre\Bateria_353\Costo_variable\Swap_libre\Swap_variable_3estaciones_160kW_Descomp\station_1_d32\ELMO_log.txt"
Set parameter Threads to value 1
Set parameter Heuristics to value 0.5
Set parameter MIPFocus to value 3
Set parameter Presolve to value 2
Set parameter FlowCoverCuts to value 2
Gurobi Optimizer version 12.0.3 build v12.0.3rc0 (win64 - Windows 11+.0 (26200.2))

CPU model: Intel(R) Core(TM) i9-14900K, instruction set [SSE2|AVX|AVX2]
Thread count: 24 physical cores, 32 logical processors, using up to 1 threads

Non-default parameters:
TimeLimit  1200
MIPGap  0.05
Heuristics  0.5
MIPFocus  3
FlowCoverCuts  2
Presolve  2
Threads  1

Optimize a model with 26328 rows, 53707 columns and 243354 nonzeros
Model fingerprint: 0x44ab0376
Variable types: 2099 continuous, 51608 integer (18485 binary)
Coefficient statistics:
  Matrix range     [1e+00, 3e+02]
  Objective range  [3e-03, 1e+02]
  Bounds range     [1e+00, 3e+00]
  RHS range        [1e+00, 1e+04]

Warning: Completing partial solution with 50884 unfixed non-continuous variables out of 51608
User MIP start produced solution with objective 180659 (0.04s)
Loaded user MIP start with objective 180659


Explored 0 nodes (0 simplex iterations) in 0.04 seconds (0.06 work units)
Thread count was 1 (of 32 available processors)

Solution count 2: 180659 180659 

Optimal solution found (tolerance 5.00e-02)
Best objective 1.806585277044e+05, best bound 1.746730000000e+05, gap 3.3132%
C:\Users\TECNO-MASTER\anaconda3\lib\site-packages\pandas\core\indexes\base.py:6999: FutureWarning: In a future version, the Index constructor will not infer numeric dtypes when passed object-dtype sequences (matching Series behavior)
  return Index(sequences[0], name=names)
  [Fase 2 (infra fija)] estacion=station_1 dia=60 -> C:\Users\TECNO-MASTER\Desktop\Elmo_infrastructure_sizing_NP-\output\DCH_septiembre\Bateria_353\Costo_variable\Swap_libre\Swap_variable_3estaciones_160kW_Descomp/station_1_d60
✔ Warm start Y: 246 cargados, 0 omitidos
✔ Warm start Z: 465 cargados, 0 omitidos
✔ Warm start Z_swap: 9 cargados, 0 omitidos
✔ Warm start N_chargers: 0 cargados, 1 omitidos
✔ Warm start N_bays: 0 cargados, 1 omitidos
✔ Warm start X: 0 cargados, 1 omitidos
✔ Warm start N_batteries: 0 cargados, 1 omitidos
✔ Warm start completo desde 'C:\Users\TECNO-MASTER\Desktop\Elmo_infrastructure_sizing_NP-\output\DCH_septiembre\Bateria_353\Costo_variable\Swap_libre\Swap_variable_3estaciones_160kW_Descomp\station_1_d60_stage1': 720 valores cargados, 4 omitidos
formulation time: 7.069617748260498
Set parameter OutputFlag to value 1
Set parameter OutputFlag to value 1
Set parameter LogToConsole to value 1
Set parameter MIPGap to value 0.05
Set parameter TimeLimit to value 1200
Set parameter LogFile to value "C:\Users\TECNO-MASTER\Desktop\Elmo_infrastructure_sizing_NP-\output\DCH_septiembre\Bateria_353\Costo_variable\Swap_libre\Swap_variable_3estaciones_160kW_Descomp\station_1_d60\ELMO_log.txt"
Set parameter Threads to value 1
Set parameter Heuristics to value 0.5
Set parameter MIPFocus to value 3
Set parameter Presolve to value 2
Set parameter FlowCoverCuts to value 2
Gurobi Optimizer version 12.0.3 build v12.0.3rc0 (win64 - Windows 11+.0 (26200.2))

CPU model: Intel(R) Core(TM) i9-14900K, instruction set [SSE2|AVX|AVX2]
Thread count: 24 physical cores, 32 logical processors, using up to 1 threads

Non-default parameters:
TimeLimit  1200
MIPGap  0.05
Heuristics  0.5
MIPFocus  3
FlowCoverCuts  2
Presolve  2
Threads  1

Optimize a model with 26328 rows, 53707 columns and 243354 nonzeros
Model fingerprint: 0xfc7f319e
Variable types: 2099 continuous, 51608 integer (18485 binary)
Coefficient statistics:
  Matrix range     [1e+00, 3e+02]
  Objective range  [9e-03, 1e+02]
  Bounds range     [1e+00, 3e+00]
  RHS range        [1e+00, 1e+04]

Warning: Completing partial solution with 50884 unfixed non-continuous variables out of 51608
User MIP start produced solution with objective 178498 (0.03s)
Loaded user MIP start with objective 178498


Explored 0 nodes (0 simplex iterations) in 0.04 seconds (0.06 work units)
Thread count was 1 (of 32 available processors)

Solution count 2: 178498 178498 

Optimal solution found (tolerance 5.00e-02)
Best objective 1.784983266974e+05, best bound 1.746730000000e+05, gap 2.1431%
C:\Users\TECNO-MASTER\anaconda3\lib\site-packages\pandas\core\indexes\base.py:6999: FutureWarning: In a future version, the Index constructor will not infer numeric dtypes when passed object-dtype sequences (matching Series behavior)
  return Index(sequences[0], name=names)
  [Fase 2 (infra fija)] estacion=station_1 dia=182 -> C:\Users\TECNO-MASTER\Desktop\Elmo_infrastructure_sizing_NP-\output\DCH_septiembre\Bateria_353\Costo_variable\Swap_libre\Swap_variable_3estaciones_160kW_Descomp/station_1_d182
✔ Warm start Y: 244 cargados, 0 omitidos
✔ Warm start Z: 467 cargados, 0 omitidos
✔ Warm start Z_swap: 9 cargados, 0 omitidos
✔ Warm start N_chargers: 0 cargados, 1 omitidos
✔ Warm start N_bays: 0 cargados, 1 omitidos
✔ Warm start X: 0 cargados, 1 omitidos
✔ Warm start N_batteries: 0 cargados, 1 omitidos
✔ Warm start completo desde 'C:\Users\TECNO-MASTER\Desktop\Elmo_infrastructure_sizing_NP-\output\DCH_septiembre\Bateria_353\Costo_variable\Swap_libre\Swap_variable_3estaciones_160kW_Descomp\station_1_d182_stage1': 720 valores cargados, 4 omitidos
formulation time: 7.327694416046143
Set parameter OutputFlag to value 1
Set parameter OutputFlag to value 1
Set parameter LogToConsole to value 1
Set parameter MIPGap to value 0.05
Set parameter TimeLimit to value 1200
Set parameter LogFile to value "C:\Users\TECNO-MASTER\Desktop\Elmo_infrastructure_sizing_NP-\output\DCH_septiembre\Bateria_353\Costo_variable\Swap_libre\Swap_variable_3estaciones_160kW_Descomp\station_1_d182\ELMO_log.txt"
Set parameter Threads to value 1
Set parameter Heuristics to value 0.5
Set parameter MIPFocus to value 3
Set parameter Presolve to value 2
Set parameter FlowCoverCuts to value 2
Gurobi Optimizer version 12.0.3 build v12.0.3rc0 (win64 - Windows 11+.0 (26200.2))

CPU model: Intel(R) Core(TM) i9-14900K, instruction set [SSE2|AVX|AVX2]
Thread count: 24 physical cores, 32 logical processors, using up to 1 threads

Non-default parameters:
TimeLimit  1200
MIPGap  0.05
Heuristics  0.5
MIPFocus  3
FlowCoverCuts  2
Presolve  2
Threads  1

Optimize a model with 26358 rows, 53707 columns and 243414 nonzeros
Model fingerprint: 0x98f69f0f
Variable types: 2099 continuous, 51608 integer (18485 binary)
Coefficient statistics:
  Matrix range     [1e+00, 3e+02]
  Objective range  [1e-02, 1e+02]
  Bounds range     [1e+00, 3e+00]
  RHS range        [1e+00, 1e+04]

Warning: Completing partial solution with 50884 unfixed non-continuous variables out of 51608
User MIP start produced solution with objective 181293 (0.04s)
Loaded user MIP start with objective 181293


Explored 0 nodes (0 simplex iterations) in 0.04 seconds (0.06 work units)
Thread count was 1 (of 32 available processors)

Solution count 2: 181293 181293 

Optimal solution found (tolerance 5.00e-02)
Best objective 1.812927989771e+05, best bound 1.746730000000e+05, gap 3.6514%
C:\Users\TECNO-MASTER\anaconda3\lib\site-packages\pandas\core\indexes\base.py:6999: FutureWarning: In a future version, the Index constructor will not infer numeric dtypes when passed object-dtype sequences (matching Series behavior)
  return Index(sequences[0], name=names)
  [Fase 2 (infra fija)] estacion=station_1 dia=121 -> C:\Users\TECNO-MASTER\Desktop\Elmo_infrastructure_sizing_NP-\output\DCH_septiembre\Bateria_353\Costo_variable\Swap_libre\Swap_variable_3estaciones_160kW_Descomp/station_1_d121
✔ Warm start Y: 241 cargados, 0 omitidos
✔ Warm start Z: 470 cargados, 0 omitidos
✔ Warm start Z_swap: 9 cargados, 0 omitidos
✔ Warm start N_chargers: 0 cargados, 1 omitidos
✔ Warm start N_bays: 0 cargados, 1 omitidos
✔ Warm start X: 0 cargados, 1 omitidos
✔ Warm start N_batteries: 0 cargados, 1 omitidos
✔ Warm start completo desde 'C:\Users\TECNO-MASTER\Desktop\Elmo_infrastructure_sizing_NP-\output\DCH_septiembre\Bateria_353\Costo_variable\Swap_libre\Swap_variable_3estaciones_160kW_Descomp\station_1_d121_stage1': 720 valores cargados, 4 omitidos
formulation time: 7.279453754425049
Set parameter OutputFlag to value 1
Set parameter OutputFlag to value 1
Set parameter LogToConsole to value 1
Set parameter MIPGap to value 0.05
Set parameter TimeLimit to value 1200
Set parameter LogFile to value "C:\Users\TECNO-MASTER\Desktop\Elmo_infrastructure_sizing_NP-\output\DCH_septiembre\Bateria_353\Costo_variable\Swap_libre\Swap_variable_3estaciones_160kW_Descomp\station_1_d121\ELMO_log.txt"
Set parameter Threads to value 1
Set parameter Heuristics to value 0.5
Set parameter MIPFocus to value 3
Set parameter Presolve to value 2
Set parameter FlowCoverCuts to value 2
Gurobi Optimizer version 12.0.3 build v12.0.3rc0 (win64 - Windows 11+.0 (26200.2))

CPU model: Intel(R) Core(TM) i9-14900K, instruction set [SSE2|AVX|AVX2]
Thread count: 24 physical cores, 32 logical processors, using up to 1 threads

Non-default parameters:
TimeLimit  1200
MIPGap  0.05
Heuristics  0.5
MIPFocus  3
FlowCoverCuts  2
Presolve  2
Threads  1

Optimize a model with 26358 rows, 53707 columns and 243414 nonzeros
Model fingerprint: 0x0953abae
Variable types: 2099 continuous, 51608 integer (18485 binary)
Coefficient statistics:
  Matrix range     [1e+00, 3e+02]
  Objective range  [8e-03, 1e+02]
  Bounds range     [1e+00, 3e+00]
  RHS range        [1e+00, 1e+04]

Warning: Completing partial solution with 50884 unfixed non-continuous variables out of 51608
User MIP start produced solution with objective 179160 (0.04s)
Loaded user MIP start with objective 179160


Explored 0 nodes (0 simplex iterations) in 0.04 seconds (0.06 work units)
Thread count was 1 (of 32 available processors)

Solution count 2: 179160 179160 

Optimal solution found (tolerance 5.00e-02)
Best objective 1.791600837557e+05, best bound 1.746730000000e+05, gap 2.5045%
C:\Users\TECNO-MASTER\anaconda3\lib\site-packages\pandas\core\indexes\base.py:6999: FutureWarning: In a future version, the Index constructor will not infer numeric dtypes when passed object-dtype sequences (matching Series behavior)
  return Index(sequences[0], name=names)
  [Fase 2 (infra fija)] estacion=station_1 dia=152 -> C:\Users\TECNO-MASTER\Desktop\Elmo_infrastructure_sizing_NP-\output\DCH_septiembre\Bateria_353\Costo_variable\Swap_libre\Swap_variable_3estaciones_160kW_Descomp/station_1_d152
✔ Warm start Y: 246 cargados, 0 omitidos
✔ Warm start Z: 465 cargados, 0 omitidos
✔ Warm start Z_swap: 9 cargados, 0 omitidos
✔ Warm start N_chargers: 0 cargados, 1 omitidos
✔ Warm start N_bays: 0 cargados, 1 omitidos
✔ Warm start X: 0 cargados, 1 omitidos
✔ Warm start N_batteries: 0 cargados, 1 omitidos
✔ Warm start completo desde 'C:\Users\TECNO-MASTER\Desktop\Elmo_infrastructure_sizing_NP-\output\DCH_septiembre\Bateria_353\Costo_variable\Swap_libre\Swap_variable_3estaciones_160kW_Descomp\station_1_d152_stage1': 720 valores cargados, 4 omitidos
formulation time: 7.508332967758179
Set parameter OutputFlag to value 1
Set parameter OutputFlag to value 1
Set parameter LogToConsole to value 1
Set parameter MIPGap to value 0.05
Set parameter TimeLimit to value 1200
Set parameter LogFile to value "C:\Users\TECNO-MASTER\Desktop\Elmo_infrastructure_sizing_NP-\output\DCH_septiembre\Bateria_353\Costo_variable\Swap_libre\Swap_variable_3estaciones_160kW_Descomp\station_1_d152\ELMO_log.txt"
Set parameter Threads to value 1
Set parameter Heuristics to value 0.5
Set parameter MIPFocus to value 3
Set parameter Presolve to value 2
Set parameter FlowCoverCuts to value 2
Gurobi Optimizer version 12.0.3 build v12.0.3rc0 (win64 - Windows 11+.0 (26200.2))

CPU model: Intel(R) Core(TM) i9-14900K, instruction set [SSE2|AVX|AVX2]
Thread count: 24 physical cores, 32 logical processors, using up to 1 threads

Non-default parameters:
TimeLimit  1200
MIPGap  0.05
Heuristics  0.5
MIPFocus  3
FlowCoverCuts  2
Presolve  2
Threads  1

Optimize a model with 26358 rows, 53707 columns and 243414 nonzeros
Model fingerprint: 0x835387f4
Variable types: 2099 continuous, 51608 integer (18485 binary)
Coefficient statistics:
  Matrix range     [1e+00, 3e+02]
  Objective range  [1e-02, 1e+02]
  Bounds range     [1e+00, 3e+00]
  RHS range        [1e+00, 1e+04]

Warning: Completing partial solution with 50884 unfixed non-continuous variables out of 51608
User MIP start produced solution with objective 180919 (0.04s)
Loaded user MIP start with objective 180919


Explored 0 nodes (0 simplex iterations) in 0.04 seconds (0.06 work units)
Thread count was 1 (of 32 available processors)

Solution count 2: 180919 180919 

Optimal solution found (tolerance 5.00e-02)
Best objective 1.809185175768e+05, best bound 1.746730000000e+05, gap 3.4521%
C:\Users\TECNO-MASTER\anaconda3\lib\site-packages\pandas\core\indexes\base.py:6999: FutureWarning: In a future version, the Index constructor will not infer numeric dtypes when passed object-dtype sequences (matching Series behavior)
  return Index(sequences[0], name=names)
  [Fase 2 (infra fija)] estacion=station_1 dia=305 -> C:\Users\TECNO-MASTER\Desktop\Elmo_infrastructure_sizing_NP-\output\DCH_septiembre\Bateria_353\Costo_variable\Swap_libre\Swap_variable_3estaciones_160kW_Descomp/station_1_d305
✔ Warm start Y: 244 cargados, 0 omitidos
✔ Warm start Z: 467 cargados, 0 omitidos
✔ Warm start Z_swap: 9 cargados, 0 omitidos
✔ Warm start N_chargers: 0 cargados, 1 omitidos
✔ Warm start N_bays: 0 cargados, 1 omitidos
✔ Warm start X: 0 cargados, 1 omitidos
✔ Warm start N_batteries: 0 cargados, 1 omitidos
✔ Warm start completo desde 'C:\Users\TECNO-MASTER\Desktop\Elmo_infrastructure_sizing_NP-\output\DCH_septiembre\Bateria_353\Costo_variable\Swap_libre\Swap_variable_3estaciones_160kW_Descomp\station_1_d305_stage1': 720 valores cargados, 4 omitidos
formulation time: 7.3799355030059814
Set parameter OutputFlag to value 1
Set parameter OutputFlag to value 1
Set parameter LogToConsole to value 1
Set parameter MIPGap to value 0.05
Set parameter TimeLimit to value 1200
Set parameter LogFile to value "C:\Users\TECNO-MASTER\Desktop\Elmo_infrastructure_sizing_NP-\output\DCH_septiembre\Bateria_353\Costo_variable\Swap_libre\Swap_variable_3estaciones_160kW_Descomp\station_1_d305\ELMO_log.txt"
Set parameter Threads to value 1
Set parameter Heuristics to value 0.5
Set parameter MIPFocus to value 3
Set parameter Presolve to value 2
Set parameter FlowCoverCuts to value 2
Gurobi Optimizer version 12.0.3 build v12.0.3rc0 (win64 - Windows 11+.0 (26200.2))

CPU model: Intel(R) Core(TM) i9-14900K, instruction set [SSE2|AVX|AVX2]
Thread count: 24 physical cores, 32 logical processors, using up to 1 threads

Non-default parameters:
TimeLimit  1200
MIPGap  0.05
Heuristics  0.5
MIPFocus  3
FlowCoverCuts  2
Presolve  2
Threads  1

Optimize a model with 26328 rows, 53707 columns and 243354 nonzeros
Model fingerprint: 0x58f145f1
Variable types: 2099 continuous, 51608 integer (18485 binary)
Coefficient statistics:
  Matrix range     [1e+00, 3e+02]
  Objective range  [1e-01, 1e+02]
  Bounds range     [1e+00, 3e+00]
  RHS range        [1e+00, 1e+04]

Warning: Completing partial solution with 50884 unfixed non-continuous variables out of 51608
User MIP start produced solution with objective 180503 (0.04s)
Loaded user MIP start with objective 180503


Explored 0 nodes (0 simplex iterations) in 0.04 seconds (0.06 work units)
Thread count was 1 (of 32 available processors)

Solution count 2: 180503 180503 

Optimal solution found (tolerance 5.00e-02)
Best objective 1.805031928000e+05, best bound 1.746730000000e+05, gap 3.2300%
C:\Users\TECNO-MASTER\anaconda3\lib\site-packages\pandas\core\indexes\base.py:6999: FutureWarning: In a future version, the Index constructor will not infer numeric dtypes when passed object-dtype sequences (matching Series behavior)
  return Index(sequences[0], name=names)
  [Fase 2 (infra fija)] estacion=station_1 dia=244 -> C:\Users\TECNO-MASTER\Desktop\Elmo_infrastructure_sizing_NP-\output\DCH_septiembre\Bateria_353\Costo_variable\Swap_libre\Swap_variable_3estaciones_160kW_Descomp/station_1_d244
✔ Warm start Y: 245 cargados, 0 omitidos
✔ Warm start Z: 466 cargados, 0 omitidos
✔ Warm start Z_swap: 9 cargados, 0 omitidos
✔ Warm start N_chargers: 0 cargados, 1 omitidos
✔ Warm start N_bays: 0 cargados, 1 omitidos
✔ Warm start X: 0 cargados, 1 omitidos
✔ Warm start N_batteries: 0 cargados, 1 omitidos
✔ Warm start completo desde 'C:\Users\TECNO-MASTER\Desktop\Elmo_infrastructure_sizing_NP-\output\DCH_septiembre\Bateria_353\Costo_variable\Swap_libre\Swap_variable_3estaciones_160kW_Descomp\station_1_d244_stage1': 720 valores cargados, 4 omitidos
formulation time: 7.472025156021118
Set parameter OutputFlag to value 1
Set parameter OutputFlag to value 1
Set parameter LogToConsole to value 1
Set parameter MIPGap to value 0.05
Set parameter TimeLimit to value 1200
Set parameter LogFile to value "C:\Users\TECNO-MASTER\Desktop\Elmo_infrastructure_sizing_NP-\output\DCH_septiembre\Bateria_353\Costo_variable\Swap_libre\Swap_variable_3estaciones_160kW_Descomp\station_1_d244\ELMO_log.txt"
Set parameter Threads to value 1
Set parameter Heuristics to value 0.5
Set parameter MIPFocus to value 3
Set parameter Presolve to value 2
Set parameter FlowCoverCuts to value 2
Gurobi Optimizer version 12.0.3 build v12.0.3rc0 (win64 - Windows 11+.0 (26200.2))

CPU model: Intel(R) Core(TM) i9-14900K, instruction set [SSE2|AVX|AVX2]
Thread count: 24 physical cores, 32 logical processors, using up to 1 threads

Non-default parameters:
TimeLimit  1200
MIPGap  0.05
Heuristics  0.5
MIPFocus  3
FlowCoverCuts  2
Presolve  2
Threads  1

Optimize a model with 26358 rows, 53707 columns and 243414 nonzeros
Model fingerprint: 0x71083e0d
Variable types: 2099 continuous, 51608 integer (18485 binary)
Coefficient statistics:
  Matrix range     [1e+00, 3e+02]
  Objective range  [8e-03, 1e+02]
  Bounds range     [1e+00, 3e+00]
  RHS range        [1e+00, 1e+04]

Warning: Completing partial solution with 50884 unfixed non-continuous variables out of 51608
User MIP start produced solution with objective 180051 (0.03s)
Loaded user MIP start with objective 180051


Explored 0 nodes (0 simplex iterations) in 0.04 seconds (0.06 work units)
Thread count was 1 (of 32 available processors)

Solution count 2: 180051 180051 

Optimal solution found (tolerance 5.00e-02)
Best objective 1.800505478328e+05, best bound 1.746730000000e+05, gap 2.9867%
C:\Users\TECNO-MASTER\anaconda3\lib\site-packages\pandas\core\indexes\base.py:6999: FutureWarning: In a future version, the Index constructor will not infer numeric dtypes when passed object-dtype sequences (matching Series behavior)
  return Index(sequences[0], name=names)
  [Fase 2 (infra fija)] estacion=station_1 dia=213 -> C:\Users\TECNO-MASTER\Desktop\Elmo_infrastructure_sizing_NP-\output\DCH_septiembre\Bateria_353\Costo_variable\Swap_libre\Swap_variable_3estaciones_160kW_Descomp/station_1_d213
✔ Warm start Y: 247 cargados, 0 omitidos
✔ Warm start Z: 464 cargados, 0 omitidos
✔ Warm start Z_swap: 9 cargados, 0 omitidos
✔ Warm start N_chargers: 0 cargados, 1 omitidos
✔ Warm start N_bays: 0 cargados, 1 omitidos
✔ Warm start X: 0 cargados, 1 omitidos
✔ Warm start N_batteries: 0 cargados, 1 omitidos
✔ Warm start completo desde 'C:\Users\TECNO-MASTER\Desktop\Elmo_infrastructure_sizing_NP-\output\DCH_septiembre\Bateria_353\Costo_variable\Swap_libre\Swap_variable_3estaciones_160kW_Descomp\station_1_d213_stage1': 720 valores cargados, 4 omitidos
formulation time: 7.368435859680176
Set parameter OutputFlag to value 1
Set parameter OutputFlag to value 1
Set parameter LogToConsole to value 1
Set parameter MIPGap to value 0.05
Set parameter TimeLimit to value 1200
Set parameter LogFile to value "C:\Users\TECNO-MASTER\Desktop\Elmo_infrastructure_sizing_NP-\output\DCH_septiembre\Bateria_353\Costo_variable\Swap_libre\Swap_variable_3estaciones_160kW_Descomp\station_1_d213\ELMO_log.txt"
Set parameter Threads to value 1
Set parameter Heuristics to value 0.5
Set parameter MIPFocus to value 3
Set parameter Presolve to value 2
Set parameter FlowCoverCuts to value 2
Gurobi Optimizer version 12.0.3 build v12.0.3rc0 (win64 - Windows 11+.0 (26200.2))

CPU model: Intel(R) Core(TM) i9-14900K, instruction set [SSE2|AVX|AVX2]
Thread count: 24 physical cores, 32 logical processors, using up to 1 threads

Non-default parameters:
TimeLimit  1200
MIPGap  0.05
Heuristics  0.5
MIPFocus  3
FlowCoverCuts  2
Presolve  2
Threads  1

Optimize a model with 26358 rows, 53707 columns and 243414 nonzeros
Model fingerprint: 0xa1d30656
Variable types: 2099 continuous, 51608 integer (18485 binary)
Coefficient statistics:
  Matrix range     [1e+00, 3e+02]
  Objective range  [8e-03, 1e+02]
  Bounds range     [1e+00, 3e+00]
  RHS range        [1e+00, 1e+04]

Warning: Completing partial solution with 50884 unfixed non-continuous variables out of 51608
User MIP start produced solution with objective 180312 (0.04s)
Loaded user MIP start with objective 180312


Explored 0 nodes (0 simplex iterations) in 0.04 seconds (0.06 work units)
Thread count was 1 (of 32 available processors)

Solution count 2: 180312 180312 

Optimal solution found (tolerance 5.00e-02)
Best objective 1.803117632417e+05, best bound 1.746730000000e+05, gap 3.1272%
C:\Users\TECNO-MASTER\anaconda3\lib\site-packages\pandas\core\indexes\base.py:6999: FutureWarning: In a future version, the Index constructor will not infer numeric dtypes when passed object-dtype sequences (matching Series behavior)
  return Index(sequences[0], name=names)
  [Fase 2 (infra fija)] estacion=station_1 dia=274 -> C:\Users\TECNO-MASTER\Desktop\Elmo_infrastructure_sizing_NP-\output\DCH_septiembre\Bateria_353\Costo_variable\Swap_libre\Swap_variable_3estaciones_160kW_Descomp/station_1_d274
✔ Warm start Y: 244 cargados, 0 omitidos
✔ Warm start Z: 467 cargados, 0 omitidos
✔ Warm start Z_swap: 9 cargados, 0 omitidos
✔ Warm start N_chargers: 0 cargados, 1 omitidos
✔ Warm start N_bays: 0 cargados, 1 omitidos
✔ Warm start X: 0 cargados, 1 omitidos
✔ Warm start N_batteries: 0 cargados, 1 omitidos
✔ Warm start completo desde 'C:\Users\TECNO-MASTER\Desktop\Elmo_infrastructure_sizing_NP-\output\DCH_septiembre\Bateria_353\Costo_variable\Swap_libre\Swap_variable_3estaciones_160kW_Descomp\station_1_d274_stage1': 720 valores cargados, 4 omitidos
formulation time: 7.441352367401123
Set parameter OutputFlag to value 1
Set parameter OutputFlag to value 1
Set parameter LogToConsole to value 1
Set parameter MIPGap to value 0.05
Set parameter TimeLimit to value 1200
Set parameter LogFile to value "C:\Users\TECNO-MASTER\Desktop\Elmo_infrastructure_sizing_NP-\output\DCH_septiembre\Bateria_353\Costo_variable\Swap_libre\Swap_variable_3estaciones_160kW_Descomp\station_1_d274\ELMO_log.txt"
Set parameter Threads to value 1
Set parameter Heuristics to value 0.5
Set parameter MIPFocus to value 3
Set parameter Presolve to value 2
Set parameter FlowCoverCuts to value 2
Gurobi Optimizer version 12.0.3 build v12.0.3rc0 (win64 - Windows 11+.0 (26200.2))

CPU model: Intel(R) Core(TM) i9-14900K, instruction set [SSE2|AVX|AVX2]
Thread count: 24 physical cores, 32 logical processors, using up to 1 threads

Non-default parameters:
TimeLimit  1200
MIPGap  0.05
Heuristics  0.5
MIPFocus  3
FlowCoverCuts  2
Presolve  2
Threads  1

Optimize a model with 26328 rows, 53707 columns and 243354 nonzeros
Model fingerprint: 0xcc160796
Variable types: 2099 continuous, 51608 integer (18485 binary)
Coefficient statistics:
  Matrix range     [1e+00, 3e+02]
  Objective range  [4e-03, 1e+02]
  Bounds range     [1e+00, 3e+00]
  RHS range        [1e+00, 1e+04]

Warning: Completing partial solution with 50884 unfixed non-continuous variables out of 51608
User MIP start produced solution with objective 179112 (0.03s)
Loaded user MIP start with objective 179112


Explored 0 nodes (0 simplex iterations) in 0.04 seconds (0.06 work units)
Thread count was 1 (of 32 available processors)

Solution count 2: 179112 179112 

Optimal solution found (tolerance 5.00e-02)
Best objective 1.791115144280e+05, best bound 1.746730000000e+05, gap 2.4781%
C:\Users\TECNO-MASTER\anaconda3\lib\site-packages\pandas\core\indexes\base.py:6999: FutureWarning: In a future version, the Index constructor will not infer numeric dtypes when passed object-dtype sequences (matching Series behavior)
  return Index(sequences[0], name=names)
C:\Users\TECNO-MASTER\anaconda3\lib\site-packages\pandas\core\indexes\base.py:6999: FutureWarning: In a future version, the Index constructor will not infer numeric dtypes when passed object-dtype sequences (matching Series behavior)
  return Index(sequences[0], name=names)
  [Fase 2 (infra fija)] estacion=station_2 dia=60 -> C:\Users\TECNO-MASTER\Desktop\Elmo_infrastructure_sizing_NP-\output\DCH_septiembre\Bateria_353\Costo_variable\Swap_libre\Swap_variable_3estaciones_160kW_Descomp/station_2_d60
✔ Warm start Y: 257 cargados, 0 omitidos
✔ Warm start Z: 454 cargados, 0 omitidos
✔ Warm start Z_swap: 9 cargados, 0 omitidos
✔ Warm start N_chargers: 0 cargados, 1 omitidos
✔ Warm start N_bays: 0 cargados, 1 omitidos
✔ Warm start X: 0 cargados, 1 omitidos
✔ Warm start N_batteries: 0 cargados, 1 omitidos
✔ Warm start completo desde 'C:\Users\TECNO-MASTER\Desktop\Elmo_infrastructure_sizing_NP-\output\DCH_septiembre\Bateria_353\Costo_variable\Swap_libre\Swap_variable_3estaciones_160kW_Descomp\station_2_d60_stage1': 720 valores cargados, 4 omitidos
formulation time: 7.671504020690918
Set parameter OutputFlag to value 1
Set parameter OutputFlag to value 1
Set parameter LogToConsole to value 1
Set parameter MIPGap to value 0.05
Set parameter TimeLimit to value 1200
Set parameter LogFile to value "C:\Users\TECNO-MASTER\Desktop\Elmo_infrastructure_sizing_NP-\output\DCH_septiembre\Bateria_353\Costo_variable\Swap_libre\Swap_variable_3estaciones_160kW_Descomp\station_2_d60\ELMO_log.txt"
Set parameter Threads to value 1
Set parameter Heuristics to value 0.5
Set parameter MIPFocus to value 3
Set parameter Presolve to value 2
Set parameter FlowCoverCuts to value 2
Gurobi Optimizer version 12.0.3 build v12.0.3rc0 (win64 - Windows 11+.0 (26200.2))

CPU model: Intel(R) Core(TM) i9-14900K, instruction set [SSE2|AVX|AVX2]
Thread count: 24 physical cores, 32 logical processors, using up to 1 threads

Non-default parameters:
TimeLimit  1200
MIPGap  0.05
Heuristics  0.5
MIPFocus  3
FlowCoverCuts  2
Presolve  2
Threads  1

Optimize a model with 26358 rows, 54733 columns and 248406 nonzeros
Model fingerprint: 0x59a89f84
Variable types: 2129 continuous, 52604 integer (19481 binary)
Coefficient statistics:
  Matrix range     [1e+00, 3e+02]
  Objective range  [9e-03, 1e+02]
  Bounds range     [1e+00, 3e+00]
  RHS range        [1e+00, 1e+04]

Warning: Completing partial solution with 51880 unfixed non-continuous variables out of 52604
User MIP start produced solution with objective 284290 (0.03s)
Loaded user MIP start with objective 284290


Explored 0 nodes (0 simplex iterations) in 0.04 seconds (0.06 work units)
Thread count was 1 (of 32 available processors)

Solution count 2: 284290 284290 

Optimal solution found (tolerance 5.00e-02)
Best objective 2.842904362575e+05, best bound 2.816350000000e+05, gap 0.9341%
  [Fase 2 (infra fija)] estacion=station_1 dia=335 -> C:\Users\TECNO-MASTER\Desktop\Elmo_infrastructure_sizing_NP-\output\DCH_septiembre\Bateria_353\Costo_variable\Swap_libre\Swap_variable_3estaciones_160kW_Descomp/station_1_d335
✔ Warm start Y: 245 cargados, 0 omitidos
✔ Warm start Z: 464 cargados, 0 omitidos
✔ Warm start Z_swap: 11 cargados, 0 omitidos
✔ Warm start N_chargers: 0 cargados, 1 omitidos
✔ Warm start N_bays: 0 cargados, 1 omitidos
✔ Warm start X: 0 cargados, 1 omitidos
✔ Warm start N_batteries: 0 cargados, 1 omitidos
✔ Warm start completo desde 'C:\Users\TECNO-MASTER\Desktop\Elmo_infrastructure_sizing_NP-\output\DCH_septiembre\Bateria_353\Costo_variable\Swap_libre\Swap_variable_3estaciones_160kW_Descomp\station_1_d335_stage1': 720 valores cargados, 4 omitidos
formulation time: 7.410639047622681
Set parameter OutputFlag to value 1
Set parameter OutputFlag to value 1
Set parameter LogToConsole to value 1
Set parameter MIPGap to value 0.05
Set parameter TimeLimit to value 1200
Set parameter LogFile to value "C:\Users\TECNO-MASTER\Desktop\Elmo_infrastructure_sizing_NP-\output\DCH_septiembre\Bateria_353\Costo_variable\Swap_libre\Swap_variable_3estaciones_160kW_Descomp\station_1_d335\ELMO_log.txt"
Set parameter Threads to value 1
Set parameter Heuristics to value 0.5
Set parameter MIPFocus to value 3
Set parameter Presolve to value 2
Set parameter FlowCoverCuts to value 2
Gurobi Optimizer version 12.0.3 build v12.0.3rc0 (win64 - Windows 11+.0 (26200.2))

CPU model: Intel(R) Core(TM) i9-14900K, instruction set [SSE2|AVX|AVX2]
Thread count: 24 physical cores, 32 logical processors, using up to 1 threads

Non-default parameters:
TimeLimit  1200
MIPGap  0.05
Heuristics  0.5
MIPFocus  3
FlowCoverCuts  2
Presolve  2
Threads  1

Optimize a model with 26328 rows, 53707 columns and 243354 nonzeros
Model fingerprint: 0xfb181e8c
Variable types: 2099 continuous, 51608 integer (18485 binary)
Coefficient statistics:
  Matrix range     [1e+00, 3e+02]
  Objective range  [4e-03, 1e+02]
  Bounds range     [1e+00, 3e+00]
  RHS range        [1e+00, 1e+04]

Warning: Completing partial solution with 50884 unfixed non-continuous variables out of 51608
User MIP start produced solution with objective 182107 (0.04s)
Loaded user MIP start with objective 182107


Explored 0 nodes (0 simplex iterations) in 0.04 seconds (0.06 work units)
Thread count was 1 (of 32 available processors)

Solution count 2: 182107 182107 

Optimal solution found (tolerance 5.00e-02)
Best objective 1.821066027604e+05, best bound 1.746730000000e+05, gap 4.0820%
C:\Users\TECNO-MASTER\anaconda3\lib\site-packages\pandas\core\indexes\base.py:6999: FutureWarning: In a future version, the Index constructor will not infer numeric dtypes when passed object-dtype sequences (matching Series behavior)
  return Index(sequences[0], name=names)
C:\Users\TECNO-MASTER\anaconda3\lib\site-packages\pandas\core\indexes\base.py:6999: FutureWarning: In a future version, the Index constructor will not infer numeric dtypes when passed object-dtype sequences (matching Series behavior)
  return Index(sequences[0], name=names)
  [Fase 2 (infra fija)] estacion=station_2 dia=121 -> C:\Users\TECNO-MASTER\Desktop\Elmo_infrastructure_sizing_NP-\output\DCH_septiembre\Bateria_353\Costo_variable\Swap_libre\Swap_variable_3estaciones_160kW_Descomp/station_2_d121
✔ Warm start Y: 257 cargados, 0 omitidos
✔ Warm start Z: 453 cargados, 0 omitidos
✔ Warm start Z_swap: 10 cargados, 0 omitidos
✔ Warm start N_chargers: 0 cargados, 1 omitidos
✔ Warm start N_bays: 0 cargados, 1 omitidos
✔ Warm start X: 0 cargados, 1 omitidos
✔ Warm start N_batteries: 0 cargados, 1 omitidos
✔ Warm start completo desde 'C:\Users\TECNO-MASTER\Desktop\Elmo_infrastructure_sizing_NP-\output\DCH_septiembre\Bateria_353\Costo_variable\Swap_libre\Swap_variable_3estaciones_160kW_Descomp\station_2_d121_stage1': 720 valores cargados, 4 omitidos
formulation time: 7.75990629196167
Set parameter OutputFlag to value 1
Set parameter OutputFlag to value 1
Set parameter LogToConsole to value 1
Set parameter MIPGap to value 0.05
Set parameter TimeLimit to value 1200
Set parameter LogFile to value "C:\Users\TECNO-MASTER\Desktop\Elmo_infrastructure_sizing_NP-\output\DCH_septiembre\Bateria_353\Costo_variable\Swap_libre\Swap_variable_3estaciones_160kW_Descomp\station_2_d121\ELMO_log.txt"
Set parameter Threads to value 1
Set parameter Heuristics to value 0.5
Set parameter MIPFocus to value 3
Set parameter Presolve to value 2
Set parameter FlowCoverCuts to value 2
Gurobi Optimizer version 12.0.3 build v12.0.3rc0 (win64 - Windows 11+.0 (26200.2))

CPU model: Intel(R) Core(TM) i9-14900K, instruction set [SSE2|AVX|AVX2]
Thread count: 24 physical cores, 32 logical processors, using up to 1 threads

Non-default parameters:
TimeLimit  1200
MIPGap  0.05
Heuristics  0.5
MIPFocus  3
FlowCoverCuts  2
Presolve  2
Threads  1

Optimize a model with 26388 rows, 54733 columns and 248466 nonzeros
Model fingerprint: 0x7c52dd5c
Variable types: 2129 continuous, 52604 integer (19481 binary)
Coefficient statistics:
  Matrix range     [1e+00, 3e+02]
  Objective range  [8e-03, 1e+02]
  Bounds range     [1e+00, 3e+00]
  RHS range        [1e+00, 1e+04]

Warning: Completing partial solution with 51880 unfixed non-continuous variables out of 52604
User MIP start produced solution with objective 283051 (0.03s)
Loaded user MIP start with objective 283051


Explored 0 nodes (0 simplex iterations) in 0.04 seconds (0.06 work units)
Thread count was 1 (of 32 available processors)

Solution count 2: 283051 283051 

Optimal solution found (tolerance 5.00e-02)
Best objective 2.830509629176e+05, best bound 2.816350000000e+05, gap 0.5003%
C:\Users\TECNO-MASTER\anaconda3\lib\site-packages\pandas\core\indexes\base.py:6999: FutureWarning: In a future version, the Index constructor will not infer numeric dtypes when passed object-dtype sequences (matching Series behavior)
  return Index(sequences[0], name=names)
  [Fase 2 (infra fija)] estacion=station_2 dia=32 -> C:\Users\TECNO-MASTER\Desktop\Elmo_infrastructure_sizing_NP-\output\DCH_septiembre\Bateria_353\Costo_variable\Swap_libre\Swap_variable_3estaciones_160kW_Descomp/station_2_d32
✔ Warm start Y: 257 cargados, 0 omitidos
✔ Warm start Z: 453 cargados, 0 omitidos
✔ Warm start Z_swap: 10 cargados, 0 omitidos
✔ Warm start N_chargers: 0 cargados, 1 omitidos
✔ Warm start N_bays: 0 cargados, 1 omitidos
✔ Warm start X: 0 cargados, 1 omitidos
✔ Warm start N_batteries: 0 cargados, 1 omitidos
✔ Warm start completo desde 'C:\Users\TECNO-MASTER\Desktop\Elmo_infrastructure_sizing_NP-\output\DCH_septiembre\Bateria_353\Costo_variable\Swap_libre\Swap_variable_3estaciones_160kW_Descomp\station_2_d32_stage1': 720 valores cargados, 4 omitidos
formulation time: 7.6668171882629395
Set parameter OutputFlag to value 1
Set parameter OutputFlag to value 1
Set parameter LogToConsole to value 1
Set parameter MIPGap to value 0.05
Set parameter TimeLimit to value 1200
Set parameter LogFile to value "C:\Users\TECNO-MASTER\Desktop\Elmo_infrastructure_sizing_NP-\output\DCH_septiembre\Bateria_353\Costo_variable\Swap_libre\Swap_variable_3estaciones_160kW_Descomp\station_2_d32\ELMO_log.txt"
Set parameter Threads to value 1
Set parameter Heuristics to value 0.5
Set parameter MIPFocus to value 3
Set parameter Presolve to value 2
Set parameter FlowCoverCuts to value 2
Gurobi Optimizer version 12.0.3 build v12.0.3rc0 (win64 - Windows 11+.0 (26200.2))

CPU model: Intel(R) Core(TM) i9-14900K, instruction set [SSE2|AVX|AVX2]
Thread count: 24 physical cores, 32 logical processors, using up to 1 threads

Non-default parameters:
TimeLimit  1200
MIPGap  0.05
Heuristics  0.5
MIPFocus  3
FlowCoverCuts  2
Presolve  2
Threads  1

Optimize a model with 26358 rows, 54733 columns and 248406 nonzeros
Model fingerprint: 0xbb1dc32b
Variable types: 2129 continuous, 52604 integer (19481 binary)
Coefficient statistics:
  Matrix range     [1e+00, 3e+02]
  Objective range  [3e-03, 1e+02]
  Bounds range     [1e+00, 3e+00]
  RHS range        [1e+00, 1e+04]

Warning: Completing partial solution with 51880 unfixed non-continuous variables out of 52604
User MIP start produced solution with objective 286343 (0.04s)
Loaded user MIP start with objective 286343


Explored 0 nodes (0 simplex iterations) in 0.05 seconds (0.06 work units)
Thread count was 1 (of 32 available processors)

Solution count 2: 286343 286343 

Optimal solution found (tolerance 5.00e-02)
Best objective 2.863426588064e+05, best bound 2.816350000000e+05, gap 1.6441%
C:\Users\TECNO-MASTER\anaconda3\lib\site-packages\pandas\core\indexes\base.py:6999: FutureWarning: In a future version, the Index constructor will not infer numeric dtypes when passed object-dtype sequences (matching Series behavior)
  return Index(sequences[0], name=names)
  [Fase 2 (infra fija)] estacion=station_2 dia=91 -> C:\Users\TECNO-MASTER\Desktop\Elmo_infrastructure_sizing_NP-\output\DCH_septiembre\Bateria_353\Costo_variable\Swap_libre\Swap_variable_3estaciones_160kW_Descomp/station_2_d91
✔ Warm start Y: 257 cargados, 0 omitidos
✔ Warm start Z: 454 cargados, 0 omitidos
✔ Warm start Z_swap: 9 cargados, 0 omitidos
✔ Warm start N_chargers: 0 cargados, 1 omitidos
✔ Warm start N_bays: 0 cargados, 1 omitidos
✔ Warm start X: 0 cargados, 1 omitidos
✔ Warm start N_batteries: 0 cargados, 1 omitidos
✔ Warm start completo desde 'C:\Users\TECNO-MASTER\Desktop\Elmo_infrastructure_sizing_NP-\output\DCH_septiembre\Bateria_353\Costo_variable\Swap_libre\Swap_variable_3estaciones_160kW_Descomp\station_2_d91_stage1': 720 valores cargados, 4 omitidos
formulation time: 7.689277648925781
Set parameter OutputFlag to value 1
Set parameter OutputFlag to value 1
Set parameter LogToConsole to value 1
Set parameter MIPGap to value 0.05
Set parameter TimeLimit to value 1200
Set parameter LogFile to value "C:\Users\TECNO-MASTER\Desktop\Elmo_infrastructure_sizing_NP-\output\DCH_septiembre\Bateria_353\Costo_variable\Swap_libre\Swap_variable_3estaciones_160kW_Descomp\station_2_d91\ELMO_log.txt"
Set parameter Threads to value 1
Set parameter Heuristics to value 0.5
Set parameter MIPFocus to value 3
Set parameter Presolve to value 2
Set parameter FlowCoverCuts to value 2
Gurobi Optimizer version 12.0.3 build v12.0.3rc0 (win64 - Windows 11+.0 (26200.2))

CPU model: Intel(R) Core(TM) i9-14900K, instruction set [SSE2|AVX|AVX2]
Thread count: 24 physical cores, 32 logical processors, using up to 1 threads

Non-default parameters:
TimeLimit  1200
MIPGap  0.05
Heuristics  0.5
MIPFocus  3
FlowCoverCuts  2
Presolve  2
Threads  1

Optimize a model with 26388 rows, 54733 columns and 248466 nonzeros
Model fingerprint: 0x39aa579a
Variable types: 2129 continuous, 52604 integer (19481 binary)
Coefficient statistics:
  Matrix range     [1e+00, 3e+02]
  Objective range  [1e-02, 1e+02]
  Bounds range     [1e+00, 3e+00]
  RHS range        [1e+00, 1e+04]

Warning: Completing partial solution with 51880 unfixed non-continuous variables out of 52604
User MIP start produced solution with objective 286038 (0.03s)
Loaded user MIP start with objective 286038


Explored 0 nodes (0 simplex iterations) in 0.04 seconds (0.06 work units)
Thread count was 1 (of 32 available processors)

Solution count 2: 286038 286038 

Optimal solution found (tolerance 5.00e-02)
Best objective 2.860379241650e+05, best bound 2.816350000000e+05, gap 1.5393%
C:\Users\TECNO-MASTER\anaconda3\lib\site-packages\pandas\core\indexes\base.py:6999: FutureWarning: In a future version, the Index constructor will not infer numeric dtypes when passed object-dtype sequences (matching Series behavior)
  return Index(sequences[0], name=names)
  [Fase 2 (infra fija)] estacion=station_2 dia=213 -> C:\Users\TECNO-MASTER\Desktop\Elmo_infrastructure_sizing_NP-\output\DCH_septiembre\Bateria_353\Costo_variable\Swap_libre\Swap_variable_3estaciones_160kW_Descomp/station_2_d213
✔ Warm start Y: 256 cargados, 0 omitidos
✔ Warm start Z: 455 cargados, 0 omitidos
✔ Warm start Z_swap: 9 cargados, 0 omitidos
✔ Warm start N_chargers: 0 cargados, 1 omitidos
✔ Warm start N_bays: 0 cargados, 1 omitidos
✔ Warm start X: 0 cargados, 1 omitidos
✔ Warm start N_batteries: 0 cargados, 1 omitidos
✔ Warm start completo desde 'C:\Users\TECNO-MASTER\Desktop\Elmo_infrastructure_sizing_NP-\output\DCH_septiembre\Bateria_353\Costo_variable\Swap_libre\Swap_variable_3estaciones_160kW_Descomp\station_2_d213_stage1': 720 valores cargados, 4 omitidos
formulation time: 7.651634454727173
Set parameter OutputFlag to value 1
Set parameter OutputFlag to value 1
Set parameter LogToConsole to value 1
Set parameter MIPGap to value 0.05
Set parameter TimeLimit to value 1200
Set parameter LogFile to value "C:\Users\TECNO-MASTER\Desktop\Elmo_infrastructure_sizing_NP-\output\DCH_septiembre\Bateria_353\Costo_variable\Swap_libre\Swap_variable_3estaciones_160kW_Descomp\station_2_d213\ELMO_log.txt"
Set parameter Threads to value 1
Set parameter Heuristics to value 0.5
Set parameter MIPFocus to value 3
Set parameter Presolve to value 2
Set parameter FlowCoverCuts to value 2
Gurobi Optimizer version 12.0.3 build v12.0.3rc0 (win64 - Windows 11+.0 (26200.2))

CPU model: Intel(R) Core(TM) i9-14900K, instruction set [SSE2|AVX|AVX2]
Thread count: 24 physical cores, 32 logical processors, using up to 1 threads

Non-default parameters:
TimeLimit  1200
MIPGap  0.05
Heuristics  0.5
MIPFocus  3
FlowCoverCuts  2
Presolve  2
Threads  1

Optimize a model with 26388 rows, 54733 columns and 248466 nonzeros
Model fingerprint: 0x5ff35922
Variable types: 2129 continuous, 52604 integer (19481 binary)
Coefficient statistics:
  Matrix range     [1e+00, 3e+02]
  Objective range  [8e-03, 1e+02]
  Bounds range     [1e+00, 3e+00]
  RHS range        [1e+00, 1e+04]

Warning: Completing partial solution with 51880 unfixed non-continuous variables out of 52604
User MIP start produced solution with objective 285669 (0.04s)
Loaded user MIP start with objective 285669


Explored 0 nodes (0 simplex iterations) in 0.04 seconds (0.06 work units)
Thread count was 1 (of 32 available processors)

Solution count 2: 285669 285669 

Optimal solution found (tolerance 5.00e-02)
Best objective 2.856689997036e+05, best bound 2.816350000000e+05, gap 1.4121%
C:\Users\TECNO-MASTER\anaconda3\lib\site-packages\pandas\core\indexes\base.py:6999: FutureWarning: In a future version, the Index constructor will not infer numeric dtypes when passed object-dtype sequences (matching Series behavior)
  return Index(sequences[0], name=names)
  [Fase 2 (infra fija)] estacion=station_2 dia=305 -> C:\Users\TECNO-MASTER\Desktop\Elmo_infrastructure_sizing_NP-\output\DCH_septiembre\Bateria_353\Costo_variable\Swap_libre\Swap_variable_3estaciones_160kW_Descomp/station_2_d305
✔ Warm start Y: 257 cargados, 0 omitidos
✔ Warm start Z: 453 cargados, 0 omitidos
✔ Warm start Z_swap: 10 cargados, 0 omitidos
✔ Warm start N_chargers: 0 cargados, 1 omitidos
✔ Warm start N_bays: 0 cargados, 1 omitidos
✔ Warm start X: 0 cargados, 1 omitidos
✔ Warm start N_batteries: 0 cargados, 1 omitidos
✔ Warm start completo desde 'C:\Users\TECNO-MASTER\Desktop\Elmo_infrastructure_sizing_NP-\output\DCH_septiembre\Bateria_353\Costo_variable\Swap_libre\Swap_variable_3estaciones_160kW_Descomp\station_2_d305_stage1': 720 valores cargados, 4 omitidos
formulation time: 7.767550945281982
Set parameter OutputFlag to value 1
Set parameter OutputFlag to value 1
Set parameter LogToConsole to value 1
Set parameter MIPGap to value 0.05
Set parameter TimeLimit to value 1200
Set parameter LogFile to value "C:\Users\TECNO-MASTER\Desktop\Elmo_infrastructure_sizing_NP-\output\DCH_septiembre\Bateria_353\Costo_variable\Swap_libre\Swap_variable_3estaciones_160kW_Descomp\station_2_d305\ELMO_log.txt"
Set parameter Threads to value 1
Set parameter Heuristics to value 0.5
Set parameter MIPFocus to value 3
Set parameter Presolve to value 2
Set parameter FlowCoverCuts to value 2
Gurobi Optimizer version 12.0.3 build v12.0.3rc0 (win64 - Windows 11+.0 (26200.2))

CPU model: Intel(R) Core(TM) i9-14900K, instruction set [SSE2|AVX|AVX2]
Thread count: 24 physical cores, 32 logical processors, using up to 1 threads

Non-default parameters:
TimeLimit  1200
MIPGap  0.05
Heuristics  0.5
MIPFocus  3
FlowCoverCuts  2
Presolve  2
Threads  1

Optimize a model with 26358 rows, 54733 columns and 248406 nonzeros
Model fingerprint: 0x8c2bb398
Variable types: 2129 continuous, 52604 integer (19481 binary)
Coefficient statistics:
  Matrix range     [1e+00, 3e+02]
  Objective range  [1e-01, 1e+02]
  Bounds range     [1e+00, 3e+00]
  RHS range        [1e+00, 1e+04]

Warning: Completing partial solution with 51880 unfixed non-continuous variables out of 52604
User MIP start produced solution with objective 287188 (0.04s)
Loaded user MIP start with objective 287188


Explored 0 nodes (0 simplex iterations) in 0.04 seconds (0.06 work units)
Thread count was 1 (of 32 available processors)

Solution count 2: 287188 287188 

Optimal solution found (tolerance 5.00e-02)
Best objective 2.871876686912e+05, best bound 2.816350000000e+05, gap 1.9335%
C:\Users\TECNO-MASTER\anaconda3\lib\site-packages\pandas\core\indexes\base.py:6999: FutureWarning: In a future version, the Index constructor will not infer numeric dtypes when passed object-dtype sequences (matching Series behavior)
  return Index(sequences[0], name=names)
  [Fase 2 (infra fija)] estacion=station_2 dia=1 -> C:\Users\TECNO-MASTER\Desktop\Elmo_infrastructure_sizing_NP-\output\DCH_septiembre\Bateria_353\Costo_variable\Swap_libre\Swap_variable_3estaciones_160kW_Descomp/station_2_d1
✔ Warm start Y: 258 cargados, 0 omitidos
✔ Warm start Z: 452 cargados, 0 omitidos
✔ Warm start Z_swap: 10 cargados, 0 omitidos
✔ Warm start N_chargers: 0 cargados, 1 omitidos
✔ Warm start N_bays: 0 cargados, 1 omitidos
✔ Warm start X: 0 cargados, 1 omitidos
✔ Warm start N_batteries: 0 cargados, 1 omitidos
✔ Warm start completo desde 'C:\Users\TECNO-MASTER\Desktop\Elmo_infrastructure_sizing_NP-\output\DCH_septiembre\Bateria_353\Costo_variable\Swap_libre\Swap_variable_3estaciones_160kW_Descomp\station_2_d1_stage1': 720 valores cargados, 4 omitidos
formulation time: 7.7536609172821045
Set parameter OutputFlag to value 1
Set parameter OutputFlag to value 1
Set parameter LogToConsole to value 1
Set parameter MIPGap to value 0.05
Set parameter TimeLimit to value 1200
Set parameter LogFile to value "C:\Users\TECNO-MASTER\Desktop\Elmo_infrastructure_sizing_NP-\output\DCH_septiembre\Bateria_353\Costo_variable\Swap_libre\Swap_variable_3estaciones_160kW_Descomp\station_2_d1\ELMO_log.txt"
Set parameter Threads to value 1
Set parameter Heuristics to value 0.5
Set parameter MIPFocus to value 3
Set parameter Presolve to value 2
Set parameter FlowCoverCuts to value 2
Gurobi Optimizer version 12.0.3 build v12.0.3rc0 (win64 - Windows 11+.0 (26200.2))

CPU model: Intel(R) Core(TM) i9-14900K, instruction set [SSE2|AVX|AVX2]
Thread count: 24 physical cores, 32 logical processors, using up to 1 threads

Non-default parameters:
TimeLimit  1200
MIPGap  0.05
Heuristics  0.5
MIPFocus  3
FlowCoverCuts  2
Presolve  2
Threads  1

Optimize a model with 26358 rows, 54733 columns and 248406 nonzeros
Model fingerprint: 0xc5cbea93
Variable types: 2129 continuous, 52604 integer (19481 binary)
Coefficient statistics:
  Matrix range     [1e+00, 3e+02]
  Objective range  [1e-02, 1e+02]
  Bounds range     [1e+00, 3e+00]
  RHS range        [1e+00, 1e+04]

Warning: Completing partial solution with 51880 unfixed non-continuous variables out of 52604
User MIP start produced solution with objective 286223 (0.03s)
Loaded user MIP start with objective 286223


Explored 0 nodes (0 simplex iterations) in 0.04 seconds (0.06 work units)
Thread count was 1 (of 32 available processors)

Solution count 2: 286223 286223 

Optimal solution found (tolerance 5.00e-02)
Best objective 2.862227856469e+05, best bound 2.816350000000e+05, gap 1.6029%
C:\Users\TECNO-MASTER\anaconda3\lib\site-packages\pandas\core\indexes\base.py:6999: FutureWarning: In a future version, the Index constructor will not infer numeric dtypes when passed object-dtype sequences (matching Series behavior)
  return Index(sequences[0], name=names)
  [Fase 2 (infra fija)] estacion=station_2 dia=182 -> C:\Users\TECNO-MASTER\Desktop\Elmo_infrastructure_sizing_NP-\output\DCH_septiembre\Bateria_353\Costo_variable\Swap_libre\Swap_variable_3estaciones_160kW_Descomp/station_2_d182
✔ Warm start Y: 257 cargados, 0 omitidos
✔ Warm start Z: 453 cargados, 0 omitidos
✔ Warm start Z_swap: 10 cargados, 0 omitidos
✔ Warm start N_chargers: 0 cargados, 1 omitidos
✔ Warm start N_bays: 0 cargados, 1 omitidos
✔ Warm start X: 0 cargados, 1 omitidos
✔ Warm start N_batteries: 0 cargados, 1 omitidos
✔ Warm start completo desde 'C:\Users\TECNO-MASTER\Desktop\Elmo_infrastructure_sizing_NP-\output\DCH_septiembre\Bateria_353\Costo_variable\Swap_libre\Swap_variable_3estaciones_160kW_Descomp\station_2_d182_stage1': 720 valores cargados, 4 omitidos
formulation time: 7.741186857223511
Set parameter OutputFlag to value 1
Set parameter OutputFlag to value 1
Set parameter LogToConsole to value 1
Set parameter MIPGap to value 0.05
Set parameter TimeLimit to value 1200
Set parameter LogFile to value "C:\Users\TECNO-MASTER\Desktop\Elmo_infrastructure_sizing_NP-\output\DCH_septiembre\Bateria_353\Costo_variable\Swap_libre\Swap_variable_3estaciones_160kW_Descomp\station_2_d182\ELMO_log.txt"
Set parameter Threads to value 1
Set parameter Heuristics to value 0.5
Set parameter MIPFocus to value 3
Set parameter Presolve to value 2
Set parameter FlowCoverCuts to value 2
Gurobi Optimizer version 12.0.3 build v12.0.3rc0 (win64 - Windows 11+.0 (26200.2))

CPU model: Intel(R) Core(TM) i9-14900K, instruction set [SSE2|AVX|AVX2]
Thread count: 24 physical cores, 32 logical processors, using up to 1 threads

Non-default parameters:
TimeLimit  1200
MIPGap  0.05
Heuristics  0.5
MIPFocus  3
FlowCoverCuts  2
Presolve  2
Threads  1

Optimize a model with 26388 rows, 54733 columns and 248466 nonzeros
Model fingerprint: 0xccf35a64
Variable types: 2129 continuous, 52604 integer (19481 binary)
Coefficient statistics:
  Matrix range     [1e+00, 3e+02]
  Objective range  [1e-02, 1e+02]
  Bounds range     [1e+00, 3e+00]
  RHS range        [1e+00, 1e+04]

Warning: Completing partial solution with 51880 unfixed non-continuous variables out of 52604
User MIP start produced solution with objective 287900 (0.04s)
Loaded user MIP start with objective 287900


Explored 0 nodes (0 simplex iterations) in 0.04 seconds (0.06 work units)
Thread count was 1 (of 32 available processors)

Solution count 2: 287900 287900 

Optimal solution found (tolerance 5.00e-02)
Best objective 2.879001096442e+05, best bound 2.816350000000e+05, gap 2.1761%
C:\Users\TECNO-MASTER\anaconda3\lib\site-packages\pandas\core\indexes\base.py:6999: FutureWarning: In a future version, the Index constructor will not infer numeric dtypes when passed object-dtype sequences (matching Series behavior)
  return Index(sequences[0], name=names)
  [Fase 2 (infra fija)] estacion=station_2 dia=152 -> C:\Users\TECNO-MASTER\Desktop\Elmo_infrastructure_sizing_NP-\output\DCH_septiembre\Bateria_353\Costo_variable\Swap_libre\Swap_variable_3estaciones_160kW_Descomp/station_2_d152
✔ Warm start Y: 257 cargados, 0 omitidos
✔ Warm start Z: 454 cargados, 0 omitidos
✔ Warm start Z_swap: 9 cargados, 0 omitidos
✔ Warm start N_chargers: 0 cargados, 1 omitidos
✔ Warm start N_bays: 0 cargados, 1 omitidos
✔ Warm start X: 0 cargados, 1 omitidos
✔ Warm start N_batteries: 0 cargados, 1 omitidos
✔ Warm start completo desde 'C:\Users\TECNO-MASTER\Desktop\Elmo_infrastructure_sizing_NP-\output\DCH_septiembre\Bateria_353\Costo_variable\Swap_libre\Swap_variable_3estaciones_160kW_Descomp\station_2_d152_stage1': 720 valores cargados, 4 omitidos
formulation time: 7.8500754833221436
Set parameter OutputFlag to value 1
Set parameter OutputFlag to value 1
Set parameter LogToConsole to value 1
Set parameter MIPGap to value 0.05
Set parameter TimeLimit to value 1200
Set parameter LogFile to value "C:\Users\TECNO-MASTER\Desktop\Elmo_infrastructure_sizing_NP-\output\DCH_septiembre\Bateria_353\Costo_variable\Swap_libre\Swap_variable_3estaciones_160kW_Descomp\station_2_d152\ELMO_log.txt"
Set parameter Threads to value 1
Set parameter Heuristics to value 0.5
Set parameter MIPFocus to value 3
Set parameter Presolve to value 2
Set parameter FlowCoverCuts to value 2
Gurobi Optimizer version 12.0.3 build v12.0.3rc0 (win64 - Windows 11+.0 (26200.2))

CPU model: Intel(R) Core(TM) i9-14900K, instruction set [SSE2|AVX|AVX2]
Thread count: 24 physical cores, 32 logical processors, using up to 1 threads

Non-default parameters:
TimeLimit  1200
MIPGap  0.05
Heuristics  0.5
MIPFocus  3
FlowCoverCuts  2
Presolve  2
Threads  1

Optimize a model with 26388 rows, 54733 columns and 248466 nonzeros
Model fingerprint: 0x32b36957
Variable types: 2129 continuous, 52604 integer (19481 binary)
Coefficient statistics:
  Matrix range     [1e+00, 3e+02]
  Objective range  [1e-02, 1e+02]
  Bounds range     [1e+00, 3e+00]
  RHS range        [1e+00, 1e+04]

Warning: Completing partial solution with 51880 unfixed non-continuous variables out of 52604
User MIP start produced solution with objective 286153 (0.04s)
Loaded user MIP start with objective 286153


Explored 0 nodes (0 simplex iterations) in 0.04 seconds (0.06 work units)
Thread count was 1 (of 32 available processors)

Solution count 2: 286153 286153 

Optimal solution found (tolerance 5.00e-02)
Best objective 2.861526520104e+05, best bound 2.816350000000e+05, gap 1.5788%
C:\Users\TECNO-MASTER\anaconda3\lib\site-packages\pandas\core\indexes\base.py:6999: FutureWarning: In a future version, the Index constructor will not infer numeric dtypes when passed object-dtype sequences (matching Series behavior)
  return Index(sequences[0], name=names)
  [Fase 2 (infra fija)] estacion=station_2 dia=244 -> C:\Users\TECNO-MASTER\Desktop\Elmo_infrastructure_sizing_NP-\output\DCH_septiembre\Bateria_353\Costo_variable\Swap_libre\Swap_variable_3estaciones_160kW_Descomp/station_2_d244
✔ Warm start Y: 258 cargados, 0 omitidos
✔ Warm start Z: 452 cargados, 0 omitidos
✔ Warm start Z_swap: 10 cargados, 0 omitidos
✔ Warm start N_chargers: 0 cargados, 1 omitidos
✔ Warm start N_bays: 0 cargados, 1 omitidos
✔ Warm start X: 0 cargados, 1 omitidos
✔ Warm start N_batteries: 0 cargados, 1 omitidos
✔ Warm start completo desde 'C:\Users\TECNO-MASTER\Desktop\Elmo_infrastructure_sizing_NP-\output\DCH_septiembre\Bateria_353\Costo_variable\Swap_libre\Swap_variable_3estaciones_160kW_Descomp\station_2_d244_stage1': 720 valores cargados, 4 omitidos
formulation time: 7.854954242706299
Set parameter OutputFlag to value 1
Set parameter OutputFlag to value 1
Set parameter LogToConsole to value 1
Set parameter MIPGap to value 0.05
Set parameter TimeLimit to value 1200
Set parameter LogFile to value "C:\Users\TECNO-MASTER\Desktop\Elmo_infrastructure_sizing_NP-\output\DCH_septiembre\Bateria_353\Costo_variable\Swap_libre\Swap_variable_3estaciones_160kW_Descomp\station_2_d244\ELMO_log.txt"
Set parameter Threads to value 1
Set parameter Heuristics to value 0.5
Set parameter MIPFocus to value 3
Set parameter Presolve to value 2
Set parameter FlowCoverCuts to value 2
Gurobi Optimizer version 12.0.3 build v12.0.3rc0 (win64 - Windows 11+.0 (26200.2))

CPU model: Intel(R) Core(TM) i9-14900K, instruction set [SSE2|AVX|AVX2]
Thread count: 24 physical cores, 32 logical processors, using up to 1 threads

Non-default parameters:
TimeLimit  1200
MIPGap  0.05
Heuristics  0.5
MIPFocus  3
FlowCoverCuts  2
Presolve  2
Threads  1

Optimize a model with 26388 rows, 54733 columns and 248466 nonzeros
Model fingerprint: 0x7b7554f0
Variable types: 2129 continuous, 52604 integer (19481 binary)
Coefficient statistics:
  Matrix range     [1e+00, 3e+02]
  Objective range  [8e-03, 1e+02]
  Bounds range     [1e+00, 3e+00]
  RHS range        [1e+00, 1e+04]

Warning: Completing partial solution with 51880 unfixed non-continuous variables out of 52604
User MIP start produced solution with objective 286977 (0.04s)
Loaded user MIP start with objective 286977


Explored 0 nodes (0 simplex iterations) in 0.05 seconds (0.06 work units)
Thread count was 1 (of 32 available processors)

Solution count 2: 286977 286977 

Optimal solution found (tolerance 5.00e-02)
Best objective 2.869771493214e+05, best bound 2.816350000000e+05, gap 1.8615%
C:\Users\TECNO-MASTER\anaconda3\lib\site-packages\pandas\core\indexes\base.py:6999: FutureWarning: In a future version, the Index constructor will not infer numeric dtypes when passed object-dtype sequences (matching Series behavior)
  return Index(sequences[0], name=names)
  [Fase 2 (infra fija)] estacion=station_2 dia=274 -> C:\Users\TECNO-MASTER\Desktop\Elmo_infrastructure_sizing_NP-\output\DCH_septiembre\Bateria_353\Costo_variable\Swap_libre\Swap_variable_3estaciones_160kW_Descomp/station_2_d274
✔ Warm start Y: 257 cargados, 0 omitidos
✔ Warm start Z: 454 cargados, 0 omitidos
✔ Warm start Z_swap: 9 cargados, 0 omitidos
✔ Warm start N_chargers: 0 cargados, 1 omitidos
✔ Warm start N_bays: 0 cargados, 1 omitidos
✔ Warm start X: 0 cargados, 1 omitidos
✔ Warm start N_batteries: 0 cargados, 1 omitidos
✔ Warm start completo desde 'C:\Users\TECNO-MASTER\Desktop\Elmo_infrastructure_sizing_NP-\output\DCH_septiembre\Bateria_353\Costo_variable\Swap_libre\Swap_variable_3estaciones_160kW_Descomp\station_2_d274_stage1': 720 valores cargados, 4 omitidos
formulation time: 7.774263381958008
Set parameter OutputFlag to value 1
Set parameter OutputFlag to value 1
Set parameter LogToConsole to value 1
Set parameter MIPGap to value 0.05
Set parameter TimeLimit to value 1200
Set parameter LogFile to value "C:\Users\TECNO-MASTER\Desktop\Elmo_infrastructure_sizing_NP-\output\DCH_septiembre\Bateria_353\Costo_variable\Swap_libre\Swap_variable_3estaciones_160kW_Descomp\station_2_d274\ELMO_log.txt"
Set parameter Threads to value 1
Set parameter Heuristics to value 0.5
Set parameter MIPFocus to value 3
Set parameter Presolve to value 2
Set parameter FlowCoverCuts to value 2
Gurobi Optimizer version 12.0.3 build v12.0.3rc0 (win64 - Windows 11+.0 (26200.2))

CPU model: Intel(R) Core(TM) i9-14900K, instruction set [SSE2|AVX|AVX2]
Thread count: 24 physical cores, 32 logical processors, using up to 1 threads

Non-default parameters:
TimeLimit  1200
MIPGap  0.05
Heuristics  0.5
MIPFocus  3
FlowCoverCuts  2
Presolve  2
Threads  1

Optimize a model with 26358 rows, 54733 columns and 248406 nonzeros
Model fingerprint: 0x294ae6ba
Variable types: 2129 continuous, 52604 integer (19481 binary)
Coefficient statistics:
  Matrix range     [1e+00, 3e+02]
  Objective range  [4e-03, 1e+02]
  Bounds range     [1e+00, 3e+00]
  RHS range        [1e+00, 1e+04]

Warning: Completing partial solution with 51880 unfixed non-continuous variables out of 52604
User MIP start produced solution with objective 284718 (0.03s)
Loaded user MIP start with objective 284718


Explored 0 nodes (0 simplex iterations) in 0.04 seconds (0.06 work units)
Thread count was 1 (of 32 available processors)

Solution count 2: 284718 284718 

Optimal solution found (tolerance 5.00e-02)
Best objective 2.847178340930e+05, best bound 2.816350000000e+05, gap 1.0828%
C:\Users\TECNO-MASTER\anaconda3\lib\site-packages\pandas\core\indexes\base.py:6999: FutureWarning: In a future version, the Index constructor will not infer numeric dtypes when passed object-dtype sequences (matching Series behavior)
  return Index(sequences[0], name=names)
  [Fase 2 (infra fija)] estacion=station_2 dia=335 -> C:\Users\TECNO-MASTER\Desktop\Elmo_infrastructure_sizing_NP-\output\DCH_septiembre\Bateria_353\Costo_variable\Swap_libre\Swap_variable_3estaciones_160kW_Descomp/station_2_d335
✔ Warm start Y: 259 cargados, 0 omitidos
✔ Warm start Z: 450 cargados, 0 omitidos
✔ Warm start Z_swap: 11 cargados, 0 omitidos
✔ Warm start N_chargers: 0 cargados, 1 omitidos
✔ Warm start N_bays: 0 cargados, 1 omitidos
✔ Warm start X: 0 cargados, 1 omitidos
✔ Warm start N_batteries: 0 cargados, 1 omitidos
✔ Warm start completo desde 'C:\Users\TECNO-MASTER\Desktop\Elmo_infrastructure_sizing_NP-\output\DCH_septiembre\Bateria_353\Costo_variable\Swap_libre\Swap_variable_3estaciones_160kW_Descomp\station_2_d335_stage1': 720 valores cargados, 4 omitidos
formulation time: 7.759912729263306
Set parameter OutputFlag to value 1
Set parameter OutputFlag to value 1
Set parameter LogToConsole to value 1
Set parameter MIPGap to value 0.05
Set parameter TimeLimit to value 1200
Set parameter LogFile to value "C:\Users\TECNO-MASTER\Desktop\Elmo_infrastructure_sizing_NP-\output\DCH_septiembre\Bateria_353\Costo_variable\Swap_libre\Swap_variable_3estaciones_160kW_Descomp\station_2_d335\ELMO_log.txt"
Set parameter Threads to value 1
Set parameter Heuristics to value 0.5
Set parameter MIPFocus to value 3
Set parameter Presolve to value 2
Set parameter FlowCoverCuts to value 2
Gurobi Optimizer version 12.0.3 build v12.0.3rc0 (win64 - Windows 11+.0 (26200.2))

CPU model: Intel(R) Core(TM) i9-14900K, instruction set [SSE2|AVX|AVX2]
Thread count: 24 physical cores, 32 logical processors, using up to 1 threads

Non-default parameters:
TimeLimit  1200
MIPGap  0.05
Heuristics  0.5
MIPFocus  3
FlowCoverCuts  2
Presolve  2
Threads  1

Optimize a model with 26358 rows, 54733 columns and 248406 nonzeros
Model fingerprint: 0x91c51b68
Variable types: 2129 continuous, 52604 integer (19481 binary)
Coefficient statistics:
  Matrix range     [1e+00, 3e+02]
  Objective range  [4e-03, 1e+02]
  Bounds range     [1e+00, 3e+00]
  RHS range        [1e+00, 1e+04]

Warning: Completing partial solution with 51880 unfixed non-continuous variables out of 52604
User MIP start produced solution with objective 287012 (0.04s)
Loaded user MIP start with objective 287012


Explored 0 nodes (0 simplex iterations) in 0.04 seconds (0.06 work units)
Thread count was 1 (of 32 available processors)

Solution count 2: 287012 287012 

Optimal solution found (tolerance 5.00e-02)
Best objective 2.870120970015e+05, best bound 2.816350000000e+05, gap 1.8735%
  [Fase 2 (infra fija)] estacion=station_3 dia=1 -> C:\Users\TECNO-MASTER\Desktop\Elmo_infrastructure_sizing_NP-\output\DCH_septiembre\Bateria_353\Costo_variable\Swap_libre\Swap_variable_3estaciones_160kW_Descomp/station_3_d1
✔ Warm start Y: 259 cargados, 0 omitidos
✔ Warm start Z: 451 cargados, 0 omitidos
✔ Warm start Z_swap: 10 cargados, 0 omitidos
✔ Warm start N_chargers: 0 cargados, 1 omitidos
✔ Warm start N_bays: 0 cargados, 1 omitidos
✔ Warm start X: 0 cargados, 1 omitidos
✔ Warm start N_batteries: 0 cargados, 1 omitidos
✔ Warm start completo desde 'C:\Users\TECNO-MASTER\Desktop\Elmo_infrastructure_sizing_NP-\output\DCH_septiembre\Bateria_353\Costo_variable\Swap_libre\Swap_variable_3estaciones_160kW_Descomp\station_3_d1_stage1': 720 valores cargados, 4 omitidos
formulation time: 7.608762979507446
Set parameter OutputFlag to value 1
Set parameter OutputFlag to value 1
Set parameter LogToConsole to value 1
Set parameter MIPGap to value 0.05
Set parameter TimeLimit to value 1200
Set parameter LogFile to value "C:\Users\TECNO-MASTER\Desktop\Elmo_infrastructure_sizing_NP-\output\DCH_septiembre\Bateria_353\Costo_variable\Swap_libre\Swap_variable_3estaciones_160kW_Descomp\station_3_d1\ELMO_log.txt"
Set parameter Threads to value 1
Set parameter Heuristics to value 0.5
Set parameter MIPFocus to value 3
Set parameter Presolve to value 2
Set parameter FlowCoverCuts to value 2
Gurobi Optimizer version 12.0.3 build v12.0.3rc0 (win64 - Windows 11+.0 (26200.2))

CPU model: Intel(R) Core(TM) i9-14900K, instruction set [SSE2|AVX|AVX2]
Thread count: 24 physical cores, 32 logical processors, using up to 1 threads

Non-default parameters:
TimeLimit  1200
MIPGap  0.05
Heuristics  0.5
MIPFocus  3
FlowCoverCuts  2
Presolve  2
Threads  1

Optimize a model with 26328 rows, 53707 columns and 243356 nonzeros
Model fingerprint: 0x50af6cc0
Variable types: 2099 continuous, 51608 integer (18485 binary)
Coefficient statistics:
  Matrix range     [1e+00, 3e+02]
  Objective range  [1e-02, 1e+02]
  Bounds range     [1e+00, 3e+00]
  RHS range        [1e+00, 1e+04]

Warning: Completing partial solution with 50884 unfixed non-continuous variables out of 51608
User MIP start produced solution with objective 180636 (0.03s)
Loaded user MIP start with objective 180636


Explored 0 nodes (0 simplex iterations) in 0.04 seconds (0.06 work units)
Thread count was 1 (of 32 available processors)

Solution count 2: 180636 180636 

Optimal solution found (tolerance 5.00e-02)
Best objective 1.806362049296e+05, best bound 1.746730000000e+05, gap 3.3012%
C:\Users\TECNO-MASTER\anaconda3\lib\site-packages\pandas\core\indexes\base.py:6999: FutureWarning: In a future version, the Index constructor will not infer numeric dtypes when passed object-dtype sequences (matching Series behavior)
  return Index(sequences[0], name=names)
  [Fase 2 (infra fija)] estacion=station_3 dia=213 -> C:\Users\TECNO-MASTER\Desktop\Elmo_infrastructure_sizing_NP-\output\DCH_septiembre\Bateria_353\Costo_variable\Swap_libre\Swap_variable_3estaciones_160kW_Descomp/station_3_d213
✔ Warm start Y: 258 cargados, 0 omitidos
✔ Warm start Z: 452 cargados, 0 omitidos
✔ Warm start Z_swap: 10 cargados, 0 omitidos
✔ Warm start N_chargers: 0 cargados, 1 omitidos
✔ Warm start N_bays: 0 cargados, 1 omitidos
✔ Warm start X: 0 cargados, 1 omitidos
✔ Warm start N_batteries: 0 cargados, 1 omitidos
✔ Warm start completo desde 'C:\Users\TECNO-MASTER\Desktop\Elmo_infrastructure_sizing_NP-\output\DCH_septiembre\Bateria_353\Costo_variable\Swap_libre\Swap_variable_3estaciones_160kW_Descomp\station_3_d213_stage1': 720 valores cargados, 4 omitidos
formulation time: 7.4626758098602295
Set parameter OutputFlag to value 1
Set parameter OutputFlag to value 1
Set parameter LogToConsole to value 1
Set parameter MIPGap to value 0.05
Set parameter TimeLimit to value 1200
Set parameter LogFile to value "C:\Users\TECNO-MASTER\Desktop\Elmo_infrastructure_sizing_NP-\output\DCH_septiembre\Bateria_353\Costo_variable\Swap_libre\Swap_variable_3estaciones_160kW_Descomp\station_3_d213\ELMO_log.txt"
Set parameter Threads to value 1
Set parameter Heuristics to value 0.5
Set parameter MIPFocus to value 3
Set parameter Presolve to value 2
Set parameter FlowCoverCuts to value 2
Gurobi Optimizer version 12.0.3 build v12.0.3rc0 (win64 - Windows 11+.0 (26200.2))

CPU model: Intel(R) Core(TM) i9-14900K, instruction set [SSE2|AVX|AVX2]
Thread count: 24 physical cores, 32 logical processors, using up to 1 threads

Non-default parameters:
TimeLimit  1200
MIPGap  0.05
Heuristics  0.5
MIPFocus  3
FlowCoverCuts  2
Presolve  2
Threads  1

Optimize a model with 26358 rows, 53707 columns and 243416 nonzeros
Model fingerprint: 0x8548cffc
Variable types: 2099 continuous, 51608 integer (18485 binary)
Coefficient statistics:
  Matrix range     [1e+00, 3e+02]
  Objective range  [8e-03, 1e+02]
  Bounds range     [1e+00, 3e+00]
  RHS range        [1e+00, 1e+04]

Warning: Completing partial solution with 50884 unfixed non-continuous variables out of 51608
User MIP start produced solution with objective 198832 (0.04s)
Loaded user MIP start with objective 198832

Presolve removed 23610 rows and 43668 columns
Presolve time: 0.13s
Presolved: 2748 rows, 10039 columns, 32811 nonzeros
Variable types: 824 continuous, 9215 integer (8912 binary)
Root relaxation presolved: 2748 rows, 10039 columns, 32811 nonzeros

C:\Users\TECNO-MASTER\anaconda3\lib\site-packages\pandas\core\indexes\base.py:6999: FutureWarning: In a future version, the Index constructor will not infer numeric dtypes when passed object-dtype sequences (matching Series behavior)
  return Index(sequences[0], name=names)
  [Fase 2 (infra fija)] estacion=station_3 dia=32 -> C:\Users\TECNO-MASTER\Desktop\Elmo_infrastructure_sizing_NP-\output\DCH_septiembre\Bateria_353\Costo_variable\Swap_libre\Swap_variable_3estaciones_160kW_Descomp/station_3_d32
✔ Warm start Y: 257 cargados, 0 omitidos
✔ Warm start Z: 453 cargados, 0 omitidos
✔ Warm start Z_swap: 10 cargados, 0 omitidos
✔ Warm start N_chargers: 0 cargados, 1 omitidos
✔ Warm start N_bays: 0 cargados, 1 omitidos
✔ Warm start X: 0 cargados, 1 omitidos
✔ Warm start N_batteries: 0 cargados, 1 omitidos
✔ Warm start completo desde 'C:\Users\TECNO-MASTER\Desktop\Elmo_infrastructure_sizing_NP-\output\DCH_septiembre\Bateria_353\Costo_variable\Swap_libre\Swap_variable_3estaciones_160kW_Descomp\station_3_d32_stage1': 720 valores cargados, 4 omitidos
formulation time: 7.421521425247192
Set parameter OutputFlag to value 1
Set parameter OutputFlag to value 1
Set parameter LogToConsole to value 1
Set parameter MIPGap to value 0.05
Set parameter TimeLimit to value 1200
Set parameter LogFile to value "C:\Users\TECNO-MASTER\Desktop\Elmo_infrastructure_sizing_NP-\output\DCH_septiembre\Bateria_353\Costo_variable\Swap_libre\Swap_variable_3estaciones_160kW_Descomp\station_3_d32\ELMO_log.txt"
Set parameter Threads to value 1
Set parameter Heuristics to value 0.5
Set parameter MIPFocus to value 3
Set parameter Presolve to value 2
Set parameter FlowCoverCuts to value 2
Gurobi Optimizer version 12.0.3 build v12.0.3rc0 (win64 - Windows 11+.0 (26200.2))

CPU model: Intel(R) Core(TM) i9-14900K, instruction set [SSE2|AVX|AVX2]
Thread count: 24 physical cores, 32 logical processors, using up to 1 threads

Non-default parameters:
TimeLimit  1200
MIPGap  0.05
Heuristics  0.5
MIPFocus  3
FlowCoverCuts  2
Presolve  2
Threads  1

Optimize a model with 26328 rows, 53707 columns and 243356 nonzeros
Model fingerprint: 0x6de04ea3
Variable types: 2099 continuous, 51608 integer (18485 binary)
Coefficient statistics:
  Matrix range     [1e+00, 3e+02]
  Objective range  [3e-03, 1e+02]
  Bounds range     [1e+00, 3e+00]
  RHS range        [1e+00, 1e+04]

Warning: Completing partial solution with 50884 unfixed non-continuous variables out of 51608

Root relaxation: objective 1.796876e+05, 15884 iterations, 1.42 seconds (2.75 work units)
User MIP start produced solution with objective 180651 (0.04s)
Loaded user MIP start with objective 180651


Explored 0 nodes (0 simplex iterations) in 0.04 seconds (0.06 work units)
Thread count was 1 (of 32 available processors)

Solution count 2: 180651 180651 

Optimal solution found (tolerance 5.00e-02)
Best objective 1.806514898532e+05, best bound 1.746730000000e+05, gap 3.3094%
C:\Users\TECNO-MASTER\anaconda3\lib\site-packages\pandas\core\indexes\base.py:6999: FutureWarning: In a future version, the Index constructor will not infer numeric dtypes when passed object-dtype sequences (matching Series behavior)
  return Index(sequences[0], name=names)

    Nodes    |    Current Node    |     Objective Bounds      |     Work
 Expl Unexpl |  Obj  Depth IntInf | Incumbent    BestBd   Gap | It/Node Time

     0     0 179687.575    0   40 198832.158 179687.575  9.63%     -    1s
     0     0 180311.763    0   20 198832.158 180311.763  9.31%     -    2s
     0     0 180311.763    0   19 198832.158 180311.763  9.31%     -    2s
     0     0 180311.763    0   58 198832.158 180311.763  9.31%     -    2s
     0     0 180311.763    0   19 198832.158 180311.763  9.31%     -    3s
     0     0 180311.763    0   24 198832.158 180311.763  9.31%     -    3s
  [Fase 2 (infra fija)] estacion=station_3 dia=60 -> C:\Users\TECNO-MASTER\Desktop\Elmo_infrastructure_sizing_NP-\output\DCH_septiembre\Bateria_353\Costo_variable\Swap_libre\Swap_variable_3estaciones_160kW_Descomp/station_3_d60
✔ Warm start Y: 256 cargados, 0 omitidos
✔ Warm start Z: 454 cargados, 0 omitidos
✔ Warm start Z_swap: 10 cargados, 0 omitidos
✔ Warm start N_chargers: 0 cargados, 1 omitidos
✔ Warm start N_bays: 0 cargados, 1 omitidos
✔ Warm start X: 0 cargados, 1 omitidos
✔ Warm start N_batteries: 0 cargados, 1 omitidos
✔ Warm start completo desde 'C:\Users\TECNO-MASTER\Desktop\Elmo_infrastructure_sizing_NP-\output\DCH_septiembre\Bateria_353\Costo_variable\Swap_libre\Swap_variable_3estaciones_160kW_Descomp\station_3_d60_stage1': 720 valores cargados, 4 omitidos
formulation time: 7.5294153690338135
Set parameter OutputFlag to value 1
Set parameter OutputFlag to value 1
Set parameter LogToConsole to value 1
Set parameter MIPGap to value 0.05
Set parameter TimeLimit to value 1200
Set parameter LogFile to value "C:\Users\TECNO-MASTER\Desktop\Elmo_infrastructure_sizing_NP-\output\DCH_septiembre\Bateria_353\Costo_variable\Swap_libre\Swap_variable_3estaciones_160kW_Descomp\station_3_d60\ELMO_log.txt"
Set parameter Threads to value 1
Set parameter Heuristics to value 0.5
Set parameter MIPFocus to value 3
Set parameter Presolve to value 2
Set parameter FlowCoverCuts to value 2
Gurobi Optimizer version 12.0.3 build v12.0.3rc0 (win64 - Windows 11+.0 (26200.2))

CPU model: Intel(R) Core(TM) i9-14900K, instruction set [SSE2|AVX|AVX2]
Thread count: 24 physical cores, 32 logical processors, using up to 1 threads

Non-default parameters:
TimeLimit  1200
MIPGap  0.05
Heuristics  0.5
MIPFocus  3
FlowCoverCuts  2
Presolve  2
Threads  1

Optimize a model with 26328 rows, 53707 columns and 243356 nonzeros
Model fingerprint: 0xbbf5a3fc
Variable types: 2099 continuous, 51608 integer (18485 binary)
Coefficient statistics:
  Matrix range     [1e+00, 3e+02]
  Objective range  [9e-03, 1e+02]
  Bounds range     [1e+00, 3e+00]
  RHS range        [1e+00, 1e+04]

Warning: Completing partial solution with 50884 unfixed non-continuous variables out of 51608
User MIP start produced solution with objective 179733 (0.03s)
Loaded user MIP start with objective 179733


Explored 0 nodes (0 simplex iterations) in 0.04 seconds (0.06 work units)
Thread count was 1 (of 32 available processors)

Solution count 2: 179733 179733 

Optimal solution found (tolerance 5.00e-02)
Best objective 1.797327046628e+05, best bound 1.746730000000e+05, gap 2.8151%
C:\Users\TECNO-MASTER\anaconda3\lib\site-packages\pandas\core\indexes\base.py:6999: FutureWarning: In a future version, the Index constructor will not infer numeric dtypes when passed object-dtype sequences (matching Series behavior)
  return Index(sequences[0], name=names)
     0     0 180311.763    0   17 198832.158 180311.763  9.31%     -    3s
     0     0 180311.763    0   17 198832.158 180311.763  9.31%     -    3s
     0     0 180311.763    0   19 198832.158 180311.763  9.31%     -    4s
     0     0 180311.763    0   19 198832.158 180311.763  9.31%     -    4s
     0     2 180311.763    0   19 198832.158 180311.763  9.31%     -    4s
  [Fase 2 (infra fija)] estacion=station_3 dia=182 -> C:\Users\TECNO-MASTER\Desktop\Elmo_infrastructure_sizing_NP-\output\DCH_septiembre\Bateria_353\Costo_variable\Swap_libre\Swap_variable_3estaciones_160kW_Descomp/station_3_d182
✔ Warm start Y: 258 cargados, 0 omitidos
✔ Warm start Z: 453 cargados, 0 omitidos
✔ Warm start Z_swap: 9 cargados, 0 omitidos
✔ Warm start N_chargers: 0 cargados, 1 omitidos
✔ Warm start N_bays: 0 cargados, 1 omitidos
✔ Warm start X: 0 cargados, 1 omitidos
✔ Warm start N_batteries: 0 cargados, 1 omitidos
✔ Warm start completo desde 'C:\Users\TECNO-MASTER\Desktop\Elmo_infrastructure_sizing_NP-\output\DCH_septiembre\Bateria_353\Costo_variable\Swap_libre\Swap_variable_3estaciones_160kW_Descomp\station_3_d182_stage1': 720 valores cargados, 4 omitidos
formulation time: 7.4351396560668945
Set parameter OutputFlag to value 1
Set parameter OutputFlag to value 1
Set parameter LogToConsole to value 1
Set parameter MIPGap to value 0.05
Set parameter TimeLimit to value 1200
Set parameter LogFile to value "C:\Users\TECNO-MASTER\Desktop\Elmo_infrastructure_sizing_NP-\output\DCH_septiembre\Bateria_353\Costo_variable\Swap_libre\Swap_variable_3estaciones_160kW_Descomp\station_3_d182\ELMO_log.txt"
Set parameter Threads to value 1
Set parameter Heuristics to value 0.5
Set parameter MIPFocus to value 3
Set parameter Presolve to value 2
Set parameter FlowCoverCuts to value 2
Gurobi Optimizer version 12.0.3 build v12.0.3rc0 (win64 - Windows 11+.0 (26200.2))

CPU model: Intel(R) Core(TM) i9-14900K, instruction set [SSE2|AVX|AVX2]
Thread count: 24 physical cores, 32 logical processors, using up to 1 threads

Non-default parameters:
TimeLimit  1200
MIPGap  0.05
Heuristics  0.5
MIPFocus  3
FlowCoverCuts  2
Presolve  2
Threads  1

Optimize a model with 26358 rows, 53707 columns and 243416 nonzeros
Model fingerprint: 0x4bf71a80
Variable types: 2099 continuous, 51608 integer (18485 binary)
Coefficient statistics:
  Matrix range     [1e+00, 3e+02]
  Objective range  [1e-02, 1e+02]
  Bounds range     [1e+00, 3e+00]
  RHS range        [1e+00, 1e+04]

Warning: Completing partial solution with 50884 unfixed non-continuous variables out of 51608
User MIP start produced solution with objective 181212 (0.04s)
Loaded user MIP start with objective 181212


Explored 0 nodes (0 simplex iterations) in 0.04 seconds (0.06 work units)
Thread count was 1 (of 32 available processors)

Solution count 2: 181212 181212 

Optimal solution found (tolerance 5.00e-02)
Best objective 1.812118136350e+05, best bound 1.746730000000e+05, gap 3.6084%
     3     5 180311.763    2   65 198832.158 180311.763  9.31%   258    5s
C:\Users\TECNO-MASTER\anaconda3\lib\site-packages\pandas\core\indexes\base.py:6999: FutureWarning: In a future version, the Index constructor will not infer numeric dtypes when passed object-dtype sequences (matching Series behavior)
  return Index(sequences[0], name=names)
  [Fase 2 (infra fija)] estacion=station_3 dia=121 -> C:\Users\TECNO-MASTER\Desktop\Elmo_infrastructure_sizing_NP-\output\DCH_septiembre\Bateria_353\Costo_variable\Swap_libre\Swap_variable_3estaciones_160kW_Descomp/station_3_d121
✔ Warm start Y: 259 cargados, 0 omitidos
✔ Warm start Z: 451 cargados, 0 omitidos
✔ Warm start Z_swap: 10 cargados, 0 omitidos
✔ Warm start N_chargers: 0 cargados, 1 omitidos
✔ Warm start N_bays: 0 cargados, 1 omitidos
✔ Warm start X: 0 cargados, 1 omitidos
✔ Warm start N_batteries: 0 cargados, 1 omitidos
✔ Warm start completo desde 'C:\Users\TECNO-MASTER\Desktop\Elmo_infrastructure_sizing_NP-\output\DCH_septiembre\Bateria_353\Costo_variable\Swap_libre\Swap_variable_3estaciones_160kW_Descomp\station_3_d121_stage1': 720 valores cargados, 4 omitidos
formulation time: 7.631405830383301
Set parameter OutputFlag to value 1
Set parameter OutputFlag to value 1
Set parameter LogToConsole to value 1
Set parameter MIPGap to value 0.05
Set parameter TimeLimit to value 1200
Set parameter LogFile to value "C:\Users\TECNO-MASTER\Desktop\Elmo_infrastructure_sizing_NP-\output\DCH_septiembre\Bateria_353\Costo_variable\Swap_libre\Swap_variable_3estaciones_160kW_Descomp\station_3_d121\ELMO_log.txt"
Set parameter Threads to value 1
Set parameter Heuristics to value 0.5
Set parameter MIPFocus to value 3
Set parameter Presolve to value 2
Set parameter FlowCoverCuts to value 2
Gurobi Optimizer version 12.0.3 build v12.0.3rc0 (win64 - Windows 11+.0 (26200.2))

CPU model: Intel(R) Core(TM) i9-14900K, instruction set [SSE2|AVX|AVX2]
Thread count: 24 physical cores, 32 logical processors, using up to 1 threads

Non-default parameters:
TimeLimit  1200
MIPGap  0.05
Heuristics  0.5
MIPFocus  3
FlowCoverCuts  2
Presolve  2
Threads  1

Optimize a model with 26358 rows, 53707 columns and 243416 nonzeros
Model fingerprint: 0x4c18addb
Variable types: 2099 continuous, 51608 integer (18485 binary)
Coefficient statistics:
  Matrix range     [1e+00, 3e+02]
  Objective range  [8e-03, 1e+02]
  Bounds range     [1e+00, 3e+00]
  RHS range        [1e+00, 1e+04]

Warning: Completing partial solution with 50884 unfixed non-continuous variables out of 51608
User MIP start produced solution with objective 180906 (0.04s)
Loaded user MIP start with objective 180906


Explored 0 nodes (0 simplex iterations) in 0.05 seconds (0.06 work units)
Thread count was 1 (of 32 available processors)

Solution count 2: 180906 180906 

Optimal solution found (tolerance 5.00e-02)
Best objective 1.809063822013e+05, best bound 1.746730000000e+05, gap 3.4456%
C:\Users\TECNO-MASTER\anaconda3\lib\site-packages\pandas\core\indexes\base.py:6999: FutureWarning: In a future version, the Index constructor will not infer numeric dtypes when passed object-dtype sequences (matching Series behavior)
  return Index(sequences[0], name=names)
  [Fase 2 (infra fija)] estacion=station_3 dia=91 -> C:\Users\TECNO-MASTER\Desktop\Elmo_infrastructure_sizing_NP-\output\DCH_septiembre\Bateria_353\Costo_variable\Swap_libre\Swap_variable_3estaciones_160kW_Descomp/station_3_d91
✔ Warm start Y: 257 cargados, 0 omitidos
✔ Warm start Z: 454 cargados, 0 omitidos
✔ Warm start Z_swap: 9 cargados, 0 omitidos
✔ Warm start N_chargers: 0 cargados, 1 omitidos
✔ Warm start N_bays: 0 cargados, 1 omitidos
✔ Warm start X: 0 cargados, 1 omitidos
✔ Warm start N_batteries: 0 cargados, 1 omitidos
✔ Warm start completo desde 'C:\Users\TECNO-MASTER\Desktop\Elmo_infrastructure_sizing_NP-\output\DCH_septiembre\Bateria_353\Costo_variable\Swap_libre\Swap_variable_3estaciones_160kW_Descomp\station_3_d91_stage1': 720 valores cargados, 4 omitidos
formulation time: 7.635571241378784
Set parameter OutputFlag to value 1
Set parameter OutputFlag to value 1
Set parameter LogToConsole to value 1
Set parameter MIPGap to value 0.05
Set parameter TimeLimit to value 1200
Set parameter LogFile to value "C:\Users\TECNO-MASTER\Desktop\Elmo_infrastructure_sizing_NP-\output\DCH_septiembre\Bateria_353\Costo_variable\Swap_libre\Swap_variable_3estaciones_160kW_Descomp\station_3_d91\ELMO_log.txt"
Set parameter Threads to value 1
Set parameter Heuristics to value 0.5
Set parameter MIPFocus to value 3
Set parameter Presolve to value 2
Set parameter FlowCoverCuts to value 2
Gurobi Optimizer version 12.0.3 build v12.0.3rc0 (win64 - Windows 11+.0 (26200.2))

CPU model: Intel(R) Core(TM) i9-14900K, instruction set [SSE2|AVX|AVX2]
Thread count: 24 physical cores, 32 logical processors, using up to 1 threads

Non-default parameters:
TimeLimit  1200
MIPGap  0.05
Heuristics  0.5
MIPFocus  3
FlowCoverCuts  2
Presolve  2
Threads  1

Optimize a model with 26358 rows, 53707 columns and 243416 nonzeros
Model fingerprint: 0x3a1689b6
Variable types: 2099 continuous, 51608 integer (18485 binary)
Coefficient statistics:
  Matrix range     [1e+00, 3e+02]
  Objective range  [1e-02, 1e+02]
  Bounds range     [1e+00, 3e+00]
  RHS range        [1e+00, 1e+04]

Warning: Completing partial solution with 50884 unfixed non-continuous variables out of 51608
User MIP start produced solution with objective 180579 (0.03s)
Loaded user MIP start with objective 180579


Explored 0 nodes (0 simplex iterations) in 0.04 seconds (0.06 work units)
Thread count was 1 (of 32 available processors)

Solution count 2: 180579 180579 

Optimal solution found (tolerance 5.00e-02)
Best objective 1.805788424845e+05, best bound 1.746730000000e+05, gap 3.2705%
  [Fase 2 (infra fija)] estacion=station_3 dia=152 -> C:\Users\TECNO-MASTER\Desktop\Elmo_infrastructure_sizing_NP-\output\DCH_septiembre\Bateria_353\Costo_variable\Swap_libre\Swap_variable_3estaciones_160kW_Descomp/station_3_d152
✔ Warm start Y: 257 cargados, 0 omitidos
✔ Warm start Z: 454 cargados, 0 omitidos
✔ Warm start Z_swap: 9 cargados, 0 omitidos
✔ Warm start N_chargers: 0 cargados, 1 omitidos
✔ Warm start N_bays: 0 cargados, 1 omitidos
✔ Warm start X: 0 cargados, 1 omitidos
✔ Warm start N_batteries: 0 cargados, 1 omitidos
✔ Warm start completo desde 'C:\Users\TECNO-MASTER\Desktop\Elmo_infrastructure_sizing_NP-\output\DCH_septiembre\Bateria_353\Costo_variable\Swap_libre\Swap_variable_3estaciones_160kW_Descomp\station_3_d152_stage1': 720 valores cargados, 4 omitidos
formulation time: 7.682469367980957
Set parameter OutputFlag to value 1
Set parameter OutputFlag to value 1
Set parameter LogToConsole to value 1
Set parameter MIPGap to value 0.05
Set parameter TimeLimit to value 1200
Set parameter LogFile to value "C:\Users\TECNO-MASTER\Desktop\Elmo_infrastructure_sizing_NP-\output\DCH_septiembre\Bateria_353\Costo_variable\Swap_libre\Swap_variable_3estaciones_160kW_Descomp\station_3_d152\ELMO_log.txt"
Set parameter Threads to value 1
Set parameter Heuristics to value 0.5
Set parameter MIPFocus to value 3
Set parameter Presolve to value 2
Set parameter FlowCoverCuts to value 2
Gurobi Optimizer version 12.0.3 build v12.0.3rc0 (win64 - Windows 11+.0 (26200.2))

CPU model: Intel(R) Core(TM) i9-14900K, instruction set [SSE2|AVX|AVX2]
Thread count: 24 physical cores, 32 logical processors, using up to 1 threads

Non-default parameters:
TimeLimit  1200
MIPGap  0.05
Heuristics  0.5
MIPFocus  3
FlowCoverCuts  2
Presolve  2
Threads  1

Optimize a model with 26358 rows, 53707 columns and 243416 nonzeros
Model fingerprint: 0xb845abbb
Variable types: 2099 continuous, 51608 integer (18485 binary)
Coefficient statistics:
  Matrix range     [1e+00, 3e+02]
  Objective range  [1e-02, 1e+02]
  Bounds range     [1e+00, 3e+00]
  RHS range        [1e+00, 1e+04]

Warning: Completing partial solution with 50884 unfixed non-continuous variables out of 51608
User MIP start produced solution with objective 180919 (0.03s)
Loaded user MIP start with objective 180919


Explored 0 nodes (0 simplex iterations) in 0.04 seconds (0.06 work units)
Thread count was 1 (of 32 available processors)

Solution count 2: 180919 180919 

Optimal solution found (tolerance 5.00e-02)
Best objective 1.809185175768e+05, best bound 1.746730000000e+05, gap 3.4521%
    70    72 180311.763   25   16 198832.158 180311.763  9.31%   245   10s
✅ Solution time [sec]: 1.72
📊 Status: optimal
💰 Operation Cost: 179262.55632297712
⚠️ No se encontró 'gurobi.log'. 
✔ JSON de variables y parámetros, log y summary guardados en 'C:\Users\TECNO-MASTER\Desktop\Elmo_infrastructure_sizing_NP-\output\DCH_septiembre\Bateria_353\Costo_variable\Swap_libre\Swap_variable_3estaciones_160kW_Descomp/station_1_d1'.
  [Fase 2 (infra fija)] estacion=station_3 dia=244 -> C:\Users\TECNO-MASTER\Desktop\Elmo_infrastructure_sizing_NP-\output\DCH_septiembre\Bateria_353\Costo_variable\Swap_libre\Swap_variable_3estaciones_160kW_Descomp/station_3_d244
✔ Warm start Y: 257 cargados, 0 omitidos
✔ Warm start Z: 453 cargados, 0 omitidos
✔ Warm start Z_swap: 10 cargados, 0 omitidos
✔ Warm start N_chargers: 0 cargados, 1 omitidos
✔ Warm start N_bays: 0 cargados, 1 omitidos
✔ Warm start X: 0 cargados, 1 omitidos
✔ Warm start N_batteries: 0 cargados, 1 omitidos
✔ Warm start completo desde 'C:\Users\TECNO-MASTER\Desktop\Elmo_infrastructure_sizing_NP-\output\DCH_septiembre\Bateria_353\Costo_variable\Swap_libre\Swap_variable_3estaciones_160kW_Descomp\station_3_d244_stage1': 720 valores cargados, 4 omitidos
formulation time: 7.601519823074341
Set parameter OutputFlag to value 1
Set parameter OutputFlag to value 1
Set parameter LogToConsole to value 1
Set parameter MIPGap to value 0.05
Set parameter TimeLimit to value 1200
Set parameter LogFile to value "C:\Users\TECNO-MASTER\Desktop\Elmo_infrastructure_sizing_NP-\output\DCH_septiembre\Bateria_353\Costo_variable\Swap_libre\Swap_variable_3estaciones_160kW_Descomp\station_3_d244\ELMO_log.txt"
Set parameter Threads to value 1
Set parameter Heuristics to value 0.5
Set parameter MIPFocus to value 3
Set parameter Presolve to value 2
Set parameter FlowCoverCuts to value 2
Gurobi Optimizer version 12.0.3 build v12.0.3rc0 (win64 - Windows 11+.0 (26200.2))

CPU model: Intel(R) Core(TM) i9-14900K, instruction set [SSE2|AVX|AVX2]
Thread count: 24 physical cores, 32 logical processors, using up to 1 threads

Non-default parameters:
TimeLimit  1200
MIPGap  0.05
Heuristics  0.5
MIPFocus  3
FlowCoverCuts  2
Presolve  2
Threads  1

Optimize a model with 26358 rows, 53707 columns and 243416 nonzeros
Model fingerprint: 0x60dc31c4
Variable types: 2099 continuous, 51608 integer (18485 binary)
Coefficient statistics:
  Matrix range     [1e+00, 3e+02]
  Objective range  [8e-03, 1e+02]
  Bounds range     [1e+00, 3e+00]
  RHS range        [1e+00, 1e+04]

Warning: Completing partial solution with 50884 unfixed non-continuous variables out of 51608
User MIP start produced solution with objective 181994 (0.03s)
Loaded user MIP start with objective 181994


Explored 0 nodes (0 simplex iterations) in 0.04 seconds (0.06 work units)
Thread count was 1 (of 32 available processors)

Solution count 2: 181994 181994 

Optimal solution found (tolerance 5.00e-02)
Best objective 1.819941153100e+05, best bound 1.746730000000e+05, gap 4.0227%
✅ Solution time [sec]: 1.78
📊 Status: optimal
💰 Operation Cost: 180578.84248448926
⚠️ No se encontró 'gurobi.log'. 
✔ JSON de variables y parámetros, log y summary guardados en 'C:\Users\TECNO-MASTER\Desktop\Elmo_infrastructure_sizing_NP-\output\DCH_septiembre\Bateria_353\Costo_variable\Swap_libre\Swap_variable_3estaciones_160kW_Descomp/station_1_d91'.
  [Fase 2 (infra fija)] estacion=station_3 dia=274 -> C:\Users\TECNO-MASTER\Desktop\Elmo_infrastructure_sizing_NP-\output\DCH_septiembre\Bateria_353\Costo_variable\Swap_libre\Swap_variable_3estaciones_160kW_Descomp/station_3_d274
✔ Warm start Y: 259 cargados, 0 omitidos
✔ Warm start Z: 450 cargados, 0 omitidos
✔ Warm start Z_swap: 11 cargados, 0 omitidos
✔ Warm start N_chargers: 0 cargados, 1 omitidos
✔ Warm start N_bays: 0 cargados, 1 omitidos
✔ Warm start X: 0 cargados, 1 omitidos
✔ Warm start N_batteries: 0 cargados, 1 omitidos
✔ Warm start completo desde 'C:\Users\TECNO-MASTER\Desktop\Elmo_infrastructure_sizing_NP-\output\DCH_septiembre\Bateria_353\Costo_variable\Swap_libre\Swap_variable_3estaciones_160kW_Descomp\station_3_d274_stage1': 720 valores cargados, 4 omitidos
formulation time: 7.266418218612671
Set parameter OutputFlag to value 1
Set parameter OutputFlag to value 1
Set parameter LogToConsole to value 1
Set parameter MIPGap to value 0.05
Set parameter TimeLimit to value 1200
Set parameter LogFile to value "C:\Users\TECNO-MASTER\Desktop\Elmo_infrastructure_sizing_NP-\output\DCH_septiembre\Bateria_353\Costo_variable\Swap_libre\Swap_variable_3estaciones_160kW_Descomp\station_3_d274\ELMO_log.txt"
Set parameter Threads to value 1
Set parameter Heuristics to value 0.5
Set parameter MIPFocus to value 3
Set parameter Presolve to value 2
Set parameter FlowCoverCuts to value 2
Gurobi Optimizer version 12.0.3 build v12.0.3rc0 (win64 - Windows 11+.0 (26200.2))

CPU model: Intel(R) Core(TM) i9-14900K, instruction set [SSE2|AVX|AVX2]
Thread count: 24 physical cores, 32 logical processors, using up to 1 threads

Non-default parameters:
TimeLimit  1200
MIPGap  0.05
Heuristics  0.5
MIPFocus  3
FlowCoverCuts  2
Presolve  2
Threads  1

Optimize a model with 26328 rows, 53707 columns and 243356 nonzeros
Model fingerprint: 0xf8528225
Variable types: 2099 continuous, 51608 integer (18485 binary)
Coefficient statistics:
  Matrix range     [1e+00, 3e+02]
  Objective range  [4e-03, 1e+02]
  Bounds range     [1e+00, 3e+00]
  RHS range        [1e+00, 1e+04]

Warning: Completing partial solution with 50884 unfixed non-continuous variables out of 51608
User MIP start produced solution with objective 182109 (0.03s)
Loaded user MIP start with objective 182109


Explored 0 nodes (0 simplex iterations) in 0.04 seconds (0.06 work units)
Thread count was 1 (of 32 available processors)

Solution count 2: 182109 182109 

Optimal solution found (tolerance 5.00e-02)
Best objective 1.821086312799e+05, best bound 1.746730000000e+05, gap 4.0831%
✅ Solution time [sec]: 1.79
📊 Status: optimal
💰 Operation Cost: 180658.52770438977
⚠️ No se encontró 'gurobi.log'. 
✔ JSON de variables y parámetros, log y summary guardados en 'C:\Users\TECNO-MASTER\Desktop\Elmo_infrastructure_sizing_NP-\output\DCH_septiembre\Bateria_353\Costo_variable\Swap_libre\Swap_variable_3estaciones_160kW_Descomp/station_1_d32'.
  [Fase 2 (infra fija)] estacion=station_3 dia=305 -> C:\Users\TECNO-MASTER\Desktop\Elmo_infrastructure_sizing_NP-\output\DCH_septiembre\Bateria_353\Costo_variable\Swap_libre\Swap_variable_3estaciones_160kW_Descomp/station_3_d305
✔ Warm start Y: 257 cargados, 0 omitidos
✔ Warm start Z: 453 cargados, 0 omitidos
✔ Warm start Z_swap: 10 cargados, 0 omitidos
✔ Warm start N_chargers: 0 cargados, 1 omitidos
✔ Warm start N_bays: 0 cargados, 1 omitidos
✔ Warm start X: 0 cargados, 1 omitidos
✔ Warm start N_batteries: 0 cargados, 1 omitidos
✔ Warm start completo desde 'C:\Users\TECNO-MASTER\Desktop\Elmo_infrastructure_sizing_NP-\output\DCH_septiembre\Bateria_353\Costo_variable\Swap_libre\Swap_variable_3estaciones_160kW_Descomp\station_3_d305_stage1': 720 valores cargados, 4 omitidos
formulation time: 7.14787483215332
Set parameter OutputFlag to value 1
Set parameter OutputFlag to value 1
Set parameter LogToConsole to value 1
Set parameter MIPGap to value 0.05
Set parameter TimeLimit to value 1200
Set parameter LogFile to value "C:\Users\TECNO-MASTER\Desktop\Elmo_infrastructure_sizing_NP-\output\DCH_septiembre\Bateria_353\Costo_variable\Swap_libre\Swap_variable_3estaciones_160kW_Descomp\station_3_d305\ELMO_log.txt"
Set parameter Threads to value 1
Set parameter Heuristics to value 0.5
Set parameter MIPFocus to value 3
Set parameter Presolve to value 2
Set parameter FlowCoverCuts to value 2
Gurobi Optimizer version 12.0.3 build v12.0.3rc0 (win64 - Windows 11+.0 (26200.2))

CPU model: Intel(R) Core(TM) i9-14900K, instruction set [SSE2|AVX|AVX2]
Thread count: 24 physical cores, 32 logical processors, using up to 1 threads

Non-default parameters:
TimeLimit  1200
MIPGap  0.05
Heuristics  0.5
MIPFocus  3
FlowCoverCuts  2
Presolve  2
Threads  1

Optimize a model with 26328 rows, 53707 columns and 243356 nonzeros
Model fingerprint: 0x051e523c
Variable types: 2099 continuous, 51608 integer (18485 binary)
Coefficient statistics:
  Matrix range     [1e+00, 3e+02]
  Objective range  [1e-01, 1e+02]
  Bounds range     [1e+00, 3e+00]
  RHS range        [1e+00, 1e+04]

Warning: Completing partial solution with 50884 unfixed non-continuous variables out of 51608
User MIP start produced solution with objective 181599 (0.03s)
Loaded user MIP start with objective 181599


Explored 0 nodes (0 simplex iterations) in 0.04 seconds (0.06 work units)
Thread count was 1 (of 32 available processors)

Solution count 2: 181599 181599 

Optimal solution found (tolerance 5.00e-02)
Best objective 1.815986804435e+05, best bound 1.746730000000e+05, gap 3.8137%
   196   198 180311.763   46   15 198832.158 180311.763  9.31%   119   15s
✅ Solution time [sec]: 1.77
📊 Status: optimal
💰 Operation Cost: 178498.3266973896
⚠️ No se encontró 'gurobi.log'. 
✔ JSON de variables y parámetros, log y summary guardados en 'C:\Users\TECNO-MASTER\Desktop\Elmo_infrastructure_sizing_NP-\output\DCH_septiembre\Bateria_353\Costo_variable\Swap_libre\Swap_variable_3estaciones_160kW_Descomp/station_1_d60'.
  [Fase 2 (infra fija)] estacion=station_3 dia=335 -> C:\Users\TECNO-MASTER\Desktop\Elmo_infrastructure_sizing_NP-\output\DCH_septiembre\Bateria_353\Costo_variable\Swap_libre\Swap_variable_3estaciones_160kW_Descomp/station_3_d335
✔ Warm start Y: 259 cargados, 0 omitidos
✔ Warm start Z: 451 cargados, 0 omitidos
✔ Warm start Z_swap: 10 cargados, 0 omitidos
✔ Warm start N_chargers: 0 cargados, 1 omitidos
✔ Warm start N_bays: 0 cargados, 1 omitidos
✔ Warm start X: 0 cargados, 1 omitidos
✔ Warm start N_batteries: 0 cargados, 1 omitidos
✔ Warm start completo desde 'C:\Users\TECNO-MASTER\Desktop\Elmo_infrastructure_sizing_NP-\output\DCH_septiembre\Bateria_353\Costo_variable\Swap_libre\Swap_variable_3estaciones_160kW_Descomp\station_3_d335_stage1': 720 valores cargados, 4 omitidos
formulation time: 6.814669370651245
Set parameter OutputFlag to value 1
Set parameter OutputFlag to value 1
Set parameter LogToConsole to value 1
Set parameter MIPGap to value 0.05
Set parameter TimeLimit to value 1200
Set parameter LogFile to value "C:\Users\TECNO-MASTER\Desktop\Elmo_infrastructure_sizing_NP-\output\DCH_septiembre\Bateria_353\Costo_variable\Swap_libre\Swap_variable_3estaciones_160kW_Descomp\station_3_d335\ELMO_log.txt"
Set parameter Threads to value 1
Set parameter Heuristics to value 0.5
Set parameter MIPFocus to value 3
Set parameter Presolve to value 2
Set parameter FlowCoverCuts to value 2
Gurobi Optimizer version 12.0.3 build v12.0.3rc0 (win64 - Windows 11+.0 (26200.2))

CPU model: Intel(R) Core(TM) i9-14900K, instruction set [SSE2|AVX|AVX2]
Thread count: 24 physical cores, 32 logical processors, using up to 1 threads

Non-default parameters:
TimeLimit  1200
MIPGap  0.05
Heuristics  0.5
MIPFocus  3
FlowCoverCuts  2
Presolve  2
Threads  1

Optimize a model with 26328 rows, 53707 columns and 243356 nonzeros
Model fingerprint: 0xb54e90ff
Variable types: 2099 continuous, 51608 integer (18485 binary)
Coefficient statistics:
  Matrix range     [1e+00, 3e+02]
  Objective range  [4e-03, 1e+02]
  Bounds range     [1e+00, 3e+00]
  RHS range        [1e+00, 1e+04]

Warning: Completing partial solution with 50884 unfixed non-continuous variables out of 51608
User MIP start produced solution with objective 179998 (0.03s)
Loaded user MIP start with objective 179998


Explored 0 nodes (0 simplex iterations) in 0.04 seconds (0.06 work units)
Thread count was 1 (of 32 available processors)

Solution count 2: 179998 179998 

Optimal solution found (tolerance 5.00e-02)
Best objective 1.799975565130e+05, best bound 1.746730000000e+05, gap 2.9581%
   303   305 180311.763   46   14 198832.158 180311.763  9.31%  98.3   20s
   436   438 180311.763   50   18 198832.158 180311.763  9.31%  86.6   25s
   514   514 180311.763   51   38 198832.158 180311.763  9.31%  81.3   31s
   524   521 180311.763   51   23 198832.158 180311.763  9.31%  79.7   35s
   583   562 180311.763   26   11 198832.158 180311.763  9.31%   150   40s
   689   633 180311.763   25   13 198832.158 180311.763  9.31%   132   45s
   793   702 180311.763   52   11 198832.158 180311.763  9.31%   120   50s
   892   768 180311.763   42   11 198832.158 180311.763  9.31%   109   55s
  1040   867 180311.763   54   15 198832.158 180311.763  9.31%   100   60s
  1180   960 180311.763   54   11 198832.158 180311.763  9.31%  90.7   66s
  1287  1032 180311.763   71   11 198832.158 180311.763  9.31%  86.6   70s
  1451  1141 180311.763   97   13 198832.158 180311.763  9.31%  81.5   75s
  1622  1255 180311.763  116   11 198832.158 180311.763  9.31%  76.8   80s
  1778  1359 180311.763   74   15 198832.158 180311.763  9.31%  73.0   85s
  1947  1472 180311.763   75   11 198832.158 180311.763  9.31%  69.7   90s
  2094  1570 180311.763   96   11 198832.158 180311.763  9.31%  67.6   95s
  2276  1745 180311.763  122   11 198832.158 180311.763  9.31%  65.1  100s
  2419  1888 180311.763  141   11 198832.158 180311.763  9.31%  63.3  105s
  2594  2063 180311.763  173   11 198832.158 180311.763  9.31%  61.7  110s
  2720  2189 180311.763  134   11 198832.158 180311.763  9.31%  59.9  115s
  2882  2351 180311.763   93   11 198832.158 180311.763  9.31%  57.6  120s
  3058  2527 180311.763   63   11 198832.158 180311.763  9.31%  55.7  125s
  3206  2675 180311.763   68   17 198832.158 180311.763  9.31%  54.6  130s
  3362  2831 180311.763   85   15 198832.158 180311.763  9.31%  54.2  135s
  3549  3018 180311.763  101   11 198832.158 180311.763  9.31%  53.2  140s
  3692  3161 180311.763  120   11 198832.158 180311.763  9.31%  52.7  145s
  3879  3348 180311.763  144   11 198832.158 180311.763  9.31%  52.6  150s
  4032  3501 180311.763  162   13 198832.158 180311.763  9.31%  52.0  155s
  4181  3650 180311.763  183   12 198832.158 180311.763  9.31%  51.6  160s
  4351  3820 180311.763  204   11 198832.158 180311.763  9.31%  51.9  166s
  4472  3941 180311.763  215   11 198832.158 180311.763  9.31%  53.4  170s
  4639  4108 180311.763  191   11 198832.158 180311.763  9.31%  54.4  175s
  4811  4280 180311.763  148   11 198832.158 180311.763  9.31%  53.7  180s
  4934  4403 180311.763  193   11 198832.158 180311.763  9.31%  53.0  185s
  5123  4592 180311.763  112   11 198832.158 180311.763  9.31%  51.6  190s
  5300  4769 180311.763   77   11 198832.158 180311.763  9.31%  50.5  195s
  5447  4916 180311.763   62   17 198832.158 180311.763  9.31%  49.8  200s
  5651  5120 180311.763   70   11 198832.158 180311.763  9.31%  49.1  205s
  5813  5282 180311.763   90   11 198832.158 180311.763  9.31%  49.0  211s
  5964  5433 180311.763  106   13 198832.158 180311.763  9.31%  49.0  215s
  6142  5611 180311.763  125   11 198832.158 180311.763  9.31%  48.7  220s
  6311  5780 180311.763  146   13 198832.158 180311.763  9.31%  48.7  225s
  6433  5902 180311.763  158   11 198832.158 180311.763  9.31%  48.6  230s
  6617  6086 180311.763  177   11 198832.158 180311.763  9.31%  48.9  235s
  6795  6264 180311.763  206   20 198832.158 180311.763  9.31%  49.1  240s
  6905  6374 180311.763  218   11 198832.158 180311.763  9.31%  49.3  245s
  7087  6556 180311.763  242   11 198832.158 180311.763  9.31%  49.8  250s
  7197  6666 180311.763  231   16 198832.158 180311.763  9.31%  51.5  255s
  7327  6796 180311.763  229   23 198832.158 180311.763  9.31%  52.2  260s
  7521  6990 180311.763  251    9 198832.158 180311.763  9.31%  52.4  265s
  7705  7174 180311.763  248   11 198832.158 180311.763  9.31%  52.3  270s
  7909  7378 180311.763  246   11 198832.158 180311.763  9.31%  52.2  275s
  8095  7564 180311.763  237   11 198832.158 180311.763  9.31%  52.4  281s
  8209  7678 180311.763  249   20 198832.158 180311.763  9.31%  52.8  285s
  8393  7862 180311.763  243   11 198832.158 180311.763  9.31%  53.6  290s
  8588  8057 180311.763  251   27 198832.158 180311.763  9.31%  53.9  295s
  8660  8129 180311.763  206   18 198832.158 180311.763  9.31%  56.0  300s
  8768  8237 180311.763  152   13 198832.158 180311.763  9.31%  59.0  305s
  8870  8339 180311.763  116   15 198832.158 180311.763  9.31%  61.4  310s
  8935  8404 180311.763   93   28 198832.158 180311.763  9.31%  63.4  318s
  8976  8445 180311.763   90   25 198832.158 180311.763  9.31%  64.7  320s
  9073  8542 180311.763   76   45 198832.158 180311.763  9.31%  67.9  325s
  9173  8642 180311.763   54   46 198832.158 180311.763  9.31%  71.8  330s
  9267  8736 180311.763   74   52 198832.158 180311.763  9.31%  75.6  335s
  9362  8831 180311.763   70   28 198832.158 180311.763  9.31%  79.3  340s
  9462  8931 180311.763   77   34 198832.158 180311.763  9.31%  82.9  345s
  9555  9024 180311.763   65   15 198832.158 180311.763  9.31%  85.9  350s
  9650  9119 180311.763   26   27 198832.158 180311.763  9.31%  88.9  355s
  9737  9206 180311.763   78   30 198832.158 180311.763  9.31%  90.5  360s
  9839  9308 180311.763   79   17 198832.158 180311.763  9.31%  93.1  366s
  9916  9385 180311.763  109   37 198832.158 180311.763  9.31%  94.5  371s
  9999  9468 180311.763   96   31 198832.158 180311.763  9.31%  96.0  375s
 10118  9587 180311.763  146   13 198832.158 180311.763  9.31%  98.4  380s
 10229  9698 180311.763  135   13 198832.158 180311.763  9.31%   101  385s
 10314  9783 180311.763  112   31 198832.158 180311.763  9.31%   103  390s
 10428  9897 180311.763  117   36 198832.158 180311.763  9.31%   105  395s
 10484  9953 180311.763   29   36 198832.158 180311.763  9.31%   107  400s
 10586 10055 180311.763   70   57 198832.158 180311.763  9.31%   109  405s
 10695 10164 180311.763   82   26 198832.158 180311.763  9.31%   112  410s
 10799 10268 180311.763   65   65 198832.158 180311.763  9.31%   114  418s
 10828 10297 180311.763   65   34 198832.158 180311.763  9.31%   115  420s
 10935 10404 180311.763   83   27 198832.158 180311.763  9.31%   118  425s
 11042 10511 180311.763  127   18 198832.158 180311.763  9.31%   120  430s
 11145 10614 180311.763  116   11 198832.158 180311.763  9.31%   122  435s
 11258 10727 180311.763  195   12 198832.158 180311.763  9.31%   125  440s
 11358 10827 180311.763   70   40 198832.158 180311.763  9.31%   127  446s
 11441 10910 180311.763  128   21 198832.158 180311.763  9.31%   128  450s
 11550 11019 180311.763   52   34 198832.158 180311.763  9.31%   130  455s
 11620 11089 180311.763   51   34 198832.158 180311.763  9.31%   132  460s
 11719 11188 180311.763  120   31 198832.158 180311.763  9.31%   134  465s
 11819 11288 180311.763   51   11 198832.158 180311.763  9.31%   137  470s
 11897 11366 180311.763   74   39 198832.158 180311.763  9.31%   139  475s
 11985 11454 180311.763   54   33 198832.158 180311.763  9.31%   141  480s
 12061 11530 180311.763   54   11 198832.158 180311.763  9.31%   142  485s
 12177 11646 180311.763  183   28 198832.158 180311.763  9.31%   144  490s
 12241 11710 180311.763  168   32 198832.158 180311.763  9.31%   145  495s
 12350 11819 180311.763  136   38 198832.158 180311.763  9.31%   146  500s
 12389 11858 180311.763  199   11 198832.158 180311.763  9.31%   147  505s
 12423 11892 180311.763  154   22 198832.158 180311.763  9.31%   147  510s
 12441 11910 180311.763  156   19 198832.158 180311.763  9.31%   148  518s
 12455 11924 180311.763  169   24 198832.158 180311.763  9.31%   148  520s
 12484 11953 180311.763  166   11 198832.158 180311.763  9.31%   148  525s
 12522 11991 180311.763  236   45 198832.158 180311.763  9.31%   148  530s
 12556 12025 180311.763  197   14 198832.158 180311.763  9.31%   148  535s
 12592 12061 180311.763  181   12 198832.158 180311.763  9.31%   148  540s
 12626 12095 180311.763  158   18 198832.158 180311.763  9.31%   148  545s
 12762 12231 180311.763  173   24 198832.158 180311.763  9.31%   148  550s
 12845 12314 180311.763  179   33 198832.158 180311.763  9.31%   150  556s
 12896 12365 180311.763  246   38 198832.158 180311.763  9.31%   151  560s
 12980 12449 180311.763  247   25 198832.158 180311.763  9.31%   153  565s
H12986 12453                    197528.68519 180311.763  8.72%   153  567s
 13035 12504 180311.763  177   39 197528.685 180311.763  8.72%   155  570s
 13128 12597 180311.763  145   32 197528.685 180311.763  8.72%   157  575s
 13186 12655 180311.763  170   43 197528.685 180311.763  8.72%   158  580s
 13296 12765 180311.763  184   13 197528.685 180311.763  8.72%   160  585s
 13412 12880 180311.763  154   25 197528.685 180311.763  8.72%   161  590s
 13524 12992 180311.763  101   34 197528.685 180311.763  8.72%   162  596s
 13602 13070 180311.763   97   15 197528.685 180311.763  8.72%   163  600s
 13731 13199 180311.763  126   32 197528.685 180311.763  8.72%   164  605s
 13852 13320 180311.763  112   13 197528.685 180311.763  8.72%   165  610s
 13946 13414 180311.763   38   32 197528.685 180311.763  8.72%   166  617s
 14005 13473 180311.763  116   29 197528.685 180311.763  8.72%   167  620s
 14103 13571 180311.763   91   33 197528.685 180311.763  8.72%   169  625s
 14204 13672 180311.763  125   11 197528.685 180311.763  8.72%   171  630s
 14261 13729 180311.763  178   23 197528.685 180311.763  8.72%   171  635s
 14345 13813 180311.763  111   34 197528.685 180311.763  8.72%   173  640s
 14453 13921 180311.763   34   31 197528.685 180311.763  8.72%   175  645s
 14550 14017 180311.763  102   37 197528.685 180311.763  8.72%   176  650s
 14622 14089 180311.763  107   13 197528.685 180311.763  8.72%   177  656s
 14705 14171 180311.763  153   27 197528.685 180311.763  8.72%   178  660s
 14801 14267 180311.763   18   33 197528.685 180311.763  8.72%   180  665s
 14913 14379 180311.763  122   30 197528.685 180311.763  8.72%   181  670s
 15013 14479 180311.763  173   32 197528.685 180311.763  8.72%   182  675s
 15158 14624 180311.763  132   11 197528.685 180311.763  8.72%   181  680s
 15300 14766 180311.763  151   11 197528.685 180311.763  8.72%   180  686s
 15427 14893 180311.763  165   11 197528.685 180311.763  8.72%   179  690s
 15596 15062 180311.763  190   17 197528.685 180311.763  8.72%   178  695s
 15781 15247 180311.763  154   13 197528.685 180311.763  8.72%   177  700s
 15892 15358 180311.763  127   14 197528.685 180311.763  8.72%   177  705s
 16037 15503 180311.763  126   14 197528.685 180311.763  8.72%   176  710s
 16203 15669 180311.763  137   13 197528.685 180311.763  8.72%   175  715s
 16384 15850 180311.763  134   11 197528.685 180311.763  8.72%   173  720s
 16571 16037 180311.763  168   11 197528.685 180311.763  8.72%   172  725s
 16659 16125 180311.763  130    9 197528.685 180311.763  8.72%   172  730s
 16814 16280 180311.763  133   11 197528.685 180311.763  8.72%   171  735s
 16991 16457 180311.763  123   11 197528.685 180311.763  8.72%   170  740s
 17148 16614 180311.763  128   11 197528.685 180311.763  8.72%   169  745s
 17328 16794 180311.763  130   31 197528.685 180311.763  8.72%   168  750s
 17494 16960 180311.763  136   11 197528.685 180311.763  8.72%   167  755s
 17652 17118 180311.763  128   11 197528.685 180311.763  8.72%   167  760s
 17736 17202 180311.763  137   11 197528.685 180311.763  8.72%   166  765s
 17905 17371 180311.763  131   11 197528.685 180311.763  8.72%   165  770s
 18069 17535 180311.763  133   10 197528.685 180311.763  8.72%   165  775s
 18224 17690 180311.763  192   10 197528.685 180311.763  8.72%   164  780s
 18405 17871 180311.763  131   11 197528.685 180311.763  8.72%   163  785s
 18543 18009 180311.763  223   18 197528.685 180311.763  8.72%   163  793s
 18610 18076 180311.763  136   11 197528.685 180311.763  8.72%   162  795s
 18757 18223 180311.763  146   11 197528.685 180311.763  8.72%   162  800s
 18920 18386 180311.763  163   11 197528.685 180311.763  8.72%   161  805s
 19090 18556 180311.763  187   42 197528.685 180311.763  8.72%   161  810s
 19274 18740 180311.763  212   12 197528.685 180311.763  8.72%   159  815s
 19455 18921 180311.763  235   11 197528.685 180311.763  8.72%   159  820s
 19622 19088 180311.763  173   11 197528.685 180311.763  8.72%   158  825s
 19787 19253 180311.763  191   49 197528.685 180311.763  8.72%   157  830s
 19838 19304 180311.763  195   11 197528.685 180311.763  8.72%   157  835s
 20011 19477 180311.763  214   11 197528.685 180311.763  8.72%   156  840s
 20187 19653 180311.763  236   11 197528.685 180311.763  8.72%   156  845s
 20344 19810 180311.763  214   28 197528.685 180311.763  8.72%   155  850s
 20524 19990 180311.763  232   12 197528.685 180311.763  8.72%   154  855s
 20693 20159 180311.763  252   11 197528.685 180311.763  8.72%   154  860s
 20800 20266 180311.763  226   11 197528.685 180311.763  8.72%   153  866s
 20926 20392 180311.763  250   18 197528.685 180311.763  8.72%   153  870s
 21080 20546 180311.763  196   30 197528.685 180311.763  8.72%   152  875s
 21242 20708 180311.763  210   27 197528.685 180311.763  8.72%   151  880s
 21419 20885 180311.763  227   11 197528.685 180311.763  8.72%   151  885s
 21594 21060 180311.763  248   18 197528.685 180311.763  8.72%   150  890s
 21702 21168 180311.763  212   41 197528.685 180311.763  8.72%   150  895s
 21870 21336 180311.763  231   19 197528.685 180311.763  8.72%   149  900s
 22047 21513 180311.763  248   12 197528.685 180311.763  8.72%   148  905s
 22225 21691 180311.763  231   10 197528.685 180311.763  8.72%   147  910s
 22350 21816 180311.763  237   17 197528.685 180311.763  8.72%   147  917s
 22439 21905 180311.763  237   10 197528.685 180311.763  8.72%   147  920s
 22612 22078 180311.763  244   30 197528.685 180311.763  8.72%   146  925s
 22781 22247 180311.763  209   18 197528.685 180311.763  8.72%   146  930s
 22962 22428 180311.763  210   11 197528.685 180311.763  8.72%   145  935s
 23151 22617 180311.763  231   12 197528.685 180311.763  8.72%   144  940s
 23322 22788 180311.763  247   11 197528.685 180311.763  8.72%   144  945s
 23479 22945 180311.763  261   11 197528.685 180311.763  8.72%   143  952s
 23561 23027 180311.763  268   11 197528.685 180311.763  8.72%   143  955s
 23756 23222 180311.763  288   27 197528.685 180311.763  8.72%   142  960s
 23914 23377 180311.763  127   21 197528.685 180311.763  8.72%   143  965s
 24069 23532 180311.763  179   46 197528.685 180311.763  8.72%   144  970s
 24137 23600 180311.763  170   12 197528.685 180311.763  8.72%   144  975s
 24287 23750 180311.763  229   42 197528.685 180311.763  8.72%   144  980s
 24428 23891 180311.763  254   23 197528.685 180311.763  8.72%   144  985s
 24550 24013 180311.763  229   27 197528.685 180311.763  8.72%   144  992s
 24630 24093 180311.763  237   30 197528.685 180311.763  8.72%   144  995s
 24777 24240 180311.763  238   30 197528.685 180311.763  8.72%   145 1000s
 24928 24391 180311.763  238   22 197528.685 180311.763  8.72%   145 1005s
 25010 24473 180311.763  239   25 197528.685 180311.763  8.72%   145 1011s
 25094 24555 180311.763  172   24 197528.685 180311.763  8.72%   146 1015s
 25237 24697 180311.763  214   21 197528.685 180311.763  8.72%   146 1020s
 25351 24811 180311.763  162   24 197528.685 180311.763  8.72%   146 1025s
 25384 24844 180311.763  214   25 197528.685 180311.763  8.72%   146 1030s
 25418 24878 180311.763  202   17 197528.685 180311.763  8.72%   146 1035s
 25434 24894 180311.763  189   14 197528.685 180311.763  8.72%   146 1041s
 25457 24917 180311.763  187   14 197528.685 180311.763  8.72%   146 1045s
 25491 24951 180311.763  181   18 197528.685 180311.763  8.72%   146 1050s
 25523 24983 180311.763  171   14 197528.685 180311.763  8.72%   146 1055s
 25554 25014 180311.763  128   17 197528.685 180311.763  8.72%   147 1060s
 25575 25035 180311.763  137   19 197528.685 180311.763  8.72%   147 1067s
 25642 25102 180311.763  173   31 197528.685 180311.763  8.72%   147 1070s
 25816 25276 180311.763  187   23 197528.685 180311.763  8.72%   147 1075s
 25967 25427 180311.763  137   21 197528.685 180311.763  8.72%   147 1080s
 26112 25572 180311.763  129   27 197528.685 180311.763  8.72%   147 1085s
 26262 25722 180311.763  100   53 197528.685 180311.763  8.72%   148 1090s
 26423 25883 180311.763  153   13 197528.685 180311.763  8.72%   147 1096s
 26591 26051 180311.763  165    9 197528.685 180311.763  8.72%   147 1100s
 26793 26253 180311.763  169    9 197528.685 180311.763  8.72%   146 1105s
 27020 26480 180311.763  185   10 197528.685 180311.763  8.72%   146 1110s
 27139 26599 180311.763  195   10 197528.685 180311.763  8.72%   145 1117s
 27241 26701 180311.763  185   26 197528.685 180311.763  8.72%   145 1120s
 27479 26939 180311.763  195   12 197528.685 180311.763  8.72%   144 1125s
 27701 27161 180311.763  213   10 197528.685 180311.763  8.72%   144 1130s
 27931 27391 180311.763  235   18 197528.685 180311.763  8.72%   143 1135s
 28187 27647 180311.763  235   10 197528.685 180311.763  8.72%   142 1140s
 28413 27873 180311.763  223   10 197528.685 180311.763  8.72%   142 1145s
 28548 28008 180311.763  210   10 197528.685 180311.763  8.72%   141 1152s
 28663 28123 180311.763  222   14 197528.685 180311.763  8.72%   141 1155s
 28901 28361 180311.763  237   15 197528.685 180311.763  8.72%   140 1160s
 29142 28602 180311.763  239   12 197528.685 180311.763  8.72%   140 1165s
 29396 28856 180311.763  240   14 197528.685 180311.763  8.72%   139 1170s
 29621 29081 180311.763  217   10 197528.685 180311.763  8.72%   138 1175s
 29855 29314 180311.763  237   10 197528.685 180311.763  8.72%   138 1180s
 29936 29395 180311.763  240   10 197528.685 180311.763  8.72%   137 1185s
 30206 29665 180311.763  240   10 197528.685 180311.763  8.72%   136 1190s
 30470 29929 180311.763  236   14 197528.685 180311.763  8.72%   136 1195s
 30694 30153 180311.763  235   10 197528.685 180311.763  8.72%   135 1200s

Cutting planes:
  Gomory: 7
  Lift-and-project: 7
  Implied bound: 1
  Flow cover: 8
  RLT: 1
  Relax-and-lift: 2

Explored 30695 nodes (4175571 simplex iterations) in 1200.01 seconds (3017.23 work units)
Thread count was 1 (of 32 available processors)

Solution count 2: 197529 198832 

Time limit reached
Best objective 1.975286851941e+05, best bound 1.803117632417e+05, gap 8.7162%
WARNING: Loading a SolverResults object with an 'aborted' status, but
containing a solution
✅ Solution time [sec]: 1.73
📊 Status: optimal
💰 Operation Cost: 181292.79897710663
⚠️ No se encontró 'gurobi.log'. 
✔ JSON de variables y parámetros, log y summary guardados en 'C:\Users\TECNO-MASTER\Desktop\Elmo_infrastructure_sizing_NP-\output\DCH_septiembre\Bateria_353\Costo_variable\Swap_libre\Swap_variable_3estaciones_160kW_Descomp/station_1_d182'.
✅ Solution time [sec]: 1.71
📊 Status: optimal
💰 Operation Cost: 179160.08375567483
⚠️ No se encontró 'gurobi.log'. 
✔ JSON de variables y parámetros, log y summary guardados en 'C:\Users\TECNO-MASTER\Desktop\Elmo_infrastructure_sizing_NP-\output\DCH_septiembre\Bateria_353\Costo_variable\Swap_libre\Swap_variable_3estaciones_160kW_Descomp/station_1_d121'.
✅ Solution time [sec]: 1.77
📊 Status: optimal
💰 Operation Cost: 180918.51757684874
⚠️ No se encontró 'gurobi.log'. 
✔ JSON de variables y parámetros, log y summary guardados en 'C:\Users\TECNO-MASTER\Desktop\Elmo_infrastructure_sizing_NP-\output\DCH_septiembre\Bateria_353\Costo_variable\Swap_libre\Swap_variable_3estaciones_160kW_Descomp/station_1_d152'.
✅ Solution time [sec]: 1.75
📊 Status: optimal
💰 Operation Cost: 180503.19279995767
⚠️ No se encontró 'gurobi.log'. 
✔ JSON de variables y parámetros, log y summary guardados en 'C:\Users\TECNO-MASTER\Desktop\Elmo_infrastructure_sizing_NP-\output\DCH_septiembre\Bateria_353\Costo_variable\Swap_libre\Swap_variable_3estaciones_160kW_Descomp/station_1_d305'.
✅ Solution time [sec]: 1.81
📊 Status: optimal
💰 Operation Cost: 180050.54783284152
⚠️ No se encontró 'gurobi.log'. 
✔ JSON de variables y parámetros, log y summary guardados en 'C:\Users\TECNO-MASTER\Desktop\Elmo_infrastructure_sizing_NP-\output\DCH_septiembre\Bateria_353\Costo_variable\Swap_libre\Swap_variable_3estaciones_160kW_Descomp/station_1_d244'.
✅ Solution time [sec]: 1.73
📊 Status: optimal
💰 Operation Cost: 180311.7632416874
⚠️ No se encontró 'gurobi.log'. 
✔ JSON de variables y parámetros, log y summary guardados en 'C:\Users\TECNO-MASTER\Desktop\Elmo_infrastructure_sizing_NP-\output\DCH_septiembre\Bateria_353\Costo_variable\Swap_libre\Swap_variable_3estaciones_160kW_Descomp/station_1_d213'.
✅ Solution time [sec]: 1.78
📊 Status: optimal
💰 Operation Cost: 179111.51442803
⚠️ No se encontró 'gurobi.log'. 
✔ JSON de variables y parámetros, log y summary guardados en 'C:\Users\TECNO-MASTER\Desktop\Elmo_infrastructure_sizing_NP-\output\DCH_septiembre\Bateria_353\Costo_variable\Swap_libre\Swap_variable_3estaciones_160kW_Descomp/station_1_d274'.
✅ Solution time [sec]: 1.88
📊 Status: optimal
💰 Operation Cost: 284290.43625747465
⚠️ No se encontró 'gurobi.log'. 
✔ JSON de variables y parámetros, log y summary guardados en 'C:\Users\TECNO-MASTER\Desktop\Elmo_infrastructure_sizing_NP-\output\DCH_septiembre\Bateria_353\Costo_variable\Swap_libre\Swap_variable_3estaciones_160kW_Descomp/station_2_d60'.
✅ Solution time [sec]: 1.78
📊 Status: optimal
💰 Operation Cost: 182106.60276035187
⚠️ No se encontró 'gurobi.log'. 
✔ JSON de variables y parámetros, log y summary guardados en 'C:\Users\TECNO-MASTER\Desktop\Elmo_infrastructure_sizing_NP-\output\DCH_septiembre\Bateria_353\Costo_variable\Swap_libre\Swap_variable_3estaciones_160kW_Descomp/station_1_d335'.
✅ Solution time [sec]: 1.83
📊 Status: optimal
💰 Operation Cost: 283050.9629175872
⚠️ No se encontró 'gurobi.log'. 
✔ JSON de variables y parámetros, log y summary guardados en 'C:\Users\TECNO-MASTER\Desktop\Elmo_infrastructure_sizing_NP-\output\DCH_septiembre\Bateria_353\Costo_variable\Swap_libre\Swap_variable_3estaciones_160kW_Descomp/station_2_d121'.
✅ Solution time [sec]: 1.90
📊 Status: optimal
💰 Operation Cost: 286342.6588063635
⚠️ No se encontró 'gurobi.log'. 
✔ JSON de variables y parámetros, log y summary guardados en 'C:\Users\TECNO-MASTER\Desktop\Elmo_infrastructure_sizing_NP-\output\DCH_septiembre\Bateria_353\Costo_variable\Swap_libre\Swap_variable_3estaciones_160kW_Descomp/station_2_d32'.
✅ Solution time [sec]: 1.91
📊 Status: optimal
💰 Operation Cost: 286037.92416496674
⚠️ No se encontró 'gurobi.log'. 
✔ JSON de variables y parámetros, log y summary guardados en 'C:\Users\TECNO-MASTER\Desktop\Elmo_infrastructure_sizing_NP-\output\DCH_septiembre\Bateria_353\Costo_variable\Swap_libre\Swap_variable_3estaciones_160kW_Descomp/station_2_d91'.
✅ Solution time [sec]: 1.86
📊 Status: optimal
💰 Operation Cost: 285668.9997035924
⚠️ No se encontró 'gurobi.log'. 
✔ JSON de variables y parámetros, log y summary guardados en 'C:\Users\TECNO-MASTER\Desktop\Elmo_infrastructure_sizing_NP-\output\DCH_septiembre\Bateria_353\Costo_variable\Swap_libre\Swap_variable_3estaciones_160kW_Descomp/station_2_d213'.
✅ Solution time [sec]: 1.93
📊 Status: optimal
💰 Operation Cost: 287187.6686911633
⚠️ No se encontró 'gurobi.log'. 
✔ JSON de variables y parámetros, log y summary guardados en 'C:\Users\TECNO-MASTER\Desktop\Elmo_infrastructure_sizing_NP-\output\DCH_septiembre\Bateria_353\Costo_variable\Swap_libre\Swap_variable_3estaciones_160kW_Descomp/station_2_d305'.
✅ Solution time [sec]: 1.92
📊 Status: optimal
💰 Operation Cost: 286222.7856468637
⚠️ No se encontró 'gurobi.log'. 
✔ JSON de variables y parámetros, log y summary guardados en 'C:\Users\TECNO-MASTER\Desktop\Elmo_infrastructure_sizing_NP-\output\DCH_septiembre\Bateria_353\Costo_variable\Swap_libre\Swap_variable_3estaciones_160kW_Descomp/station_2_d1'.
✅ Solution time [sec]: 1.92
📊 Status: optimal
💰 Operation Cost: 287900.1096442432
⚠️ No se encontró 'gurobi.log'. 
✔ JSON de variables y parámetros, log y summary guardados en 'C:\Users\TECNO-MASTER\Desktop\Elmo_infrastructure_sizing_NP-\output\DCH_septiembre\Bateria_353\Costo_variable\Swap_libre\Swap_variable_3estaciones_160kW_Descomp/station_2_d182'.
✅ Solution time [sec]: 1.89
📊 Status: optimal
💰 Operation Cost: 286152.6520104
⚠️ No se encontró 'gurobi.log'. 
✔ JSON de variables y parámetros, log y summary guardados en 'C:\Users\TECNO-MASTER\Desktop\Elmo_infrastructure_sizing_NP-\output\DCH_septiembre\Bateria_353\Costo_variable\Swap_libre\Swap_variable_3estaciones_160kW_Descomp/station_2_d152'.
✅ Solution time [sec]: 1.89
📊 Status: optimal
💰 Operation Cost: 286977.1493214395
⚠️ No se encontró 'gurobi.log'. 
✔ JSON de variables y parámetros, log y summary guardados en 'C:\Users\TECNO-MASTER\Desktop\Elmo_infrastructure_sizing_NP-\output\DCH_septiembre\Bateria_353\Costo_variable\Swap_libre\Swap_variable_3estaciones_160kW_Descomp/station_2_d244'.
✅ Solution time [sec]: 1.89
📊 Status: optimal
💰 Operation Cost: 284717.8340930048
⚠️ No se encontró 'gurobi.log'. 
✔ JSON de variables y parámetros, log y summary guardados en 'C:\Users\TECNO-MASTER\Desktop\Elmo_infrastructure_sizing_NP-\output\DCH_septiembre\Bateria_353\Costo_variable\Swap_libre\Swap_variable_3estaciones_160kW_Descomp/station_2_d274'.
✅ Solution time [sec]: 1.87
📊 Status: optimal
💰 Operation Cost: 287012.097001486
⚠️ No se encontró 'gurobi.log'. 
✔ JSON de variables y parámetros, log y summary guardados en 'C:\Users\TECNO-MASTER\Desktop\Elmo_infrastructure_sizing_NP-\output\DCH_septiembre\Bateria_353\Costo_variable\Swap_libre\Swap_variable_3estaciones_160kW_Descomp/station_2_d335'.
✅ Solution time [sec]: 1.80
📊 Status: optimal
💰 Operation Cost: 180636.20492959357
⚠️ No se encontró 'gurobi.log'. 
✔ JSON de variables y parámetros, log y summary guardados en 'C:\Users\TECNO-MASTER\Desktop\Elmo_infrastructure_sizing_NP-\output\DCH_septiembre\Bateria_353\Costo_variable\Swap_libre\Swap_variable_3estaciones_160kW_Descomp/station_3_d1'.
✅ Solution time [sec]: 1.80
📊 Status: optimal
💰 Operation Cost: 180651.48985320964
⚠️ No se encontró 'gurobi.log'. 
✔ JSON de variables y parámetros, log y summary guardados en 'C:\Users\TECNO-MASTER\Desktop\Elmo_infrastructure_sizing_NP-\output\DCH_septiembre\Bateria_353\Costo_variable\Swap_libre\Swap_variable_3estaciones_160kW_Descomp/station_3_d32'.
✅ Solution time [sec]: 1.78
📊 Status: optimal
💰 Operation Cost: 179732.70466281127
⚠️ No se encontró 'gurobi.log'. 
✔ JSON de variables y parámetros, log y summary guardados en 'C:\Users\TECNO-MASTER\Desktop\Elmo_infrastructure_sizing_NP-\output\DCH_septiembre\Bateria_353\Costo_variable\Swap_libre\Swap_variable_3estaciones_160kW_Descomp/station_3_d60'.
✅ Solution time [sec]: 1.86
📊 Status: optimal
💰 Operation Cost: 181211.81363504697
⚠️ No se encontró 'gurobi.log'. 
✔ JSON de variables y parámetros, log y summary guardados en 'C:\Users\TECNO-MASTER\Desktop\Elmo_infrastructure_sizing_NP-\output\DCH_septiembre\Bateria_353\Costo_variable\Swap_libre\Swap_variable_3estaciones_160kW_Descomp/station_3_d182'.
✅ Solution time [sec]: 1.84
📊 Status: optimal
💰 Operation Cost: 180906.3822012557
⚠️ No se encontró 'gurobi.log'. 
✔ JSON de variables y parámetros, log y summary guardados en 'C:\Users\TECNO-MASTER\Desktop\Elmo_infrastructure_sizing_NP-\output\DCH_septiembre\Bateria_353\Costo_variable\Swap_libre\Swap_variable_3estaciones_160kW_Descomp/station_3_d121'.
✅ Solution time [sec]: 1.69
📊 Status: optimal
💰 Operation Cost: 180918.51757684874
⚠️ No se encontró 'gurobi.log'. 
✔ JSON de variables y parámetros, log y summary guardados en 'C:\Users\TECNO-MASTER\Desktop\Elmo_infrastructure_sizing_NP-\output\DCH_septiembre\Bateria_353\Costo_variable\Swap_libre\Swap_variable_3estaciones_160kW_Descomp/station_3_d152'.
✅ Solution time [sec]: 1.74
📊 Status: optimal
💰 Operation Cost: 181994.11531000788
⚠️ No se encontró 'gurobi.log'. 
✔ JSON de variables y parámetros, log y summary guardados en 'C:\Users\TECNO-MASTER\Desktop\Elmo_infrastructure_sizing_NP-\output\DCH_septiembre\Bateria_353\Costo_variable\Swap_libre\Swap_variable_3estaciones_160kW_Descomp/station_3_d244'.
✅ Solution time [sec]: 1.74
📊 Status: optimal
💰 Operation Cost: 180578.84248448926
⚠️ No se encontró 'gurobi.log'. 
✔ JSON de variables y parámetros, log y summary guardados en 'C:\Users\TECNO-MASTER\Desktop\Elmo_infrastructure_sizing_NP-\output\DCH_septiembre\Bateria_353\Costo_variable\Swap_libre\Swap_variable_3estaciones_160kW_Descomp/station_3_d91'.
✅ Solution time [sec]: 1.64
📊 Status: optimal
💰 Operation Cost: 182108.63127990955
⚠️ No se encontró 'gurobi.log'. 
✔ JSON de variables y parámetros, log y summary guardados en 'C:\Users\TECNO-MASTER\Desktop\Elmo_infrastructure_sizing_NP-\output\DCH_septiembre\Bateria_353\Costo_variable\Swap_libre\Swap_variable_3estaciones_160kW_Descomp/station_3_d274'.
✅ Solution time [sec]: 1.61
📊 Status: optimal
💰 Operation Cost: 181598.68044345838
⚠️ No se encontró 'gurobi.log'. 
✔ JSON de variables y parámetros, log y summary guardados en 'C:\Users\TECNO-MASTER\Desktop\Elmo_infrastructure_sizing_NP-\output\DCH_septiembre\Bateria_353\Costo_variable\Swap_libre\Swap_variable_3estaciones_160kW_Descomp/station_3_d305'.
✅ Solution time [sec]: 1201.68
📊 Status: maxTimeLimit
💰 Operation Cost: 197528.6851941047
⚠️ No se encontró 'gurobi.log'. 
✔ JSON de variables y parámetros, log y summary guardados en 'C:\Users\TECNO-MASTER\Desktop\Elmo_infrastructure_sizing_NP-\output\DCH_septiembre\Bateria_353\Costo_variable\Swap_libre\Swap_variable_3estaciones_160kW_Descomp/station_3_d213'.
✅ Solution time [sec]: 1.57
📊 Status: optimal
💰 Operation Cost: 179997.55651303672
⚠️ No se encontró 'gurobi.log'. 
✔ JSON de variables y parámetros, log y summary guardados en 'C:\Users\TECNO-MASTER\Desktop\Elmo_infrastructure_sizing_NP-\output\DCH_septiembre\Bateria_353\Costo_variable\Swap_libre\Swap_variable_3estaciones_160kW_Descomp/station_3_d335'.
[wp2] usando consumos precalculados desde: C:\Users\TECNO-MASTER\Desktop\Elmo_infrastructure_sizing_NP-\data\Escenarios_DCH_septiembre\Bateria_353\Costo_variable\Swap_variable_3estaciones_160kW/electric_routes_within_time.json

=== Fase 0 (maestro): repartiendo target de produccion diario entre macrobloques ===
  [maestro] dia 1: D_d=40320.0  station_1: T=13117.3 (Cap=[11869.2,16813.4])  station_2: T=13896.8 (Cap=[12564.7,17841.6])  station_3: T=13305.8 (Cap=[12111.1,16843.7])
  [maestro] dia 32: D_d=40320.0  station_1: T=13117.3 (Cap=[11869.2,16813.4])  station_2: T=13896.8 (Cap=[12564.7,17841.6])  station_3: T=13305.8 (Cap=[12111.1,16843.7])
  [maestro] dia 60: D_d=40320.0  station_1: T=13117.3 (Cap=[11869.2,16813.4])  station_2: T=13896.8 (Cap=[12564.7,17841.6])  station_3: T=13305.8 (Cap=[12111.1,16843.7])
  [maestro] dia 91: D_d=40320.0  station_1: T=13117.3 (Cap=[11869.2,16813.4])  station_2: T=13896.8 (Cap=[12564.7,17841.6])  station_3: T=13305.8 (Cap=[12111.1,16843.7])
  [maestro] dia 121: D_d=40320.0  station_1: T=13117.3 (Cap=[11869.2,16813.4])  station_2: T=13896.8 (Cap=[12564.7,17841.6])  station_3: T=13305.8 (Cap=[12111.1,16843.7])
  [maestro] dia 152: D_d=40320.0  station_1: T=13117.3 (Cap=[11869.2,16813.4])  station_2: T=13896.8 (Cap=[12564.7,17841.6])  station_3: T=13305.8 (Cap=[12111.1,16843.7])
  [maestro] dia 182: D_d=40320.0  station_1: T=13117.3 (Cap=[11869.2,16813.4])  station_2: T=13896.8 (Cap=[12564.7,17841.6])  station_3: T=13305.8 (Cap=[12111.1,16843.7])
  [maestro] dia 213: D_d=40320.0  station_1: T=13117.3 (Cap=[11869.2,16813.4])  station_2: T=13896.8 (Cap=[12564.7,17841.6])  station_3: T=13305.8 (Cap=[12111.1,16843.7])
  [maestro] dia 244: D_d=40320.0  station_1: T=13117.3 (Cap=[11869.2,16813.4])  station_2: T=13896.8 (Cap=[12564.7,17841.6])  station_3: T=13305.8 (Cap=[12111.1,16843.7])
  [maestro] dia 274: D_d=40320.0  station_1: T=13117.3 (Cap=[11869.2,16813.4])  station_2: T=13896.8 (Cap=[12564.7,17841.6])  station_3: T=13305.8 (Cap=[12111.1,16843.7])
  [maestro] dia 305: D_d=40320.0  station_1: T=13117.3 (Cap=[11869.2,16813.4])  station_2: T=13896.8 (Cap=[12564.7,17841.6])  station_3: T=13305.8 (Cap=[12111.1,16843.7])
  [maestro] dia 335: D_d=40320.0  station_1: T=13117.3 (Cap=[11869.2,16813.4])  station_2: T=13896.8 (Cap=[12564.7,17841.6])  station_3: T=13305.8 (Cap=[12111.1,16843.7])
Hilos de Gurobi por worker: 1 (workers=32, cpus=32)

=== Fase 1: 36 subproblemas (estacion x dia) en paralelo (32 workers), infraestructura libre ===

=== Infraestructura de swap fijada por estacion (maximo entre dias) ===
  station_1: {'N_chargers': 1, 'N_bays': 1, 'N_batteries': 1, 'X': 1}
  station_2: {'N_chargers': 2, 'N_bays': 1, 'N_batteries': 2, 'X': 1}
  station_3: {'N_chargers': 1, 'N_bays': 1, 'N_batteries': 1, 'X': 1}

=== Fase 2: 36 subproblemas (estacion x dia) en paralelo (32 workers), infraestructura fija ===

Listo. Resultados finales en:
  C:\Users\TECNO-MASTER\Desktop\Elmo_infrastructure_sizing_NP-\output\DCH_septiembre\Bateria_353\Costo_variable\Swap_libre\Swap_variable_3estaciones_160kW_Descomp/station_1_d1
  C:\Users\TECNO-MASTER\Desktop\Elmo_infrastructure_sizing_NP-\output\DCH_septiembre\Bateria_353\Costo_variable\Swap_libre\Swap_variable_3estaciones_160kW_Descomp/station_1_d32
  C:\Users\TECNO-MASTER\Desktop\Elmo_infrastructure_sizing_NP-\output\DCH_septiembre\Bateria_353\Costo_variable\Swap_libre\Swap_variable_3estaciones_160kW_Descomp/station_1_d60
  C:\Users\TECNO-MASTER\Desktop\Elmo_infrastructure_sizing_NP-\output\DCH_septiembre\Bateria_353\Costo_variable\Swap_libre\Swap_variable_3estaciones_160kW_Descomp/station_1_d91
  C:\Users\TECNO-MASTER\Desktop\Elmo_infrastructure_sizing_NP-\output\DCH_septiembre\Bateria_353\Costo_variable\Swap_libre\Swap_variable_3estaciones_160kW_Descomp/station_1_d121
  C:\Users\TECNO-MASTER\Desktop\Elmo_infrastructure_sizing_NP-\output\DCH_septiembre\Bateria_353\Costo_variable\Swap_libre\Swap_variable_3estaciones_160kW_Descomp/station_1_d152
  C:\Users\TECNO-MASTER\Desktop\Elmo_infrastructure_sizing_NP-\output\DCH_septiembre\Bateria_353\Costo_variable\Swap_libre\Swap_variable_3estaciones_160kW_Descomp/station_1_d182
  C:\Users\TECNO-MASTER\Desktop\Elmo_infrastructure_sizing_NP-\output\DCH_septiembre\Bateria_353\Costo_variable\Swap_libre\Swap_variable_3estaciones_160kW_Descomp/station_1_d213
  C:\Users\TECNO-MASTER\Desktop\Elmo_infrastructure_sizing_NP-\output\DCH_septiembre\Bateria_353\Costo_variable\Swap_libre\Swap_variable_3estaciones_160kW_Descomp/station_1_d244
  C:\Users\TECNO-MASTER\Desktop\Elmo_infrastructure_sizing_NP-\output\DCH_septiembre\Bateria_353\Costo_variable\Swap_libre\Swap_variable_3estaciones_160kW_Descomp/station_1_d274
  C:\Users\TECNO-MASTER\Desktop\Elmo_infrastructure_sizing_NP-\output\DCH_septiembre\Bateria_353\Costo_variable\Swap_libre\Swap_variable_3estaciones_160kW_Descomp/station_1_d305
  C:\Users\TECNO-MASTER\Desktop\Elmo_infrastructure_sizing_NP-\output\DCH_septiembre\Bateria_353\Costo_variable\Swap_libre\Swap_variable_3estaciones_160kW_Descomp/station_1_d335
  C:\Users\TECNO-MASTER\Desktop\Elmo_infrastructure_sizing_NP-\output\DCH_septiembre\Bateria_353\Costo_variable\Swap_libre\Swap_variable_3estaciones_160kW_Descomp/station_2_d1
  C:\Users\TECNO-MASTER\Desktop\Elmo_infrastructure_sizing_NP-\output\DCH_septiembre\Bateria_353\Costo_variable\Swap_libre\Swap_variable_3estaciones_160kW_Descomp/station_2_d32
  C:\Users\TECNO-MASTER\Desktop\Elmo_infrastructure_sizing_NP-\output\DCH_septiembre\Bateria_353\Costo_variable\Swap_libre\Swap_variable_3estaciones_160kW_Descomp/station_2_d60
  C:\Users\TECNO-MASTER\Desktop\Elmo_infrastructure_sizing_NP-\output\DCH_septiembre\Bateria_353\Costo_variable\Swap_libre\Swap_variable_3estaciones_160kW_Descomp/station_2_d91
  C:\Users\TECNO-MASTER\Desktop\Elmo_infrastructure_sizing_NP-\output\DCH_septiembre\Bateria_353\Costo_variable\Swap_libre\Swap_variable_3estaciones_160kW_Descomp/station_2_d121
  C:\Users\TECNO-MASTER\Desktop\Elmo_infrastructure_sizing_NP-\output\DCH_septiembre\Bateria_353\Costo_variable\Swap_libre\Swap_variable_3estaciones_160kW_Descomp/station_2_d152
  C:\Users\TECNO-MASTER\Desktop\Elmo_infrastructure_sizing_NP-\output\DCH_septiembre\Bateria_353\Costo_variable\Swap_libre\Swap_variable_3estaciones_160kW_Descomp/station_2_d182
  C:\Users\TECNO-MASTER\Desktop\Elmo_infrastructure_sizing_NP-\output\DCH_septiembre\Bateria_353\Costo_variable\Swap_libre\Swap_variable_3estaciones_160kW_Descomp/station_2_d213
  C:\Users\TECNO-MASTER\Desktop\Elmo_infrastructure_sizing_NP-\output\DCH_septiembre\Bateria_353\Costo_variable\Swap_libre\Swap_variable_3estaciones_160kW_Descomp/station_2_d244
  C:\Users\TECNO-MASTER\Desktop\Elmo_infrastructure_sizing_NP-\output\DCH_septiembre\Bateria_353\Costo_variable\Swap_libre\Swap_variable_3estaciones_160kW_Descomp/station_2_d274
  C:\Users\TECNO-MASTER\Desktop\Elmo_infrastructure_sizing_NP-\output\DCH_septiembre\Bateria_353\Costo_variable\Swap_libre\Swap_variable_3estaciones_160kW_Descomp/station_2_d305
  C:\Users\TECNO-MASTER\Desktop\Elmo_infrastructure_sizing_NP-\output\DCH_septiembre\Bateria_353\Costo_variable\Swap_libre\Swap_variable_3estaciones_160kW_Descomp/station_2_d335
  C:\Users\TECNO-MASTER\Desktop\Elmo_infrastructure_sizing_NP-\output\DCH_septiembre\Bateria_353\Costo_variable\Swap_libre\Swap_variable_3estaciones_160kW_Descomp/station_3_d1
  C:\Users\TECNO-MASTER\Desktop\Elmo_infrastructure_sizing_NP-\output\DCH_septiembre\Bateria_353\Costo_variable\Swap_libre\Swap_variable_3estaciones_160kW_Descomp/station_3_d32
  C:\Users\TECNO-MASTER\Desktop\Elmo_infrastructure_sizing_NP-\output\DCH_septiembre\Bateria_353\Costo_variable\Swap_libre\Swap_variable_3estaciones_160kW_Descomp/station_3_d60
  C:\Users\TECNO-MASTER\Desktop\Elmo_infrastructure_sizing_NP-\output\DCH_septiembre\Bateria_353\Costo_variable\Swap_libre\Swap_variable_3estaciones_160kW_Descomp/station_3_d91
  C:\Users\TECNO-MASTER\Desktop\Elmo_infrastructure_sizing_NP-\output\DCH_septiembre\Bateria_353\Costo_variable\Swap_libre\Swap_variable_3estaciones_160kW_Descomp/station_3_d121
  C:\Users\TECNO-MASTER\Desktop\Elmo_infrastructure_sizing_NP-\output\DCH_septiembre\Bateria_353\Costo_variable\Swap_libre\Swap_variable_3estaciones_160kW_Descomp/station_3_d152
  C:\Users\TECNO-MASTER\Desktop\Elmo_infrastructure_sizing_NP-\output\DCH_septiembre\Bateria_353\Costo_variable\Swap_libre\Swap_variable_3estaciones_160kW_Descomp/station_3_d182
  C:\Users\TECNO-MASTER\Desktop\Elmo_infrastructure_sizing_NP-\output\DCH_septiembre\Bateria_353\Costo_variable\Swap_libre\Swap_variable_3estaciones_160kW_Descomp/station_3_d213
  C:\Users\TECNO-MASTER\Desktop\Elmo_infrastructure_sizing_NP-\output\DCH_septiembre\Bateria_353\Costo_variable\Swap_libre\Swap_variable_3estaciones_160kW_Descomp/station_3_d244
  C:\Users\TECNO-MASTER\Desktop\Elmo_infrastructure_sizing_NP-\output\DCH_septiembre\Bateria_353\Costo_variable\Swap_libre\Swap_variable_3estaciones_160kW_Descomp/station_3_d274
  C:\Users\TECNO-MASTER\Desktop\Elmo_infrastructure_sizing_NP-\output\DCH_septiembre\Bateria_353\Costo_variable\Swap_libre\Swap_variable_3estaciones_160kW_Descomp/station_3_d305
  C:\Users\TECNO-MASTER\Desktop\Elmo_infrastructure_sizing_NP-\output\DCH_septiembre\Bateria_353\Costo_variable\Swap_libre\Swap_variable_3estaciones_160kW_Descomp/station_3_d335
