C:\Users\TECNO-MASTER\anaconda3\lib\site-packages\pandas\core\indexes\base.py:6999: FutureWarning: In a future version, the Index constructor will not infer numeric dtypes when passed object-dtype sequences (matching Series behavior)
  return Index(sequences[0], name=names)
C:\Users\TECNO-MASTER\anaconda3\lib\site-packages\pandas\core\indexes\base.py:6999: FutureWarning: In a future version, the Index constructor will not infer numeric dtypes when passed object-dtype sequences (matching Series behavior)
  return Index(sequences[0], name=names)
C:\Users\TECNO-MASTER\anaconda3\lib\site-packages\pandas\core\indexes\base.py:6999: FutureWarning: In a future version, the Index constructor will not infer numeric dtypes when passed object-dtype sequences (matching Series behavior)
  return Index(sequences[0], name=names)
C:\Users\TECNO-MASTER\anaconda3\lib\site-packages\pandas\core\indexes\base.py:6999: FutureWarning: In a future version, the Index constructor will not infer numeric dtypes when passed object-dtype sequences (matching Series behavior)
  return Index(sequences[0], name=names)
C:\Users\TECNO-MASTER\anaconda3\lib\site-packages\pandas\core\indexes\base.py:6999: FutureWarning: In a future version, the Index constructor will not infer numeric dtypes when passed object-dtype sequences (matching Series behavior)
  return Index(sequences[0], name=names)
C:\Users\TECNO-MASTER\anaconda3\lib\site-packages\pandas\core\indexes\base.py:6999: FutureWarning: In a future version, the Index constructor will not infer numeric dtypes when passed object-dtype sequences (matching Series behavior)
  return Index(sequences[0], name=names)
C:\Users\TECNO-MASTER\anaconda3\lib\site-packages\pandas\core\indexes\base.py:6999: FutureWarning: In a future version, the Index constructor will not infer numeric dtypes when passed object-dtype sequences (matching Series behavior)
  return Index(sequences[0], name=names)
C:\Users\TECNO-MASTER\anaconda3\lib\site-packages\pandas\core\indexes\base.py:6999: FutureWarning: In a future version, the Index constructor will not infer numeric dtypes when passed object-dtype sequences (matching Series behavior)
  return Index(sequences[0], name=names)
C:\Users\TECNO-MASTER\anaconda3\lib\site-packages\pandas\core\indexes\base.py:6999: FutureWarning: In a future version, the Index constructor will not infer numeric dtypes when passed object-dtype sequences (matching Series behavior)
  return Index(sequences[0], name=names)
C:\Users\TECNO-MASTER\anaconda3\lib\site-packages\pandas\core\indexes\base.py:6999: FutureWarning: In a future version, the Index constructor will not infer numeric dtypes when passed object-dtype sequences (matching Series behavior)
  return Index(sequences[0], name=names)
C:\Users\TECNO-MASTER\anaconda3\lib\site-packages\pandas\core\indexes\base.py:6999: FutureWarning: In a future version, the Index constructor will not infer numeric dtypes when passed object-dtype sequences (matching Series behavior)
  return Index(sequences[0], name=names)
C:\Users\TECNO-MASTER\anaconda3\lib\site-packages\pandas\core\indexes\base.py:6999: FutureWarning: In a future version, the Index constructor will not infer numeric dtypes when passed object-dtype sequences (matching Series behavior)
  return Index(sequences[0], name=names)
C:\Users\TECNO-MASTER\anaconda3\lib\site-packages\pandas\core\indexes\base.py:6999: FutureWarning: In a future version, the Index constructor will not infer numeric dtypes when passed object-dtype sequences (matching Series behavior)
  return Index(sequences[0], name=names)
C:\Users\TECNO-MASTER\anaconda3\lib\site-packages\pandas\core\indexes\base.py:6999: FutureWarning: In a future version, the Index constructor will not infer numeric dtypes when passed object-dtype sequences (matching Series behavior)
  return Index(sequences[0], name=names)
C:\Users\TECNO-MASTER\anaconda3\lib\site-packages\pandas\core\indexes\base.py:6999: FutureWarning: In a future version, the Index constructor will not infer numeric dtypes when passed object-dtype sequences (matching Series behavior)
  return Index(sequences[0], name=names)
C:\Users\TECNO-MASTER\anaconda3\lib\site-packages\pandas\core\indexes\base.py:6999: FutureWarning: In a future version, the Index constructor will not infer numeric dtypes when passed object-dtype sequences (matching Series behavior)
  return Index(sequences[0], name=names)
C:\Users\TECNO-MASTER\anaconda3\lib\site-packages\pandas\core\indexes\base.py:6999: FutureWarning: In a future version, the Index constructor will not infer numeric dtypes when passed object-dtype sequences (matching Series behavior)
  return Index(sequences[0], name=names)
C:\Users\TECNO-MASTER\anaconda3\lib\site-packages\pandas\core\indexes\base.py:6999: FutureWarning: In a future version, the Index constructor will not infer numeric dtypes when passed object-dtype sequences (matching Series behavior)
  return Index(sequences[0], name=names)
C:\Users\TECNO-MASTER\anaconda3\lib\site-packages\pandas\core\indexes\base.py:6999: FutureWarning: In a future version, the Index constructor will not infer numeric dtypes when passed object-dtype sequences (matching Series behavior)
  return Index(sequences[0], name=names)
C:\Users\TECNO-MASTER\anaconda3\lib\site-packages\pandas\core\indexes\base.py:6999: FutureWarning: In a future version, the Index constructor will not infer numeric dtypes when passed object-dtype sequences (matching Series behavior)
  return Index(sequences[0], name=names)
C:\Users\TECNO-MASTER\anaconda3\lib\site-packages\pandas\core\indexes\base.py:6999: FutureWarning: In a future version, the Index constructor will not infer numeric dtypes when passed object-dtype sequences (matching Series behavior)
  return Index(sequences[0], name=names)
C:\Users\TECNO-MASTER\anaconda3\lib\site-packages\pandas\core\indexes\base.py:6999: FutureWarning: In a future version, the Index constructor will not infer numeric dtypes when passed object-dtype sequences (matching Series behavior)
  return Index(sequences[0], name=names)
C:\Users\TECNO-MASTER\anaconda3\lib\site-packages\pandas\core\indexes\base.py:6999: FutureWarning: In a future version, the Index constructor will not infer numeric dtypes when passed object-dtype sequences (matching Series behavior)
  return Index(sequences[0], name=names)
C:\Users\TECNO-MASTER\anaconda3\lib\site-packages\pandas\core\indexes\base.py:6999: FutureWarning: In a future version, the Index constructor will not infer numeric dtypes when passed object-dtype sequences (matching Series behavior)
  return Index(sequences[0], name=names)
C:\Users\TECNO-MASTER\anaconda3\lib\site-packages\pandas\core\indexes\base.py:6999: FutureWarning: In a future version, the Index constructor will not infer numeric dtypes when passed object-dtype sequences (matching Series behavior)
  return Index(sequences[0], name=names)
C:\Users\TECNO-MASTER\anaconda3\lib\site-packages\pandas\core\indexes\base.py:6999: FutureWarning: In a future version, the Index constructor will not infer numeric dtypes when passed object-dtype sequences (matching Series behavior)
  return Index(sequences[0], name=names)
C:\Users\TECNO-MASTER\anaconda3\lib\site-packages\pandas\core\indexes\base.py:6999: FutureWarning: In a future version, the Index constructor will not infer numeric dtypes when passed object-dtype sequences (matching Series behavior)
  return Index(sequences[0], name=names)
C:\Users\TECNO-MASTER\anaconda3\lib\site-packages\pandas\core\indexes\base.py:6999: FutureWarning: In a future version, the Index constructor will not infer numeric dtypes when passed object-dtype sequences (matching Series behavior)
  return Index(sequences[0], name=names)
C:\Users\TECNO-MASTER\anaconda3\lib\site-packages\pandas\core\indexes\base.py:6999: FutureWarning: In a future version, the Index constructor will not infer numeric dtypes when passed object-dtype sequences (matching Series behavior)
  return Index(sequences[0], name=names)
C:\Users\TECNO-MASTER\anaconda3\lib\site-packages\pandas\core\indexes\base.py:6999: FutureWarning: In a future version, the Index constructor will not infer numeric dtypes when passed object-dtype sequences (matching Series behavior)
  return Index(sequences[0], name=names)
C:\Users\TECNO-MASTER\anaconda3\lib\site-packages\pandas\core\indexes\base.py:6999: FutureWarning: In a future version, the Index constructor will not infer numeric dtypes when passed object-dtype sequences (matching Series behavior)
  return Index(sequences[0], name=names)
C:\Users\TECNO-MASTER\anaconda3\lib\site-packages\pandas\core\indexes\base.py:6999: FutureWarning: In a future version, the Index constructor will not infer numeric dtypes when passed object-dtype sequences (matching Series behavior)
  return Index(sequences[0], name=names)
C:\Users\TECNO-MASTER\anaconda3\lib\site-packages\pandas\core\indexes\base.py:6999: FutureWarning: In a future version, the Index constructor will not infer numeric dtypes when passed object-dtype sequences (matching Series behavior)
  return Index(sequences[0], name=names)
  [Fase 1 (infra libre)] estacion=station_1 dia=32 -> C:\Users\TECNO-MASTER\Desktop\Elmo_infrastructure_sizing_NP-\output\DCH_septiembre\Bateria_353\Costo_fijo\Carga_libre\Carga_on_board_fixed_3estaciones_P160kW_Descomp/station_1_d32_stage1
formulation time: 11.51255178451538
Solving opt model... (Puedes presionar Ctrl+C para detener y guardar la mejor solución actual)
Set parameter OutputFlag to value 1
Set parameter OutputFlag to value 1
Set parameter LogToConsole to value 1
Set parameter MIPGap to value 0.05
Set parameter LogFile to value "C:\Users\TECNO-MASTER\Desktop\Elmo_infrastructure_sizing_NP-\output\DCH_septiembre\Bateria_353\Costo_fijo\Carga_libre\Carga_on_board_fixed_3estaciones_P160kW_Descomp/station_1_d32_stage1\gurobi.log"
Set parameter Threads to value 1
Set parameter Heuristics to value 0.5
Set parameter MIPFocus to value 3
Set parameter Presolve to value 2
Set parameter FlowCoverCuts to value 2
Set parameter TimeLimit to value 1200
Gurobi Optimizer version 12.0.3 build v12.0.3rc0 (win64 - Windows 11+.0 (26200.2))

CPU model: Intel(R) Core(TM) i9-14900K, instruction set [SSE2|AVX|AVX2]
Thread count: 24 physical cores, 32 logical processors, using up to 1 threads

Non-default parameters:
TimeLimit  1200
MIPGap  0.05
Heuristics  0.5
MIPFocus  3
FlowCoverCuts  2
Presolve  2
Threads  1

Optimize a model with 22740 rows, 37249 columns and 110626 nonzeros
Model fingerprint: 0x1a2b8faf
Variable types: 17323 continuous, 19926 integer (19925 binary)
Coefficient statistics:
  Matrix range     [1e-01, 2e+02]
  Objective range  [4e-01, 6e+04]
  Bounds range     [1e+00, 1e+00]
  RHS range        [1e+00, 1e+04]
  [Fase 1 (infra libre)] estacion=station_1 dia=91 -> C:\Users\TECNO-MASTER\Desktop\Elmo_infrastructure_sizing_NP-\output\DCH_septiembre\Bateria_353\Costo_fijo\Carga_libre\Carga_on_board_fixed_3estaciones_P160kW_Descomp/station_1_d91_stage1
formulation time: 11.718078136444092
Solving opt model... (Puedes presionar Ctrl+C para detener y guardar la mejor solución actual)
Set parameter OutputFlag to value 1
Set parameter OutputFlag to value 1
Set parameter LogToConsole to value 1
Set parameter MIPGap to value 0.05
Set parameter LogFile to value "C:\Users\TECNO-MASTER\Desktop\Elmo_infrastructure_sizing_NP-\output\DCH_septiembre\Bateria_353\Costo_fijo\Carga_libre\Carga_on_board_fixed_3estaciones_P160kW_Descomp/station_1_d91_stage1\gurobi.log"
Set parameter Threads to value 1
Set parameter Heuristics to value 0.5
Set parameter MIPFocus to value 3
Set parameter Presolve to value 2
Set parameter FlowCoverCuts to value 2
Set parameter TimeLimit to value 1200
Gurobi Optimizer version 12.0.3 build v12.0.3rc0 (win64 - Windows 11+.0 (26200.2))

CPU model: Intel(R) Core(TM) i9-14900K, instruction set [SSE2|AVX|AVX2]
Thread count: 24 physical cores, 32 logical processors, using up to 1 threads

Non-default parameters:
TimeLimit  1200
MIPGap  0.05
Heuristics  0.5
MIPFocus  3
FlowCoverCuts  2
Presolve  2
Threads  1

Optimize a model with 22770 rows, 37249 columns and 110686 nonzeros
Model fingerprint: 0x78899f15
Variable types: 17323 continuous, 19926 integer (19925 binary)
Coefficient statistics:
  Matrix range     [1e-01, 2e+02]
  Objective range  [4e-01, 6e+04]
  Bounds range     [1e+00, 1e+00]
  RHS range        [1e+00, 1e+04]
  [Fase 1 (infra libre)] estacion=station_3 dia=32 -> C:\Users\TECNO-MASTER\Desktop\Elmo_infrastructure_sizing_NP-\output\DCH_septiembre\Bateria_353\Costo_fijo\Carga_libre\Carga_on_board_fixed_3estaciones_P160kW_Descomp/station_3_d32_stage1
formulation time: 11.415431022644043
Solving opt model... (Puedes presionar Ctrl+C para detener y guardar la mejor solución actual)
Set parameter OutputFlag to value 1
Set parameter OutputFlag to value 1
Set parameter LogToConsole to value 1
Set parameter MIPGap to value 0.05
Set parameter LogFile to value "C:\Users\TECNO-MASTER\Desktop\Elmo_infrastructure_sizing_NP-\output\DCH_septiembre\Bateria_353\Costo_fijo\Carga_libre\Carga_on_board_fixed_3estaciones_P160kW_Descomp/station_3_d32_stage1\gurobi.log"
Set parameter Threads to value 1
Set parameter Heuristics to value 0.5
Set parameter MIPFocus to value 3
Set parameter Presolve to value 2
Set parameter FlowCoverCuts to value 2
Set parameter TimeLimit to value 1200
Gurobi Optimizer version 12.0.3 build v12.0.3rc0 (win64 - Windows 11+.0 (26200.2))

CPU model: Intel(R) Core(TM) i9-14900K, instruction set [SSE2|AVX|AVX2]
Thread count: 24 physical cores, 32 logical processors, using up to 1 threads

Non-default parameters:
TimeLimit  1200
MIPGap  0.05
Heuristics  0.5
MIPFocus  3
FlowCoverCuts  2
Presolve  2
Threads  1

Optimize a model with 22740 rows, 37249 columns and 110628 nonzeros
Model fingerprint: 0x96fff5c8
Variable types: 17323 continuous, 19926 integer (19925 binary)
Coefficient statistics:
  Matrix range     [1e-01, 2e+02]
  Objective range  [4e-01, 6e+04]
  Bounds range     [1e+00, 1e+00]
  RHS range        [1e+00, 1e+04]
  [Fase 1 (infra libre)] estacion=station_1 dia=152 -> C:\Users\TECNO-MASTER\Desktop\Elmo_infrastructure_sizing_NP-\output\DCH_septiembre\Bateria_353\Costo_fijo\Carga_libre\Carga_on_board_fixed_3estaciones_P160kW_Descomp/station_1_d152_stage1
formulation time: 11.602045059204102
Solving opt model... (Puedes presionar Ctrl+C para detener y guardar la mejor solución actual)
Set parameter OutputFlag to value 1
Set parameter OutputFlag to value 1
Set parameter LogToConsole to value 1
Set parameter MIPGap to value 0.05
Set parameter LogFile to value "C:\Users\TECNO-MASTER\Desktop\Elmo_infrastructure_sizing_NP-\output\DCH_septiembre\Bateria_353\Costo_fijo\Carga_libre\Carga_on_board_fixed_3estaciones_P160kW_Descomp/station_1_d152_stage1\gurobi.log"
Set parameter Threads to value 1
Set parameter Heuristics to value 0.5
Set parameter MIPFocus to value 3
Set parameter Presolve to value 2
Set parameter FlowCoverCuts to value 2
Set parameter TimeLimit to value 1200
Gurobi Optimizer version 12.0.3 build v12.0.3rc0 (win64 - Windows 11+.0 (26200.2))

CPU model: Intel(R) Core(TM) i9-14900K, instruction set [SSE2|AVX|AVX2]
Thread count: 24 physical cores, 32 logical processors, using up to 1 threads

Non-default parameters:
TimeLimit  1200
MIPGap  0.05
Heuristics  0.5
MIPFocus  3
FlowCoverCuts  2
Presolve  2
Threads  1

Optimize a model with 22770 rows, 37249 columns and 110686 nonzeros
Model fingerprint: 0x78899f15
Variable types: 17323 continuous, 19926 integer (19925 binary)
Coefficient statistics:
  Matrix range     [1e-01, 2e+02]
  Objective range  [4e-01, 6e+04]
  Bounds range     [1e+00, 1e+00]
  RHS range        [1e+00, 1e+04]
Presolve removed 19951 rows and 26951 columns
Presolve time: 0.24s
Presolved: 2789 rows, 10298 columns, 31385 nonzeros
Variable types: 840 continuous, 9458 integer (9457 binary)
Root relaxation presolved: 2789 rows, 10298 columns, 31385 nonzeros

Presolve removed 19951 rows and 26950 columns
Presolve time: 0.22s
Presolved: 2819 rows, 10299 columns, 31535 nonzeros
Variable types: 841 continuous, 9458 integer (9457 binary)
Root relaxation presolved: 2819 rows, 10299 columns, 31535 nonzeros

  [Fase 1 (infra libre)] estacion=station_1 dia=60 -> C:\Users\TECNO-MASTER\Desktop\Elmo_infrastructure_sizing_NP-\output\DCH_septiembre\Bateria_353\Costo_fijo\Carga_libre\Carga_on_board_fixed_3estaciones_P160kW_Descomp/station_1_d60_stage1
formulation time: 11.883381605148315
Solving opt model... (Puedes presionar Ctrl+C para detener y guardar la mejor solución actual)
Set parameter OutputFlag to value 1
Set parameter OutputFlag to value 1
Set parameter LogToConsole to value 1
Set parameter MIPGap to value 0.05
Set parameter LogFile to value "C:\Users\TECNO-MASTER\Desktop\Elmo_infrastructure_sizing_NP-\output\DCH_septiembre\Bateria_353\Costo_fijo\Carga_libre\Carga_on_board_fixed_3estaciones_P160kW_Descomp/station_1_d60_stage1\gurobi.log"
Set parameter Threads to value 1
Set parameter Heuristics to value 0.5
Set parameter MIPFocus to value 3
Set parameter Presolve to value 2
Set parameter FlowCoverCuts to value 2
Set parameter TimeLimit to value 1200
Gurobi Optimizer version 12.0.3 build v12.0.3rc0 (win64 - Windows 11+.0 (26200.2))

CPU model: Intel(R) Core(TM) i9-14900K, instruction set [SSE2|AVX|AVX2]
Thread count: 24 physical cores, 32 logical processors, using up to 1 threads

Non-default parameters:
TimeLimit  1200
MIPGap  0.05
Heuristics  0.5
MIPFocus  3
FlowCoverCuts  2
Presolve  2
Threads  1

Optimize a model with 22740 rows, 37249 columns and 110626 nonzeros
Model fingerprint: 0x1a2b8faf
Variable types: 17323 continuous, 19926 integer (19925 binary)
Coefficient statistics:
  Matrix range     [1e-01, 2e+02]
  Objective range  [4e-01, 6e+04]
  Bounds range     [1e+00, 1e+00]
  RHS range        [1e+00, 1e+04]
Presolve removed 19951 rows and 26953 columns
Presolve time: 0.24s
Presolved: 2789 rows, 10296 columns, 31379 nonzeros
Variable types: 840 continuous, 9456 integer (9455 binary)
Root relaxation presolved: 2789 rows, 10296 columns, 31379 nonzeros

Presolve removed 19951 rows and 26950 columns
Presolve time: 0.24s
Presolved: 2819 rows, 10299 columns, 31535 nonzeros
  [Fase 1 (infra libre)] estacion=station_2 dia=1 -> C:\Users\TECNO-MASTER\Desktop\Elmo_infrastructure_sizing_NP-\output\DCH_septiembre\Bateria_353\Costo_fijo\Carga_libre\Carga_on_board_fixed_3estaciones_P160kW_Descomp/station_2_d1_stage1
formulation time: 11.885261058807373
Solving opt model... (Puedes presionar Ctrl+C para detener y guardar la mejor solución actual)
Set parameter OutputFlag to value 1
Set parameter OutputFlag to value 1
Set parameter LogToConsole to value 1
Set parameter MIPGap to value 0.05
Set parameter LogFile to value "C:\Users\TECNO-MASTER\Desktop\Elmo_infrastructure_sizing_NP-\output\DCH_septiembre\Bateria_353\Costo_fijo\Carga_libre\Carga_on_board_fixed_3estaciones_P160kW_Descomp/station_2_d1_stage1\gurobi.log"
Set parameter Threads to value 1
Set parameter Heuristics to value 0.5
Set parameter MIPFocus to value 3
Set parameter Presolve to value 2
Set parameter FlowCoverCuts to value 2
Set parameter TimeLimit to value 1200
Variable types: 841 continuous, 9458 integer (9457 binary)
Gurobi Optimizer version 12.0.3 build v12.0.3rc0 (win64 - Windows 11+.0 (26200.2))

CPU model: Intel(R) Core(TM) i9-14900K, instruction set [SSE2|AVX|AVX2]
Thread count: 24 physical cores, 32 logical processors, using up to 1 threads

Non-default parameters:
TimeLimit  1200
MIPGap  0.05
Heuristics  0.5
MIPFocus  3
FlowCoverCuts  2
Presolve  2
Threads  1

Optimize a model with 23742 rows, 39247 columns and 116650 nonzeros
Model fingerprint: 0x6ff2590d
Variable types: 18325 continuous, 20922 integer (20921 binary)
Coefficient statistics:
  Matrix range     [1e-01, 2e+02]
  Objective range  [4e-01, 6e+04]
  Bounds range     [1e+00, 1e+00]
  RHS range        [1e+00, 1e+04]
Root relaxation presolved: 2819 rows, 10299 columns, 31535 nonzeros

  [Fase 1 (infra libre)] estacion=station_1 dia=182 -> C:\Users\TECNO-MASTER\Desktop\Elmo_infrastructure_sizing_NP-\output\DCH_septiembre\Bateria_353\Costo_fijo\Carga_libre\Carga_on_board_fixed_3estaciones_P160kW_Descomp/station_1_d182_stage1
formulation time: 11.962261199951172
Solving opt model... (Puedes presionar Ctrl+C para detener y guardar la mejor solución actual)
Set parameter OutputFlag to value 1
Set parameter OutputFlag to value 1
Set parameter LogToConsole to value 1
Set parameter MIPGap to value 0.05
Set parameter LogFile to value "C:\Users\TECNO-MASTER\Desktop\Elmo_infrastructure_sizing_NP-\output\DCH_septiembre\Bateria_353\Costo_fijo\Carga_libre\Carga_on_board_fixed_3estaciones_P160kW_Descomp/station_1_d182_stage1\gurobi.log"
Set parameter Threads to value 1
Set parameter Heuristics to value 0.5
Set parameter MIPFocus to value 3
Set parameter Presolve to value 2
Set parameter FlowCoverCuts to value 2
Set parameter TimeLimit to value 1200
Gurobi Optimizer version 12.0.3 build v12.0.3rc0 (win64 - Windows 11+.0 (26200.2))

CPU model: Intel(R) Core(TM) i9-14900K, instruction set [SSE2|AVX|AVX2]
Thread count: 24 physical cores, 32 logical processors, using up to 1 threads

Non-default parameters:
TimeLimit  1200
MIPGap  0.05
Heuristics  0.5
MIPFocus  3
FlowCoverCuts  2
Presolve  2
Threads  1

Optimize a model with 22770 rows, 37249 columns and 110686 nonzeros
Model fingerprint: 0x78899f15
Variable types: 17323 continuous, 19926 integer (19925 binary)
Coefficient statistics:
  Matrix range     [1e-01, 2e+02]
  Objective range  [4e-01, 6e+04]
  Bounds range     [1e+00, 1e+00]
  RHS range        [1e+00, 1e+04]
Presolve removed 19951 rows and 26951 columns
Presolve time: 0.24s
Presolved: 2789 rows, 10298 columns, 31385 nonzeros
Variable types: 840 continuous, 9458 integer (9457 binary)
Root relaxation presolved: 2789 rows, 10298 columns, 31385 nonzeros

  [Fase 1 (infra libre)] estacion=station_1 dia=121 -> C:\Users\TECNO-MASTER\Desktop\Elmo_infrastructure_sizing_NP-\output\DCH_septiembre\Bateria_353\Costo_fijo\Carga_libre\Carga_on_board_fixed_3estaciones_P160kW_Descomp/station_1_d121_stage1
formulation time: 12.071846961975098
Solving opt model... (Puedes presionar Ctrl+C para detener y guardar la mejor solución actual)
Set parameter OutputFlag to value 1
Set parameter OutputFlag to value 1
Set parameter LogToConsole to value 1
Set parameter MIPGap to value 0.05
Set parameter LogFile to value "C:\Users\TECNO-MASTER\Desktop\Elmo_infrastructure_sizing_NP-\output\DCH_septiembre\Bateria_353\Costo_fijo\Carga_libre\Carga_on_board_fixed_3estaciones_P160kW_Descomp/station_1_d121_stage1\gurobi.log"
Set parameter Threads to value 1
Set parameter Heuristics to value 0.5
Set parameter MIPFocus to value 3
Set parameter Presolve to value 2
Set parameter FlowCoverCuts to value 2
Set parameter TimeLimit to value 1200
Gurobi Optimizer version 12.0.3 build v12.0.3rc0 (win64 - Windows 11+.0 (26200.2))

CPU model: Intel(R) Core(TM) i9-14900K, instruction set [SSE2|AVX|AVX2]
Thread count: 24 physical cores, 32 logical processors, using up to 1 threads

Non-default parameters:
TimeLimit  1200
MIPGap  0.05
Heuristics  0.5
MIPFocus  3
FlowCoverCuts  2
Presolve  2
Threads  1

Optimize a model with 22770 rows, 37249 columns and 110686 nonzeros
Model fingerprint: 0x78899f15
Variable types: 17323 continuous, 19926 integer (19925 binary)
Coefficient statistics:
  Matrix range     [1e-01, 2e+02]
  Objective range  [4e-01, 6e+04]
  Bounds range     [1e+00, 1e+00]
  RHS range        [1e+00, 1e+04]
  [Fase 1 (infra libre)] estacion=station_1 dia=335 -> C:\Users\TECNO-MASTER\Desktop\Elmo_infrastructure_sizing_NP-\output\DCH_septiembre\Bateria_353\Costo_fijo\Carga_libre\Carga_on_board_fixed_3estaciones_P160kW_Descomp/station_1_d335_stage1
formulation time: 12.083341598510742
Solving opt model... (Puedes presionar Ctrl+C para detener y guardar la mejor solución actual)
Set parameter OutputFlag to value 1
Set parameter OutputFlag to value 1
Set parameter LogToConsole to value 1
Set parameter MIPGap to value 0.05
Set parameter LogFile to value "C:\Users\TECNO-MASTER\Desktop\Elmo_infrastructure_sizing_NP-\output\DCH_septiembre\Bateria_353\Costo_fijo\Carga_libre\Carga_on_board_fixed_3estaciones_P160kW_Descomp/station_1_d335_stage1\gurobi.log"
Set parameter Threads to value 1
Set parameter Heuristics to value 0.5
Set parameter MIPFocus to value 3
Set parameter Presolve to value 2
Set parameter FlowCoverCuts to value 2
Set parameter TimeLimit to value 1200
Presolve removed 20947 rows and 28433 columns
Presolve time: 0.25s
Presolved: 2795 rows, 10814 columns, 32927 nonzeros
Gurobi Optimizer version 12.0.3 build v12.0.3rc0 (win64 - Windows 11+.0 (26200.2))

CPU model: Intel(R) Core(TM) i9-14900K, instruction set [SSE2|AVX|AVX2]
Thread count: 24 physical cores, 32 logical processors, using up to 1 threads

Non-default parameters:
TimeLimit  1200
MIPGap  0.05
Heuristics  0.5
MIPFocus  3
FlowCoverCuts  2
Presolve  2
Threads  1

Optimize a model with 22740 rows, 37249 columns and 110626 nonzeros
Variable types: 840 continuous, 9974 integer (9973 binary)
Model fingerprint: 0x1a2b8faf
Variable types: 17323 continuous, 19926 integer (19925 binary)
Coefficient statistics:
  Matrix range     [1e-01, 2e+02]
  Objective range  [4e-01, 6e+04]
  Bounds range     [1e+00, 1e+00]
  RHS range        [1e+00, 1e+04]
Root relaxation presolved: 2795 rows, 10814 columns, 32927 nonzeros

Presolve removed 19951 rows and 26950 columns
Presolve time: 0.22s
Presolved: 2819 rows, 10299 columns, 31535 nonzeros
Variable types: 841 continuous, 9458 integer (9457 binary)
Root relaxation presolved: 2819 rows, 10299 columns, 31535 nonzeros

  [Fase 1 (infra libre)] estacion=station_1 dia=244 -> C:\Users\TECNO-MASTER\Desktop\Elmo_infrastructure_sizing_NP-\output\DCH_septiembre\Bateria_353\Costo_fijo\Carga_libre\Carga_on_board_fixed_3estaciones_P160kW_Descomp/station_1_d244_stage1
formulation time: 12.33001708984375
Solving opt model... (Puedes presionar Ctrl+C para detener y guardar la mejor solución actual)
Set parameter OutputFlag to value 1
Set parameter OutputFlag to value 1
Set parameter LogToConsole to value 1
Set parameter MIPGap to value 0.05
Set parameter LogFile to value "C:\Users\TECNO-MASTER\Desktop\Elmo_infrastructure_sizing_NP-\output\DCH_septiembre\Bateria_353\Costo_fijo\Carga_libre\Carga_on_board_fixed_3estaciones_P160kW_Descomp/station_1_d244_stage1\gurobi.log"
Set parameter Threads to value 1
Set parameter Heuristics to value 0.5
Set parameter MIPFocus to value 3
Set parameter Presolve to value 2
Set parameter FlowCoverCuts to value 2
Set parameter TimeLimit to value 1200
Gurobi Optimizer version 12.0.3 build v12.0.3rc0 (win64 - Windows 11+.0 (26200.2))

CPU model: Intel(R) Core(TM) i9-14900K, instruction set [SSE2|AVX|AVX2]
Thread count: 24 physical cores, 32 logical processors, using up to 1 threads

Non-default parameters:
TimeLimit  1200
MIPGap  0.05
Heuristics  0.5
MIPFocus  3
FlowCoverCuts  2
Presolve  2
Threads  1

Optimize a model with 22770 rows, 37249 columns and 110686 nonzeros
Model fingerprint: 0x78899f15
Variable types: 17323 continuous, 19926 integer (19925 binary)
Coefficient statistics:
  Matrix range     [1e-01, 2e+02]
  Objective range  [4e-01, 6e+04]
  Bounds range     [1e+00, 1e+00]
  RHS range        [1e+00, 1e+04]

Root relaxation: objective 1.045661e+05, 5625 iterations, 0.53 seconds (0.68 work units)

Root relaxation: objective 8.495038e+04, 5608 iterations, 0.71 seconds (0.80 work units)
Presolve removed 19951 rows and 26950 columns
Presolve time: 0.22s
Presolved: 2819 rows, 10299 columns, 31535 nonzeros
Variable types: 841 continuous, 9458 integer (9457 binary)
Root relaxation presolved: 2819 rows, 10299 columns, 31535 nonzeros

  [Fase 1 (infra libre)] estacion=station_1 dia=1 -> C:\Users\TECNO-MASTER\Desktop\Elmo_infrastructure_sizing_NP-\output\DCH_septiembre\Bateria_353\Costo_fijo\Carga_libre\Carga_on_board_fixed_3estaciones_P160kW_Descomp/station_1_d1_stage1
formulation time: 12.240949869155884
Solving opt model... (Puedes presionar Ctrl+C para detener y guardar la mejor solución actual)
Set parameter OutputFlag to value 1
Set parameter OutputFlag to value 1
Set parameter LogToConsole to value 1
Set parameter MIPGap to value 0.05
Set parameter LogFile to value "C:\Users\TECNO-MASTER\Desktop\Elmo_infrastructure_sizing_NP-\output\DCH_septiembre\Bateria_353\Costo_fijo\Carga_libre\Carga_on_board_fixed_3estaciones_P160kW_Descomp/station_1_d1_stage1\gurobi.log"
Set parameter Threads to value 1
Set parameter Heuristics to value 0.5
Set parameter MIPFocus to value 3
Set parameter Presolve to value 2
Set parameter FlowCoverCuts to value 2
Set parameter TimeLimit to value 1200
Gurobi Optimizer version 12.0.3 build v12.0.3rc0 (win64 - Windows 11+.0 (26200.2))

CPU model: Intel(R) Core(TM) i9-14900K, instruction set [SSE2|AVX|AVX2]
Thread count: 24 physical cores, 32 logical processors, using up to 1 threads

Non-default parameters:
TimeLimit  1200
MIPGap  0.05
Heuristics  0.5
MIPFocus  3
FlowCoverCuts  2
Presolve  2
Threads  1

Optimize a model with 22740 rows, 37249 columns and 110626 nonzeros
Presolve removed 19951 rows and 26951 columns
Presolve time: 0.24s
Model fingerprint: 0x1a2b8faf
Variable types: 17323 continuous, 19926 integer (19925 binary)
Presolved: 2789 rows, 10298 columns, 31385 nonzeros
Coefficient statistics:
  Matrix range     [1e-01, 2e+02]
  Objective range  [4e-01, 6e+04]
  Bounds range     [1e+00, 1e+00]
  RHS range        [1e+00, 1e+04]
  [Fase 1 (infra libre)] estacion=station_1 dia=274 -> C:\Users\TECNO-MASTER\Desktop\Elmo_infrastructure_sizing_NP-\output\DCH_septiembre\Bateria_353\Costo_fijo\Carga_libre\Carga_on_board_fixed_3estaciones_P160kW_Descomp/station_1_d274_stage1
formulation time: 12.190405368804932
Solving opt model... (Puedes presionar Ctrl+C para detener y guardar la mejor solución actual)
Set parameter OutputFlag to value 1
Set parameter OutputFlag to value 1
Set parameter LogToConsole to value 1
Set parameter MIPGap to value 0.05
Set parameter LogFile to value "C:\Users\TECNO-MASTER\Desktop\Elmo_infrastructure_sizing_NP-\output\DCH_septiembre\Bateria_353\Costo_fijo\Carga_libre\Carga_on_board_fixed_3estaciones_P160kW_Descomp/station_1_d274_stage1\gurobi.log"
Set parameter Threads to value 1
Set parameter Heuristics to value 0.5
Set parameter MIPFocus to value 3
Set parameter Presolve to value 2
Set parameter FlowCoverCuts to value 2
Set parameter TimeLimit to value 1200
Variable types: 840 continuous, 9458 integer (9457 binary)
Root relaxation presolved: 2789 rows, 10298 columns, 31385 nonzeros

Gurobi Optimizer version 12.0.3 build v12.0.3rc0 (win64 - Windows 11+.0 (26200.2))

CPU model: Intel(R) Core(TM) i9-14900K, instruction set [SSE2|AVX|AVX2]
Thread count: 24 physical cores, 32 logical processors, using up to 1 threads

Non-default parameters:
TimeLimit  1200
MIPGap  0.05
Heuristics  0.5
MIPFocus  3
FlowCoverCuts  2
Presolve  2
Threads  1

Optimize a model with 22740 rows, 37249 columns and 110626 nonzeros
Model fingerprint: 0x1a2b8faf
Variable types: 17323 continuous, 19926 integer (19925 binary)
Coefficient statistics:
  Matrix range     [1e-01, 2e+02]
  Objective range  [4e-01, 6e+04]
  Bounds range     [1e+00, 1e+00]
  RHS range        [1e+00, 1e+04]

Root relaxation: objective 1.045661e+05, 5625 iterations, 0.61 seconds (0.68 work units)
  [Fase 1 (infra libre)] estacion=station_3 dia=213 -> C:\Users\TECNO-MASTER\Desktop\Elmo_infrastructure_sizing_NP-\output\DCH_septiembre\Bateria_353\Costo_fijo\Carga_libre\Carga_on_board_fixed_3estaciones_P160kW_Descomp/station_3_d213_stage1
formulation time: 12.258347272872925
Solving opt model... (Puedes presionar Ctrl+C para detener y guardar la mejor solución actual)
Set parameter OutputFlag to value 1
Set parameter OutputFlag to value 1
Set parameter LogToConsole to value 1
Set parameter MIPGap to value 0.05
Set parameter LogFile to value "C:\Users\TECNO-MASTER\Desktop\Elmo_infrastructure_sizing_NP-\output\DCH_septiembre\Bateria_353\Costo_fijo\Carga_libre\Carga_on_board_fixed_3estaciones_P160kW_Descomp/station_3_d213_stage1\gurobi.log"
Set parameter Threads to value 1
Set parameter Heuristics to value 0.5
Set parameter MIPFocus to value 3
Set parameter Presolve to value 2
Set parameter FlowCoverCuts to value 2
Set parameter TimeLimit to value 1200
Presolve removed 19951 rows and 26950 columns
Presolve time: 0.23s
Presolved: 2819 rows, 10299 columns, 31535 nonzeros
Variable types: 841 continuous, 9458 integer (9457 binary)
Gurobi Optimizer version 12.0.3 build v12.0.3rc0 (win64 - Windows 11+.0 (26200.2))

CPU model: Intel(R) Core(TM) i9-14900K, instruction set [SSE2|AVX|AVX2]
Thread count: 24 physical cores, 32 logical processors, using up to 1 threads

Non-default parameters:
TimeLimit  1200
MIPGap  0.05
Heuristics  0.5
MIPFocus  3
FlowCoverCuts  2
Presolve  2
Threads  1

Optimize a model with 22770 rows, 37249 columns and 110688 nonzeros
Model fingerprint: 0xce22c542
Variable types: 17323 continuous, 19926 integer (19925 binary)
Coefficient statistics:
  Matrix range     [1e-01, 2e+02]
  Objective range  [4e-01, 6e+04]
  Bounds range     [1e+00, 1e+00]
  RHS range        [1e+00, 1e+04]
Root relaxation presolved: 2819 rows, 10299 columns, 31535 nonzeros

  [Fase 1 (infra libre)] estacion=station_1 dia=305 -> C:\Users\TECNO-MASTER\Desktop\Elmo_infrastructure_sizing_NP-\output\DCH_septiembre\Bateria_353\Costo_fijo\Carga_libre\Carga_on_board_fixed_3estaciones_P160kW_Descomp/station_1_d305_stage1
formulation time: 12.33098554611206
Solving opt model... (Puedes presionar Ctrl+C para detener y guardar la mejor solución actual)
Set parameter OutputFlag to value 1
Set parameter OutputFlag to value 1
Set parameter LogToConsole to value 1
Set parameter MIPGap to value 0.05
  [Fase 1 (infra libre)] estacion=station_3 dia=152 -> C:\Users\TECNO-MASTER\Desktop\Elmo_infrastructure_sizing_NP-\output\DCH_septiembre\Bateria_353\Costo_fijo\Carga_libre\Carga_on_board_fixed_3estaciones_P160kW_Descomp/station_3_d152_stage1
formulation time: 12.248409509658813
Solving opt model... (Puedes presionar Ctrl+C para detener y guardar la mejor solución actual)
Set parameter OutputFlag to value 1
Set parameter OutputFlag to value 1
Set parameter LogToConsole to value 1
Set parameter MIPGap to value 0.05
Set parameter LogFile to value "C:\Users\TECNO-MASTER\Desktop\Elmo_infrastructure_sizing_NP-\output\DCH_septiembre\Bateria_353\Costo_fijo\Carga_libre\Carga_on_board_fixed_3estaciones_P160kW_Descomp/station_3_d152_stage1\gurobi.log"
Set parameter LogFile to value "C:\Users\TECNO-MASTER\Desktop\Elmo_infrastructure_sizing_NP-\output\DCH_septiembre\Bateria_353\Costo_fijo\Carga_libre\Carga_on_board_fixed_3estaciones_P160kW_Descomp/station_1_d305_stage1\gurobi.log"
Set parameter Threads to value 1
Set parameter Threads to value 1
Set parameter Heuristics to value 0.5
Set parameter MIPFocus to value 3
Set parameter Heuristics to value 0.5
Set parameter MIPFocus to value 3
Set parameter Presolve to value 2
Set parameter Presolve to value 2
Set parameter FlowCoverCuts to value 2
Set parameter TimeLimit to value 1200
Set parameter FlowCoverCuts to value 2
Set parameter TimeLimit to value 1200

Root relaxation: objective 1.137817e+05, 6258 iterations, 0.74 seconds (0.95 work units)
Gurobi Optimizer version 12.0.3 build v12.0.3rc0 (win64 - Windows 11+.0 (26200.2))

CPU model: Intel(R) Core(TM) i9-14900K, instruction set [SSE2|AVX|AVX2]
Thread count: 24 physical cores, 32 logical processors, using up to 1 threads

Non-default parameters:
TimeLimit  1200
MIPGap  0.05
Heuristics  0.5
MIPFocus  3
FlowCoverCuts  2
Presolve  2
Threads  1

Optimize a model with 22740 rows, 37249 columns and 110626 nonzeros
Model fingerprint: 0x1a2b8faf
Variable types: 17323 continuous, 19926 integer (19925 binary)
Coefficient statistics:
  Matrix range     [1e-01, 2e+02]
  Objective range  [4e-01, 6e+04]
  Bounds range     [1e+00, 1e+00]
  RHS range        [1e+00, 1e+04]
Gurobi Optimizer version 12.0.3 build v12.0.3rc0 (win64 - Windows 11+.0 (26200.2))

CPU model: Intel(R) Core(TM) i9-14900K, instruction set [SSE2|AVX|AVX2]
Thread count: 24 physical cores, 32 logical processors, using up to 1 threads

Non-default parameters:
TimeLimit  1200
MIPGap  0.05
Heuristics  0.5
MIPFocus  3
FlowCoverCuts  2
Presolve  2
Threads  1

Optimize a model with 22770 rows, 37249 columns and 110688 nonzeros
Model fingerprint: 0xce22c542
Variable types: 17323 continuous, 19926 integer (19925 binary)
Coefficient statistics:
  Matrix range     [1e-01, 2e+02]
  Objective range  [4e-01, 6e+04]
  Bounds range     [1e+00, 1e+00]
  RHS range        [1e+00, 1e+04]
  [Fase 1 (infra libre)] estacion=station_3 dia=182 -> C:\Users\TECNO-MASTER\Desktop\Elmo_infrastructure_sizing_NP-\output\DCH_septiembre\Bateria_353\Costo_fijo\Carga_libre\Carga_on_board_fixed_3estaciones_P160kW_Descomp/station_3_d182_stage1
formulation time: 12.341957569122314
Solving opt model... (Puedes presionar Ctrl+C para detener y guardar la mejor solución actual)
Set parameter OutputFlag to value 1
Set parameter OutputFlag to value 1
Set parameter LogToConsole to value 1
Set parameter MIPGap to value 0.05
Set parameter LogFile to value "C:\Users\TECNO-MASTER\Desktop\Elmo_infrastructure_sizing_NP-\output\DCH_septiembre\Bateria_353\Costo_fijo\Carga_libre\Carga_on_board_fixed_3estaciones_P160kW_Descomp/station_3_d182_stage1\gurobi.log"
Set parameter Threads to value 1
Set parameter Heuristics to value 0.5
Set parameter MIPFocus to value 3
Set parameter Presolve to value 2
Set parameter FlowCoverCuts to value 2
Set parameter TimeLimit to value 1200
Gurobi Optimizer version 12.0.3 build v12.0.3rc0 (win64 - Windows 11+.0 (26200.2))

CPU model: Intel(R) Core(TM) i9-14900K, instruction set [SSE2|AVX|AVX2]
Thread count: 24 physical cores, 32 logical processors, using up to 1 threads

Non-default parameters:
TimeLimit  1200
MIPGap  0.05
Heuristics  0.5
MIPFocus  3
FlowCoverCuts  2
Presolve  2
Threads  1

Optimize a model with 22770 rows, 37249 columns and 110688 nonzeros
Model fingerprint: 0xce22c542
Variable types: 17323 continuous, 19926 integer (19925 binary)
Coefficient statistics:
  Matrix range     [1e-01, 2e+02]
  Objective range  [4e-01, 6e+04]
  Bounds range     [1e+00, 1e+00]
  RHS range        [1e+00, 1e+04]
  [Fase 1 (infra libre)] estacion=station_3 dia=60 -> C:\Users\TECNO-MASTER\Desktop\Elmo_infrastructure_sizing_NP-\output\DCH_septiembre\Bateria_353\Costo_fijo\Carga_libre\Carga_on_board_fixed_3estaciones_P160kW_Descomp/station_3_d60_stage1
formulation time: 12.452756643295288
Solving opt model... (Puedes presionar Ctrl+C para detener y guardar la mejor solución actual)
Set parameter OutputFlag to value 1
Set parameter OutputFlag to value 1
Set parameter LogToConsole to value 1
Set parameter MIPGap to value 0.05
Set parameter LogFile to value "C:\Users\TECNO-MASTER\Desktop\Elmo_infrastructure_sizing_NP-\output\DCH_septiembre\Bateria_353\Costo_fijo\Carga_libre\Carga_on_board_fixed_3estaciones_P160kW_Descomp/station_3_d60_stage1\gurobi.log"
Set parameter Threads to value 1
Set parameter Heuristics to value 0.5
Set parameter MIPFocus to value 3
Set parameter Presolve to value 2
Set parameter FlowCoverCuts to value 2
Set parameter TimeLimit to value 1200
Gurobi Optimizer version 12.0.3 build v12.0.3rc0 (win64 - Windows 11+.0 (26200.2))

CPU model: Intel(R) Core(TM) i9-14900K, instruction set [SSE2|AVX|AVX2]
Thread count: 24 physical cores, 32 logical processors, using up to 1 threads

Non-default parameters:
TimeLimit  1200
MIPGap  0.05
Heuristics  0.5
MIPFocus  3
FlowCoverCuts  2
Presolve  2
Threads  1

Optimize a model with 22740 rows, 37249 columns and 110628 nonzeros
Model fingerprint: 0x96fff5c8
Variable types: 17323 continuous, 19926 integer (19925 binary)
Coefficient statistics:
  Matrix range     [1e-01, 2e+02]
  Objective range  [4e-01, 6e+04]
  Bounds range     [1e+00, 1e+00]
  RHS range        [1e+00, 1e+04]
Presolve removed 19951 rows and 26951 columns
Presolve time: 0.23s
Presolved: 2789 rows, 10298 columns, 31385 nonzeros
Variable types: 840 continuous, 9458 integer (9457 binary)
  [Fase 1 (infra libre)] estacion=station_2 dia=32 -> C:\Users\TECNO-MASTER\Desktop\Elmo_infrastructure_sizing_NP-\output\DCH_septiembre\Bateria_353\Costo_fijo\Carga_libre\Carga_on_board_fixed_3estaciones_P160kW_Descomp/station_2_d32_stage1
formulation time: 12.108367919921875
Solving opt model... (Puedes presionar Ctrl+C para detener y guardar la mejor solución actual)
Set parameter OutputFlag to value 1
Set parameter OutputFlag to value 1
Set parameter LogToConsole to value 1
Set parameter MIPGap to value 0.05
Set parameter LogFile to value "C:\Users\TECNO-MASTER\Desktop\Elmo_infrastructure_sizing_NP-\output\DCH_septiembre\Bateria_353\Costo_fijo\Carga_libre\Carga_on_board_fixed_3estaciones_P160kW_Descomp/station_2_d32_stage1\gurobi.log"
Set parameter Threads to value 1
Set parameter Heuristics to value 0.5
Set parameter MIPFocus to value 3
Set parameter Presolve to value 2
Set parameter FlowCoverCuts to value 2
Set parameter TimeLimit to value 1200
Presolve removed 19951 rows and 26951 columns
Presolve time: 0.28s
Presolved: 2789 rows, 10298 columns, 31385 nonzeros
Variable types: 840 continuous, 9458 integer (9457 binary)
Root relaxation presolved: 2789 rows, 10298 columns, 31385 nonzeros

Gurobi Optimizer version 12.0.3 build v12.0.3rc0 (win64 - Windows 11+.0 (26200.2))

CPU model: Intel(R) Core(TM) i9-14900K, instruction set [SSE2|AVX|AVX2]
Thread count: 24 physical cores, 32 logical processors, using up to 1 threads

Non-default parameters:
TimeLimit  1200
MIPGap  0.05
Heuristics  0.5
MIPFocus  3
FlowCoverCuts  2
Presolve  2
Threads  1

Optimize a model with 23742 rows, 39247 columns and 116650 nonzeros
Model fingerprint: 0x6ff2590d
Variable types: 18325 continuous, 20922 integer (20921 binary)
Coefficient statistics:
  Matrix range     [1e-01, 2e+02]
  Objective range  [4e-01, 6e+04]
  Bounds range     [1e+00, 1e+00]
  RHS range        [1e+00, 1e+04]
Root relaxation presolved: 2789 rows, 10298 columns, 31385 nonzeros


Root relaxation: objective 1.045661e+05, 5625 iterations, 0.55 seconds (0.68 work units)

Root relaxation: objective 8.495038e+04, 5608 iterations, 0.70 seconds (0.80 work units)
Presolve removed 19951 rows and 26952 columns
Presolve time: 0.27s
Presolved: 2819 rows, 10297 columns, 31529 nonzeros
Variable types: 841 continuous, 9456 integer (9455 binary)
  [Fase 1 (infra libre)] estacion=station_2 dia=60 -> C:\Users\TECNO-MASTER\Desktop\Elmo_infrastructure_sizing_NP-\output\DCH_septiembre\Bateria_353\Costo_fijo\Carga_libre\Carga_on_board_fixed_3estaciones_P160kW_Descomp/station_2_d60_stage1
formulation time: 12.016812562942505
Solving opt model... (Puedes presionar Ctrl+C para detener y guardar la mejor solución actual)
Set parameter OutputFlag to value 1
Set parameter OutputFlag to value 1
Set parameter LogToConsole to value 1
Set parameter MIPGap to value 0.05
Set parameter LogFile to value "C:\Users\TECNO-MASTER\Desktop\Elmo_infrastructure_sizing_NP-\output\DCH_septiembre\Bateria_353\Costo_fijo\Carga_libre\Carga_on_board_fixed_3estaciones_P160kW_Descomp/station_2_d60_stage1\gurobi.log"
Set parameter Threads to value 1
Set parameter Heuristics to value 0.5
Set parameter MIPFocus to value 3
Set parameter Presolve to value 2
Set parameter FlowCoverCuts to value 2
Set parameter TimeLimit to value 1200
Root relaxation presolved: 2819 rows, 10297 columns, 31529 nonzeros

Gurobi Optimizer version 12.0.3 build v12.0.3rc0 (win64 - Windows 11+.0 (26200.2))

CPU model: Intel(R) Core(TM) i9-14900K, instruction set [SSE2|AVX|AVX2]
Thread count: 24 physical cores, 32 logical processors, using up to 1 threads

Non-default parameters:
TimeLimit  1200
MIPGap  0.05
Heuristics  0.5
MIPFocus  3
FlowCoverCuts  2
Presolve  2
Threads  1

Optimize a model with 23742 rows, 39247 columns and 116650 nonzeros
Model fingerprint: 0x6ff2590d
Variable types: 18325 continuous, 20922 integer (20921 binary)
Coefficient statistics:
  Matrix range     [1e-01, 2e+02]
  Objective range  [4e-01, 6e+04]
  Bounds range     [1e+00, 1e+00]
  RHS range        [1e+00, 1e+04]
Presolve removed 19951 rows and 26952 columns
Presolve time: 0.26s
Presolved: 2819 rows, 10297 columns, 31529 nonzeros
Variable types: 841 continuous, 9456 integer (9455 binary)
  [Fase 1 (infra libre)] estacion=station_3 dia=1 -> C:\Users\TECNO-MASTER\Desktop\Elmo_infrastructure_sizing_NP-\output\DCH_septiembre\Bateria_353\Costo_fijo\Carga_libre\Carga_on_board_fixed_3estaciones_P160kW_Descomp/station_3_d1_stage1
formulation time: 12.147562503814697
Solving opt model... (Puedes presionar Ctrl+C para detener y guardar la mejor solución actual)
Set parameter OutputFlag to value 1
Set parameter OutputFlag to value 1
Set parameter LogToConsole to value 1
Set parameter MIPGap to value 0.05
Set parameter LogFile to value "C:\Users\TECNO-MASTER\Desktop\Elmo_infrastructure_sizing_NP-\output\DCH_septiembre\Bateria_353\Costo_fijo\Carga_libre\Carga_on_board_fixed_3estaciones_P160kW_Descomp/station_3_d1_stage1\gurobi.log"
Set parameter Threads to value 1
Set parameter Heuristics to value 0.5
Set parameter MIPFocus to value 3
Set parameter Presolve to value 2
Set parameter FlowCoverCuts to value 2
Set parameter TimeLimit to value 1200
Presolve removed 19951 rows and 26951 columns
Presolve time: 0.26s
Presolved: 2789 rows, 10298 columns, 31385 nonzeros
Variable types: 840 continuous, 9458 integer (9457 binary)
Presolve removed 19951 rows and 26952 columns
Presolve time: 0.25s
Presolved: 2819 rows, 10297 columns, 31529 nonzeros
Gurobi Optimizer version 12.0.3 build v12.0.3rc0 (win64 - Windows 11+.0 (26200.2))

CPU model: Intel(R) Core(TM) i9-14900K, instruction set [SSE2|AVX|AVX2]
Thread count: 24 physical cores, 32 logical processors, using up to 1 threads

Non-default parameters:
TimeLimit  1200
MIPGap  0.05
Heuristics  0.5
MIPFocus  3
FlowCoverCuts  2
Presolve  2
Threads  1

Optimize a model with 22740 rows, 37249 columns and 110628 nonzeros
Variable types: 841 continuous, 9456 integer (9455 binary)
Model fingerprint: 0x96fff5c8
Variable types: 17323 continuous, 19926 integer (19925 binary)
Coefficient statistics:
  Matrix range     [1e-01, 2e+02]
  Objective range  [4e-01, 6e+04]
  Bounds range     [1e+00, 1e+00]
  RHS range        [1e+00, 1e+04]
Root relaxation presolved: 2819 rows, 10297 columns, 31529 nonzeros

  [Fase 1 (infra libre)] estacion=station_2 dia=335 -> C:\Users\TECNO-MASTER\Desktop\Elmo_infrastructure_sizing_NP-\output\DCH_septiembre\Bateria_353\Costo_fijo\Carga_libre\Carga_on_board_fixed_3estaciones_P160kW_Descomp/station_2_d335_stage1
formulation time: 11.945488452911377
Solving opt model... (Puedes presionar Ctrl+C para detener y guardar la mejor solución actual)
Set parameter OutputFlag to value 1
Set parameter OutputFlag to value 1
Set parameter LogToConsole to value 1
Set parameter MIPGap to value 0.05
Set parameter LogFile to value "C:\Users\TECNO-MASTER\Desktop\Elmo_infrastructure_sizing_NP-\output\DCH_septiembre\Bateria_353\Costo_fijo\Carga_libre\Carga_on_board_fixed_3estaciones_P160kW_Descomp/station_2_d335_stage1\gurobi.log"
Set parameter Threads to value 1
Set parameter Heuristics to value 0.5
Set parameter MIPFocus to value 3
Set parameter Presolve to value 2
Set parameter FlowCoverCuts to value 2
Set parameter TimeLimit to value 1200
Root relaxation presolved: 2789 rows, 10298 columns, 31385 nonzeros

Root relaxation presolved: 2819 rows, 10297 columns, 31529 nonzeros

Gurobi Optimizer version 12.0.3 build v12.0.3rc0 (win64 - Windows 11+.0 (26200.2))

CPU model: Intel(R) Core(TM) i9-14900K, instruction set [SSE2|AVX|AVX2]
Thread count: 24 physical cores, 32 logical processors, using up to 1 threads

Non-default parameters:
TimeLimit  1200
MIPGap  0.05
Heuristics  0.5
MIPFocus  3
FlowCoverCuts  2
Presolve  2
Threads  1

Optimize a model with 23742 rows, 39247 columns and 116650 nonzeros
Model fingerprint: 0x6ff2590d
Variable types: 18325 continuous, 20922 integer (20921 binary)
Coefficient statistics:
  Matrix range     [1e-01, 2e+02]
  Objective range  [4e-01, 6e+04]
  Bounds range     [1e+00, 1e+00]
  RHS range        [1e+00, 1e+04]
Presolve removed 19951 rows and 26953 columns
Presolve time: 0.26s
Presolved: 2789 rows, 10296 columns, 31379 nonzeros
  [Fase 1 (infra libre)] estacion=station_2 dia=121 -> C:\Users\TECNO-MASTER\Desktop\Elmo_infrastructure_sizing_NP-\output\DCH_septiembre\Bateria_353\Costo_fijo\Carga_libre\Carga_on_board_fixed_3estaciones_P160kW_Descomp/station_2_d121_stage1
formulation time: 12.020046949386597
Solving opt model... (Puedes presionar Ctrl+C para detener y guardar la mejor solución actual)
Set parameter OutputFlag to value 1
Set parameter OutputFlag to value 1
Set parameter LogToConsole to value 1
Set parameter MIPGap to value 0.05
Set parameter LogFile to value "C:\Users\TECNO-MASTER\Desktop\Elmo_infrastructure_sizing_NP-\output\DCH_septiembre\Bateria_353\Costo_fijo\Carga_libre\Carga_on_board_fixed_3estaciones_P160kW_Descomp/station_2_d121_stage1\gurobi.log"
Set parameter Threads to value 1
Set parameter Heuristics to value 0.5
Set parameter MIPFocus to value 3
Set parameter Presolve to value 2
Set parameter FlowCoverCuts to value 2
Set parameter TimeLimit to value 1200
Variable types: 840 continuous, 9456 integer (9455 binary)
  [Fase 1 (infra libre)] estacion=station_2 dia=182 -> C:\Users\TECNO-MASTER\Desktop\Elmo_infrastructure_sizing_NP-\output\DCH_septiembre\Bateria_353\Costo_fijo\Carga_libre\Carga_on_board_fixed_3estaciones_P160kW_Descomp/station_2_d182_stage1
formulation time: 11.817655563354492
Solving opt model... (Puedes presionar Ctrl+C para detener y guardar la mejor solución actual)
Set parameter OutputFlag to value 1
Set parameter OutputFlag to value 1
Set parameter LogToConsole to value 1
Set parameter MIPGap to value 0.05
Set parameter LogFile to value "C:\Users\TECNO-MASTER\Desktop\Elmo_infrastructure_sizing_NP-\output\DCH_septiembre\Bateria_353\Costo_fijo\Carga_libre\Carga_on_board_fixed_3estaciones_P160kW_Descomp/station_2_d182_stage1\gurobi.log"
Set parameter Threads to value 1
Gurobi Optimizer version 12.0.3 build v12.0.3rc0 (win64 - Windows 11+.0 (26200.2))
Set parameter Heuristics to value 0.5

CPU model: Intel(R) Core(TM) i9-14900K, instruction set [SSE2|AVX|AVX2]
Set parameter MIPFocus to value 3
Set parameter Presolve to value 2
Set parameter FlowCoverCuts to value 2
Set parameter TimeLimit to value 1200

Root relaxation: objective 1.045661e+05, 5625 iterations, 0.64 seconds (0.68 work units)
Root relaxation presolved: 2789 rows, 10296 columns, 31379 nonzeros

Presolve removed 20947 rows and 28433 columns
Presolve time: 0.25s
Presolved: 2795 rows, 10814 columns, 32927 nonzeros
Variable types: 840 continuous, 9974 integer (9973 binary)
Gurobi Optimizer version 12.0.3 build v12.0.3rc0 (win64 - Windows 11+.0 (26200.2))

CPU model: Intel(R) Core(TM) i9-14900K, instruction set [SSE2|AVX|AVX2]

Root relaxation: objective 1.177119e+05, 6860 iterations, 0.86 seconds (1.11 work units)
Root relaxation presolved: 2795 rows, 10814 columns, 32927 nonzeros


Root relaxation: objective 1.045661e+05, 5625 iterations, 0.56 seconds (0.68 work units)
Thread count: 24 physical cores, 32 logical processors, using up to 1 threads
Thread count: 24 physical cores, 32 logical processors, using up to 1 threads


Non-default parameters:
Non-default parameters:
TimeLimit  1200
TimeLimit  1200
MIPGap  0.05
MIPGap  0.05
Heuristics  0.5
Heuristics  0.5
MIPFocus  3
MIPFocus  3
FlowCoverCuts  2
Presolve  2
Threads  1
FlowCoverCuts  2
Presolve  2

Threads  1
Optimize a model with 23772 rows, 39247 columns and 116710 nonzeros

Optimize a model with 23772 rows, 39247 columns and 116710 nonzeros
Model fingerprint: 0xfd1d8884
Model fingerprint: 0xfd1d8884
Variable types: 18325 continuous, 20922 integer (20921 binary)
Variable types: 18325 continuous, 20922 integer (20921 binary)
Coefficient statistics:
Coefficient statistics:
  Matrix range     [1e-01, 2e+02]
  Matrix range     [1e-01, 2e+02]
  Objective range  [4e-01, 6e+04]
  Bounds range     [1e+00, 1e+00]
  Objective range  [4e-01, 6e+04]
  RHS range        [1e+00, 1e+04]
  Bounds range     [1e+00, 1e+00]
  RHS range        [1e+00, 1e+04]

Root relaxation: objective 8.495038e+04, 5608 iterations, 0.71 seconds (0.80 work units)
Presolve removed 20947 rows and 28433 columns
Presolve time: 0.26s
Presolved: 2795 rows, 10814 columns, 32927 nonzeros
Variable types: 840 continuous, 9974 integer (9973 binary)
Presolve removed 19951 rows and 26953 columns
Presolve time: 0.24s
Presolved: 2789 rows, 10296 columns, 31379 nonzeros
Variable types: 840 continuous, 9456 integer (9455 binary)
  [Fase 1 (infra libre)] estacion=station_2 dia=213 -> C:\Users\TECNO-MASTER\Desktop\Elmo_infrastructure_sizing_NP-\output\DCH_septiembre\Bateria_353\Costo_fijo\Carga_libre\Carga_on_board_fixed_3estaciones_P160kW_Descomp/station_2_d213_stage1
formulation time: 12.784598588943481
Solving opt model... (Puedes presionar Ctrl+C para detener y guardar la mejor solución actual)
Set parameter OutputFlag to value 1
Set parameter OutputFlag to value 1
Set parameter LogToConsole to value 1
Set parameter MIPGap to value 0.05
Set parameter LogFile to value "C:\Users\TECNO-MASTER\Desktop\Elmo_infrastructure_sizing_NP-\output\DCH_septiembre\Bateria_353\Costo_fijo\Carga_libre\Carga_on_board_fixed_3estaciones_P160kW_Descomp/station_2_d213_stage1\gurobi.log"
Set parameter Threads to value 1
Set parameter Heuristics to value 0.5
Set parameter MIPFocus to value 3
Set parameter Presolve to value 2
Set parameter FlowCoverCuts to value 2
Set parameter TimeLimit to value 1200
Root relaxation presolved: 2795 rows, 10814 columns, 32927 nonzeros

Gurobi Optimizer version 12.0.3 build v12.0.3rc0 (win64 - Windows 11+.0 (26200.2))

CPU model: Intel(R) Core(TM) i9-14900K, instruction set [SSE2|AVX|AVX2]
Thread count: 24 physical cores, 32 logical processors, using up to 1 threads

Non-default parameters:
TimeLimit  1200
MIPGap  0.05
Heuristics  0.5
MIPFocus  3
FlowCoverCuts  2
Presolve  2
Threads  1

Optimize a model with 23772 rows, 39247 columns and 116710 nonzeros
Root relaxation presolved: 2789 rows, 10296 columns, 31379 nonzeros

Model fingerprint: 0xfd1d8884
Variable types: 18325 continuous, 20922 integer (20921 binary)
Coefficient statistics:
  Matrix range     [1e-01, 2e+02]
  Objective range  [4e-01, 6e+04]
  Bounds range     [1e+00, 1e+00]
  RHS range        [1e+00, 1e+04]
Presolve removed 20947 rows and 28433 columns
Presolve time: 0.28s
Presolved: 2795 rows, 10814 columns, 32927 nonzeros
  [Fase 1 (infra libre)] estacion=station_3 dia=121 -> C:\Users\TECNO-MASTER\Desktop\Elmo_infrastructure_sizing_NP-\output\DCH_septiembre\Bateria_353\Costo_fijo\Carga_libre\Carga_on_board_fixed_3estaciones_P160kW_Descomp/station_3_d121_stage1
formulation time: 12.328384160995483
Solving opt model... (Puedes presionar Ctrl+C para detener y guardar la mejor solución actual)
Set parameter OutputFlag to value 1
  [Fase 1 (infra libre)] estacion=station_1 dia=213 -> C:\Users\TECNO-MASTER\Desktop\Elmo_infrastructure_sizing_NP-\output\DCH_septiembre\Bateria_353\Costo_fijo\Carga_libre\Carga_on_board_fixed_3estaciones_P160kW_Descomp/station_1_d213_stage1
formulation time: 12.176146030426025
Solving opt model... (Puedes presionar Ctrl+C para detener y guardar la mejor solución actual)
Set parameter OutputFlag to value 1
Set parameter OutputFlag to value 1
Set parameter LogToConsole to value 1
Set parameter OutputFlag to value 1
Set parameter LogToConsole to value 1
Set parameter MIPGap to value 0.05
Set parameter MIPGap to value 0.05
Set parameter LogFile to value "C:\Users\TECNO-MASTER\Desktop\Elmo_infrastructure_sizing_NP-\output\DCH_septiembre\Bateria_353\Costo_fijo\Carga_libre\Carga_on_board_fixed_3estaciones_P160kW_Descomp/station_1_d213_stage1\gurobi.log"
Set parameter LogFile to value "C:\Users\TECNO-MASTER\Desktop\Elmo_infrastructure_sizing_NP-\output\DCH_septiembre\Bateria_353\Costo_fijo\Carga_libre\Carga_on_board_fixed_3estaciones_P160kW_Descomp/station_3_d121_stage1\gurobi.log"
Set parameter Threads to value 1
Set parameter Heuristics to value 0.5
Set parameter Threads to value 1
Set parameter MIPFocus to value 3
Set parameter Presolve to value 2
Set parameter FlowCoverCuts to value 2
Set parameter Heuristics to value 0.5
Set parameter TimeLimit to value 1200
Set parameter MIPFocus to value 3
Set parameter Presolve to value 2
Set parameter FlowCoverCuts to value 2
Set parameter TimeLimit to value 1200
Variable types: 840 continuous, 9974 integer (9973 binary)
Gurobi Optimizer version 12.0.3 build v12.0.3rc0 (win64 - Windows 11+.0 (26200.2))

CPU model: Intel(R) Core(TM) i9-14900K, instruction set [SSE2|AVX|AVX2]
Thread count: 24 physical cores, 32 logical processors, using up to 1 threads

Non-default parameters:
TimeLimit  1200
MIPGap  0.05
Heuristics  0.5
MIPFocus  3
FlowCoverCuts  2
Presolve  2
Threads  1

Optimize a model with 22770 rows, 37249 columns and 110688 nonzeros
Gurobi Optimizer version 12.0.3 build v12.0.3rc0 (win64 - Windows 11+.0 (26200.2))

CPU model: Intel(R) Core(TM) i9-14900K, instruction set [SSE2|AVX|AVX2]
Thread count: 24 physical cores, 32 logical processors, using up to 1 threads

Non-default parameters:
TimeLimit  1200
MIPGap  0.05
Heuristics  0.5
MIPFocus  3
FlowCoverCuts  2
Presolve  2
Threads  1

Optimize a model with 22770 rows, 37249 columns and 110686 nonzeros
Model fingerprint: 0x78899f15
Variable types: 17323 continuous, 19926 integer (19925 binary)
Coefficient statistics:
  Matrix range     [1e-01, 2e+02]
  Objective range  [4e-01, 6e+04]
  Bounds range     [1e+00, 1e+00]
  RHS range        [1e+00, 1e+04]
Model fingerprint: 0xce22c542
Variable types: 17323 continuous, 19926 integer (19925 binary)
Coefficient statistics:
  Matrix range     [1e-01, 2e+02]
  Objective range  [4e-01, 6e+04]
  Bounds range     [1e+00, 1e+00]
  RHS range        [1e+00, 1e+04]
Root relaxation presolved: 2795 rows, 10814 columns, 32927 nonzeros

  [Fase 1 (infra libre)] estacion=station_2 dia=305 -> C:\Users\TECNO-MASTER\Desktop\Elmo_infrastructure_sizing_NP-\output\DCH_septiembre\Bateria_353\Costo_fijo\Carga_libre\Carga_on_board_fixed_3estaciones_P160kW_Descomp/station_2_d305_stage1
formulation time: 12.115532875061035
Solving opt model... (Puedes presionar Ctrl+C para detener y guardar la mejor solución actual)
Set parameter OutputFlag to value 1
Set parameter OutputFlag to value 1
Set parameter LogToConsole to value 1
Set parameter MIPGap to value 0.05
Set parameter LogFile to value "C:\Users\TECNO-MASTER\Desktop\Elmo_infrastructure_sizing_NP-\output\DCH_septiembre\Bateria_353\Costo_fijo\Carga_libre\Carga_on_board_fixed_3estaciones_P160kW_Descomp/station_2_d305_stage1\gurobi.log"
Set parameter Threads to value 1
Set parameter Heuristics to value 0.5
Set parameter MIPFocus to value 3
Set parameter Presolve to value 2
Set parameter FlowCoverCuts to value 2
Set parameter TimeLimit to value 1200
  [Fase 1 (infra libre)] estacion=station_2 dia=244 -> C:\Users\TECNO-MASTER\Desktop\Elmo_infrastructure_sizing_NP-\output\DCH_septiembre\Bateria_353\Costo_fijo\Carga_libre\Carga_on_board_fixed_3estaciones_P160kW_Descomp/station_2_d244_stage1
formulation time: 12.592526912689209
Solving opt model... (Puedes presionar Ctrl+C para detener y guardar la mejor solución actual)
Set parameter OutputFlag to value 1
Set parameter OutputFlag to value 1
Set parameter LogToConsole to value 1
Set parameter MIPGap to value 0.05
Set parameter LogFile to value "C:\Users\TECNO-MASTER\Desktop\Elmo_infrastructure_sizing_NP-\output\DCH_septiembre\Bateria_353\Costo_fijo\Carga_libre\Carga_on_board_fixed_3estaciones_P160kW_Descomp/station_2_d244_stage1\gurobi.log"
Set parameter Threads to value 1
Set parameter Heuristics to value 0.5
Set parameter MIPFocus to value 3
Set parameter Presolve to value 2
Set parameter FlowCoverCuts to value 2
Set parameter TimeLimit to value 1200
Gurobi Optimizer version 12.0.3 build v12.0.3rc0 (win64 - Windows 11+.0 (26200.2))

CPU model: Intel(R) Core(TM) i9-14900K, instruction set [SSE2|AVX|AVX2]
Thread count: 24 physical cores, 32 logical processors, using up to 1 threads

Non-default parameters:
TimeLimit  1200
MIPGap  0.05
Heuristics  0.5
MIPFocus  3
FlowCoverCuts  2
Presolve  2
Threads  1

Optimize a model with 23742 rows, 39247 columns and 116650 nonzeros
Model fingerprint: 0x6ff2590d
Variable types: 18325 continuous, 20922 integer (20921 binary)
Coefficient statistics:
  Matrix range     [1e-01, 2e+02]
  Objective range  [4e-01, 6e+04]
  Bounds range     [1e+00, 1e+00]
  RHS range        [1e+00, 1e+04]
  [Fase 1 (infra libre)] estacion=station_2 dia=91 -> C:\Users\TECNO-MASTER\Desktop\Elmo_infrastructure_sizing_NP-\output\DCH_septiembre\Bateria_353\Costo_fijo\Carga_libre\Carga_on_board_fixed_3estaciones_P160kW_Descomp/station_2_d91_stage1
formulation time: 12.650332689285278
Solving opt model... (Puedes presionar Ctrl+C para detener y guardar la mejor solución actual)
Set parameter OutputFlag to value 1
Set parameter OutputFlag to value 1
Set parameter LogToConsole to value 1
Set parameter MIPGap to value 0.05
Set parameter LogFile to value "C:\Users\TECNO-MASTER\Desktop\Elmo_infrastructure_sizing_NP-\output\DCH_septiembre\Bateria_353\Costo_fijo\Carga_libre\Carga_on_board_fixed_3estaciones_P160kW_Descomp/station_2_d91_stage1\gurobi.log"
Set parameter Threads to value 1
Set parameter Heuristics to value 0.5
Set parameter MIPFocus to value 3
Set parameter Presolve to value 2
Set parameter FlowCoverCuts to value 2
Set parameter TimeLimit to value 1200
Gurobi Optimizer version 12.0.3 build v12.0.3rc0 (win64 - Windows 11+.0 (26200.2))

CPU model: Intel(R) Core(TM) i9-14900K, instruction set [SSE2|AVX|AVX2]
Thread count: 24 physical cores, 32 logical processors, using up to 1 threads

Non-default parameters:
TimeLimit  1200
MIPGap  0.05
Heuristics  0.5
MIPFocus  3
FlowCoverCuts  2
Presolve  2
Threads  1

Optimize a model with 23772 rows, 39247 columns and 116710 nonzeros
Model fingerprint: 0xfd1d8884
Variable types: 18325 continuous, 20922 integer (20921 binary)
Coefficient statistics:
  Matrix range     [1e-01, 2e+02]
  Objective range  [4e-01, 6e+04]
  Bounds range     [1e+00, 1e+00]
  RHS range        [1e+00, 1e+04]
Gurobi Optimizer version 12.0.3 build v12.0.3rc0 (win64 - Windows 11+.0 (26200.2))

CPU model: Intel(R) Core(TM) i9-14900K, instruction set [SSE2|AVX|AVX2]
Thread count: 24 physical cores, 32 logical processors, using up to 1 threads

Non-default parameters:
TimeLimit  1200
MIPGap  0.05
Heuristics  0.5
MIPFocus  3
FlowCoverCuts  2
Presolve  2
Threads  1

Optimize a model with 23772 rows, 39247 columns and 116710 nonzeros
Model fingerprint: 0xfd1d8884
Variable types: 18325 continuous, 20922 integer (20921 binary)
Coefficient statistics:
  Matrix range     [1e-01, 2e+02]
  Objective range  [4e-01, 6e+04]
  Bounds range     [1e+00, 1e+00]
  RHS range        [1e+00, 1e+04]
Presolve removed 20947 rows and 28432 columns
Presolve time: 0.26s
Presolved: 2825 rows, 10815 columns, 33077 nonzeros
Variable types: 841 continuous, 9974 integer (9973 binary)
Presolve removed 20947 rows and 28432 columns
Presolve time: 0.27s
Presolved: 2825 rows, 10815 columns, 33077 nonzeros
Variable types: 841 continuous, 9974 integer (9973 binary)

Root relaxation: objective 8.495038e+04, 5608 iterations, 0.71 seconds (0.80 work units)
Root relaxation presolved: 2825 rows, 10815 columns, 33077 nonzeros

Root relaxation presolved: 2825 rows, 10815 columns, 33077 nonzeros

Presolve removed 20947 rows and 28432 columns
Presolve time: 0.24s
Presolved: 2825 rows, 10815 columns, 33077 nonzeros
Variable types: 841 continuous, 9974 integer (9973 binary)

Root relaxation: objective 8.495038e+04, 5608 iterations, 0.72 seconds (0.80 work units)
Root relaxation presolved: 2825 rows, 10815 columns, 33077 nonzeros

  [Fase 1 (infra libre)] estacion=station_2 dia=274 -> C:\Users\TECNO-MASTER\Desktop\Elmo_infrastructure_sizing_NP-\output\DCH_septiembre\Bateria_353\Costo_fijo\Carga_libre\Carga_on_board_fixed_3estaciones_P160kW_Descomp/station_2_d274_stage1
formulation time: 12.866038799285889
Solving opt model... (Puedes presionar Ctrl+C para detener y guardar la mejor solución actual)
Set parameter OutputFlag to value 1
Set parameter OutputFlag to value 1
Set parameter LogToConsole to value 1
Set parameter MIPGap to value 0.05
Set parameter LogFile to value "C:\Users\TECNO-MASTER\Desktop\Elmo_infrastructure_sizing_NP-\output\DCH_septiembre\Bateria_353\Costo_fijo\Carga_libre\Carga_on_board_fixed_3estaciones_P160kW_Descomp/station_2_d274_stage1\gurobi.log"
Set parameter Threads to value 1
Set parameter Heuristics to value 0.5
Set parameter MIPFocus to value 3
Set parameter Presolve to value 2
Set parameter FlowCoverCuts to value 2
Set parameter TimeLimit to value 1200
  [Fase 1 (infra libre)] estacion=station_3 dia=91 -> C:\Users\TECNO-MASTER\Desktop\Elmo_infrastructure_sizing_NP-\output\DCH_septiembre\Bateria_353\Costo_fijo\Carga_libre\Carga_on_board_fixed_3estaciones_P160kW_Descomp/station_3_d91_stage1
formulation time: 12.165352821350098
Solving opt model... (Puedes presionar Ctrl+C para detener y guardar la mejor solución actual)
Set parameter OutputFlag to value 1
Set parameter OutputFlag to value 1
Set parameter LogToConsole to value 1
Set parameter MIPGap to value 0.05
Set parameter LogFile to value "C:\Users\TECNO-MASTER\Desktop\Elmo_infrastructure_sizing_NP-\output\DCH_septiembre\Bateria_353\Costo_fijo\Carga_libre\Carga_on_board_fixed_3estaciones_P160kW_Descomp/station_3_d91_stage1\gurobi.log"
Set parameter Threads to value 1
Set parameter Heuristics to value 0.5
Set parameter MIPFocus to value 3
Set parameter Presolve to value 2
Set parameter FlowCoverCuts to value 2
Set parameter TimeLimit to value 1200
Presolve removed 19951 rows and 26950 columns
Presolve time: 0.24s
Presolved: 2819 rows, 10299 columns, 31535 nonzeros
Gurobi Optimizer version 12.0.3 build v12.0.3rc0 (win64 - Windows 11+.0 (26200.2))

CPU model: Intel(R) Core(TM) i9-14900K, instruction set [SSE2|AVX|AVX2]
Thread count: 24 physical cores, 32 logical processors, using up to 1 threads

Non-default parameters:
TimeLimit  1200
MIPGap  0.05
Heuristics  0.5
MIPFocus  3
FlowCoverCuts  2
Presolve  2
Threads  1

Optimize a model with 23742 rows, 39247 columns and 116650 nonzeros
Model fingerprint: 0x6ff2590d
Variable types: 18325 continuous, 20922 integer (20921 binary)
Coefficient statistics:
  Matrix range     [1e-01, 2e+02]
  Objective range  [4e-01, 6e+04]
  Bounds range     [1e+00, 1e+00]
  RHS range        [1e+00, 1e+04]
Variable types: 841 continuous, 9458 integer (9457 binary)
Gurobi Optimizer version 12.0.3 build v12.0.3rc0 (win64 - Windows 11+.0 (26200.2))

CPU model: Intel(R) Core(TM) i9-14900K, instruction set [SSE2|AVX|AVX2]
Thread count: 24 physical cores, 32 logical processors, using up to 1 threads

Non-default parameters:
TimeLimit  1200
MIPGap  0.05
Heuristics  0.5
MIPFocus  3
FlowCoverCuts  2
Presolve  2
Threads  1

Optimize a model with 22770 rows, 37249 columns and 110688 nonzeros
Model fingerprint: 0xce22c542
Variable types: 17323 continuous, 19926 integer (19925 binary)
Coefficient statistics:
  Matrix range     [1e-01, 2e+02]
  Objective range  [4e-01, 6e+04]
  Bounds range     [1e+00, 1e+00]
  RHS range        [1e+00, 1e+04]
Presolve removed 19951 rows and 26952 columns
Presolve time: 0.26s
Presolved: 2819 rows, 10297 columns, 31529 nonzeros
Root relaxation presolved: 2819 rows, 10299 columns, 31535 nonzeros

Variable types: 841 continuous, 9456 integer (9455 binary)
Root relaxation presolved: 2819 rows, 10297 columns, 31529 nonzeros

Presolve removed 20947 rows and 28433 columns
Presolve time: 0.27s
Presolved: 2795 rows, 10814 columns, 32927 nonzeros
Variable types: 840 continuous, 9974 integer (9973 binary)
Presolve removed 20947 rows and 28432 columns
Presolve time: 0.25s
Presolve removed 20947 rows and 28432 columns
Presolve time: 0.27s
Presolved: 2825 rows, 10815 columns, 33077 nonzeros
Presolved: 2825 rows, 10815 columns, 33077 nonzeros

Root relaxation: objective 8.495038e+04, 5608 iterations, 0.72 seconds (0.80 work units)
Variable types: 841 continuous, 9974 integer (9973 binary)
Variable types: 841 continuous, 9974 integer (9973 binary)
Root relaxation presolved: 2795 rows, 10814 columns, 32927 nonzeros

Root relaxation presolved: 2825 rows, 10815 columns, 33077 nonzeros

Root relaxation presolved: 2825 rows, 10815 columns, 33077 nonzeros

Presolve removed 19951 rows and 26952 columns
Presolve time: 0.22s
Presolved: 2819 rows, 10297 columns, 31529 nonzeros

Root relaxation: objective 1.137817e+05, 6258 iterations, 0.78 seconds (0.95 work units)
Variable types: 841 continuous, 9456 integer (9455 binary)
Presolve removed 20947 rows and 28433 columns
Presolve time: 0.25s
Presolved: 2795 rows, 10814 columns, 32927 nonzeros
Variable types: 840 continuous, 9974 integer (9973 binary)
Root relaxation presolved: 2819 rows, 10297 columns, 31529 nonzeros

Root relaxation presolved: 2795 rows, 10814 columns, 32927 nonzeros


    Nodes    |    Current Node    |     Objective Bounds      |     Work
 Expl Unexpl |  Obj  Depth IntInf | Incumbent    BestBd   Gap | It/Node Time

     0     0 158618.553    0    8          - 158618.553      -     -    2s

    Nodes    |    Current Node    |     Objective Bounds      |     Work
 Expl Unexpl |  Obj  Depth IntInf | Incumbent    BestBd   Gap | It/Node Time

     0     0 159026.864    0   40          - 159026.864      -     -    2s
H    0     0                    158625.75210 158618.553  0.00%     -    2s
H    0     0                    159063.86637 159026.864  0.02%     -    2s

Explored 1 nodes (15958 simplex iterations) in 2.53 seconds (2.48 work units)
Thread count was 1 (of 32 available processors)

Solution count 1: 158626 

Optimal solution found (tolerance 5.00e-02)
Best objective 1.586257521047e+05, best bound 1.586185532752e+05, gap 0.0045%

Explored 1 nodes (14077 simplex iterations) in 2.35 seconds (2.31 work units)
Thread count was 1 (of 32 available processors)

Solution count 1: 159064 

Optimal solution found (tolerance 5.00e-02)
Best objective 1.590638663673e+05, best bound 1.590268641569e+05, gap 0.0233%

Root relaxation: objective 1.177119e+05, 6860 iterations, 0.89 seconds (1.11 work units)

Root relaxation: objective 1.406449e+05, 8022 iterations, 1.13 seconds (1.31 work units)

Root relaxation: objective 1.137817e+05, 6258 iterations, 0.85 seconds (0.95 work units)

Root relaxation: objective 1.406449e+05, 8022 iterations, 1.24 seconds (1.31 work units)

Root relaxation: objective 1.045661e+05, 5625 iterations, 0.59 seconds (0.68 work units)

Root relaxation: objective 1.406449e+05, 8022 iterations, 1.24 seconds (1.31 work units)

Root relaxation: objective 1.177119e+05, 6860 iterations, 1.00 seconds (1.11 work units)

Root relaxation: objective 1.177119e+05, 6860 iterations, 0.95 seconds (1.11 work units)

    Nodes    |    Current Node    |     Objective Bounds      |     Work
 Expl Unexpl |  Obj  Depth IntInf | Incumbent    BestBd   Gap | It/Node Time

     0     0 158618.553    0    8          - 158618.553      -     -    2s
H    0     0                    158625.75210 158618.553  0.00%     -    2s

Explored 1 nodes (15958 simplex iterations) in 2.45 seconds (2.48 work units)
Thread count was 1 (of 32 available processors)

Solution count 1: 158626 

Optimal solution found (tolerance 5.00e-02)
Best objective 1.586257521047e+05, best bound 1.586185532752e+05, gap 0.0045%

    Nodes    |    Current Node    |     Objective Bounds      |     Work
 Expl Unexpl |  Obj  Depth IntInf | Incumbent    BestBd   Gap | It/Node Time

*    0     0               0    159120.36752 159120.368  0.00%     -    2s

Explored 1 nodes (11472 simplex iterations) in 2.41 seconds (2.41 work units)
Thread count was 1 (of 32 available processors)

Solution count 1: 159120 

Optimal solution found (tolerance 5.00e-02)
Best objective 1.591203675183e+05, best bound 1.591203675183e+05, gap 0.0000%

Root relaxation: objective 1.455534e+05, 6654 iterations, 0.91 seconds (1.11 work units)

Root relaxation: objective 1.455534e+05, 6654 iterations, 0.95 seconds (1.11 work units)

Root relaxation: objective 1.455534e+05, 6654 iterations, 1.00 seconds (1.11 work units)
  [Fase 1 (infra libre)] estacion=station_2 dia=152 -> C:\Users\TECNO-MASTER\Desktop\Elmo_infrastructure_sizing_NP-\output\DCH_septiembre\Bateria_353\Costo_fijo\Carga_libre\Carga_on_board_fixed_3estaciones_P160kW_Descomp/station_2_d152_stage1
formulation time: 12.820101737976074
Solving opt model... (Puedes presionar Ctrl+C para detener y guardar la mejor solución actual)
Set parameter OutputFlag to value 1
Set parameter OutputFlag to value 1
Set parameter LogToConsole to value 1
Set parameter MIPGap to value 0.05
Set parameter LogFile to value "C:\Users\TECNO-MASTER\Desktop\Elmo_infrastructure_sizing_NP-\output\DCH_septiembre\Bateria_353\Costo_fijo\Carga_libre\Carga_on_board_fixed_3estaciones_P160kW_Descomp/station_2_d152_stage1\gurobi.log"
Set parameter Threads to value 1
Set parameter Heuristics to value 0.5
Set parameter MIPFocus to value 3
Set parameter Presolve to value 2
Set parameter FlowCoverCuts to value 2
Set parameter TimeLimit to value 1200
Gurobi Optimizer version 12.0.3 build v12.0.3rc0 (win64 - Windows 11+.0 (26200.2))

CPU model: Intel(R) Core(TM) i9-14900K, instruction set [SSE2|AVX|AVX2]
Thread count: 24 physical cores, 32 logical processors, using up to 1 threads

Non-default parameters:
TimeLimit  1200
MIPGap  0.05
Heuristics  0.5
MIPFocus  3
FlowCoverCuts  2
Presolve  2
Threads  1

Optimize a model with 23772 rows, 39247 columns and 116710 nonzeros
Model fingerprint: 0xfd1d8884
Variable types: 18325 continuous, 20922 integer (20921 binary)
Coefficient statistics:
  Matrix range     [1e-01, 2e+02]
  Objective range  [4e-01, 6e+04]
  Bounds range     [1e+00, 1e+00]
  RHS range        [1e+00, 1e+04]

Root relaxation: objective 1.177119e+05, 6860 iterations, 0.84 seconds (1.11 work units)

Root relaxation: objective 1.455534e+05, 6654 iterations, 0.92 seconds (1.11 work units)

Root relaxation: objective 1.455534e+05, 6654 iterations, 0.94 seconds (1.11 work units)

    Nodes    |    Current Node    |     Objective Bounds      |     Work
 Expl Unexpl |  Obj  Depth IntInf | Incumbent    BestBd   Gap | It/Node Time

     0     0 120567.464    0  319          - 120567.464      -     -    3s

    Nodes    |    Current Node    |     Objective Bounds      |     Work
 Expl Unexpl |  Obj  Depth IntInf | Incumbent    BestBd   Gap | It/Node Time

     0     0 158618.553    0    8          - 158618.553      -     -    2s
H    0     0                    158625.75210 158618.553  0.00%     -    2s
Presolve removed 20947 rows and 28432 columns
Presolve time: 0.24s
Presolved: 2825 rows, 10815 columns, 33077 nonzeros

Explored 1 nodes (15958 simplex iterations) in 2.56 seconds (2.48 work units)
Thread count was 1 (of 32 available processors)

Solution count 1: 158626 

Optimal solution found (tolerance 5.00e-02)
Best objective 1.586257521047e+05, best bound 1.586185532752e+05, gap 0.0045%
Variable types: 841 continuous, 9974 integer (9973 binary)
Root relaxation presolved: 2825 rows, 10815 columns, 33077 nonzeros


Root relaxation: objective 1.177119e+05, 6860 iterations, 0.95 seconds (1.11 work units)

Root relaxation: objective 1.406449e+05, 8022 iterations, 1.28 seconds (1.31 work units)

Root relaxation: objective 1.406449e+05, 8022 iterations, 1.10 seconds (1.31 work units)

    Nodes    |    Current Node    |     Objective Bounds      |     Work
 Expl Unexpl |  Obj  Depth IntInf | Incumbent    BestBd   Gap | It/Node Time

     0     0 140644.891    0  473          - 140644.891      -     -    2s

    Nodes    |    Current Node    |     Objective Bounds      |     Work
 Expl Unexpl |  Obj  Depth IntInf | Incumbent    BestBd   Gap | It/Node Time

     0     0 120567.464    0  319          - 120567.464      -     -    3s

    Nodes    |    Current Node    |     Objective Bounds      |     Work
 Expl Unexpl |  Obj  Depth IntInf | Incumbent    BestBd   Gap | It/Node Time

     0     0 120567.464    0  319          - 120567.464      -     -    2s
     0     0 150472.535    0  345          - 150472.535      -     -    2s

    Nodes    |    Current Node    |     Objective Bounds      |     Work
 Expl Unexpl |  Obj  Depth IntInf | Incumbent    BestBd   Gap | It/Node Time

*    0     0               0    159120.36752 159120.368  0.00%     -    2s

Explored 1 nodes (11472 simplex iterations) in 2.25 seconds (2.41 work units)
Thread count was 1 (of 32 available processors)

Solution count 1: 159120 

Optimal solution found (tolerance 5.00e-02)
Best objective 1.591203675183e+05, best bound 1.591203675183e+05, gap 0.0000%

    Nodes    |    Current Node    |     Objective Bounds      |     Work
 Expl Unexpl |  Obj  Depth IntInf | Incumbent    BestBd   Gap | It/Node Time

     0     0 159026.864    0   40          - 159026.864      -     -    2s
H    0     0                    159063.86637 159026.864  0.02%     -    2s

Explored 1 nodes (14077 simplex iterations) in 2.33 seconds (2.31 work units)
Thread count was 1 (of 32 available processors)

Solution count 1: 159064 

Optimal solution found (tolerance 5.00e-02)
Best objective 1.590638663673e+05, best bound 1.590268641569e+05, gap 0.0233%

    Nodes    |    Current Node    |     Objective Bounds      |     Work
 Expl Unexpl |  Obj  Depth IntInf | Incumbent    BestBd   Gap | It/Node Time

     0     0 158618.553    0    8          - 158618.553      -     -    2s

    Nodes    |    Current Node    |     Objective Bounds      |     Work
 Expl Unexpl |  Obj  Depth IntInf | Incumbent    BestBd   Gap | It/Node Time

     0     0 158618.553    0    8          - 158618.553      -     -    2s
H    0     0                    158625.75210 158618.553  0.00%     -    2s

Explored 1 nodes (15958 simplex iterations) in 2.62 seconds (2.48 work units)
Thread count was 1 (of 32 available processors)

Solution count 1: 158626 

Optimal solution found (tolerance 5.00e-02)
Best objective 1.586257521047e+05, best bound 1.586185532752e+05, gap 0.0045%
H    0     0                    158625.75210 158618.553  0.00%     -    2s

Explored 1 nodes (15958 simplex iterations) in 2.66 seconds (2.48 work units)
Thread count was 1 (of 32 available processors)

Solution count 1: 158626 

Optimal solution found (tolerance 5.00e-02)
Best objective 1.586257521047e+05, best bound 1.586185532752e+05, gap 0.0045%

    Nodes    |    Current Node    |     Objective Bounds      |     Work
 Expl Unexpl |  Obj  Depth IntInf | Incumbent    BestBd   Gap | It/Node Time

     0     0 140644.891    0  473          - 140644.891      -     -    2s

    Nodes    |    Current Node    |     Objective Bounds      |     Work
 Expl Unexpl |  Obj  Depth IntInf | Incumbent    BestBd   Gap | It/Node Time

     0     0 158618.553    0    8          - 158618.553      -     -    2s
H    0     0                    158625.75210 158618.553  0.00%     -    2s

Explored 1 nodes (15958 simplex iterations) in 2.56 seconds (2.48 work units)
Thread count was 1 (of 32 available processors)

Solution count 1: 158626 

Optimal solution found (tolerance 5.00e-02)
Best objective 1.586257521047e+05, best bound 1.586185532752e+05, gap 0.0045%
     0     0 150472.535    0  345          - 150472.535      -     -    2s

    Nodes    |    Current Node    |     Objective Bounds      |     Work
 Expl Unexpl |  Obj  Depth IntInf | Incumbent    BestBd   Gap | It/Node Time

     0     0 140644.891    0  473          - 140644.891      -     -    2s
     0     0 150472.535    0  345          - 150472.535      -     -    2s

    Nodes    |    Current Node    |     Objective Bounds      |     Work
 Expl Unexpl |  Obj  Depth IntInf | Incumbent    BestBd   Gap | It/Node Time

     0     0 120567.464    0  319          - 120567.464      -     -    3s

    Nodes    |    Current Node    |     Objective Bounds      |     Work
 Expl Unexpl |  Obj  Depth IntInf | Incumbent    BestBd   Gap | It/Node Time

*    0     0               0    159120.36752 159120.368  0.00%     -    2s

Explored 1 nodes (11472 simplex iterations) in 2.47 seconds (2.41 work units)
Thread count was 1 (of 32 available processors)

Solution count 1: 159120 

Optimal solution found (tolerance 5.00e-02)
Best objective 1.591203675183e+05, best bound 1.591203675183e+05, gap 0.0000%

    Nodes    |    Current Node    |     Objective Bounds      |     Work
 Expl Unexpl |  Obj  Depth IntInf | Incumbent    BestBd   Gap | It/Node Time

*    0     0               0    159120.36752 159120.368  0.00%     -    2s

Explored 1 nodes (11472 simplex iterations) in 2.56 seconds (2.41 work units)
Thread count was 1 (of 32 available processors)

Solution count 1: 159120 

Optimal solution found (tolerance 5.00e-02)
Best objective 1.591203675183e+05, best bound 1.591203675183e+05, gap 0.0000%

    Nodes    |    Current Node    |     Objective Bounds      |     Work
 Expl Unexpl |  Obj  Depth IntInf | Incumbent    BestBd   Gap | It/Node Time

     0     0 120567.464    0  319          - 120567.464      -     -    3s

    Nodes    |    Current Node    |     Objective Bounds      |     Work
 Expl Unexpl |  Obj  Depth IntInf | Incumbent    BestBd   Gap | It/Node Time

     0     0 159026.864    0   40          - 159026.864      -     -    2s
H    0     0                    159063.86637 159026.864  0.02%     -    2s

Explored 1 nodes (14077 simplex iterations) in 2.54 seconds (2.31 work units)
Thread count was 1 (of 32 available processors)

Solution count 1: 159064 

Optimal solution found (tolerance 5.00e-02)
Best objective 1.590638663673e+05, best bound 1.590268641569e+05, gap 0.0233%

    Nodes    |    Current Node    |     Objective Bounds      |     Work
 Expl Unexpl |  Obj  Depth IntInf | Incumbent    BestBd   Gap | It/Node Time

*    0     0               0    159120.36752 159120.368  0.00%     -    2s

Explored 1 nodes (11472 simplex iterations) in 2.26 seconds (2.41 work units)
Thread count was 1 (of 32 available processors)

Solution count 1: 159120 

Optimal solution found (tolerance 5.00e-02)
Best objective 1.591203675183e+05, best bound 1.591203675183e+05, gap 0.0000%

Root relaxation: objective 1.455534e+05, 6654 iterations, 0.94 seconds (1.11 work units)

    Nodes    |    Current Node    |     Objective Bounds      |     Work
 Expl Unexpl |  Obj  Depth IntInf | Incumbent    BestBd   Gap | It/Node Time

     0     0 140644.891    0  473          - 140644.891      -     -    2s

    Nodes    |    Current Node    |     Objective Bounds      |     Work
 Expl Unexpl |  Obj  Depth IntInf | Incumbent    BestBd   Gap | It/Node Time

*    0     0               0    159120.36752 159120.368  0.00%     -    2s

    Nodes    |    Current Node    |     Objective Bounds      |     Work
 Expl Unexpl |  Obj  Depth IntInf | Incumbent    BestBd   Gap | It/Node Time

     0     0 140644.891    0  473          - 140644.891      -     -    2s

Explored 1 nodes (11472 simplex iterations) in 2.35 seconds (2.41 work units)
Thread count was 1 (of 32 available processors)

Solution count 1: 159120 

Optimal solution found (tolerance 5.00e-02)
Best objective 1.591203675183e+05, best bound 1.591203675183e+05, gap 0.0000%
     0     0 150472.535    0  345          - 150472.535      -     -    2s
     0     0 120693.305    0  296          - 120693.305      -     -    4s
     0     0 150472.535    0  345          - 150472.535      -     -    2s
     0     0 120742.142    0  410          - 120742.142      -     -    4s
     0     0 120742.142    0  380          - 120742.142      -     -    4s
     0     0 120693.305    0  296          - 120693.305      -     -    4s
     0     0 120742.142    0  410          - 120742.142      -     -    4s
     0     0 120693.305    0  296          - 120693.305      -     -    4s
     0     0 120742.142    0  380          - 120742.142      -     -    4s

    Nodes    |    Current Node    |     Objective Bounds      |     Work
 Expl Unexpl |  Obj  Depth IntInf | Incumbent    BestBd   Gap | It/Node Time

     0     0 154547.654    0  192          - 154547.654      -     -    3s
     0     0 153759.292    0  199          - 153759.292      -     -    3s
     0     0 120742.142    0  410          - 120742.142      -     -    4s

    Nodes    |    Current Node    |     Objective Bounds      |     Work
     0     0 120742.142    0  380          - 120742.142      -     -    4s
 Expl Unexpl |  Obj  Depth IntInf | Incumbent    BestBd   Gap | It/Node Time

     0     0 154547.654    0  192          - 154547.654      -     -    3s
     0     0 155322.792    0  197          - 155322.792      -     -    3s

    Nodes    |    Current Node    |     Objective Bounds      |     Work
 Expl Unexpl |  Obj  Depth IntInf | Incumbent    BestBd   Gap | It/Node Time

     0     0 120567.464    0  319          - 120567.464      -     -    3s

    Nodes    |    Current Node    |     Objective Bounds      |     Work
 Expl Unexpl |  Obj  Depth IntInf | Incumbent    BestBd   Gap | It/Node Time

     0     0 154547.654    0  192          - 154547.654      -     -    3s
     0     0 120693.305    0  296          - 120693.305      -     -    4s

    Nodes    |    Current Node    |     Objective Bounds      |     Work
 Expl Unexpl |  Obj  Depth IntInf | Incumbent    BestBd   Gap | It/Node Time

     0     0 154547.654    0  192          - 154547.654      -     -    3s

    Nodes    |    Current Node    |     Objective Bounds      |     Work
 Expl Unexpl |  Obj  Depth IntInf | Incumbent    BestBd   Gap | It/Node Time

     0     0 154547.654    0  192          - 154547.654      -     -    3s
     0     0 153759.292    0  199          - 153759.292      -     -    4s
     0     0 120742.142    0  410          - 120742.142      -     -    4s
     0     0 120742.142    0  380          - 120742.142      -     -    4s
     0     0 153759.292    0  199          - 153759.292      -     -    4s
     0     0 155322.792    0  197          - 155322.792      -     -    4s
     0     0 120693.305    0  296          - 120693.305      -     -    4s
     0     0 155322.792    0  197          - 155322.792      -     -    4s
     0     0 120742.142    0  410          - 120742.142      -     -    4s
     0     0 120742.142    0  380          - 120742.142      -     -    4s
     0     0 120742.142    0  303          - 120742.142      -     -    5s
     0     0 120742.142    0  313          - 120742.142      -     -    5s
     0     0 120742.142    0  303          - 120742.142      -     -    5s
     0     0 120742.142    0  313          - 120742.142      -     -    5s
     0     0 153759.292    0  199          - 153759.292      -     -    3s
     0     0 155322.792    0  197          - 155322.792      -     -    3s
     0     0 153759.292    0  199          - 153759.292      -     -    4s
     0     0 155322.792    0  197          - 155322.792      -     -    4s
     0     0 120742.142    0  303          - 120742.142      -     -    5s
     0     0 120742.142    0  313          - 120742.142      -     -    5s
     0     0 155548.799    0  200          - 155548.799      -     -    4s

    Nodes    |    Current Node    |     Objective Bounds      |     Work
 Expl Unexpl |  Obj  Depth IntInf | Incumbent    BestBd   Gap | It/Node Time

     0     0 154547.654    0  192          - 154547.654      -     -    3s
     0     0 158187.734    0  139          - 158187.734      -     -    4s
     0     0 120742.142    0  303          - 120742.142      -     -    5s
     0     0 120693.305    0  296          - 120693.305      -     -    4s
     0     0 120742.142    0  313          - 120742.142      -     -    5s
     0     0 158187.734    0  139          - 158187.734      -     -    4s
     0     0 120742.142    0  410          - 120742.142      -     -    4s
     0     0 155548.799    0  200          - 155548.799      -     -    5s
     0     0 120742.142    0  380          - 120742.142      -     -    4s
     0     0 155548.799    0  200          - 155548.799      -     -    5s
     0     0 158187.734    0  139          - 158187.734      -     -    4s
     0     0 120742.142    0  303          - 120742.142      -     -    5s
     0     0 120742.142    0  313          - 120742.142      -     -    5s
     0     0 158187.734    0  139          - 158187.734      -     -    4s
     0     0 158187.734    0  139          - 158187.734      -     -    4s
     0     0 155548.799    0  200          - 155548.799      -     -    4s
     0     0 155548.799    0  200          - 155548.799      -     -    5s
     0     0 120742.142    0  309          - 120742.142      -     -    6s
     0     0 120742.142    0  314          - 120742.142      -     -    6s
     0     0 159886.911    0  112          - 159886.911      -     -    5s
     0     0 120742.142    0  309          - 120742.142      -     -    6s
     0     0 159886.911    0  111          - 159886.911      -     -    5s
     0     0 120742.142    0  314          - 120742.142      -     -    6s
     0     0 155548.799    0  163          - 155548.799      -     -    6s
     0     0 120742.142    0  303          - 120742.142      -     -    5s
     0     0 120742.142    0  313          - 120742.142      -     -    5s
     0     0 158187.734    0  139          - 158187.734      -     -    4s
     0     0 159886.911    0  112          - 159886.911      -     -    5s
     0     0 120742.142    0  309          - 120742.142      -     -    7s
     0     0 159886.911    0  112          - 159886.911      -     -    5s
     0     0 159886.911    0  111          - 159886.911      -     -    5s
     0     0 120742.142    0  314          - 120742.142      -     -    7s
     0     0 159886.911    0  111          - 159886.911      -     -    5s
     0     0 159886.911    0  112          - 159886.911      -     -    5s
     0     0 155548.799    0  163          - 155548.799      -     -    6s
     0     0 155548.799    0  163          - 155548.799      -     -    6s
     0     0 159886.911    0  111          - 159886.911      -     -    5s
     0     0 159886.911    0  112          - 159886.911      -     -    5s
     0     0 159886.911    0  111          - 159886.911      -     -    5s
     0     0 120742.142    0  309          - 120742.142      -     -    6s
     0     0 120742.142    0  314          - 120742.142      -     -    6s
C:\Users\TECNO-MASTER\anaconda3\lib\site-packages\pandas\core\indexes\base.py:6999: FutureWarning: In a future version, the Index constructor will not infer numeric dtypes when passed object-dtype sequences (matching Series behavior)
  return Index(sequences[0], name=names)
     0     0 120742.142    0  309          - 120742.142      -     -    6s
     0     0 120742.142    0  314          - 120742.142      -     -    7s
     0     0 120742.142    0  299          - 120742.142      -     -    7s
     0     0 155548.799    0  163          - 155548.799      -     -    5s
     0     0 120742.142    0  345          - 120742.142      -     -    7s
C:\Users\TECNO-MASTER\anaconda3\lib\site-packages\pandas\core\indexes\base.py:6999: FutureWarning: In a future version, the Index constructor will not infer numeric dtypes when passed object-dtype sequences (matching Series behavior)
  return Index(sequences[0], name=names)
     0     0 161445.358    0  128          - 161445.358      -     -    6s
H    0     0                    177663.99513 161445.358  9.13%     -    6s
H    0     0                    177126.42478 161445.358  8.85%     -    6s
     0     0 155548.799    0  163          - 155548.799      -     -    6s
H    0     0                    176253.69751 161445.358  8.40%     -    6s
     0     0 120742.142    0  299          - 120742.142      -     -    7s
     0     0 120742.142    0  345          - 120742.142      -     -    7s
     0     0 159886.911    0  112          - 159886.911      -     -    5s
     0     0 161445.358    0  128          - 161445.358      -     -    6s
C:\Users\TECNO-MASTER\anaconda3\lib\site-packages\pandas\core\indexes\base.py:6999: FutureWarning: In a future version, the Index constructor will not infer numeric dtypes when passed object-dtype sequences (matching Series behavior)
  return Index(sequences[0], name=names)
H    0     0                    177663.99513 161445.358  9.13%     -    6s
     0     0 159886.911    0  111          - 159886.911      -     -    5s
     0     0 161445.358    0  128          - 161445.358      -     -    6s
C:\Users\TECNO-MASTER\anaconda3\lib\site-packages\pandas\core\indexes\base.py:6999: FutureWarning: In a future version, the Index constructor will not infer numeric dtypes when passed object-dtype sequences (matching Series behavior)
  return Index(sequences[0], name=names)
H    0     0                    177126.42478 161445.358  8.85%     -    6s
H    0     0                    177663.99513 161445.358  9.13%     -    6s
H    0     0                    177126.42478 161445.358  8.85%     -    6s
H    0     0                    176253.69751 161445.358  8.40%     -    6s
     0     0 120742.142    0  299          - 120742.142      -     -    8s
     0     0 161445.358    0  128          - 161445.358      -     -    6s
     0     0 120742.142    0  345          - 120742.142      -     -    8s
H    0     0                    177663.99513 161445.358  9.13%     -    6s
H    0     0                    176253.69751 161445.358  8.40%     -    6s
H    0     0                    177126.42478 161445.358  8.85%     -    6s
     0     0 120742.142    0  309          - 120742.142      -     -    6s
     0     0 161445.358    0  128          - 161445.358      -     -    6s
H    0     0                    177663.99513 161445.358  9.13%     -    6s
     0     0 120742.142    0  314          - 120742.142      -     -    6s
H    0     0                    176253.69751 161445.358  8.40%     -    6s
H    0     0                    177126.42478 161445.358  8.85%     -    6s
     0     0 155548.799    0  165          - 155548.799      -     -    7s
H    0     0                    176253.69751 161445.358  8.40%     -    6s
     0     0 155548.799    0  165          - 155548.799      -     -    7s
     0     0 120742.142    0  299          - 120742.142      -     -    7s
     0     0 120742.142    0  299          - 120742.142      -     -    7s
     0     0 120742.142    0  345          - 120742.142      -     -    7s
     0     0 120742.142    0  345          - 120742.142      -     -    7s
     0     0 155548.799    0  165          - 155548.799      -     -    7s
     0     0 155548.799    0  165          - 155548.799      -     -    7s
     0     0 155548.799    0  165          - 155548.799      -     -    7s
     0     0 155548.799    0  165          - 155548.799      -     -    7s
     0     0 161445.358    0  128          - 161445.358      -     -    5s
     0     0 120742.142    0  331          - 120742.142      -     -    8s
H    0     0                    177663.99513 161445.358  9.13%     -    5s
H    0     0                    177126.42478 161445.358  8.85%     -    5s
     0     0 161445.358    0  127 176253.698 161445.358  8.40%     -    7s
H    0     0                    176253.69751 161445.358  8.40%     -    6s
H    0     0                    175380.97024 161445.358  7.95%     -    7s
     0     0 161445.358    0  132 175380.970 161445.358  7.95%     -    7s
     0     0 155548.799    0  165          - 155548.799      -     -    6s
     0     0 155548.799    0  165          - 155548.799      -     -    7s
     0     0 120742.142    0  331          - 120742.142      -     -    8s
     0     0 155548.799    0  159          - 155548.799      -     -    8s
     0     0 161445.358    0  127 176253.698 161445.358  8.40%     -    7s
     0     0 120742.142    0  315          - 120742.142      -     -    9s
H    0     0                    175380.97024 161445.358  7.95%     -    7s
     0     0 161445.358    0  132 175380.970 161445.358  7.95%     -    7s
     0     0 120742.142    0  299          - 120742.142      -     -    7s
     0     0 120742.142    0  331          - 120742.142      -     -    9s
     0     0 120742.142    0  345          - 120742.142      -     -    7s
     0     0 155548.799    0  159          - 155548.799      -     -    8s
     0     0 161445.358    0  127 176253.698 161445.358  8.40%     -    7s
H    0     0                    175380.97024 161445.358  7.95%     -    7s
     0     0 161445.358    0  127 176253.698 161445.358  8.40%     -    7s
     0     0 161445.358    0  132 175380.970 161445.358  7.95%     -    7s
     0     0 155548.799    0  159          - 155548.799      -     -    8s
H    0     0                    175380.97024 161445.358  7.95%     -    7s
     0     0 161445.358    0  132 175380.970 161445.358  7.95%     -    7s
     0     0 155548.799    0  165          - 155548.799      -     -    7s
     0     0 155548.799    0  159          - 155548.799      -     -    8s
     0     0 120742.142    0  315          - 120742.142      -     -    8s
     0     0 155548.799    0  165          - 155548.799      -     -    7s
     0     0 120742.142    0  331          - 120742.142      -     -    8s
H    0     0                    184206.04509 120742.142  34.5%     -    9s
     0     0 161445.358    0  127 176253.698 161445.358  8.40%     -    7s
H    0     0                    181452.22040 120742.142  33.5%     -    9s
H    0     0                    177821.98764 120742.142  32.1%     -    9s
H    0     0                    175380.97024 161445.358  7.95%     -    7s
     0     0 161445.358    0  132 175380.970 161445.358  7.95%     -    7s
H    0     0                    178237.80665 155548.799  12.7%     -    8s
     0     0 120742.142    0  315          - 120742.142      -     -    9s
     0     0 120742.142    0  331          - 120742.142      -     -    8s
     0     0 155548.799    0  159          - 155548.799      -     -    8s
H    0     0                    176014.72066 120742.142  31.4%     -    9s
     0     0 161445.358    0  120 175380.970 161445.358  7.95%     -    7s
     0     0 155548.799    0  159          - 155548.799      -     -    8s
     0     0 155548.799    0  159          - 155548.799      -     -    7s
H    0     0                    178237.80665 155548.799  12.7%     -    8s
H    0     0                    184206.04509 120742.142  34.5%     -    9s
H    0     0                    181452.22040 120742.142  33.5%     -    9s
H    0     0                    177821.98764 120742.142  32.1%     -    9s
     0     0 120742.142    0  315          - 120742.142      -     -    9s
H    0     0                    175112.63294 155548.799  11.2%     -    8s
H    0     0                    173099.32038 155548.799  10.1%     -    8s
H    0     0                    178237.80665 155548.799  12.7%     -    8s
H    0     0                    172461.88261 155548.799  9.81%     -    8s
H    0     0                    171627.10000 155548.799  9.37%     -    8s
H    0     0                    170997.50890 155548.799  9.03%     -    8s
     0     0 161445.358    0  120 175380.970 161445.358  7.95%     -    8s
H    0     0                    170792.31740 155548.799  8.93%     -    8s
H    0     0                    170083.22318 155548.799  8.55%     -    8s
H    0     0                    184206.04509 120742.142  34.5%     -    9s
H    0     0                    181452.22040 120742.142  33.5%     -    9s
     0     0 161445.358    0  120 175380.970 161445.358  7.95%     -    8s
H    0     0                    176014.72066 120742.142  31.4%     -    9s
     0     0 120742.142    0  315          - 120742.142      -     -    9s
H    0     0                    177821.98764 120742.142  32.1%     -    9s
     0     0 161445.358    0  120 175380.970 161445.358  7.95%     -    8s
     0     0 161445.358    0  127 176253.698 161445.358  8.40%     -    7s
H    0     0                    175380.97024 161445.358  7.95%     -    7s
     0     2 120780.617    0  297 176014.721 120780.617  31.4%     -   10s
     0     0 161445.358    0  132 175380.970 161445.358  7.95%     -    7s
H    0     0                    175112.63294 155548.799  11.2%     -    8s
H    0     0                    171777.45474 161445.358  6.01%     -    8s
     0     0 161445.358    0  120 175380.970 161445.358  7.95%     -    8s
H    0     0                    173099.32038 155548.799  10.1%     -    8s
H    0     0                    172461.88261 155548.799  9.81%     -    8s
     0     0 155548.799    0  159          - 155548.799      -     -    8s
     0     0 120742.142    0  331          - 120742.142      -     -    8s
H    0     0                    176014.72066 120742.142  31.4%     -    9s
H    0     0                    171627.10000 155548.799  9.37%     -    8s
H    0     0                    170997.50890 155548.799  9.03%     -    8s
     0     0 155548.799    0  159          - 155548.799      -     -    8s
H    0     0                    170792.31740 155548.799  8.93%     -    8s
H    0     0                    170083.22318 155548.799  8.55%     -    8s
H    0     0                    175112.63294 155548.799  11.2%     -    9s
H    0     0                    173099.32038 155548.799  10.1%     -    9s
H    0     0                    172461.88261 155548.799  9.81%     -    9s
H    0     0                    184206.04509 120742.142  34.5%     -    9s
H    0     0                    181452.22040 120742.142  33.5%     -    9s
H    0     0                    171627.10000 155548.799  9.37%     -    9s
H    0     0                    170997.50890 155548.799  9.03%     -    9s
H    0     0                    170792.31740 155548.799  8.93%     -    9s
H    0     0                    177821.98764 120742.142  32.1%     -    9s
H    0     0                    170083.22318 155548.799  8.55%     -    9s
     0     0 161445.358    0  120 175380.970 161445.358  7.95%     -    8s
     0     0 161445.358    0  120 175380.970 161445.358  7.95%     -    8s
H    0     0                    178237.80665 155548.799  12.7%     -    8s
H    0     0                    170593.14214 161445.358  5.36%     -    8s
H    0     0                    169865.74253 161445.358  4.96%     -    8s

Cutting planes:
  Gomory: 14
  Lift-and-project: 4
  Cover: 16
  Implied bound: 1
  Clique: 7
  MIR: 3
  Mixing: 1
  Flow cover: 4
  Zero half: 61
  Relax-and-lift: 18
  BQP: 1

Explored 1 nodes (29742 simplex iterations) in 8.52 seconds (8.57 work units)
Thread count was 1 (of 32 available processors)

Solution count 7: 169866 170593 171777 ... 177664

Optimal solution found (tolerance 5.00e-02)
Best objective 1.698657425338e+05, best bound 1.614453577088e+05, gap 4.9571%
     0     0 161445.358    0  120 175380.970 161445.358  7.95%     -    8s
H    0     0                    171777.45474 161445.358  6.01%     -    8s
H    0     0                    171777.45474 161445.358  6.01%     -    8s
H    0     0                    176014.72066 120742.142  31.4%     -    9s
     0     2 120780.617    0  297 176014.721 120780.617  31.4%     -    9s
H    0     0                    184206.04509 120742.142  34.5%     -    9s
H    0     0                    181452.22040 120742.142  33.5%     -    9s
H    0     0                    177821.98764 120742.142  32.1%     -    9s
     0     0 120742.142    0  315          - 120742.142      -     -    8s
     0     0 161445.358    0  120 175380.970 161445.358  7.95%     -    8s
H    0     0                    169675.49401 155548.799  8.33%     -    9s
     0     2 156369.805    0  124 169675.494 156369.805  7.84%     -    9s
H    0     0                    171777.45474 161445.358  6.01%     -    8s

Cutting planes:
  Gomory: 5
  Cover: 11
  Clique: 3
  Zero half: 7
  Relax-and-lift: 14

Explored 3 nodes (31351 simplex iterations) in 9.30 seconds (9.21 work units)
Thread count was 1 (of 32 available processors)

Solution count 9: 169675 170083 170792 ... 178238

Optimal solution found (tolerance 5.00e-02)
Best objective 1.696754940087e+05, best bound 1.655413897963e+05, gap 2.4365%
H    3     1                    163759.73075 158621.988  3.14%  1888   10s

Cutting planes:
  Gomory: 2
  Cover: 30
  Implied bound: 3
  Clique: 8
  MIR: 2
  Flow cover: 10
  Zero half: 9
  RLT: 1
  Relax-and-lift: 41
H    0     0                    170593.14214 161445.358  5.36%     -    8s

Explored 4 nodes (53160 simplex iterations) in 10.42 seconds (11.97 work units)
Thread count was 1 (of 32 available processors)

Solution count 5: 163760 176015 177822 ... 184206

Optimal solution found (tolerance 5.00e-02)
H    0     0                    169865.74253 161445.358  4.96%     -    8s
Best objective 1.637597307502e+05, best bound 1.586219876418e+05, gap 3.1374%

Cutting planes:
  Gomory: 14
  Lift-and-project: 4
  Cover: 16
  Implied bound: 1
  Clique: 7
  MIR: 3
  Mixing: 1
  Flow cover: 4
  Zero half: 61
  Relax-and-lift: 18
  BQP: 1

Explored 1 nodes (29742 simplex iterations) in 8.79 seconds (8.57 work units)
Thread count was 1 (of 32 available processors)

Solution count 7: 169866 170593 171777 ... 177664

Optimal solution found (tolerance 5.00e-02)
Best objective 1.698657425338e+05, best bound 1.614453577088e+05, gap 4.9571%
H    0     0                    175112.63294 155548.799  11.2%     -    8s
H    0     0                    170593.14214 161445.358  5.36%     -    8s
H    0     0                    176014.72066 120742.142  31.4%     -    9s
H    0     0                    169865.74253 161445.358  4.96%     -    8s

Cutting planes:
  Gomory: 14
  Lift-and-project: 4
  Cover: 16
  Implied bound: 1
  Clique: 7
  MIR: 3
  Mixing: 1
  Flow cover: 4
  Zero half: 61
  Relax-and-lift: 18
  BQP: 1

Explored 1 nodes (29742 simplex iterations) in 8.59 seconds (8.57 work units)
Thread count was 1 (of 32 available processors)

Solution count 7: 169866 170593 171777 ... 177664

Optimal solution found (tolerance 5.00e-02)
Best objective 1.698657425338e+05, best bound 1.614453577088e+05, gap 4.9571%
     0     2 120780.617    0  297 176014.721 120780.617  31.4%     -   10s
     0     0 155548.799    0  159          - 155548.799      -     -    8s
H    0     0                    173099.32038 155548.799  10.1%     -    8s
H    0     0                    172461.88261 155548.799  9.81%     -    8s
H    0     0                    171627.10000 155548.799  9.37%     -    8s
H    0     0                    170997.50890 155548.799  9.03%     -    8s
H    0     0                    170792.31740 155548.799  8.93%     -    8s
H    0     0                    170083.22318 155548.799  8.55%     -    8s
H    0     0                    170593.14214 161445.358  5.36%     -    8s
H    0     0                    169865.74253 161445.358  4.96%     -    8s

Cutting planes:
  Gomory: 14
  Lift-and-project: 4
  Cover: 16
  Implied bound: 1
  Clique: 7
  MIR: 3
  Mixing: 1
  Flow cover: 4
  Zero half: 61
  Relax-and-lift: 18
  BQP: 1
     0     0 161445.358    0  120 175380.970 161445.358  7.95%     -    8s

Explored 1 nodes (29742 simplex iterations) in 8.94 seconds (8.57 work units)
Thread count was 1 (of 32 available processors)

Solution count 7: 169866 170593 171777 ... 177664

Optimal solution found (tolerance 5.00e-02)
Best objective 1.698657425338e+05, best bound 1.614453577088e+05, gap 4.9571%
     2     2 158621.988    1  121 176014.721 158621.988  9.88%  2832   10s
H    0     0                    169675.49401 155548.799  8.33%     -    9s
     0     2 156369.805    0  124 169675.494 156369.805  7.84%     -    9s
     0     2 120780.617    0  297 176014.721 120780.617  31.4%     -    9s
H    0     0                    178237.80665 155548.799  12.7%     -    8s
H    0     0                    169675.49401 155548.799  8.33%     -    9s
H    0     0                    171777.45474 161445.358  6.01%     -    8s
     0     2 156369.805    0  124 169675.494 156369.805  7.84%     -    9s

Cutting planes:
  Gomory: 5
  Cover: 11
  Clique: 3
  Zero half: 7
  Relax-and-lift: 14
H    3     1                    163759.73075 158621.988  3.14%  1888   10s

Explored 3 nodes (31351 simplex iterations) in 9.51 seconds (9.21 work units)
Thread count was 1 (of 32 available processors)

Solution count 9: 169675 170083 170792 ... 178238

Optimal solution found (tolerance 5.00e-02)
Best objective 1.696754940087e+05, best bound 1.655413897963e+05, gap 2.4365%

Cutting planes:
  Gomory: 2
  Cover: 30
  Implied bound: 3
  Clique: 8
  MIR: 2
  Flow cover: 10
  Zero half: 9
  RLT: 1
  Relax-and-lift: 41

Explored 4 nodes (53160 simplex iterations) in 10.19 seconds (11.97 work units)
Thread count was 1 (of 32 available processors)

Solution count 5: 163760 176015 177822 ... 184206

Optimal solution found (tolerance 5.00e-02)
Best objective 1.637597307502e+05, best bound 1.586219876418e+05, gap 3.1374%
H    0     0                    184206.04509 120742.142  34.5%     -    8s
H    0     0                    181452.22040 120742.142  33.5%     -    8s
H    0     0                    177821.98764 120742.142  32.1%     -    8s

Cutting planes:
  Gomory: 5
  Cover: 11
  Clique: 3
  Zero half: 7
  Relax-and-lift: 14

Explored 3 nodes (31351 simplex iterations) in 9.68 seconds (9.21 work units)
Thread count was 1 (of 32 available processors)

Solution count 9: 169675 170083 170792 ... 178238

Optimal solution found (tolerance 5.00e-02)
Best objective 1.696754940087e+05, best bound 1.655413897963e+05, gap 2.4365%
     0     0 161445.358    0  120 175380.970 161445.358  7.95%     -    7s
H    0     0                    170593.14214 161445.358  5.36%     -    8s
H    0     0                    169865.74253 161445.358  4.96%     -    8s

Cutting planes:
  Gomory: 14
  Lift-and-project: 4
  Cover: 16
  Implied bound: 1
  Clique: 7
  MIR: 3
  Mixing: 1
  Flow cover: 4
  Zero half: 61
  Relax-and-lift: 18
  BQP: 1
     0     2 120780.617    0  297 176014.721 120780.617  31.4%     -   10s

Explored 1 nodes (29742 simplex iterations) in 8.99 seconds (8.57 work units)
Thread count was 1 (of 32 available processors)

Solution count 7: 169866 170593 171777 ... 177664

Optimal solution found (tolerance 5.00e-02)
Best objective 1.698657425338e+05, best bound 1.614453577088e+05, gap 4.9571%
H    0     0                    176014.72066 120742.142  31.4%     -    9s
H    3     1                    163759.73075 158621.988  3.14%  1888   10s

H    0     0                    175112.63294 155548.799  11.2%     -    9s
Cutting planes:
  Gomory: 2
  Cover: 30
  Implied bound: 3
  Clique: 8
  MIR: 2
  Flow cover: 10
  Zero half: 9
  RLT: 1
  Relax-and-lift: 41

Explored 4 nodes (53160 simplex iterations) in 10.73 seconds (11.97 work units)
Thread count was 1 (of 32 available processors)

Solution count 5: 163760 176015 177822 ... 184206

Optimal solution found (tolerance 5.00e-02)
Best objective 1.637597307502e+05, best bound 1.586219876418e+05, gap 3.1374%
H    0     0                    173099.32038 155548.799  10.1%     -    9s
H    0     0                    172461.88261 155548.799  9.81%     -    9s
     2     2 158621.988    1  121 176014.721 158621.988  9.88%  2832   10s
H    0     0                    171627.10000 155548.799  9.37%     -    9s
H    0     0                    170997.50890 155548.799  9.03%     -    9s
H    0     0                    170792.31740 155548.799  8.93%     -    9s
H    0     0                    170083.22318 155548.799  8.55%     -    9s
H    3     1                    163759.73075 158621.988  3.14%  1888   10s

Cutting planes:
  Gomory: 2
  Cover: 30
  Implied bound: 3
  Clique: 8
  MIR: 2
  Flow cover: 10
  Zero half: 9
  RLT: 1
  Relax-and-lift: 41

Explored 4 nodes (53160 simplex iterations) in 10.18 seconds (11.97 work units)
Thread count was 1 (of 32 available processors)

Solution count 5: 163760 176015 177822 ... 184206

Optimal solution found (tolerance 5.00e-02)
Best objective 1.637597307502e+05, best bound 1.586219876418e+05, gap 3.1374%
H    0     0                    169675.49401 155548.799  8.33%     -    8s
     0     2 156369.805    0  124 169675.494 156369.805  7.84%     -    8s
     0     0 161445.358    0  120 175380.970 161445.358  7.95%     -    8s

Cutting planes:
  Gomory: 5
  Cover: 11
  Clique: 3
  Zero half: 7
  Relax-and-lift: 14

Explored 3 nodes (31351 simplex iterations) in 9.01 seconds (9.21 work units)
Thread count was 1 (of 32 available processors)

Solution count 9: 169675 170083 170792 ... 178238

Optimal solution found (tolerance 5.00e-02)
Best objective 1.696754940087e+05, best bound 1.655413897963e+05, gap 2.4365%
H    0     0                    171777.45474 161445.358  6.01%     -    8s
H    3     1                    163759.73075 158621.988  3.14%  1888   10s

Cutting planes:
  Gomory: 2
  Cover: 30
  Implied bound: 3
  Clique: 8
  MIR: 2
  Flow cover: 10
  Zero half: 9
  RLT: 1
  Relax-and-lift: 41

Explored 4 nodes (53160 simplex iterations) in 10.50 seconds (11.97 work units)
Thread count was 1 (of 32 available processors)

Solution count 5: 163760 176015 177822 ... 184206

Optimal solution found (tolerance 5.00e-02)
Best objective 1.637597307502e+05, best bound 1.586219876418e+05, gap 3.1374%
     0     2 120780.617    0  297 176014.721 120780.617  31.4%     -    9s
H    0     0                    170593.14214 161445.358  5.36%     -    8s
H    0     0                    169865.74253 161445.358  4.96%     -    8s

Cutting planes:
  Gomory: 14
  Lift-and-project: 4
  Cover: 16
  Implied bound: 1
  Clique: 7
  MIR: 3
  Mixing: 1
  Flow cover: 4
  Zero half: 61
  Relax-and-lift: 18
  BQP: 1

Explored 1 nodes (29742 simplex iterations) in 8.33 seconds (8.57 work units)
Thread count was 1 (of 32 available processors)

Solution count 7: 169866 170593 171777 ... 177664

Optimal solution found (tolerance 5.00e-02)
Best objective 1.698657425338e+05, best bound 1.614453577088e+05, gap 4.9571%
H    0     0                    169675.49401 155548.799  8.33%     -    9s
     0     2 156369.805    0  124 169675.494 156369.805  7.84%     -    9s

Cutting planes:
  Gomory: 5
  Cover: 11
  Clique: 3
  Zero half: 7
  Relax-and-lift: 14

Explored 3 nodes (31351 simplex iterations) in 9.67 seconds (9.21 work units)
Thread count was 1 (of 32 available processors)

Solution count 9: 169675 170083 170792 ... 178238

Optimal solution found (tolerance 5.00e-02)
Best objective 1.696754940087e+05, best bound 1.655413897963e+05, gap 2.4365%
H    3     1                    163759.73075 158621.988  3.14%  1888    9s

Cutting planes:
  Gomory: 2
  Cover: 30
  Implied bound: 3
  Clique: 8
  MIR: 2
  Flow cover: 10
  Zero half: 9
  RLT: 1
  Relax-and-lift: 41

Explored 4 nodes (53160 simplex iterations) in 9.79 seconds (11.97 work units)
Thread count was 1 (of 32 available processors)

Solution count 5: 163760 176015 177822 ... 184206

Optimal solution found (tolerance 5.00e-02)
Best objective 1.637597307502e+05, best bound 1.586219876418e+05, gap 3.1374%
✅ Solution time [sec]: 5.50
📊 Status: optimal
💰 Operation Cost: 159063.8663673007
JSONs, log y summary guardados en 'C:\Users\TECNO-MASTER\Desktop\Elmo_infrastructure_sizing_NP-\output\DCH_septiembre\Bateria_353\Costo_fijo\Carga_libre\Carga_on_board_fixed_3estaciones_P160kW_Descomp/station_3_d32_stage1'.
  [Fase 1 (infra libre)] estacion=station_3 dia=244 -> C:\Users\TECNO-MASTER\Desktop\Elmo_infrastructure_sizing_NP-\output\DCH_septiembre\Bateria_353\Costo_fijo\Carga_libre\Carga_on_board_fixed_3estaciones_P160kW_Descomp/station_3_d244_stage1
formulation time: 6.686777114868164
Solving opt model... (Puedes presionar Ctrl+C para detener y guardar la mejor solución actual)
Set parameter OutputFlag to value 1
Set parameter OutputFlag to value 1
Set parameter LogToConsole to value 1
Set parameter MIPGap to value 0.05
Set parameter LogFile to value "C:\Users\TECNO-MASTER\Desktop\Elmo_infrastructure_sizing_NP-\output\DCH_septiembre\Bateria_353\Costo_fijo\Carga_libre\Carga_on_board_fixed_3estaciones_P160kW_Descomp/station_3_d244_stage1\gurobi.log"
Set parameter Threads to value 1
Set parameter Heuristics to value 0.5
Set parameter MIPFocus to value 3
Set parameter Presolve to value 2
Set parameter FlowCoverCuts to value 2
Set parameter TimeLimit to value 1200
Gurobi Optimizer version 12.0.3 build v12.0.3rc0 (win64 - Windows 11+.0 (26200.2))

CPU model: Intel(R) Core(TM) i9-14900K, instruction set [SSE2|AVX|AVX2]
Thread count: 24 physical cores, 32 logical processors, using up to 1 threads

Non-default parameters:
TimeLimit  1200
MIPGap  0.05
Heuristics  0.5
MIPFocus  3
FlowCoverCuts  2
Presolve  2
Threads  1

Optimize a model with 22770 rows, 37249 columns and 110688 nonzeros
Model fingerprint: 0xce22c542
Variable types: 17323 continuous, 19926 integer (19925 binary)
Coefficient statistics:
  Matrix range     [1e-01, 2e+02]
  Objective range  [4e-01, 6e+04]
  Bounds range     [1e+00, 1e+00]
  RHS range        [1e+00, 1e+04]
Presolve removed 19951 rows and 26952 columns
Presolve time: 0.10s
Presolved: 2819 rows, 10297 columns, 31529 nonzeros
Variable types: 841 continuous, 9456 integer (9455 binary)
Root relaxation presolved: 2819 rows, 10297 columns, 31529 nonzeros

✅ Solution time [sec]: 5.65
📊 Status: optimal
💰 Operation Cost: 158625.75210473733
JSONs, log y summary guardados en 'C:\Users\TECNO-MASTER\Desktop\Elmo_infrastructure_sizing_NP-\output\DCH_septiembre\Bateria_353\Costo_fijo\Carga_libre\Carga_on_board_fixed_3estaciones_P160kW_Descomp/station_1_d60_stage1'.
  [Fase 1 (infra libre)] estacion=station_3 dia=305 -> C:\Users\TECNO-MASTER\Desktop\Elmo_infrastructure_sizing_NP-\output\DCH_septiembre\Bateria_353\Costo_fijo\Carga_libre\Carga_on_board_fixed_3estaciones_P160kW_Descomp/station_3_d305_stage1
formulation time: 6.508234024047852
Solving opt model... (Puedes presionar Ctrl+C para detener y guardar la mejor solución actual)
Set parameter OutputFlag to value 1
Set parameter OutputFlag to value 1
Set parameter LogToConsole to value 1
Set parameter MIPGap to value 0.05
Set parameter LogFile to value "C:\Users\TECNO-MASTER\Desktop\Elmo_infrastructure_sizing_NP-\output\DCH_septiembre\Bateria_353\Costo_fijo\Carga_libre\Carga_on_board_fixed_3estaciones_P160kW_Descomp/station_3_d305_stage1\gurobi.log"
Set parameter Threads to value 1
Set parameter Heuristics to value 0.5
Set parameter MIPFocus to value 3
Set parameter Presolve to value 2
Set parameter FlowCoverCuts to value 2
Set parameter TimeLimit to value 1200
Gurobi Optimizer version 12.0.3 build v12.0.3rc0 (win64 - Windows 11+.0 (26200.2))

CPU model: Intel(R) Core(TM) i9-14900K, instruction set [SSE2|AVX|AVX2]
Thread count: 24 physical cores, 32 logical processors, using up to 1 threads

Non-default parameters:
TimeLimit  1200
MIPGap  0.05
Heuristics  0.5
MIPFocus  3
FlowCoverCuts  2
Presolve  2
Threads  1

Optimize a model with 22740 rows, 37249 columns and 110628 nonzeros
Model fingerprint: 0x96fff5c8
Variable types: 17323 continuous, 19926 integer (19925 binary)
Coefficient statistics:
  Matrix range     [1e-01, 2e+02]
  Objective range  [4e-01, 6e+04]
  Bounds range     [1e+00, 1e+00]
  RHS range        [1e+00, 1e+04]
Presolve removed 19951 rows and 26953 columns
Presolve time: 0.10s
Presolved: 2789 rows, 10296 columns, 31379 nonzeros
Variable types: 840 continuous, 9456 integer (9455 binary)
Root relaxation presolved: 2789 rows, 10296 columns, 31379 nonzeros

✅ Solution time [sec]: 5.64
📊 Status: optimal
💰 Operation Cost: 159120.36751834612
JSONs, log y summary guardados en 'C:\Users\TECNO-MASTER\Desktop\Elmo_infrastructure_sizing_NP-\output\DCH_septiembre\Bateria_353\Costo_fijo\Carga_libre\Carga_on_board_fixed_3estaciones_P160kW_Descomp/station_2_d1_stage1'.
  [Fase 1 (infra libre)] estacion=station_3 dia=335 -> C:\Users\TECNO-MASTER\Desktop\Elmo_infrastructure_sizing_NP-\output\DCH_septiembre\Bateria_353\Costo_fijo\Carga_libre\Carga_on_board_fixed_3estaciones_P160kW_Descomp/station_3_d335_stage1
formulation time: 6.570400714874268
Solving opt model... (Puedes presionar Ctrl+C para detener y guardar la mejor solución actual)
Set parameter OutputFlag to value 1
Set parameter OutputFlag to value 1
Set parameter LogToConsole to value 1
Set parameter MIPGap to value 0.05
Set parameter LogFile to value "C:\Users\TECNO-MASTER\Desktop\Elmo_infrastructure_sizing_NP-\output\DCH_septiembre\Bateria_353\Costo_fijo\Carga_libre\Carga_on_board_fixed_3estaciones_P160kW_Descomp/station_3_d335_stage1\gurobi.log"
Set parameter Threads to value 1
Set parameter Heuristics to value 0.5
Set parameter MIPFocus to value 3
Set parameter Presolve to value 2
Set parameter FlowCoverCuts to value 2
Set parameter TimeLimit to value 1200
Gurobi Optimizer version 12.0.3 build v12.0.3rc0 (win64 - Windows 11+.0 (26200.2))

CPU model: Intel(R) Core(TM) i9-14900K, instruction set [SSE2|AVX|AVX2]
Thread count: 24 physical cores, 32 logical processors, using up to 1 threads

Non-default parameters:
TimeLimit  1200
MIPGap  0.05
Heuristics  0.5
MIPFocus  3
FlowCoverCuts  2
Presolve  2
Threads  1

Optimize a model with 22740 rows, 37249 columns and 110628 nonzeros
Model fingerprint: 0x96fff5c8
Variable types: 17323 continuous, 19926 integer (19925 binary)
Coefficient statistics:
  Matrix range     [1e-01, 2e+02]
  Objective range  [4e-01, 6e+04]
  Bounds range     [1e+00, 1e+00]
  RHS range        [1e+00, 1e+04]
✅ Solution time [sec]: 5.75
📊 Status: optimal
💰 Operation Cost: 158625.75210473733
JSONs, log y summary guardados en 'C:\Users\TECNO-MASTER\Desktop\Elmo_infrastructure_sizing_NP-\output\DCH_septiembre\Bateria_353\Costo_fijo\Carga_libre\Carga_on_board_fixed_3estaciones_P160kW_Descomp/station_1_d32_stage1'.
  [Fase 1 (infra libre)] estacion=station_3 dia=274 -> C:\Users\TECNO-MASTER\Desktop\Elmo_infrastructure_sizing_NP-\output\DCH_septiembre\Bateria_353\Costo_fijo\Carga_libre\Carga_on_board_fixed_3estaciones_P160kW_Descomp/station_3_d274_stage1
formulation time: 6.495060682296753
Solving opt model... (Puedes presionar Ctrl+C para detener y guardar la mejor solución actual)
Set parameter OutputFlag to value 1
Set parameter OutputFlag to value 1
Set parameter LogToConsole to value 1
Set parameter MIPGap to value 0.05
Set parameter LogFile to value "C:\Users\TECNO-MASTER\Desktop\Elmo_infrastructure_sizing_NP-\output\DCH_septiembre\Bateria_353\Costo_fijo\Carga_libre\Carga_on_board_fixed_3estaciones_P160kW_Descomp/station_3_d274_stage1\gurobi.log"
Set parameter Threads to value 1
Set parameter Heuristics to value 0.5
Set parameter MIPFocus to value 3
Set parameter Presolve to value 2
Set parameter FlowCoverCuts to value 2
Set parameter TimeLimit to value 1200
Gurobi Optimizer version 12.0.3 build v12.0.3rc0 (win64 - Windows 11+.0 (26200.2))

CPU model: Intel(R) Core(TM) i9-14900K, instruction set [SSE2|AVX|AVX2]
Thread count: 24 physical cores, 32 logical processors, using up to 1 threads

Non-default parameters:
TimeLimit  1200
MIPGap  0.05
Heuristics  0.5
MIPFocus  3
FlowCoverCuts  2
Presolve  2
Threads  1

Optimize a model with 22740 rows, 37249 columns and 110628 nonzeros
Model fingerprint: 0x96fff5c8
Variable types: 17323 continuous, 19926 integer (19925 binary)
Coefficient statistics:
  Matrix range     [1e-01, 2e+02]
  Objective range  [4e-01, 6e+04]
  Bounds range     [1e+00, 1e+00]
  RHS range        [1e+00, 1e+04]
Presolve removed 19951 rows and 26953 columns
Presolve time: 0.09s
Presolved: 2789 rows, 10296 columns, 31379 nonzeros
Variable types: 840 continuous, 9456 integer (9455 binary)
Root relaxation presolved: 2789 rows, 10296 columns, 31379 nonzeros

Presolve removed 19951 rows and 26953 columns
Presolve time: 0.09s
Presolved: 2789 rows, 10296 columns, 31379 nonzeros
Variable types: 840 continuous, 9456 integer (9455 binary)
Root relaxation presolved: 2789 rows, 10296 columns, 31379 nonzeros


Root relaxation: objective 1.406449e+05, 8022 iterations, 0.52 seconds (1.31 work units)

Root relaxation: objective 1.137817e+05, 6258 iterations, 0.36 seconds (0.95 work units)

Root relaxation: objective 1.137817e+05, 6258 iterations, 0.35 seconds (0.95 work units)

Root relaxation: objective 1.137817e+05, 6258 iterations, 0.35 seconds (0.95 work units)

    Nodes    |    Current Node    |     Objective Bounds      |     Work
 Expl Unexpl |  Obj  Depth IntInf | Incumbent    BestBd   Gap | It/Node Time

     0     0 140644.891    0  473          - 140644.891      -     -    1s
     0     0 150472.535    0  345          - 150472.535      -     -    1s

    Nodes    |    Current Node    |     Objective Bounds      |     Work
 Expl Unexpl |  Obj  Depth IntInf | Incumbent    BestBd   Gap | It/Node Time

     0     0 159026.864    0   40          - 159026.864      -     -    1s
H    0     0                    159063.86637 159026.864  0.02%     -    1s

Explored 1 nodes (14077 simplex iterations) in 1.04 seconds (2.31 work units)
Thread count was 1 (of 32 available processors)

Solution count 1: 159064 

Optimal solution found (tolerance 5.00e-02)
Best objective 1.590638663673e+05, best bound 1.590268641569e+05, gap 0.0233%

    Nodes    |    Current Node    |     Objective Bounds      |     Work
 Expl Unexpl |  Obj  Depth IntInf | Incumbent    BestBd   Gap | It/Node Time

     0     0 159026.864    0   40          - 159026.864      -     -    1s
H    0     0                    159063.86637 159026.864  0.02%     -    1s

Explored 1 nodes (14077 simplex iterations) in 1.03 seconds (2.31 work units)
Thread count was 1 (of 32 available processors)

Solution count 1: 159064 

Optimal solution found (tolerance 5.00e-02)
Best objective 1.590638663673e+05, best bound 1.590268641569e+05, gap 0.0233%

    Nodes    |    Current Node    |     Objective Bounds      |     Work
 Expl Unexpl |  Obj  Depth IntInf | Incumbent    BestBd   Gap | It/Node Time

     0     0 159026.864    0   40          - 159026.864      -     -    1s
H    0     0                    159063.86637 159026.864  0.02%     -    1s

Explored 1 nodes (14077 simplex iterations) in 1.03 seconds (2.31 work units)
Thread count was 1 (of 32 available processors)

Solution count 1: 159064 

Optimal solution found (tolerance 5.00e-02)
Best objective 1.590638663673e+05, best bound 1.590268641569e+05, gap 0.0233%
     0     0 153759.292    0  199          - 153759.292      -     -    1s
     0     0 155322.792    0  197          - 155322.792      -     -    1s
     0     0 155548.799    0  200          - 155548.799      -     -    2s
     0     0 155548.799    0  163          - 155548.799      -     -    2s
     0     0 155548.799    0  165          - 155548.799      -     -    3s
     0     0 155548.799    0  165          - 155548.799      -     -    3s
     0     0 155548.799    0  159          - 155548.799      -     -    3s
     0     0 155548.799    0  159          - 155548.799      -     -    4s
H    0     0                    178237.80665 155548.799  12.7%     -    4s
H    0     0                    175112.63294 155548.799  11.2%     -    4s
H    0     0                    173099.32038 155548.799  10.1%     -    4s
H    0     0                    172461.88261 155548.799  9.81%     -    4s
H    0     0                    171627.10000 155548.799  9.37%     -    4s
H    0     0                    170997.50890 155548.799  9.03%     -    4s
H    0     0                    170792.31740 155548.799  8.93%     -    4s
H    0     0                    170083.22318 155548.799  8.55%     -    4s
H    0     0                    169675.49401 155548.799  8.33%     -    4s
     0     2 156369.805    0  124 169675.494 156369.805  7.84%     -    4s

Cutting planes:
  Gomory: 5
  Cover: 11
  Clique: 3
  Zero half: 7
  Relax-and-lift: 14

Explored 3 nodes (31351 simplex iterations) in 4.64 seconds (9.21 work units)
Thread count was 1 (of 32 available processors)

Solution count 9: 169675 170083 170792 ... 178238

Optimal solution found (tolerance 5.00e-02)
Best objective 1.696754940087e+05, best bound 1.655413897963e+05, gap 2.4365%
✅ Solution time [sec]: 5.65
📊 Status: optimal
💰 Operation Cost: 158625.75210473733
JSONs, log y summary guardados en 'C:\Users\TECNO-MASTER\Desktop\Elmo_infrastructure_sizing_NP-\output\DCH_septiembre\Bateria_353\Costo_fijo\Carga_libre\Carga_on_board_fixed_3estaciones_P160kW_Descomp/station_1_d335_stage1'.
✅ Solution time [sec]: 5.75
📊 Status: optimal
💰 Operation Cost: 159120.36751834612
JSONs, log y summary guardados en 'C:\Users\TECNO-MASTER\Desktop\Elmo_infrastructure_sizing_NP-\output\DCH_septiembre\Bateria_353\Costo_fijo\Carga_libre\Carga_on_board_fixed_3estaciones_P160kW_Descomp/station_2_d32_stage1'.
✅ Solution time [sec]: 5.58
📊 Status: optimal
💰 Operation Cost: 159063.8663673007
JSONs, log y summary guardados en 'C:\Users\TECNO-MASTER\Desktop\Elmo_infrastructure_sizing_NP-\output\DCH_septiembre\Bateria_353\Costo_fijo\Carga_libre\Carga_on_board_fixed_3estaciones_P160kW_Descomp/station_3_d60_stage1'.
✅ Solution time [sec]: 6.22
📊 Status: optimal
💰 Operation Cost: 158625.75210473733
JSONs, log y summary guardados en 'C:\Users\TECNO-MASTER\Desktop\Elmo_infrastructure_sizing_NP-\output\DCH_septiembre\Bateria_353\Costo_fijo\Carga_libre\Carga_on_board_fixed_3estaciones_P160kW_Descomp/station_1_d1_stage1'.
✅ Solution time [sec]: 6.04
📊 Status: optimal
💰 Operation Cost: 158625.75210473733
JSONs, log y summary guardados en 'C:\Users\TECNO-MASTER\Desktop\Elmo_infrastructure_sizing_NP-\output\DCH_septiembre\Bateria_353\Costo_fijo\Carga_libre\Carga_on_board_fixed_3estaciones_P160kW_Descomp/station_1_d305_stage1'.
✅ Solution time [sec]: 6.15
📊 Status: optimal
💰 Operation Cost: 158625.75210473733
JSONs, log y summary guardados en 'C:\Users\TECNO-MASTER\Desktop\Elmo_infrastructure_sizing_NP-\output\DCH_septiembre\Bateria_353\Costo_fijo\Carga_libre\Carga_on_board_fixed_3estaciones_P160kW_Descomp/station_1_d274_stage1'.
✅ Solution time [sec]: 6.32
📊 Status: optimal
💰 Operation Cost: 159120.36751834612
JSONs, log y summary guardados en 'C:\Users\TECNO-MASTER\Desktop\Elmo_infrastructure_sizing_NP-\output\DCH_septiembre\Bateria_353\Costo_fijo\Carga_libre\Carga_on_board_fixed_3estaciones_P160kW_Descomp/station_2_d60_stage1'.
✅ Solution time [sec]: 6.17
📊 Status: optimal
💰 Operation Cost: 159120.36751834612
JSONs, log y summary guardados en 'C:\Users\TECNO-MASTER\Desktop\Elmo_infrastructure_sizing_NP-\output\DCH_septiembre\Bateria_353\Costo_fijo\Carga_libre\Carga_on_board_fixed_3estaciones_P160kW_Descomp/station_2_d335_stage1'.
✅ Solution time [sec]: 5.72
📊 Status: optimal
💰 Operation Cost: 159120.36751834612
JSONs, log y summary guardados en 'C:\Users\TECNO-MASTER\Desktop\Elmo_infrastructure_sizing_NP-\output\DCH_septiembre\Bateria_353\Costo_fijo\Carga_libre\Carga_on_board_fixed_3estaciones_P160kW_Descomp/station_2_d305_stage1'.
✅ Solution time [sec]: 6.18
📊 Status: optimal
💰 Operation Cost: 159063.8663673007
JSONs, log y summary guardados en 'C:\Users\TECNO-MASTER\Desktop\Elmo_infrastructure_sizing_NP-\output\DCH_septiembre\Bateria_353\Costo_fijo\Carga_libre\Carga_on_board_fixed_3estaciones_P160kW_Descomp/station_3_d1_stage1'.
✅ Solution time [sec]: 5.96
📊 Status: optimal
💰 Operation Cost: 159120.36751834612
JSONs, log y summary guardados en 'C:\Users\TECNO-MASTER\Desktop\Elmo_infrastructure_sizing_NP-\output\DCH_septiembre\Bateria_353\Costo_fijo\Carga_libre\Carga_on_board_fixed_3estaciones_P160kW_Descomp/station_2_d274_stage1'.
✅ Solution time [sec]: 11.51
📊 Status: optimal
💰 Operation Cost: 169865.7425338359
JSONs, log y summary guardados en 'C:\Users\TECNO-MASTER\Desktop\Elmo_infrastructure_sizing_NP-\output\DCH_septiembre\Bateria_353\Costo_fijo\Carga_libre\Carga_on_board_fixed_3estaciones_P160kW_Descomp/station_2_d213_stage1'.
✅ Solution time [sec]: 12.53
📊 Status: optimal
💰 Operation Cost: 169865.7425338359
JSONs, log y summary guardados en 'C:\Users\TECNO-MASTER\Desktop\Elmo_infrastructure_sizing_NP-\output\DCH_septiembre\Bateria_353\Costo_fijo\Carga_libre\Carga_on_board_fixed_3estaciones_P160kW_Descomp/station_2_d121_stage1'.
✅ Solution time [sec]: 12.46
📊 Status: optimal
💰 Operation Cost: 169675.4940087051
JSONs, log y summary guardados en 'C:\Users\TECNO-MASTER\Desktop\Elmo_infrastructure_sizing_NP-\output\DCH_septiembre\Bateria_353\Costo_fijo\Carga_libre\Carga_on_board_fixed_3estaciones_P160kW_Descomp/station_3_d152_stage1'.
✅ Solution time [sec]: 12.04
📊 Status: optimal
💰 Operation Cost: 169865.7425338359
JSONs, log y summary guardados en 'C:\Users\TECNO-MASTER\Desktop\Elmo_infrastructure_sizing_NP-\output\DCH_septiembre\Bateria_353\Costo_fijo\Carga_libre\Carga_on_board_fixed_3estaciones_P160kW_Descomp/station_2_d91_stage1'.
✅ Solution time [sec]: 13.46
📊 Status: optimal
💰 Operation Cost: 163759.73075023957
JSONs, log y summary guardados en 'C:\Users\TECNO-MASTER\Desktop\Elmo_infrastructure_sizing_NP-\output\DCH_septiembre\Bateria_353\Costo_fijo\Carga_libre\Carga_on_board_fixed_3estaciones_P160kW_Descomp/station_1_d91_stage1'.
✅ Solution time [sec]: 12.49
📊 Status: optimal
💰 Operation Cost: 169865.7425338359
JSONs, log y summary guardados en 'C:\Users\TECNO-MASTER\Desktop\Elmo_infrastructure_sizing_NP-\output\DCH_septiembre\Bateria_353\Costo_fijo\Carga_libre\Carga_on_board_fixed_3estaciones_P160kW_Descomp/station_2_d182_stage1'.
✅ Solution time [sec]: 13.22
📊 Status: optimal
💰 Operation Cost: 163759.73075023957
JSONs, log y summary guardados en 'C:\Users\TECNO-MASTER\Desktop\Elmo_infrastructure_sizing_NP-\output\DCH_septiembre\Bateria_353\Costo_fijo\Carga_libre\Carga_on_board_fixed_3estaciones_P160kW_Descomp/station_1_d182_stage1'.
✅ Solution time [sec]: 12.63
📊 Status: optimal
💰 Operation Cost: 169675.4940087051
JSONs, log y summary guardados en 'C:\Users\TECNO-MASTER\Desktop\Elmo_infrastructure_sizing_NP-\output\DCH_septiembre\Bateria_353\Costo_fijo\Carga_libre\Carga_on_board_fixed_3estaciones_P160kW_Descomp/station_3_d182_stage1'.
✅ Solution time [sec]: 12.62
📊 Status: optimal
💰 Operation Cost: 169675.4940087051
JSONs, log y summary guardados en 'C:\Users\TECNO-MASTER\Desktop\Elmo_infrastructure_sizing_NP-\output\DCH_septiembre\Bateria_353\Costo_fijo\Carga_libre\Carga_on_board_fixed_3estaciones_P160kW_Descomp/station_3_d213_stage1'.
✅ Solution time [sec]: 13.23
📊 Status: optimal
💰 Operation Cost: 163759.73075023957
JSONs, log y summary guardados en 'C:\Users\TECNO-MASTER\Desktop\Elmo_infrastructure_sizing_NP-\output\DCH_septiembre\Bateria_353\Costo_fijo\Carga_libre\Carga_on_board_fixed_3estaciones_P160kW_Descomp/station_1_d244_stage1'.
✅ Solution time [sec]: 13.96
📊 Status: optimal
💰 Operation Cost: 163759.73075023957
JSONs, log y summary guardados en 'C:\Users\TECNO-MASTER\Desktop\Elmo_infrastructure_sizing_NP-\output\DCH_septiembre\Bateria_353\Costo_fijo\Carga_libre\Carga_on_board_fixed_3estaciones_P160kW_Descomp/station_1_d152_stage1'.
✅ Solution time [sec]: 12.26
📊 Status: optimal
💰 Operation Cost: 169865.7425338359
JSONs, log y summary guardados en 'C:\Users\TECNO-MASTER\Desktop\Elmo_infrastructure_sizing_NP-\output\DCH_septiembre\Bateria_353\Costo_fijo\Carga_libre\Carga_on_board_fixed_3estaciones_P160kW_Descomp/station_2_d244_stage1'.
✅ Solution time [sec]: 12.30
📊 Status: optimal
💰 Operation Cost: 169675.4940087051
JSONs, log y summary guardados en 'C:\Users\TECNO-MASTER\Desktop\Elmo_infrastructure_sizing_NP-\output\DCH_septiembre\Bateria_353\Costo_fijo\Carga_libre\Carga_on_board_fixed_3estaciones_P160kW_Descomp/station_3_d91_stage1'.
✅ Solution time [sec]: 13.68
📊 Status: optimal
💰 Operation Cost: 163759.73075023957
JSONs, log y summary guardados en 'C:\Users\TECNO-MASTER\Desktop\Elmo_infrastructure_sizing_NP-\output\DCH_septiembre\Bateria_353\Costo_fijo\Carga_libre\Carga_on_board_fixed_3estaciones_P160kW_Descomp/station_1_d121_stage1'.
✅ Solution time [sec]: 11.94
📊 Status: optimal
💰 Operation Cost: 169865.7425338359
JSONs, log y summary guardados en 'C:\Users\TECNO-MASTER\Desktop\Elmo_infrastructure_sizing_NP-\output\DCH_septiembre\Bateria_353\Costo_fijo\Carga_libre\Carga_on_board_fixed_3estaciones_P160kW_Descomp/station_2_d152_stage1'.
✅ Solution time [sec]: 13.15
📊 Status: optimal
💰 Operation Cost: 169675.4940087051
JSONs, log y summary guardados en 'C:\Users\TECNO-MASTER\Desktop\Elmo_infrastructure_sizing_NP-\output\DCH_septiembre\Bateria_353\Costo_fijo\Carga_libre\Carga_on_board_fixed_3estaciones_P160kW_Descomp/station_3_d121_stage1'.
✅ Solution time [sec]: 13.11
📊 Status: optimal
💰 Operation Cost: 163759.73075023957
JSONs, log y summary guardados en 'C:\Users\TECNO-MASTER\Desktop\Elmo_infrastructure_sizing_NP-\output\DCH_septiembre\Bateria_353\Costo_fijo\Carga_libre\Carga_on_board_fixed_3estaciones_P160kW_Descomp/station_1_d213_stage1'.
✅ Solution time [sec]: 2.20
📊 Status: optimal
💰 Operation Cost: 159063.8663673007
JSONs, log y summary guardados en 'C:\Users\TECNO-MASTER\Desktop\Elmo_infrastructure_sizing_NP-\output\DCH_septiembre\Bateria_353\Costo_fijo\Carga_libre\Carga_on_board_fixed_3estaciones_P160kW_Descomp/station_3_d305_stage1'.
✅ Solution time [sec]: 2.17
📊 Status: optimal
💰 Operation Cost: 159063.8663673007
JSONs, log y summary guardados en 'C:\Users\TECNO-MASTER\Desktop\Elmo_infrastructure_sizing_NP-\output\DCH_septiembre\Bateria_353\Costo_fijo\Carga_libre\Carga_on_board_fixed_3estaciones_P160kW_Descomp/station_3_d335_stage1'.
✅ Solution time [sec]: 2.19
📊 Status: optimal
💰 Operation Cost: 159063.8663673007
JSONs, log y summary guardados en 'C:\Users\TECNO-MASTER\Desktop\Elmo_infrastructure_sizing_NP-\output\DCH_septiembre\Bateria_353\Costo_fijo\Carga_libre\Carga_on_board_fixed_3estaciones_P160kW_Descomp/station_3_d274_stage1'.
✅ Solution time [sec]: 5.78
📊 Status: optimal
💰 Operation Cost: 169675.4940087051
JSONs, log y summary guardados en 'C:\Users\TECNO-MASTER\Desktop\Elmo_infrastructure_sizing_NP-\output\DCH_septiembre\Bateria_353\Costo_fijo\Carga_libre\Carga_on_board_fixed_3estaciones_P160kW_Descomp/station_3_d244_stage1'.
C:\Users\TECNO-MASTER\anaconda3\lib\site-packages\pandas\core\indexes\base.py:6999: FutureWarning: In a future version, the Index constructor will not infer numeric dtypes when passed object-dtype sequences (matching Series behavior)
  return Index(sequences[0], name=names)
C:\Users\TECNO-MASTER\anaconda3\lib\site-packages\pandas\core\indexes\base.py:6999: FutureWarning: In a future version, the Index constructor will not infer numeric dtypes when passed object-dtype sequences (matching Series behavior)
  return Index(sequences[0], name=names)
C:\Users\TECNO-MASTER\anaconda3\lib\site-packages\pandas\core\indexes\base.py:6999: FutureWarning: In a future version, the Index constructor will not infer numeric dtypes when passed object-dtype sequences (matching Series behavior)
  return Index(sequences[0], name=names)
C:\Users\TECNO-MASTER\anaconda3\lib\site-packages\pandas\core\indexes\base.py:6999: FutureWarning: In a future version, the Index constructor will not infer numeric dtypes when passed object-dtype sequences (matching Series behavior)
  return Index(sequences[0], name=names)
C:\Users\TECNO-MASTER\anaconda3\lib\site-packages\pandas\core\indexes\base.py:6999: FutureWarning: In a future version, the Index constructor will not infer numeric dtypes when passed object-dtype sequences (matching Series behavior)
  return Index(sequences[0], name=names)
C:\Users\TECNO-MASTER\anaconda3\lib\site-packages\pandas\core\indexes\base.py:6999: FutureWarning: In a future version, the Index constructor will not infer numeric dtypes when passed object-dtype sequences (matching Series behavior)
  return Index(sequences[0], name=names)
C:\Users\TECNO-MASTER\anaconda3\lib\site-packages\pandas\core\indexes\base.py:6999: FutureWarning: In a future version, the Index constructor will not infer numeric dtypes when passed object-dtype sequences (matching Series behavior)
  return Index(sequences[0], name=names)
C:\Users\TECNO-MASTER\anaconda3\lib\site-packages\pandas\core\indexes\base.py:6999: FutureWarning: In a future version, the Index constructor will not infer numeric dtypes when passed object-dtype sequences (matching Series behavior)
  return Index(sequences[0], name=names)
C:\Users\TECNO-MASTER\anaconda3\lib\site-packages\pandas\core\indexes\base.py:6999: FutureWarning: In a future version, the Index constructor will not infer numeric dtypes when passed object-dtype sequences (matching Series behavior)
  return Index(sequences[0], name=names)
C:\Users\TECNO-MASTER\anaconda3\lib\site-packages\pandas\core\indexes\base.py:6999: FutureWarning: In a future version, the Index constructor will not infer numeric dtypes when passed object-dtype sequences (matching Series behavior)
  return Index(sequences[0], name=names)
C:\Users\TECNO-MASTER\anaconda3\lib\site-packages\pandas\core\indexes\base.py:6999: FutureWarning: In a future version, the Index constructor will not infer numeric dtypes when passed object-dtype sequences (matching Series behavior)
  return Index(sequences[0], name=names)
C:\Users\TECNO-MASTER\anaconda3\lib\site-packages\pandas\core\indexes\base.py:6999: FutureWarning: In a future version, the Index constructor will not infer numeric dtypes when passed object-dtype sequences (matching Series behavior)
  return Index(sequences[0], name=names)
C:\Users\TECNO-MASTER\anaconda3\lib\site-packages\pandas\core\indexes\base.py:6999: FutureWarning: In a future version, the Index constructor will not infer numeric dtypes when passed object-dtype sequences (matching Series behavior)
  return Index(sequences[0], name=names)
C:\Users\TECNO-MASTER\anaconda3\lib\site-packages\pandas\core\indexes\base.py:6999: FutureWarning: In a future version, the Index constructor will not infer numeric dtypes when passed object-dtype sequences (matching Series behavior)
  return Index(sequences[0], name=names)
C:\Users\TECNO-MASTER\anaconda3\lib\site-packages\pandas\core\indexes\base.py:6999: FutureWarning: In a future version, the Index constructor will not infer numeric dtypes when passed object-dtype sequences (matching Series behavior)
  return Index(sequences[0], name=names)
C:\Users\TECNO-MASTER\anaconda3\lib\site-packages\pandas\core\indexes\base.py:6999: FutureWarning: In a future version, the Index constructor will not infer numeric dtypes when passed object-dtype sequences (matching Series behavior)
  return Index(sequences[0], name=names)
C:\Users\TECNO-MASTER\anaconda3\lib\site-packages\pandas\core\indexes\base.py:6999: FutureWarning: In a future version, the Index constructor will not infer numeric dtypes when passed object-dtype sequences (matching Series behavior)
  return Index(sequences[0], name=names)
C:\Users\TECNO-MASTER\anaconda3\lib\site-packages\pandas\core\indexes\base.py:6999: FutureWarning: In a future version, the Index constructor will not infer numeric dtypes when passed object-dtype sequences (matching Series behavior)
  return Index(sequences[0], name=names)
C:\Users\TECNO-MASTER\anaconda3\lib\site-packages\pandas\core\indexes\base.py:6999: FutureWarning: In a future version, the Index constructor will not infer numeric dtypes when passed object-dtype sequences (matching Series behavior)
  return Index(sequences[0], name=names)
C:\Users\TECNO-MASTER\anaconda3\lib\site-packages\pandas\core\indexes\base.py:6999: FutureWarning: In a future version, the Index constructor will not infer numeric dtypes when passed object-dtype sequences (matching Series behavior)
  return Index(sequences[0], name=names)
C:\Users\TECNO-MASTER\anaconda3\lib\site-packages\pandas\core\indexes\base.py:6999: FutureWarning: In a future version, the Index constructor will not infer numeric dtypes when passed object-dtype sequences (matching Series behavior)
  return Index(sequences[0], name=names)
C:\Users\TECNO-MASTER\anaconda3\lib\site-packages\pandas\core\indexes\base.py:6999: FutureWarning: In a future version, the Index constructor will not infer numeric dtypes when passed object-dtype sequences (matching Series behavior)
  return Index(sequences[0], name=names)
C:\Users\TECNO-MASTER\anaconda3\lib\site-packages\pandas\core\indexes\base.py:6999: FutureWarning: In a future version, the Index constructor will not infer numeric dtypes when passed object-dtype sequences (matching Series behavior)
  return Index(sequences[0], name=names)
C:\Users\TECNO-MASTER\anaconda3\lib\site-packages\pandas\core\indexes\base.py:6999: FutureWarning: In a future version, the Index constructor will not infer numeric dtypes when passed object-dtype sequences (matching Series behavior)
  return Index(sequences[0], name=names)
C:\Users\TECNO-MASTER\anaconda3\lib\site-packages\pandas\core\indexes\base.py:6999: FutureWarning: In a future version, the Index constructor will not infer numeric dtypes when passed object-dtype sequences (matching Series behavior)
  return Index(sequences[0], name=names)
C:\Users\TECNO-MASTER\anaconda3\lib\site-packages\pandas\core\indexes\base.py:6999: FutureWarning: In a future version, the Index constructor will not infer numeric dtypes when passed object-dtype sequences (matching Series behavior)
  return Index(sequences[0], name=names)
C:\Users\TECNO-MASTER\anaconda3\lib\site-packages\pandas\core\indexes\base.py:6999: FutureWarning: In a future version, the Index constructor will not infer numeric dtypes when passed object-dtype sequences (matching Series behavior)
  return Index(sequences[0], name=names)
C:\Users\TECNO-MASTER\anaconda3\lib\site-packages\pandas\core\indexes\base.py:6999: FutureWarning: In a future version, the Index constructor will not infer numeric dtypes when passed object-dtype sequences (matching Series behavior)
  return Index(sequences[0], name=names)
C:\Users\TECNO-MASTER\anaconda3\lib\site-packages\pandas\core\indexes\base.py:6999: FutureWarning: In a future version, the Index constructor will not infer numeric dtypes when passed object-dtype sequences (matching Series behavior)
  return Index(sequences[0], name=names)
C:\Users\TECNO-MASTER\anaconda3\lib\site-packages\pandas\core\indexes\base.py:6999: FutureWarning: In a future version, the Index constructor will not infer numeric dtypes when passed object-dtype sequences (matching Series behavior)
  return Index(sequences[0], name=names)
C:\Users\TECNO-MASTER\anaconda3\lib\site-packages\pandas\core\indexes\base.py:6999: FutureWarning: In a future version, the Index constructor will not infer numeric dtypes when passed object-dtype sequences (matching Series behavior)
  return Index(sequences[0], name=names)
C:\Users\TECNO-MASTER\anaconda3\lib\site-packages\pandas\core\indexes\base.py:6999: FutureWarning: In a future version, the Index constructor will not infer numeric dtypes when passed object-dtype sequences (matching Series behavior)
  return Index(sequences[0], name=names)
  [Fase 2 (infra fija)] estacion=station_1 dia=152 -> C:\Users\TECNO-MASTER\Desktop\Elmo_infrastructure_sizing_NP-\output\DCH_septiembre\Bateria_353\Costo_fijo\Carga_libre\Carga_on_board_fixed_3estaciones_P160kW_Descomp/station_1_d152
formulation time: 12.260295152664185
Solving opt model... (Puedes presionar Ctrl+C para detener y guardar la mejor solución actual)
Set parameter OutputFlag to value 1
Set parameter OutputFlag to value 1
Set parameter LogToConsole to value 1
Set parameter MIPGap to value 0.05
Set parameter LogFile to value "C:\Users\TECNO-MASTER\Desktop\Elmo_infrastructure_sizing_NP-\output\DCH_septiembre\Bateria_353\Costo_fijo\Carga_libre\Carga_on_board_fixed_3estaciones_P160kW_Descomp/station_1_d152\gurobi.log"
Set parameter Threads to value 1
Set parameter Heuristics to value 0.5
Set parameter MIPFocus to value 3
Set parameter Presolve to value 2
Set parameter FlowCoverCuts to value 2
Set parameter TimeLimit to value 1200
Gurobi Optimizer version 12.0.3 build v12.0.3rc0 (win64 - Windows 11+.0 (26200.2))

CPU model: Intel(R) Core(TM) i9-14900K, instruction set [SSE2|AVX|AVX2]
Thread count: 24 physical cores, 32 logical processors, using up to 1 threads

Non-default parameters:
TimeLimit  1200
MIPGap  0.05
Heuristics  0.5
MIPFocus  3
FlowCoverCuts  2
Presolve  2
Threads  1

Optimize a model with 22770 rows, 37249 columns and 109784 nonzeros
Model fingerprint: 0x400e189a
Variable types: 17323 continuous, 19926 integer (19925 binary)
Coefficient statistics:
  Matrix range     [1e-01, 2e+02]
  Objective range  [4e-01, 1e+02]
  Bounds range     [1e+00, 2e+00]
  RHS range        [1e+00, 1e+04]
  [Fase 2 (infra fija)] estacion=station_1 dia=91 -> C:\Users\TECNO-MASTER\Desktop\Elmo_infrastructure_sizing_NP-\output\DCH_septiembre\Bateria_353\Costo_fijo\Carga_libre\Carga_on_board_fixed_3estaciones_P160kW_Descomp/station_1_d91
formulation time: 12.332840204238892
Solving opt model... (Puedes presionar Ctrl+C para detener y guardar la mejor solución actual)
Set parameter OutputFlag to value 1
Set parameter OutputFlag to value 1
Set parameter LogToConsole to value 1
Set parameter MIPGap to value 0.05
Set parameter LogFile to value "C:\Users\TECNO-MASTER\Desktop\Elmo_infrastructure_sizing_NP-\output\DCH_septiembre\Bateria_353\Costo_fijo\Carga_libre\Carga_on_board_fixed_3estaciones_P160kW_Descomp/station_1_d91\gurobi.log"
Set parameter Threads to value 1
Set parameter Heuristics to value 0.5
Set parameter MIPFocus to value 3
Set parameter Presolve to value 2
Set parameter FlowCoverCuts to value 2
Set parameter TimeLimit to value 1200
Gurobi Optimizer version 12.0.3 build v12.0.3rc0 (win64 - Windows 11+.0 (26200.2))

CPU model: Intel(R) Core(TM) i9-14900K, instruction set [SSE2|AVX|AVX2]
Thread count: 24 physical cores, 32 logical processors, using up to 1 threads

Non-default parameters:
TimeLimit  1200
MIPGap  0.05
Heuristics  0.5
MIPFocus  3
FlowCoverCuts  2
Presolve  2
Threads  1

Optimize a model with 22770 rows, 37249 columns and 109784 nonzeros
Model fingerprint: 0x400e189a
Variable types: 17323 continuous, 19926 integer (19925 binary)
Coefficient statistics:
  Matrix range     [1e-01, 2e+02]
  Objective range  [4e-01, 1e+02]
  Bounds range     [1e+00, 2e+00]
  RHS range        [1e+00, 1e+04]
Presolve removed 20416 rows and 26952 columns
Presolve time: 0.19s
Presolved: 2354 rows, 10297 columns, 30484 nonzeros
Variable types: 841 continuous, 9456 integer (9456 binary)
  [Fase 2 (infra fija)] estacion=station_1 dia=335 -> C:\Users\TECNO-MASTER\Desktop\Elmo_infrastructure_sizing_NP-\output\DCH_septiembre\Bateria_353\Costo_fijo\Carga_libre\Carga_on_board_fixed_3estaciones_P160kW_Descomp/station_1_d335
formulation time: 12.276409149169922
Solving opt model... (Puedes presionar Ctrl+C para detener y guardar la mejor solución actual)
Set parameter OutputFlag to value 1
Set parameter OutputFlag to value 1
Set parameter LogToConsole to value 1
Set parameter MIPGap to value 0.05
Set parameter LogFile to value "C:\Users\TECNO-MASTER\Desktop\Elmo_infrastructure_sizing_NP-\output\DCH_septiembre\Bateria_353\Costo_fijo\Carga_libre\Carga_on_board_fixed_3estaciones_P160kW_Descomp/station_1_d335\gurobi.log"
Set parameter Threads to value 1
Set parameter Heuristics to value 0.5
Set parameter MIPFocus to value 3
Set parameter Presolve to value 2
Set parameter FlowCoverCuts to value 2
Set parameter TimeLimit to value 1200
Root relaxation presolved: 2354 rows, 10297 columns, 30484 nonzeros

Gurobi Optimizer version 12.0.3 build v12.0.3rc0 (win64 - Windows 11+.0 (26200.2))

CPU model: Intel(R) Core(TM) i9-14900K, instruction set [SSE2|AVX|AVX2]
Thread count: 24 physical cores, 32 logical processors, using up to 1 threads

Non-default parameters:
TimeLimit  1200
MIPGap  0.05
Heuristics  0.5
MIPFocus  3
FlowCoverCuts  2
Presolve  2
Threads  1

Optimize a model with 22740 rows, 37249 columns and 109724 nonzeros
Model fingerprint: 0x319fcaf5
Variable types: 17323 continuous, 19926 integer (19925 binary)
Coefficient statistics:
  Matrix range     [1e-01, 2e+02]
  Objective range  [4e-01, 1e+02]
  Bounds range     [1e+00, 2e+00]
  RHS range        [1e+00, 1e+04]
Presolve removed 20416 rows and 26952 columns
Presolve time: 0.19s
Presolved: 2354 rows, 10297 columns, 30484 nonzeros
Variable types: 841 continuous, 9456 integer (9456 binary)
  [Fase 2 (infra fija)] estacion=station_1 dia=32 -> C:\Users\TECNO-MASTER\Desktop\Elmo_infrastructure_sizing_NP-\output\DCH_septiembre\Bateria_353\Costo_fijo\Carga_libre\Carga_on_board_fixed_3estaciones_P160kW_Descomp/station_1_d32
formulation time: 12.677619695663452
Solving opt model... (Puedes presionar Ctrl+C para detener y guardar la mejor solución actual)
Set parameter OutputFlag to value 1
Set parameter OutputFlag to value 1
Set parameter LogToConsole to value 1
Set parameter MIPGap to value 0.05
Set parameter LogFile to value "C:\Users\TECNO-MASTER\Desktop\Elmo_infrastructure_sizing_NP-\output\DCH_septiembre\Bateria_353\Costo_fijo\Carga_libre\Carga_on_board_fixed_3estaciones_P160kW_Descomp/station_1_d32\gurobi.log"
Set parameter Threads to value 1
Set parameter Heuristics to value 0.5
Set parameter MIPFocus to value 3
Set parameter Presolve to value 2
Set parameter FlowCoverCuts to value 2
Set parameter TimeLimit to value 1200
Root relaxation presolved: 2354 rows, 10297 columns, 30484 nonzeros

Gurobi Optimizer version 12.0.3 build v12.0.3rc0 (win64 - Windows 11+.0 (26200.2))

CPU model: Intel(R) Core(TM) i9-14900K, instruction set [SSE2|AVX|AVX2]
Thread count: 24 physical cores, 32 logical processors, using up to 1 threads

Non-default parameters:
TimeLimit  1200
MIPGap  0.05
Heuristics  0.5
MIPFocus  3
FlowCoverCuts  2
Presolve  2
Threads  1

Optimize a model with 22740 rows, 37249 columns and 109724 nonzeros
Model fingerprint: 0x319fcaf5
Variable types: 17323 continuous, 19926 integer (19925 binary)
Coefficient statistics:
  Matrix range     [1e-01, 2e+02]
  Objective range  [4e-01, 1e+02]
  Bounds range     [1e+00, 2e+00]
  RHS range        [1e+00, 1e+04]
  [Fase 2 (infra fija)] estacion=station_1 dia=1 -> C:\Users\TECNO-MASTER\Desktop\Elmo_infrastructure_sizing_NP-\output\DCH_septiembre\Bateria_353\Costo_fijo\Carga_libre\Carga_on_board_fixed_3estaciones_P160kW_Descomp/station_1_d1
formulation time: 12.919559478759766
Solving opt model... (Puedes presionar Ctrl+C para detener y guardar la mejor solución actual)
Set parameter OutputFlag to value 1
Set parameter OutputFlag to value 1
Set parameter LogToConsole to value 1
Set parameter MIPGap to value 0.05
Set parameter LogFile to value "C:\Users\TECNO-MASTER\Desktop\Elmo_infrastructure_sizing_NP-\output\DCH_septiembre\Bateria_353\Costo_fijo\Carga_libre\Carga_on_board_fixed_3estaciones_P160kW_Descomp/station_1_d1\gurobi.log"
Set parameter Threads to value 1
Set parameter Heuristics to value 0.5
Set parameter MIPFocus to value 3
Set parameter Presolve to value 2
Set parameter FlowCoverCuts to value 2
Set parameter TimeLimit to value 1200
Gurobi Optimizer version 12.0.3 build v12.0.3rc0 (win64 - Windows 11+.0 (26200.2))

CPU model: Intel(R) Core(TM) i9-14900K, instruction set [SSE2|AVX|AVX2]
Thread count: 24 physical cores, 32 logical processors, using up to 1 threads

Non-default parameters:
TimeLimit  1200
MIPGap  0.05
Heuristics  0.5
MIPFocus  3
FlowCoverCuts  2
Presolve  2
Threads  1

Optimize a model with 22740 rows, 37249 columns and 109724 nonzeros
Model fingerprint: 0x319fcaf5
Variable types: 17323 continuous, 19926 integer (19925 binary)
Coefficient statistics:
  Matrix range     [1e-01, 2e+02]
  Objective range  [4e-01, 1e+02]
  Bounds range     [1e+00, 2e+00]
  RHS range        [1e+00, 1e+04]
  [Fase 2 (infra fija)] estacion=station_3 dia=60 -> C:\Users\TECNO-MASTER\Desktop\Elmo_infrastructure_sizing_NP-\output\DCH_septiembre\Bateria_353\Costo_fijo\Carga_libre\Carga_on_board_fixed_3estaciones_P160kW_Descomp/station_3_d60
formulation time: 12.301645994186401
Solving opt model... (Puedes presionar Ctrl+C para detener y guardar la mejor solución actual)
Set parameter OutputFlag to value 1
Set parameter OutputFlag to value 1
Set parameter LogToConsole to value 1
Set parameter MIPGap to value 0.05
Set parameter LogFile to value "C:\Users\TECNO-MASTER\Desktop\Elmo_infrastructure_sizing_NP-\output\DCH_septiembre\Bateria_353\Costo_fijo\Carga_libre\Carga_on_board_fixed_3estaciones_P160kW_Descomp/station_3_d60\gurobi.log"
Set parameter Threads to value 1
Set parameter Heuristics to value 0.5
Set parameter MIPFocus to value 3
Set parameter Presolve to value 2
Set parameter FlowCoverCuts to value 2
Set parameter TimeLimit to value 1200
Gurobi Optimizer version 12.0.3 build v12.0.3rc0 (win64 - Windows 11+.0 (26200.2))

CPU model: Intel(R) Core(TM) i9-14900K, instruction set [SSE2|AVX|AVX2]
Thread count: 24 physical cores, 32 logical processors, using up to 1 threads

Non-default parameters:
TimeLimit  1200
MIPGap  0.05
Heuristics  0.5
MIPFocus  3
FlowCoverCuts  2
Presolve  2
Threads  1

Optimize a model with 22740 rows, 37249 columns and 109726 nonzeros
Model fingerprint: 0x8ec0e3e6
Variable types: 17323 continuous, 19926 integer (19925 binary)
Coefficient statistics:
  Matrix range     [1e-01, 2e+02]
  Objective range  [4e-01, 1e+02]
  Bounds range     [1e+00, 2e+00]
  RHS range        [1e+00, 1e+04]
  [Fase 2 (infra fija)] estacion=station_1 dia=121 -> C:\Users\TECNO-MASTER\Desktop\Elmo_infrastructure_sizing_NP-\output\DCH_septiembre\Bateria_353\Costo_fijo\Carga_libre\Carga_on_board_fixed_3estaciones_P160kW_Descomp/station_1_d121
formulation time: 12.592023372650146
Solving opt model... (Puedes presionar Ctrl+C para detener y guardar la mejor solución actual)
Set parameter OutputFlag to value 1
Set parameter OutputFlag to value 1
Set parameter LogToConsole to value 1
Set parameter MIPGap to value 0.05
Set parameter LogFile to value "C:\Users\TECNO-MASTER\Desktop\Elmo_infrastructure_sizing_NP-\output\DCH_septiembre\Bateria_353\Costo_fijo\Carga_libre\Carga_on_board_fixed_3estaciones_P160kW_Descomp/station_1_d121\gurobi.log"
Set parameter Threads to value 1
Set parameter Heuristics to value 0.5
Set parameter MIPFocus to value 3
Set parameter Presolve to value 2
Set parameter FlowCoverCuts to value 2
Set parameter TimeLimit to value 1200
Gurobi Optimizer version 12.0.3 build v12.0.3rc0 (win64 - Windows 11+.0 (26200.2))

CPU model: Intel(R) Core(TM) i9-14900K, instruction set [SSE2|AVX|AVX2]
Thread count: 24 physical cores, 32 logical processors, using up to 1 threads

Non-default parameters:
TimeLimit  1200
MIPGap  0.05
Heuristics  0.5
MIPFocus  3
FlowCoverCuts  2
Presolve  2
Threads  1

Optimize a model with 22770 rows, 37249 columns and 109784 nonzeros
Model fingerprint: 0x400e189a
Variable types: 17323 continuous, 19926 integer (19925 binary)
Coefficient statistics:
  Matrix range     [1e-01, 2e+02]
  Objective range  [4e-01, 1e+02]
  Bounds range     [1e+00, 2e+00]
  RHS range        [1e+00, 1e+04]
Presolve removed 20416 rows and 26953 columns
Presolve time: 0.20s

Root relaxation: objective 1.586186e+05, 4181 iterations, 0.24 seconds (0.22 work units)
Presolved: 2324 rows, 10296 columns, 30334 nonzeros
Variable types: 840 continuous, 9456 integer (9456 binary)
Root relaxation presolved: 2324 rows, 10296 columns, 30334 nonzeros


Root relaxation: objective 1.586186e+05, 4181 iterations, 0.24 seconds (0.22 work units)
Presolve removed 20416 rows and 26953 columns
Presolve time: 0.19s
Presolved: 2324 rows, 10296 columns, 30334 nonzeros
Variable types: 840 continuous, 9456 integer (9456 binary)
Root relaxation presolved: 2324 rows, 10296 columns, 30334 nonzeros

Presolve removed 20416 rows and 26953 columns
Presolve time: 0.19s
Presolved: 2324 rows, 10296 columns, 30334 nonzeros
Variable types: 840 continuous, 9456 integer (9456 binary)
Root relaxation presolved: 2324 rows, 10296 columns, 30334 nonzeros

  [Fase 2 (infra fija)] estacion=station_1 dia=244 -> C:\Users\TECNO-MASTER\Desktop\Elmo_infrastructure_sizing_NP-\output\DCH_septiembre\Bateria_353\Costo_fijo\Carga_libre\Carga_on_board_fixed_3estaciones_P160kW_Descomp/station_1_d244
formulation time: 12.4722318649292
Solving opt model... (Puedes presionar Ctrl+C para detener y guardar la mejor solución actual)
Set parameter OutputFlag to value 1
Set parameter OutputFlag to value 1
Set parameter LogToConsole to value 1
Set parameter MIPGap to value 0.05
Set parameter LogFile to value "C:\Users\TECNO-MASTER\Desktop\Elmo_infrastructure_sizing_NP-\output\DCH_septiembre\Bateria_353\Costo_fijo\Carga_libre\Carga_on_board_fixed_3estaciones_P160kW_Descomp/station_1_d244\gurobi.log"
Set parameter Threads to value 1
Set parameter Heuristics to value 0.5
Set parameter MIPFocus to value 3
Set parameter Presolve to value 2
Set parameter FlowCoverCuts to value 2
Set parameter TimeLimit to value 1200
Presolve removed 20416 rows and 26955 columns
Presolve time: 0.19s
Presolved: 2324 rows, 10294 columns, 30328 nonzeros
Variable types: 840 continuous, 9454 integer (9454 binary)
Gurobi Optimizer version 12.0.3 build v12.0.3rc0 (win64 - Windows 11+.0 (26200.2))

CPU model: Intel(R) Core(TM) i9-14900K, instruction set [SSE2|AVX|AVX2]
Thread count: 24 physical cores, 32 logical processors, using up to 1 threads

Non-default parameters:
TimeLimit  1200
MIPGap  0.05
Heuristics  0.5
MIPFocus  3
FlowCoverCuts  2
Presolve  2
Threads  1

Optimize a model with 22770 rows, 37249 columns and 109784 nonzeros
Model fingerprint: 0x400e189a
Variable types: 17323 continuous, 19926 integer (19925 binary)
Coefficient statistics:
  Matrix range     [1e-01, 2e+02]
  Objective range  [4e-01, 1e+02]
  Bounds range     [1e+00, 2e+00]
  RHS range        [1e+00, 1e+04]
  [Fase 2 (infra fija)] estacion=station_1 dia=60 -> C:\Users\TECNO-MASTER\Desktop\Elmo_infrastructure_sizing_NP-\output\DCH_septiembre\Bateria_353\Costo_fijo\Carga_libre\Carga_on_board_fixed_3estaciones_P160kW_Descomp/station_1_d60
formulation time: 13.042999029159546
Solving opt model... (Puedes presionar Ctrl+C para detener y guardar la mejor solución actual)
Set parameter OutputFlag to value 1
Set parameter OutputFlag to value 1
Set parameter LogToConsole to value 1
Set parameter MIPGap to value 0.05
Set parameter LogFile to value "C:\Users\TECNO-MASTER\Desktop\Elmo_infrastructure_sizing_NP-\output\DCH_septiembre\Bateria_353\Costo_fijo\Carga_libre\Carga_on_board_fixed_3estaciones_P160kW_Descomp/station_1_d60\gurobi.log"
Set parameter Threads to value 1
Set parameter Heuristics to value 0.5
Set parameter MIPFocus to value 3
Set parameter Presolve to value 2
Set parameter FlowCoverCuts to value 2
Set parameter TimeLimit to value 1200
Root relaxation presolved: 2324 rows, 10294 columns, 30328 nonzeros

Presolve removed 20416 rows and 26952 columns
Presolve time: 0.20s
Presolved: 2354 rows, 10297 columns, 30484 nonzeros
Variable types: 841 continuous, 9456 integer (9456 binary)
Gurobi Optimizer version 12.0.3 build v12.0.3rc0 (win64 - Windows 11+.0 (26200.2))

CPU model: Intel(R) Core(TM) i9-14900K, instruction set [SSE2|AVX|AVX2]
Thread count: 24 physical cores, 32 logical processors, using up to 1 threads

Non-default parameters:
TimeLimit  1200
MIPGap  0.05
Heuristics  0.5
MIPFocus  3
FlowCoverCuts  2
Presolve  2
Threads  1

Optimize a model with 22740 rows, 37249 columns and 109724 nonzeros

Root relaxation: objective 1.586186e+05, 3966 iterations, 0.20 seconds (0.18 work units)
Model fingerprint: 0x319fcaf5
Variable types: 17323 continuous, 19926 integer (19925 binary)
Coefficient statistics:
  Matrix range     [1e-01, 2e+02]
  Objective range  [4e-01, 1e+02]
  Bounds range     [1e+00, 2e+00]
  RHS range        [1e+00, 1e+04]
Root relaxation presolved: 2354 rows, 10297 columns, 30484 nonzeros

  [Fase 2 (infra fija)] estacion=station_3 dia=152 -> C:\Users\TECNO-MASTER\Desktop\Elmo_infrastructure_sizing_NP-\output\DCH_septiembre\Bateria_353\Costo_fijo\Carga_libre\Carga_on_board_fixed_3estaciones_P160kW_Descomp/station_3_d152
formulation time: 12.256060600280762
Solving opt model... (Puedes presionar Ctrl+C para detener y guardar la mejor solución actual)
Set parameter OutputFlag to value 1
Set parameter OutputFlag to value 1
Set parameter LogToConsole to value 1
Set parameter MIPGap to value 0.05
Set parameter LogFile to value "C:\Users\TECNO-MASTER\Desktop\Elmo_infrastructure_sizing_NP-\output\DCH_septiembre\Bateria_353\Costo_fijo\Carga_libre\Carga_on_board_fixed_3estaciones_P160kW_Descomp/station_3_d152\gurobi.log"
Set parameter Threads to value 1
Set parameter Heuristics to value 0.5
Set parameter MIPFocus to value 3
Set parameter Presolve to value 2
Set parameter FlowCoverCuts to value 2
Set parameter TimeLimit to value 1200
Gurobi Optimizer version 12.0.3 build v12.0.3rc0 (win64 - Windows 11+.0 (26200.2))

CPU model: Intel(R) Core(TM) i9-14900K, instruction set [SSE2|AVX|AVX2]
Thread count: 24 physical cores, 32 logical processors, using up to 1 threads

Non-default parameters:
TimeLimit  1200
MIPGap  0.05
Heuristics  0.5
MIPFocus  3
FlowCoverCuts  2
Presolve  2
Threads  1

Optimize a model with 22770 rows, 37249 columns and 109786 nonzeros
Model fingerprint: 0xfa809962
Variable types: 17323 continuous, 19926 integer (19925 binary)
Coefficient statistics:
  Matrix range     [1e-01, 2e+02]
  Objective range  [4e-01, 1e+02]
  Bounds range     [1e+00, 2e+00]
  RHS range        [1e+00, 1e+04]

Root relaxation: objective 1.586186e+05, 3966 iterations, 0.20 seconds (0.18 work units)

Root relaxation: objective 1.586186e+05, 3966 iterations, 0.19 seconds (0.18 work units)
Presolve removed 20416 rows and 26952 columns
Presolve time: 0.19s
Presolved: 2354 rows, 10297 columns, 30484 nonzeros
Variable types: 841 continuous, 9456 integer (9456 binary)

Root relaxation: objective 1.590269e+05, 3964 iterations, 0.22 seconds (0.21 work units)
Root relaxation presolved: 2354 rows, 10297 columns, 30484 nonzeros

Presolve removed 20416 rows and 26953 columns
Presolve time: 0.19s
Presolved: 2324 rows, 10296 columns, 30334 nonzeros
Variable types: 840 continuous, 9456 integer (9456 binary)

Root relaxation: objective 1.586186e+05, 4181 iterations, 0.23 seconds (0.22 work units)
Root relaxation presolved: 2324 rows, 10296 columns, 30334 nonzeros

Presolve removed 20416 rows and 26954 columns
Presolve time: 0.19s
Presolved: 2354 rows, 10295 columns, 30478 nonzeros
Variable types: 841 continuous, 9454 integer (9454 binary)
Root relaxation presolved: 2354 rows, 10295 columns, 30478 nonzeros

  [Fase 2 (infra fija)] estacion=station_1 dia=305 -> C:\Users\TECNO-MASTER\Desktop\Elmo_infrastructure_sizing_NP-\output\DCH_septiembre\Bateria_353\Costo_fijo\Carga_libre\Carga_on_board_fixed_3estaciones_P160kW_Descomp/station_1_d305
formulation time: 12.926667928695679
Solving opt model... (Puedes presionar Ctrl+C para detener y guardar la mejor solución actual)
Set parameter OutputFlag to value 1
Set parameter OutputFlag to value 1
Set parameter LogToConsole to value 1
Set parameter MIPGap to value 0.05
  [Fase 2 (infra fija)] estacion=station_2 dia=182 -> C:\Users\TECNO-MASTER\Desktop\Elmo_infrastructure_sizing_NP-\output\DCH_septiembre\Bateria_353\Costo_fijo\Carga_libre\Carga_on_board_fixed_3estaciones_P160kW_Descomp/station_2_d182
formulation time: 12.809616804122925
Solving opt model... (Puedes presionar Ctrl+C para detener y guardar la mejor solución actual)
Set parameter OutputFlag to value 1
Set parameter OutputFlag to value 1
Set parameter LogToConsole to value 1
Set parameter MIPGap to value 0.05
Set parameter LogFile to value "C:\Users\TECNO-MASTER\Desktop\Elmo_infrastructure_sizing_NP-\output\DCH_septiembre\Bateria_353\Costo_fijo\Carga_libre\Carga_on_board_fixed_3estaciones_P160kW_Descomp/station_2_d182\gurobi.log"
Set parameter LogFile to value "C:\Users\TECNO-MASTER\Desktop\Elmo_infrastructure_sizing_NP-\output\DCH_septiembre\Bateria_353\Costo_fijo\Carga_libre\Carga_on_board_fixed_3estaciones_P160kW_Descomp/station_1_d305\gurobi.log"
Set parameter Threads to value 1
Set parameter Heuristics to value 0.5
Set parameter Threads to value 1
Set parameter Heuristics to value 0.5
Set parameter MIPFocus to value 3
Set parameter Presolve to value 2
Set parameter FlowCoverCuts to value 2
Set parameter TimeLimit to value 1200
Set parameter MIPFocus to value 3
Set parameter Presolve to value 2
Set parameter FlowCoverCuts to value 2
Set parameter TimeLimit to value 1200
Gurobi Optimizer version 12.0.3 build v12.0.3rc0 (win64 - Windows 11+.0 (26200.2))

CPU model: Intel(R) Core(TM) i9-14900K, instruction set [SSE2|AVX|AVX2]
Thread count: 24 physical cores, 32 logical processors, using up to 1 threads

Non-default parameters:
TimeLimit  1200
MIPGap  0.05
Heuristics  0.5
MIPFocus  3
FlowCoverCuts  2
Presolve  2
Threads  1

Optimize a model with 22740 rows, 37249 columns and 109724 nonzeros
Model fingerprint: 0x319fcaf5
Variable types: 17323 continuous, 19926 integer (19925 binary)
Gurobi Optimizer version 12.0.3 build v12.0.3rc0 (win64 - Windows 11+.0 (26200.2))

CPU model: Intel(R) Core(TM) i9-14900K, instruction set [SSE2|AVX|AVX2]
Coefficient statistics:
  Matrix range     [1e-01, 2e+02]
Thread count: 24 physical cores, 32 logical processors, using up to 1 threads
  Objective range  [4e-01, 1e+02]

Non-default parameters:
TimeLimit  1200
  Bounds range     [1e+00, 2e+00]
MIPGap  0.05
  RHS range        [1e+00, 1e+04]
Heuristics  0.5
MIPFocus  3
FlowCoverCuts  2
Presolve  2
Threads  1

Optimize a model with 23772 rows, 39247 columns and 115808 nonzeros
Model fingerprint: 0xb0da5987
Variable types: 18325 continuous, 20922 integer (20921 binary)
Coefficient statistics:
  Matrix range     [1e-01, 2e+02]
  Objective range  [4e-01, 1e+02]
  Bounds range     [1e+00, 2e+00]
  RHS range        [1e+00, 1e+04]

Root relaxation: objective 1.586186e+05, 4181 iterations, 0.22 seconds (0.22 work units)

Root relaxation: objective 1.586186e+05, 3966 iterations, 0.20 seconds (0.18 work units)
  [Fase 2 (infra fija)] estacion=station_1 dia=213 -> C:\Users\TECNO-MASTER\Desktop\Elmo_infrastructure_sizing_NP-\output\DCH_septiembre\Bateria_353\Costo_fijo\Carga_libre\Carga_on_board_fixed_3estaciones_P160kW_Descomp/station_1_d213
formulation time: 13.334768056869507
Solving opt model... (Puedes presionar Ctrl+C para detener y guardar la mejor solución actual)
Set parameter OutputFlag to value 1
Set parameter OutputFlag to value 1
Set parameter LogToConsole to value 1
Set parameter MIPGap to value 0.05
Set parameter LogFile to value "C:\Users\TECNO-MASTER\Desktop\Elmo_infrastructure_sizing_NP-\output\DCH_septiembre\Bateria_353\Costo_fijo\Carga_libre\Carga_on_board_fixed_3estaciones_P160kW_Descomp/station_1_d213\gurobi.log"
Set parameter Threads to value 1
Set parameter Heuristics to value 0.5
Set parameter MIPFocus to value 3
Set parameter Presolve to value 2
Set parameter FlowCoverCuts to value 2
Set parameter TimeLimit to value 1200

    Nodes    |    Current Node    |     Objective Bounds      |     Work
 Expl Unexpl |  Obj  Depth IntInf | Incumbent    BestBd   Gap | It/Node Time

     0     0 158618.553    0   29          - 158618.553      -     -    1s
  [Fase 2 (infra fija)] estacion=station_3 dia=1 -> C:\Users\TECNO-MASTER\Desktop\Elmo_infrastructure_sizing_NP-\output\DCH_septiembre\Bateria_353\Costo_fijo\Carga_libre\Carga_on_board_fixed_3estaciones_P160kW_Descomp/station_3_d1
formulation time: 12.817260265350342
Solving opt model... (Puedes presionar Ctrl+C para detener y guardar la mejor solución actual)
Set parameter OutputFlag to value 1
Set parameter OutputFlag to value 1
Set parameter LogToConsole to value 1
Set parameter MIPGap to value 0.05
Set parameter LogFile to value "C:\Users\TECNO-MASTER\Desktop\Elmo_infrastructure_sizing_NP-\output\DCH_septiembre\Bateria_353\Costo_fijo\Carga_libre\Carga_on_board_fixed_3estaciones_P160kW_Descomp/station_3_d1\gurobi.log"
Set parameter Threads to value 1
Set parameter Heuristics to value 0.5
Set parameter MIPFocus to value 3
Set parameter Presolve to value 2
Set parameter FlowCoverCuts to value 2
Set parameter TimeLimit to value 1200
Gurobi Optimizer version 12.0.3 build v12.0.3rc0 (win64 - Windows 11+.0 (26200.2))

CPU model: Intel(R) Core(TM) i9-14900K, instruction set [SSE2|AVX|AVX2]
Thread count: 24 physical cores, 32 logical processors, using up to 1 threads

Non-default parameters:
TimeLimit  1200
MIPGap  0.05
Heuristics  0.5
MIPFocus  3
FlowCoverCuts  2
Presolve  2
Threads  1

Optimize a model with 22770 rows, 37249 columns and 109784 nonzeros
Model fingerprint: 0x400e189a
Variable types: 17323 continuous, 19926 integer (19925 binary)
Coefficient statistics:
  Matrix range     [1e-01, 2e+02]
  Objective range  [4e-01, 1e+02]
  Bounds range     [1e+00, 2e+00]
  RHS range        [1e+00, 1e+04]
Gurobi Optimizer version 12.0.3 build v12.0.3rc0 (win64 - Windows 11+.0 (26200.2))

CPU model: Intel(R) Core(TM) i9-14900K, instruction set [SSE2|AVX|AVX2]
Thread count: 24 physical cores, 32 logical processors, using up to 1 threads

Non-default parameters:
TimeLimit  1200
MIPGap  0.05
Heuristics  0.5
MIPFocus  3
FlowCoverCuts  2
Presolve  2
Threads  1

Optimize a model with 22740 rows, 37249 columns and 109726 nonzeros
Model fingerprint: 0x8ec0e3e6
Variable types: 17323 continuous, 19926 integer (19925 binary)
Coefficient statistics:
  Matrix range     [1e-01, 2e+02]
  Objective range  [4e-01, 1e+02]
  Bounds range     [1e+00, 2e+00]
  RHS range        [1e+00, 1e+04]

    Nodes    |    Current Node    |     Objective Bounds      |     Work
 Expl Unexpl |  Obj  Depth IntInf | Incumbent    BestBd   Gap | It/Node Time

     0     0 158618.553    0   29          - 158618.553      -     -    1s

Root relaxation: objective 1.643546e+05, 4375 iterations, 0.27 seconds (0.24 work units)
  [Fase 2 (infra fija)] estacion=station_1 dia=274 -> C:\Users\TECNO-MASTER\Desktop\Elmo_infrastructure_sizing_NP-\output\DCH_septiembre\Bateria_353\Costo_fijo\Carga_libre\Carga_on_board_fixed_3estaciones_P160kW_Descomp/station_1_d274
formulation time: 12.937827110290527
Solving opt model... (Puedes presionar Ctrl+C para detener y guardar la mejor solución actual)
Set parameter OutputFlag to value 1
Set parameter OutputFlag to value 1
Set parameter LogToConsole to value 1
Set parameter MIPGap to value 0.05
Set parameter LogFile to value "C:\Users\TECNO-MASTER\Desktop\Elmo_infrastructure_sizing_NP-\output\DCH_septiembre\Bateria_353\Costo_fijo\Carga_libre\Carga_on_board_fixed_3estaciones_P160kW_Descomp/station_1_d274\gurobi.log"
Set parameter Threads to value 1
Set parameter Heuristics to value 0.5
Set parameter MIPFocus to value 3
Set parameter Presolve to value 2
Set parameter FlowCoverCuts to value 2
Set parameter TimeLimit to value 1200
  [Fase 2 (infra fija)] estacion=station_3 dia=32 -> C:\Users\TECNO-MASTER\Desktop\Elmo_infrastructure_sizing_NP-\output\DCH_septiembre\Bateria_353\Costo_fijo\Carga_libre\Carga_on_board_fixed_3estaciones_P160kW_Descomp/station_3_d32
formulation time: 12.957779884338379
Solving opt model... (Puedes presionar Ctrl+C para detener y guardar la mejor solución actual)
Set parameter OutputFlag to value 1
Set parameter OutputFlag to value 1
Set parameter LogToConsole to value 1
Set parameter MIPGap to value 0.05
Set parameter LogFile to value "C:\Users\TECNO-MASTER\Desktop\Elmo_infrastructure_sizing_NP-\output\DCH_septiembre\Bateria_353\Costo_fijo\Carga_libre\Carga_on_board_fixed_3estaciones_P160kW_Descomp/station_3_d32\gurobi.log"
Set parameter Threads to value 1
Set parameter Heuristics to value 0.5
Set parameter MIPFocus to value 3
Set parameter Presolve to value 2
Set parameter FlowCoverCuts to value 2
Set parameter TimeLimit to value 1200
Gurobi Optimizer version 12.0.3 build v12.0.3rc0 (win64 - Windows 11+.0 (26200.2))

CPU model: Intel(R) Core(TM) i9-14900K, instruction set [SSE2|AVX|AVX2]
Thread count: 24 physical cores, 32 logical processors, using up to 1 threads

Non-default parameters:
TimeLimit  1200
MIPGap  0.05
Heuristics  0.5
MIPFocus  3
FlowCoverCuts  2
Presolve  2
Threads  1

Optimize a model with 22740 rows, 37249 columns and 109724 nonzeros
Model fingerprint: 0x319fcaf5
Variable types: 17323 continuous, 19926 integer (19925 binary)
Coefficient statistics:
  Matrix range     [1e-01, 2e+02]
  Objective range  [4e-01, 1e+02]
  Bounds range     [1e+00, 2e+00]
  RHS range        [1e+00, 1e+04]
  [Fase 2 (infra fija)] estacion=station_3 dia=121 -> C:\Users\TECNO-MASTER\Desktop\Elmo_infrastructure_sizing_NP-\output\DCH_septiembre\Bateria_353\Costo_fijo\Carga_libre\Carga_on_board_fixed_3estaciones_P160kW_Descomp/station_3_d121
formulation time: 13.116685628890991
Solving opt model... (Puedes presionar Ctrl+C para detener y guardar la mejor solución actual)
Set parameter OutputFlag to value 1
Set parameter OutputFlag to value 1
Set parameter LogToConsole to value 1
Set parameter MIPGap to value 0.05
Set parameter LogFile to value "C:\Users\TECNO-MASTER\Desktop\Elmo_infrastructure_sizing_NP-\output\DCH_septiembre\Bateria_353\Costo_fijo\Carga_libre\Carga_on_board_fixed_3estaciones_P160kW_Descomp/station_3_d121\gurobi.log"
Set parameter Threads to value 1
Set parameter Heuristics to value 0.5
Set parameter MIPFocus to value 3
Set parameter Presolve to value 2
Set parameter FlowCoverCuts to value 2
Set parameter TimeLimit to value 1200
Gurobi Optimizer version 12.0.3 build v12.0.3rc0 (win64 - Windows 11+.0 (26200.2))

CPU model: Intel(R) Core(TM) i9-14900K, instruction set [SSE2|AVX|AVX2]
Thread count: 24 physical cores, 32 logical processors, using up to 1 threads

Non-default parameters:
TimeLimit  1200
MIPGap  0.05
Heuristics  0.5
MIPFocus  3
FlowCoverCuts  2
Presolve  2
Threads  1

Optimize a model with 22740 rows, 37249 columns and 109726 nonzeros
Model fingerprint: 0x8ec0e3e6
Variable types: 17323 continuous, 19926 integer (19925 binary)
Coefficient statistics:
  Matrix range     [1e-01, 2e+02]
  Objective range  [4e-01, 1e+02]
  Bounds range     [1e+00, 2e+00]
  RHS range        [1e+00, 1e+04]
Gurobi Optimizer version 12.0.3 build v12.0.3rc0 (win64 - Windows 11+.0 (26200.2))

CPU model: Intel(R) Core(TM) i9-14900K, instruction set [SSE2|AVX|AVX2]
Thread count: 24 physical cores, 32 logical processors, using up to 1 threads

Non-default parameters:
TimeLimit  1200
MIPGap  0.05
Heuristics  0.5
MIPFocus  3
FlowCoverCuts  2
Presolve  2
Threads  1

Optimize a model with 22770 rows, 37249 columns and 109786 nonzeros
Model fingerprint: 0xfa809962
Variable types: 17323 continuous, 19926 integer (19925 binary)
Coefficient statistics:
  Matrix range     [1e-01, 2e+02]
  Objective range  [4e-01, 1e+02]
  Bounds range     [1e+00, 2e+00]
  RHS range        [1e+00, 1e+04]
Presolve removed 20416 rows and 26953 columns
Presolve time: 0.19s
Presolved: 2324 rows, 10296 columns, 30334 nonzeros
Variable types: 840 continuous, 9456 integer (9456 binary)
Presolve removed 21412 rows and 28434 columns
Presolve time: 0.21s
Presolved: 2360 rows, 10813 columns, 32026 nonzeros
Root relaxation presolved: 2324 rows, 10296 columns, 30334 nonzeros

Variable types: 841 continuous, 9972 integer (9972 binary)
Root relaxation presolved: 2360 rows, 10813 columns, 32026 nonzeros


    Nodes    |    Current Node    |     Objective Bounds      |     Work
 Expl Unexpl |  Obj  Depth IntInf | Incumbent    BestBd   Gap | It/Node Time

     0     0 158618.553    0   22          - 158618.553      -     -    1s
Presolve removed 20416 rows and 26955 columns
Presolve time: 0.19s
Presolved: 2324 rows, 10294 columns, 30328 nonzeros
Presolve removed 20416 rows and 26952 columns
Presolve time: 0.21s
Variable types: 840 continuous, 9454 integer (9454 binary)
Presolved: 2354 rows, 10297 columns, 30484 nonzeros
Variable types: 841 continuous, 9456 integer (9456 binary)
Root relaxation presolved: 2324 rows, 10294 columns, 30328 nonzeros

H    0     0                    158653.18576 158618.553  0.02%     -    1s
Root relaxation presolved: 2354 rows, 10297 columns, 30484 nonzeros


Explored 1 nodes (7893 simplex iterations) in 1.14 seconds (0.86 work units)
Thread count was 1 (of 32 available processors)

Solution count 1: 158653 

Optimal solution found (tolerance 5.00e-02)
Best objective 1.586531857613e+05, best bound 1.586185532752e+05, gap 0.0218%

    Nodes    |    Current Node    |     Objective Bounds      |     Work
 Expl Unexpl |  Obj  Depth IntInf | Incumbent    BestBd   Gap | It/Node Time

     0     0 158618.553    0   22          - 158618.553      -     -    1s
H    0     0                    158653.18576 158618.553  0.02%     -    1s

Explored 1 nodes (7893 simplex iterations) in 1.15 seconds (0.86 work units)
Thread count was 1 (of 32 available processors)

Solution count 1: 158653 

Optimal solution found (tolerance 5.00e-02)
Best objective 1.586531857613e+05, best bound 1.586185532752e+05, gap 0.0218%

    Nodes    |    Current Node    |     Objective Bounds      |     Work
 Expl Unexpl |  Obj  Depth IntInf | Incumbent    BestBd   Gap | It/Node Time

     0     0 159026.864    0   10          - 159026.864      -     -    1s

    Nodes    |    Current Node    |     Objective Bounds      |     Work
 Expl Unexpl |  Obj  Depth IntInf | Incumbent    BestBd   Gap | It/Node Time

     0     0 158618.553    0   22          - 158618.553      -     -    1s
Presolve removed 20416 rows and 26953 columns
Presolve time: 0.21s
Presolved: 2324 rows, 10296 columns, 30334 nonzeros
Variable types: 840 continuous, 9456 integer (9456 binary)
Presolve removed 20416 rows and 26955 columns
Presolve time: 0.21s
Presolve removed 20416 rows and 26954 columns
Presolve time: 0.19s
Presolved: 2324 rows, 10294 columns, 30328 nonzeros
Presolved: 2354 rows, 10295 columns, 30478 nonzeros
Variable types: 840 continuous, 9454 integer (9454 binary)
Variable types: 841 continuous, 9454 integer (9454 binary)
H    0     0                    159046.17900 159026.864  0.01%     -    1s

Root relaxation: objective 1.586186e+05, 3966 iterations, 0.19 seconds (0.18 work units)
Root relaxation presolved: 2324 rows, 10296 columns, 30334 nonzeros


Explored 1 nodes (8958 simplex iterations) in 1.09 seconds (0.84 work units)
Thread count was 1 (of 32 available processors)

Solution count 1: 159046 

Optimal solution found (tolerance 5.00e-02)
Root relaxation presolved: 2324 rows, 10294 columns, 30328 nonzeros

Best objective 1.590461789994e+05, best bound 1.590268641569e+05, gap 0.0121%
H    0     0                    158653.18576 158618.553  0.02%     -    1s

Explored 1 nodes (7893 simplex iterations) in 1.15 seconds (0.86 work units)
Thread count was 1 (of 32 available processors)

Solution count 1: 158653 

Optimal solution found (tolerance 5.00e-02)
Root relaxation presolved: 2354 rows, 10295 columns, 30478 nonzeros

Best objective 1.586531857613e+05, best bound 1.586185532752e+05, gap 0.0218%
     0     0 158621.988    0   27          - 158621.988      -     -    1s
  [Fase 2 (infra fija)] estacion=station_2 dia=305 -> C:\Users\TECNO-MASTER\Desktop\Elmo_infrastructure_sizing_NP-\output\DCH_septiembre\Bateria_353\Costo_fijo\Carga_libre\Carga_on_board_fixed_3estaciones_P160kW_Descomp/station_2_d305
formulation time: 13.086981296539307
Solving opt model... (Puedes presionar Ctrl+C para detener y guardar la mejor solución actual)
Set parameter OutputFlag to value 1
Set parameter OutputFlag to value 1
Set parameter LogToConsole to value 1
Set parameter MIPGap to value 0.05
Set parameter LogFile to value "C:\Users\TECNO-MASTER\Desktop\Elmo_infrastructure_sizing_NP-\output\DCH_septiembre\Bateria_353\Costo_fijo\Carga_libre\Carga_on_board_fixed_3estaciones_P160kW_Descomp/station_2_d305\gurobi.log"
Set parameter Threads to value 1
Set parameter Heuristics to value 0.5
Set parameter MIPFocus to value 3
Set parameter Presolve to value 2
Set parameter FlowCoverCuts to value 2
Set parameter TimeLimit to value 1200

Root relaxation: objective 1.672525e+05, 4141 iterations, 0.25 seconds (0.23 work units)
Gurobi Optimizer version 12.0.3 build v12.0.3rc0 (win64 - Windows 11+.0 (26200.2))

CPU model: Intel(R) Core(TM) i9-14900K, instruction set [SSE2|AVX|AVX2]
Thread count: 24 physical cores, 32 logical processors, using up to 1 threads

Non-default parameters:
TimeLimit  1200
MIPGap  0.05
Heuristics  0.5
MIPFocus  3
FlowCoverCuts  2
Presolve  2
Threads  1

Optimize a model with 23742 rows, 39247 columns and 115748 nonzeros
Model fingerprint: 0xc704600f
Variable types: 18325 continuous, 20922 integer (20921 binary)
Coefficient statistics:
  Matrix range     [1e-01, 2e+02]
  Objective range  [4e-01, 1e+02]
  Bounds range     [1e+00, 2e+00]
  RHS range        [1e+00, 1e+04]
     0     0 158621.988    0   27          - 158621.988      -     -    1s

    Nodes    |    Current Node    |     Objective Bounds      |     Work
 Expl Unexpl |  Obj  Depth IntInf | Incumbent    BestBd   Gap | It/Node Time

     0     0 158618.553    0   29          - 158618.553      -     -    1s

Root relaxation: objective 1.590269e+05, 3964 iterations, 0.26 seconds (0.21 work units)

Root relaxation: objective 1.586186e+05, 4181 iterations, 0.26 seconds (0.22 work units)
  [Fase 2 (infra fija)] estacion=station_2 dia=60 -> C:\Users\TECNO-MASTER\Desktop\Elmo_infrastructure_sizing_NP-\output\DCH_septiembre\Bateria_353\Costo_fijo\Carga_libre\Carga_on_board_fixed_3estaciones_P160kW_Descomp/station_2_d60
formulation time: 13.545499563217163
Solving opt model... (Puedes presionar Ctrl+C para detener y guardar la mejor solución actual)
Set parameter OutputFlag to value 1
Set parameter OutputFlag to value 1
Set parameter LogToConsole to value 1
Set parameter MIPGap to value 0.05
Set parameter LogFile to value "C:\Users\TECNO-MASTER\Desktop\Elmo_infrastructure_sizing_NP-\output\DCH_septiembre\Bateria_353\Costo_fijo\Carga_libre\Carga_on_board_fixed_3estaciones_P160kW_Descomp/station_2_d60\gurobi.log"
Set parameter Threads to value 1
Set parameter Heuristics to value 0.5
Set parameter MIPFocus to value 3
Set parameter Presolve to value 2
Set parameter FlowCoverCuts to value 2
Set parameter TimeLimit to value 1200
Gurobi Optimizer version 12.0.3 build v12.0.3rc0 (win64 - Windows 11+.0 (26200.2))

CPU model: Intel(R) Core(TM) i9-14900K, instruction set [SSE2|AVX|AVX2]
Thread count: 24 physical cores, 32 logical processors, using up to 1 threads

Non-default parameters:
TimeLimit  1200
MIPGap  0.05
Heuristics  0.5
MIPFocus  3
FlowCoverCuts  2
Presolve  2
Threads  1

Optimize a model with 23742 rows, 39247 columns and 115748 nonzeros
Model fingerprint: 0xc704600f
Variable types: 18325 continuous, 20922 integer (20921 binary)
Coefficient statistics:
  Matrix range     [1e-01, 2e+02]
  Objective range  [4e-01, 1e+02]
  Bounds range     [1e+00, 2e+00]
  RHS range        [1e+00, 1e+04]
  [Fase 2 (infra fija)] estacion=station_3 dia=213 -> C:\Users\TECNO-MASTER\Desktop\Elmo_infrastructure_sizing_NP-\output\DCH_septiembre\Bateria_353\Costo_fijo\Carga_libre\Carga_on_board_fixed_3estaciones_P160kW_Descomp/station_3_d213
formulation time: 12.93285322189331
Solving opt model... (Puedes presionar Ctrl+C para detener y guardar la mejor solución actual)
Set parameter OutputFlag to value 1
Set parameter OutputFlag to value 1
Set parameter LogToConsole to value 1
Set parameter MIPGap to value 0.05
Set parameter LogFile to value "C:\Users\TECNO-MASTER\Desktop\Elmo_infrastructure_sizing_NP-\output\DCH_septiembre\Bateria_353\Costo_fijo\Carga_libre\Carga_on_board_fixed_3estaciones_P160kW_Descomp/station_3_d213\gurobi.log"
Set parameter Threads to value 1
Set parameter Heuristics to value 0.5
Set parameter MIPFocus to value 3
Set parameter Presolve to value 2
Set parameter FlowCoverCuts to value 2
Set parameter TimeLimit to value 1200

Root relaxation: objective 1.586186e+05, 3966 iterations, 0.21 seconds (0.18 work units)
Gurobi Optimizer version 12.0.3 build v12.0.3rc0 (win64 - Windows 11+.0 (26200.2))

CPU model: Intel(R) Core(TM) i9-14900K, instruction set [SSE2|AVX|AVX2]
Thread count: 24 physical cores, 32 logical processors, using up to 1 threads

Non-default parameters:
TimeLimit  1200
MIPGap  0.05
Heuristics  0.5
MIPFocus  3
FlowCoverCuts  2
Presolve  2
Threads  1

Optimize a model with 22770 rows, 37249 columns and 109786 nonzeros
Model fingerprint: 0xfa809962
Variable types: 17323 continuous, 19926 integer (19925 binary)
Coefficient statistics:
  Matrix range     [1e-01, 2e+02]
  Objective range  [4e-01, 1e+02]
  Bounds range     [1e+00, 2e+00]
  RHS range        [1e+00, 1e+04]

Root relaxation: objective 1.590269e+05, 3964 iterations, 0.24 seconds (0.21 work units)

    Nodes    |    Current Node    |     Objective Bounds      |     Work
 Expl Unexpl |  Obj  Depth IntInf | Incumbent    BestBd   Gap | It/Node Time

     0     0 158618.553    0   29          - 158618.553      -     -    1s
  [Fase 2 (infra fija)] estacion=station_3 dia=182 -> C:\Users\TECNO-MASTER\Desktop\Elmo_infrastructure_sizing_NP-\output\DCH_septiembre\Bateria_353\Costo_fijo\Carga_libre\Carga_on_board_fixed_3estaciones_P160kW_Descomp/station_3_d182
formulation time: 13.181970596313477
Solving opt model... (Puedes presionar Ctrl+C para detener y guardar la mejor solución actual)
Set parameter OutputFlag to value 1
Set parameter OutputFlag to value 1
Set parameter LogToConsole to value 1
Set parameter MIPGap to value 0.05
Set parameter LogFile to value "C:\Users\TECNO-MASTER\Desktop\Elmo_infrastructure_sizing_NP-\output\DCH_septiembre\Bateria_353\Costo_fijo\Carga_libre\Carga_on_board_fixed_3estaciones_P160kW_Descomp/station_3_d182\gurobi.log"
Set parameter Threads to value 1
Set parameter Heuristics to value 0.5
Set parameter MIPFocus to value 3
Set parameter Presolve to value 2
Set parameter FlowCoverCuts to value 2
Set parameter TimeLimit to value 1200
  [Fase 2 (infra fija)] estacion=station_2 dia=213 -> C:\Users\TECNO-MASTER\Desktop\Elmo_infrastructure_sizing_NP-\output\DCH_septiembre\Bateria_353\Costo_fijo\Carga_libre\Carga_on_board_fixed_3estaciones_P160kW_Descomp/station_2_d213
formulation time: 13.533970355987549
Solving opt model... (Puedes presionar Ctrl+C para detener y guardar la mejor solución actual)
Set parameter OutputFlag to value 1
Set parameter OutputFlag to value 1
Set parameter LogToConsole to value 1
Set parameter MIPGap to value 0.05
Set parameter LogFile to value "C:\Users\TECNO-MASTER\Desktop\Elmo_infrastructure_sizing_NP-\output\DCH_septiembre\Bateria_353\Costo_fijo\Carga_libre\Carga_on_board_fixed_3estaciones_P160kW_Descomp/station_2_d213\gurobi.log"
Set parameter Threads to value 1
Set parameter Heuristics to value 0.5
Set parameter MIPFocus to value 3
Set parameter Presolve to value 2
Set parameter FlowCoverCuts to value 2
Set parameter TimeLimit to value 1200
Gurobi Optimizer version 12.0.3 build v12.0.3rc0 (win64 - Windows 11+.0 (26200.2))

CPU model: Intel(R) Core(TM) i9-14900K, instruction set [SSE2|AVX|AVX2]
Thread count: 24 physical cores, 32 logical processors, using up to 1 threads

Non-default parameters:
TimeLimit  1200
MIPGap  0.05
Heuristics  0.5
MIPFocus  3
FlowCoverCuts  2
Presolve  2
Threads  1

Optimize a model with 22770 rows, 37249 columns and 109786 nonzeros
Model fingerprint: 0xfa809962
Variable types: 17323 continuous, 19926 integer (19925 binary)
Coefficient statistics:
  Matrix range     [1e-01, 2e+02]
  Objective range  [4e-01, 1e+02]
  Bounds range     [1e+00, 2e+00]
  RHS range        [1e+00, 1e+04]
  [Fase 2 (infra fija)] estacion=station_1 dia=182 -> C:\Users\TECNO-MASTER\Desktop\Elmo_infrastructure_sizing_NP-\output\DCH_septiembre\Bateria_353\Costo_fijo\Carga_libre\Carga_on_board_fixed_3estaciones_P160kW_Descomp/station_1_d182
formulation time: 12.825565576553345
Solving opt model... (Puedes presionar Ctrl+C para detener y guardar la mejor solución actual)
Set parameter OutputFlag to value 1
Set parameter OutputFlag to value 1
Set parameter LogToConsole to value 1
Set parameter MIPGap to value 0.05
Set parameter LogFile to value "C:\Users\TECNO-MASTER\Desktop\Elmo_infrastructure_sizing_NP-\output\DCH_septiembre\Bateria_353\Costo_fijo\Carga_libre\Carga_on_board_fixed_3estaciones_P160kW_Descomp/station_1_d182\gurobi.log"
Set parameter Threads to value 1
Set parameter Heuristics to value 0.5
Set parameter MIPFocus to value 3
Set parameter Presolve to value 2
Set parameter FlowCoverCuts to value 2
Set parameter TimeLimit to value 1200

Root relaxation: objective 1.643546e+05, 4375 iterations, 0.28 seconds (0.24 work units)
Gurobi Optimizer version 12.0.3 build v12.0.3rc0 (win64 - Windows 11+.0 (26200.2))

CPU model: Intel(R) Core(TM) i9-14900K, instruction set [SSE2|AVX|AVX2]
Thread count: 24 physical cores, 32 logical processors, using up to 1 threads

Non-default parameters:
TimeLimit  1200
MIPGap  0.05
Heuristics  0.5
MIPFocus  3
FlowCoverCuts  2
Presolve  2
Threads  1

Optimize a model with 23772 rows, 39247 columns and 115808 nonzeros
Model fingerprint: 0xb0da5987
Variable types: 18325 continuous, 20922 integer (20921 binary)
Coefficient statistics:
  Matrix range     [1e-01, 2e+02]
  Objective range  [4e-01, 1e+02]
  Bounds range     [1e+00, 2e+00]
  RHS range        [1e+00, 1e+04]
Gurobi Optimizer version 12.0.3 build v12.0.3rc0 (win64 - Windows 11+.0 (26200.2))

CPU model: Intel(R) Core(TM) i9-14900K, instruction set [SSE2|AVX|AVX2]
Thread count: 24 physical cores, 32 logical processors, using up to 1 threads

Non-default parameters:
TimeLimit  1200
MIPGap  0.05
Heuristics  0.5
MIPFocus  3
FlowCoverCuts  2
Presolve  2
Threads  1

Optimize a model with 22770 rows, 37249 columns and 109784 nonzeros

    Nodes    |    Current Node    |     Objective Bounds      |     Work
 Expl Unexpl |  Obj  Depth IntInf | Incumbent    BestBd   Gap | It/Node Time

     0     0 158618.553    0   22          - 158618.553      -     -    1s
Model fingerprint: 0x400e189a
Variable types: 17323 continuous, 19926 integer (19925 binary)
Coefficient statistics:
  Matrix range     [1e-01, 2e+02]
  Objective range  [4e-01, 1e+02]
  Bounds range     [1e+00, 2e+00]
  RHS range        [1e+00, 1e+04]
  [Fase 2 (infra fija)] estacion=station_2 dia=335 -> C:\Users\TECNO-MASTER\Desktop\Elmo_infrastructure_sizing_NP-\output\DCH_septiembre\Bateria_353\Costo_fijo\Carga_libre\Carga_on_board_fixed_3estaciones_P160kW_Descomp/station_2_d335
formulation time: 12.788203239440918
Solving opt model... (Puedes presionar Ctrl+C para detener y guardar la mejor solución actual)
Set parameter OutputFlag to value 1
  [Fase 2 (infra fija)] estacion=station_2 dia=1 -> C:\Users\TECNO-MASTER\Desktop\Elmo_infrastructure_sizing_NP-\output\DCH_septiembre\Bateria_353\Costo_fijo\Carga_libre\Carga_on_board_fixed_3estaciones_P160kW_Descomp/station_2_d1
formulation time: 13.444646835327148
Solving opt model... (Puedes presionar Ctrl+C para detener y guardar la mejor solución actual)
Set parameter OutputFlag to value 1
Set parameter OutputFlag to value 1
Set parameter OutputFlag to value 1
Set parameter LogToConsole to value 1
Set parameter LogToConsole to value 1
Set parameter MIPGap to value 0.05
Set parameter MIPGap to value 0.05
Set parameter LogFile to value "C:\Users\TECNO-MASTER\Desktop\Elmo_infrastructure_sizing_NP-\output\DCH_septiembre\Bateria_353\Costo_fijo\Carga_libre\Carga_on_board_fixed_3estaciones_P160kW_Descomp/station_2_d1\gurobi.log"
Set parameter Threads to value 1
Set parameter LogFile to value "C:\Users\TECNO-MASTER\Desktop\Elmo_infrastructure_sizing_NP-\output\DCH_septiembre\Bateria_353\Costo_fijo\Carga_libre\Carga_on_board_fixed_3estaciones_P160kW_Descomp/station_2_d335\gurobi.log"
Set parameter Heuristics to value 0.5
Set parameter MIPFocus to value 3
Set parameter Presolve to value 2
Set parameter Threads to value 1
Set parameter FlowCoverCuts to value 2
Set parameter TimeLimit to value 1200
Set parameter Heuristics to value 0.5
Set parameter MIPFocus to value 3
Set parameter Presolve to value 2
Set parameter FlowCoverCuts to value 2
Set parameter TimeLimit to value 1200
Presolve removed 21412 rows and 28435 columns
Presolve time: 0.21s
Presolved: 2330 rows, 10812 columns, 31876 nonzeros
Variable types: 840 continuous, 9972 integer (9972 binary)
Gurobi Optimizer version 12.0.3 build v12.0.3rc0 (win64 - Windows 11+.0 (26200.2))
Gurobi Optimizer version 12.0.3 build v12.0.3rc0 (win64 - Windows 11+.0 (26200.2))

CPU model: Intel(R) Core(TM) i9-14900K, instruction set [SSE2|AVX|AVX2]

CPU model: Intel(R) Core(TM) i9-14900K, instruction set [SSE2|AVX|AVX2]
Thread count: 24 physical cores, 32 logical processors, using up to 1 threads
Thread count: 24 physical cores, 32 logical processors, using up to 1 threads


Non-default parameters:
Non-default parameters:
TimeLimit  1200
TimeLimit  1200
MIPGap  0.05
MIPGap  0.05
Heuristics  0.5
Heuristics  0.5
MIPFocus  3
MIPFocus  3
FlowCoverCuts  2
FlowCoverCuts  2
Presolve  2
Presolve  2
Threads  1
Threads  1


Optimize a model with 23742 rows, 39247 columns and 115748 nonzeros
Optimize a model with 23742 rows, 39247 columns and 115748 nonzeros
Model fingerprint: 0xc704600f
Model fingerprint: 0xc704600f
Variable types: 18325 continuous, 20922 integer (20921 binary)
Variable types: 18325 continuous, 20922 integer (20921 binary)
Coefficient statistics:
  Matrix range     [1e-01, 2e+02]
Coefficient statistics:
  Objective range  [4e-01, 1e+02]
  Matrix range     [1e-01, 2e+02]
  Bounds range     [1e+00, 2e+00]
  Objective range  [4e-01, 1e+02]
  RHS range        [1e+00, 1e+04]
  Bounds range     [1e+00, 2e+00]
  RHS range        [1e+00, 1e+04]
H    0     0                    158653.18576 158618.553  0.02%     -    1s
Root relaxation presolved: 2330 rows, 10812 columns, 31876 nonzeros


Explored 1 nodes (7893 simplex iterations) in 1.17 seconds (0.86 work units)
Thread count was 1 (of 32 available processors)

Solution count 1: 158653 

Optimal solution found (tolerance 5.00e-02)
Best objective 1.586531857613e+05, best bound 1.586185532752e+05, gap 0.0218%
Presolve removed 21412 rows and 28435 columns
Presolve time: 0.23s
Presolved: 2330 rows, 10812 columns, 31876 nonzeros
Variable types: 840 continuous, 9972 integer (9972 binary)
Root relaxation presolved: 2330 rows, 10812 columns, 31876 nonzeros

Presolve removed 20416 rows and 26954 columns
Presolve time: 0.19s
Presolved: 2354 rows, 10295 columns, 30478 nonzeros
Variable types: 841 continuous, 9454 integer (9454 binary)
Root relaxation presolved: 2354 rows, 10295 columns, 30478 nonzeros

     0     0 158621.988    0    8          - 158621.988      -     -    1s
H    0     0                    158621.98764 158621.988  0.00%     -    2s

Cutting planes:
  Gomory: 9
  Cover: 1
  Zero half: 15
  RLT: 1
Presolve removed 20416 rows and 26954 columns
Presolve time: 0.22s
Presolved: 2354 rows, 10295 columns, 30478 nonzeros

Explored 1 nodes (10236 simplex iterations) in 2.02 seconds (1.61 work units)
Thread count was 1 (of 32 available processors)

Solution count 1: 158622 

Optimal solution found (tolerance 5.00e-02)
Best objective 1.586219876418e+05, best bound 1.586219876418e+05, gap 0.0000%
Variable types: 841 continuous, 9454 integer (9454 binary)
Presolve removed 20416 rows and 26952 columns
Presolve time: 0.20s
Presolve removed 21412 rows and 28434 columns
Presolve time: 0.21s
Presolved: 2354 rows, 10297 columns, 30484 nonzeros
Presolved: 2360 rows, 10813 columns, 32026 nonzeros
Variable types: 841 continuous, 9456 integer (9456 binary)
Variable types: 841 continuous, 9972 integer (9972 binary)
  [Fase 2 (infra fija)] estacion=station_2 dia=32 -> C:\Users\TECNO-MASTER\Desktop\Elmo_infrastructure_sizing_NP-\output\DCH_septiembre\Bateria_353\Costo_fijo\Carga_libre\Carga_on_board_fixed_3estaciones_P160kW_Descomp/station_2_d32
formulation time: 13.508218050003052
Solving opt model... (Puedes presionar Ctrl+C para detener y guardar la mejor solución actual)
Set parameter OutputFlag to value 1
Set parameter OutputFlag to value 1
Set parameter LogToConsole to value 1
Set parameter MIPGap to value 0.05
Set parameter LogFile to value "C:\Users\TECNO-MASTER\Desktop\Elmo_infrastructure_sizing_NP-\output\DCH_septiembre\Bateria_353\Costo_fijo\Carga_libre\Carga_on_board_fixed_3estaciones_P160kW_Descomp/station_2_d32\gurobi.log"
Set parameter Threads to value 1
Set parameter Heuristics to value 0.5
Set parameter MIPFocus to value 3
Set parameter Presolve to value 2
Set parameter FlowCoverCuts to value 2
Set parameter TimeLimit to value 1200
     0     0 158621.988    0    8          - 158621.988      -     -    1s
Root relaxation presolved: 2354 rows, 10295 columns, 30478 nonzeros

Root relaxation presolved: 2360 rows, 10813 columns, 32026 nonzeros

Gurobi Optimizer version 12.0.3 build v12.0.3rc0 (win64 - Windows 11+.0 (26200.2))

CPU model: Intel(R) Core(TM) i9-14900K, instruction set [SSE2|AVX|AVX2]
Thread count: 24 physical cores, 32 logical processors, using up to 1 threads

Non-default parameters:
TimeLimit  1200
MIPGap  0.05
Heuristics  0.5
MIPFocus  3
FlowCoverCuts  2
Presolve  2
Threads  1

Optimize a model with 23742 rows, 39247 columns and 115748 nonzeros
Root relaxation presolved: 2354 rows, 10297 columns, 30484 nonzeros

Model fingerprint: 0xc704600f
Variable types: 18325 continuous, 20922 integer (20921 binary)
Coefficient statistics:
  Matrix range     [1e-01, 2e+02]
  Objective range  [4e-01, 1e+02]
  Bounds range     [1e+00, 2e+00]
  RHS range        [1e+00, 1e+04]

Root relaxation: objective 1.591204e+05, 3919 iterations, 0.22 seconds (0.21 work units)
Presolve removed 21412 rows and 28435 columns
Presolve time: 0.21s
H    0     0                    158621.98764 158621.988  0.00%     -    2s
Presolved: 2330 rows, 10812 columns, 31876 nonzeros

Cutting planes:
  Gomory: 9
  Cover: 1
  Zero half: 15
  RLT: 1
Presolve removed 21412 rows and 28435 columns
Presolve time: 0.22s
     0     0 158621.988    0   27          - 158621.988      -     -    1s
Presolved: 2330 rows, 10812 columns, 31876 nonzeros
Variable types: 840 continuous, 9972 integer (9972 binary)

Explored 1 nodes (10236 simplex iterations) in 2.01 seconds (1.61 work units)
Thread count was 1 (of 32 available processors)

Solution count 1: 158622 

Optimal solution found (tolerance 5.00e-02)
Best objective 1.586219876418e+05, best bound 1.586219876418e+05, gap 0.0000%
Variable types: 840 continuous, 9972 integer (9972 binary)
Root relaxation presolved: 2330 rows, 10812 columns, 31876 nonzeros

Root relaxation presolved: 2330 rows, 10812 columns, 31876 nonzeros


    Nodes    |    Current Node    |     Objective Bounds      |     Work
 Expl Unexpl |  Obj  Depth IntInf | Incumbent    BestBd   Gap | It/Node Time

     0     0 164354.595    0   51          - 164354.595      -     -    1s

    Nodes    |    Current Node    |     Objective Bounds      |     Work
 Expl Unexpl |  Obj  Depth IntInf | Incumbent    BestBd   Gap | It/Node Time

     0     0 158618.553    0   22          - 158618.553      -     -    1s
     0     0 158621.988    0   27          - 158621.988      -     -    1s

Root relaxation: objective 1.591204e+05, 3919 iterations, 0.25 seconds (0.21 work units)
H    0     0                    173462.69913 164354.595  5.25%     -    1s
H    0     0                    158653.18576 158618.553  0.02%     -    1s

Explored 1 nodes (7893 simplex iterations) in 1.13 seconds (0.86 work units)
Thread count was 1 (of 32 available processors)

Solution count 1: 158653 

Optimal solution found (tolerance 5.00e-02)
Best objective 1.586531857613e+05, best bound 1.586185532752e+05, gap 0.0218%

Root relaxation: objective 1.643546e+05, 4375 iterations, 0.26 seconds (0.24 work units)

    Nodes    |    Current Node    |     Objective Bounds      |     Work
 Expl Unexpl |  Obj  Depth IntInf | Incumbent    BestBd   Gap | It/Node Time

     0     0 159026.864    0   10          - 159026.864      -     -    1s
H    0     0                    172501.57646 164354.595  4.72%     -    1s

Explored 1 nodes (8077 simplex iterations) in 1.50 seconds (1.06 work units)
Thread count was 1 (of 32 available processors)

Solution count 2: 172502 173463 

Optimal solution found (tolerance 5.00e-02)
Best objective 1.725015764561e+05, best bound 1.643545954707e+05, gap 4.7228%

Root relaxation: objective 1.672525e+05, 4141 iterations, 0.22 seconds (0.23 work units)
H    0     0                    159046.17900 159026.864  0.01%     -    1s

Explored 1 nodes (8958 simplex iterations) in 1.12 seconds (0.84 work units)
Thread count was 1 (of 32 available processors)

Solution count 1: 159046 

Optimal solution found (tolerance 5.00e-02)
Best objective 1.590461789994e+05, best bound 1.590268641569e+05, gap 0.0121%

    Nodes    |    Current Node    |     Objective Bounds      |     Work
 Expl Unexpl |  Obj  Depth IntInf | Incumbent    BestBd   Gap | It/Node Time

     0     0 158618.553    0   29          - 158618.553      -     -    1s
Presolve removed 21412 rows and 28435 columns
Presolve time: 0.22s
Presolved: 2330 rows, 10812 columns, 31876 nonzeros
Variable types: 840 continuous, 9972 integer (9972 binary)

    Nodes    |    Current Node    |     Objective Bounds      |     Work
 Expl Unexpl |  Obj  Depth IntInf | Incumbent    BestBd   Gap | It/Node Time

     0     0 159026.864    0   10          - 159026.864      -     -    1s

Root relaxation: objective 1.643546e+05, 4375 iterations, 0.27 seconds (0.24 work units)
  [Fase 2 (infra fija)] estacion=station_3 dia=91 -> C:\Users\TECNO-MASTER\Desktop\Elmo_infrastructure_sizing_NP-\output\DCH_septiembre\Bateria_353\Costo_fijo\Carga_libre\Carga_on_board_fixed_3estaciones_P160kW_Descomp/station_3_d91
formulation time: 12.749927043914795
Solving opt model... (Puedes presionar Ctrl+C para detener y guardar la mejor solución actual)
Set parameter OutputFlag to value 1
Set parameter OutputFlag to value 1
Set parameter LogToConsole to value 1
Set parameter MIPGap to value 0.05

Root relaxation: objective 1.586186e+05, 4181 iterations, 0.27 seconds (0.22 work units)
Set parameter LogFile to value "C:\Users\TECNO-MASTER\Desktop\Elmo_infrastructure_sizing_NP-\output\DCH_septiembre\Bateria_353\Costo_fijo\Carga_libre\Carga_on_board_fixed_3estaciones_P160kW_Descomp/station_3_d91\gurobi.log"
Set parameter Threads to value 1
Set parameter Heuristics to value 0.5
Set parameter MIPFocus to value 3
Set parameter Presolve to value 2
Set parameter FlowCoverCuts to value 2
Set parameter TimeLimit to value 1200

Root relaxation: objective 1.591204e+05, 3919 iterations, 0.23 seconds (0.21 work units)
Root relaxation presolved: 2330 rows, 10812 columns, 31876 nonzeros

Gurobi Optimizer version 12.0.3 build v12.0.3rc0 (win64 - Windows 11+.0 (26200.2))

CPU model: Intel(R) Core(TM) i9-14900K, instruction set [SSE2|AVX|AVX2]
Thread count: 24 physical cores, 32 logical processors, using up to 1 threads

Non-default parameters:
TimeLimit  1200
MIPGap  0.05
Heuristics  0.5
MIPFocus  3
FlowCoverCuts  2
Presolve  2
Threads  1

Optimize a model with 22770 rows, 37249 columns and 109786 nonzeros
Model fingerprint: 0xfa809962
Variable types: 17323 continuous, 19926 integer (19925 binary)
H    0     0                    159046.17900 159026.864  0.01%     -    1s
Coefficient statistics:
  Matrix range     [1e-01, 2e+02]
  Objective range  [4e-01, 1e+02]
  Bounds range     [1e+00, 2e+00]
  RHS range        [1e+00, 1e+04]

Explored 1 nodes (8958 simplex iterations) in 1.08 seconds (0.84 work units)
Thread count was 1 (of 32 available processors)

Solution count 1: 159046 

Optimal solution found (tolerance 5.00e-02)
Best objective 1.590461789994e+05, best bound 1.590268641569e+05, gap 0.0121%

    Nodes    |    Current Node    |     Objective Bounds      |     Work
 Expl Unexpl |  Obj  Depth IntInf | Incumbent    BestBd   Gap | It/Node Time

     0     0 158618.553    0   22          - 158618.553      -     -    1s

Root relaxation: objective 1.591204e+05, 3919 iterations, 0.25 seconds (0.21 work units)
H    0     0                    158653.18576 158618.553  0.02%     -    1s

Explored 1 nodes (7893 simplex iterations) in 1.13 seconds (0.86 work units)
Thread count was 1 (of 32 available processors)

Solution count 1: 158653 

Optimal solution found (tolerance 5.00e-02)
Best objective 1.586531857613e+05, best bound 1.586185532752e+05, gap 0.0218%
  [Fase 2 (infra fija)] estacion=station_2 dia=152 -> C:\Users\TECNO-MASTER\Desktop\Elmo_infrastructure_sizing_NP-\output\DCH_septiembre\Bateria_353\Costo_fijo\Carga_libre\Carga_on_board_fixed_3estaciones_P160kW_Descomp/station_2_d152
formulation time: 13.645994663238525
Solving opt model... (Puedes presionar Ctrl+C para detener y guardar la mejor solución actual)
Set parameter OutputFlag to value 1
Set parameter OutputFlag to value 1
Set parameter LogToConsole to value 1
Set parameter MIPGap to value 0.05
  [Fase 2 (infra fija)] estacion=station_2 dia=91 -> C:\Users\TECNO-MASTER\Desktop\Elmo_infrastructure_sizing_NP-\output\DCH_septiembre\Bateria_353\Costo_fijo\Carga_libre\Carga_on_board_fixed_3estaciones_P160kW_Descomp/station_2_d91
formulation time: 13.60502028465271
Solving opt model... (Puedes presionar Ctrl+C para detener y guardar la mejor solución actual)
Set parameter OutputFlag to value 1
Set parameter OutputFlag to value 1
Set parameter LogToConsole to value 1
Set parameter MIPGap to value 0.05
Set parameter LogFile to value "C:\Users\TECNO-MASTER\Desktop\Elmo_infrastructure_sizing_NP-\output\DCH_septiembre\Bateria_353\Costo_fijo\Carga_libre\Carga_on_board_fixed_3estaciones_P160kW_Descomp/station_2_d152\gurobi.log"
Set parameter LogFile to value "C:\Users\TECNO-MASTER\Desktop\Elmo_infrastructure_sizing_NP-\output\DCH_septiembre\Bateria_353\Costo_fijo\Carga_libre\Carga_on_board_fixed_3estaciones_P160kW_Descomp/station_2_d91\gurobi.log"
Set parameter Threads to value 1
Set parameter Threads to value 1
Set parameter Heuristics to value 0.5
Set parameter MIPFocus to value 3
Set parameter Presolve to value 2
Set parameter Heuristics to value 0.5
Set parameter FlowCoverCuts to value 2
Set parameter MIPFocus to value 3
Set parameter Presolve to value 2
Set parameter TimeLimit to value 1200
Set parameter FlowCoverCuts to value 2
Set parameter TimeLimit to value 1200
Gurobi Optimizer version 12.0.3 build v12.0.3rc0 (win64 - Windows 11+.0 (26200.2))

CPU model: Intel(R) Core(TM) i9-14900K, instruction set [SSE2|AVX|AVX2]
Thread count: 24 physical cores, 32 logical processors, using up to 1 threads

Non-default parameters:
TimeLimit  1200
MIPGap  0.05
Heuristics  0.5
MIPFocus  3
FlowCoverCuts  2
Presolve  2
Threads  1

Optimize a model with 23772 rows, 39247 columns and 115808 nonzeros
Model fingerprint: 0xb0da5987
Variable types: 18325 continuous, 20922 integer (20921 binary)
Coefficient statistics:
  Matrix range     [1e-01, 2e+02]
  Objective range  [4e-01, 1e+02]
  Bounds range     [1e+00, 2e+00]
  RHS range        [1e+00, 1e+04]
Gurobi Optimizer version 12.0.3 build v12.0.3rc0 (win64 - Windows 11+.0 (26200.2))

CPU model: Intel(R) Core(TM) i9-14900K, instruction set [SSE2|AVX|AVX2]
Thread count: 24 physical cores, 32 logical processors, using up to 1 threads

Non-default parameters:
TimeLimit  1200
MIPGap  0.05
Heuristics  0.5
MIPFocus  3
FlowCoverCuts  2
Presolve  2
Threads  1

Optimize a model with 23772 rows, 39247 columns and 115808 nonzeros
Model fingerprint: 0xb0da5987
Variable types: 18325 continuous, 20922 integer (20921 binary)
Coefficient statistics:
  Matrix range     [1e-01, 2e+02]
  Objective range  [4e-01, 1e+02]
  Bounds range     [1e+00, 2e+00]
  RHS range        [1e+00, 1e+04]
     0     0 158621.988    0    8          - 158621.988      -     -    2s
H    0     0                    158621.98764 158621.988  0.00%     -    2s

Cutting planes:
  Gomory: 9
  Cover: 1
  Zero half: 15
  RLT: 1

Explored 1 nodes (10236 simplex iterations) in 2.07 seconds (1.61 work units)
Thread count was 1 (of 32 available processors)

Solution count 1: 158622 

Optimal solution found (tolerance 5.00e-02)
Best objective 1.586219876418e+05, best bound 1.586219876418e+05, gap 0.0000%

    Nodes    |    Current Node    |     Objective Bounds      |     Work
 Expl Unexpl |  Obj  Depth IntInf | Incumbent    BestBd   Gap | It/Node Time

     0     0 167252.549    0   47          - 167252.549      -     -    1s

Root relaxation: objective 1.591204e+05, 3919 iterations, 0.25 seconds (0.21 work units)
Presolve removed 20416 rows and 26954 columns
Presolve time: 0.21s
Presolved: 2354 rows, 10295 columns, 30478 nonzeros
Variable types: 841 continuous, 9454 integer (9454 binary)
     0     0 158621.988    0    8          - 158621.988      -     -    1s
H    0     0                    171882.42144 167252.549  2.69%     -    1s
Root relaxation presolved: 2354 rows, 10295 columns, 30478 nonzeros


Explored 1 nodes (7872 simplex iterations) in 1.51 seconds (1.06 work units)
Thread count was 1 (of 32 available processors)

Solution count 1: 171882 

Optimal solution found (tolerance 5.00e-02)
Best objective 1.718824214435e+05, best bound 1.672525487022e+05, gap 2.6936%
H    0     0                    158621.98764 158621.988  0.00%     -    1s

Cutting planes:
  Gomory: 9
  Cover: 1
  Zero half: 15
  RLT: 1

Explored 1 nodes (10236 simplex iterations) in 1.97 seconds (1.61 work units)
Thread count was 1 (of 32 available processors)

Solution count 1: 158622 

Optimal solution found (tolerance 5.00e-02)
Best objective 1.586219876418e+05, best bound 1.586219876418e+05, gap 0.0000%

    Nodes    |    Current Node    |     Objective Bounds      |     Work
 Expl Unexpl |  Obj  Depth IntInf | Incumbent    BestBd   Gap | It/Node Time

     0     0 159120.368    0   10          - 159120.368      -     -    1s
Presolve removed 21412 rows and 28434 columns
Presolve time: 0.21s
Presolved: 2360 rows, 10813 columns, 32026 nonzeros
Variable types: 841 continuous, 9972 integer (9972 binary)
H    0     0                    159126.48593 159120.368  0.00%     -    1s

Explored 1 nodes (8680 simplex iterations) in 1.09 seconds (0.88 work units)
Thread count was 1 (of 32 available processors)

Solution count 1: 159126 

Optimal solution found (tolerance 5.00e-02)
Best objective 1.591264859324e+05, best bound 1.591203675183e+05, gap 0.0038%
Presolve removed 21412 rows and 28434 columns
Presolve time: 0.25s
Presolved: 2360 rows, 10813 columns, 32026 nonzeros
Root relaxation presolved: 2360 rows, 10813 columns, 32026 nonzeros

Variable types: 841 continuous, 9972 integer (9972 binary)
Root relaxation presolved: 2360 rows, 10813 columns, 32026 nonzeros


    Nodes    |    Current Node    |     Objective Bounds      |     Work
 Expl Unexpl |  Obj  Depth IntInf | Incumbent    BestBd   Gap | It/Node Time

     0     0 164354.595    0   51          - 164354.595      -     -    1s
     0     0 158621.988    0   27          - 158621.988      -     -    1s
H    0     0                    173462.69913 164354.595  5.25%     -    1s
H    0     0                    172501.57646 164354.595  4.72%     -    1s

Explored 1 nodes (8077 simplex iterations) in 1.54 seconds (1.06 work units)
Thread count was 1 (of 32 available processors)

Solution count 2: 172502 173463 

Optimal solution found (tolerance 5.00e-02)
Best objective 1.725015764561e+05, best bound 1.643545954707e+05, gap 4.7228%

Root relaxation: objective 1.643546e+05, 4375 iterations, 0.26 seconds (0.24 work units)

    Nodes    |    Current Node    |     Objective Bounds      |     Work
 Expl Unexpl |  Obj  Depth IntInf | Incumbent    BestBd   Gap | It/Node Time

     0     0 159120.368    0   10          - 159120.368      -     -    1s
  [Fase 2 (infra fija)] estacion=station_2 dia=274 -> C:\Users\TECNO-MASTER\Desktop\Elmo_infrastructure_sizing_NP-\output\DCH_septiembre\Bateria_353\Costo_fijo\Carga_libre\Carga_on_board_fixed_3estaciones_P160kW_Descomp/station_2_d274
formulation time: 13.597443103790283
Solving opt model... (Puedes presionar Ctrl+C para detener y guardar la mejor solución actual)
Set parameter OutputFlag to value 1
Set parameter OutputFlag to value 1
Set parameter LogToConsole to value 1
Set parameter MIPGap to value 0.05
Set parameter LogFile to value "C:\Users\TECNO-MASTER\Desktop\Elmo_infrastructure_sizing_NP-\output\DCH_septiembre\Bateria_353\Costo_fijo\Carga_libre\Carga_on_board_fixed_3estaciones_P160kW_Descomp/station_2_d274\gurobi.log"
Set parameter Threads to value 1
Set parameter Heuristics to value 0.5
Set parameter MIPFocus to value 3
Set parameter Presolve to value 2
Set parameter FlowCoverCuts to value 2
Set parameter TimeLimit to value 1200
Gurobi Optimizer version 12.0.3 build v12.0.3rc0 (win64 - Windows 11+.0 (26200.2))

CPU model: Intel(R) Core(TM) i9-14900K, instruction set [SSE2|AVX|AVX2]
Thread count: 24 physical cores, 32 logical processors, using up to 1 threads

Non-default parameters:
TimeLimit  1200
MIPGap  0.05
Heuristics  0.5
MIPFocus  3
FlowCoverCuts  2
Presolve  2
Threads  1

Optimize a model with 23742 rows, 39247 columns and 115748 nonzeros
Model fingerprint: 0xc704600f
Variable types: 18325 continuous, 20922 integer (20921 binary)
Coefficient statistics:
  Matrix range     [1e-01, 2e+02]
  Objective range  [4e-01, 1e+02]
  Bounds range     [1e+00, 2e+00]
  RHS range        [1e+00, 1e+04]
H    0     0                    159126.48593 159120.368  0.00%     -    1s

Explored 1 nodes (8680 simplex iterations) in 1.23 seconds (0.88 work units)
Thread count was 1 (of 32 available processors)

Solution count 1: 159126 

Optimal solution found (tolerance 5.00e-02)
Best objective 1.591264859324e+05, best bound 1.591203675183e+05, gap 0.0038%

Root relaxation: objective 1.672525e+05, 4141 iterations, 0.23 seconds (0.23 work units)

    Nodes    |    Current Node    |     Objective Bounds      |     Work
 Expl Unexpl |  Obj  Depth IntInf | Incumbent    BestBd   Gap | It/Node Time

     0     0 158618.553    0   29          - 158618.553      -     -    1s

    Nodes    |    Current Node    |     Objective Bounds      |     Work
 Expl Unexpl |  Obj  Depth IntInf | Incumbent    BestBd   Gap | It/Node Time

     0     0 159120.368    0   10          - 159120.368      -     -    1s

Root relaxation: objective 1.672525e+05, 4141 iterations, 0.27 seconds (0.23 work units)

    Nodes    |    Current Node    |     Objective Bounds      |     Work
 Expl Unexpl |  Obj  Depth IntInf | Incumbent    BestBd   Gap | It/Node Time

     0     0 159120.368    0   10          - 159120.368      -     -    1s
H    0     0                    159126.48593 159120.368  0.00%     -    1s
  [Fase 2 (infra fija)] estacion=station_2 dia=244 -> C:\Users\TECNO-MASTER\Desktop\Elmo_infrastructure_sizing_NP-\output\DCH_septiembre\Bateria_353\Costo_fijo\Carga_libre\Carga_on_board_fixed_3estaciones_P160kW_Descomp/station_2_d244
formulation time: 13.395441055297852
Solving opt model... (Puedes presionar Ctrl+C para detener y guardar la mejor solución actual)
Set parameter OutputFlag to value 1
Set parameter OutputFlag to value 1
Set parameter LogToConsole to value 1
Set parameter MIPGap to value 0.05
Set parameter LogFile to value "C:\Users\TECNO-MASTER\Desktop\Elmo_infrastructure_sizing_NP-\output\DCH_septiembre\Bateria_353\Costo_fijo\Carga_libre\Carga_on_board_fixed_3estaciones_P160kW_Descomp/station_2_d244\gurobi.log"
Set parameter Threads to value 1
Set parameter Heuristics to value 0.5
Set parameter MIPFocus to value 3
Set parameter Presolve to value 2
  [Fase 2 (infra fija)] estacion=station_2 dia=121 -> C:\Users\TECNO-MASTER\Desktop\Elmo_infrastructure_sizing_NP-\output\DCH_septiembre\Bateria_353\Costo_fijo\Carga_libre\Carga_on_board_fixed_3estaciones_P160kW_Descomp/station_2_d121
formulation time: 13.212840557098389
Solving opt model... (Puedes presionar Ctrl+C para detener y guardar la mejor solución actual)
Set parameter OutputFlag to value 1
Set parameter FlowCoverCuts to value 2
Set parameter OutputFlag to value 1
Set parameter TimeLimit to value 1200
Set parameter LogToConsole to value 1
Set parameter MIPGap to value 0.05
Set parameter LogFile to value "C:\Users\TECNO-MASTER\Desktop\Elmo_infrastructure_sizing_NP-\output\DCH_septiembre\Bateria_353\Costo_fijo\Carga_libre\Carga_on_board_fixed_3estaciones_P160kW_Descomp/station_2_d121\gurobi.log"
Set parameter Threads to value 1
Set parameter Heuristics to value 0.5
Set parameter MIPFocus to value 3
Set parameter Presolve to value 2

Explored 1 nodes (8680 simplex iterations) in 1.19 seconds (0.88 work units)
Thread count was 1 (of 32 available processors)

Set parameter FlowCoverCuts to value 2
Solution count 1: 159126 

Optimal solution found (tolerance 5.00e-02)
Set parameter TimeLimit to value 1200
Best objective 1.591264859324e+05, best bound 1.591203675183e+05, gap 0.0038%
H    0     0                    159126.48593 159120.368  0.00%     -    1s
Gurobi Optimizer version 12.0.3 build v12.0.3rc0 (win64 - Windows 11+.0 (26200.2))

CPU model: Intel(R) Core(TM) i9-14900K, instruction set [SSE2|AVX|AVX2]
Thread count: 24 physical cores, 32 logical processors, using up to 1 threads

Non-default parameters:
TimeLimit  1200
MIPGap  0.05
Heuristics  0.5
MIPFocus  3
FlowCoverCuts  2
Presolve  2
Threads  1

Optimize a model with 23772 rows, 39247 columns and 115808 nonzeros
Gurobi Optimizer version 12.0.3 build v12.0.3rc0 (win64 - Windows 11+.0 (26200.2))

CPU model: Intel(R) Core(TM) i9-14900K, instruction set [SSE2|AVX|AVX2]
Model fingerprint: 0xb0da5987
Variable types: 18325 continuous, 20922 integer (20921 binary)
Thread count: 24 physical cores, 32 logical processors, using up to 1 threads

Non-default parameters:
TimeLimit  1200
MIPGap  0.05
Coefficient statistics:
Heuristics  0.5
  Matrix range     [1e-01, 2e+02]
MIPFocus  3
  Objective range  [4e-01, 1e+02]
FlowCoverCuts  2
  Bounds range     [1e+00, 2e+00]
Presolve  2
Threads  1
  RHS range        [1e+00, 1e+04]

Optimize a model with 23772 rows, 39247 columns and 115808 nonzeros
Model fingerprint: 0xb0da5987

Variable types: 18325 continuous, 20922 integer (20921 binary)
Explored 1 nodes (8680 simplex iterations) in 1.22 seconds (0.88 work units)
Thread count was 1 (of 32 available processors)

Solution count 1: 159126 

Optimal solution found (tolerance 5.00e-02)
Coefficient statistics:
  Matrix range     [1e-01, 2e+02]
  Objective range  [4e-01, 1e+02]
  Bounds range     [1e+00, 2e+00]
  RHS range        [1e+00, 1e+04]
Best objective 1.591264859324e+05, best bound 1.591203675183e+05, gap 0.0038%
Presolve removed 21412 rows and 28435 columns
Presolve time: 0.23s
Presolved: 2330 rows, 10812 columns, 31876 nonzeros
Variable types: 840 continuous, 9972 integer (9972 binary)
Root relaxation presolved: 2330 rows, 10812 columns, 31876 nonzeros

     0     0 158621.988    0    8          - 158621.988      -     -    2s

    Nodes    |    Current Node    |     Objective Bounds      |     Work
 Expl Unexpl |  Obj  Depth IntInf | Incumbent    BestBd   Gap | It/Node Time

     0     0 164354.595    0   51          - 164354.595      -     -    1s
H    0     0                    158621.98764 158621.988  0.00%     -    2s

Cutting planes:
  Gomory: 9
  Cover: 1
  Zero half: 15
  RLT: 1

    Nodes    |    Current Node    |     Objective Bounds      |     Work
 Expl Unexpl |  Obj  Depth IntInf | Incumbent    BestBd   Gap | It/Node Time

     0     0 159120.368    0   10          - 159120.368      -     -    1s

Explored 1 nodes (10236 simplex iterations) in 2.08 seconds (1.61 work units)
Thread count was 1 (of 32 available processors)

Solution count 1: 158622 

Optimal solution found (tolerance 5.00e-02)
Best objective 1.586219876418e+05, best bound 1.586219876418e+05, gap 0.0000%
H    0     0                    173462.69913 164354.595  5.25%     -    1s

    Nodes    |    Current Node    |     Objective Bounds      |     Work
 Expl Unexpl |  Obj  Depth IntInf | Incumbent    BestBd   Gap | It/Node Time

     0     0 164354.595    0   51          - 164354.595      -     -    1s

    Nodes    |    Current Node    |     Objective Bounds      |     Work
 Expl Unexpl |  Obj  Depth IntInf | Incumbent    BestBd   Gap | It/Node Time

     0     0 167252.549    0   47          - 167252.549      -     -    1s
H    0     0                    159126.48593 159120.368  0.00%     -    1s
H    0     0                    173462.69913 164354.595  5.25%     -    1s

Explored 1 nodes (8680 simplex iterations) in 1.20 seconds (0.88 work units)
Thread count was 1 (of 32 available processors)

Solution count 1: 159126 

Optimal solution found (tolerance 5.00e-02)
Best objective 1.591264859324e+05, best bound 1.591203675183e+05, gap 0.0038%
H    0     0                    172501.57646 164354.595  4.72%     -    1s

Explored 1 nodes (8077 simplex iterations) in 1.55 seconds (1.06 work units)
Thread count was 1 (of 32 available processors)

Solution count 2: 172502 173463 

Optimal solution found (tolerance 5.00e-02)
Best objective 1.725015764561e+05, best bound 1.643545954707e+05, gap 4.7228%
Presolve removed 21412 rows and 28434 columns
Presolve time: 0.22s
Presolved: 2360 rows, 10813 columns, 32026 nonzeros
Variable types: 841 continuous, 9972 integer (9972 binary)
H    0     0                    172501.57646 164354.595  4.72%     -    1s

Explored 1 nodes (8077 simplex iterations) in 1.53 seconds (1.06 work units)
Thread count was 1 (of 32 available processors)

Solution count 2: 172502 173463 

Optimal solution found (tolerance 5.00e-02)
Best objective 1.725015764561e+05, best bound 1.643545954707e+05, gap 4.7228%
H    0     0                    171882.42144 167252.549  2.69%     -    1s

Explored 1 nodes (7872 simplex iterations) in 1.52 seconds (1.06 work units)
Thread count was 1 (of 32 available processors)

Solution count 1: 171882 

Optimal solution found (tolerance 5.00e-02)
Best objective 1.718824214435e+05, best bound 1.672525487022e+05, gap 2.6936%
Root relaxation presolved: 2360 rows, 10813 columns, 32026 nonzeros

Presolve removed 21412 rows and 28434 columns
Presolve time: 0.27s
Presolved: 2360 rows, 10813 columns, 32026 nonzeros
Variable types: 841 continuous, 9972 integer (9972 binary)
Root relaxation presolved: 2360 rows, 10813 columns, 32026 nonzeros

     0     0 158621.988    0   27          - 158621.988      -     -    1s

Root relaxation: objective 1.591204e+05, 3919 iterations, 0.26 seconds (0.21 work units)

Root relaxation: objective 1.672525e+05, 4141 iterations, 0.22 seconds (0.23 work units)

Root relaxation: objective 1.672525e+05, 4141 iterations, 0.23 seconds (0.23 work units)

    Nodes    |    Current Node    |     Objective Bounds      |     Work
 Expl Unexpl |  Obj  Depth IntInf | Incumbent    BestBd   Gap | It/Node Time

     0     0 164354.595    0   51          - 164354.595      -     -    1s
H    0     0                    173462.69913 164354.595  5.25%     -    1s
H    0     0                    172501.57646 164354.595  4.72%     -    1s

Explored 1 nodes (8077 simplex iterations) in 1.49 seconds (1.06 work units)
Thread count was 1 (of 32 available processors)

Solution count 2: 172502 173463 

Optimal solution found (tolerance 5.00e-02)
Best objective 1.725015764561e+05, best bound 1.643545954707e+05, gap 4.7228%
     0     0 158621.988    0    8          - 158621.988      -     -    2s

    Nodes    |    Current Node    |     Objective Bounds      |     Work
 Expl Unexpl |  Obj  Depth IntInf | Incumbent    BestBd   Gap | It/Node Time

     0     0 167252.549    0   47          - 167252.549      -     -    1s
H    0     0                    158621.98764 158621.988  0.00%     -    2s

Cutting planes:
  Gomory: 9
  Cover: 1
  Zero half: 15
  RLT: 1

Explored 1 nodes (10236 simplex iterations) in 2.05 seconds (1.61 work units)
Thread count was 1 (of 32 available processors)

Solution count 1: 158622 

Optimal solution found (tolerance 5.00e-02)
Best objective 1.586219876418e+05, best bound 1.586219876418e+05, gap 0.0000%
H    0     0                    171882.42144 167252.549  2.69%     -    1s

Explored 1 nodes (7872 simplex iterations) in 1.46 seconds (1.06 work units)
Thread count was 1 (of 32 available processors)

Solution count 1: 171882 

Optimal solution found (tolerance 5.00e-02)
Best objective 1.718824214435e+05, best bound 1.672525487022e+05, gap 2.6936%

    Nodes    |    Current Node    |     Objective Bounds      |     Work
 Expl Unexpl |  Obj  Depth IntInf | Incumbent    BestBd   Gap | It/Node Time

     0     0 167252.549    0   47          - 167252.549      -     -    1s
H    0     0                    171882.42144 167252.549  2.69%     -    1s

Explored 1 nodes (7872 simplex iterations) in 1.59 seconds (1.06 work units)
Thread count was 1 (of 32 available processors)

Solution count 1: 171882 

Optimal solution found (tolerance 5.00e-02)
Best objective 1.718824214435e+05, best bound 1.672525487022e+05, gap 2.6936%

    Nodes    |    Current Node    |     Objective Bounds      |     Work
 Expl Unexpl |  Obj  Depth IntInf | Incumbent    BestBd   Gap | It/Node Time

     0     0 159120.368    0   10          - 159120.368      -     -    1s
H    0     0                    159126.48593 159120.368  0.00%     -    1s

Explored 1 nodes (8680 simplex iterations) in 1.19 seconds (0.88 work units)
Thread count was 1 (of 32 available processors)

Solution count 1: 159126 

Optimal solution found (tolerance 5.00e-02)
Best objective 1.591264859324e+05, best bound 1.591203675183e+05, gap 0.0038%

    Nodes    |    Current Node    |     Objective Bounds      |     Work
 Expl Unexpl |  Obj  Depth IntInf | Incumbent    BestBd   Gap | It/Node Time

     0     0 167252.549    0   47          - 167252.549      -     -    1s

    Nodes    |    Current Node    |     Objective Bounds      |     Work
 Expl Unexpl |  Obj  Depth IntInf | Incumbent    BestBd   Gap | It/Node Time

     0     0 167252.549    0   47          - 167252.549      -     -    1s
H    0     0                    171882.42144 167252.549  2.69%     -    1s

Explored 1 nodes (7872 simplex iterations) in 1.50 seconds (1.06 work units)
Thread count was 1 (of 32 available processors)

Solution count 1: 171882 

Optimal solution found (tolerance 5.00e-02)
Best objective 1.718824214435e+05, best bound 1.672525487022e+05, gap 2.6936%
H    0     0                    171882.42144 167252.549  2.69%     -    1s

Explored 1 nodes (7872 simplex iterations) in 1.51 seconds (1.06 work units)
Thread count was 1 (of 32 available processors)

Solution count 1: 171882 

Optimal solution found (tolerance 5.00e-02)
Best objective 1.718824214435e+05, best bound 1.672525487022e+05, gap 2.6936%
C:\Users\TECNO-MASTER\anaconda3\lib\site-packages\pandas\core\indexes\base.py:6999: FutureWarning: In a future version, the Index constructor will not infer numeric dtypes when passed object-dtype sequences (matching Series behavior)
  return Index(sequences[0], name=names)
C:\Users\TECNO-MASTER\anaconda3\lib\site-packages\pandas\core\indexes\base.py:6999: FutureWarning: In a future version, the Index constructor will not infer numeric dtypes when passed object-dtype sequences (matching Series behavior)
  return Index(sequences[0], name=names)
C:\Users\TECNO-MASTER\anaconda3\lib\site-packages\pandas\core\indexes\base.py:6999: FutureWarning: In a future version, the Index constructor will not infer numeric dtypes when passed object-dtype sequences (matching Series behavior)
  return Index(sequences[0], name=names)
C:\Users\TECNO-MASTER\anaconda3\lib\site-packages\pandas\core\indexes\base.py:6999: FutureWarning: In a future version, the Index constructor will not infer numeric dtypes when passed object-dtype sequences (matching Series behavior)
  return Index(sequences[0], name=names)
✅ Solution time [sec]: 4.38
📊 Status: optimal
💰 Operation Cost: 158653.18576129628
JSONs, log y summary guardados en 'C:\Users\TECNO-MASTER\Desktop\Elmo_infrastructure_sizing_NP-\output\DCH_septiembre\Bateria_353\Costo_fijo\Carga_libre\Carga_on_board_fixed_3estaciones_P160kW_Descomp/station_1_d1'.
  [Fase 2 (infra fija)] estacion=station_3 dia=244 -> C:\Users\TECNO-MASTER\Desktop\Elmo_infrastructure_sizing_NP-\output\DCH_septiembre\Bateria_353\Costo_fijo\Carga_libre\Carga_on_board_fixed_3estaciones_P160kW_Descomp/station_3_d244
formulation time: 4.661066293716431
Solving opt model... (Puedes presionar Ctrl+C para detener y guardar la mejor solución actual)
Set parameter OutputFlag to value 1
Set parameter OutputFlag to value 1
Set parameter LogToConsole to value 1
Set parameter MIPGap to value 0.05
Set parameter LogFile to value "C:\Users\TECNO-MASTER\Desktop\Elmo_infrastructure_sizing_NP-\output\DCH_septiembre\Bateria_353\Costo_fijo\Carga_libre\Carga_on_board_fixed_3estaciones_P160kW_Descomp/station_3_d244\gurobi.log"
Set parameter Threads to value 1
Set parameter Heuristics to value 0.5
Set parameter MIPFocus to value 3
Set parameter Presolve to value 2
Set parameter FlowCoverCuts to value 2
Set parameter TimeLimit to value 1200
Gurobi Optimizer version 12.0.3 build v12.0.3rc0 (win64 - Windows 11+.0 (26200.2))

CPU model: Intel(R) Core(TM) i9-14900K, instruction set [SSE2|AVX|AVX2]
Thread count: 24 physical cores, 32 logical processors, using up to 1 threads

Non-default parameters:
TimeLimit  1200
MIPGap  0.05
Heuristics  0.5
MIPFocus  3
FlowCoverCuts  2
Presolve  2
Threads  1

Optimize a model with 22770 rows, 37249 columns and 109786 nonzeros
Model fingerprint: 0xfa809962
Variable types: 17323 continuous, 19926 integer (19925 binary)
Coefficient statistics:
  Matrix range     [1e-01, 2e+02]
  Objective range  [4e-01, 1e+02]
  Bounds range     [1e+00, 2e+00]
  RHS range        [1e+00, 1e+04]
✅ Solution time [sec]: 4.58
📊 Status: optimal
💰 Operation Cost: 158653.18576129628
JSONs, log y summary guardados en 'C:\Users\TECNO-MASTER\Desktop\Elmo_infrastructure_sizing_NP-\output\DCH_septiembre\Bateria_353\Costo_fijo\Carga_libre\Carga_on_board_fixed_3estaciones_P160kW_Descomp/station_1_d32'.
  [Fase 2 (infra fija)] estacion=station_3 dia=335 -> C:\Users\TECNO-MASTER\Desktop\Elmo_infrastructure_sizing_NP-\output\DCH_septiembre\Bateria_353\Costo_fijo\Carga_libre\Carga_on_board_fixed_3estaciones_P160kW_Descomp/station_3_d335
formulation time: 4.607909202575684
Solving opt model... (Puedes presionar Ctrl+C para detener y guardar la mejor solución actual)
Set parameter OutputFlag to value 1
Set parameter OutputFlag to value 1
Set parameter LogToConsole to value 1
Set parameter MIPGap to value 0.05
Set parameter LogFile to value "C:\Users\TECNO-MASTER\Desktop\Elmo_infrastructure_sizing_NP-\output\DCH_septiembre\Bateria_353\Costo_fijo\Carga_libre\Carga_on_board_fixed_3estaciones_P160kW_Descomp/station_3_d335\gurobi.log"
Set parameter Threads to value 1
Set parameter Heuristics to value 0.5
Set parameter MIPFocus to value 3
Set parameter Presolve to value 2
Set parameter FlowCoverCuts to value 2
Set parameter TimeLimit to value 1200
Gurobi Optimizer version 12.0.3 build v12.0.3rc0 (win64 - Windows 11+.0 (26200.2))

CPU model: Intel(R) Core(TM) i9-14900K, instruction set [SSE2|AVX|AVX2]
Thread count: 24 physical cores, 32 logical processors, using up to 1 threads

Non-default parameters:
TimeLimit  1200
MIPGap  0.05
Heuristics  0.5
MIPFocus  3
FlowCoverCuts  2
Presolve  2
Threads  1

Optimize a model with 22740 rows, 37249 columns and 109726 nonzeros
Model fingerprint: 0x8ec0e3e6
Variable types: 17323 continuous, 19926 integer (19925 binary)
Coefficient statistics:
  Matrix range     [1e-01, 2e+02]
  Objective range  [4e-01, 1e+02]
  Bounds range     [1e+00, 2e+00]
  RHS range        [1e+00, 1e+04]
✅ Solution time [sec]: 4.53
📊 Status: optimal
💰 Operation Cost: 158653.18576129628
JSONs, log y summary guardados en 'C:\Users\TECNO-MASTER\Desktop\Elmo_infrastructure_sizing_NP-\output\DCH_septiembre\Bateria_353\Costo_fijo\Carga_libre\Carga_on_board_fixed_3estaciones_P160kW_Descomp/station_1_d335'.
  [Fase 2 (infra fija)] estacion=station_3 dia=274 -> C:\Users\TECNO-MASTER\Desktop\Elmo_infrastructure_sizing_NP-\output\DCH_septiembre\Bateria_353\Costo_fijo\Carga_libre\Carga_on_board_fixed_3estaciones_P160kW_Descomp/station_3_d274
formulation time: 4.630914211273193
Solving opt model... (Puedes presionar Ctrl+C para detener y guardar la mejor solución actual)
Set parameter OutputFlag to value 1
Set parameter OutputFlag to value 1
Set parameter LogToConsole to value 1
Set parameter MIPGap to value 0.05
Set parameter LogFile to value "C:\Users\TECNO-MASTER\Desktop\Elmo_infrastructure_sizing_NP-\output\DCH_septiembre\Bateria_353\Costo_fijo\Carga_libre\Carga_on_board_fixed_3estaciones_P160kW_Descomp/station_3_d274\gurobi.log"
Set parameter Threads to value 1
Set parameter Heuristics to value 0.5
Set parameter MIPFocus to value 3
Set parameter Presolve to value 2
Set parameter FlowCoverCuts to value 2
Set parameter TimeLimit to value 1200
Gurobi Optimizer version 12.0.3 build v12.0.3rc0 (win64 - Windows 11+.0 (26200.2))

CPU model: Intel(R) Core(TM) i9-14900K, instruction set [SSE2|AVX|AVX2]
Thread count: 24 physical cores, 32 logical processors, using up to 1 threads

Non-default parameters:
TimeLimit  1200
MIPGap  0.05
Heuristics  0.5
MIPFocus  3
FlowCoverCuts  2
Presolve  2
Threads  1

Optimize a model with 22740 rows, 37249 columns and 109726 nonzeros
Model fingerprint: 0x8ec0e3e6
Variable types: 17323 continuous, 19926 integer (19925 binary)
Coefficient statistics:
  Matrix range     [1e-01, 2e+02]
  Objective range  [4e-01, 1e+02]
  Bounds range     [1e+00, 2e+00]
  RHS range        [1e+00, 1e+04]
Presolve removed 20416 rows and 26954 columns
Presolve time: 0.08s
Presolved: 2354 rows, 10295 columns, 30478 nonzeros
Variable types: 841 continuous, 9454 integer (9454 binary)
Root relaxation presolved: 2354 rows, 10295 columns, 30478 nonzeros

Presolve removed 20416 rows and 26955 columns
Presolve time: 0.09s
Presolved: 2324 rows, 10294 columns, 30328 nonzeros
Variable types: 840 continuous, 9454 integer (9454 binary)
Root relaxation presolved: 2324 rows, 10294 columns, 30328 nonzeros

Presolve removed 20416 rows and 26955 columns
Presolve time: 0.08s
Presolved: 2324 rows, 10294 columns, 30328 nonzeros
Variable types: 840 continuous, 9454 integer (9454 binary)
Root relaxation presolved: 2324 rows, 10294 columns, 30328 nonzeros

✅ Solution time [sec]: 4.41
📊 Status: optimal
💰 Operation Cost: 159046.1789993618
JSONs, log y summary guardados en 'C:\Users\TECNO-MASTER\Desktop\Elmo_infrastructure_sizing_NP-\output\DCH_septiembre\Bateria_353\Costo_fijo\Carga_libre\Carga_on_board_fixed_3estaciones_P160kW_Descomp/station_3_d60'.
  [Fase 2 (infra fija)] estacion=station_3 dia=305 -> C:\Users\TECNO-MASTER\Desktop\Elmo_infrastructure_sizing_NP-\output\DCH_septiembre\Bateria_353\Costo_fijo\Carga_libre\Carga_on_board_fixed_3estaciones_P160kW_Descomp/station_3_d305
formulation time: 4.632577657699585
Solving opt model... (Puedes presionar Ctrl+C para detener y guardar la mejor solución actual)
Set parameter OutputFlag to value 1
Set parameter OutputFlag to value 1
Set parameter LogToConsole to value 1
Set parameter MIPGap to value 0.05
Set parameter LogFile to value "C:\Users\TECNO-MASTER\Desktop\Elmo_infrastructure_sizing_NP-\output\DCH_septiembre\Bateria_353\Costo_fijo\Carga_libre\Carga_on_board_fixed_3estaciones_P160kW_Descomp/station_3_d305\gurobi.log"
Set parameter Threads to value 1
Set parameter Heuristics to value 0.5
Set parameter MIPFocus to value 3
Set parameter Presolve to value 2
Set parameter FlowCoverCuts to value 2
Set parameter TimeLimit to value 1200

Root relaxation: objective 1.643546e+05, 4375 iterations, 0.12 seconds (0.24 work units)
Gurobi Optimizer version 12.0.3 build v12.0.3rc0 (win64 - Windows 11+.0 (26200.2))

CPU model: Intel(R) Core(TM) i9-14900K, instruction set [SSE2|AVX|AVX2]
Thread count: 24 physical cores, 32 logical processors, using up to 1 threads

Non-default parameters:
TimeLimit  1200
MIPGap  0.05
Heuristics  0.5
MIPFocus  3
FlowCoverCuts  2
Presolve  2
Threads  1

Optimize a model with 22740 rows, 37249 columns and 109726 nonzeros
Model fingerprint: 0x8ec0e3e6
Variable types: 17323 continuous, 19926 integer (19925 binary)
Coefficient statistics:
  Matrix range     [1e-01, 2e+02]
  Objective range  [4e-01, 1e+02]
  Bounds range     [1e+00, 2e+00]
  RHS range        [1e+00, 1e+04]

Root relaxation: objective 1.590269e+05, 3964 iterations, 0.11 seconds (0.21 work units)

Root relaxation: objective 1.590269e+05, 3964 iterations, 0.10 seconds (0.21 work units)
Presolve removed 20416 rows and 26955 columns
Presolve time: 0.08s
Presolved: 2324 rows, 10294 columns, 30328 nonzeros
Variable types: 840 continuous, 9454 integer (9454 binary)
Root relaxation presolved: 2324 rows, 10294 columns, 30328 nonzeros


Root relaxation: objective 1.590269e+05, 3964 iterations, 0.10 seconds (0.21 work units)

    Nodes    |    Current Node    |     Objective Bounds      |     Work
 Expl Unexpl |  Obj  Depth IntInf | Incumbent    BestBd   Gap | It/Node Time

     0     0 159026.864    0   10          - 159026.864      -     -    0s
H    0     0                    159046.17900 159026.864  0.01%     -    0s

Explored 1 nodes (8958 simplex iterations) in 0.47 seconds (0.84 work units)
Thread count was 1 (of 32 available processors)

Solution count 1: 159046 

Optimal solution found (tolerance 5.00e-02)
Best objective 1.590461789994e+05, best bound 1.590268641569e+05, gap 0.0121%

    Nodes    |    Current Node    |     Objective Bounds      |     Work
 Expl Unexpl |  Obj  Depth IntInf | Incumbent    BestBd   Gap | It/Node Time

     0     0 159026.864    0   10          - 159026.864      -     -    0s
H    0     0                    159046.17900 159026.864  0.01%     -    0s

Explored 1 nodes (8958 simplex iterations) in 0.47 seconds (0.84 work units)
Thread count was 1 (of 32 available processors)

Solution count 1: 159046 

Optimal solution found (tolerance 5.00e-02)
Best objective 1.590461789994e+05, best bound 1.590268641569e+05, gap 0.0121%

    Nodes    |    Current Node    |     Objective Bounds      |     Work
 Expl Unexpl |  Obj  Depth IntInf | Incumbent    BestBd   Gap | It/Node Time

     0     0 164354.595    0   51          - 164354.595      -     -    0s
H    0     0                    173462.69913 164354.595  5.25%     -    0s
H    0     0                    172501.57646 164354.595  4.72%     -    0s

Explored 1 nodes (8077 simplex iterations) in 0.64 seconds (1.06 work units)
Thread count was 1 (of 32 available processors)

Solution count 2: 172502 173463 

Optimal solution found (tolerance 5.00e-02)
Best objective 1.725015764561e+05, best bound 1.643545954707e+05, gap 4.7228%

    Nodes    |    Current Node    |     Objective Bounds      |     Work
 Expl Unexpl |  Obj  Depth IntInf | Incumbent    BestBd   Gap | It/Node Time

     0     0 159026.864    0   10          - 159026.864      -     -    0s
H    0     0                    159046.17900 159026.864  0.01%     -    0s

Explored 1 nodes (8958 simplex iterations) in 0.47 seconds (0.84 work units)
Thread count was 1 (of 32 available processors)

Solution count 1: 159046 

Optimal solution found (tolerance 5.00e-02)
Best objective 1.590461789994e+05, best bound 1.590268641569e+05, gap 0.0121%
✅ Solution time [sec]: 4.51
📊 Status: optimal
💰 Operation Cost: 158653.18576129628
JSONs, log y summary guardados en 'C:\Users\TECNO-MASTER\Desktop\Elmo_infrastructure_sizing_NP-\output\DCH_septiembre\Bateria_353\Costo_fijo\Carga_libre\Carga_on_board_fixed_3estaciones_P160kW_Descomp/station_1_d60'.
✅ Solution time [sec]: 5.35
📊 Status: optimal
💰 Operation Cost: 158621.98764182665
JSONs, log y summary guardados en 'C:\Users\TECNO-MASTER\Desktop\Elmo_infrastructure_sizing_NP-\output\DCH_septiembre\Bateria_353\Costo_fijo\Carga_libre\Carga_on_board_fixed_3estaciones_P160kW_Descomp/station_1_d152'.
✅ Solution time [sec]: 5.26
📊 Status: optimal
💰 Operation Cost: 158621.98764182665
JSONs, log y summary guardados en 'C:\Users\TECNO-MASTER\Desktop\Elmo_infrastructure_sizing_NP-\output\DCH_septiembre\Bateria_353\Costo_fijo\Carga_libre\Carga_on_board_fixed_3estaciones_P160kW_Descomp/station_1_d91'.
✅ Solution time [sec]: 4.52
📊 Status: optimal
💰 Operation Cost: 158653.18576129628
JSONs, log y summary guardados en 'C:\Users\TECNO-MASTER\Desktop\Elmo_infrastructure_sizing_NP-\output\DCH_septiembre\Bateria_353\Costo_fijo\Carga_libre\Carga_on_board_fixed_3estaciones_P160kW_Descomp/station_1_d274'.
✅ Solution time [sec]: 4.94
📊 Status: optimal
💰 Operation Cost: 172501.57645612542
JSONs, log y summary guardados en 'C:\Users\TECNO-MASTER\Desktop\Elmo_infrastructure_sizing_NP-\output\DCH_septiembre\Bateria_353\Costo_fijo\Carga_libre\Carga_on_board_fixed_3estaciones_P160kW_Descomp/station_3_d152'.
✅ Solution time [sec]: 4.62
📊 Status: optimal
💰 Operation Cost: 158653.18576129628
JSONs, log y summary guardados en 'C:\Users\TECNO-MASTER\Desktop\Elmo_infrastructure_sizing_NP-\output\DCH_septiembre\Bateria_353\Costo_fijo\Carga_libre\Carga_on_board_fixed_3estaciones_P160kW_Descomp/station_1_d305'.
✅ Solution time [sec]: 5.51
📊 Status: optimal
💰 Operation Cost: 158621.98764182665
JSONs, log y summary guardados en 'C:\Users\TECNO-MASTER\Desktop\Elmo_infrastructure_sizing_NP-\output\DCH_septiembre\Bateria_353\Costo_fijo\Carga_libre\Carga_on_board_fixed_3estaciones_P160kW_Descomp/station_1_d121'.
✅ Solution time [sec]: 4.44
📊 Status: optimal
💰 Operation Cost: 159046.1789993618
JSONs, log y summary guardados en 'C:\Users\TECNO-MASTER\Desktop\Elmo_infrastructure_sizing_NP-\output\DCH_septiembre\Bateria_353\Costo_fijo\Carga_libre\Carga_on_board_fixed_3estaciones_P160kW_Descomp/station_3_d32'.
✅ Solution time [sec]: 4.63
📊 Status: optimal
💰 Operation Cost: 159046.1789993618
JSONs, log y summary guardados en 'C:\Users\TECNO-MASTER\Desktop\Elmo_infrastructure_sizing_NP-\output\DCH_septiembre\Bateria_353\Costo_fijo\Carga_libre\Carga_on_board_fixed_3estaciones_P160kW_Descomp/station_3_d1'.
✅ Solution time [sec]: 5.18
📊 Status: optimal
💰 Operation Cost: 171882.4214435058
JSONs, log y summary guardados en 'C:\Users\TECNO-MASTER\Desktop\Elmo_infrastructure_sizing_NP-\output\DCH_septiembre\Bateria_353\Costo_fijo\Carga_libre\Carga_on_board_fixed_3estaciones_P160kW_Descomp/station_2_d182'.
✅ Solution time [sec]: 4.48
📊 Status: optimal
💰 Operation Cost: 159126.4859324377
JSONs, log y summary guardados en 'C:\Users\TECNO-MASTER\Desktop\Elmo_infrastructure_sizing_NP-\output\DCH_septiembre\Bateria_353\Costo_fijo\Carga_libre\Carga_on_board_fixed_3estaciones_P160kW_Descomp/station_2_d305'.
✅ Solution time [sec]: 5.46
📊 Status: optimal
💰 Operation Cost: 158621.98764182665
JSONs, log y summary guardados en 'C:\Users\TECNO-MASTER\Desktop\Elmo_infrastructure_sizing_NP-\output\DCH_septiembre\Bateria_353\Costo_fijo\Carga_libre\Carga_on_board_fixed_3estaciones_P160kW_Descomp/station_1_d244'.
✅ Solution time [sec]: 4.37
📊 Status: optimal
💰 Operation Cost: 159126.4859324377
JSONs, log y summary guardados en 'C:\Users\TECNO-MASTER\Desktop\Elmo_infrastructure_sizing_NP-\output\DCH_septiembre\Bateria_353\Costo_fijo\Carga_libre\Carga_on_board_fixed_3estaciones_P160kW_Descomp/station_2_d60'.
✅ Solution time [sec]: 5.15
📊 Status: optimal
💰 Operation Cost: 172501.57645612542
JSONs, log y summary guardados en 'C:\Users\TECNO-MASTER\Desktop\Elmo_infrastructure_sizing_NP-\output\DCH_septiembre\Bateria_353\Costo_fijo\Carga_libre\Carga_on_board_fixed_3estaciones_P160kW_Descomp/station_3_d121'.
✅ Solution time [sec]: 5.07
📊 Status: optimal
💰 Operation Cost: 159126.4859324377
JSONs, log y summary guardados en 'C:\Users\TECNO-MASTER\Desktop\Elmo_infrastructure_sizing_NP-\output\DCH_septiembre\Bateria_353\Costo_fijo\Carga_libre\Carga_on_board_fixed_3estaciones_P160kW_Descomp/station_2_d335'.
✅ Solution time [sec]: 4.70
📊 Status: optimal
💰 Operation Cost: 159126.4859324377
JSONs, log y summary guardados en 'C:\Users\TECNO-MASTER\Desktop\Elmo_infrastructure_sizing_NP-\output\DCH_septiembre\Bateria_353\Costo_fijo\Carga_libre\Carga_on_board_fixed_3estaciones_P160kW_Descomp/station_2_d1'.
✅ Solution time [sec]: 5.48
📊 Status: optimal
💰 Operation Cost: 158621.98764182665
JSONs, log y summary guardados en 'C:\Users\TECNO-MASTER\Desktop\Elmo_infrastructure_sizing_NP-\output\DCH_septiembre\Bateria_353\Costo_fijo\Carga_libre\Carga_on_board_fixed_3estaciones_P160kW_Descomp/station_1_d213'.
✅ Solution time [sec]: 4.84
📊 Status: optimal
💰 Operation Cost: 159126.4859324377
JSONs, log y summary guardados en 'C:\Users\TECNO-MASTER\Desktop\Elmo_infrastructure_sizing_NP-\output\DCH_septiembre\Bateria_353\Costo_fijo\Carga_libre\Carga_on_board_fixed_3estaciones_P160kW_Descomp/station_2_d32'.
✅ Solution time [sec]: 4.66
📊 Status: optimal
💰 Operation Cost: 172501.57645612542
JSONs, log y summary guardados en 'C:\Users\TECNO-MASTER\Desktop\Elmo_infrastructure_sizing_NP-\output\DCH_septiembre\Bateria_353\Costo_fijo\Carga_libre\Carga_on_board_fixed_3estaciones_P160kW_Descomp/station_3_d213'.
✅ Solution time [sec]: 5.24
📊 Status: optimal
💰 Operation Cost: 171882.4214435058
JSONs, log y summary guardados en 'C:\Users\TECNO-MASTER\Desktop\Elmo_infrastructure_sizing_NP-\output\DCH_septiembre\Bateria_353\Costo_fijo\Carga_libre\Carga_on_board_fixed_3estaciones_P160kW_Descomp/station_2_d213'.
✅ Solution time [sec]: 5.03
📊 Status: optimal
💰 Operation Cost: 172501.57645612542
JSONs, log y summary guardados en 'C:\Users\TECNO-MASTER\Desktop\Elmo_infrastructure_sizing_NP-\output\DCH_septiembre\Bateria_353\Costo_fijo\Carga_libre\Carga_on_board_fixed_3estaciones_P160kW_Descomp/station_3_d182'.
✅ Solution time [sec]: 4.88
📊 Status: optimal
💰 Operation Cost: 172501.57645612542
JSONs, log y summary guardados en 'C:\Users\TECNO-MASTER\Desktop\Elmo_infrastructure_sizing_NP-\output\DCH_septiembre\Bateria_353\Costo_fijo\Carga_libre\Carga_on_board_fixed_3estaciones_P160kW_Descomp/station_3_d91'.
✅ Solution time [sec]: 5.52
📊 Status: optimal
💰 Operation Cost: 158621.98764182665
JSONs, log y summary guardados en 'C:\Users\TECNO-MASTER\Desktop\Elmo_infrastructure_sizing_NP-\output\DCH_septiembre\Bateria_353\Costo_fijo\Carga_libre\Carga_on_board_fixed_3estaciones_P160kW_Descomp/station_1_d182'.
✅ Solution time [sec]: 5.17
📊 Status: optimal
💰 Operation Cost: 171882.4214435058
JSONs, log y summary guardados en 'C:\Users\TECNO-MASTER\Desktop\Elmo_infrastructure_sizing_NP-\output\DCH_septiembre\Bateria_353\Costo_fijo\Carga_libre\Carga_on_board_fixed_3estaciones_P160kW_Descomp/station_2_d152'.
✅ Solution time [sec]: 4.69
📊 Status: optimal
💰 Operation Cost: 171882.4214435058
JSONs, log y summary guardados en 'C:\Users\TECNO-MASTER\Desktop\Elmo_infrastructure_sizing_NP-\output\DCH_septiembre\Bateria_353\Costo_fijo\Carga_libre\Carga_on_board_fixed_3estaciones_P160kW_Descomp/station_2_d91'.
✅ Solution time [sec]: 4.58
📊 Status: optimal
💰 Operation Cost: 159126.4859324377
JSONs, log y summary guardados en 'C:\Users\TECNO-MASTER\Desktop\Elmo_infrastructure_sizing_NP-\output\DCH_septiembre\Bateria_353\Costo_fijo\Carga_libre\Carga_on_board_fixed_3estaciones_P160kW_Descomp/station_2_d274'.
✅ Solution time [sec]: 4.93
📊 Status: optimal
💰 Operation Cost: 171882.4214435058
JSONs, log y summary guardados en 'C:\Users\TECNO-MASTER\Desktop\Elmo_infrastructure_sizing_NP-\output\DCH_septiembre\Bateria_353\Costo_fijo\Carga_libre\Carga_on_board_fixed_3estaciones_P160kW_Descomp/station_2_d244'.
✅ Solution time [sec]: 5.09
📊 Status: optimal
💰 Operation Cost: 171882.4214435058
JSONs, log y summary guardados en 'C:\Users\TECNO-MASTER\Desktop\Elmo_infrastructure_sizing_NP-\output\DCH_septiembre\Bateria_353\Costo_fijo\Carga_libre\Carga_on_board_fixed_3estaciones_P160kW_Descomp/station_2_d121'.
✅ Solution time [sec]: 1.63
📊 Status: optimal
💰 Operation Cost: 159046.1789993618
JSONs, log y summary guardados en 'C:\Users\TECNO-MASTER\Desktop\Elmo_infrastructure_sizing_NP-\output\DCH_septiembre\Bateria_353\Costo_fijo\Carga_libre\Carga_on_board_fixed_3estaciones_P160kW_Descomp/station_3_d335'.
✅ Solution time [sec]: 1.63
📊 Status: optimal
💰 Operation Cost: 159046.1789993618
JSONs, log y summary guardados en 'C:\Users\TECNO-MASTER\Desktop\Elmo_infrastructure_sizing_NP-\output\DCH_septiembre\Bateria_353\Costo_fijo\Carga_libre\Carga_on_board_fixed_3estaciones_P160kW_Descomp/station_3_d274'.
✅ Solution time [sec]: 1.60
📊 Status: optimal
💰 Operation Cost: 159046.1789993618
JSONs, log y summary guardados en 'C:\Users\TECNO-MASTER\Desktop\Elmo_infrastructure_sizing_NP-\output\DCH_septiembre\Bateria_353\Costo_fijo\Carga_libre\Carga_on_board_fixed_3estaciones_P160kW_Descomp/station_3_d305'.
✅ Solution time [sec]: 1.78
📊 Status: optimal
💰 Operation Cost: 172501.57645612542
JSONs, log y summary guardados en 'C:\Users\TECNO-MASTER\Desktop\Elmo_infrastructure_sizing_NP-\output\DCH_septiembre\Bateria_353\Costo_fijo\Carga_libre\Carga_on_board_fixed_3estaciones_P160kW_Descomp/station_3_d244'.
[wp2] usando consumos precalculados desde: C:\Users\TECNO-MASTER\Desktop\Elmo_infrastructure_sizing_NP-\data\Escenarios_DCH_septiembre\Bateria_353\Costo_fijo\Carga_on_board_fixed_3estaciones_P160kW/electric_routes_within_time.json

=== Fase 0 (maestro): repartiendo target de produccion diario entre macrobloques ===
  [maestro] dia 1: D_d=40320.0  station_1: T=13117.3 (Cap=[11869.2,16813.4])  station_2: T=13896.8 (Cap=[12564.7,17841.6])  station_3: T=13305.8 (Cap=[12111.1,16843.7])
  [maestro] dia 32: D_d=40320.0  station_1: T=13117.3 (Cap=[11869.2,16813.4])  station_2: T=13896.8 (Cap=[12564.7,17841.6])  station_3: T=13305.8 (Cap=[12111.1,16843.7])
  [maestro] dia 60: D_d=40320.0  station_1: T=13117.3 (Cap=[11869.2,16813.4])  station_2: T=13896.8 (Cap=[12564.7,17841.6])  station_3: T=13305.8 (Cap=[12111.1,16843.7])
  [maestro] dia 91: D_d=40320.0  station_1: T=13117.3 (Cap=[11869.2,16813.4])  station_2: T=13896.8 (Cap=[12564.7,17841.6])  station_3: T=13305.8 (Cap=[12111.1,16843.7])
  [maestro] dia 121: D_d=40320.0  station_1: T=13117.3 (Cap=[11869.2,16813.4])  station_2: T=13896.8 (Cap=[12564.7,17841.6])  station_3: T=13305.8 (Cap=[12111.1,16843.7])
  [maestro] dia 152: D_d=40320.0  station_1: T=13117.3 (Cap=[11869.2,16813.4])  station_2: T=13896.8 (Cap=[12564.7,17841.6])  station_3: T=13305.8 (Cap=[12111.1,16843.7])
  [maestro] dia 182: D_d=40320.0  station_1: T=13117.3 (Cap=[11869.2,16813.4])  station_2: T=13896.8 (Cap=[12564.7,17841.6])  station_3: T=13305.8 (Cap=[12111.1,16843.7])
  [maestro] dia 213: D_d=40320.0  station_1: T=13117.3 (Cap=[11869.2,16813.4])  station_2: T=13896.8 (Cap=[12564.7,17841.6])  station_3: T=13305.8 (Cap=[12111.1,16843.7])
  [maestro] dia 244: D_d=40320.0  station_1: T=13117.3 (Cap=[11869.2,16813.4])  station_2: T=13896.8 (Cap=[12564.7,17841.6])  station_3: T=13305.8 (Cap=[12111.1,16843.7])
  [maestro] dia 274: D_d=40320.0  station_1: T=13117.3 (Cap=[11869.2,16813.4])  station_2: T=13896.8 (Cap=[12564.7,17841.6])  station_3: T=13305.8 (Cap=[12111.1,16843.7])
  [maestro] dia 305: D_d=40320.0  station_1: T=13117.3 (Cap=[11869.2,16813.4])  station_2: T=13896.8 (Cap=[12564.7,17841.6])  station_3: T=13305.8 (Cap=[12111.1,16843.7])
  [maestro] dia 335: D_d=40320.0  station_1: T=13117.3 (Cap=[11869.2,16813.4])  station_2: T=13896.8 (Cap=[12564.7,17841.6])  station_3: T=13305.8 (Cap=[12111.1,16843.7])
Hilos de Gurobi por worker: 1 (workers=32, cpus=32)

=== Fase 1: 36 subproblemas (estacion x dia) en paralelo (32 workers), infraestructura libre ===

=== Infraestructura fijada por estacion (maximo entre dias) ===
  station_3: {'N_chargers': 2, 'X': 1}
  station_1: {'N_chargers': 2, 'X': 1}
  station_2: {'N_chargers': 2, 'X': 1}

=== Fase 2: 36 subproblemas (estacion x dia) en paralelo (32 workers), infraestructura fija ===

Listo. Resultados finales en:
  C:\Users\TECNO-MASTER\Desktop\Elmo_infrastructure_sizing_NP-\output\DCH_septiembre\Bateria_353\Costo_fijo\Carga_libre\Carga_on_board_fixed_3estaciones_P160kW_Descomp/station_1_d1
  C:\Users\TECNO-MASTER\Desktop\Elmo_infrastructure_sizing_NP-\output\DCH_septiembre\Bateria_353\Costo_fijo\Carga_libre\Carga_on_board_fixed_3estaciones_P160kW_Descomp/station_1_d32
  C:\Users\TECNO-MASTER\Desktop\Elmo_infrastructure_sizing_NP-\output\DCH_septiembre\Bateria_353\Costo_fijo\Carga_libre\Carga_on_board_fixed_3estaciones_P160kW_Descomp/station_1_d60
  C:\Users\TECNO-MASTER\Desktop\Elmo_infrastructure_sizing_NP-\output\DCH_septiembre\Bateria_353\Costo_fijo\Carga_libre\Carga_on_board_fixed_3estaciones_P160kW_Descomp/station_1_d91
  C:\Users\TECNO-MASTER\Desktop\Elmo_infrastructure_sizing_NP-\output\DCH_septiembre\Bateria_353\Costo_fijo\Carga_libre\Carga_on_board_fixed_3estaciones_P160kW_Descomp/station_1_d121
  C:\Users\TECNO-MASTER\Desktop\Elmo_infrastructure_sizing_NP-\output\DCH_septiembre\Bateria_353\Costo_fijo\Carga_libre\Carga_on_board_fixed_3estaciones_P160kW_Descomp/station_1_d152
  C:\Users\TECNO-MASTER\Desktop\Elmo_infrastructure_sizing_NP-\output\DCH_septiembre\Bateria_353\Costo_fijo\Carga_libre\Carga_on_board_fixed_3estaciones_P160kW_Descomp/station_1_d182
  C:\Users\TECNO-MASTER\Desktop\Elmo_infrastructure_sizing_NP-\output\DCH_septiembre\Bateria_353\Costo_fijo\Carga_libre\Carga_on_board_fixed_3estaciones_P160kW_Descomp/station_1_d213
  C:\Users\TECNO-MASTER\Desktop\Elmo_infrastructure_sizing_NP-\output\DCH_septiembre\Bateria_353\Costo_fijo\Carga_libre\Carga_on_board_fixed_3estaciones_P160kW_Descomp/station_1_d244
  C:\Users\TECNO-MASTER\Desktop\Elmo_infrastructure_sizing_NP-\output\DCH_septiembre\Bateria_353\Costo_fijo\Carga_libre\Carga_on_board_fixed_3estaciones_P160kW_Descomp/station_1_d274
  C:\Users\TECNO-MASTER\Desktop\Elmo_infrastructure_sizing_NP-\output\DCH_septiembre\Bateria_353\Costo_fijo\Carga_libre\Carga_on_board_fixed_3estaciones_P160kW_Descomp/station_1_d305
  C:\Users\TECNO-MASTER\Desktop\Elmo_infrastructure_sizing_NP-\output\DCH_septiembre\Bateria_353\Costo_fijo\Carga_libre\Carga_on_board_fixed_3estaciones_P160kW_Descomp/station_1_d335
  C:\Users\TECNO-MASTER\Desktop\Elmo_infrastructure_sizing_NP-\output\DCH_septiembre\Bateria_353\Costo_fijo\Carga_libre\Carga_on_board_fixed_3estaciones_P160kW_Descomp/station_2_d1
  C:\Users\TECNO-MASTER\Desktop\Elmo_infrastructure_sizing_NP-\output\DCH_septiembre\Bateria_353\Costo_fijo\Carga_libre\Carga_on_board_fixed_3estaciones_P160kW_Descomp/station_2_d32
  C:\Users\TECNO-MASTER\Desktop\Elmo_infrastructure_sizing_NP-\output\DCH_septiembre\Bateria_353\Costo_fijo\Carga_libre\Carga_on_board_fixed_3estaciones_P160kW_Descomp/station_2_d60
  C:\Users\TECNO-MASTER\Desktop\Elmo_infrastructure_sizing_NP-\output\DCH_septiembre\Bateria_353\Costo_fijo\Carga_libre\Carga_on_board_fixed_3estaciones_P160kW_Descomp/station_2_d91
  C:\Users\TECNO-MASTER\Desktop\Elmo_infrastructure_sizing_NP-\output\DCH_septiembre\Bateria_353\Costo_fijo\Carga_libre\Carga_on_board_fixed_3estaciones_P160kW_Descomp/station_2_d121
  C:\Users\TECNO-MASTER\Desktop\Elmo_infrastructure_sizing_NP-\output\DCH_septiembre\Bateria_353\Costo_fijo\Carga_libre\Carga_on_board_fixed_3estaciones_P160kW_Descomp/station_2_d152
  C:\Users\TECNO-MASTER\Desktop\Elmo_infrastructure_sizing_NP-\output\DCH_septiembre\Bateria_353\Costo_fijo\Carga_libre\Carga_on_board_fixed_3estaciones_P160kW_Descomp/station_2_d182
  C:\Users\TECNO-MASTER\Desktop\Elmo_infrastructure_sizing_NP-\output\DCH_septiembre\Bateria_353\Costo_fijo\Carga_libre\Carga_on_board_fixed_3estaciones_P160kW_Descomp/station_2_d213
  C:\Users\TECNO-MASTER\Desktop\Elmo_infrastructure_sizing_NP-\output\DCH_septiembre\Bateria_353\Costo_fijo\Carga_libre\Carga_on_board_fixed_3estaciones_P160kW_Descomp/station_2_d244
  C:\Users\TECNO-MASTER\Desktop\Elmo_infrastructure_sizing_NP-\output\DCH_septiembre\Bateria_353\Costo_fijo\Carga_libre\Carga_on_board_fixed_3estaciones_P160kW_Descomp/station_2_d274
  C:\Users\TECNO-MASTER\Desktop\Elmo_infrastructure_sizing_NP-\output\DCH_septiembre\Bateria_353\Costo_fijo\Carga_libre\Carga_on_board_fixed_3estaciones_P160kW_Descomp/station_2_d305
  C:\Users\TECNO-MASTER\Desktop\Elmo_infrastructure_sizing_NP-\output\DCH_septiembre\Bateria_353\Costo_fijo\Carga_libre\Carga_on_board_fixed_3estaciones_P160kW_Descomp/station_2_d335
  C:\Users\TECNO-MASTER\Desktop\Elmo_infrastructure_sizing_NP-\output\DCH_septiembre\Bateria_353\Costo_fijo\Carga_libre\Carga_on_board_fixed_3estaciones_P160kW_Descomp/station_3_d1
  C:\Users\TECNO-MASTER\Desktop\Elmo_infrastructure_sizing_NP-\output\DCH_septiembre\Bateria_353\Costo_fijo\Carga_libre\Carga_on_board_fixed_3estaciones_P160kW_Descomp/station_3_d32
  C:\Users\TECNO-MASTER\Desktop\Elmo_infrastructure_sizing_NP-\output\DCH_septiembre\Bateria_353\Costo_fijo\Carga_libre\Carga_on_board_fixed_3estaciones_P160kW_Descomp/station_3_d60
  C:\Users\TECNO-MASTER\Desktop\Elmo_infrastructure_sizing_NP-\output\DCH_septiembre\Bateria_353\Costo_fijo\Carga_libre\Carga_on_board_fixed_3estaciones_P160kW_Descomp/station_3_d91
  C:\Users\TECNO-MASTER\Desktop\Elmo_infrastructure_sizing_NP-\output\DCH_septiembre\Bateria_353\Costo_fijo\Carga_libre\Carga_on_board_fixed_3estaciones_P160kW_Descomp/station_3_d121
  C:\Users\TECNO-MASTER\Desktop\Elmo_infrastructure_sizing_NP-\output\DCH_septiembre\Bateria_353\Costo_fijo\Carga_libre\Carga_on_board_fixed_3estaciones_P160kW_Descomp/station_3_d152
  C:\Users\TECNO-MASTER\Desktop\Elmo_infrastructure_sizing_NP-\output\DCH_septiembre\Bateria_353\Costo_fijo\Carga_libre\Carga_on_board_fixed_3estaciones_P160kW_Descomp/station_3_d182
  C:\Users\TECNO-MASTER\Desktop\Elmo_infrastructure_sizing_NP-\output\DCH_septiembre\Bateria_353\Costo_fijo\Carga_libre\Carga_on_board_fixed_3estaciones_P160kW_Descomp/station_3_d213
  C:\Users\TECNO-MASTER\Desktop\Elmo_infrastructure_sizing_NP-\output\DCH_septiembre\Bateria_353\Costo_fijo\Carga_libre\Carga_on_board_fixed_3estaciones_P160kW_Descomp/station_3_d244
  C:\Users\TECNO-MASTER\Desktop\Elmo_infrastructure_sizing_NP-\output\DCH_septiembre\Bateria_353\Costo_fijo\Carga_libre\Carga_on_board_fixed_3estaciones_P160kW_Descomp/station_3_d274
  C:\Users\TECNO-MASTER\Desktop\Elmo_infrastructure_sizing_NP-\output\DCH_septiembre\Bateria_353\Costo_fijo\Carga_libre\Carga_on_board_fixed_3estaciones_P160kW_Descomp/station_3_d305
  C:\Users\TECNO-MASTER\Desktop\Elmo_infrastructure_sizing_NP-\output\DCH_septiembre\Bateria_353\Costo_fijo\Carga_libre\Carga_on_board_fixed_3estaciones_P160kW_Descomp/station_3_d335
