C:\Users\TECNO-MASTER\anaconda3\lib\site-packages\pandas\core\indexes\base.py:6999: FutureWarning: In a future version, the Index constructor will not infer numeric dtypes when passed object-dtype sequences (matching Series behavior)
  return Index(sequences[0], name=names)
C:\Users\TECNO-MASTER\anaconda3\lib\site-packages\pandas\core\indexes\base.py:6999: FutureWarning: In a future version, the Index constructor will not infer numeric dtypes when passed object-dtype sequences (matching Series behavior)
  return Index(sequences[0], name=names)
C:\Users\TECNO-MASTER\anaconda3\lib\site-packages\pandas\core\indexes\base.py:6999: FutureWarning: In a future version, the Index constructor will not infer numeric dtypes when passed object-dtype sequences (matching Series behavior)
  return Index(sequences[0], name=names)
C:\Users\TECNO-MASTER\anaconda3\lib\site-packages\pandas\core\indexes\base.py:6999: FutureWarning: In a future version, the Index constructor will not infer numeric dtypes when passed object-dtype sequences (matching Series behavior)
  return Index(sequences[0], name=names)
C:\Users\TECNO-MASTER\anaconda3\lib\site-packages\pandas\core\indexes\base.py:6999: FutureWarning: In a future version, the Index constructor will not infer numeric dtypes when passed object-dtype sequences (matching Series behavior)
  return Index(sequences[0], name=names)
C:\Users\TECNO-MASTER\anaconda3\lib\site-packages\pandas\core\indexes\base.py:6999: FutureWarning: In a future version, the Index constructor will not infer numeric dtypes when passed object-dtype sequences (matching Series behavior)
  return Index(sequences[0], name=names)
C:\Users\TECNO-MASTER\anaconda3\lib\site-packages\pandas\core\indexes\base.py:6999: FutureWarning: In a future version, the Index constructor will not infer numeric dtypes when passed object-dtype sequences (matching Series behavior)
  return Index(sequences[0], name=names)
  [Fase 1 (infra libre)] estacion=station_1 dia=1 -> C:\Users\TECNO-MASTER\Desktop\Elmo_infrastructure_sizing_NP-\output\DCH_septiembre\Bateria_353\Costo_fijo\Swap_libre\Swap_fixed_3estaciones_640kW_Descomp/station_1_d1_stage1
formulation time: 6.478625297546387
Set parameter OutputFlag to value 1
Set parameter OutputFlag to value 1
Set parameter LogToConsole to value 1
Set parameter MIPGap to value 0.05
Set parameter TimeLimit to value 1200
Set parameter LogFile to value "C:\Users\TECNO-MASTER\Desktop\Elmo_infrastructure_sizing_NP-\output\DCH_septiembre\Bateria_353\Costo_fijo\Swap_libre\Swap_fixed_3estaciones_640kW_Descomp\station_1_d1_stage1\ELMO_log.txt"
Set parameter Threads to value 1
Set parameter Heuristics to value 0.5
Set parameter MIPFocus to value 3
Set parameter Presolve to value 2
Set parameter FlowCoverCuts to value 2
Gurobi Optimizer version 12.0.3 build v12.0.3rc0 (win64 - Windows 11+.0 (26200.2))

CPU model: Intel(R) Core(TM) i9-14900K, instruction set [SSE2|AVX|AVX2]
Thread count: 24 physical cores, 32 logical processors, using up to 1 threads

Non-default parameters:
TimeLimit  1200
MIPGap  0.05
Heuristics  0.5
MIPFocus  3
FlowCoverCuts  2
Presolve  2
Threads  1

Optimize a model with 26328 rows, 53707 columns and 242743 nonzeros
Model fingerprint: 0x95fe46c0
Variable types: 2099 continuous, 51608 integer (18485 binary)
Coefficient statistics:
  Matrix range     [1e+00, 6e+02]
  Objective range  [4e-01, 8e+04]
  Bounds range     [1e+00, 1e+01]
  RHS range        [1e+00, 1e+04]
C:\Users\TECNO-MASTER\anaconda3\lib\site-packages\pandas\core\indexes\base.py:6999: FutureWarning: In a future version, the Index constructor will not infer numeric dtypes when passed object-dtype sequences (matching Series behavior)
  return Index(sequences[0], name=names)
Presolve removed 23257 rows and 43609 columns
Presolve time: 0.13s
Presolved: 3071 rows, 10098 columns, 32053 nonzeros
Variable types: 824 continuous, 9274 integer (8474 binary)
Root relaxation presolved: 3071 rows, 10098 columns, 32053 nonzeros


Root relaxation: objective 2.346686e+05, 8133 iterations, 0.33 seconds (0.66 work units)

    Nodes    |    Current Node    |     Objective Bounds      |     Work
 Expl Unexpl |  Obj  Depth IntInf | Incumbent    BestBd   Gap | It/Node Time

     0     0 234668.606    0   18          - 234668.606      -     -    1s
     0     0 234668.606    0   20          - 234668.606      -     -    1s
     0     0 234668.724    0   27          - 234668.724      -     -    1s
  [Fase 1 (infra libre)] estacion=station_1 dia=32 -> C:\Users\TECNO-MASTER\Desktop\Elmo_infrastructure_sizing_NP-\output\DCH_septiembre\Bateria_353\Costo_fijo\Swap_libre\Swap_fixed_3estaciones_640kW_Descomp/station_1_d32_stage1
formulation time: 6.701314210891724
Set parameter OutputFlag to value 1
Set parameter OutputFlag to value 1
Set parameter LogToConsole to value 1
Set parameter MIPGap to value 0.05
Set parameter TimeLimit to value 1200
Set parameter LogFile to value "C:\Users\TECNO-MASTER\Desktop\Elmo_infrastructure_sizing_NP-\output\DCH_septiembre\Bateria_353\Costo_fijo\Swap_libre\Swap_fixed_3estaciones_640kW_Descomp\station_1_d32_stage1\ELMO_log.txt"
Set parameter Threads to value 1
Set parameter Heuristics to value 0.5
Set parameter MIPFocus to value 3
Set parameter Presolve to value 2
Set parameter FlowCoverCuts to value 2
Gurobi Optimizer version 12.0.3 build v12.0.3rc0 (win64 - Windows 11+.0 (26200.2))

CPU model: Intel(R) Core(TM) i9-14900K, instruction set [SSE2|AVX|AVX2]
Thread count: 24 physical cores, 32 logical processors, using up to 1 threads

Non-default parameters:
TimeLimit  1200
MIPGap  0.05
Heuristics  0.5
MIPFocus  3
FlowCoverCuts  2
Presolve  2
Threads  1

Optimize a model with 26328 rows, 53707 columns and 242743 nonzeros
Model fingerprint: 0x95fe46c0
Variable types: 2099 continuous, 51608 integer (18485 binary)
Coefficient statistics:
  Matrix range     [1e+00, 6e+02]
  Objective range  [4e-01, 8e+04]
  Bounds range     [1e+00, 1e+01]
  RHS range        [1e+00, 1e+04]
C:\Users\TECNO-MASTER\anaconda3\lib\site-packages\pandas\core\indexes\base.py:6999: FutureWarning: In a future version, the Index constructor will not infer numeric dtypes when passed object-dtype sequences (matching Series behavior)
  return Index(sequences[0], name=names)
Presolve removed 23257 rows and 43609 columns
Presolve time: 0.13s
Presolved: 3071 rows, 10098 columns, 32053 nonzeros
Variable types: 824 continuous, 9274 integer (8474 binary)
Root relaxation presolved: 3071 rows, 10098 columns, 32053 nonzeros

     0     0 234668.724    0   17          - 234668.724      -     -    1s
H    0     0                    399501.22222 234668.724  41.3%     -    1s
H    0     0                    319739.77778 234668.724  26.6%     -    1s
     0     0 234668.724    0  104 319739.778 234668.724  26.6%     -    1s

Root relaxation: objective 2.346686e+05, 8133 iterations, 0.42 seconds (0.66 work units)
     0     0 234668.724    0   19 319739.778 234668.724  26.6%     -    2s
H    0     0                    235682.55556 234668.724  0.43%     -    2s

Cutting planes:
  Gomory: 2
  Lift-and-project: 15
  Zero half: 1

Explored 1 nodes (18600 simplex iterations) in 2.34 seconds (4.10 work units)
Thread count was 1 (of 32 available processors)

Solution count 3: 235683 319740 399501 

Optimal solution found (tolerance 5.00e-02)
Best objective 2.356825555556e+05, best bound 2.346687243274e+05, gap 0.4302%

    Nodes    |    Current Node    |     Objective Bounds      |     Work
 Expl Unexpl |  Obj  Depth IntInf | Incumbent    BestBd   Gap | It/Node Time

     0     0 234668.606    0   18          - 234668.606      -     -    1s
     0     0 234668.606    0   20          - 234668.606      -     -    1s
  [Fase 1 (infra libre)] estacion=station_1 dia=60 -> C:\Users\TECNO-MASTER\Desktop\Elmo_infrastructure_sizing_NP-\output\DCH_septiembre\Bateria_353\Costo_fijo\Swap_libre\Swap_fixed_3estaciones_640kW_Descomp/station_1_d60_stage1
formulation time: 6.909613847732544
Set parameter OutputFlag to value 1
Set parameter OutputFlag to value 1
Set parameter LogToConsole to value 1
Set parameter MIPGap to value 0.05
Set parameter TimeLimit to value 1200
Set parameter LogFile to value "C:\Users\TECNO-MASTER\Desktop\Elmo_infrastructure_sizing_NP-\output\DCH_septiembre\Bateria_353\Costo_fijo\Swap_libre\Swap_fixed_3estaciones_640kW_Descomp\station_1_d60_stage1\ELMO_log.txt"
Set parameter Threads to value 1
Set parameter Heuristics to value 0.5
Set parameter MIPFocus to value 3
Set parameter Presolve to value 2
Set parameter FlowCoverCuts to value 2
     0     0 234668.724    0   27          - 234668.724      -     -    1s
Gurobi Optimizer version 12.0.3 build v12.0.3rc0 (win64 - Windows 11+.0 (26200.2))

CPU model: Intel(R) Core(TM) i9-14900K, instruction set [SSE2|AVX|AVX2]
Thread count: 24 physical cores, 32 logical processors, using up to 1 threads

Non-default parameters:
TimeLimit  1200
MIPGap  0.05
Heuristics  0.5
MIPFocus  3
FlowCoverCuts  2
Presolve  2
Threads  1

Optimize a model with 26328 rows, 53707 columns and 242743 nonzeros
Model fingerprint: 0x95fe46c0
Variable types: 2099 continuous, 51608 integer (18485 binary)
Coefficient statistics:
  Matrix range     [1e+00, 6e+02]
  Objective range  [4e-01, 8e+04]
  Bounds range     [1e+00, 1e+01]
  RHS range        [1e+00, 1e+04]
Presolve removed 23257 rows and 43609 columns
Presolve time: 0.13s
Presolved: 3071 rows, 10098 columns, 32053 nonzeros
Variable types: 824 continuous, 9274 integer (8474 binary)
Root relaxation presolved: 3071 rows, 10098 columns, 32053 nonzeros

C:\Users\TECNO-MASTER\anaconda3\lib\site-packages\pandas\core\indexes\base.py:6999: FutureWarning: In a future version, the Index constructor will not infer numeric dtypes when passed object-dtype sequences (matching Series behavior)
  return Index(sequences[0], name=names)
     0     0 234668.724    0   17          - 234668.724      -     -    1s
H    0     0                    399501.22222 234668.724  41.3%     -    1s
H    0     0                    319739.77778 234668.724  26.6%     -    2s
     0     0 234668.724    0  104 319739.778 234668.724  26.6%     -    2s

Root relaxation: objective 2.346686e+05, 8133 iterations, 0.34 seconds (0.66 work units)
     0     0 234668.724    0   19 319739.778 234668.724  26.6%     -    2s
H    0     0                    235682.55556 234668.724  0.43%     -    2s

Cutting planes:
  Gomory: 2
  Lift-and-project: 15
  Zero half: 1

Explored 1 nodes (18600 simplex iterations) in 2.50 seconds (4.10 work units)
Thread count was 1 (of 32 available processors)

Solution count 3: 235683 319740 399501 

Optimal solution found (tolerance 5.00e-02)
Best objective 2.356825555556e+05, best bound 2.346687243274e+05, gap 0.4302%

    Nodes    |    Current Node    |     Objective Bounds      |     Work
 Expl Unexpl |  Obj  Depth IntInf | Incumbent    BestBd   Gap | It/Node Time

     0     0 234668.606    0   18          - 234668.606      -     -    1s
     0     0 234668.606    0   20          - 234668.606      -     -    1s
     0     0 234668.724    0   27          - 234668.724      -     -    1s
  [Fase 1 (infra libre)] estacion=station_1 dia=91 -> C:\Users\TECNO-MASTER\Desktop\Elmo_infrastructure_sizing_NP-\output\DCH_septiembre\Bateria_353\Costo_fijo\Swap_libre\Swap_fixed_3estaciones_640kW_Descomp/station_1_d91_stage1
formulation time: 7.393147706985474
Set parameter OutputFlag to value 1
Set parameter OutputFlag to value 1
Set parameter LogToConsole to value 1
Set parameter MIPGap to value 0.05
Set parameter TimeLimit to value 1200
Set parameter LogFile to value "C:\Users\TECNO-MASTER\Desktop\Elmo_infrastructure_sizing_NP-\output\DCH_septiembre\Bateria_353\Costo_fijo\Swap_libre\Swap_fixed_3estaciones_640kW_Descomp\station_1_d91_stage1\ELMO_log.txt"
Set parameter Threads to value 1
Set parameter Heuristics to value 0.5
Set parameter MIPFocus to value 3
Set parameter Presolve to value 2
Set parameter FlowCoverCuts to value 2
Gurobi Optimizer version 12.0.3 build v12.0.3rc0 (win64 - Windows 11+.0 (26200.2))

CPU model: Intel(R) Core(TM) i9-14900K, instruction set [SSE2|AVX|AVX2]
Thread count: 24 physical cores, 32 logical processors, using up to 1 threads

Non-default parameters:
TimeLimit  1200
MIPGap  0.05
Heuristics  0.5
MIPFocus  3
FlowCoverCuts  2
Presolve  2
Threads  1

Optimize a model with 26358 rows, 53707 columns and 242803 nonzeros
Model fingerprint: 0x47cc41dd
Variable types: 2099 continuous, 51608 integer (18485 binary)
Coefficient statistics:
  Matrix range     [1e+00, 6e+02]
  Objective range  [4e-01, 8e+04]
  Bounds range     [1e+00, 1e+01]
  RHS range        [1e+00, 1e+04]
     0     0 234668.724    0   17          - 234668.724      -     -    1s
H    0     0                    399501.22222 234668.724  41.3%     -    1s
H    0     0                    319739.77778 234668.724  26.6%     -    1s
     0     0 234668.724    0  104 319739.778 234668.724  26.6%     -    1s
Presolve removed 23257 rows and 43638 columns
Presolve time: 0.13s
Presolved: 3101 rows, 10069 columns, 32143 nonzeros
Variable types: 824 continuous, 9245 integer (8474 binary)
Root relaxation presolved: 3101 rows, 10069 columns, 32143 nonzeros

C:\Users\TECNO-MASTER\anaconda3\lib\site-packages\pandas\core\indexes\base.py:6999: FutureWarning: In a future version, the Index constructor will not infer numeric dtypes when passed object-dtype sequences (matching Series behavior)
  return Index(sequences[0], name=names)
     0     0 234668.724    0   19 319739.778 234668.724  26.6%     -    2s
H    0     0                    235682.55556 234668.724  0.43%     -    2s

Cutting planes:
  Gomory: 2
  Lift-and-project: 15
  Zero half: 1

Explored 1 nodes (18600 simplex iterations) in 2.39 seconds (4.10 work units)
Thread count was 1 (of 32 available processors)

Solution count 3: 235683 319740 399501 

Optimal solution found (tolerance 5.00e-02)
Best objective 2.356825555556e+05, best bound 2.346687243274e+05, gap 0.4302%

Root relaxation: objective 2.346686e+05, 11825 iterations, 0.85 seconds (1.57 work units)

    Nodes    |    Current Node    |     Objective Bounds      |     Work
 Expl Unexpl |  Obj  Depth IntInf | Incumbent    BestBd   Gap | It/Node Time

     0     0 234668.606    0   34          - 234668.606      -     -    1s
H    0     0                    390320.77778 234668.606  39.9%     -    1s
H    0     0                    313520.77778 234668.606  25.2%     -    1s
  [Fase 1 (infra libre)] estacion=station_1 dia=121 -> C:\Users\TECNO-MASTER\Desktop\Elmo_infrastructure_sizing_NP-\output\DCH_septiembre\Bateria_353\Costo_fijo\Swap_libre\Swap_fixed_3estaciones_640kW_Descomp/station_1_d121_stage1
formulation time: 7.560931444168091
Set parameter OutputFlag to value 1
Set parameter OutputFlag to value 1
Set parameter LogToConsole to value 1
Set parameter MIPGap to value 0.05
Set parameter TimeLimit to value 1200
Set parameter LogFile to value "C:\Users\TECNO-MASTER\Desktop\Elmo_infrastructure_sizing_NP-\output\DCH_septiembre\Bateria_353\Costo_fijo\Swap_libre\Swap_fixed_3estaciones_640kW_Descomp\station_1_d121_stage1\ELMO_log.txt"
Set parameter Threads to value 1
Set parameter Heuristics to value 0.5
Set parameter MIPFocus to value 3
Set parameter Presolve to value 2
Set parameter FlowCoverCuts to value 2
Gurobi Optimizer version 12.0.3 build v12.0.3rc0 (win64 - Windows 11+.0 (26200.2))

CPU model: Intel(R) Core(TM) i9-14900K, instruction set [SSE2|AVX|AVX2]
Thread count: 24 physical cores, 32 logical processors, using up to 1 threads

Non-default parameters:
TimeLimit  1200
MIPGap  0.05
Heuristics  0.5
MIPFocus  3
FlowCoverCuts  2
Presolve  2
Threads  1

Optimize a model with 26358 rows, 53707 columns and 242803 nonzeros
Model fingerprint: 0x47cc41dd
Variable types: 2099 continuous, 51608 integer (18485 binary)
Coefficient statistics:
  Matrix range     [1e+00, 6e+02]
  Objective range  [4e-01, 8e+04]
  Bounds range     [1e+00, 1e+01]
  RHS range        [1e+00, 1e+04]
H    0     0                    312482.55556 234668.606  24.9%     -    1s
Presolve removed 23257 rows and 43638 columns
Presolve time: 0.13s
Presolved: 3101 rows, 10069 columns, 32143 nonzeros
Variable types: 824 continuous, 9245 integer (8474 binary)
Root relaxation presolved: 3101 rows, 10069 columns, 32143 nonzeros

C:\Users\TECNO-MASTER\anaconda3\lib\site-packages\pandas\core\indexes\base.py:6999: FutureWarning: In a future version, the Index constructor will not infer numeric dtypes when passed object-dtype sequences (matching Series behavior)
  return Index(sequences[0], name=names)
     0     0 234668.606    0   38 312482.556 234668.606  24.9%     -    2s
     0     0 234668.724    0  102 312482.556 234668.724  24.9%     -    2s
     0     0 234668.724    0  119 312482.556 234668.724  24.9%     -    2s

Root relaxation: objective 2.346686e+05, 11825 iterations, 0.85 seconds (1.57 work units)
     0     0 234668.724    0   46 312482.556 234668.724  24.9%     -    2s
     0     0 234668.724    0  102 312482.556 234668.724  24.9%     -    2s

    Nodes    |    Current Node    |     Objective Bounds      |     Work
 Expl Unexpl |  Obj  Depth IntInf | Incumbent    BestBd   Gap | It/Node Time

     0     0 234668.606    0   34          - 234668.606      -     -    1s
H    0     0                    390320.77778 234668.606  39.9%     -    1s
H    0     0                    313520.77778 234668.606  25.2%     -    1s
H    0     0                    312482.55556 234668.606  24.9%     -    1s
  [Fase 1 (infra libre)] estacion=station_1 dia=152 -> C:\Users\TECNO-MASTER\Desktop\Elmo_infrastructure_sizing_NP-\output\DCH_septiembre\Bateria_353\Costo_fijo\Swap_libre\Swap_fixed_3estaciones_640kW_Descomp/station_1_d152_stage1
formulation time: 7.8817760944366455
Set parameter OutputFlag to value 1
Set parameter OutputFlag to value 1
Set parameter LogToConsole to value 1
Set parameter MIPGap to value 0.05
Set parameter TimeLimit to value 1200
Set parameter LogFile to value "C:\Users\TECNO-MASTER\Desktop\Elmo_infrastructure_sizing_NP-\output\DCH_septiembre\Bateria_353\Costo_fijo\Swap_libre\Swap_fixed_3estaciones_640kW_Descomp\station_1_d152_stage1\ELMO_log.txt"
Set parameter Threads to value 1
Set parameter Heuristics to value 0.5
Set parameter MIPFocus to value 3
Set parameter Presolve to value 2
Set parameter FlowCoverCuts to value 2
Gurobi Optimizer version 12.0.3 build v12.0.3rc0 (win64 - Windows 11+.0 (26200.2))

CPU model: Intel(R) Core(TM) i9-14900K, instruction set [SSE2|AVX|AVX2]
Thread count: 24 physical cores, 32 logical processors, using up to 1 threads

Non-default parameters:
TimeLimit  1200
MIPGap  0.05
Heuristics  0.5
MIPFocus  3
FlowCoverCuts  2
Presolve  2
Threads  1

Optimize a model with 26358 rows, 53707 columns and 242803 nonzeros
Model fingerprint: 0x47cc41dd
Variable types: 2099 continuous, 51608 integer (18485 binary)
Coefficient statistics:
  Matrix range     [1e+00, 6e+02]
  Objective range  [4e-01, 8e+04]
  Bounds range     [1e+00, 1e+01]
  RHS range        [1e+00, 1e+04]
     0     0 234668.724    0   31 312482.556 234668.724  24.9%     -    3s
Presolve removed 23257 rows and 43638 columns
Presolve time: 0.14s
Presolved: 3101 rows, 10069 columns, 32143 nonzeros
Variable types: 824 continuous, 9245 integer (8474 binary)
Root relaxation presolved: 3101 rows, 10069 columns, 32143 nonzeros

     0     0 234668.724    0   31 312482.556 234668.724  24.9%     -    3s
C:\Users\TECNO-MASTER\anaconda3\lib\site-packages\pandas\core\indexes\base.py:6999: FutureWarning: In a future version, the Index constructor will not infer numeric dtypes when passed object-dtype sequences (matching Series behavior)
  return Index(sequences[0], name=names)
     0     0 234668.606    0   38 312482.556 234668.606  24.9%     -    2s
     0     0 234668.724    0  102 312482.556 234668.724  24.9%     -    2s
     0     0 234668.724    0  119 312482.556 234668.724  24.9%     -    2s
     0     0 234668.724    0   36 312482.556 234668.724  24.9%     -    3s
     0     0 234668.724    0   29 312482.556 234668.724  24.9%     -    4s
H    0     0                    235682.55556 234668.724  0.43%     -    4s

Cutting planes:
  Gomory: 2
  Lift-and-project: 1
  Flow cover: 1
  Zero half: 1
  RLT: 1
  Relax-and-lift: 1

Explored 1 nodes (24098 simplex iterations) in 4.27 seconds (6.95 work units)
Thread count was 1 (of 32 available processors)

Solution count 4: 235683 312483 313521 390321 

Optimal solution found (tolerance 5.00e-02)
Best objective 2.356825555556e+05, best bound 2.346687243274e+05, gap 0.4302%

Root relaxation: objective 2.346686e+05, 11825 iterations, 0.91 seconds (1.57 work units)
     0     0 234668.724    0   46 312482.556 234668.724  24.9%     -    2s
     0     0 234668.724    0  102 312482.556 234668.724  24.9%     -    3s

    Nodes    |    Current Node    |     Objective Bounds      |     Work
 Expl Unexpl |  Obj  Depth IntInf | Incumbent    BestBd   Gap | It/Node Time

     0     0 234668.606    0   34          - 234668.606      -     -    1s
H    0     0                    390320.77778 234668.606  39.9%     -    1s
H    0     0                    313520.77778 234668.606  25.2%     -    1s
  [Fase 1 (infra libre)] estacion=station_1 dia=182 -> C:\Users\TECNO-MASTER\Desktop\Elmo_infrastructure_sizing_NP-\output\DCH_septiembre\Bateria_353\Costo_fijo\Swap_libre\Swap_fixed_3estaciones_640kW_Descomp/station_1_d182_stage1
formulation time: 7.942344903945923
Set parameter OutputFlag to value 1
Set parameter OutputFlag to value 1
Set parameter LogToConsole to value 1
Set parameter MIPGap to value 0.05
Set parameter TimeLimit to value 1200
Set parameter LogFile to value "C:\Users\TECNO-MASTER\Desktop\Elmo_infrastructure_sizing_NP-\output\DCH_septiembre\Bateria_353\Costo_fijo\Swap_libre\Swap_fixed_3estaciones_640kW_Descomp\station_1_d182_stage1\ELMO_log.txt"
Set parameter Threads to value 1
Set parameter Heuristics to value 0.5
Set parameter MIPFocus to value 3
Set parameter Presolve to value 2
Set parameter FlowCoverCuts to value 2
Gurobi Optimizer version 12.0.3 build v12.0.3rc0 (win64 - Windows 11+.0 (26200.2))

CPU model: Intel(R) Core(TM) i9-14900K, instruction set [SSE2|AVX|AVX2]
Thread count: 24 physical cores, 32 logical processors, using up to 1 threads

Non-default parameters:
TimeLimit  1200
MIPGap  0.05
Heuristics  0.5
MIPFocus  3
FlowCoverCuts  2
Presolve  2
Threads  1

Optimize a model with 26358 rows, 53707 columns and 242803 nonzeros
Model fingerprint: 0x47cc41dd
Variable types: 2099 continuous, 51608 integer (18485 binary)
Coefficient statistics:
  Matrix range     [1e+00, 6e+02]
  Objective range  [4e-01, 8e+04]
  Bounds range     [1e+00, 1e+01]
  RHS range        [1e+00, 1e+04]
H    0     0                    312482.55556 234668.606  24.9%     -    1s
Presolve removed 23257 rows and 43638 columns
Presolve time: 0.14s
Presolved: 3101 rows, 10069 columns, 32143 nonzeros
Variable types: 824 continuous, 9245 integer (8474 binary)
Root relaxation presolved: 3101 rows, 10069 columns, 32143 nonzeros

     0     0 234668.724    0   31 312482.556 234668.724  24.9%     -    3s
C:\Users\TECNO-MASTER\anaconda3\lib\site-packages\pandas\core\indexes\base.py:6999: FutureWarning: In a future version, the Index constructor will not infer numeric dtypes when passed object-dtype sequences (matching Series behavior)
  return Index(sequences[0], name=names)
     0     0 234668.724    0   31 312482.556 234668.724  24.9%     -    3s
     0     0 234668.606    0   38 312482.556 234668.606  24.9%     -    2s
     0     0 234668.724    0  102 312482.556 234668.724  24.9%     -    2s
     0     0 234668.724    0  119 312482.556 234668.724  24.9%     -    2s
     0     0 234668.724    0   36 312482.556 234668.724  24.9%     -    4s
     0     0 234668.724    0   29 312482.556 234668.724  24.9%     -    4s
H    0     0                    235682.55556 234668.724  0.43%     -    4s

Cutting planes:
  Gomory: 2
  Lift-and-project: 1
  Flow cover: 1
  Zero half: 1
  RLT: 1
  Relax-and-lift: 1

Explored 1 nodes (24098 simplex iterations) in 4.52 seconds (6.95 work units)
Thread count was 1 (of 32 available processors)

Solution count 4: 235683 312483 313521 390321 

Optimal solution found (tolerance 5.00e-02)
Best objective 2.356825555556e+05, best bound 2.346687243274e+05, gap 0.4302%
     0     0 234668.724    0   46 312482.556 234668.724  24.9%     -    2s

Root relaxation: objective 2.346686e+05, 11825 iterations, 1.01 seconds (1.57 work units)
  [Fase 1 (infra libre)] estacion=station_1 dia=213 -> C:\Users\TECNO-MASTER\Desktop\Elmo_infrastructure_sizing_NP-\output\DCH_septiembre\Bateria_353\Costo_fijo\Swap_libre\Swap_fixed_3estaciones_640kW_Descomp/station_1_d213_stage1
formulation time: 7.6441473960876465
Set parameter OutputFlag to value 1
Set parameter OutputFlag to value 1
Set parameter LogToConsole to value 1
Set parameter MIPGap to value 0.05
Set parameter TimeLimit to value 1200
Set parameter LogFile to value "C:\Users\TECNO-MASTER\Desktop\Elmo_infrastructure_sizing_NP-\output\DCH_septiembre\Bateria_353\Costo_fijo\Swap_libre\Swap_fixed_3estaciones_640kW_Descomp\station_1_d213_stage1\ELMO_log.txt"
Set parameter Threads to value 1
Set parameter Heuristics to value 0.5
Set parameter MIPFocus to value 3
Set parameter Presolve to value 2
Set parameter FlowCoverCuts to value 2
Gurobi Optimizer version 12.0.3 build v12.0.3rc0 (win64 - Windows 11+.0 (26200.2))

CPU model: Intel(R) Core(TM) i9-14900K, instruction set [SSE2|AVX|AVX2]
Thread count: 24 physical cores, 32 logical processors, using up to 1 threads

Non-default parameters:
TimeLimit  1200
MIPGap  0.05
Heuristics  0.5
MIPFocus  3
FlowCoverCuts  2
Presolve  2
Threads  1

Optimize a model with 26358 rows, 53707 columns and 242803 nonzeros
Model fingerprint: 0x47cc41dd
Variable types: 2099 continuous, 51608 integer (18485 binary)
Coefficient statistics:
  Matrix range     [1e+00, 6e+02]
  Objective range  [4e-01, 8e+04]
  Bounds range     [1e+00, 1e+01]
  RHS range        [1e+00, 1e+04]
     0     0 234668.724    0  102 312482.556 234668.724  24.9%     -    3s
Presolve removed 23257 rows and 43638 columns
Presolve time: 0.13s
Presolved: 3101 rows, 10069 columns, 32143 nonzeros
Variable types: 824 continuous, 9245 integer (8474 binary)
Root relaxation presolved: 3101 rows, 10069 columns, 32143 nonzeros


    Nodes    |    Current Node    |     Objective Bounds      |     Work
 Expl Unexpl |  Obj  Depth IntInf | Incumbent    BestBd   Gap | It/Node Time

     0     0 234668.606    0   34          - 234668.606      -     -    1s
H    0     0                    390320.77778 234668.606  39.9%     -    1s
H    0     0                    313520.77778 234668.606  25.2%     -    1s
H    0     0                    312482.55556 234668.606  24.9%     -    1s
     0     0 234668.724    0   31 312482.556 234668.724  24.9%     -    3s
C:\Users\TECNO-MASTER\anaconda3\lib\site-packages\pandas\core\indexes\base.py:6999: FutureWarning: In a future version, the Index constructor will not infer numeric dtypes when passed object-dtype sequences (matching Series behavior)
  return Index(sequences[0], name=names)
     0     0 234668.724    0   31 312482.556 234668.724  24.9%     -    3s

Root relaxation: objective 2.346686e+05, 11825 iterations, 0.87 seconds (1.57 work units)
     0     0 234668.606    0   38 312482.556 234668.606  24.9%     -    2s
     0     0 234668.724    0   36 312482.556 234668.724  24.9%     -    4s
     0     0 234668.724    0  102 312482.556 234668.724  24.9%     -    2s
     0     0 234668.724    0  119 312482.556 234668.724  24.9%     -    2s
     0     0 234668.724    0   29 312482.556 234668.724  24.9%     -    4s
H    0     0                    235682.55556 234668.724  0.43%     -    4s

Cutting planes:
  Gomory: 2
  Lift-and-project: 1
  Flow cover: 1
  Zero half: 1
  RLT: 1
  Relax-and-lift: 1

Explored 1 nodes (24098 simplex iterations) in 4.51 seconds (6.95 work units)
Thread count was 1 (of 32 available processors)

Solution count 4: 235683 312483 313521 390321 

Optimal solution found (tolerance 5.00e-02)
Best objective 2.356825555556e+05, best bound 2.346687243274e+05, gap 0.4302%

    Nodes    |    Current Node    |     Objective Bounds      |     Work
 Expl Unexpl |  Obj  Depth IntInf | Incumbent    BestBd   Gap | It/Node Time

     0     0 234668.606    0   34          - 234668.606      -     -    1s
H    0     0                    390320.77778 234668.606  39.9%     -    1s
H    0     0                    313520.77778 234668.606  25.2%     -    1s
H    0     0                    312482.55556 234668.606  24.9%     -    1s
     0     0 234668.724    0   46 312482.556 234668.724  24.9%     -    3s
     0     0 234668.724    0  102 312482.556 234668.724  24.9%     -    3s
     0     0 234668.606    0   38 312482.556 234668.606  24.9%     -    2s
  [Fase 1 (infra libre)] estacion=station_1 dia=244 -> C:\Users\TECNO-MASTER\Desktop\Elmo_infrastructure_sizing_NP-\output\DCH_septiembre\Bateria_353\Costo_fijo\Swap_libre\Swap_fixed_3estaciones_640kW_Descomp/station_1_d244_stage1
formulation time: 8.143103837966919
Set parameter OutputFlag to value 1
Set parameter OutputFlag to value 1
Set parameter LogToConsole to value 1
Set parameter MIPGap to value 0.05
Set parameter TimeLimit to value 1200
Set parameter LogFile to value "C:\Users\TECNO-MASTER\Desktop\Elmo_infrastructure_sizing_NP-\output\DCH_septiembre\Bateria_353\Costo_fijo\Swap_libre\Swap_fixed_3estaciones_640kW_Descomp\station_1_d244_stage1\ELMO_log.txt"
Set parameter Threads to value 1
Set parameter Heuristics to value 0.5
Set parameter MIPFocus to value 3
Set parameter Presolve to value 2
Set parameter FlowCoverCuts to value 2
Gurobi Optimizer version 12.0.3 build v12.0.3rc0 (win64 - Windows 11+.0 (26200.2))

CPU model: Intel(R) Core(TM) i9-14900K, instruction set [SSE2|AVX|AVX2]
Thread count: 24 physical cores, 32 logical processors, using up to 1 threads

Non-default parameters:
TimeLimit  1200
MIPGap  0.05
Heuristics  0.5
MIPFocus  3
FlowCoverCuts  2
Presolve  2
Threads  1

Optimize a model with 26358 rows, 53707 columns and 242803 nonzeros
Model fingerprint: 0x47cc41dd
Variable types: 2099 continuous, 51608 integer (18485 binary)
Coefficient statistics:
  Matrix range     [1e+00, 6e+02]
  Objective range  [4e-01, 8e+04]
  Bounds range     [1e+00, 1e+01]
  RHS range        [1e+00, 1e+04]
     0     0 234668.724    0  102 312482.556 234668.724  24.9%     -    2s
     0     0 234668.724    0  119 312482.556 234668.724  24.9%     -    2s
Presolve removed 23257 rows and 43638 columns
Presolve time: 0.14s
Presolved: 3101 rows, 10069 columns, 32143 nonzeros
Variable types: 824 continuous, 9245 integer (8474 binary)
Root relaxation presolved: 3101 rows, 10069 columns, 32143 nonzeros

     0     0 234668.724    0   31 312482.556 234668.724  24.9%     -    3s
C:\Users\TECNO-MASTER\anaconda3\lib\site-packages\pandas\core\indexes\base.py:6999: FutureWarning: In a future version, the Index constructor will not infer numeric dtypes when passed object-dtype sequences (matching Series behavior)
  return Index(sequences[0], name=names)
     0     0 234668.724    0   31 312482.556 234668.724  24.9%     -    4s
     0     0 234668.724    0   46 312482.556 234668.724  24.9%     -    2s
     0     0 234668.724    0  102 312482.556 234668.724  24.9%     -    3s
     0     0 234668.724    0   36 312482.556 234668.724  24.9%     -    4s
     0     0 234668.724    0   29 312482.556 234668.724  24.9%     -    4s

Root relaxation: objective 2.346686e+05, 11825 iterations, 0.94 seconds (1.57 work units)
H    0     0                    235682.55556 234668.724  0.43%     -    4s

Cutting planes:
  Gomory: 2
  Lift-and-project: 1
  Flow cover: 1
  Zero half: 1
  RLT: 1
  Relax-and-lift: 1

Explored 1 nodes (24098 simplex iterations) in 4.68 seconds (6.95 work units)
Thread count was 1 (of 32 available processors)

Solution count 4: 235683 312483 313521 390321 

Optimal solution found (tolerance 5.00e-02)
Best objective 2.356825555556e+05, best bound 2.346687243274e+05, gap 0.4302%
     0     0 234668.724    0   31 312482.556 234668.724  24.9%     -    3s
     0     0 234668.724    0   31 312482.556 234668.724  24.9%     -    3s

    Nodes    |    Current Node    |     Objective Bounds      |     Work
 Expl Unexpl |  Obj  Depth IntInf | Incumbent    BestBd   Gap | It/Node Time

     0     0 234668.606    0   34          - 234668.606      -     -    1s
H    0     0                    390320.77778 234668.606  39.9%     -    1s
H    0     0                    313520.77778 234668.606  25.2%     -    1s
     0     0 234668.724    0   36 312482.556 234668.724  24.9%     -    4s
H    0     0                    312482.55556 234668.606  24.9%     -    1s
     0     0 234668.724    0   29 312482.556 234668.724  24.9%     -    4s
  [Fase 1 (infra libre)] estacion=station_1 dia=274 -> C:\Users\TECNO-MASTER\Desktop\Elmo_infrastructure_sizing_NP-\output\DCH_septiembre\Bateria_353\Costo_fijo\Swap_libre\Swap_fixed_3estaciones_640kW_Descomp/station_1_d274_stage1
formulation time: 8.540918588638306
Set parameter OutputFlag to value 1
Set parameter OutputFlag to value 1
Set parameter LogToConsole to value 1
Set parameter MIPGap to value 0.05
Set parameter TimeLimit to value 1200
Set parameter LogFile to value "C:\Users\TECNO-MASTER\Desktop\Elmo_infrastructure_sizing_NP-\output\DCH_septiembre\Bateria_353\Costo_fijo\Swap_libre\Swap_fixed_3estaciones_640kW_Descomp\station_1_d274_stage1\ELMO_log.txt"
Set parameter Threads to value 1
Set parameter Heuristics to value 0.5
Set parameter MIPFocus to value 3
Set parameter Presolve to value 2
Set parameter FlowCoverCuts to value 2
Gurobi Optimizer version 12.0.3 build v12.0.3rc0 (win64 - Windows 11+.0 (26200.2))

CPU model: Intel(R) Core(TM) i9-14900K, instruction set [SSE2|AVX|AVX2]
Thread count: 24 physical cores, 32 logical processors, using up to 1 threads

Non-default parameters:
TimeLimit  1200
MIPGap  0.05
Heuristics  0.5
MIPFocus  3
FlowCoverCuts  2
Presolve  2
Threads  1

Optimize a model with 26328 rows, 53707 columns and 242743 nonzeros
Model fingerprint: 0x95fe46c0
Variable types: 2099 continuous, 51608 integer (18485 binary)
Coefficient statistics:
  Matrix range     [1e+00, 6e+02]
  Objective range  [4e-01, 8e+04]
  Bounds range     [1e+00, 1e+01]
  RHS range        [1e+00, 1e+04]
H    0     0                    235682.55556 234668.724  0.43%     -    4s

Cutting planes:
  Gomory: 2
  Lift-and-project: 1
  Flow cover: 1
  Zero half: 1
  RLT: 1
  Relax-and-lift: 1

Explored 1 nodes (24098 simplex iterations) in 4.44 seconds (6.95 work units)
Thread count was 1 (of 32 available processors)

Solution count 4: 235683 312483 313521 390321 

Optimal solution found (tolerance 5.00e-02)
Best objective 2.356825555556e+05, best bound 2.346687243274e+05, gap 0.4302%
C:\Users\TECNO-MASTER\anaconda3\lib\site-packages\pandas\core\indexes\base.py:6999: FutureWarning: In a future version, the Index constructor will not infer numeric dtypes when passed object-dtype sequences (matching Series behavior)
  return Index(sequences[0], name=names)
     0     0 234668.606    0   38 312482.556 234668.606  24.9%     -    2s
Presolve removed 23257 rows and 43609 columns
Presolve time: 0.14s
Presolved: 3071 rows, 10098 columns, 32053 nonzeros
Variable types: 824 continuous, 9274 integer (8474 binary)
Root relaxation presolved: 3071 rows, 10098 columns, 32053 nonzeros

     0     0 234668.724    0  102 312482.556 234668.724  24.9%     -    2s
     0     0 234668.724    0  119 312482.556 234668.724  24.9%     -    2s

Root relaxation: objective 2.346686e+05, 8133 iterations, 0.36 seconds (0.66 work units)
     0     0 234668.724    0   46 312482.556 234668.724  24.9%     -    3s
     0     0 234668.724    0  102 312482.556 234668.724  24.9%     -    3s

    Nodes    |    Current Node    |     Objective Bounds      |     Work
 Expl Unexpl |  Obj  Depth IntInf | Incumbent    BestBd   Gap | It/Node Time

     0     0 234668.606    0   18          - 234668.606      -     -    1s
     0     0 234668.606    0   20          - 234668.606      -     -    1s
     0     0 234668.724    0   27          - 234668.724      -     -    1s
     0     0 234668.724    0   31 312482.556 234668.724  24.9%     -    3s
     0     0 234668.724    0   31 312482.556 234668.724  24.9%     -    4s
C:\Users\TECNO-MASTER\anaconda3\lib\site-packages\pandas\core\indexes\base.py:6999: FutureWarning: In a future version, the Index constructor will not infer numeric dtypes when passed object-dtype sequences (matching Series behavior)
  return Index(sequences[0], name=names)
  [Fase 1 (infra libre)] estacion=station_2 dia=1 -> C:\Users\TECNO-MASTER\Desktop\Elmo_infrastructure_sizing_NP-\output\DCH_septiembre\Bateria_353\Costo_fijo\Swap_libre\Swap_fixed_3estaciones_640kW_Descomp/station_2_d1_stage1
formulation time: 8.939939498901367
Set parameter OutputFlag to value 1
Set parameter OutputFlag to value 1
Set parameter LogToConsole to value 1
Set parameter MIPGap to value 0.05
Set parameter TimeLimit to value 1200
Set parameter LogFile to value "C:\Users\TECNO-MASTER\Desktop\Elmo_infrastructure_sizing_NP-\output\DCH_septiembre\Bateria_353\Costo_fijo\Swap_libre\Swap_fixed_3estaciones_640kW_Descomp\station_2_d1_stage1\ELMO_log.txt"
Set parameter Threads to value 1
Set parameter Heuristics to value 0.5
Set parameter MIPFocus to value 3
Set parameter Presolve to value 2
Set parameter FlowCoverCuts to value 2
Gurobi Optimizer version 12.0.3 build v12.0.3rc0 (win64 - Windows 11+.0 (26200.2))

CPU model: Intel(R) Core(TM) i9-14900K, instruction set [SSE2|AVX|AVX2]
Thread count: 24 physical cores, 32 logical processors, using up to 1 threads

Non-default parameters:
TimeLimit  1200
MIPGap  0.05
Heuristics  0.5
MIPFocus  3
FlowCoverCuts  2
Presolve  2
Threads  1

Optimize a model with 26358 rows, 54733 columns and 247795 nonzeros
Model fingerprint: 0x8975989b
Variable types: 2129 continuous, 52604 integer (19481 binary)
Coefficient statistics:
  Matrix range     [1e+00, 6e+02]
  Objective range  [4e-01, 8e+04]
  Bounds range     [1e+00, 1e+01]
  RHS range        [1e+00, 1e+04]
     0     0 234668.724    0   17          - 234668.724      -     -    2s
H    0     0                    399501.22222 234668.724  41.3%     -    2s
H    0     0                    319739.77778 234668.724  26.6%     -    2s
     0     0 234668.724    0  104 319739.778 234668.724  26.6%     -    2s
     0     0 234668.724    0   36 312482.556 234668.724  24.9%     -    4s
Presolve removed 23281 rows and 44120 columns
Presolve time: 0.14s
Presolved: 3077 rows, 10613 columns, 33677 nonzeros
Variable types: 824 continuous, 9789 integer (8984 binary)
Root relaxation presolved: 3077 rows, 10613 columns, 33677 nonzeros

     0     0 234668.724    0   29 312482.556 234668.724  24.9%     -    4s
H    0     0                    235682.55556 234668.724  0.43%     -    4s

Cutting planes:
  Gomory: 2
  Lift-and-project: 1
  Flow cover: 1
  Zero half: 1
  RLT: 1
  Relax-and-lift: 1

Explored 1 nodes (24098 simplex iterations) in 4.68 seconds (6.95 work units)
Thread count was 1 (of 32 available processors)

Solution count 4: 235683 312483 313521 390321 

Optimal solution found (tolerance 5.00e-02)
Best objective 2.356825555556e+05, best bound 2.346687243274e+05, gap 0.4302%
     0     0 234668.724    0   19 319739.778 234668.724  26.6%     -    2s
H    0     0                    235682.55556 234668.724  0.43%     -    2s

Cutting planes:
  Gomory: 2
  Lift-and-project: 15
  Zero half: 1

Explored 1 nodes (18600 simplex iterations) in 2.66 seconds (4.10 work units)
Thread count was 1 (of 32 available processors)

Solution count 3: 235683 319740 399501 

Optimal solution found (tolerance 5.00e-02)
Best objective 2.356825555556e+05, best bound 2.346687243274e+05, gap 0.4302%

Root relaxation: objective 2.349078e+05, 10319 iterations, 0.71 seconds (1.22 work units)
  [Fase 1 (infra libre)] estacion=station_2 dia=91 -> C:\Users\TECNO-MASTER\Desktop\Elmo_infrastructure_sizing_NP-\output\DCH_septiembre\Bateria_353\Costo_fijo\Swap_libre\Swap_fixed_3estaciones_640kW_Descomp/station_2_d91_stage1
formulation time: 8.83092737197876
Set parameter OutputFlag to value 1
Set parameter OutputFlag to value 1
Set parameter LogToConsole to value 1
Set parameter MIPGap to value 0.05
Set parameter TimeLimit to value 1200
Set parameter LogFile to value "C:\Users\TECNO-MASTER\Desktop\Elmo_infrastructure_sizing_NP-\output\DCH_septiembre\Bateria_353\Costo_fijo\Swap_libre\Swap_fixed_3estaciones_640kW_Descomp\station_2_d91_stage1\ELMO_log.txt"
Set parameter Threads to value 1
Set parameter Heuristics to value 0.5
Set parameter MIPFocus to value 3
Set parameter Presolve to value 2
Set parameter FlowCoverCuts to value 2
Gurobi Optimizer version 12.0.3 build v12.0.3rc0 (win64 - Windows 11+.0 (26200.2))

CPU model: Intel(R) Core(TM) i9-14900K, instruction set [SSE2|AVX|AVX2]
Thread count: 24 physical cores, 32 logical processors, using up to 1 threads


    Nodes    |    Current Node    |     Objective Bounds      |     Work
 Expl Unexpl |  Obj  Depth IntInf | Incumbent    BestBd   Gap | It/Node Time

     0     0 234907.821    0   32          - 234907.821      -     -    1s
Non-default parameters:
TimeLimit  1200
MIPGap  0.05
Heuristics  0.5
MIPFocus  3
FlowCoverCuts  2
Presolve  2
Threads  1

Optimize a model with 26388 rows, 54733 columns and 247855 nonzeros
Model fingerprint: 0xd0190aea
Variable types: 2129 continuous, 52604 integer (19481 binary)
Coefficient statistics:
  Matrix range     [1e+00, 6e+02]
  Objective range  [4e-01, 8e+04]
  Bounds range     [1e+00, 1e+01]
  RHS range        [1e+00, 1e+04]
C:\Users\TECNO-MASTER\anaconda3\lib\site-packages\pandas\core\indexes\base.py:6999: FutureWarning: In a future version, the Index constructor will not infer numeric dtypes when passed object-dtype sequences (matching Series behavior)
  return Index(sequences[0], name=names)
Presolve removed 23281 rows and 44149 columns
Presolve time: 0.14s
Presolved: 3107 rows, 10584 columns, 33767 nonzeros
Variable types: 824 continuous, 9760 integer (8984 binary)
Root relaxation presolved: 3107 rows, 10584 columns, 33767 nonzeros

     0     0 234907.965    0   46          - 234907.965      -     -    2s
     0     0 234907.965    0   59          - 234907.965      -     -    2s
Warning: Markowitz tolerance tightened to 0.03125

Root relaxation: objective 2.349078e+05, 10647 iterations, 0.73 seconds (1.30 work units)
     0     0 234907.965    0   49          - 234907.965      -     -    2s
     0     0 234907.965    0   53          - 234907.965      -     -    2s

    Nodes    |    Current Node    |     Objective Bounds      |     Work
 Expl Unexpl |  Obj  Depth IntInf | Incumbent    BestBd   Gap | It/Node Time

     0     0 234907.821    0   37          - 234907.821      -     -    1s
H    0     0                    313520.77778 234907.821  25.1%     -    1s
     0     0 234907.965    0   42          - 234907.965      -     -    3s
     0     0 234907.965    0   49          - 234907.965      -     -    3s
  [Fase 1 (infra libre)] estacion=station_1 dia=305 -> C:\Users\TECNO-MASTER\Desktop\Elmo_infrastructure_sizing_NP-\output\DCH_septiembre\Bateria_353\Costo_fijo\Swap_libre\Swap_fixed_3estaciones_640kW_Descomp/station_1_d305_stage1
formulation time: 8.754881858825684
Set parameter OutputFlag to value 1
Set parameter OutputFlag to value 1
Set parameter LogToConsole to value 1
Set parameter MIPGap to value 0.05
Set parameter TimeLimit to value 1200
Set parameter LogFile to value "C:\Users\TECNO-MASTER\Desktop\Elmo_infrastructure_sizing_NP-\output\DCH_septiembre\Bateria_353\Costo_fijo\Swap_libre\Swap_fixed_3estaciones_640kW_Descomp\station_1_d305_stage1\ELMO_log.txt"
Set parameter Threads to value 1
Set parameter Heuristics to value 0.5
Set parameter MIPFocus to value 3
Set parameter Presolve to value 2
Set parameter FlowCoverCuts to value 2
Gurobi Optimizer version 12.0.3 build v12.0.3rc0 (win64 - Windows 11+.0 (26200.2))

CPU model: Intel(R) Core(TM) i9-14900K, instruction set [SSE2|AVX|AVX2]
Thread count: 24 physical cores, 32 logical processors, using up to 1 threads

Non-default parameters:
TimeLimit  1200
MIPGap  0.05
Heuristics  0.5
MIPFocus  3
FlowCoverCuts  2
Presolve  2
Threads  1

Optimize a model with 26328 rows, 53707 columns and 242743 nonzeros
Model fingerprint: 0x95fe46c0
Variable types: 2099 continuous, 51608 integer (18485 binary)
Coefficient statistics:
  Matrix range     [1e+00, 6e+02]
  Objective range  [4e-01, 8e+04]
  Bounds range     [1e+00, 1e+01]
  RHS range        [1e+00, 1e+04]
C:\Users\TECNO-MASTER\anaconda3\lib\site-packages\pandas\core\indexes\base.py:6999: FutureWarning: In a future version, the Index constructor will not infer numeric dtypes when passed object-dtype sequences (matching Series behavior)
  return Index(sequences[0], name=names)
Presolve removed 23257 rows and 43609 columns
Presolve time: 0.13s
Presolved: 3071 rows, 10098 columns, 32053 nonzeros
Variable types: 824 continuous, 9274 integer (8474 binary)
Root relaxation presolved: 3071 rows, 10098 columns, 32053 nonzeros

     0     0 234907.965    0   27          - 234907.965      -     -    3s

Root relaxation: objective 2.346686e+05, 8133 iterations, 0.35 seconds (0.66 work units)
     0     0 234907.821    0   25 313520.778 234907.821  25.1%     -    2s
     0     0 234907.965    0   44          - 234907.965      -     -    4s
     0     0 234907.965    0   85 313520.778 234907.965  25.1%     -    2s
     0     0 234907.965    0   85 313520.778 234907.965  25.1%     -    2s
     0     0 234907.965    0   44          - 234907.965      -     -    4s
H    0     0                    238278.11111 234907.965  1.41%     -    4s

Cutting planes:
  Gomory: 2
  Lift-and-project: 7
  MIR: 2
  Flow cover: 2
  Relax-and-lift: 1

Explored 1 nodes (26480 simplex iterations) in 4.37 seconds (6.75 work units)
Thread count was 1 (of 32 available processors)

Solution count 1: 238278 

Optimal solution found (tolerance 5.00e-02)
Best objective 2.382781111111e+05, best bound 2.349079653952e+05, gap 1.4144%

    Nodes    |    Current Node    |     Objective Bounds      |     Work
 Expl Unexpl |  Obj  Depth IntInf | Incumbent    BestBd   Gap | It/Node Time

     0     0 234668.606    0   18          - 234668.606      -     -    1s
     0     0 234907.965    0   26 313520.778 234907.965  25.1%     -    2s
     0     0 234907.965    0   61 313520.778 234907.965  25.1%     -    2s
     0     0 234668.606    0   20          - 234668.606      -     -    1s
     0     0 234668.724    0   27          - 234668.724      -     -    1s
     0     0 234907.965    0   22 313520.778 234907.965  25.1%     -    3s
     0     0 234907.965    0   25 313520.778 234907.965  25.1%     -    3s
C:\Users\TECNO-MASTER\anaconda3\lib\site-packages\pandas\core\indexes\base.py:6999: FutureWarning: In a future version, the Index constructor will not infer numeric dtypes when passed object-dtype sequences (matching Series behavior)
  return Index(sequences[0], name=names)
     0     0 234668.724    0   17          - 234668.724      -     -    2s
H    0     0                    399501.22222 234668.724  41.3%     -    2s
H    0     0                    319739.77778 234668.724  26.6%     -    2s
     0     0 234668.724    0  104 319739.778 234668.724  26.6%     -    2s
     0     0 234907.965    0   20 313520.778 234907.965  25.1%     -    3s
  [Fase 1 (infra libre)] estacion=station_2 dia=60 -> C:\Users\TECNO-MASTER\Desktop\Elmo_infrastructure_sizing_NP-\output\DCH_septiembre\Bateria_353\Costo_fijo\Swap_libre\Swap_fixed_3estaciones_640kW_Descomp/station_2_d60_stage1
formulation time: 9.130406379699707
Set parameter OutputFlag to value 1
Set parameter OutputFlag to value 1
Set parameter LogToConsole to value 1
Set parameter MIPGap to value 0.05
Set parameter TimeLimit to value 1200
Set parameter LogFile to value "C:\Users\TECNO-MASTER\Desktop\Elmo_infrastructure_sizing_NP-\output\DCH_septiembre\Bateria_353\Costo_fijo\Swap_libre\Swap_fixed_3estaciones_640kW_Descomp\station_2_d60_stage1\ELMO_log.txt"
Set parameter Threads to value 1
Set parameter Heuristics to value 0.5
Set parameter MIPFocus to value 3
Set parameter Presolve to value 2
Set parameter FlowCoverCuts to value 2
Gurobi Optimizer version 12.0.3 build v12.0.3rc0 (win64 - Windows 11+.0 (26200.2))

CPU model: Intel(R) Core(TM) i9-14900K, instruction set [SSE2|AVX|AVX2]
Thread count: 24 physical cores, 32 logical processors, using up to 1 threads

Non-default parameters:
TimeLimit  1200
MIPGap  0.05
Heuristics  0.5
MIPFocus  3
FlowCoverCuts  2
Presolve  2
Threads  1

Optimize a model with 26358 rows, 54733 columns and 247795 nonzeros
Model fingerprint: 0x8975989b
Variable types: 2129 continuous, 52604 integer (19481 binary)
Coefficient statistics:
  Matrix range     [1e+00, 6e+02]
  Objective range  [4e-01, 8e+04]
  Bounds range     [1e+00, 1e+01]
  RHS range        [1e+00, 1e+04]
     0     0 234907.965    0   20 313520.778 234907.965  25.1%     -    4s
Presolve removed 23281 rows and 44120 columns
Presolve time: 0.14s
Presolved: 3077 rows, 10613 columns, 33677 nonzeros
Variable types: 824 continuous, 9789 integer (8984 binary)
Root relaxation presolved: 3077 rows, 10613 columns, 33677 nonzeros

     0     0 234668.724    0   19 319739.778 234668.724  26.6%     -    2s
H    0     0                    235682.55556 234668.724  0.43%     -    2s

Cutting planes:
  Gomory: 2
  Lift-and-project: 15
  Zero half: 1

Explored 1 nodes (18600 simplex iterations) in 2.60 seconds (4.10 work units)
Thread count was 1 (of 32 available processors)

Solution count 3: 235683 319740 399501 

Optimal solution found (tolerance 5.00e-02)
Best objective 2.356825555556e+05, best bound 2.346687243274e+05, gap 0.4302%
H    0     0                    313001.66667 234907.965  24.9%     -    4s
H    0     0                    312482.55556 234907.965  24.8%     -    4s

Root relaxation: objective 2.349078e+05, 10319 iterations, 0.72 seconds (1.22 work units)
  [Fase 1 (infra libre)] estacion=station_1 dia=335 -> C:\Users\TECNO-MASTER\Desktop\Elmo_infrastructure_sizing_NP-\output\DCH_septiembre\Bateria_353\Costo_fijo\Swap_libre\Swap_fixed_3estaciones_640kW_Descomp/station_1_d335_stage1
formulation time: 8.4032301902771
Set parameter OutputFlag to value 1
Set parameter OutputFlag to value 1
Set parameter LogToConsole to value 1
Set parameter MIPGap to value 0.05
Set parameter TimeLimit to value 1200
Set parameter LogFile to value "C:\Users\TECNO-MASTER\Desktop\Elmo_infrastructure_sizing_NP-\output\DCH_septiembre\Bateria_353\Costo_fijo\Swap_libre\Swap_fixed_3estaciones_640kW_Descomp\station_1_d335_stage1\ELMO_log.txt"
Set parameter Threads to value 1
Set parameter Heuristics to value 0.5
Set parameter MIPFocus to value 3
Set parameter Presolve to value 2
Set parameter FlowCoverCuts to value 2
Gurobi Optimizer version 12.0.3 build v12.0.3rc0 (win64 - Windows 11+.0 (26200.2))

CPU model: Intel(R) Core(TM) i9-14900K, instruction set [SSE2|AVX|AVX2]
Thread count: 24 physical cores, 32 logical processors, using up to 1 threads

Non-default parameters:
TimeLimit  1200
MIPGap  0.05
Heuristics  0.5
MIPFocus  3
FlowCoverCuts  2
Presolve  2
Threads  1

Optimize a model with 26328 rows, 53707 columns and 242743 nonzeros
Model fingerprint: 0x95fe46c0
Variable types: 2099 continuous, 51608 integer (18485 binary)
Coefficient statistics:
  Matrix range     [1e+00, 6e+02]
  Objective range  [4e-01, 8e+04]
  Bounds range     [1e+00, 1e+01]
  RHS range        [1e+00, 1e+04]
     0     2 234907.965    0   20 312482.556 234907.965  24.8%     -    5s
Presolve removed 23257 rows and 43609 columns
Presolve time: 0.15s
Presolved: 3071 rows, 10098 columns, 32053 nonzeros
Variable types: 824 continuous, 9274 integer (8474 binary)
Root relaxation presolved: 3071 rows, 10098 columns, 32053 nonzeros

C:\Users\TECNO-MASTER\anaconda3\lib\site-packages\pandas\core\indexes\base.py:6999: FutureWarning: In a future version, the Index constructor will not infer numeric dtypes when passed object-dtype sequences (matching Series behavior)
  return Index(sequences[0], name=names)

    Nodes    |    Current Node    |     Objective Bounds      |     Work
 Expl Unexpl |  Obj  Depth IntInf | Incumbent    BestBd   Gap | It/Node Time

     0     0 234907.821    0   32          - 234907.821      -     -    1s

Root relaxation: objective 2.346686e+05, 8133 iterations, 0.40 seconds (0.66 work units)
     0     0 234907.965    0   46          - 234907.965      -     -    2s
     0     0 234907.965    0   59          - 234907.965      -     -    2s

    Nodes    |    Current Node    |     Objective Bounds      |     Work
 Expl Unexpl |  Obj  Depth IntInf | Incumbent    BestBd   Gap | It/Node Time

     0     0 234668.606    0   18          - 234668.606      -     -    1s
     0     0 234907.965    0   49          - 234907.965      -     -    2s
     0     0 234907.965    0   53          - 234907.965      -     -    2s
     0     0 234668.606    0   20          - 234668.606      -     -    1s
     0     0 234668.724    0   27          - 234668.724      -     -    1s
H   26    26                    235682.55556 234907.965  0.33%   152    7s

Cutting planes:
  Gomory: 12
  Lift-and-project: 13
  MIR: 7
  StrongCG: 1
  Flow cover: 81
  RLT: 5
  Relax-and-lift: 1

Explored 27 nodes (27143 simplex iterations) in 7.15 seconds (10.11 work units)
Thread count was 1 (of 32 available processors)

Solution count 4: 235683 312483 313002 313521 

Optimal solution found (tolerance 5.00e-02)
Best objective 2.356825555556e+05, best bound 2.349079653952e+05, gap 0.3287%
C:\Users\TECNO-MASTER\anaconda3\lib\site-packages\pandas\core\indexes\base.py:6999: FutureWarning: In a future version, the Index constructor will not infer numeric dtypes when passed object-dtype sequences (matching Series behavior)
  return Index(sequences[0], name=names)
     0     0 234907.965    0   42          - 234907.965      -     -    3s
     0     0 234668.724    0   17          - 234668.724      -     -    2s
H    0     0                    399501.22222 234668.724  41.3%     -    2s
     0     0 234907.965    0   49          - 234907.965      -     -    3s
H    0     0                    319739.77778 234668.724  26.6%     -    2s
     0     0 234668.724    0  104 319739.778 234668.724  26.6%     -    2s
  [Fase 1 (infra libre)] estacion=station_2 dia=182 -> C:\Users\TECNO-MASTER\Desktop\Elmo_infrastructure_sizing_NP-\output\DCH_septiembre\Bateria_353\Costo_fijo\Swap_libre\Swap_fixed_3estaciones_640kW_Descomp/station_2_d182_stage1
formulation time: 8.96820068359375
Set parameter OutputFlag to value 1
Set parameter OutputFlag to value 1
Set parameter LogToConsole to value 1
Set parameter MIPGap to value 0.05
Set parameter TimeLimit to value 1200
Set parameter LogFile to value "C:\Users\TECNO-MASTER\Desktop\Elmo_infrastructure_sizing_NP-\output\DCH_septiembre\Bateria_353\Costo_fijo\Swap_libre\Swap_fixed_3estaciones_640kW_Descomp\station_2_d182_stage1\ELMO_log.txt"
Set parameter Threads to value 1
Set parameter Heuristics to value 0.5
Set parameter MIPFocus to value 3
Set parameter Presolve to value 2
Set parameter FlowCoverCuts to value 2
Gurobi Optimizer version 12.0.3 build v12.0.3rc0 (win64 - Windows 11+.0 (26200.2))

CPU model: Intel(R) Core(TM) i9-14900K, instruction set [SSE2|AVX|AVX2]
Thread count: 24 physical cores, 32 logical processors, using up to 1 threads

Non-default parameters:
TimeLimit  1200
MIPGap  0.05
Heuristics  0.5
MIPFocus  3
FlowCoverCuts  2
Presolve  2
Threads  1

Optimize a model with 26388 rows, 54733 columns and 247855 nonzeros
Model fingerprint: 0xd0190aea
Variable types: 2129 continuous, 52604 integer (19481 binary)
Coefficient statistics:
  Matrix range     [1e+00, 6e+02]
  Objective range  [4e-01, 8e+04]
  Bounds range     [1e+00, 1e+01]
  RHS range        [1e+00, 1e+04]
Presolve removed 23281 rows and 44149 columns
Presolve time: 0.16s
Presolved: 3107 rows, 10584 columns, 33767 nonzeros
Variable types: 824 continuous, 9760 integer (8984 binary)
Root relaxation presolved: 3107 rows, 10584 columns, 33767 nonzeros

     0     0 234907.965    0   27          - 234907.965      -     -    3s
     0     0 234668.724    0   19 319739.778 234668.724  26.6%     -    2s
H    0     0                    235682.55556 234668.724  0.43%     -    2s

Cutting planes:
  Gomory: 2
  Lift-and-project: 15
  Zero half: 1

Explored 1 nodes (18600 simplex iterations) in 2.77 seconds (4.10 work units)
Thread count was 1 (of 32 available processors)

Solution count 3: 235683 319740 399501 

Optimal solution found (tolerance 5.00e-02)
Best objective 2.356825555556e+05, best bound 2.346687243274e+05, gap 0.4302%
Warning: Markowitz tolerance tightened to 0.03125
     0     0 234907.965    0   44          - 234907.965      -     -    4s
     0     0 234907.965    0   44          - 234907.965      -     -    4s

Root relaxation: objective 2.349078e+05, 10647 iterations, 0.75 seconds (1.30 work units)
H    0     0                    238278.11111 234907.965  1.41%     -    4s

Cutting planes:
  Gomory: 2
  Lift-and-project: 7
  MIR: 2
  Flow cover: 2
  Relax-and-lift: 1

Explored 1 nodes (26480 simplex iterations) in 4.49 seconds (6.75 work units)
Thread count was 1 (of 32 available processors)

Solution count 1: 238278 

Optimal solution found (tolerance 5.00e-02)
Best objective 2.382781111111e+05, best bound 2.349079653952e+05, gap 1.4144%
C:\Users\TECNO-MASTER\anaconda3\lib\site-packages\pandas\core\indexes\base.py:6999: FutureWarning: In a future version, the Index constructor will not infer numeric dtypes when passed object-dtype sequences (matching Series behavior)
  return Index(sequences[0], name=names)

    Nodes    |    Current Node    |     Objective Bounds      |     Work
 Expl Unexpl |  Obj  Depth IntInf | Incumbent    BestBd   Gap | It/Node Time

     0     0 234907.821    0   37          - 234907.821      -     -    1s
H    0     0                    313520.77778 234907.821  25.1%     -    1s
  [Fase 1 (infra libre)] estacion=station_2 dia=32 -> C:\Users\TECNO-MASTER\Desktop\Elmo_infrastructure_sizing_NP-\output\DCH_septiembre\Bateria_353\Costo_fijo\Swap_libre\Swap_fixed_3estaciones_640kW_Descomp/station_2_d32_stage1
formulation time: 9.484279870986938
Set parameter OutputFlag to value 1
Set parameter OutputFlag to value 1
Set parameter LogToConsole to value 1
Set parameter MIPGap to value 0.05
Set parameter TimeLimit to value 1200
Set parameter LogFile to value "C:\Users\TECNO-MASTER\Desktop\Elmo_infrastructure_sizing_NP-\output\DCH_septiembre\Bateria_353\Costo_fijo\Swap_libre\Swap_fixed_3estaciones_640kW_Descomp\station_2_d32_stage1\ELMO_log.txt"
Set parameter Threads to value 1
Set parameter Heuristics to value 0.5
Set parameter MIPFocus to value 3
Set parameter Presolve to value 2
Set parameter FlowCoverCuts to value 2
Gurobi Optimizer version 12.0.3 build v12.0.3rc0 (win64 - Windows 11+.0 (26200.2))

CPU model: Intel(R) Core(TM) i9-14900K, instruction set [SSE2|AVX|AVX2]
Thread count: 24 physical cores, 32 logical processors, using up to 1 threads

Non-default parameters:
TimeLimit  1200
MIPGap  0.05
Heuristics  0.5
MIPFocus  3
FlowCoverCuts  2
Presolve  2
Threads  1

Optimize a model with 26358 rows, 54733 columns and 247795 nonzeros
Model fingerprint: 0x8975989b
Variable types: 2129 continuous, 52604 integer (19481 binary)
Coefficient statistics:
  Matrix range     [1e+00, 6e+02]
  Objective range  [4e-01, 8e+04]
  Bounds range     [1e+00, 1e+01]
  RHS range        [1e+00, 1e+04]
Presolve removed 23281 rows and 44120 columns
Presolve time: 0.15s
Presolved: 3077 rows, 10613 columns, 33677 nonzeros
Variable types: 824 continuous, 9789 integer (8984 binary)
Root relaxation presolved: 3077 rows, 10613 columns, 33677 nonzeros

     0     0 234907.821    0   25 313520.778 234907.821  25.1%     -    2s
     0     0 234907.965    0   85 313520.778 234907.965  25.1%     -    2s
     0     0 234907.965    0   85 313520.778 234907.965  25.1%     -    2s
     0     0 234907.965    0   26 313520.778 234907.965  25.1%     -    2s
     0     0 234907.965    0   61 313520.778 234907.965  25.1%     -    3s

Root relaxation: objective 2.349078e+05, 10319 iterations, 0.65 seconds (1.22 work units)
C:\Users\TECNO-MASTER\anaconda3\lib\site-packages\pandas\core\indexes\base.py:6999: FutureWarning: In a future version, the Index constructor will not infer numeric dtypes when passed object-dtype sequences (matching Series behavior)
  return Index(sequences[0], name=names)
     0     0 234907.965    0   22 313520.778 234907.965  25.1%     -    3s
  [Fase 1 (infra libre)] estacion=station_2 dia=121 -> C:\Users\TECNO-MASTER\Desktop\Elmo_infrastructure_sizing_NP-\output\DCH_septiembre\Bateria_353\Costo_fijo\Swap_libre\Swap_fixed_3estaciones_640kW_Descomp/station_2_d121_stage1
formulation time: 8.907519102096558
Set parameter OutputFlag to value 1
Set parameter OutputFlag to value 1
Set parameter LogToConsole to value 1
Set parameter MIPGap to value 0.05
Set parameter TimeLimit to value 1200
Set parameter LogFile to value "C:\Users\TECNO-MASTER\Desktop\Elmo_infrastructure_sizing_NP-\output\DCH_septiembre\Bateria_353\Costo_fijo\Swap_libre\Swap_fixed_3estaciones_640kW_Descomp\station_2_d121_stage1\ELMO_log.txt"
Set parameter Threads to value 1
Set parameter Heuristics to value 0.5
Set parameter MIPFocus to value 3
Set parameter Presolve to value 2
Set parameter FlowCoverCuts to value 2
Gurobi Optimizer version 12.0.3 build v12.0.3rc0 (win64 - Windows 11+.0 (26200.2))

CPU model: Intel(R) Core(TM) i9-14900K, instruction set [SSE2|AVX|AVX2]
Thread count: 24 physical cores, 32 logical processors, using up to 1 threads

Non-default parameters:
TimeLimit  1200
MIPGap  0.05
Heuristics  0.5
MIPFocus  3
FlowCoverCuts  2
Presolve  2
Threads  1

Optimize a model with 26388 rows, 54733 columns and 247855 nonzeros
Model fingerprint: 0xd0190aea
Variable types: 2129 continuous, 52604 integer (19481 binary)
Coefficient statistics:
  Matrix range     [1e+00, 6e+02]
  Objective range  [4e-01, 8e+04]
  Bounds range     [1e+00, 1e+01]
  RHS range        [1e+00, 1e+04]
     0     0 234907.965    0   25 313520.778 234907.965  25.1%     -    3s
Presolve removed 23281 rows and 44149 columns
Presolve time: 0.14s
Presolved: 3107 rows, 10584 columns, 33767 nonzeros
Variable types: 824 continuous, 9760 integer (8984 binary)
Root relaxation presolved: 3107 rows, 10584 columns, 33767 nonzeros


    Nodes    |    Current Node    |     Objective Bounds      |     Work
 Expl Unexpl |  Obj  Depth IntInf | Incumbent    BestBd   Gap | It/Node Time

     0     0 234907.821    0   32          - 234907.821      -     -    1s
Warning: Markowitz tolerance tightened to 0.03125
     0     0 234907.965    0   20 313520.778 234907.965  25.1%     -    4s
     0     0 234907.965    0   20 313520.778 234907.965  25.1%     -    4s
     0     0 234907.965    0   46          - 234907.965      -     -    1s
     0     0 234907.965    0   59          - 234907.965      -     -    1s

Root relaxation: objective 2.349078e+05, 10647 iterations, 0.73 seconds (1.30 work units)
H    0     0                    313001.66667 234907.965  24.9%     -    4s
     0     0 234907.965    0   49          - 234907.965      -     -    2s
H    0     0                    312482.55556 234907.965  24.8%     -    4s
     0     0 234907.965    0   53          - 234907.965      -     -    2s

    Nodes    |    Current Node    |     Objective Bounds      |     Work
 Expl Unexpl |  Obj  Depth IntInf | Incumbent    BestBd   Gap | It/Node Time

     0     0 234907.821    0   37          - 234907.821      -     -    1s
H    0     0                    313520.77778 234907.821  25.1%     -    1s
     0     2 234907.965    0   20 312482.556 234907.965  24.8%     -    5s
C:\Users\TECNO-MASTER\anaconda3\lib\site-packages\pandas\core\indexes\base.py:6999: FutureWarning: In a future version, the Index constructor will not infer numeric dtypes when passed object-dtype sequences (matching Series behavior)
  return Index(sequences[0], name=names)
     0     0 234907.965    0   42          - 234907.965      -     -    3s
     0     0 234907.965    0   49          - 234907.965      -     -    3s
  [Fase 1 (infra libre)] estacion=station_2 dia=335 -> C:\Users\TECNO-MASTER\Desktop\Elmo_infrastructure_sizing_NP-\output\DCH_septiembre\Bateria_353\Costo_fijo\Swap_libre\Swap_fixed_3estaciones_640kW_Descomp/station_2_d335_stage1
formulation time: 9.192627191543579
Set parameter OutputFlag to value 1
Set parameter OutputFlag to value 1
Set parameter LogToConsole to value 1
Set parameter MIPGap to value 0.05
Set parameter TimeLimit to value 1200
Set parameter LogFile to value "C:\Users\TECNO-MASTER\Desktop\Elmo_infrastructure_sizing_NP-\output\DCH_septiembre\Bateria_353\Costo_fijo\Swap_libre\Swap_fixed_3estaciones_640kW_Descomp\station_2_d335_stage1\ELMO_log.txt"
Set parameter Threads to value 1
Set parameter Heuristics to value 0.5
Set parameter MIPFocus to value 3
Set parameter Presolve to value 2
Set parameter FlowCoverCuts to value 2
Gurobi Optimizer version 12.0.3 build v12.0.3rc0 (win64 - Windows 11+.0 (26200.2))

CPU model: Intel(R) Core(TM) i9-14900K, instruction set [SSE2|AVX|AVX2]
Thread count: 24 physical cores, 32 logical processors, using up to 1 threads

Non-default parameters:
TimeLimit  1200
MIPGap  0.05
Heuristics  0.5
MIPFocus  3
FlowCoverCuts  2
Presolve  2
Threads  1

Optimize a model with 26358 rows, 54733 columns and 247795 nonzeros
Model fingerprint: 0x8975989b
Variable types: 2129 continuous, 52604 integer (19481 binary)
Coefficient statistics:
  Matrix range     [1e+00, 6e+02]
  Objective range  [4e-01, 8e+04]
  Bounds range     [1e+00, 1e+01]
  RHS range        [1e+00, 1e+04]
     0     0 234907.965    0   27          - 234907.965      -     -    3s
Presolve removed 23281 rows and 44120 columns
Presolve time: 0.14s
Presolved: 3077 rows, 10613 columns, 33677 nonzeros
Variable types: 824 continuous, 9789 integer (8984 binary)
     0     0 234907.821    0   25 313520.778 234907.821  25.1%     -    2s
Root relaxation presolved: 3077 rows, 10613 columns, 33677 nonzeros

     0     0 234907.965    0   85 313520.778 234907.965  25.1%     -    2s
     0     0 234907.965    0   85 313520.778 234907.965  25.1%     -    2s
     0     0 234907.965    0   44          - 234907.965      -     -    3s
     0     0 234907.965    0   26 313520.778 234907.965  25.1%     -    2s
     0     0 234907.965    0   61 313520.778 234907.965  25.1%     -    2s
     0     0 234907.965    0   44          - 234907.965      -     -    4s
H    0     0                    238278.11111 234907.965  1.41%     -    4s

Cutting planes:
  Gomory: 2
  Lift-and-project: 7
  MIR: 2
  Flow cover: 2
  Relax-and-lift: 1

Explored 1 nodes (26480 simplex iterations) in 4.27 seconds (6.75 work units)
Thread count was 1 (of 32 available processors)

Solution count 1: 238278 

Optimal solution found (tolerance 5.00e-02)
Best objective 2.382781111111e+05, best bound 2.349079653952e+05, gap 1.4144%

Root relaxation: objective 2.349078e+05, 10319 iterations, 0.78 seconds (1.22 work units)
     0     0 234907.965    0   22 313520.778 234907.965  25.1%     -    3s
     0     0 234907.965    0   25 313520.778 234907.965  25.1%     -    3s
C:\Users\TECNO-MASTER\anaconda3\lib\site-packages\pandas\core\indexes\base.py:6999: FutureWarning: In a future version, the Index constructor will not infer numeric dtypes when passed object-dtype sequences (matching Series behavior)
  return Index(sequences[0], name=names)
  [Fase 1 (infra libre)] estacion=station_2 dia=274 -> C:\Users\TECNO-MASTER\Desktop\Elmo_infrastructure_sizing_NP-\output\DCH_septiembre\Bateria_353\Costo_fijo\Swap_libre\Swap_fixed_3estaciones_640kW_Descomp/station_2_d274_stage1
formulation time: 9.09813380241394
Set parameter OutputFlag to value 1
Set parameter OutputFlag to value 1
Set parameter LogToConsole to value 1
Set parameter MIPGap to value 0.05
Set parameter TimeLimit to value 1200
Set parameter LogFile to value "C:\Users\TECNO-MASTER\Desktop\Elmo_infrastructure_sizing_NP-\output\DCH_septiembre\Bateria_353\Costo_fijo\Swap_libre\Swap_fixed_3estaciones_640kW_Descomp\station_2_d274_stage1\ELMO_log.txt"
Set parameter Threads to value 1
Set parameter Heuristics to value 0.5
Set parameter MIPFocus to value 3
Set parameter Presolve to value 2
Set parameter FlowCoverCuts to value 2
Gurobi Optimizer version 12.0.3 build v12.0.3rc0 (win64 - Windows 11+.0 (26200.2))

CPU model: Intel(R) Core(TM) i9-14900K, instruction set [SSE2|AVX|AVX2]
Thread count: 24 physical cores, 32 logical processors, using up to 1 threads

Non-default parameters:
TimeLimit  1200
MIPGap  0.05
Heuristics  0.5
MIPFocus  3
FlowCoverCuts  2
Presolve  2
Threads  1

Optimize a model with 26358 rows, 54733 columns and 247795 nonzeros
Model fingerprint: 0x8975989b
Variable types: 2129 continuous, 52604 integer (19481 binary)
Coefficient statistics:
  Matrix range     [1e+00, 6e+02]
  Objective range  [4e-01, 8e+04]
  Bounds range     [1e+00, 1e+01]
  RHS range        [1e+00, 1e+04]
H   26    26                    235682.55556 234907.965  0.33%   152    7s

Cutting planes:
  Gomory: 12
  Lift-and-project: 13
  MIR: 7
  StrongCG: 1
  Flow cover: 81
  RLT: 5
  Relax-and-lift: 1

Explored 27 nodes (27143 simplex iterations) in 7.36 seconds (10.11 work units)
Thread count was 1 (of 32 available processors)

Solution count 4: 235683 312483 313002 313521 

Optimal solution found (tolerance 5.00e-02)
Best objective 2.356825555556e+05, best bound 2.349079653952e+05, gap 0.3287%
Presolve removed 23281 rows and 44120 columns
Presolve time: 0.16s
Presolved: 3077 rows, 10613 columns, 33677 nonzeros
Variable types: 824 continuous, 9789 integer (8984 binary)
Root relaxation presolved: 3077 rows, 10613 columns, 33677 nonzeros


    Nodes    |    Current Node    |     Objective Bounds      |     Work
 Expl Unexpl |  Obj  Depth IntInf | Incumbent    BestBd   Gap | It/Node Time

     0     0 234907.821    0   32          - 234907.821      -     -    1s
     0     0 234907.965    0   20 313520.778 234907.965  25.1%     -    3s
     0     0 234907.965    0   20 313520.778 234907.965  25.1%     -    4s
     0     0 234907.965    0   46          - 234907.965      -     -    2s
     0     0 234907.965    0   59          - 234907.965      -     -    2s

Root relaxation: objective 2.349078e+05, 10319 iterations, 0.75 seconds (1.22 work units)
H    0     0                    313001.66667 234907.965  24.9%     -    4s
H    0     0                    312482.55556 234907.965  24.8%     -    4s
     0     0 234907.965    0   49          - 234907.965      -     -    2s
     0     0 234907.965    0   53          - 234907.965      -     -    2s
     0     2 234907.965    0   20 312482.556 234907.965  24.8%     -    5s

    Nodes    |    Current Node    |     Objective Bounds      |     Work
 Expl Unexpl |  Obj  Depth IntInf | Incumbent    BestBd   Gap | It/Node Time

     0     0 234907.821    0   32          - 234907.821      -     -    1s
C:\Users\TECNO-MASTER\anaconda3\lib\site-packages\pandas\core\indexes\base.py:6999: FutureWarning: In a future version, the Index constructor will not infer numeric dtypes when passed object-dtype sequences (matching Series behavior)
  return Index(sequences[0], name=names)
     0     0 234907.965    0   42          - 234907.965      -     -    3s
     0     0 234907.965    0   49          - 234907.965      -     -    3s
  [Fase 1 (infra libre)] estacion=station_2 dia=152 -> C:\Users\TECNO-MASTER\Desktop\Elmo_infrastructure_sizing_NP-\output\DCH_septiembre\Bateria_353\Costo_fijo\Swap_libre\Swap_fixed_3estaciones_640kW_Descomp/station_2_d152_stage1
formulation time: 9.223690748214722
Set parameter OutputFlag to value 1
Set parameter OutputFlag to value 1
Set parameter LogToConsole to value 1
Set parameter MIPGap to value 0.05
Set parameter TimeLimit to value 1200
Set parameter LogFile to value "C:\Users\TECNO-MASTER\Desktop\Elmo_infrastructure_sizing_NP-\output\DCH_septiembre\Bateria_353\Costo_fijo\Swap_libre\Swap_fixed_3estaciones_640kW_Descomp\station_2_d152_stage1\ELMO_log.txt"
Set parameter Threads to value 1
Set parameter Heuristics to value 0.5
Set parameter MIPFocus to value 3
Set parameter Presolve to value 2
Set parameter FlowCoverCuts to value 2
Gurobi Optimizer version 12.0.3 build v12.0.3rc0 (win64 - Windows 11+.0 (26200.2))

CPU model: Intel(R) Core(TM) i9-14900K, instruction set [SSE2|AVX|AVX2]
Thread count: 24 physical cores, 32 logical processors, using up to 1 threads

Non-default parameters:
TimeLimit  1200
MIPGap  0.05
Heuristics  0.5
MIPFocus  3
FlowCoverCuts  2
Presolve  2
Threads  1

Optimize a model with 26388 rows, 54733 columns and 247855 nonzeros
Model fingerprint: 0xd0190aea
Variable types: 2129 continuous, 52604 integer (19481 binary)
Coefficient statistics:
  Matrix range     [1e+00, 6e+02]
  Objective range  [4e-01, 8e+04]
  Bounds range     [1e+00, 1e+01]
  RHS range        [1e+00, 1e+04]
     0     0 234907.965    0   46          - 234907.965      -     -    2s
     0     0 234907.965    0   59          - 234907.965      -     -    2s
Presolve removed 23281 rows and 44149 columns
Presolve time: 0.14s
Presolved: 3107 rows, 10584 columns, 33767 nonzeros
Variable types: 824 continuous, 9760 integer (8984 binary)
Root relaxation presolved: 3107 rows, 10584 columns, 33767 nonzeros

     0     0 234907.965    0   27          - 234907.965      -     -    3s
Warning: Markowitz tolerance tightened to 0.03125
     0     0 234907.965    0   49          - 234907.965      -     -    2s
     0     0 234907.965    0   53          - 234907.965      -     -    2s
     0     0 234907.965    0   44          - 234907.965      -     -    4s

Root relaxation: objective 2.349078e+05, 10647 iterations, 0.72 seconds (1.30 work units)
     0     0 234907.965    0   44          - 234907.965      -     -    4s
H    0     0                    238278.11111 234907.965  1.41%     -    4s

Cutting planes:
  Gomory: 2
  Lift-and-project: 7
  MIR: 2
  Flow cover: 2
  Relax-and-lift: 1

Explored 1 nodes (26480 simplex iterations) in 4.67 seconds (6.75 work units)
Thread count was 1 (of 32 available processors)

Solution count 1: 238278 

Optimal solution found (tolerance 5.00e-02)
Best objective 2.382781111111e+05, best bound 2.349079653952e+05, gap 1.4144%
H   26    26                    235682.55556 234907.965  0.33%   152    6s

Cutting planes:
  Gomory: 12
  Lift-and-project: 13
  MIR: 7
  StrongCG: 1
  Flow cover: 81
  RLT: 5
  Relax-and-lift: 1

Explored 27 nodes (27143 simplex iterations) in 6.97 seconds (10.11 work units)
Thread count was 1 (of 32 available processors)

Solution count 4: 235683 312483 313002 313521 

Optimal solution found (tolerance 5.00e-02)
Best objective 2.356825555556e+05, best bound 2.349079653952e+05, gap 0.3287%
     0     0 234907.965    0   42          - 234907.965      -     -    3s
     0     0 234907.965    0   49          - 234907.965      -     -    3s

    Nodes    |    Current Node    |     Objective Bounds      |     Work
 Expl Unexpl |  Obj  Depth IntInf | Incumbent    BestBd   Gap | It/Node Time

     0     0 234907.821    0   37          - 234907.821      -     -    1s
H    0     0                    313520.77778 234907.821  25.1%     -    1s
C:\Users\TECNO-MASTER\anaconda3\lib\site-packages\pandas\core\indexes\base.py:6999: FutureWarning: In a future version, the Index constructor will not infer numeric dtypes when passed object-dtype sequences (matching Series behavior)
  return Index(sequences[0], name=names)
     0     0 234907.965    0   27          - 234907.965      -     -    3s
  [Fase 1 (infra libre)] estacion=station_2 dia=244 -> C:\Users\TECNO-MASTER\Desktop\Elmo_infrastructure_sizing_NP-\output\DCH_septiembre\Bateria_353\Costo_fijo\Swap_libre\Swap_fixed_3estaciones_640kW_Descomp/station_2_d244_stage1
formulation time: 9.316547393798828
Set parameter OutputFlag to value 1
Set parameter OutputFlag to value 1
Set parameter LogToConsole to value 1
Set parameter MIPGap to value 0.05
Set parameter TimeLimit to value 1200
Set parameter LogFile to value "C:\Users\TECNO-MASTER\Desktop\Elmo_infrastructure_sizing_NP-\output\DCH_septiembre\Bateria_353\Costo_fijo\Swap_libre\Swap_fixed_3estaciones_640kW_Descomp\station_2_d244_stage1\ELMO_log.txt"
Set parameter Threads to value 1
Set parameter Heuristics to value 0.5
Set parameter MIPFocus to value 3
Set parameter Presolve to value 2
Set parameter FlowCoverCuts to value 2
Gurobi Optimizer version 12.0.3 build v12.0.3rc0 (win64 - Windows 11+.0 (26200.2))

CPU model: Intel(R) Core(TM) i9-14900K, instruction set [SSE2|AVX|AVX2]
Thread count: 24 physical cores, 32 logical processors, using up to 1 threads

Non-default parameters:
TimeLimit  1200
MIPGap  0.05
Heuristics  0.5
MIPFocus  3
FlowCoverCuts  2
Presolve  2
Threads  1

Optimize a model with 26388 rows, 54733 columns and 247855 nonzeros
Model fingerprint: 0xd0190aea
Variable types: 2129 continuous, 52604 integer (19481 binary)
Coefficient statistics:
  Matrix range     [1e+00, 6e+02]
  Objective range  [4e-01, 8e+04]
  Bounds range     [1e+00, 1e+01]
  RHS range        [1e+00, 1e+04]
Presolve removed 23281 rows and 44149 columns
Presolve time: 0.14s
Presolved: 3107 rows, 10584 columns, 33767 nonzeros
Variable types: 824 continuous, 9760 integer (8984 binary)
Root relaxation presolved: 3107 rows, 10584 columns, 33767 nonzeros

     0     0 234907.965    0   44          - 234907.965      -     -    4s
     0     0 234907.965    0   44          - 234907.965      -     -    4s
Warning: Markowitz tolerance tightened to 0.03125
H    0     0                    238278.11111 234907.965  1.41%     -    4s

Cutting planes:
  Gomory: 2
  Lift-and-project: 7
  MIR: 2
  Flow cover: 2
  Relax-and-lift: 1

Explored 1 nodes (26480 simplex iterations) in 4.59 seconds (6.75 work units)
Thread count was 1 (of 32 available processors)

Solution count 1: 238278 

Optimal solution found (tolerance 5.00e-02)
Best objective 2.382781111111e+05, best bound 2.349079653952e+05, gap 1.4144%
     0     0 234907.821    0   25 313520.778 234907.821  25.1%     -    2s
     0     0 234907.965    0   85 313520.778 234907.965  25.1%     -    2s
     0     0 234907.965    0   85 313520.778 234907.965  25.1%     -    2s

Root relaxation: objective 2.349078e+05, 10647 iterations, 0.81 seconds (1.30 work units)
     0     0 234907.965    0   26 313520.778 234907.965  25.1%     -    2s
     0     0 234907.965    0   61 313520.778 234907.965  25.1%     -    3s
     0     0 234907.965    0   22 313520.778 234907.965  25.1%     -    3s

    Nodes    |    Current Node    |     Objective Bounds      |     Work
 Expl Unexpl |  Obj  Depth IntInf | Incumbent    BestBd   Gap | It/Node Time

     0     0 234907.821    0   37          - 234907.821      -     -    1s
H    0     0                    313520.77778 234907.821  25.1%     -    1s
     0     0 234907.965    0   25 313520.778 234907.965  25.1%     -    3s
  [Fase 1 (infra libre)] estacion=station_3 dia=152 -> C:\Users\TECNO-MASTER\Desktop\Elmo_infrastructure_sizing_NP-\output\DCH_septiembre\Bateria_353\Costo_fijo\Swap_libre\Swap_fixed_3estaciones_640kW_Descomp/station_3_d152_stage1
formulation time: 9.047576189041138
Set parameter OutputFlag to value 1
Set parameter OutputFlag to value 1
Set parameter LogToConsole to value 1
Set parameter MIPGap to value 0.05
Set parameter TimeLimit to value 1200
Set parameter LogFile to value "C:\Users\TECNO-MASTER\Desktop\Elmo_infrastructure_sizing_NP-\output\DCH_septiembre\Bateria_353\Costo_fijo\Swap_libre\Swap_fixed_3estaciones_640kW_Descomp\station_3_d152_stage1\ELMO_log.txt"
Set parameter Threads to value 1
Set parameter Heuristics to value 0.5
Set parameter MIPFocus to value 3
Set parameter Presolve to value 2
Set parameter FlowCoverCuts to value 2
Gurobi Optimizer version 12.0.3 build v12.0.3rc0 (win64 - Windows 11+.0 (26200.2))

CPU model: Intel(R) Core(TM) i9-14900K, instruction set [SSE2|AVX|AVX2]
Thread count: 24 physical cores, 32 logical processors, using up to 1 threads

Non-default parameters:
TimeLimit  1200
MIPGap  0.05
Heuristics  0.5
MIPFocus  3
FlowCoverCuts  2
Presolve  2
Threads  1

Optimize a model with 26358 rows, 53707 columns and 242805 nonzeros
Model fingerprint: 0xc7500d0c
Variable types: 2099 continuous, 51608 integer (18485 binary)
Coefficient statistics:
  Matrix range     [1e+00, 6e+02]
  Objective range  [4e-01, 8e+04]
  Bounds range     [1e+00, 1e+01]
  RHS range        [1e+00, 1e+04]
C:\Users\TECNO-MASTER\anaconda3\lib\site-packages\pandas\core\indexes\base.py:6999: FutureWarning: In a future version, the Index constructor will not infer numeric dtypes when passed object-dtype sequences (matching Series behavior)
  return Index(sequences[0], name=names)
Presolve removed 23257 rows and 43635 columns
Presolve time: 0.15s
Presolved: 3101 rows, 10072 columns, 31721 nonzeros
Variable types: 824 continuous, 9248 integer (8472 binary)
Root relaxation presolved: 3101 rows, 10072 columns, 31721 nonzeros

     0     0 234907.965    0   20 313520.778 234907.965  25.1%     -    4s
     0     0 234907.965    0   20 313520.778 234907.965  25.1%     -    4s

Root relaxation: objective 2.349318e+05, 9357 iterations, 0.49 seconds (0.89 work units)
     0     0 234907.821    0   25 313520.778 234907.821  25.1%     -    2s
     0     0 234907.965    0   85 313520.778 234907.965  25.1%     -    2s
     0     0 234907.965    0   85 313520.778 234907.965  25.1%     -    2s
H    0     0                    313001.66667 234907.965  24.9%     -    4s
H    0     0                    312482.55556 234907.965  24.8%     -    4s
     0     0 234907.965    0   26 313520.778 234907.965  25.1%     -    2s
     0     0 234907.965    0   61 313520.778 234907.965  25.1%     -    3s

    Nodes    |    Current Node    |     Objective Bounds      |     Work
 Expl Unexpl |  Obj  Depth IntInf | Incumbent    BestBd   Gap | It/Node Time

     0     0 234931.827    0   26          - 234931.827      -     -    1s
H    0     0                    313520.77778 234931.827  25.1%     -    1s
     0     2 234907.965    0   20 312482.556 234907.965  24.8%     -    5s
  [Fase 1 (infra libre)] estacion=station_3 dia=182 -> C:\Users\TECNO-MASTER\Desktop\Elmo_infrastructure_sizing_NP-\output\DCH_septiembre\Bateria_353\Costo_fijo\Swap_libre\Swap_fixed_3estaciones_640kW_Descomp/station_3_d182_stage1
formulation time: 9.152225017547607
Set parameter OutputFlag to value 1
Set parameter OutputFlag to value 1
Set parameter LogToConsole to value 1
Set parameter MIPGap to value 0.05
Set parameter TimeLimit to value 1200
Set parameter LogFile to value "C:\Users\TECNO-MASTER\Desktop\Elmo_infrastructure_sizing_NP-\output\DCH_septiembre\Bateria_353\Costo_fijo\Swap_libre\Swap_fixed_3estaciones_640kW_Descomp\station_3_d182_stage1\ELMO_log.txt"
Set parameter Threads to value 1
Set parameter Heuristics to value 0.5
Set parameter MIPFocus to value 3
Set parameter Presolve to value 2
Set parameter FlowCoverCuts to value 2
H    0     0                    313001.66667 234931.827  24.9%     -    1s
Gurobi Optimizer version 12.0.3 build v12.0.3rc0 (win64 - Windows 11+.0 (26200.2))

CPU model: Intel(R) Core(TM) i9-14900K, instruction set [SSE2|AVX|AVX2]
Thread count: 24 physical cores, 32 logical processors, using up to 1 threads

Non-default parameters:
TimeLimit  1200
MIPGap  0.05
Heuristics  0.5
MIPFocus  3
FlowCoverCuts  2
Presolve  2
Threads  1

Optimize a model with 26358 rows, 53707 columns and 242805 nonzeros
Model fingerprint: 0xc7500d0c
Variable types: 2099 continuous, 51608 integer (18485 binary)
Coefficient statistics:
  Matrix range     [1e+00, 6e+02]
  Objective range  [4e-01, 8e+04]
  Bounds range     [1e+00, 1e+01]
  RHS range        [1e+00, 1e+04]
     0     0 234907.965    0   22 313520.778 234907.965  25.1%     -    3s
Presolve removed 23257 rows and 43635 columns
Presolve time: 0.13s
Presolved: 3101 rows, 10072 columns, 31721 nonzeros
Variable types: 824 continuous, 9248 integer (8472 binary)
Root relaxation presolved: 3101 rows, 10072 columns, 31721 nonzeros

     0     0 234907.965    0   25 313520.778 234907.965  25.1%     -    3s
C:\Users\TECNO-MASTER\anaconda3\lib\site-packages\pandas\core\indexes\base.py:6999: FutureWarning: In a future version, the Index constructor will not infer numeric dtypes when passed object-dtype sequences (matching Series behavior)
  return Index(sequences[0], name=names)
     0     0 234931.828    0   53 313001.667 234931.828  24.9%     -    2s
     0     0 234932.098    0   49 313001.667 234932.098  24.9%     -    2s
     0     0 234907.965    0   20 313520.778 234907.965  25.1%     -    4s

Root relaxation: objective 2.349318e+05, 9357 iterations, 0.54 seconds (0.89 work units)
     0     0 234907.965    0   20 313520.778 234907.965  25.1%     -    4s
     0     0 234932.098    0   22 313001.667 234932.098  24.9%     -    2s
     0     0 234932.098    0   24 313001.667 234932.098  24.9%     -    2s
H    0     0                    313001.66667 234907.965  24.9%     -    4s
H    0     0                    312482.55556 234907.965  24.8%     -    4s

    Nodes    |    Current Node    |     Objective Bounds      |     Work
 Expl Unexpl |  Obj  Depth IntInf | Incumbent    BestBd   Gap | It/Node Time

     0     0 234931.827    0   26          - 234931.827      -     -    1s
H    0     0                    313520.77778 234931.827  25.1%     -    1s
H    0     0                    313001.66667 234931.827  24.9%     -    1s
     0     0 234932.098    0   17 313001.667 234932.098  24.9%     -    3s
H   26    26                    235682.55556 234907.965  0.33%   152    7s

Cutting planes:
  Gomory: 12
  Lift-and-project: 13
  MIR: 7
  StrongCG: 1
  Flow cover: 81
  RLT: 5
  Relax-and-lift: 1

Explored 27 nodes (27143 simplex iterations) in 7.10 seconds (10.11 work units)
Thread count was 1 (of 32 available processors)

Solution count 4: 235683 312483 313002 313521 

Optimal solution found (tolerance 5.00e-02)
Best objective 2.356825555556e+05, best bound 2.349079653952e+05, gap 0.3287%
     0     2 234907.965    0   20 312482.556 234907.965  24.8%     -    5s
  [Fase 1 (infra libre)] estacion=station_2 dia=213 -> C:\Users\TECNO-MASTER\Desktop\Elmo_infrastructure_sizing_NP-\output\DCH_septiembre\Bateria_353\Costo_fijo\Swap_libre\Swap_fixed_3estaciones_640kW_Descomp/station_2_d213_stage1
formulation time: 9.260406017303467
Set parameter OutputFlag to value 1
Set parameter OutputFlag to value 1
Set parameter LogToConsole to value 1
Set parameter MIPGap to value 0.05
Set parameter TimeLimit to value 1200
Set parameter LogFile to value "C:\Users\TECNO-MASTER\Desktop\Elmo_infrastructure_sizing_NP-\output\DCH_septiembre\Bateria_353\Costo_fijo\Swap_libre\Swap_fixed_3estaciones_640kW_Descomp\station_2_d213_stage1\ELMO_log.txt"
Set parameter Threads to value 1
Set parameter Heuristics to value 0.5
Set parameter MIPFocus to value 3
Set parameter Presolve to value 2
Set parameter FlowCoverCuts to value 2
     0     0 234931.828    0   53 313001.667 234931.828  24.9%     -    2s
Gurobi Optimizer version 12.0.3 build v12.0.3rc0 (win64 - Windows 11+.0 (26200.2))

CPU model: Intel(R) Core(TM) i9-14900K, instruction set [SSE2|AVX|AVX2]
Thread count: 24 physical cores, 32 logical processors, using up to 1 threads

Non-default parameters:
TimeLimit  1200
MIPGap  0.05
Heuristics  0.5
MIPFocus  3
FlowCoverCuts  2
Presolve  2
Threads  1

Optimize a model with 26388 rows, 54733 columns and 247855 nonzeros
Model fingerprint: 0xd0190aea
Variable types: 2129 continuous, 52604 integer (19481 binary)
Coefficient statistics:
  Matrix range     [1e+00, 6e+02]
  Objective range  [4e-01, 8e+04]
  Bounds range     [1e+00, 1e+01]
  RHS range        [1e+00, 1e+04]
C:\Users\TECNO-MASTER\anaconda3\lib\site-packages\pandas\core\indexes\base.py:6999: FutureWarning: In a future version, the Index constructor will not infer numeric dtypes when passed object-dtype sequences (matching Series behavior)
  return Index(sequences[0], name=names)
     0     0 234932.098    0   34 313001.667 234932.098  24.9%     -    3s
     0     0 234932.098    0   49 313001.667 234932.098  24.9%     -    2s
Presolve removed 23281 rows and 44149 columns
Presolve time: 0.15s
Presolved: 3107 rows, 10584 columns, 33767 nonzeros
     0     0 234932.098    0   67 313001.667 234932.098  24.9%     -    4s
Variable types: 824 continuous, 9760 integer (8984 binary)
Root relaxation presolved: 3107 rows, 10584 columns, 33767 nonzeros

Warning: Markowitz tolerance tightened to 0.03125
     0     0 234932.098    0   23 313001.667 234932.098  24.9%     -    4s
H    0     0                    236201.66667 234932.098  0.54%     -    4s

Cutting planes:
  Gomory: 2
  Lift-and-project: 1
  MIR: 2
  StrongCG: 2
  Zero half: 1

Explored 1 nodes (27545 simplex iterations) in 4.58 seconds (6.78 work units)
Thread count was 1 (of 32 available processors)

Solution count 3: 236202 313002 313521 

Optimal solution found (tolerance 5.00e-02)
Best objective 2.362016666667e+05, best bound 2.349320979735e+05, gap 0.5375%
     0     0 234932.098    0   22 313001.667 234932.098  24.9%     -    3s
     0     0 234932.098    0   24 313001.667 234932.098  24.9%     -    3s

Root relaxation: objective 2.349078e+05, 10647 iterations, 0.88 seconds (1.30 work units)
     0     0 234932.098    0   17 313001.667 234932.098  24.9%     -    3s
  [Fase 1 (infra libre)] estacion=station_3 dia=32 -> C:\Users\TECNO-MASTER\Desktop\Elmo_infrastructure_sizing_NP-\output\DCH_septiembre\Bateria_353\Costo_fijo\Swap_libre\Swap_fixed_3estaciones_640kW_Descomp/station_3_d32_stage1
formulation time: 9.133023977279663
Set parameter OutputFlag to value 1
Set parameter OutputFlag to value 1
Set parameter LogToConsole to value 1
Set parameter MIPGap to value 0.05
Set parameter TimeLimit to value 1200
Set parameter LogFile to value "C:\Users\TECNO-MASTER\Desktop\Elmo_infrastructure_sizing_NP-\output\DCH_septiembre\Bateria_353\Costo_fijo\Swap_libre\Swap_fixed_3estaciones_640kW_Descomp\station_3_d32_stage1\ELMO_log.txt"
Set parameter Threads to value 1
Set parameter Heuristics to value 0.5
Set parameter MIPFocus to value 3
Set parameter Presolve to value 2
Set parameter FlowCoverCuts to value 2
Gurobi Optimizer version 12.0.3 build v12.0.3rc0 (win64 - Windows 11+.0 (26200.2))

CPU model: Intel(R) Core(TM) i9-14900K, instruction set [SSE2|AVX|AVX2]
Thread count: 24 physical cores, 32 logical processors, using up to 1 threads

Non-default parameters:
TimeLimit  1200
MIPGap  0.05
Heuristics  0.5
MIPFocus  3
FlowCoverCuts  2
Presolve  2
Threads  1

Optimize a model with 26328 rows, 53707 columns and 242745 nonzeros
Model fingerprint: 0x43d5ef4b
Variable types: 2099 continuous, 51608 integer (18485 binary)
Coefficient statistics:
  Matrix range     [1e+00, 6e+02]
  Objective range  [4e-01, 8e+04]
  Bounds range     [1e+00, 1e+01]
  RHS range        [1e+00, 1e+04]
H   26    26                    235682.55556 234907.965  0.33%   152    7s

Cutting planes:
  Gomory: 12
  Lift-and-project: 13
  MIR: 7
  StrongCG: 1
  Flow cover: 81
  RLT: 5
  Relax-and-lift: 1

Explored 27 nodes (27143 simplex iterations) in 7.27 seconds (10.11 work units)
Thread count was 1 (of 32 available processors)

Solution count 4: 235683 312483 313002 313521 

Optimal solution found (tolerance 5.00e-02)
Best objective 2.356825555556e+05, best bound 2.349079653952e+05, gap 0.3287%

    Nodes    |    Current Node    |     Objective Bounds      |     Work
 Expl Unexpl |  Obj  Depth IntInf | Incumbent    BestBd   Gap | It/Node Time

     0     0 234907.821    0   37          - 234907.821      -     -    1s
Presolve removed 23257 rows and 43606 columns
Presolve time: 0.14s
Presolved: 3071 rows, 10101 columns, 31631 nonzeros
Variable types: 824 continuous, 9277 integer (8472 binary)
H    0     0                    313520.77778 234907.821  25.1%     -    1s
Root relaxation presolved: 3071 rows, 10101 columns, 31631 nonzeros

     0     0 234932.098    0   34 313001.667 234932.098  24.9%     -    4s
     0     0 234932.098    0   67 313001.667 234932.098  24.9%     -    4s
C:\Users\TECNO-MASTER\anaconda3\lib\site-packages\pandas\core\indexes\base.py:6999: FutureWarning: In a future version, the Index constructor will not infer numeric dtypes when passed object-dtype sequences (matching Series behavior)
  return Index(sequences[0], name=names)

Root relaxation: objective 2.349318e+05, 8935 iterations, 0.50 seconds (0.75 work units)
     0     0 234932.098    0   23 313001.667 234932.098  24.9%     -    4s
H    0     0                    236201.66667 234932.098  0.54%     -    4s

Cutting planes:
  Gomory: 2
  Lift-and-project: 1
  MIR: 2
  StrongCG: 2
  Zero half: 1

Explored 1 nodes (27545 simplex iterations) in 4.68 seconds (6.78 work units)
Thread count was 1 (of 32 available processors)

Solution count 3: 236202 313002 313521 

Optimal solution found (tolerance 5.00e-02)
Best objective 2.362016666667e+05, best bound 2.349320979735e+05, gap 0.5375%
     0     0 234907.821    0   25 313520.778 234907.821  25.1%     -    2s
     0     0 234907.965    0   85 313520.778 234907.965  25.1%     -    2s
     0     0 234907.965    0   85 313520.778 234907.965  25.1%     -    2s

    Nodes    |    Current Node    |     Objective Bounds      |     Work
 Expl Unexpl |  Obj  Depth IntInf | Incumbent    BestBd   Gap | It/Node Time

     0     0 234931.827    0   28          - 234931.827      -     -    1s
     0     0 234907.965    0   26 313520.778 234907.965  25.1%     -    2s
     0     0 234907.965    0   61 313520.778 234907.965  25.1%     -    3s
     0     0 234907.965    0   22 313520.778 234907.965  25.1%     -    3s
     0     0 235163.444    0   20          - 235163.444      -     -    1s
     0     0 234907.965    0   25 313520.778 234907.965  25.1%     -    3s
  [Fase 1 (infra libre)] estacion=station_3 dia=1 -> C:\Users\TECNO-MASTER\Desktop\Elmo_infrastructure_sizing_NP-\output\DCH_septiembre\Bateria_353\Costo_fijo\Swap_libre\Swap_fixed_3estaciones_640kW_Descomp/station_3_d1_stage1
formulation time: 9.597072839736938
Set parameter OutputFlag to value 1
Set parameter OutputFlag to value 1
Set parameter LogToConsole to value 1
Set parameter MIPGap to value 0.05
Set parameter TimeLimit to value 1200
Set parameter LogFile to value "C:\Users\TECNO-MASTER\Desktop\Elmo_infrastructure_sizing_NP-\output\DCH_septiembre\Bateria_353\Costo_fijo\Swap_libre\Swap_fixed_3estaciones_640kW_Descomp\station_3_d1_stage1\ELMO_log.txt"
Set parameter Threads to value 1
Set parameter Heuristics to value 0.5
Set parameter MIPFocus to value 3
Set parameter Presolve to value 2
Set parameter FlowCoverCuts to value 2
Gurobi Optimizer version 12.0.3 build v12.0.3rc0 (win64 - Windows 11+.0 (26200.2))

CPU model: Intel(R) Core(TM) i9-14900K, instruction set [SSE2|AVX|AVX2]
Thread count: 24 physical cores, 32 logical processors, using up to 1 threads

Non-default parameters:
TimeLimit  1200
MIPGap  0.05
Heuristics  0.5
MIPFocus  3
FlowCoverCuts  2
Presolve  2
Threads  1

Optimize a model with 26328 rows, 53707 columns and 242745 nonzeros
Model fingerprint: 0x43d5ef4b
Variable types: 2099 continuous, 51608 integer (18485 binary)
Coefficient statistics:
  Matrix range     [1e+00, 6e+02]
  Objective range  [4e-01, 8e+04]
  Bounds range     [1e+00, 1e+01]
  RHS range        [1e+00, 1e+04]
     0     0 235163.444    0    9          - 235163.444      -     -    2s
     0     0 234907.965    0   20 313520.778 234907.965  25.1%     -    4s
C:\Users\TECNO-MASTER\anaconda3\lib\site-packages\pandas\core\indexes\base.py:6999: FutureWarning: In a future version, the Index constructor will not infer numeric dtypes when passed object-dtype sequences (matching Series behavior)
  return Index(sequences[0], name=names)
Presolve removed 23257 rows and 43606 columns
Presolve time: 0.14s
Presolved: 3071 rows, 10101 columns, 31631 nonzeros
Variable types: 824 continuous, 9277 integer (8472 binary)
Root relaxation presolved: 3071 rows, 10101 columns, 31631 nonzeros

     0     0 234907.965    0   20 313520.778 234907.965  25.1%     -    4s
     0     0 235163.444    0   25          - 235163.444      -     -    2s
     0     0 235163.444    0   37          - 235163.444      -     -    3s

Root relaxation: objective 2.349318e+05, 8935 iterations, 0.47 seconds (0.75 work units)
H    0     0                    313001.66667 234907.965  24.9%     -    4s
H    0     0                    312482.55556 234907.965  24.8%     -    4s
     0     2 234907.965    0   20 312482.556 234907.965  24.8%     -    5s
     0     0 235163.444    0   21          - 235163.444      -     -    3s
  [Fase 1 (infra libre)] estacion=station_2 dia=305 -> C:\Users\TECNO-MASTER\Desktop\Elmo_infrastructure_sizing_NP-\output\DCH_septiembre\Bateria_353\Costo_fijo\Swap_libre\Swap_fixed_3estaciones_640kW_Descomp/station_2_d305_stage1
formulation time: 8.911853313446045
Set parameter OutputFlag to value 1
Set parameter OutputFlag to value 1
Set parameter LogToConsole to value 1
Set parameter MIPGap to value 0.05
Set parameter TimeLimit to value 1200
Set parameter LogFile to value "C:\Users\TECNO-MASTER\Desktop\Elmo_infrastructure_sizing_NP-\output\DCH_septiembre\Bateria_353\Costo_fijo\Swap_libre\Swap_fixed_3estaciones_640kW_Descomp\station_2_d305_stage1\ELMO_log.txt"
Set parameter Threads to value 1
Set parameter Heuristics to value 0.5
Set parameter MIPFocus to value 3
Set parameter Presolve to value 2
Set parameter FlowCoverCuts to value 2
H    0     0                    400279.88889 235163.444  41.3%     -    3s
Gurobi Optimizer version 12.0.3 build v12.0.3rc0 (win64 - Windows 11+.0 (26200.2))

CPU model: Intel(R) Core(TM) i9-14900K, instruction set [SSE2|AVX|AVX2]
Thread count: 24 physical cores, 32 logical processors, using up to 1 threads

Non-default parameters:
TimeLimit  1200
MIPGap  0.05
Heuristics  0.5
MIPFocus  3
FlowCoverCuts  2
Presolve  2
Threads  1

Optimize a model with 26358 rows, 54733 columns and 247795 nonzeros
Model fingerprint: 0x8975989b
Variable types: 2129 continuous, 52604 integer (19481 binary)
Coefficient statistics:
  Matrix range     [1e+00, 6e+02]
  Objective range  [4e-01, 8e+04]
  Bounds range     [1e+00, 1e+01]
  RHS range        [1e+00, 1e+04]

    Nodes    |    Current Node    |     Objective Bounds      |     Work
 Expl Unexpl |  Obj  Depth IntInf | Incumbent    BestBd   Gap | It/Node Time

     0     0 234931.827    0   28          - 234931.827      -     -    1s
Presolve removed 23281 rows and 44120 columns
Presolve time: 0.19s
Presolved: 3077 rows, 10613 columns, 33677 nonzeros
Variable types: 824 continuous, 9789 integer (8984 binary)
Root relaxation presolved: 3077 rows, 10613 columns, 33677 nonzeros

     0     0 235163.444    0   20          - 235163.444      -     -    1s
     0     0 235163.444    0   10 400279.889 235163.444  41.3%     -    4s
C:\Users\TECNO-MASTER\anaconda3\lib\site-packages\pandas\core\indexes\base.py:6999: FutureWarning: In a future version, the Index constructor will not infer numeric dtypes when passed object-dtype sequences (matching Series behavior)
  return Index(sequences[0], name=names)
     0     0 235163.444    0   10 400279.889 235163.444  41.3%     -    4s

Root relaxation: objective 2.349078e+05, 10319 iterations, 0.69 seconds (1.22 work units)
H    0     0                    236201.66667 235163.444  0.44%     -    4s

Cutting planes:
  Gomory: 1
  Lift-and-project: 3

Explored 1 nodes (27868 simplex iterations) in 4.66 seconds (7.33 work units)
Thread count was 1 (of 32 available processors)

Solution count 2: 236202 400280 

Optimal solution found (tolerance 5.00e-02)
Best objective 2.362016666667e+05, best bound 2.351634442128e+05, gap 0.4395%
     0     0 235163.444    0    9          - 235163.444      -     -    2s
     0     0 235163.444    0   25          - 235163.444      -     -    2s

    Nodes    |    Current Node    |     Objective Bounds      |     Work
 Expl Unexpl |  Obj  Depth IntInf | Incumbent    BestBd   Gap | It/Node Time

     0     0 234907.821    0   32          - 234907.821      -     -    1s
     0     0 235163.444    0   37          - 235163.444      -     -    2s
H   26    26                    235682.55556 234907.965  0.33%   152    7s

Cutting planes:
  Gomory: 12
  Lift-and-project: 13
  MIR: 7
  StrongCG: 1
  Flow cover: 81
  RLT: 5
  Relax-and-lift: 1

Explored 27 nodes (27143 simplex iterations) in 7.04 seconds (10.11 work units)
Thread count was 1 (of 32 available processors)

Solution count 4: 235683 312483 313002 313521 

Optimal solution found (tolerance 5.00e-02)
Best objective 2.356825555556e+05, best bound 2.349079653952e+05, gap 0.3287%
     0     0 234907.965    0   46          - 234907.965      -     -    2s
     0     0 234907.965    0   59          - 234907.965      -     -    2s
  [Fase 1 (infra libre)] estacion=station_3 dia=121 -> C:\Users\TECNO-MASTER\Desktop\Elmo_infrastructure_sizing_NP-\output\DCH_septiembre\Bateria_353\Costo_fijo\Swap_libre\Swap_fixed_3estaciones_640kW_Descomp/station_3_d121_stage1
formulation time: 9.011974811553955
Set parameter OutputFlag to value 1
Set parameter OutputFlag to value 1
Set parameter LogToConsole to value 1
Set parameter MIPGap to value 0.05
Set parameter TimeLimit to value 1200
Set parameter LogFile to value "C:\Users\TECNO-MASTER\Desktop\Elmo_infrastructure_sizing_NP-\output\DCH_septiembre\Bateria_353\Costo_fijo\Swap_libre\Swap_fixed_3estaciones_640kW_Descomp\station_3_d121_stage1\ELMO_log.txt"
Set parameter Threads to value 1
Set parameter Heuristics to value 0.5
Set parameter MIPFocus to value 3
Set parameter Presolve to value 2
Set parameter FlowCoverCuts to value 2
Gurobi Optimizer version 12.0.3 build v12.0.3rc0 (win64 - Windows 11+.0 (26200.2))

CPU model: Intel(R) Core(TM) i9-14900K, instruction set [SSE2|AVX|AVX2]
Thread count: 24 physical cores, 32 logical processors, using up to 1 threads

Non-default parameters:
TimeLimit  1200
MIPGap  0.05
Heuristics  0.5
MIPFocus  3
FlowCoverCuts  2
Presolve  2
Threads  1

Optimize a model with 26358 rows, 53707 columns and 242805 nonzeros
Model fingerprint: 0xc7500d0c
Variable types: 2099 continuous, 51608 integer (18485 binary)
Coefficient statistics:
  Matrix range     [1e+00, 6e+02]
  Objective range  [4e-01, 8e+04]
  Bounds range     [1e+00, 1e+01]
  RHS range        [1e+00, 1e+04]
     0     0 235163.444    0   21          - 235163.444      -     -    3s
Presolve removed 23257 rows and 43635 columns
Presolve time: 0.14s
Presolved: 3101 rows, 10072 columns, 31721 nonzeros
Variable types: 824 continuous, 9248 integer (8472 binary)
H    0     0                    400279.88889 235163.444  41.3%     -    3s
Root relaxation presolved: 3101 rows, 10072 columns, 31721 nonzeros

     0     0 234907.965    0   49          - 234907.965      -     -    2s
     0     0 234907.965    0   53          - 234907.965      -     -    2s
C:\Users\TECNO-MASTER\anaconda3\lib\site-packages\pandas\core\indexes\base.py:6999: FutureWarning: In a future version, the Index constructor will not infer numeric dtypes when passed object-dtype sequences (matching Series behavior)
  return Index(sequences[0], name=names)

Root relaxation: objective 2.349318e+05, 9357 iterations, 0.53 seconds (0.89 work units)
     0     0 235163.444    0   10 400279.889 235163.444  41.3%     -    4s
     0     0 235163.444    0   10 400279.889 235163.444  41.3%     -    4s
H    0     0                    236201.66667 235163.444  0.44%     -    4s

Cutting planes:
  Gomory: 1
  Lift-and-project: 3

Explored 1 nodes (27868 simplex iterations) in 4.58 seconds (7.33 work units)
Thread count was 1 (of 32 available processors)

Solution count 2: 236202 400280 

Optimal solution found (tolerance 5.00e-02)
Best objective 2.362016666667e+05, best bound 2.351634442128e+05, gap 0.4395%
     0     0 234907.965    0   42          - 234907.965      -     -    3s
     0     0 234907.965    0   49          - 234907.965      -     -    3s

    Nodes    |    Current Node    |     Objective Bounds      |     Work
 Expl Unexpl |  Obj  Depth IntInf | Incumbent    BestBd   Gap | It/Node Time

     0     0 234931.827    0   26          - 234931.827      -     -    1s
H    0     0                    313520.77778 234931.827  25.1%     -    1s
H    0     0                    313001.66667 234931.827  24.9%     -    1s
     0     0 234907.965    0   27          - 234907.965      -     -    3s
     0     0 234931.828    0   53 313001.667 234931.828  24.9%     -    2s
     0     0 234932.098    0   49 313001.667 234932.098  24.9%     -    2s
     0     0 234907.965    0   44          - 234907.965      -     -    4s
     0     0 234907.965    0   44          - 234907.965      -     -    4s
  [Fase 1 (infra libre)] estacion=station_3 dia=91 -> C:\Users\TECNO-MASTER\Desktop\Elmo_infrastructure_sizing_NP-\output\DCH_septiembre\Bateria_353\Costo_fijo\Swap_libre\Swap_fixed_3estaciones_640kW_Descomp/station_3_d91_stage1
formulation time: 9.373099565505981
Set parameter OutputFlag to value 1
Set parameter OutputFlag to value 1
Set parameter LogToConsole to value 1
Set parameter MIPGap to value 0.05
Set parameter TimeLimit to value 1200
Set parameter LogFile to value "C:\Users\TECNO-MASTER\Desktop\Elmo_infrastructure_sizing_NP-\output\DCH_septiembre\Bateria_353\Costo_fijo\Swap_libre\Swap_fixed_3estaciones_640kW_Descomp\station_3_d91_stage1\ELMO_log.txt"
Set parameter Threads to value 1
Set parameter Heuristics to value 0.5
Set parameter MIPFocus to value 3
Set parameter Presolve to value 2
Set parameter FlowCoverCuts to value 2
Gurobi Optimizer version 12.0.3 build v12.0.3rc0 (win64 - Windows 11+.0 (26200.2))

CPU model: Intel(R) Core(TM) i9-14900K, instruction set [SSE2|AVX|AVX2]
Thread count: 24 physical cores, 32 logical processors, using up to 1 threads

Non-default parameters:
TimeLimit  1200
MIPGap  0.05
Heuristics  0.5
MIPFocus  3
FlowCoverCuts  2
Presolve  2
Threads  1

Optimize a model with 26358 rows, 53707 columns and 242805 nonzeros
Model fingerprint: 0xc7500d0c
Variable types: 2099 continuous, 51608 integer (18485 binary)
Coefficient statistics:
  Matrix range     [1e+00, 6e+02]
  Objective range  [4e-01, 8e+04]
  Bounds range     [1e+00, 1e+01]
  RHS range        [1e+00, 1e+04]
H    0     0                    238278.11111 234907.965  1.41%     -    4s

Cutting planes:
  Gomory: 2
  Lift-and-project: 7
  MIR: 2
  Flow cover: 2
  Relax-and-lift: 1
C:\Users\TECNO-MASTER\anaconda3\lib\site-packages\pandas\core\indexes\base.py:6999: FutureWarning: In a future version, the Index constructor will not infer numeric dtypes when passed object-dtype sequences (matching Series behavior)
  return Index(sequences[0], name=names)

Explored 1 nodes (26480 simplex iterations) in 4.63 seconds (6.75 work units)
Thread count was 1 (of 32 available processors)

Solution count 1: 238278 

Optimal solution found (tolerance 5.00e-02)
Best objective 2.382781111111e+05, best bound 2.349079653952e+05, gap 1.4144%
Presolve removed 23257 rows and 43635 columns
Presolve time: 0.13s
Presolved: 3101 rows, 10072 columns, 31721 nonzeros
Variable types: 824 continuous, 9248 integer (8472 binary)
Root relaxation presolved: 3101 rows, 10072 columns, 31721 nonzeros

     0     0 234932.098    0   22 313001.667 234932.098  24.9%     -    2s
     0     0 234932.098    0   24 313001.667 234932.098  24.9%     -    2s

Root relaxation: objective 2.349318e+05, 9357 iterations, 0.52 seconds (0.89 work units)
     0     0 234932.098    0   17 313001.667 234932.098  24.9%     -    3s
  [Fase 1 (infra libre)] estacion=station_3 dia=213 -> C:\Users\TECNO-MASTER\Desktop\Elmo_infrastructure_sizing_NP-\output\DCH_septiembre\Bateria_353\Costo_fijo\Swap_libre\Swap_fixed_3estaciones_640kW_Descomp/station_3_d213_stage1
formulation time: 8.892028331756592
Set parameter OutputFlag to value 1
Set parameter OutputFlag to value 1
Set parameter LogToConsole to value 1
Set parameter MIPGap to value 0.05
Set parameter TimeLimit to value 1200
Set parameter LogFile to value "C:\Users\TECNO-MASTER\Desktop\Elmo_infrastructure_sizing_NP-\output\DCH_septiembre\Bateria_353\Costo_fijo\Swap_libre\Swap_fixed_3estaciones_640kW_Descomp\station_3_d213_stage1\ELMO_log.txt"
Set parameter Threads to value 1
Set parameter Heuristics to value 0.5
Set parameter MIPFocus to value 3
Set parameter Presolve to value 2
Set parameter FlowCoverCuts to value 2
Gurobi Optimizer version 12.0.3 build v12.0.3rc0 (win64 - Windows 11+.0 (26200.2))

CPU model: Intel(R) Core(TM) i9-14900K, instruction set [SSE2|AVX|AVX2]
Thread count: 24 physical cores, 32 logical processors, using up to 1 threads

Non-default parameters:
TimeLimit  1200
MIPGap  0.05
Heuristics  0.5
MIPFocus  3
FlowCoverCuts  2
Presolve  2
Threads  1

Optimize a model with 26358 rows, 53707 columns and 242805 nonzeros
Model fingerprint: 0xc7500d0c

    Nodes    |    Current Node    |     Objective Bounds      |     Work
Variable types: 2099 continuous, 51608 integer (18485 binary)
 Expl Unexpl |  Obj  Depth IntInf | Incumbent    BestBd   Gap | It/Node Time

     0     0 234931.827    0   26          - 234931.827      -     -    1s
Coefficient statistics:
  Matrix range     [1e+00, 6e+02]
  Objective range  [4e-01, 8e+04]
  Bounds range     [1e+00, 1e+01]
  RHS range        [1e+00, 1e+04]
H    0     0                    313520.77778 234931.827  25.1%     -    1s
     0     0 234932.098    0   34 313001.667 234932.098  24.9%     -    3s
H    0     0                    313001.66667 234931.827  24.9%     -    1s
     0     0 234932.098    0   67 313001.667 234932.098  24.9%     -    3s
Presolve removed 23257 rows and 43635 columns
Presolve time: 0.13s
Presolved: 3101 rows, 10072 columns, 31721 nonzeros
Variable types: 824 continuous, 9248 integer (8472 binary)
Root relaxation presolved: 3101 rows, 10072 columns, 31721 nonzeros

     0     0 234932.098    0   23 313001.667 234932.098  24.9%     -    4s
     0     0 234931.828    0   53 313001.667 234931.828  24.9%     -    1s
H    0     0                    236201.66667 234932.098  0.54%     -    4s

Cutting planes:
  Gomory: 2
  Lift-and-project: 1
  MIR: 2
  StrongCG: 2
  Zero half: 1

Explored 1 nodes (27545 simplex iterations) in 4.30 seconds (6.78 work units)
Thread count was 1 (of 32 available processors)

Solution count 3: 236202 313002 313521 

Optimal solution found (tolerance 5.00e-02)
Best objective 2.362016666667e+05, best bound 2.349320979735e+05, gap 0.5375%
     0     0 234932.098    0   49 313001.667 234932.098  24.9%     -    2s

Root relaxation: objective 2.349318e+05, 9357 iterations, 0.48 seconds (0.89 work units)
     0     0 234932.098    0   22 313001.667 234932.098  24.9%     -    2s
     0     0 234932.098    0   24 313001.667 234932.098  24.9%     -    2s

    Nodes    |    Current Node    |     Objective Bounds      |     Work
 Expl Unexpl |  Obj  Depth IntInf | Incumbent    BestBd   Gap | It/Node Time

     0     0 234931.827    0   26          - 234931.827      -     -    1s
H    0     0                    313520.77778 234931.827  25.1%     -    1s
H    0     0                    313001.66667 234931.827  24.9%     -    1s
  [Fase 1 (infra libre)] estacion=station_3 dia=60 -> C:\Users\TECNO-MASTER\Desktop\Elmo_infrastructure_sizing_NP-\output\DCH_septiembre\Bateria_353\Costo_fijo\Swap_libre\Swap_fixed_3estaciones_640kW_Descomp/station_3_d60_stage1
formulation time: 8.779182195663452
Set parameter OutputFlag to value 1
Set parameter OutputFlag to value 1
Set parameter LogToConsole to value 1
Set parameter MIPGap to value 0.05
Set parameter TimeLimit to value 1200
Set parameter LogFile to value "C:\Users\TECNO-MASTER\Desktop\Elmo_infrastructure_sizing_NP-\output\DCH_septiembre\Bateria_353\Costo_fijo\Swap_libre\Swap_fixed_3estaciones_640kW_Descomp\station_3_d60_stage1\ELMO_log.txt"
Set parameter Threads to value 1
Set parameter Heuristics to value 0.5
Set parameter MIPFocus to value 3
Set parameter Presolve to value 2
Set parameter FlowCoverCuts to value 2
Gurobi Optimizer version 12.0.3 build v12.0.3rc0 (win64 - Windows 11+.0 (26200.2))

CPU model: Intel(R) Core(TM) i9-14900K, instruction set [SSE2|AVX|AVX2]
Thread count: 24 physical cores, 32 logical processors, using up to 1 threads

Non-default parameters:
TimeLimit  1200
MIPGap  0.05
Heuristics  0.5
MIPFocus  3
FlowCoverCuts  2
Presolve  2
Threads  1

Optimize a model with 26328 rows, 53707 columns and 242745 nonzeros
Model fingerprint: 0x43d5ef4b
Variable types: 2099 continuous, 51608 integer (18485 binary)
Coefficient statistics:
  Matrix range     [1e+00, 6e+02]
  Objective range  [4e-01, 8e+04]
  Bounds range     [1e+00, 1e+01]
  RHS range        [1e+00, 1e+04]
Presolve removed 23257 rows and 43606 columns
Presolve time: 0.13s
Presolved: 3071 rows, 10101 columns, 31631 nonzeros
Variable types: 824 continuous, 9277 integer (8472 binary)
Root relaxation presolved: 3071 rows, 10101 columns, 31631 nonzeros

     0     0 234932.098    0   17 313001.667 234932.098  24.9%     -    3s
     0     0 234931.828    0   53 313001.667 234931.828  24.9%     -    1s
     0     0 234932.098    0   49 313001.667 234932.098  24.9%     -    2s

Root relaxation: objective 2.349318e+05, 8935 iterations, 0.39 seconds (0.75 work units)
     0     0 234932.098    0   34 313001.667 234932.098  24.9%     -    3s
     0     0 234932.098    0   67 313001.667 234932.098  24.9%     -    3s
     0     0 234932.098    0   22 313001.667 234932.098  24.9%     -    2s
     0     0 234932.098    0   24 313001.667 234932.098  24.9%     -    2s
     0     0 234932.098    0   23 313001.667 234932.098  24.9%     -    4s
H    0     0                    236201.66667 234932.098  0.54%     -    4s

Cutting planes:
  Gomory: 2
  Lift-and-project: 1
  MIR: 2
  StrongCG: 2
  Zero half: 1

Explored 1 nodes (27545 simplex iterations) in 4.15 seconds (6.78 work units)
Thread count was 1 (of 32 available processors)

Solution count 3: 236202 313002 313521 

Optimal solution found (tolerance 5.00e-02)
Best objective 2.362016666667e+05, best bound 2.349320979735e+05, gap 0.5375%

    Nodes    |    Current Node    |     Objective Bounds      |     Work
 Expl Unexpl |  Obj  Depth IntInf | Incumbent    BestBd   Gap | It/Node Time

     0     0 234931.827    0   28          - 234931.827      -     -    1s
     0     0 234932.098    0   17 313001.667 234932.098  24.9%     -    3s
     0     0 235163.444    0   20          - 235163.444      -     -    1s
✅ Solution time [sec]: 4.03
📊 Status: optimal
💰 Operation Cost: 235682.55555555556
⚠️ No se encontró 'gurobi.log'. 
✔ JSON de variables y parámetros, log y summary guardados en 'C:\Users\TECNO-MASTER\Desktop\Elmo_infrastructure_sizing_NP-\output\DCH_septiembre\Bateria_353\Costo_fijo\Swap_libre\Swap_fixed_3estaciones_640kW_Descomp/station_1_d1_stage1'.
  [Fase 1 (infra libre)] estacion=station_3 dia=244 -> C:\Users\TECNO-MASTER\Desktop\Elmo_infrastructure_sizing_NP-\output\DCH_septiembre\Bateria_353\Costo_fijo\Swap_libre\Swap_fixed_3estaciones_640kW_Descomp/station_3_d244_stage1
formulation time: 8.526805639266968
Set parameter OutputFlag to value 1
Set parameter OutputFlag to value 1
Set parameter LogToConsole to value 1
Set parameter MIPGap to value 0.05
Set parameter TimeLimit to value 1200
Set parameter LogFile to value "C:\Users\TECNO-MASTER\Desktop\Elmo_infrastructure_sizing_NP-\output\DCH_septiembre\Bateria_353\Costo_fijo\Swap_libre\Swap_fixed_3estaciones_640kW_Descomp\station_3_d244_stage1\ELMO_log.txt"
Set parameter Threads to value 1
Set parameter Heuristics to value 0.5
Set parameter MIPFocus to value 3
Set parameter Presolve to value 2
Set parameter FlowCoverCuts to value 2
Gurobi Optimizer version 12.0.3 build v12.0.3rc0 (win64 - Windows 11+.0 (26200.2))

CPU model: Intel(R) Core(TM) i9-14900K, instruction set [SSE2|AVX|AVX2]
Thread count: 24 physical cores, 32 logical processors, using up to 1 threads

Non-default parameters:
TimeLimit  1200
MIPGap  0.05
Heuristics  0.5
MIPFocus  3
FlowCoverCuts  2
Presolve  2
Threads  1

Optimize a model with 26358 rows, 53707 columns and 242805 nonzeros
Model fingerprint: 0xc7500d0c
Variable types: 2099 continuous, 51608 integer (18485 binary)
Coefficient statistics:
  Matrix range     [1e+00, 6e+02]
  Objective range  [4e-01, 8e+04]
  Bounds range     [1e+00, 1e+01]
  RHS range        [1e+00, 1e+04]
Presolve removed 23257 rows and 43635 columns
Presolve time: 0.13s
Presolved: 3101 rows, 10072 columns, 31721 nonzeros
Variable types: 824 continuous, 9248 integer (8472 binary)
Root relaxation presolved: 3101 rows, 10072 columns, 31721 nonzeros

     0     0 234932.098    0   34 313001.667 234932.098  24.9%     -    3s
     0     0 234932.098    0   67 313001.667 234932.098  24.9%     -    3s
     0     0 235163.444    0    9          - 235163.444      -     -    2s

Root relaxation: objective 2.349318e+05, 9357 iterations, 0.44 seconds (0.89 work units)
     0     0 234932.098    0   23 313001.667 234932.098  24.9%     -    3s
H    0     0                    236201.66667 234932.098  0.54%     -    4s

Cutting planes:
  Gomory: 2
  Lift-and-project: 1
  MIR: 2
  StrongCG: 2
  Zero half: 1

Explored 1 nodes (27545 simplex iterations) in 4.02 seconds (6.78 work units)
Thread count was 1 (of 32 available processors)

Solution count 3: 236202 313002 313521 

Optimal solution found (tolerance 5.00e-02)
Best objective 2.362016666667e+05, best bound 2.349320979735e+05, gap 0.5375%
     0     0 235163.444    0   25          - 235163.444      -     -    2s
     0     0 235163.444    0   37          - 235163.444      -     -    2s

    Nodes    |    Current Node    |     Objective Bounds      |     Work
 Expl Unexpl |  Obj  Depth IntInf | Incumbent    BestBd   Gap | It/Node Time

     0     0 234931.827    0   26          - 234931.827      -     -    1s
H    0     0                    313520.77778 234931.827  25.1%     -    1s
H    0     0                    313001.66667 234931.827  24.9%     -    1s
     0     0 235163.444    0   21          - 235163.444      -     -    3s
H    0     0                    400279.88889 235163.444  41.3%     -    3s
✅ Solution time [sec]: 4.23
📊 Status: optimal
💰 Operation Cost: 235682.55555555556
⚠️ No se encontró 'gurobi.log'. 
✔ JSON de variables y parámetros, log y summary guardados en 'C:\Users\TECNO-MASTER\Desktop\Elmo_infrastructure_sizing_NP-\output\DCH_septiembre\Bateria_353\Costo_fijo\Swap_libre\Swap_fixed_3estaciones_640kW_Descomp/station_1_d32_stage1'.
  [Fase 1 (infra libre)] estacion=station_3 dia=274 -> C:\Users\TECNO-MASTER\Desktop\Elmo_infrastructure_sizing_NP-\output\DCH_septiembre\Bateria_353\Costo_fijo\Swap_libre\Swap_fixed_3estaciones_640kW_Descomp/station_3_d274_stage1
formulation time: 8.203409910202026
Set parameter OutputFlag to value 1
Set parameter OutputFlag to value 1
Set parameter LogToConsole to value 1
Set parameter MIPGap to value 0.05
Set parameter TimeLimit to value 1200
Set parameter LogFile to value "C:\Users\TECNO-MASTER\Desktop\Elmo_infrastructure_sizing_NP-\output\DCH_septiembre\Bateria_353\Costo_fijo\Swap_libre\Swap_fixed_3estaciones_640kW_Descomp\station_3_d274_stage1\ELMO_log.txt"
Set parameter Threads to value 1
Set parameter Heuristics to value 0.5
Set parameter MIPFocus to value 3
Set parameter Presolve to value 2
Set parameter FlowCoverCuts to value 2
Gurobi Optimizer version 12.0.3 build v12.0.3rc0 (win64 - Windows 11+.0 (26200.2))

CPU model: Intel(R) Core(TM) i9-14900K, instruction set [SSE2|AVX|AVX2]
Thread count: 24 physical cores, 32 logical processors, using up to 1 threads

Non-default parameters:
TimeLimit  1200
MIPGap  0.05
Heuristics  0.5
MIPFocus  3
FlowCoverCuts  2
Presolve  2
Threads  1

Optimize a model with 26328 rows, 53707 columns and 242745 nonzeros
Model fingerprint: 0x43d5ef4b
Variable types: 2099 continuous, 51608 integer (18485 binary)
Coefficient statistics:
  Matrix range     [1e+00, 6e+02]
  Objective range  [4e-01, 8e+04]
  Bounds range     [1e+00, 1e+01]
  RHS range        [1e+00, 1e+04]
Presolve removed 23257 rows and 43606 columns
Presolve time: 0.12s
Presolved: 3071 rows, 10101 columns, 31631 nonzeros
Variable types: 824 continuous, 9277 integer (8472 binary)
Root relaxation presolved: 3071 rows, 10101 columns, 31631 nonzeros

     0     0 234931.828    0   53 313001.667 234931.828  24.9%     -    1s
     0     0 234932.098    0   49 313001.667 234932.098  24.9%     -    1s

Root relaxation: objective 2.349318e+05, 8935 iterations, 0.37 seconds (0.75 work units)
     0     0 235163.444    0   10 400279.889 235163.444  41.3%     -    3s
     0     0 235163.444    0   10 400279.889 235163.444  41.3%     -    3s
H    0     0                    236201.66667 235163.444  0.44%     -    3s

Cutting planes:
  Gomory: 1
  Lift-and-project: 3

Explored 1 nodes (27868 simplex iterations) in 3.92 seconds (7.33 work units)
Thread count was 1 (of 32 available processors)

Solution count 2: 236202 400280 

Optimal solution found (tolerance 5.00e-02)
Best objective 2.362016666667e+05, best bound 2.351634442128e+05, gap 0.4395%
     0     0 234932.098    0   22 313001.667 234932.098  24.9%     -    2s
     0     0 234932.098    0   24 313001.667 234932.098  24.9%     -    2s

    Nodes    |    Current Node    |     Objective Bounds      |     Work
 Expl Unexpl |  Obj  Depth IntInf | Incumbent    BestBd   Gap | It/Node Time

     0     0 234931.827    0   28          - 234931.827      -     -    1s
     0     0 234932.098    0   17 313001.667 234932.098  24.9%     -    2s
     0     0 235163.444    0   20          - 235163.444      -     -    1s
✅ Solution time [sec]: 4.15
📊 Status: optimal
💰 Operation Cost: 235682.55555555556
⚠️ No se encontró 'gurobi.log'. 
✔ JSON de variables y parámetros, log y summary guardados en 'C:\Users\TECNO-MASTER\Desktop\Elmo_infrastructure_sizing_NP-\output\DCH_septiembre\Bateria_353\Costo_fijo\Swap_libre\Swap_fixed_3estaciones_640kW_Descomp/station_1_d60_stage1'.
  [Fase 1 (infra libre)] estacion=station_3 dia=305 -> C:\Users\TECNO-MASTER\Desktop\Elmo_infrastructure_sizing_NP-\output\DCH_septiembre\Bateria_353\Costo_fijo\Swap_libre\Swap_fixed_3estaciones_640kW_Descomp/station_3_d305_stage1
formulation time: 7.825249910354614
Set parameter OutputFlag to value 1
Set parameter OutputFlag to value 1
Set parameter LogToConsole to value 1
Set parameter MIPGap to value 0.05
Set parameter TimeLimit to value 1200
Set parameter LogFile to value "C:\Users\TECNO-MASTER\Desktop\Elmo_infrastructure_sizing_NP-\output\DCH_septiembre\Bateria_353\Costo_fijo\Swap_libre\Swap_fixed_3estaciones_640kW_Descomp\station_3_d305_stage1\ELMO_log.txt"
Set parameter Threads to value 1
Set parameter Heuristics to value 0.5
Set parameter MIPFocus to value 3
Set parameter Presolve to value 2
Set parameter FlowCoverCuts to value 2
Gurobi Optimizer version 12.0.3 build v12.0.3rc0 (win64 - Windows 11+.0 (26200.2))

CPU model: Intel(R) Core(TM) i9-14900K, instruction set [SSE2|AVX|AVX2]
Thread count: 24 physical cores, 32 logical processors, using up to 1 threads

Non-default parameters:
TimeLimit  1200
MIPGap  0.05
Heuristics  0.5
MIPFocus  3
FlowCoverCuts  2
Presolve  2
Threads  1

Optimize a model with 26328 rows, 53707 columns and 242745 nonzeros
Model fingerprint: 0x43d5ef4b
Variable types: 2099 continuous, 51608 integer (18485 binary)
Coefficient statistics:
  Matrix range     [1e+00, 6e+02]
  Objective range  [4e-01, 8e+04]
  Bounds range     [1e+00, 1e+01]
  RHS range        [1e+00, 1e+04]
Presolve removed 23257 rows and 43606 columns
Presolve time: 0.12s
Presolved: 3071 rows, 10101 columns, 31631 nonzeros
Variable types: 824 continuous, 9277 integer (8472 binary)
Root relaxation presolved: 3071 rows, 10101 columns, 31631 nonzeros

     0     0 234932.098    0   34 313001.667 234932.098  24.9%     -    3s
     0     0 235163.444    0    9          - 235163.444      -     -    1s
     0     0 234932.098    0   67 313001.667 234932.098  24.9%     -    3s

Root relaxation: objective 2.349318e+05, 8935 iterations, 0.35 seconds (0.75 work units)
     0     0 234932.098    0   23 313001.667 234932.098  24.9%     -    3s
H    0     0                    236201.66667 234932.098  0.54%     -    3s

Cutting planes:
  Gomory: 2
  Lift-and-project: 1
  MIR: 2
  StrongCG: 2
  Zero half: 1

Explored 1 nodes (27545 simplex iterations) in 3.71 seconds (6.78 work units)
Thread count was 1 (of 32 available processors)

Solution count 3: 236202 313002 313521 

Optimal solution found (tolerance 5.00e-02)
Best objective 2.362016666667e+05, best bound 2.349320979735e+05, gap 0.5375%
     0     0 235163.444    0   25          - 235163.444      -     -    2s
     0     0 235163.444    0   37          - 235163.444      -     -    2s

    Nodes    |    Current Node    |     Objective Bounds      |     Work
 Expl Unexpl |  Obj  Depth IntInf | Incumbent    BestBd   Gap | It/Node Time

     0     0 234931.827    0   28          - 234931.827      -     -    1s
     0     0 235163.444    0   21          - 235163.444      -     -    2s
H    0     0                    400279.88889 235163.444  41.3%     -    2s
✅ Solution time [sec]: 6.13
📊 Status: optimal
💰 Operation Cost: 235682.55555555556
⚠️ No se encontró 'gurobi.log'. 
✔ JSON de variables y parámetros, log y summary guardados en 'C:\Users\TECNO-MASTER\Desktop\Elmo_infrastructure_sizing_NP-\output\DCH_septiembre\Bateria_353\Costo_fijo\Swap_libre\Swap_fixed_3estaciones_640kW_Descomp/station_1_d91_stage1'.
  [Fase 1 (infra libre)] estacion=station_3 dia=335 -> C:\Users\TECNO-MASTER\Desktop\Elmo_infrastructure_sizing_NP-\output\DCH_septiembre\Bateria_353\Costo_fijo\Swap_libre\Swap_fixed_3estaciones_640kW_Descomp/station_3_d335_stage1
formulation time: 7.477784633636475
Set parameter OutputFlag to value 1
Set parameter OutputFlag to value 1
Set parameter LogToConsole to value 1
Set parameter MIPGap to value 0.05
Set parameter TimeLimit to value 1200
Set parameter LogFile to value "C:\Users\TECNO-MASTER\Desktop\Elmo_infrastructure_sizing_NP-\output\DCH_septiembre\Bateria_353\Costo_fijo\Swap_libre\Swap_fixed_3estaciones_640kW_Descomp\station_3_d335_stage1\ELMO_log.txt"
Set parameter Threads to value 1
Set parameter Heuristics to value 0.5
Set parameter MIPFocus to value 3
Set parameter Presolve to value 2
Set parameter FlowCoverCuts to value 2
Gurobi Optimizer version 12.0.3 build v12.0.3rc0 (win64 - Windows 11+.0 (26200.2))

CPU model: Intel(R) Core(TM) i9-14900K, instruction set [SSE2|AVX|AVX2]
Thread count: 24 physical cores, 32 logical processors, using up to 1 threads

Non-default parameters:
TimeLimit  1200
MIPGap  0.05
Heuristics  0.5
MIPFocus  3
FlowCoverCuts  2
Presolve  2
Threads  1

Optimize a model with 26328 rows, 53707 columns and 242745 nonzeros
Model fingerprint: 0x43d5ef4b
Variable types: 2099 continuous, 51608 integer (18485 binary)
Coefficient statistics:
  Matrix range     [1e+00, 6e+02]
  Objective range  [4e-01, 8e+04]
  Bounds range     [1e+00, 1e+01]
  RHS range        [1e+00, 1e+04]
     0     0 235163.444    0   20          - 235163.444      -     -    1s
Presolve removed 23257 rows and 43606 columns
Presolve time: 0.11s
Presolved: 3071 rows, 10101 columns, 31631 nonzeros
Variable types: 824 continuous, 9277 integer (8472 binary)
Root relaxation presolved: 3071 rows, 10101 columns, 31631 nonzeros

     0     0 235163.444    0   10 400279.889 235163.444  41.3%     -    3s
     0     0 235163.444    0    9          - 235163.444      -     -    1s

Root relaxation: objective 2.349318e+05, 8935 iterations, 0.34 seconds (0.75 work units)
     0     0 235163.444    0   10 400279.889 235163.444  41.3%     -    3s
H    0     0                    236201.66667 235163.444  0.44%     -    3s

Cutting planes:
  Gomory: 1
  Lift-and-project: 3

Explored 1 nodes (27868 simplex iterations) in 3.61 seconds (7.33 work units)
Thread count was 1 (of 32 available processors)

Solution count 2: 236202 400280 

Optimal solution found (tolerance 5.00e-02)
Best objective 2.362016666667e+05, best bound 2.351634442128e+05, gap 0.4395%
     0     0 235163.444    0   25          - 235163.444      -     -    2s
     0     0 235163.444    0   37          - 235163.444      -     -    2s

    Nodes    |    Current Node    |     Objective Bounds      |     Work
 Expl Unexpl |  Obj  Depth IntInf | Incumbent    BestBd   Gap | It/Node Time

     0     0 234931.827    0   28          - 234931.827      -     -    0s
     0     0 235163.444    0   21          - 235163.444      -     -    2s
H    0     0                    400279.88889 235163.444  41.3%     -    2s
     0     0 235163.444    0   20          - 235163.444      -     -    1s
     0     0 235163.444    0    9          - 235163.444      -     -    1s
     0     0 235163.444    0   10 400279.889 235163.444  41.3%     -    3s
     0     0 235163.444    0   10 400279.889 235163.444  41.3%     -    3s
H    0     0                    236201.66667 235163.444  0.44%     -    3s

Cutting planes:
  Gomory: 1
  Lift-and-project: 3

Explored 1 nodes (27868 simplex iterations) in 3.50 seconds (7.33 work units)
Thread count was 1 (of 32 available processors)

Solution count 2: 236202 400280 

Optimal solution found (tolerance 5.00e-02)
Best objective 2.362016666667e+05, best bound 2.351634442128e+05, gap 0.4395%
     0     0 235163.444    0   25          - 235163.444      -     -    2s
     0     0 235163.444    0   37          - 235163.444      -     -    2s
     0     0 235163.444    0   21          - 235163.444      -     -    2s
H    0     0                    400279.88889 235163.444  41.3%     -    2s
     0     0 235163.444    0   10 400279.889 235163.444  41.3%     -    3s
     0     0 235163.444    0   10 400279.889 235163.444  41.3%     -    3s
H    0     0                    236201.66667 235163.444  0.44%     -    3s

Cutting planes:
  Gomory: 1
  Lift-and-project: 3

Explored 1 nodes (27868 simplex iterations) in 3.41 seconds (7.33 work units)
Thread count was 1 (of 32 available processors)

Solution count 2: 236202 400280 

Optimal solution found (tolerance 5.00e-02)
Best objective 2.362016666667e+05, best bound 2.351634442128e+05, gap 0.4395%
✅ Solution time [sec]: 6.27
📊 Status: optimal
💰 Operation Cost: 235682.55555555556
⚠️ No se encontró 'gurobi.log'. 
✔ JSON de variables y parámetros, log y summary guardados en 'C:\Users\TECNO-MASTER\Desktop\Elmo_infrastructure_sizing_NP-\output\DCH_septiembre\Bateria_353\Costo_fijo\Swap_libre\Swap_fixed_3estaciones_640kW_Descomp/station_1_d152_stage1'.
✅ Solution time [sec]: 6.28
📊 Status: optimal
💰 Operation Cost: 235682.55555555556
⚠️ No se encontró 'gurobi.log'. 
✔ JSON de variables y parámetros, log y summary guardados en 'C:\Users\TECNO-MASTER\Desktop\Elmo_infrastructure_sizing_NP-\output\DCH_septiembre\Bateria_353\Costo_fijo\Swap_libre\Swap_fixed_3estaciones_640kW_Descomp/station_1_d121_stage1'.
✅ Solution time [sec]: 6.61
📊 Status: optimal
💰 Operation Cost: 235682.55555555556
⚠️ No se encontró 'gurobi.log'. 
✔ JSON de variables y parámetros, log y summary guardados en 'C:\Users\TECNO-MASTER\Desktop\Elmo_infrastructure_sizing_NP-\output\DCH_septiembre\Bateria_353\Costo_fijo\Swap_libre\Swap_fixed_3estaciones_640kW_Descomp/station_1_d182_stage1'.
✅ Solution time [sec]: 6.39
📊 Status: optimal
💰 Operation Cost: 235682.55555555556
⚠️ No se encontró 'gurobi.log'. 
✔ JSON de variables y parámetros, log y summary guardados en 'C:\Users\TECNO-MASTER\Desktop\Elmo_infrastructure_sizing_NP-\output\DCH_septiembre\Bateria_353\Costo_fijo\Swap_libre\Swap_fixed_3estaciones_640kW_Descomp/station_1_d213_stage1'.
✅ Solution time [sec]: 6.62
📊 Status: optimal
💰 Operation Cost: 235682.55555555556
⚠️ No se encontró 'gurobi.log'. 
✔ JSON de variables y parámetros, log y summary guardados en 'C:\Users\TECNO-MASTER\Desktop\Elmo_infrastructure_sizing_NP-\output\DCH_septiembre\Bateria_353\Costo_fijo\Swap_libre\Swap_fixed_3estaciones_640kW_Descomp/station_1_d244_stage1'.
✅ Solution time [sec]: 4.59
📊 Status: optimal
💰 Operation Cost: 235682.55555555556
⚠️ No se encontró 'gurobi.log'. 
✔ JSON de variables y parámetros, log y summary guardados en 'C:\Users\TECNO-MASTER\Desktop\Elmo_infrastructure_sizing_NP-\output\DCH_septiembre\Bateria_353\Costo_fijo\Swap_libre\Swap_fixed_3estaciones_640kW_Descomp/station_1_d274_stage1'.
✅ Solution time [sec]: 6.43
📊 Status: optimal
💰 Operation Cost: 238278.11111111112
⚠️ No se encontró 'gurobi.log'. 
✔ JSON de variables y parámetros, log y summary guardados en 'C:\Users\TECNO-MASTER\Desktop\Elmo_infrastructure_sizing_NP-\output\DCH_septiembre\Bateria_353\Costo_fijo\Swap_libre\Swap_fixed_3estaciones_640kW_Descomp/station_2_d1_stage1'.
✅ Solution time [sec]: 4.43
📊 Status: optimal
💰 Operation Cost: 235682.55555555556
⚠️ No se encontró 'gurobi.log'. 
✔ JSON de variables y parámetros, log y summary guardados en 'C:\Users\TECNO-MASTER\Desktop\Elmo_infrastructure_sizing_NP-\output\DCH_septiembre\Bateria_353\Costo_fijo\Swap_libre\Swap_fixed_3estaciones_640kW_Descomp/station_1_d305_stage1'.
✅ Solution time [sec]: 9.26
📊 Status: optimal
💰 Operation Cost: 235682.55555555556
⚠️ No se encontró 'gurobi.log'. 
✔ JSON de variables y parámetros, log y summary guardados en 'C:\Users\TECNO-MASTER\Desktop\Elmo_infrastructure_sizing_NP-\output\DCH_septiembre\Bateria_353\Costo_fijo\Swap_libre\Swap_fixed_3estaciones_640kW_Descomp/station_2_d91_stage1'.
✅ Solution time [sec]: 4.68
📊 Status: optimal
💰 Operation Cost: 235682.55555555556
⚠️ No se encontró 'gurobi.log'. 
✔ JSON de variables y parámetros, log y summary guardados en 'C:\Users\TECNO-MASTER\Desktop\Elmo_infrastructure_sizing_NP-\output\DCH_septiembre\Bateria_353\Costo_fijo\Swap_libre\Swap_fixed_3estaciones_640kW_Descomp/station_1_d335_stage1'.
✅ Solution time [sec]: 6.58
📊 Status: optimal
💰 Operation Cost: 238278.11111111112
⚠️ No se encontró 'gurobi.log'. 
✔ JSON de variables y parámetros, log y summary guardados en 'C:\Users\TECNO-MASTER\Desktop\Elmo_infrastructure_sizing_NP-\output\DCH_septiembre\Bateria_353\Costo_fijo\Swap_libre\Swap_fixed_3estaciones_640kW_Descomp/station_2_d60_stage1'.
✅ Solution time [sec]: 6.33
📊 Status: optimal
💰 Operation Cost: 238278.11111111112
⚠️ No se encontró 'gurobi.log'. 
✔ JSON de variables y parámetros, log y summary guardados en 'C:\Users\TECNO-MASTER\Desktop\Elmo_infrastructure_sizing_NP-\output\DCH_septiembre\Bateria_353\Costo_fijo\Swap_libre\Swap_fixed_3estaciones_640kW_Descomp/station_2_d32_stage1'.
✅ Solution time [sec]: 9.47
📊 Status: optimal
💰 Operation Cost: 235682.55555555556
⚠️ No se encontró 'gurobi.log'. 
✔ JSON de variables y parámetros, log y summary guardados en 'C:\Users\TECNO-MASTER\Desktop\Elmo_infrastructure_sizing_NP-\output\DCH_septiembre\Bateria_353\Costo_fijo\Swap_libre\Swap_fixed_3estaciones_640kW_Descomp/station_2_d182_stage1'.
✅ Solution time [sec]: 6.82
📊 Status: optimal
💰 Operation Cost: 238278.11111111112
⚠️ No se encontró 'gurobi.log'. 
✔ JSON de variables y parámetros, log y summary guardados en 'C:\Users\TECNO-MASTER\Desktop\Elmo_infrastructure_sizing_NP-\output\DCH_septiembre\Bateria_353\Costo_fijo\Swap_libre\Swap_fixed_3estaciones_640kW_Descomp/station_2_d335_stage1'.
✅ Solution time [sec]: 9.06
📊 Status: optimal
💰 Operation Cost: 235682.55555555556
⚠️ No se encontró 'gurobi.log'. 
✔ JSON de variables y parámetros, log y summary guardados en 'C:\Users\TECNO-MASTER\Desktop\Elmo_infrastructure_sizing_NP-\output\DCH_septiembre\Bateria_353\Costo_fijo\Swap_libre\Swap_fixed_3estaciones_640kW_Descomp/station_2_d121_stage1'.
✅ Solution time [sec]: 6.61
📊 Status: optimal
💰 Operation Cost: 238278.11111111112
⚠️ No se encontró 'gurobi.log'. 
✔ JSON de variables y parámetros, log y summary guardados en 'C:\Users\TECNO-MASTER\Desktop\Elmo_infrastructure_sizing_NP-\output\DCH_septiembre\Bateria_353\Costo_fijo\Swap_libre\Swap_fixed_3estaciones_640kW_Descomp/station_2_d274_stage1'.
✅ Solution time [sec]: 9.31
📊 Status: optimal
💰 Operation Cost: 235682.55555555556
⚠️ No se encontró 'gurobi.log'. 
✔ JSON de variables y parámetros, log y summary guardados en 'C:\Users\TECNO-MASTER\Desktop\Elmo_infrastructure_sizing_NP-\output\DCH_septiembre\Bateria_353\Costo_fijo\Swap_libre\Swap_fixed_3estaciones_640kW_Descomp/station_2_d152_stage1'.
✅ Solution time [sec]: 6.79
📊 Status: optimal
💰 Operation Cost: 236201.66666666666
⚠️ No se encontró 'gurobi.log'. 
✔ JSON de variables y parámetros, log y summary guardados en 'C:\Users\TECNO-MASTER\Desktop\Elmo_infrastructure_sizing_NP-\output\DCH_septiembre\Bateria_353\Costo_fijo\Swap_libre\Swap_fixed_3estaciones_640kW_Descomp/station_3_d152_stage1'.
✅ Solution time [sec]: 9.25
📊 Status: optimal
💰 Operation Cost: 235682.55555555556
⚠️ No se encontró 'gurobi.log'. 
✔ JSON de variables y parámetros, log y summary guardados en 'C:\Users\TECNO-MASTER\Desktop\Elmo_infrastructure_sizing_NP-\output\DCH_septiembre\Bateria_353\Costo_fijo\Swap_libre\Swap_fixed_3estaciones_640kW_Descomp/station_2_d244_stage1'.
✅ Solution time [sec]: 6.63
📊 Status: optimal
💰 Operation Cost: 236201.66666666666
⚠️ No se encontró 'gurobi.log'. 
✔ JSON de variables y parámetros, log y summary guardados en 'C:\Users\TECNO-MASTER\Desktop\Elmo_infrastructure_sizing_NP-\output\DCH_septiembre\Bateria_353\Costo_fijo\Swap_libre\Swap_fixed_3estaciones_640kW_Descomp/station_3_d182_stage1'.
✅ Solution time [sec]: 6.73
📊 Status: optimal
💰 Operation Cost: 236201.66666666666
⚠️ No se encontró 'gurobi.log'. 
✔ JSON de variables y parámetros, log y summary guardados en 'C:\Users\TECNO-MASTER\Desktop\Elmo_infrastructure_sizing_NP-\output\DCH_septiembre\Bateria_353\Costo_fijo\Swap_libre\Swap_fixed_3estaciones_640kW_Descomp/station_3_d32_stage1'.
✅ Solution time [sec]: 9.18
📊 Status: optimal
💰 Operation Cost: 235682.55555555556
⚠️ No se encontró 'gurobi.log'. 
✔ JSON de variables y parámetros, log y summary guardados en 'C:\Users\TECNO-MASTER\Desktop\Elmo_infrastructure_sizing_NP-\output\DCH_septiembre\Bateria_353\Costo_fijo\Swap_libre\Swap_fixed_3estaciones_640kW_Descomp/station_2_d213_stage1'.
✅ Solution time [sec]: 6.65
📊 Status: optimal
💰 Operation Cost: 236201.66666666666
⚠️ No se encontró 'gurobi.log'. 
✔ JSON de variables y parámetros, log y summary guardados en 'C:\Users\TECNO-MASTER\Desktop\Elmo_infrastructure_sizing_NP-\output\DCH_septiembre\Bateria_353\Costo_fijo\Swap_libre\Swap_fixed_3estaciones_640kW_Descomp/station_3_d1_stage1'.
✅ Solution time [sec]: 6.60
📊 Status: optimal
💰 Operation Cost: 238278.11111111112
⚠️ No se encontró 'gurobi.log'. 
✔ JSON de variables y parámetros, log y summary guardados en 'C:\Users\TECNO-MASTER\Desktop\Elmo_infrastructure_sizing_NP-\output\DCH_septiembre\Bateria_353\Costo_fijo\Swap_libre\Swap_fixed_3estaciones_640kW_Descomp/station_2_d305_stage1'.
✅ Solution time [sec]: 6.37
📊 Status: optimal
💰 Operation Cost: 236201.66666666666
⚠️ No se encontró 'gurobi.log'. 
✔ JSON de variables y parámetros, log y summary guardados en 'C:\Users\TECNO-MASTER\Desktop\Elmo_infrastructure_sizing_NP-\output\DCH_septiembre\Bateria_353\Costo_fijo\Swap_libre\Swap_fixed_3estaciones_640kW_Descomp/station_3_d121_stage1'.
✅ Solution time [sec]: 6.25
📊 Status: optimal
💰 Operation Cost: 236201.66666666666
⚠️ No se encontró 'gurobi.log'. 
✔ JSON de variables y parámetros, log y summary guardados en 'C:\Users\TECNO-MASTER\Desktop\Elmo_infrastructure_sizing_NP-\output\DCH_septiembre\Bateria_353\Costo_fijo\Swap_libre\Swap_fixed_3estaciones_640kW_Descomp/station_3_d91_stage1'.
✅ Solution time [sec]: 5.93
📊 Status: optimal
💰 Operation Cost: 236201.66666666666
⚠️ No se encontró 'gurobi.log'. 
✔ JSON de variables y parámetros, log y summary guardados en 'C:\Users\TECNO-MASTER\Desktop\Elmo_infrastructure_sizing_NP-\output\DCH_septiembre\Bateria_353\Costo_fijo\Swap_libre\Swap_fixed_3estaciones_640kW_Descomp/station_3_d213_stage1'.
✅ Solution time [sec]: 5.69
📊 Status: optimal
💰 Operation Cost: 236201.66666666666
⚠️ No se encontró 'gurobi.log'. 
✔ JSON de variables y parámetros, log y summary guardados en 'C:\Users\TECNO-MASTER\Desktop\Elmo_infrastructure_sizing_NP-\output\DCH_septiembre\Bateria_353\Costo_fijo\Swap_libre\Swap_fixed_3estaciones_640kW_Descomp/station_3_d60_stage1'.
✅ Solution time [sec]: 5.46
📊 Status: optimal
💰 Operation Cost: 236201.66666666666
⚠️ No se encontró 'gurobi.log'. 
✔ JSON de variables y parámetros, log y summary guardados en 'C:\Users\TECNO-MASTER\Desktop\Elmo_infrastructure_sizing_NP-\output\DCH_septiembre\Bateria_353\Costo_fijo\Swap_libre\Swap_fixed_3estaciones_640kW_Descomp/station_3_d244_stage1'.
✅ Solution time [sec]: 5.34
📊 Status: optimal
💰 Operation Cost: 236201.66666666666
⚠️ No se encontró 'gurobi.log'. 
✔ JSON de variables y parámetros, log y summary guardados en 'C:\Users\TECNO-MASTER\Desktop\Elmo_infrastructure_sizing_NP-\output\DCH_septiembre\Bateria_353\Costo_fijo\Swap_libre\Swap_fixed_3estaciones_640kW_Descomp/station_3_d274_stage1'.
✅ Solution time [sec]: 5.12
📊 Status: optimal
💰 Operation Cost: 236201.66666666666
⚠️ No se encontró 'gurobi.log'. 
✔ JSON de variables y parámetros, log y summary guardados en 'C:\Users\TECNO-MASTER\Desktop\Elmo_infrastructure_sizing_NP-\output\DCH_septiembre\Bateria_353\Costo_fijo\Swap_libre\Swap_fixed_3estaciones_640kW_Descomp/station_3_d305_stage1'.
✅ Solution time [sec]: 4.98
📊 Status: optimal
💰 Operation Cost: 236201.66666666666
⚠️ No se encontró 'gurobi.log'. 
✔ JSON de variables y parámetros, log y summary guardados en 'C:\Users\TECNO-MASTER\Desktop\Elmo_infrastructure_sizing_NP-\output\DCH_septiembre\Bateria_353\Costo_fijo\Swap_libre\Swap_fixed_3estaciones_640kW_Descomp/station_3_d335_stage1'.
C:\Users\TECNO-MASTER\anaconda3\lib\site-packages\pandas\core\indexes\base.py:6999: FutureWarning: In a future version, the Index constructor will not infer numeric dtypes when passed object-dtype sequences (matching Series behavior)
  return Index(sequences[0], name=names)
C:\Users\TECNO-MASTER\anaconda3\lib\site-packages\pandas\core\indexes\base.py:6999: FutureWarning: In a future version, the Index constructor will not infer numeric dtypes when passed object-dtype sequences (matching Series behavior)
  return Index(sequences[0], name=names)
C:\Users\TECNO-MASTER\anaconda3\lib\site-packages\pandas\core\indexes\base.py:6999: FutureWarning: In a future version, the Index constructor will not infer numeric dtypes when passed object-dtype sequences (matching Series behavior)
  return Index(sequences[0], name=names)
C:\Users\TECNO-MASTER\anaconda3\lib\site-packages\pandas\core\indexes\base.py:6999: FutureWarning: In a future version, the Index constructor will not infer numeric dtypes when passed object-dtype sequences (matching Series behavior)
  return Index(sequences[0], name=names)
C:\Users\TECNO-MASTER\anaconda3\lib\site-packages\pandas\core\indexes\base.py:6999: FutureWarning: In a future version, the Index constructor will not infer numeric dtypes when passed object-dtype sequences (matching Series behavior)
  return Index(sequences[0], name=names)
C:\Users\TECNO-MASTER\anaconda3\lib\site-packages\pandas\core\indexes\base.py:6999: FutureWarning: In a future version, the Index constructor will not infer numeric dtypes when passed object-dtype sequences (matching Series behavior)
  return Index(sequences[0], name=names)
  [Fase 2 (infra fija)] estacion=station_1 dia=32 -> C:\Users\TECNO-MASTER\Desktop\Elmo_infrastructure_sizing_NP-\output\DCH_septiembre\Bateria_353\Costo_fijo\Swap_libre\Swap_fixed_3estaciones_640kW_Descomp/station_1_d32
✔ Warm start Y: 240 cargados, 0 omitidos
✔ Warm start Z: 470 cargados, 0 omitidos
✔ Warm start Z_swap: 10 cargados, 0 omitidos
✔ Warm start N_chargers: 0 cargados, 1 omitidos
✔ Warm start N_bays: 0 cargados, 1 omitidos
✔ Warm start X: 0 cargados, 1 omitidos
✔ Warm start N_batteries: 0 cargados, 1 omitidos
✔ Warm start completo desde 'C:\Users\TECNO-MASTER\Desktop\Elmo_infrastructure_sizing_NP-\output\DCH_septiembre\Bateria_353\Costo_fijo\Swap_libre\Swap_fixed_3estaciones_640kW_Descomp\station_1_d32_stage1': 720 valores cargados, 4 omitidos
formulation time: 6.5020880699157715
Set parameter OutputFlag to value 1
Set parameter OutputFlag to value 1
Set parameter LogToConsole to value 1
Set parameter MIPGap to value 0.05
Set parameter TimeLimit to value 1200
Set parameter LogFile to value "C:\Users\TECNO-MASTER\Desktop\Elmo_infrastructure_sizing_NP-\output\DCH_septiembre\Bateria_353\Costo_fijo\Swap_libre\Swap_fixed_3estaciones_640kW_Descomp\station_1_d32\ELMO_log.txt"
Set parameter Threads to value 1
Set parameter Heuristics to value 0.5
Set parameter MIPFocus to value 3
Set parameter Presolve to value 2
Set parameter FlowCoverCuts to value 2
Gurobi Optimizer version 12.0.3 build v12.0.3rc0 (win64 - Windows 11+.0 (26200.2))

CPU model: Intel(R) Core(TM) i9-14900K, instruction set [SSE2|AVX|AVX2]
Thread count: 24 physical cores, 32 logical processors, using up to 1 threads

Non-default parameters:
TimeLimit  1200
MIPGap  0.05
Heuristics  0.5
MIPFocus  3
FlowCoverCuts  2
Presolve  2
Threads  1

Optimize a model with 26328 rows, 53707 columns and 241473 nonzeros
Model fingerprint: 0x628b0009
Variable types: 2099 continuous, 51608 integer (18485 binary)
Coefficient statistics:
  Matrix range     [1e+00, 6e+02]
  Objective range  [4e-01, 1e+02]
  Bounds range     [1e+00, 3e+00]
  RHS range        [1e+00, 1e+04]

Warning: Completing partial solution with 50884 unfixed non-continuous variables out of 51608
User MIP start produced solution with objective 235683 (0.03s)
Loaded user MIP start with objective 235683


Explored 0 nodes (0 simplex iterations) in 0.04 seconds (0.05 work units)
Thread count was 1 (of 32 available processors)

Solution count 2: 235683 235683 

Optimal solution found (tolerance 5.00e-02)
Best objective 2.356825555556e+05, best bound 2.307510000000e+05, gap 2.0925%
C:\Users\TECNO-MASTER\anaconda3\lib\site-packages\pandas\core\indexes\base.py:6999: FutureWarning: In a future version, the Index constructor will not infer numeric dtypes when passed object-dtype sequences (matching Series behavior)
  return Index(sequences[0], name=names)
  [Fase 2 (infra fija)] estacion=station_1 dia=1 -> C:\Users\TECNO-MASTER\Desktop\Elmo_infrastructure_sizing_NP-\output\DCH_septiembre\Bateria_353\Costo_fijo\Swap_libre\Swap_fixed_3estaciones_640kW_Descomp/station_1_d1
✔ Warm start Y: 240 cargados, 0 omitidos
✔ Warm start Z: 470 cargados, 0 omitidos
✔ Warm start Z_swap: 10 cargados, 0 omitidos
✔ Warm start N_chargers: 0 cargados, 1 omitidos
✔ Warm start N_bays: 0 cargados, 1 omitidos
✔ Warm start X: 0 cargados, 1 omitidos
✔ Warm start N_batteries: 0 cargados, 1 omitidos
✔ Warm start completo desde 'C:\Users\TECNO-MASTER\Desktop\Elmo_infrastructure_sizing_NP-\output\DCH_septiembre\Bateria_353\Costo_fijo\Swap_libre\Swap_fixed_3estaciones_640kW_Descomp\station_1_d1_stage1': 720 valores cargados, 4 omitidos
formulation time: 6.755982160568237
Set parameter OutputFlag to value 1
Set parameter OutputFlag to value 1
Set parameter LogToConsole to value 1
Set parameter MIPGap to value 0.05
Set parameter TimeLimit to value 1200
Set parameter LogFile to value "C:\Users\TECNO-MASTER\Desktop\Elmo_infrastructure_sizing_NP-\output\DCH_septiembre\Bateria_353\Costo_fijo\Swap_libre\Swap_fixed_3estaciones_640kW_Descomp\station_1_d1\ELMO_log.txt"
Set parameter Threads to value 1
Set parameter Heuristics to value 0.5
Set parameter MIPFocus to value 3
Set parameter Presolve to value 2
Set parameter FlowCoverCuts to value 2
Gurobi Optimizer version 12.0.3 build v12.0.3rc0 (win64 - Windows 11+.0 (26200.2))

CPU model: Intel(R) Core(TM) i9-14900K, instruction set [SSE2|AVX|AVX2]
Thread count: 24 physical cores, 32 logical processors, using up to 1 threads

Non-default parameters:
TimeLimit  1200
MIPGap  0.05
Heuristics  0.5
MIPFocus  3
FlowCoverCuts  2
Presolve  2
Threads  1

Optimize a model with 26328 rows, 53707 columns and 241473 nonzeros
Model fingerprint: 0x628b0009
Variable types: 2099 continuous, 51608 integer (18485 binary)
Coefficient statistics:
  Matrix range     [1e+00, 6e+02]
  Objective range  [4e-01, 1e+02]
  Bounds range     [1e+00, 3e+00]
  RHS range        [1e+00, 1e+04]

Warning: Completing partial solution with 50884 unfixed non-continuous variables out of 51608
User MIP start produced solution with objective 235683 (0.03s)
Loaded user MIP start with objective 235683


Explored 0 nodes (0 simplex iterations) in 0.04 seconds (0.05 work units)
Thread count was 1 (of 32 available processors)

Solution count 2: 235683 235683 

Optimal solution found (tolerance 5.00e-02)
Best objective 2.356825555556e+05, best bound 2.307510000000e+05, gap 2.0925%
C:\Users\TECNO-MASTER\anaconda3\lib\site-packages\pandas\core\indexes\base.py:6999: FutureWarning: In a future version, the Index constructor will not infer numeric dtypes when passed object-dtype sequences (matching Series behavior)
  return Index(sequences[0], name=names)
  [Fase 2 (infra fija)] estacion=station_1 dia=60 -> C:\Users\TECNO-MASTER\Desktop\Elmo_infrastructure_sizing_NP-\output\DCH_septiembre\Bateria_353\Costo_fijo\Swap_libre\Swap_fixed_3estaciones_640kW_Descomp/station_1_d60
✔ Warm start Y: 240 cargados, 0 omitidos
✔ Warm start Z: 470 cargados, 0 omitidos
✔ Warm start Z_swap: 10 cargados, 0 omitidos
✔ Warm start N_chargers: 0 cargados, 1 omitidos
✔ Warm start N_bays: 0 cargados, 1 omitidos
✔ Warm start X: 0 cargados, 1 omitidos
✔ Warm start N_batteries: 0 cargados, 1 omitidos
✔ Warm start completo desde 'C:\Users\TECNO-MASTER\Desktop\Elmo_infrastructure_sizing_NP-\output\DCH_septiembre\Bateria_353\Costo_fijo\Swap_libre\Swap_fixed_3estaciones_640kW_Descomp\station_1_d60_stage1': 720 valores cargados, 4 omitidos
formulation time: 6.908114433288574
Set parameter OutputFlag to value 1
Set parameter OutputFlag to value 1
Set parameter LogToConsole to value 1
Set parameter MIPGap to value 0.05
Set parameter TimeLimit to value 1200
Set parameter LogFile to value "C:\Users\TECNO-MASTER\Desktop\Elmo_infrastructure_sizing_NP-\output\DCH_septiembre\Bateria_353\Costo_fijo\Swap_libre\Swap_fixed_3estaciones_640kW_Descomp\station_1_d60\ELMO_log.txt"
Set parameter Threads to value 1
Set parameter Heuristics to value 0.5
Set parameter MIPFocus to value 3
Set parameter Presolve to value 2
Set parameter FlowCoverCuts to value 2
Gurobi Optimizer version 12.0.3 build v12.0.3rc0 (win64 - Windows 11+.0 (26200.2))

CPU model: Intel(R) Core(TM) i9-14900K, instruction set [SSE2|AVX|AVX2]
Thread count: 24 physical cores, 32 logical processors, using up to 1 threads

Non-default parameters:
TimeLimit  1200
MIPGap  0.05
Heuristics  0.5
MIPFocus  3
FlowCoverCuts  2
Presolve  2
Threads  1

Optimize a model with 26328 rows, 53707 columns and 241473 nonzeros
Model fingerprint: 0x628b0009
Variable types: 2099 continuous, 51608 integer (18485 binary)
Coefficient statistics:
  Matrix range     [1e+00, 6e+02]
  Objective range  [4e-01, 1e+02]
  Bounds range     [1e+00, 3e+00]
  RHS range        [1e+00, 1e+04]

Warning: Completing partial solution with 50884 unfixed non-continuous variables out of 51608
User MIP start produced solution with objective 235683 (0.03s)
Loaded user MIP start with objective 235683


Explored 0 nodes (0 simplex iterations) in 0.04 seconds (0.05 work units)
Thread count was 1 (of 32 available processors)

Solution count 2: 235683 235683 

Optimal solution found (tolerance 5.00e-02)
Best objective 2.356825555556e+05, best bound 2.307510000000e+05, gap 2.0925%
C:\Users\TECNO-MASTER\anaconda3\lib\site-packages\pandas\core\indexes\base.py:6999: FutureWarning: In a future version, the Index constructor will not infer numeric dtypes when passed object-dtype sequences (matching Series behavior)
  return Index(sequences[0], name=names)
  [Fase 2 (infra fija)] estacion=station_1 dia=91 -> C:\Users\TECNO-MASTER\Desktop\Elmo_infrastructure_sizing_NP-\output\DCH_septiembre\Bateria_353\Costo_fijo\Swap_libre\Swap_fixed_3estaciones_640kW_Descomp/station_1_d91
✔ Warm start Y: 241 cargados, 0 omitidos
✔ Warm start Z: 469 cargados, 0 omitidos
✔ Warm start Z_swap: 10 cargados, 0 omitidos
✔ Warm start N_chargers: 0 cargados, 1 omitidos
✔ Warm start N_bays: 0 cargados, 1 omitidos
✔ Warm start X: 0 cargados, 1 omitidos
✔ Warm start N_batteries: 0 cargados, 1 omitidos
✔ Warm start completo desde 'C:\Users\TECNO-MASTER\Desktop\Elmo_infrastructure_sizing_NP-\output\DCH_septiembre\Bateria_353\Costo_fijo\Swap_libre\Swap_fixed_3estaciones_640kW_Descomp\station_1_d91_stage1': 720 valores cargados, 4 omitidos
formulation time: 7.2588605880737305
Set parameter OutputFlag to value 1
Set parameter OutputFlag to value 1
Set parameter LogToConsole to value 1
Set parameter MIPGap to value 0.05
Set parameter TimeLimit to value 1200
Set parameter LogFile to value "C:\Users\TECNO-MASTER\Desktop\Elmo_infrastructure_sizing_NP-\output\DCH_septiembre\Bateria_353\Costo_fijo\Swap_libre\Swap_fixed_3estaciones_640kW_Descomp\station_1_d91\ELMO_log.txt"
Set parameter Threads to value 1
Set parameter Heuristics to value 0.5
Set parameter MIPFocus to value 3
Set parameter Presolve to value 2
Set parameter FlowCoverCuts to value 2
Gurobi Optimizer version 12.0.3 build v12.0.3rc0 (win64 - Windows 11+.0 (26200.2))

CPU model: Intel(R) Core(TM) i9-14900K, instruction set [SSE2|AVX|AVX2]
Thread count: 24 physical cores, 32 logical processors, using up to 1 threads

Non-default parameters:
TimeLimit  1200
MIPGap  0.05
Heuristics  0.5
MIPFocus  3
FlowCoverCuts  2
Presolve  2
Threads  1

Optimize a model with 26358 rows, 53707 columns and 241533 nonzeros
Model fingerprint: 0x445bddd6
Variable types: 2099 continuous, 51608 integer (18485 binary)
Coefficient statistics:
  Matrix range     [1e+00, 6e+02]
  Objective range  [4e-01, 1e+02]
  Bounds range     [1e+00, 3e+00]
  RHS range        [1e+00, 1e+04]

Warning: Completing partial solution with 50884 unfixed non-continuous variables out of 51608
User MIP start produced solution with objective 235683 (0.04s)
Loaded user MIP start with objective 235683


Explored 0 nodes (0 simplex iterations) in 0.05 seconds (0.06 work units)
Thread count was 1 (of 32 available processors)

Solution count 2: 235683 235683 

Optimal solution found (tolerance 5.00e-02)
Best objective 2.356825555556e+05, best bound 2.307510000000e+05, gap 2.0925%
C:\Users\TECNO-MASTER\anaconda3\lib\site-packages\pandas\core\indexes\base.py:6999: FutureWarning: In a future version, the Index constructor will not infer numeric dtypes when passed object-dtype sequences (matching Series behavior)
  return Index(sequences[0], name=names)
  [Fase 2 (infra fija)] estacion=station_1 dia=152 -> C:\Users\TECNO-MASTER\Desktop\Elmo_infrastructure_sizing_NP-\output\DCH_septiembre\Bateria_353\Costo_fijo\Swap_libre\Swap_fixed_3estaciones_640kW_Descomp/station_1_d152
✔ Warm start Y: 241 cargados, 0 omitidos
✔ Warm start Z: 469 cargados, 0 omitidos
✔ Warm start Z_swap: 10 cargados, 0 omitidos
✔ Warm start N_chargers: 0 cargados, 1 omitidos
✔ Warm start N_bays: 0 cargados, 1 omitidos
✔ Warm start X: 0 cargados, 1 omitidos
✔ Warm start N_batteries: 0 cargados, 1 omitidos
✔ Warm start completo desde 'C:\Users\TECNO-MASTER\Desktop\Elmo_infrastructure_sizing_NP-\output\DCH_septiembre\Bateria_353\Costo_fijo\Swap_libre\Swap_fixed_3estaciones_640kW_Descomp\station_1_d152_stage1': 720 valores cargados, 4 omitidos
formulation time: 7.674610137939453
Set parameter OutputFlag to value 1
Set parameter OutputFlag to value 1
Set parameter LogToConsole to value 1
Set parameter MIPGap to value 0.05
Set parameter TimeLimit to value 1200
Set parameter LogFile to value "C:\Users\TECNO-MASTER\Desktop\Elmo_infrastructure_sizing_NP-\output\DCH_septiembre\Bateria_353\Costo_fijo\Swap_libre\Swap_fixed_3estaciones_640kW_Descomp\station_1_d152\ELMO_log.txt"
Set parameter Threads to value 1
Set parameter Heuristics to value 0.5
Set parameter MIPFocus to value 3
Set parameter Presolve to value 2
Set parameter FlowCoverCuts to value 2
Gurobi Optimizer version 12.0.3 build v12.0.3rc0 (win64 - Windows 11+.0 (26200.2))

CPU model: Intel(R) Core(TM) i9-14900K, instruction set [SSE2|AVX|AVX2]
Thread count: 24 physical cores, 32 logical processors, using up to 1 threads

Non-default parameters:
TimeLimit  1200
MIPGap  0.05
Heuristics  0.5
MIPFocus  3
FlowCoverCuts  2
Presolve  2
Threads  1

Optimize a model with 26358 rows, 53707 columns and 241533 nonzeros
Model fingerprint: 0x445bddd6
Variable types: 2099 continuous, 51608 integer (18485 binary)
Coefficient statistics:
  Matrix range     [1e+00, 6e+02]
  Objective range  [4e-01, 1e+02]
  Bounds range     [1e+00, 3e+00]
  RHS range        [1e+00, 1e+04]

Warning: Completing partial solution with 50884 unfixed non-continuous variables out of 51608
User MIP start produced solution with objective 235683 (0.04s)
Loaded user MIP start with objective 235683


Explored 0 nodes (0 simplex iterations) in 0.04 seconds (0.06 work units)
Thread count was 1 (of 32 available processors)

Solution count 2: 235683 235683 

Optimal solution found (tolerance 5.00e-02)
Best objective 2.356825555556e+05, best bound 2.307510000000e+05, gap 2.0925%
C:\Users\TECNO-MASTER\anaconda3\lib\site-packages\pandas\core\indexes\base.py:6999: FutureWarning: In a future version, the Index constructor will not infer numeric dtypes when passed object-dtype sequences (matching Series behavior)
  return Index(sequences[0], name=names)
  [Fase 2 (infra fija)] estacion=station_1 dia=121 -> C:\Users\TECNO-MASTER\Desktop\Elmo_infrastructure_sizing_NP-\output\DCH_septiembre\Bateria_353\Costo_fijo\Swap_libre\Swap_fixed_3estaciones_640kW_Descomp/station_1_d121
✔ Warm start Y: 241 cargados, 0 omitidos
✔ Warm start Z: 469 cargados, 0 omitidos
✔ Warm start Z_swap: 10 cargados, 0 omitidos
✔ Warm start N_chargers: 0 cargados, 1 omitidos
✔ Warm start N_bays: 0 cargados, 1 omitidos
✔ Warm start X: 0 cargados, 1 omitidos
✔ Warm start N_batteries: 0 cargados, 1 omitidos
✔ Warm start completo desde 'C:\Users\TECNO-MASTER\Desktop\Elmo_infrastructure_sizing_NP-\output\DCH_septiembre\Bateria_353\Costo_fijo\Swap_libre\Swap_fixed_3estaciones_640kW_Descomp\station_1_d121_stage1': 720 valores cargados, 4 omitidos
formulation time: 7.679065942764282
Set parameter OutputFlag to value 1
Set parameter OutputFlag to value 1
Set parameter LogToConsole to value 1
Set parameter MIPGap to value 0.05
Set parameter TimeLimit to value 1200
Set parameter LogFile to value "C:\Users\TECNO-MASTER\Desktop\Elmo_infrastructure_sizing_NP-\output\DCH_septiembre\Bateria_353\Costo_fijo\Swap_libre\Swap_fixed_3estaciones_640kW_Descomp\station_1_d121\ELMO_log.txt"
Set parameter Threads to value 1
Set parameter Heuristics to value 0.5
Set parameter MIPFocus to value 3
Set parameter Presolve to value 2
Set parameter FlowCoverCuts to value 2
Gurobi Optimizer version 12.0.3 build v12.0.3rc0 (win64 - Windows 11+.0 (26200.2))

CPU model: Intel(R) Core(TM) i9-14900K, instruction set [SSE2|AVX|AVX2]
Thread count: 24 physical cores, 32 logical processors, using up to 1 threads

Non-default parameters:
TimeLimit  1200
MIPGap  0.05
Heuristics  0.5
MIPFocus  3
FlowCoverCuts  2
Presolve  2
Threads  1

Optimize a model with 26358 rows, 53707 columns and 241533 nonzeros
Model fingerprint: 0x445bddd6
Variable types: 2099 continuous, 51608 integer (18485 binary)
Coefficient statistics:
  Matrix range     [1e+00, 6e+02]
  Objective range  [4e-01, 1e+02]
  Bounds range     [1e+00, 3e+00]
  RHS range        [1e+00, 1e+04]

Warning: Completing partial solution with 50884 unfixed non-continuous variables out of 51608
User MIP start produced solution with objective 235683 (0.04s)
Loaded user MIP start with objective 235683


Explored 0 nodes (0 simplex iterations) in 0.04 seconds (0.06 work units)
Thread count was 1 (of 32 available processors)

Solution count 2: 235683 235683 

Optimal solution found (tolerance 5.00e-02)
Best objective 2.356825555556e+05, best bound 2.307510000000e+05, gap 2.0925%
C:\Users\TECNO-MASTER\anaconda3\lib\site-packages\pandas\core\indexes\base.py:6999: FutureWarning: In a future version, the Index constructor will not infer numeric dtypes when passed object-dtype sequences (matching Series behavior)
  return Index(sequences[0], name=names)
  [Fase 2 (infra fija)] estacion=station_1 dia=182 -> C:\Users\TECNO-MASTER\Desktop\Elmo_infrastructure_sizing_NP-\output\DCH_septiembre\Bateria_353\Costo_fijo\Swap_libre\Swap_fixed_3estaciones_640kW_Descomp/station_1_d182
✔ Warm start Y: 241 cargados, 0 omitidos
✔ Warm start Z: 469 cargados, 0 omitidos
✔ Warm start Z_swap: 10 cargados, 0 omitidos
✔ Warm start N_chargers: 0 cargados, 1 omitidos
✔ Warm start N_bays: 0 cargados, 1 omitidos
✔ Warm start X: 0 cargados, 1 omitidos
✔ Warm start N_batteries: 0 cargados, 1 omitidos
✔ Warm start completo desde 'C:\Users\TECNO-MASTER\Desktop\Elmo_infrastructure_sizing_NP-\output\DCH_septiembre\Bateria_353\Costo_fijo\Swap_libre\Swap_fixed_3estaciones_640kW_Descomp\station_1_d182_stage1': 720 valores cargados, 4 omitidos
formulation time: 7.725765705108643
Set parameter OutputFlag to value 1
Set parameter OutputFlag to value 1
Set parameter LogToConsole to value 1
Set parameter MIPGap to value 0.05
Set parameter TimeLimit to value 1200
Set parameter LogFile to value "C:\Users\TECNO-MASTER\Desktop\Elmo_infrastructure_sizing_NP-\output\DCH_septiembre\Bateria_353\Costo_fijo\Swap_libre\Swap_fixed_3estaciones_640kW_Descomp\station_1_d182\ELMO_log.txt"
Set parameter Threads to value 1
Set parameter Heuristics to value 0.5
Set parameter MIPFocus to value 3
Set parameter Presolve to value 2
Set parameter FlowCoverCuts to value 2
Gurobi Optimizer version 12.0.3 build v12.0.3rc0 (win64 - Windows 11+.0 (26200.2))

CPU model: Intel(R) Core(TM) i9-14900K, instruction set [SSE2|AVX|AVX2]
Thread count: 24 physical cores, 32 logical processors, using up to 1 threads

Non-default parameters:
TimeLimit  1200
MIPGap  0.05
Heuristics  0.5
MIPFocus  3
FlowCoverCuts  2
Presolve  2
Threads  1

Optimize a model with 26358 rows, 53707 columns and 241533 nonzeros
Model fingerprint: 0x445bddd6
Variable types: 2099 continuous, 51608 integer (18485 binary)
Coefficient statistics:
  Matrix range     [1e+00, 6e+02]
  Objective range  [4e-01, 1e+02]
  Bounds range     [1e+00, 3e+00]
  RHS range        [1e+00, 1e+04]

Warning: Completing partial solution with 50884 unfixed non-continuous variables out of 51608
User MIP start produced solution with objective 235683 (0.04s)
Loaded user MIP start with objective 235683


Explored 0 nodes (0 simplex iterations) in 0.04 seconds (0.06 work units)
Thread count was 1 (of 32 available processors)

Solution count 2: 235683 235683 

Optimal solution found (tolerance 5.00e-02)
Best objective 2.356825555556e+05, best bound 2.307510000000e+05, gap 2.0925%
C:\Users\TECNO-MASTER\anaconda3\lib\site-packages\pandas\core\indexes\base.py:6999: FutureWarning: In a future version, the Index constructor will not infer numeric dtypes when passed object-dtype sequences (matching Series behavior)
  return Index(sequences[0], name=names)
  [Fase 2 (infra fija)] estacion=station_1 dia=244 -> C:\Users\TECNO-MASTER\Desktop\Elmo_infrastructure_sizing_NP-\output\DCH_septiembre\Bateria_353\Costo_fijo\Swap_libre\Swap_fixed_3estaciones_640kW_Descomp/station_1_d244
✔ Warm start Y: 241 cargados, 0 omitidos
✔ Warm start Z: 469 cargados, 0 omitidos
✔ Warm start Z_swap: 10 cargados, 0 omitidos
✔ Warm start N_chargers: 0 cargados, 1 omitidos
✔ Warm start N_bays: 0 cargados, 1 omitidos
✔ Warm start X: 0 cargados, 1 omitidos
✔ Warm start N_batteries: 0 cargados, 1 omitidos
✔ Warm start completo desde 'C:\Users\TECNO-MASTER\Desktop\Elmo_infrastructure_sizing_NP-\output\DCH_septiembre\Bateria_353\Costo_fijo\Swap_libre\Swap_fixed_3estaciones_640kW_Descomp\station_1_d244_stage1': 720 valores cargados, 4 omitidos
formulation time: 7.766858100891113
Set parameter OutputFlag to value 1
Set parameter OutputFlag to value 1
Set parameter LogToConsole to value 1
Set parameter MIPGap to value 0.05
Set parameter TimeLimit to value 1200
Set parameter LogFile to value "C:\Users\TECNO-MASTER\Desktop\Elmo_infrastructure_sizing_NP-\output\DCH_septiembre\Bateria_353\Costo_fijo\Swap_libre\Swap_fixed_3estaciones_640kW_Descomp\station_1_d244\ELMO_log.txt"
Set parameter Threads to value 1
Set parameter Heuristics to value 0.5
Set parameter MIPFocus to value 3
Set parameter Presolve to value 2
Set parameter FlowCoverCuts to value 2
Gurobi Optimizer version 12.0.3 build v12.0.3rc0 (win64 - Windows 11+.0 (26200.2))

CPU model: Intel(R) Core(TM) i9-14900K, instruction set [SSE2|AVX|AVX2]
Thread count: 24 physical cores, 32 logical processors, using up to 1 threads

Non-default parameters:
TimeLimit  1200
MIPGap  0.05
Heuristics  0.5
MIPFocus  3
FlowCoverCuts  2
Presolve  2
Threads  1

Optimize a model with 26358 rows, 53707 columns and 241533 nonzeros
Model fingerprint: 0x445bddd6
Variable types: 2099 continuous, 51608 integer (18485 binary)
Coefficient statistics:
  Matrix range     [1e+00, 6e+02]
  Objective range  [4e-01, 1e+02]
  Bounds range     [1e+00, 3e+00]
  RHS range        [1e+00, 1e+04]

Warning: Completing partial solution with 50884 unfixed non-continuous variables out of 51608
User MIP start produced solution with objective 235683 (0.04s)
Loaded user MIP start with objective 235683


Explored 0 nodes (0 simplex iterations) in 0.04 seconds (0.06 work units)
Thread count was 1 (of 32 available processors)

Solution count 2: 235683 235683 

Optimal solution found (tolerance 5.00e-02)
Best objective 2.356825555556e+05, best bound 2.307510000000e+05, gap 2.0925%
C:\Users\TECNO-MASTER\anaconda3\lib\site-packages\pandas\core\indexes\base.py:6999: FutureWarning: In a future version, the Index constructor will not infer numeric dtypes when passed object-dtype sequences (matching Series behavior)
  return Index(sequences[0], name=names)
  [Fase 2 (infra fija)] estacion=station_1 dia=213 -> C:\Users\TECNO-MASTER\Desktop\Elmo_infrastructure_sizing_NP-\output\DCH_septiembre\Bateria_353\Costo_fijo\Swap_libre\Swap_fixed_3estaciones_640kW_Descomp/station_1_d213
✔ Warm start Y: 241 cargados, 0 omitidos
✔ Warm start Z: 469 cargados, 0 omitidos
✔ Warm start Z_swap: 10 cargados, 0 omitidos
✔ Warm start N_chargers: 0 cargados, 1 omitidos
✔ Warm start N_bays: 0 cargados, 1 omitidos
✔ Warm start X: 0 cargados, 1 omitidos
✔ Warm start N_batteries: 0 cargados, 1 omitidos
✔ Warm start completo desde 'C:\Users\TECNO-MASTER\Desktop\Elmo_infrastructure_sizing_NP-\output\DCH_septiembre\Bateria_353\Costo_fijo\Swap_libre\Swap_fixed_3estaciones_640kW_Descomp\station_1_d213_stage1': 720 valores cargados, 4 omitidos
formulation time: 8.018719911575317
Set parameter OutputFlag to value 1
Set parameter OutputFlag to value 1
Set parameter LogToConsole to value 1
Set parameter MIPGap to value 0.05
Set parameter TimeLimit to value 1200
Set parameter LogFile to value "C:\Users\TECNO-MASTER\Desktop\Elmo_infrastructure_sizing_NP-\output\DCH_septiembre\Bateria_353\Costo_fijo\Swap_libre\Swap_fixed_3estaciones_640kW_Descomp\station_1_d213\ELMO_log.txt"
Set parameter Threads to value 1
Set parameter Heuristics to value 0.5
Set parameter MIPFocus to value 3
Set parameter Presolve to value 2
Set parameter FlowCoverCuts to value 2
Gurobi Optimizer version 12.0.3 build v12.0.3rc0 (win64 - Windows 11+.0 (26200.2))

CPU model: Intel(R) Core(TM) i9-14900K, instruction set [SSE2|AVX|AVX2]
Thread count: 24 physical cores, 32 logical processors, using up to 1 threads

Non-default parameters:
TimeLimit  1200
MIPGap  0.05
Heuristics  0.5
MIPFocus  3
FlowCoverCuts  2
Presolve  2
Threads  1

Optimize a model with 26358 rows, 53707 columns and 241533 nonzeros
Model fingerprint: 0x445bddd6
Variable types: 2099 continuous, 51608 integer (18485 binary)
Coefficient statistics:
  Matrix range     [1e+00, 6e+02]
  Objective range  [4e-01, 1e+02]
  Bounds range     [1e+00, 3e+00]
  RHS range        [1e+00, 1e+04]

Warning: Completing partial solution with 50884 unfixed non-continuous variables out of 51608
C:\Users\TECNO-MASTER\anaconda3\lib\site-packages\pandas\core\indexes\base.py:6999: FutureWarning: In a future version, the Index constructor will not infer numeric dtypes when passed object-dtype sequences (matching Series behavior)
  return Index(sequences[0], name=names)
User MIP start produced solution with objective 235683 (0.04s)
Loaded user MIP start with objective 235683


Explored 0 nodes (0 simplex iterations) in 0.05 seconds (0.06 work units)
Thread count was 1 (of 32 available processors)

Solution count 2: 235683 235683 

Optimal solution found (tolerance 5.00e-02)
Best objective 2.356825555556e+05, best bound 2.307510000000e+05, gap 2.0925%
  [Fase 2 (infra fija)] estacion=station_1 dia=274 -> C:\Users\TECNO-MASTER\Desktop\Elmo_infrastructure_sizing_NP-\output\DCH_septiembre\Bateria_353\Costo_fijo\Swap_libre\Swap_fixed_3estaciones_640kW_Descomp/station_1_d274
✔ Warm start Y: 240 cargados, 0 omitidos
✔ Warm start Z: 470 cargados, 0 omitidos
✔ Warm start Z_swap: 10 cargados, 0 omitidos
✔ Warm start N_chargers: 0 cargados, 1 omitidos
✔ Warm start N_bays: 0 cargados, 1 omitidos
✔ Warm start X: 0 cargados, 1 omitidos
✔ Warm start N_batteries: 0 cargados, 1 omitidos
✔ Warm start completo desde 'C:\Users\TECNO-MASTER\Desktop\Elmo_infrastructure_sizing_NP-\output\DCH_septiembre\Bateria_353\Costo_fijo\Swap_libre\Swap_fixed_3estaciones_640kW_Descomp\station_1_d274_stage1': 720 valores cargados, 4 omitidos
formulation time: 7.8134849071502686
Set parameter OutputFlag to value 1
Set parameter OutputFlag to value 1
Set parameter LogToConsole to value 1
Set parameter MIPGap to value 0.05
Set parameter TimeLimit to value 1200
Set parameter LogFile to value "C:\Users\TECNO-MASTER\Desktop\Elmo_infrastructure_sizing_NP-\output\DCH_septiembre\Bateria_353\Costo_fijo\Swap_libre\Swap_fixed_3estaciones_640kW_Descomp\station_1_d274\ELMO_log.txt"
Set parameter Threads to value 1
Set parameter Heuristics to value 0.5
Set parameter MIPFocus to value 3
Set parameter Presolve to value 2
Set parameter FlowCoverCuts to value 2
Gurobi Optimizer version 12.0.3 build v12.0.3rc0 (win64 - Windows 11+.0 (26200.2))

CPU model: Intel(R) Core(TM) i9-14900K, instruction set [SSE2|AVX|AVX2]
Thread count: 24 physical cores, 32 logical processors, using up to 1 threads

Non-default parameters:
TimeLimit  1200
MIPGap  0.05
Heuristics  0.5
MIPFocus  3
FlowCoverCuts  2
Presolve  2
Threads  1

Optimize a model with 26328 rows, 53707 columns and 241473 nonzeros
Model fingerprint: 0x628b0009
Variable types: 2099 continuous, 51608 integer (18485 binary)
Coefficient statistics:
  Matrix range     [1e+00, 6e+02]
  Objective range  [4e-01, 1e+02]
  Bounds range     [1e+00, 3e+00]
  RHS range        [1e+00, 1e+04]

Warning: Completing partial solution with 50884 unfixed non-continuous variables out of 51608
User MIP start produced solution with objective 235683 (0.04s)
Loaded user MIP start with objective 235683


Explored 0 nodes (0 simplex iterations) in 0.04 seconds (0.05 work units)
Thread count was 1 (of 32 available processors)

Solution count 2: 235683 235683 

Optimal solution found (tolerance 5.00e-02)
Best objective 2.356825555556e+05, best bound 2.307510000000e+05, gap 2.0925%
C:\Users\TECNO-MASTER\anaconda3\lib\site-packages\pandas\core\indexes\base.py:6999: FutureWarning: In a future version, the Index constructor will not infer numeric dtypes when passed object-dtype sequences (matching Series behavior)
  return Index(sequences[0], name=names)
  [Fase 2 (infra fija)] estacion=station_1 dia=335 -> C:\Users\TECNO-MASTER\Desktop\Elmo_infrastructure_sizing_NP-\output\DCH_septiembre\Bateria_353\Costo_fijo\Swap_libre\Swap_fixed_3estaciones_640kW_Descomp/station_1_d335
✔ Warm start Y: 240 cargados, 0 omitidos
✔ Warm start Z: 470 cargados, 0 omitidos
✔ Warm start Z_swap: 10 cargados, 0 omitidos
✔ Warm start N_chargers: 0 cargados, 1 omitidos
✔ Warm start N_bays: 0 cargados, 1 omitidos
✔ Warm start X: 0 cargados, 1 omitidos
✔ Warm start N_batteries: 0 cargados, 1 omitidos
✔ Warm start completo desde 'C:\Users\TECNO-MASTER\Desktop\Elmo_infrastructure_sizing_NP-\output\DCH_septiembre\Bateria_353\Costo_fijo\Swap_libre\Swap_fixed_3estaciones_640kW_Descomp\station_1_d335_stage1': 720 valores cargados, 4 omitidos
formulation time: 7.8651955127716064
Set parameter OutputFlag to value 1
Set parameter OutputFlag to value 1
Set parameter LogToConsole to value 1
Set parameter MIPGap to value 0.05
Set parameter TimeLimit to value 1200
Set parameter LogFile to value "C:\Users\TECNO-MASTER\Desktop\Elmo_infrastructure_sizing_NP-\output\DCH_septiembre\Bateria_353\Costo_fijo\Swap_libre\Swap_fixed_3estaciones_640kW_Descomp\station_1_d335\ELMO_log.txt"
Set parameter Threads to value 1
Set parameter Heuristics to value 0.5
Set parameter MIPFocus to value 3
Set parameter Presolve to value 2
Set parameter FlowCoverCuts to value 2
Gurobi Optimizer version 12.0.3 build v12.0.3rc0 (win64 - Windows 11+.0 (26200.2))

CPU model: Intel(R) Core(TM) i9-14900K, instruction set [SSE2|AVX|AVX2]
Thread count: 24 physical cores, 32 logical processors, using up to 1 threads

Non-default parameters:
TimeLimit  1200
MIPGap  0.05
Heuristics  0.5
MIPFocus  3
FlowCoverCuts  2
Presolve  2
Threads  1

Optimize a model with 26328 rows, 53707 columns and 241473 nonzeros
Model fingerprint: 0x628b0009
Variable types: 2099 continuous, 51608 integer (18485 binary)
Coefficient statistics:
  Matrix range     [1e+00, 6e+02]
  Objective range  [4e-01, 1e+02]
  Bounds range     [1e+00, 3e+00]
  RHS range        [1e+00, 1e+04]

Warning: Completing partial solution with 50884 unfixed non-continuous variables out of 51608
User MIP start produced solution with objective 235683 (0.03s)
Loaded user MIP start with objective 235683


Explored 0 nodes (0 simplex iterations) in 0.04 seconds (0.05 work units)
Thread count was 1 (of 32 available processors)

Solution count 2: 235683 235683 

Optimal solution found (tolerance 5.00e-02)
Best objective 2.356825555556e+05, best bound 2.307510000000e+05, gap 2.0925%
C:\Users\TECNO-MASTER\anaconda3\lib\site-packages\pandas\core\indexes\base.py:6999: FutureWarning: In a future version, the Index constructor will not infer numeric dtypes when passed object-dtype sequences (matching Series behavior)
  return Index(sequences[0], name=names)
  [Fase 2 (infra fija)] estacion=station_1 dia=305 -> C:\Users\TECNO-MASTER\Desktop\Elmo_infrastructure_sizing_NP-\output\DCH_septiembre\Bateria_353\Costo_fijo\Swap_libre\Swap_fixed_3estaciones_640kW_Descomp/station_1_d305
✔ Warm start Y: 240 cargados, 0 omitidos
✔ Warm start Z: 470 cargados, 0 omitidos
✔ Warm start Z_swap: 10 cargados, 0 omitidos
✔ Warm start N_chargers: 0 cargados, 1 omitidos
✔ Warm start N_bays: 0 cargados, 1 omitidos
✔ Warm start X: 0 cargados, 1 omitidos
✔ Warm start N_batteries: 0 cargados, 1 omitidos
✔ Warm start completo desde 'C:\Users\TECNO-MASTER\Desktop\Elmo_infrastructure_sizing_NP-\output\DCH_septiembre\Bateria_353\Costo_fijo\Swap_libre\Swap_fixed_3estaciones_640kW_Descomp\station_1_d305_stage1': 720 valores cargados, 4 omitidos
formulation time: 7.823391675949097
Set parameter OutputFlag to value 1
Set parameter OutputFlag to value 1
Set parameter LogToConsole to value 1
Set parameter MIPGap to value 0.05
Set parameter TimeLimit to value 1200
Set parameter LogFile to value "C:\Users\TECNO-MASTER\Desktop\Elmo_infrastructure_sizing_NP-\output\DCH_septiembre\Bateria_353\Costo_fijo\Swap_libre\Swap_fixed_3estaciones_640kW_Descomp\station_1_d305\ELMO_log.txt"
Set parameter Threads to value 1
Set parameter Heuristics to value 0.5
Set parameter MIPFocus to value 3
Set parameter Presolve to value 2
Set parameter FlowCoverCuts to value 2
Gurobi Optimizer version 12.0.3 build v12.0.3rc0 (win64 - Windows 11+.0 (26200.2))

CPU model: Intel(R) Core(TM) i9-14900K, instruction set [SSE2|AVX|AVX2]
Thread count: 24 physical cores, 32 logical processors, using up to 1 threads

Non-default parameters:
TimeLimit  1200
MIPGap  0.05
Heuristics  0.5
MIPFocus  3
FlowCoverCuts  2
Presolve  2
Threads  1

Optimize a model with 26328 rows, 53707 columns and 241473 nonzeros
Model fingerprint: 0x628b0009
Variable types: 2099 continuous, 51608 integer (18485 binary)
Coefficient statistics:
  Matrix range     [1e+00, 6e+02]
  Objective range  [4e-01, 1e+02]
  Bounds range     [1e+00, 3e+00]
  RHS range        [1e+00, 1e+04]

Warning: Completing partial solution with 50884 unfixed non-continuous variables out of 51608
User MIP start produced solution with objective 235683 (0.03s)
Loaded user MIP start with objective 235683


Explored 0 nodes (0 simplex iterations) in 0.04 seconds (0.05 work units)
Thread count was 1 (of 32 available processors)

Solution count 2: 235683 235683 

Optimal solution found (tolerance 5.00e-02)
Best objective 2.356825555556e+05, best bound 2.307510000000e+05, gap 2.0925%
C:\Users\TECNO-MASTER\anaconda3\lib\site-packages\pandas\core\indexes\base.py:6999: FutureWarning: In a future version, the Index constructor will not infer numeric dtypes when passed object-dtype sequences (matching Series behavior)
  return Index(sequences[0], name=names)
C:\Users\TECNO-MASTER\anaconda3\lib\site-packages\pandas\core\indexes\base.py:6999: FutureWarning: In a future version, the Index constructor will not infer numeric dtypes when passed object-dtype sequences (matching Series behavior)
  return Index(sequences[0], name=names)
  [Fase 2 (infra fija)] estacion=station_2 dia=1 -> C:\Users\TECNO-MASTER\Desktop\Elmo_infrastructure_sizing_NP-\output\DCH_septiembre\Bateria_353\Costo_fijo\Swap_libre\Swap_fixed_3estaciones_640kW_Descomp/station_2_d1
✔ Warm start Y: 255 cargados, 0 omitidos
✔ Warm start Z: 450 cargados, 0 omitidos
✔ Warm start Z_swap: 15 cargados, 0 omitidos
✔ Warm start N_chargers: 0 cargados, 1 omitidos
✔ Warm start N_bays: 0 cargados, 1 omitidos
✔ Warm start X: 0 cargados, 1 omitidos
✔ Warm start N_batteries: 0 cargados, 1 omitidos
✔ Warm start completo desde 'C:\Users\TECNO-MASTER\Desktop\Elmo_infrastructure_sizing_NP-\output\DCH_septiembre\Bateria_353\Costo_fijo\Swap_libre\Swap_fixed_3estaciones_640kW_Descomp\station_2_d1_stage1': 720 valores cargados, 4 omitidos
formulation time: 8.13919973373413
Set parameter OutputFlag to value 1
Set parameter OutputFlag to value 1
Set parameter LogToConsole to value 1
Set parameter MIPGap to value 0.05
Set parameter TimeLimit to value 1200
Set parameter LogFile to value "C:\Users\TECNO-MASTER\Desktop\Elmo_infrastructure_sizing_NP-\output\DCH_septiembre\Bateria_353\Costo_fijo\Swap_libre\Swap_fixed_3estaciones_640kW_Descomp\station_2_d1\ELMO_log.txt"
Set parameter Threads to value 1
Set parameter Heuristics to value 0.5
Set parameter MIPFocus to value 3
Set parameter Presolve to value 2
Set parameter FlowCoverCuts to value 2
Gurobi Optimizer version 12.0.3 build v12.0.3rc0 (win64 - Windows 11+.0 (26200.2))

CPU model: Intel(R) Core(TM) i9-14900K, instruction set [SSE2|AVX|AVX2]
Thread count: 24 physical cores, 32 logical processors, using up to 1 threads

Non-default parameters:
TimeLimit  1200
MIPGap  0.05
Heuristics  0.5
MIPFocus  3
FlowCoverCuts  2
Presolve  2
Threads  1

Optimize a model with 26358 rows, 54733 columns and 246525 nonzeros
Model fingerprint: 0xe1943b42
Variable types: 2129 continuous, 52604 integer (19481 binary)
Coefficient statistics:
  Matrix range     [1e+00, 6e+02]
  Objective range  [4e-01, 1e+02]
  Bounds range     [1e+00, 3e+00]
  RHS range        [1e+00, 1e+04]

Warning: Completing partial solution with 51880 unfixed non-continuous variables out of 52604
User MIP start produced solution with objective 238278 (0.04s)
Loaded user MIP start with objective 238278


Explored 0 nodes (0 simplex iterations) in 0.04 seconds (0.05 work units)
Thread count was 1 (of 32 available processors)

Solution count 2: 238278 238278 

Optimal solution found (tolerance 5.00e-02)
Best objective 2.382781111111e+05, best bound 2.307510000000e+05, gap 3.1590%
C:\Users\TECNO-MASTER\anaconda3\lib\site-packages\pandas\core\indexes\base.py:6999: FutureWarning: In a future version, the Index constructor will not infer numeric dtypes when passed object-dtype sequences (matching Series behavior)
  return Index(sequences[0], name=names)
  [Fase 2 (infra fija)] estacion=station_2 dia=32 -> C:\Users\TECNO-MASTER\Desktop\Elmo_infrastructure_sizing_NP-\output\DCH_septiembre\Bateria_353\Costo_fijo\Swap_libre\Swap_fixed_3estaciones_640kW_Descomp/station_2_d32
✔ Warm start Y: 255 cargados, 0 omitidos
✔ Warm start Z: 450 cargados, 0 omitidos
✔ Warm start Z_swap: 15 cargados, 0 omitidos
✔ Warm start N_chargers: 0 cargados, 1 omitidos
✔ Warm start N_bays: 0 cargados, 1 omitidos
✔ Warm start X: 0 cargados, 1 omitidos
✔ Warm start N_batteries: 0 cargados, 1 omitidos
✔ Warm start completo desde 'C:\Users\TECNO-MASTER\Desktop\Elmo_infrastructure_sizing_NP-\output\DCH_septiembre\Bateria_353\Costo_fijo\Swap_libre\Swap_fixed_3estaciones_640kW_Descomp\station_2_d32_stage1': 720 valores cargados, 4 omitidos
formulation time: 8.131046056747437
Set parameter OutputFlag to value 1
Set parameter OutputFlag to value 1
Set parameter LogToConsole to value 1
Set parameter MIPGap to value 0.05
Set parameter TimeLimit to value 1200
Set parameter LogFile to value "C:\Users\TECNO-MASTER\Desktop\Elmo_infrastructure_sizing_NP-\output\DCH_septiembre\Bateria_353\Costo_fijo\Swap_libre\Swap_fixed_3estaciones_640kW_Descomp\station_2_d32\ELMO_log.txt"
Set parameter Threads to value 1
Set parameter Heuristics to value 0.5
Set parameter MIPFocus to value 3
Set parameter Presolve to value 2
Set parameter FlowCoverCuts to value 2
Gurobi Optimizer version 12.0.3 build v12.0.3rc0 (win64 - Windows 11+.0 (26200.2))

CPU model: Intel(R) Core(TM) i9-14900K, instruction set [SSE2|AVX|AVX2]
Thread count: 24 physical cores, 32 logical processors, using up to 1 threads

Non-default parameters:
TimeLimit  1200
MIPGap  0.05
Heuristics  0.5
MIPFocus  3
FlowCoverCuts  2
Presolve  2
Threads  1

Optimize a model with 26358 rows, 54733 columns and 246525 nonzeros
Model fingerprint: 0xe1943b42
Variable types: 2129 continuous, 52604 integer (19481 binary)
Coefficient statistics:
  Matrix range     [1e+00, 6e+02]
  Objective range  [4e-01, 1e+02]
  Bounds range     [1e+00, 3e+00]
  RHS range        [1e+00, 1e+04]

Warning: Completing partial solution with 51880 unfixed non-continuous variables out of 52604
User MIP start produced solution with objective 238278 (0.04s)
Loaded user MIP start with objective 238278


Explored 0 nodes (0 simplex iterations) in 0.04 seconds (0.05 work units)
Thread count was 1 (of 32 available processors)

Solution count 2: 238278 238278 

Optimal solution found (tolerance 5.00e-02)
Best objective 2.382781111111e+05, best bound 2.307510000000e+05, gap 3.1590%
C:\Users\TECNO-MASTER\anaconda3\lib\site-packages\pandas\core\indexes\base.py:6999: FutureWarning: In a future version, the Index constructor will not infer numeric dtypes when passed object-dtype sequences (matching Series behavior)
  return Index(sequences[0], name=names)
  [Fase 2 (infra fija)] estacion=station_2 dia=60 -> C:\Users\TECNO-MASTER\Desktop\Elmo_infrastructure_sizing_NP-\output\DCH_septiembre\Bateria_353\Costo_fijo\Swap_libre\Swap_fixed_3estaciones_640kW_Descomp/station_2_d60
✔ Warm start Y: 255 cargados, 0 omitidos
✔ Warm start Z: 450 cargados, 0 omitidos
✔ Warm start Z_swap: 15 cargados, 0 omitidos
✔ Warm start N_chargers: 0 cargados, 1 omitidos
✔ Warm start N_bays: 0 cargados, 1 omitidos
✔ Warm start X: 0 cargados, 1 omitidos
✔ Warm start N_batteries: 0 cargados, 1 omitidos
✔ Warm start completo desde 'C:\Users\TECNO-MASTER\Desktop\Elmo_infrastructure_sizing_NP-\output\DCH_septiembre\Bateria_353\Costo_fijo\Swap_libre\Swap_fixed_3estaciones_640kW_Descomp\station_2_d60_stage1': 720 valores cargados, 4 omitidos
formulation time: 8.10787558555603
Set parameter OutputFlag to value 1
Set parameter OutputFlag to value 1
Set parameter LogToConsole to value 1
Set parameter MIPGap to value 0.05
Set parameter TimeLimit to value 1200
Set parameter LogFile to value "C:\Users\TECNO-MASTER\Desktop\Elmo_infrastructure_sizing_NP-\output\DCH_septiembre\Bateria_353\Costo_fijo\Swap_libre\Swap_fixed_3estaciones_640kW_Descomp\station_2_d60\ELMO_log.txt"
Set parameter Threads to value 1
Set parameter Heuristics to value 0.5
Set parameter MIPFocus to value 3
Set parameter Presolve to value 2
Set parameter FlowCoverCuts to value 2
Gurobi Optimizer version 12.0.3 build v12.0.3rc0 (win64 - Windows 11+.0 (26200.2))

CPU model: Intel(R) Core(TM) i9-14900K, instruction set [SSE2|AVX|AVX2]
Thread count: 24 physical cores, 32 logical processors, using up to 1 threads

Non-default parameters:
TimeLimit  1200
MIPGap  0.05
Heuristics  0.5
MIPFocus  3
FlowCoverCuts  2
Presolve  2
Threads  1

Optimize a model with 26358 rows, 54733 columns and 246525 nonzeros
Model fingerprint: 0xe1943b42
Variable types: 2129 continuous, 52604 integer (19481 binary)
Coefficient statistics:
  Matrix range     [1e+00, 6e+02]
  Objective range  [4e-01, 1e+02]
  Bounds range     [1e+00, 3e+00]
  RHS range        [1e+00, 1e+04]

Warning: Completing partial solution with 51880 unfixed non-continuous variables out of 52604
User MIP start produced solution with objective 238278 (0.03s)
Loaded user MIP start with objective 238278


Explored 0 nodes (0 simplex iterations) in 0.04 seconds (0.05 work units)
Thread count was 1 (of 32 available processors)

Solution count 2: 238278 238278 

Optimal solution found (tolerance 5.00e-02)
Best objective 2.382781111111e+05, best bound 2.307510000000e+05, gap 3.1590%
C:\Users\TECNO-MASTER\anaconda3\lib\site-packages\pandas\core\indexes\base.py:6999: FutureWarning: In a future version, the Index constructor will not infer numeric dtypes when passed object-dtype sequences (matching Series behavior)
  return Index(sequences[0], name=names)
  [Fase 2 (infra fija)] estacion=station_2 dia=91 -> C:\Users\TECNO-MASTER\Desktop\Elmo_infrastructure_sizing_NP-\output\DCH_septiembre\Bateria_353\Costo_fijo\Swap_libre\Swap_fixed_3estaciones_640kW_Descomp/station_2_d91
✔ Warm start Y: 259 cargados, 0 omitidos
✔ Warm start Z: 451 cargados, 0 omitidos
✔ Warm start Z_swap: 10 cargados, 0 omitidos
✔ Warm start N_chargers: 0 cargados, 1 omitidos
✔ Warm start N_bays: 0 cargados, 1 omitidos
✔ Warm start X: 0 cargados, 1 omitidos
✔ Warm start N_batteries: 0 cargados, 1 omitidos
✔ Warm start completo desde 'C:\Users\TECNO-MASTER\Desktop\Elmo_infrastructure_sizing_NP-\output\DCH_septiembre\Bateria_353\Costo_fijo\Swap_libre\Swap_fixed_3estaciones_640kW_Descomp\station_2_d91_stage1': 720 valores cargados, 4 omitidos
formulation time: 8.092066287994385
Set parameter OutputFlag to value 1
Set parameter OutputFlag to value 1
Set parameter LogToConsole to value 1
Set parameter MIPGap to value 0.05
Set parameter TimeLimit to value 1200
Set parameter LogFile to value "C:\Users\TECNO-MASTER\Desktop\Elmo_infrastructure_sizing_NP-\output\DCH_septiembre\Bateria_353\Costo_fijo\Swap_libre\Swap_fixed_3estaciones_640kW_Descomp\station_2_d91\ELMO_log.txt"
Set parameter Threads to value 1
Set parameter Heuristics to value 0.5
Set parameter MIPFocus to value 3
Set parameter Presolve to value 2
Set parameter FlowCoverCuts to value 2
Gurobi Optimizer version 12.0.3 build v12.0.3rc0 (win64 - Windows 11+.0 (26200.2))

CPU model: Intel(R) Core(TM) i9-14900K, instruction set [SSE2|AVX|AVX2]
Thread count: 24 physical cores, 32 logical processors, using up to 1 threads

Non-default parameters:
TimeLimit  1200
MIPGap  0.05
Heuristics  0.5
MIPFocus  3
FlowCoverCuts  2
Presolve  2
Threads  1

Optimize a model with 26388 rows, 54733 columns and 246585 nonzeros
Model fingerprint: 0xb7fcd4eb
Variable types: 2129 continuous, 52604 integer (19481 binary)
Coefficient statistics:
  Matrix range     [1e+00, 6e+02]
  Objective range  [4e-01, 1e+02]
  Bounds range     [1e+00, 3e+00]
  RHS range        [1e+00, 1e+04]

Warning: Completing partial solution with 51880 unfixed non-continuous variables out of 52604
User MIP start produced solution with objective 235683 (0.04s)
Loaded user MIP start with objective 235683


Explored 0 nodes (0 simplex iterations) in 0.04 seconds (0.06 work units)
Thread count was 1 (of 32 available processors)

Solution count 2: 235683 235683 

Optimal solution found (tolerance 5.00e-02)
Best objective 2.356825555556e+05, best bound 2.307510000000e+05, gap 2.0925%
C:\Users\TECNO-MASTER\anaconda3\lib\site-packages\pandas\core\indexes\base.py:6999: FutureWarning: In a future version, the Index constructor will not infer numeric dtypes when passed object-dtype sequences (matching Series behavior)
  return Index(sequences[0], name=names)
  [Fase 2 (infra fija)] estacion=station_2 dia=182 -> C:\Users\TECNO-MASTER\Desktop\Elmo_infrastructure_sizing_NP-\output\DCH_septiembre\Bateria_353\Costo_fijo\Swap_libre\Swap_fixed_3estaciones_640kW_Descomp/station_2_d182
✔ Warm start Y: 259 cargados, 0 omitidos
✔ Warm start Z: 451 cargados, 0 omitidos
✔ Warm start Z_swap: 10 cargados, 0 omitidos
✔ Warm start N_chargers: 0 cargados, 1 omitidos
✔ Warm start N_bays: 0 cargados, 1 omitidos
✔ Warm start X: 0 cargados, 1 omitidos
✔ Warm start N_batteries: 0 cargados, 1 omitidos
✔ Warm start completo desde 'C:\Users\TECNO-MASTER\Desktop\Elmo_infrastructure_sizing_NP-\output\DCH_septiembre\Bateria_353\Costo_fijo\Swap_libre\Swap_fixed_3estaciones_640kW_Descomp\station_2_d182_stage1': 720 valores cargados, 4 omitidos
formulation time: 8.149362802505493
Set parameter OutputFlag to value 1
Set parameter OutputFlag to value 1
Set parameter LogToConsole to value 1
Set parameter MIPGap to value 0.05
Set parameter TimeLimit to value 1200
Set parameter LogFile to value "C:\Users\TECNO-MASTER\Desktop\Elmo_infrastructure_sizing_NP-\output\DCH_septiembre\Bateria_353\Costo_fijo\Swap_libre\Swap_fixed_3estaciones_640kW_Descomp\station_2_d182\ELMO_log.txt"
Set parameter Threads to value 1
Set parameter Heuristics to value 0.5
Set parameter MIPFocus to value 3
Set parameter Presolve to value 2
Set parameter FlowCoverCuts to value 2
Gurobi Optimizer version 12.0.3 build v12.0.3rc0 (win64 - Windows 11+.0 (26200.2))

CPU model: Intel(R) Core(TM) i9-14900K, instruction set [SSE2|AVX|AVX2]
Thread count: 24 physical cores, 32 logical processors, using up to 1 threads

Non-default parameters:
TimeLimit  1200
MIPGap  0.05
Heuristics  0.5
MIPFocus  3
FlowCoverCuts  2
Presolve  2
Threads  1

Optimize a model with 26388 rows, 54733 columns and 246585 nonzeros
Model fingerprint: 0xb7fcd4eb
Variable types: 2129 continuous, 52604 integer (19481 binary)
Coefficient statistics:
  Matrix range     [1e+00, 6e+02]
  Objective range  [4e-01, 1e+02]
  Bounds range     [1e+00, 3e+00]
  RHS range        [1e+00, 1e+04]

Warning: Completing partial solution with 51880 unfixed non-continuous variables out of 52604
User MIP start produced solution with objective 235683 (0.04s)
Loaded user MIP start with objective 235683


Explored 0 nodes (0 simplex iterations) in 0.04 seconds (0.06 work units)
Thread count was 1 (of 32 available processors)

Solution count 2: 235683 235683 

Optimal solution found (tolerance 5.00e-02)
Best objective 2.356825555556e+05, best bound 2.307510000000e+05, gap 2.0925%
C:\Users\TECNO-MASTER\anaconda3\lib\site-packages\pandas\core\indexes\base.py:6999: FutureWarning: In a future version, the Index constructor will not infer numeric dtypes when passed object-dtype sequences (matching Series behavior)
  return Index(sequences[0], name=names)
  [Fase 2 (infra fija)] estacion=station_2 dia=121 -> C:\Users\TECNO-MASTER\Desktop\Elmo_infrastructure_sizing_NP-\output\DCH_septiembre\Bateria_353\Costo_fijo\Swap_libre\Swap_fixed_3estaciones_640kW_Descomp/station_2_d121
✔ Warm start Y: 259 cargados, 0 omitidos
✔ Warm start Z: 451 cargados, 0 omitidos
✔ Warm start Z_swap: 10 cargados, 0 omitidos
✔ Warm start N_chargers: 0 cargados, 1 omitidos
✔ Warm start N_bays: 0 cargados, 1 omitidos
✔ Warm start X: 0 cargados, 1 omitidos
✔ Warm start N_batteries: 0 cargados, 1 omitidos
✔ Warm start completo desde 'C:\Users\TECNO-MASTER\Desktop\Elmo_infrastructure_sizing_NP-\output\DCH_septiembre\Bateria_353\Costo_fijo\Swap_libre\Swap_fixed_3estaciones_640kW_Descomp\station_2_d121_stage1': 720 valores cargados, 4 omitidos
formulation time: 8.287744760513306
Set parameter OutputFlag to value 1
Set parameter OutputFlag to value 1
Set parameter LogToConsole to value 1
Set parameter MIPGap to value 0.05
Set parameter TimeLimit to value 1200
Set parameter LogFile to value "C:\Users\TECNO-MASTER\Desktop\Elmo_infrastructure_sizing_NP-\output\DCH_septiembre\Bateria_353\Costo_fijo\Swap_libre\Swap_fixed_3estaciones_640kW_Descomp\station_2_d121\ELMO_log.txt"
Set parameter Threads to value 1
Set parameter Heuristics to value 0.5
Set parameter MIPFocus to value 3
Set parameter Presolve to value 2
Set parameter FlowCoverCuts to value 2
Gurobi Optimizer version 12.0.3 build v12.0.3rc0 (win64 - Windows 11+.0 (26200.2))

CPU model: Intel(R) Core(TM) i9-14900K, instruction set [SSE2|AVX|AVX2]
Thread count: 24 physical cores, 32 logical processors, using up to 1 threads

Non-default parameters:
TimeLimit  1200
MIPGap  0.05
Heuristics  0.5
MIPFocus  3
FlowCoverCuts  2
Presolve  2
Threads  1

Optimize a model with 26388 rows, 54733 columns and 246585 nonzeros
Model fingerprint: 0xb7fcd4eb
Variable types: 2129 continuous, 52604 integer (19481 binary)
Coefficient statistics:
  Matrix range     [1e+00, 6e+02]
  Objective range  [4e-01, 1e+02]
  Bounds range     [1e+00, 3e+00]
  RHS range        [1e+00, 1e+04]

Warning: Completing partial solution with 51880 unfixed non-continuous variables out of 52604
User MIP start produced solution with objective 235683 (0.04s)
Loaded user MIP start with objective 235683


Explored 0 nodes (0 simplex iterations) in 0.04 seconds (0.06 work units)
Thread count was 1 (of 32 available processors)

Solution count 2: 235683 235683 

Optimal solution found (tolerance 5.00e-02)
Best objective 2.356825555556e+05, best bound 2.307510000000e+05, gap 2.0925%
C:\Users\TECNO-MASTER\anaconda3\lib\site-packages\pandas\core\indexes\base.py:6999: FutureWarning: In a future version, the Index constructor will not infer numeric dtypes when passed object-dtype sequences (matching Series behavior)
  return Index(sequences[0], name=names)
  [Fase 2 (infra fija)] estacion=station_2 dia=244 -> C:\Users\TECNO-MASTER\Desktop\Elmo_infrastructure_sizing_NP-\output\DCH_septiembre\Bateria_353\Costo_fijo\Swap_libre\Swap_fixed_3estaciones_640kW_Descomp/station_2_d244
✔ Warm start Y: 259 cargados, 0 omitidos
✔ Warm start Z: 451 cargados, 0 omitidos
✔ Warm start Z_swap: 10 cargados, 0 omitidos
✔ Warm start N_chargers: 0 cargados, 1 omitidos
✔ Warm start N_bays: 0 cargados, 1 omitidos
✔ Warm start X: 0 cargados, 1 omitidos
✔ Warm start N_batteries: 0 cargados, 1 omitidos
✔ Warm start completo desde 'C:\Users\TECNO-MASTER\Desktop\Elmo_infrastructure_sizing_NP-\output\DCH_septiembre\Bateria_353\Costo_fijo\Swap_libre\Swap_fixed_3estaciones_640kW_Descomp\station_2_d244_stage1': 720 valores cargados, 4 omitidos
formulation time: 8.213153600692749
Set parameter OutputFlag to value 1
Set parameter OutputFlag to value 1
Set parameter LogToConsole to value 1
Set parameter MIPGap to value 0.05
Set parameter TimeLimit to value 1200
Set parameter LogFile to value "C:\Users\TECNO-MASTER\Desktop\Elmo_infrastructure_sizing_NP-\output\DCH_septiembre\Bateria_353\Costo_fijo\Swap_libre\Swap_fixed_3estaciones_640kW_Descomp\station_2_d244\ELMO_log.txt"
Set parameter Threads to value 1
Set parameter Heuristics to value 0.5
Set parameter MIPFocus to value 3
Set parameter Presolve to value 2
Set parameter FlowCoverCuts to value 2
Gurobi Optimizer version 12.0.3 build v12.0.3rc0 (win64 - Windows 11+.0 (26200.2))

CPU model: Intel(R) Core(TM) i9-14900K, instruction set [SSE2|AVX|AVX2]
Thread count: 24 physical cores, 32 logical processors, using up to 1 threads

Non-default parameters:
TimeLimit  1200
MIPGap  0.05
Heuristics  0.5
MIPFocus  3
FlowCoverCuts  2
Presolve  2
Threads  1

Optimize a model with 26388 rows, 54733 columns and 246585 nonzeros
Model fingerprint: 0xb7fcd4eb
Variable types: 2129 continuous, 52604 integer (19481 binary)
Coefficient statistics:
  Matrix range     [1e+00, 6e+02]
  Objective range  [4e-01, 1e+02]
  Bounds range     [1e+00, 3e+00]
  RHS range        [1e+00, 1e+04]

Warning: Completing partial solution with 51880 unfixed non-continuous variables out of 52604
User MIP start produced solution with objective 235683 (0.03s)
Loaded user MIP start with objective 235683


Explored 0 nodes (0 simplex iterations) in 0.04 seconds (0.06 work units)
Thread count was 1 (of 32 available processors)

Solution count 2: 235683 235683 

Optimal solution found (tolerance 5.00e-02)
Best objective 2.356825555556e+05, best bound 2.307510000000e+05, gap 2.0925%
C:\Users\TECNO-MASTER\anaconda3\lib\site-packages\pandas\core\indexes\base.py:6999: FutureWarning: In a future version, the Index constructor will not infer numeric dtypes when passed object-dtype sequences (matching Series behavior)
  return Index(sequences[0], name=names)
  [Fase 2 (infra fija)] estacion=station_2 dia=274 -> C:\Users\TECNO-MASTER\Desktop\Elmo_infrastructure_sizing_NP-\output\DCH_septiembre\Bateria_353\Costo_fijo\Swap_libre\Swap_fixed_3estaciones_640kW_Descomp/station_2_d274
✔ Warm start Y: 255 cargados, 0 omitidos
✔ Warm start Z: 450 cargados, 0 omitidos
✔ Warm start Z_swap: 15 cargados, 0 omitidos
✔ Warm start N_chargers: 0 cargados, 1 omitidos
✔ Warm start N_bays: 0 cargados, 1 omitidos
✔ Warm start X: 0 cargados, 1 omitidos
✔ Warm start N_batteries: 0 cargados, 1 omitidos
✔ Warm start completo desde 'C:\Users\TECNO-MASTER\Desktop\Elmo_infrastructure_sizing_NP-\output\DCH_septiembre\Bateria_353\Costo_fijo\Swap_libre\Swap_fixed_3estaciones_640kW_Descomp\station_2_d274_stage1': 720 valores cargados, 4 omitidos
formulation time: 8.130359888076782
Set parameter OutputFlag to value 1
Set parameter OutputFlag to value 1
Set parameter LogToConsole to value 1
Set parameter MIPGap to value 0.05
Set parameter TimeLimit to value 1200
Set parameter LogFile to value "C:\Users\TECNO-MASTER\Desktop\Elmo_infrastructure_sizing_NP-\output\DCH_septiembre\Bateria_353\Costo_fijo\Swap_libre\Swap_fixed_3estaciones_640kW_Descomp\station_2_d274\ELMO_log.txt"
Set parameter Threads to value 1
Set parameter Heuristics to value 0.5
Set parameter MIPFocus to value 3
Set parameter Presolve to value 2
Set parameter FlowCoverCuts to value 2
Gurobi Optimizer version 12.0.3 build v12.0.3rc0 (win64 - Windows 11+.0 (26200.2))

CPU model: Intel(R) Core(TM) i9-14900K, instruction set [SSE2|AVX|AVX2]
Thread count: 24 physical cores, 32 logical processors, using up to 1 threads

Non-default parameters:
TimeLimit  1200
MIPGap  0.05
Heuristics  0.5
MIPFocus  3
FlowCoverCuts  2
Presolve  2
Threads  1

Optimize a model with 26358 rows, 54733 columns and 246525 nonzeros
Model fingerprint: 0xe1943b42
Variable types: 2129 continuous, 52604 integer (19481 binary)
Coefficient statistics:
  Matrix range     [1e+00, 6e+02]
  Objective range  [4e-01, 1e+02]
  Bounds range     [1e+00, 3e+00]
  RHS range        [1e+00, 1e+04]

Warning: Completing partial solution with 51880 unfixed non-continuous variables out of 52604
User MIP start produced solution with objective 238278 (0.04s)
Loaded user MIP start with objective 238278


Explored 0 nodes (0 simplex iterations) in 0.04 seconds (0.05 work units)
Thread count was 1 (of 32 available processors)

Solution count 2: 238278 238278 

Optimal solution found (tolerance 5.00e-02)
Best objective 2.382781111111e+05, best bound 2.307510000000e+05, gap 3.1590%
C:\Users\TECNO-MASTER\anaconda3\lib\site-packages\pandas\core\indexes\base.py:6999: FutureWarning: In a future version, the Index constructor will not infer numeric dtypes when passed object-dtype sequences (matching Series behavior)
  return Index(sequences[0], name=names)
  [Fase 2 (infra fija)] estacion=station_2 dia=152 -> C:\Users\TECNO-MASTER\Desktop\Elmo_infrastructure_sizing_NP-\output\DCH_septiembre\Bateria_353\Costo_fijo\Swap_libre\Swap_fixed_3estaciones_640kW_Descomp/station_2_d152
✔ Warm start Y: 259 cargados, 0 omitidos
✔ Warm start Z: 451 cargados, 0 omitidos
✔ Warm start Z_swap: 10 cargados, 0 omitidos
✔ Warm start N_chargers: 0 cargados, 1 omitidos
✔ Warm start N_bays: 0 cargados, 1 omitidos
✔ Warm start X: 0 cargados, 1 omitidos
✔ Warm start N_batteries: 0 cargados, 1 omitidos
✔ Warm start completo desde 'C:\Users\TECNO-MASTER\Desktop\Elmo_infrastructure_sizing_NP-\output\DCH_septiembre\Bateria_353\Costo_fijo\Swap_libre\Swap_fixed_3estaciones_640kW_Descomp\station_2_d152_stage1': 720 valores cargados, 4 omitidos
formulation time: 8.221955299377441
Set parameter OutputFlag to value 1
Set parameter OutputFlag to value 1
Set parameter LogToConsole to value 1
Set parameter MIPGap to value 0.05
Set parameter TimeLimit to value 1200
Set parameter LogFile to value "C:\Users\TECNO-MASTER\Desktop\Elmo_infrastructure_sizing_NP-\output\DCH_septiembre\Bateria_353\Costo_fijo\Swap_libre\Swap_fixed_3estaciones_640kW_Descomp\station_2_d152\ELMO_log.txt"
Set parameter Threads to value 1
Set parameter Heuristics to value 0.5
Set parameter MIPFocus to value 3
Set parameter Presolve to value 2
Set parameter FlowCoverCuts to value 2
Gurobi Optimizer version 12.0.3 build v12.0.3rc0 (win64 - Windows 11+.0 (26200.2))

CPU model: Intel(R) Core(TM) i9-14900K, instruction set [SSE2|AVX|AVX2]
Thread count: 24 physical cores, 32 logical processors, using up to 1 threads

Non-default parameters:
TimeLimit  1200
MIPGap  0.05
Heuristics  0.5
MIPFocus  3
FlowCoverCuts  2
Presolve  2
Threads  1

Optimize a model with 26388 rows, 54733 columns and 246585 nonzeros
Model fingerprint: 0xb7fcd4eb
Variable types: 2129 continuous, 52604 integer (19481 binary)
Coefficient statistics:
  Matrix range     [1e+00, 6e+02]
  Objective range  [4e-01, 1e+02]
  Bounds range     [1e+00, 3e+00]
  RHS range        [1e+00, 1e+04]

Warning: Completing partial solution with 51880 unfixed non-continuous variables out of 52604
User MIP start produced solution with objective 235683 (0.04s)
Loaded user MIP start with objective 235683


Explored 0 nodes (0 simplex iterations) in 0.04 seconds (0.06 work units)
Thread count was 1 (of 32 available processors)

Solution count 2: 235683 235683 

Optimal solution found (tolerance 5.00e-02)
Best objective 2.356825555556e+05, best bound 2.307510000000e+05, gap 2.0925%
C:\Users\TECNO-MASTER\anaconda3\lib\site-packages\pandas\core\indexes\base.py:6999: FutureWarning: In a future version, the Index constructor will not infer numeric dtypes when passed object-dtype sequences (matching Series behavior)
  return Index(sequences[0], name=names)
  [Fase 2 (infra fija)] estacion=station_2 dia=335 -> C:\Users\TECNO-MASTER\Desktop\Elmo_infrastructure_sizing_NP-\output\DCH_septiembre\Bateria_353\Costo_fijo\Swap_libre\Swap_fixed_3estaciones_640kW_Descomp/station_2_d335
✔ Warm start Y: 255 cargados, 0 omitidos
✔ Warm start Z: 450 cargados, 0 omitidos
✔ Warm start Z_swap: 15 cargados, 0 omitidos
✔ Warm start N_chargers: 0 cargados, 1 omitidos
✔ Warm start N_bays: 0 cargados, 1 omitidos
✔ Warm start X: 0 cargados, 1 omitidos
✔ Warm start N_batteries: 0 cargados, 1 omitidos
✔ Warm start completo desde 'C:\Users\TECNO-MASTER\Desktop\Elmo_infrastructure_sizing_NP-\output\DCH_septiembre\Bateria_353\Costo_fijo\Swap_libre\Swap_fixed_3estaciones_640kW_Descomp\station_2_d335_stage1': 720 valores cargados, 4 omitidos
formulation time: 8.189729690551758
Set parameter OutputFlag to value 1
Set parameter OutputFlag to value 1
Set parameter LogToConsole to value 1
Set parameter MIPGap to value 0.05
Set parameter TimeLimit to value 1200
Set parameter LogFile to value "C:\Users\TECNO-MASTER\Desktop\Elmo_infrastructure_sizing_NP-\output\DCH_septiembre\Bateria_353\Costo_fijo\Swap_libre\Swap_fixed_3estaciones_640kW_Descomp\station_2_d335\ELMO_log.txt"
Set parameter Threads to value 1
Set parameter Heuristics to value 0.5
Set parameter MIPFocus to value 3
Set parameter Presolve to value 2
Set parameter FlowCoverCuts to value 2
Gurobi Optimizer version 12.0.3 build v12.0.3rc0 (win64 - Windows 11+.0 (26200.2))

CPU model: Intel(R) Core(TM) i9-14900K, instruction set [SSE2|AVX|AVX2]
Thread count: 24 physical cores, 32 logical processors, using up to 1 threads

Non-default parameters:
TimeLimit  1200
MIPGap  0.05
Heuristics  0.5
MIPFocus  3
FlowCoverCuts  2
Presolve  2
Threads  1

Optimize a model with 26358 rows, 54733 columns and 246525 nonzeros
Model fingerprint: 0xe1943b42
Variable types: 2129 continuous, 52604 integer (19481 binary)
Coefficient statistics:
  Matrix range     [1e+00, 6e+02]
  Objective range  [4e-01, 1e+02]
  Bounds range     [1e+00, 3e+00]
  RHS range        [1e+00, 1e+04]

Warning: Completing partial solution with 51880 unfixed non-continuous variables out of 52604
User MIP start produced solution with objective 238278 (0.04s)
Loaded user MIP start with objective 238278


Explored 0 nodes (0 simplex iterations) in 0.04 seconds (0.05 work units)
Thread count was 1 (of 32 available processors)

Solution count 2: 238278 238278 

Optimal solution found (tolerance 5.00e-02)
Best objective 2.382781111111e+05, best bound 2.307510000000e+05, gap 3.1590%
C:\Users\TECNO-MASTER\anaconda3\lib\site-packages\pandas\core\indexes\base.py:6999: FutureWarning: In a future version, the Index constructor will not infer numeric dtypes when passed object-dtype sequences (matching Series behavior)
  return Index(sequences[0], name=names)
  [Fase 2 (infra fija)] estacion=station_2 dia=213 -> C:\Users\TECNO-MASTER\Desktop\Elmo_infrastructure_sizing_NP-\output\DCH_septiembre\Bateria_353\Costo_fijo\Swap_libre\Swap_fixed_3estaciones_640kW_Descomp/station_2_d213
✔ Warm start Y: 259 cargados, 0 omitidos
✔ Warm start Z: 451 cargados, 0 omitidos
✔ Warm start Z_swap: 10 cargados, 0 omitidos
✔ Warm start N_chargers: 0 cargados, 1 omitidos
✔ Warm start N_bays: 0 cargados, 1 omitidos
✔ Warm start X: 0 cargados, 1 omitidos
✔ Warm start N_batteries: 0 cargados, 1 omitidos
✔ Warm start completo desde 'C:\Users\TECNO-MASTER\Desktop\Elmo_infrastructure_sizing_NP-\output\DCH_septiembre\Bateria_353\Costo_fijo\Swap_libre\Swap_fixed_3estaciones_640kW_Descomp\station_2_d213_stage1': 720 valores cargados, 4 omitidos
formulation time: 8.076629877090454
Set parameter OutputFlag to value 1
Set parameter OutputFlag to value 1
Set parameter LogToConsole to value 1
Set parameter MIPGap to value 0.05
Set parameter TimeLimit to value 1200
Set parameter LogFile to value "C:\Users\TECNO-MASTER\Desktop\Elmo_infrastructure_sizing_NP-\output\DCH_septiembre\Bateria_353\Costo_fijo\Swap_libre\Swap_fixed_3estaciones_640kW_Descomp\station_2_d213\ELMO_log.txt"
Set parameter Threads to value 1
Set parameter Heuristics to value 0.5
Set parameter MIPFocus to value 3
Set parameter Presolve to value 2
Set parameter FlowCoverCuts to value 2
Gurobi Optimizer version 12.0.3 build v12.0.3rc0 (win64 - Windows 11+.0 (26200.2))

CPU model: Intel(R) Core(TM) i9-14900K, instruction set [SSE2|AVX|AVX2]
Thread count: 24 physical cores, 32 logical processors, using up to 1 threads

Non-default parameters:
TimeLimit  1200
MIPGap  0.05
Heuristics  0.5
MIPFocus  3
FlowCoverCuts  2
Presolve  2
Threads  1

Optimize a model with 26388 rows, 54733 columns and 246585 nonzeros
Model fingerprint: 0xb7fcd4eb
Variable types: 2129 continuous, 52604 integer (19481 binary)
Coefficient statistics:
  Matrix range     [1e+00, 6e+02]
  Objective range  [4e-01, 1e+02]
  Bounds range     [1e+00, 3e+00]
  RHS range        [1e+00, 1e+04]

Warning: Completing partial solution with 51880 unfixed non-continuous variables out of 52604
User MIP start produced solution with objective 235683 (0.04s)
Loaded user MIP start with objective 235683


Explored 0 nodes (0 simplex iterations) in 0.04 seconds (0.06 work units)
Thread count was 1 (of 32 available processors)

Solution count 2: 235683 235683 

Optimal solution found (tolerance 5.00e-02)
Best objective 2.356825555556e+05, best bound 2.307510000000e+05, gap 2.0925%
  [Fase 2 (infra fija)] estacion=station_3 dia=152 -> C:\Users\TECNO-MASTER\Desktop\Elmo_infrastructure_sizing_NP-\output\DCH_septiembre\Bateria_353\Costo_fijo\Swap_libre\Swap_fixed_3estaciones_640kW_Descomp/station_3_d152
✔ Warm start Y: 255 cargados, 0 omitidos
✔ Warm start Z: 454 cargados, 0 omitidos
✔ Warm start Z_swap: 11 cargados, 0 omitidos
✔ Warm start N_chargers: 0 cargados, 1 omitidos
✔ Warm start N_bays: 0 cargados, 1 omitidos
✔ Warm start X: 0 cargados, 1 omitidos
✔ Warm start N_batteries: 0 cargados, 1 omitidos
✔ Warm start completo desde 'C:\Users\TECNO-MASTER\Desktop\Elmo_infrastructure_sizing_NP-\output\DCH_septiembre\Bateria_353\Costo_fijo\Swap_libre\Swap_fixed_3estaciones_640kW_Descomp\station_3_d152_stage1': 720 valores cargados, 4 omitidos
formulation time: 7.841015577316284
Set parameter OutputFlag to value 1
Set parameter OutputFlag to value 1
Set parameter LogToConsole to value 1
Set parameter MIPGap to value 0.05
Set parameter TimeLimit to value 1200
Set parameter LogFile to value "C:\Users\TECNO-MASTER\Desktop\Elmo_infrastructure_sizing_NP-\output\DCH_septiembre\Bateria_353\Costo_fijo\Swap_libre\Swap_fixed_3estaciones_640kW_Descomp\station_3_d152\ELMO_log.txt"
Set parameter Threads to value 1
Set parameter Heuristics to value 0.5
Set parameter MIPFocus to value 3
Set parameter Presolve to value 2
Set parameter FlowCoverCuts to value 2
Gurobi Optimizer version 12.0.3 build v12.0.3rc0 (win64 - Windows 11+.0 (26200.2))

CPU model: Intel(R) Core(TM) i9-14900K, instruction set [SSE2|AVX|AVX2]
Thread count: 24 physical cores, 32 logical processors, using up to 1 threads

Non-default parameters:
TimeLimit  1200
MIPGap  0.05
Heuristics  0.5
MIPFocus  3
FlowCoverCuts  2
Presolve  2
Threads  1

Optimize a model with 26358 rows, 53707 columns and 241535 nonzeros
Model fingerprint: 0xe79ca6cc
Variable types: 2099 continuous, 51608 integer (18485 binary)
Coefficient statistics:
  Matrix range     [1e+00, 6e+02]
  Objective range  [4e-01, 1e+02]
  Bounds range     [1e+00, 3e+00]
  RHS range        [1e+00, 1e+04]

Warning: Completing partial solution with 50884 unfixed non-continuous variables out of 51608
User MIP start produced solution with objective 236202 (0.03s)
Loaded user MIP start with objective 236202


Explored 0 nodes (0 simplex iterations) in 0.04 seconds (0.05 work units)
Thread count was 1 (of 32 available processors)

Solution count 2: 236202 236202 

Optimal solution found (tolerance 5.00e-02)
Best objective 2.362016666667e+05, best bound 2.307510000000e+05, gap 2.3076%
C:\Users\TECNO-MASTER\anaconda3\lib\site-packages\pandas\core\indexes\base.py:6999: FutureWarning: In a future version, the Index constructor will not infer numeric dtypes when passed object-dtype sequences (matching Series behavior)
  return Index(sequences[0], name=names)
  [Fase 2 (infra fija)] estacion=station_3 dia=60 -> C:\Users\TECNO-MASTER\Desktop\Elmo_infrastructure_sizing_NP-\output\DCH_septiembre\Bateria_353\Costo_fijo\Swap_libre\Swap_fixed_3estaciones_640kW_Descomp/station_3_d60
✔ Warm start Y: 257 cargados, 0 omitidos
✔ Warm start Z: 452 cargados, 0 omitidos
✔ Warm start Z_swap: 11 cargados, 0 omitidos
✔ Warm start N_chargers: 0 cargados, 1 omitidos
✔ Warm start N_bays: 0 cargados, 1 omitidos
✔ Warm start X: 0 cargados, 1 omitidos
✔ Warm start N_batteries: 0 cargados, 1 omitidos
✔ Warm start completo desde 'C:\Users\TECNO-MASTER\Desktop\Elmo_infrastructure_sizing_NP-\output\DCH_septiembre\Bateria_353\Costo_fijo\Swap_libre\Swap_fixed_3estaciones_640kW_Descomp\station_3_d60_stage1': 720 valores cargados, 4 omitidos
formulation time: 7.888710260391235
Set parameter OutputFlag to value 1
Set parameter OutputFlag to value 1
Set parameter LogToConsole to value 1
Set parameter MIPGap to value 0.05
Set parameter TimeLimit to value 1200
Set parameter LogFile to value "C:\Users\TECNO-MASTER\Desktop\Elmo_infrastructure_sizing_NP-\output\DCH_septiembre\Bateria_353\Costo_fijo\Swap_libre\Swap_fixed_3estaciones_640kW_Descomp\station_3_d60\ELMO_log.txt"
Set parameter Threads to value 1
Set parameter Heuristics to value 0.5
Set parameter MIPFocus to value 3
Set parameter Presolve to value 2
Set parameter FlowCoverCuts to value 2
Gurobi Optimizer version 12.0.3 build v12.0.3rc0 (win64 - Windows 11+.0 (26200.2))

CPU model: Intel(R) Core(TM) i9-14900K, instruction set [SSE2|AVX|AVX2]
Thread count: 24 physical cores, 32 logical processors, using up to 1 threads

Non-default parameters:
TimeLimit  1200
MIPGap  0.05
Heuristics  0.5
MIPFocus  3
FlowCoverCuts  2
Presolve  2
Threads  1

Optimize a model with 26328 rows, 53707 columns and 241475 nonzeros
Model fingerprint: 0xa066ef3b
Variable types: 2099 continuous, 51608 integer (18485 binary)
Coefficient statistics:
  Matrix range     [1e+00, 6e+02]
  Objective range  [4e-01, 1e+02]
  Bounds range     [1e+00, 3e+00]
  RHS range        [1e+00, 1e+04]

Warning: Completing partial solution with 50884 unfixed non-continuous variables out of 51608
User MIP start produced solution with objective 236202 (0.03s)
Loaded user MIP start with objective 236202


Explored 0 nodes (0 simplex iterations) in 0.04 seconds (0.05 work units)
Thread count was 1 (of 32 available processors)

Solution count 2: 236202 236202 

Optimal solution found (tolerance 5.00e-02)
Best objective 2.362016666667e+05, best bound 2.307510000000e+05, gap 2.3076%
C:\Users\TECNO-MASTER\anaconda3\lib\site-packages\pandas\core\indexes\base.py:6999: FutureWarning: In a future version, the Index constructor will not infer numeric dtypes when passed object-dtype sequences (matching Series behavior)
  return Index(sequences[0], name=names)
  [Fase 2 (infra fija)] estacion=station_3 dia=32 -> C:\Users\TECNO-MASTER\Desktop\Elmo_infrastructure_sizing_NP-\output\DCH_septiembre\Bateria_353\Costo_fijo\Swap_libre\Swap_fixed_3estaciones_640kW_Descomp/station_3_d32
✔ Warm start Y: 257 cargados, 0 omitidos
✔ Warm start Z: 452 cargados, 0 omitidos
✔ Warm start Z_swap: 11 cargados, 0 omitidos
✔ Warm start N_chargers: 0 cargados, 1 omitidos
✔ Warm start N_bays: 0 cargados, 1 omitidos
✔ Warm start X: 0 cargados, 1 omitidos
✔ Warm start N_batteries: 0 cargados, 1 omitidos
✔ Warm start completo desde 'C:\Users\TECNO-MASTER\Desktop\Elmo_infrastructure_sizing_NP-\output\DCH_septiembre\Bateria_353\Costo_fijo\Swap_libre\Swap_fixed_3estaciones_640kW_Descomp\station_3_d32_stage1': 720 valores cargados, 4 omitidos
formulation time: 7.878057956695557
Set parameter OutputFlag to value 1
Set parameter OutputFlag to value 1
Set parameter LogToConsole to value 1
Set parameter MIPGap to value 0.05
Set parameter TimeLimit to value 1200
Set parameter LogFile to value "C:\Users\TECNO-MASTER\Desktop\Elmo_infrastructure_sizing_NP-\output\DCH_septiembre\Bateria_353\Costo_fijo\Swap_libre\Swap_fixed_3estaciones_640kW_Descomp\station_3_d32\ELMO_log.txt"
Set parameter Threads to value 1
Set parameter Heuristics to value 0.5
Set parameter MIPFocus to value 3
Set parameter Presolve to value 2
Set parameter FlowCoverCuts to value 2
Gurobi Optimizer version 12.0.3 build v12.0.3rc0 (win64 - Windows 11+.0 (26200.2))

CPU model: Intel(R) Core(TM) i9-14900K, instruction set [SSE2|AVX|AVX2]
Thread count: 24 physical cores, 32 logical processors, using up to 1 threads

Non-default parameters:
TimeLimit  1200
MIPGap  0.05
Heuristics  0.5
MIPFocus  3
FlowCoverCuts  2
Presolve  2
Threads  1

Optimize a model with 26328 rows, 53707 columns and 241475 nonzeros
Model fingerprint: 0xa066ef3b
Variable types: 2099 continuous, 51608 integer (18485 binary)
Coefficient statistics:
  Matrix range     [1e+00, 6e+02]
  Objective range  [4e-01, 1e+02]
  Bounds range     [1e+00, 3e+00]
  RHS range        [1e+00, 1e+04]

Warning: Completing partial solution with 50884 unfixed non-continuous variables out of 51608
User MIP start produced solution with objective 236202 (0.03s)
Loaded user MIP start with objective 236202


Explored 0 nodes (0 simplex iterations) in 0.04 seconds (0.05 work units)
Thread count was 1 (of 32 available processors)

Solution count 2: 236202 236202 

Optimal solution found (tolerance 5.00e-02)
Best objective 2.362016666667e+05, best bound 2.307510000000e+05, gap 2.3076%
C:\Users\TECNO-MASTER\anaconda3\lib\site-packages\pandas\core\indexes\base.py:6999: FutureWarning: In a future version, the Index constructor will not infer numeric dtypes when passed object-dtype sequences (matching Series behavior)
  return Index(sequences[0], name=names)
C:\Users\TECNO-MASTER\anaconda3\lib\site-packages\pandas\core\indexes\base.py:6999: FutureWarning: In a future version, the Index constructor will not infer numeric dtypes when passed object-dtype sequences (matching Series behavior)
  return Index(sequences[0], name=names)
  [Fase 2 (infra fija)] estacion=station_2 dia=305 -> C:\Users\TECNO-MASTER\Desktop\Elmo_infrastructure_sizing_NP-\output\DCH_septiembre\Bateria_353\Costo_fijo\Swap_libre\Swap_fixed_3estaciones_640kW_Descomp/station_2_d305
✔ Warm start Y: 255 cargados, 0 omitidos
✔ Warm start Z: 450 cargados, 0 omitidos
✔ Warm start Z_swap: 15 cargados, 0 omitidos
✔ Warm start N_chargers: 0 cargados, 1 omitidos
✔ Warm start N_bays: 0 cargados, 1 omitidos
✔ Warm start X: 0 cargados, 1 omitidos
✔ Warm start N_batteries: 0 cargados, 1 omitidos
✔ Warm start completo desde 'C:\Users\TECNO-MASTER\Desktop\Elmo_infrastructure_sizing_NP-\output\DCH_septiembre\Bateria_353\Costo_fijo\Swap_libre\Swap_fixed_3estaciones_640kW_Descomp\station_2_d305_stage1': 720 valores cargados, 4 omitidos
formulation time: 8.101799249649048
Set parameter OutputFlag to value 1
Set parameter OutputFlag to value 1
Set parameter LogToConsole to value 1
Set parameter MIPGap to value 0.05
Set parameter TimeLimit to value 1200
Set parameter LogFile to value "C:\Users\TECNO-MASTER\Desktop\Elmo_infrastructure_sizing_NP-\output\DCH_septiembre\Bateria_353\Costo_fijo\Swap_libre\Swap_fixed_3estaciones_640kW_Descomp\station_2_d305\ELMO_log.txt"
Set parameter Threads to value 1
Set parameter Heuristics to value 0.5
Set parameter MIPFocus to value 3
Set parameter Presolve to value 2
Set parameter FlowCoverCuts to value 2
Gurobi Optimizer version 12.0.3 build v12.0.3rc0 (win64 - Windows 11+.0 (26200.2))

CPU model: Intel(R) Core(TM) i9-14900K, instruction set [SSE2|AVX|AVX2]
Thread count: 24 physical cores, 32 logical processors, using up to 1 threads

Non-default parameters:
TimeLimit  1200
MIPGap  0.05
Heuristics  0.5
MIPFocus  3
FlowCoverCuts  2
Presolve  2
Threads  1

Optimize a model with 26358 rows, 54733 columns and 246525 nonzeros
Model fingerprint: 0xe1943b42
Variable types: 2129 continuous, 52604 integer (19481 binary)
Coefficient statistics:
  Matrix range     [1e+00, 6e+02]
  Objective range  [4e-01, 1e+02]
  Bounds range     [1e+00, 3e+00]
  RHS range        [1e+00, 1e+04]

Warning: Completing partial solution with 51880 unfixed non-continuous variables out of 52604
User MIP start produced solution with objective 238278 (0.04s)
Loaded user MIP start with objective 238278


Explored 0 nodes (0 simplex iterations) in 0.04 seconds (0.05 work units)
Thread count was 1 (of 32 available processors)

Solution count 2: 238278 238278 

Optimal solution found (tolerance 5.00e-02)
Best objective 2.382781111111e+05, best bound 2.307510000000e+05, gap 3.1590%
  [Fase 2 (infra fija)] estacion=station_3 dia=121 -> C:\Users\TECNO-MASTER\Desktop\Elmo_infrastructure_sizing_NP-\output\DCH_septiembre\Bateria_353\Costo_fijo\Swap_libre\Swap_fixed_3estaciones_640kW_Descomp/station_3_d121
✔ Warm start Y: 255 cargados, 0 omitidos
✔ Warm start Z: 454 cargados, 0 omitidos
✔ Warm start Z_swap: 11 cargados, 0 omitidos
✔ Warm start N_chargers: 0 cargados, 1 omitidos
✔ Warm start N_bays: 0 cargados, 1 omitidos
✔ Warm start X: 0 cargados, 1 omitidos
✔ Warm start N_batteries: 0 cargados, 1 omitidos
✔ Warm start completo desde 'C:\Users\TECNO-MASTER\Desktop\Elmo_infrastructure_sizing_NP-\output\DCH_septiembre\Bateria_353\Costo_fijo\Swap_libre\Swap_fixed_3estaciones_640kW_Descomp\station_3_d121_stage1': 720 valores cargados, 4 omitidos
formulation time: 7.696197509765625
Set parameter OutputFlag to value 1
Set parameter OutputFlag to value 1
Set parameter LogToConsole to value 1
Set parameter MIPGap to value 0.05
Set parameter TimeLimit to value 1200
Set parameter LogFile to value "C:\Users\TECNO-MASTER\Desktop\Elmo_infrastructure_sizing_NP-\output\DCH_septiembre\Bateria_353\Costo_fijo\Swap_libre\Swap_fixed_3estaciones_640kW_Descomp\station_3_d121\ELMO_log.txt"
Set parameter Threads to value 1
Set parameter Heuristics to value 0.5
Set parameter MIPFocus to value 3
Set parameter Presolve to value 2
Set parameter FlowCoverCuts to value 2
Gurobi Optimizer version 12.0.3 build v12.0.3rc0 (win64 - Windows 11+.0 (26200.2))

CPU model: Intel(R) Core(TM) i9-14900K, instruction set [SSE2|AVX|AVX2]
Thread count: 24 physical cores, 32 logical processors, using up to 1 threads

Non-default parameters:
TimeLimit  1200
MIPGap  0.05
Heuristics  0.5
MIPFocus  3
FlowCoverCuts  2
Presolve  2
Threads  1

Optimize a model with 26358 rows, 53707 columns and 241535 nonzeros
Model fingerprint: 0xe79ca6cc
Variable types: 2099 continuous, 51608 integer (18485 binary)
Coefficient statistics:
  Matrix range     [1e+00, 6e+02]
  Objective range  [4e-01, 1e+02]
  Bounds range     [1e+00, 3e+00]
  RHS range        [1e+00, 1e+04]

Warning: Completing partial solution with 50884 unfixed non-continuous variables out of 51608
User MIP start produced solution with objective 236202 (0.03s)
Loaded user MIP start with objective 236202


Explored 0 nodes (0 simplex iterations) in 0.04 seconds (0.05 work units)
Thread count was 1 (of 32 available processors)

Solution count 2: 236202 236202 

Optimal solution found (tolerance 5.00e-02)
Best objective 2.362016666667e+05, best bound 2.307510000000e+05, gap 2.3076%
C:\Users\TECNO-MASTER\anaconda3\lib\site-packages\pandas\core\indexes\base.py:6999: FutureWarning: In a future version, the Index constructor will not infer numeric dtypes when passed object-dtype sequences (matching Series behavior)
  return Index(sequences[0], name=names)
  [Fase 2 (infra fija)] estacion=station_3 dia=1 -> C:\Users\TECNO-MASTER\Desktop\Elmo_infrastructure_sizing_NP-\output\DCH_septiembre\Bateria_353\Costo_fijo\Swap_libre\Swap_fixed_3estaciones_640kW_Descomp/station_3_d1
✔ Warm start Y: 257 cargados, 0 omitidos
✔ Warm start Z: 452 cargados, 0 omitidos
✔ Warm start Z_swap: 11 cargados, 0 omitidos
✔ Warm start N_chargers: 0 cargados, 1 omitidos
✔ Warm start N_bays: 0 cargados, 1 omitidos
✔ Warm start X: 0 cargados, 1 omitidos
✔ Warm start N_batteries: 0 cargados, 1 omitidos
✔ Warm start completo desde 'C:\Users\TECNO-MASTER\Desktop\Elmo_infrastructure_sizing_NP-\output\DCH_septiembre\Bateria_353\Costo_fijo\Swap_libre\Swap_fixed_3estaciones_640kW_Descomp\station_3_d1_stage1': 720 valores cargados, 4 omitidos
formulation time: 7.774920463562012
Set parameter OutputFlag to value 1
Set parameter OutputFlag to value 1
Set parameter LogToConsole to value 1
Set parameter MIPGap to value 0.05
Set parameter TimeLimit to value 1200
Set parameter LogFile to value "C:\Users\TECNO-MASTER\Desktop\Elmo_infrastructure_sizing_NP-\output\DCH_septiembre\Bateria_353\Costo_fijo\Swap_libre\Swap_fixed_3estaciones_640kW_Descomp\station_3_d1\ELMO_log.txt"
Set parameter Threads to value 1
Set parameter Heuristics to value 0.5
Set parameter MIPFocus to value 3
Set parameter Presolve to value 2
Set parameter FlowCoverCuts to value 2
Gurobi Optimizer version 12.0.3 build v12.0.3rc0 (win64 - Windows 11+.0 (26200.2))

CPU model: Intel(R) Core(TM) i9-14900K, instruction set [SSE2|AVX|AVX2]
Thread count: 24 physical cores, 32 logical processors, using up to 1 threads

Non-default parameters:
TimeLimit  1200
MIPGap  0.05
Heuristics  0.5
MIPFocus  3
FlowCoverCuts  2
Presolve  2
Threads  1

Optimize a model with 26328 rows, 53707 columns and 241475 nonzeros
Model fingerprint: 0xa066ef3b
Variable types: 2099 continuous, 51608 integer (18485 binary)
Coefficient statistics:
  Matrix range     [1e+00, 6e+02]
  Objective range  [4e-01, 1e+02]
  Bounds range     [1e+00, 3e+00]
  RHS range        [1e+00, 1e+04]

Warning: Completing partial solution with 50884 unfixed non-continuous variables out of 51608
User MIP start produced solution with objective 236202 (0.03s)
Loaded user MIP start with objective 236202


Explored 0 nodes (0 simplex iterations) in 0.04 seconds (0.05 work units)
Thread count was 1 (of 32 available processors)

Solution count 2: 236202 236202 

Optimal solution found (tolerance 5.00e-02)
Best objective 2.362016666667e+05, best bound 2.307510000000e+05, gap 2.3076%
C:\Users\TECNO-MASTER\anaconda3\lib\site-packages\pandas\core\indexes\base.py:6999: FutureWarning: In a future version, the Index constructor will not infer numeric dtypes when passed object-dtype sequences (matching Series behavior)
  return Index(sequences[0], name=names)
  [Fase 2 (infra fija)] estacion=station_3 dia=91 -> C:\Users\TECNO-MASTER\Desktop\Elmo_infrastructure_sizing_NP-\output\DCH_septiembre\Bateria_353\Costo_fijo\Swap_libre\Swap_fixed_3estaciones_640kW_Descomp/station_3_d91
✔ Warm start Y: 255 cargados, 0 omitidos
✔ Warm start Z: 454 cargados, 0 omitidos
✔ Warm start Z_swap: 11 cargados, 0 omitidos
✔ Warm start N_chargers: 0 cargados, 1 omitidos
✔ Warm start N_bays: 0 cargados, 1 omitidos
✔ Warm start X: 0 cargados, 1 omitidos
✔ Warm start N_batteries: 0 cargados, 1 omitidos
✔ Warm start completo desde 'C:\Users\TECNO-MASTER\Desktop\Elmo_infrastructure_sizing_NP-\output\DCH_septiembre\Bateria_353\Costo_fijo\Swap_libre\Swap_fixed_3estaciones_640kW_Descomp\station_3_d91_stage1': 720 valores cargados, 4 omitidos
formulation time: 7.700226783752441
Set parameter OutputFlag to value 1
Set parameter OutputFlag to value 1
Set parameter LogToConsole to value 1
Set parameter MIPGap to value 0.05
Set parameter TimeLimit to value 1200
Set parameter LogFile to value "C:\Users\TECNO-MASTER\Desktop\Elmo_infrastructure_sizing_NP-\output\DCH_septiembre\Bateria_353\Costo_fijo\Swap_libre\Swap_fixed_3estaciones_640kW_Descomp\station_3_d91\ELMO_log.txt"
Set parameter Threads to value 1
Set parameter Heuristics to value 0.5
Set parameter MIPFocus to value 3
Set parameter Presolve to value 2
Set parameter FlowCoverCuts to value 2
Gurobi Optimizer version 12.0.3 build v12.0.3rc0 (win64 - Windows 11+.0 (26200.2))

CPU model: Intel(R) Core(TM) i9-14900K, instruction set [SSE2|AVX|AVX2]
Thread count: 24 physical cores, 32 logical processors, using up to 1 threads

Non-default parameters:
TimeLimit  1200
MIPGap  0.05
Heuristics  0.5
MIPFocus  3
FlowCoverCuts  2
Presolve  2
Threads  1

Optimize a model with 26358 rows, 53707 columns and 241535 nonzeros
Model fingerprint: 0xe79ca6cc
Variable types: 2099 continuous, 51608 integer (18485 binary)
Coefficient statistics:
  Matrix range     [1e+00, 6e+02]
  Objective range  [4e-01, 1e+02]
  Bounds range     [1e+00, 3e+00]
  RHS range        [1e+00, 1e+04]

Warning: Completing partial solution with 50884 unfixed non-continuous variables out of 51608
User MIP start produced solution with objective 236202 (0.04s)
Loaded user MIP start with objective 236202


Explored 0 nodes (0 simplex iterations) in 0.04 seconds (0.05 work units)
Thread count was 1 (of 32 available processors)

Solution count 2: 236202 236202 

Optimal solution found (tolerance 5.00e-02)
Best objective 2.362016666667e+05, best bound 2.307510000000e+05, gap 2.3076%
C:\Users\TECNO-MASTER\anaconda3\lib\site-packages\pandas\core\indexes\base.py:6999: FutureWarning: In a future version, the Index constructor will not infer numeric dtypes when passed object-dtype sequences (matching Series behavior)
  return Index(sequences[0], name=names)
  [Fase 2 (infra fija)] estacion=station_3 dia=182 -> C:\Users\TECNO-MASTER\Desktop\Elmo_infrastructure_sizing_NP-\output\DCH_septiembre\Bateria_353\Costo_fijo\Swap_libre\Swap_fixed_3estaciones_640kW_Descomp/station_3_d182
✔ Warm start Y: 255 cargados, 0 omitidos
✔ Warm start Z: 454 cargados, 0 omitidos
✔ Warm start Z_swap: 11 cargados, 0 omitidos
✔ Warm start N_chargers: 0 cargados, 1 omitidos
✔ Warm start N_bays: 0 cargados, 1 omitidos
✔ Warm start X: 0 cargados, 1 omitidos
✔ Warm start N_batteries: 0 cargados, 1 omitidos
✔ Warm start completo desde 'C:\Users\TECNO-MASTER\Desktop\Elmo_infrastructure_sizing_NP-\output\DCH_septiembre\Bateria_353\Costo_fijo\Swap_libre\Swap_fixed_3estaciones_640kW_Descomp\station_3_d182_stage1': 720 valores cargados, 4 omitidos
formulation time: 7.883062362670898
Set parameter OutputFlag to value 1
Set parameter OutputFlag to value 1
Set parameter LogToConsole to value 1
Set parameter MIPGap to value 0.05
Set parameter TimeLimit to value 1200
Set parameter LogFile to value "C:\Users\TECNO-MASTER\Desktop\Elmo_infrastructure_sizing_NP-\output\DCH_septiembre\Bateria_353\Costo_fijo\Swap_libre\Swap_fixed_3estaciones_640kW_Descomp\station_3_d182\ELMO_log.txt"
Set parameter Threads to value 1
Set parameter Heuristics to value 0.5
Set parameter MIPFocus to value 3
Set parameter Presolve to value 2
Set parameter FlowCoverCuts to value 2
Gurobi Optimizer version 12.0.3 build v12.0.3rc0 (win64 - Windows 11+.0 (26200.2))

CPU model: Intel(R) Core(TM) i9-14900K, instruction set [SSE2|AVX|AVX2]
Thread count: 24 physical cores, 32 logical processors, using up to 1 threads

Non-default parameters:
TimeLimit  1200
MIPGap  0.05
Heuristics  0.5
MIPFocus  3
FlowCoverCuts  2
Presolve  2
Threads  1

Optimize a model with 26358 rows, 53707 columns and 241535 nonzeros
Model fingerprint: 0xe79ca6cc
Variable types: 2099 continuous, 51608 integer (18485 binary)
Coefficient statistics:
  Matrix range     [1e+00, 6e+02]
  Objective range  [4e-01, 1e+02]
  Bounds range     [1e+00, 3e+00]
  RHS range        [1e+00, 1e+04]

Warning: Completing partial solution with 50884 unfixed non-continuous variables out of 51608
User MIP start produced solution with objective 236202 (0.04s)
Loaded user MIP start with objective 236202


Explored 0 nodes (0 simplex iterations) in 0.04 seconds (0.05 work units)
Thread count was 1 (of 32 available processors)

Solution count 2: 236202 236202 

Optimal solution found (tolerance 5.00e-02)
Best objective 2.362016666667e+05, best bound 2.307510000000e+05, gap 2.3076%
  [Fase 2 (infra fija)] estacion=station_3 dia=213 -> C:\Users\TECNO-MASTER\Desktop\Elmo_infrastructure_sizing_NP-\output\DCH_septiembre\Bateria_353\Costo_fijo\Swap_libre\Swap_fixed_3estaciones_640kW_Descomp/station_3_d213
✔ Warm start Y: 255 cargados, 0 omitidos
✔ Warm start Z: 454 cargados, 0 omitidos
✔ Warm start Z_swap: 11 cargados, 0 omitidos
✔ Warm start N_chargers: 0 cargados, 1 omitidos
✔ Warm start N_bays: 0 cargados, 1 omitidos
✔ Warm start X: 0 cargados, 1 omitidos
✔ Warm start N_batteries: 0 cargados, 1 omitidos
✔ Warm start completo desde 'C:\Users\TECNO-MASTER\Desktop\Elmo_infrastructure_sizing_NP-\output\DCH_septiembre\Bateria_353\Costo_fijo\Swap_libre\Swap_fixed_3estaciones_640kW_Descomp\station_3_d213_stage1': 720 valores cargados, 4 omitidos
formulation time: 7.749532461166382
Set parameter OutputFlag to value 1
Set parameter OutputFlag to value 1
Set parameter LogToConsole to value 1
Set parameter MIPGap to value 0.05
Set parameter TimeLimit to value 1200
Set parameter LogFile to value "C:\Users\TECNO-MASTER\Desktop\Elmo_infrastructure_sizing_NP-\output\DCH_septiembre\Bateria_353\Costo_fijo\Swap_libre\Swap_fixed_3estaciones_640kW_Descomp\station_3_d213\ELMO_log.txt"
Set parameter Threads to value 1
Set parameter Heuristics to value 0.5
Set parameter MIPFocus to value 3
Set parameter Presolve to value 2
Set parameter FlowCoverCuts to value 2
Gurobi Optimizer version 12.0.3 build v12.0.3rc0 (win64 - Windows 11+.0 (26200.2))

CPU model: Intel(R) Core(TM) i9-14900K, instruction set [SSE2|AVX|AVX2]
Thread count: 24 physical cores, 32 logical processors, using up to 1 threads

Non-default parameters:
TimeLimit  1200
MIPGap  0.05
Heuristics  0.5
MIPFocus  3
FlowCoverCuts  2
Presolve  2
Threads  1

Optimize a model with 26358 rows, 53707 columns and 241535 nonzeros
Model fingerprint: 0xe79ca6cc
Variable types: 2099 continuous, 51608 integer (18485 binary)
Coefficient statistics:
  Matrix range     [1e+00, 6e+02]
  Objective range  [4e-01, 1e+02]
  Bounds range     [1e+00, 3e+00]
  RHS range        [1e+00, 1e+04]

Warning: Completing partial solution with 50884 unfixed non-continuous variables out of 51608
User MIP start produced solution with objective 236202 (0.03s)
Loaded user MIP start with objective 236202


Explored 0 nodes (0 simplex iterations) in 0.04 seconds (0.05 work units)
Thread count was 1 (of 32 available processors)

Solution count 2: 236202 236202 

Optimal solution found (tolerance 5.00e-02)
Best objective 2.362016666667e+05, best bound 2.307510000000e+05, gap 2.3076%
✅ Solution time [sec]: 1.74
📊 Status: optimal
💰 Operation Cost: 235682.55555555556
⚠️ No se encontró 'gurobi.log'. 
✔ JSON de variables y parámetros, log y summary guardados en 'C:\Users\TECNO-MASTER\Desktop\Elmo_infrastructure_sizing_NP-\output\DCH_septiembre\Bateria_353\Costo_fijo\Swap_libre\Swap_fixed_3estaciones_640kW_Descomp/station_1_d32'.
  [Fase 2 (infra fija)] estacion=station_3 dia=244 -> C:\Users\TECNO-MASTER\Desktop\Elmo_infrastructure_sizing_NP-\output\DCH_septiembre\Bateria_353\Costo_fijo\Swap_libre\Swap_fixed_3estaciones_640kW_Descomp/station_3_d244
✔ Warm start Y: 255 cargados, 0 omitidos
✔ Warm start Z: 454 cargados, 0 omitidos
✔ Warm start Z_swap: 11 cargados, 0 omitidos
✔ Warm start N_chargers: 0 cargados, 1 omitidos
✔ Warm start N_bays: 0 cargados, 1 omitidos
✔ Warm start X: 0 cargados, 1 omitidos
✔ Warm start N_batteries: 0 cargados, 1 omitidos
✔ Warm start completo desde 'C:\Users\TECNO-MASTER\Desktop\Elmo_infrastructure_sizing_NP-\output\DCH_septiembre\Bateria_353\Costo_fijo\Swap_libre\Swap_fixed_3estaciones_640kW_Descomp\station_3_d244_stage1': 720 valores cargados, 4 omitidos
formulation time: 7.494959592819214
Set parameter OutputFlag to value 1
Set parameter OutputFlag to value 1
Set parameter LogToConsole to value 1
Set parameter MIPGap to value 0.05
Set parameter TimeLimit to value 1200
Set parameter LogFile to value "C:\Users\TECNO-MASTER\Desktop\Elmo_infrastructure_sizing_NP-\output\DCH_septiembre\Bateria_353\Costo_fijo\Swap_libre\Swap_fixed_3estaciones_640kW_Descomp\station_3_d244\ELMO_log.txt"
Set parameter Threads to value 1
Set parameter Heuristics to value 0.5
Set parameter MIPFocus to value 3
Set parameter Presolve to value 2
Set parameter FlowCoverCuts to value 2
Gurobi Optimizer version 12.0.3 build v12.0.3rc0 (win64 - Windows 11+.0 (26200.2))

CPU model: Intel(R) Core(TM) i9-14900K, instruction set [SSE2|AVX|AVX2]
Thread count: 24 physical cores, 32 logical processors, using up to 1 threads

Non-default parameters:
TimeLimit  1200
MIPGap  0.05
Heuristics  0.5
MIPFocus  3
FlowCoverCuts  2
Presolve  2
Threads  1

Optimize a model with 26358 rows, 53707 columns and 241535 nonzeros
Model fingerprint: 0xe79ca6cc
Variable types: 2099 continuous, 51608 integer (18485 binary)
Coefficient statistics:
  Matrix range     [1e+00, 6e+02]
  Objective range  [4e-01, 1e+02]
  Bounds range     [1e+00, 3e+00]
  RHS range        [1e+00, 1e+04]

Warning: Completing partial solution with 50884 unfixed non-continuous variables out of 51608
User MIP start produced solution with objective 236202 (0.03s)
Loaded user MIP start with objective 236202


Explored 0 nodes (0 simplex iterations) in 0.04 seconds (0.05 work units)
Thread count was 1 (of 32 available processors)

Solution count 2: 236202 236202 

Optimal solution found (tolerance 5.00e-02)
Best objective 2.362016666667e+05, best bound 2.307510000000e+05, gap 2.3076%
✅ Solution time [sec]: 1.74
📊 Status: optimal
💰 Operation Cost: 235682.55555555556
⚠️ No se encontró 'gurobi.log'. 
✔ JSON de variables y parámetros, log y summary guardados en 'C:\Users\TECNO-MASTER\Desktop\Elmo_infrastructure_sizing_NP-\output\DCH_septiembre\Bateria_353\Costo_fijo\Swap_libre\Swap_fixed_3estaciones_640kW_Descomp/station_1_d1'.
  [Fase 2 (infra fija)] estacion=station_3 dia=274 -> C:\Users\TECNO-MASTER\Desktop\Elmo_infrastructure_sizing_NP-\output\DCH_septiembre\Bateria_353\Costo_fijo\Swap_libre\Swap_fixed_3estaciones_640kW_Descomp/station_3_d274
✔ Warm start Y: 257 cargados, 0 omitidos
✔ Warm start Z: 452 cargados, 0 omitidos
✔ Warm start Z_swap: 11 cargados, 0 omitidos
✔ Warm start N_chargers: 0 cargados, 1 omitidos
✔ Warm start N_bays: 0 cargados, 1 omitidos
✔ Warm start X: 0 cargados, 1 omitidos
✔ Warm start N_batteries: 0 cargados, 1 omitidos
✔ Warm start completo desde 'C:\Users\TECNO-MASTER\Desktop\Elmo_infrastructure_sizing_NP-\output\DCH_septiembre\Bateria_353\Costo_fijo\Swap_libre\Swap_fixed_3estaciones_640kW_Descomp\station_3_d274_stage1': 720 valores cargados, 4 omitidos
formulation time: 7.335091829299927
Set parameter OutputFlag to value 1
Set parameter OutputFlag to value 1
Set parameter LogToConsole to value 1
Set parameter MIPGap to value 0.05
Set parameter TimeLimit to value 1200
Set parameter LogFile to value "C:\Users\TECNO-MASTER\Desktop\Elmo_infrastructure_sizing_NP-\output\DCH_septiembre\Bateria_353\Costo_fijo\Swap_libre\Swap_fixed_3estaciones_640kW_Descomp\station_3_d274\ELMO_log.txt"
Set parameter Threads to value 1
Set parameter Heuristics to value 0.5
Set parameter MIPFocus to value 3
Set parameter Presolve to value 2
Set parameter FlowCoverCuts to value 2
Gurobi Optimizer version 12.0.3 build v12.0.3rc0 (win64 - Windows 11+.0 (26200.2))

CPU model: Intel(R) Core(TM) i9-14900K, instruction set [SSE2|AVX|AVX2]
Thread count: 24 physical cores, 32 logical processors, using up to 1 threads

Non-default parameters:
TimeLimit  1200
MIPGap  0.05
Heuristics  0.5
MIPFocus  3
FlowCoverCuts  2
Presolve  2
Threads  1

Optimize a model with 26328 rows, 53707 columns and 241475 nonzeros
Model fingerprint: 0xa066ef3b
Variable types: 2099 continuous, 51608 integer (18485 binary)
Coefficient statistics:
  Matrix range     [1e+00, 6e+02]
  Objective range  [4e-01, 1e+02]
  Bounds range     [1e+00, 3e+00]
  RHS range        [1e+00, 1e+04]

Warning: Completing partial solution with 50884 unfixed non-continuous variables out of 51608
User MIP start produced solution with objective 236202 (0.03s)
Loaded user MIP start with objective 236202


Explored 0 nodes (0 simplex iterations) in 0.03 seconds (0.05 work units)
Thread count was 1 (of 32 available processors)

Solution count 2: 236202 236202 

Optimal solution found (tolerance 5.00e-02)
Best objective 2.362016666667e+05, best bound 2.307510000000e+05, gap 2.3076%
✅ Solution time [sec]: 1.74
📊 Status: optimal
💰 Operation Cost: 235682.55555555556
⚠️ No se encontró 'gurobi.log'. 
✔ JSON de variables y parámetros, log y summary guardados en 'C:\Users\TECNO-MASTER\Desktop\Elmo_infrastructure_sizing_NP-\output\DCH_septiembre\Bateria_353\Costo_fijo\Swap_libre\Swap_fixed_3estaciones_640kW_Descomp/station_1_d60'.
  [Fase 2 (infra fija)] estacion=station_3 dia=305 -> C:\Users\TECNO-MASTER\Desktop\Elmo_infrastructure_sizing_NP-\output\DCH_septiembre\Bateria_353\Costo_fijo\Swap_libre\Swap_fixed_3estaciones_640kW_Descomp/station_3_d305
✔ Warm start Y: 257 cargados, 0 omitidos
✔ Warm start Z: 452 cargados, 0 omitidos
✔ Warm start Z_swap: 11 cargados, 0 omitidos
✔ Warm start N_chargers: 0 cargados, 1 omitidos
✔ Warm start N_bays: 0 cargados, 1 omitidos
✔ Warm start X: 0 cargados, 1 omitidos
✔ Warm start N_batteries: 0 cargados, 1 omitidos
✔ Warm start completo desde 'C:\Users\TECNO-MASTER\Desktop\Elmo_infrastructure_sizing_NP-\output\DCH_septiembre\Bateria_353\Costo_fijo\Swap_libre\Swap_fixed_3estaciones_640kW_Descomp\station_3_d305_stage1': 720 valores cargados, 4 omitidos
formulation time: 6.952640533447266
Set parameter OutputFlag to value 1
Set parameter OutputFlag to value 1
Set parameter LogToConsole to value 1
Set parameter MIPGap to value 0.05
Set parameter TimeLimit to value 1200
Set parameter LogFile to value "C:\Users\TECNO-MASTER\Desktop\Elmo_infrastructure_sizing_NP-\output\DCH_septiembre\Bateria_353\Costo_fijo\Swap_libre\Swap_fixed_3estaciones_640kW_Descomp\station_3_d305\ELMO_log.txt"
Set parameter Threads to value 1
Set parameter Heuristics to value 0.5
Set parameter MIPFocus to value 3
Set parameter Presolve to value 2
Set parameter FlowCoverCuts to value 2
Gurobi Optimizer version 12.0.3 build v12.0.3rc0 (win64 - Windows 11+.0 (26200.2))

CPU model: Intel(R) Core(TM) i9-14900K, instruction set [SSE2|AVX|AVX2]
Thread count: 24 physical cores, 32 logical processors, using up to 1 threads

Non-default parameters:
TimeLimit  1200
MIPGap  0.05
Heuristics  0.5
MIPFocus  3
FlowCoverCuts  2
Presolve  2
Threads  1

Optimize a model with 26328 rows, 53707 columns and 241475 nonzeros
Model fingerprint: 0xa066ef3b
Variable types: 2099 continuous, 51608 integer (18485 binary)
Coefficient statistics:
  Matrix range     [1e+00, 6e+02]
  Objective range  [4e-01, 1e+02]
  Bounds range     [1e+00, 3e+00]
  RHS range        [1e+00, 1e+04]

Warning: Completing partial solution with 50884 unfixed non-continuous variables out of 51608
User MIP start produced solution with objective 236202 (0.03s)
Loaded user MIP start with objective 236202


Explored 0 nodes (0 simplex iterations) in 0.03 seconds (0.05 work units)
Thread count was 1 (of 32 available processors)

Solution count 2: 236202 236202 

Optimal solution found (tolerance 5.00e-02)
Best objective 2.362016666667e+05, best bound 2.307510000000e+05, gap 2.3076%
✅ Solution time [sec]: 1.89
📊 Status: optimal
💰 Operation Cost: 235682.55555555556
⚠️ No se encontró 'gurobi.log'. 
✔ JSON de variables y parámetros, log y summary guardados en 'C:\Users\TECNO-MASTER\Desktop\Elmo_infrastructure_sizing_NP-\output\DCH_septiembre\Bateria_353\Costo_fijo\Swap_libre\Swap_fixed_3estaciones_640kW_Descomp/station_1_d91'.
  [Fase 2 (infra fija)] estacion=station_3 dia=335 -> C:\Users\TECNO-MASTER\Desktop\Elmo_infrastructure_sizing_NP-\output\DCH_septiembre\Bateria_353\Costo_fijo\Swap_libre\Swap_fixed_3estaciones_640kW_Descomp/station_3_d335
✔ Warm start Y: 257 cargados, 0 omitidos
✔ Warm start Z: 452 cargados, 0 omitidos
✔ Warm start Z_swap: 11 cargados, 0 omitidos
✔ Warm start N_chargers: 0 cargados, 1 omitidos
✔ Warm start N_bays: 0 cargados, 1 omitidos
✔ Warm start X: 0 cargados, 1 omitidos
✔ Warm start N_batteries: 0 cargados, 1 omitidos
✔ Warm start completo desde 'C:\Users\TECNO-MASTER\Desktop\Elmo_infrastructure_sizing_NP-\output\DCH_septiembre\Bateria_353\Costo_fijo\Swap_libre\Swap_fixed_3estaciones_640kW_Descomp\station_3_d335_stage1': 720 valores cargados, 4 omitidos
formulation time: 6.749849319458008
Set parameter OutputFlag to value 1
Set parameter OutputFlag to value 1
Set parameter LogToConsole to value 1
Set parameter MIPGap to value 0.05
Set parameter TimeLimit to value 1200
Set parameter LogFile to value "C:\Users\TECNO-MASTER\Desktop\Elmo_infrastructure_sizing_NP-\output\DCH_septiembre\Bateria_353\Costo_fijo\Swap_libre\Swap_fixed_3estaciones_640kW_Descomp\station_3_d335\ELMO_log.txt"
Set parameter Threads to value 1
Set parameter Heuristics to value 0.5
Set parameter MIPFocus to value 3
Set parameter Presolve to value 2
Set parameter FlowCoverCuts to value 2
Gurobi Optimizer version 12.0.3 build v12.0.3rc0 (win64 - Windows 11+.0 (26200.2))

CPU model: Intel(R) Core(TM) i9-14900K, instruction set [SSE2|AVX|AVX2]
Thread count: 24 physical cores, 32 logical processors, using up to 1 threads

Non-default parameters:
TimeLimit  1200
MIPGap  0.05
Heuristics  0.5
MIPFocus  3
FlowCoverCuts  2
Presolve  2
Threads  1

Optimize a model with 26328 rows, 53707 columns and 241475 nonzeros
Model fingerprint: 0xa066ef3b
Variable types: 2099 continuous, 51608 integer (18485 binary)
Coefficient statistics:
  Matrix range     [1e+00, 6e+02]
  Objective range  [4e-01, 1e+02]
  Bounds range     [1e+00, 3e+00]
  RHS range        [1e+00, 1e+04]

Warning: Completing partial solution with 50884 unfixed non-continuous variables out of 51608
User MIP start produced solution with objective 236202 (0.03s)
Loaded user MIP start with objective 236202


Explored 0 nodes (0 simplex iterations) in 0.03 seconds (0.05 work units)
Thread count was 1 (of 32 available processors)

Solution count 2: 236202 236202 

Optimal solution found (tolerance 5.00e-02)
Best objective 2.362016666667e+05, best bound 2.307510000000e+05, gap 2.3076%
✅ Solution time [sec]: 1.80
📊 Status: optimal
💰 Operation Cost: 235682.55555555556
⚠️ No se encontró 'gurobi.log'. 
✔ JSON de variables y parámetros, log y summary guardados en 'C:\Users\TECNO-MASTER\Desktop\Elmo_infrastructure_sizing_NP-\output\DCH_septiembre\Bateria_353\Costo_fijo\Swap_libre\Swap_fixed_3estaciones_640kW_Descomp/station_1_d152'.
✅ Solution time [sec]: 1.79
📊 Status: optimal
💰 Operation Cost: 235682.55555555556
⚠️ No se encontró 'gurobi.log'. 
✔ JSON de variables y parámetros, log y summary guardados en 'C:\Users\TECNO-MASTER\Desktop\Elmo_infrastructure_sizing_NP-\output\DCH_septiembre\Bateria_353\Costo_fijo\Swap_libre\Swap_fixed_3estaciones_640kW_Descomp/station_1_d121'.
✅ Solution time [sec]: 1.80
📊 Status: optimal
💰 Operation Cost: 235682.55555555556
⚠️ No se encontró 'gurobi.log'. 
✔ JSON de variables y parámetros, log y summary guardados en 'C:\Users\TECNO-MASTER\Desktop\Elmo_infrastructure_sizing_NP-\output\DCH_septiembre\Bateria_353\Costo_fijo\Swap_libre\Swap_fixed_3estaciones_640kW_Descomp/station_1_d182'.
✅ Solution time [sec]: 1.77
📊 Status: optimal
💰 Operation Cost: 235682.55555555556
⚠️ No se encontró 'gurobi.log'. 
✔ JSON de variables y parámetros, log y summary guardados en 'C:\Users\TECNO-MASTER\Desktop\Elmo_infrastructure_sizing_NP-\output\DCH_septiembre\Bateria_353\Costo_fijo\Swap_libre\Swap_fixed_3estaciones_640kW_Descomp/station_1_d244'.
✅ Solution time [sec]: 1.83
📊 Status: optimal
💰 Operation Cost: 235682.55555555556
⚠️ No se encontró 'gurobi.log'. 
✔ JSON de variables y parámetros, log y summary guardados en 'C:\Users\TECNO-MASTER\Desktop\Elmo_infrastructure_sizing_NP-\output\DCH_septiembre\Bateria_353\Costo_fijo\Swap_libre\Swap_fixed_3estaciones_640kW_Descomp/station_1_d213'.
✅ Solution time [sec]: 1.83
📊 Status: optimal
💰 Operation Cost: 235682.55555555556
⚠️ No se encontró 'gurobi.log'. 
✔ JSON de variables y parámetros, log y summary guardados en 'C:\Users\TECNO-MASTER\Desktop\Elmo_infrastructure_sizing_NP-\output\DCH_septiembre\Bateria_353\Costo_fijo\Swap_libre\Swap_fixed_3estaciones_640kW_Descomp/station_1_d274'.
✅ Solution time [sec]: 1.85
📊 Status: optimal
💰 Operation Cost: 235682.55555555556
⚠️ No se encontró 'gurobi.log'. 
✔ JSON de variables y parámetros, log y summary guardados en 'C:\Users\TECNO-MASTER\Desktop\Elmo_infrastructure_sizing_NP-\output\DCH_septiembre\Bateria_353\Costo_fijo\Swap_libre\Swap_fixed_3estaciones_640kW_Descomp/station_1_d335'.
✅ Solution time [sec]: 1.79
📊 Status: optimal
💰 Operation Cost: 235682.55555555556
⚠️ No se encontró 'gurobi.log'. 
✔ JSON de variables y parámetros, log y summary guardados en 'C:\Users\TECNO-MASTER\Desktop\Elmo_infrastructure_sizing_NP-\output\DCH_septiembre\Bateria_353\Costo_fijo\Swap_libre\Swap_fixed_3estaciones_640kW_Descomp/station_1_d305'.
✅ Solution time [sec]: 1.92
📊 Status: optimal
💰 Operation Cost: 238278.11111111112
⚠️ No se encontró 'gurobi.log'. 
✔ JSON de variables y parámetros, log y summary guardados en 'C:\Users\TECNO-MASTER\Desktop\Elmo_infrastructure_sizing_NP-\output\DCH_septiembre\Bateria_353\Costo_fijo\Swap_libre\Swap_fixed_3estaciones_640kW_Descomp/station_2_d1'.
✅ Solution time [sec]: 1.95
📊 Status: optimal
💰 Operation Cost: 238278.11111111112
⚠️ No se encontró 'gurobi.log'. 
✔ JSON de variables y parámetros, log y summary guardados en 'C:\Users\TECNO-MASTER\Desktop\Elmo_infrastructure_sizing_NP-\output\DCH_septiembre\Bateria_353\Costo_fijo\Swap_libre\Swap_fixed_3estaciones_640kW_Descomp/station_2_d32'.
✅ Solution time [sec]: 1.94
📊 Status: optimal
💰 Operation Cost: 238278.11111111112
⚠️ No se encontró 'gurobi.log'. 
✔ JSON de variables y parámetros, log y summary guardados en 'C:\Users\TECNO-MASTER\Desktop\Elmo_infrastructure_sizing_NP-\output\DCH_septiembre\Bateria_353\Costo_fijo\Swap_libre\Swap_fixed_3estaciones_640kW_Descomp/station_2_d60'.
✅ Solution time [sec]: 1.98
📊 Status: optimal
💰 Operation Cost: 235682.55555555556
⚠️ No se encontró 'gurobi.log'. 
✔ JSON de variables y parámetros, log y summary guardados en 'C:\Users\TECNO-MASTER\Desktop\Elmo_infrastructure_sizing_NP-\output\DCH_septiembre\Bateria_353\Costo_fijo\Swap_libre\Swap_fixed_3estaciones_640kW_Descomp/station_2_d91'.
✅ Solution time [sec]: 1.95
📊 Status: optimal
💰 Operation Cost: 235682.55555555556
⚠️ No se encontró 'gurobi.log'. 
✔ JSON de variables y parámetros, log y summary guardados en 'C:\Users\TECNO-MASTER\Desktop\Elmo_infrastructure_sizing_NP-\output\DCH_septiembre\Bateria_353\Costo_fijo\Swap_libre\Swap_fixed_3estaciones_640kW_Descomp/station_2_d182'.
✅ Solution time [sec]: 1.99
📊 Status: optimal
💰 Operation Cost: 235682.55555555556
⚠️ No se encontró 'gurobi.log'. 
✔ JSON de variables y parámetros, log y summary guardados en 'C:\Users\TECNO-MASTER\Desktop\Elmo_infrastructure_sizing_NP-\output\DCH_septiembre\Bateria_353\Costo_fijo\Swap_libre\Swap_fixed_3estaciones_640kW_Descomp/station_2_d121'.
✅ Solution time [sec]: 1.92
📊 Status: optimal
💰 Operation Cost: 235682.55555555556
⚠️ No se encontró 'gurobi.log'. 
✔ JSON de variables y parámetros, log y summary guardados en 'C:\Users\TECNO-MASTER\Desktop\Elmo_infrastructure_sizing_NP-\output\DCH_septiembre\Bateria_353\Costo_fijo\Swap_libre\Swap_fixed_3estaciones_640kW_Descomp/station_2_d244'.
✅ Solution time [sec]: 1.92
📊 Status: optimal
💰 Operation Cost: 238278.11111111112
⚠️ No se encontró 'gurobi.log'. 
✔ JSON de variables y parámetros, log y summary guardados en 'C:\Users\TECNO-MASTER\Desktop\Elmo_infrastructure_sizing_NP-\output\DCH_septiembre\Bateria_353\Costo_fijo\Swap_libre\Swap_fixed_3estaciones_640kW_Descomp/station_2_d274'.
✅ Solution time [sec]: 1.94
📊 Status: optimal
💰 Operation Cost: 235682.55555555556
⚠️ No se encontró 'gurobi.log'. 
✔ JSON de variables y parámetros, log y summary guardados en 'C:\Users\TECNO-MASTER\Desktop\Elmo_infrastructure_sizing_NP-\output\DCH_septiembre\Bateria_353\Costo_fijo\Swap_libre\Swap_fixed_3estaciones_640kW_Descomp/station_2_d152'.
✅ Solution time [sec]: 1.93
📊 Status: optimal
💰 Operation Cost: 238278.11111111112
⚠️ No se encontró 'gurobi.log'. 
✔ JSON de variables y parámetros, log y summary guardados en 'C:\Users\TECNO-MASTER\Desktop\Elmo_infrastructure_sizing_NP-\output\DCH_septiembre\Bateria_353\Costo_fijo\Swap_libre\Swap_fixed_3estaciones_640kW_Descomp/station_2_d335'.
✅ Solution time [sec]: 1.98
📊 Status: optimal
💰 Operation Cost: 235682.55555555556
⚠️ No se encontró 'gurobi.log'. 
✔ JSON de variables y parámetros, log y summary guardados en 'C:\Users\TECNO-MASTER\Desktop\Elmo_infrastructure_sizing_NP-\output\DCH_septiembre\Bateria_353\Costo_fijo\Swap_libre\Swap_fixed_3estaciones_640kW_Descomp/station_2_d213'.
✅ Solution time [sec]: 1.82
📊 Status: optimal
💰 Operation Cost: 236201.66666666666
⚠️ No se encontró 'gurobi.log'. 
✔ JSON de variables y parámetros, log y summary guardados en 'C:\Users\TECNO-MASTER\Desktop\Elmo_infrastructure_sizing_NP-\output\DCH_septiembre\Bateria_353\Costo_fijo\Swap_libre\Swap_fixed_3estaciones_640kW_Descomp/station_3_d152'.
✅ Solution time [sec]: 1.81
📊 Status: optimal
💰 Operation Cost: 236201.66666666666
⚠️ No se encontró 'gurobi.log'. 
✔ JSON de variables y parámetros, log y summary guardados en 'C:\Users\TECNO-MASTER\Desktop\Elmo_infrastructure_sizing_NP-\output\DCH_septiembre\Bateria_353\Costo_fijo\Swap_libre\Swap_fixed_3estaciones_640kW_Descomp/station_3_d60'.
✅ Solution time [sec]: 1.77
📊 Status: optimal
💰 Operation Cost: 236201.66666666666
⚠️ No se encontró 'gurobi.log'. 
✔ JSON de variables y parámetros, log y summary guardados en 'C:\Users\TECNO-MASTER\Desktop\Elmo_infrastructure_sizing_NP-\output\DCH_septiembre\Bateria_353\Costo_fijo\Swap_libre\Swap_fixed_3estaciones_640kW_Descomp/station_3_d32'.
✅ Solution time [sec]: 1.94
📊 Status: optimal
💰 Operation Cost: 238278.11111111112
⚠️ No se encontró 'gurobi.log'. 
✔ JSON de variables y parámetros, log y summary guardados en 'C:\Users\TECNO-MASTER\Desktop\Elmo_infrastructure_sizing_NP-\output\DCH_septiembre\Bateria_353\Costo_fijo\Swap_libre\Swap_fixed_3estaciones_640kW_Descomp/station_2_d305'.
✅ Solution time [sec]: 1.80
📊 Status: optimal
💰 Operation Cost: 236201.66666666666
⚠️ No se encontró 'gurobi.log'. 
✔ JSON de variables y parámetros, log y summary guardados en 'C:\Users\TECNO-MASTER\Desktop\Elmo_infrastructure_sizing_NP-\output\DCH_septiembre\Bateria_353\Costo_fijo\Swap_libre\Swap_fixed_3estaciones_640kW_Descomp/station_3_d121'.
✅ Solution time [sec]: 1.80
📊 Status: optimal
💰 Operation Cost: 236201.66666666666
⚠️ No se encontró 'gurobi.log'. 
✔ JSON de variables y parámetros, log y summary guardados en 'C:\Users\TECNO-MASTER\Desktop\Elmo_infrastructure_sizing_NP-\output\DCH_septiembre\Bateria_353\Costo_fijo\Swap_libre\Swap_fixed_3estaciones_640kW_Descomp/station_3_d1'.
✅ Solution time [sec]: 1.85
📊 Status: optimal
💰 Operation Cost: 236201.66666666666
⚠️ No se encontró 'gurobi.log'. 
✔ JSON de variables y parámetros, log y summary guardados en 'C:\Users\TECNO-MASTER\Desktop\Elmo_infrastructure_sizing_NP-\output\DCH_septiembre\Bateria_353\Costo_fijo\Swap_libre\Swap_fixed_3estaciones_640kW_Descomp/station_3_d91'.
✅ Solution time [sec]: 1.70
📊 Status: optimal
💰 Operation Cost: 236201.66666666666
⚠️ No se encontró 'gurobi.log'. 
✔ JSON de variables y parámetros, log y summary guardados en 'C:\Users\TECNO-MASTER\Desktop\Elmo_infrastructure_sizing_NP-\output\DCH_septiembre\Bateria_353\Costo_fijo\Swap_libre\Swap_fixed_3estaciones_640kW_Descomp/station_3_d182'.
✅ Solution time [sec]: 1.69
📊 Status: optimal
💰 Operation Cost: 236201.66666666666
⚠️ No se encontró 'gurobi.log'. 
✔ JSON de variables y parámetros, log y summary guardados en 'C:\Users\TECNO-MASTER\Desktop\Elmo_infrastructure_sizing_NP-\output\DCH_septiembre\Bateria_353\Costo_fijo\Swap_libre\Swap_fixed_3estaciones_640kW_Descomp/station_3_d213'.
✅ Solution time [sec]: 1.68
📊 Status: optimal
💰 Operation Cost: 236201.66666666666
⚠️ No se encontró 'gurobi.log'. 
✔ JSON de variables y parámetros, log y summary guardados en 'C:\Users\TECNO-MASTER\Desktop\Elmo_infrastructure_sizing_NP-\output\DCH_septiembre\Bateria_353\Costo_fijo\Swap_libre\Swap_fixed_3estaciones_640kW_Descomp/station_3_d244'.
✅ Solution time [sec]: 1.60
📊 Status: optimal
💰 Operation Cost: 236201.66666666666
⚠️ No se encontró 'gurobi.log'. 
✔ JSON de variables y parámetros, log y summary guardados en 'C:\Users\TECNO-MASTER\Desktop\Elmo_infrastructure_sizing_NP-\output\DCH_septiembre\Bateria_353\Costo_fijo\Swap_libre\Swap_fixed_3estaciones_640kW_Descomp/station_3_d274'.
✅ Solution time [sec]: 1.58
📊 Status: optimal
💰 Operation Cost: 236201.66666666666
⚠️ No se encontró 'gurobi.log'. 
✔ JSON de variables y parámetros, log y summary guardados en 'C:\Users\TECNO-MASTER\Desktop\Elmo_infrastructure_sizing_NP-\output\DCH_septiembre\Bateria_353\Costo_fijo\Swap_libre\Swap_fixed_3estaciones_640kW_Descomp/station_3_d305'.
✅ Solution time [sec]: 1.52
📊 Status: optimal
💰 Operation Cost: 236201.66666666666
⚠️ No se encontró 'gurobi.log'. 
✔ JSON de variables y parámetros, log y summary guardados en 'C:\Users\TECNO-MASTER\Desktop\Elmo_infrastructure_sizing_NP-\output\DCH_septiembre\Bateria_353\Costo_fijo\Swap_libre\Swap_fixed_3estaciones_640kW_Descomp/station_3_d335'.
[wp2] usando consumos precalculados desde: C:\Users\TECNO-MASTER\Desktop\Elmo_infrastructure_sizing_NP-\data\Escenarios_DCH_septiembre\Bateria_353\Costo_fijo\Swap_fixed_3estaciones_640kW/electric_routes_within_time.json

=== Fase 0 (maestro): repartiendo target de produccion diario entre macrobloques ===
  [maestro] dia 1: D_d=40320.0  station_1: T=13117.3 (Cap=[11869.2,16813.4])  station_2: T=13896.8 (Cap=[12564.7,17841.6])  station_3: T=13305.8 (Cap=[12111.1,16843.7])
  [maestro] dia 32: D_d=40320.0  station_1: T=13117.3 (Cap=[11869.2,16813.4])  station_2: T=13896.8 (Cap=[12564.7,17841.6])  station_3: T=13305.8 (Cap=[12111.1,16843.7])
  [maestro] dia 60: D_d=40320.0  station_1: T=13117.3 (Cap=[11869.2,16813.4])  station_2: T=13896.8 (Cap=[12564.7,17841.6])  station_3: T=13305.8 (Cap=[12111.1,16843.7])
  [maestro] dia 91: D_d=40320.0  station_1: T=13117.3 (Cap=[11869.2,16813.4])  station_2: T=13896.8 (Cap=[12564.7,17841.6])  station_3: T=13305.8 (Cap=[12111.1,16843.7])
  [maestro] dia 121: D_d=40320.0  station_1: T=13117.3 (Cap=[11869.2,16813.4])  station_2: T=13896.8 (Cap=[12564.7,17841.6])  station_3: T=13305.8 (Cap=[12111.1,16843.7])
  [maestro] dia 152: D_d=40320.0  station_1: T=13117.3 (Cap=[11869.2,16813.4])  station_2: T=13896.8 (Cap=[12564.7,17841.6])  station_3: T=13305.8 (Cap=[12111.1,16843.7])
  [maestro] dia 182: D_d=40320.0  station_1: T=13117.3 (Cap=[11869.2,16813.4])  station_2: T=13896.8 (Cap=[12564.7,17841.6])  station_3: T=13305.8 (Cap=[12111.1,16843.7])
  [maestro] dia 213: D_d=40320.0  station_1: T=13117.3 (Cap=[11869.2,16813.4])  station_2: T=13896.8 (Cap=[12564.7,17841.6])  station_3: T=13305.8 (Cap=[12111.1,16843.7])
  [maestro] dia 244: D_d=40320.0  station_1: T=13117.3 (Cap=[11869.2,16813.4])  station_2: T=13896.8 (Cap=[12564.7,17841.6])  station_3: T=13305.8 (Cap=[12111.1,16843.7])
  [maestro] dia 274: D_d=40320.0  station_1: T=13117.3 (Cap=[11869.2,16813.4])  station_2: T=13896.8 (Cap=[12564.7,17841.6])  station_3: T=13305.8 (Cap=[12111.1,16843.7])
  [maestro] dia 305: D_d=40320.0  station_1: T=13117.3 (Cap=[11869.2,16813.4])  station_2: T=13896.8 (Cap=[12564.7,17841.6])  station_3: T=13305.8 (Cap=[12111.1,16843.7])
  [maestro] dia 335: D_d=40320.0  station_1: T=13117.3 (Cap=[11869.2,16813.4])  station_2: T=13896.8 (Cap=[12564.7,17841.6])  station_3: T=13305.8 (Cap=[12111.1,16843.7])
Hilos de Gurobi por worker: 1 (workers=32, cpus=32)

=== Fase 1: 36 subproblemas (estacion x dia) en paralelo (32 workers), infraestructura libre ===

=== Infraestructura de swap fijada por estacion (maximo entre dias) ===
  station_1: {'N_chargers': 1, 'N_bays': 1, 'N_batteries': 1, 'X': 1}
  station_2: {'N_chargers': 1, 'N_bays': 1, 'N_batteries': 1, 'X': 1}
  station_3: {'N_chargers': 1, 'N_bays': 1, 'N_batteries': 1, 'X': 1}

=== Fase 2: 36 subproblemas (estacion x dia) en paralelo (32 workers), infraestructura fija ===

Listo. Resultados finales en:
  C:\Users\TECNO-MASTER\Desktop\Elmo_infrastructure_sizing_NP-\output\DCH_septiembre\Bateria_353\Costo_fijo\Swap_libre\Swap_fixed_3estaciones_640kW_Descomp/station_1_d1
  C:\Users\TECNO-MASTER\Desktop\Elmo_infrastructure_sizing_NP-\output\DCH_septiembre\Bateria_353\Costo_fijo\Swap_libre\Swap_fixed_3estaciones_640kW_Descomp/station_1_d32
  C:\Users\TECNO-MASTER\Desktop\Elmo_infrastructure_sizing_NP-\output\DCH_septiembre\Bateria_353\Costo_fijo\Swap_libre\Swap_fixed_3estaciones_640kW_Descomp/station_1_d60
  C:\Users\TECNO-MASTER\Desktop\Elmo_infrastructure_sizing_NP-\output\DCH_septiembre\Bateria_353\Costo_fijo\Swap_libre\Swap_fixed_3estaciones_640kW_Descomp/station_1_d91
  C:\Users\TECNO-MASTER\Desktop\Elmo_infrastructure_sizing_NP-\output\DCH_septiembre\Bateria_353\Costo_fijo\Swap_libre\Swap_fixed_3estaciones_640kW_Descomp/station_1_d121
  C:\Users\TECNO-MASTER\Desktop\Elmo_infrastructure_sizing_NP-\output\DCH_septiembre\Bateria_353\Costo_fijo\Swap_libre\Swap_fixed_3estaciones_640kW_Descomp/station_1_d152
  C:\Users\TECNO-MASTER\Desktop\Elmo_infrastructure_sizing_NP-\output\DCH_septiembre\Bateria_353\Costo_fijo\Swap_libre\Swap_fixed_3estaciones_640kW_Descomp/station_1_d182
  C:\Users\TECNO-MASTER\Desktop\Elmo_infrastructure_sizing_NP-\output\DCH_septiembre\Bateria_353\Costo_fijo\Swap_libre\Swap_fixed_3estaciones_640kW_Descomp/station_1_d213
  C:\Users\TECNO-MASTER\Desktop\Elmo_infrastructure_sizing_NP-\output\DCH_septiembre\Bateria_353\Costo_fijo\Swap_libre\Swap_fixed_3estaciones_640kW_Descomp/station_1_d244
  C:\Users\TECNO-MASTER\Desktop\Elmo_infrastructure_sizing_NP-\output\DCH_septiembre\Bateria_353\Costo_fijo\Swap_libre\Swap_fixed_3estaciones_640kW_Descomp/station_1_d274
  C:\Users\TECNO-MASTER\Desktop\Elmo_infrastructure_sizing_NP-\output\DCH_septiembre\Bateria_353\Costo_fijo\Swap_libre\Swap_fixed_3estaciones_640kW_Descomp/station_1_d305
  C:\Users\TECNO-MASTER\Desktop\Elmo_infrastructure_sizing_NP-\output\DCH_septiembre\Bateria_353\Costo_fijo\Swap_libre\Swap_fixed_3estaciones_640kW_Descomp/station_1_d335
  C:\Users\TECNO-MASTER\Desktop\Elmo_infrastructure_sizing_NP-\output\DCH_septiembre\Bateria_353\Costo_fijo\Swap_libre\Swap_fixed_3estaciones_640kW_Descomp/station_2_d1
  C:\Users\TECNO-MASTER\Desktop\Elmo_infrastructure_sizing_NP-\output\DCH_septiembre\Bateria_353\Costo_fijo\Swap_libre\Swap_fixed_3estaciones_640kW_Descomp/station_2_d32
  C:\Users\TECNO-MASTER\Desktop\Elmo_infrastructure_sizing_NP-\output\DCH_septiembre\Bateria_353\Costo_fijo\Swap_libre\Swap_fixed_3estaciones_640kW_Descomp/station_2_d60
  C:\Users\TECNO-MASTER\Desktop\Elmo_infrastructure_sizing_NP-\output\DCH_septiembre\Bateria_353\Costo_fijo\Swap_libre\Swap_fixed_3estaciones_640kW_Descomp/station_2_d91
  C:\Users\TECNO-MASTER\Desktop\Elmo_infrastructure_sizing_NP-\output\DCH_septiembre\Bateria_353\Costo_fijo\Swap_libre\Swap_fixed_3estaciones_640kW_Descomp/station_2_d121
  C:\Users\TECNO-MASTER\Desktop\Elmo_infrastructure_sizing_NP-\output\DCH_septiembre\Bateria_353\Costo_fijo\Swap_libre\Swap_fixed_3estaciones_640kW_Descomp/station_2_d152
  C:\Users\TECNO-MASTER\Desktop\Elmo_infrastructure_sizing_NP-\output\DCH_septiembre\Bateria_353\Costo_fijo\Swap_libre\Swap_fixed_3estaciones_640kW_Descomp/station_2_d182
  C:\Users\TECNO-MASTER\Desktop\Elmo_infrastructure_sizing_NP-\output\DCH_septiembre\Bateria_353\Costo_fijo\Swap_libre\Swap_fixed_3estaciones_640kW_Descomp/station_2_d213
  C:\Users\TECNO-MASTER\Desktop\Elmo_infrastructure_sizing_NP-\output\DCH_septiembre\Bateria_353\Costo_fijo\Swap_libre\Swap_fixed_3estaciones_640kW_Descomp/station_2_d244
  C:\Users\TECNO-MASTER\Desktop\Elmo_infrastructure_sizing_NP-\output\DCH_septiembre\Bateria_353\Costo_fijo\Swap_libre\Swap_fixed_3estaciones_640kW_Descomp/station_2_d274
  C:\Users\TECNO-MASTER\Desktop\Elmo_infrastructure_sizing_NP-\output\DCH_septiembre\Bateria_353\Costo_fijo\Swap_libre\Swap_fixed_3estaciones_640kW_Descomp/station_2_d305
  C:\Users\TECNO-MASTER\Desktop\Elmo_infrastructure_sizing_NP-\output\DCH_septiembre\Bateria_353\Costo_fijo\Swap_libre\Swap_fixed_3estaciones_640kW_Descomp/station_2_d335
  C:\Users\TECNO-MASTER\Desktop\Elmo_infrastructure_sizing_NP-\output\DCH_septiembre\Bateria_353\Costo_fijo\Swap_libre\Swap_fixed_3estaciones_640kW_Descomp/station_3_d1
  C:\Users\TECNO-MASTER\Desktop\Elmo_infrastructure_sizing_NP-\output\DCH_septiembre\Bateria_353\Costo_fijo\Swap_libre\Swap_fixed_3estaciones_640kW_Descomp/station_3_d32
  C:\Users\TECNO-MASTER\Desktop\Elmo_infrastructure_sizing_NP-\output\DCH_septiembre\Bateria_353\Costo_fijo\Swap_libre\Swap_fixed_3estaciones_640kW_Descomp/station_3_d60
  C:\Users\TECNO-MASTER\Desktop\Elmo_infrastructure_sizing_NP-\output\DCH_septiembre\Bateria_353\Costo_fijo\Swap_libre\Swap_fixed_3estaciones_640kW_Descomp/station_3_d91
  C:\Users\TECNO-MASTER\Desktop\Elmo_infrastructure_sizing_NP-\output\DCH_septiembre\Bateria_353\Costo_fijo\Swap_libre\Swap_fixed_3estaciones_640kW_Descomp/station_3_d121
  C:\Users\TECNO-MASTER\Desktop\Elmo_infrastructure_sizing_NP-\output\DCH_septiembre\Bateria_353\Costo_fijo\Swap_libre\Swap_fixed_3estaciones_640kW_Descomp/station_3_d152
  C:\Users\TECNO-MASTER\Desktop\Elmo_infrastructure_sizing_NP-\output\DCH_septiembre\Bateria_353\Costo_fijo\Swap_libre\Swap_fixed_3estaciones_640kW_Descomp/station_3_d182
  C:\Users\TECNO-MASTER\Desktop\Elmo_infrastructure_sizing_NP-\output\DCH_septiembre\Bateria_353\Costo_fijo\Swap_libre\Swap_fixed_3estaciones_640kW_Descomp/station_3_d213
  C:\Users\TECNO-MASTER\Desktop\Elmo_infrastructure_sizing_NP-\output\DCH_septiembre\Bateria_353\Costo_fijo\Swap_libre\Swap_fixed_3estaciones_640kW_Descomp/station_3_d244
  C:\Users\TECNO-MASTER\Desktop\Elmo_infrastructure_sizing_NP-\output\DCH_septiembre\Bateria_353\Costo_fijo\Swap_libre\Swap_fixed_3estaciones_640kW_Descomp/station_3_d274
  C:\Users\TECNO-MASTER\Desktop\Elmo_infrastructure_sizing_NP-\output\DCH_septiembre\Bateria_353\Costo_fijo\Swap_libre\Swap_fixed_3estaciones_640kW_Descomp/station_3_d305
  C:\Users\TECNO-MASTER\Desktop\Elmo_infrastructure_sizing_NP-\output\DCH_septiembre\Bateria_353\Costo_fijo\Swap_libre\Swap_fixed_3estaciones_640kW_Descomp/station_3_d335
