  [Fase 1 (infra libre)] estacion=station_1 dia=152 -> C:\Users\TECNO-MASTER\Desktop\Elmo_infrastructure_sizing_NP-\output\DCH_septiembre\Bateria_482\Costo_variable\Carga_libre\Carga_on_board_variable_3estaciones_P160kW_Descomp/station_1_d152_stage1
formulation time: 11.75724172592163
Solving opt model... (Puedes presionar Ctrl+C para detener y guardar la mejor solución actual)
Set parameter OutputFlag to value 1
Set parameter OutputFlag to value 1
Set parameter LogToConsole to value 1
Set parameter MIPGap to value 0.05
Set parameter LogFile to value "C:\Users\TECNO-MASTER\Desktop\Elmo_infrastructure_sizing_NP-\output\DCH_septiembre\Bateria_482\Costo_variable\Carga_libre\Carga_on_board_variable_3estaciones_P160kW_Descomp/station_1_d152_stage1\gurobi.log"
Set parameter Threads to value 1
Set parameter Heuristics to value 0.5
Set parameter MIPFocus to value 3
Set parameter Presolve to value 2
Set parameter FlowCoverCuts to value 2
Set parameter TimeLimit to value 1200
Gurobi Optimizer version 12.0.0 build v12.0.0rc1 (win64 - Windows 11+.0 (26200.2))

CPU model: Intel(R) Core(TM) i9-14900K, instruction set [SSE2|AVX|AVX2]
Thread count: 24 physical cores, 32 logical processors, using up to 1 threads

Non-default parameters:
TimeLimit  1200
MIPGap  0.05
Heuristics  0.5
MIPFocus  3
FlowCoverCuts  2
Presolve  2
Threads  1

Optimize a model with 22770 rows, 37249 columns and 110686 nonzeros
Model fingerprint: 0x03bdf739
Variable types: 17323 continuous, 19926 integer (19925 binary)
Coefficient statistics:
  Matrix range     [1e-01, 2e+02]
  Objective range  [1e-02, 6e+04]
  Bounds range     [1e+00, 1e+00]
  RHS range        [1e+00, 1e+04]
  [Fase 1 (infra libre)] estacion=station_1 dia=1 -> C:\Users\TECNO-MASTER\Desktop\Elmo_infrastructure_sizing_NP-\output\DCH_septiembre\Bateria_482\Costo_variable\Carga_libre\Carga_on_board_variable_3estaciones_P160kW_Descomp/station_1_d1_stage1
formulation time: 11.829704999923706
Solving opt model... (Puedes presionar Ctrl+C para detener y guardar la mejor solución actual)
Set parameter OutputFlag to value 1
Set parameter OutputFlag to value 1
Set parameter LogToConsole to value 1
Set parameter MIPGap to value 0.05
Set parameter LogFile to value "C:\Users\TECNO-MASTER\Desktop\Elmo_infrastructure_sizing_NP-\output\DCH_septiembre\Bateria_482\Costo_variable\Carga_libre\Carga_on_board_variable_3estaciones_P160kW_Descomp/station_1_d1_stage1\gurobi.log"
Set parameter Threads to value 1
Set parameter Heuristics to value 0.5
Set parameter MIPFocus to value 3
Set parameter Presolve to value 2
Set parameter FlowCoverCuts to value 2
Set parameter TimeLimit to value 1200
Gurobi Optimizer version 12.0.0 build v12.0.0rc1 (win64 - Windows 11+.0 (26200.2))

CPU model: Intel(R) Core(TM) i9-14900K, instruction set [SSE2|AVX|AVX2]
Thread count: 24 physical cores, 32 logical processors, using up to 1 threads

Non-default parameters:
TimeLimit  1200
MIPGap  0.05
Heuristics  0.5
MIPFocus  3
FlowCoverCuts  2
Presolve  2
Threads  1

Optimize a model with 22740 rows, 37249 columns and 110626 nonzeros
Model fingerprint: 0x0bd692de
Variable types: 17323 continuous, 19926 integer (19925 binary)
Coefficient statistics:
  Matrix range     [1e-01, 2e+02]
  Objective range  [1e-02, 6e+04]
  Bounds range     [1e+00, 1e+00]
  RHS range        [1e+00, 1e+04]
  [Fase 1 (infra libre)] estacion=station_1 dia=213 -> C:\Users\TECNO-MASTER\Desktop\Elmo_infrastructure_sizing_NP-\output\DCH_septiembre\Bateria_482\Costo_variable\Carga_libre\Carga_on_board_variable_3estaciones_P160kW_Descomp/station_1_d213_stage1
formulation time: 11.663705587387085
Solving opt model... (Puedes presionar Ctrl+C para detener y guardar la mejor solución actual)
Set parameter OutputFlag to value 1
Set parameter OutputFlag to value 1
Set parameter LogToConsole to value 1
Set parameter MIPGap to value 0.05
Set parameter LogFile to value "C:\Users\TECNO-MASTER\Desktop\Elmo_infrastructure_sizing_NP-\output\DCH_septiembre\Bateria_482\Costo_variable\Carga_libre\Carga_on_board_variable_3estaciones_P160kW_Descomp/station_1_d213_stage1\gurobi.log"
Set parameter Threads to value 1
Set parameter Heuristics to value 0.5
Set parameter MIPFocus to value 3
Set parameter Presolve to value 2
Set parameter FlowCoverCuts to value 2
Set parameter TimeLimit to value 1200
Gurobi Optimizer version 12.0.0 build v12.0.0rc1 (win64 - Windows 11+.0 (26200.2))

CPU model: Intel(R) Core(TM) i9-14900K, instruction set [SSE2|AVX|AVX2]
Thread count: 24 physical cores, 32 logical processors, using up to 1 threads

Non-default parameters:
TimeLimit  1200
MIPGap  0.05
Heuristics  0.5
MIPFocus  3
FlowCoverCuts  2
Presolve  2
Threads  1

Optimize a model with 22770 rows, 37249 columns and 110686 nonzeros
Model fingerprint: 0x8fd8d0e7
Variable types: 17323 continuous, 19926 integer (19925 binary)
Coefficient statistics:
  Matrix range     [1e-01, 2e+02]
  Objective range  [8e-03, 6e+04]
  Bounds range     [1e+00, 1e+00]
  RHS range        [1e+00, 1e+04]
Presolve removed 19951 rows and 26950 columns
Presolve time: 0.22s
Presolved: 2819 rows, 10299 columns, 31535 nonzeros
Variable types: 841 continuous, 9458 integer (9457 binary)
Root relaxation presolved: 2819 rows, 10299 columns, 31535 nonzeros

Presolve removed 19951 rows and 26951 columns
Presolve time: 0.22s
Presolved: 2789 rows, 10298 columns, 31385 nonzeros
Variable types: 840 continuous, 9458 integer (9457 binary)
Presolve removed 19951 rows and 26950 columns
Presolve time: 0.22s
Presolved: 2819 rows, 10299 columns, 31535 nonzeros
Variable types: 841 continuous, 9458 integer (9457 binary)
Root relaxation presolved: 2789 rows, 10298 columns, 31385 nonzeros

Root relaxation presolved: 2819 rows, 10299 columns, 31535 nonzeros

  [Fase 1 (infra libre)] estacion=station_3 dia=182 -> C:\Users\TECNO-MASTER\Desktop\Elmo_infrastructure_sizing_NP-\output\DCH_septiembre\Bateria_482\Costo_variable\Carga_libre\Carga_on_board_variable_3estaciones_P160kW_Descomp/station_3_d182_stage1
formulation time: 11.682204723358154
Solving opt model... (Puedes presionar Ctrl+C para detener y guardar la mejor solución actual)
Set parameter OutputFlag to value 1
Set parameter OutputFlag to value 1
Set parameter LogToConsole to value 1
Set parameter MIPGap to value 0.05
Set parameter LogFile to value "C:\Users\TECNO-MASTER\Desktop\Elmo_infrastructure_sizing_NP-\output\DCH_septiembre\Bateria_482\Costo_variable\Carga_libre\Carga_on_board_variable_3estaciones_P160kW_Descomp/station_3_d182_stage1\gurobi.log"
Set parameter Threads to value 1
Set parameter Heuristics to value 0.5
Set parameter MIPFocus to value 3
Set parameter Presolve to value 2
Set parameter FlowCoverCuts to value 2
Set parameter TimeLimit to value 1200
Gurobi Optimizer version 12.0.0 build v12.0.0rc1 (win64 - Windows 11+.0 (26200.2))

CPU model: Intel(R) Core(TM) i9-14900K, instruction set [SSE2|AVX|AVX2]
Thread count: 24 physical cores, 32 logical processors, using up to 1 threads

Non-default parameters:
TimeLimit  1200
MIPGap  0.05
Heuristics  0.5
MIPFocus  3
FlowCoverCuts  2
Presolve  2
Threads  1

Optimize a model with 22770 rows, 37249 columns and 110688 nonzeros
Model fingerprint: 0x6a26bb79
Variable types: 17323 continuous, 19926 integer (19925 binary)
Coefficient statistics:
  Matrix range     [1e-01, 2e+02]
  Objective range  [1e-02, 6e+04]
  Bounds range     [1e+00, 1e+00]
  RHS range        [1e+00, 1e+04]
  [Fase 1 (infra libre)] estacion=station_3 dia=152 -> C:\Users\TECNO-MASTER\Desktop\Elmo_infrastructure_sizing_NP-\output\DCH_septiembre\Bateria_482\Costo_variable\Carga_libre\Carga_on_board_variable_3estaciones_P160kW_Descomp/station_3_d152_stage1
formulation time: 11.819361448287964
Solving opt model... (Puedes presionar Ctrl+C para detener y guardar la mejor solución actual)
Set parameter OutputFlag to value 1
Set parameter OutputFlag to value 1
Set parameter LogToConsole to value 1
Set parameter MIPGap to value 0.05
Set parameter LogFile to value "C:\Users\TECNO-MASTER\Desktop\Elmo_infrastructure_sizing_NP-\output\DCH_septiembre\Bateria_482\Costo_variable\Carga_libre\Carga_on_board_variable_3estaciones_P160kW_Descomp/station_3_d152_stage1\gurobi.log"
Set parameter Threads to value 1
Set parameter Heuristics to value 0.5
Set parameter MIPFocus to value 3
Set parameter Presolve to value 2
Set parameter FlowCoverCuts to value 2
Set parameter TimeLimit to value 1200
Presolve removed 19951 rows and 26952 columns
Presolve time: 0.22s
Presolved: 2819 rows, 10297 columns, 31529 nonzeros
Variable types: 841 continuous, 9456 integer (9455 binary)

Root relaxation: objective 1.043775e+05, 6108 iterations, 0.61 seconds (0.78 work units)
Gurobi Optimizer version 12.0.0 build v12.0.0rc1 (win64 - Windows 11+.0 (26200.2))

CPU model: Intel(R) Core(TM) i9-14900K, instruction set [SSE2|AVX|AVX2]
Thread count: 24 physical cores, 32 logical processors, using up to 1 threads

Non-default parameters:
TimeLimit  1200
MIPGap  0.05
Heuristics  0.5
MIPFocus  3
FlowCoverCuts  2
Presolve  2
Threads  1

Optimize a model with 22770 rows, 37249 columns and 110688 nonzeros
Model fingerprint: 0x0cdcf724
Variable types: 17323 continuous, 19926 integer (19925 binary)
Coefficient statistics:
  Matrix range     [1e-01, 2e+02]
  Objective range  [1e-02, 6e+04]
  Bounds range     [1e+00, 1e+00]
  RHS range        [1e+00, 1e+04]
Root relaxation presolved: 2819 rows, 10297 columns, 31529 nonzeros

  [Fase 1 (infra libre)] estacion=station_1 dia=91 -> C:\Users\TECNO-MASTER\Desktop\Elmo_infrastructure_sizing_NP-\output\DCH_septiembre\Bateria_482\Costo_variable\Carga_libre\Carga_on_board_variable_3estaciones_P160kW_Descomp/station_1_d91_stage1
formulation time: 12.880455017089844
Solving opt model... (Puedes presionar Ctrl+C para detener y guardar la mejor solución actual)
Set parameter OutputFlag to value 1
Set parameter OutputFlag to value 1
Set parameter LogToConsole to value 1
Set parameter MIPGap to value 0.05
Set parameter LogFile to value "C:\Users\TECNO-MASTER\Desktop\Elmo_infrastructure_sizing_NP-\output\DCH_septiembre\Bateria_482\Costo_variable\Carga_libre\Carga_on_board_variable_3estaciones_P160kW_Descomp/station_1_d91_stage1\gurobi.log"
Set parameter Threads to value 1
Set parameter Heuristics to value 0.5
Set parameter MIPFocus to value 3
Set parameter Presolve to value 2
Set parameter FlowCoverCuts to value 2
Set parameter TimeLimit to value 1200
Gurobi Optimizer version 12.0.0 build v12.0.0rc1 (win64 - Windows 11+.0 (26200.2))

CPU model: Intel(R) Core(TM) i9-14900K, instruction set [SSE2|AVX|AVX2]
Thread count: 24 physical cores, 32 logical processors, using up to 1 threads

Non-default parameters:
TimeLimit  1200
MIPGap  0.05
Heuristics  0.5
MIPFocus  3
FlowCoverCuts  2
Presolve  2
Threads  1

Optimize a model with 22770 rows, 37249 columns and 110686 nonzeros
Model fingerprint: 0xf6291338
Variable types: 17323 continuous, 19926 integer (19925 binary)
Coefficient statistics:
  Matrix range     [1e-01, 2e+02]
  Objective range  [1e-02, 6e+04]
  Bounds range     [1e+00, 1e+00]
  RHS range        [1e+00, 1e+04]
  [Fase 1 (infra libre)] estacion=station_1 dia=335 -> C:\Users\TECNO-MASTER\Desktop\Elmo_infrastructure_sizing_NP-\output\DCH_septiembre\Bateria_482\Costo_variable\Carga_libre\Carga_on_board_variable_3estaciones_P160kW_Descomp/station_1_d335_stage1
formulation time: 12.500896692276001
Solving opt model... (Puedes presionar Ctrl+C para detener y guardar la mejor solución actual)
Set parameter OutputFlag to value 1
Set parameter OutputFlag to value 1
Set parameter LogToConsole to value 1
Set parameter MIPGap to value 0.05
Set parameter LogFile to value "C:\Users\TECNO-MASTER\Desktop\Elmo_infrastructure_sizing_NP-\output\DCH_septiembre\Bateria_482\Costo_variable\Carga_libre\Carga_on_board_variable_3estaciones_P160kW_Descomp/station_1_d335_stage1\gurobi.log"
Set parameter Threads to value 1
Set parameter Heuristics to value 0.5
Set parameter MIPFocus to value 3
Set parameter Presolve to value 2
Set parameter FlowCoverCuts to value 2
Set parameter TimeLimit to value 1200
  [Fase 1 (infra libre)] estacion=station_2 dia=335 -> C:\Users\TECNO-MASTER\Desktop\Elmo_infrastructure_sizing_NP-\output\DCH_septiembre\Bateria_482\Costo_variable\Carga_libre\Carga_on_board_variable_3estaciones_P160kW_Descomp/station_2_d335_stage1
formulation time: 12.16637921333313
Solving opt model... (Puedes presionar Ctrl+C para detener y guardar la mejor solución actual)
Set parameter OutputFlag to value 1
Set parameter OutputFlag to value 1
Set parameter LogToConsole to value 1
Set parameter MIPGap to value 0.05
Set parameter LogFile to value "C:\Users\TECNO-MASTER\Desktop\Elmo_infrastructure_sizing_NP-\output\DCH_septiembre\Bateria_482\Costo_variable\Carga_libre\Carga_on_board_variable_3estaciones_P160kW_Descomp/station_2_d335_stage1\gurobi.log"
Set parameter Threads to value 1
Set parameter Heuristics to value 0.5
Set parameter MIPFocus to value 3
Set parameter Presolve to value 2
Set parameter FlowCoverCuts to value 2
Set parameter TimeLimit to value 1200
Gurobi Optimizer version 12.0.0 build v12.0.0rc1 (win64 - Windows 11+.0 (26200.2))

CPU model: Intel(R) Core(TM) i9-14900K, instruction set [SSE2|AVX|AVX2]
Thread count: 24 physical cores, 32 logical processors, using up to 1 threads

Non-default parameters:
TimeLimit  1200
MIPGap  0.05
Heuristics  0.5
MIPFocus  3
FlowCoverCuts  2
Presolve  2
Threads  1

Optimize a model with 22740 rows, 37249 columns and 110626 nonzeros
Model fingerprint: 0xecdef185
Variable types: 17323 continuous, 19926 integer (19925 binary)
Coefficient statistics:
  Matrix range     [1e-01, 2e+02]
  Objective range  [4e-03, 6e+04]
  Bounds range     [1e+00, 1e+00]
  RHS range        [1e+00, 1e+04]
Gurobi Optimizer version 12.0.0 build v12.0.0rc1 (win64 - Windows 11+.0 (26200.2))

CPU model: Intel(R) Core(TM) i9-14900K, instruction set [SSE2|AVX|AVX2]
Thread count: 24 physical cores, 32 logical processors, using up to 1 threads

Non-default parameters:
TimeLimit  1200
MIPGap  0.05
Heuristics  0.5
MIPFocus  3
FlowCoverCuts  2
Presolve  2
Threads  1

Optimize a model with 23742 rows, 39247 columns and 116650 nonzeros
Model fingerprint: 0x00b721fc
Variable types: 18325 continuous, 20922 integer (20921 binary)
Coefficient statistics:
  Matrix range     [1e-01, 2e+02]
  Objective range  [4e-03, 6e+04]
  Bounds range     [1e+00, 1e+00]
  RHS range        [1e+00, 1e+04]

Root relaxation: objective 1.045281e+05, 5577 iterations, 0.66 seconds (0.80 work units)
Presolve removed 19951 rows and 26952 columns
Presolve time: 0.23s
Presolved: 2819 rows, 10297 columns, 31529 nonzeros
Variable types: 841 continuous, 9456 integer (9455 binary)

Root relaxation: objective 8.566789e+04, 6152 iterations, 0.73 seconds (0.92 work units)
Root relaxation presolved: 2819 rows, 10297 columns, 31529 nonzeros

  [Fase 1 (infra libre)] estacion=station_1 dia=32 -> C:\Users\TECNO-MASTER\Desktop\Elmo_infrastructure_sizing_NP-\output\DCH_septiembre\Bateria_482\Costo_variable\Carga_libre\Carga_on_board_variable_3estaciones_P160kW_Descomp/station_1_d32_stage1
formulation time: 12.686006546020508
Solving opt model... (Puedes presionar Ctrl+C para detener y guardar la mejor solución actual)
Set parameter OutputFlag to value 1
Set parameter OutputFlag to value 1
Set parameter LogToConsole to value 1
Set parameter MIPGap to value 0.05
Set parameter LogFile to value "C:\Users\TECNO-MASTER\Desktop\Elmo_infrastructure_sizing_NP-\output\DCH_septiembre\Bateria_482\Costo_variable\Carga_libre\Carga_on_board_variable_3estaciones_P160kW_Descomp/station_1_d32_stage1\gurobi.log"
Set parameter Threads to value 1
Set parameter Heuristics to value 0.5
Set parameter MIPFocus to value 3
Set parameter Presolve to value 2
Set parameter FlowCoverCuts to value 2
Set parameter TimeLimit to value 1200
Gurobi Optimizer version 12.0.0 build v12.0.0rc1 (win64 - Windows 11+.0 (26200.2))

CPU model: Intel(R) Core(TM) i9-14900K, instruction set [SSE2|AVX|AVX2]
Thread count: 24 physical cores, 32 logical processors, using up to 1 threads

Non-default parameters:
TimeLimit  1200
MIPGap  0.05
Heuristics  0.5
MIPFocus  3
FlowCoverCuts  2
Presolve  2
Threads  1

Optimize a model with 22740 rows, 37249 columns and 110626 nonzeros
Model fingerprint: 0x94d5bb33
Variable types: 17323 continuous, 19926 integer (19925 binary)
Coefficient statistics:
  Matrix range     [1e-01, 2e+02]
  Objective range  [3e-03, 6e+04]
  Bounds range     [1e+00, 1e+00]
  RHS range        [1e+00, 1e+04]
  [Fase 1 (infra libre)] estacion=station_1 dia=60 -> C:\Users\TECNO-MASTER\Desktop\Elmo_infrastructure_sizing_NP-\output\DCH_septiembre\Bateria_482\Costo_variable\Carga_libre\Carga_on_board_variable_3estaciones_P160kW_Descomp/station_1_d60_stage1
formulation time: 12.493488311767578
Solving opt model... (Puedes presionar Ctrl+C para detener y guardar la mejor solución actual)
Set parameter OutputFlag to value 1
Set parameter OutputFlag to value 1
Set parameter LogToConsole to value 1
Set parameter MIPGap to value 0.05
Set parameter LogFile to value "C:\Users\TECNO-MASTER\Desktop\Elmo_infrastructure_sizing_NP-\output\DCH_septiembre\Bateria_482\Costo_variable\Carga_libre\Carga_on_board_variable_3estaciones_P160kW_Descomp/station_1_d60_stage1\gurobi.log"
Set parameter Threads to value 1
Set parameter Heuristics to value 0.5
Set parameter MIPFocus to value 3
Set parameter Presolve to value 2
Set parameter FlowCoverCuts to value 2
Set parameter TimeLimit to value 1200
Gurobi Optimizer version 12.0.0 build v12.0.0rc1 (win64 - Windows 11+.0 (26200.2))

CPU model: Intel(R) Core(TM) i9-14900K, instruction set [SSE2|AVX|AVX2]
Thread count: 24 physical cores, 32 logical processors, using up to 1 threads

Non-default parameters:
TimeLimit  1200
MIPGap  0.05
Heuristics  0.5
MIPFocus  3
FlowCoverCuts  2
Presolve  2
Threads  1

Optimize a model with 22740 rows, 37249 columns and 110626 nonzeros
Model fingerprint: 0xd0b95af9
Variable types: 17323 continuous, 19926 integer (19925 binary)
Coefficient statistics:
  Matrix range     [1e-01, 2e+02]
  Objective range  [9e-03, 6e+04]
  Bounds range     [1e+00, 1e+00]
  RHS range        [1e+00, 1e+04]
  [Fase 1 (infra libre)] estacion=station_1 dia=244 -> C:\Users\TECNO-MASTER\Desktop\Elmo_infrastructure_sizing_NP-\output\DCH_septiembre\Bateria_482\Costo_variable\Carga_libre\Carga_on_board_variable_3estaciones_P160kW_Descomp/station_1_d244_stage1
formulation time: 12.651414394378662
Solving opt model... (Puedes presionar Ctrl+C para detener y guardar la mejor solución actual)
Set parameter OutputFlag to value 1
Set parameter OutputFlag to value 1
Set parameter LogToConsole to value 1
Set parameter MIPGap to value 0.05
  [Fase 1 (infra libre)] estacion=station_1 dia=182 -> C:\Users\TECNO-MASTER\Desktop\Elmo_infrastructure_sizing_NP-\output\DCH_septiembre\Bateria_482\Costo_variable\Carga_libre\Carga_on_board_variable_3estaciones_P160kW_Descomp/station_1_d182_stage1
formulation time: 12.84745478630066
Solving opt model... (Puedes presionar Ctrl+C para detener y guardar la mejor solución actual)
Set parameter OutputFlag to value 1
  [Fase 1 (infra libre)] estacion=station_3 dia=60 -> C:\Users\TECNO-MASTER\Desktop\Elmo_infrastructure_sizing_NP-\output\DCH_septiembre\Bateria_482\Costo_variable\Carga_libre\Carga_on_board_variable_3estaciones_P160kW_Descomp/station_3_d60_stage1
formulation time: 12.627944707870483
Solving opt model... (Puedes presionar Ctrl+C para detener y guardar la mejor solución actual)
Set parameter OutputFlag to value 1
Set parameter OutputFlag to value 1
Set parameter OutputFlag to value 1
Set parameter LogToConsole to value 1
Set parameter LogToConsole to value 1
Set parameter MIPGap to value 0.05
Set parameter MIPGap to value 0.05
Set parameter LogFile to value "C:\Users\TECNO-MASTER\Desktop\Elmo_infrastructure_sizing_NP-\output\DCH_septiembre\Bateria_482\Costo_variable\Carga_libre\Carga_on_board_variable_3estaciones_P160kW_Descomp/station_1_d244_stage1\gurobi.log"
Set parameter Threads to value 1
Set parameter Heuristics to value 0.5
Set parameter MIPFocus to value 3
Set parameter Presolve to value 2
Set parameter LogFile to value "C:\Users\TECNO-MASTER\Desktop\Elmo_infrastructure_sizing_NP-\output\DCH_septiembre\Bateria_482\Costo_variable\Carga_libre\Carga_on_board_variable_3estaciones_P160kW_Descomp/station_3_d60_stage1\gurobi.log"
Set parameter LogFile to value "C:\Users\TECNO-MASTER\Desktop\Elmo_infrastructure_sizing_NP-\output\DCH_septiembre\Bateria_482\Costo_variable\Carga_libre\Carga_on_board_variable_3estaciones_P160kW_Descomp/station_1_d182_stage1\gurobi.log"
Set parameter FlowCoverCuts to value 2
Set parameter TimeLimit to value 1200
Set parameter Threads to value 1
Set parameter Threads to value 1
Set parameter Heuristics to value 0.5
Set parameter Heuristics to value 0.5
Set parameter MIPFocus to value 3
Set parameter MIPFocus to value 3
Set parameter Presolve to value 2
Set parameter Presolve to value 2
Set parameter FlowCoverCuts to value 2
Set parameter FlowCoverCuts to value 2
Set parameter TimeLimit to value 1200
Set parameter TimeLimit to value 1200
Gurobi Optimizer version 12.0.0 build v12.0.0rc1 (win64 - Windows 11+.0 (26200.2))

CPU model: Intel(R) Core(TM) i9-14900K, instruction set [SSE2|AVX|AVX2]
Thread count: 24 physical cores, 32 logical processors, using up to 1 threads

Non-default parameters:
TimeLimit  1200
Gurobi Optimizer version 12.0.0 build v12.0.0rc1 (win64 - Windows 11+.0 (26200.2))
MIPGap  0.05

Heuristics  0.5
MIPFocus  3
CPU model: Intel(R) Core(TM) i9-14900K, instruction set [SSE2|AVX|AVX2]
FlowCoverCuts  2
Presolve  2
Threads  1

Optimize a model with 22770 rows, 37249 columns and 110686 nonzeros
Gurobi Optimizer version 12.0.0 build v12.0.0rc1 (win64 - Windows 11+.0 (26200.2))

CPU model: Intel(R) Core(TM) i9-14900K, instruction set [SSE2|AVX|AVX2]
Thread count: 24 physical cores, 32 logical processors, using up to 1 threads
Thread count: 24 physical cores, 32 logical processors, using up to 1 threads


Non-default parameters:
Non-default parameters:
TimeLimit  1200
TimeLimit  1200
MIPGap  0.05
MIPGap  0.05
Heuristics  0.5
MIPFocus  3
Heuristics  0.5
FlowCoverCuts  2
MIPFocus  3
Presolve  2
FlowCoverCuts  2
Threads  1
Presolve  2
Threads  1


Optimize a model with 22770 rows, 37249 columns and 110686 nonzeros
Optimize a model with 22740 rows, 37249 columns and 110628 nonzeros
Model fingerprint: 0x90c71155
Variable types: 17323 continuous, 19926 integer (19925 binary)
Coefficient statistics:
  Matrix range     [1e-01, 2e+02]
  Objective range  [1e-02, 6e+04]
  Bounds range     [1e+00, 1e+00]
  RHS range        [1e+00, 1e+04]
Model fingerprint: 0x6a501bc8
Model fingerprint: 0x65a658f6
Variable types: 17323 continuous, 19926 integer (19925 binary)
Variable types: 17323 continuous, 19926 integer (19925 binary)
Coefficient statistics:
  Matrix range     [1e-01, 2e+02]
Coefficient statistics:
  Objective range  [8e-03, 6e+04]
  Matrix range     [1e-01, 2e+02]
  Bounds range     [1e+00, 1e+00]
  Objective range  [9e-03, 6e+04]
  RHS range        [1e+00, 1e+04]
  Bounds range     [1e+00, 1e+00]
  RHS range        [1e+00, 1e+04]
Presolve removed 19951 rows and 26950 columns
Presolve time: 0.23s
Presolved: 2819 rows, 10299 columns, 31535 nonzeros
Variable types: 841 continuous, 9458 integer (9457 binary)
Presolve removed 19951 rows and 26951 columns
Presolve time: 0.22s
Presolved: 2789 rows, 10298 columns, 31385 nonzeros
Variable types: 840 continuous, 9458 integer (9457 binary)
Root relaxation presolved: 2819 rows, 10299 columns, 31535 nonzeros

Root relaxation presolved: 2789 rows, 10298 columns, 31385 nonzeros

Presolve removed 20947 rows and 28433 columns
Presolve time: 0.24s
Presolved: 2795 rows, 10814 columns, 32927 nonzeros
Variable types: 840 continuous, 9974 integer (9973 binary)
Root relaxation presolved: 2795 rows, 10814 columns, 32927 nonzeros

  [Fase 1 (infra libre)] estacion=station_1 dia=305 -> C:\Users\TECNO-MASTER\Desktop\Elmo_infrastructure_sizing_NP-\output\DCH_septiembre\Bateria_482\Costo_variable\Carga_libre\Carga_on_board_variable_3estaciones_P160kW_Descomp/station_1_d305_stage1
formulation time: 12.657959222793579
Solving opt model... (Puedes presionar Ctrl+C para detener y guardar la mejor solución actual)
Set parameter OutputFlag to value 1
  [Fase 1 (infra libre)] estacion=station_3 dia=121 -> C:\Users\TECNO-MASTER\Desktop\Elmo_infrastructure_sizing_NP-\output\DCH_septiembre\Bateria_482\Costo_variable\Carga_libre\Carga_on_board_variable_3estaciones_P160kW_Descomp/station_3_d121_stage1
formulation time: 12.601733684539795
Solving opt model... (Puedes presionar Ctrl+C para detener y guardar la mejor solución actual)
Set parameter OutputFlag to value 1
Set parameter OutputFlag to value 1
Set parameter OutputFlag to value 1
Set parameter LogToConsole to value 1
Set parameter LogToConsole to value 1
Set parameter MIPGap to value 0.05
Set parameter MIPGap to value 0.05
Set parameter LogFile to value "C:\Users\TECNO-MASTER\Desktop\Elmo_infrastructure_sizing_NP-\output\DCH_septiembre\Bateria_482\Costo_variable\Carga_libre\Carga_on_board_variable_3estaciones_P160kW_Descomp/station_1_d305_stage1\gurobi.log"
Set parameter LogFile to value "C:\Users\TECNO-MASTER\Desktop\Elmo_infrastructure_sizing_NP-\output\DCH_septiembre\Bateria_482\Costo_variable\Carga_libre\Carga_on_board_variable_3estaciones_P160kW_Descomp/station_3_d121_stage1\gurobi.log"
Set parameter Threads to value 1
Set parameter Heuristics to value 0.5
Set parameter MIPFocus to value 3
Set parameter Threads to value 1
Set parameter Presolve to value 2
Set parameter FlowCoverCuts to value 2
Set parameter Heuristics to value 0.5
Set parameter TimeLimit to value 1200
Set parameter MIPFocus to value 3
Set parameter Presolve to value 2
Set parameter FlowCoverCuts to value 2
Set parameter TimeLimit to value 1200
Gurobi Optimizer version 12.0.0 build v12.0.0rc1 (win64 - Windows 11+.0 (26200.2))

CPU model: Intel(R) Core(TM) i9-14900K, instruction set [SSE2|AVX|AVX2]
Presolve removed 19951 rows and 26951 columns
Presolve time: 0.22s
Thread count: 24 physical cores, 32 logical processors, using up to 1 threads

Non-default parameters:
TimeLimit  1200
MIPGap  0.05
Heuristics  0.5
MIPFocus  3
FlowCoverCuts  2
Presolve  2
Presolved: 2789 rows, 10298 columns, 31385 nonzeros
Threads  1

Optimize a model with 22740 rows, 37249 columns and 110626 nonzeros
Gurobi Optimizer version 12.0.0 build v12.0.0rc1 (win64 - Windows 11+.0 (26200.2))

CPU model: Intel(R) Core(TM) i9-14900K, instruction set [SSE2|AVX|AVX2]
Model fingerprint: 0x6716e3fb
Variable types: 17323 continuous, 19926 integer (19925 binary)
Thread count: 24 physical cores, 32 logical processors, using up to 1 threads

Non-default parameters:
TimeLimit  1200
MIPGap  0.05
Heuristics  0.5
MIPFocus  3
FlowCoverCuts  2
Presolve  2
Coefficient statistics:
Threads  1
  Matrix range     [1e-01, 2e+02]
  Objective range  [1e-01, 6e+04]
  Bounds range     [1e+00, 1e+00]
  RHS range        [1e+00, 1e+04]

Optimize a model with 22770 rows, 37249 columns and 110688 nonzeros
Model fingerprint: 0xa0c96aa6
Variable types: 17323 continuous, 19926 integer (19925 binary)
Coefficient statistics:
  Matrix range     [1e-01, 2e+02]
  Objective range  [8e-03, 6e+04]
  Bounds range     [1e+00, 1e+00]
  RHS range        [1e+00, 1e+04]
Variable types: 840 continuous, 9458 integer (9457 binary)
  [Fase 1 (infra libre)] estacion=station_3 dia=32 -> C:\Users\TECNO-MASTER\Desktop\Elmo_infrastructure_sizing_NP-\output\DCH_septiembre\Bateria_482\Costo_variable\Carga_libre\Carga_on_board_variable_3estaciones_P160kW_Descomp/station_3_d32_stage1
formulation time: 12.147591829299927
Solving opt model... (Puedes presionar Ctrl+C para detener y guardar la mejor solución actual)
Set parameter OutputFlag to value 1
Set parameter OutputFlag to value 1
Set parameter LogToConsole to value 1
Set parameter MIPGap to value 0.05
Set parameter LogFile to value "C:\Users\TECNO-MASTER\Desktop\Elmo_infrastructure_sizing_NP-\output\DCH_septiembre\Bateria_482\Costo_variable\Carga_libre\Carga_on_board_variable_3estaciones_P160kW_Descomp/station_3_d32_stage1\gurobi.log"
Set parameter Threads to value 1
Set parameter Heuristics to value 0.5
Set parameter MIPFocus to value 3
Set parameter Presolve to value 2
Set parameter FlowCoverCuts to value 2
Set parameter TimeLimit to value 1200
Presolve removed 19951 rows and 26951 columns
Presolve time: 0.22s
Presolved: 2789 rows, 10298 columns, 31385 nonzeros
Root relaxation presolved: 2789 rows, 10298 columns, 31385 nonzeros

Variable types: 840 continuous, 9458 integer (9457 binary)
Gurobi Optimizer version 12.0.0 build v12.0.0rc1 (win64 - Windows 11+.0 (26200.2))

CPU model: Intel(R) Core(TM) i9-14900K, instruction set [SSE2|AVX|AVX2]
Thread count: 24 physical cores, 32 logical processors, using up to 1 threads

Non-default parameters:
TimeLimit  1200
MIPGap  0.05
Heuristics  0.5
MIPFocus  3
FlowCoverCuts  2
Presolve  2
Threads  1

Optimize a model with 22740 rows, 37249 columns and 110628 nonzeros
Model fingerprint: 0xa70996d0
Variable types: 17323 continuous, 19926 integer (19925 binary)
Coefficient statistics:
  Matrix range     [1e-01, 2e+02]
  Objective range  [3e-03, 6e+04]
  Bounds range     [1e+00, 1e+00]
  RHS range        [1e+00, 1e+04]
  [Fase 1 (infra libre)] estacion=station_2 dia=32 -> C:\Users\TECNO-MASTER\Desktop\Elmo_infrastructure_sizing_NP-\output\DCH_septiembre\Bateria_482\Costo_variable\Carga_libre\Carga_on_board_variable_3estaciones_P160kW_Descomp/station_2_d32_stage1
formulation time: 12.157397747039795
Solving opt model... (Puedes presionar Ctrl+C para detener y guardar la mejor solución actual)
Set parameter OutputFlag to value 1
Set parameter OutputFlag to value 1
Set parameter LogToConsole to value 1
Set parameter MIPGap to value 0.05
Set parameter LogFile to value "C:\Users\TECNO-MASTER\Desktop\Elmo_infrastructure_sizing_NP-\output\DCH_septiembre\Bateria_482\Costo_variable\Carga_libre\Carga_on_board_variable_3estaciones_P160kW_Descomp/station_2_d32_stage1\gurobi.log"
Set parameter Threads to value 1
Set parameter Heuristics to value 0.5
Set parameter MIPFocus to value 3
Set parameter Presolve to value 2
Set parameter FlowCoverCuts to value 2
Set parameter TimeLimit to value 1200
Root relaxation presolved: 2789 rows, 10298 columns, 31385 nonzeros

  [Fase 1 (infra libre)] estacion=station_1 dia=274 -> C:\Users\TECNO-MASTER\Desktop\Elmo_infrastructure_sizing_NP-\output\DCH_septiembre\Bateria_482\Costo_variable\Carga_libre\Carga_on_board_variable_3estaciones_P160kW_Descomp/station_1_d274_stage1
formulation time: 12.52741527557373
Solving opt model... (Puedes presionar Ctrl+C para detener y guardar la mejor solución actual)
Set parameter OutputFlag to value 1
Set parameter OutputFlag to value 1
Set parameter LogToConsole to value 1
Set parameter MIPGap to value 0.05
Set parameter LogFile to value "C:\Users\TECNO-MASTER\Desktop\Elmo_infrastructure_sizing_NP-\output\DCH_septiembre\Bateria_482\Costo_variable\Carga_libre\Carga_on_board_variable_3estaciones_P160kW_Descomp/station_1_d274_stage1\gurobi.log"
Set parameter Threads to value 1
Set parameter Heuristics to value 0.5
Set parameter MIPFocus to value 3
Set parameter Presolve to value 2
Set parameter FlowCoverCuts to value 2
Set parameter TimeLimit to value 1200
Gurobi Optimizer version 12.0.0 build v12.0.0rc1 (win64 - Windows 11+.0 (26200.2))

CPU model: Intel(R) Core(TM) i9-14900K, instruction set [SSE2|AVX|AVX2]
Thread count: 24 physical cores, 32 logical processors, using up to 1 threads

Non-default parameters:
TimeLimit  1200
MIPGap  0.05
Heuristics  0.5
MIPFocus  3
FlowCoverCuts  2
Presolve  2
Threads  1

Optimize a model with 23742 rows, 39247 columns and 116650 nonzeros
Model fingerprint: 0x1ce9c7fb
Variable types: 18325 continuous, 20922 integer (20921 binary)
Coefficient statistics:
  Matrix range     [1e-01, 2e+02]
  Objective range  [3e-03, 6e+04]
  Bounds range     [1e+00, 1e+00]
  RHS range        [1e+00, 1e+04]
  [Fase 1 (infra libre)] estacion=station_3 dia=213 -> C:\Users\TECNO-MASTER\Desktop\Elmo_infrastructure_sizing_NP-\output\DCH_septiembre\Bateria_482\Costo_variable\Carga_libre\Carga_on_board_variable_3estaciones_P160kW_Descomp/station_3_d213_stage1
formulation time: 12.705249309539795
Solving opt model... (Puedes presionar Ctrl+C para detener y guardar la mejor solución actual)
Set parameter OutputFlag to value 1
Set parameter OutputFlag to value 1
Set parameter LogToConsole to value 1
Set parameter MIPGap to value 0.05
Set parameter LogFile to value "C:\Users\TECNO-MASTER\Desktop\Elmo_infrastructure_sizing_NP-\output\DCH_septiembre\Bateria_482\Costo_variable\Carga_libre\Carga_on_board_variable_3estaciones_P160kW_Descomp/station_3_d213_stage1\gurobi.log"
Set parameter Threads to value 1
Set parameter Heuristics to value 0.5
Set parameter MIPFocus to value 3
Set parameter Presolve to value 2
Set parameter FlowCoverCuts to value 2
Set parameter TimeLimit to value 1200
Gurobi Optimizer version 12.0.0 build v12.0.0rc1 (win64 - Windows 11+.0 (26200.2))

CPU model: Intel(R) Core(TM) i9-14900K, instruction set [SSE2|AVX|AVX2]
Thread count: 24 physical cores, 32 logical processors, using up to 1 threads

Non-default parameters:
TimeLimit  1200
MIPGap  0.05
Heuristics  0.5
MIPFocus  3
FlowCoverCuts  2
Presolve  2
Threads  1

Optimize a model with 22740 rows, 37249 columns and 110626 nonzeros
Model fingerprint: 0xc3fc3eb9
Variable types: 17323 continuous, 19926 integer (19925 binary)
Coefficient statistics:
  Matrix range     [1e-01, 2e+02]
  Objective range  [4e-03, 6e+04]
  Bounds range     [1e+00, 1e+00]
  RHS range        [1e+00, 1e+04]
Presolve removed 19951 rows and 26950 columns
Presolve time: 0.22s
Presolved: 2819 rows, 10299 columns, 31535 nonzeros
Presolve removed 19951 rows and 26953 columns
Presolve time: 0.22s
Presolve removed 19951 rows and 26950 columns
Presolve time: 0.23s
Presolved: 2789 rows, 10296 columns, 31379 nonzeros
Presolved: 2819 rows, 10299 columns, 31535 nonzeros
Variable types: 841 continuous, 9458 integer (9457 binary)
Variable types: 841 continuous, 9458 integer (9457 binary)
Variable types: 840 continuous, 9456 integer (9455 binary)
Gurobi Optimizer version 12.0.0 build v12.0.0rc1 (win64 - Windows 11+.0 (26200.2))

CPU model: Intel(R) Core(TM) i9-14900K, instruction set [SSE2|AVX|AVX2]
Thread count: 24 physical cores, 32 logical processors, using up to 1 threads

Non-default parameters:
TimeLimit  1200
MIPGap  0.05
Heuristics  0.5
MIPFocus  3
FlowCoverCuts  2
Presolve  2
Threads  1

Optimize a model with 22770 rows, 37249 columns and 110688 nonzeros
Model fingerprint: 0xd9ca572e
Variable types: 17323 continuous, 19926 integer (19925 binary)
Coefficient statistics:
  Matrix range     [1e-01, 2e+02]
  Objective range  [8e-03, 6e+04]
  Bounds range     [1e+00, 1e+00]
  RHS range        [1e+00, 1e+04]
Root relaxation presolved: 2819 rows, 10299 columns, 31535 nonzeros

Root relaxation presolved: 2819 rows, 10299 columns, 31535 nonzeros

Root relaxation presolved: 2789 rows, 10296 columns, 31379 nonzeros

  [Fase 1 (infra libre)] estacion=station_2 dia=244 -> C:\Users\TECNO-MASTER\Desktop\Elmo_infrastructure_sizing_NP-\output\DCH_septiembre\Bateria_482\Costo_variable\Carga_libre\Carga_on_board_variable_3estaciones_P160kW_Descomp/station_2_d244_stage1
formulation time: 12.24738073348999
Solving opt model... (Puedes presionar Ctrl+C para detener y guardar la mejor solución actual)
Set parameter OutputFlag to value 1
Set parameter OutputFlag to value 1
Set parameter LogToConsole to value 1
Set parameter MIPGap to value 0.05
Set parameter LogFile to value "C:\Users\TECNO-MASTER\Desktop\Elmo_infrastructure_sizing_NP-\output\DCH_septiembre\Bateria_482\Costo_variable\Carga_libre\Carga_on_board_variable_3estaciones_P160kW_Descomp/station_2_d244_stage1\gurobi.log"
Set parameter Threads to value 1
Set parameter Heuristics to value 0.5
Set parameter MIPFocus to value 3
Set parameter Presolve to value 2
Set parameter FlowCoverCuts to value 2
Set parameter TimeLimit to value 1200
Gurobi Optimizer version 12.0.0 build v12.0.0rc1 (win64 - Windows 11+.0 (26200.2))

CPU model: Intel(R) Core(TM) i9-14900K, instruction set [SSE2|AVX|AVX2]
Thread count: 24 physical cores, 32 logical processors, using up to 1 threads

Non-default parameters:
TimeLimit  1200
MIPGap  0.05
Heuristics  0.5
MIPFocus  3
FlowCoverCuts  2
Presolve  2
Threads  1

Optimize a model with 23772 rows, 39247 columns and 116710 nonzeros
Model fingerprint: 0x4dd321f5
Variable types: 18325 continuous, 20922 integer (20921 binary)
Coefficient statistics:
  Matrix range     [1e-01, 2e+02]
  Objective range  [8e-03, 6e+04]
  Bounds range     [1e+00, 1e+00]
  RHS range        [1e+00, 1e+04]
  [Fase 1 (infra libre)] estacion=station_1 dia=121 -> C:\Users\TECNO-MASTER\Desktop\Elmo_infrastructure_sizing_NP-\output\DCH_septiembre\Bateria_482\Costo_variable\Carga_libre\Carga_on_board_variable_3estaciones_P160kW_Descomp/station_1_d121_stage1
formulation time: 12.033327579498291
Solving opt model... (Puedes presionar Ctrl+C para detener y guardar la mejor solución actual)
Set parameter OutputFlag to value 1
Set parameter OutputFlag to value 1
Set parameter LogToConsole to value 1
Set parameter MIPGap to value 0.05
Set parameter LogFile to value "C:\Users\TECNO-MASTER\Desktop\Elmo_infrastructure_sizing_NP-\output\DCH_septiembre\Bateria_482\Costo_variable\Carga_libre\Carga_on_board_variable_3estaciones_P160kW_Descomp/station_1_d121_stage1\gurobi.log"
Set parameter Threads to value 1
Set parameter Heuristics to value 0.5
Set parameter MIPFocus to value 3
Set parameter Presolve to value 2
Set parameter FlowCoverCuts to value 2
Set parameter TimeLimit to value 1200
Gurobi Optimizer version 12.0.0 build v12.0.0rc1 (win64 - Windows 11+.0 (26200.2))

CPU model: Intel(R) Core(TM) i9-14900K, instruction set [SSE2|AVX|AVX2]
Thread count: 24 physical cores, 32 logical processors, using up to 1 threads

Non-default parameters:
TimeLimit  1200
MIPGap  0.05
Heuristics  0.5
MIPFocus  3
FlowCoverCuts  2
Presolve  2
Threads  1

Optimize a model with 22770 rows, 37249 columns and 110686 nonzeros
Model fingerprint: 0x7b0b9808
Variable types: 17323 continuous, 19926 integer (19925 binary)
Coefficient statistics:
  Matrix range     [1e-01, 2e+02]
  Objective range  [8e-03, 6e+04]
  Bounds range     [1e+00, 1e+00]
  RHS range        [1e+00, 1e+04]
Presolve removed 19951 rows and 26951 columns
Presolve time: 0.23s
Presolved: 2789 rows, 10298 columns, 31385 nonzeros
Variable types: 840 continuous, 9458 integer (9457 binary)
  [Fase 1 (infra libre)] estacion=station_3 dia=1 -> C:\Users\TECNO-MASTER\Desktop\Elmo_infrastructure_sizing_NP-\output\DCH_septiembre\Bateria_482\Costo_variable\Carga_libre\Carga_on_board_variable_3estaciones_P160kW_Descomp/station_3_d1_stage1
formulation time: 12.558416843414307
Solving opt model... (Puedes presionar Ctrl+C para detener y guardar la mejor solución actual)
Set parameter OutputFlag to value 1
Set parameter OutputFlag to value 1
Set parameter LogToConsole to value 1
Set parameter MIPGap to value 0.05
  [Fase 1 (infra libre)] estacion=station_3 dia=91 -> C:\Users\TECNO-MASTER\Desktop\Elmo_infrastructure_sizing_NP-\output\DCH_septiembre\Bateria_482\Costo_variable\Carga_libre\Carga_on_board_variable_3estaciones_P160kW_Descomp/station_3_d91_stage1
formulation time: 11.901072978973389
Solving opt model... (Puedes presionar Ctrl+C para detener y guardar la mejor solución actual)
Set parameter OutputFlag to value 1
Set parameter OutputFlag to value 1
Set parameter LogToConsole to value 1
Set parameter MIPGap to value 0.05
Set parameter LogFile to value "C:\Users\TECNO-MASTER\Desktop\Elmo_infrastructure_sizing_NP-\output\DCH_septiembre\Bateria_482\Costo_variable\Carga_libre\Carga_on_board_variable_3estaciones_P160kW_Descomp/station_3_d1_stage1\gurobi.log"
Set parameter LogFile to value "C:\Users\TECNO-MASTER\Desktop\Elmo_infrastructure_sizing_NP-\output\DCH_septiembre\Bateria_482\Costo_variable\Carga_libre\Carga_on_board_variable_3estaciones_P160kW_Descomp/station_3_d91_stage1\gurobi.log"
Set parameter Threads to value 1
Set parameter Heuristics to value 0.5
Set parameter Threads to value 1
Set parameter MIPFocus to value 3
Set parameter Heuristics to value 0.5
Set parameter Presolve to value 2
Set parameter MIPFocus to value 3
Set parameter FlowCoverCuts to value 2
Set parameter Presolve to value 2
Set parameter TimeLimit to value 1200
Set parameter FlowCoverCuts to value 2
Set parameter TimeLimit to value 1200
Presolve removed 19951 rows and 26952 columns
Presolve time: 0.24s
Presolved: 2819 rows, 10297 columns, 31529 nonzeros
Variable types: 841 continuous, 9456 integer (9455 binary)
Gurobi Optimizer version 12.0.0 build v12.0.0rc1 (win64 - Windows 11+.0 (26200.2))

CPU model: Intel(R) Core(TM) i9-14900K, instruction set [SSE2|AVX|AVX2]
Gurobi Optimizer version 12.0.0 build v12.0.0rc1 (win64 - Windows 11+.0 (26200.2))

CPU model: Intel(R) Core(TM) i9-14900K, instruction set [SSE2|AVX|AVX2]
Thread count: 24 physical cores, 32 logical processors, using up to 1 threads
Thread count: 24 physical cores, 32 logical processors, using up to 1 threads


Non-default parameters:
Non-default parameters:
TimeLimit  1200
TimeLimit  1200
MIPGap  0.05
MIPGap  0.05
Heuristics  0.5
Heuristics  0.5
MIPFocus  3
FlowCoverCuts  2
Presolve  2
MIPFocus  3
Threads  1
FlowCoverCuts  2
Presolve  2
Threads  1

Optimize a model with 22740 rows, 37249 columns and 110628 nonzeros

Optimize a model with 22770 rows, 37249 columns and 110688 nonzeros
Root relaxation presolved: 2789 rows, 10298 columns, 31385 nonzeros

Model fingerprint: 0x7d9cf2fb
Variable types: 17323 continuous, 19926 integer (19925 binary)
Model fingerprint: 0x60b53290
Variable types: 17323 continuous, 19926 integer (19925 binary)
Coefficient statistics:
  Matrix range     [1e-01, 2e+02]
  Objective range  [1e-02, 6e+04]
  Bounds range     [1e+00, 1e+00]
  RHS range        [1e+00, 1e+04]
Coefficient statistics:
  Matrix range     [1e-01, 2e+02]
  Objective range  [1e-02, 6e+04]
  Bounds range     [1e+00, 1e+00]
  RHS range        [1e+00, 1e+04]
Root relaxation presolved: 2819 rows, 10297 columns, 31529 nonzeros

Presolve removed 19951 rows and 26953 columns
Presolve time: 0.25s
Presolved: 2789 rows, 10296 columns, 31379 nonzeros
Variable types: 840 continuous, 9456 integer (9455 binary)
Presolve removed 20947 rows and 28433 columns
Presolve time: 0.25s
Root relaxation presolved: 2789 rows, 10296 columns, 31379 nonzeros

Presolved: 2795 rows, 10814 columns, 32927 nonzeros
Variable types: 840 continuous, 9974 integer (9973 binary)
  [Fase 1 (infra libre)] estacion=station_2 dia=274 -> C:\Users\TECNO-MASTER\Desktop\Elmo_infrastructure_sizing_NP-\output\DCH_septiembre\Bateria_482\Costo_variable\Carga_libre\Carga_on_board_variable_3estaciones_P160kW_Descomp/station_2_d274_stage1
formulation time: 12.40589952468872
Solving opt model... (Puedes presionar Ctrl+C para detener y guardar la mejor solución actual)
Set parameter OutputFlag to value 1
Set parameter OutputFlag to value 1
Set parameter LogToConsole to value 1
Set parameter MIPGap to value 0.05
Set parameter LogFile to value "C:\Users\TECNO-MASTER\Desktop\Elmo_infrastructure_sizing_NP-\output\DCH_septiembre\Bateria_482\Costo_variable\Carga_libre\Carga_on_board_variable_3estaciones_P160kW_Descomp/station_2_d274_stage1\gurobi.log"
Set parameter Threads to value 1
Set parameter Heuristics to value 0.5
Set parameter MIPFocus to value 3
Set parameter Presolve to value 2
Set parameter FlowCoverCuts to value 2
Set parameter TimeLimit to value 1200
Presolve removed 19951 rows and 26951 columns
Presolve time: 0.25s
Presolved: 2789 rows, 10298 columns, 31385 nonzeros
Variable types: 840 continuous, 9458 integer (9457 binary)
Presolve removed 19951 rows and 26952 columns
Presolve time: 0.25s
Presolved: 2819 rows, 10297 columns, 31529 nonzeros
Variable types: 841 continuous, 9456 integer (9455 binary)
Gurobi Optimizer version 12.0.0 build v12.0.0rc1 (win64 - Windows 11+.0 (26200.2))

CPU model: Intel(R) Core(TM) i9-14900K, instruction set [SSE2|AVX|AVX2]
Root relaxation presolved: 2795 rows, 10814 columns, 32927 nonzeros

Thread count: 24 physical cores, 32 logical processors, using up to 1 threads

Non-default parameters:
TimeLimit  1200
MIPGap  0.05
Heuristics  0.5
MIPFocus  3
FlowCoverCuts  2
Presolve  2
Threads  1

Optimize a model with 23742 rows, 39247 columns and 116650 nonzeros
Model fingerprint: 0xc59c1f8f
Variable types: 18325 continuous, 20922 integer (20921 binary)
Coefficient statistics:
  Matrix range     [1e-01, 2e+02]
  Objective range  [4e-03, 6e+04]
  Bounds range     [1e+00, 1e+00]
  RHS range        [1e+00, 1e+04]
  [Fase 1 (infra libre)] estacion=station_2 dia=152 -> C:\Users\TECNO-MASTER\Desktop\Elmo_infrastructure_sizing_NP-\output\DCH_septiembre\Bateria_482\Costo_variable\Carga_libre\Carga_on_board_variable_3estaciones_P160kW_Descomp/station_2_d152_stage1
formulation time: 12.22890019416809
Solving opt model... (Puedes presionar Ctrl+C para detener y guardar la mejor solución actual)
Set parameter OutputFlag to value 1
Set parameter OutputFlag to value 1
Set parameter LogToConsole to value 1
Set parameter MIPGap to value 0.05
Root relaxation presolved: 2789 rows, 10298 columns, 31385 nonzeros

Set parameter LogFile to value "C:\Users\TECNO-MASTER\Desktop\Elmo_infrastructure_sizing_NP-\output\DCH_septiembre\Bateria_482\Costo_variable\Carga_libre\Carga_on_board_variable_3estaciones_P160kW_Descomp/station_2_d152_stage1\gurobi.log"
Set parameter Threads to value 1
Set parameter Heuristics to value 0.5
Set parameter MIPFocus to value 3
Set parameter Presolve to value 2
Set parameter FlowCoverCuts to value 2
Set parameter TimeLimit to value 1200
Root relaxation presolved: 2819 rows, 10297 columns, 31529 nonzeros

Gurobi Optimizer version 12.0.0 build v12.0.0rc1 (win64 - Windows 11+.0 (26200.2))

CPU model: Intel(R) Core(TM) i9-14900K, instruction set [SSE2|AVX|AVX2]
Thread count: 24 physical cores, 32 logical processors, using up to 1 threads

Non-default parameters:
TimeLimit  1200
MIPGap  0.05
Heuristics  0.5
MIPFocus  3
FlowCoverCuts  2
Presolve  2
Threads  1

Optimize a model with 23772 rows, 39247 columns and 116710 nonzeros
Model fingerprint: 0xa91e4a7f
Variable types: 18325 continuous, 20922 integer (20921 binary)
Coefficient statistics:
  Matrix range     [1e-01, 2e+02]
  Objective range  [1e-02, 6e+04]
  Bounds range     [1e+00, 1e+00]
  RHS range        [1e+00, 1e+04]

Root relaxation: objective 1.376916e+05, 7892 iterations, 1.01 seconds (1.19 work units)
Presolve removed 20947 rows and 28432 columns
Presolve time: 0.26s
Presolved: 2825 rows, 10815 columns, 33077 nonzeros
  [Fase 1 (infra libre)] estacion=station_2 dia=182 -> C:\Users\TECNO-MASTER\Desktop\Elmo_infrastructure_sizing_NP-\output\DCH_septiembre\Bateria_482\Costo_variable\Carga_libre\Carga_on_board_variable_3estaciones_P160kW_Descomp/station_2_d182_stage1
formulation time: 13.063286542892456
Solving opt model... (Puedes presionar Ctrl+C para detener y guardar la mejor solución actual)
Set parameter OutputFlag to value 1
Set parameter OutputFlag to value 1
Set parameter LogToConsole to value 1
Set parameter MIPGap to value 0.05
Set parameter LogFile to value "C:\Users\TECNO-MASTER\Desktop\Elmo_infrastructure_sizing_NP-\output\DCH_septiembre\Bateria_482\Costo_variable\Carga_libre\Carga_on_board_variable_3estaciones_P160kW_Descomp/station_2_d182_stage1\gurobi.log"
Set parameter Threads to value 1
Set parameter Heuristics to value 0.5
Set parameter MIPFocus to value 3
Set parameter Presolve to value 2
Set parameter FlowCoverCuts to value 2
Set parameter TimeLimit to value 1200
Variable types: 841 continuous, 9974 integer (9973 binary)
Presolve removed 19951 rows and 26950 columns
Presolve time: 0.25s
Presolved: 2819 rows, 10299 columns, 31535 nonzeros
Variable types: 841 continuous, 9458 integer (9457 binary)
Gurobi Optimizer version 12.0.0 build v12.0.0rc1 (win64 - Windows 11+.0 (26200.2))

CPU model: Intel(R) Core(TM) i9-14900K, instruction set [SSE2|AVX|AVX2]
Thread count: 24 physical cores, 32 logical processors, using up to 1 threads

Non-default parameters:
TimeLimit  1200
MIPGap  0.05
Heuristics  0.5
MIPFocus  3
FlowCoverCuts  2
Presolve  2
Threads  1

Optimize a model with 23772 rows, 39247 columns and 116710 nonzeros
Model fingerprint: 0x4a95ecd5
Variable types: 18325 continuous, 20922 integer (20921 binary)
Coefficient statistics:
  Matrix range     [1e-01, 2e+02]
  Objective range  [1e-02, 6e+04]
  Bounds range     [1e+00, 1e+00]
  RHS range        [1e+00, 1e+04]
Root relaxation presolved: 2825 rows, 10815 columns, 33077 nonzeros

Root relaxation presolved: 2819 rows, 10299 columns, 31535 nonzeros

Presolve removed 19951 rows and 26953 columns
Presolve time: 0.24s
Presolved: 2789 rows, 10296 columns, 31379 nonzeros
Variable types: 840 continuous, 9456 integer (9455 binary)
Presolve removed 19951 rows and 26952 columns
Presolve time: 0.25s
Presolved: 2819 rows, 10297 columns, 31529 nonzeros
Variable types: 841 continuous, 9456 integer (9455 binary)
Root relaxation presolved: 2789 rows, 10296 columns, 31379 nonzeros

Root relaxation presolved: 2819 rows, 10297 columns, 31529 nonzeros


Root relaxation: objective 8.499300e+04, 6128 iterations, 0.71 seconds (0.84 work units)

Root relaxation: objective 1.376617e+05, 7090 iterations, 0.93 seconds (1.13 work units)

Root relaxation: objective 1.050195e+05, 6051 iterations, 0.76 seconds (0.84 work units)
  [Fase 1 (infra libre)] estacion=station_2 dia=213 -> C:\Users\TECNO-MASTER\Desktop\Elmo_infrastructure_sizing_NP-\output\DCH_septiembre\Bateria_482\Costo_variable\Carga_libre\Carga_on_board_variable_3estaciones_P160kW_Descomp/station_2_d213_stage1
formulation time: 12.52842926979065
Solving opt model... (Puedes presionar Ctrl+C para detener y guardar la mejor solución actual)
Set parameter OutputFlag to value 1
  [Fase 1 (infra libre)] estacion=station_2 dia=121 -> C:\Users\TECNO-MASTER\Desktop\Elmo_infrastructure_sizing_NP-\output\DCH_septiembre\Bateria_482\Costo_variable\Carga_libre\Carga_on_board_variable_3estaciones_P160kW_Descomp/station_2_d121_stage1
formulation time: 13.108280420303345
Solving opt model... (Puedes presionar Ctrl+C para detener y guardar la mejor solución actual)
Set parameter OutputFlag to value 1
Set parameter OutputFlag to value 1
Set parameter OutputFlag to value 1
Set parameter LogToConsole to value 1
Set parameter LogToConsole to value 1
Set parameter MIPGap to value 0.05
Set parameter MIPGap to value 0.05
Set parameter LogFile to value "C:\Users\TECNO-MASTER\Desktop\Elmo_infrastructure_sizing_NP-\output\DCH_septiembre\Bateria_482\Costo_variable\Carga_libre\Carga_on_board_variable_3estaciones_P160kW_Descomp/station_2_d213_stage1\gurobi.log"
Set parameter LogFile to value "C:\Users\TECNO-MASTER\Desktop\Elmo_infrastructure_sizing_NP-\output\DCH_septiembre\Bateria_482\Costo_variable\Carga_libre\Carga_on_board_variable_3estaciones_P160kW_Descomp/station_2_d121_stage1\gurobi.log"
Set parameter Threads to value 1
Set parameter Threads to value 1
Set parameter Heuristics to value 0.5
Set parameter Heuristics to value 0.5
Set parameter MIPFocus to value 3
Set parameter MIPFocus to value 3
Set parameter Presolve to value 2
Set parameter Presolve to value 2
Set parameter FlowCoverCuts to value 2
Set parameter FlowCoverCuts to value 2
Set parameter TimeLimit to value 1200
Set parameter TimeLimit to value 1200
Presolve removed 20947 rows and 28433 columns
Presolve time: 0.26s
Presolved: 2795 rows, 10814 columns, 32927 nonzeros
Variable types: 840 continuous, 9974 integer (9973 binary)
Gurobi Optimizer version 12.0.0 build v12.0.0rc1 (win64 - Windows 11+.0 (26200.2))

CPU model: Intel(R) Core(TM) i9-14900K, instruction set [SSE2|AVX|AVX2]
Gurobi Optimizer version 12.0.0 build v12.0.0rc1 (win64 - Windows 11+.0 (26200.2))

CPU model: Intel(R) Core(TM) i9-14900K, instruction set [SSE2|AVX|AVX2]
Thread count: 24 physical cores, 32 logical processors, using up to 1 threads

Non-default parameters:
TimeLimit  1200
MIPGap  0.05
Heuristics  0.5
MIPFocus  3
FlowCoverCuts  2
Presolve  2
Threads  1

Optimize a model with 23772 rows, 39247 columns and 116710 nonzeros
Model fingerprint: 0x0ff43c84
Variable types: 18325 continuous, 20922 integer (20921 binary)
Coefficient statistics:
  Matrix range     [1e-01, 2e+02]
  Objective range  [8e-03, 6e+04]
  Bounds range     [1e+00, 1e+00]
  RHS range        [1e+00, 1e+04]
Thread count: 24 physical cores, 32 logical processors, using up to 1 threads

Non-default parameters:
TimeLimit  1200
MIPGap  0.05
Heuristics  0.5
MIPFocus  3
FlowCoverCuts  2
Presolve  2
Threads  1

Optimize a model with 23772 rows, 39247 columns and 116710 nonzeros
Model fingerprint: 0x7d61752f
Variable types: 18325 continuous, 20922 integer (20921 binary)
Coefficient statistics:
Presolve removed 20947 rows and 28432 columns
  Matrix range     [1e-01, 2e+02]
  Objective range  [8e-03, 6e+04]
  Bounds range     [1e+00, 1e+00]
Presolve time: 0.25s
  RHS range        [1e+00, 1e+04]
Presolved: 2825 rows, 10815 columns, 33077 nonzeros
Variable types: 841 continuous, 9974 integer (9973 binary)
Root relaxation presolved: 2795 rows, 10814 columns, 32927 nonzeros

  [Fase 1 (infra libre)] estacion=station_2 dia=60 -> C:\Users\TECNO-MASTER\Desktop\Elmo_infrastructure_sizing_NP-\output\DCH_septiembre\Bateria_482\Costo_variable\Carga_libre\Carga_on_board_variable_3estaciones_P160kW_Descomp/station_2_d60_stage1
formulation time: 12.273150205612183
Solving opt model... (Puedes presionar Ctrl+C para detener y guardar la mejor solución actual)
Set parameter OutputFlag to value 1
Set parameter OutputFlag to value 1
Set parameter LogToConsole to value 1
Set parameter MIPGap to value 0.05
Set parameter LogFile to value "C:\Users\TECNO-MASTER\Desktop\Elmo_infrastructure_sizing_NP-\output\DCH_septiembre\Bateria_482\Costo_variable\Carga_libre\Carga_on_board_variable_3estaciones_P160kW_Descomp/station_2_d60_stage1\gurobi.log"
Set parameter Threads to value 1
Set parameter Heuristics to value 0.5
Set parameter MIPFocus to value 3
Set parameter Presolve to value 2
Set parameter FlowCoverCuts to value 2
Set parameter TimeLimit to value 1200
Root relaxation presolved: 2825 rows, 10815 columns, 33077 nonzeros

Gurobi Optimizer version 12.0.0 build v12.0.0rc1 (win64 - Windows 11+.0 (26200.2))

CPU model: Intel(R) Core(TM) i9-14900K, instruction set [SSE2|AVX|AVX2]
Thread count: 24 physical cores, 32 logical processors, using up to 1 threads

Non-default parameters:
TimeLimit  1200
MIPGap  0.05
Heuristics  0.5
MIPFocus  3
FlowCoverCuts  2
Presolve  2
Threads  1

Optimize a model with 23742 rows, 39247 columns and 116650 nonzeros
Model fingerprint: 0xedeb9633
Variable types: 18325 continuous, 20922 integer (20921 binary)
Coefficient statistics:
  Matrix range     [1e-01, 2e+02]
  Objective range  [9e-03, 6e+04]
  Bounds range     [1e+00, 1e+00]
  RHS range        [1e+00, 1e+04]
Presolve removed 20947 rows and 28432 columns
Presolve time: 0.26s
Presolved: 2825 rows, 10815 columns, 33077 nonzeros

Root relaxation: objective 8.516781e+04, 6180 iterations, 0.74 seconds (0.91 work units)
Variable types: 841 continuous, 9974 integer (9973 binary)
Root relaxation presolved: 2825 rows, 10815 columns, 33077 nonzeros

  [Fase 1 (infra libre)] estacion=station_2 dia=305 -> C:\Users\TECNO-MASTER\Desktop\Elmo_infrastructure_sizing_NP-\output\DCH_septiembre\Bateria_482\Costo_variable\Carga_libre\Carga_on_board_variable_3estaciones_P160kW_Descomp/station_2_d305_stage1
formulation time: 12.304106950759888
Solving opt model... (Puedes presionar Ctrl+C para detener y guardar la mejor solución actual)
Set parameter OutputFlag to value 1
Set parameter OutputFlag to value 1
Set parameter LogToConsole to value 1
Set parameter MIPGap to value 0.05
Set parameter LogFile to value "C:\Users\TECNO-MASTER\Desktop\Elmo_infrastructure_sizing_NP-\output\DCH_septiembre\Bateria_482\Costo_variable\Carga_libre\Carga_on_board_variable_3estaciones_P160kW_Descomp/station_2_d305_stage1\gurobi.log"
Set parameter Threads to value 1
Set parameter Heuristics to value 0.5
Set parameter MIPFocus to value 3
Set parameter Presolve to value 2
Set parameter FlowCoverCuts to value 2
Set parameter TimeLimit to value 1200

Root relaxation: objective 8.571724e+04, 6233 iterations, 0.87 seconds (0.95 work units)
Gurobi Optimizer version 12.0.0 build v12.0.0rc1 (win64 - Windows 11+.0 (26200.2))

CPU model: Intel(R) Core(TM) i9-14900K, instruction set [SSE2|AVX|AVX2]
Thread count: 24 physical cores, 32 logical processors, using up to 1 threads

Non-default parameters:
TimeLimit  1200
MIPGap  0.05
Heuristics  0.5
MIPFocus  3
FlowCoverCuts  2
Presolve  2
Threads  1

Optimize a model with 23742 rows, 39247 columns and 116650 nonzeros
Model fingerprint: 0xb36857ac
Variable types: 18325 continuous, 20922 integer (20921 binary)
Coefficient statistics:
  Matrix range     [1e-01, 2e+02]
  Objective range  [1e-01, 6e+04]
  Bounds range     [1e+00, 1e+00]
  RHS range        [1e+00, 1e+04]

Root relaxation: objective 1.043122e+05, 6089 iterations, 0.78 seconds (0.92 work units)
  [Fase 1 (infra libre)] estacion=station_2 dia=91 -> C:\Users\TECNO-MASTER\Desktop\Elmo_infrastructure_sizing_NP-\output\DCH_septiembre\Bateria_482\Costo_variable\Carga_libre\Carga_on_board_variable_3estaciones_P160kW_Descomp/station_2_d91_stage1
formulation time: 13.32232117652893
Solving opt model... (Puedes presionar Ctrl+C para detener y guardar la mejor solución actual)
Set parameter OutputFlag to value 1
Set parameter OutputFlag to value 1
Set parameter LogToConsole to value 1
Set parameter MIPGap to value 0.05
Set parameter LogFile to value "C:\Users\TECNO-MASTER\Desktop\Elmo_infrastructure_sizing_NP-\output\DCH_septiembre\Bateria_482\Costo_variable\Carga_libre\Carga_on_board_variable_3estaciones_P160kW_Descomp/station_2_d91_stage1\gurobi.log"
Set parameter Threads to value 1
Set parameter Heuristics to value 0.5
Set parameter MIPFocus to value 3
Set parameter Presolve to value 2
Set parameter FlowCoverCuts to value 2
Set parameter TimeLimit to value 1200

Root relaxation: objective 1.043516e+05, 6416 iterations, 0.79 seconds (0.95 work units)
Gurobi Optimizer version 12.0.0 build v12.0.0rc1 (win64 - Windows 11+.0 (26200.2))

CPU model: Intel(R) Core(TM) i9-14900K, instruction set [SSE2|AVX|AVX2]
Thread count: 24 physical cores, 32 logical processors, using up to 1 threads

Non-default parameters:
TimeLimit  1200
MIPGap  0.05
Heuristics  0.5
MIPFocus  3
FlowCoverCuts  2
Presolve  2
Threads  1

Optimize a model with 23772 rows, 39247 columns and 116710 nonzeros
Model fingerprint: 0xa8362c44
Variable types: 18325 continuous, 20922 integer (20921 binary)
Coefficient statistics:
  Matrix range     [1e-01, 2e+02]
  Objective range  [1e-02, 6e+04]
  Bounds range     [1e+00, 1e+00]
  RHS range        [1e+00, 1e+04]
  [Fase 1 (infra libre)] estacion=station_2 dia=1 -> C:\Users\TECNO-MASTER\Desktop\Elmo_infrastructure_sizing_NP-\output\DCH_septiembre\Bateria_482\Costo_variable\Carga_libre\Carga_on_board_variable_3estaciones_P160kW_Descomp/station_2_d1_stage1
formulation time: 13.085768461227417
Solving opt model... (Puedes presionar Ctrl+C para detener y guardar la mejor solución actual)
Set parameter OutputFlag to value 1
Set parameter OutputFlag to value 1
Set parameter LogToConsole to value 1
Set parameter MIPGap to value 0.05
Set parameter LogFile to value "C:\Users\TECNO-MASTER\Desktop\Elmo_infrastructure_sizing_NP-\output\DCH_septiembre\Bateria_482\Costo_variable\Carga_libre\Carga_on_board_variable_3estaciones_P160kW_Descomp/station_2_d1_stage1\gurobi.log"
Set parameter Threads to value 1
Set parameter Heuristics to value 0.5
Set parameter MIPFocus to value 3
Set parameter Presolve to value 2
Set parameter FlowCoverCuts to value 2
Set parameter TimeLimit to value 1200
Presolve removed 20947 rows and 28432 columns
Presolve time: 0.26s
Presolved: 2825 rows, 10815 columns, 33077 nonzeros
Gurobi Optimizer version 12.0.0 build v12.0.0rc1 (win64 - Windows 11+.0 (26200.2))

CPU model: Intel(R) Core(TM) i9-14900K, instruction set [SSE2|AVX|AVX2]

Root relaxation: objective 1.159111e+05, 7367 iterations, 1.03 seconds (1.18 work units)
Variable types: 841 continuous, 9974 integer (9973 binary)
Thread count: 24 physical cores, 32 logical processors, using up to 1 threads

Non-default parameters:
TimeLimit  1200
MIPGap  0.05
Heuristics  0.5
MIPFocus  3
FlowCoverCuts  2
Presolve  2
Threads  1

Optimize a model with 23742 rows, 39247 columns and 116650 nonzeros
Model fingerprint: 0xa8f28d15
Variable types: 18325 continuous, 20922 integer (20921 binary)
Coefficient statistics:
  Matrix range     [1e-01, 2e+02]
  Objective range  [1e-02, 6e+04]
  Bounds range     [1e+00, 1e+00]
  RHS range        [1e+00, 1e+04]
Presolve removed 20947 rows and 28432 columns
Presolve time: 0.27s
Presolved: 2825 rows, 10815 columns, 33077 nonzeros
Variable types: 841 continuous, 9974 integer (9973 binary)
Root relaxation presolved: 2825 rows, 10815 columns, 33077 nonzeros


Root relaxation: objective 1.123977e+05, 6366 iterations, 0.89 seconds (0.99 work units)
Presolve removed 20947 rows and 28433 columns
Presolve time: 0.26s
Presolved: 2795 rows, 10814 columns, 32927 nonzeros
Variable types: 840 continuous, 9974 integer (9973 binary)
Root relaxation presolved: 2825 rows, 10815 columns, 33077 nonzeros


Root relaxation: objective 8.483265e+04, 6287 iterations, 0.80 seconds (0.93 work units)
Root relaxation presolved: 2795 rows, 10814 columns, 32927 nonzeros


Root relaxation: objective 1.171923e+05, 5720 iterations, 0.72 seconds (0.87 work units)

Root relaxation: objective 1.133775e+05, 6488 iterations, 0.81 seconds (0.98 work units)
Presolve removed 20947 rows and 28433 columns
Presolve time: 0.25s
Presolved: 2795 rows, 10814 columns, 32927 nonzeros

Root relaxation: objective 8.558840e+04, 5673 iterations, 0.79 seconds (0.83 work units)
Variable types: 840 continuous, 9974 integer (9973 binary)
Presolve removed 20947 rows and 28432 columns
Presolve time: 0.26s
Presolved: 2825 rows, 10815 columns, 33077 nonzeros
Root relaxation presolved: 2795 rows, 10814 columns, 32927 nonzeros

Variable types: 841 continuous, 9974 integer (9973 binary)
Root relaxation presolved: 2825 rows, 10815 columns, 33077 nonzeros

Presolve removed 20947 rows and 28433 columns
Presolve time: 0.24s
Presolved: 2795 rows, 10814 columns, 32927 nonzeros
Variable types: 840 continuous, 9974 integer (9973 binary)

Root relaxation: objective 1.387715e+05, 6986 iterations, 0.88 seconds (1.04 work units)
Root relaxation presolved: 2795 rows, 10814 columns, 32927 nonzeros


Root relaxation: objective 1.040322e+05, 6492 iterations, 0.79 seconds (0.92 work units)

    Nodes    |    Current Node    |     Objective Bounds      |     Work
 Expl Unexpl |  Obj  Depth IntInf | Incumbent    BestBd   Gap | It/Node Time

     0     0 137691.640    0  469          - 137691.640      -     -    2s

Root relaxation: objective 1.128734e+05, 6704 iterations, 0.90 seconds (1.02 work units)

Root relaxation: objective 1.362640e+05, 8166 iterations, 1.19 seconds (1.25 work units)

Root relaxation: objective 1.422445e+05, 6155 iterations, 0.76 seconds (0.93 work units)

Root relaxation: objective 1.391566e+05, 6382 iterations, 0.92 seconds (1.01 work units)
     0     0 147519.283    0  375          - 147519.283      -     -    2s
H    0     0                    186306.88230 147519.283  20.8%     -    2s
H    0     0                    186130.14792 147519.283  20.7%     -    2s
H    0     0                    172789.46417 147519.283  14.6%     -    2s

Root relaxation: objective 1.166515e+05, 6826 iterations, 0.96 seconds (1.07 work units)

    Nodes    |    Current Node    |     Objective Bounds      |     Work
 Expl Unexpl |  Obj  Depth IntInf | Incumbent    BestBd   Gap | It/Node Time

     0     0 155065.629    0   69          - 155065.629      -     -    2s

Root relaxation: objective 1.426648e+05, 8098 iterations, 1.20 seconds (1.27 work units)
H    0     0                    155207.19028 155065.629  0.09%     -    3s

Explored 1 nodes (21290 simplex iterations) in 3.01 seconds (3.18 work units)
Thread count was 1 (of 32 available processors)

Solution count 1: 155207 

Optimal solution found (tolerance 5.00e-02)
Best objective 1.552071902809e+05, best bound 1.550656285364e+05, gap 0.0912%

Root relaxation: objective 1.409062e+05, 6199 iterations, 0.78 seconds (0.95 work units)

Root relaxation: objective 1.423057e+05, 6797 iterations, 0.95 seconds (1.03 work units)

Root relaxation: objective 1.434995e+05, 6577 iterations, 0.87 seconds (0.96 work units)

    Nodes    |    Current Node    |     Objective Bounds      |     Work
 Expl Unexpl |  Obj  Depth IntInf | Incumbent    BestBd   Gap | It/Node Time

     0     0 120378.875    0  307          - 120378.875      -     -    3s

Root relaxation: objective 1.161936e+05, 6265 iterations, 0.87 seconds (0.95 work units)

Root relaxation: objective 1.167018e+05, 6224 iterations, 0.76 seconds (0.95 work units)

Root relaxation: objective 1.438418e+05, 7662 iterations, 0.96 seconds (1.17 work units)

Root relaxation: objective 1.167868e+05, 8047 iterations, 1.07 seconds (1.33 work units)

    Nodes    |    Current Node    |     Objective Bounds      |     Work
 Expl Unexpl |  Obj  Depth IntInf | Incumbent    BestBd   Gap | It/Node Time

     0     0 120529.430    0  350          - 120529.430      -     -    3s

    Nodes    |    Current Node    |     Objective Bounds      |     Work
 Expl Unexpl |  Obj  Depth IntInf | Incumbent    BestBd   Gap | It/Node Time

     0     0 136264.018    0  471          - 136264.018      -     -    2s

    Nodes    |    Current Node    |     Objective Bounds      |     Work
 Expl Unexpl |  Obj  Depth IntInf | Incumbent    BestBd   Gap | It/Node Time

     0     0 142244.518    0  475          - 142244.518      -     -    1s

    Nodes    |    Current Node    |     Objective Bounds      |     Work
 Expl Unexpl |  Obj  Depth IntInf | Incumbent    BestBd   Gap | It/Node Time

     0     0 156697.498    0   41          - 156697.498      -     -    2s
H    0     0                    157516.01975 156697.498  0.52%     -    2s

Explored 1 nodes (14690 simplex iterations) in 2.44 seconds (2.25 work units)
Thread count was 1 (of 32 available processors)

Solution count 1: 157516 

Optimal solution found (tolerance 5.00e-02)
Best objective 1.575160197452e+05, best bound 1.566974979212e+05, gap 0.5196%

    Nodes    |    Current Node    |     Objective Bounds      |     Work
 Expl Unexpl |  Obj  Depth IntInf | Incumbent    BestBd   Gap | It/Node Time

     0     0 139156.555    0  477          - 139156.555      -     -    2s

    Nodes    |    Current Node    |     Objective Bounds      |     Work
 Expl Unexpl |  Obj  Depth IntInf | Incumbent    BestBd   Gap | It/Node Time

     0     0 155210.607    0   74          - 155210.607      -     -    2s
     0     0 151238.801    0  426          - 151238.801      -     -    2s
     0     0 146091.662    0  368          - 146091.662      -     -    2s

    Nodes    |    Current Node    |     Objective Bounds      |     Work
 Expl Unexpl |  Obj  Depth IntInf | Incumbent    BestBd   Gap | It/Node Time

     0     0 154473.645    0  132          - 154473.645      -     -    2s
     0     0 148984.198    0  388          - 148984.198      -     -    2s

    Nodes    |    Current Node    |     Objective Bounds      |     Work
 Expl Unexpl |  Obj  Depth IntInf | Incumbent    BestBd   Gap | It/Node Time

     0     0 123205.095    0  287          - 123205.095      -     -    2s
H    0     0                    154723.82382 154473.645  0.16%     -    2s

Explored 1 nodes (20154 simplex iterations) in 2.86 seconds (2.98 work units)
Thread count was 1 (of 32 available processors)

Solution count 1: 154724 

Optimal solution found (tolerance 5.00e-02)
Best objective 1.547238238235e+05, best bound 1.544736449536e+05, gap 0.1617%

    Nodes    |    Current Node    |     Objective Bounds      |     Work
 Expl Unexpl |  Obj  Depth IntInf | Incumbent    BestBd   Gap | It/Node Time

     0     0 142664.756    0  469          - 142664.756      -     -    2s
     0     0 156528.225    0  118          - 156528.225      -     -    2s

    Nodes    |    Current Node    |     Objective Bounds      |     Work
 Expl Unexpl |  Obj  Depth IntInf | Incumbent    BestBd   Gap | It/Node Time

     0     0 147489.392    0  275          - 147489.392      -     -    3s

    Nodes    |    Current Node    |     Objective Bounds      |     Work
 Expl Unexpl |  Obj  Depth IntInf | Incumbent    BestBd   Gap | It/Node Time

     0     0 120313.552    0  305          - 120313.552      -     -    2s
     0     0 151659.039    0  376          - 151659.039      -     -    2s

    Nodes    |    Current Node    |     Objective Bounds      |     Work
 Expl Unexpl |  Obj  Depth IntInf | Incumbent    BestBd   Gap | It/Node Time

     0     0 142305.743    0  460          - 142305.743      -     -    2s

    Nodes    |    Current Node    |     Objective Bounds      |     Work
 Expl Unexpl |  Obj  Depth IntInf | Incumbent    BestBd   Gap | It/Node Time

     0     0 156132.643    0   58          - 156132.643      -     -    2s

    Nodes    |    Current Node    |     Objective Bounds      |     Work
 Expl Unexpl |  Obj  Depth IntInf | Incumbent    BestBd   Gap | It/Node Time

     0     0 124905.426    0  262          - 124905.426      -     -    3s

    Nodes    |    Current Node    |     Objective Bounds      |     Work
 Expl Unexpl |  Obj  Depth IntInf | Incumbent    BestBd   Gap | It/Node Time

     0     0 156610.534    0   16          - 156610.534      -     -    2s
     0     0 151300.025    0  391          - 151300.025      -     -    2s

H    0     0                    156336.04346 156132.643  0.13%     -    2s
    Nodes    |    Current Node    |     Objective Bounds      |     Work
 Expl Unexpl |  Obj  Depth IntInf | Incumbent    BestBd   Gap | It/Node Time

     0     0 120352.940    0  342          - 120352.940      -     -    3s
H    0     0                    156618.36206 156610.534  0.00%     -    2s

Explored 1 nodes (14668 simplex iterations) in 2.63 seconds (2.44 work units)
Thread count was 1 (of 32 available processors)

Solution count 1: 156336 

Optimal solution found (tolerance 5.00e-02)
Best objective 1.563360434615e+05, best bound 1.561326432914e+05, gap 0.1301%

Explored 1 nodes (21051 simplex iterations) in 2.92 seconds (3.11 work units)
Thread count was 1 (of 32 available processors)

Solution count 1: 156618 

Optimal solution found (tolerance 5.00e-02)
Best objective 1.566183620595e+05, best bound 1.566105342862e+05, gap 0.0050%
     0     0 155015.147    0  111          - 155015.147      -     -    3s
     0     0 152075.982    0  291 172789.464 152075.982  12.0%     -    3s

    Nodes    |    Current Node    |     Objective Bounds      |     Work
 Expl Unexpl |  Obj  Depth IntInf | Incumbent    BestBd   Gap | It/Node Time

     0     0 154111.058    0   71          - 154111.058      -     -    3s
H    0     0                    168910.24178 152649.013  9.63%     -    3s
     0     0 120657.569    0  312          - 120657.569      -     -    4s

    Nodes    |    Current Node    |     Objective Bounds      |     Work
 Expl Unexpl |  Obj  Depth IntInf | Incumbent    BestBd   Gap | It/Node Time

     0     0 156328.521    0   40          - 156328.521      -     -    2s
H    0     0                    168412.58007 152649.013  9.36%     -    3s
H    0     0                    168207.66748 152649.013  9.25%     -    3s
H    0     0                    167518.09170 152649.013  8.88%     -    4s

    Nodes    |    Current Node    |     Objective Bounds      |     Work
 Expl Unexpl |  Obj  Depth IntInf | Incumbent    BestBd   Gap | It/Node Time

     0     0 143841.825    0  460          - 143841.825      -     -    2s
     0     0 120668.990    0  303          - 120668.990      -     -    4s
H    0     0                    167517.91379 152649.013  8.88%     -    4s
H    0     0                    166940.88621 152649.013  8.56%     -    4s

    Nodes    |    Current Node    |     Objective Bounds      |     Work
 Expl Unexpl |  Obj  Depth IntInf | Incumbent    BestBd   Gap | It/Node Time

     0     0 125645.758    0  264          - 125645.758      -     -    2s
     0     0 152836.108    0  388          - 152836.108      -     -    2s

    Nodes    |    Current Node    |     Objective Bounds      |     Work
 Expl Unexpl |  Obj  Depth IntInf | Incumbent    BestBd   Gap | It/Node Time

     0     0 148599.167    0  267          - 148599.167      -     -    3s
     0     0 155246.372    0   69          - 155246.372      -     -    3s
     0     0 156660.866    0  150          - 156660.866      -     -    2s
     0     0 155246.372    0   78          - 155246.372      -     -    3s
     0     0 156561.833    0   52          - 156561.833      -     -    3s

    Nodes    |    Current Node    |     Objective Bounds      |     Work
 Expl Unexpl |  Obj  Depth IntInf | Incumbent    BestBd   Gap | It/Node Time

     0     0 155720.123    0   52          - 155720.123      -     -    3s
     0     0 156328.521    0   54          - 156328.521      -     -    2s
H    0     0                    155832.31953 155720.123  0.07%     -    3s

Explored 1 nodes (21942 simplex iterations) in 3.88 seconds (3.71 work units)
Thread count was 1 (of 32 available processors)

Solution count 1: 155832 

Optimal solution found (tolerance 5.00e-02)
Best objective 1.558323195289e+05, best bound 1.557201233177e+05, gap 0.0720%
     0     0 156328.521    0   54          - 156328.521      -     -    2s

    Nodes    |    Current Node    |     Objective Bounds      |     Work
 Expl Unexpl |  Obj  Depth IntInf | Incumbent    BestBd   Gap | It/Node Time

     0     0 125187.898    0  315          - 125187.898      -     -    2s

    Nodes    |    Current Node    |     Objective Bounds      |     Work
 Expl Unexpl |  Obj  Depth IntInf | Incumbent    BestBd   Gap | It/Node Time

     0     0 119598.788    0  322          - 119598.788      -     -    3s
     0     0 155383.422    0  146          - 155383.422      -     -    3s
     0     0 155015.147    0   32          - 155015.147      -     -    4s

    Nodes    |    Current Node    |     Objective Bounds      |     Work
 Expl Unexpl |  Obj  Depth IntInf | Incumbent    BestBd   Gap | It/Node Time

     0     0 125781.098    0  288          - 125781.098      -     -    2s
H    0     0                    156146.25954 155015.147  0.72%     -    4s

Cutting planes:
  Gomory: 2
  Lift-and-project: 1
  Cover: 6
  Implied bound: 1
  Clique: 3
  Flow cover: 2
  RLT: 2
  Relax-and-lift: 14

Explored 1 nodes (19686 simplex iterations) in 4.21 seconds (3.77 work units)
Thread count was 1 (of 32 available processors)

Solution count 1: 156146 

Optimal solution found (tolerance 5.00e-02)
Best objective 1.561462595416e+05, best bound 1.550151470881e+05, gap 0.7244%

    Nodes    |    Current Node    |     Objective Bounds      |     Work
 Expl Unexpl |  Obj  Depth IntInf | Incumbent    BestBd   Gap | It/Node Time

     0     0 149900.485    0  291          - 149900.485      -     -    3s
     0     0 157324.717    0  147          - 157324.717      -     -    3s
     0     0 120503.896    0  307          - 120503.896      -     -    4s
     0     0 120716.999    0  305          - 120716.999      -     -    5s
H    0     0                    157407.31818 157324.717  0.05%     -    3s

Explored 1 nodes (15896 simplex iterations) in 3.07 seconds (3.07 work units)
Thread count was 1 (of 32 available processors)

Solution count 1: 157407 

Optimal solution found (tolerance 5.00e-02)
Best objective 1.574073181803e+05, best bound 1.573247171524e+05, gap 0.0525%
     0     0 120528.877    0  307          - 120528.877      -     -    4s
     0     0 156561.833    0   26          - 156561.833      -     -    3s

    Nodes    |    Current Node    |     Objective Bounds      |     Work
 Expl Unexpl |  Obj  Depth IntInf | Incumbent    BestBd   Gap | It/Node Time

     0     0 121020.923    0  318          - 121020.923      -     -    4s
     0     0 120738.584    0  308          - 120738.584      -     -    5s
H    0     0                    156783.78763 156561.833  0.14%     -    3s

Cutting planes:
  Gomory: 26
  Lift-and-project: 20
  Cover: 7
  Implied bound: 1
  Clique: 2
  Zero half: 8
  RLT: 2
  Relax-and-lift: 8

Explored 1 nodes (19774 simplex iterations) in 3.99 seconds (3.72 work units)
Thread count was 1 (of 32 available processors)

Solution count 1: 156784 

Optimal solution found (tolerance 5.00e-02)
Best objective 1.567837876312e+05, best bound 1.565618332632e+05, gap 0.1416%
     0     0 154111.058    0   41          - 154111.058      -     -    4s
H    0     0                    154727.01049 154111.058  0.40%     -    4s

Cutting planes:
  Lift-and-project: 1
  Cover: 2
  Clique: 2
  Flow cover: 1
  Zero half: 5
  Relax-and-lift: 8

Explored 1 nodes (25967 simplex iterations) in 4.44 seconds (4.36 work units)
Thread count was 1 (of 32 available processors)

Solution count 1: 154727 

Optimal solution found (tolerance 5.00e-02)
Best objective 1.547270104888e+05, best bound 1.541110581412e+05, gap 0.3981%
     0     0 150733.102    0  298          - 150733.102      -     -    4s
     0     0 154601.817    0  256          - 154601.817      -     -    3s
     0     0 120668.990    0  297          - 120668.990      -     -    5s
     0     0 155246.372    0   29          - 155246.372      -     -    4s
     0     0 152132.834    0  337          - 152132.834      -     -    4s
H    0     0                    155567.35311 155246.372  0.21%     -    4s

Cutting planes:
  Gomory: 5
  Lift-and-project: 8
  Cover: 10
  Implied bound: 1
  Clique: 4
  Zero half: 40
  RLT: 3
  Relax-and-lift: 9

Explored 1 nodes (19327 simplex iterations) in 4.43 seconds (3.73 work units)
Thread count was 1 (of 32 available processors)

Solution count 1: 155567 

Optimal solution found (tolerance 5.00e-02)
Best objective 1.555673531136e+05, best bound 1.552463724526e+05, gap 0.2063%
     0     0 120488.172    0  323          - 120488.172      -     -    4s

    Nodes    |    Current Node    |     Objective Bounds      |     Work
 Expl Unexpl |  Obj  Depth IntInf | Incumbent    BestBd   Gap | It/Node Time

     0     0 155288.401    0   83          - 155288.401      -     -    4s
     0     0 156328.521    0   42          - 156328.521      -     -    3s
     0     0 120543.262    0  327          - 120543.262      -     -    4s
     0     0 156660.866    0   47          - 156660.866      -     -    4s

    Nodes    |    Current Node    |     Objective Bounds      |     Work
 Expl Unexpl |  Obj  Depth IntInf | Incumbent    BestBd   Gap | It/Node Time

     0     0 152493.778    0  270          - 152493.778      -     -    3s
     0     0 120543.262    0  349          - 120543.262      -     -    4s
     0     0 156328.521    0   72          - 156328.521      -     -    3s
     0     0 156660.866    0   51          - 156660.866      -     -    4s
     0     0 148926.236    0  288          - 148926.236      -     -    4s
     0     0 155083.757    0  240          - 155083.757      -     -    4s
     0     0 152649.013    0  254 166940.886 152649.013  8.56%     -    5s
     0     0 153721.479    0  280          - 153721.479      -     -    4s
     0     0 150380.028    0  315          - 150380.028      -     -    4s
     0     0 155383.422    0   55          - 155383.422      -     -    3s
     0     0 155309.718    0  280          - 155309.718      -     -    4s
     0     0 155383.422    0   76          - 155383.422      -     -    3s
     0     0 154838.434    0  277          - 154838.434      -     -    4s
     0     0 120528.877    0  309          - 120528.877      -     -    4s
     0     0 156459.503    0  285          - 156459.503      -     -    4s
     0     0 156754.558    0  242          - 156754.558      -     -    3s
     0     0 157130.966    0  250          - 157130.966      -     -    4s
     0     0 120738.584    0  285          - 120738.584      -     -    6s
     0     0 120738.584    0  302          - 120738.584      -     -    6s
     0     0 153346.539    0  281          - 153346.539      -     -    5s
     0     0 155300.652    0   48          - 155300.652      -     -    5s
     0     0 121190.962    0  310          - 121190.962      -     -    5s
H    0     0                    155647.97118 155300.652  0.22%     -    5s

Cutting planes:
  Gomory: 10
  Lift-and-project: 4
  Cover: 2
  Implied bound: 2
  Clique: 1
  Mixing: 1
  Flow cover: 3
  Zero half: 8
  RLT: 5
  Relax-and-lift: 4

Explored 1 nodes (30885 simplex iterations) in 5.28 seconds (4.91 work units)
Thread count was 1 (of 32 available processors)

Solution count 1: 155648 

Optimal solution found (tolerance 5.00e-02)
     0     0 156660.866    0   98          - 156660.866      -     -    4s
Best objective 1.556479711801e+05, best bound 1.553006520875e+05, gap 0.2231%
     0     0 156660.866    0   77          - 156660.866      -     -    5s
     0     0 120543.262    0  300          - 120543.262      -     -    5s
     0     0 121228.617    0  416          - 121228.617      -     -    5s
     0     0 155383.422    0   95          - 155383.422      -     -    4s
     0     0 121228.617    0  415          - 121228.617      -     -    5s
H    0     0                    155524.20159 155383.422  0.09%     -    4s

Cutting planes:
  Gomory: 4
  Lift-and-project: 2
  Cover: 8
  Clique: 2
  Flow cover: 3
  Zero half: 8
  Relax-and-lift: 9

Explored 1 nodes (22153 simplex iterations) in 4.80 seconds (4.29 work units)
Thread count was 1 (of 32 available processors)

Solution count 1: 155524 

Optimal solution found (tolerance 5.00e-02)
Best objective 1.555242015927e+05, best bound 1.553834215555e+05, gap 0.0905%
     0     0 156328.521    0   62          - 156328.521      -     -    4s
     0     0 120198.821    0  319          - 120198.821      -     -    5s
     0     0 120238.242    0  343          - 120238.242      -     -    5s
     0     0 152566.609    0  285          - 152566.609      -     -    6s
     0     0 152567.580    0  305          - 152567.580      -     -    6s
     0     0 156328.521    0   62          - 156328.521      -     -    4s
H    0     0                    156378.95762 156328.521  0.03%     -    4s

Cutting planes:
  Gomory: 20
  Lift-and-project: 15
  Cover: 4
  Clique: 2
  Zero half: 9
  RLT: 3
  Relax-and-lift: 9

Explored 1 nodes (25553 simplex iterations) in 4.94 seconds (4.38 work units)
Thread count was 1 (of 32 available processors)

Solution count 1: 156379 

Optimal solution found (tolerance 5.00e-02)
Best objective 1.563789576234e+05, best bound 1.563285214143e+05, gap 0.0323%
     0     0 156198.421    0  214          - 156198.421      -     -    5s
     0     0 120668.990    0  319          - 120668.990      -     -    7s
     0     0 120528.877    0  309          - 120528.877      -     -    6s
     0     0 155309.718    0  275          - 155309.718      -     -    5s
     0     0 150380.028    0  273          - 150380.028      -     -    5s
     0     0 156448.384    0  238          - 156448.384      -     -    5s
     0     0 120668.990    0  325          - 120668.990      -     -    7s
     0     0 156448.384    0  240          - 156448.384      -     -    5s
     0     0 153497.527    0  277          - 153497.527      -     -    5s
     0     0 156660.866    0   29          - 156660.866      -     -    5s
H    0     0                    156665.87308 156660.866  0.00%     -    5s

Cutting planes:
  Gomory: 32
  Lift-and-project: 10
  Cover: 16
  Implied bound: 1
  Clique: 5
  Flow cover: 4
  Zero half: 19
  RLT: 2
  Relax-and-lift: 24

Explored 1 nodes (21902 simplex iterations) in 5.83 seconds (4.88 work units)
Thread count was 1 (of 32 available processors)

Solution count 1: 156666 

Optimal solution found (tolerance 5.00e-02)
Best objective 1.566658730788e+05, best bound 1.566608663620e+05, gap 0.0032%
     0     0 155694.125    0  285          - 155694.125      -     -    5s
     0     0 158361.372    0  262          - 158361.372      -     -    5s
     0     0 156490.552    0  233          - 156490.552      -     -    5s
     0     0 121228.617    0  324          - 121228.617      -     -    6s
     0     0 120738.584    0  298          - 120738.584      -     -    7s
     0     0 152649.013    0  257 166940.886 152649.013  8.56%     -    7s
     0     0 153862.807    0  282          - 153862.807      -     -    6s
     0     0 153864.559    0  317          - 153864.559      -     -    6s
     0     0 120238.242    0  300          - 120238.242      -     -    6s
     0     0 120543.262    0  307          - 120543.262      -     -    6s
     0     0 120543.262    0  294          - 120543.262      -     -    7s
     0     0 120528.877    0  333          - 120528.877      -     -    7s
     0     0 120528.877    0  353          - 120528.877      -     -    7s
     0     0 120668.990    0  323          - 120668.990      -     -    8s
     0     0 156448.384    0  266          - 156448.384      -     -    7s
     0     0 152671.579    0  292          - 152671.579      -     -    7s
     0     0 150380.028    0  256          - 150380.028      -     -    7s
     0     0 152671.579    0  308          - 152671.579      -     -    8s
     0     0 120738.584    0  292          - 120738.584      -     -    8s
     0     0 121228.617    0  330          - 121228.617      -     -    7s
     0     0 155104.358    0  221          - 155104.358      -     -    6s
     0     0 120668.990    0  323          - 120668.990      -     -    9s
     0     0 156198.421    0  217          - 156198.421      -     -    7s
     0     0 155309.718    0  279          - 155309.718      -     -    7s
     0     0 156198.421    0  219          - 156198.421      -     -    7s
     0     0 155309.718    0  279          - 155309.718      -     -    7s
     0     0 156490.552    0  241          - 156490.552      -     -    7s
H    0     0                    177290.03369 120668.990  31.9%     -    9s
     0     0 120543.262    0  312          - 120543.262      -     -    8s
H    0     0                    174008.10044 120668.990  30.7%     -    9s
     0     0 158361.372    0  225          - 158361.372      -     -    7s
     0     0 120543.262    0  352          - 120543.262      -     -    8s
     0     0 120528.877    0  357          - 120528.877      -     -    8s
     0     0 157318.590    0  232          - 157318.590      -     -    7s
     0     0 154413.751    0  255          - 154413.751      -     -    8s
     0     0 157318.590    0  227          - 157318.590      -     -    7s
     0     0 156448.384    0  247          - 156448.384      -     -    8s
H    0     0                    169506.67151 120668.990  28.8%     -    9s
H    0     0                    169499.36676 120668.990  28.8%     -    9s
H    0     0                    169620.17725 156448.384  7.77%     -    8s
     0     0 120238.242    0  320          - 120238.242      -     -    8s
     0     0 152649.013    0  288 166940.886 152649.013  8.56%     -    9s
H    0     0                    168865.52113 156448.384  7.35%     -    8s
H    0     0                    168865.52097 156448.384  7.35%     -    8s
H    0     0                    168793.21639 156448.384  7.31%     -    8s
     0     0 120528.877    0  301          - 120528.877      -     -    8s
H    0     0                    168567.66481 156448.384  7.19%     -    8s
H    0     0                    168458.62988 156448.384  7.13%     -    8s
H    0     0                    176945.64590 120528.877  31.9%     -    8s
     0     0 120738.584    0  290          - 120738.584      -     -    9s
H    0     0                    167382.11719 156448.384  6.53%     -    8s
H    0     0                    176944.30145 120528.877  31.9%     -    8s
     0     2 120668.990    0  312 169499.367 120668.990  28.8%     -   10s
     0     0 120543.262    0  332          - 120543.262      -     -    9s
     0     0 152703.296    0  292          - 152703.296      -     -    9s
H    0     0                    176351.25622 120528.877  31.7%     -    9s
     0     0 121228.617    0  315          - 121228.617      -     -    9s
     0     0 121228.617    0  326          - 121228.617      -     -    9s
     0     0 156198.421    0  218          - 156198.421      -     -    8s
H    0     0                    176247.71546 120528.877  31.6%     -    9s
     0     0 152649.013    0  265 166940.886 152649.013  8.56%     -    9s
     0     0 120738.584    0  290          - 120738.584      -     -   10s
H    3     1                    155646.70972 155507.726  0.09%  1283   10s

Cutting planes:
  Gomory: 4
  Cover: 12
  Implied bound: 5
  Clique: 4
  MIR: 4
  Mixing: 9
  Flow cover: 3
  Zero half: 2
  RLT: 1
  Relax-and-lift: 19

Explored 4 nodes (44702 simplex iterations) in 10.59 seconds (10.57 work units)
Thread count was 1 (of 32 available processors)

Solution count 5: 155647 169499 169507 ... 177290

Optimal solution found (tolerance 5.00e-02)
Best objective 1.556467097195e+05, best bound 1.555077258099e+05, gap 0.0893%
H    0     0                    163633.68960 120528.877  26.3%     -    9s
H    0     0                    163514.86265 120528.877  26.3%     -    9s
     0     0 150380.028    0  249          - 150380.028      -     -    9s
     0     2 156448.384    0  247 167382.117 156448.384  6.53%     -    9s
     0     0 120543.262    0  321          - 120543.262      -     -    9s

Cutting planes:
  Gomory: 4
  Cover: 13
  Clique: 6
  Flow cover: 1
  Zero half: 6
  Relax-and-lift: 15

Explored 3 nodes (30206 simplex iterations) in 9.08 seconds (8.27 work units)
Thread count was 1 (of 32 available processors)

Solution count 7: 167382 168459 168568 ... 169620

Optimal solution found (tolerance 5.00e-02)
Best objective 1.673821171857e+05, best bound 1.641558597819e+05, gap 1.9275%
     0     0 155309.718    0  310          - 155309.718      -     -    9s
H    0     0                    166822.05926 152649.013  8.50%     -   10s
H    0     0                    180527.15682 120543.262  33.2%     -    9s
     0     0 156624.358    0  254          - 156624.358      -     -    8s
     0     0 152703.296    0  292          - 152703.296      -     -   10s
     0     0 156490.552    0  241          - 156490.552      -     -    9s
     0     0 158361.372    0  244          - 158361.372      -     -    8s
H    0     0                    184622.41844 120738.584  34.6%     -   10s
     0     0 156198.421    0  218          - 156198.421      -     -    9s
H    0     0                    166584.40536 152649.013  8.37%     -   10s
H    0     0                    166465.57840 152649.013  8.30%     -   10s
H    0     0                    177556.59322 120738.584  32.0%     -   10s
     0     0 159015.013    0  245          - 159015.013      -     -    8s
H    0     0                    167970.34730 156198.421  7.01%     -    9s
     0     0 154945.648    0  278          - 154945.648      -     -    9s
     0     0 120238.242    0  344          - 120238.242      -     -    9s
     0     2 120561.371    0  301 163514.863 120561.371  26.3%     -    9s
H    0     0                    177285.45503 120543.262  32.0%     -    9s
H    0     0                    177258.77314 120543.262  32.0%     -    9s
     0     0 150380.028    0  249          - 150380.028      -     -    9s
H    0     0                    177014.49887 120738.584  31.8%     -   10s
H    0     0                    175060.31565 120738.584  31.0%     -   11s
H    0     0                    175020.51204 120738.584  31.0%     -   11s
H    0     0                    175016.22327 120738.584  31.0%     -   11s
H    0     0                    186861.15589 152703.296  18.3%     -   10s
H    0     0                    167759.60724 156198.421  6.89%     -    9s
H    0     0                    167712.77142 156198.421  6.87%     -    9s
H    0     0                    183720.06697 152703.296  16.9%     -   10s
H    0     0                    187515.72533 150380.028  19.8%     -    9s
H    0     0                    167550.66368 156198.421  6.78%     -    9s
     2     2 155825.047    1  192 163514.863 155825.047  4.70%  2356   10s

Cutting planes:
  Gomory: 6
  Cover: 5
  Implied bound: 1
  Clique: 1
  MIR: 2
  Zero half: 4
  RLT: 2
  Relax-and-lift: 8

Explored 3 nodes (41913 simplex iterations) in 10.06 seconds (10.98 work units)
Thread count was 1 (of 32 available processors)

Solution count 6: 163515 163634 176248 ... 176946

Optimal solution found (tolerance 5.00e-02)
Best objective 1.635148626471e+05, best bound 1.558250470433e+05, gap 4.7028%
H    0     0                    183511.65359 152703.296  16.8%     -   10s
H    0     0                    182182.82434 152703.296  16.2%     -   10s
H    0     0                    183177.27324 150380.028  17.9%     -    9s
H    0     0                    182092.24244 152703.296  16.1%     -   10s
     0     0 121228.617    0  322          - 121228.617      -     -   10s
H    0     0                    183177.27306 150380.028  17.9%     -    9s
H    0     0                    166409.08236 152649.013  8.27%     -   10s
     0     2 154465.669    0  252 166409.082 154465.669  7.18%     -   10s
H    0     0                    181584.54525 152703.296  15.9%     -   10s
H    0     0                    174554.48296 120543.262  30.9%     -   10s
H    0     0                    181176.45657 152703.296  15.7%     -   10s
H    0     0                    180684.59099 152703.296  15.5%     -   10s
H    0     0                    166437.02113 150380.028  9.65%     -   10s
     0     0 156490.552    0  222          - 156490.552      -     -    9s
H    0     0                    171869.83655 120543.262  29.9%     -   10s
H    0     0                    166134.68334 150380.028  9.48%     -   10s

Cutting planes:
  Gomory: 4
  Cover: 15
  MIR: 1
  Flow cover: 2
  Zero half: 6
  Relax-and-lift: 10
     0     0 158361.372    0  244          - 158361.372      -     -    9s

Explored 3 nodes (35614 simplex iterations) in 10.91 seconds (10.34 work units)
Thread count was 1 (of 32 available processors)

Solution count 10: 166409 166466 166584 ... 168910

Optimal solution found (tolerance 5.00e-02)
Best objective 1.664090823584e+05, best bound 1.622830127015e+05, gap 2.4795%
H    0     0                    166911.97530 120543.262  27.8%     -   10s
H    0     0                    168741.25519 156490.552  7.26%     -    9s
     0     0 120238.242    0  293          - 120238.242      -     -    9s
H    0     0                    174982.04138 158361.372  9.50%     -    9s
     0     2 156413.589    0  218 167550.664 156413.589  6.65%     -    9s
     0     0 121228.617    0  322          - 121228.617      -     -   10s
H    0     0                    174216.49483 158361.372  9.10%     -    9s
H    0     0                    174997.05394 120738.584  31.0%     -   11s
     0     2 120738.584    0  290 174997.054 120738.584  31.0%     -   11s
     0     0 155309.718    0  293          - 155309.718      -     -   10s

Cutting planes:
  Gomory: 10
  Cover: 16
  Clique: 4
  Flow cover: 6
  Zero half: 84
  Relax-and-lift: 10

Explored 3 nodes (38664 simplex iterations) in 9.96 seconds (10.56 work units)
Thread count was 1 (of 32 available processors)

Solution count 4: 167551 167713 167760 167970 

Optimal solution found (tolerance 5.00e-02)
Best objective 1.675506636815e+05, best bound 1.635365890918e+05, gap 2.3957%
H    0     0                    172406.19806 158361.372  8.15%     -    9s
     0     2 151237.085    0  249 166134.683 151237.085  8.97%     -   10s
     0     2 120581.709    0  306 166911.975 120581.709  27.8%     -   10s
H    0     0                    185945.42287 120238.242  35.3%     -   10s
H    0     0                    168177.03659 156490.552  6.95%     -   10s
H    0     0                    172091.37655 158361.372  7.98%     -    9s
H    0     0                    170895.89533 158361.372  7.33%     -    9s
H    0     0                    170796.10323 158361.372  7.28%     -    9s
H    0     0                    173778.90523 120238.242  30.8%     -   10s
H    0     0                    172090.37540 120238.242  30.1%     -   10s
H    0     0                    171737.30921 152703.296  11.1%     -   11s
H    0     0                    171943.09405 120238.242  30.1%     -   10s
H    0     0                    170556.34163 152703.296  10.5%     -   11s

Cutting planes:
  Gomory: 4
  Cover: 14
  Clique: 2
  Flow cover: 1
  Zero half: 3
  Relax-and-lift: 7

Explored 3 nodes (37379 simplex iterations) in 10.57 seconds (10.09 work units)
Thread count was 1 (of 32 available processors)

Solution count 5: 166135 166437 183177 ... 187516

Optimal solution found (tolerance 5.00e-02)
Best objective 1.661346833431e+05, best bound 1.605181097225e+05, gap 3.3807%
H    0     0                    170538.45600 152703.296  10.5%     -   11s
H    0     0                    171904.80514 120238.242  30.1%     -   10s
H    0     0                    170708.41950 158361.372  7.23%     -    9s
H    0     0                    168125.33645 156490.552  6.92%     -   10s
H    0     0                    168106.40292 156490.552  6.91%     -   10s
H    4     2                    173898.32772 156895.586  9.78%  1006   11s
H    0     0                    168016.82025 156490.552  6.86%     -   10s
H    0     0                    167943.46633 156490.552  6.82%     -   10s
H    0     0                    183643.39604 121228.617  34.0%     -   11s
H    0     0                    167824.63938 156490.552  6.75%     -   10s
H    0     0                    178294.01522 121228.617  32.0%     -   11s
H    6     4                    156915.29744 156895.586  0.01%   683   11s

Cutting planes:
  Gomory: 3
  Cover: 21
  Implied bound: 5
  Clique: 7
  Flow cover: 5
  Zero half: 31
  Relax-and-lift: 31

Explored 7 nodes (50593 simplex iterations) in 11.97 seconds (12.29 work units)
Thread count was 1 (of 32 available processors)

Solution count 9: 156915 173898 174997 ... 184622

Optimal solution found (tolerance 5.00e-02)
Best objective 1.569152974360e+05, best bound 1.568955860406e+05, gap 0.0126%
H    0     0                    171859.17054 120238.242  30.0%     -   10s
H    0     0                    171857.81673 120238.242  30.0%     -   10s
     0     0 156963.281    0  265          - 156963.281      -     -   10s
H    0     0                    175626.41756 121228.617  31.0%     -   11s
     0     0 155462.363    0  254          - 155462.363      -     -   10s
H    0     0                    171567.48695 120238.242  29.9%     -   10s
H    0     0                    169717.70669 120238.242  29.2%     -   10s
     0     0 157020.905    0  306          - 157020.905      -     -   10s
     0     0 155462.363    0  277          - 155462.363      -     -   10s
H    0     0                    169839.15237 121228.617  28.6%     -   11s
H    0     0                    169811.13038 121228.617  28.6%     -   11s
     0     2 152825.312    0  273 170538.456 152825.312  10.4%     -   11s
H    3     1                    161350.18236 155604.832  3.56%  2534   11s

Cutting planes:
  Gomory: 4
  Cover: 26
  Implied bound: 10
  Clique: 14
  MIR: 10
  Mixing: 15
  Flow cover: 24
  Zero half: 33
  RLT: 3
  Relax-and-lift: 26

Explored 4 nodes (50064 simplex iterations) in 11.14 seconds (11.81 work units)
Thread count was 1 (of 32 available processors)

Solution count 7: 161350 166912 171870 ... 180527

Optimal solution found (tolerance 5.00e-02)
Best objective 1.613501823582e+05, best bound 1.556048316622e+05, gap 3.5608%
H    0     0                    170443.70818 158361.372  7.09%     -   10s
     0     2 120276.287    0  293 169717.707 120276.287  29.1%     -   10s
H    0     0                    168722.94022 121228.617  28.1%     -   11s
H    0     0                    168399.03036 121228.617  28.0%     -   11s
     0     2 156523.977    0  222 167824.639 156523.977  6.73%     -   10s
     0     0 159140.341    0  235          - 159140.341      -     -   10s
     0     0 159140.341    0  246          - 159140.341      -     -   10s
     0     2 158384.637    0  239 170443.708 158384.637  7.08%     -   10s
H    3     1                    161662.28956 154002.938  4.74%  1127   11s

Cutting planes:
  Gomory: 3
  Cover: 17
  Clique: 2
  Flow cover: 4
  Zero half: 19
  RLT: 2
  Relax-and-lift: 12

Explored 4 nodes (48611 simplex iterations) in 11.18 seconds (11.31 work units)
Thread count was 1 (of 32 available processors)

Solution count 10: 161662 169718 171567 ... 185945

Optimal solution found (tolerance 5.00e-02)
Best objective 1.616622895608e+05, best bound 1.540029375571e+05, gap 4.7379%

Cutting planes:
  Gomory: 10
  Cover: 17
  Clique: 10
  Flow cover: 5
  Zero half: 102
  Relax-and-lift: 22
  BQP: 1

Explored 3 nodes (32872 simplex iterations) in 10.90 seconds (9.88 work units)
Thread count was 1 (of 32 available processors)

Solution count 7: 167825 167943 168017 ... 168741

Optimal solution found (tolerance 5.00e-02)
Best objective 1.678246393803e+05, best bound 1.638575313922e+05, gap 2.3638%
H    0     0                    168158.50751 121228.617  27.9%     -   11s
     0     2 121265.627    0  318 168158.508 121265.627  27.9%     -   11s

Cutting planes:
  Gomory: 11
  Cover: 21
  Clique: 13
  Zero half: 9
  Relax-and-lift: 25

Explored 3 nodes (38255 simplex iterations) in 10.58 seconds (10.35 work units)
Thread count was 1 (of 32 available processors)

Solution count 8: 170444 170708 170796 ... 174982

Optimal solution found (tolerance 5.00e-02)
Best objective 1.704437081806e+05, best bound 1.656263251006e+05, gap 2.8264%
     0     0 155309.718    0  281          - 155309.718      -     -   11s
H    3     1                    159628.96075 157410.093  1.39%  2074   12s

Cutting planes:
  Gomory: 5
  Cover: 20
  Implied bound: 7
  Clique: 8
  MIR: 3
  Mixing: 1
  Flow cover: 4
  Zero half: 27
  RLT: 2
  Relax-and-lift: 31

Explored 4 nodes (53364 simplex iterations) in 12.29 seconds (12.86 work units)
Thread count was 1 (of 32 available processors)

Solution count 9: 159629 168159 168399 ... 183643

Optimal solution found (tolerance 5.00e-02)
Best objective 1.596289607547e+05, best bound 1.574100925326e+05, gap 1.3900%
     0     0 155462.363    0  281          - 155462.363      -     -   11s
H    9     7                    169148.30213 161962.098  4.25%   480   12s

Cutting planes:
  Gomory: 13
  Cover: 32
  Implied bound: 6
  Clique: 12
  MIR: 8
  Flow cover: 12
  Zero half: 155
  RLT: 6
  Relax-and-lift: 35

Explored 10 nodes (40972 simplex iterations) in 12.60 seconds (12.54 work units)
Thread count was 1 (of 32 available processors)

Solution count 10: 169148 170538 170556 ... 183512

Optimal solution found (tolerance 5.00e-02)
Best objective 1.691483021284e+05, best bound 1.619620976647e+05, gap 4.2485%
     0     0 155462.363    0  260          - 155462.363      -     -   12s
     0     0 157020.925    0  274          - 157020.925      -     -   11s
     0     0 157020.925    0  280          - 157020.925      -     -   11s
     0     0 155309.718    0  281          - 155309.718      -     -   12s
H    0     0                    190359.01803 155462.363  18.3%     -   12s
     0     0 159199.474    0  275          - 159199.474      -     -   12s
     0     0 159338.714    0  270          - 159338.714      -     -   12s
H    0     0                    176552.49247 155462.363  11.9%     -   12s
H    0     0                    192525.98128 155309.718  19.3%     -   12s
H    0     0                    175213.32178 155462.363  11.3%     -   12s
H    0     0                    173863.06542 155462.363  10.6%     -   12s
H    0     0                    168698.53531 155462.363  7.85%     -   13s
H    0     0                    168690.92653 155462.363  7.84%     -   13s
H    0     0                    167717.02342 155462.363  7.31%     -   13s
H    0     0                    167546.54211 155462.363  7.21%     -   13s
H    0     0                    167530.30403 155462.363  7.20%     -   13s
H    0     0                    169523.77188 155309.718  8.38%     -   13s
     0     0 157020.925    0  259          - 157020.925      -     -   12s
H    0     0                    166997.12667 155309.718  7.00%     -   13s
     0     0 157020.925    0  261          - 157020.925      -     -   12s
H    0     0                    167164.95330 155462.363  7.00%     -   13s
H    0     0                    166691.64944 155309.718  6.83%     -   13s
     0     0 159338.714    0  243          - 159338.714      -     -   12s
     0     0 159338.714    0  263          - 159338.714      -     -   12s
     0     2 156176.967    0  260 167164.953 156176.967  6.57%     -   13s

Cutting planes:
  Gomory: 16
  Cover: 12
  Implied bound: 1
  Clique: 4
  Flow cover: 6
  Zero half: 70
  RLT: 1
  Relax-and-lift: 18

Explored 3 nodes (48906 simplex iterations) in 13.59 seconds (14.66 work units)
Thread count was 1 (of 32 available processors)

Solution count 10: 167165 167530 167547 ... 190359

Optimal solution found (tolerance 5.00e-02)
Best objective 1.671649532964e+05, best bound 1.637733067296e+05, gap 2.0289%
H    0     0                    166661.78302 155309.718  6.81%     -   13s
     0     2 155309.718    0  281 166661.783 155309.718  6.81%     -   13s

Cutting planes:
  Gomory: 7
  Cover: 12
  Clique: 1
  Relax-and-lift: 11

Explored 3 nodes (43274 simplex iterations) in 13.74 seconds (14.25 work units)
Thread count was 1 (of 32 available processors)

Solution count 5: 166662 166692 166997 ... 192526

Optimal solution found (tolerance 5.00e-02)
Best objective 1.666617830192e+05, best bound 1.640270063093e+05, gap 1.5809%
     0     0 157020.925    0  273          - 157020.925      -     -   13s
     0     0 159338.714    0  251          - 159338.714      -     -   13s
     0     0 159338.714    0  275          - 159338.714      -     -   13s
     0     0 157020.925    0  273          - 157020.925      -     -   14s
H    0     0                    172417.97274 157020.925  8.93%     -   14s
H    0     0                    171842.35041 157020.925  8.63%     -   14s
H    0     0                    171773.16960 157020.925  8.59%     -   14s
H    0     0                    171761.50686 157020.925  8.58%     -   14s
H    0     0                    171563.86247 157020.925  8.48%     -   14s
H    0     0                    171501.97890 157020.925  8.44%     -   14s
H    0     0                    171492.58714 157020.925  8.44%     -   14s
H    0     0                    171406.58383 157020.925  8.39%     -   14s
H    0     0                    171395.17017 157020.925  8.39%     -   14s
H    0     0                    170474.45715 157020.925  7.89%     -   14s
H    0     0                    170453.53838 157020.925  7.88%     -   14s
     0     2 157756.274    0  271 170453.538 157756.274  7.45%     -   14s

Cutting planes:
  Gomory: 12
  Cover: 13
  Clique: 4
  MIR: 1
  Flow cover: 3
  Zero half: 6
  RLT: 1
  Relax-and-lift: 13

Explored 3 nodes (55703 simplex iterations) in 14.91 seconds (16.92 work units)
Thread count was 1 (of 32 available processors)

Solution count 10: 170454 170474 171395 ... 171842

Optimal solution found (tolerance 5.00e-02)
Best objective 1.704535383753e+05, best bound 1.621164686729e+05, gap 4.8911%
     0     0 159338.714    0  268          - 159338.714      -     -   14s
     0     0 159338.714    0  268          - 159338.714      -     -   15s
H    0     0                    172262.79390 159338.714  7.50%     -   15s
H    0     0                    170476.66703 159338.714  6.53%     -   15s
H    0     0                    170149.93487 159338.714  6.35%     -   15s
H    0     0                    169161.87031 159338.714  5.81%     -   15s
H    0     0                    168216.04513 159338.714  5.28%     -   15s
✅ Solution time [sec]: 5.97
📊 Status: optimal
💰 Operation Cost: 155207.19028085223
JSONs, log y summary guardados en 'C:\Users\TECNO-MASTER\Desktop\Elmo_infrastructure_sizing_NP-\output\DCH_septiembre\Bateria_482\Costo_variable\Carga_libre\Carga_on_board_variable_3estaciones_P160kW_Descomp/station_1_d1_stage1'.
  [Fase 1 (infra libre)] estacion=station_3 dia=244 -> C:\Users\TECNO-MASTER\Desktop\Elmo_infrastructure_sizing_NP-\output\DCH_septiembre\Bateria_482\Costo_variable\Carga_libre\Carga_on_board_variable_3estaciones_P160kW_Descomp/station_3_d244_stage1
formulation time: 7.663008689880371
Solving opt model... (Puedes presionar Ctrl+C para detener y guardar la mejor solución actual)
Set parameter OutputFlag to value 1
Set parameter OutputFlag to value 1
Set parameter LogToConsole to value 1
Set parameter MIPGap to value 0.05
Set parameter LogFile to value "C:\Users\TECNO-MASTER\Desktop\Elmo_infrastructure_sizing_NP-\output\DCH_septiembre\Bateria_482\Costo_variable\Carga_libre\Carga_on_board_variable_3estaciones_P160kW_Descomp/station_3_d244_stage1\gurobi.log"
Set parameter Threads to value 1
Set parameter Heuristics to value 0.5
Set parameter MIPFocus to value 3
Set parameter Presolve to value 2
Set parameter FlowCoverCuts to value 2
Set parameter TimeLimit to value 1200
Gurobi Optimizer version 12.0.0 build v12.0.0rc1 (win64 - Windows 11+.0 (26200.2))

CPU model: Intel(R) Core(TM) i9-14900K, instruction set [SSE2|AVX|AVX2]
Thread count: 24 physical cores, 32 logical processors, using up to 1 threads

Non-default parameters:
TimeLimit  1200
MIPGap  0.05
Heuristics  0.5
MIPFocus  3
FlowCoverCuts  2
Presolve  2
Threads  1

Optimize a model with 22770 rows, 37249 columns and 110688 nonzeros
Model fingerprint: 0x791a5f5c
Variable types: 17323 continuous, 19926 integer (19925 binary)
Coefficient statistics:
  Matrix range     [1e-01, 2e+02]
  Objective range  [8e-03, 6e+04]
  Bounds range     [1e+00, 1e+00]
  RHS range        [1e+00, 1e+04]
Presolve removed 19951 rows and 26952 columns
Presolve time: 0.10s
Presolved: 2819 rows, 10297 columns, 31529 nonzeros
Variable types: 841 continuous, 9456 integer (9455 binary)
Root relaxation presolved: 2819 rows, 10297 columns, 31529 nonzeros

     0     2 160465.937    0  247 168216.045 160465.937  4.61%     -   15s

Cutting planes:
  Gomory: 19
  Lift-and-project: 1
  Cover: 15
  Clique: 6
  Flow cover: 3
  Zero half: 6
  Relax-and-lift: 20

Explored 1 nodes (66571 simplex iterations) in 15.80 seconds (19.00 work units)
Thread count was 1 (of 32 available processors)

Solution count 5: 168216 169162 170150 ... 172263

Optimal solution found (tolerance 5.00e-02)
Best objective 1.682160451302e+05, best bound 1.604659368761e+05, gap 4.6072%
✅ Solution time [sec]: 6.31
📊 Status: optimal
💰 Operation Cost: 154723.82382354126
JSONs, log y summary guardados en 'C:\Users\TECNO-MASTER\Desktop\Elmo_infrastructure_sizing_NP-\output\DCH_septiembre\Bateria_482\Costo_variable\Carga_libre\Carga_on_board_variable_3estaciones_P160kW_Descomp/station_1_d60_stage1'.
  [Fase 1 (infra libre)] estacion=station_3 dia=305 -> C:\Users\TECNO-MASTER\Desktop\Elmo_infrastructure_sizing_NP-\output\DCH_septiembre\Bateria_482\Costo_variable\Carga_libre\Carga_on_board_variable_3estaciones_P160kW_Descomp/station_3_d305_stage1
formulation time: 6.956297159194946
Solving opt model... (Puedes presionar Ctrl+C para detener y guardar la mejor solución actual)
Set parameter OutputFlag to value 1
Set parameter OutputFlag to value 1
Set parameter LogToConsole to value 1
Set parameter MIPGap to value 0.05
Set parameter LogFile to value "C:\Users\TECNO-MASTER\Desktop\Elmo_infrastructure_sizing_NP-\output\DCH_septiembre\Bateria_482\Costo_variable\Carga_libre\Carga_on_board_variable_3estaciones_P160kW_Descomp/station_3_d305_stage1\gurobi.log"
Set parameter Threads to value 1
Set parameter Heuristics to value 0.5
Set parameter MIPFocus to value 3
Set parameter Presolve to value 2
Set parameter FlowCoverCuts to value 2
Set parameter TimeLimit to value 1200
Gurobi Optimizer version 12.0.0 build v12.0.0rc1 (win64 - Windows 11+.0 (26200.2))

CPU model: Intel(R) Core(TM) i9-14900K, instruction set [SSE2|AVX|AVX2]
Thread count: 24 physical cores, 32 logical processors, using up to 1 threads

Non-default parameters:
TimeLimit  1200
MIPGap  0.05
Heuristics  0.5
MIPFocus  3
FlowCoverCuts  2
Presolve  2
Threads  1

Optimize a model with 22740 rows, 37249 columns and 110628 nonzeros
Model fingerprint: 0xebf4d7da
Variable types: 17323 continuous, 19926 integer (19925 binary)
Coefficient statistics:
  Matrix range     [1e-01, 2e+02]
  Objective range  [1e-01, 6e+04]
  Bounds range     [1e+00, 1e+00]
  RHS range        [1e+00, 1e+04]
Presolve removed 19951 rows and 26953 columns
Presolve time: 0.10s
Presolved: 2789 rows, 10296 columns, 31379 nonzeros
Variable types: 840 continuous, 9456 integer (9455 binary)
Root relaxation presolved: 2789 rows, 10296 columns, 31379 nonzeros

✅ Solution time [sec]: 6.37
📊 Status: optimal
💰 Operation Cost: 156618.3620595184
JSONs, log y summary guardados en 'C:\Users\TECNO-MASTER\Desktop\Elmo_infrastructure_sizing_NP-\output\DCH_septiembre\Bateria_482\Costo_variable\Carga_libre\Carga_on_board_variable_3estaciones_P160kW_Descomp/station_1_d305_stage1'.
  [Fase 1 (infra libre)] estacion=station_3 dia=335 -> C:\Users\TECNO-MASTER\Desktop\Elmo_infrastructure_sizing_NP-\output\DCH_septiembre\Bateria_482\Costo_variable\Carga_libre\Carga_on_board_variable_3estaciones_P160kW_Descomp/station_3_d335_stage1
formulation time: 6.922950744628906
Solving opt model... (Puedes presionar Ctrl+C para detener y guardar la mejor solución actual)
Set parameter OutputFlag to value 1
Set parameter OutputFlag to value 1
Set parameter LogToConsole to value 1
Set parameter MIPGap to value 0.05
Set parameter LogFile to value "C:\Users\TECNO-MASTER\Desktop\Elmo_infrastructure_sizing_NP-\output\DCH_septiembre\Bateria_482\Costo_variable\Carga_libre\Carga_on_board_variable_3estaciones_P160kW_Descomp/station_3_d335_stage1\gurobi.log"
Set parameter Threads to value 1
Set parameter Heuristics to value 0.5
Set parameter MIPFocus to value 3
Set parameter Presolve to value 2
Set parameter FlowCoverCuts to value 2
Set parameter TimeLimit to value 1200
Gurobi Optimizer version 12.0.0 build v12.0.0rc1 (win64 - Windows 11+.0 (26200.2))

CPU model: Intel(R) Core(TM) i9-14900K, instruction set [SSE2|AVX|AVX2]
Thread count: 24 physical cores, 32 logical processors, using up to 1 threads

Non-default parameters:
TimeLimit  1200
MIPGap  0.05
Heuristics  0.5
MIPFocus  3
FlowCoverCuts  2
Presolve  2
Threads  1

Optimize a model with 22740 rows, 37249 columns and 110628 nonzeros
Model fingerprint: 0x0acc52fc
Variable types: 17323 continuous, 19926 integer (19925 binary)
Coefficient statistics:
  Matrix range     [1e-01, 2e+02]
  Objective range  [4e-03, 6e+04]
  Bounds range     [1e+00, 1e+00]
  RHS range        [1e+00, 1e+04]
Presolve removed 19951 rows and 26953 columns
Presolve time: 0.10s
Presolved: 2789 rows, 10296 columns, 31379 nonzeros
Variable types: 840 continuous, 9456 integer (9455 binary)
Root relaxation presolved: 2789 rows, 10296 columns, 31379 nonzeros

✅ Solution time [sec]: 5.99
📊 Status: optimal
💰 Operation Cost: 157516.0197452258
JSONs, log y summary guardados en 'C:\Users\TECNO-MASTER\Desktop\Elmo_infrastructure_sizing_NP-\output\DCH_septiembre\Bateria_482\Costo_variable\Carga_libre\Carga_on_board_variable_3estaciones_P160kW_Descomp/station_2_d32_stage1'.
  [Fase 1 (infra libre)] estacion=station_3 dia=274 -> C:\Users\TECNO-MASTER\Desktop\Elmo_infrastructure_sizing_NP-\output\DCH_septiembre\Bateria_482\Costo_variable\Carga_libre\Carga_on_board_variable_3estaciones_P160kW_Descomp/station_3_d274_stage1
formulation time: 7.283977031707764
Solving opt model... (Puedes presionar Ctrl+C para detener y guardar la mejor solución actual)
Set parameter OutputFlag to value 1
Set parameter OutputFlag to value 1
Set parameter LogToConsole to value 1
Set parameter MIPGap to value 0.05
Set parameter LogFile to value "C:\Users\TECNO-MASTER\Desktop\Elmo_infrastructure_sizing_NP-\output\DCH_septiembre\Bateria_482\Costo_variable\Carga_libre\Carga_on_board_variable_3estaciones_P160kW_Descomp/station_3_d274_stage1\gurobi.log"
Set parameter Threads to value 1
Set parameter Heuristics to value 0.5
Set parameter MIPFocus to value 3
Set parameter Presolve to value 2
Set parameter FlowCoverCuts to value 2
Set parameter TimeLimit to value 1200

Root relaxation: objective 1.379326e+05, 8232 iterations, 0.51 seconds (1.31 work units)
Gurobi Optimizer version 12.0.0 build v12.0.0rc1 (win64 - Windows 11+.0 (26200.2))

CPU model: Intel(R) Core(TM) i9-14900K, instruction set [SSE2|AVX|AVX2]
Thread count: 24 physical cores, 32 logical processors, using up to 1 threads

Non-default parameters:
TimeLimit  1200
MIPGap  0.05
Heuristics  0.5
MIPFocus  3
FlowCoverCuts  2
Presolve  2
Threads  1

Optimize a model with 22740 rows, 37249 columns and 110628 nonzeros
Model fingerprint: 0xf6615114
Variable types: 17323 continuous, 19926 integer (19925 binary)
Coefficient statistics:
  Matrix range     [1e-01, 2e+02]
  Objective range  [4e-03, 6e+04]
  Bounds range     [1e+00, 1e+00]
  RHS range        [1e+00, 1e+04]

Root relaxation: objective 1.129025e+05, 6280 iterations, 0.39 seconds (0.99 work units)
Presolve removed 19951 rows and 26953 columns
Presolve time: 0.10s
Presolved: 2789 rows, 10296 columns, 31379 nonzeros
Variable types: 840 continuous, 9456 integer (9455 binary)
Root relaxation presolved: 2789 rows, 10296 columns, 31379 nonzeros


Root relaxation: objective 1.120181e+05, 6487 iterations, 0.40 seconds (1.03 work units)

Root relaxation: objective 1.127412e+05, 6566 iterations, 0.38 seconds (0.99 work units)

    Nodes    |    Current Node    |     Objective Bounds      |     Work
 Expl Unexpl |  Obj  Depth IntInf | Incumbent    BestBd   Gap | It/Node Time

     0     0 157193.904    0   43          - 157193.904      -     -    1s
     0     0 157221.526    0   48          - 157221.526      -     -    1s
H    0     0                    157356.23283 157221.526  0.09%     -    1s

Cutting planes:
  Gomory: 16
  Lift-and-project: 4
  Cover: 5
  Implied bound: 1
  Clique: 4
  Flow cover: 2
  Zero half: 2
  RLT: 4
  Relax-and-lift: 10

Explored 1 nodes (18213 simplex iterations) in 1.29 seconds (2.86 work units)
Thread count was 1 (of 32 available processors)

Solution count 1: 157356 

Optimal solution found (tolerance 5.00e-02)
Best objective 1.573562328313e+05, best bound 1.572215259060e+05, gap 0.0856%

    Nodes    |    Current Node    |     Objective Bounds      |     Work
 Expl Unexpl |  Obj  Depth IntInf | Incumbent    BestBd   Gap | It/Node Time

     0     0 147760.260    0  275          - 147760.260      -     -    1s

    Nodes    |    Current Node    |     Objective Bounds      |     Work
 Expl Unexpl |  Obj  Depth IntInf | Incumbent    BestBd   Gap | It/Node Time

     0     0 121845.700    0  308          - 121845.700      -     -    1s
     0     0 154773.628    0  206          - 154773.628      -     -    1s

    Nodes    |    Current Node    |     Objective Bounds      |     Work
 Expl Unexpl |  Obj  Depth IntInf | Incumbent    BestBd   Gap | It/Node Time

     0     0 122568.831    0  279          - 122568.831      -     -    1s
     0     0 156473.253    0  173          - 156473.253      -     -    1s
     0     0 152647.497    0  272          - 152647.497      -     -    2s
     0     0 156526.906    0   43          - 156526.906      -     -    1s
H    0     0                    157245.17438 156526.906  0.46%     -    1s

Cutting planes:
  Gomory: 5
  Lift-and-project: 4
  Cover: 8
  Implied bound: 2
  Clique: 3
  Flow cover: 2
  Zero half: 23
  Relax-and-lift: 11

Explored 1 nodes (18140 simplex iterations) in 1.68 seconds (3.57 work units)
Thread count was 1 (of 32 available processors)

Solution count 1: 157245 

Optimal solution found (tolerance 5.00e-02)
Best objective 1.572451743755e+05, best bound 1.565269060328e+05, gap 0.4568%
     0     0 154850.610    0   49          - 154850.610      -     -    1s
H    0     0                    156067.58895 154850.610  0.78%     -    1s

Cutting planes:
  Gomory: 1
  Lift-and-project: 2
  Cover: 14
  Implied bound: 4
  Clique: 6
  Flow cover: 1
  Zero half: 3
  Relax-and-lift: 19

Explored 1 nodes (19612 simplex iterations) in 1.91 seconds (3.92 work units)
Thread count was 1 (of 32 available processors)

Solution count 1: 156068 

Optimal solution found (tolerance 5.00e-02)
Best objective 1.560675889473e+05, best bound 1.548506095580e+05, gap 0.7798%
     0     0 154053.008    0  285          - 154053.008      -     -    2s
     0     0 154053.008    0  292          - 154053.008      -     -    2s
     0     0 154053.008    0  316          - 154053.008      -     -    3s
     0     0 154053.008    0  262          - 154053.008      -     -    4s
     0     0 154053.008    0  270          - 154053.008      -     -    4s
     0     0 154053.008    0  291          - 154053.008      -     -    5s
     0     0 154053.008    0  250          - 154053.008      -     -    5s
     0     0 154053.008    0  262          - 154053.008      -     -    5s
     0     0 154251.170    0  290          - 154251.170      -     -    6s
     0     0 154251.170    0  301          - 154251.170      -     -    6s
     0     0 154251.170    0  243          - 154251.170      -     -    6s
     0     0 154251.170    0  265          - 154251.170      -     -    6s
     0     0 154559.682    0  299          - 154559.682      -     -    7s
     0     0 154559.682    0  312          - 154559.682      -     -    7s
     0     0 154559.682    0  280          - 154559.682      -     -    8s
     0     0 154559.682    0  293          - 154559.682      -     -    8s
     0     0 154559.682    0  261          - 154559.682      -     -    8s
     0     0 154559.682    0  288          - 154559.682      -     -    8s
     0     0 154559.682    0  275          - 154559.682      -     -    9s
     0     0 154559.682    0  252          - 154559.682      -     -    9s
H    0     0                    169315.91032 154559.682  8.72%     -    9s
H    0     0                    169039.28550 154559.682  8.57%     -    9s
H    0     0                    168946.22833 154559.682  8.52%     -    9s
H    0     0                    168905.33651 154559.682  8.49%     -    9s
H    0     0                    167954.63755 154559.682  7.98%     -    9s
H    0     0                    167088.11437 154559.682  7.50%     -    9s
H    0     0                    167076.21096 154559.682  7.49%     -    9s
H    0     0                    167005.41473 154559.682  7.45%     -    9s
H    0     0                    166754.88282 154559.682  7.31%     -    9s
H    0     0                    166557.12037 154559.682  7.20%     -    9s
H    0     0                    166532.63874 154559.682  7.19%     -   10s
     0     2 154977.179    0  252 166532.639 154977.179  6.94%     -   10s

Cutting planes:
  Gomory: 11
  Cover: 20
  Clique: 3
  Flow cover: 2
  Zero half: 4
  Relax-and-lift: 16

Explored 3 nodes (80937 simplex iterations) in 10.15 seconds (23.20 work units)
Thread count was 1 (of 32 available processors)

Solution count 10: 166533 166557 166755 ... 169039

Optimal solution found (tolerance 5.00e-02)
Best objective 1.665326387365e+05, best bound 1.625128150995e+05, gap 2.4138%
✅ Solution time [sec]: 6.16
📊 Status: optimal
💰 Operation Cost: 156336.04346151426
JSONs, log y summary guardados en 'C:\Users\TECNO-MASTER\Desktop\Elmo_infrastructure_sizing_NP-\output\DCH_septiembre\Bateria_482\Costo_variable\Carga_libre\Carga_on_board_variable_3estaciones_P160kW_Descomp/station_3_d1_stage1'.
✅ Solution time [sec]: 7.27
📊 Status: optimal
💰 Operation Cost: 155832.31952885556
JSONs, log y summary guardados en 'C:\Users\TECNO-MASTER\Desktop\Elmo_infrastructure_sizing_NP-\output\DCH_septiembre\Bateria_482\Costo_variable\Carga_libre\Carga_on_board_variable_3estaciones_P160kW_Descomp/station_1_d32_stage1'.
✅ Solution time [sec]: 7.29
📊 Status: optimal
💰 Operation Cost: 156146.25954162882
JSONs, log y summary guardados en 'C:\Users\TECNO-MASTER\Desktop\Elmo_infrastructure_sizing_NP-\output\DCH_septiembre\Bateria_482\Costo_variable\Carga_libre\Carga_on_board_variable_3estaciones_P160kW_Descomp/station_2_d335_stage1'.
✅ Solution time [sec]: 7.50
📊 Status: optimal
💰 Operation Cost: 154727.01048876104
JSONs, log y summary guardados en 'C:\Users\TECNO-MASTER\Desktop\Elmo_infrastructure_sizing_NP-\output\DCH_septiembre\Bateria_482\Costo_variable\Carga_libre\Carga_on_board_variable_3estaciones_P160kW_Descomp/station_1_d335_stage1'.
✅ Solution time [sec]: 6.68
📊 Status: optimal
💰 Operation Cost: 157407.3181803494
JSONs, log y summary guardados en 'C:\Users\TECNO-MASTER\Desktop\Elmo_infrastructure_sizing_NP-\output\DCH_septiembre\Bateria_482\Costo_variable\Carga_libre\Carga_on_board_variable_3estaciones_P160kW_Descomp/station_2_d305_stage1'.
✅ Solution time [sec]: 6.95
📊 Status: optimal
💰 Operation Cost: 156783.78763115467
JSONs, log y summary guardados en 'C:\Users\TECNO-MASTER\Desktop\Elmo_infrastructure_sizing_NP-\output\DCH_septiembre\Bateria_482\Costo_variable\Carga_libre\Carga_on_board_variable_3estaciones_P160kW_Descomp/station_3_d32_stage1'.
✅ Solution time [sec]: 7.45
📊 Status: optimal
💰 Operation Cost: 155567.35311356955
JSONs, log y summary guardados en 'C:\Users\TECNO-MASTER\Desktop\Elmo_infrastructure_sizing_NP-\output\DCH_septiembre\Bateria_482\Costo_variable\Carga_libre\Carga_on_board_variable_3estaciones_P160kW_Descomp/station_3_d60_stage1'.
✅ Solution time [sec]: 8.73
📊 Status: optimal
💰 Operation Cost: 155647.97118008204
JSONs, log y summary guardados en 'C:\Users\TECNO-MASTER\Desktop\Elmo_infrastructure_sizing_NP-\output\DCH_septiembre\Bateria_482\Costo_variable\Carga_libre\Carga_on_board_variable_3estaciones_P160kW_Descomp/station_1_d274_stage1'.
✅ Solution time [sec]: 8.39
📊 Status: optimal
💰 Operation Cost: 155524.20159273627
JSONs, log y summary guardados en 'C:\Users\TECNO-MASTER\Desktop\Elmo_infrastructure_sizing_NP-\output\DCH_septiembre\Bateria_482\Costo_variable\Carga_libre\Carga_on_board_variable_3estaciones_P160kW_Descomp/station_2_d60_stage1'.
✅ Solution time [sec]: 8.61
📊 Status: optimal
💰 Operation Cost: 156378.95762342657
JSONs, log y summary guardados en 'C:\Users\TECNO-MASTER\Desktop\Elmo_infrastructure_sizing_NP-\output\DCH_septiembre\Bateria_482\Costo_variable\Carga_libre\Carga_on_board_variable_3estaciones_P160kW_Descomp/station_2_d1_stage1'.
✅ Solution time [sec]: 9.24
📊 Status: optimal
💰 Operation Cost: 156665.87307883272
JSONs, log y summary guardados en 'C:\Users\TECNO-MASTER\Desktop\Elmo_infrastructure_sizing_NP-\output\DCH_septiembre\Bateria_482\Costo_variable\Carga_libre\Carga_on_board_variable_3estaciones_P160kW_Descomp/station_2_d274_stage1'.
✅ Solution time [sec]: 12.40
📊 Status: optimal
💰 Operation Cost: 167382.11718574906
JSONs, log y summary guardados en 'C:\Users\TECNO-MASTER\Desktop\Elmo_infrastructure_sizing_NP-\output\DCH_septiembre\Bateria_482\Costo_variable\Carga_libre\Carga_on_board_variable_3estaciones_P160kW_Descomp/station_2_d244_stage1'.
✅ Solution time [sec]: 13.60
📊 Status: optimal
💰 Operation Cost: 155646.70971949524
JSONs, log y summary guardados en 'C:\Users\TECNO-MASTER\Desktop\Elmo_infrastructure_sizing_NP-\output\DCH_septiembre\Bateria_482\Costo_variable\Carga_libre\Carga_on_board_variable_3estaciones_P160kW_Descomp/station_1_d152_stage1'.
✅ Solution time [sec]: 13.03
📊 Status: optimal
💰 Operation Cost: 163514.8626470679
JSONs, log y summary guardados en 'C:\Users\TECNO-MASTER\Desktop\Elmo_infrastructure_sizing_NP-\output\DCH_septiembre\Bateria_482\Costo_variable\Carga_libre\Carga_on_board_variable_3estaciones_P160kW_Descomp/station_1_d182_stage1'.
✅ Solution time [sec]: 13.54
📊 Status: optimal
💰 Operation Cost: 167550.66368145126
JSONs, log y summary guardados en 'C:\Users\TECNO-MASTER\Desktop\Elmo_infrastructure_sizing_NP-\output\DCH_septiembre\Bateria_482\Costo_variable\Carga_libre\Carga_on_board_variable_3estaciones_P160kW_Descomp/station_2_d152_stage1'.
✅ Solution time [sec]: 14.16
📊 Status: optimal
💰 Operation Cost: 166409.08235840898
JSONs, log y summary guardados en 'C:\Users\TECNO-MASTER\Desktop\Elmo_infrastructure_sizing_NP-\output\DCH_septiembre\Bateria_482\Costo_variable\Carga_libre\Carga_on_board_variable_3estaciones_P160kW_Descomp/station_3_d182_stage1'.
✅ Solution time [sec]: 13.51
📊 Status: optimal
💰 Operation Cost: 166134.68334312135
JSONs, log y summary guardados en 'C:\Users\TECNO-MASTER\Desktop\Elmo_infrastructure_sizing_NP-\output\DCH_septiembre\Bateria_482\Costo_variable\Carga_libre\Carga_on_board_variable_3estaciones_P160kW_Descomp/station_3_d121_stage1'.
✅ Solution time [sec]: 14.93
📊 Status: optimal
💰 Operation Cost: 156915.2974359724
JSONs, log y summary guardados en 'C:\Users\TECNO-MASTER\Desktop\Elmo_infrastructure_sizing_NP-\output\DCH_septiembre\Bateria_482\Costo_variable\Carga_libre\Carga_on_board_variable_3estaciones_P160kW_Descomp/station_1_d213_stage1'.
✅ Solution time [sec]: 14.08
📊 Status: optimal
💰 Operation Cost: 161350.1823582412
JSONs, log y summary guardados en 'C:\Users\TECNO-MASTER\Desktop\Elmo_infrastructure_sizing_NP-\output\DCH_septiembre\Bateria_482\Costo_variable\Carga_libre\Carga_on_board_variable_3estaciones_P160kW_Descomp/station_1_d244_stage1'.
✅ Solution time [sec]: 13.95
📊 Status: optimal
💰 Operation Cost: 167824.6393802815
JSONs, log y summary guardados en 'C:\Users\TECNO-MASTER\Desktop\Elmo_infrastructure_sizing_NP-\output\DCH_septiembre\Bateria_482\Costo_variable\Carga_libre\Carga_on_board_variable_3estaciones_P160kW_Descomp/station_2_d182_stage1'.
✅ Solution time [sec]: 14.60
📊 Status: optimal
💰 Operation Cost: 161662.28956083578
JSONs, log y summary guardados en 'C:\Users\TECNO-MASTER\Desktop\Elmo_infrastructure_sizing_NP-\output\DCH_septiembre\Bateria_482\Costo_variable\Carga_libre\Carga_on_board_variable_3estaciones_P160kW_Descomp/station_1_d121_stage1'.
✅ Solution time [sec]: 13.64
📊 Status: optimal
💰 Operation Cost: 170443.7081805505
JSONs, log y summary guardados en 'C:\Users\TECNO-MASTER\Desktop\Elmo_infrastructure_sizing_NP-\output\DCH_septiembre\Bateria_482\Costo_variable\Carga_libre\Carga_on_board_variable_3estaciones_P160kW_Descomp/station_2_d91_stage1'.
✅ Solution time [sec]: 15.03
📊 Status: optimal
💰 Operation Cost: 159628.9607546561
JSONs, log y summary guardados en 'C:\Users\TECNO-MASTER\Desktop\Elmo_infrastructure_sizing_NP-\output\DCH_septiembre\Bateria_482\Costo_variable\Carga_libre\Carga_on_board_variable_3estaciones_P160kW_Descomp/station_1_d91_stage1'.
✅ Solution time [sec]: 15.80
📊 Status: optimal
💰 Operation Cost: 169148.30212844792
JSONs, log y summary guardados en 'C:\Users\TECNO-MASTER\Desktop\Elmo_infrastructure_sizing_NP-\output\DCH_septiembre\Bateria_482\Costo_variable\Carga_libre\Carga_on_board_variable_3estaciones_P160kW_Descomp/station_3_d152_stage1'.
✅ Solution time [sec]: 16.52
📊 Status: optimal
💰 Operation Cost: 167164.9532963949
JSONs, log y summary guardados en 'C:\Users\TECNO-MASTER\Desktop\Elmo_infrastructure_sizing_NP-\output\DCH_septiembre\Bateria_482\Costo_variable\Carga_libre\Carga_on_board_variable_3estaciones_P160kW_Descomp/station_3_d213_stage1'.
✅ Solution time [sec]: 16.86
📊 Status: optimal
💰 Operation Cost: 166661.78301919345
JSONs, log y summary guardados en 'C:\Users\TECNO-MASTER\Desktop\Elmo_infrastructure_sizing_NP-\output\DCH_septiembre\Bateria_482\Costo_variable\Carga_libre\Carga_on_board_variable_3estaciones_P160kW_Descomp/station_3_d91_stage1'.
✅ Solution time [sec]: 17.92
📊 Status: optimal
💰 Operation Cost: 170453.53837531264
JSONs, log y summary guardados en 'C:\Users\TECNO-MASTER\Desktop\Elmo_infrastructure_sizing_NP-\output\DCH_septiembre\Bateria_482\Costo_variable\Carga_libre\Carga_on_board_variable_3estaciones_P160kW_Descomp/station_2_d121_stage1'.
✅ Solution time [sec]: 19.28
📊 Status: optimal
💰 Operation Cost: 168216.04513018846
JSONs, log y summary guardados en 'C:\Users\TECNO-MASTER\Desktop\Elmo_infrastructure_sizing_NP-\output\DCH_septiembre\Bateria_482\Costo_variable\Carga_libre\Carga_on_board_variable_3estaciones_P160kW_Descomp/station_2_d213_stage1'.
✅ Solution time [sec]: 2.56
📊 Status: optimal
💰 Operation Cost: 157356.23283126214
JSONs, log y summary guardados en 'C:\Users\TECNO-MASTER\Desktop\Elmo_infrastructure_sizing_NP-\output\DCH_septiembre\Bateria_482\Costo_variable\Carga_libre\Carga_on_board_variable_3estaciones_P160kW_Descomp/station_3_d305_stage1'.
✅ Solution time [sec]: 2.88
📊 Status: optimal
💰 Operation Cost: 157245.174375465
JSONs, log y summary guardados en 'C:\Users\TECNO-MASTER\Desktop\Elmo_infrastructure_sizing_NP-\output\DCH_septiembre\Bateria_482\Costo_variable\Carga_libre\Carga_on_board_variable_3estaciones_P160kW_Descomp/station_3_d274_stage1'.
✅ Solution time [sec]: 3.15
📊 Status: optimal
💰 Operation Cost: 156067.58894729955
JSONs, log y summary guardados en 'C:\Users\TECNO-MASTER\Desktop\Elmo_infrastructure_sizing_NP-\output\DCH_septiembre\Bateria_482\Costo_variable\Carga_libre\Carga_on_board_variable_3estaciones_P160kW_Descomp/station_3_d335_stage1'.
✅ Solution time [sec]: 11.38
📊 Status: optimal
💰 Operation Cost: 166532.63873647153
JSONs, log y summary guardados en 'C:\Users\TECNO-MASTER\Desktop\Elmo_infrastructure_sizing_NP-\output\DCH_septiembre\Bateria_482\Costo_variable\Carga_libre\Carga_on_board_variable_3estaciones_P160kW_Descomp/station_3_d244_stage1'.
  [Fase 2 (infra fija)] estacion=station_1 dia=32 -> C:\Users\TECNO-MASTER\Desktop\Elmo_infrastructure_sizing_NP-\output\DCH_septiembre\Bateria_482\Costo_variable\Carga_libre\Carga_on_board_variable_3estaciones_P160kW_Descomp/station_1_d32
formulation time: 11.23287558555603
Solving opt model... (Puedes presionar Ctrl+C para detener y guardar la mejor solución actual)
Set parameter OutputFlag to value 1
Set parameter OutputFlag to value 1
Set parameter LogToConsole to value 1
Set parameter MIPGap to value 0.05
Set parameter LogFile to value "C:\Users\TECNO-MASTER\Desktop\Elmo_infrastructure_sizing_NP-\output\DCH_septiembre\Bateria_482\Costo_variable\Carga_libre\Carga_on_board_variable_3estaciones_P160kW_Descomp/station_1_d32\gurobi.log"
Set parameter Threads to value 1
Set parameter Heuristics to value 0.5
Set parameter MIPFocus to value 3
Set parameter Presolve to value 2
Set parameter FlowCoverCuts to value 2
Set parameter TimeLimit to value 1200
Gurobi Optimizer version 12.0.0 build v12.0.0rc1 (win64 - Windows 11+.0 (26200.2))

CPU model: Intel(R) Core(TM) i9-14900K, instruction set [SSE2|AVX|AVX2]
Thread count: 24 physical cores, 32 logical processors, using up to 1 threads

Non-default parameters:
TimeLimit  1200
MIPGap  0.05
Heuristics  0.5
MIPFocus  3
FlowCoverCuts  2
Presolve  2
Threads  1

Optimize a model with 22740 rows, 37249 columns and 109724 nonzeros
Model fingerprint: 0x07167c6b
Variable types: 17323 continuous, 19926 integer (19925 binary)
Coefficient statistics:
  Matrix range     [1e-01, 2e+02]
  Objective range  [3e-03, 1e+02]
  Bounds range     [1e+00, 2e+00]
  RHS range        [1e+00, 1e+04]
  [Fase 2 (infra fija)] estacion=station_1 dia=1 -> C:\Users\TECNO-MASTER\Desktop\Elmo_infrastructure_sizing_NP-\output\DCH_septiembre\Bateria_482\Costo_variable\Carga_libre\Carga_on_board_variable_3estaciones_P160kW_Descomp/station_1_d1
formulation time: 11.263124704360962
Solving opt model... (Puedes presionar Ctrl+C para detener y guardar la mejor solución actual)
Set parameter OutputFlag to value 1
Set parameter OutputFlag to value 1
Set parameter LogToConsole to value 1
Set parameter MIPGap to value 0.05
Set parameter LogFile to value "C:\Users\TECNO-MASTER\Desktop\Elmo_infrastructure_sizing_NP-\output\DCH_septiembre\Bateria_482\Costo_variable\Carga_libre\Carga_on_board_variable_3estaciones_P160kW_Descomp/station_1_d1\gurobi.log"
Set parameter Threads to value 1
Set parameter Heuristics to value 0.5
Set parameter MIPFocus to value 3
Set parameter Presolve to value 2
Set parameter FlowCoverCuts to value 2
Set parameter TimeLimit to value 1200
  [Fase 2 (infra fija)] estacion=station_1 dia=335 -> C:\Users\TECNO-MASTER\Desktop\Elmo_infrastructure_sizing_NP-\output\DCH_septiembre\Bateria_482\Costo_variable\Carga_libre\Carga_on_board_variable_3estaciones_P160kW_Descomp/station_1_d335
formulation time: 11.323631048202515
Solving opt model... (Puedes presionar Ctrl+C para detener y guardar la mejor solución actual)
Set parameter OutputFlag to value 1
Set parameter OutputFlag to value 1
Set parameter LogToConsole to value 1
Set parameter MIPGap to value 0.05
Set parameter LogFile to value "C:\Users\TECNO-MASTER\Desktop\Elmo_infrastructure_sizing_NP-\output\DCH_septiembre\Bateria_482\Costo_variable\Carga_libre\Carga_on_board_variable_3estaciones_P160kW_Descomp/station_1_d335\gurobi.log"
Set parameter Threads to value 1
Set parameter Heuristics to value 0.5
Set parameter MIPFocus to value 3
Set parameter Presolve to value 2
Set parameter FlowCoverCuts to value 2
Set parameter TimeLimit to value 1200
Gurobi Optimizer version 12.0.0 build v12.0.0rc1 (win64 - Windows 11+.0 (26200.2))

CPU model: Intel(R) Core(TM) i9-14900K, instruction set [SSE2|AVX|AVX2]
Thread count: 24 physical cores, 32 logical processors, using up to 1 threads

Non-default parameters:
TimeLimit  1200
MIPGap  0.05
Heuristics  0.5
MIPFocus  3
FlowCoverCuts  2
Presolve  2
Threads  1

Optimize a model with 22740 rows, 37249 columns and 109724 nonzeros
Model fingerprint: 0x63f0266f
Variable types: 17323 continuous, 19926 integer (19925 binary)
Coefficient statistics:
  Matrix range     [1e-01, 2e+02]
  Objective range  [1e-02, 1e+02]
  Bounds range     [1e+00, 2e+00]
  RHS range        [1e+00, 1e+04]
Gurobi Optimizer version 12.0.0 build v12.0.0rc1 (win64 - Windows 11+.0 (26200.2))

CPU model: Intel(R) Core(TM) i9-14900K, instruction set [SSE2|AVX|AVX2]
Thread count: 24 physical cores, 32 logical processors, using up to 1 threads

Non-default parameters:
TimeLimit  1200
MIPGap  0.05
Heuristics  0.5
MIPFocus  3
FlowCoverCuts  2
Presolve  2
Threads  1

Optimize a model with 22740 rows, 37249 columns and 109724 nonzeros
Model fingerprint: 0xba08e8b9
Variable types: 17323 continuous, 19926 integer (19925 binary)
Coefficient statistics:
  Matrix range     [1e-01, 2e+02]
  Objective range  [4e-03, 1e+02]
  Bounds range     [1e+00, 2e+00]
  RHS range        [1e+00, 1e+04]
  [Fase 2 (infra fija)] estacion=station_1 dia=274 -> C:\Users\TECNO-MASTER\Desktop\Elmo_infrastructure_sizing_NP-\output\DCH_septiembre\Bateria_482\Costo_variable\Carga_libre\Carga_on_board_variable_3estaciones_P160kW_Descomp/station_1_d274
formulation time: 11.121403455734253
Solving opt model... (Puedes presionar Ctrl+C para detener y guardar la mejor solución actual)
Set parameter OutputFlag to value 1
Set parameter OutputFlag to value 1
Set parameter LogToConsole to value 1
Set parameter MIPGap to value 0.05
Set parameter LogFile to value "C:\Users\TECNO-MASTER\Desktop\Elmo_infrastructure_sizing_NP-\output\DCH_septiembre\Bateria_482\Costo_variable\Carga_libre\Carga_on_board_variable_3estaciones_P160kW_Descomp/station_1_d274\gurobi.log"
Set parameter Threads to value 1
Set parameter Heuristics to value 0.5
Set parameter MIPFocus to value 3
Set parameter Presolve to value 2
Set parameter FlowCoverCuts to value 2
Set parameter TimeLimit to value 1200
Presolve removed 20416 rows and 26953 columns
Presolve time: 0.18s
Presolved: 2324 rows, 10296 columns, 30334 nonzeros
Gurobi Optimizer version 12.0.0 build v12.0.0rc1 (win64 - Windows 11+.0 (26200.2))

CPU model: Intel(R) Core(TM) i9-14900K, instruction set [SSE2|AVX|AVX2]
Thread count: 24 physical cores, 32 logical processors, using up to 1 threads

Non-default parameters:
TimeLimit  1200
MIPGap  0.05
Heuristics  0.5
MIPFocus  3
FlowCoverCuts  2
Presolve  2
Threads  1

Optimize a model with 22740 rows, 37249 columns and 109724 nonzeros
Variable types: 840 continuous, 9456 integer (9456 binary)
Model fingerprint: 0xe8a2293c
Variable types: 17323 continuous, 19926 integer (19925 binary)
Coefficient statistics:
  Matrix range     [1e-01, 2e+02]
  Objective range  [4e-03, 1e+02]
  Bounds range     [1e+00, 2e+00]
  RHS range        [1e+00, 1e+04]
Root relaxation presolved: 2324 rows, 10296 columns, 30334 nonzeros

Presolve removed 20416 rows and 26953 columns
Presolve time: 0.18s
Presolved: 2324 rows, 10296 columns, 30334 nonzeros
Variable types: 840 continuous, 9456 integer (9456 binary)
Presolve removed 20416 rows and 26953 columns
Presolve time: 0.18s
Presolved: 2324 rows, 10296 columns, 30334 nonzeros
Variable types: 840 continuous, 9456 integer (9456 binary)
Root relaxation presolved: 2324 rows, 10296 columns, 30334 nonzeros

Root relaxation presolved: 2324 rows, 10296 columns, 30334 nonzeros

Presolve removed 20416 rows and 26953 columns
Presolve time: 0.18s
Presolved: 2324 rows, 10296 columns, 30334 nonzeros
Variable types: 840 continuous, 9456 integer (9456 binary)
  [Fase 2 (infra fija)] estacion=station_3 dia=182 -> C:\Users\TECNO-MASTER\Desktop\Elmo_infrastructure_sizing_NP-\output\DCH_septiembre\Bateria_482\Costo_variable\Carga_libre\Carga_on_board_variable_3estaciones_P160kW_Descomp/station_3_d182
formulation time: 11.159741640090942
Solving opt model... (Puedes presionar Ctrl+C para detener y guardar la mejor solución actual)
Set parameter OutputFlag to value 1
Set parameter OutputFlag to value 1
Set parameter LogToConsole to value 1
Set parameter MIPGap to value 0.05
Set parameter LogFile to value "C:\Users\TECNO-MASTER\Desktop\Elmo_infrastructure_sizing_NP-\output\DCH_septiembre\Bateria_482\Costo_variable\Carga_libre\Carga_on_board_variable_3estaciones_P160kW_Descomp/station_3_d182\gurobi.log"
Set parameter Threads to value 1
Set parameter Heuristics to value 0.5
Set parameter MIPFocus to value 3
Set parameter Presolve to value 2
Set parameter FlowCoverCuts to value 2
Set parameter TimeLimit to value 1200
  [Fase 2 (infra fija)] estacion=station_3 dia=32 -> C:\Users\TECNO-MASTER\Desktop\Elmo_infrastructure_sizing_NP-\output\DCH_septiembre\Bateria_482\Costo_variable\Carga_libre\Carga_on_board_variable_3estaciones_P160kW_Descomp/station_3_d32
formulation time: 11.242792129516602
Solving opt model... (Puedes presionar Ctrl+C para detener y guardar la mejor solución actual)
Set parameter OutputFlag to value 1
Set parameter OutputFlag to value 1
Set parameter LogToConsole to value 1
Set parameter MIPGap to value 0.05
Set parameter LogFile to value "C:\Users\TECNO-MASTER\Desktop\Elmo_infrastructure_sizing_NP-\output\DCH_septiembre\Bateria_482\Costo_variable\Carga_libre\Carga_on_board_variable_3estaciones_P160kW_Descomp/station_3_d32\gurobi.log"
Set parameter Threads to value 1
Set parameter Heuristics to value 0.5
Set parameter MIPFocus to value 3
Set parameter Presolve to value 2
Set parameter FlowCoverCuts to value 2
Set parameter TimeLimit to value 1200
Gurobi Optimizer version 12.0.0 build v12.0.0rc1 (win64 - Windows 11+.0 (26200.2))

CPU model: Intel(R) Core(TM) i9-14900K, instruction set [SSE2|AVX|AVX2]
Thread count: 24 physical cores, 32 logical processors, using up to 1 threads

Non-default parameters:
TimeLimit  1200
MIPGap  0.05
Heuristics  0.5
MIPFocus  3
FlowCoverCuts  2
Presolve  2
Threads  1

Optimize a model with 22770 rows, 37249 columns and 109786 nonzeros
Root relaxation presolved: 2324 rows, 10296 columns, 30334 nonzeros

Model fingerprint: 0xda76663b
Variable types: 17323 continuous, 19926 integer (19925 binary)
Coefficient statistics:
  Matrix range     [1e-01, 2e+02]
  Objective range  [1e-02, 1e+02]
  Bounds range     [1e+00, 2e+00]
  RHS range        [1e+00, 1e+04]
Gurobi Optimizer version 12.0.0 build v12.0.0rc1 (win64 - Windows 11+.0 (26200.2))

CPU model: Intel(R) Core(TM) i9-14900K, instruction set [SSE2|AVX|AVX2]
Thread count: 24 physical cores, 32 logical processors, using up to 1 threads

Non-default parameters:
TimeLimit  1200
MIPGap  0.05
Heuristics  0.5
MIPFocus  3
FlowCoverCuts  2
Presolve  2
Threads  1

Optimize a model with 22740 rows, 37249 columns and 109726 nonzeros
Model fingerprint: 0x87df79f3
Variable types: 17323 continuous, 19926 integer (19925 binary)
Coefficient statistics:
  Matrix range     [1e-01, 2e+02]
  Objective range  [3e-03, 1e+02]
  Bounds range     [1e+00, 2e+00]
  RHS range        [1e+00, 1e+04]

Root relaxation: objective 1.557201e+05, 4534 iterations, 0.24 seconds (0.24 work units)

Root relaxation: objective 1.550656e+05, 3838 iterations, 0.17 seconds (0.16 work units)

Root relaxation: objective 1.541111e+05, 4073 iterations, 0.18 seconds (0.17 work units)
  [Fase 2 (infra fija)] estacion=station_1 dia=244 -> C:\Users\TECNO-MASTER\Desktop\Elmo_infrastructure_sizing_NP-\output\DCH_septiembre\Bateria_482\Costo_variable\Carga_libre\Carga_on_board_variable_3estaciones_P160kW_Descomp/station_1_d244
formulation time: 11.359640121459961
Solving opt model... (Puedes presionar Ctrl+C para detener y guardar la mejor solución actual)
Set parameter OutputFlag to value 1
Set parameter OutputFlag to value 1
Set parameter LogToConsole to value 1
Set parameter MIPGap to value 0.05
Set parameter LogFile to value "C:\Users\TECNO-MASTER\Desktop\Elmo_infrastructure_sizing_NP-\output\DCH_septiembre\Bateria_482\Costo_variable\Carga_libre\Carga_on_board_variable_3estaciones_P160kW_Descomp/station_1_d244\gurobi.log"
Set parameter Threads to value 1
Set parameter Heuristics to value 0.5
Set parameter MIPFocus to value 3
Set parameter Presolve to value 2
Set parameter FlowCoverCuts to value 2
Set parameter TimeLimit to value 1200

Root relaxation: objective 1.552884e+05, 4177 iterations, 0.22 seconds (0.22 work units)
Presolve removed 20416 rows and 26954 columns
Presolve time: 0.19s
Presolved: 2354 rows, 10295 columns, 30478 nonzeros
  [Fase 2 (infra fija)] estacion=station_3 dia=1 -> C:\Users\TECNO-MASTER\Desktop\Elmo_infrastructure_sizing_NP-\output\DCH_septiembre\Bateria_482\Costo_variable\Carga_libre\Carga_on_board_variable_3estaciones_P160kW_Descomp/station_3_d1
formulation time: 11.258720397949219
Solving opt model... (Puedes presionar Ctrl+C para detener y guardar la mejor solución actual)
Set parameter OutputFlag to value 1
Set parameter OutputFlag to value 1
Set parameter LogToConsole to value 1
Set parameter MIPGap to value 0.05
Set parameter LogFile to value "C:\Users\TECNO-MASTER\Desktop\Elmo_infrastructure_sizing_NP-\output\DCH_septiembre\Bateria_482\Costo_variable\Carga_libre\Carga_on_board_variable_3estaciones_P160kW_Descomp/station_3_d1\gurobi.log"
Set parameter Threads to value 1
Set parameter Heuristics to value 0.5
Set parameter MIPFocus to value 3
Set parameter Presolve to value 2
Set parameter FlowCoverCuts to value 2
Set parameter TimeLimit to value 1200
Gurobi Optimizer version 12.0.0 build v12.0.0rc1 (win64 - Windows 11+.0 (26200.2))

CPU model: Intel(R) Core(TM) i9-14900K, instruction set [SSE2|AVX|AVX2]
Variable types: 841 continuous, 9454 integer (9454 binary)
Thread count: 24 physical cores, 32 logical processors, using up to 1 threads

Non-default parameters:
TimeLimit  1200
MIPGap  0.05
Heuristics  0.5
MIPFocus  3
FlowCoverCuts  2
Presolve  2
Threads  1

Optimize a model with 22770 rows, 37249 columns and 109784 nonzeros
Model fingerprint: 0x20990a6c
Variable types: 17323 continuous, 19926 integer (19925 binary)
Coefficient statistics:
  Matrix range     [1e-01, 2e+02]
  Objective range  [8e-03, 1e+02]
  Bounds range     [1e+00, 2e+00]
  RHS range        [1e+00, 1e+04]
Presolve removed 20416 rows and 26955 columns
Presolve time: 0.19s
Presolved: 2324 rows, 10294 columns, 30328 nonzeros
Variable types: 840 continuous, 9454 integer (9454 binary)
Gurobi Optimizer version 12.0.0 build v12.0.0rc1 (win64 - Windows 11+.0 (26200.2))

CPU model: Intel(R) Core(TM) i9-14900K, instruction set [SSE2|AVX|AVX2]
Thread count: 24 physical cores, 32 logical processors, using up to 1 threads

Non-default parameters:
TimeLimit  1200
MIPGap  0.05
Heuristics  0.5
MIPFocus  3
FlowCoverCuts  2
Presolve  2
Threads  1

Optimize a model with 22740 rows, 37249 columns and 109726 nonzeros
Model fingerprint: 0xb15f2b97
Variable types: 17323 continuous, 19926 integer (19925 binary)
Coefficient statistics:
  Matrix range     [1e-01, 2e+02]
  Objective range  [1e-02, 1e+02]
  Bounds range     [1e+00, 2e+00]
  RHS range        [1e+00, 1e+04]
Root relaxation presolved: 2354 rows, 10295 columns, 30478 nonzeros

Root relaxation presolved: 2324 rows, 10294 columns, 30328 nonzeros

  [Fase 2 (infra fija)] estacion=station_1 dia=91 -> C:\Users\TECNO-MASTER\Desktop\Elmo_infrastructure_sizing_NP-\output\DCH_septiembre\Bateria_482\Costo_variable\Carga_libre\Carga_on_board_variable_3estaciones_P160kW_Descomp/station_1_d91
formulation time: 12.072134017944336
Solving opt model... (Puedes presionar Ctrl+C para detener y guardar la mejor solución actual)
Set parameter OutputFlag to value 1
Set parameter OutputFlag to value 1
Set parameter LogToConsole to value 1
Set parameter MIPGap to value 0.05
Set parameter LogFile to value "C:\Users\TECNO-MASTER\Desktop\Elmo_infrastructure_sizing_NP-\output\DCH_septiembre\Bateria_482\Costo_variable\Carga_libre\Carga_on_board_variable_3estaciones_P160kW_Descomp/station_1_d91\gurobi.log"
Set parameter Threads to value 1
Set parameter Heuristics to value 0.5
Set parameter MIPFocus to value 3
Set parameter Presolve to value 2
Set parameter FlowCoverCuts to value 2
Set parameter TimeLimit to value 1200
Gurobi Optimizer version 12.0.0 build v12.0.0rc1 (win64 - Windows 11+.0 (26200.2))

CPU model: Intel(R) Core(TM) i9-14900K, instruction set [SSE2|AVX|AVX2]
Thread count: 24 physical cores, 32 logical processors, using up to 1 threads

Non-default parameters:
TimeLimit  1200
MIPGap  0.05
Heuristics  0.5
MIPFocus  3
FlowCoverCuts  2
Presolve  2
Threads  1

Optimize a model with 22770 rows, 37249 columns and 109784 nonzeros
Model fingerprint: 0xb5c8d9c9
Variable types: 17323 continuous, 19926 integer (19925 binary)
Coefficient statistics:
  Matrix range     [1e-01, 2e+02]
  Objective range  [1e-02, 1e+02]
  Bounds range     [1e+00, 2e+00]
  RHS range        [1e+00, 1e+04]
  [Fase 2 (infra fija)] estacion=station_3 dia=152 -> C:\Users\TECNO-MASTER\Desktop\Elmo_infrastructure_sizing_NP-\output\DCH_septiembre\Bateria_482\Costo_variable\Carga_libre\Carga_on_board_variable_3estaciones_P160kW_Descomp/station_3_d152
formulation time: 11.368792295455933
Solving opt model... (Puedes presionar Ctrl+C para detener y guardar la mejor solución actual)
Set parameter OutputFlag to value 1
Set parameter OutputFlag to value 1
Set parameter LogToConsole to value 1
Set parameter MIPGap to value 0.05
Set parameter LogFile to value "C:\Users\TECNO-MASTER\Desktop\Elmo_infrastructure_sizing_NP-\output\DCH_septiembre\Bateria_482\Costo_variable\Carga_libre\Carga_on_board_variable_3estaciones_P160kW_Descomp/station_3_d152\gurobi.log"
Set parameter Threads to value 1
Set parameter Heuristics to value 0.5
Set parameter MIPFocus to value 3
Set parameter Presolve to value 2
Set parameter FlowCoverCuts to value 2
Set parameter TimeLimit to value 1200
  [Fase 2 (infra fija)] estacion=station_1 dia=60 -> C:\Users\TECNO-MASTER\Desktop\Elmo_infrastructure_sizing_NP-\output\DCH_septiembre\Bateria_482\Costo_variable\Carga_libre\Carga_on_board_variable_3estaciones_P160kW_Descomp/station_1_d60
formulation time: 12.338647842407227
Solving opt model... (Puedes presionar Ctrl+C para detener y guardar la mejor solución actual)
Set parameter OutputFlag to value 1
Set parameter OutputFlag to value 1
Set parameter LogToConsole to value 1
Set parameter MIPGap to value 0.05
Set parameter LogFile to value "C:\Users\TECNO-MASTER\Desktop\Elmo_infrastructure_sizing_NP-\output\DCH_septiembre\Bateria_482\Costo_variable\Carga_libre\Carga_on_board_variable_3estaciones_P160kW_Descomp/station_1_d60\gurobi.log"
Set parameter Threads to value 1
Set parameter Heuristics to value 0.5
Set parameter MIPFocus to value 3
Set parameter Presolve to value 2
Set parameter FlowCoverCuts to value 2
Set parameter TimeLimit to value 1200
Gurobi Optimizer version 12.0.0 build v12.0.0rc1 (win64 - Windows 11+.0 (26200.2))

CPU model: Intel(R) Core(TM) i9-14900K, instruction set [SSE2|AVX|AVX2]
Thread count: 24 physical cores, 32 logical processors, using up to 1 threads

Non-default parameters:
TimeLimit  1200
MIPGap  0.05
Heuristics  0.5
MIPFocus  3
FlowCoverCuts  2
Presolve  2
Threads  1

Optimize a model with 22770 rows, 37249 columns and 109786 nonzeros
Model fingerprint: 0x6764e989
Variable types: 17323 continuous, 19926 integer (19925 binary)
Coefficient statistics:
  Matrix range     [1e-01, 2e+02]
  Objective range  [1e-02, 1e+02]
  Bounds range     [1e+00, 2e+00]
  RHS range        [1e+00, 1e+04]
Gurobi Optimizer version 12.0.0 build v12.0.0rc1 (win64 - Windows 11+.0 (26200.2))

CPU model: Intel(R) Core(TM) i9-14900K, instruction set [SSE2|AVX|AVX2]
Thread count: 24 physical cores, 32 logical processors, using up to 1 threads

Non-default parameters:
TimeLimit  1200
MIPGap  0.05
Heuristics  0.5
MIPFocus  3
FlowCoverCuts  2
Presolve  2
Threads  1

Optimize a model with 22740 rows, 37249 columns and 109724 nonzeros
Model fingerprint: 0xb97916e8
Variable types: 17323 continuous, 19926 integer (19925 binary)
Coefficient statistics:
  Matrix range     [1e-01, 2e+02]
  Objective range  [9e-03, 1e+02]
  Bounds range     [1e+00, 2e+00]
  RHS range        [1e+00, 1e+04]
Presolve removed 20416 rows and 26952 columns
Presolve time: 0.18s
Presolved: 2354 rows, 10297 columns, 30484 nonzeros
Variable types: 841 continuous, 9456 integer (9456 binary)
Presolve removed 20416 rows and 26955 columns
Presolve time: 0.18s
Presolved: 2324 rows, 10294 columns, 30328 nonzeros

Root relaxation: objective 1.565282e+05, 3985 iterations, 0.19 seconds (0.16 work units)
Variable types: 840 continuous, 9454 integer (9454 binary)
Root relaxation presolved: 2354 rows, 10297 columns, 30484 nonzeros


Root relaxation: objective 1.612365e+05, 4254 iterations, 0.23 seconds (0.24 work units)
Root relaxation presolved: 2324 rows, 10294 columns, 30328 nonzeros

  [Fase 2 (infra fija)] estacion=station_2 dia=32 -> C:\Users\TECNO-MASTER\Desktop\Elmo_infrastructure_sizing_NP-\output\DCH_septiembre\Bateria_482\Costo_variable\Carga_libre\Carga_on_board_variable_3estaciones_P160kW_Descomp/station_2_d32
formulation time: 11.74070143699646
Solving opt model... (Puedes presionar Ctrl+C para detener y guardar la mejor solución actual)
Set parameter OutputFlag to value 1
Set parameter OutputFlag to value 1
Set parameter LogToConsole to value 1
Set parameter MIPGap to value 0.05
Set parameter LogFile to value "C:\Users\TECNO-MASTER\Desktop\Elmo_infrastructure_sizing_NP-\output\DCH_septiembre\Bateria_482\Costo_variable\Carga_libre\Carga_on_board_variable_3estaciones_P160kW_Descomp/station_2_d32\gurobi.log"
Set parameter Threads to value 1
Set parameter Heuristics to value 0.5
Set parameter MIPFocus to value 3
Set parameter Presolve to value 2
Set parameter FlowCoverCuts to value 2
Set parameter TimeLimit to value 1200
Gurobi Optimizer version 12.0.0 build v12.0.0rc1 (win64 - Windows 11+.0 (26200.2))

CPU model: Intel(R) Core(TM) i9-14900K, instruction set [SSE2|AVX|AVX2]
Thread count: 24 physical cores, 32 logical processors, using up to 1 threads

Non-default parameters:
TimeLimit  1200
MIPGap  0.05
Heuristics  0.5
MIPFocus  3
FlowCoverCuts  2
Presolve  2
Threads  1

Optimize a model with 23742 rows, 39247 columns and 115748 nonzeros
Model fingerprint: 0x326431bc
Variable types: 18325 continuous, 20922 integer (20921 binary)
Coefficient statistics:
  Matrix range     [1e-01, 2e+02]
  Objective range  [3e-03, 1e+02]
  Bounds range     [1e+00, 2e+00]
  RHS range        [1e+00, 1e+04]
Presolve removed 20416 rows and 26952 columns
Presolve time: 0.18s
Presolved: 2354 rows, 10297 columns, 30484 nonzeros
Variable types: 841 continuous, 9456 integer (9456 binary)
  [Fase 2 (infra fija)] estacion=station_1 dia=152 -> C:\Users\TECNO-MASTER\Desktop\Elmo_infrastructure_sizing_NP-\output\DCH_septiembre\Bateria_482\Costo_variable\Carga_libre\Carga_on_board_variable_3estaciones_P160kW_Descomp/station_1_d152
formulation time: 12.295144319534302
Solving opt model... (Puedes presionar Ctrl+C para detener y guardar la mejor solución actual)
Set parameter OutputFlag to value 1
Set parameter OutputFlag to value 1
Set parameter LogToConsole to value 1
Set parameter MIPGap to value 0.05
Set parameter LogFile to value "C:\Users\TECNO-MASTER\Desktop\Elmo_infrastructure_sizing_NP-\output\DCH_septiembre\Bateria_482\Costo_variable\Carga_libre\Carga_on_board_variable_3estaciones_P160kW_Descomp/station_1_d152\gurobi.log"
Set parameter Threads to value 1
Set parameter Heuristics to value 0.5
Set parameter MIPFocus to value 3
Set parameter Presolve to value 2
Set parameter FlowCoverCuts to value 2
Set parameter TimeLimit to value 1200

    Nodes    |    Current Node    |     Objective Bounds      |     Work
 Expl Unexpl |  Obj  Depth IntInf | Incumbent    BestBd   Gap | It/Node Time

     0     0 155065.629    0   98          - 155065.629      -     -    0s
Root relaxation presolved: 2354 rows, 10297 columns, 30484 nonzeros

Presolve removed 20416 rows and 26954 columns
Presolve time: 0.18s
Presolved: 2354 rows, 10295 columns, 30478 nonzeros
Variable types: 841 continuous, 9454 integer (9454 binary)
Gurobi Optimizer version 12.0.0 build v12.0.0rc1 (win64 - Windows 11+.0 (26200.2))

CPU model: Intel(R) Core(TM) i9-14900K, instruction set [SSE2|AVX|AVX2]
Thread count: 24 physical cores, 32 logical processors, using up to 1 threads

Non-default parameters:
TimeLimit  1200
MIPGap  0.05
Heuristics  0.5
MIPFocus  3
FlowCoverCuts  2
Presolve  2
Threads  1

Optimize a model with 22770 rows, 37249 columns and 109784 nonzeros
Model fingerprint: 0x15073364
Variable types: 17323 continuous, 19926 integer (19925 binary)
Coefficient statistics:
  Matrix range     [1e-01, 2e+02]
  Objective range  [1e-02, 1e+02]
  Bounds range     [1e+00, 2e+00]
  RHS range        [1e+00, 1e+04]
Presolve removed 20416 rows and 26953 columns
Presolve time: 0.18s
Presolved: 2324 rows, 10296 columns, 30334 nonzeros
Variable types: 840 continuous, 9456 integer (9456 binary)
Root relaxation presolved: 2354 rows, 10295 columns, 30478 nonzeros


Root relaxation: objective 1.561326e+05, 3861 iterations, 0.19 seconds (0.18 work units)
Root relaxation presolved: 2324 rows, 10296 columns, 30334 nonzeros


Root relaxation: objective 1.556001e+05, 4177 iterations, 0.21 seconds (0.20 work units)

    Nodes    |    Current Node    |     Objective Bounds      |     Work
 Expl Unexpl |  Obj  Depth IntInf | Incumbent    BestBd   Gap | It/Node Time

     0     0 155720.123    0   89          - 155720.123      -     -    1s

    Nodes    |    Current Node    |     Objective Bounds      |     Work
 Expl Unexpl |  Obj  Depth IntInf | Incumbent    BestBd   Gap | It/Node Time

     0     0 154111.058    0   87          - 154111.058      -     -    1s
Presolve removed 21412 rows and 28435 columns
Presolve time: 0.21s
Presolved: 2330 rows, 10812 columns, 31876 nonzeros
Variable types: 840 continuous, 9972 integer (9972 binary)
  [Fase 2 (infra fija)] estacion=station_2 dia=305 -> C:\Users\TECNO-MASTER\Desktop\Elmo_infrastructure_sizing_NP-\output\DCH_septiembre\Bateria_482\Costo_variable\Carga_libre\Carga_on_board_variable_3estaciones_P160kW_Descomp/station_2_d305
formulation time: 11.605177164077759
Solving opt model... (Puedes presionar Ctrl+C para detener y guardar la mejor solución actual)
Set parameter OutputFlag to value 1
Set parameter OutputFlag to value 1
Set parameter LogToConsole to value 1
Set parameter MIPGap to value 0.05
Set parameter LogFile to value "C:\Users\TECNO-MASTER\Desktop\Elmo_infrastructure_sizing_NP-\output\DCH_septiembre\Bateria_482\Costo_variable\Carga_libre\Carga_on_board_variable_3estaciones_P160kW_Descomp/station_2_d305\gurobi.log"
Set parameter Threads to value 1
Set parameter Heuristics to value 0.5
Set parameter MIPFocus to value 3
Set parameter Presolve to value 2
Set parameter FlowCoverCuts to value 2
Set parameter TimeLimit to value 1200
Root relaxation presolved: 2330 rows, 10812 columns, 31876 nonzeros

  [Fase 2 (infra fija)] estacion=station_3 dia=121 -> C:\Users\TECNO-MASTER\Desktop\Elmo_infrastructure_sizing_NP-\output\DCH_septiembre\Bateria_482\Costo_variable\Carga_libre\Carga_on_board_variable_3estaciones_P160kW_Descomp/station_3_d121
formulation time: 11.981637716293335
Solving opt model... (Puedes presionar Ctrl+C para detener y guardar la mejor solución actual)
Set parameter OutputFlag to value 1
Set parameter OutputFlag to value 1
Set parameter LogToConsole to value 1
Set parameter MIPGap to value 0.05
Set parameter LogFile to value "C:\Users\TECNO-MASTER\Desktop\Elmo_infrastructure_sizing_NP-\output\DCH_septiembre\Bateria_482\Costo_variable\Carga_libre\Carga_on_board_variable_3estaciones_P160kW_Descomp/station_3_d121\gurobi.log"
Set parameter Threads to value 1
Set parameter Heuristics to value 0.5
Set parameter MIPFocus to value 3
Set parameter Presolve to value 2
Set parameter FlowCoverCuts to value 2
Set parameter TimeLimit to value 1200
Gurobi Optimizer version 12.0.0 build v12.0.0rc1 (win64 - Windows 11+.0 (26200.2))

CPU model: Intel(R) Core(TM) i9-14900K, instruction set [SSE2|AVX|AVX2]
Thread count: 24 physical cores, 32 logical processors, using up to 1 threads

Non-default parameters:
TimeLimit  1200
MIPGap  0.05
Heuristics  0.5
MIPFocus  3
FlowCoverCuts  2
Presolve  2
Threads  1

Optimize a model with 23742 rows, 39247 columns and 115748 nonzeros
Model fingerprint: 0x1fe45ed5
Variable types: 18325 continuous, 20922 integer (20921 binary)
Coefficient statistics:
  Matrix range     [1e-01, 2e+02]
  Objective range  [1e-01, 1e+02]
  Bounds range     [1e+00, 2e+00]
  RHS range        [1e+00, 1e+04]
Gurobi Optimizer version 12.0.0 build v12.0.0rc1 (win64 - Windows 11+.0 (26200.2))

CPU model: Intel(R) Core(TM) i9-14900K, instruction set [SSE2|AVX|AVX2]
Thread count: 24 physical cores, 32 logical processors, using up to 1 threads

Non-default parameters:
TimeLimit  1200
MIPGap  0.05
Heuristics  0.5
MIPFocus  3
FlowCoverCuts  2
Presolve  2
Threads  1

Optimize a model with 22770 rows, 37249 columns and 109786 nonzeros
Model fingerprint: 0x36da9362
Variable types: 17323 continuous, 19926 integer (19925 binary)
Coefficient statistics:
  Matrix range     [1e-01, 2e+02]
  Objective range  [8e-03, 1e+02]
  Bounds range     [1e+00, 2e+00]
  RHS range        [1e+00, 1e+04]

Root relaxation: objective 1.609246e+05, 3761 iterations, 0.20 seconds (0.20 work units)

Root relaxation: objective 1.544736e+05, 4144 iterations, 0.19 seconds (0.19 work units)
Presolve removed 20416 rows and 26952 columns
Presolve time: 0.19s
Presolved: 2354 rows, 10297 columns, 30484 nonzeros
Variable types: 841 continuous, 9456 integer (9456 binary)

Root relaxation: objective 1.574037e+05, 4796 iterations, 0.27 seconds (0.26 work units)
Root relaxation presolved: 2354 rows, 10297 columns, 30484 nonzeros


    Nodes    |    Current Node    |     Objective Bounds      |     Work
 Expl Unexpl |  Obj  Depth IntInf | Incumbent    BestBd   Gap | It/Node Time

     0     0 156528.225    0   60          - 156528.225      -     -    0s
  [Fase 2 (infra fija)] estacion=station_1 dia=121 -> C:\Users\TECNO-MASTER\Desktop\Elmo_infrastructure_sizing_NP-\output\DCH_septiembre\Bateria_482\Costo_variable\Carga_libre\Carga_on_board_variable_3estaciones_P160kW_Descomp/station_1_d121
formulation time: 11.976093530654907
Solving opt model... (Puedes presionar Ctrl+C para detener y guardar la mejor solución actual)
Set parameter OutputFlag to value 1
Set parameter OutputFlag to value 1
Set parameter LogToConsole to value 1
Set parameter MIPGap to value 0.05
  [Fase 2 (infra fija)] estacion=station_3 dia=213 -> C:\Users\TECNO-MASTER\Desktop\Elmo_infrastructure_sizing_NP-\output\DCH_septiembre\Bateria_482\Costo_variable\Carga_libre\Carga_on_board_variable_3estaciones_P160kW_Descomp/station_3_d213
formulation time: 12.140206575393677
Solving opt model... (Puedes presionar Ctrl+C para detener y guardar la mejor solución actual)
Set parameter OutputFlag to value 1
Set parameter OutputFlag to value 1
Set parameter LogToConsole to value 1
Set parameter MIPGap to value 0.05
Set parameter LogFile to value "C:\Users\TECNO-MASTER\Desktop\Elmo_infrastructure_sizing_NP-\output\DCH_septiembre\Bateria_482\Costo_variable\Carga_libre\Carga_on_board_variable_3estaciones_P160kW_Descomp/station_1_d121\gurobi.log"
Set parameter Threads to value 1
Set parameter Heuristics to value 0.5
Set parameter MIPFocus to value 3
Set parameter Presolve to value 2
Set parameter FlowCoverCuts to value 2
Set parameter TimeLimit to value 1200
Set parameter LogFile to value "C:\Users\TECNO-MASTER\Desktop\Elmo_infrastructure_sizing_NP-\output\DCH_septiembre\Bateria_482\Costo_variable\Carga_libre\Carga_on_board_variable_3estaciones_P160kW_Descomp/station_3_d213\gurobi.log"
Set parameter Threads to value 1
Set parameter Heuristics to value 0.5
Set parameter MIPFocus to value 3
Set parameter Presolve to value 2
Set parameter FlowCoverCuts to value 2
Set parameter TimeLimit to value 1200
  [Fase 2 (infra fija)] estacion=station_2 dia=213 -> C:\Users\TECNO-MASTER\Desktop\Elmo_infrastructure_sizing_NP-\output\DCH_septiembre\Bateria_482\Costo_variable\Carga_libre\Carga_on_board_variable_3estaciones_P160kW_Descomp/station_2_d213
formulation time: 11.658649444580078
Solving opt model... (Puedes presionar Ctrl+C para detener y guardar la mejor solución actual)
Set parameter OutputFlag to value 1
  [Fase 2 (infra fija)] estacion=station_3 dia=91 -> C:\Users\TECNO-MASTER\Desktop\Elmo_infrastructure_sizing_NP-\output\DCH_septiembre\Bateria_482\Costo_variable\Carga_libre\Carga_on_board_variable_3estaciones_P160kW_Descomp/station_3_d91
formulation time: 12.225107192993164
Solving opt model... (Puedes presionar Ctrl+C para detener y guardar la mejor solución actual)
Set parameter OutputFlag to value 1
Set parameter OutputFlag to value 1
Set parameter OutputFlag to value 1
Set parameter LogToConsole to value 1
Set parameter LogToConsole to value 1
Set parameter MIPGap to value 0.05
Set parameter MIPGap to value 0.05
Set parameter LogFile to value "C:\Users\TECNO-MASTER\Desktop\Elmo_infrastructure_sizing_NP-\output\DCH_septiembre\Bateria_482\Costo_variable\Carga_libre\Carga_on_board_variable_3estaciones_P160kW_Descomp/station_2_d213\gurobi.log"
Set parameter LogFile to value "C:\Users\TECNO-MASTER\Desktop\Elmo_infrastructure_sizing_NP-\output\DCH_septiembre\Bateria_482\Costo_variable\Carga_libre\Carga_on_board_variable_3estaciones_P160kW_Descomp/station_3_d91\gurobi.log"
Set parameter Threads to value 1
Set parameter Threads to value 1
Set parameter Heuristics to value 0.5
Set parameter Heuristics to value 0.5
Set parameter MIPFocus to value 3
Set parameter Presolve to value 2
Set parameter MIPFocus to value 3
Set parameter FlowCoverCuts to value 2
Set parameter Presolve to value 2
Set parameter FlowCoverCuts to value 2
Set parameter TimeLimit to value 1200
Set parameter TimeLimit to value 1200
Gurobi Optimizer version 12.0.0 build v12.0.0rc1 (win64 - Windows 11+.0 (26200.2))

CPU model: Intel(R) Core(TM) i9-14900K, instruction set [SSE2|AVX|AVX2]
Thread count: 24 physical cores, 32 logical processors, using up to 1 threads

Non-default parameters:
TimeLimit  1200
MIPGap  0.05
Heuristics  0.5
MIPFocus  3
FlowCoverCuts  2
Presolve  2
Threads  1

Optimize a model with 22770 rows, 37249 columns and 109784 nonzeros
Model fingerprint: 0x04b44ffc
Variable types: 17323 continuous, 19926 integer (19925 binary)
Coefficient statistics:
  Matrix range     [1e-01, 2e+02]
  Objective range  [8e-03, 1e+02]
  Bounds range     [1e+00, 2e+00]
  RHS range        [1e+00, 1e+04]
Gurobi Optimizer version 12.0.0 build v12.0.0rc1 (win64 - Windows 11+.0 (26200.2))

CPU model: Intel(R) Core(TM) i9-14900K, instruction set [SSE2|AVX|AVX2]
Thread count: 24 physical cores, 32 logical processors, using up to 1 threads

Non-default parameters:
TimeLimit  1200
MIPGap  0.05
Heuristics  0.5
MIPFocus  3
FlowCoverCuts  2
Presolve  2
Threads  1

Optimize a model with 22770 rows, 37249 columns and 109786 nonzeros
Model fingerprint: 0xd49e2017
Variable types: 17323 continuous, 19926 integer (19925 binary)
Coefficient statistics:
  Matrix range     [1e-01, 2e+02]
  Objective range  [8e-03, 1e+02]
  Bounds range     [1e+00, 2e+00]
  RHS range        [1e+00, 1e+04]
Gurobi Optimizer version 12.0.0 build v12.0.0rc1 (win64 - Windows 11+.0 (26200.2))

CPU model: Intel(R) Core(TM) i9-14900K, instruction set [SSE2|AVX|AVX2]
Thread count: 24 physical cores, 32 logical processors, using up to 1 threads

Non-default parameters:
TimeLimit  1200
MIPGap  0.05
Heuristics  0.5
MIPFocus  3
FlowCoverCuts  2
Presolve  2
Threads  1

Optimize a model with 22770 rows, 37249 columns and 109786 nonzeros
Gurobi Optimizer version 12.0.0 build v12.0.0rc1 (win64 - Windows 11+.0 (26200.2))

CPU model: Intel(R) Core(TM) i9-14900K, instruction set [SSE2|AVX|AVX2]
Thread count: 24 physical cores, 32 logical processors, using up to 1 threads

Non-default parameters:
TimeLimit  1200
MIPGap  0.05
Heuristics  0.5
MIPFocus  3
FlowCoverCuts  2
Presolve  2
Threads  1

Optimize a model with 23772 rows, 39247 columns and 115808 nonzeros
Model fingerprint: 0x5320bfa2
Variable types: 17323 continuous, 19926 integer (19925 binary)
Coefficient statistics:
  Matrix range     [1e-01, 2e+02]
  Objective range  [1e-02, 1e+02]
  Bounds range     [1e+00, 2e+00]
  RHS range        [1e+00, 1e+04]
Model fingerprint: 0x7dcfa5d4
Variable types: 18325 continuous, 20922 integer (20921 binary)
Coefficient statistics:
  Matrix range     [1e-01, 2e+02]
  Objective range  [8e-03, 1e+02]
  Bounds range     [1e+00, 2e+00]
  RHS range        [1e+00, 1e+04]

Root relaxation: objective 1.566975e+05, 3739 iterations, 0.17 seconds (0.16 work units)

    Nodes    |    Current Node    |     Objective Bounds      |     Work
 Expl Unexpl |  Obj  Depth IntInf | Incumbent    BestBd   Gap | It/Node Time

     0     0 155288.401    0   85          - 155288.401      -     -    1s
  [Fase 2 (infra fija)] estacion=station_2 dia=335 -> C:\Users\TECNO-MASTER\Desktop\Elmo_infrastructure_sizing_NP-\output\DCH_septiembre\Bateria_482\Costo_variable\Carga_libre\Carga_on_board_variable_3estaciones_P160kW_Descomp/station_2_d335
formulation time: 11.551132440567017
Solving opt model... (Puedes presionar Ctrl+C para detener y guardar la mejor solución actual)
Set parameter OutputFlag to value 1
Set parameter OutputFlag to value 1
Set parameter LogToConsole to value 1
Set parameter MIPGap to value 0.05
Set parameter LogFile to value "C:\Users\TECNO-MASTER\Desktop\Elmo_infrastructure_sizing_NP-\output\DCH_septiembre\Bateria_482\Costo_variable\Carga_libre\Carga_on_board_variable_3estaciones_P160kW_Descomp/station_2_d335\gurobi.log"
Set parameter Threads to value 1
Set parameter Heuristics to value 0.5
Set parameter MIPFocus to value 3
Set parameter Presolve to value 2
Set parameter FlowCoverCuts to value 2
Set parameter TimeLimit to value 1200
Gurobi Optimizer version 12.0.0 build v12.0.0rc1 (win64 - Windows 11+.0 (26200.2))

CPU model: Intel(R) Core(TM) i9-14900K, instruction set [SSE2|AVX|AVX2]
Thread count: 24 physical cores, 32 logical processors, using up to 1 threads

Non-default parameters:
TimeLimit  1200
MIPGap  0.05
Heuristics  0.5
MIPFocus  3
FlowCoverCuts  2
Presolve  2
Threads  1

Optimize a model with 23742 rows, 39247 columns and 115748 nonzeros
Model fingerprint: 0x54184479
Variable types: 18325 continuous, 20922 integer (20921 binary)
Coefficient statistics:
  Matrix range     [1e-01, 2e+02]
  Objective range  [4e-03, 1e+02]
  Bounds range     [1e+00, 2e+00]
  RHS range        [1e+00, 1e+04]

Root relaxation: objective 1.555008e+05, 3818 iterations, 0.16 seconds (0.16 work units)
  [Fase 2 (infra fija)] estacion=station_1 dia=213 -> C:\Users\TECNO-MASTER\Desktop\Elmo_infrastructure_sizing_NP-\output\DCH_septiembre\Bateria_482\Costo_variable\Carga_libre\Carga_on_board_variable_3estaciones_P160kW_Descomp/station_1_d213
formulation time: 12.310646772384644
Solving opt model... (Puedes presionar Ctrl+C para detener y guardar la mejor solución actual)
Set parameter OutputFlag to value 1
Set parameter OutputFlag to value 1
Set parameter LogToConsole to value 1
Set parameter MIPGap to value 0.05
  [Fase 2 (infra fija)] estacion=station_1 dia=305 -> C:\Users\TECNO-MASTER\Desktop\Elmo_infrastructure_sizing_NP-\output\DCH_septiembre\Bateria_482\Costo_variable\Carga_libre\Carga_on_board_variable_3estaciones_P160kW_Descomp/station_1_d305
formulation time: 12.184621334075928
Solving opt model... (Puedes presionar Ctrl+C para detener y guardar la mejor solución actual)
Set parameter OutputFlag to value 1
Set parameter OutputFlag to value 1
Set parameter LogToConsole to value 1
Set parameter MIPGap to value 0.05
Set parameter LogFile to value "C:\Users\TECNO-MASTER\Desktop\Elmo_infrastructure_sizing_NP-\output\DCH_septiembre\Bateria_482\Costo_variable\Carga_libre\Carga_on_board_variable_3estaciones_P160kW_Descomp/station_1_d213\gurobi.log"
Set parameter Threads to value 1
Set parameter Heuristics to value 0.5
Set parameter MIPFocus to value 3
Set parameter Presolve to value 2
Set parameter FlowCoverCuts to value 2
Set parameter TimeLimit to value 1200
Set parameter LogFile to value "C:\Users\TECNO-MASTER\Desktop\Elmo_infrastructure_sizing_NP-\output\DCH_septiembre\Bateria_482\Costo_variable\Carga_libre\Carga_on_board_variable_3estaciones_P160kW_Descomp/station_1_d305\gurobi.log"
Set parameter Threads to value 1
Set parameter Heuristics to value 0.5
Set parameter MIPFocus to value 3
Set parameter Presolve to value 2
Set parameter FlowCoverCuts to value 2
Set parameter TimeLimit to value 1200
Presolve removed 20416 rows and 26954 columns
Presolve time: 0.18s
Presolved: 2354 rows, 10295 columns, 30478 nonzeros
Variable types: 841 continuous, 9454 integer (9454 binary)
  [Fase 2 (infra fija)] estacion=station_2 dia=1 -> C:\Users\TECNO-MASTER\Desktop\Elmo_infrastructure_sizing_NP-\output\DCH_septiembre\Bateria_482\Costo_variable\Carga_libre\Carga_on_board_variable_3estaciones_P160kW_Descomp/station_2_d1
formulation time: 11.665694236755371
Solving opt model... (Puedes presionar Ctrl+C para detener y guardar la mejor solución actual)
Set parameter OutputFlag to value 1
Set parameter OutputFlag to value 1
Set parameter LogToConsole to value 1
Set parameter MIPGap to value 0.05
Gurobi Optimizer version 12.0.0 build v12.0.0rc1 (win64 - Windows 11+.0 (26200.2))

CPU model: Intel(R) Core(TM) i9-14900K, instruction set [SSE2|AVX|AVX2]
Set parameter LogFile to value "C:\Users\TECNO-MASTER\Desktop\Elmo_infrastructure_sizing_NP-\output\DCH_septiembre\Bateria_482\Costo_variable\Carga_libre\Carga_on_board_variable_3estaciones_P160kW_Descomp/station_2_d1\gurobi.log"
Set parameter Threads to value 1
Set parameter Heuristics to value 0.5
Set parameter MIPFocus to value 3
Set parameter Presolve to value 2
Set parameter FlowCoverCuts to value 2
Set parameter TimeLimit to value 1200
Thread count: 24 physical cores, 32 logical processors, using up to 1 threads

Non-default parameters:
TimeLimit  1200
MIPGap  0.05
Heuristics  0.5
MIPFocus  3
FlowCoverCuts  2
Presolve  2
Threads  1

Optimize a model with 22740 rows, 37249 columns and 109724 nonzeros
Gurobi Optimizer version 12.0.0 build v12.0.0rc1 (win64 - Windows 11+.0 (26200.2))

CPU model: Intel(R) Core(TM) i9-14900K, instruction set [SSE2|AVX|AVX2]
Thread count: 24 physical cores, 32 logical processors, using up to 1 threads

Non-default parameters:
TimeLimit  1200
MIPGap  0.05
Heuristics  0.5
MIPFocus  3
FlowCoverCuts  2
Presolve  2
Threads  1

Optimize a model with 22770 rows, 37249 columns and 109784 nonzeros
Model fingerprint: 0x252bdc42
Variable types: 17323 continuous, 19926 integer (19925 binary)
Coefficient statistics:
  Matrix range     [1e-01, 2e+02]
  Objective range  [1e-01, 1e+02]
  Bounds range     [1e+00, 2e+00]
  RHS range        [1e+00, 1e+04]
Model fingerprint: 0xbf73f57b
Variable types: 17323 continuous, 19926 integer (19925 binary)
Coefficient statistics:
  Matrix range     [1e-01, 2e+02]
  Objective range  [8e-03, 1e+02]
  Bounds range     [1e+00, 2e+00]
  RHS range        [1e+00, 1e+04]
     0     0 155074.499    0   62          - 155074.499      -     -    1s
Presolve removed 21412 rows and 28435 columns
Presolve time: 0.21s
Root relaxation presolved: 2354 rows, 10295 columns, 30478 nonzeros

Presolved: 2330 rows, 10812 columns, 31876 nonzeros
Gurobi Optimizer version 12.0.0 build v12.0.0rc1 (win64 - Windows 11+.0 (26200.2))

CPU model: Intel(R) Core(TM) i9-14900K, instruction set [SSE2|AVX|AVX2]
Thread count: 24 physical cores, 32 logical processors, using up to 1 threads

Non-default parameters:
TimeLimit  1200
MIPGap  0.05
Heuristics  0.5
MIPFocus  3
FlowCoverCuts  2
Presolve  2
Threads  1

Optimize a model with 23742 rows, 39247 columns and 115748 nonzeros
Model fingerprint: 0x21f34ed1
Variable types: 18325 continuous, 20922 integer (20921 binary)
Coefficient statistics:
  Matrix range     [1e-01, 2e+02]
  Objective range  [1e-02, 1e+02]
  Bounds range     [1e+00, 2e+00]
  RHS range        [1e+00, 1e+04]
Variable types: 840 continuous, 9972 integer (9972 binary)
Root relaxation presolved: 2330 rows, 10812 columns, 31876 nonzeros

     0     0 155074.499    0   63          - 155074.499      -     -    1s
Presolve removed 20416 rows and 26952 columns
Presolve time: 0.19s
Presolved: 2354 rows, 10297 columns, 30484 nonzeros
     0     0 155726.082    0    9          - 155726.082      -     -    1s
Variable types: 841 continuous, 9456 integer (9456 binary)
Presolve removed 20416 rows and 26954 columns
Presolve time: 0.19s
Presolved: 2354 rows, 10295 columns, 30478 nonzeros
Variable types: 841 continuous, 9454 integer (9454 binary)
Presolve removed 20416 rows and 26954 columns
Presolve time: 0.20s
Presolved: 2354 rows, 10295 columns, 30478 nonzeros
Presolve removed 21412 rows and 28434 columns
Presolve time: 0.20s
Presolved: 2360 rows, 10813 columns, 32026 nonzeros
Variable types: 841 continuous, 9454 integer (9454 binary)
Variable types: 841 continuous, 9972 integer (9972 binary)

    Nodes    |    Current Node    |     Objective Bounds      |     Work
 Expl Unexpl |  Obj  Depth IntInf | Incumbent    BestBd   Gap | It/Node Time

     0     0 156132.643    0   70          - 156132.643      -     -    0s
Root relaxation presolved: 2354 rows, 10297 columns, 30484 nonzeros

  [Fase 2 (infra fija)] estacion=station_2 dia=182 -> C:\Users\TECNO-MASTER\Desktop\Elmo_infrastructure_sizing_NP-\output\DCH_septiembre\Bateria_482\Costo_variable\Carga_libre\Carga_on_board_variable_3estaciones_P160kW_Descomp/station_2_d182
formulation time: 11.618648767471313
Solving opt model... (Puedes presionar Ctrl+C para detener y guardar la mejor solución actual)
Set parameter OutputFlag to value 1
Set parameter OutputFlag to value 1
Set parameter LogToConsole to value 1
Set parameter MIPGap to value 0.05
Set parameter LogFile to value "C:\Users\TECNO-MASTER\Desktop\Elmo_infrastructure_sizing_NP-\output\DCH_septiembre\Bateria_482\Costo_variable\Carga_libre\Carga_on_board_variable_3estaciones_P160kW_Descomp/station_2_d182\gurobi.log"
Set parameter Threads to value 1
Set parameter Heuristics to value 0.5
Set parameter MIPFocus to value 3
Set parameter Presolve to value 2
Set parameter FlowCoverCuts to value 2
Set parameter TimeLimit to value 1200
H    0     0                    155747.55181 155726.082  0.01%     -    1s
Root relaxation presolved: 2354 rows, 10295 columns, 30478 nonzeros


Cutting planes:
  Gomory: 19
  Cover: 8
  Implied bound: 1
  Clique: 5
  MIR: 6
  Mixing: 1
  Flow cover: 10
  Zero half: 35
  RLT: 6
  Relax-and-lift: 11
  PSD: 5

Explored 1 nodes (8953 simplex iterations) in 1.59 seconds (1.34 work units)
Thread count was 1 (of 32 available processors)

Solution count 1: 155748 

Optimal solution found (tolerance 5.00e-02)
Best objective 1.557475518106e+05, best bound 1.557260818999e+05, gap 0.0138%
Root relaxation presolved: 2354 rows, 10295 columns, 30478 nonzeros

Root relaxation presolved: 2360 rows, 10813 columns, 32026 nonzeros

Gurobi Optimizer version 12.0.0 build v12.0.0rc1 (win64 - Windows 11+.0 (26200.2))

CPU model: Intel(R) Core(TM) i9-14900K, instruction set [SSE2|AVX|AVX2]
Thread count: 24 physical cores, 32 logical processors, using up to 1 threads

Non-default parameters:
TimeLimit  1200
MIPGap  0.05
Heuristics  0.5
MIPFocus  3
FlowCoverCuts  2
Presolve  2
Threads  1

Optimize a model with 23772 rows, 39247 columns and 115808 nonzeros
Model fingerprint: 0x9f5fb3a7
Variable types: 18325 continuous, 20922 integer (20921 binary)
Coefficient statistics:
  Matrix range     [1e-01, 2e+02]
  Objective range  [1e-02, 1e+02]
  Bounds range     [1e+00, 2e+00]
  RHS range        [1e+00, 1e+04]
Presolve removed 21412 rows and 28435 columns
Presolve time: 0.20s
Presolved: 2330 rows, 10812 columns, 31876 nonzeros
Variable types: 840 continuous, 9972 integer (9972 binary)

Root relaxation: objective 1.594359e+05, 3952 iterations, 0.20 seconds (0.20 work units)
Presolve removed 20416 rows and 26952 columns
Presolve time: 0.18s
Presolved: 2354 rows, 10297 columns, 30484 nonzeros
Presolve removed 20416 rows and 26953 columns
Presolve time: 0.19s
Presolved: 2324 rows, 10296 columns, 30334 nonzeros
Variable types: 841 continuous, 9456 integer (9456 binary)
Variable types: 840 continuous, 9456 integer (9456 binary)
Root relaxation presolved: 2330 rows, 10812 columns, 31876 nonzeros

     0     0 154114.017    0   53          - 154114.017      -     -    1s

Root relaxation: objective 1.573247e+05, 3867 iterations, 0.19 seconds (0.16 work units)
Root relaxation presolved: 2354 rows, 10297 columns, 30484 nonzeros

Presolve removed 21412 rows and 28435 columns
Presolve time: 0.20s
Presolved: 2330 rows, 10812 columns, 31876 nonzeros
Root relaxation presolved: 2324 rows, 10296 columns, 30334 nonzeros

Variable types: 840 continuous, 9972 integer (9972 binary)
  [Fase 2 (infra fija)] estacion=station_3 dia=60 -> C:\Users\TECNO-MASTER\Desktop\Elmo_infrastructure_sizing_NP-\output\DCH_septiembre\Bateria_482\Costo_variable\Carga_libre\Carga_on_board_variable_3estaciones_P160kW_Descomp/station_3_d60
formulation time: 12.223210573196411
Solving opt model... (Puedes presionar Ctrl+C para detener y guardar la mejor solución actual)
Set parameter OutputFlag to value 1
Set parameter OutputFlag to value 1
Set parameter LogToConsole to value 1
Set parameter MIPGap to value 0.05
Set parameter LogFile to value "C:\Users\TECNO-MASTER\Desktop\Elmo_infrastructure_sizing_NP-\output\DCH_septiembre\Bateria_482\Costo_variable\Carga_libre\Carga_on_board_variable_3estaciones_P160kW_Descomp/station_3_d60\gurobi.log"
Set parameter Threads to value 1
Set parameter Heuristics to value 0.5
Set parameter MIPFocus to value 3
Set parameter Presolve to value 2
Set parameter FlowCoverCuts to value 2
Set parameter TimeLimit to value 1200
Root relaxation presolved: 2330 rows, 10812 columns, 31876 nonzeros

Gurobi Optimizer version 12.0.0 build v12.0.0rc1 (win64 - Windows 11+.0 (26200.2))

CPU model: Intel(R) Core(TM) i9-14900K, instruction set [SSE2|AVX|AVX2]
Thread count: 24 physical cores, 32 logical processors, using up to 1 threads

Non-default parameters:
TimeLimit  1200
MIPGap  0.05
Heuristics  0.5
MIPFocus  3
FlowCoverCuts  2
Presolve  2
Threads  1

Optimize a model with 22740 rows, 37249 columns and 109726 nonzeros
Model fingerprint: 0xe7fd900a
Variable types: 17323 continuous, 19926 integer (19925 binary)
Coefficient statistics:
  Matrix range     [1e-01, 2e+02]
  Objective range  [9e-03, 1e+02]
  Bounds range     [1e+00, 2e+00]
  RHS range        [1e+00, 1e+04]

Root relaxation: objective 1.539978e+05, 3938 iterations, 0.18 seconds (0.16 work units)
  [Fase 2 (infra fija)] estacion=station_2 dia=152 -> C:\Users\TECNO-MASTER\Desktop\Elmo_infrastructure_sizing_NP-\output\DCH_septiembre\Bateria_482\Costo_variable\Carga_libre\Carga_on_board_variable_3estaciones_P160kW_Descomp/station_2_d152
formulation time: 12.310068845748901
Solving opt model... (Puedes presionar Ctrl+C para detener y guardar la mejor solución actual)
Set parameter OutputFlag to value 1
Set parameter OutputFlag to value 1
Set parameter LogToConsole to value 1
Set parameter MIPGap to value 0.05
Set parameter LogFile to value "C:\Users\TECNO-MASTER\Desktop\Elmo_infrastructure_sizing_NP-\output\DCH_septiembre\Bateria_482\Costo_variable\Carga_libre\Carga_on_board_variable_3estaciones_P160kW_Descomp/station_2_d152\gurobi.log"
Set parameter Threads to value 1
Set parameter Heuristics to value 0.5
Set parameter MIPFocus to value 3
Set parameter Presolve to value 2
Set parameter FlowCoverCuts to value 2
Set parameter TimeLimit to value 1200
     0     0 156561.833    0  101          - 156561.833      -     -    1s
Gurobi Optimizer version 12.0.0 build v12.0.0rc1 (win64 - Windows 11+.0 (26200.2))

CPU model: Intel(R) Core(TM) i9-14900K, instruction set [SSE2|AVX|AVX2]
Thread count: 24 physical cores, 32 logical processors, using up to 1 threads

Non-default parameters:
TimeLimit  1200
MIPGap  0.05
Heuristics  0.5
MIPFocus  3
FlowCoverCuts  2
Presolve  2
Threads  1

Optimize a model with 23772 rows, 39247 columns and 115808 nonzeros
Model fingerprint: 0x79359d13
Variable types: 18325 continuous, 20922 integer (20921 binary)
Coefficient statistics:
  Matrix range     [1e-01, 2e+02]
  Objective range  [1e-02, 1e+02]
  Bounds range     [1e+00, 2e+00]
  RHS range        [1e+00, 1e+04]

Root relaxation: objective 1.629595e+05, 4208 iterations, 0.24 seconds (0.23 work units)

Root relaxation: objective 1.550151e+05, 3775 iterations, 0.19 seconds (0.16 work units)
Presolve removed 21412 rows and 28434 columns
Presolve time: 0.23s
Presolved: 2360 rows, 10813 columns, 32026 nonzeros

    Nodes    |    Current Node    |     Objective Bounds      |     Work
 Expl Unexpl |  Obj  Depth IntInf | Incumbent    BestBd   Gap | It/Node Time

     0     0 156697.498    0   58          - 156697.498      -     -    0s
Variable types: 841 continuous, 9972 integer (9972 binary)

    Nodes    |    Current Node    |     Objective Bounds      |     Work
 Expl Unexpl |  Obj  Depth IntInf | Incumbent    BestBd   Gap | It/Node Time

     0     0 161236.549    0   94          - 161236.549      -     -    1s

Root relaxation: objective 1.653869e+05, 4245 iterations, 0.29 seconds (0.28 work units)
Root relaxation presolved: 2360 rows, 10813 columns, 32026 nonzeros


Root relaxation: objective 1.563285e+05, 3746 iterations, 0.20 seconds (0.17 work units)

Root relaxation: objective 1.626815e+05, 5009 iterations, 0.34 seconds (0.32 work units)
H    0     0                    175124.97727 161236.549  7.93%     -    1s
  [Fase 2 (infra fija)] estacion=station_2 dia=121 -> C:\Users\TECNO-MASTER\Desktop\Elmo_infrastructure_sizing_NP-\output\DCH_septiembre\Bateria_482\Costo_variable\Carga_libre\Carga_on_board_variable_3estaciones_P160kW_Descomp/station_2_d121
formulation time: 12.439591646194458
Solving opt model... (Puedes presionar Ctrl+C para detener y guardar la mejor solución actual)
Set parameter OutputFlag to value 1
Set parameter OutputFlag to value 1
Set parameter LogToConsole to value 1
Set parameter MIPGap to value 0.05
Set parameter LogFile to value "C:\Users\TECNO-MASTER\Desktop\Elmo_infrastructure_sizing_NP-\output\DCH_septiembre\Bateria_482\Costo_variable\Carga_libre\Carga_on_board_variable_3estaciones_P160kW_Descomp/station_2_d121\gurobi.log"
Set parameter Threads to value 1
Set parameter Heuristics to value 0.5
Set parameter MIPFocus to value 3
Set parameter Presolve to value 2
Set parameter FlowCoverCuts to value 2
Set parameter TimeLimit to value 1200
H    0     0                    169598.16611 161236.549  4.93%     -    1s

Explored 1 nodes (8028 simplex iterations) in 1.50 seconds (1.16 work units)
Thread count was 1 (of 32 available processors)

Solution count 2: 169598 175125 

Optimal solution found (tolerance 5.00e-02)
Best objective 1.695981661122e+05, best bound 1.612365488162e+05, gap 4.9303%
Gurobi Optimizer version 12.0.0 build v12.0.0rc1 (win64 - Windows 11+.0 (26200.2))

CPU model: Intel(R) Core(TM) i9-14900K, instruction set [SSE2|AVX|AVX2]
Thread count: 24 physical cores, 32 logical processors, using up to 1 threads

Non-default parameters:
TimeLimit  1200
MIPGap  0.05
Heuristics  0.5
MIPFocus  3
FlowCoverCuts  2
Presolve  2
Threads  1

Optimize a model with 23772 rows, 39247 columns and 115808 nonzeros
Model fingerprint: 0x0d7cc608
Variable types: 18325 continuous, 20922 integer (20921 binary)
Coefficient statistics:
  Matrix range     [1e-01, 2e+02]
  Objective range  [8e-03, 1e+02]
  Bounds range     [1e+00, 2e+00]
  RHS range        [1e+00, 1e+04]

Root relaxation: objective 1.568858e+05, 4868 iterations, 0.28 seconds (0.27 work units)

    Nodes    |    Current Node    |     Objective Bounds      |     Work
 Expl Unexpl |  Obj  Depth IntInf | Incumbent    BestBd   Gap | It/Node Time

     0     0 154473.645    0  122          - 154473.645      -     -    1s
     0     0 155300.652    0   96          - 155300.652      -     -    1s
Presolve removed 20416 rows and 26955 columns
Presolve time: 0.21s
Presolved: 2324 rows, 10294 columns, 30328 nonzeros
Variable types: 840 continuous, 9454 integer (9454 binary)

Root relaxation: objective 1.566105e+05, 5012 iterations, 0.33 seconds (0.29 work units)
H    0     0                    154668.90774 154473.645  0.13%     -    1s

Explored 1 nodes (8653 simplex iterations) in 1.16 seconds (0.93 work units)
Thread count was 1 (of 32 available processors)

Solution count 1: 154669 

Optimal solution found (tolerance 5.00e-02)
Best objective 1.546689077386e+05, best bound 1.544736449536e+05, gap 0.1262%
     0     0 156187.068    0   52          - 156187.068      -     -    1s
Root relaxation presolved: 2324 rows, 10294 columns, 30328 nonzeros

H    0     0                    155350.61351 155300.652  0.03%     -    1s

Cutting planes:
  Gomory: 2
  Lift-and-project: 1
  Cover: 8
  Clique: 5
  Flow cover: 8
  Zero half: 8
  RLT: 2
  Relax-and-lift: 10
  PSD: 4

Explored 1 nodes (10879 simplex iterations) in 1.82 seconds (1.43 work units)
Thread count was 1 (of 32 available processors)

Solution count 1: 155351 

Optimal solution found (tolerance 5.00e-02)
Best objective 1.553506135106e+05, best bound 1.553006520875e+05, gap 0.0322%
Presolve removed 21412 rows and 28434 columns
Presolve time: 0.21s
Presolved: 2360 rows, 10813 columns, 32026 nonzeros
Variable types: 841 continuous, 9972 integer (9972 binary)

    Nodes    |    Current Node    |     Objective Bounds      |     Work
 Expl Unexpl |  Obj  Depth IntInf | Incumbent    BestBd   Gap | It/Node Time

     0     0 157403.670    0   55          - 157403.670      -     -    1s
     0     0 156187.068    0   61          - 156187.068      -     -    1s
Root relaxation presolved: 2360 rows, 10813 columns, 32026 nonzeros


Root relaxation: objective 1.638575e+05, 3686 iterations, 0.19 seconds (0.20 work units)

    Nodes    |    Current Node    |     Objective Bounds      |     Work
 Expl Unexpl |  Obj  Depth IntInf | Incumbent    BestBd   Gap | It/Node Time

     0     0 157324.717    0   59          - 157324.717      -     -    0s

    Nodes    |    Current Node    |     Objective Bounds      |     Work
 Expl Unexpl |  Obj  Depth IntInf | Incumbent    BestBd   Gap | It/Node Time

     0     0 155600.150    0  159          - 155600.150      -     -    1s
  [Fase 2 (infra fija)] estacion=station_2 dia=91 -> C:\Users\TECNO-MASTER\Desktop\Elmo_infrastructure_sizing_NP-\output\DCH_septiembre\Bateria_482\Costo_variable\Carga_libre\Carga_on_board_variable_3estaciones_P160kW_Descomp/station_2_d91
formulation time: 12.439158201217651
Solving opt model... (Puedes presionar Ctrl+C para detener y guardar la mejor solución actual)
Set parameter OutputFlag to value 1
Set parameter OutputFlag to value 1
Set parameter LogToConsole to value 1
Set parameter MIPGap to value 0.05
Set parameter LogFile to value "C:\Users\TECNO-MASTER\Desktop\Elmo_infrastructure_sizing_NP-\output\DCH_septiembre\Bateria_482\Costo_variable\Carga_libre\Carga_on_board_variable_3estaciones_P160kW_Descomp/station_2_d91\gurobi.log"
Set parameter Threads to value 1
Set parameter Heuristics to value 0.5
Set parameter MIPFocus to value 3
Set parameter Presolve to value 2
Set parameter FlowCoverCuts to value 2
Set parameter TimeLimit to value 1200
Gurobi Optimizer version 12.0.0 build v12.0.0rc1 (win64 - Windows 11+.0 (26200.2))

CPU model: Intel(R) Core(TM) i9-14900K, instruction set [SSE2|AVX|AVX2]
Thread count: 24 physical cores, 32 logical processors, using up to 1 threads

Non-default parameters:
TimeLimit  1200
MIPGap  0.05
Heuristics  0.5
MIPFocus  3
FlowCoverCuts  2
Presolve  2
Threads  1

Optimize a model with 23772 rows, 39247 columns and 115808 nonzeros
Model fingerprint: 0xb5f3957b
Variable types: 18325 continuous, 20922 integer (20921 binary)
Coefficient statistics:
  Matrix range     [1e-01, 2e+02]
  Objective range  [1e-02, 1e+02]
  Bounds range     [1e+00, 2e+00]
  RHS range        [1e+00, 1e+04]
Presolve removed 21412 rows and 28434 columns
Presolve time: 0.20s
Presolved: 2360 rows, 10813 columns, 32026 nonzeros
Variable types: 841 continuous, 9972 integer (9972 binary)
     0     0 155074.499    0   31          - 155074.499      -     -    2s

Root relaxation: objective 1.552106e+05, 3791 iterations, 0.19 seconds (0.16 work units)
  [Fase 2 (infra fija)] estacion=station_1 dia=182 -> C:\Users\TECNO-MASTER\Desktop\Elmo_infrastructure_sizing_NP-\output\DCH_septiembre\Bateria_482\Costo_variable\Carga_libre\Carga_on_board_variable_3estaciones_P160kW_Descomp/station_1_d182
formulation time: 12.06262469291687
Solving opt model... (Puedes presionar Ctrl+C para detener y guardar la mejor solución actual)
Set parameter OutputFlag to value 1
Set parameter OutputFlag to value 1
Set parameter LogToConsole to value 1
Set parameter MIPGap to value 0.05
Set parameter LogFile to value "C:\Users\TECNO-MASTER\Desktop\Elmo_infrastructure_sizing_NP-\output\DCH_septiembre\Bateria_482\Costo_variable\Carga_libre\Carga_on_board_variable_3estaciones_P160kW_Descomp/station_1_d182\gurobi.log"
Set parameter Threads to value 1
Set parameter Heuristics to value 0.5
Set parameter MIPFocus to value 3
Set parameter Presolve to value 2
Set parameter FlowCoverCuts to value 2
Set parameter TimeLimit to value 1200
Root relaxation presolved: 2360 rows, 10813 columns, 32026 nonzeros

H    0     0                    155086.25479 155074.499  0.01%     -    2s

Cutting planes:
  Gomory: 11
  Cover: 9
  Implied bound: 3
  Clique: 3
  MIR: 1
  Flow cover: 3
  Zero half: 9
  RLT: 1
  Relax-and-lift: 13
  PSD: 6
     0     0 156697.498    0   49          - 156697.498      -     -    1s

Explored 1 nodes (13082 simplex iterations) in 2.13 seconds (1.94 work units)
Thread count was 1 (of 32 available processors)

Solution count 1: 155086 

Optimal solution found (tolerance 5.00e-02)
Gurobi Optimizer version 12.0.0 build v12.0.0rc1 (win64 - Windows 11+.0 (26200.2))

CPU model: Intel(R) Core(TM) i9-14900K, instruction set [SSE2|AVX|AVX2]
Best objective 1.550862547935e+05, best bound 1.550744988654e+05, gap 0.0076%
Thread count: 24 physical cores, 32 logical processors, using up to 1 threads

Non-default parameters:
TimeLimit  1200
MIPGap  0.05
Heuristics  0.5
MIPFocus  3
FlowCoverCuts  2
Presolve  2
Threads  1

Optimize a model with 22770 rows, 37249 columns and 109784 nonzeros
Model fingerprint: 0x63aebcb1
Variable types: 17323 continuous, 19926 integer (19925 binary)
Coefficient statistics:
  Matrix range     [1e-01, 2e+02]
  Objective range  [1e-02, 1e+02]
  Bounds range     [1e+00, 2e+00]
  RHS range        [1e+00, 1e+04]
  [Fase 2 (infra fija)] estacion=station_2 dia=274 -> C:\Users\TECNO-MASTER\Desktop\Elmo_infrastructure_sizing_NP-\output\DCH_septiembre\Bateria_482\Costo_variable\Carga_libre\Carga_on_board_variable_3estaciones_P160kW_Descomp/station_2_d274
formulation time: 11.54667067527771
Solving opt model... (Puedes presionar Ctrl+C para detener y guardar la mejor solución actual)
Set parameter OutputFlag to value 1
Set parameter OutputFlag to value 1
Set parameter LogToConsole to value 1
Set parameter MIPGap to value 0.05
Set parameter LogFile to value "C:\Users\TECNO-MASTER\Desktop\Elmo_infrastructure_sizing_NP-\output\DCH_septiembre\Bateria_482\Costo_variable\Carga_libre\Carga_on_board_variable_3estaciones_P160kW_Descomp/station_2_d274\gurobi.log"
Set parameter Threads to value 1
Set parameter Heuristics to value 0.5
Set parameter MIPFocus to value 3
Set parameter Presolve to value 2
Set parameter FlowCoverCuts to value 2
Set parameter TimeLimit to value 1200
Gurobi Optimizer version 12.0.0 build v12.0.0rc1 (win64 - Windows 11+.0 (26200.2))

CPU model: Intel(R) Core(TM) i9-14900K, instruction set [SSE2|AVX|AVX2]
Thread count: 24 physical cores, 32 logical processors, using up to 1 threads

Non-default parameters:
TimeLimit  1200
MIPGap  0.05
Heuristics  0.5
MIPFocus  3
FlowCoverCuts  2
Presolve  2
Threads  1

Optimize a model with 23742 rows, 39247 columns and 115748 nonzeros
Model fingerprint: 0xb21ced60
Variable types: 18325 continuous, 20922 integer (20921 binary)
Coefficient statistics:
  Matrix range     [1e-01, 2e+02]
  Objective range  [4e-03, 1e+02]
  Bounds range     [1e+00, 2e+00]
  RHS range        [1e+00, 1e+04]

    Nodes    |    Current Node    |     Objective Bounds      |     Work
 Expl Unexpl |  Obj  Depth IntInf | Incumbent    BestBd   Gap | It/Node Time

     0     0 160924.605    0  133          - 160924.605      -     -    1s

    Nodes    |    Current Node    |     Objective Bounds      |     Work
 Expl Unexpl |  Obj  Depth IntInf | Incumbent    BestBd   Gap | It/Node Time

     0     0 156328.521    0   44          - 156328.521      -     -    0s

Root relaxation: objective 1.635366e+05, 3924 iterations, 0.25 seconds (0.25 work units)

    Nodes    |    Current Node    |     Objective Bounds      |     Work
 Expl Unexpl |  Obj  Depth IntInf | Incumbent    BestBd   Gap | It/Node Time

     0     0 155500.800    0   63          - 155500.800      -     -    1s
H    0     0                    173155.69231 160924.605  7.06%     -    1s

    Nodes    |    Current Node    |     Objective Bounds      |     Work
 Expl Unexpl |  Obj  Depth IntInf | Incumbent    BestBd   Gap | It/Node Time

     0     0 155015.147    0   60          - 155015.147      -     -    0s

Root relaxation: objective 1.621165e+05, 3619 iterations, 0.17 seconds (0.18 work units)
H    0     0                    169560.81084 160924.605  5.09%     -    1s
  [Fase 2 (infra fija)] estacion=station_2 dia=60 -> C:\Users\TECNO-MASTER\Desktop\Elmo_infrastructure_sizing_NP-\output\DCH_septiembre\Bateria_482\Costo_variable\Carga_libre\Carga_on_board_variable_3estaciones_P160kW_Descomp/station_2_d60
formulation time: 12.315106630325317
Solving opt model... (Puedes presionar Ctrl+C para detener y guardar la mejor solución actual)
Set parameter OutputFlag to value 1
Set parameter OutputFlag to value 1
Set parameter LogToConsole to value 1
Set parameter MIPGap to value 0.05
Set parameter LogFile to value "C:\Users\TECNO-MASTER\Desktop\Elmo_infrastructure_sizing_NP-\output\DCH_septiembre\Bateria_482\Costo_variable\Carga_libre\Carga_on_board_variable_3estaciones_P160kW_Descomp/station_2_d60\gurobi.log"
Set parameter Threads to value 1
Set parameter Heuristics to value 0.5
Set parameter MIPFocus to value 3
Set parameter Presolve to value 2
Set parameter FlowCoverCuts to value 2
Set parameter TimeLimit to value 1200
     0     0 154114.017    0   69          - 154114.017      -     -    2s
H    0     0                    155249.26901 155015.147  0.15%     -    0s
Gurobi Optimizer version 12.0.0 build v12.0.0rc1 (win64 - Windows 11+.0 (26200.2))

CPU model: Intel(R) Core(TM) i9-14900K, instruction set [SSE2|AVX|AVX2]
Thread count: 24 physical cores, 32 logical processors, using up to 1 threads

Non-default parameters:
TimeLimit  1200
MIPGap  0.05
Heuristics  0.5
MIPFocus  3
FlowCoverCuts  2
Presolve  2
Threads  1

Optimize a model with 23742 rows, 39247 columns and 115748 nonzeros
Model fingerprint: 0x9b25db3b
Variable types: 18325 continuous, 20922 integer (20921 binary)
Coefficient statistics:
  Matrix range     [1e-01, 2e+02]
  Objective range  [9e-03, 1e+02]
  Bounds range     [1e+00, 2e+00]
  RHS range        [1e+00, 1e+04]

Explored 1 nodes (6714 simplex iterations) in 0.97 seconds (0.78 work units)
Thread count was 1 (of 32 available processors)

Solution count 1: 155249 

Optimal solution found (tolerance 5.00e-02)
Best objective 1.552492690094e+05, best bound 1.550151470881e+05, gap 0.1508%
Presolve removed 21412 rows and 28434 columns
Presolve time: 0.23s
Presolved: 2360 rows, 10813 columns, 32026 nonzeros
Variable types: 841 continuous, 9972 integer (9972 binary)
Presolve removed 20416 rows and 26952 columns
Presolve time: 0.19s
Presolved: 2354 rows, 10297 columns, 30484 nonzeros
Variable types: 841 continuous, 9456 integer (9456 binary)
Root relaxation presolved: 2360 rows, 10813 columns, 32026 nonzeros

     0     0 154114.017    0   65          - 154114.017      -     -    2s
Root relaxation presolved: 2354 rows, 10297 columns, 30484 nonzeros

Presolve removed 21412 rows and 28435 columns
Presolve time: 0.20s
Presolved: 2330 rows, 10812 columns, 31876 nonzeros
Variable types: 840 continuous, 9972 integer (9972 binary)

    Nodes    |    Current Node    |     Objective Bounds      |     Work
 Expl Unexpl |  Obj  Depth IntInf | Incumbent    BestBd   Gap | It/Node Time

     0     0 153997.786    0   57          - 153997.786      -     -    1s
Root relaxation presolved: 2330 rows, 10812 columns, 31876 nonzeros

     0     0 156187.068    0   72          - 156187.068      -     -    1s
     0     0 157324.717    0   28          - 157324.717      -     -    1s
     0     0 157410.093    0   51          - 157410.093      -     -    1s
H    0     0                    157361.34241 157324.717  0.02%     -    1s

Cutting planes:
  Gomory: 14
  Lift-and-project: 2
  Cover: 3
  Clique: 2
  MIR: 2
  Flow cover: 5
  Zero half: 3
  RLT: 2
  Relax-and-lift: 8
  PSD: 3

Explored 1 nodes (10069 simplex iterations) in 1.33 seconds (1.07 work units)
Thread count was 1 (of 32 available processors)

Solution count 1: 157361 

Optimal solution found (tolerance 5.00e-02)
Best objective 1.573613424073e+05, best bound 1.573247171524e+05, gap 0.0233%
     0     0 156561.833    0   28          - 156561.833      -     -    2s
     0     0 156187.068    0   72          - 156187.068      -     -    1s
H    0     0                    156645.33249 156561.833  0.05%     -    2s

Cutting planes:
  Gomory: 15
  Lift-and-project: 4
  Cover: 10
  Clique: 3
  MIR: 3
  Flow cover: 4
  Zero half: 17
  RLT: 1
  Relax-and-lift: 11
  PSD: 7

Explored 1 nodes (12930 simplex iterations) in 2.17 seconds (1.83 work units)
Thread count was 1 (of 32 available processors)

Solution count 1: 156645 

Optimal solution found (tolerance 5.00e-02)
Best objective 1.566453324936e+05, best bound 1.565618332632e+05, gap 0.0533%

    Nodes    |    Current Node    |     Objective Bounds      |     Work
 Expl Unexpl |  Obj  Depth IntInf | Incumbent    BestBd   Gap | It/Node Time

     0     0 159435.940    0  106          - 159435.940      -     -    1s
Presolve removed 21412 rows and 28435 columns
Presolve time: 0.23s

    Nodes    |    Current Node    |     Objective Bounds      |     Work
 Expl Unexpl |  Obj  Depth IntInf | Incumbent    BestBd   Gap | It/Node Time

     0     0 156885.824    0   39          - 156885.824      -     -    1s
Presolved: 2330 rows, 10812 columns, 31876 nonzeros

Root relaxation: objective 1.656263e+05, 3918 iterations, 0.22 seconds (0.21 work units)
Variable types: 840 continuous, 9972 integer (9972 binary)

Root relaxation: objective 1.558186e+05, 4139 iterations, 0.21 seconds (0.17 work units)

Root relaxation: objective 1.566609e+05, 3617 iterations, 0.18 seconds (0.17 work units)
  [Fase 2 (infra fija)] estacion=station_2 dia=244 -> C:\Users\TECNO-MASTER\Desktop\Elmo_infrastructure_sizing_NP-\output\DCH_septiembre\Bateria_482\Costo_variable\Carga_libre\Carga_on_board_variable_3estaciones_P160kW_Descomp/station_2_d244
formulation time: 12.561107873916626
Solving opt model... (Puedes presionar Ctrl+C para detener y guardar la mejor solución actual)
Set parameter OutputFlag to value 1
Set parameter OutputFlag to value 1
Set parameter LogToConsole to value 1
Set parameter MIPGap to value 0.05
Set parameter LogFile to value "C:\Users\TECNO-MASTER\Desktop\Elmo_infrastructure_sizing_NP-\output\DCH_septiembre\Bateria_482\Costo_variable\Carga_libre\Carga_on_board_variable_3estaciones_P160kW_Descomp/station_2_d244\gurobi.log"
Set parameter Threads to value 1
Set parameter Heuristics to value 0.5
Set parameter MIPFocus to value 3
Set parameter Presolve to value 2
Set parameter FlowCoverCuts to value 2
Set parameter TimeLimit to value 1200
Root relaxation presolved: 2330 rows, 10812 columns, 31876 nonzeros

H    0     0                    157028.73706 156885.824  0.09%     -    1s

Explored 1 nodes (8584 simplex iterations) in 1.23 seconds (0.96 work units)
Thread count was 1 (of 32 available processors)

Solution count 1: 157029 

Optimal solution found (tolerance 5.00e-02)
Best objective 1.570287370609e+05, best bound 1.568858243139e+05, gap 0.0910%
Gurobi Optimizer version 12.0.0 build v12.0.0rc1 (win64 - Windows 11+.0 (26200.2))

CPU model: Intel(R) Core(TM) i9-14900K, instruction set [SSE2|AVX|AVX2]
Thread count: 24 physical cores, 32 logical processors, using up to 1 threads

Non-default parameters:
TimeLimit  1200
MIPGap  0.05
Heuristics  0.5
MIPFocus  3
FlowCoverCuts  2
Presolve  2
Threads  1

Optimize a model with 23772 rows, 39247 columns and 115808 nonzeros
Model fingerprint: 0x0f294ff8
Variable types: 18325 continuous, 20922 integer (20921 binary)
Coefficient statistics:
  Matrix range     [1e-01, 2e+02]
  Objective range  [8e-03, 1e+02]
  Bounds range     [1e+00, 2e+00]
  RHS range        [1e+00, 1e+04]
     0     0 156328.521    0   48          - 156328.521      -     -    1s

    Nodes    |    Current Node    |     Objective Bounds      |     Work
 Expl Unexpl |  Obj  Depth IntInf | Incumbent    BestBd   Gap | It/Node Time

     0     0 155210.607    0   75          - 155210.607      -     -    1s

    Nodes    |    Current Node    |     Objective Bounds      |     Work
 Expl Unexpl |  Obj  Depth IntInf | Incumbent    BestBd   Gap | It/Node Time

     0     0 156610.534    0   29          - 156610.534      -     -    1s
     0     0 155507.726    0   33          - 155507.726      -     -    1s
H    0     0                    156644.78289 156610.534  0.02%     -    1s
     0     0          -    0      169560.811 162182.976  4.35%     -    1s

Cutting planes:
  Gomory: 3
  Cover: 3
  Implied bound: 20
  Clique: 1
  Flow cover: 16
  Zero half: 62
  RLT: 6
  Relax-and-lift: 2
  PSD: 1

Explored 1 nodes (8652 simplex iterations) in 1.36 seconds (0.97 work units)
Thread count was 1 (of 32 available processors)


Solution count 1: 156645 
Explored 1 nodes (7961 simplex iterations) in 1.98 seconds (1.51 work units)

Thread count was 1 (of 32 available processors)

Solution count 2: 169561 173156 

Optimal solution found (tolerance 5.00e-02)
Best objective 1.695608108450e+05, best bound 1.621829755886e+05, gap 4.3511%
Optimal solution found (tolerance 5.00e-02)
Best objective 1.566447828874e+05, best bound 1.566105342862e+05, gap 0.0219%

Root relaxation: objective 1.553834e+05, 3774 iterations, 0.20 seconds (0.16 work units)
Presolve removed 21412 rows and 28434 columns
Presolve time: 0.25s
Presolved: 2360 rows, 10813 columns, 32026 nonzeros
Variable types: 841 continuous, 9972 integer (9972 binary)

    Nodes    |    Current Node    |     Objective Bounds      |     Work
 Expl Unexpl |  Obj  Depth IntInf | Incumbent    BestBd   Gap | It/Node Time

     0     0 162681.502    0   59          - 162681.502      -     -    1s
     0     0 154002.938    0   28          - 154002.938      -     -    1s
Root relaxation presolved: 2360 rows, 10813 columns, 32026 nonzeros


    Nodes    |    Current Node    |     Objective Bounds      |     Work
 Expl Unexpl |  Obj  Depth IntInf | Incumbent    BestBd   Gap | It/Node Time

     0     0 165386.921    0   56          - 165386.921      -     -    1s
     0     0 156697.498    0   39          - 156697.498      -     -    2s

    Nodes    |    Current Node    |     Objective Bounds      |     Work
 Expl Unexpl |  Obj  Depth IntInf | Incumbent    BestBd   Gap | It/Node Time

     0     0 162959.487    0  153          - 162959.487      -     -    1s
     0     0 154114.017    0   91          - 154114.017      -     -    2s
H    0     0                    156723.79163 156697.498  0.02%     -    2s

    Nodes    |    Current Node    |     Objective Bounds      |     Work
 Expl Unexpl |  Obj  Depth IntInf | Incumbent    BestBd   Gap | It/Node Time

     0     0 163857.531    0   97          - 163857.531      -     -    1s

     0     0 154002.938    0   30          - 154002.938      -     -    1s
Cutting planes:
  Gomory: 21
  Cover: 3
  Implied bound: 1
  Clique: 3
  Zero half: 2
  RLT: 1
  Relax-and-lift: 6
  PSD: 3

Explored 1 nodes (12259 simplex iterations) in 2.10 seconds (1.70 work units)
Thread count was 1 (of 32 available processors)

Solution count 1: 156724 

Optimal solution found (tolerance 5.00e-02)
Best objective 1.567237916295e+05, best bound 1.566974979212e+05, gap 0.0168%
H    0     0                    171462.61218 165386.921  3.54%     -    1s

Explored 1 nodes (9137 simplex iterations) in 1.72 seconds (1.24 work units)
Thread count was 1 (of 32 available processors)

Solution count 1: 171463 

Optimal solution found (tolerance 5.00e-02)
Best objective 1.714626121767e+05, best bound 1.653869205039e+05, gap 3.5434%
     0     0 156187.068    0   27          - 156187.068      -     -    2s
H    0     0                    169807.39784 163857.531  3.50%     -    1s

Explored 1 nodes (8418 simplex iterations) in 1.49 seconds (1.07 work units)
Thread count was 1 (of 32 available processors)

Solution count 1: 169807 

Optimal solution found (tolerance 5.00e-02)
Best objective 1.698073978443e+05, best bound 1.638575313922e+05, gap 3.5039%
     0     0 156187.068    0   28          - 156187.068      -     -    2s
     0     0 157410.093    0   24          - 157410.093      -     -    2s

Root relaxation: objective 1.641559e+05, 3956 iterations, 0.27 seconds (0.24 work units)
     0     0 155507.726    0   62          - 155507.726      -     -    2s

    Nodes    |    Current Node    |     Objective Bounds      |     Work
 Expl Unexpl |  Obj  Depth IntInf | Incumbent    BestBd   Gap | It/Node Time

     0     0 162116.469    0   99          - 162116.469      -     -    1s

    Nodes    |    Current Node    |     Objective Bounds      |     Work
 Expl Unexpl |  Obj  Depth IntInf | Incumbent    BestBd   Gap | It/Node Time

     0     0 156660.866    0   71          - 156660.866      -     -    1s
     0     0 155507.726    0   68          - 155507.726      -     -    2s
H    0     0                    156939.22742 156660.866  0.18%     -    1s

Explored 1 nodes (6881 simplex iterations) in 1.13 seconds (0.90 work units)
Thread count was 1 (of 32 available processors)

Solution count 1: 156939 

Optimal solution found (tolerance 5.00e-02)
Best objective 1.569392274199e+05, best bound 1.566608663620e+05, gap 0.1774%
     0     0 155246.372    0   71          - 155246.372      -     -    1s

    Nodes    |    Current Node    |     Objective Bounds      |     Work
 Expl Unexpl |  Obj  Depth IntInf | Incumbent    BestBd   Gap | It/Node Time

     0     0 163536.589    0  110          - 163536.589      -     -    1s

    Nodes    |    Current Node    |     Objective Bounds      |     Work
 Expl Unexpl |  Obj  Depth IntInf | Incumbent    BestBd   Gap | It/Node Time

     0     0 155383.422    0   57          - 155383.422      -     -    1s
     0     0 154114.017    0   72          - 154114.017      -     -    3s
     0     0 156328.521    0   83          - 156328.521      -     -    1s

    Nodes    |    Current Node    |     Objective Bounds      |     Work
 Expl Unexpl |  Obj  Depth IntInf | Incumbent    BestBd   Gap | It/Node Time

     0     0 155818.618    0  111          - 155818.618      -     -    1s
H    0     0                    171364.29835 163536.589  4.57%     -    1s

Explored 1 nodes (8988 simplex iterations) in 1.66 seconds (1.17 work units)
Thread count was 1 (of 32 available processors)

Solution count 1: 171364 

Optimal solution found (tolerance 5.00e-02)
Best objective 1.713642983498e+05, best bound 1.635365890918e+05, gap 4.5679%
H    0     0                    155620.48486 155383.422  0.15%     -    1s

Explored 1 nodes (7345 simplex iterations) in 1.08 seconds (0.80 work units)
Thread count was 1 (of 32 available processors)

Solution count 1: 155620 

Optimal solution found (tolerance 5.00e-02)
Best objective 1.556204848576e+05, best bound 1.553834215555e+05, gap 0.1523%
     0     0 155246.372    0   71          - 155246.372      -     -    1s
H    0     0                    156597.61836 156328.521  0.17%     -    2s

Cutting planes:
  Gomory: 17
  Lift-and-project: 6
  Cover: 5
  Clique: 4
  Flow cover: 3
  Zero half: 3
  Relax-and-lift: 12
  PSD: 3

Explored 1 nodes (11607 simplex iterations) in 2.03 seconds (1.63 work units)
Thread count was 1 (of 32 available processors)

Solution count 1: 156598 

Optimal solution found (tolerance 5.00e-02)
Best objective 1.565976183647e+05, best bound 1.563285214143e+05, gap 0.1718%
H    0     0                    174614.25661 155818.618  10.8%     -    1s
     0     0 155604.832    0  194          - 155604.832      -     -    2s
H    0     0                    155845.61724 155818.618  0.02%     -    1s

Explored 1 nodes (9219 simplex iterations) in 1.33 seconds (0.94 work units)
Thread count was 1 (of 32 available processors)

Solution count 2: 155846 174614 

Optimal solution found (tolerance 5.00e-02)
Best objective 1.558456172388e+05, best bound 1.558186180105e+05, gap 0.0173%
     0     0 155604.832    0  194          - 155604.832      -     -    2s
     0     0 160622.027    0   96          - 160622.027      -     -    2s
     0     0 154002.938    0   35          - 154002.938      -     -    2s
     0     0 157410.093    0   24          - 157410.093      -     -    2s
     0     0 156187.068    0   43          - 156187.068      -     -    2s
H    0     0                    154148.21741 154002.938  0.09%     -    2s

Cutting planes:
  Gomory: 7
  Cover: 7
  Implied bound: 1
  Clique: 2
  MIR: 1
  Zero half: 15
  RLT: 3
  Relax-and-lift: 9
  PSD: 4

Explored 1 nodes (13066 simplex iterations) in 2.32 seconds (1.77 work units)
Thread count was 1 (of 32 available processors)

Solution count 1: 154148 

Optimal solution found (tolerance 5.00e-02)
Best objective 1.541482174147e+05, best bound 1.540029375571e+05, gap 0.0942%
     0     0 160693.983    0  118          - 160693.983      -     -    2s

    Nodes    |    Current Node    |     Objective Bounds      |     Work
 Expl Unexpl |  Obj  Depth IntInf | Incumbent    BestBd   Gap | It/Node Time

     0     0 165626.325    0  159          - 165626.325      -     -    1s
     0     0 160694.780    0  137          - 160694.780      -     -    2s
     0     0 163846.203    0   78          - 163846.203      -     -    2s
H    0     0                    158203.62538 154114.017  2.59%     -    3s

Cutting planes:
  Gomory: 14
  Lift-and-project: 4
  Cover: 17
  Implied bound: 1
  Clique: 9
  MIR: 2
  Flow cover: 9
  Zero half: 24
  RLT: 2
  Relax-and-lift: 22
  PSD: 12

Explored 1 nodes (18621 simplex iterations) in 3.73 seconds (3.20 work units)
Thread count was 1 (of 32 available processors)

Solution count 1: 158204 

Optimal solution found (tolerance 5.00e-02)
Best objective 1.582036253777e+05, best bound 1.541140174890e+05, gap 2.5850%
H    0     0                    168552.32755 163846.203  2.79%     -    2s

Cutting planes:
  Gomory: 5
  Cover: 5
  Clique: 2
  Flow cover: 2
  Zero half: 7
  RLT: 3
  Relax-and-lift: 7
  PSD: 3

Explored 1 nodes (11052 simplex iterations) in 2.51 seconds (1.92 work units)
Thread count was 1 (of 32 available processors)

Solution count 1: 168552 

Optimal solution found (tolerance 5.00e-02)
Best objective 1.685523275475e+05, best bound 1.638462028354e+05, gap 2.7921%
     0     0 156187.068    0   13          - 156187.068      -     -    3s
H    0     0                    156193.94034 156187.068  0.00%     -    3s

Cutting planes:
  Gomory: 24
  Lift-and-project: 1
  Cover: 19
  Implied bound: 5
  Clique: 5
  MIR: 2
  Flow cover: 5
  Zero half: 28
  RLT: 4
  Relax-and-lift: 18
  PSD: 13

Explored 1 nodes (13196 simplex iterations) in 3.34 seconds (2.71 work units)
Thread count was 1 (of 32 available processors)

Solution count 1: 156194 

Optimal solution found (tolerance 5.00e-02)
Best objective 1.561939403405e+05, best bound 1.561870680885e+05, gap 0.0044%
     0     0 155507.726    0   12          - 155507.726      -     -    3s
     0     0 157410.093    0   16          - 157410.093      -     -    3s
     0     0 162196.472    0   53          - 162196.472      -     -    2s
H    0     0                    185507.12421 162196.472  12.6%     -    2s
H    0     0                    170511.14366 162196.472  4.88%     -    2s

Cutting planes:
  Gomory: 10
  Cover: 10
  Clique: 4
  MIR: 3
  Flow cover: 4
  Zero half: 11
  RLT: 5
  Relax-and-lift: 12
  PSD: 5

    Nodes    |    Current Node    |     Objective Bounds      |     Work
 Expl Unexpl |  Obj  Depth IntInf | Incumbent    BestBd   Gap | It/Node Time

     0     0 164155.860    0  100          - 164155.860      -     -    1s

Explored 1 nodes (10702 simplex iterations) in 2.29 seconds (1.77 work units)
Thread count was 1 (of 32 available processors)

Solution count 2: 170511 185507 

Optimal solution found (tolerance 5.00e-02)
Best objective 1.705111436617e+05, best bound 1.621964723835e+05, gap 4.8763%
     0     0 155246.372    0   37          - 155246.372      -     -    2s
H    0     0                    171427.19123 164155.860  4.24%     -    1s

Explored 1 nodes (8273 simplex iterations) in 1.60 seconds (1.10 work units)
Thread count was 1 (of 32 available processors)

Solution count 1: 171427 

Optimal solution found (tolerance 5.00e-02)
Best objective 1.714271912271e+05, best bound 1.641558597819e+05, gap 4.2416%
     0     0 164046.314    0  127          - 164046.314      -     -    2s
     0     0 164183.450    0  140          - 164183.450      -     -    3s
     0     0 164197.810    0  140          - 164197.810      -     -    3s
     0     0 157410.093    0   25          - 157410.093      -     -    3s
H    0     0                    158520.99371 157410.093  0.70%     -    3s

Cutting planes:
  Gomory: 10
  Lift-and-project: 3
  Cover: 4
  Implied bound: 1
  Clique: 2
  MIR: 4
  StrongCG: 4
  Flow cover: 4
  Zero half: 9
  RLT: 4
  Relax-and-lift: 8
  PSD: 3

Explored 1 nodes (17764 simplex iterations) in 3.72 seconds (2.97 work units)
Thread count was 1 (of 32 available processors)

Solution count 1: 158521 

Optimal solution found (tolerance 5.00e-02)
Best objective 1.585209937113e+05, best bound 1.574100925326e+05, gap 0.7008%
     0     0 155604.832    0  130          - 155604.832      -     -    4s
     0     0 155507.726    0   31          - 155507.726      -     -    3s
     0     0 160734.010    0   77          - 160734.010      -     -    3s
     0     0 155604.832    0  120          - 155604.832      -     -    4s
H    0     0                    165893.61229 160734.010  3.11%     -    3s

Cutting planes:
  Gomory: 10
  Cover: 12
  Clique: 9
  Flow cover: 5
  Zero half: 16
  Relax-and-lift: 13
  PSD: 7

Explored 1 nodes (15266 simplex iterations) in 3.63 seconds (3.01 work units)
Thread count was 1 (of 32 available processors)

Solution count 1: 165894 

Optimal solution found (tolerance 5.00e-02)
Best objective 1.658936122925e+05, best bound 1.607340098557e+05, gap 3.1102%
     0     0 155246.372    0   26          - 155246.372      -     -    3s
H    0     0                    155481.26879 155246.372  0.15%     -    3s

Cutting planes:
  Gomory: 10
  Lift-and-project: 9
  Cover: 6
  Implied bound: 1
  Clique: 5
  Flow cover: 4
  Zero half: 17
  RLT: 7
  Relax-and-lift: 10
  PSD: 4

Explored 1 nodes (17532 simplex iterations) in 3.19 seconds (2.47 work units)
Thread count was 1 (of 32 available processors)

Solution count 1: 155481 

Optimal solution found (tolerance 5.00e-02)
Best objective 1.554812687913e+05, best bound 1.552463724526e+05, gap 0.1511%
     0     0 165639.147    0  106          - 165639.147      -     -    2s
H    0     0                    175092.06450 165639.147  5.40%     -    2s
H    0     0                    175033.75271 165639.147  5.37%     -    2s
H    0     0                    174500.62829 165639.147  5.08%     -    2s
H    0     0                    172424.10485 165639.147  3.94%     -    2s

Cutting planes:
  Gomory: 2
  Cover: 1
  RLT: 1
  Relax-and-lift: 1
  PSD: 1

Explored 1 nodes (12452 simplex iterations) in 3.04 seconds (2.32 work units)
Thread count was 1 (of 32 available processors)

Solution count 5: 172424 172424 174501 ... 175092

Optimal solution found (tolerance 5.00e-02)
Best objective 1.724241051819e+05, best bound 1.656391469738e+05, gap 3.9350%
     0     0 164287.154    0   87          - 164287.154      -     -    3s
H    0     0                    169381.45289 164287.154  3.01%     -    3s

Cutting planes:
  Gomory: 10
  Cover: 3
  Implied bound: 1
  Clique: 2
  Flow cover: 2
  Zero half: 22
  RLT: 1
  PSD: 1

Explored 1 nodes (15094 simplex iterations) in 3.94 seconds (3.09 work units)
Thread count was 1 (of 32 available processors)

Solution count 1: 169381 

Optimal solution found (tolerance 5.00e-02)
Best objective 1.693814528931e+05, best bound 1.642871543336e+05, gap 3.0076%
     0     0 155507.726    0   15          - 155507.726      -     -    4s
     0     0 155507.726    0   24          - 155507.726      -     -    4s
     0     0 155604.832    0  162          - 155604.832      -     -    5s
     0     0 155604.832    0  172          - 155604.832      -     -    5s
     0     0 155507.726    0   28          - 155507.726      -     -    4s
H    0     0                    173394.69483 155507.726  10.3%     -    5s
     0     0 155507.726    0   21 173394.695 155507.726  10.3%     -    5s
H    0     0                    156590.86411 155507.726  0.69%     -    5s

Cutting planes:
  Gomory: 3
  Lift-and-project: 5
  Cover: 7
  Implied bound: 1
  Clique: 2
  Flow cover: 4
  Zero half: 3
  RLT: 2
  Relax-and-lift: 11
  PSD: 5

Explored 1 nodes (21899 simplex iterations) in 5.31 seconds (4.77 work units)
Thread count was 1 (of 32 available processors)

Solution count 2: 156591 173395 

Optimal solution found (tolerance 5.00e-02)
Best objective 1.565908641137e+05, best bound 1.555077258099e+05, gap 0.6917%
     0     0 155604.832    0  160          - 155604.832      -     -    6s
     0     0 155604.832    0  175          - 155604.832      -     -    6s
     0     0 155604.832    0  143          - 155604.832      -     -    6s
     0     0 155604.832    0  143          - 155604.832      -     -    7s
H    0     0                    191775.70041 155604.832  18.9%     -    7s
H    0     0                    155639.92722 155604.832  0.02%     -    7s

Cutting planes:
  Gomory: 6
  Cover: 13
  Clique: 2
  MIR: 2
  Flow cover: 3
  Zero half: 12
  RLT: 3
  Relax-and-lift: 15
  PSD: 7

Explored 1 nodes (33239 simplex iterations) in 7.32 seconds (8.00 work units)
Thread count was 1 (of 32 available processors)

Solution count 2: 155640 191776 

Optimal solution found (tolerance 5.00e-02)
Best objective 1.556399272236e+05, best bound 1.556048316622e+05, gap 0.0225%
✅ Solution time [sec]: 4.56
📊 Status: optimal
💰 Operation Cost: 155747.55181059614
JSONs, log y summary guardados en 'C:\Users\TECNO-MASTER\Desktop\Elmo_infrastructure_sizing_NP-\output\DCH_septiembre\Bateria_482\Costo_variable\Carga_libre\Carga_on_board_variable_3estaciones_P160kW_Descomp/station_1_d32'.
  [Fase 2 (infra fija)] estacion=station_3 dia=244 -> C:\Users\TECNO-MASTER\Desktop\Elmo_infrastructure_sizing_NP-\output\DCH_septiembre\Bateria_482\Costo_variable\Carga_libre\Carga_on_board_variable_3estaciones_P160kW_Descomp/station_3_d244
formulation time: 4.5732176303863525
Solving opt model... (Puedes presionar Ctrl+C para detener y guardar la mejor solución actual)
Set parameter OutputFlag to value 1
Set parameter OutputFlag to value 1
Set parameter LogToConsole to value 1
Set parameter MIPGap to value 0.05
Set parameter LogFile to value "C:\Users\TECNO-MASTER\Desktop\Elmo_infrastructure_sizing_NP-\output\DCH_septiembre\Bateria_482\Costo_variable\Carga_libre\Carga_on_board_variable_3estaciones_P160kW_Descomp/station_3_d244\gurobi.log"
Set parameter Threads to value 1
Set parameter Heuristics to value 0.5
Set parameter MIPFocus to value 3
Set parameter Presolve to value 2
Set parameter FlowCoverCuts to value 2
Set parameter TimeLimit to value 1200
Gurobi Optimizer version 12.0.0 build v12.0.0rc1 (win64 - Windows 11+.0 (26200.2))

CPU model: Intel(R) Core(TM) i9-14900K, instruction set [SSE2|AVX|AVX2]
Thread count: 24 physical cores, 32 logical processors, using up to 1 threads

Non-default parameters:
TimeLimit  1200
MIPGap  0.05
Heuristics  0.5
MIPFocus  3
FlowCoverCuts  2
Presolve  2
Threads  1

Optimize a model with 22770 rows, 37249 columns and 109786 nonzeros
Model fingerprint: 0x9bd35001
Variable types: 17323 continuous, 19926 integer (19925 binary)
Coefficient statistics:
  Matrix range     [1e-01, 2e+02]
  Objective range  [8e-03, 1e+02]
  Bounds range     [1e+00, 2e+00]
  RHS range        [1e+00, 1e+04]
Presolve removed 20416 rows and 26954 columns
Presolve time: 0.09s
Presolved: 2354 rows, 10295 columns, 30478 nonzeros
Variable types: 841 continuous, 9454 integer (9454 binary)
Root relaxation presolved: 2354 rows, 10295 columns, 30478 nonzeros

✅ Solution time [sec]: 3.91
📊 Status: optimal
💰 Operation Cost: 154668.90773864335
JSONs, log y summary guardados en 'C:\Users\TECNO-MASTER\Desktop\Elmo_infrastructure_sizing_NP-\output\DCH_septiembre\Bateria_482\Costo_variable\Carga_libre\Carga_on_board_variable_3estaciones_P160kW_Descomp/station_1_d60'.
  [Fase 2 (infra fija)] estacion=station_3 dia=274 -> C:\Users\TECNO-MASTER\Desktop\Elmo_infrastructure_sizing_NP-\output\DCH_septiembre\Bateria_482\Costo_variable\Carga_libre\Carga_on_board_variable_3estaciones_P160kW_Descomp/station_3_d274
formulation time: 4.585705041885376
Solving opt model... (Puedes presionar Ctrl+C para detener y guardar la mejor solución actual)
Set parameter OutputFlag to value 1
Set parameter OutputFlag to value 1
Set parameter LogToConsole to value 1
Set parameter MIPGap to value 0.05
Set parameter LogFile to value "C:\Users\TECNO-MASTER\Desktop\Elmo_infrastructure_sizing_NP-\output\DCH_septiembre\Bateria_482\Costo_variable\Carga_libre\Carga_on_board_variable_3estaciones_P160kW_Descomp/station_3_d274\gurobi.log"
Set parameter Threads to value 1
Set parameter Heuristics to value 0.5
Set parameter MIPFocus to value 3
Set parameter Presolve to value 2
Set parameter FlowCoverCuts to value 2
Set parameter TimeLimit to value 1200
Gurobi Optimizer version 12.0.0 build v12.0.0rc1 (win64 - Windows 11+.0 (26200.2))

CPU model: Intel(R) Core(TM) i9-14900K, instruction set [SSE2|AVX|AVX2]
Thread count: 24 physical cores, 32 logical processors, using up to 1 threads

Non-default parameters:
TimeLimit  1200
MIPGap  0.05
Heuristics  0.5
MIPFocus  3
FlowCoverCuts  2
Presolve  2
Threads  1

Optimize a model with 22740 rows, 37249 columns and 109726 nonzeros
Model fingerprint: 0xcc1f37e6
Variable types: 17323 continuous, 19926 integer (19925 binary)
Coefficient statistics:
  Matrix range     [1e-01, 2e+02]
  Objective range  [4e-03, 1e+02]
  Bounds range     [1e+00, 2e+00]
  RHS range        [1e+00, 1e+04]

Root relaxation: objective 1.613857e+05, 4663 iterations, 0.12 seconds (0.25 work units)
✅ Solution time [sec]: 4.43
📊 Status: optimal
💰 Operation Cost: 169598.1661121656
JSONs, log y summary guardados en 'C:\Users\TECNO-MASTER\Desktop\Elmo_infrastructure_sizing_NP-\output\DCH_septiembre\Bateria_482\Costo_variable\Carga_libre\Carga_on_board_variable_3estaciones_P160kW_Descomp/station_3_d182'.
  [Fase 2 (infra fija)] estacion=station_3 dia=305 -> C:\Users\TECNO-MASTER\Desktop\Elmo_infrastructure_sizing_NP-\output\DCH_septiembre\Bateria_482\Costo_variable\Carga_libre\Carga_on_board_variable_3estaciones_P160kW_Descomp/station_3_d305
formulation time: 4.546182632446289
Solving opt model... (Puedes presionar Ctrl+C para detener y guardar la mejor solución actual)
Set parameter OutputFlag to value 1
Set parameter OutputFlag to value 1
Set parameter LogToConsole to value 1
Set parameter MIPGap to value 0.05
Set parameter LogFile to value "C:\Users\TECNO-MASTER\Desktop\Elmo_infrastructure_sizing_NP-\output\DCH_septiembre\Bateria_482\Costo_variable\Carga_libre\Carga_on_board_variable_3estaciones_P160kW_Descomp/station_3_d305\gurobi.log"
Set parameter Threads to value 1
Set parameter Heuristics to value 0.5
Set parameter MIPFocus to value 3
Set parameter Presolve to value 2
Set parameter FlowCoverCuts to value 2
Set parameter TimeLimit to value 1200
Gurobi Optimizer version 12.0.0 build v12.0.0rc1 (win64 - Windows 11+.0 (26200.2))

CPU model: Intel(R) Core(TM) i9-14900K, instruction set [SSE2|AVX|AVX2]
Thread count: 24 physical cores, 32 logical processors, using up to 1 threads

Non-default parameters:
TimeLimit  1200
MIPGap  0.05
Heuristics  0.5
MIPFocus  3
FlowCoverCuts  2
Presolve  2
Threads  1

Optimize a model with 22740 rows, 37249 columns and 109726 nonzeros
Model fingerprint: 0xea75af1e
Variable types: 17323 continuous, 19926 integer (19925 binary)
Coefficient statistics:
  Matrix range     [1e-01, 2e+02]
  Objective range  [1e-01, 1e+02]
  Bounds range     [1e+00, 2e+00]
  RHS range        [1e+00, 1e+04]
✅ Solution time [sec]: 5.06
📊 Status: optimal
💰 Operation Cost: 155086.25479350836
JSONs, log y summary guardados en 'C:\Users\TECNO-MASTER\Desktop\Elmo_infrastructure_sizing_NP-\output\DCH_septiembre\Bateria_482\Costo_variable\Carga_libre\Carga_on_board_variable_3estaciones_P160kW_Descomp/station_1_d1'.
  [Fase 2 (infra fija)] estacion=station_3 dia=335 -> C:\Users\TECNO-MASTER\Desktop\Elmo_infrastructure_sizing_NP-\output\DCH_septiembre\Bateria_482\Costo_variable\Carga_libre\Carga_on_board_variable_3estaciones_P160kW_Descomp/station_3_d335
formulation time: 4.5358850955963135
Solving opt model... (Puedes presionar Ctrl+C para detener y guardar la mejor solución actual)
Set parameter OutputFlag to value 1
Set parameter OutputFlag to value 1
Set parameter LogToConsole to value 1
Set parameter MIPGap to value 0.05
Set parameter LogFile to value "C:\Users\TECNO-MASTER\Desktop\Elmo_infrastructure_sizing_NP-\output\DCH_septiembre\Bateria_482\Costo_variable\Carga_libre\Carga_on_board_variable_3estaciones_P160kW_Descomp/station_3_d335\gurobi.log"
Set parameter Threads to value 1
Set parameter Heuristics to value 0.5
Set parameter MIPFocus to value 3
Set parameter Presolve to value 2
Set parameter FlowCoverCuts to value 2
Set parameter TimeLimit to value 1200
Gurobi Optimizer version 12.0.0 build v12.0.0rc1 (win64 - Windows 11+.0 (26200.2))

CPU model: Intel(R) Core(TM) i9-14900K, instruction set [SSE2|AVX|AVX2]
Thread count: 24 physical cores, 32 logical processors, using up to 1 threads

Non-default parameters:
TimeLimit  1200
MIPGap  0.05
Heuristics  0.5
MIPFocus  3
FlowCoverCuts  2
Presolve  2
Threads  1

Optimize a model with 22740 rows, 37249 columns and 109726 nonzeros
Model fingerprint: 0x9c11eb29
Variable types: 17323 continuous, 19926 integer (19925 binary)
Coefficient statistics:
  Matrix range     [1e-01, 2e+02]
  Objective range  [4e-03, 1e+02]
  Bounds range     [1e+00, 2e+00]
  RHS range        [1e+00, 1e+04]
Presolve removed 20416 rows and 26955 columns
Presolve time: 0.08s
Presolved: 2324 rows, 10294 columns, 30328 nonzeros
Variable types: 840 continuous, 9454 integer (9454 binary)
Root relaxation presolved: 2324 rows, 10294 columns, 30328 nonzeros

Presolve removed 20416 rows and 26955 columns
Presolve time: 0.08s
Presolved: 2324 rows, 10294 columns, 30328 nonzeros
Variable types: 840 continuous, 9454 integer (9454 binary)
Root relaxation presolved: 2324 rows, 10294 columns, 30328 nonzeros

Presolve removed 20416 rows and 26955 columns
Presolve time: 0.08s
Presolved: 2324 rows, 10294 columns, 30328 nonzeros
Variable types: 840 continuous, 9454 integer (9454 binary)

Root relaxation: objective 1.564733e+05, 3868 iterations, 0.08 seconds (0.16 work units)
Root relaxation presolved: 2324 rows, 10294 columns, 30328 nonzeros


Root relaxation: objective 1.571939e+05, 4224 iterations, 0.10 seconds (0.19 work units)

Root relaxation: objective 1.547736e+05, 3945 iterations, 0.09 seconds (0.17 work units)

    Nodes    |    Current Node    |     Objective Bounds      |     Work
 Expl Unexpl |  Obj  Depth IntInf | Incumbent    BestBd   Gap | It/Node Time

     0     0 156473.253    0   57          - 156473.253      -     -    0s

    Nodes    |    Current Node    |     Objective Bounds      |     Work
 Expl Unexpl |  Obj  Depth IntInf | Incumbent    BestBd   Gap | It/Node Time

     0     0 161385.729    0  117          - 161385.729      -     -    0s

    Nodes    |    Current Node    |     Objective Bounds      |     Work
 Expl Unexpl |  Obj  Depth IntInf | Incumbent    BestBd   Gap | It/Node Time

     0     0 154773.628    0   51          - 154773.628      -     -    0s

    Nodes    |    Current Node    |     Objective Bounds      |     Work
 Expl Unexpl |  Obj  Depth IntInf | Incumbent    BestBd   Gap | It/Node Time

     0     0 157193.904    0   81          - 157193.904      -     -    0s
     0     0 154850.610    0   33          - 154850.610      -     -    0s
     0     0 157221.526    0   37          - 157221.526      -     -    0s
H    0     0                    154977.99071 154850.610  0.08%     -    0s

Cutting planes:
  Gomory: 2
  Cover: 3
  Implied bound: 1
  Clique: 1
  Zero half: 4
  RLT: 2
  Relax-and-lift: 4
  PSD: 2

Explored 1 nodes (8687 simplex iterations) in 0.55 seconds (1.08 work units)
Thread count was 1 (of 32 available processors)

Solution count 1: 154978 

Optimal solution found (tolerance 5.00e-02)
Best objective 1.549779907057e+05, best bound 1.548506095580e+05, gap 0.0822%
     0     0 156526.906    0   68          - 156526.906      -     -    0s
H    0     0                    156749.19069 156526.906  0.14%     -    0s

Cutting planes:
  Gomory: 6
  Cover: 5
  Implied bound: 2
  Clique: 3
  Flow cover: 2
  Zero half: 5
  RLT: 3
  Relax-and-lift: 9
  PSD: 3

Explored 1 nodes (10533 simplex iterations) in 0.66 seconds (1.28 work units)
Thread count was 1 (of 32 available processors)

Solution count 1: 156749 

Optimal solution found (tolerance 5.00e-02)
Best objective 1.567491906857e+05, best bound 1.565269060328e+05, gap 0.1418%
     0     0 161471.966    0   83          - 161471.966      -     -    1s
H    0     0                    167337.67225 161471.966  3.51%     -    1s

Cutting planes:
  Gomory: 5
  Lift-and-project: 1
  Cover: 7
  Implied bound: 2
  Clique: 3
  MIR: 1
  Flow cover: 5
  Zero half: 32
  RLT: 4
  Relax-and-lift: 10
  PSD: 4

Explored 1 nodes (11620 simplex iterations) in 1.10 seconds (1.96 work units)
Thread count was 1 (of 32 available processors)

Solution count 1: 167338 

Optimal solution found (tolerance 5.00e-02)
Best objective 1.673376722460e+05, best bound 1.614719655625e+05, gap 3.5053%
     0     0 157221.526    0   59          - 157221.526      -     -    0s
     0     0 157221.526    0   34          - 157221.526      -     -    1s
     0     0 157221.526    0   29          - 157221.526      -     -    1s
H    0     0                    157266.12587 157221.526  0.03%     -    1s

Cutting planes:
  Gomory: 15
  Lift-and-project: 7
  Cover: 3
  Clique: 1
  MIR: 1
  Flow cover: 1
  Zero half: 8
  RLT: 2
  Relax-and-lift: 2
  PSD: 2

Explored 1 nodes (16644 simplex iterations) in 1.51 seconds (2.93 work units)
Thread count was 1 (of 32 available processors)

Solution count 1: 157266 

Optimal solution found (tolerance 5.00e-02)
Best objective 1.572661258655e+05, best bound 1.572215259060e+05, gap 0.0284%
✅ Solution time [sec]: 5.18
📊 Status: optimal
💰 Operation Cost: 155350.6135105502
JSONs, log y summary guardados en 'C:\Users\TECNO-MASTER\Desktop\Elmo_infrastructure_sizing_NP-\output\DCH_septiembre\Bateria_482\Costo_variable\Carga_libre\Carga_on_board_variable_3estaciones_P160kW_Descomp/station_1_d274'.
✅ Solution time [sec]: 4.43
📊 Status: optimal
💰 Operation Cost: 155249.26900936733
JSONs, log y summary guardados en 'C:\Users\TECNO-MASTER\Desktop\Elmo_infrastructure_sizing_NP-\output\DCH_septiembre\Bateria_482\Costo_variable\Carga_libre\Carga_on_board_variable_3estaciones_P160kW_Descomp/station_2_d335'.
✅ Solution time [sec]: 4.28
📊 Status: optimal
💰 Operation Cost: 157028.73706091862
JSONs, log y summary guardados en 'C:\Users\TECNO-MASTER\Desktop\Elmo_infrastructure_sizing_NP-\output\DCH_septiembre\Bateria_482\Costo_variable\Carga_libre\Carga_on_board_variable_3estaciones_P160kW_Descomp/station_1_d213'.
✅ Solution time [sec]: 5.09
📊 Status: optimal
💰 Operation Cost: 169560.81084496988
JSONs, log y summary guardados en 'C:\Users\TECNO-MASTER\Desktop\Elmo_infrastructure_sizing_NP-\output\DCH_septiembre\Bateria_482\Costo_variable\Carga_libre\Carga_on_board_variable_3estaciones_P160kW_Descomp/station_3_d152'.
✅ Solution time [sec]: 4.64
📊 Status: optimal
💰 Operation Cost: 157361.34240732726
JSONs, log y summary guardados en 'C:\Users\TECNO-MASTER\Desktop\Elmo_infrastructure_sizing_NP-\output\DCH_septiembre\Bateria_482\Costo_variable\Carga_libre\Carga_on_board_variable_3estaciones_P160kW_Descomp/station_2_d305'.
✅ Solution time [sec]: 5.08
📊 Status: optimal
💰 Operation Cost: 156645.33249356053
JSONs, log y summary guardados en 'C:\Users\TECNO-MASTER\Desktop\Elmo_infrastructure_sizing_NP-\output\DCH_septiembre\Bateria_482\Costo_variable\Carga_libre\Carga_on_board_variable_3estaciones_P160kW_Descomp/station_3_d32'.
✅ Solution time [sec]: 4.63
📊 Status: optimal
💰 Operation Cost: 156644.78288738208
JSONs, log y summary guardados en 'C:\Users\TECNO-MASTER\Desktop\Elmo_infrastructure_sizing_NP-\output\DCH_septiembre\Bateria_482\Costo_variable\Carga_libre\Carga_on_board_variable_3estaciones_P160kW_Descomp/station_1_d305'.
✅ Solution time [sec]: 4.94
📊 Status: optimal
💰 Operation Cost: 171462.61217666863
JSONs, log y summary guardados en 'C:\Users\TECNO-MASTER\Desktop\Elmo_infrastructure_sizing_NP-\output\DCH_septiembre\Bateria_482\Costo_variable\Carga_libre\Carga_on_board_variable_3estaciones_P160kW_Descomp/station_2_d213'.
✅ Solution time [sec]: 4.98
📊 Status: optimal
💰 Operation Cost: 169807.39784432368
JSONs, log y summary guardados en 'C:\Users\TECNO-MASTER\Desktop\Elmo_infrastructure_sizing_NP-\output\DCH_septiembre\Bateria_482\Costo_variable\Carga_libre\Carga_on_board_variable_3estaciones_P160kW_Descomp/station_2_d182'.
✅ Solution time [sec]: 5.10
📊 Status: optimal
💰 Operation Cost: 156723.7916294664
JSONs, log y summary guardados en 'C:\Users\TECNO-MASTER\Desktop\Elmo_infrastructure_sizing_NP-\output\DCH_septiembre\Bateria_482\Costo_variable\Carga_libre\Carga_on_board_variable_3estaciones_P160kW_Descomp/station_2_d32'.
✅ Solution time [sec]: 4.73
📊 Status: optimal
💰 Operation Cost: 156939.2274198788
JSONs, log y summary guardados en 'C:\Users\TECNO-MASTER\Desktop\Elmo_infrastructure_sizing_NP-\output\DCH_septiembre\Bateria_482\Costo_variable\Carga_libre\Carga_on_board_variable_3estaciones_P160kW_Descomp/station_2_d274'.
✅ Solution time [sec]: 4.63
📊 Status: optimal
💰 Operation Cost: 171364.2983497548
JSONs, log y summary guardados en 'C:\Users\TECNO-MASTER\Desktop\Elmo_infrastructure_sizing_NP-\output\DCH_septiembre\Bateria_482\Costo_variable\Carga_libre\Carga_on_board_variable_3estaciones_P160kW_Descomp/station_2_d152'.
✅ Solution time [sec]: 4.74
📊 Status: optimal
💰 Operation Cost: 155620.4848575895
JSONs, log y summary guardados en 'C:\Users\TECNO-MASTER\Desktop\Elmo_infrastructure_sizing_NP-\output\DCH_septiembre\Bateria_482\Costo_variable\Carga_libre\Carga_on_board_variable_3estaciones_P160kW_Descomp/station_2_d60'.
✅ Solution time [sec]: 5.45
📊 Status: optimal
💰 Operation Cost: 156597.61836466804
JSONs, log y summary guardados en 'C:\Users\TECNO-MASTER\Desktop\Elmo_infrastructure_sizing_NP-\output\DCH_septiembre\Bateria_482\Costo_variable\Carga_libre\Carga_on_board_variable_3estaciones_P160kW_Descomp/station_2_d1'.
✅ Solution time [sec]: 4.64
📊 Status: optimal
💰 Operation Cost: 155845.61723877527
JSONs, log y summary guardados en 'C:\Users\TECNO-MASTER\Desktop\Elmo_infrastructure_sizing_NP-\output\DCH_septiembre\Bateria_482\Costo_variable\Carga_libre\Carga_on_board_variable_3estaciones_P160kW_Descomp/station_1_d182'.
✅ Solution time [sec]: 5.62
📊 Status: optimal
💰 Operation Cost: 154148.21741469856
JSONs, log y summary guardados en 'C:\Users\TECNO-MASTER\Desktop\Elmo_infrastructure_sizing_NP-\output\DCH_septiembre\Bateria_482\Costo_variable\Carga_libre\Carga_on_board_variable_3estaciones_P160kW_Descomp/station_1_d121'.
✅ Solution time [sec]: 6.53
📊 Status: optimal
💰 Operation Cost: 158203.62537772174
JSONs, log y summary guardados en 'C:\Users\TECNO-MASTER\Desktop\Elmo_infrastructure_sizing_NP-\output\DCH_septiembre\Bateria_482\Costo_variable\Carga_libre\Carga_on_board_variable_3estaciones_P160kW_Descomp/station_1_d335'.
✅ Solution time [sec]: 5.41
📊 Status: optimal
💰 Operation Cost: 168552.32754750585
JSONs, log y summary guardados en 'C:\Users\TECNO-MASTER\Desktop\Elmo_infrastructure_sizing_NP-\output\DCH_septiembre\Bateria_482\Costo_variable\Carga_libre\Carga_on_board_variable_3estaciones_P160kW_Descomp/station_3_d213'.
✅ Solution time [sec]: 6.65
📊 Status: optimal
💰 Operation Cost: 156193.9403405343
JSONs, log y summary guardados en 'C:\Users\TECNO-MASTER\Desktop\Elmo_infrastructure_sizing_NP-\output\DCH_septiembre\Bateria_482\Costo_variable\Carga_libre\Carga_on_board_variable_3estaciones_P160kW_Descomp/station_3_d1'.
✅ Solution time [sec]: 5.34
📊 Status: optimal
💰 Operation Cost: 170511.14366169204
JSONs, log y summary guardados en 'C:\Users\TECNO-MASTER\Desktop\Elmo_infrastructure_sizing_NP-\output\DCH_septiembre\Bateria_482\Costo_variable\Carga_libre\Carga_on_board_variable_3estaciones_P160kW_Descomp/station_2_d121'.
✅ Solution time [sec]: 5.28
📊 Status: optimal
💰 Operation Cost: 171427.19122708426
JSONs, log y summary guardados en 'C:\Users\TECNO-MASTER\Desktop\Elmo_infrastructure_sizing_NP-\output\DCH_septiembre\Bateria_482\Costo_variable\Carga_libre\Carga_on_board_variable_3estaciones_P160kW_Descomp/station_2_d244'.
✅ Solution time [sec]: 6.64
📊 Status: optimal
💰 Operation Cost: 158520.99371126588
JSONs, log y summary guardados en 'C:\Users\TECNO-MASTER\Desktop\Elmo_infrastructure_sizing_NP-\output\DCH_septiembre\Bateria_482\Costo_variable\Carga_libre\Carga_on_board_variable_3estaciones_P160kW_Descomp/station_1_d91'.
✅ Solution time [sec]: 6.40
📊 Status: optimal
💰 Operation Cost: 165893.6122925031
JSONs, log y summary guardados en 'C:\Users\TECNO-MASTER\Desktop\Elmo_infrastructure_sizing_NP-\output\DCH_septiembre\Bateria_482\Costo_variable\Carga_libre\Carga_on_board_variable_3estaciones_P160kW_Descomp/station_3_d121'.
✅ Solution time [sec]: 6.44
📊 Status: optimal
💰 Operation Cost: 155481.26879130185
JSONs, log y summary guardados en 'C:\Users\TECNO-MASTER\Desktop\Elmo_infrastructure_sizing_NP-\output\DCH_septiembre\Bateria_482\Costo_variable\Carga_libre\Carga_on_board_variable_3estaciones_P160kW_Descomp/station_3_d60'.
✅ Solution time [sec]: 6.33
📊 Status: optimal
💰 Operation Cost: 172424.10518190113
JSONs, log y summary guardados en 'C:\Users\TECNO-MASTER\Desktop\Elmo_infrastructure_sizing_NP-\output\DCH_septiembre\Bateria_482\Costo_variable\Carga_libre\Carga_on_board_variable_3estaciones_P160kW_Descomp/station_2_d91'.
✅ Solution time [sec]: 6.60
📊 Status: optimal
💰 Operation Cost: 169381.45289308272
JSONs, log y summary guardados en 'C:\Users\TECNO-MASTER\Desktop\Elmo_infrastructure_sizing_NP-\output\DCH_septiembre\Bateria_482\Costo_variable\Carga_libre\Carga_on_board_variable_3estaciones_P160kW_Descomp/station_3_d91'.
✅ Solution time [sec]: 7.89
📊 Status: optimal
💰 Operation Cost: 156590.86411374068
JSONs, log y summary guardados en 'C:\Users\TECNO-MASTER\Desktop\Elmo_infrastructure_sizing_NP-\output\DCH_septiembre\Bateria_482\Costo_variable\Carga_libre\Carga_on_board_variable_3estaciones_P160kW_Descomp/station_1_d152'.
✅ Solution time [sec]: 10.28
📊 Status: optimal
💰 Operation Cost: 155639.9272235543
JSONs, log y summary guardados en 'C:\Users\TECNO-MASTER\Desktop\Elmo_infrastructure_sizing_NP-\output\DCH_septiembre\Bateria_482\Costo_variable\Carga_libre\Carga_on_board_variable_3estaciones_P160kW_Descomp/station_1_d244'.
✅ Solution time [sec]: 1.71
📊 Status: optimal
💰 Operation Cost: 154977.99070565507
JSONs, log y summary guardados en 'C:\Users\TECNO-MASTER\Desktop\Elmo_infrastructure_sizing_NP-\output\DCH_septiembre\Bateria_482\Costo_variable\Carga_libre\Carga_on_board_variable_3estaciones_P160kW_Descomp/station_3_d335'.
✅ Solution time [sec]: 1.79
📊 Status: optimal
💰 Operation Cost: 156749.19068565135
JSONs, log y summary guardados en 'C:\Users\TECNO-MASTER\Desktop\Elmo_infrastructure_sizing_NP-\output\DCH_septiembre\Bateria_482\Costo_variable\Carga_libre\Carga_on_board_variable_3estaciones_P160kW_Descomp/station_3_d274'.
✅ Solution time [sec]: 2.23
📊 Status: optimal
💰 Operation Cost: 167337.67224595134
JSONs, log y summary guardados en 'C:\Users\TECNO-MASTER\Desktop\Elmo_infrastructure_sizing_NP-\output\DCH_septiembre\Bateria_482\Costo_variable\Carga_libre\Carga_on_board_variable_3estaciones_P160kW_Descomp/station_3_d244'.
✅ Solution time [sec]: 2.65
📊 Status: optimal
💰 Operation Cost: 157266.12586549163
JSONs, log y summary guardados en 'C:\Users\TECNO-MASTER\Desktop\Elmo_infrastructure_sizing_NP-\output\DCH_septiembre\Bateria_482\Costo_variable\Carga_libre\Carga_on_board_variable_3estaciones_P160kW_Descomp/station_3_d305'.
[wp2] usando consumos precalculados desde: C:\Users\TECNO-MASTER\Desktop\Elmo_infrastructure_sizing_NP-\data\Escenarios_DCH_septiembre\Bateria_482\Costo_variable\Carga_on_board_variable_3estaciones_P160kW/electric_routes_within_time.json

=== Fase 0 (maestro): repartiendo target de produccion diario entre macrobloques ===
  [maestro] dia 1: D_d=40320.0  station_1: T=13117.3 (Cap=[11869.2,16813.4])  station_2: T=13896.8 (Cap=[12564.7,17841.6])  station_3: T=13305.8 (Cap=[12111.1,16843.7])
  [maestro] dia 32: D_d=40320.0  station_1: T=13117.3 (Cap=[11869.2,16813.4])  station_2: T=13896.8 (Cap=[12564.7,17841.6])  station_3: T=13305.8 (Cap=[12111.1,16843.7])
  [maestro] dia 60: D_d=40320.0  station_1: T=13117.3 (Cap=[11869.2,16813.4])  station_2: T=13896.8 (Cap=[12564.7,17841.6])  station_3: T=13305.8 (Cap=[12111.1,16843.7])
  [maestro] dia 91: D_d=40320.0  station_1: T=13117.3 (Cap=[11869.2,16813.4])  station_2: T=13896.8 (Cap=[12564.7,17841.6])  station_3: T=13305.8 (Cap=[12111.1,16843.7])
  [maestro] dia 121: D_d=40320.0  station_1: T=13117.3 (Cap=[11869.2,16813.4])  station_2: T=13896.8 (Cap=[12564.7,17841.6])  station_3: T=13305.8 (Cap=[12111.1,16843.7])
  [maestro] dia 152: D_d=40320.0  station_1: T=13117.3 (Cap=[11869.2,16813.4])  station_2: T=13896.8 (Cap=[12564.7,17841.6])  station_3: T=13305.8 (Cap=[12111.1,16843.7])
  [maestro] dia 182: D_d=40320.0  station_1: T=13117.3 (Cap=[11869.2,16813.4])  station_2: T=13896.8 (Cap=[12564.7,17841.6])  station_3: T=13305.8 (Cap=[12111.1,16843.7])
  [maestro] dia 213: D_d=40320.0  station_1: T=13117.3 (Cap=[11869.2,16813.4])  station_2: T=13896.8 (Cap=[12564.7,17841.6])  station_3: T=13305.8 (Cap=[12111.1,16843.7])
  [maestro] dia 244: D_d=40320.0  station_1: T=13117.3 (Cap=[11869.2,16813.4])  station_2: T=13896.8 (Cap=[12564.7,17841.6])  station_3: T=13305.8 (Cap=[12111.1,16843.7])
  [maestro] dia 274: D_d=40320.0  station_1: T=13117.3 (Cap=[11869.2,16813.4])  station_2: T=13896.8 (Cap=[12564.7,17841.6])  station_3: T=13305.8 (Cap=[12111.1,16843.7])
  [maestro] dia 305: D_d=40320.0  station_1: T=13117.3 (Cap=[11869.2,16813.4])  station_2: T=13896.8 (Cap=[12564.7,17841.6])  station_3: T=13305.8 (Cap=[12111.1,16843.7])
  [maestro] dia 335: D_d=40320.0  station_1: T=13117.3 (Cap=[11869.2,16813.4])  station_2: T=13896.8 (Cap=[12564.7,17841.6])  station_3: T=13305.8 (Cap=[12111.1,16843.7])
Hilos de Gurobi por worker: 1 (workers=32, cpus=32)

=== Fase 1: 36 subproblemas (estacion x dia) en paralelo (32 workers), infraestructura libre ===

=== Infraestructura fijada por estacion (maximo entre dias) ===
  station_1: {'N_chargers': 2, 'X': 1}
  station_2: {'N_chargers': 2, 'X': 1}
  station_3: {'N_chargers': 2, 'X': 1}

=== Fase 2: 36 subproblemas (estacion x dia) en paralelo (32 workers), infraestructura fija ===

Listo. Resultados finales en:
  C:\Users\TECNO-MASTER\Desktop\Elmo_infrastructure_sizing_NP-\output\DCH_septiembre\Bateria_482\Costo_variable\Carga_libre\Carga_on_board_variable_3estaciones_P160kW_Descomp/station_1_d1
  C:\Users\TECNO-MASTER\Desktop\Elmo_infrastructure_sizing_NP-\output\DCH_septiembre\Bateria_482\Costo_variable\Carga_libre\Carga_on_board_variable_3estaciones_P160kW_Descomp/station_1_d32
  C:\Users\TECNO-MASTER\Desktop\Elmo_infrastructure_sizing_NP-\output\DCH_septiembre\Bateria_482\Costo_variable\Carga_libre\Carga_on_board_variable_3estaciones_P160kW_Descomp/station_1_d60
  C:\Users\TECNO-MASTER\Desktop\Elmo_infrastructure_sizing_NP-\output\DCH_septiembre\Bateria_482\Costo_variable\Carga_libre\Carga_on_board_variable_3estaciones_P160kW_Descomp/station_1_d91
  C:\Users\TECNO-MASTER\Desktop\Elmo_infrastructure_sizing_NP-\output\DCH_septiembre\Bateria_482\Costo_variable\Carga_libre\Carga_on_board_variable_3estaciones_P160kW_Descomp/station_1_d121
  C:\Users\TECNO-MASTER\Desktop\Elmo_infrastructure_sizing_NP-\output\DCH_septiembre\Bateria_482\Costo_variable\Carga_libre\Carga_on_board_variable_3estaciones_P160kW_Descomp/station_1_d152
  C:\Users\TECNO-MASTER\Desktop\Elmo_infrastructure_sizing_NP-\output\DCH_septiembre\Bateria_482\Costo_variable\Carga_libre\Carga_on_board_variable_3estaciones_P160kW_Descomp/station_1_d182
  C:\Users\TECNO-MASTER\Desktop\Elmo_infrastructure_sizing_NP-\output\DCH_septiembre\Bateria_482\Costo_variable\Carga_libre\Carga_on_board_variable_3estaciones_P160kW_Descomp/station_1_d213
  C:\Users\TECNO-MASTER\Desktop\Elmo_infrastructure_sizing_NP-\output\DCH_septiembre\Bateria_482\Costo_variable\Carga_libre\Carga_on_board_variable_3estaciones_P160kW_Descomp/station_1_d244
  C:\Users\TECNO-MASTER\Desktop\Elmo_infrastructure_sizing_NP-\output\DCH_septiembre\Bateria_482\Costo_variable\Carga_libre\Carga_on_board_variable_3estaciones_P160kW_Descomp/station_1_d274
  C:\Users\TECNO-MASTER\Desktop\Elmo_infrastructure_sizing_NP-\output\DCH_septiembre\Bateria_482\Costo_variable\Carga_libre\Carga_on_board_variable_3estaciones_P160kW_Descomp/station_1_d305
  C:\Users\TECNO-MASTER\Desktop\Elmo_infrastructure_sizing_NP-\output\DCH_septiembre\Bateria_482\Costo_variable\Carga_libre\Carga_on_board_variable_3estaciones_P160kW_Descomp/station_1_d335
  C:\Users\TECNO-MASTER\Desktop\Elmo_infrastructure_sizing_NP-\output\DCH_septiembre\Bateria_482\Costo_variable\Carga_libre\Carga_on_board_variable_3estaciones_P160kW_Descomp/station_2_d1
  C:\Users\TECNO-MASTER\Desktop\Elmo_infrastructure_sizing_NP-\output\DCH_septiembre\Bateria_482\Costo_variable\Carga_libre\Carga_on_board_variable_3estaciones_P160kW_Descomp/station_2_d32
  C:\Users\TECNO-MASTER\Desktop\Elmo_infrastructure_sizing_NP-\output\DCH_septiembre\Bateria_482\Costo_variable\Carga_libre\Carga_on_board_variable_3estaciones_P160kW_Descomp/station_2_d60
  C:\Users\TECNO-MASTER\Desktop\Elmo_infrastructure_sizing_NP-\output\DCH_septiembre\Bateria_482\Costo_variable\Carga_libre\Carga_on_board_variable_3estaciones_P160kW_Descomp/station_2_d91
  C:\Users\TECNO-MASTER\Desktop\Elmo_infrastructure_sizing_NP-\output\DCH_septiembre\Bateria_482\Costo_variable\Carga_libre\Carga_on_board_variable_3estaciones_P160kW_Descomp/station_2_d121
  C:\Users\TECNO-MASTER\Desktop\Elmo_infrastructure_sizing_NP-\output\DCH_septiembre\Bateria_482\Costo_variable\Carga_libre\Carga_on_board_variable_3estaciones_P160kW_Descomp/station_2_d152
  C:\Users\TECNO-MASTER\Desktop\Elmo_infrastructure_sizing_NP-\output\DCH_septiembre\Bateria_482\Costo_variable\Carga_libre\Carga_on_board_variable_3estaciones_P160kW_Descomp/station_2_d182
  C:\Users\TECNO-MASTER\Desktop\Elmo_infrastructure_sizing_NP-\output\DCH_septiembre\Bateria_482\Costo_variable\Carga_libre\Carga_on_board_variable_3estaciones_P160kW_Descomp/station_2_d213
  C:\Users\TECNO-MASTER\Desktop\Elmo_infrastructure_sizing_NP-\output\DCH_septiembre\Bateria_482\Costo_variable\Carga_libre\Carga_on_board_variable_3estaciones_P160kW_Descomp/station_2_d244
  C:\Users\TECNO-MASTER\Desktop\Elmo_infrastructure_sizing_NP-\output\DCH_septiembre\Bateria_482\Costo_variable\Carga_libre\Carga_on_board_variable_3estaciones_P160kW_Descomp/station_2_d274
  C:\Users\TECNO-MASTER\Desktop\Elmo_infrastructure_sizing_NP-\output\DCH_septiembre\Bateria_482\Costo_variable\Carga_libre\Carga_on_board_variable_3estaciones_P160kW_Descomp/station_2_d305
  C:\Users\TECNO-MASTER\Desktop\Elmo_infrastructure_sizing_NP-\output\DCH_septiembre\Bateria_482\Costo_variable\Carga_libre\Carga_on_board_variable_3estaciones_P160kW_Descomp/station_2_d335
  C:\Users\TECNO-MASTER\Desktop\Elmo_infrastructure_sizing_NP-\output\DCH_septiembre\Bateria_482\Costo_variable\Carga_libre\Carga_on_board_variable_3estaciones_P160kW_Descomp/station_3_d1
  C:\Users\TECNO-MASTER\Desktop\Elmo_infrastructure_sizing_NP-\output\DCH_septiembre\Bateria_482\Costo_variable\Carga_libre\Carga_on_board_variable_3estaciones_P160kW_Descomp/station_3_d32
  C:\Users\TECNO-MASTER\Desktop\Elmo_infrastructure_sizing_NP-\output\DCH_septiembre\Bateria_482\Costo_variable\Carga_libre\Carga_on_board_variable_3estaciones_P160kW_Descomp/station_3_d60
  C:\Users\TECNO-MASTER\Desktop\Elmo_infrastructure_sizing_NP-\output\DCH_septiembre\Bateria_482\Costo_variable\Carga_libre\Carga_on_board_variable_3estaciones_P160kW_Descomp/station_3_d91
  C:\Users\TECNO-MASTER\Desktop\Elmo_infrastructure_sizing_NP-\output\DCH_septiembre\Bateria_482\Costo_variable\Carga_libre\Carga_on_board_variable_3estaciones_P160kW_Descomp/station_3_d121
  C:\Users\TECNO-MASTER\Desktop\Elmo_infrastructure_sizing_NP-\output\DCH_septiembre\Bateria_482\Costo_variable\Carga_libre\Carga_on_board_variable_3estaciones_P160kW_Descomp/station_3_d152
  C:\Users\TECNO-MASTER\Desktop\Elmo_infrastructure_sizing_NP-\output\DCH_septiembre\Bateria_482\Costo_variable\Carga_libre\Carga_on_board_variable_3estaciones_P160kW_Descomp/station_3_d182
  C:\Users\TECNO-MASTER\Desktop\Elmo_infrastructure_sizing_NP-\output\DCH_septiembre\Bateria_482\Costo_variable\Carga_libre\Carga_on_board_variable_3estaciones_P160kW_Descomp/station_3_d213
  C:\Users\TECNO-MASTER\Desktop\Elmo_infrastructure_sizing_NP-\output\DCH_septiembre\Bateria_482\Costo_variable\Carga_libre\Carga_on_board_variable_3estaciones_P160kW_Descomp/station_3_d244
  C:\Users\TECNO-MASTER\Desktop\Elmo_infrastructure_sizing_NP-\output\DCH_septiembre\Bateria_482\Costo_variable\Carga_libre\Carga_on_board_variable_3estaciones_P160kW_Descomp/station_3_d274
  C:\Users\TECNO-MASTER\Desktop\Elmo_infrastructure_sizing_NP-\output\DCH_septiembre\Bateria_482\Costo_variable\Carga_libre\Carga_on_board_variable_3estaciones_P160kW_Descomp/station_3_d305
  C:\Users\TECNO-MASTER\Desktop\Elmo_infrastructure_sizing_NP-\output\DCH_septiembre\Bateria_482\Costo_variable\Carga_libre\Carga_on_board_variable_3estaciones_P160kW_Descomp/station_3_d335
