C:\Users\TECNO-MASTER\anaconda3\lib\site-packages\pandas\core\indexes\base.py:6999: FutureWarning: In a future version, the Index constructor will not infer numeric dtypes when passed object-dtype sequences (matching Series behavior)
  return Index(sequences[0], name=names)
C:\Users\TECNO-MASTER\anaconda3\lib\site-packages\pandas\core\indexes\base.py:6999: FutureWarning: In a future version, the Index constructor will not infer numeric dtypes when passed object-dtype sequences (matching Series behavior)
  return Index(sequences[0], name=names)
C:\Users\TECNO-MASTER\anaconda3\lib\site-packages\pandas\core\indexes\base.py:6999: FutureWarning: In a future version, the Index constructor will not infer numeric dtypes when passed object-dtype sequences (matching Series behavior)
  return Index(sequences[0], name=names)
C:\Users\TECNO-MASTER\anaconda3\lib\site-packages\pandas\core\indexes\base.py:6999: FutureWarning: In a future version, the Index constructor will not infer numeric dtypes when passed object-dtype sequences (matching Series behavior)
  return Index(sequences[0], name=names)
C:\Users\TECNO-MASTER\anaconda3\lib\site-packages\pandas\core\indexes\base.py:6999: FutureWarning: In a future version, the Index constructor will not infer numeric dtypes when passed object-dtype sequences (matching Series behavior)
  return Index(sequences[0], name=names)
C:\Users\TECNO-MASTER\anaconda3\lib\site-packages\pandas\core\indexes\base.py:6999: FutureWarning: In a future version, the Index constructor will not infer numeric dtypes when passed object-dtype sequences (matching Series behavior)
  return Index(sequences[0], name=names)
C:\Users\TECNO-MASTER\anaconda3\lib\site-packages\pandas\core\indexes\base.py:6999: FutureWarning: In a future version, the Index constructor will not infer numeric dtypes when passed object-dtype sequences (matching Series behavior)
  return Index(sequences[0], name=names)
  [Fase 1 (infra libre)] estacion=station_1 dia=1 -> C:\Users\TECNO-MASTER\Desktop\Elmo_infrastructure_sizing_NP-\output\DCH_agosto\Costo_variable\Swap_libre\Swap_variable_3estaciones_640kW_Descomp/station_1_d1_stage1
formulation time: 6.545727968215942
Set parameter OutputFlag to value 1
Set parameter OutputFlag to value 1
Set parameter LogToConsole to value 1
Set parameter MIPGap to value 0.05
Set parameter TimeLimit to value 1200
Set parameter LogFile to value "C:\Users\TECNO-MASTER\Desktop\Elmo_infrastructure_sizing_NP-\output\DCH_agosto\Costo_variable\Swap_libre\Swap_variable_3estaciones_640kW_Descomp\station_1_d1_stage1\ELMO_log.txt"
Set parameter Threads to value 1
Set parameter Heuristics to value 0.5
Set parameter MIPFocus to value 3
Set parameter Presolve to value 2
Set parameter FlowCoverCuts to value 2
Gurobi Optimizer version 12.0.3 build v12.0.3rc0 (win64 - Windows 11+.0 (26200.2))

CPU model: Intel(R) Core(TM) i9-14900K, instruction set [SSE2|AVX|AVX2]
Thread count: 24 physical cores, 32 logical processors, using up to 1 threads

Non-default parameters:
TimeLimit  1200
MIPGap  0.05
Heuristics  0.5
MIPFocus  3
FlowCoverCuts  2
Presolve  2
Threads  1

Optimize a model with 26328 rows, 53707 columns and 242743 nonzeros
Model fingerprint: 0xc7bd087a
Variable types: 2099 continuous, 51608 integer (18485 binary)
Coefficient statistics:
  Matrix range     [1e+00, 6e+02]
  Objective range  [1e-02, 9e+04]
  Bounds range     [1e+00, 1e+01]
  RHS range        [1e+00, 1e+04]
C:\Users\TECNO-MASTER\anaconda3\lib\site-packages\pandas\core\indexes\base.py:6999: FutureWarning: In a future version, the Index constructor will not infer numeric dtypes when passed object-dtype sequences (matching Series behavior)
  return Index(sequences[0], name=names)
Presolve removed 23257 rows and 43609 columns
Presolve time: 0.12s
Presolved: 3071 rows, 10098 columns, 32053 nonzeros
Variable types: 824 continuous, 9274 integer (8474 binary)
Root relaxation presolved: 3071 rows, 10098 columns, 32053 nonzeros


Root relaxation: objective 2.640442e+05, 11867 iterations, 0.83 seconds (1.67 work units)
  [Fase 1 (infra libre)] estacion=station_1 dia=32 -> C:\Users\TECNO-MASTER\Desktop\Elmo_infrastructure_sizing_NP-\output\DCH_agosto\Costo_variable\Swap_libre\Swap_variable_3estaciones_640kW_Descomp/station_1_d32_stage1
formulation time: 6.71812105178833
Set parameter OutputFlag to value 1
Set parameter OutputFlag to value 1
Set parameter LogToConsole to value 1
Set parameter MIPGap to value 0.05
Set parameter TimeLimit to value 1200
Set parameter LogFile to value "C:\Users\TECNO-MASTER\Desktop\Elmo_infrastructure_sizing_NP-\output\DCH_agosto\Costo_variable\Swap_libre\Swap_variable_3estaciones_640kW_Descomp\station_1_d32_stage1\ELMO_log.txt"
Set parameter Threads to value 1
Set parameter Heuristics to value 0.5
Set parameter MIPFocus to value 3
Set parameter Presolve to value 2
Set parameter FlowCoverCuts to value 2
Gurobi Optimizer version 12.0.3 build v12.0.3rc0 (win64 - Windows 11+.0 (26200.2))

CPU model: Intel(R) Core(TM) i9-14900K, instruction set [SSE2|AVX|AVX2]
Thread count: 24 physical cores, 32 logical processors, using up to 1 threads

Non-default parameters:
TimeLimit  1200
MIPGap  0.05
Heuristics  0.5
MIPFocus  3
FlowCoverCuts  2
Presolve  2
Threads  1

Optimize a model with 26328 rows, 53707 columns and 242743 nonzeros

    Nodes    |    Current Node    |     Objective Bounds      |     Work
 Expl Unexpl |  Obj  Depth IntInf | Incumbent    BestBd   Gap | It/Node Time

     0     0 264044.245    0  106          - 264044.245      -     -    1s
Model fingerprint: 0xf7d0115e
Variable types: 2099 continuous, 51608 integer (18485 binary)
Coefficient statistics:
  Matrix range     [1e+00, 6e+02]
  Objective range  [3e-03, 9e+04]
  Bounds range     [1e+00, 1e+01]
  RHS range        [1e+00, 1e+04]
C:\Users\TECNO-MASTER\anaconda3\lib\site-packages\pandas\core\indexes\base.py:6999: FutureWarning: In a future version, the Index constructor will not infer numeric dtypes when passed object-dtype sequences (matching Series behavior)
  return Index(sequences[0], name=names)
Presolve removed 23257 rows and 43609 columns
Presolve time: 0.13s
Presolved: 3071 rows, 10098 columns, 32053 nonzeros
Variable types: 824 continuous, 9274 integer (8474 binary)
Root relaxation presolved: 3071 rows, 10098 columns, 32053 nonzeros

     0     0 264044.245    0  119          - 264044.245      -     -    2s
     0     0 264044.248    0  260          - 264044.248      -     -    2s

Root relaxation: objective 2.641468e+05, 15990 iterations, 1.07 seconds (1.86 work units)

    Nodes    |    Current Node    |     Objective Bounds      |     Work
 Expl Unexpl |  Obj  Depth IntInf | Incumbent    BestBd   Gap | It/Node Time

     0     0 264146.809    0  206          - 264146.809      -     -    1s
C:\Users\TECNO-MASTER\anaconda3\lib\site-packages\pandas\core\indexes\base.py:6999: FutureWarning: In a future version, the Index constructor will not infer numeric dtypes when passed object-dtype sequences (matching Series behavior)
  return Index(sequences[0], name=names)
  [Fase 1 (infra libre)] estacion=station_1 dia=60 -> C:\Users\TECNO-MASTER\Desktop\Elmo_infrastructure_sizing_NP-\output\DCH_agosto\Costo_variable\Swap_libre\Swap_variable_3estaciones_640kW_Descomp/station_1_d60_stage1
formulation time: 7.044977426528931
Set parameter OutputFlag to value 1
Set parameter OutputFlag to value 1
Set parameter LogToConsole to value 1
Set parameter MIPGap to value 0.05
Set parameter TimeLimit to value 1200
Set parameter LogFile to value "C:\Users\TECNO-MASTER\Desktop\Elmo_infrastructure_sizing_NP-\output\DCH_agosto\Costo_variable\Swap_libre\Swap_variable_3estaciones_640kW_Descomp\station_1_d60_stage1\ELMO_log.txt"
Set parameter Threads to value 1
Set parameter Heuristics to value 0.5
Set parameter MIPFocus to value 3
Set parameter Presolve to value 2
Set parameter FlowCoverCuts to value 2
Gurobi Optimizer version 12.0.3 build v12.0.3rc0 (win64 - Windows 11+.0 (26200.2))

CPU model: Intel(R) Core(TM) i9-14900K, instruction set [SSE2|AVX|AVX2]
Thread count: 24 physical cores, 32 logical processors, using up to 1 threads

Non-default parameters:
TimeLimit  1200
MIPGap  0.05
Heuristics  0.5
MIPFocus  3
FlowCoverCuts  2
Presolve  2
Threads  1

Optimize a model with 26328 rows, 53707 columns and 242743 nonzeros
Model fingerprint: 0x22f12b79
Variable types: 2099 continuous, 51608 integer (18485 binary)
Coefficient statistics:
  Matrix range     [1e+00, 6e+02]
  Objective range  [9e-03, 9e+04]
  Bounds range     [1e+00, 1e+01]
  RHS range        [1e+00, 1e+04]
     0     0 264044.248    0   97          - 264044.248      -     -    3s
     0     0 264044.248    0  105          - 264044.248      -     -    3s
Presolve removed 23257 rows and 43609 columns
Presolve time: 0.13s
Presolved: 3071 rows, 10098 columns, 32053 nonzeros
Variable types: 824 continuous, 9274 integer (8474 binary)
Root relaxation presolved: 3071 rows, 10098 columns, 32053 nonzeros

     0     0 264147.030    0  232          - 264147.030      -     -    2s
     0     0 264148.698    0  351          - 264148.698      -     -    2s
     0     0 264148.713    0  332          - 264148.713      -     -    2s

Root relaxation: objective 2.640200e+05, 11035 iterations, 0.71 seconds (1.42 work units)
     0     0 264148.796    0  234          - 264148.796      -     -    2s
     0     0 264057.542    0   92          - 264057.542      -     -    4s
     0     0 264148.797    0  384          - 264148.797      -     -    2s
     0     0 264057.542    0  236          - 264057.542      -     -    4s

    Nodes    |    Current Node    |     Objective Bounds      |     Work
 Expl Unexpl |  Obj  Depth IntInf | Incumbent    BestBd   Gap | It/Node Time

     0     0 264020.035    0   40          - 264020.035      -     -    1s
  [Fase 1 (infra libre)] estacion=station_1 dia=91 -> C:\Users\TECNO-MASTER\Desktop\Elmo_infrastructure_sizing_NP-\output\DCH_agosto\Costo_variable\Swap_libre\Swap_variable_3estaciones_640kW_Descomp/station_1_d91_stage1
formulation time: 7.272539377212524
Set parameter OutputFlag to value 1
Set parameter OutputFlag to value 1
Set parameter LogToConsole to value 1
Set parameter MIPGap to value 0.05
Set parameter TimeLimit to value 1200
Set parameter LogFile to value "C:\Users\TECNO-MASTER\Desktop\Elmo_infrastructure_sizing_NP-\output\DCH_agosto\Costo_variable\Swap_libre\Swap_variable_3estaciones_640kW_Descomp\station_1_d91_stage1\ELMO_log.txt"
Set parameter Threads to value 1
Set parameter Heuristics to value 0.5
Set parameter MIPFocus to value 3
Set parameter Presolve to value 2
Set parameter FlowCoverCuts to value 2
Gurobi Optimizer version 12.0.3 build v12.0.3rc0 (win64 - Windows 11+.0 (26200.2))

CPU model: Intel(R) Core(TM) i9-14900K, instruction set [SSE2|AVX|AVX2]
Thread count: 24 physical cores, 32 logical processors, using up to 1 threads

Non-default parameters:
TimeLimit  1200
MIPGap  0.05
Heuristics  0.5
MIPFocus  3
FlowCoverCuts  2
Presolve  2
Threads  1

Optimize a model with 26359 rows, 53707 columns and 242805 nonzeros
Model fingerprint: 0xd7bd39cf
Variable types: 2099 continuous, 51608 integer (18485 binary)
Coefficient statistics:
  Matrix range     [1e+00, 6e+02]
  Objective range  [1e-02, 9e+04]
  Bounds range     [1e+00, 1e+01]
  RHS range        [1e+00, 1e+04]
C:\Users\TECNO-MASTER\anaconda3\lib\site-packages\pandas\core\indexes\base.py:6999: FutureWarning: In a future version, the Index constructor will not infer numeric dtypes when passed object-dtype sequences (matching Series behavior)
  return Index(sequences[0], name=names)
Presolve removed 23257 rows and 43639 columns
Presolve time: 0.13s
Presolved: 3102 rows, 10068 columns, 32146 nonzeros
Variable types: 824 continuous, 9244 integer (8474 binary)
Root relaxation presolved: 3102 rows, 10068 columns, 32146 nonzeros

     0     0 264057.542    0   71          - 264057.542      -     -    5s
     0     0 264057.542    0  136          - 264057.542      -     -    5s
     0     0 264149.024    0  213          - 264149.024      -     -    3s
     0     0 264149.024    0  212          - 264149.024      -     -    3s
     0     0 264020.035    0   30          - 264020.035      -     -    2s
     0     0 264020.037    0   30          - 264020.037      -     -    2s
     0     0 264057.542    0  116          - 264057.542      -     -    5s
     0     0 264030.464    0   23          - 264030.464      -     -    2s
     0     0 264030.464    0  146          - 264030.464      -     -    2s
     0     0 264057.542    0  207          - 264057.542      -     -    5s
     0     0 264057.542    0  114          - 264057.542      -     -    6s

Root relaxation: objective 2.640459e+05, 15981 iterations, 1.43 seconds (2.75 work units)
     0     0 264057.542    0  361          - 264057.542      -     -    6s
     0     0 264030.464    0   16          - 264030.464      -     -    3s
  [Fase 1 (infra libre)] estacion=station_1 dia=121 -> C:\Users\TECNO-MASTER\Desktop\Elmo_infrastructure_sizing_NP-\output\DCH_agosto\Costo_variable\Swap_libre\Swap_variable_3estaciones_640kW_Descomp/station_1_d121_stage1
formulation time: 7.615790843963623
Set parameter OutputFlag to value 1
Set parameter OutputFlag to value 1
Set parameter LogToConsole to value 1
Set parameter MIPGap to value 0.05
Set parameter TimeLimit to value 1200
Set parameter LogFile to value "C:\Users\TECNO-MASTER\Desktop\Elmo_infrastructure_sizing_NP-\output\DCH_agosto\Costo_variable\Swap_libre\Swap_variable_3estaciones_640kW_Descomp\station_1_d121_stage1\ELMO_log.txt"
Set parameter Threads to value 1
Set parameter Heuristics to value 0.5
Set parameter MIPFocus to value 3
Set parameter Presolve to value 2
Set parameter FlowCoverCuts to value 2
Gurobi Optimizer version 12.0.3 build v12.0.3rc0 (win64 - Windows 11+.0 (26200.2))

CPU model: Intel(R) Core(TM) i9-14900K, instruction set [SSE2|AVX|AVX2]
Thread count: 24 physical cores, 32 logical processors, using up to 1 threads

Non-default parameters:
TimeLimit  1200
MIPGap  0.05
Heuristics  0.5
MIPFocus  3
FlowCoverCuts  2
Presolve  2
Threads  1

Optimize a model with 26359 rows, 53707 columns and 242805 nonzeros
Model fingerprint: 0x31f56813
Variable types: 2099 continuous, 51608 integer (18485 binary)
Coefficient statistics:
  Matrix range     [1e+00, 6e+02]
  Objective range  [8e-03, 9e+04]
  Bounds range     [1e+00, 1e+01]
  RHS range        [1e+00, 1e+04]
     0     0 264030.464    0   38          - 264030.464      -     -    3s
Presolve removed 23257 rows and 43639 columns
Presolve time: 0.14s
Presolved: 3102 rows, 10068 columns, 32146 nonzeros
Variable types: 824 continuous, 9244 integer (8474 binary)
C:\Users\TECNO-MASTER\anaconda3\lib\site-packages\pandas\core\indexes\base.py:6999: FutureWarning: In a future version, the Index constructor will not infer numeric dtypes when passed object-dtype sequences (matching Series behavior)
  return Index(sequences[0], name=names)
Root relaxation presolved: 3102 rows, 10068 columns, 32146 nonzeros


    Nodes    |    Current Node    |     Objective Bounds      |     Work
 Expl Unexpl |  Obj  Depth IntInf | Incumbent    BestBd   Gap | It/Node Time

     0     0 264045.933    0   98          - 264045.933      -     -    2s
     0     0 264030.464    0   25          - 264030.464      -     -    3s
     0     0 264030.464    0   43          - 264030.464      -     -    4s
     0     0 264057.542    0  110          - 264057.542      -     -    7s
     0     0 264057.542    0  110          - 264057.542      -     -    7s
     0     0 264045.933    0   64          - 264045.933      -     -    3s
     0     0 264030.464    0   27          - 264030.464      -     -    4s
     0     0 264030.464    0   40          - 264030.464      -     -    4s
     0     0 264045.936    0   80          - 264045.936      -     -    3s
H    0     0                    724941.31551 264057.542  63.6%     -    8s
H    0     0                    440186.24147 264057.542  40.0%     -    8s
H    0     0                    439256.98759 264057.542  39.9%     -    8s
     0     0 264030.464    0   23          - 264030.464      -     -    5s
     0     2 264057.542    0  110 439256.988 264057.542  39.9%     -    8s

Root relaxation: objective 2.640193e+05, 15652 iterations, 1.66 seconds (2.63 work units)
     0     0 264045.936    0   87          - 264045.936      -     -    3s
     0     0 264030.464    0   23          - 264030.464      -     -    5s
  [Fase 1 (infra libre)] estacion=station_1 dia=274 -> C:\Users\TECNO-MASTER\Desktop\Elmo_infrastructure_sizing_NP-\output\DCH_agosto\Costo_variable\Swap_libre\Swap_variable_3estaciones_640kW_Descomp/station_1_d274_stage1
formulation time: 8.032799482345581
Set parameter OutputFlag to value 1
Set parameter OutputFlag to value 1
Set parameter LogToConsole to value 1
Set parameter MIPGap to value 0.05
Set parameter TimeLimit to value 1200
C:\Users\TECNO-MASTER\anaconda3\lib\site-packages\pandas\core\indexes\base.py:6999: FutureWarning: In a future version, the Index constructor will not infer numeric dtypes when passed object-dtype sequences (matching Series behavior)
  return Index(sequences[0], name=names)
Set parameter LogFile to value "C:\Users\TECNO-MASTER\Desktop\Elmo_infrastructure_sizing_NP-\output\DCH_agosto\Costo_variable\Swap_libre\Swap_variable_3estaciones_640kW_Descomp\station_1_d274_stage1\ELMO_log.txt"
Set parameter Threads to value 1
Set parameter Heuristics to value 0.5
Set parameter MIPFocus to value 3
Set parameter Presolve to value 2
Set parameter FlowCoverCuts to value 2
Gurobi Optimizer version 12.0.3 build v12.0.3rc0 (win64 - Windows 11+.0 (26200.2))

CPU model: Intel(R) Core(TM) i9-14900K, instruction set [SSE2|AVX|AVX2]
Thread count: 24 physical cores, 32 logical processors, using up to 1 threads

Non-default parameters:
TimeLimit  1200
MIPGap  0.05
Heuristics  0.5
MIPFocus  3
FlowCoverCuts  2
Presolve  2
Threads  1

Optimize a model with 26328 rows, 53707 columns and 242743 nonzeros
Model fingerprint: 0xc9ed851c
Variable types: 2099 continuous, 51608 integer (18485 binary)
Coefficient statistics:
  Matrix range     [1e+00, 6e+02]
  Objective range  [4e-03, 9e+04]
  Bounds range     [1e+00, 1e+01]
  RHS range        [1e+00, 1e+04]
     0     0 264045.936    0  210          - 264045.936      -     -    3s
H    0     0                    500364.31367 264030.464  47.2%     -    5s
Presolve removed 23257 rows and 43609 columns
Presolve time: 0.16s
Presolved: 3071 rows, 10098 columns, 32053 nonzeros
Variable types: 824 continuous, 9274 integer (8474 binary)
H    0     0                    499905.33404 264030.464  47.2%     -    5s
H    0     0                    496699.90163 264030.464  46.8%     -    5s
H    0     0                    496090.92514 264030.464  46.8%     -    5s
H    0     0                    491226.43738 264030.464  46.3%     -    5s
Root relaxation presolved: 3071 rows, 10098 columns, 32053 nonzeros

H    0     0                    489883.44152 264030.464  46.1%     -    5s
H    0     0                    483276.26209 264030.464  45.4%     -    5s
H    0     0                    478029.65484 264030.464  44.8%     -    5s
H    0     0                    477306.57585 264030.464  44.7%     -    5s
H    0     0                    476343.78290 264030.464  44.6%     -    5s

    Nodes    |    Current Node    |     Objective Bounds      |     Work
 Expl Unexpl |  Obj  Depth IntInf | Incumbent    BestBd   Gap | It/Node Time

     0     0 264019.266    0   55          - 264019.266      -     -    2s
H    0     0                    472285.38748 264030.464  44.1%     -    5s
H    0     0                    471501.72184 264030.464  44.0%     -    5s
H    0     0                    471488.43316 264030.464  44.0%     -    5s
H    0     0                    469192.13819 264030.464  43.7%     -    5s
     0     2 264149.024    0  208          - 264149.024      -     -    7s
H    0     0                    468435.04991 264030.464  43.6%     -    5s
H    0     0                    467691.70656 264030.464  43.5%     -    5s
H    0     0                    265530.89516 264030.464  0.57%     -    5s

Cutting planes:
  Gomory: 4
  MIR: 1
  Flow cover: 1
  RLT: 1

Explored 1 nodes (32352 simplex iterations) in 5.97 seconds (9.40 work units)
Thread count was 1 (of 32 available processors)

Solution count 10: 265531 467692 468435 ... 478030

Optimal solution found (tolerance 5.00e-02)
Best objective 2.655308951647e+05, best bound 2.640304635180e+05, gap 0.5651%
     0     0 264045.936    0  129          - 264045.936      -     -    4s
     0     0 264045.936    0  249          - 264045.936      -     -    4s
     0     0 264019.266    0   50          - 264019.266      -     -    3s
     0     0 264019.268    0   67          - 264019.268      -     -    3s
     8    10 264057.542    4  362 439256.988 264057.542  39.9%   758   10s

Root relaxation: objective 2.644571e+05, 14870 iterations, 1.40 seconds (2.17 work units)
C:\Users\TECNO-MASTER\anaconda3\lib\site-packages\pandas\core\indexes\base.py:6999: FutureWarning: In a future version, the Index constructor will not infer numeric dtypes when passed object-dtype sequences (matching Series behavior)
  return Index(sequences[0], name=names)
     0     0 264019.268    0   46          - 264019.268      -     -    3s
     0     0 264059.430    0   74          - 264059.430      -     -    5s
  [Fase 1 (infra libre)] estacion=station_1 dia=182 -> C:\Users\TECNO-MASTER\Desktop\Elmo_infrastructure_sizing_NP-\output\DCH_agosto\Costo_variable\Swap_libre\Swap_variable_3estaciones_640kW_Descomp/station_1_d182_stage1
formulation time: 8.575321674346924
Set parameter OutputFlag to value 1
Set parameter OutputFlag to value 1
Set parameter LogToConsole to value 1
Set parameter MIPGap to value 0.05
Set parameter TimeLimit to value 1200
Set parameter LogFile to value "C:\Users\TECNO-MASTER\Desktop\Elmo_infrastructure_sizing_NP-\output\DCH_agosto\Costo_variable\Swap_libre\Swap_variable_3estaciones_640kW_Descomp\station_1_d182_stage1\ELMO_log.txt"
Set parameter Threads to value 1
Set parameter Heuristics to value 0.5
Set parameter MIPFocus to value 3
Set parameter Presolve to value 2
Set parameter FlowCoverCuts to value 2
     0     0 264059.430    0  209          - 264059.430      -     -    5s
Gurobi Optimizer version 12.0.3 build v12.0.3rc0 (win64 - Windows 11+.0 (26200.2))

CPU model: Intel(R) Core(TM) i9-14900K, instruction set [SSE2|AVX|AVX2]
Thread count: 24 physical cores, 32 logical processors, using up to 1 threads

Non-default parameters:
TimeLimit  1200
MIPGap  0.05
Heuristics  0.5
MIPFocus  3
FlowCoverCuts  2
Presolve  2
Threads  1

Optimize a model with 26359 rows, 53707 columns and 242805 nonzeros
Model fingerprint: 0x5617a898
Variable types: 2099 continuous, 51608 integer (18485 binary)
Coefficient statistics:
  Matrix range     [1e+00, 6e+02]
  Objective range  [1e-02, 9e+04]
  Bounds range     [1e+00, 1e+01]
  RHS range        [1e+00, 1e+04]

    Nodes    |    Current Node    |     Objective Bounds      |     Work
 Expl Unexpl |  Obj  Depth IntInf | Incumbent    BestBd   Gap | It/Node Time

     0     0 264457.073    0   38          - 264457.073      -     -    2s
Presolve removed 23257 rows and 43639 columns
Presolve time: 0.14s
Presolved: 3102 rows, 10068 columns, 32146 nonzeros
Variable types: 824 continuous, 9244 integer (8474 binary)
Root relaxation presolved: 3102 rows, 10068 columns, 32146 nonzeros

     0     0 264029.603    0   23          - 264029.603      -     -    4s
     0     0 264029.603    0   27          - 264029.603      -     -    4s
    19    21 264151.013   10  427          - 264149.337      -  1471   10s
     0     0 264657.122    0   55          - 264657.122      -     -    2s
     0     0 264657.122    0  146          - 264657.122      -     -    3s
     0     0 264059.430    0   94          - 264059.430      -     -    6s
     0     0 264059.430    0  293          - 264059.430      -     -    6s
     0     0 264029.603    0   38          - 264029.603      -     -    5s
     0     0 264029.603    0  149          - 264029.603      -     -    5s
C:\Users\TECNO-MASTER\anaconda3\lib\site-packages\pandas\core\indexes\base.py:6999: FutureWarning: In a future version, the Index constructor will not infer numeric dtypes when passed object-dtype sequences (matching Series behavior)
  return Index(sequences[0], name=names)
     0     0 264059.430    0   57          - 264059.430      -     -    7s

Root relaxation: objective 2.640369e+05, 15524 iterations, 1.57 seconds (2.58 work units)
     0     0 264059.430    0  161          - 264059.430      -     -    7s
     0     0 264657.122    0   53          - 264657.122      -     -    4s
     0     0 264657.122    0   56          - 264657.122      -     -    4s
     0     0 264029.603    0   28          - 264029.603      -     -    6s
  [Fase 1 (infra libre)] estacion=station_1 dia=152 -> C:\Users\TECNO-MASTER\Desktop\Elmo_infrastructure_sizing_NP-\output\DCH_agosto\Costo_variable\Swap_libre\Swap_variable_3estaciones_640kW_Descomp/station_1_d152_stage1
formulation time: 9.385781526565552
Set parameter OutputFlag to value 1
Set parameter OutputFlag to value 1
Set parameter LogToConsole to value 1
Set parameter MIPGap to value 0.05
Set parameter TimeLimit to value 1200
Set parameter LogFile to value "C:\Users\TECNO-MASTER\Desktop\Elmo_infrastructure_sizing_NP-\output\DCH_agosto\Costo_variable\Swap_libre\Swap_variable_3estaciones_640kW_Descomp\station_1_d152_stage1\ELMO_log.txt"
Set parameter Threads to value 1
Set parameter Heuristics to value 0.5
Set parameter MIPFocus to value 3
Set parameter Presolve to value 2
Set parameter FlowCoverCuts to value 2
Gurobi Optimizer version 12.0.3 build v12.0.3rc0 (win64 - Windows 11+.0 (26200.2))

CPU model: Intel(R) Core(TM) i9-14900K, instruction set [SSE2|AVX|AVX2]
Thread count: 24 physical cores, 32 logical processors, using up to 1 threads

Non-default parameters:
TimeLimit  1200
MIPGap  0.05
Heuristics  0.5
MIPFocus  3
FlowCoverCuts  2
Presolve  2
Threads  1

Optimize a model with 26359 rows, 53707 columns and 242805 nonzeros
Model fingerprint: 0x85e13469
Variable types: 2099 continuous, 51608 integer (18485 binary)
Coefficient statistics:
  Matrix range     [1e+00, 6e+02]
  Objective range  [1e-02, 9e+04]
  Bounds range     [1e+00, 1e+01]
  RHS range        [1e+00, 1e+04]
     0     0 264029.603    0   28          - 264029.603      -     -    6s
H    0     0                    647000.86762 264029.603  59.2%     -    6s
Presolve removed 23257 rows and 43639 columns
Presolve time: 0.14s
Presolved: 3102 rows, 10068 columns, 32146 nonzeros
Variable types: 824 continuous, 9244 integer (8474 binary)
Root relaxation presolved: 3102 rows, 10068 columns, 32146 nonzeros


    Nodes    |    Current Node    |     Objective Bounds      |     Work
 Expl Unexpl |  Obj  Depth IntInf | Incumbent    BestBd   Gap | It/Node Time

     0     0 264036.914    0   51          - 264036.914      -     -    2s
H    0     0                    646906.53973 264029.603  59.2%     -    6s
     0     0 264657.122    0   55          - 264657.122      -     -    4s
H    0     0                    646707.03911 264029.603  59.2%     -    6s
H    0     0                    642428.06986 264029.603  58.9%     -    6s
     0     0 264059.430    0   98          - 264059.430      -     -    8s
H    0     0                    638614.98394 264029.603  58.7%     -    6s
     0     0 264657.122    0   58          - 264657.122      -     -    4s
H    0     0                    345568.86792 264029.603  23.6%     -    6s
H    0     0                    343179.78819 264029.603  23.1%     -    6s
     0     0 264059.430    0  140          - 264059.430      -     -    8s
H    0     0                    343047.23644 264029.603  23.0%     -    7s
H    0     0                    342858.58065 264029.603  23.0%     -    7s
H    0     0                    342092.18316 264029.603  22.8%     -    7s
H    0     0                    265659.72549 264029.603  0.61%     -    7s

Cutting planes:
  Gomory: 2
  Lift-and-project: 3
  MIR: 2
  Flow cover: 13
  Zero half: 3

Explored 1 nodes (34097 simplex iterations) in 7.10 seconds (10.02 work units)
Thread count was 1 (of 32 available processors)

Solution count 10: 265660 342092 342859 ... 646907

Optimal solution found (tolerance 5.00e-02)
Best objective 2.656597254900e+05, best bound 2.640296034136e+05, gap 0.6136%
     0     0 264036.917    0   59          - 264036.917      -     -    3s
     0     0 264657.122    0   28          - 264657.122      -     -    5s
C:\Users\TECNO-MASTER\anaconda3\lib\site-packages\pandas\core\indexes\base.py:6999: FutureWarning: In a future version, the Index constructor will not infer numeric dtypes when passed object-dtype sequences (matching Series behavior)
  return Index(sequences[0], name=names)
     0     0 264059.430    0   53          - 264059.430      -     -    9s
  [Fase 1 (infra libre)] estacion=station_1 dia=335 -> C:\Users\TECNO-MASTER\Desktop\Elmo_infrastructure_sizing_NP-\output\DCH_agosto\Costo_variable\Swap_libre\Swap_variable_3estaciones_640kW_Descomp/station_1_d335_stage1
formulation time: 9.27005910873413
Set parameter OutputFlag to value 1
Set parameter OutputFlag to value 1
Set parameter LogToConsole to value 1
Set parameter MIPGap to value 0.05
Set parameter TimeLimit to value 1200
     0     0 264036.917    0   57          - 264036.917      -     -    3s
Set parameter LogFile to value "C:\Users\TECNO-MASTER\Desktop\Elmo_infrastructure_sizing_NP-\output\DCH_agosto\Costo_variable\Swap_libre\Swap_variable_3estaciones_640kW_Descomp\station_1_d335_stage1\ELMO_log.txt"
Set parameter Threads to value 1
Set parameter Heuristics to value 0.5
Set parameter MIPFocus to value 3
Set parameter Presolve to value 2
Set parameter FlowCoverCuts to value 2
Gurobi Optimizer version 12.0.3 build v12.0.3rc0 (win64 - Windows 11+.0 (26200.2))

CPU model: Intel(R) Core(TM) i9-14900K, instruction set [SSE2|AVX|AVX2]
Thread count: 24 physical cores, 32 logical processors, using up to 1 threads

Non-default parameters:
TimeLimit  1200
MIPGap  0.05
Heuristics  0.5
MIPFocus  3
FlowCoverCuts  2
Presolve  2
Threads  1

Optimize a model with 26328 rows, 53707 columns and 242743 nonzeros
Model fingerprint: 0x1a55504d
Variable types: 2099 continuous, 51608 integer (18485 binary)
Coefficient statistics:
  Matrix range     [1e+00, 6e+02]
  Objective range  [4e-03, 9e+04]
  Bounds range     [1e+00, 1e+01]
  RHS range        [1e+00, 1e+04]
     0     0 264036.917    0   85          - 264036.917      -     -    4s
     0     0 264059.430    0   53          - 264059.430      -     -   10s
Presolve removed 23257 rows and 43609 columns
Presolve time: 0.13s
Presolved: 3071 rows, 10098 columns, 32053 nonzeros
Variable types: 824 continuous, 9274 integer (8474 binary)
Root relaxation presolved: 3071 rows, 10098 columns, 32053 nonzeros


Root relaxation: objective 2.640633e+05, 15330 iterations, 1.68 seconds (2.57 work units)
H    0     0                    655622.33023 264059.430  59.7%     -   10s
    40    42 264057.542   21  145 439256.988 264057.542  39.9%   840   15s
H    0     0                    655256.31941 264059.430  59.7%     -   10s
H    0     0                    654510.13889 264059.430  59.7%     -   10s
H    0     0                    654495.98002 264059.430  59.7%     -   10s
H    0     0                    647248.64735 264059.430  59.2%     -   10s
     0     0 264657.122    0   30          - 264657.122      -     -    6s
H    0     0                    642174.16800 264059.430  58.9%     -   10s
H    0     0                    635140.91645 264059.430  58.4%     -   10s
H    0     0                    631618.36012 264059.430  58.2%     -   10s
H    0     0                    629411.27927 264059.430  58.0%     -   10s
     0     0 264657.122    0   30          - 264657.122      -     -    6s
H    0     0                    627826.41641 264059.430  57.9%     -   10s
H    0     0                    626894.12722 264059.430  57.9%     -   10s
H    0     0                    626879.96835 264059.430  57.9%     -   10s
H    0     0                    345615.70721 264059.430  23.6%     -   10s

    Nodes    |    Current Node    |     Objective Bounds      |     Work
 Expl Unexpl |  Obj  Depth IntInf | Incumbent    BestBd   Gap | It/Node Time

     0     0 264063.265    0   49          - 264063.265      -     -    2s
H    0     0                    724899.64618 264657.122  63.5%     -    7s
H    0     0                    344648.17896 264059.430  23.4%     -   10s
     0     0 264036.917    0   66          - 264036.917      -     -    4s
H    0     0                    343330.75371 264059.430  23.1%     -   10s
     0     0 264036.917    0   90          - 264036.917      -     -    4s
H    0     0                    724641.44145 264657.122  63.5%     -    7s
H    0     0                    722700.49308 264657.122  63.4%     -    7s
H    0     0                    721386.31803 264657.122  63.3%     -    7s
H    0     0                    719149.43890 264657.122  63.2%     -    7s
H    0     0                    266857.01221 264059.430  1.05%     -   10s

Cutting planes:
  Gomory: 4
  Lift-and-project: 1
  Implied bound: 2
  Flow cover: 9

Explored 1 nodes (51111 simplex iterations) in 10.96 seconds (15.61 work units)
Thread count was 1 (of 32 available processors)

Solution count 10: 266857 343331 344648 ... 635141

Optimal solution found (tolerance 5.00e-02)
Best objective 2.668570122053e+05, best bound 2.640594298339e+05, gap 1.0483%
H    0     0                    715892.72728 264657.122  63.0%     -    7s
H    0     0                    715448.94320 264657.122  63.0%     -    7s
H    0     0                    714422.51149 264657.122  63.0%     -    7s
H    0     0                    713084.89941 264657.122  62.9%     -    7s
H    0     0                    441408.92597 264657.122  40.0%     -    7s
H    0     0                    351324.06411 264657.122  24.7%     -    7s
H    0     0                    350130.45239 264657.122  24.4%     -    7s
     0     0 264063.265    0   66          - 264063.265      -     -    3s

Root relaxation: objective 2.639779e+05, 15726 iterations, 1.28 seconds (2.04 work units)
     0     0 264063.269    0  114          - 264063.269      -     -    3s
H    0     0                    349872.24765 264657.122  24.4%     -    7s
     0     0 264036.917    0  114          - 264036.917      -     -    5s
     0     2 264657.122    0   30 349872.248 264657.122  24.4%     -    8s
C:\Users\TECNO-MASTER\anaconda3\lib\site-packages\pandas\core\indexes\base.py:6999: FutureWarning: In a future version, the Index constructor will not infer numeric dtypes when passed object-dtype sequences (matching Series behavior)
  return Index(sequences[0], name=names)
    67    69 264159.185   19  390          - 264153.049      -  1318   15s
     0     0 264036.917    0  114          - 264036.917      -     -    5s
  [Fase 1 (infra libre)] estacion=station_1 dia=305 -> C:\Users\TECNO-MASTER\Desktop\Elmo_infrastructure_sizing_NP-\output\DCH_agosto\Costo_variable\Swap_libre\Swap_variable_3estaciones_640kW_Descomp/station_1_d305_stage1
formulation time: 9.562199354171753
Set parameter OutputFlag to value 1
Set parameter OutputFlag to value 1
Set parameter LogToConsole to value 1
Set parameter MIPGap to value 0.05
Set parameter TimeLimit to value 1200
Set parameter LogFile to value "C:\Users\TECNO-MASTER\Desktop\Elmo_infrastructure_sizing_NP-\output\DCH_agosto\Costo_variable\Swap_libre\Swap_variable_3estaciones_640kW_Descomp\station_1_d305_stage1\ELMO_log.txt"
Set parameter Threads to value 1
Set parameter Heuristics to value 0.5
Set parameter MIPFocus to value 3
Set parameter Presolve to value 2
Set parameter FlowCoverCuts to value 2
Gurobi Optimizer version 12.0.3 build v12.0.3rc0 (win64 - Windows 11+.0 (26200.2))

CPU model: Intel(R) Core(TM) i9-14900K, instruction set [SSE2|AVX|AVX2]
Thread count: 24 physical cores, 32 logical processors, using up to 1 threads

Non-default parameters:
TimeLimit  1200
MIPGap  0.05
Heuristics  0.5
MIPFocus  3
FlowCoverCuts  2
Presolve  2
Threads  1

Optimize a model with 26328 rows, 53707 columns and 242743 nonzeros
Model fingerprint: 0x0226aba5
Variable types: 2099 continuous, 51608 integer (18485 binary)
Coefficient statistics:
  Matrix range     [1e+00, 6e+02]
  Objective range  [1e-01, 9e+04]
  Bounds range     [1e+00, 1e+01]
  RHS range        [1e+00, 1e+04]

    Nodes    |    Current Node    |     Objective Bounds      |     Work
 Expl Unexpl |  Obj  Depth IntInf | Incumbent    BestBd   Gap | It/Node Time

     0     0 263977.931    0  117          - 263977.931      -     -    1s
     0     0 264063.269    0   50          - 264063.269      -     -    3s
H    0     0                    785348.89693 264036.917  66.4%     -    6s
H    0     0                    783356.68647 264036.917  66.3%     -    6s
H    0     0                    445499.01729 264036.917  40.7%     -    6s
Presolve removed 23257 rows and 43609 columns
Presolve time: 0.18s
Presolved: 3071 rows, 10098 columns, 32053 nonzeros
Variable types: 824 continuous, 9274 integer (8474 binary)
Root relaxation presolved: 3071 rows, 10098 columns, 32053 nonzeros

H    0     0                    443353.29776 264036.917  40.4%     -    6s
H    0     0                    443340.25972 264036.917  40.4%     -    6s
H    0     0                    443327.22167 264036.917  40.4%     -    6s
H    0     0                    442350.52996 264036.917  40.3%     -    6s
H    0     0                    439443.87057 264036.917  39.9%     -    6s
H   72    72                    642035.74331 264153.354  58.9%  1259   15s
H    0     0                    343093.30931 264036.917  23.0%     -    6s
     0     2 264036.917    0   50 343093.309 264036.917  23.0%     -    6s
H   72    72                    469737.41324 264153.354  43.8%  1259   15s
H   72    72                    469051.10057 264153.354  43.7%  1259   15s
     0     0 263978.395    0  164          - 263978.395      -     -    2s
     0     0 264063.269    0   90          - 264063.269      -     -    4s
     0     0 264010.817    0  297          - 264010.817      -     -    3s
     0     0 264010.817    0  306          - 264010.817      -     -    3s
     0     0 264063.269    0   94          - 264063.269      -     -    4s

Root relaxation: objective 2.656160e+05, 13723 iterations, 1.14 seconds (1.75 work units)
  [Fase 1 (infra libre)] estacion=station_1 dia=213 -> C:\Users\TECNO-MASTER\Desktop\Elmo_infrastructure_sizing_NP-\output\DCH_agosto\Costo_variable\Swap_libre\Swap_variable_3estaciones_640kW_Descomp/station_1_d213_stage1
formulation time: 9.452548503875732
Set parameter OutputFlag to value 1
Set parameter OutputFlag to value 1
Set parameter LogToConsole to value 1
Set parameter MIPGap to value 0.05
Set parameter TimeLimit to value 1200
Set parameter LogFile to value "C:\Users\TECNO-MASTER\Desktop\Elmo_infrastructure_sizing_NP-\output\DCH_agosto\Costo_variable\Swap_libre\Swap_variable_3estaciones_640kW_Descomp\station_1_d213_stage1\ELMO_log.txt"
Set parameter Threads to value 1
Set parameter Heuristics to value 0.5
Set parameter MIPFocus to value 3
Set parameter Presolve to value 2
Set parameter FlowCoverCuts to value 2
Gurobi Optimizer version 12.0.3 build v12.0.3rc0 (win64 - Windows 11+.0 (26200.2))

CPU model: Intel(R) Core(TM) i9-14900K, instruction set [SSE2|AVX|AVX2]
Thread count: 24 physical cores, 32 logical processors, using up to 1 threads

Non-default parameters:
TimeLimit  1200
MIPGap  0.05
Heuristics  0.5
MIPFocus  3
FlowCoverCuts  2
Presolve  2
Threads  1

Optimize a model with 26359 rows, 53707 columns and 242805 nonzeros
Model fingerprint: 0x127006f1
Variable types: 2099 continuous, 51608 integer (18485 binary)
Coefficient statistics:
  Matrix range     [1e+00, 6e+02]
  Objective range  [8e-03, 9e+04]
  Bounds range     [1e+00, 1e+01]
  RHS range        [1e+00, 1e+04]
    10    12 264657.122    5  242 349872.248 264657.122  24.4%   815   10s

    Nodes    |    Current Node    |     Objective Bounds      |     Work
 Expl Unexpl |  Obj  Depth IntInf | Incumbent    BestBd   Gap | It/Node Time

     0     0 265615.966    0  144          - 265615.966      -     -    1s
     0     0 264063.269    0   92          - 264063.269      -     -    5s
     0     0 264010.878    0  120          - 264010.878      -     -    3s
Presolve removed 23257 rows and 43639 columns
Presolve time: 0.17s
Presolved: 3102 rows, 10068 columns, 32146 nonzeros
Variable types: 824 continuous, 9244 integer (8474 binary)
Root relaxation presolved: 3102 rows, 10068 columns, 32146 nonzeros

     0     0 264010.878    0  218          - 264010.878      -     -    4s
C:\Users\TECNO-MASTER\anaconda3\lib\site-packages\pandas\core\indexes\base.py:6999: FutureWarning: In a future version, the Index constructor will not infer numeric dtypes when passed object-dtype sequences (matching Series behavior)
  return Index(sequences[0], name=names)
     0     0 264063.269    0   92          - 264063.269      -     -    5s
H    0     0                    874149.63316 264063.269  69.8%     -    5s
H    0     0                    874041.02249 264063.269  69.8%     -    6s
H    0     0                    873655.33149 264063.269  69.8%     -    6s
H    0     0                    868242.40162 264063.269  69.6%     -    6s
H    0     0                    866081.19814 264063.269  69.5%     -    6s
H    0     0                    865972.58747 264063.269  69.5%     -    6s
H    0     0                    426734.24299 264063.269  38.1%     -    6s
H    0     0                    426685.39792 264063.269  38.1%     -    6s
H    0     0                    426500.70883 264063.269  38.1%     -    6s
     0     0 265618.531    0  138          - 265618.531      -     -    2s
     0     0 265636.401    0  135          - 265636.401      -     -    2s
     0     0 265636.401    0  136          - 265636.401      -     -    2s
     0     2 264063.269    0   92 426500.709 264063.269  38.1%     -    6s
     0     0 264010.878    0  161          - 264010.878      -     -    5s
     0     0 264010.878    0  306          - 264010.878      -     -    5s
    97    99 264057.542   43   33 439256.988 264057.542  39.9%   586   20s
     0     0 265636.415    0  117          - 265636.415      -     -    3s
H  101   101                    438906.07530 264057.542  39.8%   565   20s
     0     0 265636.415    0  130          - 265636.415      -     -    3s

Root relaxation: objective 2.640129e+05, 15637 iterations, 1.70 seconds (2.76 work units)
    47    49 264036.917   13  198 343093.309 264036.917  23.0%   413   10s
C:\Users\TECNO-MASTER\anaconda3\lib\site-packages\pandas\core\indexes\base.py:6999: FutureWarning: In a future version, the Index constructor will not infer numeric dtypes when passed object-dtype sequences (matching Series behavior)
  return Index(sequences[0], name=names)
     0     0 265636.439    0  117          - 265636.439      -     -    4s
     0     0 265636.479    0  151          - 265636.479      -     -    4s

    Nodes    |    Current Node    |     Objective Bounds      |     Work
 Expl Unexpl |  Obj  Depth IntInf | Incumbent    BestBd   Gap | It/Node Time

     0     0 264012.950    0  105          - 264012.950      -     -    2s
     0     0 264010.878    0  184          - 264010.878      -     -    6s
     0     0 265636.494    0  116          - 265636.494      -     -    4s
    97    99 264155.691    9  393 469051.101 264155.586  43.7%  1316   20s
     0     0 264010.878    0  184          - 264010.878      -     -    7s
     0     0 265636.494    0  116          - 265636.494      -     -    5s
     0     0 264012.950    0  101          - 264012.950      -     -    3s
H    0     0                    719282.07948 265636.494  63.1%     -    5s
  [Fase 1 (infra libre)] estacion=station_2 dia=1 -> C:\Users\TECNO-MASTER\Desktop\Elmo_infrastructure_sizing_NP-\output\DCH_agosto\Costo_variable\Swap_libre\Swap_variable_3estaciones_640kW_Descomp/station_2_d1_stage1
formulation time: 10.993355512619019
Set parameter OutputFlag to value 1
Set parameter OutputFlag to value 1
Set parameter LogToConsole to value 1
Set parameter MIPGap to value 0.05
Set parameter TimeLimit to value 1200
Set parameter LogFile to value "C:\Users\TECNO-MASTER\Desktop\Elmo_infrastructure_sizing_NP-\output\DCH_agosto\Costo_variable\Swap_libre\Swap_variable_3estaciones_640kW_Descomp\station_2_d1_stage1\ELMO_log.txt"
Set parameter Threads to value 1
Set parameter Heuristics to value 0.5
Set parameter MIPFocus to value 3
Set parameter Presolve to value 2
Set parameter FlowCoverCuts to value 2
Gurobi Optimizer version 12.0.3 build v12.0.3rc0 (win64 - Windows 11+.0 (26200.2))

CPU model: Intel(R) Core(TM) i9-14900K, instruction set [SSE2|AVX|AVX2]
Thread count: 24 physical cores, 32 logical processors, using up to 1 threads

Non-default parameters:
TimeLimit  1200
MIPGap  0.05
Heuristics  0.5
MIPFocus  3
FlowCoverCuts  2
Presolve  2
Threads  1

Optimize a model with 26358 rows, 54733 columns and 247795 nonzeros
Model fingerprint: 0x2d3c6681
Variable types: 2129 continuous, 52604 integer (19481 binary)
Coefficient statistics:
  Matrix range     [1e+00, 6e+02]
  Objective range  [1e-02, 9e+04]
  Bounds range     [1e+00, 1e+01]
  RHS range        [1e+00, 1e+04]
     0     0 264012.952    0  251          - 264012.952      -     -    3s
H    0     0                    715799.79506 265636.494  62.9%     -    5s
H    0     0                    713503.17852 265636.494  62.8%     -    5s
H    0     0                    353207.45383 265636.494  24.8%     -    5s
Presolve removed 23281 rows and 44120 columns
Presolve time: 0.19s
Presolved: 3077 rows, 10613 columns, 33677 nonzeros
H    0     0                    352809.88997 265636.494  24.7%     -    5s
Variable types: 824 continuous, 9789 integer (8984 binary)
H   26    26                    349643.23070 264657.122  24.3%   911   13s
Root relaxation presolved: 3077 rows, 10613 columns, 33677 nonzeros

H    0     0                    352472.92965 265636.494  24.6%     -    5s
H    0     0                    352447.44653 265636.494  24.6%     -    5s
H    0     0                    352392.58815 265636.494  24.6%     -    5s
H    0     0                    352357.53345 265636.494  24.6%     -    5s
H  101   101                    467337.38847 264155.691  43.5%  1294   21s
H  101   101                    462526.70520 264155.691  42.9%  1294   21s
H    0     0                    351507.52773 265636.494  24.4%     -    5s
H  101   101                    455938.00652 264155.691  42.1%  1294   21s
H  101   101                    455736.27276 264155.691  42.0%  1294   21s
H  101   101                    451683.24410 264155.691  41.5%  1294   21s
H  101   101                    447786.37790 264155.691  41.0%  1294   21s
H  101   101                    447000.36211 264155.691  40.9%  1294   21s
H  101   101                    265868.71799 264155.691  0.64%  1294   21s

Cutting planes:
  Gomory: 30
  Lift-and-project: 58
  Implied bound: 8
  MIR: 353
  Mixing: 10
  Flow cover: 1349
  RLT: 57
  Relax-and-lift: 58

Explored 102 nodes (154974 simplex iterations) in 21.35 seconds (36.38 work units)
Thread count was 1 (of 32 available processors)

Solution count 10: 265869 447000 447786 ... 469737

Optimal solution found (tolerance 5.00e-02)
Best objective 2.658687179945e+05, best bound 2.641558655782e+05, gap 0.6442%
     0     2 265636.537    0  113 351507.528 265636.537  24.4%     -    6s
C:\Users\TECNO-MASTER\anaconda3\lib\site-packages\pandas\core\indexes\base.py:6999: FutureWarning: In a future version, the Index constructor will not infer numeric dtypes when passed object-dtype sequences (matching Series behavior)
  return Index(sequences[0], name=names)
     0     0 264012.952    0   62          - 264012.952      -     -    4s
    22    24 264063.269   12  241 426500.709 264063.269  38.1%   498   10s
     0     0 264012.952    0  232          - 264012.952      -     -    4s
  [Fase 1 (infra libre)] estacion=station_1 dia=244 -> C:\Users\TECNO-MASTER\Desktop\Elmo_infrastructure_sizing_NP-\output\DCH_agosto\Costo_variable\Swap_libre\Swap_variable_3estaciones_640kW_Descomp/station_1_d244_stage1
formulation time: 10.65424370765686
Set parameter OutputFlag to value 1
Set parameter OutputFlag to value 1
Set parameter LogToConsole to value 1
Set parameter MIPGap to value 0.05
Set parameter TimeLimit to value 1200
Set parameter LogFile to value "C:\Users\TECNO-MASTER\Desktop\Elmo_infrastructure_sizing_NP-\output\DCH_agosto\Costo_variable\Swap_libre\Swap_variable_3estaciones_640kW_Descomp\station_1_d244_stage1\ELMO_log.txt"
Set parameter Threads to value 1
Set parameter Heuristics to value 0.5
Set parameter MIPFocus to value 3
Set parameter Presolve to value 2
Set parameter FlowCoverCuts to value 2
Gurobi Optimizer version 12.0.3 build v12.0.3rc0 (win64 - Windows 11+.0 (26200.2))

CPU model: Intel(R) Core(TM) i9-14900K, instruction set [SSE2|AVX|AVX2]
Thread count: 24 physical cores, 32 logical processors, using up to 1 threads

Non-default parameters:
TimeLimit  1200
MIPGap  0.05
Heuristics  0.5
MIPFocus  3
FlowCoverCuts  2
Presolve  2
Threads  1

Optimize a model with 26359 rows, 53707 columns and 242805 nonzeros
Model fingerprint: 0x639e129b
Variable types: 2099 continuous, 51608 integer (18485 binary)
Coefficient statistics:
  Matrix range     [1e+00, 6e+02]
  Objective range  [8e-03, 9e+04]
  Bounds range     [1e+00, 1e+01]
  RHS range        [1e+00, 1e+04]
Presolve removed 23257 rows and 43639 columns
Presolve time: 0.22s
Presolved: 3102 rows, 10068 columns, 32146 nonzeros
Variable types: 824 continuous, 9244 integer (8474 binary)
Root relaxation presolved: 3102 rows, 10068 columns, 32146 nonzeros

    29    31 264657.122    6  230 349643.231 264657.122  24.3%   979   15s

Root relaxation: objective 2.640507e+05, 16017 iterations, 1.79 seconds (2.55 work units)
H    0     0                    717674.87650 264010.878  63.2%     -    9s
     0     0 264012.952    0  108          - 264012.952      -     -    5s
     0     0 264012.952    0  142          - 264012.952      -     -    6s
H    0     0                    717558.01622 264010.878  63.2%     -    9s
H    0     0                    716898.33483 264010.878  63.2%     -    9s
H    0     0                    710674.38930 264010.878  62.9%     -    9s
H    0     0                    709343.07528 264010.878  62.8%     -    9s
H    0     0                    709286.14240 264010.878  62.8%     -    9s
H    0     0                    363130.02119 264010.878  27.3%     -   10s
H    0     0                    363124.36683 264010.878  27.3%     -   10s

    Nodes    |    Current Node    |     Objective Bounds      |     Work
 Expl Unexpl |  Obj  Depth IntInf | Incumbent    BestBd   Gap | It/Node Time

     0     0 264050.673    0   54          - 264050.673      -     -    2s
H    0     0                    362699.62625 264010.878  27.2%     -   10s
H    0     0                    362693.97188 264010.878  27.2%     -   10s
H    0     0                    362688.31752 264010.878  27.2%     -   10s
   217   219 264057.542   69  133 438906.075 264057.542  39.8%   425   25s
H    0     0                    361841.40530 264010.878  27.0%     -   10s
H    0     0                    359546.84855 264010.878  26.6%     -   10s
H    0     0                    359096.59721 264010.878  26.5%     -   10s
H    0     0                    358197.32934 264010.878  26.3%     -   10s
H   78    78                    340862.38045 264036.917  22.5%   468   14s
H    0     0                    358191.67498 264010.878  26.3%     -   10s
H    0     0                    358186.02062 264010.878  26.3%     -   10s
C:\Users\TECNO-MASTER\anaconda3\lib\site-packages\pandas\core\indexes\base.py:6999: FutureWarning: In a future version, the Index constructor will not infer numeric dtypes when passed object-dtype sequences (matching Series behavior)
  return Index(sequences[0], name=names)
     0     0 264012.952    0  107          - 264012.952      -     -    7s
H    0     0                    264990.64892 264010.878  0.37%     -   10s

Cutting planes:
  Gomory: 17
  Lift-and-project: 6
  MIR: 1
  Flow cover: 7
  Relax-and-lift: 1

Explored 1 nodes (31438 simplex iterations) in 10.85 seconds (13.38 work units)
Thread count was 1 (of 32 available processors)

Solution count 10: 264991 358186 358192 ... 362700

Optimal solution found (tolerance 5.00e-02)
Best objective 2.649906489180e+05, best bound 2.640108781049e+05, gap 0.3697%
     0     0 264012.952    0  252          - 264012.952      -     -    7s
    84    86 264036.917    3  250 340862.380 264036.917  22.5%   479   15s

Root relaxation: objective 2.640115e+05, 17102 iterations, 2.03 seconds (2.96 work units)
     0     0 264050.673    0   82          - 264050.673      -     -    3s
     0     0 264050.677    0  267          - 264050.677      -     -    3s
  [Fase 1 (infra libre)] estacion=station_2 dia=91 -> C:\Users\TECNO-MASTER\Desktop\Elmo_infrastructure_sizing_NP-\output\DCH_agosto\Costo_variable\Swap_libre\Swap_variable_3estaciones_640kW_Descomp/station_2_d91_stage1
formulation time: 10.754373550415039
Set parameter OutputFlag to value 1
Set parameter OutputFlag to value 1
Set parameter LogToConsole to value 1
Set parameter MIPGap to value 0.05
Set parameter TimeLimit to value 1200
Set parameter LogFile to value "C:\Users\TECNO-MASTER\Desktop\Elmo_infrastructure_sizing_NP-\output\DCH_agosto\Costo_variable\Swap_libre\Swap_variable_3estaciones_640kW_Descomp\station_2_d91_stage1\ELMO_log.txt"
Set parameter Threads to value 1
Set parameter Heuristics to value 0.5
Set parameter MIPFocus to value 3
Set parameter Presolve to value 2
Set parameter FlowCoverCuts to value 2
Gurobi Optimizer version 12.0.3 build v12.0.3rc0 (win64 - Windows 11+.0 (26200.2))

CPU model: Intel(R) Core(TM) i9-14900K, instruction set [SSE2|AVX|AVX2]
Thread count: 24 physical cores, 32 logical processors, using up to 1 threads

Non-default parameters:
TimeLimit  1200
MIPGap  0.05
Heuristics  0.5
MIPFocus  3
FlowCoverCuts  2
Presolve  2
Threads  1

Optimize a model with 26389 rows, 54733 columns and 247857 nonzeros
Model fingerprint: 0x0deb63ee
Variable types: 2129 continuous, 52604 integer (19481 binary)
Coefficient statistics:
  Matrix range     [1e+00, 6e+02]
  Objective range  [1e-02, 9e+04]
  Bounds range     [1e+00, 1e+01]
  RHS range        [1e+00, 1e+04]
Presolve removed 23281 rows and 44150 columns
Presolve time: 0.19s
Presolved: 3108 rows, 10583 columns, 33770 nonzeros
Variable types: 824 continuous, 9759 integer (8984 binary)
     0     0 264012.952    0   80          - 264012.952      -     -    7s
Root relaxation presolved: 3108 rows, 10583 columns, 33770 nonzeros

     0     0 264012.952    0  135          - 264012.952      -     -    7s
    24    26 265700.019   12  374 351507.528 265643.469  24.4%  1051   10s

    Nodes    |    Current Node    |     Objective Bounds      |     Work
 Expl Unexpl |  Obj  Depth IntInf | Incumbent    BestBd   Gap | It/Node Time

     0     0 264011.459    0  109          - 264011.459      -     -    3s
     0     0 264050.677    0  154          - 264050.677      -     -    5s
     0     0 264050.677    0  304          - 264050.677      -     -    5s
     0     0 264012.952    0   62          - 264012.952      -     -    8s
     0     0 264012.952    0   58          - 264012.952      -     -    9s
     0     0 264011.459    0  132          - 264011.459      -     -    4s
     0     0 264011.461    0  167          - 264011.461      -     -    4s
C:\Users\TECNO-MASTER\anaconda3\lib\site-packages\pandas\core\indexes\base.py:6999: FutureWarning: In a future version, the Index constructor will not infer numeric dtypes when passed object-dtype sequences (matching Series behavior)
  return Index(sequences[0], name=names)
    52    54 264063.269   25  195 426500.709 264063.269  38.1%   565   15s

Root relaxation: objective 2.640525e+05, 15086 iterations, 1.88 seconds (2.60 work units)
  [Fase 1 (infra libre)] estacion=station_2 dia=60 -> C:\Users\TECNO-MASTER\Desktop\Elmo_infrastructure_sizing_NP-\output\DCH_agosto\Costo_variable\Swap_libre\Swap_variable_3estaciones_640kW_Descomp/station_2_d60_stage1
formulation time: 11.215840816497803
Set parameter OutputFlag to value 1
Set parameter OutputFlag to value 1
Set parameter LogToConsole to value 1
Set parameter MIPGap to value 0.05
Set parameter TimeLimit to value 1200
Set parameter LogFile to value "C:\Users\TECNO-MASTER\Desktop\Elmo_infrastructure_sizing_NP-\output\DCH_agosto\Costo_variable\Swap_libre\Swap_variable_3estaciones_640kW_Descomp\station_2_d60_stage1\ELMO_log.txt"
Set parameter Threads to value 1
Set parameter Heuristics to value 0.5
Set parameter MIPFocus to value 3
Set parameter Presolve to value 2
Set parameter FlowCoverCuts to value 2
Gurobi Optimizer version 12.0.3 build v12.0.3rc0 (win64 - Windows 11+.0 (26200.2))

CPU model: Intel(R) Core(TM) i9-14900K, instruction set [SSE2|AVX|AVX2]
Thread count: 24 physical cores, 32 logical processors, using up to 1 threads

Non-default parameters:
TimeLimit  1200
MIPGap  0.05
Heuristics  0.5
MIPFocus  3
FlowCoverCuts  2
Presolve  2
Threads  1

Optimize a model with 26358 rows, 54733 columns and 247795 nonzeros
Model fingerprint: 0x97feb5b1
Variable types: 2129 continuous, 52604 integer (19481 binary)
Coefficient statistics:
  Matrix range     [1e+00, 6e+02]
  Objective range  [9e-03, 9e+04]
  Bounds range     [1e+00, 1e+01]
  RHS range        [1e+00, 1e+04]
    50    52 264657.122   13   77 349643.231 264657.122  24.3%  1003   20s
H   52    52                    349433.36883 264657.122  24.3%   965   20s
     0     0 264011.461    0  138          - 264011.461      -     -    5s
Presolve removed 23281 rows and 44120 columns
Presolve time: 0.19s
Presolved: 3077 rows, 10613 columns, 33677 nonzeros
Variable types: 824 continuous, 9789 integer (8984 binary)
Root relaxation presolved: 3077 rows, 10613 columns, 33677 nonzeros

     0     0 264011.461    0  218          - 264011.461      -     -    5s

    Nodes    |    Current Node    |     Objective Bounds      |     Work
 Expl Unexpl |  Obj  Depth IntInf | Incumbent    BestBd   Gap | It/Node Time

     0     0 264052.458    0   98          - 264052.458      -     -    3s
H  106   106                    340849.34241 264036.917  22.5%   489   18s
     0     0 264051.480    0  219          - 264051.480      -     -    7s
     0     0 264054.170    0  234          - 264054.170      -     -    7s
     0     0 264054.427    0  228          - 264054.427      -     -    7s
     0     0 264054.427    0  235          - 264054.427      -     -    7s
     0     0 264011.461    0  111          - 264011.461      -     -    6s
     0     0 264011.461    0  140          - 264011.461      -     -    6s
     0     0 264052.458    0  138          - 264052.458      -     -    3s
     0     0 264052.462    0  229          - 264052.462      -     -    3s
     0     0 264062.573    0  211          - 264062.573      -     -    7s
H  312   312                    438899.97039 264057.542  39.8%   400   30s
     0     0 264065.290    0  238          - 264065.290      -     -    8s
     0     0 264065.924    0  235          - 264065.924      -     -    8s
     0     0 264065.924    0  242          - 264065.924      -     -    8s
  [Fase 1 (infra libre)] estacion=station_2 dia=305 -> C:\Users\TECNO-MASTER\Desktop\Elmo_infrastructure_sizing_NP-\output\DCH_agosto\Costo_variable\Swap_libre\Swap_variable_3estaciones_640kW_Descomp/station_2_d305_stage1
formulation time: 11.196019411087036
Set parameter OutputFlag to value 1
Set parameter OutputFlag to value 1
Set parameter LogToConsole to value 1
Set parameter MIPGap to value 0.05
Set parameter TimeLimit to value 1200
Set parameter LogFile to value "C:\Users\TECNO-MASTER\Desktop\Elmo_infrastructure_sizing_NP-\output\DCH_agosto\Costo_variable\Swap_libre\Swap_variable_3estaciones_640kW_Descomp\station_2_d305_stage1\ELMO_log.txt"
Set parameter Threads to value 1
Set parameter Heuristics to value 0.5
Set parameter MIPFocus to value 3
Set parameter Presolve to value 2
Set parameter FlowCoverCuts to value 2
Gurobi Optimizer version 12.0.3 build v12.0.3rc0 (win64 - Windows 11+.0 (26200.2))

CPU model: Intel(R) Core(TM) i9-14900K, instruction set [SSE2|AVX|AVX2]
Thread count: 24 physical cores, 32 logical processors, using up to 1 threads

Non-default parameters:
TimeLimit  1200
MIPGap  0.05
Heuristics  0.5
MIPFocus  3
FlowCoverCuts  2
Presolve  2
Threads  1

Optimize a model with 26358 rows, 54733 columns and 247795 nonzeros
Model fingerprint: 0x01098d42
Variable types: 2129 continuous, 52604 integer (19481 binary)
Coefficient statistics:
  Matrix range     [1e+00, 6e+02]
  Objective range  [1e-01, 9e+04]
  Bounds range     [1e+00, 1e+01]
  RHS range        [1e+00, 1e+04]

Root relaxation: objective 2.640251e+05, 14609 iterations, 1.82 seconds (2.51 work units)
Presolve removed 23281 rows and 44120 columns
Presolve time: 0.20s
Presolved: 3077 rows, 10613 columns, 33677 nonzeros
Variable types: 824 continuous, 9789 integer (8984 binary)
Root relaxation presolved: 3077 rows, 10613 columns, 33677 nonzeros

C:\Users\TECNO-MASTER\anaconda3\lib\site-packages\pandas\core\indexes\base.py:6999: FutureWarning: In a future version, the Index constructor will not infer numeric dtypes when passed object-dtype sequences (matching Series behavior)
  return Index(sequences[0], name=names)
   117   119 264036.917   11   69 340849.342 264036.917  22.5%   510   20s
     0     0 264011.461    0  139          - 264011.461      -     -    7s
     0     0 264070.482    0  217          - 264070.482      -     -    8s
     0     0 264070.615    0  235          - 264070.615      -     -    8s
     0     0 264011.461    0  139          - 264011.461      -     -    7s
H    0     0                    802128.43545 264012.952  67.1%     -   12s
H    0     0                    648528.43545 264012.952  59.3%     -   12s
H    0     0                    648124.53287 264012.952  59.3%     -   12s
H    0     0                    646415.96572 264012.952  59.2%     -   12s
H    0     0                    646405.90581 264012.952  59.2%     -   12s
H    0     0                    642708.08637 264012.952  58.9%     -   12s
H    0     0                    633565.06298 264012.952  58.3%     -   12s
H    0     0                    627317.71937 264012.952  57.9%     -   12s
H    0     0                    623802.16250 264012.952  57.7%     -   12s

    Nodes    |    Current Node    |     Objective Bounds      |     Work
 Expl Unexpl |  Obj  Depth IntInf | Incumbent    BestBd   Gap | It/Node Time

     0     0 264025.076    0   98          - 264025.076      -     -    2s
H  324   324                    438886.02133 264057.542  39.8%   397   31s
H    0     0                    616186.69342 264012.952  57.2%     -   12s
H    0     0                    612831.04836 264012.952  56.9%     -   12s
     0     0 264052.462    0  154          - 264052.462      -     -    5s
H    0     0                    608932.96038 264012.952  56.6%     -   12s
H    0     0                    605786.98711 264012.952  56.4%     -   12s
H    0     0                    343804.02062 264012.952  23.2%     -   12s
H    0     0                    342892.49131 264012.952  23.0%     -   12s
H    0     0                    342429.03932 264012.952  22.9%     -   13s
H  324   324                    438872.07227 264057.542  39.8%   397   31s
     0     0 264052.462    0  267          - 264052.462      -     -    5s
H    0     0                    265618.97940 264012.952  0.60%     -   13s

Cutting planes:
  Gomory: 5
  Lift-and-project: 3
  MIR: 1
  Flow cover: 5
  Relax-and-lift: 1

Explored 1 nodes (40604 simplex iterations) in 13.06 seconds (15.88 work units)
Thread count was 1 (of 32 available processors)

Solution count 10: 265619 342429 342892 ... 627318

Optimal solution found (tolerance 5.00e-02)
Best objective 2.656189794046e+05, best bound 2.640129519967e+05, gap 0.6046%
H   52    52                    350893.75544 265643.469  24.3%   953   14s
    53    55 265643.469   28  414 350893.755 265643.469  24.3%   988   15s
     0     0 264025.076    0   61          - 264025.076      -     -    3s
     0     0 264071.449    0  242          - 264071.449      -     -   10s
     0     0 264025.079    0  110          - 264025.079      -     -    3s
     0     0 264075.881    0  260          - 264075.881      -     -   10s

Root relaxation: objective 2.657665e+05, 14590 iterations, 1.57 seconds (2.02 work units)
H  324   324                    437998.61463 264057.542  39.7%   397   32s
     0     0 264025.079    0   79          - 264025.079      -     -    4s
     0     0 264075.881    0  273          - 264075.881      -     -   10s

    Nodes    |    Current Node    |     Objective Bounds      |     Work
 Expl Unexpl |  Obj  Depth IntInf | Incumbent    BestBd   Gap | It/Node Time

     0     0 265766.528    0  176          - 265766.528      -     -    2s
     0     0 264025.079    0  102          - 264025.079      -     -    4s
     0     0 264054.223    0  208          - 264054.223      -     -    6s
     0     0 264054.230    0  225          - 264054.230      -     -    7s
C:\Users\TECNO-MASTER\anaconda3\lib\site-packages\pandas\core\indexes\base.py:6999: FutureWarning: In a future version, the Index constructor will not infer numeric dtypes when passed object-dtype sequences (matching Series behavior)
  return Index(sequences[0], name=names)
     0     0 264075.881    0  266          - 264075.881      -     -   11s
  [Fase 1 (infra libre)] estacion=station_3 dia=121 -> C:\Users\TECNO-MASTER\Desktop\Elmo_infrastructure_sizing_NP-\output\DCH_agosto\Costo_variable\Swap_libre\Swap_variable_3estaciones_640kW_Descomp/station_3_d121_stage1
formulation time: 11.905361413955688
Set parameter OutputFlag to value 1
Set parameter OutputFlag to value 1
Set parameter LogToConsole to value 1
Set parameter MIPGap to value 0.05
Set parameter TimeLimit to value 1200
Set parameter LogFile to value "C:\Users\TECNO-MASTER\Desktop\Elmo_infrastructure_sizing_NP-\output\DCH_agosto\Costo_variable\Swap_libre\Swap_variable_3estaciones_640kW_Descomp\station_3_d121_stage1\ELMO_log.txt"
Set parameter Threads to value 1
Set parameter Heuristics to value 0.5
Set parameter MIPFocus to value 3
Set parameter Presolve to value 2
Set parameter FlowCoverCuts to value 2
Gurobi Optimizer version 12.0.3 build v12.0.3rc0 (win64 - Windows 11+.0 (26200.2))

CPU model: Intel(R) Core(TM) i9-14900K, instruction set [SSE2|AVX|AVX2]
Thread count: 24 physical cores, 32 logical processors, using up to 1 threads

Non-default parameters:
TimeLimit  1200
MIPGap  0.05
Heuristics  0.5
MIPFocus  3
FlowCoverCuts  2
Presolve  2
Threads  1

Optimize a model with 26359 rows, 53707 columns and 242807 nonzeros
Model fingerprint: 0x4036de95
Variable types: 2099 continuous, 51608 integer (18485 binary)
Coefficient statistics:
  Matrix range     [1e+00, 6e+02]
  Objective range  [8e-03, 9e+04]
  Bounds range     [1e+00, 1e+01]
  RHS range        [1e+00, 1e+04]
    90    92 264063.269   20   95 426500.709 264063.269  38.1%   559   20s
Presolve removed 23257 rows and 43636 columns
Presolve time: 0.19s
Presolved: 3102 rows, 10071 columns, 31724 nonzeros
Variable types: 824 continuous, 9247 integer (8472 binary)
Root relaxation presolved: 3102 rows, 10071 columns, 31724 nonzeros

    93    95 264657.736   38  147 349433.369 264657.122  24.3%   855   25s
     0     0 265771.911    0  128          - 265771.911      -     -    3s
     0     0 264025.079    0   34          - 264025.079      -     -    5s
     0     0 265774.668    0  151          - 265774.668      -     -    3s
     0     0 265774.750    0  160          - 265774.750      -     -    3s
     0     0 265774.750    0  161          - 265774.750      -     -    3s
     0     0 264025.079    0  143          - 264025.079      -     -    5s
Warning: Markowitz tolerance tightened to 0.25
     0     0 264060.258    0  161          - 264060.258      -     -    8s
H    0     0                    427036.24416 264069.909  38.2%     -    8s
H    0     0                    426941.97062 264069.909  38.1%     -    8s
H    0     0                    426927.81175 264069.909  38.1%     -    8s
H    0     0                    426575.95980 264069.909  38.1%     -    8s
     0     0 264069.909    0  194 426575.960 264069.909  38.1%     -    8s
     0     0 264069.909    0  205 426575.960 264069.909  38.1%     -    8s
H  101   101                    426484.39601 264063.269  38.1%   523   21s
H  101   101                    426468.08319 264063.269  38.1%   523   21s
     0     0 265777.289    0  139          - 265777.289      -     -    4s
H  101   101                    426435.45756 264063.269  38.1%   523   21s
H  101   101                    340927.75383 264063.269  22.5%   523   21s
   374   376 264057.542   78   40 437998.615 264057.542  39.7%   395   35s
H  101   101                    349419.11900 264657.122  24.3%   818   26s
H  101   101                    349209.25714 264657.122  24.2%   818   26s
H  101   101                    340911.44101 264063.269  22.5%   523   21s
     0     0 265779.835    0  199          - 265779.835      -     -    4s
     0     0 265779.860    0  208          - 265779.860      -     -    4s
     0     0 264025.079    0   56          - 264025.079      -     -    6s
H  101   101                    348994.49001 264657.122  24.2%   818   26s
     0     0 264025.079    0  157          - 264025.079      -     -    6s
H  101   101                    340895.12819 264063.269  22.5%   523   21s
     0     0 265781.990    0  220          - 265781.990      -     -    5s
C:\Users\TECNO-MASTER\anaconda3\lib\site-packages\pandas\core\indexes\base.py:6999: FutureWarning: In a future version, the Index constructor will not infer numeric dtypes when passed object-dtype sequences (matching Series behavior)
  return Index(sequences[0], name=names)
     0     0 264025.079    0   44          - 264025.079      -     -    7s
   173   175 264036.917   18  204 340849.342 264036.917  22.5%   517   25s
     0     0 265781.994    0  347          - 265781.994      -     -    5s
  [Fase 1 (infra libre)] estacion=station_3 dia=152 -> C:\Users\TECNO-MASTER\Desktop\Elmo_infrastructure_sizing_NP-\output\DCH_agosto\Costo_variable\Swap_libre\Swap_variable_3estaciones_640kW_Descomp/station_3_d152_stage1
formulation time: 12.242689371109009
Set parameter OutputFlag to value 1
Set parameter OutputFlag to value 1
Set parameter LogToConsole to value 1
Set parameter MIPGap to value 0.05
Set parameter TimeLimit to value 1200
Set parameter LogFile to value "C:\Users\TECNO-MASTER\Desktop\Elmo_infrastructure_sizing_NP-\output\DCH_agosto\Costo_variable\Swap_libre\Swap_variable_3estaciones_640kW_Descomp\station_3_d152_stage1\ELMO_log.txt"
Set parameter Threads to value 1
Set parameter Heuristics to value 0.5
Set parameter MIPFocus to value 3
Set parameter Presolve to value 2
Set parameter FlowCoverCuts to value 2
Gurobi Optimizer version 12.0.3 build v12.0.3rc0 (win64 - Windows 11+.0 (26200.2))

CPU model: Intel(R) Core(TM) i9-14900K, instruction set [SSE2|AVX|AVX2]
Thread count: 24 physical cores, 32 logical processors, using up to 1 threads

Non-default parameters:
TimeLimit  1200
MIPGap  0.05
Heuristics  0.5
MIPFocus  3
FlowCoverCuts  2
Presolve  2
Threads  1

Optimize a model with 26359 rows, 53707 columns and 242807 nonzeros
Model fingerprint: 0xe31b1a09
Variable types: 2099 continuous, 51608 integer (18485 binary)
Coefficient statistics:
  Matrix range     [1e+00, 6e+02]
  Objective range  [1e-02, 9e+04]
  Bounds range     [1e+00, 1e+01]
  RHS range        [1e+00, 1e+04]
     0     0 264073.129    0  166 426575.960 264073.129  38.1%     -    9s
     0     0 264025.079    0   38          - 264025.079      -     -    7s
Presolve removed 23257 rows and 43636 columns
Presolve time: 0.20s
Presolved: 3102 rows, 10071 columns, 31724 nonzeros
Variable types: 824 continuous, 9247 integer (8472 binary)
Root relaxation presolved: 3102 rows, 10071 columns, 31724 nonzeros

     0     0 264073.580    0  177 426575.960 264073.580  38.1%     -   10s
     0     0 264073.592    0  196 426575.960 264073.592  38.1%     -   10s
H    0     0                    500364.31367 264025.079  47.2%     -    7s
H    0     0                    495070.92562 264025.079  46.7%     -    7s
H    0     0                    493013.15810 264025.079  46.4%     -    7s
H    0     0                    469928.19851 264025.079  43.8%     -    7s
H    0     0                    469194.17914 264025.079  43.7%     -    7s
     0     2 264025.079    0   38 469194.179 264025.079  43.7%     -    8s
     0     2 264011.461    0  139          - 264011.461      -     -   13s
     0     0 265782.078    0  260          - 265782.078      -     -    6s
     0     0 265782.177    0  274          - 265782.177      -     -    6s
     0     0 265782.202    0  364          - 265782.202      -     -    6s
Warning: Markowitz tolerance tightened to 0.25
    77    79 265652.216   40  395 350893.755 265643.472  24.3%  1022   20s
H   78    78                    350667.09360 265643.472  24.2%  1009   20s
     0     0 265784.152    0  254          - 265784.152      -     -    6s

Root relaxation: objective 2.640248e+05, 26886 iterations, 3.67 seconds (4.36 work units)
     0     0 265784.179    0  399          - 265784.179      -     -    6s
     0     0 264081.852    0  203 426575.960 264081.852  38.1%     -   11s
     0     0 264092.822    0  225 426575.960 264092.822  38.1%     -   11s
     0     0 264092.832    0  231 426575.960 264092.832  38.1%     -   11s
  [Fase 1 (infra libre)] estacion=station_2 dia=121 -> C:\Users\TECNO-MASTER\Desktop\Elmo_infrastructure_sizing_NP-\output\DCH_agosto\Costo_variable\Swap_libre\Swap_variable_3estaciones_640kW_Descomp/station_2_d121_stage1
formulation time: 11.720911502838135
Set parameter OutputFlag to value 1
Set parameter OutputFlag to value 1
Set parameter LogToConsole to value 1
Set parameter MIPGap to value 0.05
Set parameter TimeLimit to value 1200
Set parameter LogFile to value "C:\Users\TECNO-MASTER\Desktop\Elmo_infrastructure_sizing_NP-\output\DCH_agosto\Costo_variable\Swap_libre\Swap_variable_3estaciones_640kW_Descomp\station_2_d121_stage1\ELMO_log.txt"
Set parameter Threads to value 1
Set parameter Heuristics to value 0.5
Set parameter MIPFocus to value 3
Set parameter Presolve to value 2
Set parameter FlowCoverCuts to value 2
Gurobi Optimizer version 12.0.3 build v12.0.3rc0 (win64 - Windows 11+.0 (26200.2))

CPU model: Intel(R) Core(TM) i9-14900K, instruction set [SSE2|AVX|AVX2]
Thread count: 24 physical cores, 32 logical processors, using up to 1 threads

Non-default parameters:
TimeLimit  1200
MIPGap  0.05
Heuristics  0.5
MIPFocus  3
FlowCoverCuts  2
Presolve  2
Threads  1

Optimize a model with 26389 rows, 54733 columns and 247857 nonzeros
Model fingerprint: 0x99937833
Variable types: 2129 continuous, 52604 integer (19481 binary)
Coefficient statistics:
  Matrix range     [1e+00, 6e+02]
  Objective range  [8e-03, 9e+04]
  Bounds range     [1e+00, 1e+01]
  RHS range        [1e+00, 1e+04]

    Nodes    |    Current Node    |     Objective Bounds      |     Work
 Expl Unexpl |  Obj  Depth IntInf | Incumbent    BestBd   Gap | It/Node Time

     0     0 264024.765    0   44          - 264024.765      -     -    4s
Presolve removed 23281 rows and 44150 columns
Presolve time: 0.21s
Presolved: 3108 rows, 10583 columns, 33770 nonzeros
Variable types: 824 continuous, 9759 integer (8984 binary)
Root relaxation presolved: 3108 rows, 10583 columns, 33770 nonzeros

   110   112 264063.269   30  107 340895.128 264063.269  22.5%   564   25s
C:\Users\TECNO-MASTER\anaconda3\lib\site-packages\pandas\core\indexes\base.py:6999: FutureWarning: In a future version, the Index constructor will not infer numeric dtypes when passed object-dtype sequences (matching Series behavior)
  return Index(sequences[0], name=names)
    11    13 264025.079    6  279 469194.179 264025.079  43.7%   489   10s
     0     0 265786.548    0  217          - 265786.548      -     -    8s
     0     0 265786.747    0  247          - 265786.747      -     -    8s
     0     0 265786.775    0  253          - 265786.775      -     -    8s
    20    22 264011.461   10  120          - 264011.461      -   685   15s
     0     0 264024.765    0   39          - 264024.765      -     -    5s
     0     0 264104.025    0  294 426575.960 264104.025  38.1%     -   12s
     0     0 264024.770    0  150          - 264024.770      -     -    5s
   149   151 264657.443   15  155 348994.490 264657.122  24.2%   712   30s
H    0     0                    426561.80093 264104.025  38.1%     -   13s
     0     0 264104.096    0  304 426561.801 264104.096  38.1%     -   13s
H  202   200                    264049.34241 264036.917  0.00%   505   28s

Cutting planes:
  Gomory: 29
  Lift-and-project: 24
  Implied bound: 18
  MIR: 344
  Mixing: 22
  StrongCG: 2
  Flow cover: 2214
  Zero half: 12
  RLT: 82
  Relax-and-lift: 86

Explored 203 nodes (132052 simplex iterations) in 28.61 seconds (38.65 work units)
Thread count was 1 (of 32 available processors)

Solution count 10: 264049 340849 340862 ... 445499

Optimal solution found (tolerance 5.00e-02)
Best objective 2.640493424083e+05, best bound 2.640369169695e+05, gap 0.0047%
     0     0 265786.884    0  360          - 265786.884      -     -    9s
H    0     0                    362357.22357 264075.881  27.1%     -   17s
H    0     0                    355316.63825 264075.881  25.7%     -   17s
     0     0 265787.029    0  342          - 265787.029      -     -    9s
H  459   459                    437984.66557 264057.542  39.7%   365   39s
     0     0 265787.066    0  365          - 265787.066      -     -    9s
H  459   459                    437970.71651 264057.542  39.7%   365   39s
H    0     0                    354647.77532 264075.881  25.5%     -   17s
H    0     0                    266394.46714 264075.881  0.87%     -   17s

Cutting planes:
  Gomory: 14
  Lift-and-project: 2
  MIR: 8
  Flow cover: 40

Explored 1 nodes (35257 simplex iterations) in 17.71 seconds (21.11 work units)
Thread count was 1 (of 32 available processors)

Solution count 4: 266394 354648 355317 362357 

Optimal solution found (tolerance 5.00e-02)
Best objective 2.663944671404e+05, best bound 2.640758807181e+05, gap 0.8704%
     0     0 264024.770    0  116          - 264024.770      -     -    6s
     0     0 264113.325    0  187 426561.801 264113.325  38.1%     -   13s
     0     0 264024.770    0  164          - 264024.770      -     -    6s

Root relaxation: objective 2.640243e+05, 14854 iterations, 2.03 seconds (2.55 work units)
     0     0 264117.039    0  278 426561.801 264117.039  38.1%     -   14s
     0     0 264117.042    0  292 426561.801 264117.042  38.1%     -   14s
     0     0 265789.141    0  250          - 265789.141      -     -   10s

Root relaxation: objective 2.640715e+05, 32916 iterations, 4.47 seconds (5.18 work units)
     0     0 265789.151    0  262          - 265789.151      -     -   10s
   459   461 264057.542   93   44 437970.717 264057.542  39.7%   365   40s
  [Fase 1 (infra libre)] estacion=station_2 dia=32 -> C:\Users\TECNO-MASTER\Desktop\Elmo_infrastructure_sizing_NP-\output\DCH_agosto\Costo_variable\Swap_libre\Swap_variable_3estaciones_640kW_Descomp/station_2_d32_stage1
formulation time: 12.300518989562988
Set parameter OutputFlag to value 1
Set parameter OutputFlag to value 1
Set parameter LogToConsole to value 1
Set parameter MIPGap to value 0.05
Set parameter TimeLimit to value 1200
Set parameter LogFile to value "C:\Users\TECNO-MASTER\Desktop\Elmo_infrastructure_sizing_NP-\output\DCH_agosto\Costo_variable\Swap_libre\Swap_variable_3estaciones_640kW_Descomp\station_2_d32_stage1\ELMO_log.txt"
Set parameter Threads to value 1
Set parameter Heuristics to value 0.5
Set parameter MIPFocus to value 3
Set parameter Presolve to value 2
Set parameter FlowCoverCuts to value 2
Total elapsed time = 5.06s (DegenMoves)
Gurobi Optimizer version 12.0.3 build v12.0.3rc0 (win64 - Windows 11+.0 (26200.2))

CPU model: Intel(R) Core(TM) i9-14900K, instruction set [SSE2|AVX|AVX2]
Thread count: 24 physical cores, 32 logical processors, using up to 1 threads

Non-default parameters:
TimeLimit  1200
MIPGap  0.05
Heuristics  0.5
MIPFocus  3
FlowCoverCuts  2
Presolve  2
Threads  1

Optimize a model with 26358 rows, 54733 columns and 247795 nonzeros
Model fingerprint: 0x56c5683e
Variable types: 2129 continuous, 52604 integer (19481 binary)
Coefficient statistics:
  Matrix range     [1e+00, 6e+02]
  Objective range  [3e-03, 9e+04]
  Bounds range     [1e+00, 1e+01]
  RHS range        [1e+00, 1e+04]
     0     0 265789.180    0  277          - 265789.180      -     -   10s

    Nodes    |    Current Node    |     Objective Bounds      |     Work
 Expl Unexpl |  Obj  Depth IntInf | Incumbent    BestBd   Gap | It/Node Time

     0     0 264024.263    0   67          - 264024.263      -     -    3s
Presolve removed 23281 rows and 44120 columns
Presolve time: 0.23s
Presolved: 3077 rows, 10613 columns, 33677 nonzeros

Variable types: 824 continuous, 9789 integer (8984 binary)
    Nodes    |    Current Node    |     Objective Bounds      |     Work
 Expl Unexpl |  Obj  Depth IntInf | Incumbent    BestBd   Gap | It/Node Time

     0     0 264071.537    0   82          - 264071.537      -     -    5s
Root relaxation presolved: 3077 rows, 10613 columns, 33677 nonzeros

     0     0 264117.364    0  175 426561.801 264117.364  38.1%     -   15s
     0     0 264024.770    0   62          - 264024.770      -     -    7s
     0     0 265789.188    0  336          - 265789.188      -     -   10s
C:\Users\TECNO-MASTER\anaconda3\lib\site-packages\pandas\core\indexes\base.py:6999: FutureWarning: In a future version, the Index constructor will not infer numeric dtypes when passed object-dtype sequences (matching Series behavior)
  return Index(sequences[0], name=names)
     0     0 264024.770    0   89          - 264024.770      -     -    7s
     0     0 264118.282    0  273 426561.801 264118.282  38.1%     -   15s
     0     0 264118.298    0  313 426561.801 264118.298  38.1%     -   15s
     0     0 265789.249    0  285          - 265789.249      -     -   11s
     0     0 264118.326    0  222 426561.801 264118.326  38.1%     -   15s
     0     0 264024.263    0   55          - 264024.263      -     -    4s
     0     0 265789.249    0  285          - 265789.249      -     -   11s
     0     0 264071.537    0   76          - 264071.537      -     -    6s
     0     0 264029.603    0  119          - 264029.603      -     -    4s
     0     0 264029.603    0  119          - 264029.603      -     -    4s
     0     0 264118.327    0  228 426561.801 264118.327  38.1%     -   16s
     0     0 264071.545    0   93          - 264071.545      -     -    6s
H  101   101                    350618.25174 265647.090  24.2%  1024   25s
     0     0 264024.770    0   97          - 264024.770      -     -    9s
H  182   182                    348924.55550 264657.122  24.2%   686   34s
H   27    27                    466195.31220 264025.079  43.4%   728   14s
H   27    27                    466184.37181 264025.079  43.4%   728   14s
H   27    27                    462362.95988 264025.079  42.9%   728   14s
     0     0 264024.770    0   90          - 264024.770      -     -    9s
     0     0 264118.332    0  268 426561.801 264118.332  38.1%     -   16s
H    0     0                    868122.76633 264024.770  69.6%     -    9s
H    0     0                    867744.04477 264024.770  69.6%     -    9s
H    0     0                    864555.41397 264024.770  69.5%     -    9s
     0     0 264118.332    0  268 426561.801 264118.332  38.1%     -   16s
   142   144 264063.269   32  206 340895.128 264063.269  22.5%   629   30s
H    0     0                    864461.08608 264024.770  69.5%     -    9s
H    0     0                    863694.68860 264024.770  69.4%     -    9s
H    0     0                    862915.07724 264024.770  69.4%     -    9s

Root relaxation: objective 2.641706e+05, 17453 iterations, 2.06 seconds (2.56 work units)
H    0     0                    861355.85451 264024.770  69.3%     -    9s
H    0     0                    860572.59167 264024.770  69.3%     -    9s
     0     0 264029.603    0   59          - 264029.603      -     -    5s
H    0     0                    858183.51194 264024.770  69.2%     -   10s
     0     0 264029.603    0   66          - 264029.603      -     -    5s
H    0     0                    524492.01516 264024.770  49.7%     -   10s
H    0     0                    522048.47277 264024.770  49.4%     -   10s
     0     0 264071.545    0   76          - 264071.545      -     -    7s
H    0     0                    521183.38540 264024.770  49.3%     -   10s
     0     0 264071.545    0  219          - 264071.545      -     -    7s
H    0     0                    431308.38540 264024.770  38.8%     -   10s
H    0     0                    428762.74914 264024.770  38.4%     -   10s
   194   196 264657.122   26   17 348924.556 264657.122  24.2%   654   35s
H    0     0                    426564.90702 264024.770  38.1%     -   10s
    59    61 264011.461   19  178          - 264011.461      -   705   20s
H    0     0                    425809.35436 264024.770  38.0%     -   10s
H    0     0                    426547.64205 264118.332  38.1%     -   17s
    32    34 264025.079   16  267 462362.960 264025.079  42.9%   713   15s
C:\Users\TECNO-MASTER\anaconda3\lib\site-packages\pandas\core\indexes\base.py:6999: FutureWarning: In a future version, the Index constructor will not infer numeric dtypes when passed object-dtype sequences (matching Series behavior)
  return Index(sequences[0], name=names)

    Nodes    |    Current Node    |     Objective Bounds      |     Work
 Expl Unexpl |  Obj  Depth IntInf | Incumbent    BestBd   Gap | It/Node Time

     0     0 264170.560    0  197          - 264170.560      -     -    3s
     0     2 264118.332    0  268 426547.642 264118.332  38.1%     -   18s
     0     2 264024.770    0   52 425809.354 264024.770  38.0%     -   10s
  [Fase 1 (infra libre)] estacion=station_2 dia=244 -> C:\Users\TECNO-MASTER\Desktop\Elmo_infrastructure_sizing_NP-\output\DCH_agosto\Costo_variable\Swap_libre\Swap_variable_3estaciones_640kW_Descomp/station_2_d244_stage1
formulation time: 13.157293796539307
Set parameter OutputFlag to value 1
Set parameter OutputFlag to value 1
Set parameter LogToConsole to value 1
Set parameter MIPGap to value 0.05
Set parameter TimeLimit to value 1200
Set parameter LogFile to value "C:\Users\TECNO-MASTER\Desktop\Elmo_infrastructure_sizing_NP-\output\DCH_agosto\Costo_variable\Swap_libre\Swap_variable_3estaciones_640kW_Descomp\station_2_d244_stage1\ELMO_log.txt"
Set parameter Threads to value 1
Set parameter Heuristics to value 0.5
Set parameter MIPFocus to value 3
Set parameter Presolve to value 2
Set parameter FlowCoverCuts to value 2
Gurobi Optimizer version 12.0.3 build v12.0.3rc0 (win64 - Windows 11+.0 (26200.2))

CPU model: Intel(R) Core(TM) i9-14900K, instruction set [SSE2|AVX|AVX2]
Thread count: 24 physical cores, 32 logical processors, using up to 1 threads

Non-default parameters:
TimeLimit  1200
MIPGap  0.05
Heuristics  0.5
MIPFocus  3
FlowCoverCuts  2
Presolve  2
Threads  1

Optimize a model with 26389 rows, 54733 columns and 247857 nonzeros
Model fingerprint: 0xbde4c895
Variable types: 2129 continuous, 52604 integer (19481 binary)
Coefficient statistics:
  Matrix range     [1e+00, 6e+02]
  Objective range  [8e-03, 9e+04]
  Bounds range     [1e+00, 1e+01]
  RHS range        [1e+00, 1e+04]
     0     0 264029.603    0   70          - 264029.603      -     -    6s
Presolve removed 23281 rows and 44150 columns
Presolve time: 0.20s
Presolved: 3108 rows, 10583 columns, 33770 nonzeros
Variable types: 824 continuous, 9759 integer (8984 binary)
     0     0 264029.603    0   70          - 264029.603      -     -    6s
Root relaxation presolved: 3108 rows, 10583 columns, 33770 nonzeros

     0     0 264170.716    0  345          - 264170.716      -     -    3s
     0     0 264170.987    0  320          - 264170.987      -     -    3s
     0     0 264170.987    0  329          - 264170.987      -     -    3s
     0     0 264071.545    0   74          - 264071.545      -     -    9s
     0     0 264071.545    0  125          - 264071.545      -     -    9s
H   72    72                    788296.29030 264011.461  66.5%   758   22s
H   72    72                    787578.50104 264011.461  66.5%   758   22s
     0     0 264029.603    0   58          - 264029.603      -     -    7s
H   72    72                    784435.61671 264011.461  66.3%   758   22s
     0     0 264029.603    0   58          - 264029.603      -     -    7s
     0     0 264071.545    0   72          - 264071.545      -     -   10s
    11    13 264123.107    7  348 426547.642 264120.046  38.1%   775   20s
     0     0 264071.545    0  202          - 264071.545      -     -   10s
H  511   512                    437956.76745 264057.542  39.7%   353   46s
  [Fase 1 (infra libre)] estacion=station_3 dia=1 -> C:\Users\TECNO-MASTER\Desktop\Elmo_infrastructure_sizing_NP-\output\DCH_agosto\Costo_variable\Swap_libre\Swap_variable_3estaciones_640kW_Descomp/station_3_d1_stage1
formulation time: 12.593874216079712
Set parameter OutputFlag to value 1
Set parameter OutputFlag to value 1
Set parameter LogToConsole to value 1
Set parameter MIPGap to value 0.05
Set parameter TimeLimit to value 1200
Set parameter LogFile to value "C:\Users\TECNO-MASTER\Desktop\Elmo_infrastructure_sizing_NP-\output\DCH_agosto\Costo_variable\Swap_libre\Swap_variable_3estaciones_640kW_Descomp\station_3_d1_stage1\ELMO_log.txt"
Set parameter Threads to value 1
Set parameter Heuristics to value 0.5
Set parameter MIPFocus to value 3
Set parameter Presolve to value 2
Set parameter FlowCoverCuts to value 2
Gurobi Optimizer version 12.0.3 build v12.0.3rc0 (win64 - Windows 11+.0 (26200.2))

CPU model: Intel(R) Core(TM) i9-14900K, instruction set [SSE2|AVX|AVX2]
Thread count: 24 physical cores, 32 logical processors, using up to 1 threads

Non-default parameters:
TimeLimit  1200
MIPGap  0.05
Heuristics  0.5
MIPFocus  3
FlowCoverCuts  2
Presolve  2
Threads  1

Optimize a model with 26328 rows, 53707 columns and 242745 nonzeros
Model fingerprint: 0xa965d311
Variable types: 2099 continuous, 51608 integer (18485 binary)
Coefficient statistics:
  Matrix range     [1e+00, 6e+02]
  Objective range  [1e-02, 9e+04]
  Bounds range     [1e+00, 1e+01]
  RHS range        [1e+00, 1e+04]
     0     0 264173.974    0  321          - 264173.974      -     -    5s
Presolve removed 23257 rows and 43606 columns
Presolve time: 0.21s
Presolved: 3071 rows, 10101 columns, 31631 nonzeros
Variable types: 824 continuous, 9277 integer (8472 binary)
Root relaxation presolved: 3071 rows, 10101 columns, 31631 nonzeros

     0     0 264174.133    0  344          - 264174.133      -     -    5s
     0     0 264174.133    0  355          - 264174.133      -     -    5s

Root relaxation: objective 2.640160e+05, 15408 iterations, 2.09 seconds (2.59 work units)
   125   127 265680.224   43  434 350618.252 265665.071  24.2%  1032   30s
C:\Users\TECNO-MASTER\anaconda3\lib\site-packages\pandas\core\indexes\base.py:6999: FutureWarning: In a future version, the Index constructor will not infer numeric dtypes when passed object-dtype sequences (matching Series behavior)
  return Index(sequences[0], name=names)
     0     0 264071.545    0   92          - 264071.545      -     -   11s
     0     0 264071.545    0  235          - 264071.545      -     -   11s
     0     0 264029.603    0   67          - 264029.603      -     -    9s
     0     0 264029.603    0   59          - 264029.603      -     -    9s
H    0     0                    646990.02279 264029.603  59.2%     -    9s

    Nodes    |    Current Node    |     Objective Bounds      |     Work
 Expl Unexpl |  Obj  Depth IntInf | Incumbent    BestBd   Gap | It/Node Time

     0     0 264016.009    0   93          - 264016.009      -     -    3s
H    0     0                    646895.69490 264029.603  59.2%     -    9s
H    0     0                    645917.50883 264029.603  59.1%     -    9s
     0     0 264179.841    0  345          - 264179.841      -     -    6s
H    0     0                    639148.67987 264029.603  58.7%     -    9s
H    0     0                    638354.34142 264029.603  58.6%     -    9s
     0     0 264071.545    0   91          - 264071.545      -     -   12s
H    0     0                    634775.14882 264029.603  58.4%     -    9s
     0     0 264179.935    0  364          - 264179.935      -     -    7s
H    0     0                    627045.18775 264029.603  57.9%     -    9s
H    0     0                    625486.26078 264029.603  57.8%     -   10s

Root relaxation: objective 2.640513e+05, 14192 iterations, 1.47 seconds (1.91 work units)
   177   179 264063.269   12  166 340895.128 264063.269  22.5%   651   35s
     0     0 264071.545    0   83          - 264071.545      -     -   12s
H    0     0                    625297.60499 264029.603  57.8%     -   10s
H    0     0                    265690.70391 264029.603  0.63%     -   10s

Cutting planes:
  Gomory: 2
  Lift-and-project: 3
  Flow cover: 4
  RLT: 1

Explored 1 nodes (38238 simplex iterations) in 10.23 seconds (11.35 work units)
Thread count was 1 (of 32 available processors)

Solution count 10: 265691 625298 625486 ... 646990

Optimal solution found (tolerance 5.00e-02)
Best objective 2.656907039085e+05, best bound 2.640296034186e+05, gap 0.6252%
H    0     0                    790913.19256 264071.545  66.6%     -   12s
H    0     0                    790728.50347 264071.545  66.6%     -   12s
H    0     0                    790077.48329 264071.545  66.6%     -   12s
H    0     0                    789968.87262 264071.545  66.6%     -   12s
H    0     0                    788894.78910 264071.545  66.5%     -   12s
H    0     0                    782548.62992 264071.545  66.3%     -   12s
H    0     0                    780428.65037 264071.545  66.2%     -   12s
H    0     0                    529755.67187 264071.545  50.2%     -   12s
    18    20 264024.770    6  226 425809.354 264024.770  38.0%   527   15s
H   52    52                    461627.26906 264025.079  42.8%   775   20s
H    0     0                    528695.17004 264071.545  50.1%     -   12s
H    0     0                    528678.85722 264071.545  50.1%     -   12s
    84    86 264011.461   11  346 784435.617 264011.461  66.3%   770   25s
     0     2 265789.249    0  283          - 265789.249      -     -   18s
     0     0 264185.358    0  317          - 264185.358      -     -    7s
     0     2 264071.545    0   83 528678.857 264071.545  50.1%     -   12s

    Nodes    |    Current Node    |     Objective Bounds      |     Work
 Expl Unexpl |  Obj  Depth IntInf | Incumbent    BestBd   Gap | It/Node Time

     0     0 264051.318    0   77          - 264051.318      -     -    2s
     0     0 264016.009    0   96          - 264016.009      -     -    4s
     0     0 264185.526    0  407          - 264185.526      -     -    8s
     0     0 264185.526    0  408          - 264185.526      -     -    8s
     0     0 264016.012    0  287          - 264016.012      -     -    4s
C:\Users\TECNO-MASTER\anaconda3\lib\site-packages\pandas\core\indexes\base.py:6999: FutureWarning: In a future version, the Index constructor will not infer numeric dtypes when passed object-dtype sequences (matching Series behavior)
  return Index(sequences[0], name=names)
     0     0 264051.318    0  133          - 264051.318      -     -    3s
     0     0 264195.954    0  384          - 264195.954      -     -    9s
     0     0 264051.325    0  144          - 264051.325      -     -    3s
     0     0 264196.655    0  391          - 264196.655      -     -    9s
     0     0 264196.655    0  384          - 264196.655      -     -    9s
  [Fase 1 (infra libre)] estacion=station_2 dia=274 -> C:\Users\TECNO-MASTER\Desktop\Elmo_infrastructure_sizing_NP-\output\DCH_agosto\Costo_variable\Swap_libre\Swap_variable_3estaciones_640kW_Descomp/station_2_d274_stage1
formulation time: 13.77087926864624
Set parameter OutputFlag to value 1
Set parameter OutputFlag to value 1
Set parameter LogToConsole to value 1
Set parameter MIPGap to value 0.05
Set parameter TimeLimit to value 1200
Set parameter LogFile to value "C:\Users\TECNO-MASTER\Desktop\Elmo_infrastructure_sizing_NP-\output\DCH_agosto\Costo_variable\Swap_libre\Swap_variable_3estaciones_640kW_Descomp\station_2_d274_stage1\ELMO_log.txt"
Set parameter Threads to value 1
Set parameter Heuristics to value 0.5
Set parameter MIPFocus to value 3
Set parameter Presolve to value 2
Set parameter FlowCoverCuts to value 2
Gurobi Optimizer version 12.0.3 build v12.0.3rc0 (win64 - Windows 11+.0 (26200.2))

CPU model: Intel(R) Core(TM) i9-14900K, instruction set [SSE2|AVX|AVX2]
Thread count: 24 physical cores, 32 logical processors, using up to 1 threads

Non-default parameters:
TimeLimit  1200
MIPGap  0.05
Heuristics  0.5
MIPFocus  3
FlowCoverCuts  2
Presolve  2
Threads  1

Optimize a model with 26358 rows, 54733 columns and 247795 nonzeros
Model fingerprint: 0x71216199
Variable types: 2129 continuous, 52604 integer (19481 binary)
Coefficient statistics:
  Matrix range     [1e+00, 6e+02]
  Objective range  [4e-03, 9e+04]
  Bounds range     [1e+00, 1e+01]
  RHS range        [1e+00, 1e+04]
    13    15 265792.409    7  441          - 265792.367      -  1170   20s
Presolve removed 23281 rows and 44120 columns
Presolve time: 0.23s
Presolved: 3077 rows, 10613 columns, 33677 nonzeros
Variable types: 824 continuous, 9789 integer (8984 binary)
Root relaxation presolved: 3077 rows, 10613 columns, 33677 nonzeros

     0     0 264016.012    0  175          - 264016.012      -     -    6s
     0     0 264016.012    0  172          - 264016.012      -     -    6s
     9    11 264071.545    5  343 528678.857 264071.545  50.1%   779   15s
     0     0 264054.660    0  181          - 264054.660      -     -    4s
    35    37 264157.183   16  350 426547.642 264150.805  38.1%  1084   25s
H   27    27                    425798.50953 264024.770  38.0%   531   17s
     0     0 264198.126    0  384          - 264198.126      -     -   10s
     0     0 264057.248    0  203          - 264057.248      -     -    4s
     0     0 264057.253    0  209          - 264057.253      -     -    4s
     0     0 264205.735    0  364          - 264205.735      -     -   10s
     0     0 264205.808    0  363          - 264205.808      -     -   10s
   162   164 265753.174   17  335 350618.252 265680.037  24.2%   923   35s
     0     0 264021.017    0  187          - 264021.017      -     -    7s
     0     0 264211.008    0  220          - 264211.008      -     -   11s
   514   514 264057.542   66  102 437956.767 264057.542  39.7%   351   52s
     0     0 264021.416    0  218          - 264021.416      -     -    7s
     0     0 264211.100    0  249          - 264211.100      -     -   11s
     0     0 264021.417    0  221          - 264021.417      -     -    7s
     0     0 264063.478    0  201          - 264063.478      -     -    6s
     0     0 264211.102    0  250          - 264211.102      -     -   11s
     0     0 264064.020    0  215          - 264064.020      -     -    6s
H   98    98                    782059.42524 264011.461  66.2%   823   28s
C:\Users\TECNO-MASTER\anaconda3\lib\site-packages\pandas\core\indexes\base.py:6999: FutureWarning: In a future version, the Index constructor will not infer numeric dtypes when passed object-dtype sequences (matching Series behavior)
  return Index(sequences[0], name=names)

Root relaxation: objective 2.645538e+05, 14647 iterations, 1.76 seconds (2.13 work units)
  [Fase 1 (infra libre)] estacion=station_2 dia=152 -> C:\Users\TECNO-MASTER\Desktop\Elmo_infrastructure_sizing_NP-\output\DCH_agosto\Costo_variable\Swap_libre\Swap_variable_3estaciones_640kW_Descomp/station_2_d152_stage1
formulation time: 13.682969331741333
Set parameter OutputFlag to value 1
Set parameter OutputFlag to value 1
Set parameter LogToConsole to value 1
Set parameter MIPGap to value 0.05
Set parameter TimeLimit to value 1200
Set parameter LogFile to value "C:\Users\TECNO-MASTER\Desktop\Elmo_infrastructure_sizing_NP-\output\DCH_agosto\Costo_variable\Swap_libre\Swap_variable_3estaciones_640kW_Descomp\station_2_d152_stage1\ELMO_log.txt"
Set parameter Threads to value 1
Set parameter Heuristics to value 0.5
Set parameter MIPFocus to value 3
Set parameter Presolve to value 2
Set parameter FlowCoverCuts to value 2
Gurobi Optimizer version 12.0.3 build v12.0.3rc0 (win64 - Windows 11+.0 (26200.2))

CPU model: Intel(R) Core(TM) i9-14900K, instruction set [SSE2|AVX|AVX2]
Thread count: 24 physical cores, 32 logical processors, using up to 1 threads

Non-default parameters:
TimeLimit  1200
MIPGap  0.05
Heuristics  0.5
MIPFocus  3
FlowCoverCuts  2
Presolve  2
Threads  1

Optimize a model with 26389 rows, 54733 columns and 247857 nonzeros
Model fingerprint: 0x4df604bb
Variable types: 2129 continuous, 52604 integer (19481 binary)
Coefficient statistics:
  Matrix range     [1e+00, 6e+02]
  Objective range  [1e-02, 9e+04]
  Bounds range     [1e+00, 1e+01]
  RHS range        [1e+00, 1e+04]
Presolve removed 23281 rows and 44150 columns
Presolve time: 0.21s
Presolved: 3108 rows, 10583 columns, 33770 nonzeros
Variable types: 824 continuous, 9759 integer (8984 binary)
Root relaxation presolved: 3108 rows, 10583 columns, 33770 nonzeros

   198   200 264063.269   11  112 340895.128 264063.269  22.5%   667   40s
     0     0 264042.606    0  192          - 264042.606      -     -    8s
     0     0 264043.533    0  324          - 264043.533      -     -    8s
     0     0 264043.533    0  326          - 264043.533      -     -    8s
H   78    78                    458981.05657 264025.079  42.5%   739   24s

    Nodes    |    Current Node    |     Objective Bounds      |     Work
 Expl Unexpl |  Obj  Depth IntInf | Incumbent    BestBd   Gap | It/Node Time

     0     0 264553.781    0   39          - 264553.781      -     -    2s
     0     0 264078.934    0  182          - 264078.934      -     -    7s
    79    81 264025.079   40   66 458981.057 264025.079  42.5%   757   25s
     0     0 264093.162    0  210          - 264093.162      -     -    7s
    37    39 264025.451   11  220 425798.510 264024.770  38.0%   727   20s
     0     0 264093.383    0  229          - 264093.383      -     -    7s
     0     0 264213.570    0  317          - 264213.570      -     -   12s
H  101   101                    777339.69378 264011.461  66.0%   850   30s
H  101   101                    776977.76140 264011.461  66.0%   850   30s
     0     0 264213.635    0  347          - 264213.635      -     -   12s
H  101   101                    268210.83949 264011.461  1.57%   850   30s

Cutting planes:
  Gomory: 29
  Lift-and-project: 21
  Implied bound: 46
  MIR: 391
  Mixing: 15
  Flow cover: 1897
  RLT: 70
  Relax-and-lift: 95

Explored 102 nodes (121865 simplex iterations) in 30.29 seconds (38.17 work units)
Thread count was 1 (of 32 available processors)

Solution count 7: 268211 776978 777340 ... 788296

Optimal solution found (tolerance 5.00e-02)
Best objective 2.682108394913e+05, best bound 2.640114612237e+05, gap 1.5657%
     0     0 264045.163    0  222          - 264045.163      -     -    9s
     0     0 264052.065    0  235          - 264052.065      -     -    9s
     0     0 264052.065    0  237          - 264052.065      -     -    9s
   234   236 264657.122   35   25 348924.556 264657.122  24.2%   590   45s
     0     0 264553.781    0   77          - 264553.781      -     -    3s
  [Fase 1 (infra libre)] estacion=station_3 dia=213 -> C:\Users\TECNO-MASTER\Desktop\Elmo_infrastructure_sizing_NP-\output\DCH_agosto\Costo_variable\Swap_libre\Swap_variable_3estaciones_640kW_Descomp/station_3_d213_stage1
formulation time: 12.869441032409668
Set parameter OutputFlag to value 1
Set parameter OutputFlag to value 1
Set parameter LogToConsole to value 1
Set parameter MIPGap to value 0.05
Set parameter TimeLimit to value 1200
Set parameter LogFile to value "C:\Users\TECNO-MASTER\Desktop\Elmo_infrastructure_sizing_NP-\output\DCH_agosto\Costo_variable\Swap_libre\Swap_variable_3estaciones_640kW_Descomp\station_3_d213_stage1\ELMO_log.txt"
Set parameter Threads to value 1
Set parameter Heuristics to value 0.5
Set parameter MIPFocus to value 3
Set parameter Presolve to value 2
Set parameter FlowCoverCuts to value 2
Gurobi Optimizer version 12.0.3 build v12.0.3rc0 (win64 - Windows 11+.0 (26200.2))

CPU model: Intel(R) Core(TM) i9-14900K, instruction set [SSE2|AVX|AVX2]
Thread count: 24 physical cores, 32 logical processors, using up to 1 threads

Non-default parameters:
TimeLimit  1200
MIPGap  0.05
Heuristics  0.5
MIPFocus  3
FlowCoverCuts  2
Presolve  2
Threads  1

Optimize a model with 26359 rows, 53707 columns and 242807 nonzeros
Model fingerprint: 0x53434600
Variable types: 2099 continuous, 51608 integer (18485 binary)
Coefficient statistics:
  Matrix range     [1e+00, 6e+02]
  Objective range  [8e-03, 9e+04]
  Bounds range     [1e+00, 1e+01]
  RHS range        [1e+00, 1e+04]
     0     0 264657.123    0  209          - 264657.123      -     -    4s
     0     0 264657.123    0  200          - 264657.123      -     -    4s
Presolve removed 23257 rows and 43636 columns
Presolve time: 0.19s
Presolved: 3102 rows, 10071 columns, 31724 nonzeros
Variable types: 824 continuous, 9247 integer (8472 binary)
Root relaxation presolved: 3102 rows, 10071 columns, 31724 nonzeros

     0     0 264105.915    0  196          - 264105.915      -     -    8s
     0     0 264055.017    0  253          - 264055.017      -     -   10s
     0     0 264055.122    0  274          - 264055.122      -     -   10s
     0     0 264105.918    0  211          - 264105.918      -     -    8s
     0     0 264055.123    0  278          - 264055.123      -     -   10s

Root relaxation: objective 2.640708e+05, 14217 iterations, 1.87 seconds (2.38 work units)
H  189   189                    350512.19541 265683.664  24.2%   897   38s
C:\Users\TECNO-MASTER\anaconda3\lib\site-packages\pandas\core\indexes\base.py:6999: FutureWarning: In a future version, the Index constructor will not infer numeric dtypes when passed object-dtype sequences (matching Series behavior)
  return Index(sequences[0], name=names)
     0     0 264216.288    0  335          - 264216.288      -     -   14s
H  189   189                    350405.05063 265683.664  24.2%   897   38s
     0     0 264216.353    0  325          - 264216.353      -     -   14s
     0     0 264056.524    0  230          - 264056.524      -     -   11s
    45    47 265829.226    9  363          - 265798.009      -  1314   25s
Warning: Markowitz tolerance tightened to 0.25
     0     0 264058.628    0  243          - 264058.628      -     -   11s

    Nodes    |    Current Node    |     Objective Bounds      |     Work
 Expl Unexpl |  Obj  Depth IntInf | Incumbent    BestBd   Gap | It/Node Time

     0     0 264070.783    0   63          - 264070.783      -     -    3s
H  203   203                    340878.81537 264063.269  22.5%   656   42s
   517   516 264057.542   72  103 437956.767 264057.542  39.7%   349   55s
     0     0 264058.628    0  226          - 264058.628      -     -   11s
     0     0 264113.802    0  213          - 264113.802      -     -    9s
     0     0 264657.123    0   44          - 264657.123      -     -    5s
     0     0 264113.838    0  222          - 264113.838      -     -    9s
     0     0 264058.628    0  225          - 264058.628      -     -   11s
     0     0 264657.123    0   70          - 264657.123      -     -    5s
    58    60 264391.120    5  320 426547.642 264162.467  38.1%  1089   30s
    30    32 264071.545    5  375 528678.857 264071.545  50.1%  1199   20s
     0     0 264218.204    0  210          - 264218.204      -     -   15s
     0     0 264219.012    0  248          - 264219.012      -     -   15s
     0     0 264219.012    0  258          - 264219.012      -     -   15s
     0     0 264058.628    0  229          - 264058.628      -     -   12s
     0     0 264058.628    0  227          - 264058.628      -     -   12s
     0     0 264115.439    0  241          - 264115.439      -     -   10s
     0     0 264657.123    0   64          - 264657.123      -     -    6s
     0     0 264115.518    0  255          - 264115.518      -     -   10s
     0     0 264115.518    0  261          - 264115.518      -     -   10s
     0     0 264657.123    0   93          - 264657.123      -     -    6s
     0     0 264070.783    0   51          - 264070.783      -     -    4s
H  202   202                    350178.38878 265685.517  24.1%   870   40s
     0     0 264070.787    0   74          - 264070.787      -     -    4s
H  101   101                    458282.41268 264025.079  42.4%   719   28s
     0     0 264219.014    0  183          - 264219.014      -     -   16s
H  101   101                    456036.95370 264025.079  42.1%   719   28s
H  202   202                    266855.29771 265685.517  0.44%   870   40s

Cutting planes:
  Gomory: 36
  Lift-and-project: 41
  Implied bound: 67
  MIR: 452
  Mixing: 4
  StrongCG: 4
  Flow cover: 1668
  Zero half: 32
  RLT: 35
  Relax-and-lift: 121

Explored 203 nodes (200243 simplex iterations) in 40.60 seconds (55.58 work units)
Thread count was 1 (of 32 available processors)

Solution count 10: 266855 350178 350405 ... 352393

Optimal solution found (tolerance 5.00e-02)
Best objective 2.668552977066e+05, best bound 2.656855545718e+05, gap 0.4383%
H  101   101                    454313.52927 264025.079  41.9%   719   28s
     0     0 264220.127    0  276          - 264220.127      -     -   16s
H  101   101                    451238.15632 264025.079  41.5%   719   28s
H  101   101                    448246.30778 264025.079  41.1%   719   28s
H  101   101                    266246.56328 264025.079  0.83%   719   28s

Cutting planes:
  Gomory: 22
  Lift-and-project: 7
  Implied bound: 22
  MIR: 339
  Mixing: 14
  StrongCG: 1
  Flow cover: 2025
  RLT: 84
  Relax-and-lift: 54

Explored 102 nodes (105652 simplex iterations) in 28.98 seconds (34.23 work units)
Thread count was 1 (of 32 available processors)

Solution count 10: 266247 448246 451238 ... 466184

Optimal solution found (tolerance 5.00e-02)
Best objective 2.662465632762e+05, best bound 2.640250792457e+05, gap 0.8344%
C:\Users\TECNO-MASTER\anaconda3\lib\site-packages\pandas\core\indexes\base.py:6999: FutureWarning: In a future version, the Index constructor will not infer numeric dtypes when passed object-dtype sequences (matching Series behavior)
  return Index(sequences[0], name=names)
   211   213 264063.269   29  220 340878.815 264063.269  22.5%   662   45s
  [Fase 1 (infra libre)] estacion=station_3 dia=32 -> C:\Users\TECNO-MASTER\Desktop\Elmo_infrastructure_sizing_NP-\output\DCH_agosto\Costo_variable\Swap_libre\Swap_variable_3estaciones_640kW_Descomp/station_3_d32_stage1
formulation time: 13.455911636352539
Set parameter OutputFlag to value 1
Set parameter OutputFlag to value 1
Set parameter LogToConsole to value 1
Set parameter MIPGap to value 0.05
Set parameter TimeLimit to value 1200
Set parameter LogFile to value "C:\Users\TECNO-MASTER\Desktop\Elmo_infrastructure_sizing_NP-\output\DCH_agosto\Costo_variable\Swap_libre\Swap_variable_3estaciones_640kW_Descomp\station_3_d32_stage1\ELMO_log.txt"
Set parameter Threads to value 1
Set parameter Heuristics to value 0.5
Set parameter MIPFocus to value 3
Set parameter Presolve to value 2
Set parameter FlowCoverCuts to value 2
Gurobi Optimizer version 12.0.3 build v12.0.3rc0 (win64 - Windows 11+.0 (26200.2))

CPU model: Intel(R) Core(TM) i9-14900K, instruction set [SSE2|AVX|AVX2]
Thread count: 24 physical cores, 32 logical processors, using up to 1 threads

Non-default parameters:
TimeLimit  1200
MIPGap  0.05
Heuristics  0.5
MIPFocus  3
FlowCoverCuts  2
Presolve  2
Threads  1

Optimize a model with 26328 rows, 53707 columns and 242745 nonzeros
Model fingerprint: 0xbab7ca57
Variable types: 2099 continuous, 51608 integer (18485 binary)
Coefficient statistics:
  Matrix range     [1e+00, 6e+02]
  Objective range  [3e-03, 9e+04]
  Bounds range     [1e+00, 1e+01]
  RHS range        [1e+00, 1e+04]
     0     0 264070.787    0   67          - 264070.787      -     -    5s
     0     0 264070.787    0  173          - 264070.787      -     -    5s
Presolve removed 23257 rows and 43606 columns
Presolve time: 0.22s
Presolved: 3071 rows, 10101 columns, 31631 nonzeros
     0     0 264115.618    0  271          - 264115.618      -     -   12s
Variable types: 824 continuous, 9277 integer (8472 binary)
Root relaxation presolved: 3071 rows, 10101 columns, 31631 nonzeros

     0     0 264115.958    0  286          - 264115.958      -     -   12s
     0     0 264115.980    0  307          - 264115.980      -     -   12s
     0     0 264657.123    0   59          - 264657.123      -     -    8s
     0     0 264220.127    0  208          - 264220.127      -     -   17s
    56    58 264024.770    8  387 425798.510 264024.770  38.0%   860   25s
     0     0 264220.127    0  387          - 264220.127      -     -   17s
     0     0 264657.123    0   72          - 264657.123      -     -    8s
   300   302 264657.122   35   17 348924.556 264657.122  24.2%   482   50s

Root relaxation: objective 2.640181e+05, 28851 iterations, 4.23 seconds (4.62 work units)
H   80    80                    588391.20421 265811.271  54.8%  1118   28s
H   80    80                    587845.93305 265811.271  54.8%  1118   28s
Total elapsed time = 5.07s (DegenMoves)
     0     0 264220.127    0  222          - 264220.127      -     -   18s
     0     0 264070.787    0   68          - 264070.787      -     -    6s
     0     0 264116.279    0  276          - 264116.279      -     -   13s

    Nodes    |    Current Node    |     Objective Bounds      |     Work
 Expl Unexpl |  Obj  Depth IntInf | Incumbent    BestBd   Gap | It/Node Time

     0     0 264018.051    0   96          - 264018.051      -     -    5s
     0     0 264070.787    0   68          - 264070.787      -     -    7s
     0     0 264220.127    0  218          - 264220.127      -     -   19s
     0     0 264657.123    0   59          - 264657.123      -     -    9s
     0     0 264116.279    0  266          - 264116.279      -     -   13s
H    0     0                    652188.06873 264070.787  59.5%     -    7s
H    0     0                    651010.84660 264070.787  59.4%     -    7s
H    0     0                    648618.58782 264070.787  59.3%     -    7s
H    0     0                    648602.27501 264070.787  59.3%     -    7s
H    0     0                    641082.28268 264070.787  58.8%     -    7s
H    0     0                    544714.54531 264070.787  51.5%     -    7s
H    0     0                    694813.85682 264220.127  62.0%     -   19s
H    0     0                    642322.46167 264116.279  58.9%     -   13s
   520   518 264057.542   86  236 437956.767 264057.542  39.7%   347   60s
H    0     0                    637431.87415 264116.279  58.6%     -   14s
H    0     0                    693960.84947 264220.127  61.9%     -   19s
H    0     0                    693614.70497 264220.127  61.9%     -   19s
H    0     0                    637403.97603 264116.279  58.6%     -   14s
H    0     0                    635833.39133 264116.279  58.5%     -   14s
H    0     0                    633868.64973 264116.279  58.3%     -   14s
H    0     0                    588133.21917 264220.127  55.1%     -   19s
H    0     0                    543671.23882 264070.787  51.4%     -    7s
H    0     0                    543654.92600 264070.787  51.4%     -    7s
H    0     0                    543638.61318 264070.787  51.4%     -    7s
     0     0 264657.123    0   42          - 264657.123      -     -   10s
H    0     0                    542602.62735 264070.787  51.3%     -    7s
H    0     0                    587440.93018 264220.127  55.0%     -   19s
H    0     0                    586654.91439 264220.127  55.0%     -   19s
    86    88 265825.993   17  390 587845.933 265815.047  54.8%  1114   30s
H    0     0                    351759.41576 264220.127  24.9%     -   19s
     0     2 264070.787    0   68 542602.627 264070.787  51.3%     -    7s
H    0     0                    724351.29746 264657.123  63.5%     -   10s
H    0     0                    351073.10309 264220.127  24.7%     -   19s
H    0     0                    724093.09273 264657.123  63.4%     -   10s
H    0     0                    722040.29840 264657.123  63.3%     -   10s
H    0     0                    351040.59990 264220.127  24.7%     -   19s

Root relaxation: objective 2.641843e+05, 20212 iterations, 2.28 seconds (2.57 work units)
H    0     0                    720887.37830 264657.123  63.3%     -   10s
H    0     0                    720457.84405 264657.123  63.3%     -   10s
H    0     0                    266042.23491 264220.127  0.68%     -   19s
H    0     0                    717254.85178 264657.123  63.1%     -   10s

Cutting planes:
  Gomory: 15
  Lift-and-project: 10
  MIR: 9
  Flow cover: 27

Explored 1 nodes (39450 simplex iterations) in 19.95 seconds (23.30 work units)
Thread count was 1 (of 32 available processors)

Solution count 10: 266042 351041 351073 ... 694814

Optimal solution found (tolerance 5.00e-02)
Best objective 2.660422349147e+05, best bound 2.642201270912e+05, gap 0.6849%
    47    49 264071.545   16  323 528678.857 264071.545  50.1%  1041   25s
H    0     0                    632298.43105 264116.279  58.2%     -   14s
H    0     0                    627920.48427 264116.279  57.9%     -   14s
H    0     0                    716779.50661 264657.123  63.1%     -   10s
H    0     0                    354130.22480 264657.123  25.3%     -   10s
  [Fase 1 (infra libre)] estacion=station_3 dia=91 -> C:\Users\TECNO-MASTER\Desktop\Elmo_infrastructure_sizing_NP-\output\DCH_agosto\Costo_variable\Swap_libre\Swap_variable_3estaciones_640kW_Descomp/station_3_d91_stage1
formulation time: 13.875915050506592
Set parameter OutputFlag to value 1
Set parameter OutputFlag to value 1
Set parameter LogToConsole to value 1
Set parameter MIPGap to value 0.05
Set parameter TimeLimit to value 1200
H    0     0                    464076.58377 264116.279  43.1%     -   14s
Set parameter LogFile to value "C:\Users\TECNO-MASTER\Desktop\Elmo_infrastructure_sizing_NP-\output\DCH_agosto\Costo_variable\Swap_libre\Swap_variable_3estaciones_640kW_Descomp\station_3_d91_stage1\ELMO_log.txt"
Set parameter Threads to value 1
Set parameter Heuristics to value 0.5
Set parameter MIPFocus to value 3
Set parameter Presolve to value 2
Set parameter FlowCoverCuts to value 2
Gurobi Optimizer version 12.0.3 build v12.0.3rc0 (win64 - Windows 11+.0 (26200.2))

CPU model: Intel(R) Core(TM) i9-14900K, instruction set [SSE2|AVX|AVX2]
Thread count: 24 physical cores, 32 logical processors, using up to 1 threads

Non-default parameters:
TimeLimit  1200
MIPGap  0.05
Heuristics  0.5
MIPFocus  3
FlowCoverCuts  2
Presolve  2
Threads  1

Optimize a model with 26359 rows, 53707 columns and 242807 nonzeros
Model fingerprint: 0xff88c0ad
Variable types: 2099 continuous, 51608 integer (18485 binary)
Coefficient statistics:
  Matrix range     [1e+00, 6e+02]
  Objective range  [1e-02, 9e+04]
  Bounds range     [1e+00, 1e+01]
  RHS range        [1e+00, 1e+04]
H    0     0                    463154.63299 264116.279  43.0%     -   14s
C:\Users\TECNO-MASTER\anaconda3\lib\site-packages\pandas\core\indexes\base.py:6999: FutureWarning: In a future version, the Index constructor will not infer numeric dtypes when passed object-dtype sequences (matching Series behavior)
  return Index(sequences[0], name=names)
H    0     0                    462239.32817 264116.279  42.9%     -   14s
H   78    78                    426497.09534 264173.405  38.1%  1129   34s
     0     0 264018.051    0  152          - 264018.051      -     -    6s
    79    81 264173.690    9  313 426497.095 264173.690  38.1%  1130   35s
     0     0 264018.056    0  197          - 264018.056      -     -    6s
Presolve removed 23257 rows and 43636 columns
Presolve time: 0.22s
Presolved: 3102 rows, 10071 columns, 31724 nonzeros
Variable types: 824 continuous, 9247 integer (8472 binary)
H    0     0                    462211.43006 264116.279  42.9%     -   15s
H    0     0                    368804.26628 264116.279  28.4%     -   15s
Root relaxation presolved: 3102 rows, 10071 columns, 31724 nonzeros


    Nodes    |    Current Node    |     Objective Bounds      |     Work
 Expl Unexpl |  Obj  Depth IntInf | Incumbent    BestBd   Gap | It/Node Time

     0     0 264184.296    0  168          - 264184.296      -     -    3s
H    0     0                    368790.31722 264116.279  28.4%     -   15s
     0     2 264657.123    0   41 354130.225 264657.123  25.3%     -   10s
H    0     0                    368776.36817 264116.279  28.4%     -   15s
H    0     0                    367626.56224 264116.279  28.2%     -   15s
H    0     0                    367612.61319 264116.279  28.2%     -   15s
H    0     0                    367598.66413 264116.279  28.2%     -   15s
H   81    81                    425712.47313 264173.984  37.9%  1121   35s
Warning: Markowitz tolerance tightened to 0.25
H    0     0                    366998.55840 264116.279  28.0%     -   15s
H    0     0                    366984.60934 264116.279  28.0%     -   15s
     0     0 264186.862    0  220          - 264186.862      -     -    4s
H    0     0                    366737.15797 264116.279  28.0%     -   16s
H   52    52                    527637.13727 264071.545  50.0%  1023   26s
     0     0 264188.057    0  239          - 264188.057      -     -    4s
     0     0 264188.133    0  325          - 264188.133      -     -    4s
     0     0 264188.133    0  326          - 264188.133      -     -    4s
H    0     0                    366723.20891 264116.279  28.0%     -   16s
     0     0 264034.411    0  176          - 264034.411      -     -    8s
     0     0 264034.713    0  183          - 264034.713      -     -    8s
     0     2 264116.279    0  266 366723.209 264116.279  28.0%     -   16s
    11    13 264070.787    6  284 542602.627 264070.787  51.3%   579   10s
  [Fase 1 (infra libre)] estacion=station_3 dia=60 -> C:\Users\TECNO-MASTER\Desktop\Elmo_infrastructure_sizing_NP-\output\DCH_agosto\Costo_variable\Swap_libre\Swap_variable_3estaciones_640kW_Descomp/station_3_d60_stage1
formulation time: 13.244987487792969
Set parameter OutputFlag to value 1
Set parameter OutputFlag to value 1
Set parameter LogToConsole to value 1
Set parameter MIPGap to value 0.05
Set parameter TimeLimit to value 1200
Set parameter LogFile to value "C:\Users\TECNO-MASTER\Desktop\Elmo_infrastructure_sizing_NP-\output\DCH_agosto\Costo_variable\Swap_libre\Swap_variable_3estaciones_640kW_Descomp\station_3_d60_stage1\ELMO_log.txt"
Set parameter Threads to value 1
Set parameter Heuristics to value 0.5
Set parameter MIPFocus to value 3
Set parameter Presolve to value 2
Set parameter FlowCoverCuts to value 2
Gurobi Optimizer version 12.0.3 build v12.0.3rc0 (win64 - Windows 11+.0 (26200.2))

CPU model: Intel(R) Core(TM) i9-14900K, instruction set [SSE2|AVX|AVX2]
Thread count: 24 physical cores, 32 logical processors, using up to 1 threads

Non-default parameters:
TimeLimit  1200
MIPGap  0.05
Heuristics  0.5
MIPFocus  3
FlowCoverCuts  2
Presolve  2
Threads  1

Optimize a model with 26328 rows, 53707 columns and 242745 nonzeros
Model fingerprint: 0x7e55f750
Variable types: 2099 continuous, 51608 integer (18485 binary)
Coefficient statistics:
  Matrix range     [1e+00, 6e+02]
  Objective range  [9e-03, 9e+04]
  Bounds range     [1e+00, 1e+01]
  RHS range        [1e+00, 1e+04]
   241   243 264063.269   29  293 340878.815 264063.269  22.5%   702   50s
H   54    54                    527620.82445 264071.545  50.0%  1045   27s
    80    82 264029.017   10  306 425798.510 264024.770  38.0%   847   30s
Presolve removed 23257 rows and 43606 columns
Presolve time: 0.23s
Presolved: 3071 rows, 10101 columns, 31631 nonzeros
Variable types: 824 continuous, 9277 integer (8472 binary)
Root relaxation presolved: 3071 rows, 10101 columns, 31631 nonzeros

H  101   101                    587294.01200 265819.194  54.7%  1036   33s
H  101   101                    586779.78279 265819.194  54.7%  1036   33s
H  101   101                    586379.52956 265819.194  54.7%  1036   33s
H  101   101                    585865.30035 265819.194  54.6%  1036   33s
H  101   101                    585589.33983 265819.194  54.6%  1036   33s
H  101   101                    443309.36511 265819.194  40.0%  1036   33s
H  101   101                    442978.71217 265819.194  40.0%  1036   33s
H  101   101                    268704.39317 265819.194  1.07%  1036   33s

Cutting planes:
  Gomory: 25
  Lift-and-project: 21
  Implied bound: 11
  MIR: 210
  Mixing: 3
  StrongCG: 1
  Flow cover: 721
  RLT: 34
  Relax-and-lift: 56

Explored 102 nodes (146358 simplex iterations) in 33.29 seconds (43.72 work units)
Thread count was 1 (of 32 available processors)

Solution count 10: 268704 442979 443309 ... 588391

Optimal solution found (tolerance 5.00e-02)
Best objective 2.687043931651e+05, best bound 2.658193660930e+05, gap 1.0737%
     0     0 264196.316    0  169          - 264196.316      -     -    5s
     0     0 264197.885    0  186          - 264197.885      -     -    5s
     0     0 264197.894    0  191          - 264197.894      -     -    5s
     0     0 264050.851    0  188          - 264050.851      -     -    9s
     0     0 264050.851    0  188          - 264050.851      -     -    9s
C:\Users\TECNO-MASTER\anaconda3\lib\site-packages\pandas\core\indexes\base.py:6999: FutureWarning: In a future version, the Index constructor will not infer numeric dtypes when passed object-dtype sequences (matching Series behavior)
  return Index(sequences[0], name=names)
H    9     9                    365948.46387 264122.634  27.8%   920   18s
H    9     9                    365299.28890 264122.634  27.7%   920   18s
H    9     9                    363484.17805 264122.634  27.3%   920   18s
     0     2 264059.457    0  222          - 264059.457      -     -   19s
H    9     9                    362582.66687 264122.634  27.2%   920   18s
H    9     9                    361694.24366 264122.634  27.0%   920   18s
H    9     9                    360792.73247 264122.634  26.8%   920   18s
H    9     9                    360106.73683 264122.634  26.7%   920   18s
H    9     9                    358264.58894 264122.634  26.3%   920   18s
     1     3 264092.995    1  185          - 264061.186      -  1106   20s

Root relaxation: objective 2.640256e+05, 12102 iterations, 1.24 seconds (1.43 work units)

Root relaxation: objective 2.640531e+05, 26268 iterations, 3.66 seconds (4.01 work units)
     0     0 264205.891    0  199          - 264205.891      -     -    6s
     0     0 264069.829    0  155          - 264069.829      -     -   10s
     0     0 264208.624    0  382          - 264208.624      -     -    7s
     0     0 264208.625    0  386          - 264208.625      -     -    7s
     0     0 264091.678    0  201          - 264091.678      -     -   10s
     0     0 264091.714    0  202          - 264091.714      -     -   10s
   523   520 264057.542   43   80 437956.767 264057.542  39.7%   345   65s
    13    15 264657.123    7  213 354130.225 264657.123  25.3%   934   15s
   351   353 264657.122   35   74 348924.556 264657.122  24.2%   466   56s
H  101   101                    425346.46231 264201.194  37.9%  1097   39s

    Nodes    |    Current Node    |     Objective Bounds      |     Work
 Expl Unexpl |  Obj  Depth IntInf | Incumbent    BestBd   Gap | It/Node Time

     0     0 264025.582    0   52          - 264025.582      -     -    2s

    Nodes    |    Current Node    |     Objective Bounds      |     Work
 Expl Unexpl |  Obj  Depth IntInf | Incumbent    BestBd   Gap | It/Node Time

     0     0 264053.112    0   73          - 264053.112      -     -    4s
    68    70 264071.545    7  310 527620.824 264071.545  50.0%  1078   30s
     0     0 264210.872    0  246          - 264210.872      -     -    8s
     0     0 264210.889    0  292          - 264210.889      -     -    8s
   102   104 264404.503    6  197 425346.462 264203.186  37.9%  1120   40s
     0     0 264112.347    0  195          - 264112.347      -     -   12s
H   26    26                    542586.31453 264070.787  51.3%   631   13s
     0     0 264025.582    0   52          - 264025.582      -     -    3s
    19    21 264347.084   10  265 358264.589 264127.691  26.3%   916   20s
     0     0 264025.588    0   49          - 264025.588      -     -    3s
     0     0 264112.377    0  202          - 264112.377      -     -   12s
     0     0 264053.112    0   97          - 264053.112      -     -    6s
C:\Users\TECNO-MASTER\anaconda3\lib\site-packages\pandas\core\indexes\base.py:6999: FutureWarning: In a future version, the Index constructor will not infer numeric dtypes when passed object-dtype sequences (matching Series behavior)
  return Index(sequences[0], name=names)
  [Fase 1 (infra libre)] estacion=station_2 dia=182 -> C:\Users\TECNO-MASTER\Desktop\Elmo_infrastructure_sizing_NP-\output\DCH_agosto\Costo_variable\Swap_libre\Swap_variable_3estaciones_640kW_Descomp/station_2_d182_stage1
formulation time: 14.48024320602417
Set parameter OutputFlag to value 1
Set parameter OutputFlag to value 1
Set parameter LogToConsole to value 1
Set parameter MIPGap to value 0.05
Set parameter TimeLimit to value 1200
Set parameter LogFile to value "C:\Users\TECNO-MASTER\Desktop\Elmo_infrastructure_sizing_NP-\output\DCH_agosto\Costo_variable\Swap_libre\Swap_variable_3estaciones_640kW_Descomp\station_2_d182_stage1\ELMO_log.txt"
Set parameter Threads to value 1
Set parameter Heuristics to value 0.5
Set parameter MIPFocus to value 3
Set parameter Presolve to value 2
Set parameter FlowCoverCuts to value 2
     0     0 264053.112    0  193          - 264053.112      -     -    6s
Gurobi Optimizer version 12.0.3 build v12.0.3rc0 (win64 - Windows 11+.0 (26200.2))

CPU model: Intel(R) Core(TM) i9-14900K, instruction set [SSE2|AVX|AVX2]
Thread count: 24 physical cores, 32 logical processors, using up to 1 threads

Non-default parameters:
TimeLimit  1200
MIPGap  0.05
Heuristics  0.5
MIPFocus  3
FlowCoverCuts  2
Presolve  2
Threads  1

Optimize a model with 26389 rows, 54733 columns and 247857 nonzeros
Model fingerprint: 0xbb79e8cd
Variable types: 2129 continuous, 52604 integer (19481 binary)
Coefficient statistics:
  Matrix range     [1e+00, 6e+02]
  Objective range  [1e-02, 9e+04]
  Bounds range     [1e+00, 1e+01]
  RHS range        [1e+00, 1e+04]
     0     0 264119.249    0  153          - 264119.249      -     -   12s
     0     0 264128.587    0  159          - 264128.587      -     -   12s
     0     0 264214.848    0  264          - 264214.848      -     -    9s
Presolve removed 23281 rows and 44150 columns
Presolve time: 0.24s
Presolved: 3108 rows, 10583 columns, 33770 nonzeros
Variable types: 824 continuous, 9759 integer (8984 binary)
     0     0 264215.332    0  317          - 264215.332      -     -    9s
     0     0 264215.342    0  318          - 264215.342      -     -    9s
Root relaxation presolved: 3108 rows, 10583 columns, 33770 nonzeros

H  106   106                    425332.30344 264203.636  37.9%  1096   41s
     0     0 264025.588    0   51          - 264025.588      -     -    4s
     0     0 264025.588    0  214          - 264025.588      -     -    4s
    30    32 264070.787    8  337 542586.315 264070.787  51.3%   631   15s
   266   268 264063.269   28  296 340878.815 264063.269  22.5%   751   55s
     0     0 264215.452    0  313          - 264215.452      -     -   10s
     0     0 264067.633    0  171          - 264067.633      -     -    7s
     0     0 264215.486    0  321          - 264215.486      -     -   10s
     0     0 264067.633    0  175          - 264067.633      -     -    7s
H   78    78                    526605.60398 264071.545  49.9%  1043   32s
   379   381 264657.122   41   25 348924.556 264657.122  24.2%   468   60s
     0     0 264133.127    0  174          - 264133.127      -     -   14s
     0     0 264133.362    0  208          - 264133.362      -     -   14s
     0     0 264133.364    0  213          - 264133.364      -     -   14s
    96    98 264024.770   20  145 425798.510 264024.770  38.0%   946   35s
     0     0 264215.958    0  330          - 264215.958      -     -   10s
     0     0 264025.588    0   47          - 264025.588      -     -    6s

Root relaxation: objective 2.640429e+05, 14335 iterations, 1.63 seconds (2.33 work units)
     0     0 264025.588    0  216          - 264025.588      -     -    6s
   103   105 264362.057   10  336          - 264205.865      -   520   25s
     0     0 264215.958    0  318          - 264215.958      -     -   11s
  [Fase 1 (infra libre)] estacion=station_2 dia=213 -> C:\Users\TECNO-MASTER\Desktop\Elmo_infrastructure_sizing_NP-\output\DCH_agosto\Costo_variable\Swap_libre\Swap_variable_3estaciones_640kW_Descomp/station_2_d213_stage1
formulation time: 13.913538694381714
Set parameter OutputFlag to value 1
Set parameter OutputFlag to value 1
Set parameter LogToConsole to value 1
Set parameter MIPGap to value 0.05
Set parameter TimeLimit to value 1200
Set parameter LogFile to value "C:\Users\TECNO-MASTER\Desktop\Elmo_infrastructure_sizing_NP-\output\DCH_agosto\Costo_variable\Swap_libre\Swap_variable_3estaciones_640kW_Descomp\station_2_d213_stage1\ELMO_log.txt"
Set parameter Threads to value 1
Set parameter Heuristics to value 0.5
Set parameter MIPFocus to value 3
Set parameter Presolve to value 2
Set parameter FlowCoverCuts to value 2
Gurobi Optimizer version 12.0.3 build v12.0.3rc0 (win64 - Windows 11+.0 (26200.2))

CPU model: Intel(R) Core(TM) i9-14900K, instruction set [SSE2|AVX|AVX2]
Thread count: 24 physical cores, 32 logical processors, using up to 1 threads

Non-default parameters:
TimeLimit  1200
MIPGap  0.05
Heuristics  0.5
MIPFocus  3
FlowCoverCuts  2
Presolve  2
Threads  1

Optimize a model with 26389 rows, 54733 columns and 247857 nonzeros
Model fingerprint: 0x605785a5
Variable types: 2129 continuous, 52604 integer (19481 binary)
Coefficient statistics:
  Matrix range     [1e+00, 6e+02]
  Objective range  [8e-03, 9e+04]
  Bounds range     [1e+00, 1e+01]
  RHS range        [1e+00, 1e+04]
     0     0 264081.170    0  168          - 264081.170      -     -    8s
H    0     0                    504265.93422 264081.170  47.6%     -    8s
H    0     0                    428875.17200 264081.170  38.4%     -    8s
H    0     0                    428509.16118 264081.170  38.4%     -    8s
H    0     0                    428301.10314 264081.170  38.3%     -    8s
H    0     0                    426838.82334 264081.170  38.1%     -    8s
     0     0 264133.390    0  176          - 264133.390      -     -   15s
H    0     0                    426472.81252 264081.170  38.1%     -    8s
     0     0 264081.443    0  249 426472.813 264081.443  38.1%     -    8s
Presolve removed 23281 rows and 44150 columns
Presolve time: 0.21s
Presolved: 3108 rows, 10583 columns, 33770 nonzeros
Variable types: 824 continuous, 9759 integer (8984 binary)
H    0     0                    428128.19942 264133.390  38.3%     -   15s
H    0     0                    427654.68751 264133.390  38.2%     -   15s
Root relaxation presolved: 3108 rows, 10583 columns, 33770 nonzeros

H    0     0                    427644.62760 264133.390  38.2%     -   15s
H    0     0                    427191.23552 264133.390  38.2%     -   15s
     0     0 264133.390    0  194 427191.236 264133.390  38.2%     -   15s
   536   531 264057.542   20   79 437956.767 264057.542  39.7%   416   70s
     0     0 264025.588    0   48          - 264025.588      -     -    6s

    Nodes    |    Current Node    |     Objective Bounds      |     Work
 Expl Unexpl |  Obj  Depth IntInf | Incumbent    BestBd   Gap | It/Node Time

     0     0 264042.922    0   89          - 264042.922      -     -    2s
     0     0 264025.588    0  150          - 264025.588      -     -    6s
H   26    26                    354060.29029 264657.123  25.3%  1227   19s
C:\Users\TECNO-MASTER\anaconda3\lib\site-packages\pandas\core\indexes\base.py:6999: FutureWarning: In a future version, the Index constructor will not infer numeric dtypes when passed object-dtype sequences (matching Series behavior)
  return Index(sequences[0], name=names)
H  101   101                    425787.66471 264024.770  38.0%   945   37s
     0     0 264025.588    0   46          - 264025.588      -     -    7s
    85    87 264071.545    4  289 526605.604 264071.545  49.9%  1091   35s
     0     0 264025.588    0  234          - 264025.588      -     -    7s
     0     0 264135.608    0  173 427191.236 264135.608  38.2%     -   16s
   121   123 264442.508    9  221 425332.303 264215.040  37.9%  1179   45s
    27    29 264657.123    8  242 354060.290 264657.123  25.3%  1269   20s
     0     0 264086.544    0  175 426472.813 264086.544  38.1%     -   10s
     0     0 264042.922    0  105          - 264042.922      -     -    3s
     0     0 264135.651    0  185 427191.236 264135.651  38.2%     -   16s
     0     0 264042.926    0  149          - 264042.926      -     -    4s
     0     0 264087.189    0  332 426472.813 264087.189  38.1%     -   10s
    40    42 264149.878   19  461 358264.589 264149.878  26.3%  1030   25s
     0     0 264087.189    0  351 426472.813 264087.189  38.1%     -   10s
     0     0 264025.588    0   35          - 264025.588      -     -    8s
     0     0 264025.588    0   51          - 264025.588      -     -    8s

Root relaxation: objective 2.640176e+05, 14309 iterations, 1.92 seconds (2.26 work units)
  [Fase 1 (infra libre)] estacion=station_3 dia=182 -> C:\Users\TECNO-MASTER\Desktop\Elmo_infrastructure_sizing_NP-\output\DCH_agosto\Costo_variable\Swap_libre\Swap_variable_3estaciones_640kW_Descomp/station_3_d182_stage1
formulation time: 13.646085500717163
Set parameter OutputFlag to value 1
Set parameter OutputFlag to value 1
Set parameter LogToConsole to value 1
Set parameter MIPGap to value 0.05
Set parameter TimeLimit to value 1200
Set parameter LogFile to value "C:\Users\TECNO-MASTER\Desktop\Elmo_infrastructure_sizing_NP-\output\DCH_agosto\Costo_variable\Swap_libre\Swap_variable_3estaciones_640kW_Descomp\station_3_d182_stage1\ELMO_log.txt"
Set parameter Threads to value 1
Set parameter Heuristics to value 0.5
Set parameter MIPFocus to value 3
Set parameter Presolve to value 2
Set parameter FlowCoverCuts to value 2
Gurobi Optimizer version 12.0.3 build v12.0.3rc0 (win64 - Windows 11+.0 (26200.2))

CPU model: Intel(R) Core(TM) i9-14900K, instruction set [SSE2|AVX|AVX2]
Thread count: 24 physical cores, 32 logical processors, using up to 1 threads

Non-default parameters:
TimeLimit  1200
MIPGap  0.05
Heuristics  0.5
MIPFocus  3
FlowCoverCuts  2
Presolve  2
Threads  1

Optimize a model with 26359 rows, 53707 columns and 242807 nonzeros
Model fingerprint: 0x9dd0a65f
Variable types: 2099 continuous, 51608 integer (18485 binary)
Coefficient statistics:
  Matrix range     [1e+00, 6e+02]
  Objective range  [1e-02, 9e+04]
  Bounds range     [1e+00, 1e+01]
  RHS range        [1e+00, 1e+04]
     0     0 264135.860    0  180 427191.236 264135.860  38.2%     -   17s
Presolve removed 23257 rows and 43636 columns
Presolve time: 0.21s
Presolved: 3102 rows, 10071 columns, 31724 nonzeros
Variable types: 824 continuous, 9247 integer (8472 binary)
     0     0 264135.863    0  242 427191.236 264135.863  38.2%     -   17s
Root relaxation presolved: 3102 rows, 10071 columns, 31724 nonzeros

     0     0 264042.926    0   88          - 264042.926      -     -    5s
     0     0 264095.388    0  304 426472.813 264095.388  38.1%     -   11s
     0     0 264042.926    0  128          - 264042.926      -     -    5s
     0     0 264098.657    0  319 426472.813 264098.657  38.1%     -   11s
     0     0 264098.668    0  322 426472.813 264098.668  38.1%     -   11s
     0     0 264025.588    0   70          - 264025.588      -     -    9s
     0     0 264135.900    0  203 427191.236 264135.900  38.2%     -   18s
Warning: Markowitz tolerance tightened to 0.25
     0     0 264135.900    0  195 427191.236 264135.900  38.2%     -   18s
    47    49 264070.787   15  278 542586.315 264070.787  51.3%   724   20s
     0     0 264025.588    0   62          - 264025.588      -     -    9s

    Nodes    |    Current Node    |     Objective Bounds      |     Work
 Expl Unexpl |  Obj  Depth IntInf | Incumbent    BestBd   Gap | It/Node Time

     0     0 264017.585    0  128          - 264017.585      -     -    3s
H    0     0                    500364.31367 264025.588  47.2%     -    9s
H    0     0                    342812.75106 264017.585  23.0%     -    3s
H    0     0                    341809.80270 264017.585  22.8%     -    3s
H  188   188                    827498.85638 264230.690  68.1%   476   28s
H    0     0                    341799.74279 264017.585  22.8%     -    3s
H    0     0                    341326.23089 264017.585  22.6%     -    3s
H  188   188                    826605.58246 264230.690  68.0%   476   28s
H  188   188                    826209.03006 264230.690  68.0%   476   28s
H  188   188                    822862.35259 264230.690  67.9%   476   28s
H  188   188                    266263.16214 264230.690  0.76%   476   28s

Cutting planes:
  Gomory: 23
  Lift-and-project: 6
  Implied bound: 4
  MIR: 101
  Mixing: 1
  StrongCG: 2
  Flow cover: 377
  Zero half: 11
  RLT: 26
  Relax-and-lift: 19

Explored 189 nodes (128795 simplex iterations) in 28.89 seconds (32.86 work units)
Thread count was 1 (of 32 available processors)

Solution count 5: 266263 822862 826209 ... 827499

Optimal solution found (tolerance 5.00e-02)
Best objective 2.662631621357e+05, best bound 2.642310263628e+05, gap 0.7632%
H    0     0                    499905.33404 264025.588  47.2%     -   10s
H    0     0                    498222.15065 264025.588  47.0%     -   10s
H    0     0                    496041.67934 264025.588  46.8%     -   10s
H    0     0                    491709.36929 264025.588  46.3%     -   10s
H    0     0                    481210.24527 264025.588  45.1%     -   10s
H    0     0                    480454.34511 264025.588  45.0%     -   10s
   293   295 264063.269   38  305 340878.815 264063.269  22.5%   738   60s
H    0     0                    427181.17561 264135.900  38.2%     -   18s
H    0     0                    475687.54406 264025.588  44.5%     -   10s
H    0     0                    472931.31660 264025.588  44.2%     -   10s
H    0     0                    472169.53174 264025.588  44.1%     -   10s
H    0     0                    471446.45276 264025.588  44.0%     -   10s
H    0     0                    471435.51237 264025.588  44.0%     -   10s
H    0     0                    266965.21858 264025.588  1.10%     -   10s

Cutting planes:
  Gomory: 1
  Lift-and-project: 7
  MIR: 2
  StrongCG: 1
  Flow cover: 2
  Zero half: 1

Explored 1 nodes (36855 simplex iterations) in 10.40 seconds (10.57 work units)
Thread count was 1 (of 32 available processors)

Solution count 10: 266965 471436 471446 ... 496042

Optimal solution found (tolerance 5.00e-02)
   452   454 264657.926   46  165 348924.556 264657.122  24.2%   415   65s
Best objective 2.669652185796e+05, best bound 2.640255878456e+05, gap 1.1011%
     0     2 264136.059    0  195 427181.176 264136.059  38.2%     -   19s
   106   108 264024.770    9  230 425787.665 264024.770  38.0%   957   40s
     0     0 264042.926    0  100          - 264042.926      -     -    6s
     0     0 264042.926    0  230          - 264042.926      -     -    6s
     0     0 264101.537    0  292 426472.813 264101.537  38.1%     -   12s
     0     0 264017.588    0  134 341326.231 264017.588  22.6%     -    4s
     0     2 264215.958    0  318          - 264215.958      -     -   16s
     0     0 264101.562    0  318 426472.813 264101.562  38.1%     -   13s
     0     0 264017.588    0  217 341326.231 264017.588  22.6%     -    4s
H   52    52                    358258.04495 264149.970  26.3%  1046   28s
     6     8 264421.300    4  217 427181.176 264140.816  38.2%   560   20s
H   54    54                    542570.00171 264070.787  51.3%   736   21s
H   54    54                    353959.69375 264149.970  25.4%  1054   28s
   563   549 264057.542   28  116 437956.767 264057.542  39.7%   403   75s
     0     0 264042.926    0   98          - 264042.926      -     -    7s
     0     0 264106.386    0  262 426472.813 264106.386  38.1%     -   14s
     0     0 264042.926    0   98          - 264042.926      -     -    8s
    37    39 264657.123   12  136 354060.290 264657.123  25.3%  1337   25s
H    9     9                    426135.76660 264140.890  38.0%   532   21s
H    0     0                    651874.34150 264042.926  59.5%     -    8s
     0     0 264114.345    0  270 426472.813 264114.345  38.1%     -   14s
     0     0 264114.352    0  284 426472.813 264114.352  38.1%     -   14s
H    0     0                    650556.21358 264042.926  59.4%     -    8s
H    0     0                    649605.07623 264042.926  59.4%     -    8s
H    0     0                    546269.03098 264042.926  51.7%     -    8s
H    0     0                    544284.25077 264042.926  51.5%     -    8s
  [Fase 1 (infra libre)] estacion=station_2 dia=335 -> C:\Users\TECNO-MASTER\Desktop\Elmo_infrastructure_sizing_NP-\output\DCH_agosto\Costo_variable\Swap_libre\Swap_variable_3estaciones_640kW_Descomp/station_2_d335_stage1
formulation time: 14.30675458908081
Set parameter OutputFlag to value 1
Set parameter OutputFlag to value 1
Set parameter LogToConsole to value 1
Set parameter MIPGap to value 0.05
Set parameter TimeLimit to value 1200
Set parameter LogFile to value "C:\Users\TECNO-MASTER\Desktop\Elmo_infrastructure_sizing_NP-\output\DCH_agosto\Costo_variable\Swap_libre\Swap_variable_3estaciones_640kW_Descomp\station_2_d335_stage1\ELMO_log.txt"
Set parameter Threads to value 1
Set parameter Heuristics to value 0.5
Set parameter MIPFocus to value 3
Set parameter Presolve to value 2
Set parameter FlowCoverCuts to value 2
Gurobi Optimizer version 12.0.3 build v12.0.3rc0 (win64 - Windows 11+.0 (26200.2))

CPU model: Intel(R) Core(TM) i9-14900K, instruction set [SSE2|AVX|AVX2]
Thread count: 24 physical cores, 32 logical processors, using up to 1 threads

Non-default parameters:
TimeLimit  1200
MIPGap  0.05
Heuristics  0.5
MIPFocus  3
FlowCoverCuts  2
Presolve  2
Threads  1

Optimize a model with 26358 rows, 54733 columns and 247795 nonzeros
Model fingerprint: 0x76c8b98e
Variable types: 2129 continuous, 52604 integer (19481 binary)
Coefficient statistics:
  Matrix range     [1e+00, 6e+02]
  Objective range  [4e-03, 9e+04]
  Bounds range     [1e+00, 1e+01]
  RHS range        [1e+00, 1e+04]
H    0     0                    341177.06926 264042.926  22.6%     -    8s
H    0     0                    340888.45654 264042.926  22.5%     -    8s
     0     0 264017.588    0  190 341326.231 264017.588  22.6%     -    6s
   100   102 264071.604   14  166 526605.604 264071.545  49.9%  1148   40s
Presolve removed 23281 rows and 44120 columns
Presolve time: 0.22s
Presolved: 3077 rows, 10613 columns, 33677 nonzeros
Variable types: 824 continuous, 9789 integer (8984 binary)
Root relaxation presolved: 3077 rows, 10613 columns, 33677 nonzeros

   162   164 264497.337   19  368 425332.303 264249.226  37.9%  1148   50s
     0     2 264042.926    0   94 340888.457 264042.926  22.5%     -    8s
     0     0 264017.588    0  216 341326.231 264017.588  22.6%     -    6s
    61    63 264376.889   30  295 353959.694 264149.970  25.4%  1084   30s

Root relaxation: objective 2.640435e+05, 29991 iterations, 4.22 seconds (4.74 work units)
H  101   101                    522346.72462 264071.545  49.4%  1137   40s
H  101   101                    521955.76115 264071.545  49.4%  1137   40s
H  101   101                    521939.44834 264071.545  49.4%  1137   40s
     0     0 264114.721    0  265 426472.813 264114.721  38.1%     -   15s
H  101   101                    520858.03204 264071.545  49.3%  1137   40s
H  101   101                    519842.81157 264071.545  49.2%  1137   40s
H  101   101                    344453.00979 264071.545  23.3%  1137   40s
H  101   101                    344431.51908 264071.545  23.3%  1137   40s
H  101   101                    343382.63385 264071.545  23.1%  1137   40s
H  101   101                    343361.14313 264071.545  23.1%  1137   40s
     0     0 264114.726    0  282 426472.813 264114.726  38.1%     -   15s
Warning: Markowitz tolerance tightened to 0.03125
Total elapsed time = 5.11s (DegenMoves)

    Nodes    |    Current Node    |     Objective Bounds      |     Work
 Expl Unexpl |  Obj  Depth IntInf | Incumbent    BestBd   Gap | It/Node Time

     0     0 264043.525    0  105          - 264043.525      -     -    5s
     8    10 264042.926    4  196 340888.457 264042.926  22.5%   769   10s
✅ Solution time [sec]: 7.98
📊 Status: optimal
💰 Operation Cost: 265530.8951647455
⚠️ No se encontró 'gurobi.log'. 
✔ JSON de variables y parámetros, log y summary guardados en 'C:\Users\TECNO-MASTER\Desktop\Elmo_infrastructure_sizing_NP-\output\DCH_agosto\Costo_variable\Swap_libre\Swap_variable_3estaciones_640kW_Descomp/station_1_d60_stage1'.
  [Fase 1 (infra libre)] estacion=station_3 dia=244 -> C:\Users\TECNO-MASTER\Desktop\Elmo_infrastructure_sizing_NP-\output\DCH_agosto\Costo_variable\Swap_libre\Swap_variable_3estaciones_640kW_Descomp/station_3_d244_stage1
formulation time: 13.318185329437256
Set parameter OutputFlag to value 1
Set parameter OutputFlag to value 1
Set parameter LogToConsole to value 1
Set parameter MIPGap to value 0.05
Set parameter TimeLimit to value 1200
Set parameter LogFile to value "C:\Users\TECNO-MASTER\Desktop\Elmo_infrastructure_sizing_NP-\output\DCH_agosto\Costo_variable\Swap_libre\Swap_variable_3estaciones_640kW_Descomp\station_3_d244_stage1\ELMO_log.txt"
Set parameter Threads to value 1
Set parameter Heuristics to value 0.5
Set parameter MIPFocus to value 3
Set parameter Presolve to value 2
Set parameter FlowCoverCuts to value 2
Gurobi Optimizer version 12.0.3 build v12.0.3rc0 (win64 - Windows 11+.0 (26200.2))

CPU model: Intel(R) Core(TM) i9-14900K, instruction set [SSE2|AVX|AVX2]
Thread count: 24 physical cores, 32 logical processors, using up to 1 threads

Non-default parameters:
TimeLimit  1200
MIPGap  0.05
Heuristics  0.5
MIPFocus  3
FlowCoverCuts  2
Presolve  2
Threads  1

Optimize a model with 26359 rows, 53707 columns and 242807 nonzeros
Model fingerprint: 0x00b71be3
Variable types: 2099 continuous, 51608 integer (18485 binary)
Coefficient statistics:
  Matrix range     [1e+00, 6e+02]
  Objective range  [8e-03, 9e+04]
  Bounds range     [1e+00, 1e+01]
  RHS range        [1e+00, 1e+04]
Presolve removed 23257 rows and 43636 columns
Presolve time: 0.17s
Presolved: 3102 rows, 10071 columns, 31724 nonzeros
Variable types: 824 continuous, 9247 integer (8472 binary)
Root relaxation presolved: 3102 rows, 10071 columns, 31724 nonzeros

     0     0 264114.880    0  223 426472.813 264114.880  38.1%     -   16s
    72    74 264070.787    6  337 542570.002 264070.787  51.3%   739   25s
     0     0 264027.147    0  222 341326.231 264027.147  22.6%     -    8s
     0     0 264037.307    0  254 341326.231 264037.307  22.6%     -    8s
     0     0 264115.071    0  262 426472.813 264115.071  38.1%     -   17s
H   32    32                    707482.21132 264266.117  62.6%   976   20s
     0     0 264115.084    0  270 426472.813 264115.084  38.1%     -   17s
H   32    32                    704404.28494 264266.117  62.5%   976   20s
   315   317 264063.269   28  217 340878.815 264063.269  22.5%   746   65s
   127   129 264029.348   27  330 425787.665 264024.770  38.0%  1038   45s
H  104   104                    342362.23549 264071.545  22.9%  1139   42s
Warning: Markowitz tolerance tightened to 0.25

Root relaxation: objective 2.640140e+05, 20070 iterations, 2.38 seconds (2.82 work units)
   505   507 264657.122   59   17 348924.556 264657.122  24.2%   394   70s
     0     0 264043.525    0  124          - 264043.525      -     -    6s
H  182   182                    424614.44067 264259.682  37.8%  1134   52s
     0     0 264043.532    0  255          - 264043.532      -     -    6s
     0     0 264065.468    0  176 341326.231 264065.468  22.6%     -    9s
H   78    78                    542521.06326 264070.787  51.3%   706   26s
     0     0 264065.669    0  293 341326.231 264065.669  22.6%     -    9s
     0     0 264065.669    0  297 341326.231 264065.669  22.6%     -    9s

    Nodes    |    Current Node    |     Objective Bounds      |     Work
 Expl Unexpl |  Obj  Depth IntInf | Incumbent    BestBd   Gap | It/Node Time

     0     0 264013.987    0  166          - 264013.987      -     -    3s
     0     0 264121.044    0  259 426472.813 264121.044  38.1%     -   18s
    38    40 264182.149   14  407 426135.767 264182.128  38.0%   546   25s
     0     0 264122.207    0  340 426472.813 264122.207  38.1%     -   18s
     0     0 264122.207    0  341 426472.813 264122.207  38.1%     -   18s
   591   568 264057.542   24   64 437956.767 264057.542  39.7%   400   80s
     0     0 264043.532    0  130          - 264043.532      -     -    8s
     0     0 264068.183    0  180 341326.231 264068.183  22.6%     -   10s
     0     0 264043.532    0  140          - 264043.532      -     -    8s
     0     0 264122.595    0  281 426472.813 264122.595  38.1%     -   19s
H    0     0                    341316.17097 264068.183  22.6%     -   10s
     0     0 264022.294    0  153          - 264022.294      -     -    4s
     0     0 264068.192    0  191 341316.171 264068.192  22.6%     -   10s
     0     0 264122.601    0  329 426472.813 264122.601  38.1%     -   19s
H   40    40                    635238.32535 264268.573  58.4%   978   22s
     0     0 264023.627    0  315          - 264023.627      -     -    4s
     0     0 264023.627    0  321          - 264023.627      -     -    4s
H   54    54                    352268.34228 264657.123  24.9%  1292   30s
H   54    54                    267282.72897 264657.123  0.98%  1292   30s

Cutting planes:
  Gomory: 18
  Lift-and-project: 27
  Implied bound: 8
  MIR: 206
  Mixing: 9
  StrongCG: 5
  Flow cover: 969
  Zero half: 17
  RLT: 57
  Relax-and-lift: 14

Explored 55 nodes (111648 simplex iterations) in 30.39 seconds (38.02 work units)
Thread count was 1 (of 32 available processors)

Solution count 10: 267283 352268 354060 ... 724093

Optimal solution found (tolerance 5.00e-02)
Best objective 2.672827289699e+05, best bound 2.646571225037e+05, gap 0.9823%
     0     0 264072.373    0  186 341316.171 264072.373  22.6%     -   11s
     0     0 264072.374    0  216 341316.171 264072.374  22.6%     -   11s
   202   204 264558.165   23  239 424614.441 264266.803  37.8%  1119   55s
     0     0 264132.305    0  211 426472.813 264132.305  38.1%     -   20s
    83    85 264217.180   41  318 353959.694 264149.975  25.4%  1088   35s
     0     0 264132.369    0  234 426472.813 264132.369  38.1%     -   20s
     0     0 264043.532    0  101          - 264043.532      -     -    9s
     0     0 264043.532    0  227          - 264043.532      -     -    9s

Root relaxation: objective 2.640165e+05, 29406 iterations, 3.97 seconds (4.37 work units)
✅ Solution time [sec]: 9.04
📊 Status: optimal
💰 Operation Cost: 265659.72549004527
⚠️ No se encontró 'gurobi.log'. 
✔ JSON de variables y parámetros, log y summary guardados en 'C:\Users\TECNO-MASTER\Desktop\Elmo_infrastructure_sizing_NP-\output\DCH_agosto\Costo_variable\Swap_libre\Swap_variable_3estaciones_640kW_Descomp/station_1_d121_stage1'.
  [Fase 1 (infra libre)] estacion=station_3 dia=274 -> C:\Users\TECNO-MASTER\Desktop\Elmo_infrastructure_sizing_NP-\output\DCH_agosto\Costo_variable\Swap_libre\Swap_variable_3estaciones_640kW_Descomp/station_3_d274_stage1
formulation time: 14.284449100494385
Set parameter OutputFlag to value 1
Set parameter OutputFlag to value 1
Set parameter LogToConsole to value 1
Set parameter MIPGap to value 0.05
Set parameter TimeLimit to value 1200
Set parameter LogFile to value "C:\Users\TECNO-MASTER\Desktop\Elmo_infrastructure_sizing_NP-\output\DCH_agosto\Costo_variable\Swap_libre\Swap_variable_3estaciones_640kW_Descomp\station_3_d274_stage1\ELMO_log.txt"
Set parameter Threads to value 1
Set parameter Heuristics to value 0.5
Set parameter MIPFocus to value 3
Set parameter Presolve to value 2
Set parameter FlowCoverCuts to value 2
Gurobi Optimizer version 12.0.3 build v12.0.3rc0 (win64 - Windows 11+.0 (26200.2))

CPU model: Intel(R) Core(TM) i9-14900K, instruction set [SSE2|AVX|AVX2]
Thread count: 24 physical cores, 32 logical processors, using up to 1 threads

Non-default parameters:
TimeLimit  1200
MIPGap  0.05
Heuristics  0.5
MIPFocus  3
FlowCoverCuts  2
Presolve  2
Threads  1

Optimize a model with 26328 rows, 53707 columns and 242745 nonzeros
Model fingerprint: 0x7fb1c5e7
Variable types: 2099 continuous, 51608 integer (18485 binary)
Coefficient statistics:
  Matrix range     [1e+00, 6e+02]
  Objective range  [4e-03, 9e+04]
  Bounds range     [1e+00, 1e+01]
  RHS range        [1e+00, 1e+04]
     0     0 264134.283    0  255 426472.813 264134.283  38.1%     -   20s
Presolve removed 23257 rows and 43606 columns
Presolve time: 0.21s
Presolved: 3071 rows, 10101 columns, 31631 nonzeros
     0     0 264027.472    0  218          - 264027.472      -     -    6s
Variable types: 824 continuous, 9277 integer (8472 binary)
   106   108 264071.545   16  263 342362.235 264071.545  22.9%  1138   46s
     0     0 264072.414    0  194 341316.171 264072.414  22.6%     -   12s
Root relaxation presolved: 3071 rows, 10101 columns, 31631 nonzeros

     0     0 264074.324    0  206 341316.171 264074.324  22.6%     -   12s
     0     0 264074.338    0  209 341316.171 264074.338  22.6%     -   12s
     0     0 264134.320    0  284 426472.813 264134.320  38.1%     -   21s
H  603   547                    348081.76745 264057.542  24.1%   399   82s
     0     0 264029.874    0  343          - 264029.874      -     -    6s
H   54    54                    425662.25469 264192.930  37.9%   608   27s
     0     0 264030.001    0  338          - 264030.001      -     -    6s
H   54    54                    424725.29080 264192.930  37.8%   608   27s
     0     0 264030.001    0  344          - 264030.001      -     -    6s
Total elapsed time = 5.00s (DegenMoves)
    35    37 264042.926   18  263 340888.457 264042.926  22.5%   621   15s

    Nodes    |    Current Node    |     Objective Bounds      |     Work
 Expl Unexpl |  Obj  Depth IntInf | Incumbent    BestBd   Gap | It/Node Time

     0     0 264016.466    0   43          - 264016.466      -     -    5s
     0     0 264043.532    0  118          - 264043.532      -     -   10s
     0     0 264074.442    0  204 341316.171 264074.442  22.6%     -   13s
    93    95 264082.060   10  146 542521.063 264070.787  51.3%   737   30s
     0     0 264043.532    0  136          - 264043.532      -     -   11s
     0     0 264074.446    0  216 341316.171 264074.446  22.6%     -   13s
     0     0 264134.393    0  291 426472.813 264134.393  38.1%     -   21s
   339   341 264063.269   40  124 340878.815 264063.269  22.5%   760   70s
    50    52 264537.966    6  368 635238.325 264274.217  58.4%  1110   25s
     0     0 264040.114    0  238          - 264040.114      -     -    7s
   150   152 264024.770   14  100 425787.665 264024.770  38.0%  1025   50s

Root relaxation: objective 2.645635e+05, 12779 iterations, 1.37 seconds (1.64 work units)
     0     0 264041.380    0  285          - 264041.380      -     -    7s
     0     0 264041.480    0  294          - 264041.480      -     -    7s
     0     0 264041.482    0  298          - 264041.482      -     -    7s
     0     0 264043.532    0  103          - 264043.532      -     -   11s
   514   514 264657.122   35   63 348924.556 264657.122  24.2%   390   75s
     0     0 264075.491    0  226 341316.171 264075.491  22.6%     -   14s
     0     0 264043.532    0   98          - 264043.532      -     -   12s
H    0     0                    651874.34150 264043.532  59.5%     -   12s
H    0     0                    650726.28196 264043.532  59.4%     -   12s
H    0     0                    650400.54414 264043.532  59.4%     -   12s
H    0     0                    649736.03047 264043.532  59.4%     -   12s
H    0     0                    646540.10797 264043.532  59.2%     -   12s
H    0     0                    624134.45344 264043.532  57.7%     -   12s
     0     0 264016.466    0  185          - 264016.466      -     -    6s

    Nodes    |    Current Node    |     Objective Bounds      |     Work
 Expl Unexpl |  Obj  Depth IntInf | Incumbent    BestBd   Gap | It/Node Time

     0     0 264563.486    0   55          - 264563.486      -     -    2s
     0     0 264016.471    0  204          - 264016.471      -     -    6s
H    0     0                    623832.80268 264043.532  57.7%     -   12s
H    0     0                    341306.11106 264075.491  22.6%     -   14s
H    0     0                    623120.98557 264043.532  57.6%     -   12s
✅ Solution time [sec]: 12.94
📊 Status: optimal
💰 Operation Cost: 266857.01220526884
⚠️ No se encontró 'gurobi.log'. 
✔ JSON de variables y parámetros, log y summary guardados en 'C:\Users\TECNO-MASTER\Desktop\Elmo_infrastructure_sizing_NP-\output\DCH_agosto\Costo_variable\Swap_libre\Swap_variable_3estaciones_640kW_Descomp/station_1_d91_stage1'.
  [Fase 1 (infra libre)] estacion=station_3 dia=305 -> C:\Users\TECNO-MASTER\Desktop\Elmo_infrastructure_sizing_NP-\output\DCH_agosto\Costo_variable\Swap_libre\Swap_variable_3estaciones_640kW_Descomp/station_3_d305_stage1
formulation time: 14.100394487380981
Set parameter OutputFlag to value 1
Set parameter OutputFlag to value 1
Set parameter LogToConsole to value 1
Set parameter MIPGap to value 0.05
Set parameter TimeLimit to value 1200
Set parameter LogFile to value "C:\Users\TECNO-MASTER\Desktop\Elmo_infrastructure_sizing_NP-\output\DCH_agosto\Costo_variable\Swap_libre\Swap_variable_3estaciones_640kW_Descomp\station_3_d305_stage1\ELMO_log.txt"
Set parameter Threads to value 1
Set parameter Heuristics to value 0.5
Set parameter MIPFocus to value 3
Set parameter Presolve to value 2
Set parameter FlowCoverCuts to value 2
H    0     0                    621081.01180 264043.532  57.5%     -   12s
Gurobi Optimizer version 12.0.3 build v12.0.3rc0 (win64 - Windows 11+.0 (26200.2))

CPU model: Intel(R) Core(TM) i9-14900K, instruction set [SSE2|AVX|AVX2]
Thread count: 24 physical cores, 32 logical processors, using up to 1 threads

Non-default parameters:
TimeLimit  1200
MIPGap  0.05
Heuristics  0.5
MIPFocus  3
FlowCoverCuts  2
Presolve  2
Threads  1

Optimize a model with 26328 rows, 53707 columns and 242745 nonzeros
Model fingerprint: 0x8872fd27
Variable types: 2099 continuous, 51608 integer (18485 binary)
Coefficient statistics:
  Matrix range     [1e+00, 6e+02]
  Objective range  [1e-01, 9e+04]
  Bounds range     [1e+00, 1e+01]
  RHS range        [1e+00, 1e+04]
H    0     0                    619958.10065 264043.532  57.4%     -   12s
H    0     0                    538664.66339 264043.532  51.0%     -   12s
    68    70 264530.450    5  326 424725.291 264203.606  37.8%   628   30s
     0     2 264043.532    0   98 538664.663 264043.532  51.0%     -   12s
     0     0 264076.173    0  322 341306.111 264076.173  22.6%     -   15s
     0     0 264076.204    0  343 341306.111 264076.204  22.6%     -   15s
Presolve removed 23257 rows and 43606 columns
Presolve time: 0.18s
Presolved: 3071 rows, 10101 columns, 31631 nonzeros
Variable types: 824 continuous, 9277 integer (8472 binary)
H  158   158                    344618.85104 264024.770  23.4%  1013   51s
H  158   158                    343240.37280 264024.770  23.1%  1013   51s
Root relaxation presolved: 3071 rows, 10101 columns, 31631 nonzeros

   615   557 264057.542   27   73 348081.767 264057.542  24.1%   399   85s
     0     0 264563.487    0   81          - 264563.487      -     -    3s
H  101   101                    268322.48148 264070.787  1.58%   743   32s

Cutting planes:
  Gomory: 21
  Lift-and-project: 1
  Implied bound: 13
  MIR: 420
  Mixing: 13
  StrongCG: 1
  Flow cover: 1822
  Zero half: 4
  RLT: 88
  Relax-and-lift: 73

Explored 102 nodes (106835 simplex iterations) in 32.30 seconds (38.18 work units)
Thread count was 1 (of 32 available processors)

Solution count 10: 268322 542521 542570 ... 641082

Optimal solution found (tolerance 5.00e-02)
Best objective 2.683224814833e+05, best bound 2.640707870648e+05, gap 1.5845%
     0     0 264134.393    0  290 426472.813 264134.393  38.1%     -   24s
     0     0 264046.575    0  265          - 264046.575      -     -    9s
     0     0 264657.123    0  327          - 264657.123      -     -    3s
     0     0 264046.685    0  293          - 264046.685      -     -    9s
     0     0 264657.123    0  319          - 264657.123      -     -    3s
     0     0 264046.719    0  388          - 264046.719      -     -    9s
H   58    58                    634892.18085 264280.739  58.4%  1132   27s
     0     0 264026.300    0  184          - 264026.300      -     -    7s
     0     0 264026.354    0  190          - 264026.354      -     -    8s
     0     0 264076.408    0  245 341306.111 264076.408  22.6%     -   16s
     0     0 264076.408    0  245 341306.111 264076.408  22.6%     -   16s
   126   128 264071.545   20  135 342362.235 264071.545  22.9%  1122   50s
     0     2 264134.396    0  284 426472.813 264134.396  38.1%     -   25s
     0     0 264047.608    0  187          - 264047.608      -     -    8s
     0     0 264047.926    0  198          - 264047.926      -     -    8s
     0     0 264047.940    0  198          - 264047.940      -     -    8s
   249   251 264658.987   14  187 424614.441 264271.908  37.8%  1021   60s
H  101   101                    353917.84658 264149.986  25.4%  1074   40s

Root relaxation: objective 2.657834e+05, 14400 iterations, 1.57 seconds (1.75 work units)
H    0     0                    340852.71898 264084.749  22.5%     -   16s
H  101   101                    353514.07778 264149.986  25.3%  1074   40s
H  162   162                    340862.13790 264024.770  22.5%  1048   53s
     0     0 264055.159    0  262          - 264055.159      -     -   10s
H   78    78                    424715.23089 264213.082  37.8%   633   32s
     0     0 264055.547    0  280          - 264055.547      -     -   10s
     0     0 264055.790    0  302          - 264055.790      -     -   10s
     0     0 264055.793    0  310          - 264055.793      -     -   10s
     0     2 264084.749    0  234 340852.719 264084.749  22.5%     -   17s
     0     0 264657.123    0   36          - 264657.123      -     -    5s
     0     0 264657.123    0   83          - 264657.123      -     -    5s

    Nodes    |    Current Node    |     Objective Bounds      |     Work
 Expl Unexpl |  Obj  Depth IntInf | Incumbent    BestBd   Gap | It/Node Time

     0     0 265783.430    0  167          - 265783.430      -     -    2s
    11    13 264043.532    2  344 538664.663 264043.532  51.0%   650   15s
✅ Solution time [sec]: 23.24
📊 Status: optimal
💰 Operation Cost: 265868.7179945025
⚠️ No se encontró 'gurobi.log'. 
✔ JSON de variables y parámetros, log y summary guardados en 'C:\Users\TECNO-MASTER\Desktop\Elmo_infrastructure_sizing_NP-\output\DCH_agosto\Costo_variable\Swap_libre\Swap_variable_3estaciones_640kW_Descomp/station_1_d32_stage1'.
  [Fase 1 (infra libre)] estacion=station_3 dia=335 -> C:\Users\TECNO-MASTER\Desktop\Elmo_infrastructure_sizing_NP-\output\DCH_agosto\Costo_variable\Swap_libre\Swap_variable_3estaciones_640kW_Descomp/station_3_d335_stage1
formulation time: 13.776780366897583
Set parameter OutputFlag to value 1
Set parameter OutputFlag to value 1
Set parameter LogToConsole to value 1
Set parameter MIPGap to value 0.05
Set parameter TimeLimit to value 1200
Set parameter LogFile to value "C:\Users\TECNO-MASTER\Desktop\Elmo_infrastructure_sizing_NP-\output\DCH_agosto\Costo_variable\Swap_libre\Swap_variable_3estaciones_640kW_Descomp\station_3_d335_stage1\ELMO_log.txt"
Set parameter Threads to value 1
Set parameter Heuristics to value 0.5
Set parameter MIPFocus to value 3
Set parameter Presolve to value 2
Set parameter FlowCoverCuts to value 2
Gurobi Optimizer version 12.0.3 build v12.0.3rc0 (win64 - Windows 11+.0 (26200.2))

CPU model: Intel(R) Core(TM) i9-14900K, instruction set [SSE2|AVX|AVX2]
Thread count: 24 physical cores, 32 logical processors, using up to 1 threads

Non-default parameters:
TimeLimit  1200
MIPGap  0.05
Heuristics  0.5
MIPFocus  3
FlowCoverCuts  2
Presolve  2
Threads  1

Optimize a model with 26328 rows, 53707 columns and 242745 nonzeros
Model fingerprint: 0x02d54d96
Variable types: 2099 continuous, 51608 integer (18485 binary)
Coefficient statistics:
  Matrix range     [1e+00, 6e+02]
  Objective range  [4e-03, 9e+04]
  Bounds range     [1e+00, 1e+01]
  RHS range        [1e+00, 1e+04]
    59    61 264042.926   29  351 340888.457 264042.926  22.5%   560   20s
Presolve removed 23257 rows and 43606 columns
Presolve time: 0.18s
Presolved: 3071 rows, 10101 columns, 31631 nonzeros
Variable types: 824 continuous, 9277 integer (8472 binary)
     0     0 264054.827    0  208          - 264054.827      -     -    9s
Root relaxation presolved: 3071 rows, 10101 columns, 31631 nonzeros

H  106   106                    353500.12872 264149.986  25.3%  1092   41s
     0     0 264055.067    0  324          - 264055.067      -     -   10s
     0     0 264055.068    0  325          - 264055.068      -     -   10s
H  106   106                    352050.79270 264149.986  25.0%  1092   41s
     0     0 264057.806    0  275          - 264057.806      -     -   11s
H  106   106                    351541.94090 264149.986  24.9%  1092   41s
     0     0 265842.057    0  203          - 265842.057      -     -    3s
     0     0 264067.124    0  293          - 264067.124      -     -   12s
     0     0 265842.191    0  213          - 265842.191      -     -    3s
     0     0 265842.198    0  232          - 265842.198      -     -    3s
     0     0 264067.171    0  312          - 264067.171      -     -   12s
Warning: Markowitz tolerance tightened to 0.03125
     0     0 264657.123    0   67          - 264657.123      -     -    6s
     0     0 264657.123    0   69          - 264657.123      -     -    6s
    69    71 264288.799    9  444 634892.181 264288.028  58.4%  1185   30s
     0     0 264065.504    0  312          - 264065.504      -     -   10s
     0     0 264065.505    0  320          - 264065.505      -     -   10s
   170   172 264024.770    4  286 340862.138 264024.770  22.5%  1086   55s
H  108   108                    350734.40330 264149.986  24.7%  1093   42s
H  108   108                    350720.45424 264149.986  24.7%  1093   42s
   364   366 264063.269   37  239 340878.815 264063.269  22.5%   751   75s
     0     0 265842.203    0  236          - 265842.203      -     -    4s
     0     0 264069.676    0  272          - 264069.676      -     -   13s
     0     0 265842.210    0  310          - 265842.210      -     -    4s
Warning: Markowitz tolerance tightened to 0.0625
     0     0 264657.123    0   58          - 264657.123      -     -    7s
     0     0 264069.988    0  316          - 264069.988      -     -   13s
     0     0 264070.034    0  404          - 264070.034      -     -   13s

Root relaxation: objective 2.640227e+05, 16515 iterations, 1.62 seconds (2.17 work units)
     0     0 264657.123    0  130          - 264657.123      -     -    7s
H   92    92                    346018.35494 264233.567  23.6%   678   34s
H   92    92                    345005.34667 264233.567  23.4%   678   34s
     0     0 264065.711    0  344          - 264065.711      -     -   11s
     0     0 264075.685    0  400          - 264075.685      -     -   11s
     0     0 264075.687    0  407          - 264075.687      -     -   11s

    Nodes    |    Current Node    |     Objective Bounds      |     Work
 Expl Unexpl |  Obj  Depth IntInf | Incumbent    BestBd   Gap | It/Node Time

     0     0 264022.660    0  130          - 264022.660      -     -    2s
    95    97 264245.451   13  343 345005.347 264234.824  23.4%   664   35s
    21    23 264362.928    4  276 340852.719 264093.185  22.5%   811   20s
     0     0 265842.233    0  216          - 265842.233      -     -    5s
   520   518 264657.122   30   37 348924.556 264657.122  24.2%   385   81s
   642   575 264057.542   37   33 348081.767 264057.542  24.1%   387   90s
     0     0 264075.971    0  318          - 264075.971      -     -   12s
     0     0 264657.123    0   64          - 264657.123      -     -    8s
     0     0 264075.979    0  333          - 264075.979      -     -   12s
     0     0 264657.123    0  113          - 264657.123      -     -    8s
     0     0 264070.856    0  276          - 264070.856      -     -   14s
     0     0 265842.233    0  216          - 265842.233      -     -    5s
     0     0 264070.862    0  281          - 264070.862      -     -   14s
     0     0 264035.572    0  151          - 264035.572      -     -    3s
H   26    26                    426106.80170 264182.071  38.0%   815   29s
H   26    26                    425740.79088 264182.071  37.9%   815   29s
H   26    26                    537692.90273 264043.532  50.9%   577   18s
H  101   101                    344747.01009 264239.366  23.4%   657   36s
H  101   101                    344726.89026 264239.366  23.3%   657   36s
     0     0 264047.746    0  257          - 264047.746      -     -    3s
   140   142 264071.545   22  115 342362.235 264071.545  22.9%  1055   55s
H  101   101                    343944.77045 264239.366  23.2%   657   36s
     0     0 264657.123    0   71          - 264657.123      -     -    9s
H  101   101                    343934.71053 264239.366  23.2%   657   36s
H  101   101                    343779.86645 264239.366  23.1%   657   36s
H  101   101                    342997.74664 264239.366  23.0%   657   36s
     0     0 264657.123    0   66          - 264657.123      -     -    9s
    28    30 264235.593    3  375 425740.791 264185.763  37.9%   873   30s
   288   290 264495.820   25  310 424614.441 264278.791  37.8%  1085   65s
     0     0 264081.583    0  298          - 264081.583      -     -   13s
H   27    27                    537679.86468 264043.532  50.9%   599   19s
     0     0 264081.615    0  337          - 264081.615      -     -   13s
   125   127 264348.841   56  307 350720.454 264149.986  24.7%  1138   45s
H    0     0                    642720.74802 264657.123  58.8%     -    9s
     0     0 264072.201    0  298          - 264072.201      -     -   15s
H    0     0                    642462.54329 264657.123  58.8%     -    9s
H    0     0                    640602.99370 264657.123  58.7%     -    9s
H    0     0                    355405.19043 264657.123  25.5%     -    9s
H    0     0                    355400.06993 264657.123  25.5%     -    9s
H  147   147                    342312.35247 264071.545  22.9%  1027   56s
H  147   147                    341942.97430 264071.545  22.8%  1027   56s
     0     2 264657.123    0   53 355400.070 264657.123  25.5%     -   10s
     0     0 264055.025    0  207          - 264055.025      -     -    4s
     0     0 264072.201    0  289          - 264072.201      -     -   16s
    31    33 264043.532    9  340 537679.865 264043.532  50.9%   735   20s
     0     0 264059.406    0  231          - 264059.406      -     -    4s
     0     0 264059.406    0  236          - 264059.406      -     -    4s
     0     0 264081.648    0  344          - 264081.648      -     -   14s
     0     0 264081.693    0  431          - 264081.693      -     -   14s
H   84    84                    633271.86760 264292.067  58.3%  1170   34s
H   84    84                    632471.42123 264292.067  58.2%  1170   34s
H   84    84                    631785.10856 264292.067  58.2%  1170   34s
H  106   106                    342060.78275 264244.585  22.7%   659   37s
    83    85 264042.926   31  150 340888.457 264042.926  22.5%   621   25s
     0     0 264067.323    0  230          - 264067.323      -     -    5s
     0     0 264067.338    0  241          - 264067.338      -     -    5s
   392   394 264063.269   21  244 340878.815 264063.269  22.5%   742   80s
     0     0 264081.867    0  323          - 264081.867      -     -   15s
    90    92 264542.431   13  372 631785.109 264293.039  58.2%  1154   35s
   191   193 264024.770    7  296 340862.138 264024.770  22.5%  1077   60s
     0     0 264081.867    0  317          - 264081.867      -     -   16s
     0     0 264068.181    0  323          - 264068.181      -     -    6s
     0     0 264068.366    0  427          - 264068.366      -     -    7s
     0     0 264070.627    0  433          - 264070.627      -     -    7s
     0     0 264071.107    0  438          - 264071.107      -     -    7s
     0     0 264071.177    0  496          - 264071.177      -     -    7s
    52    54 264179.809   20  388 340852.719 264157.282  22.5%   880   25s
   523   520 264657.122   25  190 348924.556 264657.122  24.2%   383   86s
   121   123 264263.076    7  348 342060.783 264249.518  22.7%   688   40s
   667   591 264057.542   44   34 348081.767 264057.542  24.1%   376   95s
H   96    96                    601086.66003 264293.137  56.0%  1117   36s
H    0     0                    270043.84530 264072.201  2.21%     -   19s

Cutting planes:
  Gomory: 18
  Lift-and-project: 8
  MIR: 21
  StrongCG: 1
  Flow cover: 46

Explored 1 nodes (42130 simplex iterations) in 19.42 seconds (22.14 work units)
Thread count was 1 (of 32 available processors)

Solution count 1: 270044 

Optimal solution found (tolerance 5.00e-02)
Best objective 2.700438452969e+05, best bound 2.640722007173e+05, gap 2.2114%
     0     0 264072.672    0  331          - 264072.672      -     -    8s
     0     0 264072.961    0  425          - 264072.961      -     -    8s
     0     0 264072.968    0  394          - 264072.968      -     -    8s
H  162   162                    341926.66148 264071.545  22.8%  1054   59s
     0     2 265842.233    0  213          - 265842.233      -     -   11s
   165   167 264071.545   17  127 341926.661 264071.545  22.8%  1064   60s
   327   329 264299.181   14  333 424614.441 264298.262  37.8%  1081   70s
H   54    54                    425726.63201 264214.032  37.9%   944   35s
     0     0 264073.589    0  342          - 264073.589      -     -    8s
   161   163 264376.516   74  296 350720.454 264149.986  24.7%  1159   50s
     0     0 264076.229    0  335          - 264076.229      -     -    9s
     0     0 264076.813    0  473          - 264076.813      -     -    9s
     0     0 264076.820    0  476          - 264076.820      -     -    9s
H  101   101                    599524.65601 264293.480  55.9%  1134   38s
H  101   101                    599178.51151 264293.480  55.9%  1134   38s
H  101   101                    356090.06021 264293.480  25.8%  1134   38s
H  101   101                    356054.28569 264293.480  25.8%  1134   38s
H  101   101                    355201.27834 264293.480  25.6%  1134   38s
H  101   101                    268019.43355 264293.480  1.39%  1134   38s

Cutting planes:
  Gomory: 37
  Lift-and-project: 61
  Implied bound: 4
  MIR: 439
  Mixing: 8
  StrongCG: 7
  Flow cover: 1500
  Zero half: 47
  RLT: 38
  Relax-and-lift: 83

Explored 102 nodes (149633 simplex iterations) in 38.66 seconds (46.61 work units)
Thread count was 1 (of 32 available processors)

Solution count 10: 268019 355201 356054 ... 633272

Optimal solution found (tolerance 5.00e-02)
Best objective 2.680194335495e+05, best bound 2.642942058637e+05, gap 1.3899%
    48    50 264043.532   13  253 537679.865 264043.532  50.9%   854   25s
    16    18 264657.123    7  306 355400.070 264657.123  25.5%   970   15s
     0     0 264082.341    0  284          - 264082.341      -     -    9s
     0     0 264083.166    0  299          - 264083.166      -     -    9s
     0     0 264083.183    0  321          - 264083.183      -     -    9s
     0     0 264083.255    0  358          - 264083.255      -     -   10s
H  101   101                    340875.41850 264042.926  22.5%   692   30s
     0     0 264083.266    0  503          - 264083.266      -     -   10s
   430   432 264063.269   22  283 340878.815 264063.269  22.5%   742   85s
     0     0 264083.451    0  360          - 264083.451      -     -   11s
     0     0 264083.451    0  360          - 264083.451      -     -   11s
H    0     0                    499152.47814 264083.451  47.1%     -   11s
H    0     0                    498425.62306 264083.451  47.0%     -   11s
   525   522 264657.122   39   38 348924.556 264657.122  24.2%   382   90s
H    0     0                    497782.85782 264083.451  46.9%     -   11s
H    0     0                    497777.20346 264083.451  46.9%     -   11s
H    0     0                    490096.98454 264083.451  46.1%     -   11s
H    0     0                    466157.30308 264083.451  43.3%     -   11s
H    0     0                    465709.99198 264083.451  43.3%     -   12s
H    0     0                    465704.33762 264083.451  43.3%     -   12s
   164   166 264266.141   23  388 342060.783 264266.141  22.7%   743   45s
H    0     0                    465257.02653 264083.451  43.2%     -   12s
H    0     0                    465251.37217 264083.451  43.2%     -   12s
   203   205 264027.040   10  233 340862.138 264024.770  22.5%  1088   66s
    82    84 264280.341   24  384 340852.719 264192.582  22.5%   886   30s
H    0     0                    465240.06344 264083.451  43.2%     -   12s
    36    38 265859.189   15  339          - 265851.764      -  1223   15s
H    0     0                    463906.02477 264083.451  43.1%     -   12s
H    0     0                    463900.37041 264083.451  43.1%     -   12s
H    0     0                    463894.71605 264083.451  43.1%     -   12s
H    0     0                    463889.06169 264083.451  43.1%     -   12s
     0     2 264081.867    0  317          - 264081.867      -     -   22s
   695   610 264057.542   47   28 348081.767 264057.542  24.1%   363  100s
H    0     0                    463883.40733 264083.451  43.1%     -   12s
H   81    81                    425360.62118 264225.932  37.9%   978   39s
H   81    81                    342675.32508 264225.932  22.9%   978   39s
H   81    81                    342323.47313 264225.932  22.8%   978   39s
H   81    81                    341957.46231 264225.932  22.7%   978   39s
H    0     0                    463877.75297 264083.451  43.1%     -   13s
H    0     0                    463866.44425 264083.451  43.1%     -   13s
   191   193 264071.545   16  258 341926.661 264071.545  22.8%  1057   65s
    83    85 264226.203   21  413 341957.462 264225.941  22.7%  1002   40s
H  390   390                    342509.58181 264306.609  22.8%   977   75s
H  202   202                    350369.54195 264149.986  24.6%  1135   55s
    69    71 264043.532   12  250 537679.865 264043.532  50.9%   847   30s
    27    29 264657.123   14  269 355400.070 264657.123  25.5%  1170   20s
   125   127 264051.069   42  352 340875.418 264042.926  22.5%   788   35s
     0     2 264083.451    0  333 463866.444 264083.451  43.1%     -   15s
    55    57 264143.085   15  249          - 264136.850      -   431   25s
H   56    56                    787965.46101 264136.850  66.5%   424   25s
H   56    56                    785290.70271 264136.850  66.4%   424   25s
   455   457 264063.269   25  325 340878.815 264063.269  22.5%   763   90s
H   78    78                    537666.82664 264043.532  50.9%   797   31s
H  208   208                    350236.59533 264149.986  24.6%  1135   57s
   223   225 264027.141   13  305 340862.138 264024.770  22.5%  1091   70s
H  224   224                    340851.29307 264024.770  22.5%  1086   70s
H  390   390                    341591.45149 264306.609  22.6%   977   77s
   528   524 264657.122   36   46 348924.556 264657.122  24.2%   379   95s
H  216   216                    350147.08347 264149.986  24.6%  1133   58s
H  216   216                    349899.63210 264149.986  24.5%  1133   58s
    76    78 265863.858    4  240          - 265861.383      -  1197   20s
   106   108 264217.263   30  389 340852.719 264213.105  22.5%   908   35s
H  106   106                    341619.76923 264230.477  22.7%  1016   43s
H  106   106                    341253.75841 264230.477  22.6%  1016   43s
   203   205 264383.826   12  282 342060.783 264289.106  22.7%   758   50s
   723   629 264057.542   61   26 348081.767 264057.542  24.1%   351  105s
H    9     9                    463860.78989 264085.411  43.1%  1258   17s
H  108   108                    341239.59954 264230.557  22.6%   999   44s
   111   113 264458.721   12  328 341239.600 264230.979  22.6%  1000   45s
   234   236 264149.986   84  395 349899.632 264149.986  24.5%  1134   60s
   390   392 264340.585   16  317 341591.451 264306.616  22.6%   978   80s
H   88    88                    718501.35016 265862.792  63.0%  1207   22s
H   88    88                    716057.89587 265862.792  62.9%  1207   22s
H   88    88                    714000.97903 265862.792  62.8%  1207   22s
    96    98 264043.532   13  225 537666.827 264043.532  50.9%   823   35s
    39    41 264657.123   20   68 355400.070 264657.123  25.5%  1252   25s
   150   152 264042.926   43  356 340875.418 264042.926  22.5%   804   40s
H  404   404                    341225.44067 264306.757  22.5%   967   81s
    85    87 264467.869   20  269 785290.703 264149.294  66.4%   482   30s
    19    21 264268.559   10  327 463860.790 264089.614  43.1%  1477   20s
   203   205 264146.344   19  217 341926.661 264071.545  22.8%  1074   72s
H  101   101                    536695.06598 264043.532  50.8%   817   36s
H  101   101                    535455.91688 264043.532  50.7%   817   36s
H  101   101                    534469.13457 264043.532  50.6%   817   36s
   492   494 264070.880   30  222 340878.815 264063.269  22.5%   757   95s
H  101   101                    457616.98239 264043.532  42.3%   817   36s
H  101   101                    456645.22173 264043.532  42.2%   817   36s
H  101   101                    455658.43942 264043.532  42.1%   817   36s
   244   246 264024.770   10  126 340851.293 264024.770  22.5%  1146   75s
H  101   101                    454684.69515 264043.532  41.9%   817   36s
H  101   101                    453610.84358 264043.532  41.8%   817   36s
H  101   101                    453597.80554 264043.532  41.8%   817   36s
H  101   101                    342049.37737 264043.532  22.8%   817   36s
   531   526 264657.122   12  196 348924.556 264657.122  24.2%   377  100s
H  101   101                    266968.59160 264043.532  1.10%   817   36s

Cutting planes:
  Gomory: 37
  Lift-and-project: 3
  Implied bound: 49
  MIR: 431
  Mixing: 17
  StrongCG: 1
  Flow cover: 2236
  Zero half: 7
  RLT: 80
  Relax-and-lift: 107

Explored 102 nodes (136039 simplex iterations) in 36.79 seconds (44.07 work units)
Thread count was 1 (of 32 available processors)

Solution count 10: 266969 342049 453598 ... 535456

Optimal solution found (tolerance 5.00e-02)
Best objective 2.669685915997e+05, best bound 2.640435318877e+05, gap 1.0957%
   263   265 264337.847   17  359 342060.783 264310.044  22.7%   750   55s
    99   101 265895.626   17  436 714000.979 265864.440  62.8%  1246   25s
   140   142 264516.248   15  370 340852.719 264233.727  22.5%   894   40s
H   26    26                    463417.42610 264103.724  43.0%  1600   22s
   746   644 264057.542   64   28 348081.767 264057.542  24.1%   342  110s
H   27    27                    462133.89274 264104.700  42.9%  1561   23s
H  101   101                    268402.51414 265865.048  0.95%  1240   25s

Cutting planes:
  Gomory: 16
  Lift-and-project: 27
  Implied bound: 10
  MIR: 176
  Mixing: 9
  StrongCG: 2
  Flow cover: 838
  Zero half: 3
  RLT: 31
  Relax-and-lift: 40

Explored 102 nodes (149235 simplex iterations) in 26.00 seconds (34.65 work units)
Thread count was 1 (of 32 available processors)

Solution count 4: 268403 714001 716058 718501 

Optimal solution found (tolerance 5.00e-02)
Best objective 2.684025141414e+05, best bound 2.658650893567e+05, gap 0.9454%
H   52    52                    355330.13542 264657.123  25.5%  1160   29s
H  270   270                    349704.40722 264150.861  24.5%  1115   64s
H  270   270                    349443.00679 264150.861  24.4%  1115   64s
H  270   270                    349106.04356 264150.861  24.3%  1115   64s
H   54    54                    355095.97224 264657.123  25.5%  1138   29s
   216   218 264072.013   22  295 341926.661 264071.545  22.8%  1110   75s
   271   273 264388.668   81  286 349106.044 264151.122  24.3%  1119   65s
H  101   101                    784606.33658 264149.692  66.3%   552   33s
H  101   101                    784020.21741 264149.692  66.3%   552   33s
H  101   101                    783302.63061 264149.692  66.3%   552   33s
H  101   101                    782053.14042 264149.692  66.2%   552   33s
H  101   101                    779862.76448 264149.692  66.1%   552   33s
H  101   101                    774312.82863 264149.692  65.9%   552   33s
H  101   101                    774151.75847 264149.692  65.9%   552   33s
H  101   101                    767434.28851 264149.692  65.6%   552   33s
H  101   101                    265850.59212 264149.692  0.64%   552   33s

Cutting planes:
  Gomory: 19
  Lift-and-project: 35
  Implied bound: 13
  MIR: 274
  Mixing: 2
  StrongCG: 7
  Flow cover: 619
  Zero half: 32
  RLT: 7
  Relax-and-lift: 26

Explored 102 nodes (105496 simplex iterations) in 33.99 seconds (43.70 work units)
Thread count was 1 (of 32 available processors)

Solution count 10: 265851 767434 774152 ... 785291

Optimal solution found (tolerance 5.00e-02)
Best objective 2.658505921224e+05, best bound 2.641497502353e+05, gap 0.6398%
    59    61 264657.123   30   47 355095.972 264657.123  25.5%  1158   30s
   416   418 264306.757   30  334 341225.441 264306.757  22.5%   945   86s
   173   175 264042.926   10   71 340875.418 264042.926  22.5%   865   45s
    36    38 264208.936    9  459 462133.893 264111.186  42.8%  1490   25s
   130   132 264325.659    9  336 341239.600 264241.386  22.6%   990   52s
   276   278 264029.467   12  201 340851.293 264024.770  22.5%  1163   80s
H   78    78                    354519.84297 264657.123  25.3%   958   31s
   546   538 264657.122   15   80 348924.556 264657.122  24.2%   468  105s
H   81    81                    353943.71370 264657.123  25.2%   951   32s
   334   336 264482.023   49  175 342060.783 264324.175  22.7%   720   60s
   178   180 264300.937   15  329 340852.719 264250.669  22.5%   867   45s
   512   513 264063.390   32   92 340878.815 264063.269  22.5%   770  101s
   773   662 264057.542   59   30 348081.767 264057.542  24.1%   333  115s
H  104   104                    352533.92608 264657.123  24.9%   769   33s
H  182   182                    340842.65907 264250.934  22.5%   859   46s
   484   486 264405.052   69  194 341225.441 264306.757  22.5%   885   90s
   162   164 264516.104   23  214 341239.600 264244.867  22.6%   945   55s
   335   337 264388.668   86  279 349106.044 264160.947  24.3%  1053   70s
H  234   234                    341910.34866 264071.545  22.8%  1094   80s
H  130   130                    352324.06421 264657.123  24.9%   652   34s
   132   134 264657.123   57   66 352324.064 264657.123  24.9%   647   35s
H  234   234                    340911.44101 264071.545  22.5%  1094   81s
    56    58 264116.141   17  515 462133.893 264116.141  42.8%  1352   30s
H  351   351                    341306.11106 264324.175  22.6%   717   62s
   202   204 264053.693   17  249 340875.418 264042.926  22.5%   881   50s
H  156   156                    351603.11770 264657.123  24.7%   553   35s
H  494   494                    265257.02099 264306.757  0.36%   875   91s

Cutting planes:
  Gomory: 43
  Lift-and-project: 33
  Implied bound: 29
  MIR: 311
  Mixing: 2
  StrongCG: 5
  Flow cover: 1065
  Zero half: 23
  RLT: 32
  Relax-and-lift: 57

Explored 495 nodes (474416 simplex iterations) in 91.84 seconds (117.45 work units)
Thread count was 1 (of 32 available processors)

Solution count 10: 265257 341225 341591 ... 426548

Optimal solution found (tolerance 5.00e-02)
Best objective 2.652570209872e+05, best bound 2.643067571390e+05, gap 0.3582%
H  182   182                    351249.96117 264657.123  24.7%   495   36s
   579   560 264657.122   21  128 348924.556 264657.122  24.2%   456  110s
   517   516 264071.437   34   50 340878.815 264063.269  22.5%   762  105s
H  189   189                    350539.25566 264657.123  24.5%   477   37s
H  364   364                    348973.09694 264161.281  24.3%  1045   73s
   804   683 264057.542   65   26 348081.767 264057.542  24.1%   324  120s
   286   288 264024.770    3  336 340851.293 264024.770  22.5%  1155   86s
   208   210 264665.181   29  288 340842.659 264257.157  22.5%   848   51s
   252   254 264073.339   26  147 340911.441 264071.545  22.5%  1109   85s
   389   391 264161.281  134  410 348973.097 264161.281  24.3%  1024   75s
   263   265 264657.123   69   28 350539.256 264657.123  24.5%   370   40s
   364   366 264324.175   65  289 341306.111 264324.175  22.6%   721   67s
H   78    78                    459919.23956 264125.448  42.6%  1302   34s
    79    81 264352.442   13  440 459919.240 264126.496  42.6%  1351   35s
H  404   404                    348959.14788 264162.375  24.3%  1017   76s
   203   205 264612.677   38  231 341239.600 264251.320  22.6%   997   62s
   303   305 264024.770   20  110 340851.293 264024.770  22.5%  1154   90s
   609   580 264657.122   24   17 348924.556 264657.122  24.2%   444  115s
H  208   208                    266195.06194 264042.926  0.81%   881   56s

Cutting planes:
  Gomory: 40
  Lift-and-project: 6
  Implied bound: 47
  MIR: 592
  Mixing: 21
  StrongCG: 2
  Flow cover: 2740
  Zero half: 5
  RLT: 102
  Relax-and-lift: 141

Explored 209 nodes (219739 simplex iterations) in 56.57 seconds (74.22 work units)
Thread count was 1 (of 32 available processors)

Solution count 9: 266195 340875 340888 ... 651874

Optimal solution found (tolerance 5.00e-02)
Best objective 2.661950619371e+05, best bound 2.640429257715e+05, gap 0.8085%
   521   519 264063.269   27   82 340878.815 264063.269  22.5%   756  111s
   402   404 264560.664   28  290 341306.111 264325.185  22.6%   719   70s
   834   703 264057.542   80   25 348081.767 264057.542  24.1%   314  125s
H  234   234                    266590.37064 264257.220  0.88%   798   55s

Cutting planes:
  Gomory: 26
  Lift-and-project: 19
  Implied bound: 39
  MIR: 368
  Mixing: 5
  Flow cover: 1524
  Zero half: 6
  RLT: 28
  Relax-and-lift: 124

Explored 235 nodes (222655 simplex iterations) in 55.58 seconds (77.17 work units)
Thread count was 1 (of 32 available processors)

Solution count 9: 266590 340843 340853 ... 342813

Optimal solution found (tolerance 5.00e-02)
Best objective 2.665903706410e+05, best bound 2.642572245934e+05, gap 0.8752%
H  216   216                    265942.08452 264251.320  0.64%  1018   64s

Cutting planes:
  Gomory: 42
  Lift-and-project: 26
  Implied bound: 11
  MIR: 312
  Mixing: 4
  StrongCG: 23
  Flow cover: 826
  Zero half: 43
  RLT: 32
  Relax-and-lift: 43

Explored 217 nodes (274973 simplex iterations) in 64.50 seconds (84.99 work units)
Thread count was 1 (of 32 available processors)

Solution count 10: 265942 341240 341254 ... 425741

Optimal solution found (tolerance 5.00e-02)
Best objective 2.659420845196e+05, best bound 2.642513200838e+05, gap 0.6358%
   274   276 264072.083   20  190 340911.441 264071.545  22.5%  1150   90s
   442   444 264391.415   54  276 348959.148 264173.278  24.3%  1006   80s
H  101   101                    458739.13528 264129.887  42.4%  1322   39s
H  101   101                    458527.68131 264129.887  42.4%  1322   39s
H  101   101                    458073.42699 264129.887  42.3%  1322   39s
H  101   101                    457164.91837 264129.887  42.2%  1322   39s
H  101   101                    456752.40282 264129.887  42.2%  1322   39s
H  101   101                    265707.71899 264129.887  0.59%  1322   39s

Cutting planes:
  Gomory: 36
  Lift-and-project: 47
  Implied bound: 32
  MIR: 474
  Mixing: 4
  StrongCG: 14
  Flow cover: 1166
  Zero half: 66
  RLT: 19
  Relax-and-lift: 161

Explored 102 nodes (173588 simplex iterations) in 39.55 seconds (58.80 work units)
Thread count was 1 (of 32 available processors)

Solution count 10: 265708 456752 457165 ... 463861

Optimal solution found (tolerance 5.00e-02)
Best objective 2.657077189857e+05, best bound 2.641298871890e+05, gap 0.5938%
H  459   459                    266138.99135 264175.091  0.74%   990   81s

Cutting planes:
  Gomory: 20
  Lift-and-project: 38
  Implied bound: 7
  MIR: 463
  Mixing: 3
  StrongCG: 13
  Flow cover: 1153
  Zero half: 37
  RLT: 27
  Relax-and-lift: 100

Explored 460 nodes (488202 simplex iterations) in 81.23 seconds (116.97 work units)
Thread count was 1 (of 32 available processors)

Solution count 10: 266139 348959 348973 ... 350370

Optimal solution found (tolerance 5.00e-02)
Best objective 2.661389913454e+05, best bound 2.641753427030e+05, gap 0.7378%
   333   335 264027.379   15  256 340851.293 264024.770  22.5%  1201   95s
   645   604 264657.122   30   17 348924.556 264657.122  24.2%   424  120s
   524   521 264063.767   39   60 340878.815 264063.269  22.5%   752  115s
   364   366 264657.123   72   28 350539.256 264657.123  24.5%   279   47s
   444   446 264402.962   26  355 341306.111 264328.972  22.6%   745   75s
   311   313 264072.977   19  234 340911.441 264071.545  22.5%  1101   95s
H  468   468                    340862.77890 264330.720  22.5%   732   77s
   397   399 264657.175   75  194 350539.256 264657.123  24.5%   291   50s
   863   722 264057.542   66   25 348081.767 264057.542  24.1%   306  132s
H  671   592                    348854.62100 264657.122  24.1%   412  123s
H  486   486                    340842.65907 264331.736  22.4%   731   78s
   577   558 264063.269   20  165 340878.815 264063.269  22.5%   770  120s
   672   595 264657.122   29   17 348854.621 264657.122  24.1%   413  125s
   885   737 264057.542   72   25 348081.767 264057.542  24.1%   301  135s
   337   339 264071.545   23   96 340911.441 264071.545  22.5%  1084  100s
   502   504 264657.123   66   26 350539.256 264657.123  24.5%   271   55s
H  338   338                    340895.12819 264071.545  22.5%  1081  101s
   512   513 264566.276   15  195 340842.659 264334.212  22.4%   726   82s
H  511   512                    350520.10056 264657.123  24.5%   269   56s
   639   600 264063.269   44  108 340878.815 264063.269  22.5%   735  125s
   700   613 264657.122   34   54 348854.621 264657.122  24.1%   402  130s
   364   366 264024.770   14  277 340851.293 264024.770  22.5%  1206  106s
   515   515 264822.671   67  212 340842.659 264334.212  22.4%   722   85s
   925   763 264057.542   63   26 348081.767 264057.542  24.1%   291  140s
   365   367 264078.959   27  136 340895.128 264071.545  22.5%  1072  105s
   514   514 264657.123   71   78 350520.101 264657.123  24.5%   267   60s
   694   636 264063.269   56   62 340878.815 264063.269  22.5%   724  130s
   399   401 264024.770   19  291 340851.293 264024.770  22.5%  1183  110s
   741   641 264657.122   41   17 348854.621 264657.122  24.1%   393  135s
   524   521 264822.671   81  172 340842.659 264334.212  22.4%   709   90s
   957   785 264057.542   68   28 348081.767 264057.542  24.1%   283  145s
   397   399 264071.545   30  131 340895.128 264071.545  22.5%  1081  110s
   521   519 264657.123    8  304 350520.101 264657.123  24.5%   263   65s
   745   670 264063.269   46  187 340878.815 264063.269  22.5%   714  135s
   432   434 264024.770   23  225 340851.293 264024.770  22.5%  1190  115s
   536   531 264334.212   21  242 340842.659 264334.212  22.4%   744   95s
   995   810 264057.542   70   32 348081.767 264057.542  24.1%   275  150s
   770   660 264657.122   43   15 348854.621 264657.122  24.1%   388  141s
   423   425 264071.855   34  161 340895.128 264071.545  22.5%  1106  115s
   526   522 264657.123   70   69 350520.101 264657.123  24.5%   261   71s
   482   484 264025.154   30  373 340851.293 264024.770  22.5%  1167  120s
   792   675 264657.122   46   19 348854.621 264657.122  24.1%   387  145s
   609   580 264427.837   25  249 340842.659 264386.267  22.4%   700  100s
   785   697 264063.269   31  179 340878.815 264063.269  22.5%   714  141s
  1028   832 264057.542   77   32 348081.767 264057.542  24.1%   269  155s
   530   525 264657.123   16   68 350520.101 264657.123  24.5%   259   75s
   442   444 264082.949   30  142 340895.128 264071.545  22.5%  1134  121s
   820   720 264064.578   38  173 340878.815 264063.269  22.5%   721  145s
   823   695 264657.122   39   17 348854.621 264657.122  24.1%   383  150s
   675   624 264506.201   25  271 340842.659 264409.702  22.4%   686  105s
H  837   703                    265137.01726 264063.269  0.40%   714  146s

Cutting planes:
  Gomory: 24
  Lift-and-project: 37
  Implied bound: 29
  MIR: 648
  Mixing: 25
  Flow cover: 3233
  RLT: 121
  Relax-and-lift: 197

Explored 838 nodes (627289 simplex iterations) in 146.93 seconds (216.51 work units)
Thread count was 1 (of 32 available processors)

Solution count 10: 265137 340879 340895 ... 426685

Optimal solution found (tolerance 5.00e-02)
Best objective 2.651370172632e+05, best bound 2.640632690283e+05, gap 0.4050%
  1065   857 264057.542   67   29 348081.767 264057.542  24.1%   263  160s
   461   463 264073.305   30  151 340895.128 264071.545  22.5%  1135  125s
   512   513 264029.823   18   90 340851.293 264024.770  22.5%  1154  127s
   537   532 264657.123   12   92 350520.101 264657.123  24.5%   360   80s
   516   516 264024.770   14  128 340851.293 264024.770  22.5%  1145  130s
H  730   631                    340832.59915 264429.143  22.4%   680  109s
H  468   468                    265153.33008 264071.545  0.41%  1131  128s

Cutting planes:
  Gomory: 21
  Lift-and-project: 19
  Implied bound: 36
  MIR: 853
  Mixing: 23
  StrongCG: 5
  Flow cover: 3476
  Zero half: 21
  RLT: 90
  Relax-and-lift: 258

Explored 469 nodes (585667 simplex iterations) in 128.02 seconds (201.25 work units)
Thread count was 1 (of 32 available processors)

Solution count 10: 265153 340895 340911 ... 343383

Optimal solution found (tolerance 5.00e-02)
Best objective 2.651533300824e+05, best bound 2.640715454195e+05, gap 0.4080%
   741   641 264501.280   28  284 340832.599 264436.243  22.4%   680  110s
   848   712 264657.122   33   17 348854.621 264657.122  24.1%   373  156s
  1097   878 264057.542   67   33 348081.767 264057.542  24.1%   256  166s
H  562   519                    350137.67809 264657.123  24.4%   366   84s
   566   524 264657.123   20  115 350137.678 264657.123  24.4%   367   85s
H  876   703                    348610.01036 264657.122  24.1%   363  159s
   880   707 264657.122   34   15 348610.010 264657.122  24.1%   364  160s
   520   518 264025.108   13  179 340851.293 264024.770  22.5%  1137  135s
   817   691 264467.467   26  278 340832.599 264464.741  22.4%   663  115s
  1131   901 264057.542   67   33 348081.767 264057.542  24.1%   251  170s
H  590   512                    350067.74358 264657.123  24.4%   365   88s
H  590   488                    266538.81622 264657.123  0.71%   365   88s

Cutting planes:
  Gomory: 9
  Lift-and-project: 5
  MIR: 2
  Flow cover: 31
  RLT: 1

Explored 591 nodes (252261 simplex iterations) in 88.99 seconds (147.52 work units)
Thread count was 1 (of 32 available processors)

Solution count 10: 266539 350068 350138 ... 353944

Optimal solution found (tolerance 5.00e-02)
Best objective 2.665388162244e+05, best bound 2.646571225134e+05, gap 0.7060%
   921   735 264657.122   40   15 348610.010 264657.122  24.1%   364  165s
   523   520 264024.770   20   79 340851.293 264024.770  22.5%  1130  140s
   882   735 264531.439   28  277 340832.599 264476.642  22.4%   646  120s
  1173   929 264057.542   64   26 348081.767 264057.542  24.1%   243  175s
H  941   722                    348605.10490 264657.122  24.1%   359  167s
H  918   732                    266031.03481 264481.508  0.58%   643  123s

Cutting planes:
  Gomory: 27
  Lift-and-project: 37
  Implied bound: 3
  MIR: 114
  Mixing: 1
  StrongCG: 4
  Flow cover: 348
  Zero half: 1
  RLT: 18
  Relax-and-lift: 22

Explored 919 nodes (639496 simplex iterations) in 123.74 seconds (203.20 work units)
Thread count was 1 (of 32 available processors)

Solution count 10: 266031 340833 340843 ... 343945

Optimal solution found (tolerance 5.00e-02)
Best objective 2.660310348095e+05, best bound 2.644815079345e+05, gap 0.5825%
   554   543 264024.770   28  157 340851.293 264024.770  22.5%  1144  145s
   965   740 264657.122   57   15 348605.105 264657.122  24.1%   351  170s
  1222   961 264057.542   69   29 348081.767 264057.542  24.1%   236  180s
   605   577 264024.770   34  131 340851.293 264024.770  22.5%  1096  150s
  1011   771 264657.122   67   28 348605.105 264657.122  24.1%   339  175s
  1265   990 264057.542   80   29 348081.767 264057.542  24.1%   231  185s
   640   600 264024.770   23   80 340851.293 264024.770  22.5%  1078  155s
  1054   799 264657.122   69   25 348605.105 264657.122  24.1%   331  180s
  1305  1017 264057.542   86   30 348081.767 264057.542  24.1%   227  190s
  1107   835 264657.122   71   21 348605.105 264657.122  24.1%   319  185s
   687   632 264024.770   22  208 340851.293 264024.770  22.5%  1066  160s
  1346  1044 264057.542   96   27 348081.767 264057.542  24.1%   222  195s
   719   653 264025.154   26  201 340851.293 264024.770  22.5%  1069  165s
  1164   873 264657.122   73   25 348605.105 264657.122  24.1%   310  190s
  1388  1072 264057.542  104   25 348081.767 264057.542  24.1%   217  200s
   759   680 264106.488   23  299 340851.293 264024.770  22.5%  1081  170s
  1437  1105 264057.542  115   37 348081.767 264057.542  24.1%   211  205s
H 1211   879                    348465.17767 264657.122  24.1%   313  198s
   786   698 264024.770   34  237 340851.293 264024.770  22.5%  1098  175s
  1227   892 264657.122   81   68 348465.178 264657.122  24.1%   313  200s
  1471  1127 264057.542  119   31 348081.767 264057.542  24.1%   207  210s
  1279   926 264657.122   89   22 348465.178 264657.122  24.1%   313  205s
   822   722 264024.770   29  181 340851.293 264024.770  22.5%  1093  180s
  1520  1160 264057.542  126   27 348081.767 264057.542  24.1%   202  215s
H  837   703                    264829.97853 264024.770  0.30%  1095  185s
  1326   958 264657.122   91  113 348465.178 264657.122  24.1%   320  210s

Cutting planes:
  Gomory: 34
  Lift-and-project: 39
  Implied bound: 18
  MIR: 737
  Mixing: 20
  StrongCG: 10
  Flow cover: 2677
  Zero half: 35
  RLT: 109
  Relax-and-lift: 149

Explored 838 nodes (962049 simplex iterations) in 185.34 seconds (322.99 work units)
Thread count was 1 (of 32 available processors)

Solution count 10: 264830 340851 340862 ... 426565

Optimal solution found (tolerance 5.00e-02)
Best objective 2.648299785307e+05, best bound 2.640247703315e+05, gap 0.3040%
  1552  1181 264057.542  120   33 348081.767 264057.542  24.1%   199  220s
  1380   994 264657.122   37   42 348465.178 264657.122  24.1%   316  215s
  1601  1214 264057.542  113   27 348081.767 264057.542  24.1%   195  225s
  1441  1034 264657.122   51  144 348465.178 264657.122  24.1%   310  220s
  1658  1252 264057.542  121   21 348081.767 264057.542  24.1%   189  230s
  1490  1067 264657.122   58   78 348465.178 264657.122  24.1%   311  225s
  1706  1284 264057.542  131   22 348081.767 264057.542  24.1%   185  235s
  1546  1104 264657.122   74   15 348465.178 264657.122  24.1%   303  230s
  1752  1315 264057.542  141   22 348081.767 264057.542  24.1%   181  240s
  1572  1122 264657.122   79   42 348465.178 264657.122  24.1%   308  235s
  1791  1341 264057.542  146   23 348081.767 264057.542  24.1%   179  245s
  1632  1162 264657.122   82  141 348465.178 264657.122  24.1%   310  240s
  1833  1369 264057.542  149   22 348081.767 264057.542  24.1%   176  250s
  1698  1206 264657.122   92   16 348465.178 264657.122  24.1%   304  245s
  1875  1397 264057.542  155   21 348081.767 264057.542  24.1%   172  255s
  1750  1240 264657.122   90   15 348465.178 264657.122  24.1%   305  250s
H 1751  1217                    265490.78096 264657.122  0.31%   305  251s

Cutting planes:
  Gomory: 12
  Lift-and-project: 5
  MIR: 3
  Flow cover: 14
  RLT: 1
  Relax-and-lift: 1

Explored 1752 nodes (569749 simplex iterations) in 251.26 seconds (492.42 work units)
Thread count was 1 (of 32 available processors)

Solution count 10: 265491 348465 348605 ... 349433

Optimal solution found (tolerance 5.00e-02)
Best objective 2.654907809602e+05, best bound 2.646571224070e+05, gap 0.3140%
  1929  1433 264057.542  162   21 348081.767 264057.542  24.1%   169  260s
  1983  1469 264057.542  161   23 348081.767 264057.542  24.1%   166  265s
  2037  1514 264057.542  159   25 348081.767 264057.542  24.1%   163  270s
  2087  1564 264057.542  158   22 348081.767 264057.542  24.1%   160  275s
  2131  1608 264057.542  158   21 348081.767 264057.542  24.1%   158  280s
  2178  1655 264057.542  166   31 348081.767 264057.542  24.1%   156  285s
  2228  1705 264057.542  171   30 348081.767 264057.542  24.1%   153  290s
  2284  1761 264057.542  176   29 348081.767 264057.542  24.1%   152  295s
  2341  1818 264057.542  190   20 348081.767 264057.542  24.1%   151  300s
H 2362  1837                    265335.78448 264057.542  0.48%   150  303s

Cutting planes:
  Gomory: 7
  Lift-and-project: 4
  MIR: 9
  Flow cover: 10
  RLT: 1
  Relax-and-lift: 1

Explored 2363 nodes (399845 simplex iterations) in 303.86 seconds (646.74 work units)
Thread count was 1 (of 32 available processors)

Solution count 10: 265336 348082 437957 ... 438906

Optimal solution found (tolerance 5.00e-02)
Best objective 2.653357844763e+05, best bound 2.640575415177e+05, gap 0.4817%
✅ Solution time [sec]: 13.17
📊 Status: optimal
💰 Operation Cost: 264990.6489179954
⚠️ No se encontró 'gurobi.log'. 
✔ JSON de variables y parámetros, log y summary guardados en 'C:\Users\TECNO-MASTER\Desktop\Elmo_infrastructure_sizing_NP-\output\DCH_agosto\Costo_variable\Swap_libre\Swap_variable_3estaciones_640kW_Descomp/station_1_d335_stage1'.
✅ Solution time [sec]: 15.45
📊 Status: optimal
💰 Operation Cost: 265618.97940455447
⚠️ No se encontró 'gurobi.log'. 
✔ JSON de variables y parámetros, log y summary guardados en 'C:\Users\TECNO-MASTER\Desktop\Elmo_infrastructure_sizing_NP-\output\DCH_agosto\Costo_variable\Swap_libre\Swap_variable_3estaciones_640kW_Descomp/station_1_d213_stage1'.
✅ Solution time [sec]: 30.92
📊 Status: optimal
💰 Operation Cost: 264049.3424082538
⚠️ No se encontró 'gurobi.log'. 
✔ JSON de variables y parámetros, log y summary guardados en 'C:\Users\TECNO-MASTER\Desktop\Elmo_infrastructure_sizing_NP-\output\DCH_agosto\Costo_variable\Swap_libre\Swap_variable_3estaciones_640kW_Descomp/station_1_d182_stage1'.
✅ Solution time [sec]: 20.11
📊 Status: optimal
💰 Operation Cost: 266394.4671404441
⚠️ No se encontró 'gurobi.log'. 
✔ JSON de variables y parámetros, log y summary guardados en 'C:\Users\TECNO-MASTER\Desktop\Elmo_infrastructure_sizing_NP-\output\DCH_agosto\Costo_variable\Swap_libre\Swap_variable_3estaciones_640kW_Descomp/station_2_d1_stage1'.
✅ Solution time [sec]: 13.30
📊 Status: optimal
💰 Operation Cost: 265690.70390853984
⚠️ No se encontró 'gurobi.log'. 
✔ JSON de variables y parámetros, log y summary guardados en 'C:\Users\TECNO-MASTER\Desktop\Elmo_infrastructure_sizing_NP-\output\DCH_agosto\Costo_variable\Swap_libre\Swap_variable_3estaciones_640kW_Descomp/station_2_d121_stage1'.
✅ Solution time [sec]: 32.82
📊 Status: optimal
💰 Operation Cost: 268210.8394912564
⚠️ No se encontró 'gurobi.log'. 
✔ JSON de variables y parámetros, log y summary guardados en 'C:\Users\TECNO-MASTER\Desktop\Elmo_infrastructure_sizing_NP-\output\DCH_agosto\Costo_variable\Swap_libre\Swap_variable_3estaciones_640kW_Descomp/station_1_d244_stage1'.
✅ Solution time [sec]: 31.67
📊 Status: optimal
💰 Operation Cost: 266246.5632761683
⚠️ No se encontró 'gurobi.log'. 
✔ JSON de variables y parámetros, log y summary guardados en 'C:\Users\TECNO-MASTER\Desktop\Elmo_infrastructure_sizing_NP-\output\DCH_agosto\Costo_variable\Swap_libre\Swap_variable_3estaciones_640kW_Descomp/station_2_d60_stage1'.
✅ Solution time [sec]: 43.13
📊 Status: optimal
💰 Operation Cost: 266855.29770664783
⚠️ No se encontró 'gurobi.log'. 
✔ JSON de variables y parámetros, log y summary guardados en 'C:\Users\TECNO-MASTER\Desktop\Elmo_infrastructure_sizing_NP-\output\DCH_agosto\Costo_variable\Swap_libre\Swap_variable_3estaciones_640kW_Descomp/station_1_d305_stage1'.
✅ Solution time [sec]: 22.82
📊 Status: optimal
💰 Operation Cost: 266042.23491472285
⚠️ No se encontró 'gurobi.log'. 
✔ JSON de variables y parámetros, log y summary guardados en 'C:\Users\TECNO-MASTER\Desktop\Elmo_infrastructure_sizing_NP-\output\DCH_agosto\Costo_variable\Swap_libre\Swap_variable_3estaciones_640kW_Descomp/station_2_d32_stage1'.
✅ Solution time [sec]: 35.93
📊 Status: optimal
💰 Operation Cost: 268704.39316514676
⚠️ No se encontró 'gurobi.log'. 
✔ JSON de variables y parámetros, log y summary guardados en 'C:\Users\TECNO-MASTER\Desktop\Elmo_infrastructure_sizing_NP-\output\DCH_agosto\Costo_variable\Swap_libre\Swap_variable_3estaciones_640kW_Descomp/station_2_d305_stage1'.
✅ Solution time [sec]: 31.91
📊 Status: optimal
💰 Operation Cost: 266263.1621357489
⚠️ No se encontró 'gurobi.log'. 
✔ JSON de variables y parámetros, log y summary guardados en 'C:\Users\TECNO-MASTER\Desktop\Elmo_infrastructure_sizing_NP-\output\DCH_agosto\Costo_variable\Swap_libre\Swap_variable_3estaciones_640kW_Descomp/station_2_d244_stage1'.
✅ Solution time [sec]: 13.74
📊 Status: optimal
💰 Operation Cost: 266965.2185795858
⚠️ No se encontró 'gurobi.log'. 
✔ JSON de variables y parámetros, log y summary guardados en 'C:\Users\TECNO-MASTER\Desktop\Elmo_infrastructure_sizing_NP-\output\DCH_agosto\Costo_variable\Swap_libre\Swap_variable_3estaciones_640kW_Descomp/station_3_d60_stage1'.
✅ Solution time [sec]: 33.71
📊 Status: optimal
💰 Operation Cost: 267282.7289699181
⚠️ No se encontró 'gurobi.log'. 
✔ JSON de variables y parámetros, log y summary guardados en 'C:\Users\TECNO-MASTER\Desktop\Elmo_infrastructure_sizing_NP-\output\DCH_agosto\Costo_variable\Swap_libre\Swap_variable_3estaciones_640kW_Descomp/station_2_d274_stage1'.
✅ Solution time [sec]: 35.46
📊 Status: optimal
💰 Operation Cost: 268322.4814833136
⚠️ No se encontró 'gurobi.log'. 
✔ JSON de variables y parámetros, log y summary guardados en 'C:\Users\TECNO-MASTER\Desktop\Elmo_infrastructure_sizing_NP-\output\DCH_agosto\Costo_variable\Swap_libre\Swap_variable_3estaciones_640kW_Descomp/station_2_d152_stage1'.
✅ Solution time [sec]: 22.62
📊 Status: optimal
💰 Operation Cost: 270043.84529686306
⚠️ No se encontró 'gurobi.log'. 
✔ JSON de variables y parámetros, log y summary guardados en 'C:\Users\TECNO-MASTER\Desktop\Elmo_infrastructure_sizing_NP-\output\DCH_agosto\Costo_variable\Swap_libre\Swap_variable_3estaciones_640kW_Descomp/station_2_d335_stage1'.
✅ Solution time [sec]: 42.01
📊 Status: optimal
💰 Operation Cost: 268019.43354952853
⚠️ No se encontró 'gurobi.log'. 
✔ JSON de variables y parámetros, log y summary guardados en 'C:\Users\TECNO-MASTER\Desktop\Elmo_infrastructure_sizing_NP-\output\DCH_agosto\Costo_variable\Swap_libre\Swap_variable_3estaciones_640kW_Descomp/station_3_d32_stage1'.
✅ Solution time [sec]: 39.75
📊 Status: optimal
💰 Operation Cost: 266968.5915996792
⚠️ No se encontró 'gurobi.log'. 
✔ JSON de variables y parámetros, log y summary guardados en 'C:\Users\TECNO-MASTER\Desktop\Elmo_infrastructure_sizing_NP-\output\DCH_agosto\Costo_variable\Swap_libre\Swap_variable_3estaciones_640kW_Descomp/station_3_d182_stage1'.
✅ Solution time [sec]: 29.00
📊 Status: optimal
💰 Operation Cost: 268402.5141414018
⚠️ No se encontró 'gurobi.log'. 
✔ JSON de variables y parámetros, log y summary guardados en 'C:\Users\TECNO-MASTER\Desktop\Elmo_infrastructure_sizing_NP-\output\DCH_agosto\Costo_variable\Swap_libre\Swap_variable_3estaciones_640kW_Descomp/station_3_d305_stage1'.
✅ Solution time [sec]: 36.95
📊 Status: optimal
💰 Operation Cost: 265850.59212244954
⚠️ No se encontró 'gurobi.log'. 
✔ JSON de variables y parámetros, log y summary guardados en 'C:\Users\TECNO-MASTER\Desktop\Elmo_infrastructure_sizing_NP-\output\DCH_agosto\Costo_variable\Swap_libre\Swap_variable_3estaciones_640kW_Descomp/station_3_d244_stage1'.
✅ Solution time [sec]: 94.60
📊 Status: optimal
💰 Operation Cost: 265257.0209871637
⚠️ No se encontró 'gurobi.log'. 
✔ JSON de variables y parámetros, log y summary guardados en 'C:\Users\TECNO-MASTER\Desktop\Elmo_infrastructure_sizing_NP-\output\DCH_agosto\Costo_variable\Swap_libre\Swap_variable_3estaciones_640kW_Descomp/station_2_d91_stage1'.
✅ Solution time [sec]: 59.45
📊 Status: optimal
💰 Operation Cost: 266195.06193714536
⚠️ No se encontró 'gurobi.log'. 
✔ JSON de variables y parámetros, log y summary guardados en 'C:\Users\TECNO-MASTER\Desktop\Elmo_infrastructure_sizing_NP-\output\DCH_agosto\Costo_variable\Swap_libre\Swap_variable_3estaciones_640kW_Descomp/station_2_d182_stage1'.
✅ Solution time [sec]: 58.54
📊 Status: optimal
💰 Operation Cost: 266590.37064102007
⚠️ No se encontró 'gurobi.log'. 
✔ JSON de variables y parámetros, log y summary guardados en 'C:\Users\TECNO-MASTER\Desktop\Elmo_infrastructure_sizing_NP-\output\DCH_agosto\Costo_variable\Swap_libre\Swap_variable_3estaciones_640kW_Descomp/station_2_d213_stage1'.
✅ Solution time [sec]: 67.51
📊 Status: optimal
💰 Operation Cost: 265942.08451955556
⚠️ No se encontró 'gurobi.log'. 
✔ JSON de variables y parámetros, log y summary guardados en 'C:\Users\TECNO-MASTER\Desktop\Elmo_infrastructure_sizing_NP-\output\DCH_agosto\Costo_variable\Swap_libre\Swap_variable_3estaciones_640kW_Descomp/station_3_d91_stage1'.
✅ Solution time [sec]: 42.45
📊 Status: optimal
💰 Operation Cost: 265707.7189856722
⚠️ No se encontró 'gurobi.log'. 
✔ JSON de variables y parámetros, log y summary guardados en 'C:\Users\TECNO-MASTER\Desktop\Elmo_infrastructure_sizing_NP-\output\DCH_agosto\Costo_variable\Swap_libre\Swap_variable_3estaciones_640kW_Descomp/station_3_d335_stage1'.
✅ Solution time [sec]: 84.14
📊 Status: optimal
💰 Operation Cost: 266138.99134536483
⚠️ No se encontró 'gurobi.log'. 
✔ JSON de variables y parámetros, log y summary guardados en 'C:\Users\TECNO-MASTER\Desktop\Elmo_infrastructure_sizing_NP-\output\DCH_agosto\Costo_variable\Swap_libre\Swap_variable_3estaciones_640kW_Descomp/station_3_d1_stage1'.
✅ Solution time [sec]: 149.05
📊 Status: optimal
💰 Operation Cost: 265137.01726324507
⚠️ No se encontró 'gurobi.log'. 
✔ JSON de variables y parámetros, log y summary guardados en 'C:\Users\TECNO-MASTER\Desktop\Elmo_infrastructure_sizing_NP-\output\DCH_agosto\Costo_variable\Swap_libre\Swap_variable_3estaciones_640kW_Descomp/station_1_d152_stage1'.
✅ Solution time [sec]: 130.70
📊 Status: optimal
💰 Operation Cost: 265153.33008236164
⚠️ No se encontró 'gurobi.log'. 
✔ JSON de variables y parámetros, log y summary guardados en 'C:\Users\TECNO-MASTER\Desktop\Elmo_infrastructure_sizing_NP-\output\DCH_agosto\Costo_variable\Swap_libre\Swap_variable_3estaciones_640kW_Descomp/station_3_d152_stage1'.
✅ Solution time [sec]: 92.00
📊 Status: optimal
💰 Operation Cost: 266538.81622441555
⚠️ No se encontró 'gurobi.log'. 
✔ JSON de variables y parámetros, log y summary guardados en 'C:\Users\TECNO-MASTER\Desktop\Elmo_infrastructure_sizing_NP-\output\DCH_agosto\Costo_variable\Swap_libre\Swap_variable_3estaciones_640kW_Descomp/station_3_d274_stage1'.
✅ Solution time [sec]: 126.75
📊 Status: optimal
💰 Operation Cost: 266031.0348095449
⚠️ No se encontró 'gurobi.log'. 
✔ JSON de variables y parámetros, log y summary guardados en 'C:\Users\TECNO-MASTER\Desktop\Elmo_infrastructure_sizing_NP-\output\DCH_agosto\Costo_variable\Swap_libre\Swap_variable_3estaciones_640kW_Descomp/station_3_d213_stage1'.
✅ Solution time [sec]: 187.93
📊 Status: optimal
💰 Operation Cost: 264829.9785306865
⚠️ No se encontró 'gurobi.log'. 
✔ JSON de variables y parámetros, log y summary guardados en 'C:\Users\TECNO-MASTER\Desktop\Elmo_infrastructure_sizing_NP-\output\DCH_agosto\Costo_variable\Swap_libre\Swap_variable_3estaciones_640kW_Descomp/station_3_d121_stage1'.
✅ Solution time [sec]: 305.50
📊 Status: optimal
💰 Operation Cost: 265335.7844762564
⚠️ No se encontró 'gurobi.log'. 
✔ JSON de variables y parámetros, log y summary guardados en 'C:\Users\TECNO-MASTER\Desktop\Elmo_infrastructure_sizing_NP-\output\DCH_agosto\Costo_variable\Swap_libre\Swap_variable_3estaciones_640kW_Descomp/station_1_d1_stage1'.
✅ Solution time [sec]: 253.25
📊 Status: optimal
💰 Operation Cost: 265490.780960204
⚠️ No se encontró 'gurobi.log'. 
✔ JSON de variables y parámetros, log y summary guardados en 'C:\Users\TECNO-MASTER\Desktop\Elmo_infrastructure_sizing_NP-\output\DCH_agosto\Costo_variable\Swap_libre\Swap_variable_3estaciones_640kW_Descomp/station_1_d274_stage1'.
C:\Users\TECNO-MASTER\anaconda3\lib\site-packages\pandas\core\indexes\base.py:6999: FutureWarning: In a future version, the Index constructor will not infer numeric dtypes when passed object-dtype sequences (matching Series behavior)
  return Index(sequences[0], name=names)
C:\Users\TECNO-MASTER\anaconda3\lib\site-packages\pandas\core\indexes\base.py:6999: FutureWarning: In a future version, the Index constructor will not infer numeric dtypes when passed object-dtype sequences (matching Series behavior)
  return Index(sequences[0], name=names)
C:\Users\TECNO-MASTER\anaconda3\lib\site-packages\pandas\core\indexes\base.py:6999: FutureWarning: In a future version, the Index constructor will not infer numeric dtypes when passed object-dtype sequences (matching Series behavior)
  return Index(sequences[0], name=names)
C:\Users\TECNO-MASTER\anaconda3\lib\site-packages\pandas\core\indexes\base.py:6999: FutureWarning: In a future version, the Index constructor will not infer numeric dtypes when passed object-dtype sequences (matching Series behavior)
  return Index(sequences[0], name=names)
C:\Users\TECNO-MASTER\anaconda3\lib\site-packages\pandas\core\indexes\base.py:6999: FutureWarning: In a future version, the Index constructor will not infer numeric dtypes when passed object-dtype sequences (matching Series behavior)
  return Index(sequences[0], name=names)
C:\Users\TECNO-MASTER\anaconda3\lib\site-packages\pandas\core\indexes\base.py:6999: FutureWarning: In a future version, the Index constructor will not infer numeric dtypes when passed object-dtype sequences (matching Series behavior)
  return Index(sequences[0], name=names)
C:\Users\TECNO-MASTER\anaconda3\lib\site-packages\pandas\core\indexes\base.py:6999: FutureWarning: In a future version, the Index constructor will not infer numeric dtypes when passed object-dtype sequences (matching Series behavior)
  return Index(sequences[0], name=names)
  [Fase 2 (infra fija)] estacion=station_1 dia=60 -> C:\Users\TECNO-MASTER\Desktop\Elmo_infrastructure_sizing_NP-\output\DCH_agosto\Costo_variable\Swap_libre\Swap_variable_3estaciones_640kW_Descomp/station_1_d60
✔ Warm start Y: 242 cargados, 0 omitidos
✔ Warm start Z: 467 cargados, 0 omitidos
✔ Warm start Z_swap: 11 cargados, 0 omitidos
✔ Warm start N_chargers: 0 cargados, 1 omitidos
✔ Warm start N_bays: 0 cargados, 1 omitidos
✔ Warm start X: 0 cargados, 1 omitidos
✔ Warm start N_batteries: 0 cargados, 1 omitidos
✔ Warm start completo desde 'C:\Users\TECNO-MASTER\Desktop\Elmo_infrastructure_sizing_NP-\output\DCH_agosto\Costo_variable\Swap_libre\Swap_variable_3estaciones_640kW_Descomp\station_1_d60_stage1': 720 valores cargados, 4 omitidos
formulation time: 6.669151067733765
Set parameter OutputFlag to value 1
Set parameter OutputFlag to value 1
Set parameter LogToConsole to value 1
Set parameter MIPGap to value 0.05
Set parameter TimeLimit to value 1200
Set parameter LogFile to value "C:\Users\TECNO-MASTER\Desktop\Elmo_infrastructure_sizing_NP-\output\DCH_agosto\Costo_variable\Swap_libre\Swap_variable_3estaciones_640kW_Descomp\station_1_d60\ELMO_log.txt"
Set parameter Threads to value 1
Set parameter Heuristics to value 0.5
Set parameter MIPFocus to value 3
Set parameter Presolve to value 2
Set parameter FlowCoverCuts to value 2
Gurobi Optimizer version 12.0.3 build v12.0.3rc0 (win64 - Windows 11+.0 (26200.2))

CPU model: Intel(R) Core(TM) i9-14900K, instruction set [SSE2|AVX|AVX2]
Thread count: 24 physical cores, 32 logical processors, using up to 1 threads

Non-default parameters:
TimeLimit  1200
MIPGap  0.05
Heuristics  0.5
MIPFocus  3
FlowCoverCuts  2
Presolve  2
Threads  1

Optimize a model with 26328 rows, 53707 columns and 241473 nonzeros
Model fingerprint: 0x06272bd7
Variable types: 2099 continuous, 51608 integer (18485 binary)
Coefficient statistics:
  Matrix range     [1e+00, 6e+02]
  Objective range  [9e-03, 1e+02]
  Bounds range     [1e+00, 3e+00]
  RHS range        [1e+00, 1e+04]

Warning: Completing partial solution with 50884 unfixed non-continuous variables out of 51608
User MIP start produced solution with objective 265531 (0.03s)
Loaded user MIP start with objective 265531


Explored 0 nodes (0 simplex iterations) in 0.04 seconds (0.05 work units)
Thread count was 1 (of 32 available processors)

Solution count 2: 265531 265531 

Optimal solution found (tolerance 5.00e-02)
Best objective 2.655308951647e+05, best bound 2.639320000000e+05, gap 0.6022%
C:\Users\TECNO-MASTER\anaconda3\lib\site-packages\pandas\core\indexes\base.py:6999: FutureWarning: In a future version, the Index constructor will not infer numeric dtypes when passed object-dtype sequences (matching Series behavior)
  return Index(sequences[0], name=names)
  [Fase 2 (infra fija)] estacion=station_1 dia=32 -> C:\Users\TECNO-MASTER\Desktop\Elmo_infrastructure_sizing_NP-\output\DCH_agosto\Costo_variable\Swap_libre\Swap_variable_3estaciones_640kW_Descomp/station_1_d32
✔ Warm start Y: 242 cargados, 0 omitidos
✔ Warm start Z: 468 cargados, 0 omitidos
✔ Warm start Z_swap: 10 cargados, 0 omitidos
✔ Warm start N_chargers: 0 cargados, 1 omitidos
✔ Warm start N_bays: 0 cargados, 1 omitidos
✔ Warm start X: 0 cargados, 1 omitidos
✔ Warm start N_batteries: 0 cargados, 1 omitidos
✔ Warm start completo desde 'C:\Users\TECNO-MASTER\Desktop\Elmo_infrastructure_sizing_NP-\output\DCH_agosto\Costo_variable\Swap_libre\Swap_variable_3estaciones_640kW_Descomp\station_1_d32_stage1': 720 valores cargados, 4 omitidos
formulation time: 6.838541507720947
Set parameter OutputFlag to value 1
Set parameter OutputFlag to value 1
Set parameter LogToConsole to value 1
Set parameter MIPGap to value 0.05
Set parameter TimeLimit to value 1200
Set parameter LogFile to value "C:\Users\TECNO-MASTER\Desktop\Elmo_infrastructure_sizing_NP-\output\DCH_agosto\Costo_variable\Swap_libre\Swap_variable_3estaciones_640kW_Descomp\station_1_d32\ELMO_log.txt"
Set parameter Threads to value 1
Set parameter Heuristics to value 0.5
Set parameter MIPFocus to value 3
Set parameter Presolve to value 2
Set parameter FlowCoverCuts to value 2
Gurobi Optimizer version 12.0.3 build v12.0.3rc0 (win64 - Windows 11+.0 (26200.2))

CPU model: Intel(R) Core(TM) i9-14900K, instruction set [SSE2|AVX|AVX2]
Thread count: 24 physical cores, 32 logical processors, using up to 1 threads

Non-default parameters:
TimeLimit  1200
MIPGap  0.05
Heuristics  0.5
MIPFocus  3
FlowCoverCuts  2
Presolve  2
Threads  1

Optimize a model with 26328 rows, 53707 columns and 241473 nonzeros
Model fingerprint: 0x0e1ca072
Variable types: 2099 continuous, 51608 integer (18485 binary)
Coefficient statistics:
  Matrix range     [1e+00, 6e+02]
  Objective range  [3e-03, 1e+02]
  Bounds range     [1e+00, 3e+00]
  RHS range        [1e+00, 1e+04]

Warning: Completing partial solution with 50884 unfixed non-continuous variables out of 51608
User MIP start produced solution with objective 265869 (0.03s)
Loaded user MIP start with objective 265869


Explored 0 nodes (0 simplex iterations) in 0.04 seconds (0.05 work units)
Thread count was 1 (of 32 available processors)

Solution count 2: 265869 265869 

Optimal solution found (tolerance 5.00e-02)
Best objective 2.658687179945e+05, best bound 2.639320000000e+05, gap 0.7284%
  [Fase 2 (infra fija)] estacion=station_1 dia=1 -> C:\Users\TECNO-MASTER\Desktop\Elmo_infrastructure_sizing_NP-\output\DCH_agosto\Costo_variable\Swap_libre\Swap_variable_3estaciones_640kW_Descomp/station_1_d1
✔ Warm start Y: 245 cargados, 0 omitidos
✔ Warm start Z: 465 cargados, 0 omitidos
✔ Warm start Z_swap: 10 cargados, 0 omitidos
✔ Warm start N_chargers: 0 cargados, 1 omitidos
✔ Warm start N_bays: 0 cargados, 1 omitidos
✔ Warm start X: 0 cargados, 1 omitidos
✔ Warm start N_batteries: 0 cargados, 1 omitidos
✔ Warm start completo desde 'C:\Users\TECNO-MASTER\Desktop\Elmo_infrastructure_sizing_NP-\output\DCH_agosto\Costo_variable\Swap_libre\Swap_variable_3estaciones_640kW_Descomp\station_1_d1_stage1': 720 valores cargados, 4 omitidos
formulation time: 7.03457236289978
Set parameter OutputFlag to value 1
Set parameter OutputFlag to value 1
Set parameter LogToConsole to value 1
Set parameter MIPGap to value 0.05
Set parameter TimeLimit to value 1200
Set parameter LogFile to value "C:\Users\TECNO-MASTER\Desktop\Elmo_infrastructure_sizing_NP-\output\DCH_agosto\Costo_variable\Swap_libre\Swap_variable_3estaciones_640kW_Descomp\station_1_d1\ELMO_log.txt"
Set parameter Threads to value 1
Set parameter Heuristics to value 0.5
Set parameter MIPFocus to value 3
Set parameter Presolve to value 2
Set parameter FlowCoverCuts to value 2
Gurobi Optimizer version 12.0.3 build v12.0.3rc0 (win64 - Windows 11+.0 (26200.2))

CPU model: Intel(R) Core(TM) i9-14900K, instruction set [SSE2|AVX|AVX2]
Thread count: 24 physical cores, 32 logical processors, using up to 1 threads

Non-default parameters:
TimeLimit  1200
MIPGap  0.05
Heuristics  0.5
MIPFocus  3
FlowCoverCuts  2
Presolve  2
Threads  1

Optimize a model with 26328 rows, 53707 columns and 241473 nonzeros
Model fingerprint: 0x735fd984
Variable types: 2099 continuous, 51608 integer (18485 binary)
Coefficient statistics:
  Matrix range     [1e+00, 6e+02]
  Objective range  [1e-02, 1e+02]
  Bounds range     [1e+00, 3e+00]
  RHS range        [1e+00, 1e+04]

Warning: Completing partial solution with 50884 unfixed non-continuous variables out of 51608
C:\Users\TECNO-MASTER\anaconda3\lib\site-packages\pandas\core\indexes\base.py:6999: FutureWarning: In a future version, the Index constructor will not infer numeric dtypes when passed object-dtype sequences (matching Series behavior)
  return Index(sequences[0], name=names)
User MIP start produced solution with objective 265235 (0.03s)
Loaded user MIP start with objective 265235


Explored 0 nodes (0 simplex iterations) in 0.04 seconds (0.05 work units)
Thread count was 1 (of 32 available processors)

Solution count 2: 265235 265235 

Optimal solution found (tolerance 5.00e-02)
Best objective 2.652345706970e+05, best bound 2.639320000000e+05, gap 0.4911%
  [Fase 2 (infra fija)] estacion=station_1 dia=91 -> C:\Users\TECNO-MASTER\Desktop\Elmo_infrastructure_sizing_NP-\output\DCH_agosto\Costo_variable\Swap_libre\Swap_variable_3estaciones_640kW_Descomp/station_1_d91
✔ Warm start Y: 241 cargados, 0 omitidos
✔ Warm start Z: 466 cargados, 0 omitidos
✔ Warm start Z_swap: 13 cargados, 0 omitidos
✔ Warm start N_chargers: 0 cargados, 1 omitidos
✔ Warm start N_bays: 0 cargados, 1 omitidos
✔ Warm start X: 0 cargados, 1 omitidos
✔ Warm start N_batteries: 0 cargados, 1 omitidos
✔ Warm start completo desde 'C:\Users\TECNO-MASTER\Desktop\Elmo_infrastructure_sizing_NP-\output\DCH_agosto\Costo_variable\Swap_libre\Swap_variable_3estaciones_640kW_Descomp\station_1_d91_stage1': 720 valores cargados, 4 omitidos
formulation time: 7.186696529388428
Set parameter OutputFlag to value 1
Set parameter OutputFlag to value 1
Set parameter LogToConsole to value 1
Set parameter MIPGap to value 0.05
Set parameter TimeLimit to value 1200
Set parameter LogFile to value "C:\Users\TECNO-MASTER\Desktop\Elmo_infrastructure_sizing_NP-\output\DCH_agosto\Costo_variable\Swap_libre\Swap_variable_3estaciones_640kW_Descomp\station_1_d91\ELMO_log.txt"
Set parameter Threads to value 1
Set parameter Heuristics to value 0.5
Set parameter MIPFocus to value 3
Set parameter Presolve to value 2
Set parameter FlowCoverCuts to value 2
Gurobi Optimizer version 12.0.3 build v12.0.3rc0 (win64 - Windows 11+.0 (26200.2))

CPU model: Intel(R) Core(TM) i9-14900K, instruction set [SSE2|AVX|AVX2]
Thread count: 24 physical cores, 32 logical processors, using up to 1 threads

Non-default parameters:
TimeLimit  1200
MIPGap  0.05
Heuristics  0.5
MIPFocus  3
FlowCoverCuts  2
Presolve  2
Threads  1

Optimize a model with 26359 rows, 53707 columns and 241535 nonzeros
Model fingerprint: 0xb352b783
Variable types: 2099 continuous, 51608 integer (18485 binary)
Coefficient statistics:
  Matrix range     [1e+00, 6e+02]
  Objective range  [1e-02, 1e+02]
  Bounds range     [1e+00, 3e+00]
  RHS range        [1e+00, 1e+04]

Warning: Completing partial solution with 50884 unfixed non-continuous variables out of 51608
User MIP start produced solution with objective 266688 (0.03s)
Loaded user MIP start with objective 266688


Explored 0 nodes (0 simplex iterations) in 0.04 seconds (0.05 work units)
Thread count was 1 (of 32 available processors)

Solution count 2: 266688 266688 

Optimal solution found (tolerance 5.00e-02)
Best objective 2.666882650351e+05, best bound 2.639320000000e+05, gap 1.0335%
C:\Users\TECNO-MASTER\anaconda3\lib\site-packages\pandas\core\indexes\base.py:6999: FutureWarning: In a future version, the Index constructor will not infer numeric dtypes when passed object-dtype sequences (matching Series behavior)
  return Index(sequences[0], name=names)
C:\Users\TECNO-MASTER\anaconda3\lib\site-packages\pandas\core\indexes\base.py:6999: FutureWarning: In a future version, the Index constructor will not infer numeric dtypes when passed object-dtype sequences (matching Series behavior)
  return Index(sequences[0], name=names)
  [Fase 2 (infra fija)] estacion=station_1 dia=121 -> C:\Users\TECNO-MASTER\Desktop\Elmo_infrastructure_sizing_NP-\output\DCH_agosto\Costo_variable\Swap_libre\Swap_variable_3estaciones_640kW_Descomp/station_1_d121
✔ Warm start Y: 244 cargados, 0 omitidos
✔ Warm start Z: 464 cargados, 0 omitidos
✔ Warm start Z_swap: 12 cargados, 0 omitidos
✔ Warm start N_chargers: 0 cargados, 1 omitidos
✔ Warm start N_bays: 0 cargados, 1 omitidos
✔ Warm start X: 0 cargados, 1 omitidos
✔ Warm start N_batteries: 0 cargados, 1 omitidos
✔ Warm start completo desde 'C:\Users\TECNO-MASTER\Desktop\Elmo_infrastructure_sizing_NP-\output\DCH_agosto\Costo_variable\Swap_libre\Swap_variable_3estaciones_640kW_Descomp\station_1_d121_stage1': 720 valores cargados, 4 omitidos
formulation time: 7.521574258804321
Set parameter OutputFlag to value 1
Set parameter OutputFlag to value 1
Set parameter LogToConsole to value 1
Set parameter MIPGap to value 0.05
Set parameter TimeLimit to value 1200
Set parameter LogFile to value "C:\Users\TECNO-MASTER\Desktop\Elmo_infrastructure_sizing_NP-\output\DCH_agosto\Costo_variable\Swap_libre\Swap_variable_3estaciones_640kW_Descomp\station_1_d121\ELMO_log.txt"
Set parameter Threads to value 1
Set parameter Heuristics to value 0.5
Set parameter MIPFocus to value 3
Set parameter Presolve to value 2
Set parameter FlowCoverCuts to value 2
Gurobi Optimizer version 12.0.3 build v12.0.3rc0 (win64 - Windows 11+.0 (26200.2))

CPU model: Intel(R) Core(TM) i9-14900K, instruction set [SSE2|AVX|AVX2]
Thread count: 24 physical cores, 32 logical processors, using up to 1 threads

Non-default parameters:
TimeLimit  1200
MIPGap  0.05
Heuristics  0.5
MIPFocus  3
FlowCoverCuts  2
Presolve  2
Threads  1

Optimize a model with 26359 rows, 53707 columns and 241535 nonzeros
Model fingerprint: 0x9bbc468a
Variable types: 2099 continuous, 51608 integer (18485 binary)
Coefficient statistics:
  Matrix range     [1e+00, 6e+02]
  Objective range  [8e-03, 1e+02]
  Bounds range     [1e+00, 3e+00]
  RHS range        [1e+00, 1e+04]

Warning: Completing partial solution with 50884 unfixed non-continuous variables out of 51608
User MIP start produced solution with objective 265586 (0.03s)
Loaded user MIP start with objective 265586


Explored 0 nodes (0 simplex iterations) in 0.04 seconds (0.05 work units)
Thread count was 1 (of 32 available processors)

Solution count 2: 265586 265586 

Optimal solution found (tolerance 5.00e-02)
Best objective 2.655864570940e+05, best bound 2.639320000000e+05, gap 0.6229%
  [Fase 2 (infra fija)] estacion=station_1 dia=152 -> C:\Users\TECNO-MASTER\Desktop\Elmo_infrastructure_sizing_NP-\output\DCH_agosto\Costo_variable\Swap_libre\Swap_variable_3estaciones_640kW_Descomp/station_1_d152
✔ Warm start Y: 244 cargados, 0 omitidos
✔ Warm start Z: 466 cargados, 0 omitidos
✔ Warm start Z_swap: 10 cargados, 0 omitidos
✔ Warm start N_chargers: 0 cargados, 1 omitidos
✔ Warm start N_bays: 0 cargados, 1 omitidos
✔ Warm start X: 0 cargados, 1 omitidos
✔ Warm start N_batteries: 0 cargados, 1 omitidos
✔ Warm start completo desde 'C:\Users\TECNO-MASTER\Desktop\Elmo_infrastructure_sizing_NP-\output\DCH_agosto\Costo_variable\Swap_libre\Swap_variable_3estaciones_640kW_Descomp\station_1_d152_stage1': 720 valores cargados, 4 omitidos
formulation time: 7.524213790893555
Set parameter OutputFlag to value 1
Set parameter OutputFlag to value 1
Set parameter LogToConsole to value 1
Set parameter MIPGap to value 0.05
Set parameter TimeLimit to value 1200
Set parameter LogFile to value "C:\Users\TECNO-MASTER\Desktop\Elmo_infrastructure_sizing_NP-\output\DCH_agosto\Costo_variable\Swap_libre\Swap_variable_3estaciones_640kW_Descomp\station_1_d152\ELMO_log.txt"
Set parameter Threads to value 1
Set parameter Heuristics to value 0.5
Set parameter MIPFocus to value 3
Set parameter Presolve to value 2
Set parameter FlowCoverCuts to value 2
Gurobi Optimizer version 12.0.3 build v12.0.3rc0 (win64 - Windows 11+.0 (26200.2))

CPU model: Intel(R) Core(TM) i9-14900K, instruction set [SSE2|AVX|AVX2]
Thread count: 24 physical cores, 32 logical processors, using up to 1 threads

Non-default parameters:
TimeLimit  1200
MIPGap  0.05
Heuristics  0.5
MIPFocus  3
FlowCoverCuts  2
Presolve  2
Threads  1

Optimize a model with 26359 rows, 53707 columns and 241535 nonzeros
Model fingerprint: 0x9bb0ed60
Variable types: 2099 continuous, 51608 integer (18485 binary)
Coefficient statistics:
  Matrix range     [1e+00, 6e+02]
  Objective range  [1e-02, 1e+02]
  Bounds range     [1e+00, 3e+00]
  RHS range        [1e+00, 1e+04]

Warning: Completing partial solution with 50884 unfixed non-continuous variables out of 51608
User MIP start produced solution with objective 265137 (0.03s)
Loaded user MIP start with objective 265137


Explored 0 nodes (0 simplex iterations) in 0.04 seconds (0.06 work units)
Thread count was 1 (of 32 available processors)

Solution count 2: 265137 265137 

Optimal solution found (tolerance 5.00e-02)
Best objective 2.651370172632e+05, best bound 2.639320000000e+05, gap 0.4545%
C:\Users\TECNO-MASTER\anaconda3\lib\site-packages\pandas\core\indexes\base.py:6999: FutureWarning: In a future version, the Index constructor will not infer numeric dtypes when passed object-dtype sequences (matching Series behavior)
  return Index(sequences[0], name=names)
  [Fase 2 (infra fija)] estacion=station_1 dia=213 -> C:\Users\TECNO-MASTER\Desktop\Elmo_infrastructure_sizing_NP-\output\DCH_agosto\Costo_variable\Swap_libre\Swap_variable_3estaciones_640kW_Descomp/station_1_d213
✔ Warm start Y: 244 cargados, 0 omitidos
✔ Warm start Z: 465 cargados, 0 omitidos
✔ Warm start Z_swap: 11 cargados, 0 omitidos
✔ Warm start N_chargers: 0 cargados, 1 omitidos
✔ Warm start N_bays: 0 cargados, 1 omitidos
✔ Warm start X: 0 cargados, 1 omitidos
✔ Warm start N_batteries: 0 cargados, 1 omitidos
✔ Warm start completo desde 'C:\Users\TECNO-MASTER\Desktop\Elmo_infrastructure_sizing_NP-\output\DCH_agosto\Costo_variable\Swap_libre\Swap_variable_3estaciones_640kW_Descomp\station_1_d213_stage1': 720 valores cargados, 4 omitidos
formulation time: 7.605672121047974
Set parameter OutputFlag to value 1
Set parameter OutputFlag to value 1
Set parameter LogToConsole to value 1
Set parameter MIPGap to value 0.05
Set parameter TimeLimit to value 1200
Set parameter LogFile to value "C:\Users\TECNO-MASTER\Desktop\Elmo_infrastructure_sizing_NP-\output\DCH_agosto\Costo_variable\Swap_libre\Swap_variable_3estaciones_640kW_Descomp\station_1_d213\ELMO_log.txt"
Set parameter Threads to value 1
Set parameter Heuristics to value 0.5
Set parameter MIPFocus to value 3
Set parameter Presolve to value 2
Set parameter FlowCoverCuts to value 2
Gurobi Optimizer version 12.0.3 build v12.0.3rc0 (win64 - Windows 11+.0 (26200.2))

CPU model: Intel(R) Core(TM) i9-14900K, instruction set [SSE2|AVX|AVX2]
Thread count: 24 physical cores, 32 logical processors, using up to 1 threads

Non-default parameters:
TimeLimit  1200
MIPGap  0.05
Heuristics  0.5
MIPFocus  3
FlowCoverCuts  2
Presolve  2
Threads  1

Optimize a model with 26359 rows, 53707 columns and 241535 nonzeros
Model fingerprint: 0xb1097077
Variable types: 2099 continuous, 51608 integer (18485 binary)
Coefficient statistics:
  Matrix range     [1e+00, 6e+02]
  Objective range  [8e-03, 1e+02]
  Bounds range     [1e+00, 3e+00]
  RHS range        [1e+00, 1e+04]

Warning: Completing partial solution with 50884 unfixed non-continuous variables out of 51608
C:\Users\TECNO-MASTER\anaconda3\lib\site-packages\pandas\core\indexes\base.py:6999: FutureWarning: In a future version, the Index constructor will not infer numeric dtypes when passed object-dtype sequences (matching Series behavior)
  return Index(sequences[0], name=names)
User MIP start produced solution with objective 265542 (0.03s)
Loaded user MIP start with objective 265542


Explored 0 nodes (0 simplex iterations) in 0.04 seconds (0.05 work units)
Thread count was 1 (of 32 available processors)

Solution count 2: 265542 265542 

Optimal solution found (tolerance 5.00e-02)
Best objective 2.655422858185e+05, best bound 2.639320000000e+05, gap 0.6064%
  [Fase 2 (infra fija)] estacion=station_1 dia=182 -> C:\Users\TECNO-MASTER\Desktop\Elmo_infrastructure_sizing_NP-\output\DCH_agosto\Costo_variable\Swap_libre\Swap_variable_3estaciones_640kW_Descomp/station_1_d182
✔ Warm start Y: 242 cargados, 0 omitidos
✔ Warm start Z: 469 cargados, 0 omitidos
✔ Warm start Z_swap: 9 cargados, 0 omitidos
✔ Warm start N_chargers: 0 cargados, 1 omitidos
✔ Warm start N_bays: 0 cargados, 1 omitidos
✔ Warm start X: 0 cargados, 1 omitidos
✔ Warm start N_batteries: 0 cargados, 1 omitidos
✔ Warm start completo desde 'C:\Users\TECNO-MASTER\Desktop\Elmo_infrastructure_sizing_NP-\output\DCH_agosto\Costo_variable\Swap_libre\Swap_variable_3estaciones_640kW_Descomp\station_1_d182_stage1': 720 valores cargados, 4 omitidos
formulation time: 7.49335241317749
Set parameter OutputFlag to value 1
Set parameter OutputFlag to value 1
Set parameter LogToConsole to value 1
Set parameter MIPGap to value 0.05
Set parameter TimeLimit to value 1200
Set parameter LogFile to value "C:\Users\TECNO-MASTER\Desktop\Elmo_infrastructure_sizing_NP-\output\DCH_agosto\Costo_variable\Swap_libre\Swap_variable_3estaciones_640kW_Descomp\station_1_d182\ELMO_log.txt"
Set parameter Threads to value 1
Set parameter Heuristics to value 0.5
Set parameter MIPFocus to value 3
Set parameter Presolve to value 2
Set parameter FlowCoverCuts to value 2
Gurobi Optimizer version 12.0.3 build v12.0.3rc0 (win64 - Windows 11+.0 (26200.2))

CPU model: Intel(R) Core(TM) i9-14900K, instruction set [SSE2|AVX|AVX2]
Thread count: 24 physical cores, 32 logical processors, using up to 1 threads

Non-default parameters:
TimeLimit  1200
MIPGap  0.05
Heuristics  0.5
MIPFocus  3
FlowCoverCuts  2
Presolve  2
Threads  1

Optimize a model with 26359 rows, 53707 columns and 241535 nonzeros
Model fingerprint: 0x96859831
Variable types: 2099 continuous, 51608 integer (18485 binary)
Coefficient statistics:
  Matrix range     [1e+00, 6e+02]
  Objective range  [1e-02, 1e+02]
  Bounds range     [1e+00, 3e+00]
  RHS range        [1e+00, 1e+04]

Warning: Completing partial solution with 50884 unfixed non-continuous variables out of 51608
User MIP start produced solution with objective 264049 (0.03s)
Loaded user MIP start with objective 264049


Explored 0 nodes (0 simplex iterations) in 0.04 seconds (0.05 work units)
Thread count was 1 (of 32 available processors)

Solution count 2: 264049 264049 

Optimal solution found (tolerance 5.00e-02)
Best objective 2.640493424083e+05, best bound 2.639320000000e+05, gap 0.0444%
C:\Users\TECNO-MASTER\anaconda3\lib\site-packages\pandas\core\indexes\base.py:6999: FutureWarning: In a future version, the Index constructor will not infer numeric dtypes when passed object-dtype sequences (matching Series behavior)
  return Index(sequences[0], name=names)
  [Fase 2 (infra fija)] estacion=station_1 dia=274 -> C:\Users\TECNO-MASTER\Desktop\Elmo_infrastructure_sizing_NP-\output\DCH_agosto\Costo_variable\Swap_libre\Swap_variable_3estaciones_640kW_Descomp/station_1_d274
✔ Warm start Y: 240 cargados, 0 omitidos
✔ Warm start Z: 470 cargados, 0 omitidos
✔ Warm start Z_swap: 10 cargados, 0 omitidos
✔ Warm start N_chargers: 0 cargados, 1 omitidos
✔ Warm start N_bays: 0 cargados, 1 omitidos
✔ Warm start X: 0 cargados, 1 omitidos
✔ Warm start N_batteries: 0 cargados, 1 omitidos
✔ Warm start completo desde 'C:\Users\TECNO-MASTER\Desktop\Elmo_infrastructure_sizing_NP-\output\DCH_agosto\Costo_variable\Swap_libre\Swap_variable_3estaciones_640kW_Descomp\station_1_d274_stage1': 720 valores cargados, 4 omitidos
formulation time: 7.578272581100464
Set parameter OutputFlag to value 1
Set parameter OutputFlag to value 1
Set parameter LogToConsole to value 1
Set parameter MIPGap to value 0.05
Set parameter TimeLimit to value 1200
Set parameter LogFile to value "C:\Users\TECNO-MASTER\Desktop\Elmo_infrastructure_sizing_NP-\output\DCH_agosto\Costo_variable\Swap_libre\Swap_variable_3estaciones_640kW_Descomp\station_1_d274\ELMO_log.txt"
Set parameter Threads to value 1
Set parameter Heuristics to value 0.5
Set parameter MIPFocus to value 3
Set parameter Presolve to value 2
Set parameter FlowCoverCuts to value 2
Gurobi Optimizer version 12.0.3 build v12.0.3rc0 (win64 - Windows 11+.0 (26200.2))

CPU model: Intel(R) Core(TM) i9-14900K, instruction set [SSE2|AVX|AVX2]
Thread count: 24 physical cores, 32 logical processors, using up to 1 threads

Non-default parameters:
TimeLimit  1200
MIPGap  0.05
Heuristics  0.5
MIPFocus  3
FlowCoverCuts  2
Presolve  2
Threads  1

Optimize a model with 26328 rows, 53707 columns and 241473 nonzeros
Model fingerprint: 0xf7aa927c
Variable types: 2099 continuous, 51608 integer (18485 binary)
Coefficient statistics:
  Matrix range     [1e+00, 6e+02]
  Objective range  [4e-03, 1e+02]
  Bounds range     [1e+00, 3e+00]
  RHS range        [1e+00, 1e+04]

Warning: Completing partial solution with 50884 unfixed non-continuous variables out of 51608
User MIP start produced solution with objective 265491 (0.03s)
Loaded user MIP start with objective 265491


Explored 0 nodes (0 simplex iterations) in 0.04 seconds (0.05 work units)
Thread count was 1 (of 32 available processors)

Solution count 2: 265491 265491 

Optimal solution found (tolerance 5.00e-02)
Best objective 2.654907809602e+05, best bound 2.639320000000e+05, gap 0.5871%
C:\Users\TECNO-MASTER\anaconda3\lib\site-packages\pandas\core\indexes\base.py:6999: FutureWarning: In a future version, the Index constructor will not infer numeric dtypes when passed object-dtype sequences (matching Series behavior)
  return Index(sequences[0], name=names)
  [Fase 2 (infra fija)] estacion=station_1 dia=244 -> C:\Users\TECNO-MASTER\Desktop\Elmo_infrastructure_sizing_NP-\output\DCH_agosto\Costo_variable\Swap_libre\Swap_variable_3estaciones_640kW_Descomp/station_1_d244
✔ Warm start Y: 240 cargados, 0 omitidos
✔ Warm start Z: 466 cargados, 0 omitidos
✔ Warm start Z_swap: 14 cargados, 0 omitidos
✔ Warm start N_chargers: 0 cargados, 1 omitidos
✔ Warm start N_bays: 0 cargados, 1 omitidos
✔ Warm start X: 0 cargados, 1 omitidos
✔ Warm start N_batteries: 0 cargados, 1 omitidos
✔ Warm start completo desde 'C:\Users\TECNO-MASTER\Desktop\Elmo_infrastructure_sizing_NP-\output\DCH_agosto\Costo_variable\Swap_libre\Swap_variable_3estaciones_640kW_Descomp\station_1_d244_stage1': 720 valores cargados, 4 omitidos
formulation time: 7.536665201187134
Set parameter OutputFlag to value 1
Set parameter OutputFlag to value 1
Set parameter LogToConsole to value 1
Set parameter MIPGap to value 0.05
Set parameter TimeLimit to value 1200
Set parameter LogFile to value "C:\Users\TECNO-MASTER\Desktop\Elmo_infrastructure_sizing_NP-\output\DCH_agosto\Costo_variable\Swap_libre\Swap_variable_3estaciones_640kW_Descomp\station_1_d244\ELMO_log.txt"
Set parameter Threads to value 1
Set parameter Heuristics to value 0.5
Set parameter MIPFocus to value 3
Set parameter Presolve to value 2
Set parameter FlowCoverCuts to value 2
Gurobi Optimizer version 12.0.3 build v12.0.3rc0 (win64 - Windows 11+.0 (26200.2))

CPU model: Intel(R) Core(TM) i9-14900K, instruction set [SSE2|AVX|AVX2]
Thread count: 24 physical cores, 32 logical processors, using up to 1 threads

Non-default parameters:
TimeLimit  1200
MIPGap  0.05
Heuristics  0.5
MIPFocus  3
FlowCoverCuts  2
Presolve  2
Threads  1

Optimize a model with 26359 rows, 53707 columns and 241535 nonzeros
Model fingerprint: 0xcf76ead0
Variable types: 2099 continuous, 51608 integer (18485 binary)
Coefficient statistics:
  Matrix range     [1e+00, 6e+02]
  Objective range  [8e-03, 1e+02]
  Bounds range     [1e+00, 3e+00]
  RHS range        [1e+00, 1e+04]

Warning: Completing partial solution with 50884 unfixed non-continuous variables out of 51608
User MIP start produced solution with objective 268192 (0.03s)
Loaded user MIP start with objective 268192


Explored 0 nodes (0 simplex iterations) in 0.04 seconds (0.05 work units)
Thread count was 1 (of 32 available processors)

Solution count 2: 268192 268192 

Optimal solution found (tolerance 5.00e-02)
Best objective 2.681922868384e+05, best bound 2.639320000000e+05, gap 1.5885%
C:\Users\TECNO-MASTER\anaconda3\lib\site-packages\pandas\core\indexes\base.py:6999: FutureWarning: In a future version, the Index constructor will not infer numeric dtypes when passed object-dtype sequences (matching Series behavior)
  return Index(sequences[0], name=names)
  [Fase 2 (infra fija)] estacion=station_1 dia=305 -> C:\Users\TECNO-MASTER\Desktop\Elmo_infrastructure_sizing_NP-\output\DCH_agosto\Costo_variable\Swap_libre\Swap_variable_3estaciones_640kW_Descomp/station_1_d305
✔ Warm start Y: 241 cargados, 0 omitidos
✔ Warm start Z: 469 cargados, 0 omitidos
✔ Warm start Z_swap: 10 cargados, 0 omitidos
✔ Warm start N_chargers: 0 cargados, 1 omitidos
✔ Warm start N_bays: 0 cargados, 1 omitidos
✔ Warm start X: 0 cargados, 1 omitidos
✔ Warm start N_batteries: 0 cargados, 1 omitidos
✔ Warm start completo desde 'C:\Users\TECNO-MASTER\Desktop\Elmo_infrastructure_sizing_NP-\output\DCH_agosto\Costo_variable\Swap_libre\Swap_variable_3estaciones_640kW_Descomp\station_1_d305_stage1': 720 valores cargados, 4 omitidos
formulation time: 7.500214338302612
Set parameter OutputFlag to value 1
Set parameter OutputFlag to value 1
Set parameter LogToConsole to value 1
Set parameter MIPGap to value 0.05
Set parameter TimeLimit to value 1200
Set parameter LogFile to value "C:\Users\TECNO-MASTER\Desktop\Elmo_infrastructure_sizing_NP-\output\DCH_agosto\Costo_variable\Swap_libre\Swap_variable_3estaciones_640kW_Descomp\station_1_d305\ELMO_log.txt"
Set parameter Threads to value 1
Set parameter Heuristics to value 0.5
Set parameter MIPFocus to value 3
Set parameter Presolve to value 2
Set parameter FlowCoverCuts to value 2
Gurobi Optimizer version 12.0.3 build v12.0.3rc0 (win64 - Windows 11+.0 (26200.2))

CPU model: Intel(R) Core(TM) i9-14900K, instruction set [SSE2|AVX|AVX2]
Thread count: 24 physical cores, 32 logical processors, using up to 1 threads

Non-default parameters:
TimeLimit  1200
MIPGap  0.05
Heuristics  0.5
MIPFocus  3
FlowCoverCuts  2
Presolve  2
Threads  1

Optimize a model with 26328 rows, 53707 columns and 241473 nonzeros
Model fingerprint: 0xdbcc0c9e
Variable types: 2099 continuous, 51608 integer (18485 binary)
Coefficient statistics:
  Matrix range     [1e+00, 6e+02]
  Objective range  [1e-01, 1e+02]
  Bounds range     [1e+00, 3e+00]
  RHS range        [1e+00, 1e+04]

Warning: Completing partial solution with 50884 unfixed non-continuous variables out of 51608
User MIP start produced solution with objective 266855 (0.03s)
Loaded user MIP start with objective 266855


Explored 0 nodes (0 simplex iterations) in 0.04 seconds (0.05 work units)
Thread count was 1 (of 32 available processors)

Solution count 2: 266855 266855 

Optimal solution found (tolerance 5.00e-02)
Best objective 2.668552977066e+05, best bound 2.639320000000e+05, gap 1.0955%
C:\Users\TECNO-MASTER\anaconda3\lib\site-packages\pandas\core\indexes\base.py:6999: FutureWarning: In a future version, the Index constructor will not infer numeric dtypes when passed object-dtype sequences (matching Series behavior)
  return Index(sequences[0], name=names)
C:\Users\TECNO-MASTER\anaconda3\lib\site-packages\pandas\core\indexes\base.py:6999: FutureWarning: In a future version, the Index constructor will not infer numeric dtypes when passed object-dtype sequences (matching Series behavior)
  return Index(sequences[0], name=names)
  [Fase 2 (infra fija)] estacion=station_2 dia=1 -> C:\Users\TECNO-MASTER\Desktop\Elmo_infrastructure_sizing_NP-\output\DCH_agosto\Costo_variable\Swap_libre\Swap_variable_3estaciones_640kW_Descomp/station_2_d1
✔ Warm start Y: 257 cargados, 0 omitidos
✔ Warm start Z: 452 cargados, 0 omitidos
✔ Warm start Z_swap: 11 cargados, 0 omitidos
✔ Warm start N_chargers: 0 cargados, 1 omitidos
✔ Warm start N_bays: 0 cargados, 1 omitidos
✔ Warm start X: 0 cargados, 1 omitidos
✔ Warm start N_batteries: 0 cargados, 1 omitidos
✔ Warm start completo desde 'C:\Users\TECNO-MASTER\Desktop\Elmo_infrastructure_sizing_NP-\output\DCH_agosto\Costo_variable\Swap_libre\Swap_variable_3estaciones_640kW_Descomp\station_2_d1_stage1': 720 valores cargados, 4 omitidos
formulation time: 7.879156112670898
Set parameter OutputFlag to value 1
Set parameter OutputFlag to value 1
Set parameter LogToConsole to value 1
Set parameter MIPGap to value 0.05
Set parameter TimeLimit to value 1200
Set parameter LogFile to value "C:\Users\TECNO-MASTER\Desktop\Elmo_infrastructure_sizing_NP-\output\DCH_agosto\Costo_variable\Swap_libre\Swap_variable_3estaciones_640kW_Descomp\station_2_d1\ELMO_log.txt"
Set parameter Threads to value 1
Set parameter Heuristics to value 0.5
Set parameter MIPFocus to value 3
Set parameter Presolve to value 2
Set parameter FlowCoverCuts to value 2
Gurobi Optimizer version 12.0.3 build v12.0.3rc0 (win64 - Windows 11+.0 (26200.2))

CPU model: Intel(R) Core(TM) i9-14900K, instruction set [SSE2|AVX|AVX2]
Thread count: 24 physical cores, 32 logical processors, using up to 1 threads

Non-default parameters:
TimeLimit  1200
MIPGap  0.05
Heuristics  0.5
MIPFocus  3
FlowCoverCuts  2
Presolve  2
Threads  1

Optimize a model with 26358 rows, 54733 columns and 246525 nonzeros
Model fingerprint: 0x13eb46e1
Variable types: 2129 continuous, 52604 integer (19481 binary)
Coefficient statistics:
  Matrix range     [1e+00, 6e+02]
  Objective range  [1e-02, 1e+02]
  Bounds range     [1e+00, 3e+00]
  RHS range        [1e+00, 1e+04]

Warning: Completing partial solution with 51880 unfixed non-continuous variables out of 52604
User MIP start produced solution with objective 266155 (0.03s)
Loaded user MIP start with objective 266155


Explored 0 nodes (0 simplex iterations) in 0.04 seconds (0.05 work units)
Thread count was 1 (of 32 available processors)

Solution count 2: 266155 266155 

Optimal solution found (tolerance 5.00e-02)
Best objective 2.661552189134e+05, best bound 2.639320000000e+05, gap 0.8353%
C:\Users\TECNO-MASTER\anaconda3\lib\site-packages\pandas\core\indexes\base.py:6999: FutureWarning: In a future version, the Index constructor will not infer numeric dtypes when passed object-dtype sequences (matching Series behavior)
  return Index(sequences[0], name=names)
  [Fase 2 (infra fija)] estacion=station_2 dia=121 -> C:\Users\TECNO-MASTER\Desktop\Elmo_infrastructure_sizing_NP-\output\DCH_agosto\Costo_variable\Swap_libre\Swap_variable_3estaciones_640kW_Descomp/station_2_d121
✔ Warm start Y: 260 cargados, 0 omitidos
✔ Warm start Z: 446 cargados, 0 omitidos
✔ Warm start Z_swap: 14 cargados, 0 omitidos
✔ Warm start N_chargers: 0 cargados, 1 omitidos
✔ Warm start N_bays: 0 cargados, 1 omitidos
✔ Warm start X: 0 cargados, 1 omitidos
✔ Warm start N_batteries: 0 cargados, 1 omitidos
✔ Warm start completo desde 'C:\Users\TECNO-MASTER\Desktop\Elmo_infrastructure_sizing_NP-\output\DCH_agosto\Costo_variable\Swap_libre\Swap_variable_3estaciones_640kW_Descomp\station_2_d121_stage1': 720 valores cargados, 4 omitidos
formulation time: 7.8351662158966064
Set parameter OutputFlag to value 1
Set parameter OutputFlag to value 1
Set parameter LogToConsole to value 1
Set parameter MIPGap to value 0.05
Set parameter TimeLimit to value 1200
Set parameter LogFile to value "C:\Users\TECNO-MASTER\Desktop\Elmo_infrastructure_sizing_NP-\output\DCH_agosto\Costo_variable\Swap_libre\Swap_variable_3estaciones_640kW_Descomp\station_2_d121\ELMO_log.txt"
Set parameter Threads to value 1
Set parameter Heuristics to value 0.5
Set parameter MIPFocus to value 3
Set parameter Presolve to value 2
Set parameter FlowCoverCuts to value 2
Gurobi Optimizer version 12.0.3 build v12.0.3rc0 (win64 - Windows 11+.0 (26200.2))

CPU model: Intel(R) Core(TM) i9-14900K, instruction set [SSE2|AVX|AVX2]
Thread count: 24 physical cores, 32 logical processors, using up to 1 threads

Non-default parameters:
TimeLimit  1200
MIPGap  0.05
Heuristics  0.5
MIPFocus  3
FlowCoverCuts  2
Presolve  2
Threads  1

Optimize a model with 26389 rows, 54733 columns and 246587 nonzeros
Model fingerprint: 0xcae02120
Variable types: 2129 continuous, 52604 integer (19481 binary)
Coefficient statistics:
  Matrix range     [1e+00, 6e+02]
  Objective range  [8e-03, 1e+02]
  Bounds range     [1e+00, 3e+00]
  RHS range        [1e+00, 1e+04]

Warning: Completing partial solution with 51880 unfixed non-continuous variables out of 52604
User MIP start produced solution with objective 265691 (0.03s)
Loaded user MIP start with objective 265691


Explored 0 nodes (0 simplex iterations) in 0.04 seconds (0.05 work units)
Thread count was 1 (of 32 available processors)

Solution count 2: 265691 265691 

Optimal solution found (tolerance 5.00e-02)
Best objective 2.656907039085e+05, best bound 2.639320000000e+05, gap 0.6619%
C:\Users\TECNO-MASTER\anaconda3\lib\site-packages\pandas\core\indexes\base.py:6999: FutureWarning: In a future version, the Index constructor will not infer numeric dtypes when passed object-dtype sequences (matching Series behavior)
  return Index(sequences[0], name=names)
  [Fase 2 (infra fija)] estacion=station_1 dia=335 -> C:\Users\TECNO-MASTER\Desktop\Elmo_infrastructure_sizing_NP-\output\DCH_agosto\Costo_variable\Swap_libre\Swap_variable_3estaciones_640kW_Descomp/station_1_d335
✔ Warm start Y: 241 cargados, 0 omitidos
✔ Warm start Z: 469 cargados, 0 omitidos
✔ Warm start Z_swap: 10 cargados, 0 omitidos
✔ Warm start N_chargers: 0 cargados, 1 omitidos
✔ Warm start N_bays: 0 cargados, 1 omitidos
✔ Warm start X: 0 cargados, 1 omitidos
✔ Warm start N_batteries: 0 cargados, 1 omitidos
✔ Warm start completo desde 'C:\Users\TECNO-MASTER\Desktop\Elmo_infrastructure_sizing_NP-\output\DCH_agosto\Costo_variable\Swap_libre\Swap_variable_3estaciones_640kW_Descomp\station_1_d335_stage1': 720 valores cargados, 4 omitidos
formulation time: 7.696698188781738
Set parameter OutputFlag to value 1
Set parameter OutputFlag to value 1
Set parameter LogToConsole to value 1
Set parameter MIPGap to value 0.05
Set parameter TimeLimit to value 1200
Set parameter LogFile to value "C:\Users\TECNO-MASTER\Desktop\Elmo_infrastructure_sizing_NP-\output\DCH_agosto\Costo_variable\Swap_libre\Swap_variable_3estaciones_640kW_Descomp\station_1_d335\ELMO_log.txt"
Set parameter Threads to value 1
Set parameter Heuristics to value 0.5
Set parameter MIPFocus to value 3
Set parameter Presolve to value 2
Set parameter FlowCoverCuts to value 2
Gurobi Optimizer version 12.0.3 build v12.0.3rc0 (win64 - Windows 11+.0 (26200.2))

CPU model: Intel(R) Core(TM) i9-14900K, instruction set [SSE2|AVX|AVX2]
Thread count: 24 physical cores, 32 logical processors, using up to 1 threads

Non-default parameters:
TimeLimit  1200
MIPGap  0.05
Heuristics  0.5
MIPFocus  3
FlowCoverCuts  2
Presolve  2
Threads  1

Optimize a model with 26328 rows, 53707 columns and 241473 nonzeros
Model fingerprint: 0x8f7e5231
Variable types: 2099 continuous, 51608 integer (18485 binary)
Coefficient statistics:
  Matrix range     [1e+00, 6e+02]
  Objective range  [4e-03, 1e+02]
  Bounds range     [1e+00, 3e+00]
  RHS range        [1e+00, 1e+04]

Warning: Completing partial solution with 50884 unfixed non-continuous variables out of 51608
User MIP start produced solution with objective 264991 (0.03s)
Loaded user MIP start with objective 264991


Explored 0 nodes (0 simplex iterations) in 0.04 seconds (0.05 work units)
Thread count was 1 (of 32 available processors)

Solution count 2: 264991 264991 

Optimal solution found (tolerance 5.00e-02)
Best objective 2.649906489180e+05, best bound 2.639320000000e+05, gap 0.3995%
C:\Users\TECNO-MASTER\anaconda3\lib\site-packages\pandas\core\indexes\base.py:6999: FutureWarning: In a future version, the Index constructor will not infer numeric dtypes when passed object-dtype sequences (matching Series behavior)
  return Index(sequences[0], name=names)
  [Fase 2 (infra fija)] estacion=station_2 dia=182 -> C:\Users\TECNO-MASTER\Desktop\Elmo_infrastructure_sizing_NP-\output\DCH_agosto\Costo_variable\Swap_libre\Swap_variable_3estaciones_640kW_Descomp/station_2_d182
✔ Warm start Y: 258 cargados, 0 omitidos
✔ Warm start Z: 451 cargados, 0 omitidos
✔ Warm start Z_swap: 11 cargados, 0 omitidos
✔ Warm start N_chargers: 0 cargados, 1 omitidos
✔ Warm start N_bays: 0 cargados, 1 omitidos
✔ Warm start X: 0 cargados, 1 omitidos
✔ Warm start N_batteries: 0 cargados, 1 omitidos
✔ Warm start completo desde 'C:\Users\TECNO-MASTER\Desktop\Elmo_infrastructure_sizing_NP-\output\DCH_agosto\Costo_variable\Swap_libre\Swap_variable_3estaciones_640kW_Descomp\station_2_d182_stage1': 720 valores cargados, 4 omitidos
formulation time: 7.820086479187012
Set parameter OutputFlag to value 1
Set parameter OutputFlag to value 1
Set parameter LogToConsole to value 1
Set parameter MIPGap to value 0.05
Set parameter TimeLimit to value 1200
Set parameter LogFile to value "C:\Users\TECNO-MASTER\Desktop\Elmo_infrastructure_sizing_NP-\output\DCH_agosto\Costo_variable\Swap_libre\Swap_variable_3estaciones_640kW_Descomp\station_2_d182\ELMO_log.txt"
Set parameter Threads to value 1
Set parameter Heuristics to value 0.5
Set parameter MIPFocus to value 3
Set parameter Presolve to value 2
Set parameter FlowCoverCuts to value 2
Gurobi Optimizer version 12.0.3 build v12.0.3rc0 (win64 - Windows 11+.0 (26200.2))

CPU model: Intel(R) Core(TM) i9-14900K, instruction set [SSE2|AVX|AVX2]
Thread count: 24 physical cores, 32 logical processors, using up to 1 threads

Non-default parameters:
TimeLimit  1200
MIPGap  0.05
Heuristics  0.5
MIPFocus  3
FlowCoverCuts  2
Presolve  2
Threads  1

Optimize a model with 26389 rows, 54733 columns and 246587 nonzeros
Model fingerprint: 0x784ff639
Variable types: 2129 continuous, 52604 integer (19481 binary)
Coefficient statistics:
  Matrix range     [1e+00, 6e+02]
  Objective range  [1e-02, 1e+02]
  Bounds range     [1e+00, 3e+00]
  RHS range        [1e+00, 1e+04]

Warning: Completing partial solution with 51880 unfixed non-continuous variables out of 52604
User MIP start produced solution with objective 265994 (0.04s)
Loaded user MIP start with objective 265994


Explored 0 nodes (0 simplex iterations) in 0.04 seconds (0.06 work units)
Thread count was 1 (of 32 available processors)

Solution count 2: 265994 265994 

Optimal solution found (tolerance 5.00e-02)
Best objective 2.659938555290e+05, best bound 2.639320000000e+05, gap 0.7752%
C:\Users\TECNO-MASTER\anaconda3\lib\site-packages\pandas\core\indexes\base.py:6999: FutureWarning: In a future version, the Index constructor will not infer numeric dtypes when passed object-dtype sequences (matching Series behavior)
  return Index(sequences[0], name=names)
  [Fase 2 (infra fija)] estacion=station_2 dia=91 -> C:\Users\TECNO-MASTER\Desktop\Elmo_infrastructure_sizing_NP-\output\DCH_agosto\Costo_variable\Swap_libre\Swap_variable_3estaciones_640kW_Descomp/station_2_d91
✔ Warm start Y: 258 cargados, 0 omitidos
✔ Warm start Z: 451 cargados, 0 omitidos
✔ Warm start Z_swap: 11 cargados, 0 omitidos
✔ Warm start N_chargers: 0 cargados, 1 omitidos
✔ Warm start N_bays: 0 cargados, 1 omitidos
✔ Warm start X: 0 cargados, 1 omitidos
✔ Warm start N_batteries: 0 cargados, 1 omitidos
✔ Warm start completo desde 'C:\Users\TECNO-MASTER\Desktop\Elmo_infrastructure_sizing_NP-\output\DCH_agosto\Costo_variable\Swap_libre\Swap_variable_3estaciones_640kW_Descomp\station_2_d91_stage1': 720 valores cargados, 4 omitidos
formulation time: 7.8738439083099365
Set parameter OutputFlag to value 1
Set parameter OutputFlag to value 1
Set parameter LogToConsole to value 1
Set parameter MIPGap to value 0.05
Set parameter TimeLimit to value 1200
Set parameter LogFile to value "C:\Users\TECNO-MASTER\Desktop\Elmo_infrastructure_sizing_NP-\output\DCH_agosto\Costo_variable\Swap_libre\Swap_variable_3estaciones_640kW_Descomp\station_2_d91\ELMO_log.txt"
Set parameter Threads to value 1
Set parameter Heuristics to value 0.5
Set parameter MIPFocus to value 3
Set parameter Presolve to value 2
Set parameter FlowCoverCuts to value 2
Gurobi Optimizer version 12.0.3 build v12.0.3rc0 (win64 - Windows 11+.0 (26200.2))

CPU model: Intel(R) Core(TM) i9-14900K, instruction set [SSE2|AVX|AVX2]
Thread count: 24 physical cores, 32 logical processors, using up to 1 threads

Non-default parameters:
TimeLimit  1200
MIPGap  0.05
Heuristics  0.5
MIPFocus  3
FlowCoverCuts  2
Presolve  2
Threads  1

Optimize a model with 26389 rows, 54733 columns and 246587 nonzeros
Model fingerprint: 0x138d6873
Variable types: 2129 continuous, 52604 integer (19481 binary)
Coefficient statistics:
  Matrix range     [1e+00, 6e+02]
  Objective range  [1e-02, 1e+02]
  Bounds range     [1e+00, 3e+00]
  RHS range        [1e+00, 1e+04]

Warning: Completing partial solution with 51880 unfixed non-continuous variables out of 52604
User MIP start produced solution with objective 265224 (0.03s)
Loaded user MIP start with objective 265224


Explored 0 nodes (0 simplex iterations) in 0.04 seconds (0.05 work units)
Thread count was 1 (of 32 available processors)

Solution count 2: 265224 265224 

Optimal solution found (tolerance 5.00e-02)
Best objective 2.652242217479e+05, best bound 2.639320000000e+05, gap 0.4872%
C:\Users\TECNO-MASTER\anaconda3\lib\site-packages\pandas\core\indexes\base.py:6999: FutureWarning: In a future version, the Index constructor will not infer numeric dtypes when passed object-dtype sequences (matching Series behavior)
  return Index(sequences[0], name=names)
  [Fase 2 (infra fija)] estacion=station_2 dia=244 -> C:\Users\TECNO-MASTER\Desktop\Elmo_infrastructure_sizing_NP-\output\DCH_agosto\Costo_variable\Swap_libre\Swap_variable_3estaciones_640kW_Descomp/station_2_d244
✔ Warm start Y: 255 cargados, 0 omitidos
✔ Warm start Z: 452 cargados, 0 omitidos
✔ Warm start Z_swap: 13 cargados, 0 omitidos
✔ Warm start N_chargers: 0 cargados, 1 omitidos
✔ Warm start N_bays: 0 cargados, 1 omitidos
✔ Warm start X: 0 cargados, 1 omitidos
✔ Warm start N_batteries: 0 cargados, 1 omitidos
✔ Warm start completo desde 'C:\Users\TECNO-MASTER\Desktop\Elmo_infrastructure_sizing_NP-\output\DCH_agosto\Costo_variable\Swap_libre\Swap_variable_3estaciones_640kW_Descomp\station_2_d244_stage1': 720 valores cargados, 4 omitidos
formulation time: 7.835086822509766
Set parameter OutputFlag to value 1
Set parameter OutputFlag to value 1
Set parameter LogToConsole to value 1
Set parameter MIPGap to value 0.05
Set parameter TimeLimit to value 1200
Set parameter LogFile to value "C:\Users\TECNO-MASTER\Desktop\Elmo_infrastructure_sizing_NP-\output\DCH_agosto\Costo_variable\Swap_libre\Swap_variable_3estaciones_640kW_Descomp\station_2_d244\ELMO_log.txt"
Set parameter Threads to value 1
Set parameter Heuristics to value 0.5
Set parameter MIPFocus to value 3
Set parameter Presolve to value 2
Set parameter FlowCoverCuts to value 2
Gurobi Optimizer version 12.0.3 build v12.0.3rc0 (win64 - Windows 11+.0 (26200.2))

CPU model: Intel(R) Core(TM) i9-14900K, instruction set [SSE2|AVX|AVX2]
Thread count: 24 physical cores, 32 logical processors, using up to 1 threads

Non-default parameters:
TimeLimit  1200
MIPGap  0.05
Heuristics  0.5
MIPFocus  3
FlowCoverCuts  2
Presolve  2
Threads  1

Optimize a model with 26389 rows, 54733 columns and 246587 nonzeros
Model fingerprint: 0x0f8b5bf1
Variable types: 2129 continuous, 52604 integer (19481 binary)
Coefficient statistics:
  Matrix range     [1e+00, 6e+02]
  Objective range  [8e-03, 1e+02]
  Bounds range     [1e+00, 3e+00]
  RHS range        [1e+00, 1e+04]

Warning: Completing partial solution with 51880 unfixed non-continuous variables out of 52604
User MIP start produced solution with objective 266211 (0.04s)
Loaded user MIP start with objective 266211


Explored 0 nodes (0 simplex iterations) in 0.05 seconds (0.06 work units)
Thread count was 1 (of 32 available processors)

Solution count 2: 266211 266211 

Optimal solution found (tolerance 5.00e-02)
Best objective 2.662113750056e+05, best bound 2.639320000000e+05, gap 0.8562%
  [Fase 2 (infra fija)] estacion=station_3 dia=152 -> C:\Users\TECNO-MASTER\Desktop\Elmo_infrastructure_sizing_NP-\output\DCH_agosto\Costo_variable\Swap_libre\Swap_variable_3estaciones_640kW_Descomp/station_3_d152
✔ Warm start Y: 258 cargados, 0 omitidos
✔ Warm start Z: 451 cargados, 0 omitidos
✔ Warm start Z_swap: 11 cargados, 0 omitidos
✔ Warm start N_chargers: 0 cargados, 1 omitidos
✔ Warm start N_bays: 0 cargados, 1 omitidos
✔ Warm start X: 0 cargados, 1 omitidos
✔ Warm start N_batteries: 0 cargados, 1 omitidos
✔ Warm start completo desde 'C:\Users\TECNO-MASTER\Desktop\Elmo_infrastructure_sizing_NP-\output\DCH_agosto\Costo_variable\Swap_libre\Swap_variable_3estaciones_640kW_Descomp\station_3_d152_stage1': 720 valores cargados, 4 omitidos
formulation time: 7.610440015792847
Set parameter OutputFlag to value 1
Set parameter OutputFlag to value 1
Set parameter LogToConsole to value 1
Set parameter MIPGap to value 0.05
Set parameter TimeLimit to value 1200
Set parameter LogFile to value "C:\Users\TECNO-MASTER\Desktop\Elmo_infrastructure_sizing_NP-\output\DCH_agosto\Costo_variable\Swap_libre\Swap_variable_3estaciones_640kW_Descomp\station_3_d152\ELMO_log.txt"
Set parameter Threads to value 1
Set parameter Heuristics to value 0.5
Set parameter MIPFocus to value 3
Set parameter Presolve to value 2
Set parameter FlowCoverCuts to value 2
Gurobi Optimizer version 12.0.3 build v12.0.3rc0 (win64 - Windows 11+.0 (26200.2))

CPU model: Intel(R) Core(TM) i9-14900K, instruction set [SSE2|AVX|AVX2]
Thread count: 24 physical cores, 32 logical processors, using up to 1 threads

Non-default parameters:
TimeLimit  1200
MIPGap  0.05
Heuristics  0.5
MIPFocus  3
FlowCoverCuts  2
Presolve  2
Threads  1

Optimize a model with 26359 rows, 53707 columns and 241537 nonzeros
Model fingerprint: 0x5aa5797a
Variable types: 2099 continuous, 51608 integer (18485 binary)
Coefficient statistics:
  Matrix range     [1e+00, 6e+02]
  Objective range  [1e-02, 1e+02]
  Bounds range     [1e+00, 3e+00]
  RHS range        [1e+00, 1e+04]

Warning: Completing partial solution with 50884 unfixed non-continuous variables out of 51608
User MIP start produced solution with objective 265131 (0.03s)
Loaded user MIP start with objective 265131


Explored 0 nodes (0 simplex iterations) in 0.04 seconds (0.06 work units)
Thread count was 1 (of 32 available processors)

Solution count 2: 265131 265131 

Optimal solution found (tolerance 5.00e-02)
Best objective 2.651311140210e+05, best bound 2.639320000000e+05, gap 0.4523%
C:\Users\TECNO-MASTER\anaconda3\lib\site-packages\pandas\core\indexes\base.py:6999: FutureWarning: In a future version, the Index constructor will not infer numeric dtypes when passed object-dtype sequences (matching Series behavior)
  return Index(sequences[0], name=names)
C:\Users\TECNO-MASTER\anaconda3\lib\site-packages\pandas\core\indexes\base.py:6999: FutureWarning: In a future version, the Index constructor will not infer numeric dtypes when passed object-dtype sequences (matching Series behavior)
  return Index(sequences[0], name=names)
  [Fase 2 (infra fija)] estacion=station_2 dia=274 -> C:\Users\TECNO-MASTER\Desktop\Elmo_infrastructure_sizing_NP-\output\DCH_agosto\Costo_variable\Swap_libre\Swap_variable_3estaciones_640kW_Descomp/station_2_d274
✔ Warm start Y: 258 cargados, 0 omitidos
✔ Warm start Z: 450 cargados, 0 omitidos
✔ Warm start Z_swap: 12 cargados, 0 omitidos
✔ Warm start N_chargers: 0 cargados, 1 omitidos
✔ Warm start N_bays: 0 cargados, 1 omitidos
✔ Warm start X: 0 cargados, 1 omitidos
✔ Warm start N_batteries: 0 cargados, 1 omitidos
✔ Warm start completo desde 'C:\Users\TECNO-MASTER\Desktop\Elmo_infrastructure_sizing_NP-\output\DCH_agosto\Costo_variable\Swap_libre\Swap_variable_3estaciones_640kW_Descomp\station_2_d274_stage1': 720 valores cargados, 4 omitidos
formulation time: 7.872542858123779
Set parameter OutputFlag to value 1
Set parameter OutputFlag to value 1
Set parameter LogToConsole to value 1
Set parameter MIPGap to value 0.05
Set parameter TimeLimit to value 1200
Set parameter LogFile to value "C:\Users\TECNO-MASTER\Desktop\Elmo_infrastructure_sizing_NP-\output\DCH_agosto\Costo_variable\Swap_libre\Swap_variable_3estaciones_640kW_Descomp\station_2_d274\ELMO_log.txt"
Set parameter Threads to value 1
Set parameter Heuristics to value 0.5
Set parameter MIPFocus to value 3
Set parameter Presolve to value 2
Set parameter FlowCoverCuts to value 2
Gurobi Optimizer version 12.0.3 build v12.0.3rc0 (win64 - Windows 11+.0 (26200.2))

CPU model: Intel(R) Core(TM) i9-14900K, instruction set [SSE2|AVX|AVX2]
Thread count: 24 physical cores, 32 logical processors, using up to 1 threads

Non-default parameters:
TimeLimit  1200
MIPGap  0.05
Heuristics  0.5
MIPFocus  3
FlowCoverCuts  2
Presolve  2
Threads  1

Optimize a model with 26358 rows, 54733 columns and 246525 nonzeros
Model fingerprint: 0x309d87b9
Variable types: 2129 continuous, 52604 integer (19481 binary)
Coefficient statistics:
  Matrix range     [1e+00, 6e+02]
  Objective range  [4e-03, 1e+02]
  Bounds range     [1e+00, 3e+00]
  RHS range        [1e+00, 1e+04]

Warning: Completing partial solution with 51880 unfixed non-continuous variables out of 52604
User MIP start produced solution with objective 267229 (0.04s)
Loaded user MIP start with objective 267229


Explored 0 nodes (0 simplex iterations) in 0.04 seconds (0.05 work units)
Thread count was 1 (of 32 available processors)

Solution count 2: 267229 267229 

Optimal solution found (tolerance 5.00e-02)
Best objective 2.672290461527e+05, best bound 2.639320000000e+05, gap 1.2338%
C:\Users\TECNO-MASTER\anaconda3\lib\site-packages\pandas\core\indexes\base.py:6999: FutureWarning: In a future version, the Index constructor will not infer numeric dtypes when passed object-dtype sequences (matching Series behavior)
  return Index(sequences[0], name=names)
  [Fase 2 (infra fija)] estacion=station_2 dia=32 -> C:\Users\TECNO-MASTER\Desktop\Elmo_infrastructure_sizing_NP-\output\DCH_agosto\Costo_variable\Swap_libre\Swap_variable_3estaciones_640kW_Descomp/station_2_d32
✔ Warm start Y: 256 cargados, 0 omitidos
✔ Warm start Z: 452 cargados, 0 omitidos
✔ Warm start Z_swap: 12 cargados, 0 omitidos
✔ Warm start N_chargers: 0 cargados, 1 omitidos
✔ Warm start N_bays: 0 cargados, 1 omitidos
✔ Warm start X: 0 cargados, 1 omitidos
✔ Warm start N_batteries: 0 cargados, 1 omitidos
✔ Warm start completo desde 'C:\Users\TECNO-MASTER\Desktop\Elmo_infrastructure_sizing_NP-\output\DCH_agosto\Costo_variable\Swap_libre\Swap_variable_3estaciones_640kW_Descomp\station_2_d32_stage1': 720 valores cargados, 4 omitidos
formulation time: 7.93552303314209
Set parameter OutputFlag to value 1
Set parameter OutputFlag to value 1
Set parameter LogToConsole to value 1
Set parameter MIPGap to value 0.05
Set parameter TimeLimit to value 1200
Set parameter LogFile to value "C:\Users\TECNO-MASTER\Desktop\Elmo_infrastructure_sizing_NP-\output\DCH_agosto\Costo_variable\Swap_libre\Swap_variable_3estaciones_640kW_Descomp\station_2_d32\ELMO_log.txt"
Set parameter Threads to value 1
Set parameter Heuristics to value 0.5
Set parameter MIPFocus to value 3
Set parameter Presolve to value 2
Set parameter FlowCoverCuts to value 2
Gurobi Optimizer version 12.0.3 build v12.0.3rc0 (win64 - Windows 11+.0 (26200.2))

CPU model: Intel(R) Core(TM) i9-14900K, instruction set [SSE2|AVX|AVX2]
Thread count: 24 physical cores, 32 logical processors, using up to 1 threads

Non-default parameters:
TimeLimit  1200
MIPGap  0.05
Heuristics  0.5
MIPFocus  3
FlowCoverCuts  2
Presolve  2
Threads  1

Optimize a model with 26358 rows, 54733 columns and 246525 nonzeros
Model fingerprint: 0xde78c864
Variable types: 2129 continuous, 52604 integer (19481 binary)
Coefficient statistics:
  Matrix range     [1e+00, 6e+02]
  Objective range  [3e-03, 1e+02]
  Bounds range     [1e+00, 3e+00]
  RHS range        [1e+00, 1e+04]

Warning: Completing partial solution with 51880 unfixed non-continuous variables out of 52604
User MIP start produced solution with objective 266037 (0.04s)
Loaded user MIP start with objective 266037


Explored 0 nodes (0 simplex iterations) in 0.05 seconds (0.05 work units)
Thread count was 1 (of 32 available processors)

Solution count 2: 266037 266037 

Optimal solution found (tolerance 5.00e-02)
Best objective 2.660372211314e+05, best bound 2.639320000000e+05, gap 0.7913%
  [Fase 2 (infra fija)] estacion=station_3 dia=91 -> C:\Users\TECNO-MASTER\Desktop\Elmo_infrastructure_sizing_NP-\output\DCH_agosto\Costo_variable\Swap_libre\Swap_variable_3estaciones_640kW_Descomp/station_3_d91
✔ Warm start Y: 254 cargados, 0 omitidos
✔ Warm start Z: 455 cargados, 0 omitidos
✔ Warm start Z_swap: 11 cargados, 0 omitidos
✔ Warm start N_chargers: 0 cargados, 1 omitidos
✔ Warm start N_bays: 0 cargados, 1 omitidos
✔ Warm start X: 0 cargados, 1 omitidos
✔ Warm start N_batteries: 0 cargados, 1 omitidos
✔ Warm start completo desde 'C:\Users\TECNO-MASTER\Desktop\Elmo_infrastructure_sizing_NP-\output\DCH_agosto\Costo_variable\Swap_libre\Swap_variable_3estaciones_640kW_Descomp\station_3_d91_stage1': 720 valores cargados, 4 omitidos
formulation time: 7.58890962600708
Set parameter OutputFlag to value 1
Set parameter OutputFlag to value 1
Set parameter LogToConsole to value 1
Set parameter MIPGap to value 0.05
Set parameter TimeLimit to value 1200
Set parameter LogFile to value "C:\Users\TECNO-MASTER\Desktop\Elmo_infrastructure_sizing_NP-\output\DCH_agosto\Costo_variable\Swap_libre\Swap_variable_3estaciones_640kW_Descomp\station_3_d91\ELMO_log.txt"
Set parameter Threads to value 1
Set parameter Heuristics to value 0.5
Set parameter MIPFocus to value 3
Set parameter Presolve to value 2
Set parameter FlowCoverCuts to value 2
Gurobi Optimizer version 12.0.3 build v12.0.3rc0 (win64 - Windows 11+.0 (26200.2))

CPU model: Intel(R) Core(TM) i9-14900K, instruction set [SSE2|AVX|AVX2]
Thread count: 24 physical cores, 32 logical processors, using up to 1 threads

Non-default parameters:
TimeLimit  1200
MIPGap  0.05
Heuristics  0.5
MIPFocus  3
FlowCoverCuts  2
Presolve  2
Threads  1

Optimize a model with 26359 rows, 53707 columns and 241537 nonzeros
Model fingerprint: 0xc20e227f
Variable types: 2099 continuous, 51608 integer (18485 binary)
Coefficient statistics:
  Matrix range     [1e+00, 6e+02]
  Objective range  [1e-02, 1e+02]
  Bounds range     [1e+00, 3e+00]
  RHS range        [1e+00, 1e+04]

Warning: Completing partial solution with 50884 unfixed non-continuous variables out of 51608
User MIP start produced solution with objective 265942 (0.03s)
Loaded user MIP start with objective 265942


Explored 0 nodes (0 simplex iterations) in 0.04 seconds (0.05 work units)
Thread count was 1 (of 32 available processors)

Solution count 2: 265942 265942 

Optimal solution found (tolerance 5.00e-02)
Best objective 2.659420845196e+05, best bound 2.639320000000e+05, gap 0.7558%
C:\Users\TECNO-MASTER\anaconda3\lib\site-packages\pandas\core\indexes\base.py:6999: FutureWarning: In a future version, the Index constructor will not infer numeric dtypes when passed object-dtype sequences (matching Series behavior)
  return Index(sequences[0], name=names)
C:\Users\TECNO-MASTER\anaconda3\lib\site-packages\pandas\core\indexes\base.py:6999: FutureWarning: In a future version, the Index constructor will not infer numeric dtypes when passed object-dtype sequences (matching Series behavior)
  return Index(sequences[0], name=names)
  [Fase 2 (infra fija)] estacion=station_2 dia=213 -> C:\Users\TECNO-MASTER\Desktop\Elmo_infrastructure_sizing_NP-\output\DCH_agosto\Costo_variable\Swap_libre\Swap_variable_3estaciones_640kW_Descomp/station_2_d213
✔ Warm start Y: 255 cargados, 0 omitidos
✔ Warm start Z: 453 cargados, 0 omitidos
✔ Warm start Z_swap: 12 cargados, 0 omitidos
✔ Warm start N_chargers: 0 cargados, 1 omitidos
✔ Warm start N_bays: 0 cargados, 1 omitidos
✔ Warm start X: 0 cargados, 1 omitidos
✔ Warm start N_batteries: 0 cargados, 1 omitidos
✔ Warm start completo desde 'C:\Users\TECNO-MASTER\Desktop\Elmo_infrastructure_sizing_NP-\output\DCH_agosto\Costo_variable\Swap_libre\Swap_variable_3estaciones_640kW_Descomp\station_2_d213_stage1': 720 valores cargados, 4 omitidos
formulation time: 7.800245523452759
Set parameter OutputFlag to value 1
Set parameter OutputFlag to value 1
Set parameter LogToConsole to value 1
Set parameter MIPGap to value 0.05
Set parameter TimeLimit to value 1200
Set parameter LogFile to value "C:\Users\TECNO-MASTER\Desktop\Elmo_infrastructure_sizing_NP-\output\DCH_agosto\Costo_variable\Swap_libre\Swap_variable_3estaciones_640kW_Descomp\station_2_d213\ELMO_log.txt"
Set parameter Threads to value 1
Set parameter Heuristics to value 0.5
Set parameter MIPFocus to value 3
Set parameter Presolve to value 2
Set parameter FlowCoverCuts to value 2
Gurobi Optimizer version 12.0.3 build v12.0.3rc0 (win64 - Windows 11+.0 (26200.2))

CPU model: Intel(R) Core(TM) i9-14900K, instruction set [SSE2|AVX|AVX2]
Thread count: 24 physical cores, 32 logical processors, using up to 1 threads

Non-default parameters:
TimeLimit  1200
MIPGap  0.05
Heuristics  0.5
MIPFocus  3
FlowCoverCuts  2
Presolve  2
Threads  1

Optimize a model with 26389 rows, 54733 columns and 246587 nonzeros
Model fingerprint: 0x8b653d66
Variable types: 2129 continuous, 52604 integer (19481 binary)
Coefficient statistics:
  Matrix range     [1e+00, 6e+02]
  Objective range  [8e-03, 1e+02]
  Bounds range     [1e+00, 3e+00]
  RHS range        [1e+00, 1e+04]

Warning: Completing partial solution with 51880 unfixed non-continuous variables out of 52604
User MIP start produced solution with objective 266590 (0.04s)
Loaded user MIP start with objective 266590


Explored 0 nodes (0 simplex iterations) in 0.04 seconds (0.05 work units)
Thread count was 1 (of 32 available processors)

Solution count 2: 266590 266590 

Optimal solution found (tolerance 5.00e-02)
Best objective 2.665903706410e+05, best bound 2.639320000000e+05, gap 0.9972%
C:\Users\TECNO-MASTER\anaconda3\lib\site-packages\pandas\core\indexes\base.py:6999: FutureWarning: In a future version, the Index constructor will not infer numeric dtypes when passed object-dtype sequences (matching Series behavior)
  return Index(sequences[0], name=names)
  [Fase 2 (infra fija)] estacion=station_2 dia=305 -> C:\Users\TECNO-MASTER\Desktop\Elmo_infrastructure_sizing_NP-\output\DCH_agosto\Costo_variable\Swap_libre\Swap_variable_3estaciones_640kW_Descomp/station_2_d305
✔ Warm start Y: 256 cargados, 0 omitidos
✔ Warm start Z: 451 cargados, 0 omitidos
✔ Warm start Z_swap: 13 cargados, 0 omitidos
✔ Warm start N_chargers: 0 cargados, 1 omitidos
✔ Warm start N_bays: 0 cargados, 1 omitidos
✔ Warm start X: 0 cargados, 1 omitidos
✔ Warm start N_batteries: 0 cargados, 1 omitidos
✔ Warm start completo desde 'C:\Users\TECNO-MASTER\Desktop\Elmo_infrastructure_sizing_NP-\output\DCH_agosto\Costo_variable\Swap_libre\Swap_variable_3estaciones_640kW_Descomp\station_2_d305_stage1': 720 valores cargados, 4 omitidos
formulation time: 7.866405963897705
Set parameter OutputFlag to value 1
Set parameter OutputFlag to value 1
Set parameter LogToConsole to value 1
Set parameter MIPGap to value 0.05
Set parameter TimeLimit to value 1200
Set parameter LogFile to value "C:\Users\TECNO-MASTER\Desktop\Elmo_infrastructure_sizing_NP-\output\DCH_agosto\Costo_variable\Swap_libre\Swap_variable_3estaciones_640kW_Descomp\station_2_d305\ELMO_log.txt"
Set parameter Threads to value 1
Set parameter Heuristics to value 0.5
Set parameter MIPFocus to value 3
Set parameter Presolve to value 2
Set parameter FlowCoverCuts to value 2
Gurobi Optimizer version 12.0.3 build v12.0.3rc0 (win64 - Windows 11+.0 (26200.2))

CPU model: Intel(R) Core(TM) i9-14900K, instruction set [SSE2|AVX|AVX2]
Thread count: 24 physical cores, 32 logical processors, using up to 1 threads

Non-default parameters:
TimeLimit  1200
MIPGap  0.05
Heuristics  0.5
MIPFocus  3
FlowCoverCuts  2
Presolve  2
Threads  1

Optimize a model with 26358 rows, 54733 columns and 246525 nonzeros
Model fingerprint: 0xe7fcc9bc
Variable types: 2129 continuous, 52604 integer (19481 binary)
Coefficient statistics:
  Matrix range     [1e+00, 6e+02]
  Objective range  [1e-01, 1e+02]
  Bounds range     [1e+00, 3e+00]
  RHS range        [1e+00, 1e+04]

Warning: Completing partial solution with 51880 unfixed non-continuous variables out of 52604
User MIP start produced solution with objective 268428 (0.04s)
Loaded user MIP start with objective 268428


Explored 0 nodes (0 simplex iterations) in 0.04 seconds (0.05 work units)
Thread count was 1 (of 32 available processors)

Solution count 2: 268428 268428 

Optimal solution found (tolerance 5.00e-02)
Best objective 2.684284326409e+05, best bound 2.639320000000e+05, gap 1.6751%
  [Fase 2 (infra fija)] estacion=station_3 dia=121 -> C:\Users\TECNO-MASTER\Desktop\Elmo_infrastructure_sizing_NP-\output\DCH_agosto\Costo_variable\Swap_libre\Swap_variable_3estaciones_640kW_Descomp/station_3_d121
✔ Warm start Y: 257 cargados, 0 omitidos
✔ Warm start Z: 451 cargados, 0 omitidos
✔ Warm start Z_swap: 12 cargados, 0 omitidos
✔ Warm start N_chargers: 0 cargados, 1 omitidos
✔ Warm start N_bays: 0 cargados, 1 omitidos
✔ Warm start X: 0 cargados, 1 omitidos
✔ Warm start N_batteries: 0 cargados, 1 omitidos
✔ Warm start completo desde 'C:\Users\TECNO-MASTER\Desktop\Elmo_infrastructure_sizing_NP-\output\DCH_agosto\Costo_variable\Swap_libre\Swap_variable_3estaciones_640kW_Descomp\station_3_d121_stage1': 720 valores cargados, 4 omitidos
formulation time: 7.63843297958374
Set parameter OutputFlag to value 1
Set parameter OutputFlag to value 1
Set parameter LogToConsole to value 1
Set parameter MIPGap to value 0.05
Set parameter TimeLimit to value 1200
Set parameter LogFile to value "C:\Users\TECNO-MASTER\Desktop\Elmo_infrastructure_sizing_NP-\output\DCH_agosto\Costo_variable\Swap_libre\Swap_variable_3estaciones_640kW_Descomp\station_3_d121\ELMO_log.txt"
Set parameter Threads to value 1
Set parameter Heuristics to value 0.5
Set parameter MIPFocus to value 3
Set parameter Presolve to value 2
Set parameter FlowCoverCuts to value 2
C:\Users\TECNO-MASTER\anaconda3\lib\site-packages\pandas\core\indexes\base.py:6999: FutureWarning: In a future version, the Index constructor will not infer numeric dtypes when passed object-dtype sequences (matching Series behavior)
  return Index(sequences[0], name=names)
Gurobi Optimizer version 12.0.3 build v12.0.3rc0 (win64 - Windows 11+.0 (26200.2))

CPU model: Intel(R) Core(TM) i9-14900K, instruction set [SSE2|AVX|AVX2]
Thread count: 24 physical cores, 32 logical processors, using up to 1 threads

Non-default parameters:
TimeLimit  1200
MIPGap  0.05
Heuristics  0.5
MIPFocus  3
FlowCoverCuts  2
Presolve  2
Threads  1

Optimize a model with 26359 rows, 53707 columns and 241537 nonzeros
Model fingerprint: 0xa802dc9d
Variable types: 2099 continuous, 51608 integer (18485 binary)
Coefficient statistics:
  Matrix range     [1e+00, 6e+02]
  Objective range  [8e-03, 1e+02]
  Bounds range     [1e+00, 3e+00]
  RHS range        [1e+00, 1e+04]

Warning: Completing partial solution with 50884 unfixed non-continuous variables out of 51608
User MIP start produced solution with objective 264830 (0.03s)
Loaded user MIP start with objective 264830


Explored 0 nodes (0 simplex iterations) in 0.04 seconds (0.05 work units)
Thread count was 1 (of 32 available processors)

Solution count 2: 264830 264830 

Optimal solution found (tolerance 5.00e-02)
Best objective 2.648299785307e+05, best bound 2.639320000000e+05, gap 0.3391%
C:\Users\TECNO-MASTER\anaconda3\lib\site-packages\pandas\core\indexes\base.py:6999: FutureWarning: In a future version, the Index constructor will not infer numeric dtypes when passed object-dtype sequences (matching Series behavior)
  return Index(sequences[0], name=names)
  [Fase 2 (infra fija)] estacion=station_3 dia=213 -> C:\Users\TECNO-MASTER\Desktop\Elmo_infrastructure_sizing_NP-\output\DCH_agosto\Costo_variable\Swap_libre\Swap_variable_3estaciones_640kW_Descomp/station_3_d213
✔ Warm start Y: 258 cargados, 0 omitidos
✔ Warm start Z: 451 cargados, 0 omitidos
✔ Warm start Z_swap: 11 cargados, 0 omitidos
✔ Warm start N_chargers: 0 cargados, 1 omitidos
✔ Warm start N_bays: 0 cargados, 1 omitidos
✔ Warm start X: 0 cargados, 1 omitidos
✔ Warm start N_batteries: 0 cargados, 1 omitidos
✔ Warm start completo desde 'C:\Users\TECNO-MASTER\Desktop\Elmo_infrastructure_sizing_NP-\output\DCH_agosto\Costo_variable\Swap_libre\Swap_variable_3estaciones_640kW_Descomp\station_3_d213_stage1': 720 valores cargados, 4 omitidos
formulation time: 7.715223073959351
Set parameter OutputFlag to value 1
Set parameter OutputFlag to value 1
Set parameter LogToConsole to value 1
Set parameter MIPGap to value 0.05
Set parameter TimeLimit to value 1200
Set parameter LogFile to value "C:\Users\TECNO-MASTER\Desktop\Elmo_infrastructure_sizing_NP-\output\DCH_agosto\Costo_variable\Swap_libre\Swap_variable_3estaciones_640kW_Descomp\station_3_d213\ELMO_log.txt"
Set parameter Threads to value 1
Set parameter Heuristics to value 0.5
Set parameter MIPFocus to value 3
Set parameter Presolve to value 2
Set parameter FlowCoverCuts to value 2
Gurobi Optimizer version 12.0.3 build v12.0.3rc0 (win64 - Windows 11+.0 (26200.2))

CPU model: Intel(R) Core(TM) i9-14900K, instruction set [SSE2|AVX|AVX2]
Thread count: 24 physical cores, 32 logical processors, using up to 1 threads

Non-default parameters:
TimeLimit  1200
MIPGap  0.05
Heuristics  0.5
MIPFocus  3
FlowCoverCuts  2
Presolve  2
Threads  1

Optimize a model with 26359 rows, 53707 columns and 241537 nonzeros
Model fingerprint: 0x2e8f33ab
Variable types: 2099 continuous, 51608 integer (18485 binary)
Coefficient statistics:
  Matrix range     [1e+00, 6e+02]
  Objective range  [8e-03, 1e+02]
  Bounds range     [1e+00, 3e+00]
  RHS range        [1e+00, 1e+04]

Warning: Completing partial solution with 50884 unfixed non-continuous variables out of 51608
User MIP start produced solution with objective 266031 (0.03s)
Loaded user MIP start with objective 266031


Explored 0 nodes (0 simplex iterations) in 0.04 seconds (0.06 work units)
Thread count was 1 (of 32 available processors)

Solution count 2: 266031 266031 

Optimal solution found (tolerance 5.00e-02)
Best objective 2.660310348095e+05, best bound 2.639320000000e+05, gap 0.7890%
C:\Users\TECNO-MASTER\anaconda3\lib\site-packages\pandas\core\indexes\base.py:6999: FutureWarning: In a future version, the Index constructor will not infer numeric dtypes when passed object-dtype sequences (matching Series behavior)
  return Index(sequences[0], name=names)
  [Fase 2 (infra fija)] estacion=station_2 dia=60 -> C:\Users\TECNO-MASTER\Desktop\Elmo_infrastructure_sizing_NP-\output\DCH_agosto\Costo_variable\Swap_libre\Swap_variable_3estaciones_640kW_Descomp/station_2_d60
✔ Warm start Y: 256 cargados, 0 omitidos
✔ Warm start Z: 451 cargados, 0 omitidos
✔ Warm start Z_swap: 13 cargados, 0 omitidos
✔ Warm start N_chargers: 0 cargados, 1 omitidos
✔ Warm start N_bays: 0 cargados, 1 omitidos
✔ Warm start X: 0 cargados, 1 omitidos
✔ Warm start N_batteries: 0 cargados, 1 omitidos
✔ Warm start completo desde 'C:\Users\TECNO-MASTER\Desktop\Elmo_infrastructure_sizing_NP-\output\DCH_agosto\Costo_variable\Swap_libre\Swap_variable_3estaciones_640kW_Descomp\station_2_d60_stage1': 720 valores cargados, 4 omitidos
formulation time: 7.963513612747192
Set parameter OutputFlag to value 1
Set parameter OutputFlag to value 1
Set parameter LogToConsole to value 1
Set parameter MIPGap to value 0.05
Set parameter TimeLimit to value 1200
Set parameter LogFile to value "C:\Users\TECNO-MASTER\Desktop\Elmo_infrastructure_sizing_NP-\output\DCH_agosto\Costo_variable\Swap_libre\Swap_variable_3estaciones_640kW_Descomp\station_2_d60\ELMO_log.txt"
Set parameter Threads to value 1
Set parameter Heuristics to value 0.5
Set parameter MIPFocus to value 3
Set parameter Presolve to value 2
Set parameter FlowCoverCuts to value 2
Gurobi Optimizer version 12.0.3 build v12.0.3rc0 (win64 - Windows 11+.0 (26200.2))

CPU model: Intel(R) Core(TM) i9-14900K, instruction set [SSE2|AVX|AVX2]
Thread count: 24 physical cores, 32 logical processors, using up to 1 threads

Non-default parameters:
TimeLimit  1200
MIPGap  0.05
Heuristics  0.5
MIPFocus  3
FlowCoverCuts  2
Presolve  2
Threads  1

Optimize a model with 26358 rows, 54733 columns and 246525 nonzeros
Model fingerprint: 0x8a636b44
Variable types: 2129 continuous, 52604 integer (19481 binary)
Coefficient statistics:
  Matrix range     [1e+00, 6e+02]
  Objective range  [9e-03, 1e+02]
  Bounds range     [1e+00, 3e+00]
  RHS range        [1e+00, 1e+04]

Warning: Completing partial solution with 51880 unfixed non-continuous variables out of 52604
User MIP start produced solution with objective 266236 (0.04s)
Loaded user MIP start with objective 266236


Explored 0 nodes (0 simplex iterations) in 0.04 seconds (0.05 work units)
Thread count was 1 (of 32 available processors)

Solution count 2: 266236 266236 

Optimal solution found (tolerance 5.00e-02)
Best objective 2.662358645437e+05, best bound 2.639320000000e+05, gap 0.8653%
C:\Users\TECNO-MASTER\anaconda3\lib\site-packages\pandas\core\indexes\base.py:6999: FutureWarning: In a future version, the Index constructor will not infer numeric dtypes when passed object-dtype sequences (matching Series behavior)
  return Index(sequences[0], name=names)
  [Fase 2 (infra fija)] estacion=station_3 dia=60 -> C:\Users\TECNO-MASTER\Desktop\Elmo_infrastructure_sizing_NP-\output\DCH_agosto\Costo_variable\Swap_libre\Swap_variable_3estaciones_640kW_Descomp/station_3_d60
✔ Warm start Y: 258 cargados, 0 omitidos
✔ Warm start Z: 449 cargados, 0 omitidos
✔ Warm start Z_swap: 13 cargados, 0 omitidos
✔ Warm start N_chargers: 0 cargados, 1 omitidos
✔ Warm start N_bays: 0 cargados, 1 omitidos
✔ Warm start X: 0 cargados, 1 omitidos
✔ Warm start N_batteries: 0 cargados, 1 omitidos
✔ Warm start completo desde 'C:\Users\TECNO-MASTER\Desktop\Elmo_infrastructure_sizing_NP-\output\DCH_agosto\Costo_variable\Swap_libre\Swap_variable_3estaciones_640kW_Descomp\station_3_d60_stage1': 720 valores cargados, 4 omitidos
formulation time: 7.649054527282715
Set parameter OutputFlag to value 1
Set parameter OutputFlag to value 1
Set parameter LogToConsole to value 1
Set parameter MIPGap to value 0.05
Set parameter TimeLimit to value 1200
Set parameter LogFile to value "C:\Users\TECNO-MASTER\Desktop\Elmo_infrastructure_sizing_NP-\output\DCH_agosto\Costo_variable\Swap_libre\Swap_variable_3estaciones_640kW_Descomp\station_3_d60\ELMO_log.txt"
Set parameter Threads to value 1
Set parameter Heuristics to value 0.5
Set parameter MIPFocus to value 3
Set parameter Presolve to value 2
Set parameter FlowCoverCuts to value 2
Gurobi Optimizer version 12.0.3 build v12.0.3rc0 (win64 - Windows 11+.0 (26200.2))

CPU model: Intel(R) Core(TM) i9-14900K, instruction set [SSE2|AVX|AVX2]
Thread count: 24 physical cores, 32 logical processors, using up to 1 threads

Non-default parameters:
TimeLimit  1200
MIPGap  0.05
Heuristics  0.5
MIPFocus  3
FlowCoverCuts  2
Presolve  2
Threads  1

Optimize a model with 26328 rows, 53707 columns and 241475 nonzeros
Model fingerprint: 0x31d763ff
Variable types: 2099 continuous, 51608 integer (18485 binary)
Coefficient statistics:
  Matrix range     [1e+00, 6e+02]
  Objective range  [9e-03, 1e+02]
  Bounds range     [1e+00, 3e+00]
  RHS range        [1e+00, 1e+04]

Warning: Completing partial solution with 50884 unfixed non-continuous variables out of 51608
User MIP start produced solution with objective 266129 (0.03s)
Loaded user MIP start with objective 266129


Explored 0 nodes (0 simplex iterations) in 0.04 seconds (0.05 work units)
Thread count was 1 (of 32 available processors)

Solution count 2: 266129 266129 

Optimal solution found (tolerance 5.00e-02)
Best objective 2.661294145838e+05, best bound 2.639320000000e+05, gap 0.8257%
C:\Users\TECNO-MASTER\anaconda3\lib\site-packages\pandas\core\indexes\base.py:6999: FutureWarning: In a future version, the Index constructor will not infer numeric dtypes when passed object-dtype sequences (matching Series behavior)
  return Index(sequences[0], name=names)
  [Fase 2 (infra fija)] estacion=station_2 dia=152 -> C:\Users\TECNO-MASTER\Desktop\Elmo_infrastructure_sizing_NP-\output\DCH_agosto\Costo_variable\Swap_libre\Swap_variable_3estaciones_640kW_Descomp/station_2_d152
✔ Warm start Y: 254 cargados, 0 omitidos
✔ Warm start Z: 453 cargados, 0 omitidos
✔ Warm start Z_swap: 13 cargados, 0 omitidos
✔ Warm start N_chargers: 0 cargados, 1 omitidos
✔ Warm start N_bays: 0 cargados, 1 omitidos
✔ Warm start X: 0 cargados, 1 omitidos
✔ Warm start N_batteries: 0 cargados, 1 omitidos
✔ Warm start completo desde 'C:\Users\TECNO-MASTER\Desktop\Elmo_infrastructure_sizing_NP-\output\DCH_agosto\Costo_variable\Swap_libre\Swap_variable_3estaciones_640kW_Descomp\station_2_d152_stage1': 720 valores cargados, 4 omitidos
formulation time: 7.965721845626831
Set parameter OutputFlag to value 1
Set parameter OutputFlag to value 1
Set parameter LogToConsole to value 1
Set parameter MIPGap to value 0.05
Set parameter TimeLimit to value 1200
Set parameter LogFile to value "C:\Users\TECNO-MASTER\Desktop\Elmo_infrastructure_sizing_NP-\output\DCH_agosto\Costo_variable\Swap_libre\Swap_variable_3estaciones_640kW_Descomp\station_2_d152\ELMO_log.txt"
Set parameter Threads to value 1
Set parameter Heuristics to value 0.5
Set parameter MIPFocus to value 3
Set parameter Presolve to value 2
Set parameter FlowCoverCuts to value 2
Gurobi Optimizer version 12.0.3 build v12.0.3rc0 (win64 - Windows 11+.0 (26200.2))

CPU model: Intel(R) Core(TM) i9-14900K, instruction set [SSE2|AVX|AVX2]
Thread count: 24 physical cores, 32 logical processors, using up to 1 threads

Non-default parameters:
TimeLimit  1200
MIPGap  0.05
Heuristics  0.5
MIPFocus  3
FlowCoverCuts  2
Presolve  2
Threads  1

Optimize a model with 26389 rows, 54733 columns and 246587 nonzeros
Model fingerprint: 0x746ba6d6
Variable types: 2129 continuous, 52604 integer (19481 binary)
Coefficient statistics:
  Matrix range     [1e+00, 6e+02]
  Objective range  [1e-02, 1e+02]
  Bounds range     [1e+00, 3e+00]
  RHS range        [1e+00, 1e+04]

Warning: Completing partial solution with 51880 unfixed non-continuous variables out of 52604
User MIP start produced solution with objective 268274 (0.03s)
Loaded user MIP start with objective 268274


Explored 0 nodes (0 simplex iterations) in 0.04 seconds (0.05 work units)
Thread count was 1 (of 32 available processors)

Solution count 2: 268274 268274 

Optimal solution found (tolerance 5.00e-02)
Best objective 2.682742574051e+05, best bound 2.639320000000e+05, gap 1.6186%
C:\Users\TECNO-MASTER\anaconda3\lib\site-packages\pandas\core\indexes\base.py:6999: FutureWarning: In a future version, the Index constructor will not infer numeric dtypes when passed object-dtype sequences (matching Series behavior)
  return Index(sequences[0], name=names)
  [Fase 2 (infra fija)] estacion=station_2 dia=335 -> C:\Users\TECNO-MASTER\Desktop\Elmo_infrastructure_sizing_NP-\output\DCH_agosto\Costo_variable\Swap_libre\Swap_variable_3estaciones_640kW_Descomp/station_2_d335
✔ Warm start Y: 256 cargados, 0 omitidos
✔ Warm start Z: 451 cargados, 0 omitidos
✔ Warm start Z_swap: 13 cargados, 0 omitidos
✔ Warm start N_chargers: 0 cargados, 1 omitidos
✔ Warm start N_bays: 0 cargados, 1 omitidos
✔ Warm start X: 0 cargados, 1 omitidos
✔ Warm start N_batteries: 0 cargados, 1 omitidos
✔ Warm start completo desde 'C:\Users\TECNO-MASTER\Desktop\Elmo_infrastructure_sizing_NP-\output\DCH_agosto\Costo_variable\Swap_libre\Swap_variable_3estaciones_640kW_Descomp\station_2_d335_stage1': 720 valores cargados, 4 omitidos
formulation time: 7.857533931732178
Set parameter OutputFlag to value 1
Set parameter OutputFlag to value 1
Set parameter LogToConsole to value 1
Set parameter MIPGap to value 0.05
Set parameter TimeLimit to value 1200
Set parameter LogFile to value "C:\Users\TECNO-MASTER\Desktop\Elmo_infrastructure_sizing_NP-\output\DCH_agosto\Costo_variable\Swap_libre\Swap_variable_3estaciones_640kW_Descomp\station_2_d335\ELMO_log.txt"
Set parameter Threads to value 1
Set parameter Heuristics to value 0.5
Set parameter MIPFocus to value 3
Set parameter Presolve to value 2
Set parameter FlowCoverCuts to value 2
Gurobi Optimizer version 12.0.3 build v12.0.3rc0 (win64 - Windows 11+.0 (26200.2))

CPU model: Intel(R) Core(TM) i9-14900K, instruction set [SSE2|AVX|AVX2]
Thread count: 24 physical cores, 32 logical processors, using up to 1 threads

Non-default parameters:
TimeLimit  1200
MIPGap  0.05
Heuristics  0.5
MIPFocus  3
FlowCoverCuts  2
Presolve  2
Threads  1

Optimize a model with 26358 rows, 54733 columns and 246525 nonzeros
Model fingerprint: 0x136ae463
Variable types: 2129 continuous, 52604 integer (19481 binary)
Coefficient statistics:
  Matrix range     [1e+00, 6e+02]
  Objective range  [4e-03, 1e+02]
  Bounds range     [1e+00, 3e+00]
  RHS range        [1e+00, 1e+04]

Warning: Completing partial solution with 51880 unfixed non-continuous variables out of 52604
User MIP start produced solution with objective 268736 (0.04s)
Loaded user MIP start with objective 268736


Explored 0 nodes (0 simplex iterations) in 0.04 seconds (0.05 work units)
Thread count was 1 (of 32 available processors)

Solution count 2: 268736 268736 

Optimal solution found (tolerance 5.00e-02)
Best objective 2.687361092624e+05, best bound 2.639320000000e+05, gap 1.7877%
  [Fase 2 (infra fija)] estacion=station_3 dia=182 -> C:\Users\TECNO-MASTER\Desktop\Elmo_infrastructure_sizing_NP-\output\DCH_agosto\Costo_variable\Swap_libre\Swap_variable_3estaciones_640kW_Descomp/station_3_d182
✔ Warm start Y: 254 cargados, 0 omitidos
✔ Warm start Z: 454 cargados, 0 omitidos
✔ Warm start Z_swap: 12 cargados, 0 omitidos
✔ Warm start N_chargers: 0 cargados, 1 omitidos
✔ Warm start N_bays: 0 cargados, 1 omitidos
✔ Warm start X: 0 cargados, 1 omitidos
✔ Warm start N_batteries: 0 cargados, 1 omitidos
✔ Warm start completo desde 'C:\Users\TECNO-MASTER\Desktop\Elmo_infrastructure_sizing_NP-\output\DCH_agosto\Costo_variable\Swap_libre\Swap_variable_3estaciones_640kW_Descomp\station_3_d182_stage1': 720 valores cargados, 4 omitidos
formulation time: 7.522717714309692
Set parameter OutputFlag to value 1
Set parameter OutputFlag to value 1
Set parameter LogToConsole to value 1
Set parameter MIPGap to value 0.05
Set parameter TimeLimit to value 1200
Set parameter LogFile to value "C:\Users\TECNO-MASTER\Desktop\Elmo_infrastructure_sizing_NP-\output\DCH_agosto\Costo_variable\Swap_libre\Swap_variable_3estaciones_640kW_Descomp\station_3_d182\ELMO_log.txt"
Set parameter Threads to value 1
Set parameter Heuristics to value 0.5
Set parameter MIPFocus to value 3
Set parameter Presolve to value 2
Set parameter FlowCoverCuts to value 2
Gurobi Optimizer version 12.0.3 build v12.0.3rc0 (win64 - Windows 11+.0 (26200.2))

CPU model: Intel(R) Core(TM) i9-14900K, instruction set [SSE2|AVX|AVX2]
Thread count: 24 physical cores, 32 logical processors, using up to 1 threads

Non-default parameters:
TimeLimit  1200
MIPGap  0.05
Heuristics  0.5
MIPFocus  3
FlowCoverCuts  2
Presolve  2
Threads  1

Optimize a model with 26359 rows, 53707 columns and 241537 nonzeros
Model fingerprint: 0x35f790eb
Variable types: 2099 continuous, 51608 integer (18485 binary)
Coefficient statistics:
  Matrix range     [1e+00, 6e+02]
  Objective range  [1e-02, 1e+02]
  Bounds range     [1e+00, 3e+00]
  RHS range        [1e+00, 1e+04]

Warning: Completing partial solution with 50884 unfixed non-continuous variables out of 51608
User MIP start produced solution with objective 266969 (0.04s)
Loaded user MIP start with objective 266969


Explored 0 nodes (0 simplex iterations) in 0.04 seconds (0.06 work units)
Thread count was 1 (of 32 available processors)

Solution count 2: 266969 266969 

Optimal solution found (tolerance 5.00e-02)
Best objective 2.669685915997e+05, best bound 2.639320000000e+05, gap 1.1374%
C:\Users\TECNO-MASTER\anaconda3\lib\site-packages\pandas\core\indexes\base.py:6999: FutureWarning: In a future version, the Index constructor will not infer numeric dtypes when passed object-dtype sequences (matching Series behavior)
  return Index(sequences[0], name=names)
  [Fase 2 (infra fija)] estacion=station_3 dia=32 -> C:\Users\TECNO-MASTER\Desktop\Elmo_infrastructure_sizing_NP-\output\DCH_agosto\Costo_variable\Swap_libre\Swap_variable_3estaciones_640kW_Descomp/station_3_d32
✔ Warm start Y: 259 cargados, 0 omitidos
✔ Warm start Z: 448 cargados, 0 omitidos
✔ Warm start Z_swap: 13 cargados, 0 omitidos
✔ Warm start N_chargers: 0 cargados, 1 omitidos
✔ Warm start N_bays: 0 cargados, 1 omitidos
✔ Warm start X: 0 cargados, 1 omitidos
✔ Warm start N_batteries: 0 cargados, 1 omitidos
✔ Warm start completo desde 'C:\Users\TECNO-MASTER\Desktop\Elmo_infrastructure_sizing_NP-\output\DCH_agosto\Costo_variable\Swap_libre\Swap_variable_3estaciones_640kW_Descomp\station_3_d32_stage1': 720 valores cargados, 4 omitidos
formulation time: 7.64263653755188
Set parameter OutputFlag to value 1
Set parameter OutputFlag to value 1
Set parameter LogToConsole to value 1
Set parameter MIPGap to value 0.05
Set parameter TimeLimit to value 1200
Set parameter LogFile to value "C:\Users\TECNO-MASTER\Desktop\Elmo_infrastructure_sizing_NP-\output\DCH_agosto\Costo_variable\Swap_libre\Swap_variable_3estaciones_640kW_Descomp\station_3_d32\ELMO_log.txt"
Set parameter Threads to value 1
Set parameter Heuristics to value 0.5
Set parameter MIPFocus to value 3
Set parameter Presolve to value 2
Set parameter FlowCoverCuts to value 2
Gurobi Optimizer version 12.0.3 build v12.0.3rc0 (win64 - Windows 11+.0 (26200.2))

CPU model: Intel(R) Core(TM) i9-14900K, instruction set [SSE2|AVX|AVX2]
Thread count: 24 physical cores, 32 logical processors, using up to 1 threads

Non-default parameters:
TimeLimit  1200
MIPGap  0.05
Heuristics  0.5
MIPFocus  3
FlowCoverCuts  2
Presolve  2
Threads  1

Optimize a model with 26328 rows, 53707 columns and 241475 nonzeros
Model fingerprint: 0x4e92deaf
Variable types: 2099 continuous, 51608 integer (18485 binary)
Coefficient statistics:
  Matrix range     [1e+00, 6e+02]
  Objective range  [3e-03, 1e+02]
  Bounds range     [1e+00, 3e+00]
  RHS range        [1e+00, 1e+04]

Warning: Completing partial solution with 50884 unfixed non-continuous variables out of 51608
User MIP start produced solution with objective 268019 (0.03s)
Loaded user MIP start with objective 268019


Explored 0 nodes (0 simplex iterations) in 0.04 seconds (0.05 work units)
Thread count was 1 (of 32 available processors)

Solution count 2: 268019 268019 

Optimal solution found (tolerance 5.00e-02)
Best objective 2.680194335495e+05, best bound 2.639320000000e+05, gap 1.5251%
  [Fase 2 (infra fija)] estacion=station_3 dia=1 -> C:\Users\TECNO-MASTER\Desktop\Elmo_infrastructure_sizing_NP-\output\DCH_agosto\Costo_variable\Swap_libre\Swap_variable_3estaciones_640kW_Descomp/station_3_d1
✔ Warm start Y: 257 cargados, 0 omitidos
✔ Warm start Z: 452 cargados, 0 omitidos
✔ Warm start Z_swap: 11 cargados, 0 omitidos
✔ Warm start N_chargers: 0 cargados, 1 omitidos
✔ Warm start N_bays: 0 cargados, 1 omitidos
✔ Warm start X: 0 cargados, 1 omitidos
✔ Warm start N_batteries: 0 cargados, 1 omitidos
✔ Warm start completo desde 'C:\Users\TECNO-MASTER\Desktop\Elmo_infrastructure_sizing_NP-\output\DCH_agosto\Costo_variable\Swap_libre\Swap_variable_3estaciones_640kW_Descomp\station_3_d1_stage1': 720 valores cargados, 4 omitidos
formulation time: 7.491537094116211
Set parameter OutputFlag to value 1
Set parameter OutputFlag to value 1
Set parameter LogToConsole to value 1
Set parameter MIPGap to value 0.05
Set parameter TimeLimit to value 1200
Set parameter LogFile to value "C:\Users\TECNO-MASTER\Desktop\Elmo_infrastructure_sizing_NP-\output\DCH_agosto\Costo_variable\Swap_libre\Swap_variable_3estaciones_640kW_Descomp\station_3_d1\ELMO_log.txt"
Set parameter Threads to value 1
Set parameter Heuristics to value 0.5
Set parameter MIPFocus to value 3
Set parameter Presolve to value 2
Set parameter FlowCoverCuts to value 2
Gurobi Optimizer version 12.0.3 build v12.0.3rc0 (win64 - Windows 11+.0 (26200.2))

CPU model: Intel(R) Core(TM) i9-14900K, instruction set [SSE2|AVX|AVX2]
Thread count: 24 physical cores, 32 logical processors, using up to 1 threads

Non-default parameters:
TimeLimit  1200
MIPGap  0.05
Heuristics  0.5
MIPFocus  3
FlowCoverCuts  2
Presolve  2
Threads  1

Optimize a model with 26328 rows, 53707 columns and 241475 nonzeros
Model fingerprint: 0x0454a1b3
Variable types: 2099 continuous, 51608 integer (18485 binary)
Coefficient statistics:
  Matrix range     [1e+00, 6e+02]
  Objective range  [1e-02, 1e+02]
  Bounds range     [1e+00, 3e+00]
  RHS range        [1e+00, 1e+04]

Warning: Completing partial solution with 50884 unfixed non-continuous variables out of 51608
User MIP start produced solution with objective 266139 (0.03s)
Loaded user MIP start with objective 266139


Explored 0 nodes (0 simplex iterations) in 0.04 seconds (0.05 work units)
Thread count was 1 (of 32 available processors)

Solution count 2: 266139 266139 

Optimal solution found (tolerance 5.00e-02)
Best objective 2.661389913454e+05, best bound 2.639320000000e+05, gap 0.8293%
✅ Solution time [sec]: 1.74
📊 Status: optimal
💰 Operation Cost: 265530.8951647455
⚠️ No se encontró 'gurobi.log'. 
✔ JSON de variables y parámetros, log y summary guardados en 'C:\Users\TECNO-MASTER\Desktop\Elmo_infrastructure_sizing_NP-\output\DCH_agosto\Costo_variable\Swap_libre\Swap_variable_3estaciones_640kW_Descomp/station_1_d60'.
  [Fase 2 (infra fija)] estacion=station_3 dia=244 -> C:\Users\TECNO-MASTER\Desktop\Elmo_infrastructure_sizing_NP-\output\DCH_agosto\Costo_variable\Swap_libre\Swap_variable_3estaciones_640kW_Descomp/station_3_d244
✔ Warm start Y: 256 cargados, 0 omitidos
✔ Warm start Z: 453 cargados, 0 omitidos
✔ Warm start Z_swap: 11 cargados, 0 omitidos
✔ Warm start N_chargers: 0 cargados, 1 omitidos
✔ Warm start N_bays: 0 cargados, 1 omitidos
✔ Warm start X: 0 cargados, 1 omitidos
✔ Warm start N_batteries: 0 cargados, 1 omitidos
✔ Warm start completo desde 'C:\Users\TECNO-MASTER\Desktop\Elmo_infrastructure_sizing_NP-\output\DCH_agosto\Costo_variable\Swap_libre\Swap_variable_3estaciones_640kW_Descomp\station_3_d244_stage1': 720 valores cargados, 4 omitidos
formulation time: 7.4050071239471436
Set parameter OutputFlag to value 1
Set parameter OutputFlag to value 1
Set parameter LogToConsole to value 1
Set parameter MIPGap to value 0.05
Set parameter TimeLimit to value 1200
Set parameter LogFile to value "C:\Users\TECNO-MASTER\Desktop\Elmo_infrastructure_sizing_NP-\output\DCH_agosto\Costo_variable\Swap_libre\Swap_variable_3estaciones_640kW_Descomp\station_3_d244\ELMO_log.txt"
Set parameter Threads to value 1
Set parameter Heuristics to value 0.5
Set parameter MIPFocus to value 3
Set parameter Presolve to value 2
Set parameter FlowCoverCuts to value 2
Gurobi Optimizer version 12.0.3 build v12.0.3rc0 (win64 - Windows 11+.0 (26200.2))

CPU model: Intel(R) Core(TM) i9-14900K, instruction set [SSE2|AVX|AVX2]
Thread count: 24 physical cores, 32 logical processors, using up to 1 threads

Non-default parameters:
TimeLimit  1200
MIPGap  0.05
Heuristics  0.5
MIPFocus  3
FlowCoverCuts  2
Presolve  2
Threads  1

Optimize a model with 26359 rows, 53707 columns and 241537 nonzeros
Model fingerprint: 0x901ec2b9
Variable types: 2099 continuous, 51608 integer (18485 binary)
Coefficient statistics:
  Matrix range     [1e+00, 6e+02]
  Objective range  [8e-03, 1e+02]
  Bounds range     [1e+00, 3e+00]
  RHS range        [1e+00, 1e+04]

Warning: Completing partial solution with 50884 unfixed non-continuous variables out of 51608
User MIP start produced solution with objective 265851 (0.03s)
Loaded user MIP start with objective 265851


Explored 0 nodes (0 simplex iterations) in 0.03 seconds (0.05 work units)
Thread count was 1 (of 32 available processors)

Solution count 2: 265851 265851 

Optimal solution found (tolerance 5.00e-02)
Best objective 2.658505921224e+05, best bound 2.639320000000e+05, gap 0.7217%
✅ Solution time [sec]: 1.76
📊 Status: optimal
💰 Operation Cost: 265868.7179945025
⚠️ No se encontró 'gurobi.log'. 
✔ JSON de variables y parámetros, log y summary guardados en 'C:\Users\TECNO-MASTER\Desktop\Elmo_infrastructure_sizing_NP-\output\DCH_agosto\Costo_variable\Swap_libre\Swap_variable_3estaciones_640kW_Descomp/station_1_d32'.
  [Fase 2 (infra fija)] estacion=station_3 dia=274 -> C:\Users\TECNO-MASTER\Desktop\Elmo_infrastructure_sizing_NP-\output\DCH_agosto\Costo_variable\Swap_libre\Swap_variable_3estaciones_640kW_Descomp/station_3_d274
✔ Warm start Y: 258 cargados, 0 omitidos
✔ Warm start Z: 451 cargados, 0 omitidos
✔ Warm start Z_swap: 11 cargados, 0 omitidos
✔ Warm start N_chargers: 0 cargados, 1 omitidos
✔ Warm start N_bays: 0 cargados, 1 omitidos
✔ Warm start X: 0 cargados, 1 omitidos
✔ Warm start N_batteries: 0 cargados, 1 omitidos
✔ Warm start completo desde 'C:\Users\TECNO-MASTER\Desktop\Elmo_infrastructure_sizing_NP-\output\DCH_agosto\Costo_variable\Swap_libre\Swap_variable_3estaciones_640kW_Descomp\station_3_d274_stage1': 720 valores cargados, 4 omitidos
formulation time: 7.173230409622192
Set parameter OutputFlag to value 1
Set parameter OutputFlag to value 1
Set parameter LogToConsole to value 1
Set parameter MIPGap to value 0.05
Set parameter TimeLimit to value 1200
Set parameter LogFile to value "C:\Users\TECNO-MASTER\Desktop\Elmo_infrastructure_sizing_NP-\output\DCH_agosto\Costo_variable\Swap_libre\Swap_variable_3estaciones_640kW_Descomp\station_3_d274\ELMO_log.txt"
Set parameter Threads to value 1
Set parameter Heuristics to value 0.5
Set parameter MIPFocus to value 3
Set parameter Presolve to value 2
Set parameter FlowCoverCuts to value 2
Gurobi Optimizer version 12.0.3 build v12.0.3rc0 (win64 - Windows 11+.0 (26200.2))

CPU model: Intel(R) Core(TM) i9-14900K, instruction set [SSE2|AVX|AVX2]
Thread count: 24 physical cores, 32 logical processors, using up to 1 threads

Non-default parameters:
TimeLimit  1200
MIPGap  0.05
Heuristics  0.5
MIPFocus  3
FlowCoverCuts  2
Presolve  2
Threads  1

Optimize a model with 26328 rows, 53707 columns and 241475 nonzeros
Model fingerprint: 0x648c66b2
Variable types: 2099 continuous, 51608 integer (18485 binary)
Coefficient statistics:
  Matrix range     [1e+00, 6e+02]
  Objective range  [4e-03, 1e+02]
  Bounds range     [1e+00, 3e+00]
  RHS range        [1e+00, 1e+04]

Warning: Completing partial solution with 50884 unfixed non-continuous variables out of 51608
User MIP start produced solution with objective 266274 (0.03s)
Loaded user MIP start with objective 266274


Explored 0 nodes (0 simplex iterations) in 0.03 seconds (0.05 work units)
Thread count was 1 (of 32 available processors)

Solution count 2: 266274 266274 

Optimal solution found (tolerance 5.00e-02)
Best objective 2.662742260910e+05, best bound 2.639320000000e+05, gap 0.8796%
✅ Solution time [sec]: 1.83
📊 Status: optimal
💰 Operation Cost: 265234.5706969728
⚠️ No se encontró 'gurobi.log'. 
✔ JSON de variables y parámetros, log y summary guardados en 'C:\Users\TECNO-MASTER\Desktop\Elmo_infrastructure_sizing_NP-\output\DCH_agosto\Costo_variable\Swap_libre\Swap_variable_3estaciones_640kW_Descomp/station_1_d1'.
  [Fase 2 (infra fija)] estacion=station_3 dia=305 -> C:\Users\TECNO-MASTER\Desktop\Elmo_infrastructure_sizing_NP-\output\DCH_agosto\Costo_variable\Swap_libre\Swap_variable_3estaciones_640kW_Descomp/station_3_d305
✔ Warm start Y: 255 cargados, 0 omitidos
✔ Warm start Z: 452 cargados, 0 omitidos
✔ Warm start Z_swap: 13 cargados, 0 omitidos
✔ Warm start N_chargers: 0 cargados, 1 omitidos
✔ Warm start N_bays: 0 cargados, 1 omitidos
✔ Warm start X: 0 cargados, 1 omitidos
✔ Warm start N_batteries: 0 cargados, 1 omitidos
✔ Warm start completo desde 'C:\Users\TECNO-MASTER\Desktop\Elmo_infrastructure_sizing_NP-\output\DCH_agosto\Costo_variable\Swap_libre\Swap_variable_3estaciones_640kW_Descomp\station_3_d305_stage1': 720 valores cargados, 4 omitidos
formulation time: 6.915545225143433
Set parameter OutputFlag to value 1
Set parameter OutputFlag to value 1
Set parameter LogToConsole to value 1
Set parameter MIPGap to value 0.05
Set parameter TimeLimit to value 1200
Set parameter LogFile to value "C:\Users\TECNO-MASTER\Desktop\Elmo_infrastructure_sizing_NP-\output\DCH_agosto\Costo_variable\Swap_libre\Swap_variable_3estaciones_640kW_Descomp\station_3_d305\ELMO_log.txt"
Set parameter Threads to value 1
Set parameter Heuristics to value 0.5
Set parameter MIPFocus to value 3
Set parameter Presolve to value 2
Set parameter FlowCoverCuts to value 2
Gurobi Optimizer version 12.0.3 build v12.0.3rc0 (win64 - Windows 11+.0 (26200.2))

CPU model: Intel(R) Core(TM) i9-14900K, instruction set [SSE2|AVX|AVX2]
Thread count: 24 physical cores, 32 logical processors, using up to 1 threads

Non-default parameters:
TimeLimit  1200
MIPGap  0.05
Heuristics  0.5
MIPFocus  3
FlowCoverCuts  2
Presolve  2
Threads  1

Optimize a model with 26328 rows, 53707 columns and 241475 nonzeros
Model fingerprint: 0x3ecd8626
Variable types: 2099 continuous, 51608 integer (18485 binary)
Coefficient statistics:
  Matrix range     [1e+00, 6e+02]
  Objective range  [1e-01, 1e+02]
  Bounds range     [1e+00, 3e+00]
  RHS range        [1e+00, 1e+04]

Warning: Completing partial solution with 50884 unfixed non-continuous variables out of 51608
User MIP start produced solution with objective 268137 (0.03s)
Loaded user MIP start with objective 268137


Explored 0 nodes (0 simplex iterations) in 0.04 seconds (0.05 work units)
Thread count was 1 (of 32 available processors)

Solution count 2: 268137 268137 

Optimal solution found (tolerance 5.00e-02)
Best objective 2.681370191828e+05, best bound 2.639320000000e+05, gap 1.5682%
✅ Solution time [sec]: 1.78
📊 Status: optimal
💰 Operation Cost: 266688.26503505063
⚠️ No se encontró 'gurobi.log'. 
✔ JSON de variables y parámetros, log y summary guardados en 'C:\Users\TECNO-MASTER\Desktop\Elmo_infrastructure_sizing_NP-\output\DCH_agosto\Costo_variable\Swap_libre\Swap_variable_3estaciones_640kW_Descomp/station_1_d91'.
  [Fase 2 (infra fija)] estacion=station_3 dia=335 -> C:\Users\TECNO-MASTER\Desktop\Elmo_infrastructure_sizing_NP-\output\DCH_agosto\Costo_variable\Swap_libre\Swap_variable_3estaciones_640kW_Descomp/station_3_d335
✔ Warm start Y: 258 cargados, 0 omitidos
✔ Warm start Z: 448 cargados, 0 omitidos
✔ Warm start Z_swap: 14 cargados, 0 omitidos
✔ Warm start N_chargers: 0 cargados, 1 omitidos
✔ Warm start N_bays: 0 cargados, 1 omitidos
✔ Warm start X: 0 cargados, 1 omitidos
✔ Warm start N_batteries: 0 cargados, 1 omitidos
✔ Warm start completo desde 'C:\Users\TECNO-MASTER\Desktop\Elmo_infrastructure_sizing_NP-\output\DCH_agosto\Costo_variable\Swap_libre\Swap_variable_3estaciones_640kW_Descomp\station_3_d335_stage1': 720 valores cargados, 4 omitidos
formulation time: 6.662362098693848
Set parameter OutputFlag to value 1
Set parameter OutputFlag to value 1
Set parameter LogToConsole to value 1
Set parameter MIPGap to value 0.05
Set parameter TimeLimit to value 1200
Set parameter LogFile to value "C:\Users\TECNO-MASTER\Desktop\Elmo_infrastructure_sizing_NP-\output\DCH_agosto\Costo_variable\Swap_libre\Swap_variable_3estaciones_640kW_Descomp\station_3_d335\ELMO_log.txt"
Set parameter Threads to value 1
Set parameter Heuristics to value 0.5
Set parameter MIPFocus to value 3
Set parameter Presolve to value 2
Set parameter FlowCoverCuts to value 2
Gurobi Optimizer version 12.0.3 build v12.0.3rc0 (win64 - Windows 11+.0 (26200.2))

CPU model: Intel(R) Core(TM) i9-14900K, instruction set [SSE2|AVX|AVX2]
Thread count: 24 physical cores, 32 logical processors, using up to 1 threads

Non-default parameters:
TimeLimit  1200
MIPGap  0.05
Heuristics  0.5
MIPFocus  3
FlowCoverCuts  2
Presolve  2
Threads  1

Optimize a model with 26328 rows, 53707 columns and 241475 nonzeros
Model fingerprint: 0x890dea31
Variable types: 2099 continuous, 51608 integer (18485 binary)
Coefficient statistics:
  Matrix range     [1e+00, 6e+02]
  Objective range  [4e-03, 1e+02]
  Bounds range     [1e+00, 3e+00]
  RHS range        [1e+00, 1e+04]

Warning: Completing partial solution with 50884 unfixed non-continuous variables out of 51608
User MIP start produced solution with objective 265708 (0.03s)
Loaded user MIP start with objective 265708


Explored 0 nodes (0 simplex iterations) in 0.03 seconds (0.05 work units)
Thread count was 1 (of 32 available processors)

Solution count 2: 265708 265708 

Optimal solution found (tolerance 5.00e-02)
Best objective 2.657077189857e+05, best bound 2.639320000000e+05, gap 0.6683%
✅ Solution time [sec]: 1.79
📊 Status: optimal
💰 Operation Cost: 265586.45709402673
⚠️ No se encontró 'gurobi.log'. 
✔ JSON de variables y parámetros, log y summary guardados en 'C:\Users\TECNO-MASTER\Desktop\Elmo_infrastructure_sizing_NP-\output\DCH_agosto\Costo_variable\Swap_libre\Swap_variable_3estaciones_640kW_Descomp/station_1_d121'.
✅ Solution time [sec]: 1.77
📊 Status: optimal
💰 Operation Cost: 265542.2858184569
⚠️ No se encontró 'gurobi.log'. 
✔ JSON de variables y parámetros, log y summary guardados en 'C:\Users\TECNO-MASTER\Desktop\Elmo_infrastructure_sizing_NP-\output\DCH_agosto\Costo_variable\Swap_libre\Swap_variable_3estaciones_640kW_Descomp/station_1_d213'.
✅ Solution time [sec]: 1.77
📊 Status: optimal
💰 Operation Cost: 265137.01726324507
⚠️ No se encontró 'gurobi.log'. 
✔ JSON de variables y parámetros, log y summary guardados en 'C:\Users\TECNO-MASTER\Desktop\Elmo_infrastructure_sizing_NP-\output\DCH_agosto\Costo_variable\Swap_libre\Swap_variable_3estaciones_640kW_Descomp/station_1_d152'.
✅ Solution time [sec]: 1.73
📊 Status: optimal
💰 Operation Cost: 265490.780960204
⚠️ No se encontró 'gurobi.log'. 
✔ JSON de variables y parámetros, log y summary guardados en 'C:\Users\TECNO-MASTER\Desktop\Elmo_infrastructure_sizing_NP-\output\DCH_agosto\Costo_variable\Swap_libre\Swap_variable_3estaciones_640kW_Descomp/station_1_d274'.
✅ Solution time [sec]: 1.78
📊 Status: optimal
💰 Operation Cost: 268192.2868384214
⚠️ No se encontró 'gurobi.log'. 
✔ JSON de variables y parámetros, log y summary guardados en 'C:\Users\TECNO-MASTER\Desktop\Elmo_infrastructure_sizing_NP-\output\DCH_agosto\Costo_variable\Swap_libre\Swap_variable_3estaciones_640kW_Descomp/station_1_d244'.
✅ Solution time [sec]: 1.74
📊 Status: optimal
💰 Operation Cost: 266855.29770664783
⚠️ No se encontró 'gurobi.log'. 
✔ JSON de variables y parámetros, log y summary guardados en 'C:\Users\TECNO-MASTER\Desktop\Elmo_infrastructure_sizing_NP-\output\DCH_agosto\Costo_variable\Swap_libre\Swap_variable_3estaciones_640kW_Descomp/station_1_d305'.
✅ Solution time [sec]: 1.75
📊 Status: optimal
💰 Operation Cost: 264049.3424082538
⚠️ No se encontró 'gurobi.log'. 
✔ JSON de variables y parámetros, log y summary guardados en 'C:\Users\TECNO-MASTER\Desktop\Elmo_infrastructure_sizing_NP-\output\DCH_agosto\Costo_variable\Swap_libre\Swap_variable_3estaciones_640kW_Descomp/station_1_d182'.
✅ Solution time [sec]: 1.78
📊 Status: optimal
💰 Operation Cost: 266155.2189134095
⚠️ No se encontró 'gurobi.log'. 
✔ JSON de variables y parámetros, log y summary guardados en 'C:\Users\TECNO-MASTER\Desktop\Elmo_infrastructure_sizing_NP-\output\DCH_agosto\Costo_variable\Swap_libre\Swap_variable_3estaciones_640kW_Descomp/station_2_d1'.
✅ Solution time [sec]: 1.82
📊 Status: optimal
💰 Operation Cost: 265690.70390853984
⚠️ No se encontró 'gurobi.log'. 
✔ JSON de variables y parámetros, log y summary guardados en 'C:\Users\TECNO-MASTER\Desktop\Elmo_infrastructure_sizing_NP-\output\DCH_agosto\Costo_variable\Swap_libre\Swap_variable_3estaciones_640kW_Descomp/station_2_d121'.
✅ Solution time [sec]: 1.75
📊 Status: optimal
💰 Operation Cost: 264990.6489179954
⚠️ No se encontró 'gurobi.log'. 
✔ JSON de variables y parámetros, log y summary guardados en 'C:\Users\TECNO-MASTER\Desktop\Elmo_infrastructure_sizing_NP-\output\DCH_agosto\Costo_variable\Swap_libre\Swap_variable_3estaciones_640kW_Descomp/station_1_d335'.
✅ Solution time [sec]: 1.77
📊 Status: optimal
💰 Operation Cost: 265993.85552901967
⚠️ No se encontró 'gurobi.log'. 
✔ JSON de variables y parámetros, log y summary guardados en 'C:\Users\TECNO-MASTER\Desktop\Elmo_infrastructure_sizing_NP-\output\DCH_agosto\Costo_variable\Swap_libre\Swap_variable_3estaciones_640kW_Descomp/station_2_d182'.
✅ Solution time [sec]: 1.82
📊 Status: optimal
💰 Operation Cost: 265224.2217479364
⚠️ No se encontró 'gurobi.log'. 
✔ JSON de variables y parámetros, log y summary guardados en 'C:\Users\TECNO-MASTER\Desktop\Elmo_infrastructure_sizing_NP-\output\DCH_agosto\Costo_variable\Swap_libre\Swap_variable_3estaciones_640kW_Descomp/station_2_d91'.
✅ Solution time [sec]: 1.80
📊 Status: optimal
💰 Operation Cost: 266211.37500557944
⚠️ No se encontró 'gurobi.log'. 
✔ JSON de variables y parámetros, log y summary guardados en 'C:\Users\TECNO-MASTER\Desktop\Elmo_infrastructure_sizing_NP-\output\DCH_agosto\Costo_variable\Swap_libre\Swap_variable_3estaciones_640kW_Descomp/station_2_d244'.
✅ Solution time [sec]: 1.79
📊 Status: optimal
💰 Operation Cost: 265131.1140210452
⚠️ No se encontró 'gurobi.log'. 
✔ JSON de variables y parámetros, log y summary guardados en 'C:\Users\TECNO-MASTER\Desktop\Elmo_infrastructure_sizing_NP-\output\DCH_agosto\Costo_variable\Swap_libre\Swap_variable_3estaciones_640kW_Descomp/station_3_d152'.
✅ Solution time [sec]: 1.78
📊 Status: optimal
💰 Operation Cost: 267229.04615266435
⚠️ No se encontró 'gurobi.log'. 
✔ JSON de variables y parámetros, log y summary guardados en 'C:\Users\TECNO-MASTER\Desktop\Elmo_infrastructure_sizing_NP-\output\DCH_agosto\Costo_variable\Swap_libre\Swap_variable_3estaciones_640kW_Descomp/station_2_d274'.
✅ Solution time [sec]: 1.80
📊 Status: optimal
💰 Operation Cost: 266037.2211313972
⚠️ No se encontró 'gurobi.log'. 
✔ JSON de variables y parámetros, log y summary guardados en 'C:\Users\TECNO-MASTER\Desktop\Elmo_infrastructure_sizing_NP-\output\DCH_agosto\Costo_variable\Swap_libre\Swap_variable_3estaciones_640kW_Descomp/station_2_d32'.
✅ Solution time [sec]: 1.82
📊 Status: optimal
💰 Operation Cost: 265942.08451955556
⚠️ No se encontró 'gurobi.log'. 
✔ JSON de variables y parámetros, log y summary guardados en 'C:\Users\TECNO-MASTER\Desktop\Elmo_infrastructure_sizing_NP-\output\DCH_agosto\Costo_variable\Swap_libre\Swap_variable_3estaciones_640kW_Descomp/station_3_d91'.
✅ Solution time [sec]: 1.80
📊 Status: optimal
💰 Operation Cost: 266590.37064102007
⚠️ No se encontró 'gurobi.log'. 
✔ JSON de variables y parámetros, log y summary guardados en 'C:\Users\TECNO-MASTER\Desktop\Elmo_infrastructure_sizing_NP-\output\DCH_agosto\Costo_variable\Swap_libre\Swap_variable_3estaciones_640kW_Descomp/station_2_d213'.
✅ Solution time [sec]: 1.80
📊 Status: optimal
💰 Operation Cost: 268428.43264085404
⚠️ No se encontró 'gurobi.log'. 
✔ JSON de variables y parámetros, log y summary guardados en 'C:\Users\TECNO-MASTER\Desktop\Elmo_infrastructure_sizing_NP-\output\DCH_agosto\Costo_variable\Swap_libre\Swap_variable_3estaciones_640kW_Descomp/station_2_d305'.
✅ Solution time [sec]: 1.78
📊 Status: optimal
💰 Operation Cost: 264829.9785306865
⚠️ No se encontró 'gurobi.log'. 
✔ JSON de variables y parámetros, log y summary guardados en 'C:\Users\TECNO-MASTER\Desktop\Elmo_infrastructure_sizing_NP-\output\DCH_agosto\Costo_variable\Swap_libre\Swap_variable_3estaciones_640kW_Descomp/station_3_d121'.
✅ Solution time [sec]: 1.80
📊 Status: optimal
💰 Operation Cost: 266031.0348095449
⚠️ No se encontró 'gurobi.log'. 
✔ JSON de variables y parámetros, log y summary guardados en 'C:\Users\TECNO-MASTER\Desktop\Elmo_infrastructure_sizing_NP-\output\DCH_agosto\Costo_variable\Swap_libre\Swap_variable_3estaciones_640kW_Descomp/station_3_d213'.
✅ Solution time [sec]: 1.77
📊 Status: optimal
💰 Operation Cost: 266235.864543709
⚠️ No se encontró 'gurobi.log'. 
✔ JSON de variables y parámetros, log y summary guardados en 'C:\Users\TECNO-MASTER\Desktop\Elmo_infrastructure_sizing_NP-\output\DCH_agosto\Costo_variable\Swap_libre\Swap_variable_3estaciones_640kW_Descomp/station_2_d60'.
✅ Solution time [sec]: 1.79
📊 Status: optimal
💰 Operation Cost: 266129.41458382213
⚠️ No se encontró 'gurobi.log'. 
✔ JSON de variables y parámetros, log y summary guardados en 'C:\Users\TECNO-MASTER\Desktop\Elmo_infrastructure_sizing_NP-\output\DCH_agosto\Costo_variable\Swap_libre\Swap_variable_3estaciones_640kW_Descomp/station_3_d60'.
✅ Solution time [sec]: 1.80
📊 Status: optimal
💰 Operation Cost: 268274.25740509504
⚠️ No se encontró 'gurobi.log'. 
✔ JSON de variables y parámetros, log y summary guardados en 'C:\Users\TECNO-MASTER\Desktop\Elmo_infrastructure_sizing_NP-\output\DCH_agosto\Costo_variable\Swap_libre\Swap_variable_3estaciones_640kW_Descomp/station_2_d152'.
✅ Solution time [sec]: 1.81
📊 Status: optimal
💰 Operation Cost: 268736.1092623768
⚠️ No se encontró 'gurobi.log'. 
✔ JSON de variables y parámetros, log y summary guardados en 'C:\Users\TECNO-MASTER\Desktop\Elmo_infrastructure_sizing_NP-\output\DCH_agosto\Costo_variable\Swap_libre\Swap_variable_3estaciones_640kW_Descomp/station_2_d335'.
✅ Solution time [sec]: 1.78
📊 Status: optimal
💰 Operation Cost: 266968.5915996792
⚠️ No se encontró 'gurobi.log'. 
✔ JSON de variables y parámetros, log y summary guardados en 'C:\Users\TECNO-MASTER\Desktop\Elmo_infrastructure_sizing_NP-\output\DCH_agosto\Costo_variable\Swap_libre\Swap_variable_3estaciones_640kW_Descomp/station_3_d182'.
✅ Solution time [sec]: 1.71
📊 Status: optimal
💰 Operation Cost: 268019.43354952853
⚠️ No se encontró 'gurobi.log'. 
✔ JSON de variables y parámetros, log y summary guardados en 'C:\Users\TECNO-MASTER\Desktop\Elmo_infrastructure_sizing_NP-\output\DCH_agosto\Costo_variable\Swap_libre\Swap_variable_3estaciones_640kW_Descomp/station_3_d32'.
✅ Solution time [sec]: 1.65
📊 Status: optimal
💰 Operation Cost: 266138.99134536483
⚠️ No se encontró 'gurobi.log'. 
✔ JSON de variables y parámetros, log y summary guardados en 'C:\Users\TECNO-MASTER\Desktop\Elmo_infrastructure_sizing_NP-\output\DCH_agosto\Costo_variable\Swap_libre\Swap_variable_3estaciones_640kW_Descomp/station_3_d1'.
✅ Solution time [sec]: 1.56
📊 Status: optimal
💰 Operation Cost: 265850.59212244954
⚠️ No se encontró 'gurobi.log'. 
✔ JSON de variables y parámetros, log y summary guardados en 'C:\Users\TECNO-MASTER\Desktop\Elmo_infrastructure_sizing_NP-\output\DCH_agosto\Costo_variable\Swap_libre\Swap_variable_3estaciones_640kW_Descomp/station_3_d244'.
✅ Solution time [sec]: 1.52
📊 Status: optimal
💰 Operation Cost: 266274.22609103116
⚠️ No se encontró 'gurobi.log'. 
✔ JSON de variables y parámetros, log y summary guardados en 'C:\Users\TECNO-MASTER\Desktop\Elmo_infrastructure_sizing_NP-\output\DCH_agosto\Costo_variable\Swap_libre\Swap_variable_3estaciones_640kW_Descomp/station_3_d274'.
✅ Solution time [sec]: 1.50
📊 Status: optimal
💰 Operation Cost: 265707.7189856722
⚠️ No se encontró 'gurobi.log'. 
✔ JSON de variables y parámetros, log y summary guardados en 'C:\Users\TECNO-MASTER\Desktop\Elmo_infrastructure_sizing_NP-\output\DCH_agosto\Costo_variable\Swap_libre\Swap_variable_3estaciones_640kW_Descomp/station_3_d335'.
✅ Solution time [sec]: 1.52
📊 Status: optimal
💰 Operation Cost: 268137.01918284403
⚠️ No se encontró 'gurobi.log'. 
✔ JSON de variables y parámetros, log y summary guardados en 'C:\Users\TECNO-MASTER\Desktop\Elmo_infrastructure_sizing_NP-\output\DCH_agosto\Costo_variable\Swap_libre\Swap_variable_3estaciones_640kW_Descomp/station_3_d305'.
[wp2] usando consumos precalculados desde: C:\Users\TECNO-MASTER\Desktop\Elmo_infrastructure_sizing_NP-\data\Escenarios_DCH_agosto\Costo_variable\Swap_variable_3estaciones_640kW/electric_routes_within_time.json

=== Fase 0 (maestro): repartiendo target de produccion diario entre macrobloques ===
  [maestro] dia 1: D_d=40320.0  station_1: T=13117.3 (Cap=[11869.2,16813.4])  station_2: T=13896.8 (Cap=[12564.7,17841.6])  station_3: T=13305.8 (Cap=[12111.1,16843.7])
  [maestro] dia 32: D_d=40320.0  station_1: T=13117.3 (Cap=[11869.2,16813.4])  station_2: T=13896.8 (Cap=[12564.7,17841.6])  station_3: T=13305.8 (Cap=[12111.1,16843.7])
  [maestro] dia 60: D_d=40320.0  station_1: T=13117.3 (Cap=[11869.2,16813.4])  station_2: T=13896.8 (Cap=[12564.7,17841.6])  station_3: T=13305.8 (Cap=[12111.1,16843.7])
  [maestro] dia 91: D_d=40320.0  station_1: T=13117.3 (Cap=[11869.2,16813.4])  station_2: T=13896.8 (Cap=[12564.7,17841.6])  station_3: T=13305.8 (Cap=[12111.1,16843.7])
  [maestro] dia 121: D_d=40320.0  station_1: T=13117.3 (Cap=[11869.2,16813.4])  station_2: T=13896.8 (Cap=[12564.7,17841.6])  station_3: T=13305.8 (Cap=[12111.1,16843.7])
  [maestro] dia 152: D_d=40320.0  station_1: T=13117.3 (Cap=[11869.2,16813.4])  station_2: T=13896.8 (Cap=[12564.7,17841.6])  station_3: T=13305.8 (Cap=[12111.1,16843.7])
  [maestro] dia 182: D_d=40320.0  station_1: T=13117.3 (Cap=[11869.2,16813.4])  station_2: T=13896.8 (Cap=[12564.7,17841.6])  station_3: T=13305.8 (Cap=[12111.1,16843.7])
  [maestro] dia 213: D_d=40320.0  station_1: T=13117.3 (Cap=[11869.2,16813.4])  station_2: T=13896.8 (Cap=[12564.7,17841.6])  station_3: T=13305.8 (Cap=[12111.1,16843.7])
  [maestro] dia 244: D_d=40320.0  station_1: T=13117.3 (Cap=[11869.2,16813.4])  station_2: T=13896.8 (Cap=[12564.7,17841.6])  station_3: T=13305.8 (Cap=[12111.1,16843.7])
  [maestro] dia 274: D_d=40320.0  station_1: T=13117.3 (Cap=[11869.2,16813.4])  station_2: T=13896.8 (Cap=[12564.7,17841.6])  station_3: T=13305.8 (Cap=[12111.1,16843.7])
  [maestro] dia 305: D_d=40320.0  station_1: T=13117.3 (Cap=[11869.2,16813.4])  station_2: T=13896.8 (Cap=[12564.7,17841.6])  station_3: T=13305.8 (Cap=[12111.1,16843.7])
  [maestro] dia 335: D_d=40320.0  station_1: T=13117.3 (Cap=[11869.2,16813.4])  station_2: T=13896.8 (Cap=[12564.7,17841.6])  station_3: T=13305.8 (Cap=[12111.1,16843.7])
Hilos de Gurobi por worker: 1 (workers=32, cpus=32)

=== Fase 1: 36 subproblemas (estacion x dia) en paralelo (32 workers), infraestructura libre ===

=== Infraestructura de swap fijada por estacion (maximo entre dias) ===
  station_1: {'N_chargers': 1, 'N_bays': 1, 'N_batteries': 1, 'X': 1}
  station_2: {'N_chargers': 1, 'N_bays': 1, 'N_batteries': 1, 'X': 1}
  station_3: {'N_chargers': 1, 'N_bays': 1, 'N_batteries': 1, 'X': 1}

=== Fase 2: 36 subproblemas (estacion x dia) en paralelo (32 workers), infraestructura fija ===

Listo. Resultados finales en:
  C:\Users\TECNO-MASTER\Desktop\Elmo_infrastructure_sizing_NP-\output\DCH_agosto\Costo_variable\Swap_libre\Swap_variable_3estaciones_640kW_Descomp/station_1_d1
  C:\Users\TECNO-MASTER\Desktop\Elmo_infrastructure_sizing_NP-\output\DCH_agosto\Costo_variable\Swap_libre\Swap_variable_3estaciones_640kW_Descomp/station_1_d32
  C:\Users\TECNO-MASTER\Desktop\Elmo_infrastructure_sizing_NP-\output\DCH_agosto\Costo_variable\Swap_libre\Swap_variable_3estaciones_640kW_Descomp/station_1_d60
  C:\Users\TECNO-MASTER\Desktop\Elmo_infrastructure_sizing_NP-\output\DCH_agosto\Costo_variable\Swap_libre\Swap_variable_3estaciones_640kW_Descomp/station_1_d91
  C:\Users\TECNO-MASTER\Desktop\Elmo_infrastructure_sizing_NP-\output\DCH_agosto\Costo_variable\Swap_libre\Swap_variable_3estaciones_640kW_Descomp/station_1_d121
  C:\Users\TECNO-MASTER\Desktop\Elmo_infrastructure_sizing_NP-\output\DCH_agosto\Costo_variable\Swap_libre\Swap_variable_3estaciones_640kW_Descomp/station_1_d152
  C:\Users\TECNO-MASTER\Desktop\Elmo_infrastructure_sizing_NP-\output\DCH_agosto\Costo_variable\Swap_libre\Swap_variable_3estaciones_640kW_Descomp/station_1_d182
  C:\Users\TECNO-MASTER\Desktop\Elmo_infrastructure_sizing_NP-\output\DCH_agosto\Costo_variable\Swap_libre\Swap_variable_3estaciones_640kW_Descomp/station_1_d213
  C:\Users\TECNO-MASTER\Desktop\Elmo_infrastructure_sizing_NP-\output\DCH_agosto\Costo_variable\Swap_libre\Swap_variable_3estaciones_640kW_Descomp/station_1_d244
  C:\Users\TECNO-MASTER\Desktop\Elmo_infrastructure_sizing_NP-\output\DCH_agosto\Costo_variable\Swap_libre\Swap_variable_3estaciones_640kW_Descomp/station_1_d274
  C:\Users\TECNO-MASTER\Desktop\Elmo_infrastructure_sizing_NP-\output\DCH_agosto\Costo_variable\Swap_libre\Swap_variable_3estaciones_640kW_Descomp/station_1_d305
  C:\Users\TECNO-MASTER\Desktop\Elmo_infrastructure_sizing_NP-\output\DCH_agosto\Costo_variable\Swap_libre\Swap_variable_3estaciones_640kW_Descomp/station_1_d335
  C:\Users\TECNO-MASTER\Desktop\Elmo_infrastructure_sizing_NP-\output\DCH_agosto\Costo_variable\Swap_libre\Swap_variable_3estaciones_640kW_Descomp/station_2_d1
  C:\Users\TECNO-MASTER\Desktop\Elmo_infrastructure_sizing_NP-\output\DCH_agosto\Costo_variable\Swap_libre\Swap_variable_3estaciones_640kW_Descomp/station_2_d32
  C:\Users\TECNO-MASTER\Desktop\Elmo_infrastructure_sizing_NP-\output\DCH_agosto\Costo_variable\Swap_libre\Swap_variable_3estaciones_640kW_Descomp/station_2_d60
  C:\Users\TECNO-MASTER\Desktop\Elmo_infrastructure_sizing_NP-\output\DCH_agosto\Costo_variable\Swap_libre\Swap_variable_3estaciones_640kW_Descomp/station_2_d91
  C:\Users\TECNO-MASTER\Desktop\Elmo_infrastructure_sizing_NP-\output\DCH_agosto\Costo_variable\Swap_libre\Swap_variable_3estaciones_640kW_Descomp/station_2_d121
  C:\Users\TECNO-MASTER\Desktop\Elmo_infrastructure_sizing_NP-\output\DCH_agosto\Costo_variable\Swap_libre\Swap_variable_3estaciones_640kW_Descomp/station_2_d152
  C:\Users\TECNO-MASTER\Desktop\Elmo_infrastructure_sizing_NP-\output\DCH_agosto\Costo_variable\Swap_libre\Swap_variable_3estaciones_640kW_Descomp/station_2_d182
  C:\Users\TECNO-MASTER\Desktop\Elmo_infrastructure_sizing_NP-\output\DCH_agosto\Costo_variable\Swap_libre\Swap_variable_3estaciones_640kW_Descomp/station_2_d213
  C:\Users\TECNO-MASTER\Desktop\Elmo_infrastructure_sizing_NP-\output\DCH_agosto\Costo_variable\Swap_libre\Swap_variable_3estaciones_640kW_Descomp/station_2_d244
  C:\Users\TECNO-MASTER\Desktop\Elmo_infrastructure_sizing_NP-\output\DCH_agosto\Costo_variable\Swap_libre\Swap_variable_3estaciones_640kW_Descomp/station_2_d274
  C:\Users\TECNO-MASTER\Desktop\Elmo_infrastructure_sizing_NP-\output\DCH_agosto\Costo_variable\Swap_libre\Swap_variable_3estaciones_640kW_Descomp/station_2_d305
  C:\Users\TECNO-MASTER\Desktop\Elmo_infrastructure_sizing_NP-\output\DCH_agosto\Costo_variable\Swap_libre\Swap_variable_3estaciones_640kW_Descomp/station_2_d335
  C:\Users\TECNO-MASTER\Desktop\Elmo_infrastructure_sizing_NP-\output\DCH_agosto\Costo_variable\Swap_libre\Swap_variable_3estaciones_640kW_Descomp/station_3_d1
  C:\Users\TECNO-MASTER\Desktop\Elmo_infrastructure_sizing_NP-\output\DCH_agosto\Costo_variable\Swap_libre\Swap_variable_3estaciones_640kW_Descomp/station_3_d32
  C:\Users\TECNO-MASTER\Desktop\Elmo_infrastructure_sizing_NP-\output\DCH_agosto\Costo_variable\Swap_libre\Swap_variable_3estaciones_640kW_Descomp/station_3_d60
  C:\Users\TECNO-MASTER\Desktop\Elmo_infrastructure_sizing_NP-\output\DCH_agosto\Costo_variable\Swap_libre\Swap_variable_3estaciones_640kW_Descomp/station_3_d91
  C:\Users\TECNO-MASTER\Desktop\Elmo_infrastructure_sizing_NP-\output\DCH_agosto\Costo_variable\Swap_libre\Swap_variable_3estaciones_640kW_Descomp/station_3_d121
  C:\Users\TECNO-MASTER\Desktop\Elmo_infrastructure_sizing_NP-\output\DCH_agosto\Costo_variable\Swap_libre\Swap_variable_3estaciones_640kW_Descomp/station_3_d152
  C:\Users\TECNO-MASTER\Desktop\Elmo_infrastructure_sizing_NP-\output\DCH_agosto\Costo_variable\Swap_libre\Swap_variable_3estaciones_640kW_Descomp/station_3_d182
  C:\Users\TECNO-MASTER\Desktop\Elmo_infrastructure_sizing_NP-\output\DCH_agosto\Costo_variable\Swap_libre\Swap_variable_3estaciones_640kW_Descomp/station_3_d213
  C:\Users\TECNO-MASTER\Desktop\Elmo_infrastructure_sizing_NP-\output\DCH_agosto\Costo_variable\Swap_libre\Swap_variable_3estaciones_640kW_Descomp/station_3_d244
  C:\Users\TECNO-MASTER\Desktop\Elmo_infrastructure_sizing_NP-\output\DCH_agosto\Costo_variable\Swap_libre\Swap_variable_3estaciones_640kW_Descomp/station_3_d274
  C:\Users\TECNO-MASTER\Desktop\Elmo_infrastructure_sizing_NP-\output\DCH_agosto\Costo_variable\Swap_libre\Swap_variable_3estaciones_640kW_Descomp/station_3_d305
  C:\Users\TECNO-MASTER\Desktop\Elmo_infrastructure_sizing_NP-\output\DCH_agosto\Costo_variable\Swap_libre\Swap_variable_3estaciones_640kW_Descomp/station_3_d335
