
Gurobi 10.0.0 (win64) logging started Thu Jul 30 13:48:10 2026

Set parameter LogFile to value "output\Taller_DET_Agosto\Swap_maxproduction_640kW\station_1_d152_stage1\ELMO_log.txt"
Set parameter Threads to value 1
Set parameter Heuristics to value 0.5
Set parameter MIPFocus to value 3
Set parameter Presolve to value 2
Set parameter FlowCoverCuts to value 2
Gurobi Optimizer version 10.0.0 build v10.0.0rc2 (win64)

CPU model: 11th Gen Intel(R) Core(TM) i7-1165G7 @ 2.80GHz, instruction set [SSE2|AVX|AVX2|AVX512]
Thread count: 4 physical cores, 8 logical processors, using up to 1 threads

Optimize a model with 33882 rows, 80359 columns and 366412 nonzeros
Model fingerprint: 0xf2b2e17c
Variable types: 4395 continuous, 75964 integer (42841 binary)
Coefficient statistics:
  Matrix range     [1e+00, 6e+02]
  Objective range  [4e-01, 9e+04]
  Bounds range     [1e+00, 1e+01]
  RHS range        [1e+00, 3e+04]
Presolve removed 31467 rows and 58712 columns
Presolve time: 1.74s
Presolved: 2415 rows, 21647 columns, 69740 nonzeros
Variable types: 413 continuous, 21234 integer (20901 binary)
Root relaxation presolved: 2415 rows, 21647 columns, 69740 nonzeros


Use crossover to convert LP symmetric solution to basic solution...

Root relaxation: objective 3.295179e+05, 7790 iterations, 0.54 seconds (0.15 work units)
Total elapsed time = 5.70s

    Nodes    |    Current Node    |     Objective Bounds      |     Work
 Expl Unexpl |  Obj  Depth IntInf | Incumbent    BestBd   Gap | It/Node Time

     0     0 329517.890    0   99          - 329517.890      -     -    7s
     0     0 337432.502    0   95          - 337432.502      -     -   13s
     0     0 337432.502    0  118          - 337432.502      -     -   16s
     0     0 363010.529    0   24          - 363010.529      -     -   19s
     0     0 363010.529    0  103          - 363010.529      -     -   20s
     0     0 363010.529    0   44          - 363010.529      -     -   26s
     0     0 363010.529    0   95          - 363010.529      -     -   26s
     0     0 363010.529    0   24          - 363010.529      -     -   31s
     0     0 363010.529    0   97          - 363010.529      -     -   32s
     0     0 363010.529    0   40          - 363010.529      -     -   36s
     0     0 363010.529    0   40          - 363010.529      -     -   37s
H    0     0                    763233.85067 363010.529  52.4%     -   44s
H    0     0                    673478.47200 363010.529  46.1%     -   54s
H    0     0                    672568.98933 363010.529  46.0%     -   54s
     0     2 363010.529    0   40 672568.989 363010.529  46.0%     -   61s
     4     6 363010.529    3  140 672568.989 363010.529  46.0%  1088   65s
     9    11 363010.529    6  126 672568.989 363010.529  46.0%   622   72s
    12    14 363010.529    6  112 672568.989 363010.529  46.0%   521   75s
    17    19 363010.529   10   27 672568.989 363010.529  46.0%   792   80s
    22    24 363010.529    9  138 672568.989 363010.529  46.0%   794   86s
    26    28 363010.529    7  132 672568.989 363010.529  46.0%   741   90s
H   27    27                    671659.50667 363010.529  46.0%   714  101s
    30    32 363010.529   11  117 671659.507 363010.529  46.0%   777  105s
    34    36 363010.576   13  101 671659.507 363010.529  46.0%   770  110s
    38    40 363010.529   16   99 671659.507 363010.529  46.0%   753  115s
    43    45 363010.529   16   98 671659.507 363010.529  46.0%   753  121s
    46    48 363010.551   10  131 671659.507 363010.529  46.0%   738  125s
    51    53 363010.529    6  134 671659.507 363010.529  46.0%   744  131s
    54    56 363010.529   20  111 671659.507 363010.529  46.0%   749  143s
    56    58 363010.529    7  105 671659.507 363010.529  46.0%   729  146s
    61    63 363010.529    8  130 671659.507 363010.529  46.0%   692  150s
    64    66 363010.529   10   23 671659.507 363010.529  46.0%   761  155s
    70    72 363010.529    9  142 671659.507 363010.529  46.0%   715  160s
    74    76 363010.529   10   28 671659.507 363010.529  46.0%   742  166s
    78    80 363010.529   12   93 671659.507 363010.529  46.0%   718  170s
    82    84 363010.529   11   67 671659.507 363010.529  46.0%   791  180s
    87    89 363010.529   10   29 671659.507 363010.529  46.0%   827  185s
    94    96 363010.529   20  114 671659.507 363010.529  46.0%   810  191s
   101   103 363010.559   16  102 671659.507 363010.529  46.0%   764  197s
   106   108 363010.529   17   86 671659.507 363010.529  46.0%   753  209s
   107   109 363010.529   17   93 671659.507 363010.529  46.0%   775  210s
   126   128 363010.556   20   78 671659.507 363010.529  46.0%   713  215s
   140   142 363010.529   23   40 671659.507 363010.529  46.0%   702  220s
   151   153 363010.559   20   48 671659.507 363010.529  46.0%   681  230s
   159   161 363010.529   20   26 671659.507 363010.529  46.0%   739  236s
   172   174 363010.559   15  115 671659.507 363010.529  46.0%   734  240s
   184   186 363010.529   12   76 671659.507 363010.529  46.0%   738  245s
   199   201 363010.552   25   98 671659.507 363010.529  46.0%   694  250s
H  202   202                    593950.02400 363010.529  38.9%   685  255s
   203   205 363010.529   15   62 593950.024 363010.529  38.9%   685  267s
   210   212 363010.529   17   78 593950.024 363010.529  38.9%   680  270s
   220   222 363010.529   29   49 593950.024 363010.529  38.9%   671  275s
   230   232 363010.556   30   59 593950.024 363010.529  38.9%   678  280s
   238   240 363010.576   33   59 593950.024 363010.529  38.9%   688  285s
   251   253 363010.560   37   61 593950.024 363010.529  38.9%   688  290s
   275   277 363010.529   41   34 593950.024 363010.529  38.9%   673  305s
   285   287 363010.529   43   48 593950.024 363010.529  38.9%   674  310s
   299   301 363010.529   43   67 593950.024 363010.529  38.9%   664  315s
   300   302 363010.529   43   47 593950.024 363010.529  38.9%   666  329s
   303   305 363010.529   44   48 593950.024 363010.529  38.9%   665  330s
   322   324 363010.529   48   31 593950.024 363010.529  38.9%   662  335s
   344   346 363010.529   50   35 593950.024 363010.529  38.9%   631  340s
   368   370 363010.529   36   58 593950.024 363010.529  38.9%   618  345s
   382   384 363010.529   27   50 593950.024 363010.529  38.9%   614  350s
   396   398 363010.556   22   39 593950.024 363010.529  38.9%   616  355s
   412   414 363010.557   28   51 593950.024 363010.529  38.9%   606  360s
   424   426 363010.529   30   31 593950.024 363010.529  38.9%   606  365s
   437   439 363010.556   34   49 593950.024 363010.529  38.9%   606  370s
   442   444 363010.529   34   31 593950.024 363010.529  38.9%   606  382s
   448   450 363010.560   35   75 593950.024 363010.529  38.9%   608  385s
   458   460 363010.529   35   31 593950.024 363010.529  38.9%   608  391s
   466   468 363010.576   38   32 593950.024 363010.529  38.9%   609  396s
   474   476 363010.556   40   55 593950.024 363010.529  38.9%   613  400s
   485   487 363010.556   43   63 593950.024 363010.529  38.9%   618  406s
   493   495 363010.529   38   39 593950.024 363010.529  38.9%   623  410s
   494   496 363010.576   38   28 593950.024 363010.529  38.9%   622  431s
   502   504 363010.556   31   30 593950.024 363010.529  38.9%   630  435s
   511   512 363010.529   46   40 593950.024 363010.529  38.9%   625  441s
   513   513 363010.559   12   96 593950.024 363010.529  38.9%   622  449s
   514   514 363010.556   31   72 593950.024 363010.529  38.9%   621  458s
   517   516 363010.576   39   53 593950.024 363010.529  38.9%   618  467s
   518   517 363010.529   12  105 593950.024 363010.529  38.9%   616  474s
   519   517 363010.559   21   31 593950.024 363010.529  38.9%   615  492s
   520   518 363010.529   22  118 593950.024 363010.529  38.9%   614  499s
   521   519 363010.529   13   26 593950.024 363010.529  38.9%   613  506s
   522   519 363010.561   39  109 593950.024 363010.529  38.9%   612  514s
   523   520 363010.529    6   38 593950.024 363010.529  38.9%   610  529s
   524   521 363010.557   43  107 593950.024 363010.529  38.9%   609  538s
   525   521 363010.529   16   24 593950.024 363010.529  38.9%   608  546s
   526   522 363010.557   40   81 593950.024 363010.529  38.9%   607  554s
   527   523 363010.529   31   22 593950.024 363010.529  38.9%   606  563s
   528   523 363010.529   24   90 593950.024 363010.529  38.9%   605  571s
   529   524 363010.529   28   24 593950.024 363010.529  38.9%   604  578s
   530   525 363010.529   21   81 593950.024 363010.529  38.9%   602  586s
   531   525 363010.560   24   39 593950.024 363010.529  38.9%   601  601s
   532   526 363010.556   40   63 593950.024 363010.529  38.9%   600  608s
   533   527 363010.576   19   28 593950.024 363010.529  38.9%   599  616s
   534   527 363010.576   40   24 593950.024 363010.529  38.9%   598  623s
   535   528 363010.576   21   24 593950.024 363010.529  38.9%   597  643s
   536   531 363010.529   15   58 593950.024 363010.529  38.9%   785  645s
   542   535 363010.529   18   61 593950.024 363010.529  38.9%   781  650s
   547   538 363010.529   20  111 593950.024 363010.529  38.9%   781  655s
   552   541 363010.529   23   94 593950.024 363010.529  38.9%   774  660s
   559   546 363010.552   21  106 593950.024 363010.529  38.9%   776  665s
   562   548 363010.554   28   78 593950.024 363010.529  38.9%   775  675s
   567   551 363010.529   19   71 593950.024 363010.529  38.9%   770  680s
   572   555 363010.529   24   28 593950.024 363010.529  38.9%   771  685s
   577   558 363010.529   25   70 593950.024 363010.529  38.9%   774  690s
   585   563 363010.529   24   24 593950.024 363010.529  38.9%   773  696s
   589   566 363010.576   23   87 593950.024 363010.529  38.9%   770  700s
   591   567 363010.529   25   66 593950.024 363010.529  38.9%   767  716s
   596   571 363010.529   26   78 593950.024 363010.529  38.9%   762  720s
   601   574 363010.529   28   65 593950.024 363010.529  38.9%   764  725s
   606   577 363010.529   38   61 593950.024 363010.529  38.9%   759  731s
   609   579 363010.529   32   98 593950.024 363010.529  38.9%   758  735s
   613   582 363010.529   27   71 593950.024 363010.529  38.9%   761  740s
   616   584 363010.529   43   73 593950.024 363010.529  38.9%   759  749s
   617   585 363010.558   29   99 593950.024 363010.529  38.9%   759  750s
   621   587 363010.529   28  112 593950.024 363010.529  38.9%   757  755s
   626   591 363010.529   30  106 593950.024 363010.529  38.9%   753  760s
   630   593 363010.551   33   75 593950.024 363010.529  38.9%   752  765s
   634   596 363037.199   35   97 593950.024 363010.529  38.9%   759  770s
   636   597 363010.529   28   91 593950.024 363010.529  38.9%   757  777s
   639   599 363010.529   25   51 593950.024 363010.529  38.9%   755  780s
   644   603 363010.529   26   54 593950.024 363010.529  38.9%   751  785s
   650   607 363010.554   28   90 593950.024 363010.529  38.9%   748  790s
   656   611 363010.554   28   87 593950.024 363010.529  38.9%   744  795s
   661   614 363010.529   30   73 593950.024 363010.529  38.9%   739  800s
   666   617 363010.529   32   93 593950.024 363010.529  38.9%   735  805s
   670   620 363010.549   34   83 593950.024 363010.529  38.9%   732  816s
   673   622 363010.529   31   57 593950.024 363010.529  38.9%   731  820s
   677   625 363010.529   31   64 593950.024 363010.529  38.9%   728  825s
   681   627 363010.529   36   40 593950.024 363010.529  38.9%   731  830s
   686   631 363010.529   31   70 593950.024 363010.529  38.9%   728  835s
   688   632 363010.529   32   72 593950.024 363010.529  38.9%   727  850s
   692   635 363010.549   34   75 593950.024 363010.529  38.9%   724  855s
   697   638 363010.576   40   80 593950.024 363010.529  38.9%   721  860s
   704   643 363010.529   44   31 593950.024 363010.529  38.9%   719  866s
   707   645 363010.529   32   84 593950.024 363010.529  38.9%   717  870s
   712   648 363010.529   32   88 593950.024 363010.529  38.9%   715  875s
   716   651 363010.529   34   38 593950.024 363010.529  38.9%   718  880s
   721   654 363010.529   29  103 593950.024 363010.529  38.9%   716  886s
   724   656 363010.529   38   54 593950.024 363010.529  38.9%   713  898s
   726   657 363010.554   39   57 593950.024 363010.529  38.9%   714  901s
   733   662 363010.529   29   88 593950.024 363010.529  38.9%   708  905s
   737   665 363010.551   30   83 593950.024 363010.529  38.9%   706  915s
   743   669 363010.529   39   84 593950.024 363010.529  38.9%   701  920s
   750   673 363010.529   42   68 593950.024 363010.529  38.9%   697  925s
   756   677 363010.529   43   78 593950.024 363010.529  38.9%   694  930s
   762   681 363010.529   43   58 593950.024 363010.529  38.9%   691  935s
   768   685 363010.529   44   37 593950.024 363010.529  38.9%   695  940s
   771   687 363010.529   44   24 593950.024 363010.529  38.9%   704  946s
   775   690 363010.559   45   56 593950.024 363010.529  38.9%   706  950s
   778   692 363010.576   46   51 593950.024 363010.529  38.9%   706  959s
   780   693 363010.529   45   28 593950.024 363010.529  38.9%   704  960s
   785   697 363010.556   46   39 593950.024 363010.529  38.9%   704  976s
   788   699 363010.529   47   51 593950.024 363010.529  38.9%   705  980s
   794   703 363010.529   49   54 593950.024 363010.529  38.9%   700  985s
   799   706 363010.529   49   62 593950.024 363010.529  38.9%   698  990s
   804   709 363529.461   45   61 593950.024 363010.529  38.9%   702  995s
   808   712 363010.529   46   57 593950.024 363010.529  38.9%   700 1000s
   813   715 363010.556   45   68 593950.024 363010.529  38.9%   700 1005s
   821   721 363010.529   44   27 593950.024 363010.529  38.9%   705 1010s
   827   725 363010.529   43   79 593950.024 363010.529  38.9%   705 1015s
   832   728 363010.529   46   24 593950.024 363010.529  38.9%   708 1027s
   836   731 363010.529   48   61 593950.024 363010.529  38.9%   706 1030s
   838   732 363010.529   49   64 593950.024 363010.529  38.9%   705 1038s
   839   733 363010.529   44   57 593950.024 363010.529  38.9%   706 1040s
   844   736 363010.529   32   70 593950.024 363010.529  38.9%   704 1045s
   849   739 363010.557   33   97 593950.024 363010.529  38.9%   704 1050s
   856   744 363010.529   33   71 593950.024 363010.529  38.9%   700 1055s
   861   747 363010.529   39   71 593950.024 363010.529  38.9%   700 1060s
   866   751 363010.529   19  117 593950.024 363010.529  38.9%   702 1065s
   872   755 363010.529   22  111 593950.024 363010.529  38.9%   698 1070s
   877   758 363010.576   33  104 593950.024 363010.529  38.9%   705 1075s
   882   761 363010.529   27   53 593950.024 363010.529  38.9%   701 1098s
   884   763 363010.529   28   53 593950.024 363010.529  38.9%   700 1100s
   887   765 363010.529   38   74 593950.024 363010.529  38.9%   698 1109s
   888   765 363010.559   30   82 593950.024 363010.529  38.9%   698 1110s
   894   769 363010.529   34   28 593950.024 363010.529  38.9%   699 1115s
   899   773 363010.529   32   75 593950.024 363010.529  38.9%   698 1127s
   902   775 363010.529   38   87 593950.024 363010.529  38.9%   697 1130s
   908   779 363010.529   39   88 593950.024 363010.529  38.9%   694 1135s
   913   782 363010.576   32  104 593950.024 363010.529  38.9%   691 1140s
   919   786 363010.554   29   79 593950.024 363010.529  38.9%   690 1145s
   928   792 363010.576   32   92 593950.024 363010.529  38.9%   687 1150s
   934   796 363010.529   34   25 593950.024 363010.529  38.9%   687 1155s
   939   799 363010.529   35   59 593950.024 363010.529  38.9%   689 1166s
   941   801 363010.529   35   31 593950.024 363010.529  38.9%   690 1174s
   942   801 363010.529   36   55 593950.024 363010.529  38.9%   690 1175s
   947   805 363010.529   37   54 593950.024 363010.529  38.9%   688 1180s
   953   809 363010.529   38   66 593950.024 363010.529  38.9%   684 1185s
   959   813 363010.529   39   66 593950.024 363010.529  38.9%   681 1190s
   965   817 363010.576   40   45 593950.024 363010.529  38.9%   678 1195s
   971   821 363010.576   41   50 593950.024 363010.529  38.9%   676 1200s
   976   824 363010.529   43   58 593950.024 363010.529  38.9%   674 1205s
   979   826 363010.529   43   54 593950.024 363010.529  38.9%   672 1229s
   980   827 363010.576   42   69 593950.024 363010.529  38.9%   673 1230s
   985   830 363010.529   44   26 593950.024 363010.529  38.9%   673 1236s
   989   833 363010.529   45   54 593950.024 363010.529  38.9%   676 1240s
   994   836 363039.582   45   41 593950.024 363010.529  38.9%   680 1245s
  1000   840 363010.529   46   86 593950.024 363010.529  38.9%   677 1251s
  1004   843 363010.529   47   42 593950.024 363010.529  38.9%   675 1255s
  1010   847 363010.529   49   47 593950.024 363010.529  38.9%   675 1260s
  1013   849 363010.529   48   87 593950.024 363010.529  38.9%   673 1269s
  1014   849 363010.576   50   71 593950.024 363010.529  38.9%   673 1270s
  1020   853 363010.547   51   48 593950.024 363010.529  38.9%   673 1275s
  1025   857 363010.529   52   60 593950.024 363010.529  38.9%   671 1280s
  1031   861 363010.529   53   55 593950.024 363010.529  38.9%   669 1285s
  1037   865 363010.529   54   28 593950.024 363010.529  38.9%   673 1291s
  1040   867 363010.529   53   69 593950.024 363010.529  38.9%   671 1301s
  1043   869 363010.529   55   36 593950.024 363010.529  38.9%   671 1305s
  1048   872 363010.529   54   25 593950.024 363010.529  38.9%   679 1311s
  1052   875 363010.529   56   50 593950.024 363010.529  38.9%   678 1315s
  1056   877 363010.547   54   46 593950.024 363010.529  38.9%   683 1320s
  1063   882 363010.529   59   48 593950.024 363010.529  38.9%   679 1325s
  1068   885 363010.529   55   49 593950.024 363010.529  38.9%   680 1330s
  1073   889 363010.529   54   57 593950.024 363010.529  38.9%   678 1336s
  1077   891 363010.529   48   42 593950.024 363010.529  38.9%   680 1340s
  1082   895 363010.547   53   58 593950.024 363010.529  38.9%   680 1345s
  1087   898 363010.529   46   52 593950.024 363010.529  38.9%   678 1350s
  1092   901 363010.529   43   73 593950.024 363010.529  38.9%   679 1355s
  1096   904 363010.529   44   22 593950.024 363010.529  38.9%   685 1360s
  1101   907 363010.529   43   64 593950.024 363010.529  38.9%   682 1365s
  1105   910 363010.529   45   29 593950.024 363010.529  38.9%   686 1375s
  1107   911 363010.529   46   51 593950.024 363010.529  38.9%   685 1388s
  1108   912 363010.529   47   92 593950.024 363010.529  38.9%   685 1390s
  1113   915 363010.529   40   68 593950.024 363010.529  38.9%   682 1395s
  1118   919 363010.529   43   90 593950.024 363010.529  38.9%   680 1400s
  1123   922 363010.576   41   69 593950.024 363010.529  38.9%   678 1405s
  1129   926 363010.556   39   53 593950.024 363010.529  38.9%   677 1411s
  1134   929 363010.529   39   56 593950.024 363010.529  38.9%   674 1415s
  1140   933 363039.535   38   65 593950.024 363010.529  38.9%   677 1420s
  1141   934 363010.529   42   61 593950.024 363010.529  38.9%   677 1428s
  1144   936 363010.529   46   58 593950.024 363010.529  38.9%   676 1430s
  1149   939 363010.529   40   54 593950.024 363010.529  38.9%   676 1435s
  1155   943 363010.529   41   89 593950.024 363010.529  38.9%   673 1440s
  1159   946 363010.554   40   88 593950.024 363010.529  38.9%   672 1452s
  1161   947 363010.529   38   51 593950.024 363010.529  38.9%   672 1455s
  1168   952 363010.529   30   72 593950.024 363010.529  38.9%   669 1460s
  1174   956 363010.529   33   92 593950.024 363010.529  38.9%   669 1465s
  1180   960 363010.529   36   24 593950.024 363010.529  38.9%   670 1470s
  1185   963 363010.529   40   90 593950.024 363010.529  38.9%   669 1476s
  1191   967 363010.576   36   58 593950.024 363010.529  38.9%   668 1480s
  1197   971 363010.529   39   41 593950.024 363010.529  38.9%   665 1485s
  1203   975 363010.529   42   48 593950.024 363010.529  38.9%   663 1490s
  1209   979 363010.529   28   89 593950.024 363010.529  38.9%   662 1495s
  1211   981 363010.529   29   68 593950.024 363010.529  38.9%   662 1509s
  1212   981 363010.529   39   82 593950.024 363010.529  38.9%   662 1510s
  1213   982 363010.529   30  121 593950.024 363010.529  38.9%   662 1516s
  1218   985 363010.529   42   59 593950.024 363010.529  38.9%   660 1520s
  1222   988 363010.529   44   23 593950.024 363010.529  38.9%   662 1525s
  1228   992 363010.529   47   48 593950.024 363010.529  38.9%   660 1530s
  1233   995 363010.576   28   79 593950.024 363010.529  38.9%   659 1535s
  1240  1000 363010.529   29  109 593950.024 363010.529  38.9%   659 1540s
  1242  1001 363010.529   34   37 593950.024 363010.529  38.9%   660 1548s
  1244  1003 363010.529   30   84 593950.024 363010.529  38.9%   660 1550s
  1249  1006 363010.529   31   90 593950.024 363010.529  38.9%   658 1555s
  1253  1009 363010.562   34   73 593950.024 363010.529  38.9%   662 1560s
  1258  1012 363010.576   32  114 593950.024 363010.529  38.9%   666 1565s
  1263  1015 363010.557   35   59 593950.024 363010.529  38.9%   665 1572s
  1266  1017 363010.576   33  100 593950.024 363010.529  38.9%   666 1576s
  1267  1018 363010.529   33   87 593950.024 363010.529  38.9%   665 1583s
  1269  1019 363010.576   36   52 593950.024 363010.529  38.9%   664 1585s
  1274  1023 363010.529   34   22 593950.024 363010.529  38.9%   667 1591s
  1279  1026 363010.576   36   70 593950.024 363010.529  38.9%   666 1595s
  1284  1029 363010.529   36   69 593950.024 363010.529  38.9%   667 1600s
  1289  1033 363010.529   37   68 593950.024 363010.529  38.9%   666 1605s
  1295  1037 363010.529   38   64 593950.024 363010.529  38.9%   663 1610s
  1300  1040 363010.529   39   72 593950.024 363010.529  38.9%   662 1615s
  1305  1043 363010.529   40   90 593950.024 363010.529  38.9%   660 1620s
  1309  1046 363010.529   41   89 593950.024 363010.529  38.9%   659 1625s
  1314  1049 363010.529   42   87 593950.024 363010.529  38.9%   658 1630s
  1315  1050 363010.529   42   90 593950.024 363010.529  38.9%   658 1663s
  1316  1051 363010.529   43   62 593950.024 363010.529  38.9%   657 1665s
  1321  1054 363010.529   43   89 593950.024 363010.529  38.9%   655 1674s
  1322  1055 363010.529   43   83 593950.024 363010.529  38.9%   655 1675s
  1326  1057 363010.529   44   31 593950.024 363010.529  38.9%   660 1680s
  1330  1060 363010.576   44   94 593950.024 363010.529  38.9%   665 1686s
  1335  1063 363010.529   45   81 593950.024 363010.529  38.9%   663 1690s
  1341  1067 363010.529   46   65 593950.024 363010.529  38.9%   661 1695s
  1343  1069 363010.529   46   63 593950.024 363010.529  38.9%   661 1704s
  1344  1069 363010.529   46   42 593950.024 363010.529  38.9%   660 1705s
  1349  1073 363010.529   47   58 593950.024 363010.529  38.9%   660 1711s
  1353  1075 363010.576   48   59 593950.024 363010.529  38.9%   658 1715s
  1358  1079 363010.529   48   82 593950.024 363010.529  38.9%   659 1720s
  1364  1083 363010.529   49   65 593950.024 363010.529  38.9%   660 1725s
  1367  1085 363010.576   49   65 593950.024 363010.529  38.9%   660 1734s
  1368  1085 363010.529   49   56 593950.024 363010.529  38.9%   659 1735s
  1373  1089 363010.529   50   48 593950.024 363010.529  38.9%   658 1740s
  1375  1090 363010.554   51   80 593950.024 363010.529  38.9%   659 1750s
  1380  1093 363010.529   52   92 593950.024 363010.529  38.9%   657 1756s
  1384  1096 363010.529   52   48 593950.024 363010.529  38.9%   656 1760s
  1389  1099 363010.529   53   85 593950.024 363010.529  38.9%   656 1765s
  1393  1102 363010.529   53   63 593950.024 363010.529  38.9%   655 1770s
  1397  1105 363010.529   53   33 593950.024 363010.529  38.9%   656 1775s
  1400  1107 363010.556   54   80 593950.024 363010.529  38.9%   658 1780s
  1405  1110 363010.556   55   59 593950.024 363010.529  38.9%   658 1786s
  1409  1113 363010.576   56   60 593950.024 363010.529  38.9%   659 1791s
  1412  1115 363010.576   56   64 593950.024 363010.529  38.9%   661 1795s
  1417  1118 363010.529   57   74 593950.024 363010.529  38.9%   659 1800s
  1419  1119 363010.529   57   61 593950.024 363010.529  38.9%   659 1805s
  1424  1123 363010.529   56   46 593950.024 363010.529  38.9%   659 1810s
  1429  1126 363010.529   58   45 593950.024 363010.529  38.9%   657 1822s
  1431  1127 363010.576   58   60 593950.024 363010.529  38.9%   657 1825s
  1435  1130 363010.576   57   71 593950.024 363010.529  38.9%   658 1830s
  1439  1133 363010.529   61   68 593950.024 363010.529  38.9%   657 1836s
  1443  1135 363010.529   62   68 593950.024 363010.529  38.9%   656 1841s
  1444  1136 363010.529   62   61 593950.024 363010.529  38.9%   656 1846s
  1448  1139 363010.529   63   77 593950.024 363010.529  38.9%   655 1851s
  1452  1141 363010.529   60   72 593950.024 363010.529  38.9%   655 1855s
  1456  1144 363010.529   64   45 593950.024 363010.529  38.9%   659 1861s
  1460  1147 363011.829   65   51 593950.024 363010.529  38.9%   664 1865s
  1464  1149 363010.529   62   70 593950.024 363010.529  38.9%   665 1870s
  1469  1153 363010.576   66   64 593950.024 363010.529  38.9%   667 1876s
  1472  1155 363010.529   67   42 593950.024 363010.529  38.9%   666 1880s
  1477  1158 363010.529   67   53 593950.024 363010.529  38.9%   666 1885s
  1481  1161 363010.529   68   58 593950.024 363010.529  38.9%   669 1890s
  1483  1162 363010.529   68   62 593950.024 363010.529  38.9%   668 1900s
  1487  1165 363010.576   65   81 593950.024 363010.529  38.9%   668 1905s
  1491  1167 363010.576   69   49 593950.024 363010.529  38.9%   668 1910s
  1495  1170 363010.529   66   48 593950.024 363010.529  38.9%   667 1915s
  1499  1173 363010.529   67   84 593950.024 363010.529  38.9%   672 1920s
  1503  1175 363010.576   68   68 593950.024 363010.529  38.9%   674 1925s
  1509  1179 363010.529   69   75 593950.024 363010.529  38.9%   673 1930s
  1512  1181 363010.529   69  102 593950.024 363010.529  38.9%   674 1935s
  1518  1185 363010.529   70   73 593950.024 363010.529  38.9%   672 1941s
  1522  1188 363010.529   70  102 593950.024 363010.529  38.9%   672 1945s
  1523  1189 363010.529   70   84 593950.024 363010.529  38.9%   672 1965s
  1528  1192 363010.576   71   65 593950.024 363010.529  38.9%   671 1970s
  1534  1196 363010.529   72   93 593950.024 363010.529  38.9%   670 1975s
  1537  1198 363010.576   71   82 593950.024 363010.529  38.9%   671 1986s
  1541  1201 363010.529   73   87 593950.024 363010.529  38.9%   671 1990s
  1545  1203 363010.529   75   29 593950.024 363010.529  38.9%   672 2001s
  1549  1206 363010.529   74   25 593950.024 363010.529  38.9%   675 2006s
  1553  1209 363010.529   76   42 593950.024 363010.529  38.9%   674 2010s
  1558  1212 363010.576   74   65 593950.024 363010.529  38.9%   676 2015s
  1563  1215 363010.529   77   51 593950.024 363010.529  38.9%   676 2020s
  1569  1219 363010.529   76   42 593950.024 363010.529  38.9%   675 2025s
  1574  1223 363010.529   76   66 593950.024 363010.529  38.9%   675 2030s
  1575  1223 363010.529   75   34 593950.024 363010.529  38.9%   674 2057s
  1578  1225 363010.576   75   43 593950.024 363010.529  38.9%   674 2060s
  1582  1228 363010.529   74   77 593950.024 363010.529  38.9%   678 2065s
  1587  1231 363190.657   74   66 593950.024 363010.529  38.9%   680 2070s
  1591  1234 363010.529   72   94 593950.024 363010.529  38.9%   680 2082s
  1594  1236 363010.529   74   40 593950.024 363010.529  38.9%   680 2085s
  1598  1239 363010.529   76   39 593950.024 363010.529  38.9%   679 2090s
  1603  1242 363010.529   75   44 593950.024 363010.529  38.9%   680 2095s
  1607  1245 363010.576   69   60 593950.024 363010.529  38.9%   680 2101s
  1610  1247 363010.529   71   76 593950.024 363010.529  38.9%   680 2105s
  1614  1249 363010.576   73   91 593950.024 363010.529  38.9%   679 2110s
  1617  1251 363010.576   68   74 593950.024 363010.529  38.9%   679 2115s
  1621  1254 363010.529   65   69 593950.024 363010.529  38.9%   681 2121s
  1624  1256 363108.952   66   69 593950.024 363010.529  38.9%   683 2125s
  1628  1259 363010.529   67   92 593950.024 363010.529  38.9%   685 2130s
  1633  1262 363010.576   61   77 593950.024 363010.529  38.9%   686 2135s
  1637  1265 363010.576   59   93 593950.024 363010.529  38.9%   688 2140s
  1642  1268 363010.529   58  109 593950.024 363010.529  38.9%   690 2145s
  1645  1270 363010.576   56   65 593950.024 363010.529  38.9%   691 2153s
  1646  1271 363010.529   58   98 593950.024 363010.529  38.9%   692 2161s
  1650  1273 363010.529   58   95 593950.024 363010.529  38.9%   694 2165s
  1654  1276 363010.554   60   51 593950.024 363010.529  38.9%   695 2170s
  1658  1279 363010.529   54   24 593950.024 363010.529  38.9%   702 2175s
  1663  1282 363010.546   52   52 593950.024 363010.529  38.9%   706 2180s
  1668  1285 363010.529   59   60 593950.024 363010.529  38.9%   707 2185s
  1672  1288 363010.529   61   61 593950.024 363010.529  38.9%   707 2204s
  1673  1289 363010.576   53  106 593950.024 363010.529  38.9%   708 2206s
  1677  1291 363010.529   50   70 593950.024 363010.529  38.9%   709 2210s
  1683  1295 363010.529   51   67 593950.024 363010.529  38.9%   711 2215s
  1689  1299 363010.576   47   91 593950.024 363010.529  38.9%   715 2221s
  1694  1303 363010.576   51   69 593950.024 363010.529  38.9%   718 2225s
  1699  1306 363010.529   49  115 593950.024 363010.529  38.9%   719 2237s
  1705  1310 363010.529   52  111 593950.024 363010.529  38.9%   718 2240s
  1710  1313 363010.529   44   42 593950.024 363010.529  38.9%   726 2246s
  1714  1316 363010.576   46   36 593950.024 363010.529  38.9%   725 2250s
  1720  1320 363010.529   41   98 593950.024 363010.529  38.9%   727 2255s
  1726  1324 363010.529   44   23 593950.024 363010.529  38.9%   728 2260s
  1734  1329 363010.529   47   62 593950.024 363010.529  38.9%   727 2265s
  1743  1335 363010.576   38   99 593950.024 363010.529  38.9%   726 2270s
  1747  1338 363010.529   37   96 593950.024 363010.529  38.9%   726 2280s
  1753  1342 363010.529   40   96 593950.024 363010.529  38.9%   725 2291s
  1758  1345 363010.529   40   89 593950.024 363010.529  38.9%   724 2295s
  1764  1349 363010.576   37   62 593950.024 363010.529  38.9%   726 2300s
  1770  1353 363010.529   39   51 593950.024 363010.529  38.9%   726 2305s
  1774  1356 363010.529   41   89 593950.024 363010.529  38.9%   727 2313s
  1776  1357 363010.529   42   88 593950.024 363010.529  38.9%   726 2315s
  1783  1362 363010.529   35   65 593950.024 363010.529  38.9%   725 2320s
  1790  1367 363010.529   26   95 593950.024 363010.529  38.9%   725 2325s
  1795  1370 363010.551   32  101 593950.024 363010.529  38.9%   725 2330s
  1800  1373 363010.529   31  103 593950.024 363010.529  38.9%   725 2335s
  1806  1377 363010.549   47   53 593950.024 363010.529  38.9%   724 2340s
  1807  1378 363010.529   51   73 593950.024 363010.529  38.9%   724 2350s
  1812  1381 363010.576   41   75 593950.024 363010.529  38.9%   724 2356s
  1816  1384 363010.529   47   60 593950.024 363010.529  38.9%   725 2360s
  1822  1388 363010.529   50   44 593950.024 363010.529  38.9%   723 2365s
  1826  1391 363010.576   26   83 593950.024 363010.529  38.9%   723 2381s
  1830  1393 363010.529   34   33 593950.024 363010.529  38.9%   726 2386s
  1835  1397 363010.529   44   26 593950.024 363010.529  38.9%   728 2390s
  1842  1401 363010.529   40   84 593950.024 363010.529  38.9%   727 2395s
  1848  1405 363010.576   34  112 593950.024 363010.529  38.9%   728 2406s
  1853  1409 363010.529   31  117 593950.024 363010.529  38.9%   728 2410s
  1860  1413 363010.529   47   52 593950.024 363010.529  38.9%   727 2415s
  1861  1414 363010.529   33   71 593950.024 363010.529  38.9%   726 2421s
  1864  1416 363010.546   49   62 593950.024 363010.529  38.9%   727 2425s
  1869  1419 363010.529   30   85 593950.024 363010.529  38.9%   728 2431s
  1873  1422 363010.529   29   60 593950.024 363010.529  38.9%   728 2435s
  1877  1425 363010.549   31   79 593950.024 363010.529  38.9%   730 2440s
  1882  1428 363010.529   34   27 593950.024 363010.529  38.9%   731 2445s
  1887  1431 363010.546   29   71 593950.024 363010.529  38.9%   731 2450s
  1893  1435 363010.529   23  140 593950.024 363010.529  38.9%   729 2455s
  1900  1440 363010.529   24   26 593950.024 363010.529  38.9%   729 2460s
  1907  1445 363010.529   37   56 593950.024 363010.529  38.9%   727 2465s
  1913  1449 363010.529   31   97 593950.024 363010.529  38.9%   726 2470s
  1915  1450 363010.529   26  106 593950.024 363010.529  38.9%   726 2478s
  1919  1453 363010.529   32   73 593950.024 363010.529  38.9%   725 2480s
  1925  1457 363010.529   42   85 593950.024 363010.529  38.9%   723 2485s
  1931  1461 365315.110   35   81 593950.024 363010.529  38.9%   728 2490s
  1935  1463 363010.576   34   82 593950.024 363010.529  38.9%   727 2495s
  1939  1466 363010.576   36   57 593950.024 363010.529  38.9%   730 2500s
  1944  1469 363010.529   44   27 593950.024 363010.529  38.9%   732 2505s
  1949  1473 363039.535   36   77 593950.024 363010.529  38.9%   733 2511s
  1953  1475 363010.576   45   93 593950.024 363010.529  38.9%   733 2525s
  1961  1481 363010.529   46   72 593950.024 363010.529  38.9%   731 2530s
  1969  1486 363010.529   47   66 593950.024 363010.529  38.9%   730 2540s
  1977  1491 363010.529   40   53 593950.024 363010.529  38.9%   728 2545s
  1985  1497 363010.529   41   28 593950.024 363010.529  38.9%   728 2550s
  1991  1501 363010.529   42   68 593950.024 363010.529  38.9%   727 2555s
  1998  1505 363186.940   43   68 593950.024 363010.529  38.9%   727 2560s
  2004  1509 363010.529   43   61 593950.024 363010.529  38.9%   726 2565s
  2010  1513 363010.529   44   23 593950.024 363010.529  38.9%   728 2571s
  2015  1517 363010.529   44   78 593950.024 363010.529  38.9%   728 2575s
  2022  1521 363010.529   47   57 593950.024 363010.529  38.9%   728 2580s
  2023  1522 363010.529   45   58 593950.024 363010.529  38.9%   728 2593s
  2025  1523 363010.529   45   67 593950.024 363010.529  38.9%   728 2595s
  2031  1527 363010.529   46   56 593950.024 363010.529  38.9%   726 2600s
  2037  1531 363010.529   49   59 593950.024 363010.529  38.9%   728 2605s
  2043  1535 363010.529   50   48 593950.024 363010.529  38.9%   727 2610s
  2049  1539 363010.529   51   55 593950.024 363010.529  38.9%   726 2615s
  2050  1540 363010.529   51   44 593950.024 363010.529  38.9%   726 2624s
  2051  1541 363010.529   48   84 593950.024 363010.529  38.9%   726 2629s
  2052  1541 363010.529   48   86 593950.024 363010.529  38.9%   725 2630s
  2057  1545 363010.576   49   41 593950.024 363010.529  38.9%   726 2635s
  2063  1549 363010.576   50   67 593950.024 363010.529  38.9%   725 2640s
  2068  1552 363010.536   51   62 593950.024 363010.529  38.9%   725 2646s
  2072  1555 363010.529   51   67 593950.024 363010.529  38.9%   725 2650s
  2077  1558 363010.529   50   79 593950.024 363010.529  38.9%   725 2664s
  2078  1559 363010.529   53   81 593950.024 363010.529  38.9%   724 2665s
  2083  1562 363010.529   54   30 593950.024 363010.529  38.9%   725 2671s
  2087  1565 363010.529   52   85 593950.024 363010.529  38.9%   726 2675s
  2092  1568 363010.529   55   53 593950.024 363010.529  38.9%   726 2680s
  2097  1571 363010.529   53   54 593950.024 363010.529  38.9%   726 2685s
  2102  1575 363010.576   57   57 593950.024 363010.529  38.9%   726 2690s
  2106  1577 363010.529   54   59 593950.024 363010.529  38.9%   726 2695s
  2113  1582 363010.529   58   45 593950.024 363010.529  38.9%   725 2700s
  2116  1584 363010.531   55   63 593950.024 363010.529  38.9%   725 2711s
  2120  1587 363010.576   59   56 593950.024 363010.529  38.9%   724 2715s
  2125  1592 363010.529   58   73 593950.024 363010.529  38.9%   723 2720s
  2130  1597 363010.576   60   72 593950.024 363010.529  38.9%   724 2725s
  2131  1598 363010.531   57   63 593950.024 363010.529  38.9%   723 2734s
  2133  1600 363010.529   59   66 593950.024 363010.529  38.9%   723 2735s
  2138  1605 363010.576   60   52 593950.024 363010.529  38.9%   723 2740s
  2143  1610 363010.531   59   54 593950.024 363010.529  38.9%   727 2745s
  2148  1615 363010.533   58   50 593950.024 363010.529  38.9%   728 2751s
  2151  1618 363010.529   57   44 593950.024 363010.529  38.9%   729 2761s
  2156  1623 363010.533   58   54 593950.024 363010.529  38.9%   729 2766s
  2161  1628 363010.536   54   80 593950.024 363010.529  38.9%   730 2771s
  2167  1633 363010.529   59   41 593950.024 363010.529  38.9%   731 2775s
  2174  1640 363010.529   60   37 593950.024 363010.529  38.9%   731 2780s
  2178  1644 363010.529   61   54 593950.024 363010.529  38.9%   733 2786s
  2182  1648 363010.529   61   44 593950.024 363010.529  38.9%   733 2790s
  2185  1651 363010.529   61   48 593950.024 363010.529  38.9%   735 2804s
  2186  1652 363010.576   62   54 593950.024 363010.529  38.9%   736 2805s
  2192  1658 363010.533   60   45 593950.024 363010.529  38.9%   737 2810s
  2196  1662 363010.576   63   74 593950.024 363010.529  38.9%   739 2815s
  2200  1666 363010.576   63   54 593950.024 363010.529  38.9%   742 2820s
  2205  1671 363010.529   57   61 593950.024 363010.529  38.9%   745 2825s
  2211  1677 366079.625   55   93 593950.024 363010.529  38.9%   750 2830s
  2218  1684 363010.576   59   45 593950.024 363010.529  38.9%   750 2836s
  2224  1690 363010.529   57   50 593950.024 363010.529  38.9%   750 2840s
  2230  1696 363010.576   57   61 593950.024 363010.529  38.9%   749 2853s
  2233  1699 365290.166   58   96 593950.024 363010.529  38.9%   749 2855s
  2239  1705 363010.529   58   59 593950.024 363010.529  38.9%   750 2868s
  2241  1707 363010.529   59   50 593950.024 363010.529  38.9%   750 2870s
  2247  1713 363010.529   59   57 593950.024 363010.529  38.9%   753 2875s
  2252  1718 363010.576   60   51 593950.024 363010.529  38.9%   756 2886s
  2257  1723 363010.529   60   60 593950.024 363010.529  38.9%   756 2890s
  2263  1729 363010.531   61   52 593950.024 363010.529  38.9%   755 2895s
  2269  1735 363010.529   62   43 593950.024 363010.529  38.9%   755 2900s
  2275  1741 363010.529   63   53 593950.024 363010.529  38.9%   756 2905s
  2281  1747 364301.108   64   73 593950.024 363010.529  38.9%   758 2910s
  2282  1748 363010.529   62   59 593950.024 363010.529  38.9%   758 2920s
  2289  1755 363010.529   63   43 593950.024 363010.529  38.9%   761 2925s
  2293  1759 363010.529   62   67 593950.024 363010.529  38.9%   761 2935s
  2299  1765 363010.529   66   49 593950.024 363010.529  38.9%   762 2940s
  2310  1776 363010.529   67   47 593950.024 363010.529  38.9%   760 2945s
  2317  1783 363010.529   68   49 593950.024 363010.529  38.9%   760 2950s
  2322  1788 363010.529   68   56 593950.024 363010.529  38.9%   762 2955s
  2330  1796 363010.576   71   51 593950.024 363010.529  38.9%   761 2960s
  2337  1803 363010.529   70   69 593950.024 363010.529  38.9%   762 2965s
  2343  1809 363010.529   74   44 593950.024 363010.529  38.9%   763 2970s
  2345  1811 363010.529   72   65 593950.024 363010.529  38.9%   765 2990s
  2350  1816 363010.576   73   47 593950.024 363010.529  38.9%   766 2995s
  2353  1819 363010.529   76   59 593950.024 363010.529  38.9%   765 3003s
  2356  1822 363010.529   76   53 593950.024 363010.529  38.9%   766 3005s
  2360  1826 363010.529   77   40 593950.024 363010.529  38.9%   767 3010s
  2367  1833 363010.529   78   57 593950.024 363010.529  38.9%   768 3015s
  2371  1837 363010.576   76   50 593950.024 363010.529  38.9%   768 3020s
  2374  1840 363010.529   79   53 593950.024 363010.529  38.9%   769 3029s
  2375  1841 363010.529   79   54 593950.024 363010.529  38.9%   769 3030s
  2381  1847 363010.576   80   46 593950.024 363010.529  38.9%   769 3035s
  2387  1853 363010.576   81   39 593950.024 363010.529  38.9%   769 3040s
  2393  1859 366789.169   70   84 593950.024 363010.529  38.9%   771 3045s
  2400  1866 364719.636   71   81 593950.024 363010.529  38.9%   775 3050s
  2406  1872 363010.576   71   67 593950.024 363010.529  38.9%   779 3055s
  2414  1880 365374.701   70   72 593950.024 363010.529  38.9%   782 3060s
  2421  1887 365456.557   68   83 593950.024 363010.529  38.9%   784 3065s
  2428  1894 367547.111   70   59 593950.024 363010.529  38.9%   786 3076s
  2433  1899 363010.576   71   64 593950.024 363010.529  38.9%   786 3080s
  2442  1908 364316.984   67   94 593950.024 363010.529  38.9%   789 3085s
  2450  1916 363010.529   69   50 593950.024 363010.529  38.9%   791 3090s
  2454  1920 363010.576   76   66 593950.024 363010.529  38.9%   792 3095s
  2461  1927 363010.576   71   53 593950.024 363010.529  38.9%   796 3100s
  2467  1933 363010.576   72   65 593950.024 363010.529  38.9%   798 3105s
  2475  1941 363010.576   74   67 593950.024 363010.529  38.9%   799 3113s
  2477  1943 365590.085   78   68 593950.024 363010.529  38.9%   801 3115s
  2482  1948 363010.529   75   80 593950.024 363010.529  38.9%   803 3124s
  2483  1949 366126.842   79   67 593950.024 363010.529  38.9%   804 3125s
  2493  1959 363010.529   78   82 593950.024 363010.529  38.9%   803 3130s
  2501  1967 363010.531   69   60 593950.024 363010.529  38.9%   804 3150s
  2507  1973 363010.529   70   60 593950.024 363010.529  38.9%   806 3155s
  2515  1981 363010.529   71   44 593950.024 363010.529  38.9%   806 3160s
  2523  1989 364634.547   72   92 593950.024 363010.529  38.9%   807 3165s
  2531  1997 363010.576   73   45 593950.024 363010.529  38.9%   806 3170s
  2536  2002 363010.529   74   57 593950.024 363010.529  38.9%   806 3180s
  2543  2009 363010.576   75   43 593950.024 363010.529  38.9%   807 3185s
  2551  2017 363010.529   76   50 593950.024 363010.529  38.9%   809 3190s
  2555  2021 364582.527   77  106 593950.024 363010.529  38.9%   809 3200s
  2563  2029 363010.529   79   53 593950.024 363010.529  38.9%   809 3205s
  2570  2036 363010.529   79   68 593950.024 363010.529  38.9%   811 3210s
  2576  2042 364288.635   80   96 593950.024 363010.529  38.9%   815 3215s
  2585  2051 363010.529   81   50 593950.024 363010.529  38.9%   814 3220s
  2590  2056 363010.529   81   61 593950.024 363010.529  38.9%   812 3231s
  2598  2064 363010.529   81   54 593950.024 363010.529  38.9%   811 3235s
  2610  2076 363010.529   81   63 593950.024 363010.529  38.9%   811 3240s
  2618  2084 363010.529   80   73 593950.024 363010.529  38.9%   810 3245s
  2626  2092 363010.529   80   71 593950.024 363010.529  38.9%   809 3250s
  2638  2104 363010.529   77   52 593950.024 363010.529  38.9%   805 3255s
  2644  2110 363010.529   77   93 593950.024 363010.529  38.9%   807 3267s
  2646  2112 363010.529   78   74 593950.024 363010.529  38.9%   806 3270s
  2652  2118 363010.576   72   48 593950.024 363010.529  38.9%   806 3275s
  2656  2122 363010.576   64   75 593950.024 363010.529  38.9%   806 3287s
  2660  2126 363010.529   65   55 593950.024 363010.529  38.9%   806 3290s
  2668  2134 363010.576   59   76 593950.024 363010.529  38.9%   806 3295s
  2671  2137 363010.529  118   54 593950.024 363010.529  38.9%   806 3324s
  2672  2138 363010.576   59   44 593950.024 363010.529  38.9%   807 3325s
  2681  2147 363010.529  123   46 593950.024 363010.529  38.9%   807 3330s
  2687  2151 363010.529   55   77 593950.024 363010.529  38.9%   810 3335s
  2691  2155 369898.685   55   91 593950.024 363010.529  38.9%   813 3340s
  2696  2160 363010.549   49   40 593950.024 363010.529  38.9%   815 3345s
  2698  2162 363010.576   52   39 593950.024 363010.529  38.9%   817 3353s
  2701  2165 363010.529   51   51 593950.024 363010.529  38.9%   817 3355s
  2707  2171 363010.529   47   75 593950.024 363010.529  38.9%   818 3360s
  2713  2177 363010.529   48   76 593950.024 363010.529  38.9%   818 3365s
  2719  2183 363312.342   44   82 593950.024 363010.529  38.9%   819 3370s
  2726  2190 363010.529   42   83 593950.024 363010.529  38.9%   820 3375s
  2732  2196 363010.529   41   67 593950.024 363010.529  38.9%   820 3380s
  2739  2203 363010.547   52   83 593950.024 363010.529  38.9%   819 3385s
  2746  2210 363010.536   39   91 593950.024 363010.529  38.9%   819 3390s
  2752  2216 363389.473   37   84 593950.024 363010.529  38.9%   821 3402s
  2757  2221 363010.529   34   31 593950.024 363010.529  38.9%   823 3412s
  2760  2224 363010.576   43  113 593950.024 363010.529  38.9%   823 3415s
  2767  2231 363010.529   39   61 593950.024 363010.529  38.9%   822 3420s
  2775  2239 363010.554   41   80 593950.024 363010.529  38.9%   822 3425s
  2782  2246 363010.529   26   75 593950.024 363010.529  38.9%   821 3430s
  2789  2253 363010.529   41   98 593950.024 363010.529  38.9%   820 3435s
  2795  2259 363010.529   44   25 593950.024 363010.529  38.9%   820 3440s
  2802  2266 363010.576   34  104 593950.024 363010.529  38.9%   820 3445s
  2806  2270 363010.529   25  107 593950.024 363010.529  38.9%   820 3455s
  2814  2278 363010.529   30   75 593950.024 363010.529  38.9%   818 3460s
  2820  2284 363010.529   46   51 593950.024 363010.529  38.9%   819 3465s
  2826  2290 363010.529   47  104 593950.024 363010.529  38.9%   820 3470s
  2833  2297 363010.529   35   50 593950.024 363010.529  38.9%   820 3475s
  2838  2302 363010.551   43   57 593950.024 363010.529  38.9%   820 3480s
  2844  2308 363010.529   32  109 593950.024 363010.529  38.9%   819 3485s
  2851  2315 363010.529   33  105 593950.024 363010.529  38.9%   819 3490s
  2857  2321 363010.529   45   58 593950.024 363010.529  38.9%   820 3495s
  2858  2322 363010.576   42   87 593950.024 363010.529  38.9%   820 3503s
  2860  2324 363010.576   20   98 593950.024 363010.529  38.9%   820 3510s
  2865  2329 363010.529   37   75 593950.024 363010.529  38.9%   821 3515s
  2871  2335 363010.529   40   63 593950.024 363010.529  38.9%   822 3520s
  2878  2342 363010.529   47   94 593950.024 363010.529  38.9%   822 3525s
  2882  2346 363010.576   30  117 593950.024 363010.529  38.9%   823 3530s
  2888  2352 363010.547   41   44 593950.024 363010.529  38.9%   824 3535s
  2892  2356 363010.529   35   57 593950.024 363010.529  38.9%   824 3556s
  2897  2361 363010.529   53   70 593950.024 363010.529  38.9%   824 3560s
  2902  2366 363010.533   47   83 593950.024 363010.529  38.9%   825 3565s
  2907  2371 363010.529   39   62 593950.024 363010.529  38.9%   825 3570s
  2913  2377 363010.529   42   52 593950.024 363010.529  38.9%   824 3575s
  2914  2378 363183.712   32  116 593950.024 363010.529  38.9%   825 3583s
  2916  2380 363010.529   46   87 593950.024 363010.529  38.9%   825 3585s
  2923  2387 363010.529   34   27 593950.024 363010.529  38.9%   827 3591s
  2928  2392 363010.529   40   91 593950.024 363010.529  38.9%   827 3595s
  2936  2400 363010.529   44   28 593950.024 363010.529  38.9%   826 3601s
  2941  2405 363010.556   43   52 593950.024 363010.529  38.9%   827 3605s
  2947  2411 363010.529   35   64 593950.024 363010.529  38.9%   827 3610s
  2955  2419 363010.546   46   63 593950.024 363010.529  38.9%   828 3615s
  2959  2423 363010.529   27   75 593950.024 363010.529  38.9%   827 3624s
  2960  2424 363010.554   40   74 593950.024 363010.529  38.9%   828 3626s
  2967  2431 363010.529   31  104 593950.024 363010.529  38.9%   826 3630s
  2968  2432 363010.529   29   81 593950.024 363010.529  38.9%   826 3636s
  2973  2437 363010.529   16   57 593950.024 363010.529  38.9%   825 3640s
  2980  2444 363010.529   44   34 593950.024 363010.529  38.9%   826 3645s
  2989  2453 363010.529   36   63 593950.024 363010.529  38.9%   826 3650s
  2995  2459 363010.549   39   90 593950.024 363010.529  38.9%   825 3655s
  3001  2465 363010.529   42  105 593950.024 363010.529  38.9%   826 3660s
  3008  2472 363010.529   47   57 593950.024 363010.529  38.9%   825 3665s
  3016  2480 363010.529   41  104 593950.024 363010.529  38.9%   825 3670s
  3022  2486 363010.529   44   24 593950.024 363010.529  38.9%   825 3681s
  3028  2492 363010.529   47   79 593950.024 363010.529  38.9%   824 3685s
  3035  2499 363010.529   40   74 593950.024 363010.529  38.9%   824 3690s
  3041  2505 363010.529   43   79 593950.024 363010.529  38.9%   825 3695s
  3046  2510 363010.576   33   78 593950.024 363010.529  38.9%   825 3700s
  3053  2517 363010.529   35   92 593950.024 363010.529  38.9%   824 3705s
  3059  2523 363010.529   38  102 593950.024 363010.529  38.9%   824 3710s
  3060  2524 363010.529   30   95 593950.024 363010.529  38.9%   824 3718s
  3062  2526 363010.529   38  132 593950.024 363010.529  38.9%   823 3720s
  3069  2533 363010.529   32  102 593950.024 363010.529  38.9%   823 3725s
  3075  2539 363010.529   35   70 593950.024 363010.529  38.9%   824 3730s
  3076  2540 363010.529   35   50 593950.024 363010.529  38.9%   824 3737s
  3080  2544 363010.529   51  100 593950.024 363010.529  38.9%   823 3740s
  3088  2552 363010.576   26   91 593950.024 363010.529  38.9%   823 3745s
  3093  2557 363010.576   29   77 593950.024 363010.529  38.9%   824 3750s
  3100  2564 363010.529   48   61 593950.024 363010.529  38.9%   825 3755s
  3105  2569 363010.529   51   71 593950.024 363010.529  38.9%   828 3760s
  3114  2578 363010.529   52   41 593950.024 363010.529  38.9%   827 3765s
  3125  2589 363010.529   37   81 593950.024 363010.529  38.9%   825 3770s
  3126  2590 363010.529   37   65 593950.024 363010.529  38.9%   825 3793s
  3129  2593 363010.529   38   84 593950.024 363010.529  38.9%   825 3795s
  3130  2594 363010.529   37   69 593950.024 363010.529  38.9%   824 3803s
  3133  2597 363010.529   37   64 593950.024 363010.529  38.9%   824 3805s
  3139  2603 363010.535   38  114 593950.024 363010.529  38.9%   824 3810s
  3148  2612 363010.576   40   67 593950.024 363010.529  38.9%   823 3815s
  3157  2621 363010.529   41   61 593950.024 363010.529  38.9%   821 3820s
  3161  2625 363010.529   41   62 593950.024 363010.529  38.9%   820 3827s
  3165  2629 363010.529   42   71 593950.024 363010.529  38.9%   821 3830s
  3175  2639 363010.547   58   53 593950.024 363010.529  38.9%   820 3835s
  3182  2646 363010.529   42  106 593950.024 363010.529  38.9%   821 3840s
  3184  2648 363010.529   43   83 593950.024 363010.529  38.9%   821 3851s
  3189  2653 363010.529   45   33 593950.024 363010.529  38.9%   822 3855s
  3195  2659 363010.529   44   23 593950.024 363010.529  38.9%   825 3860s
  3202  2666 363039.535   45   66 593950.024 363010.529  38.9%   826 3865s
  3210  2674 363010.529   46   71 593950.024 363010.529  38.9%   827 3870s
  3220  2684 363010.529   47   65 593950.024 363010.529  38.9%   826 3875s
  3230  2694 363010.529   49   61 593950.024 363010.529  38.9%   825 3880s
  3238  2702 363010.529   50   41 593950.024 363010.529  38.9%   824 3895s
  3248  2712 363010.529   51   72 593950.024 363010.529  38.9%   822 3900s
  3257  2721 363010.529   52   63 593950.024 363010.529  38.9%   822 3905s
  3262  2726 363010.529   53   62 593950.024 363010.529  38.9%   821 3913s
  3265  2729 363010.529   53   89 593950.024 363010.529  38.9%   821 3915s
  3271  2735 363010.576   54   53 593950.024 363010.529  38.9%   824 3920s
  3277  2741 363010.529   54   59 593950.024 363010.529  38.9%   826 3925s
  3286  2750 363010.576   55   55 593950.024 363010.529  38.9%   827 3930s
  3292  2756 363010.529   56   48 593950.024 363010.529  38.9%   828 3944s
  3293  2757 363010.529   56   70 593950.024 363010.529  38.9%   828 3945s
  3301  2765 363010.529   57   69 593950.024 363010.529  38.9%   826 3950s
  3310  2774 363010.529   58   69 593950.024 363010.529  38.9%   826 3955s
  3320  2784 363010.529   59   69 593950.024 363010.529  38.9%   825 3960s
  3327  2791 363010.529   60   75 593950.024 363010.529  38.9%   824 3965s
  3335  2799 363010.529   60   81 593950.024 363010.529  38.9%   823 3970s
  3342  2806 363010.552   62   86 593950.024 363010.529  38.9%   824 3975s
  3346  2810 363010.558   62   45 593950.024 363010.529  38.9%   824 3983s
  3348  2812 363010.576   62   65 593950.024 363010.529  38.9%   824 3998s
  3352  2816 363010.529   63   60 593950.024 363010.529  38.9%   824 4000s
  3358  2822 363010.529   63   52 593950.024 363010.529  38.9%   825 4005s
  3363  2827 363010.529   64   28 593950.024 363010.529  38.9%   826 4014s
  3365  2829 363010.529   64   62 593950.024 363010.529  38.9%   826 4015s
  3372  2836 363010.576   65   86 593950.024 363010.529  38.9%   827 4020s
  3380  2844 363010.529   66   61 593950.024 363010.529  38.9%   826 4025s
  3387  2851 363010.529   68   82 593950.024 363010.529  38.9%   826 4030s
  3395  2859 363010.529   69   59 593950.024 363010.529  38.9%   827 4035s
  3400  2864 363010.529   68   66 593950.024 363010.529  38.9%   826 4044s
  3401  2865 363010.529   69   70 593950.024 363010.529  38.9%   826 4045s
  3410  2874 363010.576   70   68 593950.024 363010.529  38.9%   826 4050s
  3417  2881 363010.529   70   49 593950.024 363010.529  38.9%   825 4055s
  3423  2887 363010.576   71   64 593950.024 363010.529  38.9%   826 4060s
  3430  2894 363010.529   71   60 593950.024 363010.529  38.9%   826 4065s
  3438  2902 363010.529   72   63 593950.024 363010.529  38.9%   827 4070s
  3448  2912 363010.529   73   62 593950.024 363010.529  38.9%   826 4075s
  3454  2918 363010.529   73   60 593950.024 363010.529  38.9%   827 4087s
  3457  2921 363010.529   75   56 593950.024 363010.529  38.9%   828 4103s
  3461  2925 363010.529   78   70 593950.024 363010.529  38.9%   828 4105s
  3464  2928 363010.529   75   54 593950.024 363010.529  38.9%   828 4114s
  3465  2929 363010.529   75   57 593950.024 363010.529  38.9%   828 4115s
  3475  2939 363010.529   76   78 593950.024 363010.529  38.9%   829 4120s
  3485  2949 363010.529   78   64 593950.024 363010.529  38.9%   827 4125s
  3492  2956 363010.529   82   51 593950.024 363010.529  38.9%   827 4130s
  3502  2966 363010.529   79   38 593950.024 363010.529  38.9%   826 4135s
  3508  2972 363010.529   80   36 593950.024 363010.529  38.9%   826 4148s
  3510  2974 363010.529   80   76 593950.024 363010.529  38.9%   826 4150s
  3518  2982 363048.881   82   63 593950.024 363010.529  38.9%   825 4155s
  3525  2989 363010.576   82   54 593950.024 363010.529  38.9%   827 4161s
  3533  2997 363010.529   84   50 593950.024 363010.529  38.9%   826 4165s
  3542  3006 363010.529   86   40 593950.024 363010.529  38.9%   824 4170s
  3549  3013 366616.578   89   53 593950.024 363010.529  38.9%   824 4175s
  3557  3021 363010.529   86   36 593950.024 363010.529  38.9%   825 4180s
  3562  3026 363010.529   90   48 593950.024 363010.529  38.9%   825 4190s
  3565  3029 363010.529   87   56 593950.024 363010.529  38.9%   825 4198s
  3567  3031 363010.529   87   48 593950.024 363010.529  38.9%   825 4200s
  3573  3037 363010.529   92   36 593950.024 363010.529  38.9%   825 4205s
  3581  3045 363010.529   91   64 593950.024 363010.529  38.9%   825 4210s
  3587  3051 363107.073   89   63 593950.024 363010.529  38.9%   826 4215s
  3589  3053 363010.529   92   37 593950.024 363010.529  38.9%   826 4249s
  3590  3054 363010.576   92   60 593950.024 363010.529  38.9%   826 4250s
  3599  3063 363010.529   93   35 593950.024 363010.529  38.9%   825 4255s
  3606  3070 363010.529   95   58 593950.024 363010.529  38.9%   825 4260s
  3613  3077 363010.529   97   35 593950.024 363010.529  38.9%   826 4265s
  3616  3080 363010.529   98   40 593950.024 363010.529  38.9%   825 4272s
  3619  3083 363010.529   99   60 593950.024 363010.529  38.9%   825 4275s
  3624  3088 363010.529   99   37 593950.024 363010.529  38.9%   826 4280s
  3631  3095 371370.477  100   56 593950.024 363010.529  38.9%   826 4285s
  3638  3102 363010.529  101   60 593950.024 363010.529  38.9%   826 4290s
  3645  3109 363010.529  101   81 593950.024 363010.529  38.9%   826 4295s
  3654  3118 363010.529  102   58 593950.024 363010.529  38.9%   825 4300s
  3660  3124 363010.529  104   31 593950.024 363010.529  38.9%   827 4306s
  3662  3126 363010.529  104   35 593950.024 363010.529  38.9%   831 4310s
  3666  3130 363010.529  104   32 593950.024 363010.529  38.9%   833 4322s
  3668  3132 367129.069  105   90 593950.024 363010.529  38.9%   836 4325s
  3670  3134 363010.529  105   45 593950.024 363010.529  38.9%   836 4336s
  3676  3140 371247.449  105   87 593950.024 363010.529  38.9%   837 4340s
  3683  3145 373021.729  106   71 593950.024 363010.529  38.9%   841 4345s
  3691  3151 369120.993  106   93 593950.024 363010.529  38.9%   845 4350s
  3699  3159 363010.529  107   44 593950.024 363010.529  38.9%   847 4355s
  3707  3167 363871.598  108   73 593950.024 363010.529  38.9%   847 4360s
  3714  3174 363010.529  109   47 593950.024 363010.529  38.9%   847 4365s
  3721  3181 367782.742  110   62 593950.024 363010.529  38.9%   849 4370s
  3724  3184 363010.529  110   60 593950.024 363010.529  38.9%   850 4380s
  3729  3189 363761.500  107   76 593950.024 363010.529  38.9%   851 4386s
  3734  3194 363010.529  112   64 593950.024 363010.529  38.9%   851 4390s
  3738  3198 363838.806  112  130 593950.024 363010.529  38.9%   852 4395s
  3742  3202 363010.529  112   35 593950.024 363010.529  38.9%   853 4400s
  3749  3209 363010.529  113   68 593950.024 363010.529  38.9%   853 4405s
  3753  3213 363010.529  114   29 593950.024 363010.529  38.9%   857 4410s
  3757  3217 363010.529  114   52 593950.024 363010.529  38.9%   859 4415s
  3764  3224 367437.325  115   73 593950.024 363010.529  38.9%   862 4420s
  3767  3227 363010.529  115   78 593950.024 363010.529  38.9%   862 4428s
  3769  3229 371544.017  115  114 593950.024 363010.529  38.9%   865 4430s
  3775  3235 363010.529  116   55 593950.024 363010.529  38.9%   865 4435s
  3778  3238 363010.529  116   34 593950.024 363010.529  38.9%   865 4443s
  3779  3239 367604.409  117   95 593950.024 363010.529  38.9%   867 4445s
  3787  3247 363010.529  117   57 593950.024 363010.529  38.9%   865 4450s
  3795  3255 363010.529  118   72 593950.024 363010.529  38.9%   864 4455s
  3804  3264 363010.529  119   48 593950.024 363010.529  38.9%   862 4460s
  3805  3265 367576.036  120   86 593950.024 363010.529  38.9%   863 4467s
  3810  3270 363010.529  120   61 593950.024 363010.529  38.9%   862 4470s
  3821  3281 363010.529  122   75 593950.024 363010.529  38.9%   860 4475s
  3830  3290 363010.529  123   75 593950.024 363010.529  38.9%   858 4480s
  3837  3297 363010.529  123   52 593950.024 363010.529  38.9%   858 4485s
  3844  3304 363010.529  124   27 593950.024 363010.529  38.9%   860 4490s
  3851  3311 363010.529  124   34 593950.024 363010.529  38.9%   864 4495s
  3858  3318 363010.529  125   62 593950.024 363010.529  38.9%   864 4500s
  3859  3319 363010.529  125   48 593950.024 363010.529  38.9%   864 4507s
  3865  3325 363010.529  127   73 593950.024 363010.529  38.9%   862 4510s
  3868  3328 363010.529  127   58 593950.024 363010.529  38.9%   863 4522s
  3873  3333 363010.529  128   45 593950.024 363010.529  38.9%   862 4525s
  3879  3339 363010.529  129   56 593950.024 363010.529  38.9%   860 4530s
  3886  3346 363010.529  129   52 593950.024 363010.529  38.9%   859 4544s
  3887  3347 363010.529  128   34 593950.024 363010.529  38.9%   859 4545s
  3897  3357 363010.529  132   41 593950.024 363010.529  38.9%   857 4550s
  3907  3367 363010.529  131   53 593950.024 363010.529  38.9%   855 4555s
  3913  3373 363010.529  132   53 593950.024 363010.529  38.9%   854 4567s
  3918  3378 363010.529  133   41 593950.024 363010.529  38.9%   853 4570s
  3927  3387 363010.529  134   43 593950.024 363010.529  38.9%   851 4575s
  3935  3395 363010.529  135   35 593950.024 363010.529  38.9%   850 4580s
  3944  3404 363010.529  136   35 593950.024 363010.529  38.9%   848 4585s
  3953  3413 363010.529  137   30 593950.024 363010.529  38.9%   846 4590s
  3963  3423 363010.529  137   32 593950.024 363010.529  38.9%   844 4595s
  3967  3427 363010.529  137   52 593950.024 363010.529  38.9%   843 4603s
  3968  3428 363010.529  139   42 593950.024 363010.529  38.9%   843 4606s
  3971  3431 363010.529  139   30 593950.024 363010.529  38.9%   842 4610s
  3982  3442 363010.529  140   48 593950.024 363010.529  38.9%   840 4615s
  3992  3452 363010.529  141   47 593950.024 363010.529  38.9%   838 4620s
  4001  3461 363010.529  143   42 593950.024 363010.529  38.9%   837 4625s
  4012  3472 363010.529  144   40 593950.024 363010.529  38.9%   835 4643s
  4014  3474 363010.529  144   40 593950.024 363010.529  38.9%   834 4645s
  4021  3481 363010.529  145   35 593950.024 363010.529  38.9%   833 4658s
  4024  3484 363010.529  145   40 593950.024 363010.529  38.9%   832 4660s
  4035  3495 363010.529  147   41 593950.024 363010.529  38.9%   830 4665s
  4045  3505 363010.529  148   43 593950.024 363010.529  38.9%   828 4670s
  4054  3514 363010.529  149   39 593950.024 363010.529  38.9%   827 4675s
  4064  3524 363010.529  150   36 593950.024 363010.529  38.9%   825 4680s
  4070  3530 363010.529  151   36 593950.024 363010.529  38.9%   824 4690s
  4075  3533 363010.529  151   56 593950.024 363010.529  38.9%   823 4701s
  4082  3540 363010.529  153   36 593950.024 363010.529  38.9%   821 4705s
  4095  3551 363010.529  153   35 593950.024 363010.529  38.9%   819 4710s
  4106  3562 363010.529  155   39 593950.024 363010.529  38.9%   817 4715s
  4117  3573 363010.529  156   37 593950.024 363010.529  38.9%   816 4720s
  4128  3584 363010.529  157   41 593950.024 363010.529  38.9%   815 4725s
  4129  3585 363010.529  158   35 593950.024 363010.529  38.9%   814 4732s
  4134  3590 363010.529  158   49 593950.024 363010.529  38.9%   813 4735s
  4146  3600 363010.529  160   40 593950.024 363010.529  38.9%   811 4740s
  4156  3608 363010.529  161   37 593950.024 363010.529  38.9%   809 4751s
  4165  3613 363010.529  164   54 593950.024 363010.529  38.9%   808 4755s
  4171  3619 363010.529  163   39 593950.024 363010.529  38.9%   807 4767s
  4177  3625 363010.529  164   57 593950.024 363010.529  38.9%   806 4770s
  4188  3636 363010.529  165   53 593950.024 363010.529  38.9%   804 4775s
  4198  3646 363010.529  163   39 593950.024 363010.529  38.9%   802 4800s
  4207  3655 363010.529  167   38 593950.024 363010.529  38.9%   801 4805s
  4210  3658 363010.529  167   46 593950.024 363010.529  38.9%   800 4815s
  4220  3668 363010.529  168   45 593950.024 363010.529  38.9%   798 4820s
  4231  3677 363010.529  170   35 593950.024 363010.529  38.9%   796 4825s
  4244  3688 363010.529  171   62 593950.024 363010.529  38.9%   794 4830s
  4256  3700 363010.529  172   54 593950.024 363010.529  38.9%   792 4835s
  4265  3709 363010.529  174   36 593950.024 363010.529  38.9%   790 4844s
  4267  3709 363010.529  173   68 593950.024 363010.529  38.9%   790 4845s
  4272  3714 363010.529  173   48 593950.024 363010.529  38.9%   790 4855s
  4282  3724 363010.529  175   34 593950.024 363010.529  38.9%   788 4860s
  4292  3734 363010.529  175   38 593950.024 363010.529  38.9%   787 4865s
  4302  3742 363010.529  176   33 593950.024 363010.529  38.9%   785 4870s
  4314  3754 363010.529  178   38 593950.024 363010.529  38.9%   783 4875s
  4319  3759 363010.529  180   50 593950.024 363010.529  38.9%   782 4883s
  4322  3760 363010.529  178   45 593950.024 363010.529  38.9%   782 4885s
  4334  3770 363010.529  180   44 593950.024 363010.529  38.9%   780 4890s
  4347  3777 363010.529  182   43 593950.024 363010.529  38.9%   778 4895s
  4362  3786 363010.529  184   35 593950.024 363010.529  38.9%   775 4900s
  4373  3793 363010.529  183   31 593950.024 363010.529  38.9%   773 4923s
  4375  3795 363010.529  185   34 593950.024 363010.529  38.9%   773 4925s
  4385  3805 363010.529  184   36 593950.024 363010.529  38.9%   771 4930s
  4395  3815 363010.529  188   37 593950.024 363010.529  38.9%   770 4935s
  4405  3823 363010.529  190   43 593950.024 363010.529  38.9%   768 4940s
  4417  3833 363010.529  193   52 593950.024 363010.529  38.9%   767 4945s
  4428  3840 363010.529  194   51 593950.024 363010.529  38.9%   765 4960s
  4436  3848 363010.529  195   30 593950.024 363010.529  38.9%   765 4965s
  4447  3857 363010.529  196   46 593950.024 363010.529  38.9%   763 4970s
  4457  3865 363010.529  197   54 593950.024 363010.529  38.9%   762 4997s
  4464  3870 363010.529  199   47 593950.024 363010.529  38.9%   761 5000s
  4474  3880 363010.529  201   45 593950.024 363010.529  38.9%   761 5014s
  4476  3882 363010.529  201   43 593950.024 363010.529  38.9%   760 5015s
  4482  3888 363010.529  199   49 593950.024 363010.529  38.9%   760 5023s
  4486  3892 363010.529  201   49 593950.024 363010.529  38.9%   759 5025s
  4498  3904 363010.529  202   49 593950.024 363010.529  38.9%   757 5030s
  4509  3915 363010.529  203   46 593950.024 363010.529  38.9%   755 5035s
  4520  3926 363010.529  204   45 593950.024 363010.529  38.9%   754 5040s
  4530  3936 363010.529  208   39 593950.024 363010.529  38.9%   753 5045s
  4536  3940 363010.529  206   46 593950.024 363010.529  38.9%   752 5056s
  4544  3948 363010.529  207   63 593950.024 363010.529  38.9%   751 5060s
  4553  3957 363010.529  212   55 593950.024 363010.529  38.9%   749 5065s
  4563  3967 363010.529  211   44 593950.024 363010.529  38.9%   748 5070s
  4574  3978 363010.529  214   48 593950.024 363010.529  38.9%   746 5075s
  4575  3979 363010.529  210   48 593950.024 363010.529  38.9%   746 5081s
  4583  3987 363010.529  215   47 593950.024 363010.529  38.9%   745 5085s
  4590  3992 363010.529  213   54 593950.024 363010.529  38.9%   744 5100s
  4598  4000 363010.529  216   43 593950.024 363010.529  38.9%   743 5105s
  4605  4007 363010.529  217   53 593950.024 363010.529  38.9%   742 5110s
  4616  4018 363010.529  219   47 593950.024 363010.529  38.9%   740 5115s
  4627  4029 363010.529  220   53 593950.024 363010.529  38.9%   739 5120s
  4638  4040 363056.061  222   81 593950.024 363010.529  38.9%   738 5125s
  4644  4046 363010.529  223   48 593950.024 363010.529  38.9%   737 5131s
  4650  4052 363010.529  221   47 593950.024 363010.529  38.9%   736 5135s
  4660  4062 363010.529  221   45 593950.024 363010.529  38.9%   735 5140s
  4670  4072 363010.529  223   51 593950.024 363010.529  38.9%   734 5145s
  4671  4073 363010.529  223   46 593950.024 363010.529  38.9%   733 5151s
  4676  4078 363010.529  225   48 593950.024 363010.529  38.9%   733 5157s
  4682  4084 363019.677  224   68 593950.024 363010.529  38.9%   732 5160s
  4692  4094 363010.529  225   48 593950.024 363010.529  38.9%   731 5165s
  4706  4104 363010.529  227   33 593950.024 363010.529  38.9%   729 5170s
  4716  4114 363010.529  227   46 593950.024 363010.529  38.9%   728 5175s
  4725  4123 363010.529  227   55 593950.024 363010.529  38.9%   726 5187s
  4732  4128 363010.529  226   47 593950.024 363010.529  38.9%   726 5190s
  4743  4139 363010.529  227   47 593950.024 363010.529  38.9%   724 5195s
  4756  4152 363010.529  227   40 593950.024 363010.529  38.9%   723 5200s
  4766  4162 363010.529  226   47 593950.024 363010.529  38.9%   721 5205s
  4777  4170 363010.529  226   43 593950.024 363010.529  38.9%   720 5217s
  4779  4172 363010.529  227   41 593950.024 363010.529  38.9%   720 5228s
  4782  4175 363010.529  230   44 593950.024 363010.529  38.9%   719 5230s
  4784  4177 363010.529  231   38 593950.024 363010.529  38.9%   719 5245s
  4795  4186 363010.529  222   60 593950.024 363010.529  38.9%   718 5250s
  4807  4196 363010.529  222   41 593950.024 363010.529  38.9%   717 5261s
  4817  4206 363010.529  223   52 593950.024 363010.529  38.9%   715 5265s
  4829  4216 363010.529  223   52 593950.024 363010.529  38.9%   714 5270s
  4841  4228 363010.529  224   47 593950.024 363010.529  38.9%   712 5275s
  4854  4239 363010.529  240   37 593950.024 363010.529  38.9%   711 5280s
  4861  4246 363010.529  221   59 593950.024 363010.529  38.9%   710 5291s
  4868  4253 363010.529  223   37 593950.024 363010.529  38.9%   709 5295s
  4878  4263 363010.529  228   51 593950.024 363010.529  38.9%   708 5306s
  4887  4270 363013.721  222   75 593950.024 363010.529  38.9%   707 5310s
  4897  4280 363010.529  222   47 593950.024 363010.529  38.9%   706 5315s
  4908  4291 363010.576  220   40 593950.024 363010.529  38.9%   705 5320s
  4915  4298 363010.529  219   41 593950.024 363010.529  38.9%   704 5334s
  4916  4299 363010.529  220   49 593950.024 363010.529  38.9%   704 5335s
  4926  4309 363010.529  225   56 593950.024 363010.529  38.9%   703 5340s
  4936  4319 363010.529  230   57 593950.024 363010.529  38.9%   701 5345s
  4942  4325 363010.529  218   79 593950.024 363010.529  38.9%   701 5376s
  4948  4331 363010.529  216   75 593950.024 363010.529  38.9%   701 5380s
  4958  4339 363010.529  222   73 593950.024 363010.529  38.9%   700 5385s
  4967  4348 363010.529  213   79 593950.024 363010.529  38.9%   700 5390s
  4969  4350 363010.529  214   35 593950.024 363010.529  38.9%   700 5399s
  4972  4353 363010.529  229   64 593950.024 363010.529  38.9%   700 5400s
  4979  4360 363010.529  215   91 593950.024 363010.529  38.9%   700 5414s
  4980  4361 367914.370  213   64 593950.024 363010.529  38.9%   700 5415s
  4988  4369 363010.529  215   38 593950.024 363010.529  38.9%   701 5420s
  4997  4378 363010.529  211   56 593950.024 363010.529  38.9%   700 5425s
  5006  4387 363010.529  211   77 593950.024 363010.529  38.9%   699 5430s
  5014  4393 363010.529  212   78 593950.024 363010.529  38.9%   699 5435s
  5023  4402 363010.529  216   39 593950.024 363010.529  38.9%   700 5446s
  5029  4408 363010.529  210   91 593950.024 363010.529  38.9%   700 5450s
  5038  4417 363010.529  218   51 593950.024 363010.529  38.9%   701 5455s
  5048  4427 363010.529  212   59 593950.024 363010.529  38.9%   700 5460s
  5057  4436 363010.529  208   58 593950.024 363010.529  38.9%   700 5465s
  5068  4447 363010.529  213   66 593950.024 363010.529  38.9%   699 5470s
  5078  4454 363010.529  218   36 593950.024 363010.529  38.9%   699 5479s
  5080  4454 363010.529  219   72 593950.024 363010.529  38.9%   698 5488s
  5084  4458 363010.529  211   87 593950.024 363010.529  38.9%   698 5490s
  5095  4465 363010.529  207   95 593950.024 363010.529  38.9%   698 5495s
  5107  4473 363010.529  212   62 593950.024 363010.529  38.9%   698 5500s
  5118  4484 363010.529  210   96 593950.024 363010.529  38.9%   697 5505s
  5128  4494 363010.529  207   52 593950.024 363010.529  38.9%   696 5510s
  5133  4499 363010.529  214   56 593950.024 363010.529  38.9%   696 5517s
  5140  4506 363010.529  208   69 593950.024 363010.529  38.9%   695 5520s
  5150  4516 363010.529  207   73 593950.024 363010.529  38.9%   694 5525s
  5161  4527 363010.529  210   51 593950.024 363010.529  38.9%   694 5530s
  5170  4534 363010.529  204   38 593950.024 363010.529  38.9%   695 5535s
  5180  4544 363010.529  207   46 593950.024 363010.529  38.9%   694 5540s
  5181  4545 363010.529  210   40 593950.024 363010.529  38.9%   694 5545s
  5187  4549 363066.307  213   93 593950.024 363010.529  38.9%   694 5557s
  5191  4553 363010.529  205   38 593950.024 363010.529  38.9%   695 5560s
  5203  4563 363010.529  211   51 593950.024 363010.529  38.9%   694 5565s
  5214  4574 363010.529  206   74 593950.024 363010.529  38.9%   694 5570s
  5226  4584 363010.529  210   94 593950.024 363010.529  38.9%   693 5575s
  5235  4591 363010.529  214   75 593950.024 363010.529  38.9%   694 5580s
  5241  4597 363010.529  217   67 593950.024 363010.529  38.9%   694 5592s
  5246  4602 363010.529  207   67 593950.024 363010.529  38.9%   694 5595s
  5256  4612 363010.529  204   27 593950.024 363010.529  38.9%   696 5601s
  5266  4620 363010.529  209   48 593950.024 363010.529  38.9%   695 5605s
  5276  4630 363010.529  202   63 593950.024 363010.529  38.9%   694 5610s
  5282  4636 363010.529  201   86 593950.024 363010.529  38.9%   693 5620s
  5291  4645 363010.529  203   64 593950.024 363010.529  38.9%   693 5625s
  5295  4647 363010.529  205   30 593950.024 363010.529  38.9%   694 5634s
  5296  4648 363010.529  203   75 593950.024 363010.529  38.9%   694 5635s
  5307  4659 363010.529  201   83 593950.024 363010.529  38.9%   694 5640s
  5309  4661 363010.529  202   57 593950.024 363010.529  38.9%   693 5657s
  5315  4665 363010.529  200   67 593950.024 363010.529  38.9%   694 5660s
  5325  4675 363010.529  205   55 593950.024 363010.529  38.9%   693 5665s
  5335  4685 363010.529  210   46 593950.024 363010.529  38.9%   693 5670s
  5346  4694 363010.529  199   80 593950.024 363010.529  38.9%   692 5675s
  5349  4695 363010.529  203   58 593950.024 363010.529  38.9%   691 5686s
  5355  4701 363010.529  206   74 593950.024 363010.529  38.9%   691 5690s
  5367  4711 363010.529  206   69 593950.024 363010.529  38.9%   691 5695s
  5378  4722 363010.529  200   88 593950.024 363010.529  38.9%   690 5700s
  5383  4727 363010.529  214   94 593950.024 363010.529  38.9%   690 5714s
  5384  4728 363010.529  200  103 593950.024 363010.529  38.9%   690 5715s
  5394  4738 363010.529  200   93 593950.024 363010.529  38.9%   689 5720s
  5401  4743 363010.529  198   88 593950.024 363010.529  38.9%   689 5725s
  5403  4745 363010.529  199   60 593950.024 363010.529  38.9%   689 5734s
  5405  4747 363010.529  200   77 593950.024 363010.529  38.9%   688 5735s
  5416  4758 363010.529  199   80 593950.024 363010.529  38.9%   688 5740s
  5428  4768 363010.529  200   92 593950.024 363010.529  38.9%   687 5745s
  5436  4776 363010.529  204   41 593950.024 363010.529  38.9%   687 5750s
  5446  4786 363010.529  200   65 593950.024 363010.529  38.9%   686 5755s
  5457  4793 363010.529  198   44 593950.024 363010.529  38.9%   686 5766s
  5462  4798 363010.529  201   50 593950.024 363010.529  38.9%   685 5785s
  5473  4806 363010.529  198   70 593950.024 363010.529  38.9%   685 5790s
  5484  4815 363010.529  211   60 593950.024 363010.529  38.9%   683 5800s
  5494  4825 363010.529  216   71 593950.024 363010.529  38.9%   682 5805s
  5505  4832 363010.529  195   57 593950.024 363010.529  38.9%   682 5810s
  5511  4838 363010.529  192   96 593950.024 363010.529  38.9%   681 5821s
  5519  4846 363010.529  192   82 593950.024 363010.529  38.9%   681 5825s
  5529  4854 363010.529  194   57 593950.024 363010.529  38.9%   680 5830s
  5542  4865 363010.529  203   67 593950.024 363010.529  38.9%   679 5835s
  5553  4874 363010.529  194   39 593950.024 363010.529  38.9%   679 5840s
  5563  4882 363010.529  193   78 593950.024 363010.529  38.9%   678 5845s
  5565  4884 363010.529  194   37 593950.024 363010.529  38.9%   679 5852s
  5569  4888 363010.529  196   33 593950.024 363010.529  38.9%   679 5855s
  5580  4893 363010.529  193   73 593950.024 363010.529  38.9%   679 5860s
  5585  4896 363010.529  195   76 593950.024 363010.529  38.9%   680 5868s
  5589  4900 363010.529  197   73 593950.024 363010.529  38.9%   679 5870s
  5603  4912 363010.529  204   61 593950.024 363010.529  38.9%   678 5875s
  5615  4922 363010.529  191   95 593950.024 363010.529  38.9%   677 5880s
  5619  4926 363010.529  193   87 593950.024 363010.529  38.9%   676 5890s
  5629  4934 363010.529  187   65 593950.024 363010.529  38.9%   676 5895s
  5640  4945 363010.529  195   54 593950.024 363010.529  38.9%   675 5900s
  5646  4949 363010.529  191   89 593950.024 363010.529  38.9%   675 5921s
  5655  4956 370129.120  195   67 593950.024 363010.529  38.9%   675 5925s
  5665  4966 363010.529  190   51 593950.024 363010.529  38.9%   674 5930s
  5673  4974 363010.529  186   73 593950.024 363010.529  38.9%   674 5939s
  5674  4975 363010.529  192   57 593950.024 363010.529  38.9%   674 5940s
  5686  4985 363010.529  186   59 593950.024 363010.529  38.9%   674 5953s
  5691  4990 363010.529  187   74 593950.024 363010.529  38.9%   673 5955s
  5700  4999 363010.529  187   65 593950.024 363010.529  38.9%   673 5967s
  5708  5003 363010.529  193   70 593950.024 363010.529  38.9%   672 5970s
  5720  5011 363010.529  187   50 593950.024 363010.529  38.9%   672 5975s
  5733  5022 363010.529  189   77 593950.024 363010.529  38.9%   671 5980s
  5743  5032 363010.529  189   74 593950.024 363010.529  38.9%   670 5985s
  5754  5041 363010.529  194   44 593950.024 363010.529  38.9%   669 5997s
  5761  5048 363010.529  198   54 593950.024 363010.529  38.9%   668 6000s
  5773  5060 363010.529  186   74 593950.024 363010.529  38.9%   668 6005s
  5787  5070 363010.529  185   88 593950.024 363010.529  38.9%   666 6019s
  5789  5072 363010.529  185   64 593950.024 363010.529  38.9%   666 6020s
  5799  5082 363010.529  190   73 593950.024 363010.529  38.9%   665 6025s
  5809  5092 363010.529  186   70 593950.024 363010.529  38.9%   664 6035s
  5821  5100 363010.529  185   61 593950.024 363010.529  38.9%   663 6040s
  5829  5108 363010.529  184   36 593950.024 363010.529  38.9%   663 6045s
  5836  5115 363010.529  184   37 593950.024 363010.529  38.9%   665 6050s
  5847  5124 363010.529  182   90 593950.024 363010.529  38.9%   665 6055s
  5857  5132 363010.529  181   87 593950.024 363010.529  38.9%   665 6060s
  5858  5133 371195.361  183   59 593950.024 363010.529  38.9%   666 6065s
  5863  5138 363010.529  180   87 593950.024 363010.529  38.9%   665 6075s
  5871  5146 363010.529  182   88 593950.024 363010.529  38.9%   665 6080s
  5882  5155 363010.529  181   43 593950.024 363010.529  38.9%   664 6085s
  5888  5161 363010.529  184   41 593950.024 363010.529  38.9%   664 6097s
  5889  5162 363010.529  178   61 593950.024 363010.529  38.9%   664 6109s
  5890  5163 363010.529  179   79 593950.024 363010.529  38.9%   664 6110s
  5899  5170 363010.529  177   84 593950.024 363010.529  38.9%   664 6115s
  5910  5179 363010.529  178   83 593950.024 363010.529  38.9%   663 6120s
  5917  5184 363010.529  175   81 593950.024 363010.529  38.9%   663 6130s
  5927  5194 363010.529  176   72 593950.024 363010.529  38.9%   662 6135s
  5935  5202 363010.529  175   56 593950.024 363010.529  38.9%   662 6140s
  5942  5209 363010.529  175   42 593950.024 363010.529  38.9%   663 6145s
  5949  5216 363010.529  173   62 593950.024 363010.529  38.9%   664 6150s
  5955  5222 363010.529  172   83 593950.024 363010.529  38.9%   665 6155s
  5965  5230 363010.529  172   73 593950.024 363010.529  38.9%   665 6160s
  5971  5236 363010.529  172   78 593950.024 363010.529  38.9%   665 6173s
  5976  5239 363010.529  174   31 593950.024 363010.529  38.9%   665 6175s
  5984  5247 363010.529  173   66 593950.024 363010.529  38.9%   664 6180s
  5989  5252 363010.529  172   64 593950.024 363010.529  38.9%   664 6190s
  5999  5260 363010.529  172   60 593950.024 363010.529  38.9%   663 6195s
  6006  5267 363010.529  170   54 593950.024 363010.529  38.9%   664 6200s
  6016  5277 363010.529  170   70 593950.024 363010.529  38.9%   663 6240s
  6023  5284 363010.529  168   81 593950.024 363010.529  38.9%   663 6245s
  6025  5286 363010.529  167   74 593950.024 363010.529  38.9%   663 6253s
  6029  5290 363010.529  167   88 593950.024 363010.529  38.9%   662 6255s
  6038  5297 371110.508  167   71 593950.024 363010.529  38.9%   662 6260s
  6047  5306 363010.529  168   85 593950.024 363010.529  38.9%   663 6265s
  6058  5315 363010.529  167   64 593950.024 363010.529  38.9%   662 6270s
  6065  5322 363010.529  166   75 593950.024 363010.529  38.9%   663 6275s
  6074  5331 363010.529  164   31 593950.024 363010.529  38.9%   664 6280s
  6079  5336 363010.529  165   69 593950.024 363010.529  38.9%   665 6290s
  6086  5343 363010.529  163   79 593950.024 363010.529  38.9%   665 6295s
  6090  5347 363010.529  165   44 593950.024 363010.529  38.9%   665 6305s
  6097  5354 363010.529  164   38 593950.024 363010.529  38.9%   667 6310s
  6107  5364 363010.529  163   61 593950.024 363010.529  38.9%   666 6315s
  6117  5374 363010.529  163   53 593950.024 363010.529  38.9%   665 6320s
  6127  5384 363010.529  161   69 593950.024 363010.529  38.9%   665 6325s
  6133  5390 363010.529  162   94 593950.024 363010.529  38.9%   665 6333s
  6137  5394 363010.529  160   93 593950.024 363010.529  38.9%   666 6335s
  6146  5403 363010.529  164   48 593950.024 363010.529  38.9%   665 6340s
  6156  5413 363010.529  158   71 593950.024 363010.529  38.9%   665 6345s
  6167  5424 363010.529  159   39 593950.024 363010.529  38.9%   664 6350s
  6178  5435 363010.529  159   32 593950.024 363010.529  38.9%   663 6355s
  6187  5444 363010.529  157   72 593950.024 363010.529  38.9%   662 6363s
  6191  5446 363010.529  156   44 593950.024 363010.529  38.9%   662 6373s
  6196  5451 363010.529  155   64 593950.024 363010.529  38.9%   662 6375s
  6206  5461 367370.554  156   74 593950.024 363010.529  38.9%   662 6380s
  6214  5469 363010.529  156   73 593950.024 363010.529  38.9%   662 6385s
  6222  5477 363010.529  155   32 593950.024 363010.529  38.9%   663 6390s
  6232  5487 363010.529  155   46 593950.024 363010.529  38.9%   663 6395s
  6240  5493 367595.507  155   60 593950.024 363010.529  38.9%   665 6400s
  6241  5494 363010.529  152   65 593950.024 363010.529  38.9%   665 6405s
  6252  5503 363010.529  153   60 593950.024 363010.529  38.9%   664 6410s
  6261  5512 363010.529  150   63 593950.024 363010.529  38.9%   665 6415s
  6268  5519 363010.529  149   78 593950.024 363010.529  38.9%   665 6427s
  6273  5522 366250.832  149   72 593950.024 363010.529  38.9%   665 6430s
  6282  5531 366250.832  149   76 593950.024 363010.529  38.9%   667 6435s
  6290  5539 377110.267  150   56 593950.024 363010.529  38.9%   667 6440s
H 6292  5533                    442539.02400 363010.529  18.0%   667 6447s
  6295  5537 377066.112  149   62 442539.024 363010.529  18.0%   668 6451s
  6302  5540 377110.267  150   64 442539.024 363010.529  18.0%   669 6455s
  6311  5547 363010.529  149   39 442539.024 363010.529  18.0%   670 6460s
  6319  5553 363010.529  146   65 442539.024 363010.529  18.0%   671 6465s
  6326  5558 378603.559  147   54 442539.024 363010.529  18.0%   672 6470s
  6334  5565 363010.529  146   35 442539.024 363010.529  18.0%   673 6475s
  6342  5572 363010.529  144   49 442539.024 363010.529  18.0%   674 6480s
  6349  5577 366250.832  144   63 442539.024 363010.529  18.0%   677 6486s
  6355  5582 363010.529  142   82 442539.024 363010.529  18.0%   678 6490s
  6362  5588 363010.529  142   84 442539.024 363010.529  18.0%   680 6495s
  6369  5595 363010.529  141   64 442539.024 363010.529  18.0%   681 6500s
  6376  5600 377110.267  142   72 442539.024 363010.529  18.0%   682 6512s
  6380  5603 366325.322  139   94 442539.024 363010.529  18.0%   683 6515s
  6388  5610 366250.832  140   64 442539.024 363010.529  18.0%   685 6520s
  6393  5613 366250.832  140   64 442539.024 363010.529  18.0%   685 6525s
  6395  5614 366254.532  137   64 442539.024 363010.529  18.0%   685 6546s
  6401  5615 378603.559  139   62 442539.024 363010.529  18.0%   687 6550s
  6407  5617 366325.322  137   57 442539.024 363010.529  18.0%   688 6555s
  6414  5619 378603.559  139   61 442539.024 363010.529  18.0%   690 6561s
  6419  5619 366254.532  136   81 442539.024 363010.529  18.0%   692 6565s
  6424  5619 366254.532  136   80 442539.024 363010.529  18.0%   694 6570s
  6430  5621 366250.832  135   61 442539.024 363010.529  18.0%   695 6578s
  6433  5621 366321.622  135   91 442539.024 363010.529  18.0%   696 6581s
  6439  5622 366250.832  135   89 442539.024 363010.529  18.0%   698 6585s
  6445  5624 366250.832  135   83 442539.024 363010.529  18.0%   700 6591s
  6451  5625 366321.622  133   72 442539.024 363010.529  18.0%   702 6595s
  6457  5626 366254.532  132   60 442539.024 363010.529  18.0%   704 6601s
  6463  5627 366250.832  133   75 442539.024 363010.529  18.0%   706 6605s
  6468  5627 366321.622  131   81 442539.024 363010.529  18.0%   708 6610s
  6475  5628 366254.532  130   83 442539.024 363010.529  18.0%   710 6615s
  6482  5629 378536.703  130   63 442539.024 363010.529  18.0%   712 6621s
  6487  5629 366250.832  130   81 442539.024 363010.529  18.0%   713 6625s
  6494  5632 363010.529  128   34 442539.024 363010.529  18.0%   714 6630s
  6500  5634 366489.952  128   70 442539.024 363010.529  18.0%   715 6635s
  6508  5639 363010.529  126   63 442539.024 363010.529  18.0%   715 6665s
  6511  5640 363010.529  126   80 442539.024 363010.529  18.0%   716 6674s
  6512  5640 366259.768  126   77 442539.024 363010.529  18.0%   717 6676s
  6517  5643 378543.133  127   53 442539.024 363010.529  18.0%   718 6680s
  6523  5643 378244.922  125   71 442539.024 363010.529  18.0%   721 6685s
  6530  5646 378005.801  125   70 442539.024 363010.529  18.0%   723 6691s
  6536  5648 378244.922  125   83 442539.024 363010.529  18.0%   726 6695s
  6542  5649 366489.952  124   69 442539.024 363010.529  18.0%   729 6700s
  6548  5652 363010.529  122   77 442539.024 363010.529  18.0%   730 6705s
  6556  5656 366489.952  122   78 442539.024 363010.529  18.0%   731 6710s
  6564  5660 366247.427  121   91 442539.024 363010.529  18.0%   732 6715s
  6569  5663 378543.133  123   52 442539.024 363010.529  18.0%   733 6720s
  6577  5667 366247.427  120   84 442539.024 363010.529  18.0%   734 6725s
  6586  5674 363010.529  119   69 442539.024 363010.529  18.0%   734 6730s
  6593  5679 363010.529  118  106 442539.024 363010.529  18.0%   735 6735s
  6600  5683 378519.780  119   60 442539.024 363010.529  18.0%   737 6740s
  6606  5685 363010.529  115   52 442539.024 363010.529  18.0%   738 6745s
  6612  5687 378401.945  116   49 442539.024 363010.529  18.0%   741 6750s
  6618  5692 363010.529  113   77 442539.024 363010.529  18.0%   742 6755s
  6623  5695 363010.529  111   43 442539.024 363010.529  18.0%   743 6760s
  6630  5699 367555.963  112   67 442539.024 363010.529  18.0%   745 6765s
  6636  5701 363010.529  105   58 442539.024 363010.529  18.0%   746 6770s
  6642  5704 363857.851  104   70 442539.024 363010.529  18.0%   748 6775s
  6647  5709 363010.529  104   36 442539.024 363010.529  18.0%   748 6781s
  6654  5714 363010.529  104   29 442539.024 363010.529  18.0%   750 6786s
  6658  5717 367746.571  102   67 442539.024 363010.529  18.0%   751 6790s
  6662  5720 365777.493  103  114 442539.024 363010.529  18.0%   752 6795s
  6667  5723 363010.529  102   49 442539.024 363010.529  18.0%   754 6800s
  6671  5727 363010.529  101   73 442539.024 363010.529  18.0%   755 6805s
  6674  5728 363010.529  101   45 442539.024 363010.529  18.0%   756 6810s
  6678  5731 366247.427  100   75 442539.024 363010.529  18.0%   756 6815s
  6682  5733 363010.529   94   29 442539.024 363010.529  18.0%   758 6820s
  6687  5738 363010.529   95   49 442539.024 363010.529  18.0%   759 6867s
  6691  5742 363010.529   93   68 442539.024 363010.529  18.0%   759 6870s
  6696  5746 368408.782   96   73 442539.024 363010.529  18.0%   759 6876s
  6700  5750 363010.576   94   62 442539.024 363010.529  18.0%   759 6886s
  6705  5755 363010.529   95   74 442539.024 363010.529  18.0%   759 6890s
  6712  5762 363010.529   90   71 442539.024 363010.529  18.0%   760 6895s
  6718  5767 366120.007   94   74 442539.024 363010.529  18.0%   760 6900s
  6724  5773 363010.529   92   72 442539.024 363010.529  18.0%   760 6905s
  6730  5779 363010.529   88   57 442539.024 363010.529  18.0%   761 6910s
  6736  5785 363010.529   91   53 442539.024 363010.529  18.0%   761 6915s
  6742  5791 363010.529   88   40 442539.024 363010.529  18.0%   762 6920s
  6748  5796 363010.529   85   55 442539.024 363010.529  18.0%   763 6925s
  6754  5802 363010.529   86   67 442539.024 363010.529  18.0%   763 6937s
  6757  5805 363010.529   88   39 442539.024 363010.529  18.0%   763 6940s
  6764  5812 367091.091   87   83 442539.024 363010.529  18.0%   764 6945s
  6772  5820 363010.529   81   58 442539.024 363010.529  18.0%   764 6950s
  6781  5829 363010.529   92   56 442539.024 363010.529  18.0%   764 6955s
  6788  5836 363128.370   82   95 442539.024 363010.529  18.0%   764 6960s
  6794  5842 363010.529   84   38 442539.024 363010.529  18.0%   764 6965s
  6797  5845 363010.529   83   54 442539.024 363010.529  18.0%   764 6974s
  6799  5847 363010.529   84   49 442539.024 363010.529  18.0%   764 6975s
  6808  5856 363010.529   83   44 442539.024 363010.529  18.0%   764 6983s
  6810  5858 363010.529   83   44 442539.024 363010.529  18.0%   764 6985s
  6816  5864 363010.529   79   49 442539.024 363010.529  18.0%   764 6990s
  6822  5870 363010.529   77   53 442539.024 363010.529  18.0%   764 6995s
  6830  5878 363010.529   77   58 442539.024 363010.529  18.0%   764 7000s
  6837  5885 363010.529   81   62 442539.024 363010.529  18.0%   764 7005s
  6843  5891 363010.529   79   64 442539.024 363010.529  18.0%   763 7010s
  6850  5898 363010.529   80  100 442539.024 363010.529  18.0%   763 7015s
  6856  5904 363010.529   81   34 442539.024 363010.529  18.0%   763 7020s
  6862  5910 363010.529   81   50 442539.024 363010.529  18.0%   763 7031s
  6867  5915 363183.771   83   37 442539.024 363010.529  18.0%   763 7035s
  6875  5923 363010.529   83   77 442539.024 363010.529  18.0%   763 7041s
  6882  5930 363010.529   83   68 442539.024 363010.529  18.0%   763 7045s
  6888  5936 363010.529   84   29 442539.024 363010.529  18.0%   764 7050s
  6894  5942 363010.529   86   47 442539.024 363010.529  18.0%   765 7056s
  6898  5946 363010.529   85   29 442539.024 363010.529  18.0%   765 7065s
  6903  5951 363010.529   85   60 442539.024 363010.529  18.0%   765 7070s
  6908  5956 363010.529   86   59 442539.024 363010.529  18.0%   765 7075s
  6916  5964 363010.529   88   54 442539.024 363010.529  18.0%   765 7085s
  6922  5970 363010.529   87   65 442539.024 363010.529  18.0%   765 7090s
  6929  5977 363010.529   88   92 442539.024 363010.529  18.0%   765 7095s
  6936  5984 363010.529   88   55 442539.024 363010.529  18.0%   765 7100s
  6943  5991 363010.529   88   62 442539.024 363010.529  18.0%   765 7106s
  6948  5996 363010.529   89   64 442539.024 363010.529  18.0%   765 7110s
  6950  5998 363010.529   89   66 442539.024 363010.529  18.0%   765 7115s
  6954  6002 363010.529   89   62 442539.024 363010.529  18.0%   765 7120s
  6958  6005 363010.529   90   55 442539.024 363010.529  18.0%   766 7125s
  6965  6012 363010.529   90   60 442539.024 363010.529  18.0%   766 7130s
  6970  6017 363010.529   91   55 442539.024 363010.529  18.0%   766 7140s
  6975  6022 363010.529   92   50 442539.024 363010.529  18.0%   766 7145s
  6980  6027 363010.529   92   65 442539.024 363010.529  18.0%   766 7150s
  6985  6032 363035.012   93   64 442539.024 363010.529  18.0%   767 7155s
  6990  6037 363182.687   93  104 442539.024 363010.529  18.0%   768 7160s
  6997  6044 363010.529   94   49 442539.024 363010.529  18.0%   769 7166s
  6999  6046 363010.529   95   71 442539.024 363010.529  18.0%   768 7173s
  7002  6049 363010.529   96   49 442539.024 363010.529  18.0%   768 7175s
  7006  6053 363010.529   94   26 442539.024 363010.529  18.0%   770 7181s
  7011  6057 366027.724   97   66 442539.024 363010.529  18.0%   770 7185s
  7015  6061 363010.529   95   37 442539.024 363010.529  18.0%   771 7190s
  7021  6066 363010.529   98   49 442539.024 363010.529  18.0%   772 7195s
  7024  6069 363010.529   96   71 442539.024 363010.529  18.0%   772 7202s
  7028  6073 363010.529   98   43 442539.024 363010.529  18.0%   772 7205s
  7033  6078 363010.576   97   52 442539.024 363010.529  18.0%   772 7210s
  7039  6084 363341.218   99   64 442539.024 363010.529  18.0%   773 7215s
  7045  6090 363010.529   98   62 442539.024 363010.529  18.0%   773 7220s
  7051  6096 363101.483  100   78 442539.024 363010.529  18.0%   773 7225s
  7058  6103 363010.529   99   99 442539.024 363010.529  18.0%   774 7230s
  7063  6108 363010.529  101   67 442539.024 363010.529  18.0%   774 7235s
  7070  6115 363294.531  100   57 442539.024 363010.529  18.0%   774 7240s
  7077  6122 363010.576  102   47 442539.024 363010.529  18.0%   774 7245s
  7078  6123 363010.529  102   51 442539.024 363010.529  18.0%   774 7251s
  7083  6128 363010.529  104   55 442539.024 363010.529  18.0%   774 7255s
  7086  6130 365664.117  105   69 442539.024 363010.529  18.0%   775 7261s
  7090  6133 364855.466  104  121 442539.024 363010.529  18.0%   776 7266s
  7094  6136 363010.529  106   38 442539.024 363010.529  18.0%   777 7270s
  7099  6140 363010.529  106   66 442539.024 363010.529  18.0%   778 7275s
  7100  6141 363010.529  104   30 442539.024 363010.529  18.0%   778 7284s
  7101  6142 363277.672  104   54 442539.024 363010.529  18.0%   778 7285s
  7105  6145 364886.557  106  111 442539.024 363010.529  18.0%   780 7290s
  7111  6150 372096.544  107  153 442539.024 363010.529  18.0%   781 7295s
  7112  6151 363010.529  107   82 442539.024 363010.529  18.0%   781 7310s
  7117  6154 363010.529  108   59 442539.024 363010.529  18.0%   782 7315s
  7123  6156 370309.211  109   74 442539.024 363010.529  18.0%   784 7320s
  7130  6158 365446.606  110   95 442539.024 363010.529  18.0%   785 7325s
  7132  6158 365376.424  110   94 442539.024 363010.529  18.0%   786 7333s
  7135  6161 363010.529  107   64 442539.024 363010.529  18.0%   786 7335s
  7141  6163 363285.507  105   80 442539.024 363010.529  18.0%   788 7340s
  7148  6170 363084.270  106   67 442539.024 363010.529  18.0%   790 7345s
  7154  6175 363010.529  105   50 442539.024 363010.529  18.0%   791 7350s
  7159  6176 374312.543  107   98 442539.024 363010.529  18.0%   792 7361s
  7164  6179 363169.555  105   60 442539.024 363010.529  18.0%   793 7365s
  7169  6183 363010.532  104   56 442539.024 363010.529  18.0%   795 7370s
  7174  6187 363010.529  104   64 442539.024 363010.529  18.0%   796 7375s
  7181  6190 363419.123  103   63 442539.024 363010.529  18.0%   797 7380s
  7188  6195 363039.362  103   61 442539.024 363010.529  18.0%   798 7385s
  7195  6198 363010.529  101   57 442539.024 363010.529  18.0%   799 7418s
  7197  6200 363046.719  102   71 442539.024 363010.529  18.0%   800 7420s
  7201  6204 363416.133  102   53 442539.024 363010.529  18.0%   801 7430s
  7209  6209 365188.713  105   76 442539.024 363010.529  18.0%   802 7435s
  7213  6210 363010.529  101   82 442539.024 363010.529  18.0%   803 7445s
  7220  6215 363010.529   99   45 442539.024 363010.529  18.0%   804 7450s
  7225  6218 363010.529  101   71 442539.024 363010.529  18.0%   805 7455s
  7230  6223 363010.529   98   59 442539.024 363010.529  18.0%   806 7460s
  7236  6229 363010.529  100   47 442539.024 363010.529  18.0%   806 7465s
  7240  6233 363074.550  101   51 442539.024 363010.529  18.0%   807 7475s
  7246  6239 363108.203  101   58 442539.024 363010.529  18.0%   808 7480s
  7251  6244 363010.529   97   42 442539.024 363010.529  18.0%   809 7485s
  7258  6251 363010.529   99   61 442539.024 363010.529  18.0%   810 7490s
  7263  6256 363010.529   96   71 442539.024 363010.529  18.0%   811 7495s
  7270  6262 369864.134   98   87 442539.024 363010.529  18.0%   811 7500s
  7275  6266 363010.529  103   44 442539.024 363010.529  18.0%   812 7505s
  7281  6271 363010.529   99   46 442539.024 363010.529  18.0%   812 7510s
  7286  6276 363010.529  100   45 442539.024 363010.529  18.0%   813 7515s
  7292  6282 363010.529  105   87 442539.024 363010.529  18.0%   814 7520s
  7294  6284 363010.529  101   54 442539.024 363010.529  18.0%   813 7529s
  7295  6285 363010.529  101   66 442539.024 363010.529  18.0%   813 7530s
  7302  6290 369454.593  102   70 442539.024 363010.529  18.0%   814 7542s
  7305  6292 363010.529  102   60 442539.024 363010.529  18.0%   814 7545s
  7312  6298 363282.102  107   55 442539.024 363010.529  18.0%   815 7550s
  7317  6303 363010.529  103   33 442539.024 363010.529  18.0%   815 7555s
  7323  6308 375504.197  108   93 442539.024 363010.529  18.0%   815 7560s
  7332  6317 363010.529  110   79 442539.024 363010.529  18.0%   815 7565s
  7340  6324 363010.529  110   46 442539.024 363010.529  18.0%   815 7570s
  7347  6330 363619.905  106  136 442539.024 363010.529  18.0%   815 7575s
  7348  6331 363010.529  106   57 442539.024 363010.529  18.0%   815 7583s
  7352  6334 363010.529  111   53 442539.024 363010.529  18.0%   815 7585s
  7359  6341 363010.529  112   68 442539.024 363010.529  18.0%   815 7590s
  7368  6350 363010.529  114   28 442539.024 363010.529  18.0%   815 7595s
  7373  6354 363010.529  114   29 442539.024 363010.529  18.0%   817 7600s
  7380  6360 363010.529  117   56 442539.024 363010.529  18.0%   818 7605s
  7387  6365 367009.180  115   64 442539.024 363010.529  18.0%   818 7610s
  7393  6371 363010.529  117   70 442539.024 363010.529  18.0%   818 7622s
  7396  6374 363010.529  116   43 442539.024 363010.529  18.0%   818 7625s
  7402  6379 363010.529  119   83 442539.024 363010.529  18.0%   818 7637s
  7403  6380 363010.529  118   52 442539.024 363010.529  18.0%   818 7646s
  7410  6384 374136.273  117   67 442539.024 363010.529  18.0%   819 7650s
  7420  6393 363010.529  120   67 442539.024 363010.529  18.0%   819 7655s
  7429  6402 363010.529  120   70 442539.024 363010.529  18.0%   818 7660s
  7439  6412 363010.529  121   66 442539.024 363010.529  18.0%   817 7665s
  7448  6421 363010.529  122   61 442539.024 363010.529  18.0%   816 7670s
  7454  6427 363010.529  124   28 442539.024 363010.529  18.0%   817 7696s
  7456  6429 363010.529  124   30 442539.024 363010.529  18.0%   818 7703s
  7458  6431 363010.529  123   70 442539.024 363010.529  18.0%   819 7705s
  7467  6439 363010.529  124   55 442539.024 363010.529  18.0%   819 7710s
  7479  6449 363010.529  126   45 442539.024 363010.529  18.0%   819 7715s
  7483  6453 363010.529  126   58 442539.024 363010.529  18.0%   819 7722s
  7489  6459 363010.529  127   45 442539.024 363010.529  18.0%   818 7725s
  7501  6471 363010.529  128   50 442539.024 363010.529  18.0%   817 7730s
  7504  6474 363010.529  129   62 442539.024 363010.529  18.0%   817 7739s
  7505  6475 363010.529  128   53 442539.024 363010.529  18.0%   817 7740s
  7510  6479 368663.779  128  121 442539.024 363010.529  18.0%   817 7745s
  7520  6488 363010.529  130   50 442539.024 363010.529  18.0%   816 7750s
  7533  6501 363010.529  132   44 442539.024 363010.529  18.0%   815 7755s
  7537  6505 363010.529  132   31 442539.024 363010.529  18.0%   814 7762s
  7542  6509 366047.968  135   96 442539.024 363010.529  18.0%   816 7765s
  7551  6518 363010.529  133   33 442539.024 363010.529  18.0%   815 7770s
  7557  6521 375946.938  136  121 442539.024 363010.529  18.0%   817 7775s
  7562  6522 366042.555  133   91 442539.024 363010.529  18.0%   820 7780s
  7564  6523 363010.529  133   49 442539.024 363010.529  18.0%   821 7787s
  7567  6523 375878.531  134  107 442539.024 363010.529  18.0%   823 7790s
  7572  6523 366014.101  134   86 442539.024 363010.529  18.0%   826 7795s
  7581  6529 363010.529  134   52 442539.024 363010.529  18.0%   827 7800s
  7587  6531 366092.493  135   93 442539.024 363010.529  18.0%   829 7805s
  7592  6531 366046.308  134   98 442539.024 363010.529  18.0%   832 7810s
  7597  6531 366066.179  134  106 442539.024 363010.529  18.0%   835 7815s
  7605  6537 363010.529  130   58 442539.024 363010.529  18.0%   835 7822s
  7608  6537 366014.101  133   93 442539.024 363010.529  18.0%   837 7825s
  7614  6537 375888.007  133  136 442539.024 363010.529  18.0%   841 7830s
  7618  6538 363010.529  131   50 442539.024 363010.529  18.0%   842 7840s
  7626  6543 366087.214  132   91 442539.024 363010.529  18.0%   843 7845s
  7631  6543 375912.769  133  140 442539.024 363010.529  18.0%   847 7850s
  7638  6546 363010.529  130   57 442539.024 363010.529  18.0%   850 7855s
  7646  6549 366061.874  131   82 442539.024 363010.529  18.0%   853 7860s
  7650  6549 365991.819  131   75 442539.024 363010.529  18.0%   855 7907s
  7654  6550 363010.529  131   52 442539.024 363010.529  18.0%   856 7910s
  7662  6555 365991.819  131   71 442539.024 363010.529  18.0%   857 7915s
  7668  6555 365991.819  130   80 442539.024 363010.529  18.0%   861 7920s
  7672  6556 363010.529  130   53 442539.024 363010.529  18.0%   863 7926s
  7679  6561 375891.796  131  110 442539.024 363010.529  18.0%   864 7930s
  7684  6561 375865.678  130  129 442539.024 363010.529  18.0%   867 7935s
  7690  6562 363010.529  128   58 442539.024 363010.529  18.0%   869 7940s
  7698  6567 366011.554  130   94 442539.024 363010.529  18.0%   870 7945s
  7699  6567 375878.531  130   96 442539.024 363010.529  18.0%   870 7951s
  7704  6567 366046.308  129   89 442539.024 363010.529  18.0%   873 7955s
  7706  6568 366011.554  129  102 442539.024 363010.529  18.0%   875 7962s
  7713  6574 363010.529  128   48 442539.024 363010.529  18.0%   875 7965s
  7719  6574 375878.531  129  115 442539.024 363010.529  18.0%   878 7970s
  7724  6574 366011.554  129   80 442539.024 363010.529  18.0%   881 7975s
  7726  6575 363010.529  128   50 442539.024 363010.529  18.0%   881 7982s
  7732  6580 366046.308  129   93 442539.024 363010.529  18.0%   881 7985s
  7737  6581 375878.531  129  114 442539.024 363010.529  18.0%   884 7990s
  7742  6581 375920.546  127  104 442539.024 363010.529  18.0%   887 7995s
  7750  6588 363010.529  128   69 442539.024 363010.529  18.0%   886 8000s
  7753  6588 375878.531  127  124 442539.024 363010.529  18.0%   888 8007s
  7756  6588 365991.819  128   91 442539.024 363010.529  18.0%   890 8010s
  7761  6589 365227.854  129  102 442539.024 363010.529  18.0%   892 8015s
  7769  6595 363010.529  126   25 442539.024 363010.529  18.0%   892 8020s
  7774  6595 365982.739  127   77 442539.024 363010.529  18.0%   894 8025s
  7779  6597 375131.758  127  118 442539.024 363010.529  18.0%   897 8031s
  7780  6597 375850.575  127  129 442539.024 363010.529  18.0%   898 8036s
  7785  6597 365227.854  128  104 442539.024 363010.529  18.0%   900 8041s
  7790  6600 363010.529  125   31 442539.024 363010.529  18.0%   900 8045s
  7795  6601 365991.819  127   94 442539.024 363010.529  18.0%   902 8050s
  7800  6603 375082.293  126  115 442539.024 363010.529  18.0%   905 8055s
  7804  6605 375852.969  125   96 442539.024 363010.529  18.0%   907 8060s
  7807  6605 369187.482  127   99 442539.024 363010.529  18.0%   908 8072s
  7810  6606 375082.293  126  106 442539.024 363010.529  18.0%   909 8075s
  7817  6610 366011.554  125   92 442539.024 363010.529  18.0%   910 8080s
  7823  6612 366011.554  124   89 442539.024 363010.529  18.0%   912 8085s
  7828  6612 365426.472  127  120 442539.024 363010.529  18.0%   914 8090s
  7834  6618 363010.529  123   50 442539.024 363010.529  18.0%   914 8097s
  7836  6619 375213.571  124  123 442539.024 363010.529  18.0%   916 8100s
  7842  6621 363010.529  124   73 442539.024 363010.529  18.0%   919 8106s
  7848  6622 369151.474  125  116 442539.024 363010.529  18.0%   921 8110s
  7854  6624 363010.529  124   56 442539.024 363010.529  18.0%   923 8115s
  7861  6629 375873.098  125  104 442539.024 363010.529  18.0%   924 8123s
  7863  6629 375873.098  125  123 442539.024 363010.529  18.0%   925 8125s
  7868  6632 363010.529  124   28 442539.024 363010.529  18.0%   927 8131s
  7873  6633 365227.854  124   75 442539.024 363010.529  18.0%   929 8135s
  7879  6635 380924.622  121   82 442539.024 363010.529  18.0%   931 8140s
  7884  6637 375861.023  122  129 442539.024 363010.529  18.0%   933 8145s
  7888  6638 365227.854  125   89 442539.024 363010.529  18.0%   934 8157s
  7891  6639 365227.854  123   95 442539.024 363010.529  18.0%   935 8160s
  7894  6642 363010.529  122   71 442539.024 363010.529  18.0%   935 8174s
  7895  6642 375113.688  122  122 442539.024 363010.529  18.0%   935 8175s
  7900  6646 375079.926  123  115 442539.024 363010.529  18.0%   936 8180s
  7906  6647 365227.854  124   75 442539.024 363010.529  18.0%   939 8185s
  7908  6648 365227.854  124  105 442539.024 363010.529  18.0%   939 8192s
  7914  6653 363010.529  121   65 442539.024 363010.529  18.0%   939 8195s
  7919  6656 375885.134  123  100 442539.024 363010.529  18.0%   941 8200s
  7925  6658 365227.854  123  113 442539.024 363010.529  18.0%   943 8205s
  7930  6660 369124.224  123  125 442539.024 363010.529  18.0%   944 8210s
  7937  6664 363010.529  120   78 442539.024 363010.529  18.0%   945 8215s
  7942  6666 365849.676  121   90 442539.024 363010.529  18.0%   947 8224s
  7944  6668 369132.065  123  107 442539.024 363010.529  18.0%   947 8225s
  7951  6672 385835.064  120   99 442539.024 363010.529  18.0%   948 8230s
  7956  6673 363010.529  120   89 442539.024 363010.529  18.0%   950 8235s
  7962  6676 363010.529  121   93 442539.024 363010.529  18.0%   952 8240s
  7968  6679 363010.529  118   47 442539.024 363010.529  18.0%   954 8245s
  7969  6680 363010.529  118   40 442539.024 363010.529  18.0%   954 8251s
  7974  6684 363010.529  119   52 442539.024 363010.529  18.0%   954 8255s
  7978  6686 363010.529  119   93 442539.024 363010.529  18.0%   956 8260s
  7984  6690 369160.518  121  117 442539.024 363010.529  18.0%   957 8265s
  7992  6695 363010.529  121   38 442539.024 363010.529  18.0%   957 8270s
  8001  6703 363010.529  122   40 442539.024 363010.529  18.0%   957 8275s
  8008  6708 363010.529  123   54 442539.024 363010.529  18.0%   957 8297s
  8009  6708 376581.367  123  108 442539.024 363010.529  18.0%   958 8303s
  8012  6710 363010.576  123   73 442539.024 363010.529  18.0%   959 8305s
  8017  6712 376586.801  124  114 442539.024 363010.529  18.0%   961 8310s
  8023  6715 369244.514  124   94 442539.024 363010.529  18.0%   962 8317s
  8026  6717 363010.576  123   62 442539.024 363010.529  18.0%   963 8320s
  8031  6721 363010.576  123   56 442539.024 363010.529  18.0%   964 8325s
  8037  6725 363010.529  111   96 442539.024 363010.529  18.0%   966 8330s
  8044  6729 365750.016  118  101 442539.024 363010.529  18.0%   966 8335s
  8050  6731 363010.529  116   53 442539.024 363010.529  18.0%   968 8348s
  8053  6733 364770.226  117   98 442539.024 363010.529  18.0%   968 8350s
  8059  6738 363010.529  119   72 442539.024 363010.529  18.0%   969 8355s
  8065  6742 363010.576  119   65 442539.024 363010.529  18.0%   971 8360s
  8071  6745 363010.576  121   81 442539.024 363010.529  18.0%   972 8365s
  8073  6746 363010.576  121   65 442539.024 363010.529  18.0%   973 8383s
  8075  6747 363010.529  116   38 442539.024 363010.529  18.0%   974 8385s
  8083  6755 363010.529  116   61 442539.024 363010.529  18.0%   974 8390s
  8088  6759 376473.802  118  122 442539.024 363010.529  18.0%   975 8395s
  8096  6765 363010.529  117   48 442539.024 363010.529  18.0%   975 8400s
  8104  6769 368432.642  118   75 442539.024 363010.529  18.0%   976 8412s
  8109  6773 363010.529  118   71 442539.024 363010.529  18.0%   976 8415s
  8110  6774 363010.529  120   45 442539.024 363010.529  18.0%   976 8421s
  8116  6778 363010.529  119   98 442539.024 363010.529  18.0%   977 8425s
  8125  6787 363010.529  121   47 442539.024 363010.529  18.0%   976 8430s
  8134  6796 363010.529  122   35 442539.024 363010.529  18.0%   975 8435s
  8144  6805 363010.529  123   32 442539.024 363010.529  18.0%   975 8440s
  8152  6811 363010.529  123   62 442539.024 363010.529  18.0%   975 8446s
  8157  6816 363010.529  124   34 442539.024 363010.529  18.0%   975 8450s
  8159  6818 363010.529  127   22 442539.024 363010.529  18.0%   975 8455s
  8164  6822 363010.529  124   25 442539.024 363010.529  18.0%   976 8460s
  8166  6823 363010.529  124   27 442539.024 363010.529  18.0%   977 8466s
  8171  6828 363010.529  125   33 442539.024 363010.529  18.0%   977 8470s
  8179  6836 363010.529  126   77 442539.024 363010.529  18.0%   976 8475s
  8185  6842 363010.529  130   59 442539.024 363010.529  18.0%   976 8486s
  8190  6847 363010.529  130   50 442539.024 363010.529  18.0%   975 8490s
  8200  6856 363010.529  132   47 442539.024 363010.529  18.0%   974 8495s
  8205  6858 368188.042  128   97 442539.024 363010.529  18.0%   975 8514s
  8207  6858 366671.451  128  112 442539.024 363010.529  18.0%   976 8515s
  8211  6858 367971.863  128  102 442539.024 363010.529  18.0%   977 8527s
  8214  6858 368169.026  129  123 442539.024 363010.529  18.0%   979 8530s
  8221  6861 363010.529  133   45 442539.024 363010.529  18.0%   980 8535s
  8228  6865 367777.357  133  138 442539.024 363010.529  18.0%   981 8540s
  8235  6865 368167.036  128   96 442539.024 363010.529  18.0%   984 8545s
  8239  6865 367777.357  132  147 442539.024 363010.529  18.0%   985 8551s
  8244  6869 367009.155  127   90 442539.024 363010.529  18.0%   985 8555s
  8250  6871 366677.345  132  118 442539.024 363010.529  18.0%   986 8560s
  8256  6871 366837.655  128   90 442539.024 363010.529  18.0%   989 8565s
  8263  6876 363010.529  129   49 442539.024 363010.529  18.0%   989 8570s
  8267  6878 368188.042  128   90 442539.024 363010.529  18.0%   990 8575s
  8273  6878 367009.155  128  112 442539.024 363010.529  18.0%   993 8580s
  8279  6878 367777.357  130  147 442539.024 363010.529  18.0%   995 8585s
  8288  6885 366677.345  131  111 442539.024 363010.529  18.0%   995 8590s
  8293  6885 366666.154  126  101 442539.024 363010.529  18.0%   997 8597s
  8297  6886 367911.783  126   88 442539.024 363010.529  18.0%   998 8600s
  8305  6891 363010.529  124   51 442539.024 363010.529  18.0%   999 8605s
  8312  6893 367777.723  130  139 442539.024 363010.529  18.0%  1001 8616s
  8316  6893 367605.190  125  140 442539.024 363010.529  18.0%  1003 8620s
  8319  6893 366848.845  127  124 442539.024 363010.529  18.0%  1004 8633s
  8320  6893 366513.956  125  114 442539.024 363010.529  18.0%  1004 8636s
  8326  6898 363010.529  124   44 442539.024 363010.529  18.0%  1004 8640s
  8332  6900 366848.845  127  116 442539.024 363010.529  18.0%  1005 8645s
  8338  6900 367597.766  124  150 442539.024 363010.529  18.0%  1007 8650s
  8345  6902 377919.767  124   74 442539.024 363010.529  18.0%  1009 8655s
  8347  6904 363010.529  122   64 442539.024 363010.529  18.0%  1009 8665s
  8353  6907 366513.956  124  118 442539.024 363010.529  18.0%  1010 8670s
  8359  6907 367839.420  123  112 442539.024 363010.529  18.0%  1013 8675s
  8367  6913 363010.529  122   68 442539.024 363010.529  18.0%  1013 8680s
  8374  6913 368163.522  124   79 442539.024 363010.529  18.0%  1015 8721s
  8380  6915 363010.529  120   79 442539.024 363010.529  18.0%  1016 8725s
  8388  6919 363278.714  121   89 442539.024 363010.529  18.0%  1018 8730s
  8395  6923 363010.529  120   62 442539.024 363010.529  18.0%  1019 8735s
  8401  6924 366513.956  121  114 442539.024 363010.529  18.0%  1020 8742s
  8405  6924 363726.469  121   83 442539.024 363010.529  18.0%  1021 8745s
  8412  6929 363525.640  121   86 442539.024 363010.529  18.0%  1022 8750s
  8413  6930 367011.186  122   69 442539.024 363010.529  18.0%  1023 8756s
  8418  6931 374097.351  119   78 442539.024 363010.529  18.0%  1024 8760s
  8425  6934 365398.954  121   66 442539.024 363010.529  18.0%  1025 8765s
  8429  6935 368388.262  120  119 442539.024 363010.529  18.0%  1026 8770s
  8438  6942 363010.529  116   87 442539.024 363010.529  18.0%  1026 8775s
  8443  6945 368801.278  116  115 442539.024 363010.529  18.0%  1027 8780s
  8449  6947 367485.646  115  114 442539.024 363010.529  18.0%  1028 8785s
  8455  6950 369026.913  118   99 442539.024 363010.529  18.0%  1029 8793s
  8457  6951 366030.925  118   94 442539.024 363010.529  18.0%  1029 8795s
  8464  6953 363010.529  114   26 442539.024 363010.529  18.0%  1031 8800s
  8469  6957 363010.529  115   39 442539.024 363010.529  18.0%  1032 8805s
  8474  6961 363010.529  113   83 442539.024 363010.529  18.0%  1033 8810s
  8480  6962 377655.149  116   83 442539.024 363010.529  18.0%  1034 8815s
  8482  6963 363010.529  114   45 442539.024 363010.529  18.0%  1035 8827s
  8484  6964 363010.529  114   39 442539.024 363010.529  18.0%  1035 8830s
  8489  6965 365555.267  115   60 442539.024 363010.529  18.0%  1036 8835s
  8494  6967 363010.529  112   52 442539.024 363010.529  18.0%  1037 8840s
  8499  6971 363010.529  113   54 442539.024 363010.529  18.0%  1037 8846s
  8502  6974 363010.529  113   78 442539.024 363010.529  18.0%  1038 8850s
  8507  6978 365232.419  114   71 442539.024 363010.529  18.0%  1039 8855s
  8511  6980 365265.007  115  100 442539.024 363010.529  18.0%  1040 8860s
  8514  6980 368440.379  115   75 442539.024 363010.529  18.0%  1041 8873s
  8516  6980 365270.824  115   87 442539.024 363010.529  18.0%  1042 8875s
  8522  6982 363024.579  115   97 442539.024 363010.529  18.0%  1043 8880s
  8529  6984 377026.388  112   88 442539.024 363010.529  18.0%  1044 8885s
  8535  6988 363010.529  113   76 442539.024 363010.529  18.0%  1045 8891s
  8536  6989 363010.529  111   48 442539.024 363010.529  18.0%  1045 8898s
  8538  6990 365243.031  114   81 442539.024 363010.529  18.0%  1045 8900s
  8542  6993 363010.529  112   60 442539.024 363010.529  18.0%  1046 8906s
  8546  6996 363010.529  115   57 442539.024 363010.529  18.0%  1047 8911s
  8550  6998 363010.529  113   57 442539.024 363010.529  18.0%  1048 8915s
  8556  7001 365368.904  116   92 442539.024 363010.529  18.0%  1048 8920s
  8563  7002 368388.262  114  123 442539.024 363010.529  18.0%  1049 8925s
  8569  7004 363010.529  111   51 442539.024 363010.529  18.0%  1050 8930s
  8575  7010 363010.529  112   62 442539.024 363010.529  18.0%  1050 8935s
  8580  7014 364270.874  111  120 442539.024 363010.529  18.0%  1051 8940s
  8587  7018 363010.529  113   77 442539.024 363010.529  18.0%  1052 8945s
  8590  7019 368434.298  113  103 442539.024 363010.529  18.0%  1052 8952s
  8594  7021 366768.810  114   92 442539.024 363010.529  18.0%  1052 8955s
  8600  7022 365265.007  114  110 442539.024 363010.529  18.0%  1054 8960s
  8607  7024 363010.529  110   44 442539.024 363010.529  18.0%  1055 8965s
  8613  7028 364270.874  111  124 442539.024 363010.529  18.0%  1055 8996s
  8615  7030 364183.797  111  107 442539.024 363010.529  18.0%  1056 9000s

Cutting planes:
  Gomory: 62
  Lift-and-project: 3
  MIR: 1
  Flow cover: 39
  RLT: 8
  Relax-and-lift: 23

Explored 8616 nodes (9145683 simplex iterations) in 9000.01 seconds (5359.26 work units)
Thread count was 1 (of 8 available processors)

Solution count 6: 442539 593950 671660 ... 763234

Time limit reached
Best objective 4.425390240000e+05, best bound 3.630105286090e+05, gap 17.9710%
