C:\Users\TECNO-MASTER\anaconda3\lib\site-packages\pandas\core\indexes\base.py:6999: FutureWarning: In a future version, the Index constructor will not infer numeric dtypes when passed object-dtype sequences (matching Series behavior)
  return Index(sequences[0], name=names)
C:\Users\TECNO-MASTER\anaconda3\lib\site-packages\pandas\core\indexes\base.py:6999: FutureWarning: In a future version, the Index constructor will not infer numeric dtypes when passed object-dtype sequences (matching Series behavior)
  return Index(sequences[0], name=names)
C:\Users\TECNO-MASTER\anaconda3\lib\site-packages\pandas\core\indexes\base.py:6999: FutureWarning: In a future version, the Index constructor will not infer numeric dtypes when passed object-dtype sequences (matching Series behavior)
  return Index(sequences[0], name=names)
C:\Users\TECNO-MASTER\anaconda3\lib\site-packages\pandas\core\indexes\base.py:6999: FutureWarning: In a future version, the Index constructor will not infer numeric dtypes when passed object-dtype sequences (matching Series behavior)
  return Index(sequences[0], name=names)
C:\Users\TECNO-MASTER\anaconda3\lib\site-packages\pandas\core\indexes\base.py:6999: FutureWarning: In a future version, the Index constructor will not infer numeric dtypes when passed object-dtype sequences (matching Series behavior)
  return Index(sequences[0], name=names)
C:\Users\TECNO-MASTER\anaconda3\lib\site-packages\pandas\core\indexes\base.py:6999: FutureWarning: In a future version, the Index constructor will not infer numeric dtypes when passed object-dtype sequences (matching Series behavior)
  return Index(sequences[0], name=names)
C:\Users\TECNO-MASTER\anaconda3\lib\site-packages\pandas\core\indexes\base.py:6999: FutureWarning: In a future version, the Index constructor will not infer numeric dtypes when passed object-dtype sequences (matching Series behavior)
  return Index(sequences[0], name=names)
C:\Users\TECNO-MASTER\anaconda3\lib\site-packages\pandas\core\indexes\base.py:6999: FutureWarning: In a future version, the Index constructor will not infer numeric dtypes when passed object-dtype sequences (matching Series behavior)
  return Index(sequences[0], name=names)
  [Fase 1 (infra libre)] estacion=station_1 dia=1 -> C:\Users\TECNO-MASTER\Desktop\Elmo_infrastructure_sizing_NP-\output\DCH_septiembre\Bateria_353\Costo_variable\Swap_restringido\Swap_variable_3estaciones_160kW_Descomp/station_1_d1_stage1
formulation time: 11.959223747253418
Set parameter OutputFlag to value 1
Set parameter OutputFlag to value 1
Set parameter LogToConsole to value 1
Set parameter MIPGap to value 0.05
Set parameter TimeLimit to value 1200
Set parameter LogFile to value "C:\Users\TECNO-MASTER\Desktop\Elmo_infrastructure_sizing_NP-\output\DCH_septiembre\Bateria_353\Costo_variable\Swap_restringido\Swap_variable_3estaciones_160kW_Descomp\station_1_d1_stage1\ELMO_log.txt"
Set parameter Threads to value 1
Set parameter Heuristics to value 0.5
Set parameter MIPFocus to value 3
Set parameter Presolve to value 2
Set parameter FlowCoverCuts to value 2
Gurobi Optimizer version 12.0.3 build v12.0.3rc0 (win64 - Windows 11+.0 (26200.2))

CPU model: Intel(R) Core(TM) i9-14900K, instruction set [SSE2|AVX|AVX2]
Thread count: 24 physical cores, 32 logical processors, using up to 1 threads

Non-default parameters:
TimeLimit  1200
MIPGap  0.05
Heuristics  0.5
MIPFocus  3
FlowCoverCuts  2
Presolve  2
Threads  1

Optimize a model with 26872 rows, 53707 columns and 245168 nonzeros
Model fingerprint: 0x7b2a394b
Variable types: 2099 continuous, 51608 integer (18485 binary)
Coefficient statistics:
  Matrix range     [1e+00, 3e+02]
  Objective range  [1e-02, 8e+04]
  Bounds range     [1e+00, 1e+01]
  RHS range        [1e+00, 1e+04]
Presolve removed 25534 rows and 44930 columns
Presolve time: 0.15s
Presolved: 1338 rows, 8777 columns, 28539 nonzeros
Variable types: 216 continuous, 8561 integer (8260 binary)
Found heuristic solution: objective 540263.75254
Root relaxation presolved: 1338 rows, 8777 columns, 28539 nonzeros


Use crossover to convert LP symmetric solution to basic solution...

Root relaxation: objective 2.334445e+05, 4094 iterations, 0.06 seconds (0.07 work units)

    Nodes    |    Current Node    |     Objective Bounds      |     Work
 Expl Unexpl |  Obj  Depth IntInf | Incumbent    BestBd   Gap | It/Node Time

     0     0 233444.497    0   39 540263.753 233444.497  56.8%     -    0s
H    0     0                    540041.61375 233444.497  56.8%     -    0s
H    0     0                    540017.69848 233444.497  56.8%     -    0s
     0     0 235842.115    0   36 540017.698 235842.115  56.3%     -    0s
H    0     0                    433840.50822 235881.253  45.6%     -    0s
H    0     0                    433804.98264 235881.253  45.6%     -    0s
H    0     0                    432650.31630 235881.253  45.5%     -    0s
H    0     0                    431561.61077 235881.253  45.3%     -    1s
H    0     0                    431366.29992 235881.253  45.3%     -    1s
H    0     0                    291895.24670 235881.253  19.2%     -    1s
     0     0 264076.246    0   10 291895.247 264076.246  9.53%     -    1s
     0     0 264076.246    0   12 291895.247 264076.246  9.53%     -    1s
     0     0 264076.246    0   16 291895.247 264076.246  9.53%     -    2s
C:\Users\TECNO-MASTER\anaconda3\lib\site-packages\pandas\core\indexes\base.py:6999: FutureWarning: In a future version, the Index constructor will not infer numeric dtypes when passed object-dtype sequences (matching Series behavior)
  return Index(sequences[0], name=names)
  [Fase 1 (infra libre)] estacion=station_1 dia=60 -> C:\Users\TECNO-MASTER\Desktop\Elmo_infrastructure_sizing_NP-\output\DCH_septiembre\Bateria_353\Costo_variable\Swap_restringido\Swap_variable_3estaciones_160kW_Descomp/station_1_d60_stage1
formulation time: 12.05116081237793
Set parameter OutputFlag to value 1
Set parameter OutputFlag to value 1
Set parameter LogToConsole to value 1
Set parameter MIPGap to value 0.05
Set parameter TimeLimit to value 1200
Set parameter LogFile to value "C:\Users\TECNO-MASTER\Desktop\Elmo_infrastructure_sizing_NP-\output\DCH_septiembre\Bateria_353\Costo_variable\Swap_restringido\Swap_variable_3estaciones_160kW_Descomp\station_1_d60_stage1\ELMO_log.txt"
Set parameter Threads to value 1
Set parameter Heuristics to value 0.5
Set parameter MIPFocus to value 3
Set parameter Presolve to value 2
Set parameter FlowCoverCuts to value 2
Gurobi Optimizer version 12.0.3 build v12.0.3rc0 (win64 - Windows 11+.0 (26200.2))

CPU model: Intel(R) Core(TM) i9-14900K, instruction set [SSE2|AVX|AVX2]
Thread count: 24 physical cores, 32 logical processors, using up to 1 threads

Non-default parameters:
TimeLimit  1200
MIPGap  0.05
Heuristics  0.5
MIPFocus  3
FlowCoverCuts  2
Presolve  2
Threads  1

Optimize a model with 26872 rows, 53707 columns and 245168 nonzeros
Model fingerprint: 0x35acdd0b
Variable types: 2099 continuous, 51608 integer (18485 binary)
Coefficient statistics:
  Matrix range     [1e+00, 3e+02]
  Objective range  [9e-03, 8e+04]
  Bounds range     [1e+00, 1e+01]
  RHS range        [1e+00, 1e+04]
     0     0 264076.246    0   17 291895.247 264076.246  9.53%     -    2s
Presolve removed 25543 rows and 44939 columns
Presolve time: 0.17s
Presolved: 1329 rows, 8768 columns, 28334 nonzeros
Variable types: 216 continuous, 8552 integer (8260 binary)
Found heuristic solution: objective 538008.99050
Root relaxation presolved: 1329 rows, 8768 columns, 28334 nonzeros


Use crossover to convert LP symmetric solution to basic solution...

Root relaxation: objective 2.330312e+05, 3883 iterations, 0.06 seconds (0.06 work units)
     0     0 264076.246    0   18 291895.247 264076.246  9.53%     -    2s
     0     0 264076.246    0   12 291895.247 264076.246  9.53%     -    3s

    Nodes    |    Current Node    |     Objective Bounds      |     Work
 Expl Unexpl |  Obj  Depth IntInf | Incumbent    BestBd   Gap | It/Node Time

     0     0 233031.156    0   45 538008.990 233031.156  56.7%     -    0s
H    0     0                    537979.39828 233031.156  56.7%     -    0s
H    0     0                    537963.08951 233031.156  56.7%     -    0s
     0     0 235422.660    0   44 537963.090 235422.660  56.2%     -    0s
H    0     0                    537946.78074 235471.143  56.2%     -    0s
H    0     0                    537599.67919 235471.143  56.2%     -    0s
     0     2 264076.246    0   12 291895.247 264076.246  9.53%     -    3s
H    0     0                    433404.83986 235471.143  45.7%     -    0s
H    0     0                    433355.98704 235471.143  45.7%     -    0s
H    0     0                    430892.47824 235471.143  45.4%     -    1s
H    0     0                    291332.89541 235471.143  19.2%     -    1s
     0     0 263557.949    0   12 291332.895 263557.949  9.53%     -    1s
     0     0 263557.949    0   17 291332.895 263557.949  9.53%     -    2s
    19    21 264076.246   10   15 291895.247 264076.246  9.53%   473    5s
  [Fase 1 (infra libre)] estacion=station_1 dia=91 -> C:\Users\TECNO-MASTER\Desktop\Elmo_infrastructure_sizing_NP-\output\DCH_septiembre\Bateria_353\Costo_variable\Swap_restringido\Swap_variable_3estaciones_160kW_Descomp/station_1_d91_stage1
formulation time: 12.09385895729065
Set parameter OutputFlag to value 1
Set parameter OutputFlag to value 1
Set parameter LogToConsole to value 1
Set parameter MIPGap to value 0.05
Set parameter TimeLimit to value 1200
Set parameter LogFile to value "C:\Users\TECNO-MASTER\Desktop\Elmo_infrastructure_sizing_NP-\output\DCH_septiembre\Bateria_353\Costo_variable\Swap_restringido\Swap_variable_3estaciones_160kW_Descomp\station_1_d91_stage1\ELMO_log.txt"
Set parameter Threads to value 1
Set parameter Heuristics to value 0.5
Set parameter MIPFocus to value 3
Set parameter Presolve to value 2
Set parameter FlowCoverCuts to value 2
C:\Users\TECNO-MASTER\anaconda3\lib\site-packages\pandas\core\indexes\base.py:6999: FutureWarning: In a future version, the Index constructor will not infer numeric dtypes when passed object-dtype sequences (matching Series behavior)
  return Index(sequences[0], name=names)
     0     0 263557.949    0   13 291332.895 263557.949  9.53%     -    2s
Gurobi Optimizer version 12.0.3 build v12.0.3rc0 (win64 - Windows 11+.0 (26200.2))

CPU model: Intel(R) Core(TM) i9-14900K, instruction set [SSE2|AVX|AVX2]
Thread count: 24 physical cores, 32 logical processors, using up to 1 threads

Non-default parameters:
TimeLimit  1200
MIPGap  0.05
Heuristics  0.5
MIPFocus  3
FlowCoverCuts  2
Presolve  2
Threads  1

Optimize a model with 26902 rows, 53707 columns and 245228 nonzeros
Model fingerprint: 0x5c8847a1
Variable types: 2099 continuous, 51608 integer (18485 binary)
Coefficient statistics:
  Matrix range     [1e+00, 3e+02]
  Objective range  [1e-02, 8e+04]
  Bounds range     [1e+00, 1e+01]
  RHS range        [1e+00, 1e+04]
Presolve removed 25510 rows and 44905 columns
Presolve time: 0.18s
Presolved: 1392 rows, 8802 columns, 29093 nonzeros
Variable types: 216 continuous, 8586 integer (8260 binary)
Found heuristic solution: objective 579248.37240
     0     0 263557.949    0   14 291332.895 263557.949  9.53%     -    2s
Root relaxation presolved: 1392 rows, 8802 columns, 29093 nonzeros


Use crossover to convert LP symmetric solution to basic solution...

Root relaxation: objective 2.603277e+05, 4168 iterations, 0.06 seconds (0.07 work units)
     0     0 263557.949    0   46 291332.895 263557.949  9.53%     -    2s

    Nodes    |    Current Node    |     Objective Bounds      |     Work
 Expl Unexpl |  Obj  Depth IntInf | Incumbent    BestBd   Gap | It/Node Time

     0     0 260327.713    0   62 579248.372 260327.713  55.1%     -    0s
     0     0 263557.949    0   13 291332.895 263557.949  9.53%     -    3s
     0     0 263557.949    0   13 291332.895 263557.949  9.53%     -    3s
     0     0 260327.713    0   61 579248.372 260327.713  55.1%     -    0s
H    0     0                    578778.03924 260376.887  55.0%     -    0s
H    0     0                    559578.03924 260376.887  53.5%     -    0s
H    0     0                    539333.82987 260376.887  51.7%     -    0s
H    0     0                    537942.86372 260376.887  51.6%     -    0s
H    0     0                    537919.85556 260376.887  51.6%     -    0s
H    0     0                    537449.52240 260376.887  51.6%     -    0s
H    0     0                    429410.88992 260376.887  39.4%     -    0s
H    0     0                    428114.62868 260376.887  39.2%     -    0s
H    0     0                    426739.55288 260376.887  39.0%     -    0s
H    0     0                    409953.52447 260376.887  36.5%     -    0s
H    0     0                    409927.73730 260376.887  36.5%     -    1s
     0     0 263085.797    0   66 409927.737 263085.797  35.8%     -    1s
     0     2 263557.949    0   12 291332.895 263557.949  9.53%     -    3s
     0     0 265059.182    0   12 409927.737 265059.182  35.3%     -    1s
     0     0 265059.182    0   21 409927.737 265059.182  35.3%     -    1s
     0     0 265059.182    0   17 409927.737 265059.182  35.3%     -    1s
H    0     0                    409901.95013 265059.182  35.3%     -    1s
    16    18 263557.949    7   33 291332.895 263557.949  9.53%   245    5s
H    0     0                    409893.75032 265059.182  35.3%     -    2s
     0     0 265059.182    0   17 409893.750 265059.182  35.3%     -    2s
  [Fase 1 (infra libre)] estacion=station_1 dia=32 -> C:\Users\TECNO-MASTER\Desktop\Elmo_infrastructure_sizing_NP-\output\DCH_septiembre\Bateria_353\Costo_variable\Swap_restringido\Swap_variable_3estaciones_160kW_Descomp/station_1_d32_stage1
formulation time: 12.183159828186035
Set parameter OutputFlag to value 1
Set parameter OutputFlag to value 1
Set parameter LogToConsole to value 1
Set parameter MIPGap to value 0.05
Set parameter TimeLimit to value 1200
Set parameter LogFile to value "C:\Users\TECNO-MASTER\Desktop\Elmo_infrastructure_sizing_NP-\output\DCH_septiembre\Bateria_353\Costo_variable\Swap_restringido\Swap_variable_3estaciones_160kW_Descomp\station_1_d32_stage1\ELMO_log.txt"
Set parameter Threads to value 1
Set parameter Heuristics to value 0.5
Set parameter MIPFocus to value 3
Set parameter Presolve to value 2
Set parameter FlowCoverCuts to value 2
Gurobi Optimizer version 12.0.3 build v12.0.3rc0 (win64 - Windows 11+.0 (26200.2))

CPU model: Intel(R) Core(TM) i9-14900K, instruction set [SSE2|AVX|AVX2]
Thread count: 24 physical cores, 32 logical processors, using up to 1 threads

Non-default parameters:
TimeLimit  1200
MIPGap  0.05
Heuristics  0.5
MIPFocus  3
FlowCoverCuts  2
Presolve  2
Threads  1

Optimize a model with 26872 rows, 53707 columns and 245168 nonzeros
Model fingerprint: 0x44e33a75
Variable types: 2099 continuous, 51608 integer (18485 binary)
Coefficient statistics:
  Matrix range     [1e+00, 3e+02]
  Objective range  [3e-03, 8e+04]
  Bounds range     [1e+00, 1e+01]
  RHS range        [1e+00, 1e+04]
C:\Users\TECNO-MASTER\anaconda3\lib\site-packages\pandas\core\indexes\base.py:6999: FutureWarning: In a future version, the Index constructor will not infer numeric dtypes when passed object-dtype sequences (matching Series behavior)
  return Index(sequences[0], name=names)
     0     0 265059.182    0   17 409893.750 265059.182  35.3%     -    2s
Presolve removed 25521 rows and 44917 columns
Presolve time: 0.17s
Presolved: 1351 rows, 8790 columns, 28858 nonzeros
Variable types: 216 continuous, 8574 integer (8260 binary)
Root relaxation presolved: 1351 rows, 8790 columns, 28858 nonzeros

     0     0 265059.182    0   15 409893.750 265059.182  35.3%     -    2s

Use crossover to convert LP symmetric solution to basic solution...

Root relaxation: objective 2.335308e+05, 3941 iterations, 0.06 seconds (0.07 work units)
H    0     0                    409885.55051 265059.182  35.3%     -    3s
     0     2 265059.182    0   10 409885.551 265059.182  35.3%     -    3s

    Nodes    |    Current Node    |     Objective Bounds      |     Work
 Expl Unexpl |  Obj  Depth IntInf | Incumbent    BestBd   Gap | It/Node Time

     0     0 233530.807    0   36          - 233530.807      -     -    0s
     0     0 235929.475    0   32          - 235929.475      -     -    0s
     0     0 235945.937    0   42          - 235945.937      -     -    0s
     0     0 252694.834    0   77          - 252694.834      -     -    1s
     0     0 261878.698    0   48          - 261878.698      -     -    1s
     0     0 261878.698    0   58          - 261878.698      -     -    1s
    72    74 264076.246   12   22 291895.247 264076.246  9.53%   346   10s
     0     0 264139.121    0   12          - 264139.121      -     -    2s
     0     0 264139.121    0   18          - 264139.121      -     -    2s
    23    25 265059.182   10   13 409885.551 265059.182  35.3%   580    5s
     0     0 264139.121    0   14          - 264139.121      -     -    2s
     0     0 264139.121    0   42          - 264139.121      -     -    2s
C:\Users\TECNO-MASTER\anaconda3\lib\site-packages\pandas\core\indexes\base.py:6999: FutureWarning: In a future version, the Index constructor will not infer numeric dtypes when passed object-dtype sequences (matching Series behavior)
  return Index(sequences[0], name=names)
     0     0 264139.121    0   47          - 264139.121      -     -    2s
  [Fase 1 (infra libre)] estacion=station_1 dia=152 -> C:\Users\TECNO-MASTER\Desktop\Elmo_infrastructure_sizing_NP-\output\DCH_septiembre\Bateria_353\Costo_variable\Swap_restringido\Swap_variable_3estaciones_160kW_Descomp/station_1_d152_stage1
formulation time: 12.584129333496094
Set parameter OutputFlag to value 1
Set parameter OutputFlag to value 1
Set parameter LogToConsole to value 1
Set parameter MIPGap to value 0.05
Set parameter TimeLimit to value 1200
Set parameter LogFile to value "C:\Users\TECNO-MASTER\Desktop\Elmo_infrastructure_sizing_NP-\output\DCH_septiembre\Bateria_353\Costo_variable\Swap_restringido\Swap_variable_3estaciones_160kW_Descomp\station_1_d152_stage1\ELMO_log.txt"
Set parameter Threads to value 1
Set parameter Heuristics to value 0.5
Set parameter MIPFocus to value 3
Set parameter Presolve to value 2
Set parameter FlowCoverCuts to value 2
Gurobi Optimizer version 12.0.3 build v12.0.3rc0 (win64 - Windows 11+.0 (26200.2))

CPU model: Intel(R) Core(TM) i9-14900K, instruction set [SSE2|AVX|AVX2]
Thread count: 24 physical cores, 32 logical processors, using up to 1 threads

Non-default parameters:
TimeLimit  1200
MIPGap  0.05
Heuristics  0.5
MIPFocus  3
FlowCoverCuts  2
Presolve  2
Threads  1

Optimize a model with 26902 rows, 53707 columns and 245228 nonzeros
Model fingerprint: 0x846d92b1
Variable types: 2099 continuous, 51608 integer (18485 binary)
Coefficient statistics:
  Matrix range     [1e+00, 3e+02]
  Objective range  [1e-02, 8e+04]
  Bounds range     [1e+00, 1e+01]
  RHS range        [1e+00, 1e+04]
     0     0 264139.121    0   20          - 264139.121      -     -    3s
Presolve removed 25524 rows and 44919 columns
Presolve time: 0.17s
Presolved: 1378 rows, 8788 columns, 28916 nonzeros
Variable types: 216 continuous, 8572 integer (8260 binary)
Found heuristic solution: objective 620265.27533
Root relaxation presolved: 1378 rows, 8788 columns, 28916 nonzeros


Use crossover to convert LP symmetric solution to basic solution...
H    0     0                    292120.79808 264139.121  9.58%     -    3s
H    0     0                    292069.75595 264139.121  9.56%     -    3s

Root relaxation: objective 2.605352e+05, 4111 iterations, 0.06 seconds (0.07 work units)
H    0     0                    292048.03228 264139.121  9.56%     -    3s
H    0     0                    292019.13655 264139.121  9.55%     -    3s
H    0     0                    292007.21677 264139.121  9.54%     -    3s

    Nodes    |    Current Node    |     Objective Bounds      |     Work
 Expl Unexpl |  Obj  Depth IntInf | Incumbent    BestBd   Gap | It/Node Time

     0     0 260535.203    0   74 620265.275 260535.203  58.0%     -    0s
     0     2 264139.121    0   18 292007.217 264139.121  9.54%     -    3s
     0     0 263311.868    0   80 620265.275 263311.868  57.5%     -    0s
H    0     0                    581311.20806 263312.351  54.7%     -    0s
H    0     0                    581012.45596 263312.351  54.7%     -    0s
H    0     0                    579938.03501 263312.351  54.6%     -    0s
H    0     0                    448804.02221 263312.351  41.3%     -    0s
H    0     0                    429806.88438 263312.351  38.7%     -    1s
H    0     0                    428058.44744 263312.351  38.5%     -    1s
     0     0 263312.351    0   86 428058.447 263312.351  38.5%     -    1s
     0     0 265665.316    0   14 428058.447 265665.316  37.9%     -    1s
H   54    54                    409879.23987 265059.182  35.3%   558    7s
     0     0 265665.316    0   10 428058.447 265665.316  37.9%     -    1s
    81    83 263557.949   18   13 291332.895 263557.949  9.53%   308   10s
    14    16 264139.121    7   88 292007.217 264139.121  9.54%   341    5s
H    0     0                    410506.24681 265665.316  35.3%     -    2s
     0     0 265665.316    0   10 410506.247 265665.316  35.3%     -    2s
  [Fase 1 (infra libre)] estacion=station_1 dia=121 -> C:\Users\TECNO-MASTER\Desktop\Elmo_infrastructure_sizing_NP-\output\DCH_septiembre\Bateria_353\Costo_variable\Swap_restringido\Swap_variable_3estaciones_160kW_Descomp/station_1_d121_stage1
formulation time: 12.632502317428589
Set parameter OutputFlag to value 1
Set parameter OutputFlag to value 1
Set parameter LogToConsole to value 1
Set parameter MIPGap to value 0.05
Set parameter TimeLimit to value 1200
Set parameter LogFile to value "C:\Users\TECNO-MASTER\Desktop\Elmo_infrastructure_sizing_NP-\output\DCH_septiembre\Bateria_353\Costo_variable\Swap_restringido\Swap_variable_3estaciones_160kW_Descomp\station_1_d121_stage1\ELMO_log.txt"
Set parameter Threads to value 1
Set parameter Heuristics to value 0.5
Set parameter MIPFocus to value 3
Set parameter Presolve to value 2
Set parameter FlowCoverCuts to value 2
Gurobi Optimizer version 12.0.3 build v12.0.3rc0 (win64 - Windows 11+.0 (26200.2))

CPU model: Intel(R) Core(TM) i9-14900K, instruction set [SSE2|AVX|AVX2]
Thread count: 24 physical cores, 32 logical processors, using up to 1 threads

Non-default parameters:
TimeLimit  1200
MIPGap  0.05
Heuristics  0.5
MIPFocus  3
FlowCoverCuts  2
Presolve  2
Threads  1

Optimize a model with 26902 rows, 53707 columns and 245228 nonzeros
Model fingerprint: 0xd9b2a61f
Variable types: 2099 continuous, 51608 integer (18485 binary)
Coefficient statistics:
  Matrix range     [1e+00, 3e+02]
  Objective range  [8e-03, 8e+04]
  Bounds range     [1e+00, 1e+01]
  RHS range        [1e+00, 1e+04]
     0     0 265665.316    0   17 410506.247 265665.316  35.3%     -    2s
     0     0 265665.316    0   28 410506.247 265665.316  35.3%     -    2s
Presolve removed 25524 rows and 44919 columns
Presolve time: 0.18s
Presolved: 1378 rows, 8788 columns, 28916 nonzeros
Variable types: 216 continuous, 8572 integer (8260 binary)
Found heuristic solution: objective 616906.62249
Root relaxation presolved: 1378 rows, 8788 columns, 28916 nonzeros


Use crossover to convert LP symmetric solution to basic solution...

Root relaxation: objective 2.588220e+05, 4112 iterations, 0.06 seconds (0.06 work units)
C:\Users\TECNO-MASTER\anaconda3\lib\site-packages\pandas\core\indexes\base.py:6999: FutureWarning: In a future version, the Index constructor will not infer numeric dtypes when passed object-dtype sequences (matching Series behavior)
  return Index(sequences[0], name=names)
     0     0 265665.316    0   19 410506.247 265665.316  35.3%     -    2s
     0     0 265665.316    0   17 410506.247 265665.316  35.3%     -    2s

    Nodes    |    Current Node    |     Objective Bounds      |     Work
 Expl Unexpl |  Obj  Depth IntInf | Incumbent    BestBd   Gap | It/Node Time

     0     0 258822.005    0   64 616906.622 258822.005  58.0%     -    0s
     0     0 258903.334    0   60 616906.622 258903.334  58.0%     -    1s
H    0     0                    616667.19395 258907.618  58.0%     -    1s
H    0     0                    577699.11160 258907.618  55.2%     -    1s
H    0     0                    577022.52423 258907.618  55.1%     -    1s
H    0     0                    576969.66398 258907.618  55.1%     -    1s
H    0     0                    469162.71837 258907.618  44.8%     -    1s
H    0     0                    425851.62815 258907.618  39.2%     -    1s
H    0     0                    425709.66623 258907.618  39.2%     -    1s
     0     0 261569.596    0   62 425709.666 261569.596  38.6%     -    1s
     0     2 265665.316    0   15 410506.247 265665.316  35.3%     -    4s
   138   140 264076.246   27   27 291895.247 264076.246  9.53%   271   15s
     0     0 263479.602    0   44 425709.666 263479.602  38.1%     -    1s
     0     0 263479.602    0   52 425709.666 263479.602  38.1%     -    1s
    94    96 265059.182   22   44 409879.240 265059.182  35.3%   386   10s
     0     0 263479.602    0   19 425709.666 263479.602  38.1%     -    2s
    16    18 265665.316    8   37 410506.247 265665.316  35.3%   141    5s
     0     0 263479.602    0   10 425709.666 263479.602  38.1%     -    2s
     0     0 263479.602    0   28 425709.666 263479.602  38.1%     -    2s
  [Fase 1 (infra libre)] estacion=station_1 dia=244 -> C:\Users\TECNO-MASTER\Desktop\Elmo_infrastructure_sizing_NP-\output\DCH_septiembre\Bateria_353\Costo_variable\Swap_restringido\Swap_variable_3estaciones_160kW_Descomp/station_1_d244_stage1
formulation time: 12.851685047149658
Set parameter OutputFlag to value 1
Set parameter OutputFlag to value 1
Set parameter LogToConsole to value 1
Set parameter MIPGap to value 0.05
Set parameter TimeLimit to value 1200
Set parameter LogFile to value "C:\Users\TECNO-MASTER\Desktop\Elmo_infrastructure_sizing_NP-\output\DCH_septiembre\Bateria_353\Costo_variable\Swap_restringido\Swap_variable_3estaciones_160kW_Descomp\station_1_d244_stage1\ELMO_log.txt"
Set parameter Threads to value 1
Set parameter Heuristics to value 0.5
Set parameter MIPFocus to value 3
Set parameter Presolve to value 2
Set parameter FlowCoverCuts to value 2
Gurobi Optimizer version 12.0.3 build v12.0.3rc0 (win64 - Windows 11+.0 (26200.2))

CPU model: Intel(R) Core(TM) i9-14900K, instruction set [SSE2|AVX|AVX2]
Thread count: 24 physical cores, 32 logical processors, using up to 1 threads

Non-default parameters:
TimeLimit  1200
MIPGap  0.05
Heuristics  0.5
MIPFocus  3
FlowCoverCuts  2
Presolve  2
Threads  1

Optimize a model with 26902 rows, 53707 columns and 245228 nonzeros
Model fingerprint: 0xfb2fab9f
Variable types: 2099 continuous, 51608 integer (18485 binary)
Coefficient statistics:
  Matrix range     [1e+00, 3e+02]
  Objective range  [8e-03, 8e+04]
  Bounds range     [1e+00, 1e+01]
  RHS range        [1e+00, 1e+04]
     0     0 263479.602    0   20 425709.666 263479.602  38.1%     -    2s
     0     0 263479.602    0   23 425709.666 263479.602  38.1%     -    3s
Presolve removed 25510 rows and 44905 columns
Presolve time: 0.18s
Presolved: 1392 rows, 8802 columns, 29093 nonzeros
Variable types: 216 continuous, 8586 integer (8260 binary)
Found heuristic solution: objective 578058.65616
Root relaxation presolved: 1392 rows, 8802 columns, 29093 nonzeros


Use crossover to convert LP symmetric solution to basic solution...

Root relaxation: objective 2.597698e+05, 4302 iterations, 0.07 seconds (0.07 work units)
C:\Users\TECNO-MASTER\anaconda3\lib\site-packages\pandas\core\indexes\base.py:6999: FutureWarning: In a future version, the Index constructor will not infer numeric dtypes when passed object-dtype sequences (matching Series behavior)
  return Index(sequences[0], name=names)
     0     0 263479.602    0   11 425709.666 263479.602  38.1%     -    3s
     0     0 263479.602    0   11 425709.666 263479.602  38.1%     -    3s

    Nodes    |    Current Node    |     Objective Bounds      |     Work
 Expl Unexpl |  Obj  Depth IntInf | Incumbent    BestBd   Gap | It/Node Time

     0     0 259769.839    0   68 578058.656 259769.839  55.1%     -    0s
     0     0 262529.381    0   65 578058.656 262529.381  54.6%     -    0s
     0     2 263479.602    0   11 425709.666 263479.602  38.1%     -    3s
H    0     0                    576496.81135 262581.506  54.5%     -    0s
H    0     0                    552553.81135 262581.506  52.5%     -    1s
H    0     0                    445400.30693 262581.506  41.0%     -    1s
H    0     0                    445169.48931 262581.506  41.0%     -    1s
H    0     0                    428047.78449 262581.506  38.7%     -    1s
H    0     0                    428031.73817 262581.506  38.7%     -    1s
H    0     0                    426348.10633 262581.506  38.4%     -    1s
H    0     0                    426002.84388 262581.506  38.4%     -    1s
H    0     0                    425857.86227 262581.506  38.3%     -    1s
H    0     0                    425366.27813 262581.506  38.3%     -    1s
H    0     0                    425319.18738 262581.506  38.3%     -    1s
    73    75 264139.121   22   39 292007.217 264139.121  9.54%   268   10s
   156   158 263557.949   40   14 291332.895 263557.949  9.53%   233   15s
     0     0 264283.658    0  101 425319.187 264283.658  37.9%     -    1s
     0     0 264283.658    0  114 425319.187 264283.658  37.9%     -    1s
    14    16 263479.602    4   64 425709.666 263479.602  38.1%   366    5s
     0     0 264479.105    0   87 425319.187 264479.105  37.8%     -    2s
H    0     0                    363711.36950 264482.021  27.3%     -    2s
  [Fase 1 (infra libre)] estacion=station_1 dia=182 -> C:\Users\TECNO-MASTER\Desktop\Elmo_infrastructure_sizing_NP-\output\DCH_septiembre\Bateria_353\Costo_variable\Swap_restringido\Swap_variable_3estaciones_160kW_Descomp/station_1_d182_stage1
formulation time: 13.068869352340698
Set parameter OutputFlag to value 1
Set parameter OutputFlag to value 1
Set parameter LogToConsole to value 1
Set parameter MIPGap to value 0.05
Set parameter TimeLimit to value 1200
Set parameter LogFile to value "C:\Users\TECNO-MASTER\Desktop\Elmo_infrastructure_sizing_NP-\output\DCH_septiembre\Bateria_353\Costo_variable\Swap_restringido\Swap_variable_3estaciones_160kW_Descomp\station_1_d182_stage1\ELMO_log.txt"
Set parameter Threads to value 1
Set parameter Heuristics to value 0.5
Set parameter MIPFocus to value 3
Set parameter Presolve to value 2
Set parameter FlowCoverCuts to value 2
Gurobi Optimizer version 12.0.3 build v12.0.3rc0 (win64 - Windows 11+.0 (26200.2))

CPU model: Intel(R) Core(TM) i9-14900K, instruction set [SSE2|AVX|AVX2]
Thread count: 24 physical cores, 32 logical processors, using up to 1 threads

Non-default parameters:
TimeLimit  1200
MIPGap  0.05
Heuristics  0.5
MIPFocus  3
FlowCoverCuts  2
Presolve  2
Threads  1

Optimize a model with 26902 rows, 53707 columns and 245228 nonzeros
Model fingerprint: 0x338dc2f4
Variable types: 2099 continuous, 51608 integer (18485 binary)
Coefficient statistics:
  Matrix range     [1e+00, 3e+02]
  Objective range  [1e-02, 8e+04]
  Bounds range     [1e+00, 1e+01]
  RHS range        [1e+00, 1e+04]
     0     0 264482.021    0  126 363711.369 264482.021  27.3%     -    2s
Presolve removed 25524 rows and 44919 columns
Presolve time: 0.18s
Presolved: 1378 rows, 8788 columns, 28916 nonzeros
Variable types: 216 continuous, 8572 integer (8260 binary)
Found heuristic solution: objective 620556.56508
Root relaxation presolved: 1378 rows, 8788 columns, 28916 nonzeros


Use crossover to convert LP symmetric solution to basic solution...

Root relaxation: objective 2.604950e+05, 3999 iterations, 0.06 seconds (0.06 work units)
     0     0 264482.021    0   11 363711.369 264482.021  27.3%     -    3s
C:\Users\TECNO-MASTER\anaconda3\lib\site-packages\pandas\core\indexes\base.py:6999: FutureWarning: In a future version, the Index constructor will not infer numeric dtypes when passed object-dtype sequences (matching Series behavior)
  return Index(sequences[0], name=names)

    Nodes    |    Current Node    |     Objective Bounds      |     Work
 Expl Unexpl |  Obj  Depth IntInf | Incumbent    BestBd   Gap | It/Node Time

     0     0 260494.970    0   81 620556.565 260494.970  58.0%     -    0s
     0     0 264482.021    0   14 363711.369 264482.021  27.3%     -    3s
H    0     0                    620479.15793 260494.970  58.0%     -    0s
     0     0 264482.021    0   26 363711.369 264482.021  27.3%     -    3s
     0     0 260576.901    0   82 620479.158 260576.901  58.0%     -    0s
H    0     0                    581646.23886 260617.868  55.2%     -    0s
   167   169 264076.246   42   26 291895.247 264076.246  9.53%   267   20s
H    0     0                    453049.89624 260617.868  42.5%     -    1s
H    0     0                    364450.98993 260617.868  28.5%     -    1s
H    0     0                    364393.64542 260617.868  28.5%     -    1s
     0     0 263262.902    0  106 364393.645 263262.902  27.8%     -    1s
     0     0 264482.021    0   19 363711.369 264482.021  27.3%     -    4s
     0     0 264482.021    0   16 363711.369 264482.021  27.3%     -    4s
   162   164 265059.182   62   22 409879.240 265059.182  35.3%   263   15s
     0     0 265408.262    0  104 364393.645 265408.262  27.2%     -    1s
H    0     0                    363660.53084 264482.021  27.3%     -    4s
    69    71 265665.316   36   51 410506.247 265665.316  35.3%   290   10s
     0     0 265465.494    0  105 364393.645 265465.494  27.1%     -    1s
     0     2 264482.021    0   16 363660.531 264482.021  27.3%     -    4s
     3     5 264482.021    2   24 363660.531 264482.021  27.3%   164    5s
H  189   189                    291895.16368 264076.246  9.53%   254   21s
  [Fase 1 (infra libre)] estacion=station_1 dia=213 -> C:\Users\TECNO-MASTER\Desktop\Elmo_infrastructure_sizing_NP-\output\DCH_septiembre\Bateria_353\Costo_variable\Swap_restringido\Swap_variable_3estaciones_160kW_Descomp/station_1_d213_stage1
formulation time: 13.298447847366333
Set parameter OutputFlag to value 1
Set parameter OutputFlag to value 1
Set parameter LogToConsole to value 1
Set parameter MIPGap to value 0.05
Set parameter TimeLimit to value 1200
Set parameter LogFile to value "C:\Users\TECNO-MASTER\Desktop\Elmo_infrastructure_sizing_NP-\output\DCH_septiembre\Bateria_353\Costo_variable\Swap_restringido\Swap_variable_3estaciones_160kW_Descomp\station_1_d213_stage1\ELMO_log.txt"
Set parameter Threads to value 1
Set parameter Heuristics to value 0.5
Set parameter MIPFocus to value 3
Set parameter Presolve to value 2
Set parameter FlowCoverCuts to value 2
Gurobi Optimizer version 12.0.3 build v12.0.3rc0 (win64 - Windows 11+.0 (26200.2))

CPU model: Intel(R) Core(TM) i9-14900K, instruction set [SSE2|AVX|AVX2]
Thread count: 24 physical cores, 32 logical processors, using up to 1 threads

Non-default parameters:
TimeLimit  1200
MIPGap  0.05
Heuristics  0.5
MIPFocus  3
FlowCoverCuts  2
Presolve  2
Threads  1

Optimize a model with 26902 rows, 53707 columns and 245228 nonzeros
Model fingerprint: 0x51c7f9eb
Variable types: 2099 continuous, 51608 integer (18485 binary)
Coefficient statistics:
  Matrix range     [1e+00, 3e+02]
  Objective range  [8e-03, 8e+04]
  Bounds range     [1e+00, 1e+01]
  RHS range        [1e+00, 1e+04]
     0     0 265500.436    0   90 364393.645 265500.436  27.1%     -    3s
Presolve removed 25491 rows and 44886 columns
Presolve time: 0.18s
Presolved: 1411 rows, 8821 columns, 28978 nonzeros
Variable types: 216 continuous, 8605 integer (8260 binary)
Found heuristic solution: objective 555780.55609
Root relaxation presolved: 1411 rows, 8821 columns, 28978 nonzeros


Use crossover to convert LP symmetric solution to basic solution...

Root relaxation: objective 2.599837e+05, 4203 iterations, 0.07 seconds (0.07 work units)
   203   205 263557.949   64   18 291332.895 263557.949  9.53%   202   20s

    Nodes    |    Current Node    |     Objective Bounds      |     Work
 Expl Unexpl |  Obj  Depth IntInf | Incumbent    BestBd   Gap | It/Node Time

     0     0 259983.746    0   77 555780.556 259983.746  53.2%     -    0s
C:\Users\TECNO-MASTER\anaconda3\lib\site-packages\pandas\core\indexes\base.py:6999: FutureWarning: In a future version, the Index constructor will not infer numeric dtypes when passed object-dtype sequences (matching Series behavior)
  return Index(sequences[0], name=names)
     0     0 265591.393    0  111 364393.645 265591.393  27.1%     -    3s
     0     0 265591.393    0  113 364393.645 265591.393  27.1%     -    3s
     0     0 262738.545    0   74 555780.556 262738.545  52.7%     -    0s
H    0     0                    555779.11550 262739.336  52.7%     -    1s
H    0     0                    555521.43628 262739.336  52.7%     -    1s
H    0     0                    449824.19028 262739.336  41.6%     -    1s
H    0     0                    426067.94515 262739.336  38.3%     -    1s
    70    72 263479.602   18   71 425709.666 263479.602  38.1%   387   10s
H    0     0                    426040.87220 262739.336  38.3%     -    1s
H    0     0                    426027.18259 262739.336  38.3%     -    1s
     0     0 265596.307    0  108 364393.645 265596.307  27.1%     -    4s
     0     0 265596.307    0  134 364393.645 265596.307  27.1%     -    4s
     0     0 264570.135    0   43 426027.183 264570.135  37.9%     -    2s
     0     0 264570.135    0   41 426027.183 264570.135  37.9%     -    2s
     0     0 265601.476    0  102 364393.645 265601.476  27.1%     -    5s
     0     0 264570.135    0   18 426027.183 264570.135  37.9%     -    2s
     0     0 265601.476    0  105 364393.645 265601.476  27.1%     -    5s
H    0     0                    407744.42549 264570.135  35.1%     -    2s
H    0     0                    407693.33999 264570.135  35.1%     -    2s
H   81    81                    425709.55050 263479.602  38.1%   385   11s
     0     0 264570.135    0   19 407693.340 264570.135  35.1%     -    2s
  [Fase 1 (infra libre)] estacion=station_1 dia=335 -> C:\Users\TECNO-MASTER\Desktop\Elmo_infrastructure_sizing_NP-\output\DCH_septiembre\Bateria_353\Costo_variable\Swap_restringido\Swap_variable_3estaciones_160kW_Descomp/station_1_d335_stage1
formulation time: 13.446897983551025
Set parameter OutputFlag to value 1
Set parameter OutputFlag to value 1
Set parameter LogToConsole to value 1
Set parameter MIPGap to value 0.05
Set parameter TimeLimit to value 1200
Set parameter LogFile to value "C:\Users\TECNO-MASTER\Desktop\Elmo_infrastructure_sizing_NP-\output\DCH_septiembre\Bateria_353\Costo_variable\Swap_restringido\Swap_variable_3estaciones_160kW_Descomp\station_1_d335_stage1\ELMO_log.txt"
Set parameter Threads to value 1
Set parameter Heuristics to value 0.5
Set parameter MIPFocus to value 3
Set parameter Presolve to value 2
Set parameter FlowCoverCuts to value 2
Gurobi Optimizer version 12.0.3 build v12.0.3rc0 (win64 - Windows 11+.0 (26200.2))

CPU model: Intel(R) Core(TM) i9-14900K, instruction set [SSE2|AVX|AVX2]
Thread count: 24 physical cores, 32 logical processors, using up to 1 threads

Non-default parameters:
TimeLimit  1200
MIPGap  0.05
Heuristics  0.5
MIPFocus  3
FlowCoverCuts  2
Presolve  2
Threads  1

Optimize a model with 26872 rows, 53707 columns and 245168 nonzeros
Model fingerprint: 0xfa697ec2
Variable types: 2099 continuous, 51608 integer (18485 binary)
Coefficient statistics:
  Matrix range     [1e+00, 3e+02]
  Objective range  [4e-03, 8e+04]
  Bounds range     [1e+00, 1e+01]
  RHS range        [1e+00, 1e+04]
   232   234 264076.246   73   21 291895.164 264076.246  9.53%   227   25s
   130   132 264139.121   18   32 292007.217 264139.121  9.54%   235   17s
     0     0 264570.135    0   40 407693.340 264570.135  35.1%     -    3s
     0     0 264570.135    0   42 407693.340 264570.135  35.1%     -    3s
Presolve removed 25521 rows and 44917 columns
Presolve time: 0.20s
Presolved: 1351 rows, 8790 columns, 28858 nonzeros
Variable types: 216 continuous, 8574 integer (8260 binary)
Root relaxation presolved: 1351 rows, 8790 columns, 28858 nonzeros


Use crossover to convert LP symmetric solution to basic solution...

Root relaxation: objective 2.317985e+05, 4132 iterations, 0.07 seconds (0.07 work units)
     0     0 265601.476    0  104 364393.645 265601.476  27.1%     -    6s
     0     0 264570.135    0   27 407693.340 264570.135  35.1%     -    3s
     0     0 264570.135    0   35 407693.340 264570.135  35.1%     -    3s
     0     0 265601.476    0  104 364393.645 265601.476  27.1%     -    6s

    Nodes    |    Current Node    |     Objective Bounds      |     Work
 Expl Unexpl |  Obj  Depth IntInf | Incumbent    BestBd   Gap | It/Node Time

     0     0 231798.473    0   38          - 231798.473      -     -    0s
H    0     0                    291670.40888 231798.473  20.5%     -    0s
H    0     0                    291032.20316 231798.473  20.4%     -    0s
   120   122 265665.316   62   32 410506.247 265665.316  35.3%   284   15s
   216   218 265059.182   21   38 409879.240 265059.182  35.3%   223   20s
     0     0 264570.135    0   21 407693.340 264570.135  35.1%     -    3s
     0     0 231798.473    0   37 291032.203 231798.473  20.4%     -    0s
     0     0 264570.135    0   21 407693.340 264570.135  35.1%     -    3s
C:\Users\TECNO-MASTER\anaconda3\lib\site-packages\pandas\core\indexes\base.py:6999: FutureWarning: In a future version, the Index constructor will not infer numeric dtypes when passed object-dtype sequences (matching Series behavior)
  return Index(sequences[0], name=names)
H    0     0                    289668.46014 231819.486  20.0%     -    1s
     0     0 234172.266    0   39 289668.460 234172.266  19.2%     -    1s
     0     2 265619.094    0  104 364393.645 265619.094  27.1%     -    7s
    81    83 264482.021   14   34 363660.531 264482.021  27.3%  48.6   10s
     0     0 262569.894    0   15 289668.460 262569.894  9.36%     -    1s
     0     2 264570.135    0   14 407693.340 264570.135  35.1%     -    4s
     0     0 262569.894    0   20 289668.460 262569.894  9.36%     -    1s
     6     8 264570.135    3   65 407693.340 264570.135  35.1%   281    5s
     0     0 262569.894    0   12 289668.460 262569.894  9.36%     -    2s
     0     0 262569.894    0   30 289668.460 262569.894  9.36%     -    2s
   304   306 263557.949   25   15 291332.895 263557.949  9.53%   166   25s
     0     0 262569.894    0   23 289668.460 262569.894  9.36%     -    3s
     0     0 262569.894    0   23 289668.460 262569.894  9.36%     -    3s
  [Fase 1 (infra libre)] estacion=station_1 dia=305 -> C:\Users\TECNO-MASTER\Desktop\Elmo_infrastructure_sizing_NP-\output\DCH_septiembre\Bateria_353\Costo_variable\Swap_restringido\Swap_variable_3estaciones_160kW_Descomp/station_1_d305_stage1
formulation time: 13.74184250831604
Set parameter OutputFlag to value 1
Set parameter OutputFlag to value 1
Set parameter LogToConsole to value 1
Set parameter MIPGap to value 0.05
Set parameter TimeLimit to value 1200
Set parameter LogFile to value "C:\Users\TECNO-MASTER\Desktop\Elmo_infrastructure_sizing_NP-\output\DCH_septiembre\Bateria_353\Costo_variable\Swap_restringido\Swap_variable_3estaciones_160kW_Descomp\station_1_d305_stage1\ELMO_log.txt"
Set parameter Threads to value 1
Set parameter Heuristics to value 0.5
Set parameter MIPFocus to value 3
Set parameter Presolve to value 2
Set parameter FlowCoverCuts to value 2
   162   164 264139.121   26   34 292007.217 264139.121  9.54%   231   20s
Gurobi Optimizer version 12.0.3 build v12.0.3rc0 (win64 - Windows 11+.0 (26200.2))

CPU model: Intel(R) Core(TM) i9-14900K, instruction set [SSE2|AVX|AVX2]
Thread count: 24 physical cores, 32 logical processors, using up to 1 threads

Non-default parameters:
TimeLimit  1200
MIPGap  0.05
Heuristics  0.5
MIPFocus  3
FlowCoverCuts  2
Presolve  2
Threads  1

Optimize a model with 26872 rows, 53707 columns and 245168 nonzeros
Model fingerprint: 0x57e1fd61
Variable types: 2099 continuous, 51608 integer (18485 binary)
Coefficient statistics:
  Matrix range     [1e+00, 3e+02]
  Objective range  [1e-01, 8e+04]
  Bounds range     [1e+00, 1e+01]
  RHS range        [1e+00, 1e+04]
     0     0 262569.894    0   20 289668.460 262569.894  9.36%     -    3s
   108   110 263479.602   34   46 425709.550 263479.602  38.1%   383   15s
Presolve removed 25521 rows and 44917 columns
Presolve time: 0.22s
Presolved: 1351 rows, 8790 columns, 28858 nonzeros
Variable types: 216 continuous, 8574 integer (8260 binary)
Root relaxation presolved: 1351 rows, 8790 columns, 28858 nonzeros

     0     0 262569.894    0   20 289668.460 262569.894  9.36%     -    3s

Use crossover to convert LP symmetric solution to basic solution...

Root relaxation: objective 2.319096e+05, 4059 iterations, 0.08 seconds (0.07 work units)
    37    39 265631.085   21   33 364393.645 265631.085  27.1%   369   10s

    Nodes    |    Current Node    |     Objective Bounds      |     Work
 Expl Unexpl |  Obj  Depth IntInf | Incumbent    BestBd   Gap | It/Node Time

     0     0 231909.555    0   39          - 231909.555      -     -    0s
C:\Users\TECNO-MASTER\anaconda3\lib\site-packages\pandas\core\indexes\base.py:6999: FutureWarning: In a future version, the Index constructor will not infer numeric dtypes when passed object-dtype sequences (matching Series behavior)
  return Index(sequences[0], name=names)
     0     2 262569.894    0   20 289668.460 262569.894  9.36%     -    4s
     0     0 234284.720    0   34          - 234284.720      -     -    1s
     7     9 262569.894    3   33 289668.460 262569.894  9.36%   253    5s
   271   273 265059.182   40   26 409879.240 265059.182  35.3%   205   25s
     0     0 263815.907    0   16          - 263815.907      -     -    1s
     0     0 263815.907    0   22          - 263815.907      -     -    1s
   300   302 264076.246  100   16 291895.164 264076.246  9.53%   202   30s
     0     0 263815.907    0   12          - 263815.907      -     -    2s
     0     0 263815.907    0   12          - 263815.907      -     -    2s
     0     0 263815.907    0   22          - 263815.907      -     -    2s
     0     0 263815.907    0   16          - 263815.907      -     -    2s
     0     0 263815.907    0   17          - 263815.907      -     -    3s
   182   184 265665.316   89   25 410506.247 265665.316  35.3%   239   20s
     0     0 263815.907    0   26          - 263815.907      -     -    3s
     0     0 263815.907    0   20          - 263815.907      -     -    3s
    62    64 264570.135   16   43 407693.340 264570.135  35.1%   243   10s
  [Fase 1 (infra libre)] estacion=station_1 dia=274 -> C:\Users\TECNO-MASTER\Desktop\Elmo_infrastructure_sizing_NP-\output\DCH_septiembre\Bateria_353\Costo_variable\Swap_restringido\Swap_variable_3estaciones_160kW_Descomp/station_1_d274_stage1
formulation time: 14.40176272392273
Set parameter OutputFlag to value 1
Set parameter OutputFlag to value 1
Set parameter LogToConsole to value 1
Set parameter MIPGap to value 0.05
Set parameter TimeLimit to value 1200
Set parameter LogFile to value "C:\Users\TECNO-MASTER\Desktop\Elmo_infrastructure_sizing_NP-\output\DCH_septiembre\Bateria_353\Costo_variable\Swap_restringido\Swap_variable_3estaciones_160kW_Descomp\station_1_d274_stage1\ELMO_log.txt"
Set parameter Threads to value 1
Set parameter Heuristics to value 0.5
Set parameter MIPFocus to value 3
Set parameter Presolve to value 2
Set parameter FlowCoverCuts to value 2
Gurobi Optimizer version 12.0.3 build v12.0.3rc0 (win64 - Windows 11+.0 (26200.2))

CPU model: Intel(R) Core(TM) i9-14900K, instruction set [SSE2|AVX|AVX2]
Thread count: 24 physical cores, 32 logical processors, using up to 1 threads

Non-default parameters:
TimeLimit  1200
MIPGap  0.05
Heuristics  0.5
MIPFocus  3
FlowCoverCuts  2
Presolve  2
Threads  1

Optimize a model with 26872 rows, 53707 columns and 245168 nonzeros
Model fingerprint: 0x02263fb8
Variable types: 2099 continuous, 51608 integer (18485 binary)
Coefficient statistics:
  Matrix range     [1e+00, 3e+02]
  Objective range  [4e-03, 8e+04]
  Bounds range     [1e+00, 1e+01]
  RHS range        [1e+00, 1e+04]
Presolve removed 25549 rows and 44945 columns
Presolve time: 0.23s
Presolved: 1323 rows, 8762 columns, 28352 nonzeros
Variable types: 216 continuous, 8546 integer (8260 binary)
Found heuristic solution: objective 539138.04345
Root relaxation presolved: 1323 rows, 8762 columns, 28352 nonzeros


Use crossover to convert LP symmetric solution to basic solution...

Root relaxation: objective 2.330135e+05, 3795 iterations, 0.08 seconds (0.06 work units)

    Nodes    |    Current Node    |     Objective Bounds      |     Work
 Expl Unexpl |  Obj  Depth IntInf | Incumbent    BestBd   Gap | It/Node Time

     0     0 233013.539    0   37 539138.043 233013.539  56.8%     -    0s
   397   399 263557.949   62   15 291332.895 263557.949  9.53%   148   30s
   216   218 264139.121   15   52 292007.217 264139.121  9.54%   225   25s
H    0     0                    513867.42902 233013.539  54.7%     -    0s
H    0     0                    513741.62005 233013.539  54.6%     -    0s
C:\Users\TECNO-MASTER\anaconda3\lib\site-packages\pandas\core\indexes\base.py:6999: FutureWarning: In a future version, the Index constructor will not infer numeric dtypes when passed object-dtype sequences (matching Series behavior)
  return Index(sequences[0], name=names)
   162   164 263479.602   48   44 425709.550 263479.602  38.1%   332   20s
     0     0 235405.800    0   37 513741.620 235405.800  54.2%     -    1s
H    0     0                    432426.17403 235420.884  45.6%     -    1s
H    0     0                    432000.88458 235420.884  45.5%     -    1s
H    0     0                    407445.58439 235420.884  42.2%     -    1s
   136   138 264482.021   14   27 363660.531 264482.021  27.3%  68.5   17s
     0     0 235420.884    0   43 407445.584 235420.884  42.2%     -    1s
   106   108 265631.085   38   31 364393.645 265631.085  27.1%   199   15s
H    0     0                    519686.37571 263815.907  49.2%     -    5s
H    0     0                    519589.58542 263815.907  49.2%     -    5s
H    0     0                    519588.19509 263815.907  49.2%     -    5s
H    0     0                    519583.99755 263815.907  49.2%     -    5s
H    0     0                    519562.63480 263815.907  49.2%     -    5s
H    0     0                    518874.31346 263815.907  49.2%     -    5s
H    0     0                    518701.40469 263815.907  49.1%     -    6s
H    0     0                    408902.72929 263815.907  35.5%     -    6s
H    0     0                    408429.34939 263815.907  35.4%     -    6s
H    0     0                    408300.79113 263815.907  35.4%     -    6s
H    0     0                    407459.64823 263815.907  35.3%     -    6s
H  182   182                    425529.47528 263479.602  38.1%   325   21s
     0     2 263815.907    0   20 407459.648 263815.907  35.3%     -    6s
     0     0 263746.035    0   19 407445.584 263746.035  35.3%     -    2s
     0     0 263746.035    0   19 407445.584 263746.035  35.3%     -    2s
   373   375 264076.246   61   23 291895.164 264076.246  9.53%   184   35s
    49    51 262569.894   10   47 289668.460 262569.894  9.36%   382   10s
     0     0 263746.035    0   13 407445.584 263746.035  35.3%     -    2s
H    0     0                    407010.94479 263746.035  35.2%     -    3s
H    0     0                    406888.65670 263746.035  35.2%     -    3s
     0     0 263746.035    0   15 406888.657 263746.035  35.2%     -    3s
   224   226 265665.316   98   14 410506.247 265665.316  35.3%   199   25s
     0     0 263746.035    0   16 406888.657 263746.035  35.2%     -    3s
     0     0 263746.035    0   46 406888.657 263746.035  35.2%     -    3s
   193   195 264482.021   38   27 363660.531 264482.021  27.3%  58.9   20s
     0     0 263746.035    0   19 406888.657 263746.035  35.2%     -    4s
     0     0 263746.035    0   38 406888.657 263746.035  35.2%     -    4s
H  312   312                    408579.62936 265059.182  35.1%   184   31s
  [Fase 1 (infra libre)] estacion=station_2 dia=1 -> C:\Users\TECNO-MASTER\Desktop\Elmo_infrastructure_sizing_NP-\output\DCH_septiembre\Bateria_353\Costo_variable\Swap_restringido\Swap_variable_3estaciones_160kW_Descomp/station_2_d1_stage1
formulation time: 15.638725519180298
Set parameter OutputFlag to value 1
Set parameter OutputFlag to value 1
Set parameter LogToConsole to value 1
Set parameter MIPGap to value 0.05
Set parameter TimeLimit to value 1200
Set parameter LogFile to value "C:\Users\TECNO-MASTER\Desktop\Elmo_infrastructure_sizing_NP-\output\DCH_septiembre\Bateria_353\Costo_variable\Swap_restringido\Swap_variable_3estaciones_160kW_Descomp\station_2_d1_stage1\ELMO_log.txt"
Set parameter Threads to value 1
Set parameter Heuristics to value 0.5
Set parameter MIPFocus to value 3
Set parameter Presolve to value 2
Set parameter FlowCoverCuts to value 2
Gurobi Optimizer version 12.0.3 build v12.0.3rc0 (win64 - Windows 11+.0 (26200.2))

CPU model: Intel(R) Core(TM) i9-14900K, instruction set [SSE2|AVX|AVX2]
Thread count: 24 physical cores, 32 logical processors, using up to 1 threads

Non-default parameters:
TimeLimit  1200
MIPGap  0.05
Heuristics  0.5
MIPFocus  3
FlowCoverCuts  2
Presolve  2
Threads  1

Optimize a model with 26902 rows, 54733 columns and 250220 nonzeros
Model fingerprint: 0xbb4a9380
Variable types: 2129 continuous, 52604 integer (19481 binary)
Coefficient statistics:
  Matrix range     [1e+00, 3e+02]
  Objective range  [1e-02, 8e+04]
  Bounds range     [1e+00, 1e+01]
  RHS range        [1e+00, 1e+04]
     0     0 263746.035    0   25 406888.657 263746.035  35.2%     -    4s
     0     0 263746.035    0   18 406888.657 263746.035  35.2%     -    4s
Presolve removed 25558 rows and 45440 columns
Presolve time: 0.30s
Presolved: 1344 rows, 9293 columns, 30087 nonzeros
Variable types: 216 continuous, 9077 integer (8776 binary)
   125   127 264570.135   61   27 407693.340 264570.135  35.1%   210   15s
Found heuristic solution: objective 543421.59107
Root relaxation presolved: 1344 rows, 9293 columns, 30087 nonzeros


Use crossover to convert LP symmetric solution to basic solution...

Root relaxation: objective 2.438143e+05, 4120 iterations, 0.10 seconds (0.07 work units)
H    0     0                    406609.58623 263746.035  35.1%     -    5s
H    0     0                    406607.56817 263746.035  35.1%     -    5s
   463   465 263557.949   30   30 291332.895 263557.949  9.53%   150   35s
C:\Users\TECNO-MASTER\anaconda3\lib\site-packages\pandas\core\indexes\base.py:6999: FutureWarning: In a future version, the Index constructor will not infer numeric dtypes when passed object-dtype sequences (matching Series behavior)
  return Index(sequences[0], name=names)

    Nodes    |    Current Node    |     Objective Bounds      |     Work
 Expl Unexpl |  Obj  Depth IntInf | Incumbent    BestBd   Gap | It/Node Time

     0     0 243814.262    0   32 543421.591 243814.262  55.1%     -    0s
H    0     0                    291899.04035 243814.262  16.5%     -    0s
H    0     0                    291895.24670 243814.262  16.5%     -    1s
   293   295 264139.121   41   22 292007.217 264139.121  9.54%   188   30s
H   52    52                    407434.18495 263815.907  35.2%   196    9s
     0     0 254526.482    0   33 291895.247 254526.482  12.8%     -    1s
   203   205 263479.602   57   21 425529.475 263479.602  38.1%   328   25s
     0     0 265567.046    0   13 291895.247 265567.046  9.02%     -    1s
    54    56 263815.907   17   26 407434.185 263815.907  35.2%   196   10s
     0     0 265567.046    0   14 291895.247 265567.046  9.02%     -    2s
   162   164 265631.085   42   33 364393.645 265631.085  27.1%   151   20s
H  243   243                    363660.48599 264482.021  27.3%  62.5   23s
   404   406 264076.246   78   21 291895.164 264076.246  9.53%   180   40s
    94    96 262569.894   10   57 289668.460 262569.894  9.36%   340   15s
     0     0 265567.046    0   16 291895.247 265567.046  9.02%     -    3s
     0     0 265567.046    0   18 291895.247 265567.046  9.02%     -    3s
   351   353 265059.182   58   15 408579.629 265059.182  35.1%   169   35s
     0     2 263746.035    0   17 406607.568 263746.035  35.1%     -    8s
  [Fase 1 (infra libre)] estacion=station_2 dia=60 -> C:\Users\TECNO-MASTER\Desktop\Elmo_infrastructure_sizing_NP-\output\DCH_septiembre\Bateria_353\Costo_variable\Swap_restringido\Swap_variable_3estaciones_160kW_Descomp/station_2_d60_stage1
formulation time: 16.214555740356445
Set parameter OutputFlag to value 1
Set parameter OutputFlag to value 1
Set parameter LogToConsole to value 1
Set parameter MIPGap to value 0.05
Set parameter TimeLimit to value 1200
Set parameter LogFile to value "C:\Users\TECNO-MASTER\Desktop\Elmo_infrastructure_sizing_NP-\output\DCH_septiembre\Bateria_353\Costo_variable\Swap_restringido\Swap_variable_3estaciones_160kW_Descomp\station_2_d60_stage1\ELMO_log.txt"
Set parameter Threads to value 1
Set parameter Heuristics to value 0.5
Set parameter MIPFocus to value 3
Set parameter Presolve to value 2
Set parameter FlowCoverCuts to value 2
Gurobi Optimizer version 12.0.3 build v12.0.3rc0 (win64 - Windows 11+.0 (26200.2))

CPU model: Intel(R) Core(TM) i9-14900K, instruction set [SSE2|AVX|AVX2]
Thread count: 24 physical cores, 32 logical processors, using up to 1 threads

Non-default parameters:
TimeLimit  1200
MIPGap  0.05
Heuristics  0.5
MIPFocus  3
FlowCoverCuts  2
Presolve  2
Threads  1

Optimize a model with 26902 rows, 54733 columns and 250220 nonzeros
Model fingerprint: 0x78bb30b5
Variable types: 2129 continuous, 52604 integer (19481 binary)
Coefficient statistics:
  Matrix range     [1e+00, 3e+02]
  Objective range  [9e-03, 8e+04]
  Bounds range     [1e+00, 1e+01]
  RHS range        [1e+00, 1e+04]
     0     0 265567.046    0   18 291895.247 265567.046  9.02%     -    4s
   285   287 265665.316   94   37 410506.247 265665.316  35.3%   169   30s
Presolve removed 25567 rows and 45449 columns
Presolve time: 0.35s
Presolved: 1335 rows, 9284 columns, 29882 nonzeros
Variable types: 216 continuous, 9068 integer (8776 binary)
Found heuristic solution: objective 541631.51930
Root relaxation presolved: 1335 rows, 9284 columns, 29882 nonzeros

     0     0 265567.046    0   18 291895.247 265567.046  9.02%     -    4s
   269   271 264482.021   20   27 363660.486 264482.021  27.3%  66.8   25s

Use crossover to convert LP symmetric solution to basic solution...

Root relaxation: objective 2.433745e+05, 3963 iterations, 0.10 seconds (0.06 work units)
     0     0 265567.046    0   14 291895.247 265567.046  9.02%     -    4s
     0     0 265567.046    0   12 291895.247 265567.046  9.02%     -    4s

    Nodes    |    Current Node    |     Objective Bounds      |     Work
 Expl Unexpl |  Obj  Depth IntInf | Incumbent    BestBd   Gap | It/Node Time

     0     0 243374.485    0   41 541631.519 243374.485  55.1%     -    1s
H    0     0                    541303.67837 243374.485  55.0%     -    1s
H  234   234                    425453.03306 263479.602  38.1%   304   28s
H  234   234                    425300.14862 263479.602  38.0%   304   28s
   188   190 264570.135   48   31 407693.340 264570.135  35.1%   215   20s
     0     0 254059.396    0   40 541303.678 254059.396  53.1%     -    1s
H    0     0                    541228.92386 254124.040  53.0%     -    1s
     0     2 265567.046    0   11 291895.247 265567.046  9.02%     -    5s
    15    17 263746.035    7   45 406607.568 263746.035  35.1%   480   10s
H  234   234                    425147.26418 263479.602  38.0%   304   29s
C:\Users\TECNO-MASTER\anaconda3\lib\site-packages\pandas\core\indexes\base.py:6999: FutureWarning: In a future version, the Index constructor will not infer numeric dtypes when passed object-dtype sequences (matching Series behavior)
  return Index(sequences[0], name=names)
H    0     0                    540931.47440 254124.040  53.0%     -    1s
H    0     0                    540839.22976 254124.040  53.0%     -    1s
H    0     0                    433057.41333 254124.040  41.3%     -    1s
H    0     0                    431614.94570 254124.040  41.1%     -    1s
     0     0 254124.040    0   40 431614.946 254124.040  41.1%     -    2s
   381   383 264139.121   44   27 292007.217 264139.121  9.54%   157   35s
   512   513 263557.949   57   13 291332.895 263557.949  9.53%   147   40s
   235   237 263479.602   73   26 425147.264 263479.602  38.0%   304   30s
   107   109 263815.907   34   25 407434.185 263815.907  35.2%   150   15s
     0     0 265000.438    0   14 431614.946 265000.438  38.6%     -    2s
     0     0 265000.438    0   18 431614.946 265000.438  38.6%     -    2s
     0     0 265000.438    0   13 431614.946 265000.438  38.6%     -    3s
H    0     0                    409242.51881 265000.438  35.2%     -    3s
H    0     0                    409148.67098 265000.438  35.2%     -    3s
H    0     0                    407706.20336 265000.438  35.0%     -    3s
  [Fase 1 (infra libre)] estacion=station_2 dia=121 -> C:\Users\TECNO-MASTER\Desktop\Elmo_infrastructure_sizing_NP-\output\DCH_septiembre\Bateria_353\Costo_variable\Swap_restringido\Swap_variable_3estaciones_160kW_Descomp/station_2_d121_stage1
formulation time: 16.7031512260437
Set parameter OutputFlag to value 1
Set parameter OutputFlag to value 1
Set parameter LogToConsole to value 1
Set parameter MIPGap to value 0.05
Set parameter TimeLimit to value 1200
Set parameter LogFile to value "C:\Users\TECNO-MASTER\Desktop\Elmo_infrastructure_sizing_NP-\output\DCH_septiembre\Bateria_353\Costo_variable\Swap_restringido\Swap_variable_3estaciones_160kW_Descomp\station_2_d121_stage1\ELMO_log.txt"
Set parameter Threads to value 1
Set parameter Heuristics to value 0.5
Set parameter MIPFocus to value 3
Set parameter Presolve to value 2
Set parameter FlowCoverCuts to value 2
Gurobi Optimizer version 12.0.3 build v12.0.3rc0 (win64 - Windows 11+.0 (26200.2))

CPU model: Intel(R) Core(TM) i9-14900K, instruction set [SSE2|AVX|AVX2]
Thread count: 24 physical cores, 32 logical processors, using up to 1 threads

Non-default parameters:
TimeLimit  1200
MIPGap  0.05
Heuristics  0.5
MIPFocus  3
FlowCoverCuts  2
Presolve  2
Threads  1

Optimize a model with 26932 rows, 54733 columns and 250280 nonzeros
Model fingerprint: 0xec15aa58
Variable types: 2129 continuous, 52604 integer (19481 binary)
Coefficient statistics:
  Matrix range     [1e+00, 3e+02]
  Objective range  [8e-03, 8e+04]
  Bounds range     [1e+00, 1e+01]
  RHS range        [1e+00, 1e+04]
   208   208 265631.085   54   30 364393.645 265631.085  27.1%   131   25s
   458   460 264076.246   27   32 291895.164 264076.246  9.53%   185   45s
Presolve removed 25548 rows and 45429 columns
Presolve time: 0.38s
Presolved: 1384 rows, 9304 columns, 30500 nonzeros
   140   142 262569.894   36   17 289668.460 262569.894  9.36%   254   20s
Variable types: 216 continuous, 9088 integer (8776 binary)
     0     0 265000.438    0   16 407706.203 265000.438  35.0%     -    4s
Found heuristic solution: objective 577383.56002
Root relaxation presolved: 1384 rows, 9304 columns, 30500 nonzeros

     0     0 265000.438    0   24 407706.203 265000.438  35.0%     -    4s
   407   409 265059.182   67   19 408579.629 265059.182  35.1%   168   40s

Use crossover to convert LP symmetric solution to basic solution...

Root relaxation: objective 2.707054e+05, 4094 iterations, 0.13 seconds (0.07 work units)
     0     0 265000.438    0   14 407706.203 265000.438  35.0%     -    4s
     0     0 265000.438    0   10 407706.203 265000.438  35.0%     -    4s

    Nodes    |    Current Node    |     Objective Bounds      |     Work
 Expl Unexpl |  Obj  Depth IntInf | Incumbent    BestBd   Gap | It/Node Time

     0     0 270705.409    0   67 577383.560 270705.409  53.1%     -    1s
H    0     0                    407705.40410 265000.438  35.0%     -    5s
   334   336 265665.316  111   12 410506.247 265665.316  35.3%   151   35s
H    0     0                    291332.89541 265000.438  9.04%     -    5s
     0     0 282981.268    0    9 577383.560 282981.268  51.0%     -    1s
   325   327 264482.021   61   25 363660.486 264482.021  27.3%  85.5   30s
H    0     0                    535688.56296 282981.268  47.2%     -    1s
H    0     0                    535064.83584 282981.268  47.1%     -    1s
H    0     0                    427456.55167 282981.268  33.8%     -    1s
H    0     0                    425511.00479 282981.268  33.5%     -    1s
H    0     0                    424889.29283 282981.268  33.4%     -    1s
     0     0 282981.268    0   13 424889.293 282981.268  33.4%     -    1s
     0     2 265000.438    0   10 291332.895 265000.438  9.04%     -    5s
    40    42 265567.046    8   38 291895.247 265567.046  9.02%   312   10s
C:\Users\TECNO-MASTER\anaconda3\lib\site-packages\pandas\core\indexes\base.py:6999: FutureWarning: In a future version, the Index constructor will not infer numeric dtypes when passed object-dtype sequences (matching Series behavior)
  return Index(sequences[0], name=names)
     0     0 282981.268    0   18 424889.293 282981.268  33.4%     -    2s
    45    47 263746.035   21   30 406607.568 263746.035  35.1%   483   15s
     0     0 282981.268    0   20 424889.293 282981.268  33.4%     -    2s
   208   210 264570.135   58   21 407693.340 264570.135  35.1%   208   25s
   272   274 263479.602   47   29 425147.264 263479.602  38.0%   296   35s
   201   203 263815.907   56   16 407434.185 263815.907  35.2%   105   20s
   512   513 264139.121   28   20 292007.217 264139.121  9.54%   133   40s
     0     0 282981.268    0   16 424889.293 282981.268  33.4%     -    3s
   519   518 263557.949   31   12 291332.895 263557.949  9.53%   145   46s
H  350   350                    408800.16367 265665.316  35.0%   145   38s
   270   270 265631.085   59   25 364393.645 265631.085  27.1%   128   30s
     0     0 282981.268    0   21 424889.293 282981.268  33.4%     -    4s
     0     0 282981.268    0   18 424889.293 282981.268  33.4%     -    4s
H  202   202                    407413.72837 263815.907  35.2%   104   21s
   168   170 262569.894   42   15 289668.460 262569.894  9.36%   227   25s
     0     2 282981.268    0   18 424889.293 282981.268  33.4%     -    5s
   376   378 265665.316  121    8 408800.164 265665.316  35.0%   139   40s
    46    48 265000.438   24   18 291332.895 265000.438  9.04%   168   10s
  [Fase 1 (infra libre)] estacion=station_2 dia=32 -> C:\Users\TECNO-MASTER\Desktop\Elmo_infrastructure_sizing_NP-\output\DCH_septiembre\Bateria_353\Costo_variable\Swap_restringido\Swap_variable_3estaciones_160kW_Descomp/station_2_d32_stage1
formulation time: 18.766366958618164
Set parameter OutputFlag to value 1
Set parameter OutputFlag to value 1
Set parameter LogToConsole to value 1
Set parameter MIPGap to value 0.05
Set parameter TimeLimit to value 1200
Set parameter LogFile to value "C:\Users\TECNO-MASTER\Desktop\Elmo_infrastructure_sizing_NP-\output\DCH_septiembre\Bateria_353\Costo_variable\Swap_restringido\Swap_variable_3estaciones_160kW_Descomp\station_2_d32_stage1\ELMO_log.txt"
Set parameter Threads to value 1
Set parameter Heuristics to value 0.5
Set parameter MIPFocus to value 3
Set parameter Presolve to value 2
Set parameter FlowCoverCuts to value 2
Gurobi Optimizer version 12.0.3 build v12.0.3rc0 (win64 - Windows 11+.0 (26200.2))

CPU model: Intel(R) Core(TM) i9-14900K, instruction set [SSE2|AVX|AVX2]
Thread count: 24 physical cores, 32 logical processors, using up to 1 threads

Non-default parameters:
TimeLimit  1200
MIPGap  0.05
Heuristics  0.5
MIPFocus  3
FlowCoverCuts  2
Presolve  2
Threads  1

Optimize a model with 26902 rows, 54733 columns and 250220 nonzeros
Model fingerprint: 0x13f10b1d
Variable types: 2129 continuous, 52604 integer (19481 binary)
Coefficient statistics:
  Matrix range     [1e+00, 3e+02]
  Objective range  [3e-03, 8e+04]
  Bounds range     [1e+00, 1e+01]
  RHS range        [1e+00, 1e+04]
   404   406 264482.021   16   19 363660.486 264482.021  27.3%  89.7   35s
Presolve removed 25545 rows and 45427 columns
Presolve time: 0.29s
Presolved: 1357 rows, 9306 columns, 30406 nonzeros
Variable types: 216 continuous, 9090 integer (8776 binary)
Found heuristic solution: objective 542655.07407
Root relaxation presolved: 1357 rows, 9306 columns, 30406 nonzeros


Use crossover to convert LP symmetric solution to basic solution...

Root relaxation: objective 2.439051e+05, 4175 iterations, 0.08 seconds (0.08 work units)
H  234   234                    407400.72948 263815.907  35.2%   101   23s
    80    82 265567.046   20   39 291895.247 265567.046  9.02%   243   15s

    Nodes    |    Current Node    |     Objective Bounds      |     Work
 Expl Unexpl |  Obj  Depth IntInf | Incumbent    BestBd   Gap | It/Node Time

     0     0 243905.124    0   42 542655.074 243905.124  55.1%     -    0s
H    0     0                    542562.96553 243905.124  55.0%     -    0s
H    0     0                    541340.18173 243905.124  54.9%     -    0s
   245   247 264570.135   62   63 407693.340 264570.135  35.1%   212   30s
     0     0 254622.046    0   36 541340.182 254622.046  53.0%     -    1s
H    0     0                    541332.15221 254644.379  53.0%     -    1s
H    0     0                    541327.29915 254644.379  53.0%     -    1s
C:\Users\TECNO-MASTER\anaconda3\lib\site-packages\pandas\core\indexes\base.py:6999: FutureWarning: In a future version, the Index constructor will not infer numeric dtypes when passed object-dtype sequences (matching Series behavior)
  return Index(sequences[0], name=names)
   494   496 265059.182   25   23 408579.629 265059.182  35.1%   156   47s
   523   520 263557.949    8   43 291332.895 263557.949  9.53%   143   50s
H    0     0                    434121.51166 254644.379  41.3%     -    1s
   493   495 264076.246   27   31 291895.164 264076.246  9.53%   186   53s
H  234   234                    407400.64974 263815.907  35.2%   101   24s
   518   517 264139.121   45   15 292007.217 264139.121  9.54%   132   45s
     0     0 265531.669    0   20 434121.512 265531.669  38.8%     -    2s
   303   305 263479.602   63   20 425147.264 263479.602  38.0%   284   40s
    81    83 263746.035   35   72 406607.568 263746.035  35.1%   427   21s
H  234   234                    407400.64956 263815.907  35.2%   101   25s
     0     0 265531.669    0   16 434121.512 265531.669  38.8%     -    2s
  [Fase 1 (infra libre)] estacion=station_2 dia=274 -> C:\Users\TECNO-MASTER\Desktop\Elmo_infrastructure_sizing_NP-\output\DCH_septiembre\Bateria_353\Costo_variable\Swap_restringido\Swap_variable_3estaciones_160kW_Descomp/station_2_d274_stage1
formulation time: 19.59218144416809
Set parameter OutputFlag to value 1
Set parameter OutputFlag to value 1
Set parameter LogToConsole to value 1
Set parameter MIPGap to value 0.05
Set parameter TimeLimit to value 1200
Set parameter LogFile to value "C:\Users\TECNO-MASTER\Desktop\Elmo_infrastructure_sizing_NP-\output\DCH_septiembre\Bateria_353\Costo_variable\Swap_restringido\Swap_variable_3estaciones_160kW_Descomp\station_2_d274_stage1\ELMO_log.txt"
Set parameter Threads to value 1
Set parameter Heuristics to value 0.5
Set parameter MIPFocus to value 3
Set parameter Presolve to value 2
Set parameter FlowCoverCuts to value 2
H    0     0                    411480.92639 265531.669  35.5%     -    3s
H    0     0                    410234.01083 265531.669  35.3%     -    3s
Gurobi Optimizer version 12.0.3 build v12.0.3rc0 (win64 - Windows 11+.0 (26200.2))

CPU model: Intel(R) Core(TM) i9-14900K, instruction set [SSE2|AVX|AVX2]
Thread count: 24 physical cores, 32 logical processors, using up to 1 threads

Non-default parameters:
TimeLimit  1200
MIPGap  0.05
Heuristics  0.5
MIPFocus  3
FlowCoverCuts  2
Presolve  2
Threads  1

Optimize a model with 26902 rows, 54733 columns and 250220 nonzeros
Model fingerprint: 0xd8489c9d
Variable types: 2129 continuous, 52604 integer (19481 binary)
Coefficient statistics:
  Matrix range     [1e+00, 3e+02]
  Objective range  [4e-03, 8e+04]
  Bounds range     [1e+00, 1e+01]
  RHS range        [1e+00, 1e+04]
H    0     0                    409011.22704 265531.669  35.1%     -    3s
    54    56 282981.268   20   35 424889.293 282981.268  33.4%  97.9   10s
Presolve removed 25573 rows and 45455 columns
Presolve time: 0.45s
Presolved: 1329 rows, 9278 columns, 29900 nonzeros
Variable types: 216 continuous, 9062 integer (8776 binary)
Found heuristic solution: objective 543237.18826
Root relaxation presolved: 1329 rows, 9278 columns, 29900 nonzeros


Use crossover to convert LP symmetric solution to basic solution...

Root relaxation: objective 2.433601e+05, 4141 iterations, 0.13 seconds (0.07 work units)
   316   316 265631.085   65   21 364393.645 265631.085  27.1%   145   36s
     0     0 265531.669    0   16 409011.227 265531.669  35.1%     -    4s
     0     0 265531.669    0   16 409011.227 265531.669  35.1%     -    4s
   216   218 262569.894   53   15 289668.460 262569.894  9.36%   190   30s

    Nodes    |    Current Node    |     Objective Bounds      |     Work
 Expl Unexpl |  Obj  Depth IntInf | Incumbent    BestBd   Gap | It/Node Time

     0     0 243360.145    0   38 543237.188 243360.145  55.2%     -    1s
H    0     0                    541322.58712 243360.145  55.0%     -    1s
     0     0 265531.669    0   16 409011.227 265531.669  35.1%     -    4s
   108   110 265000.438   55   25 291332.895 265000.438  9.04%   115   15s
     0     0 265531.669    0   11 409011.227 265531.669  35.1%     -    4s
     0     0 254048.441    0   45 541322.587 254048.441  53.1%     -    1s
   514   514 265059.182   22   57 408579.629 265059.182  35.1%   152   50s
   404   406 265665.316  122   16 408800.164 265665.316  35.0%   135   45s
H    0     0                    432799.76375 254068.553  41.3%     -    1s
H    0     0                    291333.75071 254068.553  12.8%     -    2s
H    0     0                    407617.60439 265531.669  34.9%     -    5s
   486   486 264482.021   32   22 363660.486 264482.021  27.3%  90.9   40s
H    0     0                    407600.67608 265531.669  34.9%     -    5s
H  514   488                    408376.32155 265059.182  35.1%   152   51s
H  108   108                    291895.24366 265567.046  9.02%   262   19s
H  108   108                    291895.24348 265567.046  9.02%   262   19s
   109   111 265567.046   35   36 291895.243 265567.046  9.02%   271   20s
   494   496 264076.246   27   33 291895.164 264076.246  9.53%   186   57s
     0     0 265234.643    0   23 291333.751 265234.643  8.96%     -    3s
     0     0 265234.643    0   33 291333.751 265234.643  8.96%     -    3s
C:\Users\TECNO-MASTER\anaconda3\lib\site-packages\pandas\core\indexes\base.py:6999: FutureWarning: In a future version, the Index constructor will not infer numeric dtypes when passed object-dtype sequences (matching Series behavior)
  return Index(sequences[0], name=names)
   106   108 263746.035   28   35 406607.568 263746.035  35.1%   422   25s
   528   524 263557.949   41   14 291332.895 263557.949  9.53%   142   55s
     0     0 265234.643    0   14 291333.751 265234.643  8.96%     -    3s
     0     2 265531.669    0   11 407600.676 265531.669  34.9%     -    7s
   522   520 264139.121   15   35 292007.217 264139.121  9.54%   131   50s
   295   297 263815.907   52   24 407400.650 263815.907  35.2%   113   30s
   300   302 264570.135   93   31 407693.340 264570.135  35.1%   195   36s
     0     0 265234.643    0   14 291333.751 265234.643  8.96%     -    4s
H  135   135                    291895.24327 265567.046  9.02%   251   22s
H  104   104                    424889.17709 282981.268  33.4%  68.1   14s
   381   381 265631.085   80   15 364393.645 265631.085  27.1%   128   40s
     0     0 265234.643    0   17 291333.751 265234.643  8.96%     -    4s
     0     0 265234.643    0   24 291333.751 265234.643  8.96%     -    4s
   324   326 263479.602   17   32 425147.264 263479.602  38.0%   270   46s
   108   110 282981.268   21   19 424889.177 282981.268  33.4%  66.7   15s
     0     0 265234.643    0   20 291333.751 265234.643  8.96%     -    5s
   234   236 262569.894   58   15 289668.460 262569.894  9.36%   179   35s
     0     0 265234.643    0   22 291333.751 265234.643  8.96%     -    5s
   518   491 265059.182   23   24 408376.322 265059.182  35.1%   151   55s
   512   513 264076.246   49   12 291895.164 264076.246  9.53%   181   60s
     0     0 265234.643    0   14 291333.751 265234.643  8.96%     -    6s
   158   160 265000.438   49   20 291332.895 265000.438  9.04%  99.5   20s
     0     0 265234.643    0   14 291333.751 265234.643  8.96%     -    6s
   471   473 265665.316  136   41 408800.164 265665.316  35.0%   165   50s
    26    28 265531.669   13   20 407600.676 265531.669  34.9%   160   10s
   513   512 264482.021   38   16 363660.486 264482.021  27.3%  93.0   45s
     0     2 265234.643    0   14 291333.751 265234.643  8.96%     -    7s
  [Fase 1 (infra libre)] estacion=station_2 dia=91 -> C:\Users\TECNO-MASTER\Desktop\Elmo_infrastructure_sizing_NP-\output\DCH_septiembre\Bateria_353\Costo_variable\Swap_restringido\Swap_variable_3estaciones_160kW_Descomp/station_2_d91_stage1
formulation time: 21.80233073234558
Set parameter OutputFlag to value 1
Set parameter OutputFlag to value 1
Set parameter LogToConsole to value 1
Set parameter MIPGap to value 0.05
Set parameter TimeLimit to value 1200
Set parameter LogFile to value "C:\Users\TECNO-MASTER\Desktop\Elmo_infrastructure_sizing_NP-\output\DCH_septiembre\Bateria_353\Costo_variable\Swap_restringido\Swap_variable_3estaciones_160kW_Descomp\station_2_d91_stage1\ELMO_log.txt"
Set parameter Threads to value 1
Set parameter Heuristics to value 0.5
Set parameter MIPFocus to value 3
Set parameter Presolve to value 2
Set parameter FlowCoverCuts to value 2
Gurobi Optimizer version 12.0.3 build v12.0.3rc0 (win64 - Windows 11+.0 (26200.2))

CPU model: Intel(R) Core(TM) i9-14900K, instruction set [SSE2|AVX|AVX2]
Thread count: 24 physical cores, 32 logical processors, using up to 1 threads

Non-default parameters:
TimeLimit  1200
MIPGap  0.05
Heuristics  0.5
MIPFocus  3
FlowCoverCuts  2
Presolve  2
Threads  1

Optimize a model with 26932 rows, 54733 columns and 250280 nonzeros
Model fingerprint: 0x21d85fe1
Variable types: 2129 continuous, 52604 integer (19481 binary)
Coefficient statistics:
  Matrix range     [1e+00, 3e+02]
  Objective range  [1e-02, 8e+04]
  Bounds range     [1e+00, 1e+01]
  RHS range        [1e+00, 1e+04]
Presolve removed 25534 rows and 45415 columns
Presolve time: 0.43s
Presolved: 1398 rows, 9318 columns, 30677 nonzeros
Variable types: 216 continuous, 9102 integer (8776 binary)
Found heuristic solution: objective 579354.93928
Root relaxation presolved: 1398 rows, 9318 columns, 30677 nonzeros


Use crossover to convert LP symmetric solution to basic solution...

Root relaxation: objective 2.722565e+05, 3922 iterations, 0.11 seconds (0.07 work units)
C:\Users\TECNO-MASTER\anaconda3\lib\site-packages\pandas\core\indexes\base.py:6999: FutureWarning: In a future version, the Index constructor will not infer numeric dtypes when passed object-dtype sequences (matching Series behavior)
  return Index(sequences[0], name=names)
   135   137 263746.035   35   25 406607.568 263746.035  35.1%   393   30s

    Nodes    |    Current Node    |     Objective Bounds      |     Work
 Expl Unexpl |  Obj  Depth IntInf | Incumbent    BestBd   Gap | It/Node Time

     0     0 272256.515    0   55 579354.939 272256.515  53.0%     -    1s
   526   522 264139.121   26   32 292007.217 264139.121  9.54%   130   55s
   533   527 263557.989   23   75 291332.895 263557.949  9.53%   141   61s
   156   158 265567.046   10   11 291895.243 265567.046  9.02%   280   27s
     0     0 284579.270    0   12 579354.939 284579.270  50.9%     -    2s
H    0     0                    448649.78845 284579.270  36.6%     -    2s
H    0     0                    429487.12470 284579.270  33.7%     -    2s
H    0     0                    429432.36865 284579.270  33.7%     -    2s
   437   437 265631.085   97   23 364393.645 265631.085  27.1%   115   45s
   340   340 263815.907   50   28 407400.650 263815.907  35.2%   148   35s
     0     0 284579.270    0   13 429432.369 284579.270  33.7%     -    2s
     0     0 284579.270    0   28 429432.369 284579.270  33.7%     -    2s
    30    32 265234.643   15   26 291333.751 265234.643  8.96%  89.0   10s
     0     0 284579.270    0   14 429432.369 284579.270  33.7%     -    2s
   172   174 282981.268   41   21 424889.177 282981.268  33.4%  52.1   20s
     0     0 284579.270    0   15 429432.369 284579.270  33.7%     -    3s
     0     0 284579.270    0   20 429432.369 284579.270  33.7%     -    3s
H  162   162                    291895.24324 265567.046  9.02%   273   28s
   397   395 263479.602  121    9 425147.264 263479.602  38.0%   230   51s
   518   517 264076.246   23   30 291895.164 264076.246  9.53%   179   65s
     0     0 284579.270    0   11 429432.369 284579.270  33.7%     -    3s
     0     0 284579.270    0   11 429432.369 284579.270  33.7%     -    3s
H    0     0                    429431.11909 284579.270  33.7%     -    3s
H    0     0                    429422.91928 284579.270  33.7%     -    4s
  [Fase 1 (infra libre)] estacion=station_2 dia=152 -> C:\Users\TECNO-MASTER\Desktop\Elmo_infrastructure_sizing_NP-\output\DCH_septiembre\Bateria_353\Costo_variable\Swap_restringido\Swap_variable_3estaciones_160kW_Descomp/station_2_d152_stage1
formulation time: 22.343254327774048
Set parameter OutputFlag to value 1
Set parameter OutputFlag to value 1
Set parameter LogToConsole to value 1
Set parameter MIPGap to value 0.05
Set parameter TimeLimit to value 1200
Set parameter LogFile to value "C:\Users\TECNO-MASTER\Desktop\Elmo_infrastructure_sizing_NP-\output\DCH_septiembre\Bateria_353\Costo_variable\Swap_restringido\Swap_variable_3estaciones_160kW_Descomp\station_2_d152_stage1\ELMO_log.txt"
Set parameter Threads to value 1
Set parameter Heuristics to value 0.5
Set parameter MIPFocus to value 3
Set parameter Presolve to value 2
Set parameter FlowCoverCuts to value 2
Gurobi Optimizer version 12.0.3 build v12.0.3rc0 (win64 - Windows 11+.0 (26200.2))

CPU model: Intel(R) Core(TM) i9-14900K, instruction set [SSE2|AVX|AVX2]
Thread count: 24 physical cores, 32 logical processors, using up to 1 threads

Non-default parameters:
TimeLimit  1200
MIPGap  0.05
Heuristics  0.5
MIPFocus  3
FlowCoverCuts  2
Presolve  2
Threads  1

Optimize a model with 26932 rows, 54733 columns and 250280 nonzeros
Model fingerprint: 0x8cfc1590
Variable types: 2129 continuous, 52604 integer (19481 binary)
Coefficient statistics:
  Matrix range     [1e+00, 3e+02]
  Objective range  [1e-02, 8e+04]
  Bounds range     [1e+00, 1e+01]
  RHS range        [1e+00, 1e+04]
   522   494 265059.182   98   32 408376.322 265059.182  35.1%   150   60s
   494   496 265665.316  140   12 408800.164 265665.316  35.0%   179   55s
   300   302 262569.894   59   17 289668.460 262569.894  9.36%   166   41s
   304   306 264570.135   95   39 407693.340 264570.135  35.1%   195   44s
     0     2 284579.270    0    9 429422.919 284579.270  33.7%     -    4s
Presolve removed 25548 rows and 45429 columns
Presolve time: 0.49s
Presolved: 1384 rows, 9304 columns, 30500 nonzeros
Variable types: 216 continuous, 9088 integer (8776 binary)
Found heuristic solution: objective 580099.56411
Root relaxation presolved: 1384 rows, 9304 columns, 30500 nonzeros


Use crossover to convert LP symmetric solution to basic solution...

Root relaxation: objective 2.725444e+05, 4188 iterations, 0.08 seconds (0.08 work units)
   521   517 264482.021   88  121 363660.486 264482.021  27.3%  91.5   50s
H  405   401                    406969.70210 263479.602  35.3%   228   53s
     3     5 284579.270    2   37 429422.919 284579.270  33.7%   244    5s
   182   184 265567.046   42   36 291895.243 265567.046  9.02%   259   30s

    Nodes    |    Current Node    |     Objective Bounds      |     Work
 Expl Unexpl |  Obj  Depth IntInf | Incumbent    BestBd   Gap | It/Node Time

     0     0 272544.353    0   73 580099.564 272544.353  53.0%     -    1s
   314   316 264570.135  100   27 407693.340 264570.135  35.1%   194   45s
   208   210 265000.438   74   20 291332.895 265000.438  9.04%  85.6   26s
   154   156 263746.035   45   15 406607.568 263746.035  35.1%   351   35s
   553   542 263557.949   20   37 291332.895 263557.949  9.53%   182   65s
     0     0 284950.110    0   17 580099.564 284950.110  50.9%     -    1s
    81    83 265531.669   41   23 407600.676 265531.669  34.9%   110   17s
H    0     0                    426958.21311 284950.110  33.3%     -    2s
     0     0 284950.110    0   17 426958.213 284950.110  33.3%     -    2s
   528   524 264139.121   15   45 292007.217 264139.121  9.54%   129   60s
C:\Users\TECNO-MASTER\anaconda3\lib\site-packages\pandas\core\indexes\base.py:6999: FutureWarning: In a future version, the Index constructor will not infer numeric dtypes when passed object-dtype sequences (matching Series behavior)
  return Index(sequences[0], name=names)
   459   457 263479.602  131   26 406969.702 263479.602  35.3%   207   55s
     0     0 284950.110    0   15 426958.213 284950.110  33.3%     -    2s
   378   378 263815.907   45   16 407400.650 263815.907  35.2%   173   40s
     0     0 284950.110    0   17 426958.213 284950.110  33.3%     -    2s
     0     0 284950.110    0   15 426958.213 284950.110  33.3%     -    3s
   488   488 265631.085  110   11 364393.645 265631.085  27.1%   107   50s
H   26    26                    427909.90504 284579.270  33.5%   264    8s
H   26    26                    427880.93617 284579.270  33.5%   264    8s
   101   103 265234.643   51   25 291333.751 265234.643  8.96%  65.5   15s
   347   349 262569.894   47   19 289668.460 262569.894  9.36%   154   45s
     0     0 284950.110    0   21 426958.213 284950.110  33.3%     -    4s
     0     0 284950.110    0   13 426958.213 284950.110  33.3%     -    4s
     0     0 284950.110    0   15 426958.213 284950.110  33.3%     -    4s
   243   241 265000.438   91   36 291332.895 265000.438  9.04%  92.3   30s
   137   137 265531.669   69   38 407600.676 265531.669  34.9%  84.7   20s
     0     0 284950.110    0   15 426958.213 284950.110  33.3%     -    5s
   514   514 266242.451  142   70 408800.164 265665.316  35.0%   185   60s
     0     0 284950.110    0   15 426958.213 284950.110  33.3%     -    5s
H    0     0                    426951.21994 284950.110  33.3%     -    5s
   526   496 265059.182   12   54 408376.322 265059.182  35.1%   149   66s
   209   211 265567.046   39   29 291895.243 265567.046  9.02%   244   35s
   523   520 264076.246   30   14 291895.164 264076.246  9.53%   177   71s
    38    40 284579.270   19   59 427880.936 284579.270  33.5%   221   10s
   353   353 264570.135   73   24 407693.340 264570.135  35.1%   200   50s
     0     2 284950.110    0   15 426951.220 284950.110  33.3%     -    6s
H  514   488                    408784.27597 265665.316  35.0%   185   61s
  [Fase 1 (infra libre)] estacion=station_2 dia=213 -> C:\Users\TECNO-MASTER\Desktop\Elmo_infrastructure_sizing_NP-\output\DCH_septiembre\Bateria_353\Costo_variable\Swap_restringido\Swap_variable_3estaciones_160kW_Descomp/station_2_d213_stage1
formulation time: 23.820570468902588
Set parameter OutputFlag to value 1
Set parameter OutputFlag to value 1
Set parameter LogToConsole to value 1
Set parameter MIPGap to value 0.05
Set parameter TimeLimit to value 1200
Set parameter LogFile to value "C:\Users\TECNO-MASTER\Desktop\Elmo_infrastructure_sizing_NP-\output\DCH_septiembre\Bateria_353\Costo_variable\Swap_restringido\Swap_variable_3estaciones_160kW_Descomp\station_2_d213_stage1\ELMO_log.txt"
Set parameter Threads to value 1
Set parameter Heuristics to value 0.5
Set parameter MIPFocus to value 3
Set parameter Presolve to value 2
Set parameter FlowCoverCuts to value 2
   525   520 264482.021   11  132 363660.486 264482.021  27.3%  90.8   56s
Gurobi Optimizer version 12.0.3 build v12.0.3rc0 (win64 - Windows 11+.0 (26200.2))

CPU model: Intel(R) Core(TM) i9-14900K, instruction set [SSE2|AVX|AVX2]
Thread count: 24 physical cores, 32 logical processors, using up to 1 threads

Non-default parameters:
TimeLimit  1200
MIPGap  0.05
Heuristics  0.5
MIPFocus  3
FlowCoverCuts  2
Presolve  2
Threads  1

Optimize a model with 26932 rows, 54733 columns and 250280 nonzeros
Model fingerprint: 0x40fbac12
Variable types: 2129 continuous, 52604 integer (19481 binary)
Coefficient statistics:
  Matrix range     [1e+00, 3e+02]
  Objective range  [8e-03, 8e+04]
  Bounds range     [1e+00, 1e+01]
  RHS range        [1e+00, 1e+04]
   586   564 263557.989   31   27 291332.895 263557.949  9.53%   187   70s
   208   210 282981.268   52   12 424889.177 282981.268  33.4%  48.3   28s
   194   196 263746.035   34   53 406607.568 263746.035  35.1%   304   40s
Presolve removed 25515 rows and 45396 columns
Presolve time: 0.47s
Presolved: 1417 rows, 9337 columns, 30526 nonzeros
Variable types: 216 continuous, 9121 integer (8776 binary)
Found heuristic solution: objective 577792.81182
Root relaxation presolved: 1417 rows, 9337 columns, 30526 nonzeros


Use crossover to convert LP symmetric solution to basic solution...

Root relaxation: objective 2.718983e+05, 4391 iterations, 0.18 seconds (0.08 work units)
   532   526 264139.121    8   36 292007.217 264139.121  9.54%   128   65s
   430   430 263815.907   45   20 407400.650 263815.907  35.2%   171   45s
H   52    52                    427879.68660 284579.270  33.5%   234   11s
C:\Users\TECNO-MASTER\anaconda3\lib\site-packages\pandas\core\indexes\base.py:6999: FutureWarning: In a future version, the Index constructor will not infer numeric dtypes when passed object-dtype sequences (matching Series behavior)
  return Index(sequences[0], name=names)
   494   492 263479.602  135    9 406969.702 263479.602  35.3%   199   60s

    Nodes    |    Current Node    |     Objective Bounds      |     Work
 Expl Unexpl |  Obj  Depth IntInf | Incumbent    BestBd   Gap | It/Node Time

     0     0 271898.330    0   72 577792.812 271898.330  52.9%     -    1s
     0     0 284206.397    0   23 577792.812 284206.397  50.8%     -    2s
   236   238 282981.268   54   14 424889.177 282981.268  33.4%  46.2   30s
H    0     0                    470613.04283 284206.397  39.6%     -    2s
  [Fase 1 (infra libre)] estacion=station_3 dia=32 -> C:\Users\TECNO-MASTER\Desktop\Elmo_infrastructure_sizing_NP-\output\DCH_septiembre\Bateria_353\Costo_variable\Swap_restringido\Swap_variable_3estaciones_160kW_Descomp/station_3_d32_stage1
formulation time: 20.67064595222473
Set parameter OutputFlag to value 1
Set parameter OutputFlag to value 1
Set parameter LogToConsole to value 1
Set parameter MIPGap to value 0.05
Set parameter TimeLimit to value 1200
Set parameter LogFile to value "C:\Users\TECNO-MASTER\Desktop\Elmo_infrastructure_sizing_NP-\output\DCH_septiembre\Bateria_353\Costo_variable\Swap_restringido\Swap_variable_3estaciones_160kW_Descomp\station_3_d32_stage1\ELMO_log.txt"
Set parameter Threads to value 1
Set parameter Heuristics to value 0.5
Set parameter MIPFocus to value 3
Set parameter Presolve to value 2
Set parameter FlowCoverCuts to value 2
H    0     0                    451040.50214 284206.397  37.0%     -    2s
   156   158 265234.643   79   47 291333.751 265234.643  8.96%   102   20s
H    0     0                    450989.41663 284206.397  37.0%     -    2s
     0     0 284206.397    0   20 450989.417 284206.397  37.0%     -    2s
Gurobi Optimizer version 12.0.3 build v12.0.3rc0 (win64 - Windows 11+.0 (26200.2))

CPU model: Intel(R) Core(TM) i9-14900K, instruction set [SSE2|AVX|AVX2]
Thread count: 24 physical cores, 32 logical processors, using up to 1 threads

Non-default parameters:
TimeLimit  1200
MIPGap  0.05
Heuristics  0.5
MIPFocus  3
FlowCoverCuts  2
Presolve  2
Threads  1

Optimize a model with 26872 rows, 53707 columns and 245170 nonzeros
Model fingerprint: 0x4278be3a
Variable types: 2099 continuous, 51608 integer (18485 binary)
Coefficient statistics:
  Matrix range     [1e+00, 3e+02]
  Objective range  [3e-03, 8e+04]
  Bounds range     [1e+00, 1e+01]
  RHS range        [1e+00, 1e+04]
   525   522 264076.246    6   12 291895.164 264076.246  9.53%   177   75s
   389   391 262569.894   46   27 289668.460 262569.894  9.36%   155   50s
   513   512 265631.085   56  104 364393.645 265631.085  27.1%   112   56s
     0     0 284206.397    0   11 450989.417 284206.397  37.0%     -    2s
Presolve removed 25521 rows and 44919 columns
Presolve time: 0.51s
Presolved: 1351 rows, 8788 columns, 28850 nonzeros
Variable types: 216 continuous, 8572 integer (8258 binary)
Root relaxation presolved: 1351 rows, 8788 columns, 28850 nonzeros


Use crossover to convert LP symmetric solution to basic solution...

Root relaxation: objective 2.419721e+05, 3691 iterations, 0.16 seconds (0.06 work units)
     0     0 284206.397    0   13 450989.417 284206.397  37.0%     -    3s
   300   294 265000.438  116   11 291332.895 265000.438  9.04%   108   35s
    26    28 284950.110   11   28 426951.220 284950.110  33.3%   345   10s
   202   202 265531.669  101   26 407600.676 265531.669  34.9%  73.1   25s
   528   498 265059.182   63   59 408376.322 265059.182  35.1%   148   71s

    Nodes    |    Current Node    |     Objective Bounds      |     Work
 Expl Unexpl |  Obj  Depth IntInf | Incumbent    BestBd   Gap | It/Node Time

     0     0 241972.071    0   37          - 241972.071      -     -    1s
   534   526 264482.021   23  109 363660.486 264482.021  27.3%  89.3   60s
H  234   234                    291895.24318 265567.046  9.02%   221   39s
H  234   234                    291895.24311 265567.046  9.02%   221   40s
    77    79 284579.270   39   37 427879.687 284579.270  33.5%   211   15s
     0     0 254622.057    0   33          - 254622.057      -     -    2s
     0     0 284206.397    0   12 450989.417 284206.397  37.0%     -    4s
     0     0 284206.397    0   12 450989.417 284206.397  37.0%     -    4s
   205   207 263746.035   64   17 406607.568 263746.035  35.1%   288   45s
     0     0 265531.676    0   18          - 265531.676      -     -    2s
     0     0 265531.676    0   19          - 265531.676      -     -    2s
     0     0 284206.397    0   13 450989.417 284206.397  37.0%     -    5s
   612   582 263557.949   27   55 291332.895 263557.949  9.53%   196   75s
   543   536 264139.121   17   52 292007.217 264139.121  9.54%   181   70s
     0     0 284206.397    0   10 450989.417 284206.397  37.0%     -    5s
     0     0 265531.676    0   17          - 265531.676      -     -    3s
H  516   486                    406891.03926 263479.602  35.2%   193   64s
     0     0 265531.676    0   19          - 265531.676      -     -    3s
H    0     0                    450938.33113 284206.397  37.0%     -    5s
   397   397 264570.135   89   12 407693.340 264570.135  35.1%   182   56s
H    0     0                    427228.09283 284206.397  33.5%     -    6s
H    0     0                    427177.35848 284206.397  33.5%     -    6s
     0     0 265531.676    0   15          - 265531.676      -     -    4s
     0     0 265531.676    0   17          - 265531.676      -     -    4s
C:\Users\TECNO-MASTER\anaconda3\lib\site-packages\pandas\core\indexes\base.py:6999: FutureWarning: In a future version, the Index constructor will not infer numeric dtypes when passed object-dtype sequences (matching Series behavior)
  return Index(sequences[0], name=names)
   473   473 263815.907   49   18 407400.650 263815.907  35.2%   187   50s
   193   195 265234.643   97   17 291333.751 265234.643  8.96%  93.7   25s
   519   492 265665.316  103   18 408784.276 265665.316  35.0%   183   68s
     0     2 284206.397    0   10 427177.358 284206.397  33.5%     -    7s
   298   300 282981.268   52   21 424889.177 282981.268  33.4%  41.7   35s
     0     0 265531.676    0   18          - 265531.676      -     -    4s
     0     0 265531.676    0   18          - 265531.676      -     -    4s
   517   487 263479.602  129   74 406891.039 263479.602  35.2%   193   66s
   518   515 265631.085   23  100 364393.645 265631.085  27.1%   111   61s
   405   407 262569.894   41   34 289668.460 262569.894  9.36%   166   55s
   531   500 265059.182   91   18 408376.322 265059.182  35.1%   147   75s
     0     0 265531.676    0    9          - 265531.676      -     -    5s
   368   360 265000.438   69   18 291332.895 265000.438  9.04%  97.8   40s
     0     0 265531.676    0   13          - 265531.676      -     -    6s
    78    80 284950.110   25   12 426951.220 284950.110  33.3%   165   15s
     0     0 265531.676    0   13          - 265531.676      -     -    6s
   553   541 264482.022   18   33 363660.486 264482.022  27.3%   138   65s
H    0     0                    543875.28948 265531.676  51.2%     -    6s
H    0     0                    543860.73033 265531.676  51.2%     -    6s
   520   492 265665.316  126   13 408784.276 265665.316  35.0%   183   70s
H    0     0                    543836.57617 265531.676  51.2%     -    6s
H    0     0                    543835.50679 265531.676  51.2%     -    6s
H    0     0                    435476.39615 265531.676  39.0%     -    6s
H    0     0                    435459.42021 265531.676  39.0%     -    6s
H    0     0                    434225.71153 265531.676  38.8%     -    6s
   108   110 284579.270   55   16 427879.687 284579.270  33.5%   189   20s
   279   281 265567.046   61   15 291895.243 265567.046  9.02%   189   45s
   431   431 264570.135   92   10 407693.340 264570.135  35.1%   170   60s
   529   524 264076.246   45   16 291895.164 264076.246  9.53%   175   82s
   209   209 265531.669  105   18 407600.676 265531.669  34.9%  71.9   31s
   261   263 263746.035   76   19 406607.568 263746.035  35.1%   242   50s
   640   600 263557.949   38   54 291332.895 263557.949  9.53%   203   80s
    16    18 284206.397    8   48 427177.358 284206.397  33.5%   282   10s
H  130   130                    426366.67237 284579.270  33.3%   169   21s
H    0     0                    434217.76500 265531.676  38.8%     -    7s
H    0     0                    434199.88406 265531.676  38.8%     -    7s
H    0     0                    431550.32803 265531.676  38.5%     -    7s
   590   567 264139.121   31   15 292007.217 264139.121  9.54%   181   75s
H    0     0                    407609.61971 265531.676  34.9%     -    8s
     0     2 265531.676    0   13 407609.620 265531.676  34.9%     -    8s
   515   513 263815.907   51   39 407400.650 263815.907  35.2%   176   55s
   521   517 265631.085   51  131 364393.645 265631.085  27.1%   110   65s
   235   235 265234.643  118   13 291333.751 265234.643  8.96%  80.4   30s
  [Fase 1 (infra libre)] estacion=station_3 dia=121 -> C:\Users\TECNO-MASTER\Desktop\Elmo_infrastructure_sizing_NP-\output\DCH_septiembre\Bateria_353\Costo_variable\Swap_restringido\Swap_variable_3estaciones_160kW_Descomp/station_3_d121_stage1
formulation time: 24.931456804275513
Set parameter OutputFlag to value 1
Set parameter OutputFlag to value 1
Set parameter LogToConsole to value 1
Set parameter MIPGap to value 0.05
Set parameter TimeLimit to value 1200
Set parameter LogFile to value "C:\Users\TECNO-MASTER\Desktop\Elmo_infrastructure_sizing_NP-\output\DCH_septiembre\Bateria_353\Costo_variable\Swap_restringido\Swap_variable_3estaciones_160kW_Descomp\station_3_d121_stage1\ELMO_log.txt"
Set parameter Threads to value 1
Set parameter Heuristics to value 0.5
Set parameter MIPFocus to value 3
Set parameter Presolve to value 2
Set parameter FlowCoverCuts to value 2
Gurobi Optimizer version 12.0.3 build v12.0.3rc0 (win64 - Windows 11+.0 (26200.2))

CPU model: Intel(R) Core(TM) i9-14900K, instruction set [SSE2|AVX|AVX2]
Thread count: 24 physical cores, 32 logical processors, using up to 1 threads

Non-default parameters:
TimeLimit  1200
MIPGap  0.05
Heuristics  0.5
MIPFocus  3
FlowCoverCuts  2
Presolve  2
Threads  1

Optimize a model with 26902 rows, 53707 columns and 245230 nonzeros
Model fingerprint: 0xc8311e6e
Variable types: 2099 continuous, 51608 integer (18485 binary)
Coefficient statistics:
  Matrix range     [1e+00, 3e+02]
  Objective range  [8e-03, 8e+04]
  Bounds range     [1e+00, 1e+01]
  RHS range        [1e+00, 1e+04]
H  515   487                    407307.50031 263815.907  35.2%   176   56s
Presolve removed 25524 rows and 44921 columns
Presolve time: 0.20s
Presolved: 1378 rows, 8786 columns, 28908 nonzeros
Variable types: 216 continuous, 8570 integer (8258 binary)
Root relaxation presolved: 1378 rows, 8786 columns, 28908 nonzeros


Use crossover to convert LP symmetric solution to basic solution...

Root relaxation: objective 2.684912e+05, 4201 iterations, 0.14 seconds (0.08 work units)
     9    11 265531.676    5   33 407609.620 265531.676  34.9%   165   10s
   379   381 282981.268   60   23 424889.177 282981.268  33.4%  38.0   40s

    Nodes    |    Current Node    |     Objective Bounds      |     Work
 Expl Unexpl |  Obj  Depth IntInf | Incumbent    BestBd   Gap | It/Node Time

     0     0 268491.167    0   67          - 268491.167      -     -    1s
   532   526 264076.246   67   25 291895.164 264076.246  9.53%   174   85s
   521   490 263479.602   66   77 406891.039 263479.602  35.2%   191   72s
C:\Users\TECNO-MASTER\anaconda3\lib\site-packages\pandas\core\indexes\base.py:6999: FutureWarning: In a future version, the Index constructor will not infer numeric dtypes when passed object-dtype sequences (matching Series behavior)
  return Index(sequences[0], name=names)
   432   434 262569.894   64   25 289668.460 262569.894  9.36%   178   60s
   126   128 284950.110   31   12 426951.220 284950.110  33.3%   109   20s
   404   396 265000.438   33   20 291332.895 265000.438  9.04%  98.0   45s
   534   502 265059.182   54   16 408376.322 265059.182  35.1%   147   80s
     0     0 282981.268    0   13          - 282981.268      -     -    1s
   240   238 265531.669  120   31 407600.676 265531.669  34.9%  83.0   35s
     0     0 282981.268    0   13          - 282981.268      -     -    1s
   523   494 265665.316   26   53 408784.276 265665.316  35.0%   182   75s
   179   177 284579.270   91   21 426366.672 284579.270  33.3%   171   25s
   591   566 264482.022   29   50 363660.486 264482.022  27.3%   154   70s
     0     0 282981.268    0   28          - 282981.268      -     -    2s
   324   326 265567.046   51   19 291895.243 265567.046  9.02%   170   50s
H   27    27                    407600.67608 265531.676  34.9%   140   12s
    42    44 284206.397    9   71 427177.358 284206.397  33.5%   304   15s
   675   624 263557.989   32   52 291332.895 263557.949  9.53%   204   85s
   297   299 263746.035   92   17 406607.568 263746.035  35.1%   225   55s
     0     0 282981.268    0   20          - 282981.268      -     -    3s
   630   594 264139.121   40   14 292007.217 264139.121  9.54%   172   80s
     0     0 282981.268    0   42          - 282981.268      -     -    3s
     0     0 282981.268    0   20          - 282981.268      -     -    3s
     0     0 282981.268    0   20          - 282981.268      -     -    3s
   297   297 265234.643  125   13 291333.751 265234.643  8.96%  68.3   35s
   415   417 282981.268   58   23 424889.177 282981.268  33.4%  37.1   45s
   523   491 263479.602   45   12 406891.039 263479.602  35.2%   190   76s
   525   520 265631.085   32   97 364393.645 265631.085  27.1%   109   70s
    57    59 265531.676   29   41 407600.676 265531.676  34.9%   109   15s
   460   462 262569.894   54   26 289668.460 262569.894  9.36%   189   65s
   538   532 264076.246   18   43 291895.164 264076.246  9.53%   218   90s
   521   491 263815.907    6   21 407307.500 263815.907  35.2%   174   61s
   550   514 265059.182   19   56 408376.322 265059.182  35.1%   193   85s
H  618   555                    363321.79532 264482.022  27.2%   153   74s
   182   184 284950.110   31   14 426951.220 284950.110  33.3%  80.7   25s
   627   562 264507.325   40   38 363321.795 264482.022  27.2%   153   75s
   530   499 265665.316  123   19 408784.276 265665.316  35.0%   179   80s
   494   494 264570.135  108   10 407693.340 264570.135  35.1%   152   69s
   408   400 265000.438   35   32 291332.895 265000.438  9.04%  97.5   50s
   204   200 284579.270  103   28 426366.672 284579.270  33.3%   154   30s
   367   369 265567.046   54   17 291895.243 265567.046  9.02%   154   55s
   504   504 264570.135  110   10 407693.340 264570.135  35.1%   150   70s
    75    77 284206.397   15   41 427177.358 284206.397  33.5%   296   20s
   679   626 264139.121   40   13 292007.217 264139.121  9.54%   161   85s
   303   305 263746.035   93   13 406607.568 263746.035  35.1%   224   60s
C:\Users\TECNO-MASTER\anaconda3\lib\site-packages\pandas\core\indexes\base.py:6999: FutureWarning: In a future version, the Index constructor will not infer numeric dtypes when passed object-dtype sequences (matching Series behavior)
  return Index(sequences[0], name=names)
H    0     0                    613583.45055 282981.268  53.9%     -    8s
H    0     0                    594383.45055 282981.268  52.4%     -    8s
   286   284 265531.669   30   18 407600.676 265531.669  34.9%  84.1   42s
H    0     0                    535460.87140 282981.268  47.2%     -    8s
H    0     0                    535378.63565 282981.268  47.1%     -    8s
H    0     0                    451066.60406 282981.268  37.3%     -    9s
H    0     0                    451056.04950 282981.268  37.3%     -    9s
H    0     0                    424967.95885 282981.268  33.4%     -    9s
H    0     0                    424966.16659 282981.268  33.4%     -    9s
   526   493 263479.602   23   15 406891.039 263479.602  35.2%   189   80s
     0     2 282981.268    0   20 424966.167 282981.268  33.4%     -    9s
   688   632 263557.949   42   45 291332.895 263557.949  9.53%   204   91s
   351   351 265234.643  127   19 291333.751 265234.643  8.96%  63.9   40s
     3     5 282981.268    2   53 424966.167 282981.268  33.4%   476   10s
  [Fase 1 (infra libre)] estacion=station_2 dia=182 -> C:\Users\TECNO-MASTER\Desktop\Elmo_infrastructure_sizing_NP-\output\DCH_septiembre\Bateria_353\Costo_variable\Swap_restringido\Swap_variable_3estaciones_160kW_Descomp/station_2_d182_stage1
formulation time: 28.02989649772644
Set parameter OutputFlag to value 1
Set parameter OutputFlag to value 1
Set parameter LogToConsole to value 1
Set parameter MIPGap to value 0.05
Set parameter TimeLimit to value 1200
Set parameter LogFile to value "C:\Users\TECNO-MASTER\Desktop\Elmo_infrastructure_sizing_NP-\output\DCH_septiembre\Bateria_353\Costo_variable\Swap_restringido\Swap_variable_3estaciones_160kW_Descomp\station_2_d182_stage1\ELMO_log.txt"
Set parameter Threads to value 1
Set parameter Heuristics to value 0.5
Set parameter MIPFocus to value 3
Set parameter Presolve to value 2
Set parameter FlowCoverCuts to value 2
Gurobi Optimizer version 12.0.3 build v12.0.3rc0 (win64 - Windows 11+.0 (26200.2))

CPU model: Intel(R) Core(TM) i9-14900K, instruction set [SSE2|AVX|AVX2]
Thread count: 24 physical cores, 32 logical processors, using up to 1 threads

Non-default parameters:
TimeLimit  1200
MIPGap  0.05
Heuristics  0.5
MIPFocus  3
FlowCoverCuts  2
Presolve  2
Threads  1

Optimize a model with 26932 rows, 54733 columns and 250280 nonzeros
Model fingerprint: 0x61dbfa51
Variable types: 2129 continuous, 52604 integer (19481 binary)
Coefficient statistics:
  Matrix range     [1e+00, 3e+02]
  Objective range  [1e-02, 8e+04]
  Bounds range     [1e+00, 1e+01]
  RHS range        [1e+00, 1e+04]
    81    83 265531.676   41   30 407600.676 265531.676  34.9%   167   20s
   525   494 263815.907   54   34 407307.500 263815.907  35.2%   173   66s
   589   566 264076.246   37   18 291895.164 264076.246  9.53%   205   95s
   570   528 265059.293   27   74 408376.322 265059.182  35.1%   202   90s
H  351   351                    406607.50434 263746.035  35.1%   220   63s
Presolve removed 25548 rows and 45429 columns
Presolve time: 0.71s
Presolved: 1384 rows, 9304 columns, 30500 nonzeros
Variable types: 216 continuous, 9088 integer (8776 binary)
Found heuristic solution: objective 579179.62357
   530   523 265631.085   40  148 364393.645 265631.085  27.1%   108   76s
Root relaxation presolved: 1384 rows, 9304 columns, 30500 nonzeros

   459   451 265000.438   12   18 291332.895 265000.438  9.04%  91.3   55s
   547   512 265665.316   23   22 408784.276 265665.316  35.0%   220   85s

Use crossover to convert LP symmetric solution to basic solution...
   224   226 284950.110   40   16 426951.220 284950.110  33.3%  69.7   30s

Root relaxation: objective 2.724664e+05, 4066 iterations, 0.21 seconds (0.07 work units)
   302   300 265531.669   38   24 407600.676 265531.669  34.9%  82.4   45s
   660   584 264482.022   47   32 363321.795 264482.022  27.2%   165   80s
  [Fase 1 (infra libre)] estacion=station_3 dia=1 -> C:\Users\TECNO-MASTER\Desktop\Elmo_infrastructure_sizing_NP-\output\DCH_septiembre\Bateria_353\Costo_variable\Swap_restringido\Swap_variable_3estaciones_160kW_Descomp/station_3_d1_stage1
formulation time: 25.80884313583374
Set parameter OutputFlag to value 1
Set parameter OutputFlag to value 1
Set parameter LogToConsole to value 1
Set parameter MIPGap to value 0.05
Set parameter TimeLimit to value 1200
Set parameter LogFile to value "C:\Users\TECNO-MASTER\Desktop\Elmo_infrastructure_sizing_NP-\output\DCH_septiembre\Bateria_353\Costo_variable\Swap_restringido\Swap_variable_3estaciones_160kW_Descomp\station_3_d1_stage1\ELMO_log.txt"
Set parameter Threads to value 1
Set parameter Heuristics to value 0.5
Set parameter MIPFocus to value 3
Set parameter Presolve to value 2
Set parameter FlowCoverCuts to value 2
   400   402 265567.046   43   19 291895.243 265567.046  9.02%   143   60s
Gurobi Optimizer version 12.0.3 build v12.0.3rc0 (win64 - Windows 11+.0 (26200.2))

CPU model: Intel(R) Core(TM) i9-14900K, instruction set [SSE2|AVX|AVX2]
Thread count: 24 physical cores, 32 logical processors, using up to 1 threads

Non-default parameters:
TimeLimit  1200
MIPGap  0.05
Heuristics  0.5
MIPFocus  3
FlowCoverCuts  2
Presolve  2
Threads  1

Optimize a model with 26872 rows, 53707 columns and 245170 nonzeros
Model fingerprint: 0x2bf7c256
Variable types: 2099 continuous, 51608 integer (18485 binary)
Coefficient statistics:
  Matrix range     [1e+00, 3e+02]
  Objective range  [1e-02, 8e+04]
  Bounds range     [1e+00, 1e+01]
  RHS range        [1e+00, 1e+04]
   458   460 282981.268   64   23 424889.177 282981.268  33.4%  36.1   52s

    Nodes    |    Current Node    |     Objective Bounds      |     Work
 Expl Unexpl |  Obj  Depth IntInf | Incumbent    BestBd   Gap | It/Node Time

     0     0 272466.353    0   77 579179.624 272466.353  53.0%     -    2s
   379   381 263746.035   81   15 406607.504 263746.035  35.1%   218   65s
   515   513 264570.135   19   71 407693.340 264570.135  35.1%   147   75s
    97    99 284206.397   26   26 427177.358 284206.397  33.5%   304   25s
Presolve removed 25534 rows and 44932 columns
Presolve time: 0.65s
Presolved: 1338 rows, 8775 columns, 28531 nonzeros
Variable types: 216 continuous, 8559 integer (8258 binary)
Root relaxation presolved: 1338 rows, 8775 columns, 28531 nonzeros

   699   640 263557.949   31   53 291332.895 263557.949  9.53%   206   95s
   474   476 262569.894   62   23 289668.460 262569.894  9.36%   196   72s

Use crossover to convert LP symmetric solution to basic solution...
   724   656 264139.121   46   16 292007.217 264139.121  9.54%   153   90s

Root relaxation: objective 2.418821e+05, 3775 iterations, 0.19 seconds (0.06 work units)
H  530   496                    329615.45638 265631.085  19.4%   108   78s
H  530   471                    329615.20843 265631.085  19.4%   108   79s
     0     0 284833.083    0   22 579179.624 284833.083  50.8%     -    3s

    Nodes    |    Current Node    |     Objective Bounds      |     Work
 Expl Unexpl |  Obj  Depth IntInf | Incumbent    BestBd   Gap | It/Node Time

     0     0 241882.057    0   36          - 241882.057      -     -    1s
H    0     0                    291895.24670 241882.057  17.1%     -    1s
H    0     0                    428391.13719 284833.083  33.5%     -    3s
     0     0 284833.083    0   24 428391.137 284833.083  33.5%     -    3s
     0     0 254526.480    0   32 291895.247 254526.480  12.8%     -    2s
   260   250 284579.270  131   34 426366.672 284579.270  33.3%   136   37s
     0     0 284833.083    0    9 428391.137 284833.083  33.5%     -    4s
     0     0 284833.083    0   23 428391.137 284833.083  33.5%     -    4s
   536   500 263479.602   27   13 406891.039 263479.602  35.2%   186   85s
C:\Users\TECNO-MASTER\anaconda3\lib\site-packages\pandas\core\indexes\base.py:6999: FutureWarning: In a future version, the Index constructor will not infer numeric dtypes when passed object-dtype sequences (matching Series behavior)
  return Index(sequences[0], name=names)
     0     0 284833.083    0   22 428391.137 284833.083  33.5%     -    4s
   529   497 263815.907   56   34 407307.500 263815.907  35.2%   171   71s
    75    77 282981.268   16   38 424966.167 282981.268  33.4%   255   15s
     0     0 284833.083    0   28 428391.137 284833.083  33.5%     -    4s
   474   476 282981.268   55   12 424889.177 282981.268  33.4%  36.2   55s
     0     0 284833.083    0   21 428391.137 284833.083  33.5%     -    4s
   119   121 265531.676   60   20 407600.676 265531.676  34.9%   137   25s
     0     0 284833.083    0   23 428391.137 284833.083  33.5%     -    5s
     0     0 265567.045    0   17 291895.247 265567.045  9.02%     -    3s
     0     0 265567.045    0   21 291895.247 265567.045  9.02%     -    3s
   532   473 265631.085   27  130 329615.208 265631.085  19.4%   108   81s
   615   584 264076.246   39   16 291895.164 264076.246  9.53%   198  100s
     0     0 265567.045    0   17 291895.247 265567.045  9.02%     -    3s
   580   534 265665.316   35   26 408784.276 265665.316  35.0%   210   90s
     0     0 265567.045    0   21 291895.247 265567.045  9.02%     -    4s
   486   488 262569.894   60   32 289668.460 262569.894  9.36%   201   75s
     0     0 284833.083    0   28 428391.137 284833.083  33.5%     -    6s
   356   354 265531.669   65   21 407600.676 265531.669  34.9%  84.9   50s
   589   540 265059.182   18   55 408376.322 265059.182  35.1%   213   96s
   260   262 284950.110   40   14 426951.220 284950.110  33.3%  64.2   35s
     0     0 284833.083    0   25 428391.137 284833.083  33.5%     -    6s
     0     0 265567.045    0   23 291895.247 265567.045  9.02%     -    4s
     0     0 265567.045    0   23 291895.247 265567.045  9.02%     -    4s
H    0     0                    428390.88924 284833.083  33.5%     -    6s
     0     0 265567.045    0   17 291895.247 265567.045  9.02%     -    5s
   133   135 284206.397   27   29 427177.358 284206.397  33.5%   281   30s
   734   663 263557.949   33   42 291332.895 263557.949  9.53%   210  100s
   300   282 284579.270    6   19 426366.672 284579.270  33.3%   131   40s
     0     0 265567.045    0   20 291895.247 265567.045  9.02%     -    5s
     0     0 265567.045    0    8 291895.247 265567.045  9.02%     -    6s
   384   386 263746.035   83   41 406607.504 263746.035  35.1%   221   70s
H  534   450                    329474.21402 265631.085  19.4%   107   84s
   494   486 265000.438  107   31 291332.895 265000.438  9.04%   100   62s
   552   512 263479.602   20   63 406891.039 263479.602  35.2%   241   90s
   519   516 264570.135   88   17 407693.340 264570.135  35.1%   146   81s
     0     0 265567.045    0    9 291895.247 265567.045  9.02%     -    6s
   390   388 265234.643  123   15 291333.751 265234.643  8.96%  73.9   49s
   538   505 263815.907   10   59 407307.500 263815.907  35.2%   212   75s
  [Fase 1 (infra libre)] estacion=station_3 dia=91 -> C:\Users\TECNO-MASTER\Desktop\Elmo_infrastructure_sizing_NP-\output\DCH_septiembre\Bateria_353\Costo_variable\Swap_restringido\Swap_variable_3estaciones_160kW_Descomp/station_3_d91_stage1
formulation time: 26.67725920677185
Set parameter OutputFlag to value 1
Set parameter OutputFlag to value 1
Set parameter LogToConsole to value 1
Set parameter MIPGap to value 0.05
Set parameter TimeLimit to value 1200
Set parameter LogFile to value "C:\Users\TECNO-MASTER\Desktop\Elmo_infrastructure_sizing_NP-\output\DCH_septiembre\Bateria_353\Costo_variable\Swap_restringido\Swap_variable_3estaciones_160kW_Descomp\station_3_d91_stage1\ELMO_log.txt"
Set parameter Threads to value 1
Set parameter Heuristics to value 0.5
Set parameter MIPFocus to value 3
Set parameter Presolve to value 2
Set parameter FlowCoverCuts to value 2
   769   686 264139.121   50   12 292007.217 264139.121  9.54%   147   96s
   688   603 264482.022   37   48 363321.795 264482.022  27.2%   175   87s
Gurobi Optimizer version 12.0.3 build v12.0.3rc0 (win64 - Windows 11+.0 (26200.2))

CPU model: Intel(R) Core(TM) i9-14900K, instruction set [SSE2|AVX|AVX2]
Thread count: 24 physical cores, 32 logical processors, using up to 1 threads

Non-default parameters:
TimeLimit  1200
MIPGap  0.05
Heuristics  0.5
MIPFocus  3
FlowCoverCuts  2
Presolve  2
Threads  1

Optimize a model with 26902 rows, 53707 columns and 245230 nonzeros
Model fingerprint: 0xe2a5a95d
Variable types: 2099 continuous, 51608 integer (18485 binary)
Coefficient statistics:
  Matrix range     [1e+00, 3e+02]
  Objective range  [1e-02, 8e+04]
  Bounds range     [1e+00, 1e+01]
  RHS range        [1e+00, 1e+04]
   535   451 265631.085   10  123 329474.214 265631.085  19.4%   107   85s
     0     0 265567.045    0   33 291895.247 265567.045  9.02%     -    7s
   110   112 282981.268   34   27 424966.167 282981.268  33.4%   223   20s
     0     0 265567.045    0   18 291895.247 265567.045  9.02%     -    7s
Presolve removed 25510 rows and 44907 columns
Presolve time: 0.55s
Presolved: 1392 rows, 8800 columns, 29085 nonzeros
Variable types: 216 continuous, 8584 integer (8258 binary)
Root relaxation presolved: 1392 rows, 8800 columns, 29085 nonzeros

   179   179 265531.676   90   30 407600.676 265531.676  34.9%   111   30s

Use crossover to convert LP symmetric solution to basic solution...

Root relaxation: objective 2.700338e+05, 3659 iterations, 0.06 seconds (0.06 work units)
     0     0 265567.045    0   18 291895.247 265567.045  9.02%     -    8s
   657   612 264076.246   48   16 291895.164 264076.246  9.53%   187  105s
   430   432 265567.046   65   15 291895.243 265567.046  9.02%   135   68s
   495   497 262569.894   54   27 289668.460 262569.894  9.36%   204   80s
C:\Users\TECNO-MASTER\anaconda3\lib\site-packages\pandas\core\indexes\base.py:6999: FutureWarning: In a future version, the Index constructor will not infer numeric dtypes when passed object-dtype sequences (matching Series behavior)
  return Index(sequences[0], name=names)

    Nodes    |    Current Node    |     Objective Bounds      |     Work
 Expl Unexpl |  Obj  Depth IntInf | Incumbent    BestBd   Gap | It/Node Time

     0     0 270033.814    0   57          - 270033.814      -     -    1s
   595   544 265059.182   20   59 408376.322 265059.182  35.1%   214  100s
     0     2 284833.083    0   20 428390.889 284833.083  33.5%     -   10s
     0     0 284579.270    0   12          - 284579.270      -     -    1s
   612   556 265665.316   23   20 408784.276 265665.316  35.0%   209   95s
   514   514 282981.268   53   68 424889.177 282981.268  33.4%  35.3   61s
   397   393 265234.643  126   15 291333.751 265234.643  8.96%  73.3   51s
   383   381 265531.669   79   37 407600.676 265531.669  34.9%  85.3   55s
   699   610 264482.022   34   30 363321.795 264482.022  27.2%   183   90s
     0     2 265567.045    0   16 291895.247 265567.045  9.02%     -    9s
   513   505 265000.438  109   24 291332.895 265000.438  9.04%   104   65s
   286   288 284950.110   27   12 426951.220 284950.110  33.3%  60.1   40s
   436   438 265567.046   45   19 291895.243 265567.046  9.02%   133   70s
   335   317 284579.270   14  101 426366.672 284579.270  33.3%   136   45s
H  182   180                    407539.72482 265531.676  34.8%   110   32s
     0     0 284579.270    0   17          - 284579.270      -     -    2s
     7     9 265567.045    4   45 291895.247 265567.045  9.02%   214   10s
     0     0 284579.270    0   24          - 284579.270      -     -    2s
   405   407 263746.035   88   15 406607.504 263746.035  35.1%   214   75s
H  182   182                    425873.88529 284206.397  33.3%   239   35s
H  182   182                    425822.79979 284206.397  33.3%   239   35s
   754   676 263557.949   41   33 291332.895 263557.949  9.53%   213  105s
     0     0 284579.270    0   17          - 284579.270      -     -    3s
   805   710 264139.121   59   12 292007.217 264139.121  9.54%   141  100s
   521   517 264570.135   49   10 407693.340 264570.135  35.1%   146   86s
     0     0 284579.270    0   17          - 284579.270      -     -    3s
   579   530 263479.602   26   19 406891.039 263479.602  35.2%   252   95s
   560   519 263815.907   24   16 407307.500 263815.907  35.2%   218   80s
     0     0 284579.270    0   13          - 284579.270      -     -    4s
     0     0 284579.270    0    9          - 284579.270      -     -    5s
   441   427 265234.643  147   39 291333.751 265234.643  8.96%  71.4   55s
   161   163 282981.268   32   17 424966.167 282981.268  33.4%   179   25s
   540   454 265631.085   77  126 329474.214 265631.085  19.4%   106   90s
    32    34 284833.083   16   33 428390.889 284833.083  33.5%   143   15s
   518   517 282981.268   21   16 424889.177 282981.268  33.4%  35.0   65s
   692   635 264076.246   43   20 291895.164 264076.246  9.53%   180  110s
   615   558 265388.305   19  112 408376.322 265059.182  35.1%   233  105s
   202   202 265531.676  102   29 407539.725 265531.676  34.8%   115   35s
  [Fase 1 (infra libre)] estacion=station_2 dia=335 -> C:\Users\TECNO-MASTER\Desktop\Elmo_infrastructure_sizing_NP-\output\DCH_septiembre\Bateria_353\Costo_variable\Swap_restringido\Swap_variable_3estaciones_160kW_Descomp/station_2_d335_stage1
formulation time: 28.341514825820923
Set parameter OutputFlag to value 1
Set parameter OutputFlag to value 1
Set parameter LogToConsole to value 1
Set parameter MIPGap to value 0.05
Set parameter TimeLimit to value 1200
Set parameter LogFile to value "C:\Users\TECNO-MASTER\Desktop\Elmo_infrastructure_sizing_NP-\output\DCH_septiembre\Bateria_353\Costo_variable\Swap_restringido\Swap_variable_3estaciones_160kW_Descomp\station_2_d335_stage1\ELMO_log.txt"
Set parameter Threads to value 1
Set parameter Heuristics to value 0.5
Set parameter MIPFocus to value 3
Set parameter Presolve to value 2
Set parameter FlowCoverCuts to value 2
Gurobi Optimizer version 12.0.3 build v12.0.3rc0 (win64 - Windows 11+.0 (26200.2))

CPU model: Intel(R) Core(TM) i9-14900K, instruction set [SSE2|AVX|AVX2]
Thread count: 24 physical cores, 32 logical processors, using up to 1 threads

Non-default parameters:
TimeLimit  1200
MIPGap  0.05
Heuristics  0.5
MIPFocus  3
FlowCoverCuts  2
Presolve  2
Threads  1

Optimize a model with 26902 rows, 54733 columns and 250220 nonzeros
Model fingerprint: 0x73e57aad
Variable types: 2129 continuous, 52604 integer (19481 binary)
Coefficient statistics:
  Matrix range     [1e+00, 3e+02]
  Objective range  [4e-03, 8e+04]
  Bounds range     [1e+00, 1e+01]
  RHS range        [1e+00, 1e+04]
   519   509 265000.438   41   45 291332.895 265000.438  9.04%   103   70s
   631   568 265665.316   36   13 408784.276 265665.316  35.0%   215  100s
   512   513 262569.894   63   20 289668.460 262569.894  9.36%   210   86s
Presolve removed 25545 rows and 45427 columns
Presolve time: 0.74s
Presolved: 1357 rows, 9306 columns, 30406 nonzeros
Variable types: 216 continuous, 9090 integer (8776 binary)
Found heuristic solution: objective 541509.07899
   726   628 264482.022   41   39 363321.795 264482.022  27.2%   189   95s
Root relaxation presolved: 1357 rows, 9306 columns, 30406 nonzeros

   370   352 284579.270   41   11 426366.672 284579.270  33.3%   148   50s

Use crossover to convert LP symmetric solution to basic solution...

Root relaxation: objective 2.420652e+05, 4058 iterations, 0.25 seconds (0.08 work units)
   398   396 265531.669   87   10 407600.676 265531.669  34.9%  88.8   61s
   523   519 264570.135   57   20 407693.340 264570.135  35.1%   145   90s
   486   488 265567.046   54   27 291895.243 265567.046  9.02%   127   75s
C:\Users\TECNO-MASTER\anaconda3\lib\site-packages\pandas\core\indexes\base.py:6999: FutureWarning: In a future version, the Index constructor will not infer numeric dtypes when passed object-dtype sequences (matching Series behavior)
  return Index(sequences[0], name=names)
H    0     0                    621166.77456 284579.270  54.2%     -    8s
H    0     0                    620439.00619 284579.270  54.1%     -    8s

    Nodes    |    Current Node    |     Objective Bounds      |     Work
 Expl Unexpl |  Obj  Depth IntInf | Incumbent    BestBd   Gap | It/Node Time

     0     0 242065.204    0   38 541509.079 242065.204  55.3%     -    1s
H    0     0                    620308.86302 284579.270  54.1%     -    8s
H    0     0                    620230.00590 284579.270  54.1%     -    8s
H    0     0                    556319.22870 284579.270  48.8%     -    8s
H    0     0                    429336.61343 284579.270  33.7%     -    8s
   775   688 263557.950   47   60 291332.895 263557.949  9.53%   212  110s
H    0     0                    429315.42132 284579.270  33.7%     -    8s
H    0     0                    429237.03246 284579.270  33.7%     -    8s
H    0     0                    427876.28475 284579.270  33.5%     -    8s
H    0     0                    427769.97375 284579.270  33.5%     -    8s
     0     0 242065.204    0   39 541509.079 242065.204  55.3%     -    2s
H    0     0                    430558.79903 242090.279  43.8%     -    2s
H    0     0                    429629.63274 242090.279  43.7%     -    2s
H    0     0                    428923.13398 242090.279  43.6%     -    2s
    27    29 265567.045   14   61 291895.247 265567.045  9.02%   164   16s
H    0     0                    427744.18658 284579.270  33.5%     -    9s
     0     2 284579.270    0    9 427744.187 284579.270  33.5%     -    9s
   598   543 263479.602   32   17 406891.039 263479.602  35.2%   250  100s
H    0     0                    428921.90551 242090.279  43.6%     -    2s
H    0     0                    289668.46014 242090.279  16.4%     -    2s
   598   545 263815.907   43   14 407307.500 263815.907  35.2%   205   85s
H  338   338                    426949.85315 284950.110  33.3%  53.9   47s
     0     0 252670.988    0   70 289668.460 252670.988  12.8%     -    2s
H  338   338                    426945.54113 284950.110  33.3%  53.9   47s
   847   738 264139.121   66   16 292007.217 264139.121  9.54%   135  105s
H  338   338                    426901.85138 284950.110  33.3%  53.9   47s
   557   467 265631.085   23   18 329474.214 265631.085  19.4%   160   95s
     8    10 284579.270    4   78 427744.187 284579.270  33.5%   223   10s
   203   205 284206.397   25   21 425822.800 284206.397  33.3%   224   41s
     0     0 264528.858    0   15 289668.460 264528.858  8.68%     -    3s
   487   469 265234.643  168   21 291333.751 265234.643  8.96%  68.5   60s
H  520   491                    424843.13649 282981.268  33.4%  34.9   70s
    69    71 284833.083   27   15 428390.889 284833.083  33.5%   142   20s
   725   657 264076.246   45   18 291895.164 264076.246  9.53%   173  115s
   203   205 282981.268   43   19 424966.167 282981.268  33.4%   152   30s
H  615   526                    406773.12939 263479.602  35.2%   246  102s
   636   572 265059.222   28   95 408376.322 265059.182  35.1%   256  110s
   644   577 265665.316   40   11 408784.276 265665.316  35.0%   214  105s
     0     0 264528.858    0   21 289668.460 264528.858  8.68%     -    5s
   356   358 284950.110   37   12 426901.851 284950.110  33.3%  52.1   50s
   427   425 265531.669   99   12 407600.676 265531.669  34.9%  95.5   65s
   750   644 264482.022   42   22 363321.795 264482.022  27.2%   206  100s
     0     0 264528.858    0   23 289668.460 264528.858  8.68%     -    5s
   522   511 265000.438   12   19 291332.895 265000.438  9.04%   103   75s
   517   516 262569.894   48   15 289668.460 262569.894  9.36%   208   91s
   505   507 265567.046   78   19 291895.243 265567.046  9.02%   127   80s
    50    52 265567.045   26   44 291895.247 265567.045  9.02%   173   20s
   529   523 264570.135   91   22 407693.340 264570.135  35.1%   144   95s
   373   355 284579.270   33   27 426366.672 284579.270  33.3%   148   55s
     0     0 264528.858    0   17 289668.460 264528.858  8.68%     -    6s
     0     0 264528.858    0   17 289668.460 264528.858  8.68%     -    6s
   886   764 264139.121   70   12 292007.217 264139.121  9.54%   130  110s
   208   208 265531.676  105   31 407539.725 265531.676  34.8%   115   43s
   208   210 284206.397   26   35 425822.800 284206.397  33.3%   220   45s
  [Fase 1 (infra libre)] estacion=station_3 dia=60 -> C:\Users\TECNO-MASTER\Desktop\Elmo_infrastructure_sizing_NP-\output\DCH_septiembre\Bateria_353\Costo_variable\Swap_restringido\Swap_variable_3estaciones_160kW_Descomp/station_3_d60_stage1
formulation time: 33.008567810058594
Set parameter OutputFlag to value 1
Set parameter OutputFlag to value 1
Set parameter LogToConsole to value 1
Set parameter MIPGap to value 0.05
Set parameter TimeLimit to value 1200
Set parameter LogFile to value "C:\Users\TECNO-MASTER\Desktop\Elmo_infrastructure_sizing_NP-\output\DCH_septiembre\Bateria_353\Costo_variable\Swap_restringido\Swap_variable_3estaciones_160kW_Descomp\station_3_d60_stage1\ELMO_log.txt"
Set parameter Threads to value 1
Set parameter Heuristics to value 0.5
Set parameter MIPFocus to value 3
Set parameter Presolve to value 2
Set parameter FlowCoverCuts to value 2
Gurobi Optimizer version 12.0.3 build v12.0.3rc0 (win64 - Windows 11+.0 (26200.2))

CPU model: Intel(R) Core(TM) i9-14900K, instruction set [SSE2|AVX|AVX2]
Thread count: 24 physical cores, 32 logical processors, using up to 1 threads

Non-default parameters:
TimeLimit  1200
MIPGap  0.05
Heuristics  0.5
MIPFocus  3
FlowCoverCuts  2
Presolve  2
Threads  1

Optimize a model with 26872 rows, 53707 columns and 245170 nonzeros
Model fingerprint: 0xe2231248
Variable types: 2099 continuous, 51608 integer (18485 binary)
Coefficient statistics:
  Matrix range     [1e+00, 3e+02]
  Objective range  [9e-03, 8e+04]
  Bounds range     [1e+00, 1e+01]
  RHS range        [1e+00, 1e+04]
   627   536 263479.602   33   17 406773.129 263479.602  35.2%   243  105s
   494   496 263746.035  109   34 406607.504 263746.035  35.1%   187   86s
Presolve removed 25543 rows and 44941 columns
Presolve time: 0.21s
   785   695 263557.949   41   45 291332.895 263557.949  9.53%   214  115s
Presolved: 1329 rows, 8766 columns, 28326 nonzeros
Variable types: 216 continuous, 8550 integer (8258 binary)
   642   574 263815.907   57   12 407307.500 263815.907  35.2%   193   90s
Root relaxation presolved: 1329 rows, 8766 columns, 28326 nonzeros


Use crossover to convert LP symmetric solution to basic solution...

Root relaxation: objective 2.414472e+05, 4064 iterations, 0.08 seconds (0.08 work units)
     0     2 264528.858    0    8 289668.460 264528.858  8.68%     -    8s

    Nodes    |    Current Node    |     Objective Bounds      |     Work
 Expl Unexpl |  Obj  Depth IntInf | Incumbent    BestBd   Gap | It/Node Time

     0     0 241447.206    0   45          - 241447.206      -     -    0s
   581   483 265631.085   24   18 329474.214 265631.085  19.4%   154  100s
    43    45 284579.270   22   91 427744.187 284579.270  33.5%   289   15s
H  505   505                    406607.50422 263746.035  35.1%   187   87s
     0     0 254059.394    0   41          - 254059.394      -     -    1s
     0     0 254124.038    0   47          - 254124.038      -     -    1s
   514   486 265234.643  179   24 291333.751 265234.643  8.96%  67.0   65s
   524   494 282981.268   65   19 424843.136 282981.268  33.4%  34.6   75s
    95    97 284833.083   26   33 428390.889 284833.083  33.5%   152   25s
     0     0 265000.437    0    9          - 265000.437      -     -    1s
   767   685 264076.246   59   16 291895.164 264076.246  9.53%   165  120s
     0     0 265000.437    0   15          - 265000.437      -     -    1s
   216   216 265531.676  109   35 407539.725 265531.676  34.8%   115   45s
   672   595 270701.348   26  104 408376.322 265059.182  35.1%   268  115s
    10    12 264528.858    5   45 289668.460 264528.858  8.68%   309   10s
     0     0 265000.437    0   14          - 265000.437      -     -    2s
   524   513 265000.438   41   13 291332.895 265000.438  9.04%   102   80s
   675   598 265665.316   50   49 408784.276 265665.316  35.0%   215  110s
     0     0 265000.437    0   26          - 265000.437      -     -    2s
   447   449 284950.110   36   18 426901.851 284950.110  33.3%  45.3   55s
   465   463 265531.669  110   14 407600.676 265531.669  34.9%  90.1   70s
   780   664 264482.022   50   21 363321.795 264482.022  27.2%   204  105s
   208   210 282981.268   44   21 424966.167 282981.268  33.4%   149   36s
   519   518 262569.933    8   28 289668.460 262569.894  9.36%   207   96s
     0     0 265000.437    0   27          - 265000.437      -     -    3s
     0     0 265000.437    0   25          - 265000.437      -     -    3s
H  216   216                    424955.61203 282981.268  33.4%   145   37s
     0     0 265000.437    0   15          - 265000.437      -     -    3s
     0     0 265000.437    0   24          - 265000.437      -     -    3s
   533   525 264570.135   81   15 407693.340 264570.135  35.1%   142  100s
   515   515 263746.035   28   36 406607.504 263746.035  35.1%   183   90s
   240   242 284206.397   15   44 425822.800 284206.397  33.3%   226   50s
   817   716 263557.949   44   35 291332.895 263557.949  9.53%   208  120s
    78    80 265567.045   11   23 291895.247 265567.045  9.02%   142   25s
   518   517 265567.046   39   19 291895.243 265567.046  9.02%   124   85s
   929   793 264139.121   78   12 292007.217 264139.121  9.54%   125  115s
     0     0 265000.437    0   14          - 265000.437      -     -    4s
   646   549 263479.602   36   16 406773.129 263479.602  35.2%   238  110s
     0     0 265000.437    0   14          - 265000.437      -     -    5s
   684   602 263815.907   58   16 407307.500 263815.907  35.2%   183   95s
    73    75 284579.270   11   25 427744.187 284579.270  33.5%   255   20s
   235   237 282981.268   52   19 424955.612 282981.268  33.4%   137   40s
H  697   578                    408359.01537 265059.182  35.1%   283  119s
   276   276 265531.676   81    7 407539.725 265531.676  34.8%   116   50s
   112   114 284833.083   32   23 428390.889 284833.083  33.5%   164   30s
   532   502 265234.643   59   16 291333.751 265234.643  8.96%  65.5   70s
   819   720 264076.246   51   16 291895.164 264076.246  9.53%   157  125s
  [Fase 1 (infra libre)] estacion=station_2 dia=305 -> C:\Users\TECNO-MASTER\Desktop\Elmo_infrastructure_sizing_NP-\output\DCH_septiembre\Bateria_353\Costo_variable\Swap_restringido\Swap_variable_3estaciones_160kW_Descomp/station_2_d305_stage1
formulation time: 28.67065453529358
Set parameter OutputFlag to value 1
Set parameter OutputFlag to value 1
Set parameter LogToConsole to value 1
Set parameter MIPGap to value 0.05
Set parameter TimeLimit to value 1200
Set parameter LogFile to value "C:\Users\TECNO-MASTER\Desktop\Elmo_infrastructure_sizing_NP-\output\DCH_septiembre\Bateria_353\Costo_variable\Swap_restringido\Swap_variable_3estaciones_160kW_Descomp\station_2_d305_stage1\ELMO_log.txt"
Set parameter Threads to value 1
Set parameter Heuristics to value 0.5
Set parameter MIPFocus to value 3
Set parameter Presolve to value 2
Set parameter FlowCoverCuts to value 2
Gurobi Optimizer version 12.0.3 build v12.0.3rc0 (win64 - Windows 11+.0 (26200.2))

CPU model: Intel(R) Core(TM) i9-14900K, instruction set [SSE2|AVX|AVX2]
Thread count: 24 physical cores, 32 logical processors, using up to 1 threads

Non-default parameters:
TimeLimit  1200
MIPGap  0.05
Heuristics  0.5
MIPFocus  3
FlowCoverCuts  2
Presolve  2
Threads  1

Optimize a model with 26902 rows, 54733 columns and 250220 nonzeros
Model fingerprint: 0xe0db0bed
Variable types: 2129 continuous, 52604 integer (19481 binary)
Coefficient statistics:
  Matrix range     [1e+00, 3e+02]
  Objective range  [1e-01, 8e+04]
  Bounds range     [1e+00, 1e+01]
  RHS range        [1e+00, 1e+04]
   699   581 277916.539   37  150 408359.015 265059.182  35.1%   287  120s
   527   496 282981.268   65   16 424843.136 282981.268  33.4%  34.4   81s
Presolve removed 25545 rows and 45427 columns
Presolve time: 0.50s
Presolved: 1357 rows, 9306 columns, 30406 nonzeros
Variable types: 216 continuous, 9090 integer (8776 binary)
Found heuristic solution: objective 542983.85192
   703   616 265665.316   42   11 408784.276 265665.316  35.0%   216  115s
    36    38 264528.858    3   61 289668.460 264528.858  8.68%   211   15s
Root relaxation presolved: 1357 rows, 9306 columns, 30406 nonzeros

   594   492 265631.085   28   22 329474.214 265631.085  19.4%   151  106s

Use crossover to convert LP symmetric solution to basic solution...
   527   515 265000.438   46   14 291332.895 265000.438  9.04%   102   85s

Root relaxation: objective 2.421822e+05, 3913 iterations, 0.23 seconds (0.07 work units)
H    0     0                    545243.11455 265000.437  51.4%     -    7s
   397   379 284579.270   45   36 426366.672 284579.270  33.3%   153   64s
   512   513 284950.110   13   15 426901.851 284950.110  33.3%  42.0   60s
H    0     0                    544321.35848 265000.437  51.3%     -    8s
H    0     0                    543368.26221 265000.437  51.2%     -    8s

    Nodes    |    Current Node    |     Objective Bounds      |     Work
 Expl Unexpl |  Obj  Depth IntInf | Incumbent    BestBd   Gap | It/Node Time

     0     0 242182.219    0   40 542983.852 242182.219  55.4%     -    1s
H    0     0                    410352.99810 265000.437  35.4%     -    8s
H    0     0                    541928.18141 242182.219  55.3%     -    1s
   522   520 262569.894   64   31 289668.460 262569.894  9.36%   206  101s
   402   384 284579.270   48   38 426366.672 284579.270  33.3%   153   65s
     0     0 252794.142    0   34 541928.181 252794.142  53.4%     -    1s
H    0     0                    410255.67633 265000.437  35.4%     -    8s
   114   116 265567.045   33   26 291895.247 265567.045  9.02%   125   30s
H    0     0                    541200.43637 253092.703  53.2%     -    1s
   572   553 264570.135   32   14 407693.340 264570.135  35.1%   179  105s
   520   518 265567.046   44   26 291895.243 265567.046  9.02%   124   90s
H    0     0                    408813.20871 265000.437  35.2%     -    8s
     0     2 265000.437    0   12 408813.209 265000.437  35.2%     -    9s
H    0     0                    432813.18193 253092.703  41.5%     -    2s
H    0     0                    431899.70800 253092.703  41.4%     -    2s
H    0     0                    430989.57497 253092.703  41.3%     -    2s
     0     0 253092.703    0   42 430989.575 253092.703  41.3%     -    2s
   984   830 264139.121   89   16 292007.217 264139.121  9.54%   119  120s
H   26    26                    407860.11243 265000.437  35.0%  52.1    9s
    27    29 265000.437   14   17 407860.112 265000.437  35.0%  53.6   10s
   785   667 264482.022   51   21 363321.795 264482.022  27.2%   202  112s
   672   566 263479.602   45   29 406773.129 263479.602  35.2%   237  115s
   710   619 263815.907   56   12 407307.500 263815.907  35.2%   177  100s
   519   518 263746.035   57   24 406607.504 263746.035  35.1%   182   96s
     0     0 264911.436    0    9 430989.575 264911.436  38.5%     -    3s
     0     0 264911.436    0   17 430989.575 264911.436  38.5%     -    3s
   626   513 265631.085   28   20 329474.214 265631.085  19.4%   144  110s
   117   119 284579.270   32   32 427744.187 284579.270  33.5%   180   25s
   847   736 263557.949   42   34 291332.895 263557.949  9.53%   203  126s
     0     0 264911.436    0   15 430989.575 264911.436  38.5%     -    4s
   282   284 282981.268   57   15 424955.612 282981.268  33.4%   120   45s
   162   164 284833.083   32   17 428390.889 284833.083  33.5%   131   35s
   847   738 264076.246   59   16 291895.164 264076.246  9.53%   153  130s
   300   300 265531.676   83   20 407539.725 265531.676  34.8%   115   55s
H    0     0                    407949.90355 264911.436  35.1%     -    4s
   536   505 265234.643  123   15 291333.751 265234.643  8.96%  65.0   75s
   300   302 284206.397   42   11 425822.800 284206.397  33.3%   208   57s
   722   584 270701.348   31  111 408359.015 265059.182  35.1%   301  125s
    74    76 264528.858   17   40 289668.460 264528.858  8.68%   216   20s
   524   521 262569.894   53   22 289668.460 262569.894  9.36%   205  105s
   530   517 265000.438   25   59 291332.895 265000.438  9.04%   101   90s
   737   639 265665.316   50   12 408784.276 265665.316  35.0%   215  120s
     0     0 264911.436    0   17 407949.904 264911.436  35.1%     -    5s
     0     0 264911.436    0   15 407949.904 264911.436  35.1%     -    5s
   811   685 264482.022   53   21 363321.795 264482.022  27.2%   197  115s
     0     0 264911.436    0   13 407949.904 264911.436  35.1%     -    6s
   506   504 265531.669  112   14 407600.676 265531.669  34.9%  84.8   80s
H  724   559                    408197.72251 265059.182  35.1%   301  126s
     0     0 264911.436    0    9 407949.904 264911.436  35.1%     -    6s
   175   177 265567.045   37   19 291895.247 265567.045  9.02%   118   35s
     0     0 264911.436    0    9 407949.904 264911.436  35.1%     -    6s
   613   581 264570.135   47   14 407693.340 264570.135  35.1%   168  110s
   530   498 282981.268   22   11 424843.136 282981.268  33.4%  34.2   87s
   426   408 284579.270   60   13 426366.672 284579.270  33.3%   165   70s
   324   326 284206.397   50   11 425822.800 284206.397  33.3%   195   60s
   867   750 263557.949   43   39 291332.895 263557.949  9.53%   200  130s
H    0     0                    407947.91623 264911.436  35.1%     -    7s
   522   520 263746.035   94   16 406607.504 263746.035  35.1%   181  100s
  1021   854 264139.121   92   12 292007.217 264139.121  9.54%   116  125s
   518   517 284950.110   34   17 426901.851 284950.110  33.3%  41.6   67s
   523   520 265567.046   36   13 291895.243 265567.046  9.02%   123   96s
    96    98 265000.437   38   21 407860.112 265000.437  35.0%  45.9   15s
   759   652 263815.907   67   14 407307.500 263815.907  35.2%   168  105s
H    0     0                    407083.50173 264911.436  34.9%     -    8s
H    0     0                    407047.93267 264911.436  34.9%     -    8s
     0     2 264911.436    0    9 407047.933 264911.436  34.9%     -    8s
H  156   156                    427691.29371 284579.270  33.5%   148   29s
H  156   156                    427683.09390 284579.270  33.5%   148   29s
   699   584 263479.602   38   23 406773.129 263479.602  35.2%   230  120s
   672   544 265631.085   42   18 329474.214 265631.085  19.4%   135  115s
   323   325 282981.268   69   14 424955.612 282981.268  33.4%   110   50s
   534   501 282981.268   42   18 424843.136 282981.268  33.4%  34.0   90s
   376   376 265531.676   91    9 407539.725 265531.676  34.8%   106   60s
    16    18 264911.436    8   35 407047.933 264911.436  34.9%   128   10s
   539   507 265234.643   21   23 291333.751 265234.643  8.96%  64.6   80s
   734   566 265059.182   20   74 408197.723 265059.182  35.1%   314  130s
   527   523 262569.894   14   28 289668.460 262569.894  9.36%   204  110s
   162   164 284579.270   38   19 427683.094 284579.270  33.5%   147   31s
   101   103 264528.858   18   23 289668.460 264528.858  8.68%   195   25s
   202   204 284833.083   38   30 428390.889 284833.083  33.5%   133   41s
   849   710 264482.022   56   21 363321.795 264482.022  27.2%   190  120s
   882   762 264076.246   68   14 291895.164 264076.246  9.53%   148  136s
H  768   632                    408675.59254 265665.316  35.0%   211  125s
   449   431 284579.270   71   49 426366.672 284579.270  33.3%   187   75s
   530   525 265567.046   35   10 291895.243 265567.046  9.02%   121  100s
   651   606 264570.135   53   20 407693.340 264570.135  35.1%   160  115s
   202   204 265567.045   46   13 291895.247 265567.045  9.02%   107   40s
   517   513 265531.669    6   29 407600.676 265531.669  34.9%  83.3   86s
  [Fase 1 (infra libre)] estacion=station_2 dia=244 -> C:\Users\TECNO-MASTER\Desktop\Elmo_infrastructure_sizing_NP-\output\DCH_septiembre\Bateria_353\Costo_variable\Swap_restringido\Swap_variable_3estaciones_160kW_Descomp/station_2_d244_stage1
formulation time: 35.99163341522217
Set parameter OutputFlag to value 1
Set parameter OutputFlag to value 1
Set parameter LogToConsole to value 1
Set parameter MIPGap to value 0.05
Set parameter TimeLimit to value 1200
   521   519 284950.110   33   12 426901.851 284950.110  33.3%  41.3   71s
Set parameter LogFile to value "C:\Users\TECNO-MASTER\Desktop\Elmo_infrastructure_sizing_NP-\output\DCH_septiembre\Bateria_353\Costo_variable\Swap_restringido\Swap_variable_3estaciones_160kW_Descomp\station_2_d244_stage1\ELMO_log.txt"
Set parameter Threads to value 1
Set parameter Heuristics to value 0.5
Set parameter MIPFocus to value 3
Set parameter Presolve to value 2
Set parameter FlowCoverCuts to value 2
Gurobi Optimizer version 12.0.3 build v12.0.3rc0 (win64 - Windows 11+.0 (26200.2))

CPU model: Intel(R) Core(TM) i9-14900K, instruction set [SSE2|AVX|AVX2]
Thread count: 24 physical cores, 32 logical processors, using up to 1 threads

Non-default parameters:
TimeLimit  1200
MIPGap  0.05
Heuristics  0.5
MIPFocus  3
FlowCoverCuts  2
Presolve  2
Threads  1

Optimize a model with 26932 rows, 54733 columns and 250280 nonzeros
Model fingerprint: 0x0a6fb06e
Variable types: 2129 continuous, 52604 integer (19481 binary)
Coefficient statistics:
  Matrix range     [1e+00, 3e+02]
  Objective range  [8e-03, 8e+04]
  Bounds range     [1e+00, 1e+01]
  RHS range        [1e+00, 1e+04]
  1075   890 264139.121   74   14 292007.217 264139.121  9.54%   111  130s
   739   611 263479.602   39   17 406773.129 263479.602  35.2%   220  125s
   141   143 265000.437    6   23 407860.112 265000.437  35.0%  50.3   20s
Presolve removed 25534 rows and 45415 columns
Presolve time: 0.75s
Presolved: 1398 rows, 9318 columns, 30677 nonzeros
Variable types: 216 continuous, 9102 integer (8776 binary)
Found heuristic solution: objective 578151.70642
   772   661 263815.907   74   12 407307.500 263815.907  35.2%   165  110s
Root relaxation presolved: 1398 rows, 9318 columns, 30677 nonzeros

H  351   351                    424909.57143 282981.268  33.4%   104   54s

Use crossover to convert LP symmetric solution to basic solution...

Root relaxation: objective 2.717049e+05, 3727 iterations, 0.21 seconds (0.06 work units)
   526   522 263746.035  104   34 406607.504 263746.035  35.1%   180  106s
   207   209 284579.270   39   12 427683.094 284579.270  33.5%   136   35s
   704   565 265631.085   30   18 329474.214 265631.085  19.4%   130  120s

    Nodes    |    Current Node    |     Objective Bounds      |     Work
 Expl Unexpl |  Obj  Depth IntInf | Incumbent    BestBd   Gap | It/Node Time

     0     0 271704.936    0   70 578151.706 271704.936  53.0%     -    1s
   360   362 282981.268   77   12 424909.571 282981.268  33.4%   103   55s
   533   519 265000.438   51   22 291332.895 265000.438  9.04%   100   98s
   912   782 264076.246   84   13 291895.164 264076.246  9.53%   146  140s
    52    54 264911.436   26   31 407047.933 264911.436  34.9%  78.6   15s
   216   218 284833.083   35   26 428390.889 284833.083  33.5%   143   45s
   542   509 265234.643  125   16 291333.751 265234.643  8.96%  64.3   86s
     0     0 284034.195    0   12 578151.706 284034.195  50.9%     -    2s
H    0     0                    427118.01586 284034.195  33.5%     -    2s
H    0     0                    427117.99362 284034.195  33.5%     -    2s
     0     0 284034.195    0   51 427117.994 284034.195  33.5%     -    2s
   561   521 282981.268   18   35 424843.136 282981.268  33.4%  96.1   96s
   397   397 265531.676   90   23 407539.725 265531.676  34.8%   110   65s
   129   131 264528.858   18   43 289668.460 264528.858  8.68%   171   30s
   783   644 265665.316   59   12 408675.593 265665.316  35.0%   209  130s
     0     0 284034.195    0   12 427117.994 284034.195  33.5%     -    3s
     0     0 284034.195    0   18 427117.994 284034.195  33.5%     -    3s
   397   399 284206.397   59    9 425822.800 284206.397  33.3%   175   68s
  [Fase 1 (infra libre)] estacion=station_3 dia=152 -> C:\Users\TECNO-MASTER\Desktop\Elmo_infrastructure_sizing_NP-\output\DCH_septiembre\Bateria_353\Costo_variable\Swap_restringido\Swap_variable_3estaciones_160kW_Descomp/station_3_d152_stage1
formulation time: 31.890942096710205
Set parameter OutputFlag to value 1
Set parameter OutputFlag to value 1
Set parameter LogToConsole to value 1
Set parameter MIPGap to value 0.05
Set parameter TimeLimit to value 1200
Set parameter LogFile to value "C:\Users\TECNO-MASTER\Desktop\Elmo_infrastructure_sizing_NP-\output\DCH_septiembre\Bateria_353\Costo_variable\Swap_restringido\Swap_variable_3estaciones_160kW_Descomp\station_3_d152_stage1\ELMO_log.txt"
Set parameter Threads to value 1
Set parameter Heuristics to value 0.5
Set parameter MIPFocus to value 3
Set parameter Presolve to value 2
Set parameter FlowCoverCuts to value 2
Gurobi Optimizer version 12.0.3 build v12.0.3rc0 (win64 - Windows 11+.0 (26200.2))

CPU model: Intel(R) Core(TM) i9-14900K, instruction set [SSE2|AVX|AVX2]
Thread count: 24 physical cores, 32 logical processors, using up to 1 threads

   523   520 284950.110   32   12 426901.851 284950.110  33.3%  41.2   75s
Non-default parameters:
TimeLimit  1200
MIPGap  0.05
Heuristics  0.5
MIPFocus  3
FlowCoverCuts  2
Presolve  2
Threads  1

Optimize a model with 26902 rows, 53707 columns and 245230 nonzeros
Model fingerprint: 0x392eddb3
Variable types: 2099 continuous, 51608 integer (18485 binary)
Coefficient statistics:
  Matrix range     [1e+00, 3e+02]
  Objective range  [1e-02, 8e+04]
  Bounds range     [1e+00, 1e+01]
  RHS range        [1e+00, 1e+04]
   534   519 265000.438   21   20 291332.895 265000.438  9.04%   100  100s
   531   526 262569.894   51   23 289668.460 262569.894  9.36%   203  116s
H  771   606                    406720.00631 263479.602  35.2%   212  128s
   882   760 263557.949   47   34 291332.895 263557.949  9.53%   198  138s
     0     0 284034.195    0    7 427117.994 284034.195  33.5%     -    3s
   751   577 265059.182   23   33 408197.723 265059.182  35.1%   322  136s
     0     0 284034.195    0   17 427117.994 284034.195  33.5%     -    4s
   481   463 284579.270   87   55 426366.672 284579.270  33.3%   194   80s
   257   259 265567.045   55   13 291895.247 265567.045  9.02%  88.3   45s
   540   534 265567.046   19   32 291895.243 265567.046  9.02%   168  105s
Presolve removed 25524 rows and 44921 columns
Presolve time: 0.73s
Presolved: 1378 rows, 8786 columns, 28908 nonzeros
Variable types: 216 continuous, 8570 integer (8258 binary)
Root relaxation presolved: 1378 rows, 8786 columns, 28908 nonzeros


Use crossover to convert LP symmetric solution to basic solution...

Root relaxation: objective 2.703067e+05, 3892 iterations, 0.23 seconds (0.07 work units)
     0     0 284034.195    0   14 427117.994 284034.195  33.5%     -    4s
H  425   423                    407538.65543 265531.676  34.8%   112   67s
     0     0 284034.195    0   22 427117.994 284034.195  33.5%     -    4s
   887   763 263557.949   40   34 291332.895 263557.949  9.53%   197  140s
   405   407 284206.397   59    9 425822.800 284206.397  33.3%   174   70s
  1128   926 264139.121   83   12 292007.217 264139.121  9.54%   107  135s
   529   524 263746.035   29   12 406607.504 263746.035  35.1%   179  110s
     0     0 284034.195    0   10 427117.994 284034.195  33.5%     -    5s
     0     0 284034.195    0   10 427117.994 284034.195  33.5%     -    5s
   522   516 265531.669  112   51 407600.676 265531.669  34.9%  82.5   92s
H  182   182                    406672.44386 265000.437  34.8%  58.1   24s
H  182   182                    406638.18620 265000.437  34.8%  58.1   24s
   186   188 265000.437   33   26 406638.186 265000.437  34.8%  60.6   25s

    Nodes    |    Current Node    |     Objective Bounds      |     Work
 Expl Unexpl |  Obj  Depth IntInf | Incumbent    BestBd   Gap | It/Node Time

     0     0 270306.681    0   71          - 270306.681      -     -    2s
   736   663 264570.135   67   14 407693.340 264570.135  35.1%   143  121s
H  260   258                    427626.02305 284579.270  33.5%   136   39s
   797   677 263815.907   82   12 407307.500 263815.907  35.2%   161  115s
   744   592 265631.085   39   18 329474.214 265631.085  19.4%   124  125s
     0     0 284950.110    0    9          - 284950.110      -     -    2s
   780   614 263479.602   47   18 406720.006 263479.602  35.2%   210  130s
   591   541 282981.268   25   13 424843.136 282981.268  33.4%  92.6  100s
H    0     0                    427117.99202 284034.195  33.5%     -    7s
   258   260 284833.083   39   50 428390.889 284833.083  33.5%   167   50s
     0     0 284950.110    0   10          - 284950.110      -     -    3s
     0     0 284950.110    0   14          - 284950.110      -     -    4s
    91    93 264911.436   46   41 407047.933 264911.436  34.9%   106   20s
     0     2 284034.195    0   10 427117.992 284034.195  33.5%     -    7s
   938   799 264076.246   90    9 291895.164 264076.246  9.53%   149  145s
   768   589 265059.182   26   67 408197.723 265059.182  35.1%   330  140s
   544   510 265234.643  110   14 291333.751 265234.643  8.96%  64.1   91s
   535   528 262569.894   63   18 289668.460 262569.894  9.36%   201  120s
   158   160 264528.858   37   27 289668.460 264528.858  8.68%   160   35s
   554   535 265000.438   16   12 291332.895 265000.438  9.04%   142  105s
     0     0 284950.110    0   14          - 284950.110      -     -    4s
   451   451 265531.676  101    7 407538.655 265531.676  34.8%   108   71s
     0     0 284950.110    0   19          - 284950.110      -     -    4s
     0     0 284950.110    0   10          - 284950.110      -     -    5s
   397   399 282981.268   84   12 424909.571 282981.268  33.4%  97.3   61s
   882   732 264482.022   64   32 363321.795 264482.022  27.2%   185  130s
     0     0 284950.110    0    8          - 284950.110      -     -    5s
   527   523 284950.110   31   12 426901.851 284950.110  33.3%  40.8   81s
   574   556 265567.046   35   12 291895.243 265567.046  9.02%   170  110s
   525   518 265531.669  112   46 407600.676 265531.669  34.9%  82.0   96s
  [Fase 1 (infra libre)] estacion=station_3 dia=213 -> C:\Users\TECNO-MASTER\Desktop\Elmo_infrastructure_sizing_NP-\output\DCH_septiembre\Bateria_353\Costo_variable\Swap_restringido\Swap_variable_3estaciones_160kW_Descomp/station_3_d213_stage1
formulation time: 33.35897159576416
Set parameter OutputFlag to value 1
Set parameter OutputFlag to value 1
Set parameter LogToConsole to value 1
Set parameter MIPGap to value 0.05
Set parameter TimeLimit to value 1200
Set parameter LogFile to value "C:\Users\TECNO-MASTER\Desktop\Elmo_infrastructure_sizing_NP-\output\DCH_septiembre\Bateria_353\Costo_variable\Swap_restringido\Swap_variable_3estaciones_160kW_Descomp\station_3_d213_stage1\ELMO_log.txt"
Set parameter Threads to value 1
Set parameter Heuristics to value 0.5
Set parameter MIPFocus to value 3
Set parameter Presolve to value 2
Set parameter FlowCoverCuts to value 2
Gurobi Optimizer version 12.0.3 build v12.0.3rc0 (win64 - Windows 11+.0 (26200.2))

CPU model: Intel(R) Core(TM) i9-14900K, instruction set [SSE2|AVX|AVX2]
Thread count: 24 physical cores, 32 logical processors, using up to 1 threads

Non-default parameters:
TimeLimit  1200
MIPGap  0.05
Heuristics  0.5
MIPFocus  3
FlowCoverCuts  2
Presolve  2
Threads  1

Optimize a model with 26902 rows, 53707 columns and 245230 nonzeros
Model fingerprint: 0xe712b199
Variable types: 2099 continuous, 51608 integer (18485 binary)
Coefficient statistics:
  Matrix range     [1e+00, 3e+02]
  Objective range  [8e-03, 8e+04]
  Bounds range     [1e+00, 1e+01]
  RHS range        [1e+00, 1e+04]
   794   651 265665.316   61   12 408675.593 265665.316  35.0%   208  136s
   300   302 265567.045   54   15 291895.247 265567.045  9.02%  78.8   50s
Presolve removed 25491 rows and 44888 columns
Presolve time: 0.33s
Presolved: 1411 rows, 8819 columns, 28970 nonzeros
    12    14 284034.195    6   64 427117.992 284034.195  33.5%   278   10s
Variable types: 216 continuous, 8603 integer (8258 binary)
Root relaxation presolved: 1411 rows, 8819 columns, 28970 nonzeros

   768   684 264570.135   73   14 407693.340 264570.135  35.1%   138  125s

Use crossover to convert LP symmetric solution to basic solution...

Root relaxation: objective 2.696783e+05, 4112 iterations, 0.08 seconds (0.07 work units)
   913   778 263557.949   40   50 291332.895 263557.949  9.53%   200  145s

    Nodes    |    Current Node    |     Objective Bounds      |     Work
 Expl Unexpl |  Obj  Depth IntInf | Incumbent    BestBd   Gap | It/Node Time

     0     0 269678.278    0   79          - 269678.278      -     -    0s
H    0     0                    616227.28413 284950.110  53.8%     -    6s
H  769   564                    408197.70273 265059.182  35.1%   329  143s
H    0     0                    573649.27592 284950.110  50.3%     -    7s
   796   625 263479.602   72   21 406720.006 263479.602  35.2%   206  135s
H    0     0                    449204.19505 284950.110  36.6%     -    7s
   533   527 263746.035   73   21 406607.504 263746.035  35.1%   177  116s
   494   476 284579.270   94   14 426366.672 284579.270  33.3%   194   86s
     0     0 284206.397    0   12          - 284206.397      -     -    1s
H    0     0                    447578.81250 284950.110  36.3%     -    7s
H    0     0                    445909.03269 284950.110  36.1%     -    7s
   834   702 263815.907   73   16 407307.500 263815.907  35.2%   154  120s
   260   260 284579.270   36   14 427626.023 284579.270  33.5%   136   44s
     0     0 284206.397    0   16          - 284206.397      -     -    1s
     0     0 284206.397    0   27          - 284206.397      -     -    1s
H    0     0                    445805.97037 284950.110  36.1%     -    7s
   778   615 265631.085   46   18 329474.214 265631.085  19.4%   120  130s
   268   268 284579.270   40   18 427626.023 284579.270  33.5%   134   45s
     0     2 284950.110    0    8 445805.970 284950.110  36.1%     -    8s
     0     0 284206.397    0   11          - 284206.397      -     -    2s
     0     0 284206.397    0   13          - 284206.397      -     -    2s
   419   421 282981.268   87   12 424909.571 282981.268  33.4%  94.7   65s
H  769   542                    408197.70164 265059.182  35.1%   329  144s
   637   571 282981.268   33   16 424843.136 282981.268  33.4%  88.0  105s
     0     0 284206.397    0   16          - 284206.397      -     -    2s
   406   408 284206.397   59   11 425822.800 284206.397  33.3%   174   77s
H  794   672                    407686.74719 264570.135  35.1%   134  127s
   290   292 284833.083   46   15 428390.889 284833.083  33.5%   160   55s
   968   819 264076.246   97   12 291895.164 264076.246  9.53%   148  150s
   554   543 262569.894   17   49 289668.460 262569.894  9.36%   253  125s
     0     0 284206.397    0   13          - 284206.397      -     -    2s
   117   119 264911.436   59   39 407047.933 264911.436  34.9%   101   25s
   548   513 265234.643  180   15 291333.751 265234.643  8.96%  63.6   96s
   196   198 264528.858   18   44 289668.460 264528.858  8.68%   147   40s
   598   564 265000.438   31   16 291332.895 265000.438  9.04%   137  110s
   807   660 265665.316   55   12 408675.593 265665.316  35.0%   209  140s
   529   524 284950.110   23   28 426901.851 284950.110  33.3%  40.7   85s
    11    13 284950.110    6   66 445805.970 284950.110  36.1%   206   10s
   494   494 265531.676  108   15 407538.655 265531.676  34.8%   102   76s
   909   750 264482.022   69   21 363321.795 264482.022  27.2%   184  135s
   596   571 265567.046   32   54 291895.243 265567.046  9.02%   171  115s
   367   369 265567.045   73   27 291895.247 265567.045  9.02%  85.7   55s
   507   489 284579.270  100   14 426366.672 284579.270  33.3%   198   90s
   796   676 264570.135   71   14 407686.747 264570.135  35.1%   134  130s
   208   210 265000.437   44   43 406638.186 265000.437  34.8%  69.5   33s
   553   542 263746.035   16   23 406607.504 263746.035  35.1%   211  120s
   529   521 265531.669  116   23 407600.676 265531.669  34.9%  81.4  101s
    32    34 284034.195    9   45 427117.992 284034.195  33.5%   310   15s
H  769   521                    408193.83659 265059.182  35.1%   329  147s
H  769   502                    408192.30764 265059.182  35.1%   329  147s
   940   796 263557.949   48   44 291332.895 263557.949  9.53%   201  150s
   486   484 284206.397   74    9 425822.800 284206.397  33.3%   155   80s
   829   647 263479.602   70   27 406720.006 263479.602  35.2%   199  140s
   849   712 263815.907   76   12 407307.500 263815.907  35.2%   152  125s
   216   218 265000.437   48   36 406638.186 265000.437  34.8%  71.1   35s
H  286   284                    426404.80140 284579.270  33.3%   127   49s
   824   645 265631.085   47   18 329474.214 265631.085  19.4%   114  135s
   553   518 265234.643   13   19 291333.751 265234.643  8.96%   112  100s
   676   597 282981.268   38   15 424843.136 282981.268  33.4%  83.9  110s
  1159   946 264139.121   88   18 292007.217 264139.121  9.54%   105  146s
   313   315 284833.083   49   38 428390.889 284833.083  33.5%   158   60s
   572   555 262569.894   20   43 289668.460 262569.894  9.36%   260  130s
   997   838 264076.246   99   19 291895.164 264076.246  9.53%   145  155s
H    0     0                    621647.25655 284206.397  54.3%     -    8s
   157   159 264911.436   79   28 407047.933 264911.436  34.9%   120   30s
   775   508 265059.182   28   29 408192.308 265059.182  35.1%   332  150s
H    0     0                    621296.44952 284206.397  54.3%     -    8s
H    0     0                    602096.44952 284206.397  52.8%     -    8s
H    0     0                    580876.07718 284206.397  51.1%     -    8s
H    0     0                    557112.54928 284206.397  49.0%     -    8s
H    0     0                    447361.59192 284206.397  36.5%     -    8s
H    0     0                    446870.46207 284206.397  36.4%     -    8s
H    0     0                    427670.46207 284206.397  33.5%     -    8s
H  778   489                    408184.81025 265059.182  35.1%   332  150s
H  778   471                    408184.80972 265059.182  35.1%   332  150s
   640   592 265000.438   38   16 291332.895 265000.438  9.04%   129  115s
   549   540 284950.110   16   30 426901.851 284950.110  33.3%  95.4   90s
H    0     0                    427654.11471 284206.397  33.5%     -    8s
  [Fase 1 (infra libre)] estacion=station_3 dia=182 -> C:\Users\TECNO-MASTER\Desktop\Elmo_infrastructure_sizing_NP-\output\DCH_septiembre\Bateria_353\Costo_variable\Swap_restringido\Swap_variable_3estaciones_160kW_Descomp/station_3_d182_stage1
formulation time: 36.49936604499817
Set parameter OutputFlag to value 1
Set parameter OutputFlag to value 1
Set parameter LogToConsole to value 1
Set parameter MIPGap to value 0.05
Set parameter TimeLimit to value 1200
Set parameter LogFile to value "C:\Users\TECNO-MASTER\Desktop\Elmo_infrastructure_sizing_NP-\output\DCH_septiembre\Bateria_353\Costo_variable\Swap_restringido\Swap_variable_3estaciones_160kW_Descomp\station_3_d182_stage1\ELMO_log.txt"
Set parameter Threads to value 1
Set parameter Heuristics to value 0.5
Set parameter MIPFocus to value 3
Set parameter Presolve to value 2
Set parameter FlowCoverCuts to value 2
   536   526 265531.669   84   11 407600.676 265531.669  34.9%  80.3  105s
Gurobi Optimizer version 12.0.3 build v12.0.3rc0 (win64 - Windows 11+.0 (26200.2))

CPU model: Intel(R) Core(TM) i9-14900K, instruction set [SSE2|AVX|AVX2]
Thread count: 24 physical cores, 32 logical processors, using up to 1 threads

Non-default parameters:
TimeLimit  1200
MIPGap  0.05
Heuristics  0.5
MIPFocus  3
FlowCoverCuts  2
Presolve  2
Threads  1

Optimize a model with 26902 rows, 53707 columns and 245230 nonzeros
Model fingerprint: 0x238d05af
Variable types: 2099 continuous, 51608 integer (18485 binary)
Coefficient statistics:
  Matrix range     [1e+00, 3e+02]
  Objective range  [1e-02, 8e+04]
  Bounds range     [1e+00, 1e+01]
  RHS range        [1e+00, 1e+04]
   216   218 264528.858   28   23 289668.460 264528.858  8.68%   140   45s
    41    43 284950.110   13   17 445805.970 284950.110  36.1%   314   15s
   936   768 264482.022   73   23 363321.795 264482.022  27.2%   181  140s
H  778   454                    408184.80947 265059.182  35.1%   332  151s
Presolve removed 25524 rows and 44921 columns
Presolve time: 0.20s
Presolved: 1378 rows, 8786 columns, 28908 nonzeros
Variable types: 216 continuous, 8570 integer (8258 binary)
Root relaxation presolved: 1378 rows, 8786 columns, 28908 nonzeros


Use crossover to convert LP symmetric solution to basic solution...

Root relaxation: objective 2.702357e+05, 4091 iterations, 0.08 seconds (0.07 work units)
   429   431 282981.268   89   12 424909.571 282981.268  33.4%  93.4   72s
     0     2 284206.397    0   12 427654.115 284206.397  33.5%     -    9s
   523   504 284579.270   85   11 426366.672 284579.270  33.3%   198   95s
   386   388 265567.045   74   15 291895.247 265567.045  9.02%  93.1   60s
   616   584 265567.046   47   19 291895.243 265567.046  9.02%   173  120s
   837   703 264570.135   68   16 407686.747 264570.135  35.1%   128  135s
     5     7 284206.397    3   40 427654.115 284206.397  33.5%   197   10s

    Nodes    |    Current Node    |     Objective Bounds      |     Work
 Expl Unexpl |  Obj  Depth IntInf | Incumbent    BestBd   Gap | It/Node Time

     0     0 270235.718    0   75          - 270235.718      -     -    1s
H  286   284                    426379.01423 284579.270  33.3%   127   53s
   510   510 265531.676  111   17 407538.655 265531.676  34.8%   100   82s
   582   562 263746.035   24   24 406607.504 263746.035  35.1%   201  125s
H  690   580                    424822.51728 282981.268  33.4%  82.5  112s
   956   806 263557.958   51   58 291332.895 263557.949  9.53%   202  155s
    73    75 284034.195   14   25 427117.992 284034.195  33.5%   309   20s
   513   509 284206.397   79    7 425822.800 284206.397  33.3%   152   85s
  1204   976 264139.121   95   14 292007.217 264139.121  9.54%   101  150s
     0     0 284833.096    0   14          - 284833.096      -     -    1s
H  512   511                    407538.27297 265531.676  34.8%   100   83s
     0     0 284833.096    0   24          - 284833.096      -     -    1s
   850   659 263479.602   48   16 406720.006 263479.602  35.2%   200  145s
   261   261 265000.437   71   19 406638.186 265000.437  34.8%  70.0   40s
     0     0 284833.096    0   15          - 284833.096      -     -    2s
   884   735 263815.907   74   18 407307.500 263815.907  35.2%   147  130s
     0     0 284833.096    0   17          - 284833.096      -     -    2s
   820   668 265665.316   51   12 408675.593 265665.316  35.0%   208  148s
   852   664 265631.085   39   20 329474.214 265631.085  19.4%   111  140s
   592   544 265234.643   28   18 291333.751 265234.643  8.96%   107  105s
     0     0 284833.096    0   16          - 284833.096      -     -    3s
   297   297 284579.270   41   21 426379.014 284579.270  33.3%   128   55s
     0     0 284833.096    0   24          - 284833.096      -     -    3s
     0     0 284833.096    0   24          - 284833.096      -     -    3s
   591   568 262569.894   22   54 289668.460 262569.894  9.36%   262  135s
  1020   854 264076.246  103   13 291895.164 264076.246  9.53%   142  160s
   673   614 265000.438   46   18 291332.895 265000.438  9.04%   123  120s
   829   674 265665.316   56   31 408675.593 265665.316  35.0%   209  150s
   515   513 265531.676   35   36 407538.273 265531.676  34.8%  99.2   85s
H  875   651                    406696.98601 263479.602  35.2%   195  147s
   585   564 284950.110   21   18 426901.851 284950.110  33.3%  91.5   95s
   182   184 264911.436   32   15 407047.933 264911.436  34.9%   136   35s
   459   461 282981.268   94   12 424909.571 282981.268  33.4%  90.3   76s
H    0     0                    511596.70826 284833.096  44.3%     -    5s
H    0     0                    492396.70826 284833.096  42.2%     -    5s
H    0     0                    492346.15871 284833.096  42.1%     -    5s
    64    66 284950.110    9   31 445805.970 284950.110  36.1%   274   20s
H    0     0                    472885.38188 284833.096  39.8%     -    5s
   538   529 265531.669   14   15 407600.676 265531.669  34.9%   126  110s
H    0     0                    449185.44348 284833.096  36.6%     -    5s
   431   433 265567.045   56   15 291895.247 265567.045  9.02%  97.2   65s
     0     2 284833.096    0   24 449185.443 284833.096  36.6%     -    5s
H  338   338                    426825.97356 284833.083  33.3%   153   67s
   643   602 265567.046   54   51 291895.243 265567.046  9.02%   174  125s
   795   468 265059.182   32   26 408184.809 265059.182  35.1%   340  156s
   607   578 263746.035   28   26 406607.504 263746.035  35.1%   193  130s
   989   827 263557.949   55   38 291332.895 263557.949  9.53%   203  160s
   102   104 284034.195   35   55 427117.992 284034.195  33.5%   257   25s
    54    56 284206.397   27   28 427654.115 284206.397  33.5%   222   15s
   518   512 284206.397   54   16 425822.800 284206.397  33.3%   151   90s
  1263  1016 264139.121  104   14 292007.217 264139.121  9.54%  97.4  155s
   885   731 264570.135   84   16 407686.747 264570.135  35.1%   122  140s
   527   507 284579.270   78   18 426366.672 284579.270  33.3%   196  101s
   690   582 282981.268   36   18 424822.517 282981.268  33.4%  82.6  118s
H  260   260                    289668.45987 264528.858  8.68%   127   52s
   876   653 263479.602   61   18 406696.986 263479.602  35.2%   194  150s
   303   303 265000.437   81   13 406638.186 265000.437  34.8%  65.2   45s
   932   767 263815.907   91   12 407307.500 263815.907  35.2%   140  135s
   333   333 284579.270   59   41 426379.014 284579.270  33.3%   124   60s
   882   684 265631.085   45   16 329474.214 265631.085  19.4%   108  145s
   623   565 265234.643   39   20 291333.751 265234.643  8.96%   102  110s
   701   589 282981.268   45   13 424822.517 282981.268  33.4%  81.5  120s
   340   342 284833.083   50   19 426825.974 284833.083  33.3%   153   70s
  1061   881 264076.246  104   13 291895.164 264076.246  9.53%   138  165s
   814   479 265059.182   33   17 408184.809 265059.182  35.1%   345  160s
   203   205 264911.436  102   44 407047.933 264911.436  34.9%   132   40s
   518   515 265531.676  107   18 407538.273 265531.676  34.8%  98.6   90s
   701   633 265000.438   40   16 291332.895 265000.438  9.04%   119  125s
   577   555 265531.669   24   29 407600.676 265531.669  34.9%   122  115s
   620   587 284950.110   32   20 426901.851 284950.110  33.3%  87.8  100s
   616   584 262569.894   21   17 289668.460 262569.894  9.36%   263  141s
   260   262 264528.858   43   46 289668.460 264528.858  8.68%   127   55s
   858   694 265665.316   59   48 408675.593 265665.316  35.0%   205  155s
    30    32 284833.096   17   23 449185.443 284833.096  36.6%   326   10s
    99   101 284950.110   30   12 445805.970 284950.110  36.1%   243   25s
   674   623 265567.046   57   29 291895.243 265567.046  9.02%   168  130s
   642   602 263746.035   39   13 406607.504 263746.035  35.1%   183  135s
    72    74 284206.397   13   52 427654.115 284206.397  33.5%   306   20s
  1005   837 263557.949   59   26 291332.895 263557.949  9.53%   206  165s
   953   779 264482.022   66   33 363321.795 264482.022  27.2%   181  151s
   494   496 265567.045   68   25 291895.247 265567.045  9.02%  90.9   71s
  1323  1056 264139.121  114   16 292007.217 264139.121  9.54%  93.9  160s
   135   137 284034.195   43   54 427117.992 284034.195  33.5%   272   30s
   346   346 265000.437  100   14 406638.186 265000.437  34.8%  76.9   50s
   967   791 263815.907   89   12 407307.500 263815.907  35.2%   136  140s
   531   509 284579.270   15   17 426366.672 284579.270  33.3%   195  106s
   898   738 264570.135   89   17 407686.747 264570.135  35.1%   120  146s
   910   703 265631.085   49   20 329474.214 265631.085  19.4%   105  150s
H  969   764                    407302.25798 263815.907  35.2%   135  140s
   750   622 282981.268   52   17 424822.517 282981.268  33.4%  77.3  125s
   522   515 284206.397   16   12 425822.800 284206.397  33.3%   150   97s
   882   657 263479.602   64   20 406696.986 263479.602  35.2%   193  156s
   656   587 265234.643   31   18 291333.751 265234.643  8.96%  98.2  115s
   494   496 282981.268   98   14 424909.571 282981.268  33.4%  87.7   85s
   351   353 284833.083   52   15 426825.974 284833.083  33.3%   149   75s
  1080   894 264076.246  104   11 291895.164 264076.246  9.53%   140  170s
   259   259 264911.436   22   52 407047.933 264911.436  34.9%   134   45s
   839   496 265157.682   24  160 408184.809 265059.182  35.1%   355  165s
   520   517 265531.676   78   12 407538.273 265531.676  34.8%  98.2   95s
   636   598 262569.894   25   38 289668.460 262569.894  9.36%   269  145s
   727   650 265000.438   46   16 291332.895 265000.438  9.04%   115  130s
H  888   638                    406688.71363 263479.602  35.2%   192  157s
   397   397 284579.270   65    8 426379.014 284579.270  33.3%   120   66s
   646   604 284950.110   41   16 426901.851 284950.110  33.3%  85.1  105s
   620   584 265531.669   35    9 407600.676 265531.669  34.9%   115  120s
    69    71 284833.096   29   22 449185.443 284833.096  36.6%   183   15s
   974   793 264482.022   80   21 363321.795 264482.022  27.2%   178  155s
   108   110 284950.110   16   29 445805.970 284950.110  36.1%   252   30s
   885   712 265665.316   61   18 408675.593 265665.316  35.0%   203  160s
   300   302 264528.858   35   23 289668.460 264528.858  8.68%   120   61s
   713   649 265567.046   56   21 291895.243 265567.046  9.02%   161  135s
   935   758 264570.135   86   17 407686.747 264570.135  35.1%   116  150s
   512   513 265567.045   60   18 291895.247 265567.045  9.02%  89.6   75s
   681   628 263746.035   46   13 406607.504 263746.035  35.1%   174  140s
   189   191 284034.195   70   19 427117.992 284034.195  33.5%   218   35s
  1029   852 263557.949   63   29 291332.895 263557.949  9.53%   206  170s
   533   511 284579.270  102   44 426366.672 284579.270  33.3%   194  111s
   901   649 263479.602   73   19 406688.714 263479.602  35.2%   189  160s
   524   516 284206.397   61   12 425822.800 284206.397  33.3%   149  100s
   999   786 263815.907   93   14 407302.258 263815.907  35.2%   132  145s
   101   103 284206.397   28   35 427654.115 284206.397  33.5%   259   26s
  1372  1088 264139.121  109   18 292007.217 264139.121  9.54%  91.4  165s
   952   731 265631.085   43   20 329474.214 265631.085  19.4%   101  155s
   432   430 284579.270   24   13 426379.014 284579.270  33.3%   113   70s
   352   352 265000.437   77   21 406638.186 265000.437  34.8%  76.8   56s
   694   612 265234.643   36   18 291333.751 265234.643  8.96%  93.9  120s
   514   514 282981.268   54   68 424909.571 282981.268  33.4%  90.1   90s
   260   260 264911.436   34   40 407047.933 264911.436  34.9%   134   50s
   856   506 265059.182   32   57 408184.809 265059.182  35.1%   369  170s
   665   617 262569.933   31   24 289668.460 262569.894  9.36%   272  150s
   376   378 264528.858   93   15 289668.460 264528.858  8.68%   114   65s
   777   683 265000.438   47   16 291332.895 265000.438  9.04%   109  135s
H  378   378                    289668.45913 264528.858  8.68%   113   65s
   914   731 265665.316   58   16 408675.593 265665.316  35.0%   199  165s
   686   631 284950.110   60   16 426901.851 284950.110  33.3%  82.0  110s
   522   518 265531.676   84   13 407538.273 265531.676  34.8%  97.8  101s
   980   797 264482.022   81   23 363321.795 264482.022  27.2%   177  160s
   146   148 284950.110   33   23 445805.970 284950.110  36.1%   277   35s
  1106   911 264076.246  108   17 291895.164 264076.246  9.53%   141  176s
   672   618 265531.669   39    9 407600.676 265531.669  34.9%   108  125s
   108   110 284833.096   43   19 449185.443 284833.096  36.6%   131   20s
   538   514 284579.270   49   11 426366.672 284579.270  33.3%   192  115s
   731   661 265567.046   54   14 291895.243 265567.046  9.02%   159  140s
H  208   206                    427101.96954 284034.195  33.5%   208   39s
   964   778 264570.135   96   38 407686.747 264570.135  35.1%   115  155s
   518   517 265567.045    8   20 291895.247 265567.045  9.02%  88.5   80s
   709   646 263746.035   41   13 406607.504 263746.035  35.1%   167  145s
  1064   875 263557.949   55   43 291332.895 263557.949  9.53%   204  175s
   108   110 284206.397   32   23 427654.115 284206.397  33.5%   274   30s
  1414  1116 264139.121  111   14 292007.217 264139.121  9.54%  89.4  170s
   794   651 282981.268   52   15 424822.517 282981.268  33.4%  73.9  133s
   394   394 265000.437   80   25 406638.186 265000.437  34.8%  80.5   60s
   364   366 284833.083   46   18 426825.974 284833.083  33.3%   150   83s
  1030   807 263815.907   94   16 407302.258 263815.907  35.2%   129  150s
   526   517 284206.397   29   12 425822.800 284206.397  33.3%   149  106s
   982   751 265631.085   47   20 329474.214 265631.085  19.4%  98.5  160s
   489   487 284579.270   52   15 426379.014 284579.270  33.3%   103   75s
   755   653 265234.643   40   20 291333.751 265234.643  8.96%  88.1  125s
   216   216 284034.195   66   26 427101.970 284034.195  33.5%   203   41s
   803   657 282981.268   52   17 424822.517 282981.268  33.4%  73.2  135s
   529   523 265531.676   93   18 407538.273 265531.676  34.8%  96.5  105s
   680   627 262569.894   27   26 289668.460 262569.894  9.36%   270  155s
  1138   932 264076.246  113   13 291895.164 264076.246  9.53%   140  180s
   297   297 264911.436   41   36 407047.933 264911.436  34.9%   136   55s
   439   441 264528.858  102   11 289668.459 264528.858  8.68%   102   70s
   808   704 265000.438   57   14 291332.895 265000.438  9.04%   106  140s
   519   518 282981.268   53   43 424909.571 282981.268  33.4%  89.2   96s
   941   749 265665.316   58   16 408675.593 265665.316  35.0%   197  170s
   713   649 284950.110   69   14 426901.851 284950.110  33.3%  79.8  115s
  1005   814 264482.022   85   23 363321.795 264482.022  27.2%   173  165s
   191   193 284950.110   33   30 445805.970 284950.110  36.1%   225   40s
   726   654 265531.669   45   11 407600.676 265531.669  34.9%   101  130s
   162   164 284833.096   45   19 449185.443 284833.096  36.6%   112   25s
   757   678 265567.046   59   23 291895.243 265567.046  9.02%   154  145s
   137   139 284206.397   15   33 427654.115 284206.397  33.5%   295   35s
   749   673 263746.035   46   15 406607.504 263746.035  35.1%   159  150s
   522   520 265567.045   21   18 291895.247 265567.045  9.02%  87.9   85s
   378   380 284833.083   57   13 426825.974 284833.083  33.3%   150   87s
   544   518 284579.270  124   16 426366.672 284579.270  33.3%   190  121s
  1081   886 263557.949   57   39 291332.895 263557.949  9.53%   202  180s
  1444  1136 264139.121  108   14 292007.217 264139.121  9.54%  88.0  175s
   976   786 264570.135   65   16 407686.747 264570.135  35.1%   115  161s
   243   243 284034.195   79   18 427101.970 284034.195  33.5%   197   45s
   873   518 265059.182   35   28 408184.809 265059.182  35.1%   377  178s
   530   520 284206.397   27   32 425822.800 284206.397  33.3%   148  111s
   432   430 265000.437   99   10 406638.186 265000.437  34.8%  79.6   65s
   996   760 265631.085   50   16 329474.214 265631.085  19.4%  97.5  165s
   803   685 265234.643   48   24 291333.751 265234.643  8.96%  84.2  130s
   505   503 284579.270   48   30 426379.014 284579.270  33.3%   101   80s
   521   519 282981.268   23   21 424909.571 282981.268  33.4%  88.9  100s
   844   684 282981.268   47   17 424822.517 282981.268  33.4%  70.4  140s
   393   395 284833.083   62   15 426825.974 284833.083  33.3%   156   90s
   538   531 265531.676   16   26 407538.273 265531.676  34.8%   148  110s
   316   316 264911.436   51   14 407047.933 264911.436  34.9%   144   60s
   877   520 265059.182   37   51 408184.809 265059.182  35.1%   379  180s
  1182   962 264076.246  119   13 291895.164 264076.246  9.53%   138  185s
   927   666 263479.602   47   16 406688.714 263479.602  35.2%   185  172s
   496   490 264528.858  111   19 289668.459 264528.858  8.68%   101   75s
   968   767 265665.316   62   10 408675.593 265665.316  35.0%   196  175s
  1047   818 263815.907  101   18 407302.258 263815.907  35.2%   127  157s
H  324   322                    407045.94535 264911.436  34.9%   145   60s
   759   676 265531.669   53   11 407600.676 265531.669  34.9%  97.6  135s
   209   211 284833.096   61   18 449185.443 284833.096  36.6%  95.6   30s
   749   673 284950.110   76   14 426901.851 284950.110  33.3%  76.9  120s
   215   217 284950.110   45   13 445805.970 284950.110  36.1%   204   45s
  1034   833 264482.022   89   23 363321.795 264482.022  27.2%   169  170s
   697   638 262569.894   31   26 289668.460 262569.894  9.36%   268  161s
   574   540 284579.270   25   17 426366.672 284579.270  33.3%   234  125s
   788   699 265567.046   65   15 291895.243 265567.046  9.02%   150  150s
   850   732 265000.438   64   14 291332.895 265000.438  9.04%   102  146s
  1018   814 264570.135   83   19 407686.747 264570.135  35.1%   111  165s
   189   191 284206.397   41   14 427654.115 284206.397  33.5%   248   40s
H  515   486                    426370.81442 284579.270  33.3%   104   83s
   785   697 263746.035   53   13 406607.504 263746.035  35.1%   152  155s
   271   269 284034.195   20    9 427101.970 284034.195  33.5%   215   50s
  1507  1178 264139.121  115   12 292007.217 264139.121  9.54%  85.1  180s
   525   522 265567.045   72   34 291895.247 265567.045  9.02%  87.4   91s
   533   522 284206.397   35   18 425822.800 284206.397  33.3%   147  115s
   493   483 265000.437  115   29 406638.186 265000.437  34.8%  77.0   70s
   947   680 263479.602   67   27 406688.714 263479.602  35.2%   182  175s
  1063   829 263815.907  111   23 407302.258 263815.907  35.2%   125  160s
  1107   904 263557.949   55   42 291332.895 263557.949  9.53%   199  186s
  1041   790 265631.085   56   25 329474.214 265631.085  19.4%  94.3  170s
   840   709 265234.643   38   18 291333.751 265234.643  8.96%  81.4  135s
   519   488 284579.270   38   16 426370.814 284579.270  33.3%   103   85s
   576   556 265531.676   25   10 407538.273 265531.676  34.8%   141  115s
   430   432 284833.083   71   13 426825.974 284833.083  33.3%   158   95s
  1218   986 264076.246  125   17 291895.164 264076.246  9.53%   136  190s
   715   650 262569.894   35   22 289668.460 262569.894  9.36%   261  165s
   885   712 282981.268   53   19 424822.517 282981.268  33.4%  67.8  145s
   777   692 284950.110   81   14 426901.851 284950.110  33.3%  75.0  125s
   518   510 264528.858   32   38 289668.459 264528.858  8.68%  98.9   80s
   783   692 265531.669   59    9 407600.676 265531.669  34.9%  95.2  140s
   351   351 264911.436   68   28 407045.945 264911.436  34.9%   143   65s
   523   520 282981.268   29   29 424909.571 282981.268  33.4%  88.5  106s
  1065   854 264482.022   91   15 363321.795 264482.022  27.2%   165  175s
   979   774 265665.316   63   12 408675.593 265665.316  35.0%   196  180s
   899   535 265059.182   36   44 408184.809 265059.182  35.1%   382  186s
   617   569 284579.270   42   17 426366.672 284579.270  33.3%   220  130s
  1050   827 264570.135   76   14 407686.747 264570.135  35.1%   110  170s
   234   236 284950.110   43   41 445805.970 284950.110  36.1%   194   50s
   204   206 284206.397   56   19 427654.115 284206.397  33.5%   237   45s
   795   704 265567.046   68   18 291895.243 265567.046  9.02%   149  155s
  1127   917 263557.949   53   42 291332.895 263557.949  9.53%   196  190s
   289   287 284034.195   29   41 427101.970 284034.195  33.5%   217   55s
  1568  1219 264139.121  113   14 292007.217 264139.121  9.54%  82.7  185s
   876   749 265000.438   69   14 291332.895 265000.438  9.04%  99.4  152s
   994   711 263479.602   77   11 406688.714 263479.602  35.2%   174  180s
H  208   208                    427422.65895 284206.397  33.5%   234   46s
H  208   208                    427388.20500 284206.397  33.5%   234   46s
H  286   286                    449143.06984 284833.096  36.6%  80.1   37s
   528   524 265567.045   70    8 291895.247 265567.045  9.02%  86.9   96s
  1098   852 263815.907  128   14 407302.258 263815.907  35.2%   122  165s
H  208   208                    427386.34328 284206.397  33.5%   234   46s
H  208   208                    427384.46277 284206.397  33.5%   234   46s
   536   524 284206.397   79   13 425822.800 284206.397  33.3%   146  121s
  1087   821 265631.085   46   18 329474.214 265631.085  19.4%  91.4  175s
   795   704 263746.035   54   13 406607.504 263746.035  35.1%   151  162s
   864   725 265234.643   31   20 291333.751 265234.643  8.96%  79.8  140s
   514   504 265000.437  116   15 406638.186 265000.437  34.8%  77.3   76s
   451   453 284833.083   74   11 426825.974 284833.083  33.3%   153  100s
   617   583 265531.676   30   12 407538.273 265531.676  34.8%   133  120s
  1264  1016 264076.246  123   15 291895.164 264076.246  9.53%   132  195s
   758   679 262569.894   44   30 289668.460 262569.894  9.36%   247  170s
   385   385 264911.436   86   24 407045.945 264911.436  34.9%   138   70s
H  913   525                    408184.75747 265059.182  35.1%   393  190s
   522   490 284579.270   58   30 426370.814 284579.270  33.3%   102   91s
   891   716 282981.268   54   19 424822.517 282981.268  33.4%  67.4  151s
   894   761 265000.438   71   16 291332.895 265000.438  9.04%  98.1  155s
  1000   788 265665.316   64   16 408675.593 265665.316  35.0%   198  185s
   793   702 284950.110   84   16 426901.851 284950.110  33.3%  73.8  130s
   291   293 284833.096   79   16 449143.070 284833.096  36.6%  79.4   40s
  1097   871 264482.022   81   21 363321.795 264482.022  27.2%   161  180s
   262   264 284950.110   50   10 445805.970 284950.110  36.1%   225   55s
   840   730 265531.669   42   11 407600.676 265531.669  34.9%  90.1  145s
   530   525 282981.268   85   13 424909.571 282981.268  33.4%  87.3  111s
   523   514 264528.858   18   15 289668.459 264528.858  8.68%  97.9   85s
   660   597 284579.270   57   19 426366.672 284579.270  33.3%   207  135s
   530   525 265567.045   26   59 291895.247 265567.045  9.02%  86.5  100s
   821   721 265567.046   78   11 291895.243 265567.046  9.02%   145  160s
   229   231 284206.397   61   37 427384.463 284206.397  33.5%   219   50s
   814   716 263746.035   52   15 406607.504 263746.035  35.1%   148  165s
   546   533 284206.397   13    9 425822.800 284206.397  33.3%   193  125s
  1604  1243 264139.121   64   18 292007.217 264139.121  9.54%  81.3  190s
  1141   926 263557.949   55   49 291332.895 263557.949  9.53%   194  195s
H  405   403                    407032.94646 264911.436  34.9%   133   73s
  1040   742 263479.602   81   13 406688.714 263479.602  35.2%   167  185s
  1144   883 263815.907   67   14 407302.258 263815.907  35.2%   118  170s
  1074   843 264570.135   85   25 407686.747 264570.135  35.1%   108  176s
  1134   852 265631.085   41   16 329474.214 265631.085  19.4%  88.2  180s
   300   298 284034.195   35   26 427101.970 284034.195  33.5%   226   61s
   539   533 282981.268   13   19 424909.571 282981.268  33.4%   134  115s
   920   735 282981.268   51   17 424822.517 282981.268  33.4%  65.9  155s
   637   597 265531.676   35   10 407538.273 265531.676  34.8%   129  125s
   522   510 265000.437   91   33 406638.186 265000.437  34.8%  76.5   81s
   461   463 284833.083   76   11 426825.974 284833.083  33.3%   150  105s
  1300  1040 264076.246  123   13 291895.164 264076.246  9.53%   129  200s
   524   492 284579.270   67   21 426370.814 284579.270  33.3%   102   95s
   890   743 265234.643   36   18 291333.751 265234.643  8.96%  78.1  145s
   427   427 264911.436  107   14 407032.946 264911.436  34.9%   129   75s
   939   544 265059.182   41   39 408184.757 265059.182  35.1%   400  195s
   785   697 262569.894   48   26 289668.460 262569.894  9.36%   239  175s
  1032   810 265665.316   68   12 408675.593 265665.316  35.0%   195  190s
H  638   568                    407538.27267 265531.676  34.8%   129  126s
   822   722 284950.110   78   14 426901.851 284950.110  33.3%  71.6  135s
   883   759 265531.669   45    9 407600.676 265531.669  34.9%  86.7  150s
   338   340 284833.096   86   20 449143.070 284833.096  36.6%  74.2   45s
  1122   888 264482.022   90   21 363321.795 264482.022  27.2%   159  185s
   928   784 265000.438   76   14 291332.895 265000.438  9.04%  95.4  160s
   849   740 265567.046   85   11 291895.243 265567.046  9.02%   141  165s
  1100   856 264570.135   97   32 407686.747 264570.135  35.1%   108  180s
   706   628 284579.270   70   13 426366.672 284579.270  33.3%   196  140s
   255   257 284206.397   11   30 427384.463 284206.397  33.5%   216   55s
   845   737 263746.035   51   15 406607.504 263746.035  35.1%   143  170s
   599   568 284206.397   29   11 425822.800 284206.397  33.3%   178  130s
   300   302 284950.110   32   32 445805.970 284950.110  36.1%   218   61s
H  312   308                    426051.48251 284034.195  33.3%   225   65s
   533   527 265567.045   70   22 291895.247 265567.045  9.02%  86.0  105s
  1176   950 263557.949   52   47 291332.895 263557.949  9.53%   191  200s
  1648  1272 264139.121   82   14 292007.217 264139.121  9.54%  79.8  195s
  1087   773 263479.602   90    9 406688.714 263479.602  35.2%   160  190s
  1188   912 263815.907   75   12 407302.258 263815.907  35.2%   115  175s
H  264   264                    427314.30137 284206.397  33.5%   224   56s
  1165   873 265631.085   43   18 329474.214 265631.085  19.4%  86.4  185s
   930   769 265234.643   42   18 291333.751 265234.643  8.96%  76.8  150s
   971   769 282981.268   57   18 424822.517 282981.268  33.4%  63.5  160s
   669   591 265531.676   40   10 407538.273 265531.676  34.8%   124  130s
   527   516 264528.858   32   13 289668.459 264528.858  8.68%  97.2   94s
   502   504 284833.083   82   11 426825.974 284833.083  33.3%   142  110s
   527   513 265000.437   25   21 406638.186 265000.437  34.8%  75.8   86s
   822   722 262569.894   52   26 289668.460 262569.894  9.36%   230  180s
  1340  1067 264076.246  124   11 291895.164 264076.246  9.53%   129  205s
   588   566 282981.268   32   12 424909.571 282981.268  33.4%   125  120s
   527   494 284579.270   25   20 426370.814 284579.270  33.3%   101  101s
   950   551 265059.182   42   45 408184.757 265059.182  35.1%   410  200s
   962   807 265000.438   82   14 291332.895 265000.438  9.04%  92.5  165s
  1060   828 265665.316   67   14 408675.593 265665.316  35.0%   192  195s
   853   742 284950.110   70   14 426901.851 284950.110  33.3%  69.6  140s
H  338   334                    426028.28793 284034.195  33.3%   222   68s
   486   486 264911.436  136   12 407032.946 264911.436  34.9%   121   80s
   920   784 265531.669   52   11 407600.676 265531.669  34.9%  84.2  155s
   401   403 284833.096   94   16 449143.070 284833.096  36.6%  72.0   50s
  1160   913 264482.022   94   17 363321.795 264482.022  27.2%   154  190s
   530   518 264528.858   28   15 289668.459 264528.858  8.68%  96.6   95s
   327   329 284950.110   90    9 445805.970 284950.110  36.1%   212   65s
H  927   759                    407441.83150 265531.669  34.8%  83.6  155s
H  927   733                    407439.83565 265531.669  34.8%  83.6  155s
   741   649 284579.270   77   21 426366.672 284579.270  33.3%   189  145s
   551   541 265567.045   19   46 291895.247 265567.045  9.02%   138  110s
  1125   873 264570.135  110   32 407686.747 264570.135  35.1%   111  185s
   290   292 284206.397   36   30 427314.301 284206.397  33.5%   224   60s
   865   750 263746.035   47   15 406607.504 263746.035  35.1%   140  175s
   873   756 265567.046   95   13 291895.243 265567.046  9.02%   138  170s
H  927   709                    407430.90661 265531.669  34.8%  83.6  156s
   642   597 284206.397   30    9 425822.800 284206.397  33.3%   167  135s
  1199   964 263557.949   32   72 291332.895 263557.949  9.53%   194  205s
H  338   334                    425833.55156 284034.195  33.3%   222   70s
  1725  1324 264139.121   88   18 292007.217 264139.121  9.54%  77.3  200s
  1142   810 263479.602   99    9 406688.714 263479.602  35.2%   154  195s
  1229   939 263815.907   85   12 407302.258 263815.907  35.2%   112  180s
   529   515 265000.437   60   29 406638.186 265000.437  34.8%  75.5   90s
  1224   912 265631.085   49   18 329474.214 265631.085  19.4%  83.0  190s
   973   798 265234.643   49   18 291333.751 265234.643  8.96%  74.4  155s
   591   568 282981.268   34   12 424909.571 282981.268  33.4%   125  125s
  1004   791 282981.268   63   15 424822.517 282981.268  33.4%  62.1  165s
   725   628 265531.676   39   36 407538.273 265531.676  34.8%   116  135s
  1365  1084 264076.246  128   11 291895.164 264076.246  9.53%   129  210s
   857   745 262569.894   46   22 289668.460 262569.894  9.36%   223  185s
   512   513 284833.083    4   25 426825.974 284833.083  33.3%   140  115s
   529   495 284579.270   25   16 426370.814 284579.270  33.3%   101  105s
   511   511 264911.436  149   11 407032.946 264911.436  34.9%   118   85s
   985   822 265000.438   88   14 291332.895 265000.438  9.04%  90.8  170s
   537   523 264528.858  108   15 289668.459 264528.858  8.68%  95.4  100s
  1086   846 265665.316   57   33 408675.593 265665.316  35.0%   192  200s
   873   756 284950.110   74   14 426901.851 284950.110  33.3%  68.5  145s
   449   451 284833.096  105   12 449143.070 284833.096  36.6%  71.7   55s
  1213   949 264482.022  100   37 363321.795 264482.022  27.2%   149  195s
   883   762 265567.046  100   15 291895.243 265567.046  9.02%   137  175s
   573   556 265567.045   25   52 291895.247 265567.045  9.02%   148  115s
   785   673 284579.270   90   14 426366.672 284579.270  33.3%   180  150s
   895   770 263746.035   59   13 406607.504 263746.035  35.1%   136  180s
   693   631 284206.397   35    9 425822.800 284206.397  33.3%   156  140s
H  514   487                    289834.34422 264911.436  8.60%   118   87s
H  514   462                    289812.98147 264911.436  8.59%   118   87s
H  457   457                    449079.60125 284833.096  36.6%  71.4   56s
   300   302 284206.397   41   26 427314.301 284206.397  33.5%   218   65s
H  457   457                    447813.58878 284833.096  36.4%  71.4   56s
  1156   894 264570.135   85   17 407686.747 264570.135  35.1%   111  190s
   344   344 284950.110   54   14 445805.970 284950.110  36.1%   215   71s
   378   376 284034.195   74   23 425833.552 284034.195  33.3%   205   75s
H  514   488                    426817.24050 284833.096  33.3%   139  118s
  1804  1376 264139.121   80   14 292007.217 264139.121  9.54%  74.9  205s
  1205   852 263479.602  110    9 406688.714 263479.602  35.2%   146  200s
   953   729 265531.669   51    9 407430.907 265531.669  34.8%  82.0  162s
  1257   958 263815.907   84   16 407302.258 263815.907  35.2%   110  185s
   951   552 274320.708   43  139 408184.757 265059.182  35.1%   411  208s
  1237   989 263557.949   40   52 291332.895 263557.949  9.53%   197  211s
   532   517 265000.437   26    9 406638.186 265000.437  34.8%  75.1   95s
  1260   936 265631.085   53   16 329474.214 265631.085  19.4%  81.2  195s
   531   496 284579.270   38   10 426370.814 284579.270  33.3%   101  110s
   997   814 265234.643   52   20 291333.751 265234.643  8.96%  73.0  160s
  1053   824 282981.268   46   15 424822.517 282981.268  33.4%  60.1  170s
   642   602 282981.268   47   14 424909.571 282981.268  33.4%   116  130s
   768   657 265531.676   39   10 407538.273 265531.676  34.8%   111  140s
  1402  1108 264076.246  123   13 291895.164 264076.246  9.53%   130  215s
   955   554 274742.246   41  133 408184.757 265059.182  35.1%   414  210s
   886   764 262569.894   59   26 289668.460 262569.894  9.36%   216  190s
   562   542 264528.858   29   26 289668.459 264528.858  8.68%   150  105s
  1119   868 265665.316   58   12 408675.593 265665.316  35.0%   190  205s
   894   770 284950.110   76   14 426901.851 284950.110  33.3%  67.2  150s
  1002   833 265000.438   92   14 291332.895 265000.438  9.04%  89.6  175s
  1253   973 264482.022  102   26 363321.795 264482.022  27.2%   146  200s
   366   366 284950.110   65   18 445805.970 284950.110  36.1%   209   75s
   486   488 284833.096  113   12 447813.589 284833.096  36.4%  71.8   60s
   822   695 284579.270   93   10 426366.672 284579.270  33.3%   172  155s
   592   568 265567.045   31   10 291895.247 265567.045  9.02%   150  120s
   909   780 265567.046  108   11 291895.243 265567.046  9.02%   133  180s
   518   464 264911.436   53   31 289812.981 264911.436  8.59%   117   91s
  1186   910 264570.135   88   41 407686.747 264570.135  35.1%   109  195s
   517   490 284833.096   32    9 426817.241 284833.096  33.3%   138  122s
   929   793 263746.035   66   13 406607.504 263746.035  35.1%   131  185s
  1262  1006 263557.949   47   52 291332.895 263557.949  9.53%   200  215s
   772   683 284206.397   47    9 425822.800 284206.397  33.3%   143  145s
   979   746 265531.669   55    9 407430.907 265531.669  34.8%  80.3  166s
  1848  1406 264139.121   85   12 292007.217 264139.121  9.54%  73.6  210s
  1254   884 263479.602  119    9 406688.714 263479.602  35.2%   141  205s
  1302   988 263815.907   95   16 407302.258 263815.907  35.2%   107  190s
   534   518 265000.437   38   10 406638.186 265000.437  34.8%  74.8  100s
  1333   985 265631.085   69   14 329474.214 265631.085  19.4%  78.1  200s
   540   504 284579.270   11   52 426370.814 284579.270  33.3%   145  115s
   397   395 284034.195   84   21 425833.552 284034.195  33.3%   200   81s
  1045   846 265234.643   54   18 291333.751 265234.643  8.96%  70.8  165s
   803   680 265531.676   40   12 407538.273 265531.676  34.8%   107  145s
   915   784 262569.894   73   18 289668.460 262569.894  9.36%   212  195s
  1447  1138 264076.246  125   24 291895.164 264076.246  9.53%   128  220s
   969   562 266847.590   37  129 408184.757 265059.182  35.1%   428  215s
   591   561 264528.858   22   24 289668.459 264528.858  8.68%   153  110s
   917   785 284950.110   79   16 426901.851 284950.110  33.3%  65.9  155s
  1018   772 265531.669   58   11 407430.907 265531.669  34.8%  78.1  170s
  1101   856 282981.268   52   13 424822.517 282981.268  33.4%  58.2  176s
  1261   979 264482.022  103   22 363321.795 264482.022  27.2%   148  205s
  1043   861 265000.438  100   12 291332.895 265000.438  9.04%  86.9  180s
   690   634 282981.268   44   12 424909.571 282981.268  33.4%   110  137s
   519   492 284833.096    5   10 426817.241 284833.096  33.3%   138  126s
   512   513 284833.096   88   24 447813.589 284833.096  36.4%  71.1   65s
   642   602 265567.045   43   12 291895.247 265567.045  9.02%   139  125s
   925   790 265567.046   70   19 291895.243 265567.046  9.02%   131  185s
   521   466 264911.436   62   15 289812.981 264911.436  8.59%   116   97s
   956   811 263746.035   71   13 406607.504 263746.035  35.1%   128  190s
  1242   943 264570.135   87   14 407686.747 264570.135  35.1%   106  200s
   827   720 284206.397   47   15 425822.800 284206.397  33.3%   136  150s
  1288  1023 263559.238   51   42 291332.895 263557.949  9.53%   205  220s
  1933  1462 264139.121   80   12 292007.217 264139.121  9.54%  71.4  215s
  1282   903 263479.602  124    9 406688.714 263479.602  35.2%   139  210s
  1354  1023 263815.907   95   14 407302.258 263815.907  35.2%   103  195s
  1143   884 265665.316   62   32 408675.593 265665.316  35.0%   189  212s
   539   521 265000.437   91   20 406638.186 265000.437  34.8%  74.1  105s
   599   544 284579.270   34   15 426370.814 284579.270  33.3%   137  120s
   342   344 284206.397   78   17 427314.301 284206.397  33.5%   207   77s
   397   397 284950.110   80   24 445805.970 284950.110  36.1%   196   83s
  1076   867 265234.643   59   18 291333.751 265234.643  8.96%  69.5  170s
   706   644 282981.268   49   14 424909.571 282981.268  33.4%   107  140s
  1134   878 282981.268   56   15 424822.517 282981.268  33.4%  57.1  180s
  1484  1163 264076.246  115   22 291895.164 264076.246  9.53%   127  225s
   978   566 265059.182   32   57 408184.757 265059.182  35.1%   436  220s
   522   494 284833.096   26   26 426817.241 284833.096  33.3%   137  130s
   858   717 265531.676   48   36 407538.273 265531.676  34.8%   102  150s
   618   579 264528.858   32   20 289668.459 264528.858  8.68%   157  115s
  1080   885 265000.438  108   12 291332.895 265000.438  9.04%  84.4  185s
   948   806 284950.110   84   14 426901.851 284950.110  33.3%  64.3  160s
  1050   793 265531.669   53    9 407430.907 265531.669  34.8%  76.4  175s
  1295  1001 264482.022  110   22 363321.795 264482.022  27.2%   145  210s
   416   414 284034.195   93   28 425833.552 284034.195  33.3%   194   88s
   405   403 284950.110   84   38 445805.970 284950.110  36.1%   195   85s
   940   800 262569.894   41   26 289668.460 262569.894  9.36%   207  201s
  1155   892 265665.316   63   42 408675.593 265665.316  35.0%   188  215s
   955   808 265567.046   64   20 291895.243 265567.046  9.02%   128  190s
   523   468 264911.436   46   22 289812.981 264911.436  8.59%   116  101s
  1302   983 264570.135  101   17 407686.747 264570.135  35.1%   101  205s
   372   374 284206.397   77   14 427314.301 284206.397  33.5%   195   80s
   997   838 263746.035   78   13 406607.504 263746.035  35.1%   124  195s
   518   517 284833.096   39   14 447813.589 284833.096  36.4%  70.3   71s
   853   737 284206.397   26    9 425822.800 284206.397  33.3%   132  155s
   429   427 284034.195  100   12 425833.552 284034.195  33.3%   195   90s
   882   725 284579.270   91   10 426366.672 284579.270  33.3%   162  166s
   688   632 265567.045   47   14 291895.247 265567.045  9.02%   131  131s
  1402  1055 263815.907   99   14 407302.258 263815.907  35.2%   100  200s
  1320   928 263479.602  126   16 406688.714 263479.602  35.2%   135  215s
   543   526 265000.437   13   13 406638.186 265000.437  34.8%   121  110s
   670   591 284579.270   51   13 426370.814 284579.270  33.3%   124  125s
   739   666 282981.268   57   12 424909.571 282981.268  33.4%   104  145s
  1167   900 282981.268   51   15 424822.517 282981.268  33.4%  56.0  185s
   875   728 265531.676   52   14 407538.273 265531.676  34.8%   100  155s
   959   813 262569.894   44   24 289668.460 262569.894  9.36%   205  205s
  1526  1191 264076.246  120   11 291895.164 264076.246  9.53%   125  230s
   994   575 265059.182   37   55 408184.757 265059.182  35.1%   451  225s
   529   472 264911.436   42   16 289812.981 264911.436  8.59%   114  105s
  1118   911 265000.438  114   12 291332.895 265000.438  9.04%  82.1  190s
  1976  1491 264139.121   88   12 292007.217 264139.121  9.54%  70.4  222s
   526   496 284833.096   39   23 426817.241 284833.096  33.3%   136  136s
   980   827 284950.110   89   16 426901.851 284950.110  33.3%  62.6  165s
  1079   813 265531.669   45   11 407430.907 265531.669  34.8%  74.9  180s
  1120   896 265234.643   54   18 291333.751 265234.643  8.96%  67.9  176s
  1333  1027 264482.022  107   21 363321.795 264482.022  27.2%   142  215s
  1182   910 265665.316   64   12 408675.593 265665.316  35.0%   187  220s
   645   597 264528.858   33   20 289668.459 264528.858  8.68%   157  120s
   521   519 284833.096   39   11 447813.589 284833.096  36.4%  69.9   75s
   940   762 284579.270  101   10 426366.672 284579.270  33.3%   154  170s
   724   656 265567.045   46   10 291895.247 265567.045  9.02%   125  135s
   433   429 284950.110   98   28 445805.970 284950.110  36.1%   198   90s
  1347  1001 264570.135   46   14 407686.747 264570.135  35.1%  98.6  210s
   979   822 265567.046   63   23 291895.243 265567.046  9.02%   126  195s
  1041   868 263746.035   80   17 406607.504 263746.035  35.1%   119  200s
   909   775 284206.397   40   14 425822.800 284206.397  33.3%   125  160s
  1346   993 265631.085   71   18 329474.214 265631.085  19.4%  77.6  213s
   459   457 284034.195  115   21 425833.552 284034.195  33.3%   199   95s
  2000  1507 264139.121   91   14 292007.217 264139.121  9.54%  69.8  225s
  1351   949 263479.602  131    9 406688.714 263479.602  35.2%   132  220s
   574   547 265000.437   26   19 406638.186 265000.437  34.8%   116  115s
H 1446  1058                    406841.41702 263815.907  35.2%  97.7  205s
  1355   999 265631.085   70   16 329474.214 265631.085  19.4%  77.3  215s
   397   399 284206.397   90   19 427314.301 284206.397  33.5%   189   86s
H 1446  1035                    406839.42970 263815.907  35.2%  97.7  205s
   735   634 284579.270   51   15 426370.814 284579.270  33.3%   114  130s
  1148   915 265234.643   47   18 291333.751 265234.643  8.96%  66.7  180s
   774   690 282981.268   57   14 424909.571 282981.268  33.4%   100  150s
  1217   933 282981.268   55   13 424822.517 282981.268  33.4%  54.4  190s
  1544  1203 264076.246  122   11 291895.164 264076.246  9.53%   127  235s
   909   751 265531.676   59   14 407538.273 265531.676  34.8%  97.2  160s
   557   492 264911.436   20   19 289812.981 264911.436  8.59%   157  110s
  1002   581 265059.182   39   41 408184.757 265059.182  35.1%   457  230s
H  743   613                    426369.28547 284579.270  33.3%   113  131s
   528   498 284833.096   12   40 426817.241 284833.096  33.3%   136  140s
   979   826 262569.894   48   26 289668.460 262569.894  9.36%   202  210s
   688   626 264528.858   50   16 289668.459 264528.858  8.68%   149  125s
  1217   933 265665.316   69   12 408675.593 265665.316  35.0%   182  225s
  1166   943 265000.438  116   14 291332.895 265000.438  9.04%  79.3  195s
  1017   852 284950.110   95   16 426901.851 284950.110  33.3%  61.0  170s
  1134   849 265531.669   40    9 407430.907 265531.669  34.8%  72.3  185s
   457   453 284950.110  110   14 445805.970 284950.110  36.1%   203   95s
  1368  1050 264482.022  111   21 363321.795 264482.022  27.2%   139  220s
   987   786 284579.270  107   16 426366.672 284579.270  33.3%   147  175s
   771   688 265567.045   57   10 291895.247 265567.045  9.02%   118  140s
   523   520 284833.096   95   15 447813.589 284833.096  36.4%  69.7   80s
  1405  1040 264570.135   54   20 407686.747 264570.135  35.1%  95.2  215s
  1098   906 263746.035   59   15 406607.504 263746.035  35.1%   114  205s
  2063  1549 264139.121   90   16 292007.217 264139.121  9.54%  68.5  230s
H  528   473                    426787.92217 284833.096  33.3%   136  143s
   623   579 265000.437   37   15 406638.186 265000.437  34.8%   108  120s
  1401   982 263479.602  130    9 406688.714 263479.602  35.2%   128  225s
  1452  1041 263815.907  109   12 406839.430 263815.907  35.2%  97.4  210s
   494   492 284034.195   44   50 425833.552 284034.195  33.3%   192  100s
   432   434 284206.860  103   22 427314.301 284206.397  33.5%   183   91s
  1409  1035 265631.085   77   14 329474.214 265631.085  19.4%  75.3  220s
   785   643 284579.270   61   15 426369.285 284579.270  33.3%   108  135s
  1205   953 265234.643   35   18 291333.751 265234.643  8.96%  64.8  185s
   795   704 282981.268   53   14 424909.571 282981.268  33.4%  97.6  155s
  1269   968 282981.268   51   13 424822.517 282981.268  33.4%  53.1  195s
  1003   838 265567.046   64   21 291895.243 265567.046  9.02%   124  203s
  1002   842 262569.894   53   22 289668.460 262569.894  9.36%   198  215s
  1574  1223 264076.246  120   11 291895.164 264076.246  9.53%   126  240s
   589   514 264911.436   32   22 289812.981 264911.436  8.59%   149  115s
   529   473 284833.096   31   13 426787.922 284833.096  33.3%   135  145s
   739   660 264528.858   38   20 289668.459 264528.858  8.68%   141  130s
  1251   956 265665.316   72   14 408675.593 265665.316  35.0%   179  230s
  1196   963 265000.438  121   12 291332.895 265000.438  9.04%  77.6  200s
  1056   878 284950.110   95   14 426901.851 284950.110  33.3%  59.4  175s
  1423  1087 264482.022  121   17 363321.795 264482.022  27.2%   135  225s
   530   525 284833.096   59   19 447813.589 284833.096  36.4%  68.7   85s
   487   483 284950.110  125   27 445805.970 284950.110  36.1%   194  100s
  1012   844 265567.046   71   29 291895.243 265567.046  9.02%   123  205s
   788   699 265567.045   59   10 291895.247 265567.045  9.02%   116  145s
   954   805 284206.397   47    9 425822.800 284206.397  33.3%   120  169s
  1057   825 284579.270  110   14 426366.672 284579.270  33.3%   139  180s
  1021   593 267653.887   36  151 408184.757 265059.182  35.1%   469  236s
  1158   865 265531.669   44   11 407430.907 265531.669  34.8%  71.2  191s
   968   814 284206.397   50   11 425822.800 284206.397  33.3%   119  170s
  1427  1054 264570.135   59   20 407686.747 264570.135  35.1%  94.0  220s
  2127  1594 264139.121  105   12 292007.217 264139.121  9.54%  67.3  235s
  1129   926 263746.035   63   13 406607.504 263746.035  35.1%   111  210s
   459   461 284206.397   81   25 427314.301 284206.397  33.5%   179   95s
  1315  1041 263557.949   56   21 291332.895 263557.949  9.53%   208  240s
   514   511 284034.195   61   10 425833.552 284034.195  33.3%   196  105s
  1462  1023 263479.602  127    9 406688.714 263479.602  35.2%   123  230s
   664   607 265000.437   47   11 406638.186 265000.437  34.8%   102  125s
   950   778 265531.676   46   10 407538.273 265531.676  34.8%  93.8  168s
  1482  1061 263815.907  124   12 406839.430 263815.907  35.2%  95.8  215s
  1467  1074 265631.085   91   26 329474.214 265631.085  19.4%  73.1  225s
  1249   982 265234.643   40   18 291333.751 265234.643  8.96%  63.5  190s
  1313   997 282981.268   52   13 424822.517 282981.268  33.4%  52.0  200s
   837   732 282981.268   49   12 424909.571 282981.268  33.4%  93.6  160s
   971   792 265531.676   49   34 407538.273 265531.676  34.8%  92.2  170s
  1037   865 262569.894   57   22 289668.460 262569.894  9.36%   194  220s
   531   475 284833.096   78   17 426787.922 284833.096  33.3%   135  150s
   636   545 264911.436   51   13 289812.981 264911.436  8.59%   139  120s
  1228   984 265000.438  126   14 291332.895 265000.438  9.04%  76.0  205s
  1033   601 267395.848   40  172 408184.757 265059.182  35.1%   478  240s
  1093   902 284950.110   90   16 426901.851 284950.110  33.3%  58.0  180s
  1185   883 265531.669   48   11 407430.907 265531.669  34.8%  70.1  195s
   549   540 284833.096   17   16 447813.589 284833.096  36.4%   111   90s
  1467  1114 264482.022  128   17 363321.795 264482.022  27.2%   133  230s
   821   667 284579.270   55   13 426369.285 284579.270  33.3%   103  142s
   785   690 264528.858   48   19 289668.459 264528.858  8.68%   133  135s
  1080   840 284579.270  117   10 426366.672 284579.270  33.3%   136  185s
   830   727 265567.045   45   12 291895.247 265567.045  9.02%   111  150s
  1048   868 265567.046   71   24 291895.243 265567.046  9.02%   123  210s
  1147   938 263746.035   66   20 406607.504 263746.035  35.1%   110  215s
   494   490 284950.110   47   34 445805.970 284950.110  36.1%   197  106s
  1290   982 265665.316   73   12 408675.593 265665.316  35.0%   179  236s
  1606  1244 264076.246  123   25 291895.164 264076.246  9.53%   127  247s
  1349  1064 263557.965   64   43 291332.895 263557.949  9.53%   203  245s
   486   486 284206.397   80   21 427314.301 284206.397  33.5%   176  100s
  2169  1636 264139.121  111   14 292007.217 264139.121  9.54%  66.5  240s
   704   633 265000.437   46   11 406638.186 265000.437  34.8%  97.1  130s
  1509  1054 263479.602  134    9 406688.714 263479.602  35.2%   120  235s
   519   514 284034.195   88   26 425833.552 284034.195  33.3%   194  111s
  1521  1110 265631.085   98   20 329474.214 265631.085  19.4%  70.9  230s
  1536  1097 263815.907  151   12 406839.430 263815.907  35.2%  93.0  220s
  1308  1021 265234.643   51   16 291333.751 265234.643  8.96%  61.9  195s
  1360  1028 282981.268   60   15 424822.517 282981.268  33.4%  50.8  205s
  1033   834 265531.676   58   14 407538.273 265531.676  34.8%  87.8  175s
  1059   880 262569.894   64   47 289668.460 262569.894  9.36%   191  225s
  1627  1258 264076.246  123   11 291895.164 264076.246  9.53%   128  250s
   676   572 264911.436   63   11 289812.981 264911.436  8.59%   131  125s
  1006   839 284206.397   58   11 425822.800 284206.397  33.3%   115  178s
   824   716 264528.858   56   12 289668.459 264528.858  8.68%   128  140s
  1262  1007 265000.438  137   22 291332.895 265000.438  9.04%  74.4  210s
  1315   998 265665.316   69   12 408675.593 265665.316  35.0%   180  240s
   627   592 284833.096   42   12 447813.589 284833.096  36.4%  98.9   95s
  1239   919 265531.669   57    9 407430.907 265531.669  34.8%  67.9  200s
  1481  1123 264482.022  131   19 363321.795 264482.022  27.2%   132  235s
   872   755 282981.268   46   12 424909.571 282981.268  33.4%  90.5  167s
   862   748 265567.045   45   10 291895.247 265567.045  9.02%   108  155s
  1097   899 265567.046   96   18 291895.243 265567.046  9.02%   119  215s
  1138   872 284579.270   93   12 426366.672 284579.270  33.3%   131  190s
   535   479 284833.096   10   33 426787.922 284833.096  33.3%   184  157s
  1181   961 263746.035   72   15 406607.504 263746.035  35.1%   107  220s
   514   508 284950.110   61   46 445805.970 284950.110  36.1%   209  111s
  1403  1100 263557.949   60   34 291332.895 263557.949  9.53%   197  250s
  2239  1706 264139.121  108   14 292007.217 264139.121  9.54%  65.3  245s
  1024   851 284206.397   55    9 425822.800 284206.397  33.3%   114  180s
   521   516 284034.195  120   17 425833.552 284034.195  33.3%   193  115s
  1564  1116 263815.907  165   12 406839.430 263815.907  35.2%  91.7  225s
  1124   923 284950.110   87   14 426901.851 284950.110  33.3%  56.8  187s
   494   492 284206.397   43   68 427314.301 284206.397  33.5%   176  106s
  1555  1133 265631.085  104   16 329474.214 265631.085  19.4%  69.6  235s
   901   774 282981.268   51   12 424909.571 282981.268  33.4%  88.1  170s
  1416  1066 282981.268   64   13 424822.517 282981.268  33.4%  49.4  210s
  1363  1058 265234.643   66   10 291333.751 265234.643  8.96%  60.6  200s
   744   660 265000.437   52   15 406638.186 265000.437  34.8%  92.6  136s
   847   684 284579.270   48   13 426369.285 284579.270  33.3%   101  150s
   554   492 284833.096   17   14 426787.922 284833.096  33.3%   181  160s
  1661  1281 264076.246  124    9 291895.164 264076.246  9.53%   126  255s
  1465  1080 264570.135   58   16 407686.747 264570.135  35.1%  92.1  233s
  1300  1032 265000.438  135   12 291332.895 265000.438  9.04%  72.6  215s
   871   748 264528.858   67   20 289668.459 264528.858  8.68%   122  145s
  1144   936 284950.110   86   14 426901.851 284950.110  33.3%  56.1  190s
   679   624 284833.096   51   18 447813.589 284833.096  36.4%  92.8  100s
  1523  1149 264482.022  138   19 363321.795 264482.022  27.2%   129  240s
  1524  1064 263479.602  133   12 406688.714 263479.602  35.2%   119  243s
  1342  1016 265665.316   73   14 408675.593 265665.316  35.0%   180  245s
  1136   923 265567.046  115   17 291895.243 265567.046  9.02%   115  220s
   895   770 265567.045   44   12 291895.247 265567.045  9.02%   104  160s
  1293   955 265531.669   65   27 407430.907 265531.669  34.8%  66.1  205s
  1485  1093 264570.135   63   14 407686.747 264570.135  35.1%  91.1  235s
   717   599 264911.436   54   19 289812.981 264911.436  8.59%   125  132s
H 1069   831                    407486.87368 265531.676  34.8%  85.5  182s
   519   511 284950.110   40   13 445805.970 284950.110  36.1%   207  116s
  1222   988 263746.035   76   13 406607.504 263746.035  35.1%   104  225s
  1445  1128 263557.960   66   37 291332.895 263557.949  9.53%   193  255s
  1081   894 262569.894   65   28 289668.460 262569.894  9.36%   193  232s
  2286  1753 264139.121  119   12 292007.217 264139.121  9.54%  64.4  250s
  1078   887 284206.397   37   11 425822.800 284206.397  33.3%   110  185s
  1219   916 284579.270  109   30 426366.672 284579.270  33.3%   124  196s
   524   518 284034.195   56   15 425833.552 284034.195  33.3%   192  120s
  1538  1074 263479.602  131    9 406688.714 263479.602  35.2%   118  245s
  1630  1160 263815.907   88   14 406839.430 263815.907  35.2%  89.2  230s
   514   511 284206.397   21   13 427314.301 284206.397  33.5%   177  111s
   776   681 265000.437   59   11 406638.186 265000.437  34.8%  89.3  140s
  1602  1164 265631.085  106   18 329474.214 265631.085  19.4%  68.1  240s
   884   709 284579.270   50   13 426369.285 284579.270  33.3%  96.9  155s
  1455  1092 282981.268   80   21 424822.517 282981.268  33.4%  48.6  215s
   924   790 282981.268   59   12 424909.571 282981.268  33.4%  86.4  175s
  1086   844 265531.676   37   10 407486.874 265531.676  34.8%  84.5  185s
   571   503 284833.096   24   25 426787.922 284833.096  33.3%   180  165s
  1099   906 262569.894   64   24 289668.460 262569.894  9.36%   191  235s
   752   622 264911.436   51   13 289812.981 264911.436  8.59%   120  135s
  1710  1314 264076.246  123   75 291895.164 264076.246  9.53%   125  260s
H  785   658                    406616.78872 265000.437  34.8%  88.5  142s
   907   772 264528.858   68   26 289668.459 264528.858  8.68%   118  150s
  1337  1057 265000.438  142   12 291332.895 265000.438  9.04%  71.0  220s
  1036   603 266962.741   40  117 408184.757 265059.182  35.1%   482  255s
  1202   975 284950.110   76   14 426901.851 284950.110  33.3%  54.1  195s
   728   655 284833.096   49   12 447813.589 284833.096  36.4%  87.7  105s
  1389  1075 265234.643   68   10 291333.751 265234.643  8.96%  60.2  206s
  1568  1179 264482.022  142   17 363321.795 264482.022  27.2%   127  245s
  1357  1026 265665.316   75   27 408675.593 265665.316  35.0%   181  250s
  1347   991 265531.669   65    9 407430.907 265531.669  34.8%  64.4  210s
  1253   939 284579.270  106   12 426366.672 284579.270  33.3%   122  200s
H  516   486                    427308.61587 284206.397  33.5%   176  114s
H  586   486                    426777.77956 284833.096  33.3%   176  167s
  1261  1014 263746.035   83   13 406607.504 263746.035  35.1%   101  230s
   522   513 284950.110  119   14 445805.970 284950.110  36.1%   206  121s
   517   487 284206.397   41   76 427308.616 284206.397  33.5%   176  115s
  1159   941 284206.397   38    9 425822.800 284206.397  33.3%   104  190s
  1497  1163 263557.949   70   22 291332.895 263557.949  9.53%   188  260s
  2350  1817 264139.121  102   14 292007.217 264139.121  9.54%  63.4  255s
  1154   935 265567.046  125   23 291895.243 265567.046  9.02%   114  226s
  1602  1116 263479.602  118    9 406688.714 263479.602  35.2%   114  250s
   802   672 265000.437   64   13 406616.789 265000.437  34.8%  86.9  145s
  1535  1126 264570.135   71   14 407686.747 264570.135  35.1%  88.8  241s
  1669  1186 263815.907   82   16 406839.430 263815.907  35.2%  87.9  235s
   925   790 265567.045   49   10 291895.247 265567.045  9.02%   101  166s
  1656  1200 265631.085  103   16 329474.214 265631.085  19.4%  66.3  245s
   934   742 284579.270   57   13 426369.285 284579.270  33.3%  92.4  160s
  1437  1107 265234.643   75   12 291333.751 265234.643  8.96%  59.1  210s
   956   811 282981.268   66   14 424909.571 282981.268  33.4%  84.2  180s
  1511  1129 282981.268   66   13 424822.517 282981.268  33.4%  47.4  220s
  1146   884 265531.676   44   12 407486.874 265531.676  34.8%  81.2  190s
   598   496 284833.096   35   13 426777.780 284833.096  33.3%   172  170s
  1133   929 262569.894   66   31 289668.460 262569.894  9.36%   188  240s
  1743  1336 264076.246  127   24 291895.164 264076.246  9.53%   123  265s
   527   520 284034.195   49   14 425833.552 284034.195  33.3%   191  127s
   806   658 264911.436   58   11 289812.981 264911.436  8.59%   112  140s
  1046   610 271105.800   43   80 408184.757 265059.182  35.1%   492  260s
   952   802 264528.858   73   14 289668.459 264528.858  8.68%   113  155s
  1372  1080 265000.438  148   19 291332.895 265000.438  9.04%  69.5  225s
  1390  1048 265665.316   70   12 408675.593 265665.316  35.0%   181  255s
  1372  1008 265531.669   70    9 407430.907 265531.669  34.8%  63.7  215s
   780   690 284833.096   75   14 447813.589 284833.096  36.4%  86.3  110s
  1235   997 284950.110   78   14 426901.851 284950.110  33.3%  53.1  200s
  1618  1209 264482.022  144   26 363321.795 264482.022  27.2%   123  250s
  1309   966 284579.270  120   16 426366.672 284579.270  33.3%   120  205s
   951   808 265567.045   53   10 291895.247 265567.045  9.02%  98.7  170s
  1182   950 265567.046  139   16 291895.243 265567.046  9.02%   112  230s
  1597  1168 264570.135   80   16 407686.747 264570.135  35.1%  86.1  245s
  1305  1044 263746.035   89   15 406607.504 263746.035  35.1%  98.6  235s
  1537  1189 263557.949   71   39 291332.895 263557.949  9.53%   185  265s
H  793   669                    447803.22176 284833.096  36.4%  85.2  111s
  1240   995 284206.397   46    9 425822.800 284206.397  33.3%  98.6  195s
   528   520 284034.195  120   18 425833.552 284034.195  33.3%   190  130s
  1646  1146 263479.602  114    9 406688.714 263479.602  35.2%   112  255s
   829   690 265000.437   56   11 406616.789 265000.437  34.8%  84.5  150s
  1707  1211 263815.907   78   12 406839.430 263815.907  35.2%  86.5  240s
  2398  1865 264139.121  101   14 292007.217 264139.121  9.54%  62.7  260s
   526   516 284950.110   60   16 445805.970 284950.110  36.1%   204  127s
H 1332   950                    426363.89386 284579.270  33.3%   119  207s
  1716  1238 265631.085  103   16 329474.214 265631.085  19.4%  64.4  250s
   965   763 284579.270   63   13 426369.285 284579.270  33.3%  89.9  165s
  1508  1155 265234.643   87   10 291333.751 265234.643  8.96%  57.7  215s
H  793   643                    447789.25372 284833.096  36.4%  85.2  113s
  1208   925 265531.676   44   36 407486.874 265531.676  34.8%  78.1  195s
   642   526 284833.096   40   17 426777.780 284833.096  33.3%   161  175s
   993   836 282981.268   59   12 424909.571 282981.268  33.4%  81.8  185s
   860   694 264911.436   64   13 289812.981 264911.436  8.59%   106  145s
  1053   615 266837.019   36  127 408184.757 265059.182  35.1%   502  265s
   521   490 284206.397   24   34 427308.616 284206.397  33.5%   174  123s
  1560  1162 282981.268   75   13 424822.517 282981.268  33.4%  46.4  225s
  1776  1358 264076.246  125   24 291895.164 264076.246  9.53%   123  270s
   997   832 264528.858   80   15 289668.459 264528.858  8.68%   109  160s
  1424  1071 265665.316   75   10 408675.593 265665.316  35.0%   181  260s
  1273  1022 284950.110   82   16 426901.851 284950.110  33.3%  52.0  205s
  1446  1057 265531.669   70   13 407430.907 265531.669  34.8%  61.6  220s
  1653  1230 264482.022  143   17 363321.795 264482.022  27.2%   122  255s
   803   652 284833.096   26   14 447789.254 284833.096  36.4%  85.6  115s
  1216   972 265567.046  156   11 291895.243 265567.046  9.02%   110  235s
  1361   972 284579.270  120   12 426363.894 284579.270  33.3%   117  210s
  1659  1209 264570.135   56   16 407686.747 264570.135  35.1%  83.6  250s
   979   826 265567.045   58   10 291895.247 265567.045  9.02%  96.4  175s
  1339  1066 263746.035   93   13 406607.504 263746.035  35.1%  96.4  240s
  1159   946 262569.894   64   26 289668.460 262569.894  9.36%   185  247s
  1569  1211 263557.950   76   49 291332.895 263557.949  9.53%   183  270s
  2480  1947 264139.121   88   12 292007.217 264139.121  9.54%  61.3  265s
   528   517 284950.110   12   16 445805.970 284950.110  36.1%   203  131s
  1267  1013 284206.397   51   13 425822.800 284206.397  33.3%  97.2  200s
   876   721 265000.437   51   11 406616.789 265000.437  34.8%  80.7  155s
   522   490 284206.397   22   70 427308.616 284206.397  33.5%   174  126s
  1739  1232 263815.907   97   12 406839.430 263815.907  35.2%  85.3  245s
  1698  1180 263479.602  120   15 406688.714 263479.602  35.2%   109  260s
H  819   637                    447789.00577 284833.096  36.4%  84.4  117s
H  819   614                    447783.46528 284833.096  36.4%  84.4  117s
  1398  1097 265000.438  149   19 291332.895 265000.438  9.04%  68.4  233s
  1776  1278 265631.085  101   14 329474.214 265631.085  19.4%  62.7  255s
   995   783 284579.270   69   13 426369.285 284579.270  33.3%  87.8  170s
H  819   593                    447777.67684 284833.096  36.4%  84.4  118s
  1593  1184 282981.268   69   21 424822.517 282981.268  33.4%  45.8  230s
H 1384   960                    426357.64603 284579.270  33.3%   115  213s
   995   837 282981.268   58   14 424909.571 282981.268  33.4%  81.7  190s
   681   552 284833.096   42   15 426777.780 284833.096  33.3%   152  180s
  1262   961 265531.676   42   12 407486.874 265531.676  34.8%  75.6  200s
  1551  1183 265234.643   94   12 291333.751 265234.643  8.96%  56.7  220s
  1815  1384 264076.246  128    9 291895.164 264076.246  9.53%   121  275s
   532   523 284034.195   71   14 425833.552 284034.195  33.3%   189  137s
  1173   956 262569.894   71   29 289668.460 262569.894  9.36%   183  250s
H  522   465                    427238.45446 284206.397  33.5%   174  127s
   917   732 264911.436   76   18 289812.981 264911.436  8.59%   101  150s
  1068   625 265059.182   15   64 408184.757 265059.182  35.1%   511  270s
  1413  1107 265000.438  152   14 291332.895 265000.438  9.04%  67.8  235s
  1330  1060 284950.110   91   16 426901.851 284950.110  33.3%  50.5  210s
  1537  1118 265531.669   70    9 407430.907 265531.669  34.8%  59.3  225s
  1050   863 264528.858   88   12 289668.459 264528.858  8.68%   104  165s
  1443  1084 265665.316   69   12 408675.593 265665.316  35.0%   181  265s
  1701  1262 264482.022  140   17 363321.795 264482.022  27.2%   120  260s
  1256   999 265567.046  163   23 291895.243 265567.046  9.02%   107  240s
  1004   843 265567.045   62   10 291895.247 265567.045  9.02%  94.6  180s
   530   518 284950.110   84   12 445805.970 284950.110  36.1%   202  135s
  1426   988 284579.270  116    8 426357.646 284579.270  33.3%   115  215s
   830   602 284833.096   63   22 447777.677 284833.096  36.4%  83.5  120s
  1715  1246 264570.135   58   14 407686.747 264570.135  35.1%  81.5  255s
  1328  1054 284206.397   46    9 425822.800 284206.397  33.3%  93.9  205s
  1646  1262 263557.949   85   13 291332.895 263557.949  9.53%   175  275s
  1365  1084 263746.035   97   15 406607.504 263746.035  35.1%  94.8  245s
  1762  1225 263479.602  128   14 406688.714 263479.602  35.2%   105  265s
   524   467 284206.397   50   22 427238.454 284206.397  33.5%   173  131s
  2521  1988 264139.121   93   14 292007.217 264139.121  9.54%  60.6  271s
  1779  1259 263815.907   85   16 406839.430 263815.907  35.2%  83.8  250s
  1841  1319 265631.085  101   16 329474.214 265631.085  19.4%  60.9  260s
   893   732 265000.437   55   11 406616.789 265000.437  34.8%  79.4  160s
  1591  1210 265234.643  101   10 291333.751 265234.643  8.96%  56.0  225s
  1315   997 265531.676   51   12 407486.874 265531.676  34.8%  73.5  205s
   723   580 284833.096   41   13 426777.780 284833.096  33.3%   144  185s
  1196   971 262569.894  120   33 289668.460 262569.894  9.36%   180  255s
   534   524 284034.195   63   14 425833.552 284034.195  33.3%   188  142s
  1857  1412 264076.246  124   11 291895.164 264076.246  9.53%   123  280s
  1047   872 282981.268   68   14 424909.571 282981.268  33.4%  78.5  195s
  1087   637 265059.182   16   51 408184.757 265059.182  35.1%   512  275s
   954   757 264911.436   82   11 289812.981 264911.436  8.59%  97.1  155s
H  531   492                    445759.79809 284950.110  36.1%   202  139s
  1034   809 284579.270   76   13 426369.285 284579.270  33.3%  85.1  176s
  1451  1133 265000.438  153   12 291332.895 265000.438  9.04%  66.3  240s
  1474  1104 265665.316   74   51 408675.593 265665.316  35.0%   180  270s
  1372  1088 284950.110   98   36 426901.851 284950.110  33.3%  50.7  215s
  1609  1166 265531.669   62    9 407430.907 265531.669  34.8%  57.8  230s
   845   612 284833.096   47   16 447777.677 284833.096  36.4%  82.3  125s
H  535   498                    425826.33531 284034.195  33.3%   188  143s
  1737  1286 264482.022  134   19 363321.795 264482.022  27.2%   119  265s
  1293  1020 265567.046  172   15 291895.243 265567.046  9.02%   104  245s
  1048   872 265567.045   67   10 291895.247 265567.045  9.02%  91.6  185s
  1777  1288 264570.135   67   16 407686.747 264570.135  35.1%  79.3  260s
   533   493 284950.110   78   32 445759.798 284950.110  36.1%   201  140s
  1393  1102 263746.035   91   26 406607.504 263746.035  35.1%  93.2  250s
  1383  1091 284206.397   53    9 425822.800 284206.397  33.3%  91.5  210s
   550   510 284034.195   15   19 425826.335 284034.195  33.3%   237  145s
  2560  2027 264139.121  106   12 292007.217 264139.121  9.54%  60.0  275s
  1723  1313 263557.949  101    9 291332.895 263557.949  9.53%   168  280s
  1453  1006 284579.270  121    9 426357.646 284579.270  33.3%   113  221s
  1811  1274 263479.602  134   16 406688.714 263479.602  35.2%   103  270s
  1809  1279 263815.907   95   14 406839.430 263815.907  35.2%  82.8  255s
   527   469 284206.397   82   83 427238.454 284206.397  33.5%   172  136s
  1892  1353 265631.085   85   16 329474.214 265631.085  19.4%  59.5  265s
H  871   602                    446179.79604 284833.096  36.2%  80.3  127s
  1619  1201 282981.268   70   13 424822.517 282981.268  33.4%  45.3  239s
  1651  1250 265234.643  100   10 291333.751 265234.643  8.96%  55.0  230s
  1107   912 282981.268   49   14 424909.571 282981.268  33.4%  75.2  200s
  1622  1203 282981.268   71   21 424822.517 282981.268  33.4%  45.3  240s
  1048   818 284579.270   78   15 426369.285 284579.270  33.3%  84.3  180s
  1228   990 262569.894   61   22 289668.460 262569.894  9.36%   177  260s
  1906  1444 264076.246  127   14 291895.164 264076.246  9.53%   121  285s
  1371  1034 265531.676   48   12 407486.874 265531.676  34.8%  71.2  210s
   932   758 265000.437   62   13 406616.789 265000.437  34.8%  76.6  166s
  1109   902 264528.858   92   18 289668.459 264528.858  8.68%   100  174s
  1043   816 264911.436   98   13 289812.981 264911.436  8.59%  90.1  160s
  1110   653 265059.182   19   67 408184.757 265059.182  35.1%   514  280s
  1118   908 264528.858   93   12 289668.459 264528.858  8.68%  98.8  175s
  1485  1155 265000.438  148   12 291332.895 265000.438  9.04%  65.1  245s
  1412  1115 284950.110  101   14 426901.851 284950.110  33.3%  54.8  220s
  1671  1207 265531.669   40    9 407430.907 265531.669  34.8%  56.5  235s
  1783  1317 264482.022  124   17 363321.795 264482.022  27.2%   117  270s
   535   495 284950.110   17   21 445759.798 284950.110  36.1%   201  145s
   742   592 284833.096   43   13 426777.780 284833.096  33.3%   141  191s
   882   612 284833.096   65   12 446179.796 284833.096  36.2%  79.5  130s
  1308  1030 265567.046  174   13 291895.243 265567.046  9.02%   103  250s
  1462  1012 284579.270  123   11 426357.646 284579.270  33.3%   113  225s
  1426  1124 263746.035   97   24 406607.504 263746.035  35.1%  91.5  255s
  1479  1108 265665.316   73   12 408675.593 265665.316  35.0%   179  276s
  1847  1334 264570.135   67   16 407686.747 264570.135  35.1%  77.1  265s
  1777  1349 263557.949  108    9 291332.895 263557.949  9.53%   164  285s
   585   533 284034.195   23   58 425826.335 284034.195  33.3%   232  150s
  2644  2111 264139.121   78   12 292007.217 264139.121  9.54%  58.9  280s
H  588   508                    425819.11906 284034.195  33.3%   231  150s
   977   788 265000.437   60   11 406616.789 265000.437  34.8%  73.7  170s
  1858  1323 263815.907  107   14 406839.430 263815.907  35.2%  81.2  260s
   529   470 284206.397   43   27 427238.454 284206.397  33.5%   172  141s
  1928  1384 265631.085   77   15 329474.214 265631.085  19.4%  58.8  270s
  1104   855 284579.270   57   13 426369.285 284579.270  33.3%  81.0  185s
  1699  1282 265234.643   75    8 291333.751 265234.643  8.96%  54.4  235s
  1860  1323 263479.602  137   14 406688.714 263479.602  35.2%   100  276s
  1081   894 265567.045   59   12 291895.247 265567.045  9.02%  89.4  192s
  1141   934 282981.268   46   12 424909.571 282981.268  33.4%  73.4  205s
  1692  1250 282981.268   73   15 424822.517 282981.268  33.4%  44.1  245s
   769   610 284833.096   44   25 426777.780 284833.096  33.3%   136  195s
  1410  1109 284206.397   50   14 425822.800 284206.397  33.3%  90.3  217s
  1120   868 264911.436  106   11 289812.981 264911.436  8.59%  84.9  165s
  1425  1070 265531.676   47   16 407486.874 265531.676  34.8%  69.2  215s
  1132   667 266166.883   22  166 408184.757 265059.182  35.1%   517  285s
  1185   947 264528.858   90   16 289668.459 264528.858  8.68%  94.3  180s
  1526  1183 265000.438  147   12 291332.895 265000.438  9.04%  63.7  250s
  1501  1122 265665.316   77   32 408675.593 265665.316  35.0%   178  280s
  1424  1123 284950.110   96   16 426901.851 284950.110  33.3%  56.6  225s
   540   500 284950.110   11   37 445759.798 284950.110  36.1%   254  150s
  1824  1344 264483.360  117   42 363321.795 264482.022  27.2%   116  275s
  1535  1061 284579.270  133    9 426357.646 284579.270  33.3%   108  230s
  1103   909 265567.045   56   10 291895.247 265567.045  9.02%  88.0  195s
  1237   996 262569.894   66   24 289668.460 262569.894  9.36%   176  266s
  1347  1046 265567.046  192   21 291895.243 265567.046  9.02%   101  255s
   938   643 284833.096   65   12 446179.796 284833.096  36.2%  77.8  135s
  1465  1150 263746.035   90   26 406607.504 263746.035  35.1%  89.5  260s
  1952  1475 264076.246  129   13 291895.164 264076.246  9.53%   119  292s
  1449  1135 284206.397   51    9 425822.800 284206.397  33.3%  88.7  220s
  1886  1360 264570.135   75   16 407686.747 264570.135  35.1%  75.9  270s
   627   536 284034.195   34   25 425819.119 284034.195  33.3%   219  155s
  2701  2168 264139.121   89   14 292007.217 264139.121  9.54%  58.1  285s
   532   472 284206.397   77   14 427238.454 284206.397  33.5%   171  146s
  1891  1354 263479.602  141   16 406688.714 263479.602  35.2%  99.1  280s
  1903  1368 263815.907  118   18 406839.430 263815.907  35.2%  79.6  265s
H  950   629                    445902.32760 284833.096  36.1%  76.9  137s
  1848  1397 263557.949  112   11 291332.895 263557.949  9.53%   159  291s
  1997  1453 265631.085   62   18 329474.214 265631.085  19.4%  57.6  275s
  1141   880 284579.270   54   13 426369.285 284579.270  33.3%  78.8  190s
  1211   981 282981.268   66   12 424909.571 282981.268  33.4%  70.2  210s
  1726  1272 282981.268   62   17 424822.517 282981.268  33.4%  43.6  250s
H 1697  1200                    407430.90657 265531.669  34.8%  55.9  243s
  1491  1114 265531.676   52   10 407486.874 265531.676  34.8%  67.4  220s
  1978  1492 264076.246  129   14 291895.164 264076.246  9.53%   118  295s
H  794   602                    426511.14284 284833.096  33.2%   132  200s
  1262  1013 262569.894   78   30 289668.460 262569.894  9.36%   174  270s
  1171   902 264911.436   83   11 289812.981 264911.436  8.59%  81.8  170s
  1737  1307 265234.643   80   10 291333.751 265234.643  8.96%  54.0  240s
  1154   682 265059.182   26   60 408184.757 265059.182  35.1%   520  290s
  1010   810 265000.437   64   11 406616.789 265000.437  34.8%  71.7  177s
H  644   522                    425815.34264 284034.195  33.3%   214  158s
  1255   984 264528.858   81   12 289668.459 264528.858  8.68%  90.0  185s
  1551  1199 265000.438  150   12 291332.895 265000.438  9.04%  62.9  255s
  1535  1145 265665.316   75   22 408675.593 265665.316  35.0%   176  285s
  1466  1151 284950.110  101   14 426901.851 284950.110  33.3%  59.3  230s
H  804   588                    426485.86806 284833.096  33.2%   131  201s
  1699  1203 265531.669   49    9 407430.907 265531.669  34.8%  55.9  245s
   972   644 284833.096   82   12 445902.328 284833.096  36.1%  75.6  140s
   575   523 284950.110   29   25 445759.798 284950.110  36.1%   244  155s
  1850  1361 264482.022  112   17 363321.795 264482.022  27.2%   115  280s
  1571  1085 284579.270  133   17 426357.646 284579.270  33.3%   106  235s
  1377  1064 265567.046   78   22 291895.243 265567.046  9.02%  99.0  260s
  1162   948 265567.045   48   10 291895.247 265567.045  9.02%  84.2  200s
H  976   626                    444526.52560 284833.096  35.9%  75.4  140s
H  976   608                    444450.70127 284833.096  35.9%  75.4  140s
  1943  1398 264570.135   82   13 407686.747 264570.135  35.1%  74.2  275s
H  976   591                    444393.71315 284833.096  35.9%  75.4  140s
  1499  1168 284206.397   59    9 425822.800 284206.397  33.3%  86.9  225s
  1899  1431 263557.949  110   15 291332.895 263557.949  9.53%   156  295s
   661   535 284034.195   21   19 425815.343 284034.195  33.3%   209  160s
  1507  1178 263746.035   89   13 406607.504 263746.035  35.1%  87.5  265s
  2776  2243 264139.121   99   12 292007.217 264139.121  9.54%  57.0  290s
H  976   575                    444368.43838 284833.096  35.9%  75.4  141s
  1934  1397 263479.602  142   14 406688.714 263479.602  35.2%  97.3  285s
  1047   835 265000.437   68   17 406616.789 265000.437  34.8%  69.6  180s
   535   474 284206.397   14    9 427238.454 284206.397  33.5%   170  151s
  2033  1489 265631.085   63   18 329474.214 265631.085  19.4%  57.0  280s
  1193   915 284579.270   52   13 426369.285 284579.270  33.3%  75.7  195s
H  979   562                    444343.16360 284833.096  35.9%  75.2  143s
  1783  1338 265234.643   82    8 291333.751 265234.643  8.96%  53.5  245s
  1919  1384 263815.907  126   18 406839.430 263815.907  35.2%  79.1  271s
   829   606 284833.096   61   11 426485.868 284833.096  33.2%   127  205s
  2024  1523 264076.246  125   11 291895.164 264076.246  9.53%   118  300s
  1168   690 265059.186   26   65 408184.757 265059.182  35.1%   522  295s
  1310  1045 262569.894  102   28 289668.460 262569.894  9.36%   169  275s
  1228   940 264911.436   90   22 289812.981 264911.436  8.59%  78.7  175s
  1560  1160 265531.676   44   10 407486.874 265531.676  34.8%  65.3  225s
  1776  1306 282981.268   66   15 424822.517 282981.268  33.4%  42.8  255s
  1584  1221 265000.438  151   19 291332.895 265000.438  9.04%  61.9  260s
  1568  1167 265665.316   75   10 408675.593 265665.316  35.0%   173  290s
H  692   531                    425797.47032 284034.195  33.3%   200  163s
  1759  1243 265531.669   55    9 407430.907 265531.669  34.8%  54.8  250s
  1012   586 284833.096  102   20 444343.164 284833.096  35.9%  74.8  145s
  1885  1385 264482.022  103   21 363321.795 264482.022  27.2%   116  285s
   627   554 284950.110   48    9 445759.798 284950.110  36.1%   225  160s
  1505  1177 284950.110  105   16 426901.851 284950.110  33.3%  61.0  235s
  1642  1132 284579.270  125   15 426357.646 284579.270  33.3%   103  240s
  1228   992 265567.045   43   10 291895.247 265567.045  9.02%  80.4  205s
  1413  1086 265567.046   72   29 291895.243 265567.046  9.02%  98.1  265s
  1988  1428 264570.135   82   16 407686.747 264570.135  35.1%  72.9  280s
   561   493 284206.397   22   15 427238.454 284206.397  33.5%   216  155s
  1970  1478 263557.949  119   15 291332.895 263557.949  9.53%   151  300s
  1564  1211 284206.397   68    9 425822.800 284206.397  33.3%  84.7  230s
   709   544 284034.195   48   12 425797.470 284034.195  33.3%   196  165s
  1302  1013 264528.858  100   14 289668.459 264528.858  8.68%  87.5  192s
  1545  1204 263746.035   94   15 406607.504 263746.035  35.1%  85.8  270s
  1226   991 282981.268   68   14 424909.571 282981.268  33.4%  69.5  218s
  1962  1427 263815.907  147   12 406839.430 263815.907  35.2%  77.7  275s
  2841  2308 264139.121  107   12 292007.217 264139.121  9.54%  56.2  295s
  1082   858 265000.437   59   11 406616.789 265000.437  34.8%  67.8  185s
H 1028   579                    426508.76165 284833.096  33.2%  73.8  147s
H  718   526                    425726.80512 284034.195  33.3%   194  166s
  2081  1537 265631.085   69   16 329474.214 265631.085  19.4%  56.1  285s
  1229   939 284579.270   56   13 426369.285 284579.270  33.3%  73.9  200s
  1239  1000 282981.268   47   16 424909.571 282981.268  33.4%  69.0  220s
  1813  1330 282981.268   65   13 424822.517 282981.268  33.4%  42.3  260s
  1821  1363 265234.643   92    8 291333.751 265234.643  8.96%  53.3  250s
   846   618 284833.096   46   27 426485.868 284833.096  33.2%   125  210s
  2066  1551 264076.246  109   11 291895.164 264076.246  9.53%   120  305s
  1329  1058 262569.894   58   30 289668.460 262569.894  9.36%   168  280s
  1975  1438 263479.602  146   11 406688.714 263479.602  35.2%  95.6  292s
  1192   706 265059.185   25   58 408184.757 265059.182  35.1%   525  300s
  1339  1038 264528.858   92   16 289668.459 264528.858  8.68%  85.4  195s
  1609  1194 265665.316   53   12 408675.593 265665.316  35.0%   174  295s
  1618  1244 265000.438  140   12 291332.895 265000.438  9.04%  60.8  265s
  1539  1200 284950.110  111   29 426901.851 284950.110  33.3%  63.0  240s
  1799  1270 265531.669   60    9 407430.907 265531.669  34.8%  54.2  255s
  1941  1422 264482.022  109   17 363321.795 264482.022  27.2%   116  290s
  1615  1197 265531.676   42   36 407486.874 265531.676  34.8%  63.8  231s
  1452  1112 265567.046   72   19 291895.243 265567.046  9.02%  96.9  270s
  1668  1149 284579.270  146   13 426357.646 284579.270  33.3%   102  245s
  1275  1024 265567.045   51   18 291895.247 265567.045  9.02%  78.0  210s
   607   524 284206.397   45   10 427238.454 284206.397  33.5%   202  160s
   688   575 284950.110   68    9 445759.798 284950.110  36.1%   206  166s
  1267   966 264911.436   96   15 289812.981 264911.436  8.59%  76.7  182s
  1588  1232 263746.035   82   26 406607.504 263746.035  35.1%  83.9  275s
   752   551 284034.195   58   14 425726.805 284034.195  33.3%   185  170s
  2050  1531 263557.949  117    9 291332.895 263557.949  9.53%   146  305s
  2048  1474 264570.135   86   14 407686.747 264570.135  35.1%  71.4  285s
  1645  1265 284206.397   42    9 425822.800 284206.397  33.3%  82.1  235s
  2884  2351 264139.121  114   12 292007.217 264139.121  9.54%  55.6  300s
  2020  1483 263479.602  145    9 406688.714 263479.602  35.2%  93.9  295s
  1133   892 265000.437   63   11 406616.789 265000.437  34.8%  65.4  190s
  1995  1460 263815.907  120   12 406839.430 263815.907  35.2%  77.0  280s
  2129  1585 265631.085   74   24 329474.214 265631.085  19.4%  55.4  290s
  1255   956 284579.270   62   13 426369.285 284579.270  33.3%  72.7  205s
  1295  1037 282981.268   56   12 424909.571 282981.268  33.4%  66.6  225s
  1875  1399 265234.643  101    8 291333.751 265234.643  8.96%  52.4  255s
H 1028   565                    426507.93544 284833.096  33.2%  73.8  153s
  1652  1221 265531.676   51   12 407486.874 265531.676  34.8%  62.9  235s
  1847  1353 282981.268   68   13 424822.517 282981.268  33.4%  41.9  265s
  2109  1580 264076.246  115   13 291895.164 264076.246  9.53%   118  310s
  1366  1082 262569.894   54   27 289668.460 262569.894  9.36%   165  285s
H 1039   559                    426505.60100 284833.096  33.2%  73.1  154s
  1312   996 264911.436   90   13 289812.981 264911.436  8.59%  74.7  185s
  1209   718 265059.182   26   32 408184.757 265059.182  35.1%   526  305s
  1430  1092 264528.858   90   16 289668.459 264528.858  8.68%  80.9  200s
  1657  1270 265000.438  135   18 291332.895 265000.438  9.04%  59.6  270s
  1629  1208 265665.316   64   14 408675.593 265665.316  35.0%   174  300s
   872   635 284833.096   52   11 426485.868 284833.096  33.2%   122  216s
  1046   566 284833.096  119   16 426505.601 284833.096  33.2%  72.8  155s
   731   603 284950.110   25    9 445759.798 284950.110  36.1%   195  170s
  1969  1439 264482.022  114   19 363321.795 264482.022  27.2%   115  295s
  1860  1325 265531.669   70   13 407430.907 265531.669  34.8%  53.3  260s
  1480  1130 265567.046   70   20 291895.243 265567.046  9.02%  95.5  275s
H  640   520                    427228.34347 284206.397  33.5%   196  164s
  1706  1175 284579.270  151   13 426357.646 284579.270  33.3%   100  250s
  1318  1052 265567.045   57   10 291895.247 265567.045  9.02%  76.2  215s
  2099  1525 264570.135   93   37 407686.747 264570.135  35.1%  70.1  290s
H  644   500                    427057.73304 284206.397  33.5%   195  164s
  1639  1266 263746.035   66   15 406607.504 263746.035  35.1%  81.8  280s
  1714  1311 284206.397   48    9 425822.800 284206.397  33.3%  79.8  240s
  2123  1581 263557.949  112    9 291332.895 263557.949  9.53%   142  310s
   797   581 284034.195   58   12 425726.805 284034.195  33.3%   176  175s
   644   502 284206.397   63   21 427057.733 284206.397  33.5%   195  165s
  2938  2405 264139.121  121   14 292007.217 264139.121  9.54%  54.9  305s
  2049  1514 263815.907  147   12 406839.430 263815.907  35.2%  75.4  285s
H 1161   884                    406531.50859 265000.437  34.8%  64.1  195s
  1288   978 284579.270   66   13 426369.285 284579.270  33.3%  71.3  210s
  2174  1630 265631.085   82   18 329474.214 265631.085  19.4%  54.6  295s
  1925  1433 265234.643  108    8 291333.751 265234.643  8.96%  51.8  260s
  1573  1222 284950.110  113   36 426901.851 284950.110  33.3%  66.0  248s
  1356  1078 282981.268   67   14 424909.571 282981.268  33.4%  64.3  230s
  1885  1378 282981.268   70   22 424822.517 282981.268  33.4%  41.4  270s
   886   644 284833.096   47   19 426485.868 284833.096  33.2%   120  220s
  2158  1626 264076.246  120   11 291895.164 264076.246  9.53%   118  315s
H  772   604                    445621.28128 284950.110  36.1%   186  173s
  1393  1050 264911.436   97   13 289812.981 264911.436  8.59%  71.1  190s
  1229   730 265059.182   29   72 408184.757 265059.182  35.1%   531  310s
  1722  1268 265531.676   38   12 407486.874 265531.676  34.8%  61.2  240s
  1495  1136 264528.858   99   14 289668.459 264528.858  8.68%  78.3  205s
  1666  1232 265665.316   66   12 408675.593 265665.316  35.0%   173  305s
  2047  1508 263479.602  150    9 406688.714 263479.602  35.2%  92.8  302s
  1703  1301 265000.438  134   14 291332.895 265000.438  9.04%  58.4  275s
  1590  1234 284950.110  107   16 426901.851 284950.110  33.3%  67.1  250s
  1371  1086 262569.894   53   23 289668.460 262569.894  9.36%   164  290s
  1921  1386 265531.669   79   32 407430.907 265531.669  34.8%  52.4  265s
  1105   603 284833.096  146   15 426505.601 284833.096  33.2%  69.9  160s
  2005  1463 264482.022  118   19 363321.795 264482.022  27.2%   114  300s
   781   612 284950.110   35    9 445621.281 284950.110  36.1%   184  175s
  1516  1154 265567.046   71   51 291895.243 265567.046  9.02%  96.6  280s
  1373  1089 265567.045   61   10 291895.247 265567.045  9.02%  74.2  220s
  2133  1559 264570.135   84   14 407686.747 264570.135  35.1%  69.3  295s
   689   532 284206.397   86   35 427057.733 284206.397  33.5%   186  170s
  1714  1180 284579.270  151    9 426357.646 284579.270  33.3%  99.5  255s
  1679  1293 263746.035   67   13 406607.504 263746.035  35.1%  80.2  285s
  1757  1340 284206.397   35    9 425822.800 284206.397  33.3%  78.4  245s
  2190  1648 263557.949  119   18 291332.895 263557.949  9.53%   139  315s
  2965  2432 264139.121  124   18 292007.217 264139.121  9.54%  54.6  310s
  2061  1522 263479.602  151    9 406688.714 263479.602  35.2%  92.3  305s
  1164   888 265000.437   64   17 406531.509 265000.437  34.8%  64.0  200s
  2080  1545 263815.907  163   24 406839.430 263815.907  35.2%  74.5  290s
   822   597 284034.195   63   12 425726.805 284034.195  33.3%   172  181s
  2228  1684 265631.085   89   18 329474.214 265631.085  19.4%  53.9  300s
  1343  1015 284579.270   76   13 426369.285 284579.270  33.3%  69.2  215s
  1966  1460 265234.643  113   12 291333.751 265234.643  8.96%  51.6  265s
  1932  1410 282981.268   79   21 424822.517 282981.268  33.4%  40.8  275s
  1771  1301 265531.676   49   14 407486.874 265531.676  34.8%  60.3  245s
  1398  1104 262569.894   66   28 289668.460 262569.894  9.36%   162  295s
  1425  1124 282981.268   73   14 424909.571 282981.268  33.4%  62.1  235s
  1451  1088 264911.436  101   26 289812.981 264911.436  8.59%  68.8  195s
  1570  1186 264528.858  103   18 289668.459 264528.858  8.68%  75.5  210s
  1242   739 265059.182   31   23 408184.757 265059.182  35.1%   534  315s
  1706  1259 265665.316   63   12 408675.593 265665.316  35.0%   170  310s
  1733  1321 265000.438  138   12 291332.895 265000.438  9.04%  57.7  280s
  1634  1263 284950.110   99   14 426901.851 284950.110  33.3%  68.4  255s
  1984  1449 265531.669   77   11 407430.907 265531.669  34.8%  51.6  270s
  2167  1635 264076.246  116   13 291895.164 264076.246  9.53%   118  321s
  1172   646 284833.096  159   17 426505.601 284833.096  33.2%  67.5  165s
  2053  1499 264482.022  139   17 363321.795 264482.022  27.2%   112  305s
   789   617 284950.110   36   15 445621.281 284950.110  36.1%   182  180s
   924   670 284833.096   67   21 426485.868 284833.096  33.2%   116  226s
  1537  1168 265567.046   70   23 291895.243 265567.046  9.02%  98.2  285s
  1426  1124 265567.045   63   14 291895.247 265567.045  9.02%  72.4  225s
  2199  1625 264570.135   97   16 407686.747 264570.135  35.1%  67.7  300s
  1718  1319 263746.035   68   13 406607.504 263746.035  35.1%  78.8  290s
  1760  1211 284579.270  156    9 426357.646 284579.270  33.3%  97.3  260s
  2252  1710 263557.949  101   13 291332.895 263557.949  9.53%   136  320s
   849   615 284034.195   67   12 425726.805 284034.195  33.3%   167  185s
  1207   917 265000.437   74   13 406531.509 265000.437  34.8%  62.2  205s
  2120  1581 263479.602  160    9 406688.714 263479.602  35.2%  90.3  310s
  3073  2540 264139.121  118   14 292007.217 264139.121  9.54%  53.4  315s
  2113  1578 263815.907  105   12 406839.430 263815.907  35.2%  74.0  295s
H 1545  1145                    291895.24139 265567.046  9.02%  98.7  287s
  2293  1749 265631.085   96   16 329474.214 265631.085  19.4%  52.8  305s
H 1545  1119                    291895.24121 265567.046  9.02%  98.7  287s
  1465  1150 282981.268   59   12 424909.571 282981.268  33.4%  60.8  240s
  1985  1453 282981.268   79   15 424822.517 282981.268  33.4%  40.2  280s
H 1264   729                    408184.75660 265059.182  35.1%   542  319s
  1847  1351 265531.676   47   12 407486.874 265531.676  34.8%  58.5  250s
  2201  1669 264076.246  112   11 291895.164 264076.246  9.53%   118  325s
   939   680 284833.096   70   17 426485.868 284833.096  33.2%   114  230s
  1451  1139 262569.894   80   18 289668.460 262569.894  9.36%   157  300s
  2010  1489 265234.643  115   10 291333.751 265234.643  8.96%  51.1  270s
  1812  1377 284206.397   43    9 425822.800 284206.397  33.3%  76.7  252s
  1508  1126 264911.436   97   24 289812.981 264911.436  8.59%  66.8  200s
  1636  1226 264528.858   93   14 289668.459 264528.858  8.68%  73.2  215s
   718   551 284206.397   21   18 427057.733 284206.397  33.5%   184  178s
  1765  1342 265000.438  134   12 291332.895 265000.438  9.04%  56.9  285s
  1670  1287 284950.110   85   14 426901.851 284950.110  33.3%  67.2  260s
H 1264   714                    408184.27306 265059.182  35.1%   542  320s
  1220   674 284833.096   33   14 426505.601 284833.096  33.2%  66.8  170s
  2049  1514 265531.669   74    9 407430.907 265531.669  34.8%  50.6  275s
  2087  1533 264482.022  145   19 363321.795 264482.022  27.2%   111  310s
  1746  1286 265665.316   69   46 408675.593 265665.316  35.0%   169  315s
   841   646 284950.110   36    9 445621.281 284950.110  36.1%   172  185s
  1800  1237 284579.270  165   13 426357.646 284579.270  33.3%  95.6  265s
  1560  1131 265567.046   78   16 291895.241 265567.046  9.02%  97.9  290s
  1486  1164 265567.045   62   10 291895.247 265567.045  9.02%  70.7  230s
  2256  1682 264570.135   71   14 407686.747 264570.135  35.1%  66.5  305s
   738   562 284206.397   15   12 427057.733 284206.397  33.5%   182  180s
  1841  1396 284206.397   48   11 425822.800 284206.397  33.3%  75.9  255s
  2322  1780 263557.949  114   11 291332.895 263557.949  9.53%   133  325s
   882   637 284034.195   74   12 425726.805 284034.195  33.3%   161  190s
  1400  1053 284579.270   76   17 426369.285 284579.270  33.3%  67.1  223s
  3148  2615 264139.121  111   12 292007.217 264139.121  9.54%  52.6  320s
  1738  1332 263746.035   75   13 406607.504 263746.035  35.1%  78.1  295s
  2182  1643 263479.602  169   23 406688.714 263479.602  35.2%  88.5  315s
  1249   945 265000.437   75   15 406531.509 265000.437  34.8%  60.6  210s
H 2184  1643                    406077.67514 263479.602  35.1%  88.4  315s
  2153  1618 263815.907  114   19 406839.430 263815.907  35.2%  73.0  300s
  2360  1816 265631.085  106   14 329474.214 265631.085  19.4%  51.7  310s
  1423  1068 284579.270   81   13 426369.285 284579.270  33.3%  66.2  225s
  2064  1525 265234.643  118    8 291333.751 265234.643  8.96%  50.3  275s
  1524  1190 282981.268   66   12 424909.571 282981.268  33.4%  59.1  245s
  1906  1391 265531.676   56   10 407486.874 265531.676  34.8%  57.4  255s
  2249  1717 264076.246  111   11 291895.164 264076.246  9.53%   117  330s
  1502  1173 262569.894   61   22 289668.460 262569.894  9.36%   153  305s
   976   704 284833.096   76   13 426485.868 284833.096  33.2%   111  235s
  2019  1487 282981.268   70   22 424822.517 282981.268  33.4%  39.9  286s
  1675  1250 264528.858   95   12 289668.459 264528.858  8.68%  71.9  220s
  1806  1369 265000.438  149   12 291332.895 265000.438  9.04%  55.9  290s
H 1533  1167                    424909.48984 282981.268  33.4%  58.8  246s
  1699  1306 284950.110   83   14 426901.851 284950.110  33.3%  66.3  265s
  2094  1559 265531.669   64   13 407430.907 265531.669  34.8%  50.2  280s
  1258   701 284833.096   52   28 426505.601 284833.096  33.2%  67.1  175s
  1600  1157 265567.046   88   12 291895.241 265567.046  9.02%  95.8  295s
  1545  1204 265567.045   69   12 291895.247 265567.045  9.02%  69.1  235s
  2321  1747 264570.135   81   14 407686.747 264570.135  35.1%  65.2  310s
  1770  1302 265665.316   70   12 408675.593 265665.316  35.0%   168  321s
  1857  1275 284579.270  168   15 426357.646 284579.270  33.3%  93.2  270s
  1778  1359 263746.035   81   28 406607.504 263746.035  35.1%  76.8  300s
  1922  1450 284206.397   62   13 425822.800 284206.397  33.3%  73.8  260s
  2388  1846 263557.949  138   18 291332.895 263557.949  9.53%   131  330s
  1562  1162 264911.436   86   11 289812.981 264911.436  8.59%  65.0  207s
  3191  2658 264139.121  115   12 292007.217 264139.121  9.54%  52.2  325s
   876   663 284950.110   42    9 445621.281 284950.110  36.1%   166  191s
  1308   984 265000.437   84   11 406531.509 265000.437  34.8%  58.4  215s
  2190  1655 263815.907  132   12 406839.430 263815.907  35.2%  72.0  305s
   900   649 284034.195   70   12 425726.805 284034.195  33.3%   158  195s
  2131  1577 264482.022  150   19 363321.795 264482.022  27.2%   111  317s
  2238  1699 263479.602  161   23 406077.675 263479.602  35.1%  87.0  320s
  2412  1868 265631.085  112   12 329474.214 265631.085  19.4%  50.9  315s
  1477  1104 284579.270   82   13 426369.285 284579.270  33.3%  64.5  230s
  2123  1573 265234.643  133    6 291333.751 265234.643  8.96%  49.7  280s
   796   601 284206.397   72   18 427057.733 284206.397  33.5%   171  187s
  1560  1187 282981.268   57   18 424909.490 282981.268  33.4%  58.1  250s
  2049  1517 282981.268   78   22 424822.517 282981.268  33.4%  39.5  290s
  1960  1428 265531.676   51   14 407486.874 265531.676  34.8%  56.9  260s
  1546  1202 262569.894   69   33 289668.460 262569.894  9.36%   149  310s
  2282  1750 264076.246  114   11 291895.164 264076.246  9.53%   118  335s
  1610  1194 264911.436   85   11 289812.981 264911.436  8.59%  63.4  210s
  1739  1292 264528.858  101   26 289668.459 264528.858  8.68%  69.9  225s
  1784  1311 265665.316   71   12 408675.593 265665.316  35.0%   168  325s
  1843  1394 265000.438  143   12 291332.895 265000.438  9.04%  55.1  295s
  1747  1338 284950.110   77   14 426901.851 284950.110  33.3%  65.0  270s
  1304   747 284833.096   75   14 426505.601 284833.096  33.2%  65.3  180s
  2147  1593 264482.022  154   19 363321.795 264482.022  27.2%   110  320s
   890   670 284950.110   44   11 445621.281 284950.110  36.1%   164  195s
  1917  1315 284579.270  177   11 426357.646 284579.270  33.3%  90.8  275s
  2157  1622 265531.669   73   27 407430.907 265531.669  34.8%  49.4  285s
  1631  1176 265576.787   95   45 291895.241 265567.046  9.02%  96.5  300s
  2361  1787 264570.135   86   16 407686.747 264570.135  35.1%  64.4  315s
   826   621 284206.397   47   27 427057.733 284206.397  33.5%   166  190s
  1827  1392 263746.035   80   26 406607.504 263746.035  35.1%  75.3  305s
  1996  1499 284206.397   71    9 425822.800 284206.397  33.3%  72.3  265s
  3236  2703 264139.121  122   12 292007.217 264139.121  9.54%  51.8  330s
  1265   717 272837.638   33  144 408184.273 265059.182  35.1%   543  332s
  2452  1910 263557.949  126    9 291332.895 263557.949  9.53%   128  335s
  1389  1038 265000.437   89   15 406531.509 265000.437  34.8%  55.9  220s
  2292  1753 263479.602  168    9 406077.675 263479.602  35.1%  85.4  325s
  2238  1703 263815.907  118   19 406839.430 263815.907  35.2%  71.2  310s
H  952   661                    425669.81673 284034.195  33.3%   151  201s
H  952   642                    425657.92290 284034.195  33.3%   151  201s
  1520  1133 284579.270   96   13 426369.285 284579.270  33.3%  63.2  235s
  2454  1910 265631.085  117   14 329474.214 265631.085  19.4%  50.2  320s
  1002   722 284833.096   80   26 426485.868 284833.096  33.2%   108  244s
  2184  1634 265234.643  140    6 291333.751 265234.643  8.96%  49.2  285s
  1634  1236 282981.268   64   12 424909.490 282981.268  33.4%  56.2  255s
  1613  1249 265567.045   48   10 291895.247 265567.045  9.02%  67.2  242s
  2078  1546 282981.268   84   15 424822.517 282981.268  33.4%  39.1  295s
  1008   726 284833.096   83   11 426485.868 284833.096  33.2%   108  245s
  1581  1226 262569.894   79   30 289668.460 262569.894  9.36%   148  315s
  2315  1783 264076.246  114   18 291895.164 264076.246  9.53%   120  340s
  1685  1244 264911.436   94   11 289812.981 264911.436  8.59%  61.2  215s
  1274   721 265059.182   33   35 408184.273 265059.182  35.1%   542  335s
H  848   612                    426987.57164 284206.397  33.4%   162  193s
  1804  1336 264528.858  107   14 289668.459 264528.858  8.68%  68.0  230s
  1890  1425 265000.438  150   19 291332.895 265000.438  9.04%  54.0  300s
  1841  1349 265665.316   74   21 408675.593 265665.316  35.0%   169  330s
  1794  1370 284950.110   77   14 426901.851 284950.110  33.3%  63.5  275s
  2202  1667 265531.669   67   11 407430.907 265531.669  34.8%  49.0  290s
  1345   786 284833.096   95   16 426505.601 284833.096  33.2%  63.6  185s
   907   678 284950.110   46   13 445621.281 284950.110  36.1%   161  200s
  2183  1629 264482.022  159   19 363321.795 264482.022  27.2%   110  325s
  1663  1197 265567.046   93   36 291895.241 265567.046  9.02%   101  305s
  2408  1834 264570.135   87   16 407686.747 264570.135  35.1%  63.5  320s
   860   622 284206.397   64   33 426987.572 284206.397  33.4%   161  195s
  1642  1268 265567.045   46   10 291895.247 265567.045  9.02%  66.3  245s
  1881  1428 263746.035   91   13 406607.504 263746.035  35.1%  73.5  310s
  2049  1535 284206.397   81   13 425822.800 284206.397  33.3%  71.2  270s
   958   648 284034.195   64   12 425657.923 284034.195  33.3%   150  205s
  3302  2769 264139.121  128   12 292007.217 264139.121  9.54%  51.2  335s
  1993  1461 265531.676   51   14 407486.874 265531.676  34.8%  56.4  268s
  1443  1074 265000.437   98   11 406531.509 265000.437  34.8%  54.3  225s
  2352  1813 263479.602  164   25 406077.675 263479.602  35.1%  84.0  330s
  2292  1757 263815.907  133   12 406839.430 263815.907  35.2%  69.9  315s
  2507  1963 265631.085  125   14 329474.214 265631.085  19.4%  49.5  325s
  2479  1937 263557.949  127    9 291332.895 263557.949  9.53%   127  341s
  1545  1149 284579.270  100   13 426369.285 284579.270  33.3%  62.5  240s
  1700  1280 282981.268   68   14 424909.490 282981.268  33.4%  54.7  260s
  2115  1583 282981.268   70   22 424822.517 282981.268  33.4%  38.8  300s
  2046  1514 265531.676   55   14 407486.874 265531.676  34.8%  55.6  270s
  1043   749 284833.096   85   15 426485.868 284833.096  33.2%   105  250s
  2345  1813 264076.246  120   15 291895.164 264076.246  9.53%   119  345s
  1756  1292 264911.436   96   11 289812.981 264911.436  8.59%  59.3  220s
  1293   729 265059.182   32   27 408184.273 265059.182  35.1%   545  340s
H 2242  1690                    291333.69551 265234.643  8.96%  48.7  291s
  1642  1266 262569.894   99   18 289668.460 262569.894  9.36%   143  320s
  1887  1391 264528.858  118   26 289668.459 264528.858  8.68%  65.9  235s
  1939  1458 265000.438  151   14 291332.895 265000.438  9.04%  52.9  305s
  1880  1375 265665.316   72   35 408675.593 265665.316  35.0%   170  335s
  1837  1398 284950.110   70   14 426901.851 284950.110  33.3%  62.5  280s
  2284  1749 265531.669   66    9 407430.907 265531.669  34.8%  48.1  295s
  2223  1669 264482.022  164   15 363321.795 264482.022  27.2%   109  330s
H 2242  1690                    291333.69539 265234.643  8.96%  48.7  291s
  1398   835 284833.096   34   16 426505.601 284833.096  33.2%  61.8  190s
  1975  1365 284579.270  186    9 426357.646 284579.270  33.3%  88.9  284s
  1691  1301 265567.045   44   10 291895.247 265567.045  9.02%  64.7  250s
H 1669  1175                    291895.24098 265567.046  9.02%   102  310s
   889   641 284206.397   97   37 426987.572 284206.397  33.4%   158  200s
  1912  1448 263746.035   87   39 406607.504 263746.035  35.1%  72.7  315s
  2480  1906 264570.135   86   13 407686.747 264570.135  35.1%  62.1  325s
  2114  1578 284206.397   82    9 425822.800 284206.397  33.3%  70.0  275s
  2553  2011 263557.949  133    9 291332.895 263557.949  9.53%   124  345s
  1976  1366 284579.270  186    9 426357.646 284579.270  33.3%  88.8  286s
  3363  2830 264139.121  138   18 292007.217 264139.121  9.54%  50.7  340s
  2446  1907 263479.602  163    9 406077.675 263479.602  35.1%  81.7  335s
  1465  1089 265000.437  102   15 406531.509 265000.437  34.8%  53.7  230s
   995   673 284034.195   71   14 425657.923 284034.195  33.3%   145  210s
  2341  1806 263815.907  158   24 406839.430 263815.907  35.2%  68.8  320s
   928   690 284950.110   46    9 445621.281 284950.110  36.1%   158  207s
  2554  2010 265631.085  130   20 329474.214 265631.085  19.4%  48.9  330s
  1601  1187 284579.270   79   13 426369.285 284579.270  33.3%  60.9  245s
  2262  1712 265234.643  151   10 291333.695 265234.643  8.96%  48.5  295s
  1784  1336 282981.268   55   12 424909.490 282981.268  33.4%  53.0  265s
  2111  1579 265531.676   37   10 407486.874 265531.676  34.8%  54.5  275s
  1076   771 284833.096   92   11 426485.868 284833.096  33.2%   102  255s
  1659  1278 262569.894  102   20 289668.460 262569.894  9.36%   141  325s
  1841  1348 264911.436   96   11 289812.981 264911.436  8.59%  57.2  225s
  2397  1865 264076.246  127   11 291895.164 264076.246  9.53%   118  350s
  1901  1400 264528.858  119   14 289668.459 264528.858  8.68%  65.6  240s
  1978  1484 265000.438  149   12 291332.895 265000.438  9.04%  52.1  310s
  1916  1399 265665.316   70   72 408675.593 265665.316  35.0%   171  340s
  1884  1430 284950.110   89   14 426901.851 284950.110  33.3%  61.4  285s
  2359  1824 265531.669   72    9 407430.907 265531.669  34.8%  47.2  300s
H 1696  1170                    291895.24089 265567.046  9.02%   105  314s
  2272  1718 264482.022  169   11 363321.795 264482.022  27.2%   107  335s
  1318   739 291193.184   36  127 408184.273 265059.182  35.1%   549  346s
  1452   889 284833.096   61   12 426505.601 284833.096  33.2%  60.0  195s
  1706  1178 265567.046   78   56 291895.241 265567.046  9.02%   107  315s
   971   718 284950.110   43   11 445621.281 284950.110  36.1%   152  210s
  1747  1338 265567.045   46   14 291895.247 265567.045  9.02%  63.1  255s
  2030  1420 284579.270  193    9 426357.646 284579.270  33.3%  87.1  290s
  2527  1953 264570.135   94   14 407686.747 264570.135  35.1%  61.2  330s
   900   648 284206.397   84   20 426987.572 284206.397  33.4%   158  205s
  1946  1471 263746.035   83   13 406607.504 263746.035  35.1%  71.7  320s
  2164  1628 284206.397   86    9 425822.800 284206.397  33.3%  69.2  280s
  2620  2078 263557.949  148   11 291332.895 263557.949  9.53%   122  350s
  1023   687 284034.195   81   16 425657.923 284034.195  33.3%   141  215s
  3411  2878 264139.121  146   16 292007.217 264139.121  9.54%  50.3  345s
H 1640  1187                    426368.03590 284579.270  33.3%  59.8  248s
  1516  1123 265000.437   98   15 406531.509 265000.437  34.8%  52.4  235s
  2349  1814 263815.907  162   24 406839.430 263815.907  35.2%  68.6  325s
H 1640  1164                    426365.53677 284579.270  33.3%  59.8  249s
  2593  2047 265631.085  136   12 329474.214 265631.085  19.4%  48.3  335s
  2306  1756 265234.643  156    6 291333.695 265234.643  8.96%  48.2  300s
  1866  1391 282981.268   51   12 424909.490 282981.268  33.4%  51.4  270s
  2149  1617 282981.268   77   13 424822.517 282981.268  33.4%  38.4  310s
  1103   789 284833.096   87   13 426485.868 284833.096  33.2%   100  260s
  2146  1614 265531.676   41   36 407486.874 265531.676  34.8%  54.0  280s
  1909  1394 264911.436   99   15 289812.981 264911.436  8.59%  55.7  230s
  1334   749 265059.182   26   57 408184.273 265059.182  35.1%   554  350s
H 2668  2124                    291332.89447 263557.949  9.53%   120  352s
  2434  1902 264076.246  134   55 291895.164 264076.246  9.53%   118  355s
  1723  1320 262569.894  104   14 289668.460 262569.894  9.36%   137  330s
  1994  1462 264528.858  128   14 289668.459 264528.858  8.68%  63.3  245s
  2023  1514 265000.438  146   12 291332.895 265000.438  9.04%  51.2  315s
  1903  1442 284950.110   91   14 426901.851 284950.110  33.3%  61.0  290s
   996   735 284950.110   50    9 445621.281 284950.110  36.1%   148  215s
  1519   942 284833.096   92   20 426505.601 284833.096  33.2%  58.5  200s
  2325  1771 264482.022  175   11 363321.795 264482.022  27.2%   105  340s
  2400  1865 265531.669   71    9 407430.907 265531.669  34.8%  46.8  305s
  1737  1199 265567.046   95   22 291895.241 265567.046  9.02%   110  320s
  1934  1411 265665.316   66   14 408675.593 265665.316  35.0%   171  346s
  1800  1374 265567.045   44   12 291895.247 265567.045  9.02%  61.7  260s
  2084  1474 284579.270  199    9 426357.646 284579.270  33.3%  85.4  295s
  2580  2006 264570.135   82   16 407686.747 264570.135  35.1%  60.3  335s
   931   669 284206.397  118   27 426987.572 284206.397  33.4%   153  210s
  1987  1498 263746.035   83   13 406607.504 263746.035  35.1%  70.6  325s
  2705  2163 263557.949  157    9 291332.894 263557.949  9.53%   119  355s
H 2478  1937                    406022.82655 263479.602  35.1%  81.0  344s
  1039   698 284034.195   86   16 425657.923 284034.195  33.3%   139  220s
  1640  1166 284579.270   64   15 426365.537 284579.270  33.3%  59.8  253s
  3474  2941 264139.121  128   14 292007.217 264139.121  9.54%  49.8  350s
  1565  1155 265000.437   93   11 406531.509 265000.437  34.8%  51.2  240s
  2381  1846 263815.907  124   22 406839.430 263815.907  35.2%  68.3  330s
  2481  1942 263479.602  168   23 406022.827 263479.602  35.1%  80.9  345s
  2648  2098 265631.085  138   14 329474.214 265631.085  19.4%  47.7  340s
  1651  1173 284579.270   66   13 426365.537 284579.270  33.3%  59.5  255s
  2350  1800 265234.643  160    6 291333.695 265234.643  8.96%  48.2  305s
H 1521   942                    426466.89743 284833.096  33.2%  58.5  203s
  2200  1668 282981.268   71   13 424822.517 282981.268  33.4%  38.0  315s
  1975  1463 282981.268   69   14 424909.490 282981.268  33.4%  49.6  275s
  2215  1679 284206.397   92   15 425822.800 284206.397  33.3%  68.4  287s
  2480  1948 264076.246  127   41 291895.164 264076.246  9.53%   120  360s
  2181  1649 265531.676   47   10 407486.874 265531.676  34.8%  53.5  285s
  1349   761 286175.717   20  134 408184.273 265059.182  35.1%   561  355s
  1966  1433 264911.436   97   15 289812.981 264911.436  8.59%  54.5  235s
  1777  1356 262569.894  110   20 289668.460 262569.894  9.36%   133  335s
  2057  1504 264528.858  123   14 289668.459 264528.858  8.68%  61.9  250s
  1155   824 284833.096   72   29 426485.868 284833.096  33.2%  96.6  265s
  1952  1423 265665.316   67   12 408675.593 265665.316  35.0%   171  350s
  1938  1466 284950.110   96   14 426901.851 284950.110  33.3%  60.2  295s
  2461  1926 265531.669   77   25 407430.907 265531.669  34.8%  46.2  310s
  2376  1816 264482.022  184   11 363321.795 264482.022  27.2%   104  345s
  1044   767 284950.110   54   13 445621.281 284950.110  36.1%   143  220s
  1765  1217 265567.046  109   18 291895.241 265567.046  9.02%   111  325s
  1858  1412 265567.045   47   10 291895.247 265567.045  9.02%  60.4  265s
  2138  1528 284579.270  199    9 426357.646 284579.270  33.3%  83.9  300s
  2645  2071 264570.135   73   16 407686.747 264570.135  35.1%  59.3  340s
   968   692 284206.397   55   14 426987.572 284206.397  33.4%   148  215s
  2023  1522 263746.035   80   13 406607.504 263746.035  35.1%  69.7  330s
  2249  1713 284206.397   91   13 425822.800 284206.397  33.3%  67.8  290s
  2786  2244 263557.949  169    9 291332.894 263557.949  9.53%   116  360s
  3521  2988 264139.121  120   12 292007.217 264139.121  9.54%  49.4  355s
  2053  1534 265000.438  150   12 291332.895 265000.438  9.04%  50.7  322s
  1076   723 284034.195   89   12 425657.923 284034.195  33.3%   135  225s
  1533   956 284833.096   99   22 426466.897 284833.096  33.2%  58.3  207s
  2419  1884 263815.907  125   19 406839.430 263815.907  35.2%  67.5  335s
  2535  1996 263479.602  171    9 406022.827 263479.602  35.1%  79.8  350s
  2708  2158 265631.085  139   14 329474.214 265631.085  19.4%  46.9  345s
  1622  1193 265000.437   82   11 406531.509 265000.437  34.8%  49.8  245s
  1707  1210 284579.270   53   13 426365.537 284579.270  33.3%  58.0  260s
  2046  1514 282981.268   79   13 424909.490 282981.268  33.4%  48.6  280s
  2388  1838 265234.643  166   30 291333.695 265234.643  8.96%  48.0  310s
H 1062   753                    445575.10900 284950.110  36.0%   140  223s
  1199   853 284833.096   82   11 426485.868 284833.096  33.2%  93.5  270s
  1822  1386 262569.894  116   16 289668.460 262569.894  9.36%   130  340s
  2538  2006 264076.246  134   13 291895.164 264076.246  9.53%   118  365s
  2235  1703 265531.676   42   12 407486.874 265531.676  34.8%  52.8  290s
  2027  1494 264911.436   91   11 289812.981 264911.436  8.59%  53.3  240s
  2251  1719 282981.268   80   22 424822.517 282981.268  33.4%  37.5  320s
  1366   777 265059.182   19   53 408184.273 265059.182  35.1%   563  360s
  1977  1445 265665.316   68   12 408675.593 265665.316  35.0%   172  355s
  2153  1584 264528.858  112   12 289668.459 264528.858  8.68%  60.0  255s
  2077  1550 265000.438  153   14 291332.895 265000.438  9.04%  50.3  325s
  1991  1501 284950.110  104   14 426901.851 284950.110  33.3%  59.1  300s
  1557   976 284833.096  110   22 426466.897 284833.096  33.2%  57.6  210s
  2429  1865 264482.022  191   11 363321.795 264482.022  27.2%   103  350s
  1079   766 284950.110   61    9 445575.109 284950.110  36.0%   139  225s
  2557  2022 265531.669   82   25 407430.907 265531.669  34.8%  45.8  315s
  2180  1570 284579.270  203   11 426357.646 284579.270  33.3%  82.8  305s
  1905  1444 265567.045   51   12 291895.247 265567.045  9.02%  59.6  270s
  1790  1233 265567.046   77   40 291895.241 265567.046  9.02%   111  330s
  2710  2136 264570.135   83   14 407686.747 264570.135  35.1%  58.3  345s
  1002   714 284206.397   72   24 426987.572 284206.397  33.4%   144  220s
  2059  1546 263746.035   84   26 406607.504 263746.035  35.1%  68.8  335s
  2299  1763 284206.397   87    9 425822.800 284206.397  33.3%  67.1  295s
  3565  3032 264139.121  122   12 292007.217 264139.121  9.54%  49.0  360s
  2568  2029 263479.602  172    9 406022.827 263479.602  35.1%  79.2  355s
  2448  1913 263815.907  140   14 406839.430 263815.907  35.2%  67.0  340s
  2829  2287 263557.951  174   29 291332.894 263557.949  9.53%   115  366s
  2752  2202 265631.085  141   12 329474.214 265631.085  19.4%  46.6  350s
  1653  1214 265000.437   76   11 406531.509 265000.437  34.8%  49.2  251s
  2438  1888 265234.643  172    6 291333.695 265234.643  8.96%  47.9  315s
  2079  1547 282981.268   83   15 424909.490 282981.268  33.4%  48.0  285s
  2286  1754 282981.268   69   13 424822.517 282981.268  33.4%  37.2  325s
  2270  1738 265531.676   40   10 407486.874 265531.676  34.8%  52.4  295s
  1252   888 284833.096   91   13 426485.868 284833.096  33.2%  90.4  275s
  1858  1410 262569.894  121   14 289668.460 262569.894  9.36%   127  345s
  2576  2044 264076.246  129   11 291895.164 264076.246  9.53%   118  370s
  1750  1239 284579.270   42   13 426365.537 284579.270  33.3%  56.8  265s
  1131   759 284034.195   96   12 425657.923 284034.195  33.3%   130  232s
  1377   788 265059.182   23   33 408184.273 265059.182  35.1%   566  365s
  2237  1668 264528.858  118   18 289668.459 264528.858  8.68%  58.6  260s
  2118  1582 265000.438  143   14 291332.895 265000.438  9.04%  49.6  330s
  2014  1482 265665.316   66   14 408675.593 265665.316  35.0%   173  360s
  2057  1524 264911.436   95   11 289812.981 264911.436  8.59%  52.7  245s
  2631  2096 265531.669   73    9 407430.907 265531.669  34.8%  45.2  320s
  2031  1528 284950.110  108   25 426901.851 284950.110  33.3%  60.9  305s
  2458  1890 264482.022  194   13 363321.795 264482.022  27.2%   102  355s
  1147   812 284950.110   42    9 445575.109 284950.110  36.0%   131  230s
  1614  1031 284833.096   28   16 426466.897 284833.096  33.2%  56.7  215s
H 2858  2314                    291332.89407 263557.949  9.53%   115  368s
  1816  1250 265567.046   90   42 291895.241 265567.046  9.02%   112  335s
  1971  1488 265567.045   50   10 291895.247 265567.045  9.02%  58.5  275s
  2766  2192 264570.135   86   20 407686.747 264570.135  35.1%  57.5  350s
  1047   744 284206.397   90   20 426987.572 284206.397  33.4%   139  225s
  2093  1569 263746.035   86   26 406607.504 263746.035  35.1%  68.0  340s
  2351  1815 284206.397   84    9 425822.800 284206.397  33.3%  66.2  300s
  1150   772 284034.195   98   12 425657.923 284034.195  33.3%   128  235s
  2870  2328 263557.949  178    9 291332.894 263557.949  9.53%   114  370s
  1701  1246 265000.437   70   13 406531.509 265000.437  34.8%  48.1  255s
  2623  2084 263479.602  159   23 406022.827 263479.602  35.1%  78.0  360s
  2503  1968 263815.907  160   12 406839.430 263815.907  35.2%  65.9  345s
  2191  1581 284579.270  199   11 426357.646 284579.270  33.3%  82.5  312s
  2818  2262 265631.085  135   12 329474.214 265631.085  19.4%  45.8  355s
  2495  1945 265234.643  164    8 291333.695 265234.643  8.96%  47.8  320s
  1804  1275 284579.270   52   17 426365.537 284579.270  33.3%  55.4  270s
  2150  1618 282981.268   86   13 424909.490 282981.268  33.4%  47.0  290s
  2330  1798 282981.268   70   13 424822.517 282981.268  33.4%  36.8  330s
  2332  1800 265531.676   45   10 407486.874 265531.676  34.8%  52.7  300s
  1387   798 265059.182   22   30 408184.273 265059.182  35.1%   571  370s
  2613  2081 264076.246  135   14 291895.164 264076.246  9.53%   117  375s
  2151  1618 264911.436   99   11 289812.981 264911.436  8.59%  51.0  250s
  2310  1741 264528.858  118   12 289668.459 264528.858  8.68%  57.7  265s
  2045  1513 265665.316   68   12 408675.593 265665.316  35.0%   174  365s
  2158  1622 265000.438  148   12 291332.895 265000.438  9.04%  48.9  335s
  2068  1552 284950.110  112   16 426901.851 284950.110  33.3%  62.2  310s
  1290   914 284833.096   94   29 426485.868 284833.096  33.2%  88.4  281s
  2500  1924 264482.022  196   45 363321.795 264482.022  27.2%   104  360s
  1219   858 284950.110   49   11 445575.109 284950.110  36.0%   125  235s
  1668  1073 284833.096  156   17 426466.897 284833.096  33.2%  55.2  220s
H 1291   891                    426447.16449 284833.096  33.2%  88.3  281s
  2670  2135 265531.669   47   13 407430.907 265531.669  34.8%  44.9  325s
  1895  1435 262569.894  125   16 289668.460 262569.894  9.36%   125  351s
  2025  1524 265567.045   58   10 291895.247 265567.045  9.02%  57.5  280s
  1846  1277 265567.046  105   28 291895.241 265567.046  9.02%   111  340s
  2219  1609 284579.270  197    9 426357.646 284579.270  33.3%  81.8  315s
  1099   777 284206.397  115   22 426987.572 284206.397  33.4%   134  230s
  2433  1897 284206.397   94    9 425822.800 284206.397  33.3%  65.0  305s
  3614  3081 264139.121  127   12 292007.217 264139.121  9.54%  48.7  369s
  2925  2383 263557.949  183   11 291332.894 263557.949  9.53%   113  375s
  1203   807 284034.195  107   16 425657.923 284034.195  33.3%   125  240s
  3618  3085 264139.121  128   12 292007.217 264139.121  9.54%  48.6  370s
  2688  2149 263479.602  127   11 406022.827 263479.602  35.1%  76.6  365s
  2536  2001 263815.907  154   12 406839.430 263815.907  35.2%  65.5  350s
  2111  1581 263746.035   91   13 406607.504 263746.035  35.1%  67.6  346s
  2873  2309 265631.085  140   14 329474.214 265631.085  19.4%  45.2  360s
  1868  1335 284579.270   60   17 426365.537 284579.270  33.3%  53.9  275s
  2548  1998 265234.643  170    6 291333.695 265234.643  8.96%  48.6  325s
  2208  1676 282981.268   75   12 424909.490 282981.268  33.4%  46.2  295s
  2380  1848 282981.268   71   15 424822.517 282981.268  33.4%  36.4  335s
  1703  1247 265000.437   70   11 406531.509 265000.437  34.8%  48.1  261s
  2377  1845 265531.676   35   10 407486.874 265531.676  34.8%  52.2  305s
  1915  1448 262569.894  127   14 289668.460 262569.894  9.36%   124  355s
  2654  2122 264076.246  131   13 291895.164 264076.246  9.53%   116  380s
  2221  1688 264911.436   97   13 289812.981 264911.436  8.59%  49.8  255s
  1409   820 265059.423   25   66 408184.273 265059.182  35.1%   572  375s
  2819  2245 264570.135   81   14 407686.747 264570.135  35.1%  56.7  358s
  2208  1672 265000.438  145   14 291332.895 265000.438  9.04%  48.1  340s
  2331  1762 264528.858  123   12 289668.459 264528.858  8.68%  57.6  270s
  2085  1553 265665.316   75   12 408675.593 265665.316  35.0%   172  370s
  2098  1572 284950.110  116   18 426901.851 284950.110  33.3%  61.6  315s
  2727  2192 265531.669   59    9 407430.907 265531.669  34.8%  44.3  330s
  1291   893 284833.096   91   11 426447.164 284833.096  33.2%  88.3  286s
  2273  1663 284579.270  199    9 426357.646 284579.270  33.3%  80.4  320s
  1873  1302 265567.046   79   60 291895.241 265567.046  9.02%   112  345s
  2529  1944 264482.022  193   11 363321.795 264482.022  27.2%   106  365s
  2845  2271 264570.135   84   16 407686.747 264570.135  35.1%  56.4  360s
  2144  1611 263746.035   84   26 406607.504 263746.035  35.1%  66.9  350s
  2049  1540 265567.045   60   10 291895.247 265567.045  9.02%  57.1  285s
  2506  1970 284206.397  103    9 425822.800 284206.397  33.3%  63.9  310s
  1234   828 284034.195  103   46 425657.923 284034.195  33.3%   123  245s
  2993  2451 263557.949  189   11 291332.894 263557.949  9.53%   112  380s
  3667  3134 264139.121  122   14 292007.217 264139.121  9.54%  48.2  375s
  1242   873 284950.110   65   13 445575.109 284950.110  36.0%   123  241s
  1742  1273 265000.437   77   11 406531.509 265000.437  34.8%  47.3  265s
  2728  2189 263479.602  119    9 406022.827 263479.602  35.1%  75.8  370s
  2597  2062 263815.907  105   22 406839.430 263815.907  35.2%  65.0  355s
  1764  1153 284833.096  149   26 426466.897 284833.096  33.2%  53.0  227s
  2920  2352 265631.085  138   14 329474.214 265631.085  19.4%  44.7  365s
  1917  1384 284579.270   68   13 426365.537 284579.270  33.3%  52.9  280s
  2341  1805 282981.268   91   13 424909.490 282981.268  33.4%  44.6  300s
  2422  1890 282981.268   70   21 424822.517 282981.268  33.4%  36.1  340s
  2434  1902 265531.676   42   10 407486.874 265531.676  34.8%  51.5  310s
  2573  2023 265234.643  172    4 291333.695 265234.643  8.96%  48.4  330s
  1108   783 284206.397  119    7 426987.572 284206.397  33.4%   134  237s
  1335   921 284833.096  108   11 426447.164 284833.096  33.2%  86.2  290s
  1954  1474 262569.894  132   14 289668.460 262569.894  9.36%   122  360s
  2685  2153 264076.246  132   15 291895.164 264076.246  9.53%   116  385s
  1431   841 265059.273   29  110 408184.273 265059.182  35.1%   574  380s
  2305  1772 264911.436   99   11 289812.981 264911.436  8.59%  48.5  260s
  2382  1813 264528.858  129   14 289668.459 264528.858  8.68%  57.6  275s
  2242  1706 265000.438  141   12 291332.895 265000.438  9.04%  47.6  345s
  2135  1604 284950.110  122   16 426901.851 284950.110  33.3%  60.9  320s
  1778  1163 284833.096  155   18 426466.897 284833.096  33.2%  52.7  230s
  2100  1568 265665.316   69   14 408675.593 265665.316  35.0%   173  375s
  2564  1973 264484.905  194  107 363321.795 264482.022  27.2%   107  370s
  1268   890 284950.110   69    9 445575.109 284950.110  36.0%   121  245s
  1907  1335 265567.046  100   30 291895.241 265567.046  9.02%   115  350s
  2311  1701 284579.270  205   11 426357.646 284579.270  33.3%  79.5  325s
  2119  1586 265567.045   70   10 291895.247 265567.045  9.02%  56.1  290s
  2906  2332 264570.135   91   17 407686.747 264570.135  35.1%  55.6  365s
  1138   803 284206.397  125   18 426987.572 284206.397  33.4%   131  240s
  2176  1643 263746.035   80   28 406607.504 263746.035  35.1%  66.2  355s
  2558  2022 284206.397  107   11 425822.800 284206.397  33.3%  63.1  315s
  1278   857 284034.195  101   12 425657.923 284034.195  33.3%   120  250s
  3759  3226 264139.121  129   14 292007.217 264139.121  9.54%  47.6  380s
  2770  2231 263479.602  123    9 406022.827 263479.602  35.1%  74.9  375s
  1796  1309 265000.437   83   11 406531.509 265000.437  34.8%  46.3  270s
  2634  2099 263815.907   85   14 406839.430 263815.907  35.2%  64.5  360s
  3044  2500 263557.949  178    9 291332.894 263557.949  9.53%   111  386s
  2985  2411 265631.085  141   18 329474.214 265631.085  19.4%  44.1  370s
  1957  1424 284579.270   72   15 426365.537 284579.270  33.3%  52.2  285s
  2426  1890 282981.268   85   11 424909.490 282981.268  33.4%  43.6  305s
  2469  1937 282981.268   79   13 424822.517 282981.268  33.4%  35.8  345s
  2631  2081 265234.643  149    6 291333.695 265234.643  8.96%  49.3  335s
  1360   937 284833.096  114   11 426447.164 284833.096  33.2%  84.9  295s
  2372  1839 264911.436   99   11 289812.981 264911.436  8.59%  47.6  265s
  1450   859 265059.182   25   28 408184.273 265059.182  35.1%   575  385s
  2723  2191 264076.246  136   13 291895.164 264076.246  9.53%   116  390s
  1993  1500 262569.894  129   18 289668.460 262569.894  9.36%   120  365s
  2287  1751 265000.438  148   19 291332.895 265000.438  9.04%  46.9  350s
  2442  1873 264528.858  121   17 289668.459 264528.858  8.68%  56.6  280s
  2129  1597 265665.316   73   10 408675.593 265665.316  35.0%   172  380s
  2170  1639 284950.110  126   16 426901.851 284950.110  33.3%  60.3  325s
  1861  1242 284833.096   52   19 426466.897 284833.096  33.2%  52.0  235s
  2588  1989 264482.022  187   13 363321.795 264482.022  27.2%   109  375s
  1322   926 284950.110   76   15 445575.109 284950.110  36.0%   117  250s
H 2594  2056                    425816.20699 284206.397  33.3%  62.6  319s
  2479  1947 265531.676   47   12 407486.874 265531.676  34.8%  51.0  316s
  2381  1771 284579.270  199    9 426357.646 284579.270  33.3%  77.9  330s
  1933  1361 265567.046  113   20 291895.241 265567.046  9.02%   117  355s
  2176  1643 265567.045   68   12 291895.247 265567.045  9.02%  55.3  295s
  2940  2366 264570.135   91   14 407686.747 264570.135  35.1%  55.1  370s
  2810  2275 265531.669   66    9 407430.907 265531.669  34.8%  43.6  341s
  2231  1698 263746.035   86   13 406607.504 263746.035  35.1%  65.1  360s
  1184   834 284206.397  137    6 426987.572 284206.397  33.4%   127  245s
  3073  2529 263557.949  183   11 291332.894 263557.949  9.53%   110  390s
  3829  3296 264139.121  127   12 292007.217 264139.121  9.54%  47.1  385s
  1319   885 284034.195   99   12 425657.923 284034.195  33.3%   118  255s
  2810  2271 263479.602  130   11 406022.827 263479.602  35.1%  74.0  380s
  2660  2125 263815.907   89   14 406839.430 263815.907  35.2%  64.1  365s
  1855  1349 265000.437   92   15 406531.509 265000.437  34.8%  45.3  275s
  3063  2483 265631.085  136   14 329474.214 265631.085  19.4%  43.4  375s
  2686  2136 265234.643  138    6 291333.695 265234.643  8.96%  49.0  340s
  2526  1990 282981.268   92   11 424909.490 282981.268  33.4%  42.5  310s
  2544  2012 282981.268   83   17 424822.517 282981.268  33.4%  35.3  350s
  2594  2058 284206.397   95    9 425816.207 284206.397  33.3%  62.6  322s
  1993  1460 284579.270   75   23 426365.537 284579.270  33.3%  51.7  290s
  2505  1973 265531.676   53   36 407486.874 265531.676  34.8%  50.9  320s
  2753  2221 264076.246  133   13 291895.164 264076.246  9.53%   116  395s
  2036  1529 262569.894  128   18 289668.460 262569.894  9.36%   118  370s
  2410  1877 264911.436   96   11 289812.981 264911.436  8.59%  47.1  270s
  2503  1934 264528.858  117   26 289668.459 264528.858  8.68%  56.0  285s
  1398   963 284833.096  123   27 426447.164 284833.096  33.2%  82.9  300s
  2346  1810 265000.438  149   19 291332.895 265000.438  9.04%  46.0  355s
  2206  1675 284950.110  127   24 426901.851 284950.110  33.3%  59.8  330s
  2880  2345 265531.669   53   11 407430.907 265531.669  34.8%  43.1  345s
  2622  2018 264482.022  193   11 363321.795 264482.022  27.2%   109  380s
  2154  1622 265665.316   76   12 408675.593 265665.316  35.0%   172  385s
  1397   976 284950.110   78   13 445575.109 284950.110  36.0%   111  255s
  1461   869 265059.182   27   32 408184.273 265059.182  35.1%   577  391s
  2452  1842 284579.270  203   13 426357.646 284579.270  33.3%  76.5  335s
  2236  1703 265567.045   69   12 291895.247 265567.045  9.02%  54.7  300s
  1967  1391 265567.046   86   35 291895.241 265567.046  9.02%   117  360s
  1939  1316 284833.096   90   17 426466.897 284833.096  33.2%  50.5  240s
  1234   867 284206.397  152    8 426987.572 284206.397  33.4%   124  250s
  2294  1761 263746.035   85   13 406607.504 263746.035  35.1%  63.8  365s
  2966  2392 264570.135   85   17 407686.747 264570.135  35.1%  54.7  375s
  2636  2100 284206.397   87    9 425816.207 284206.397  33.3%  62.0  325s
  3153  2609 263557.950  176   31 291332.894 263557.949  9.53%   109  395s
  1349   905 284034.195  105   24 425657.923 284034.195  33.3%   117  260s
  3887  3354 264139.121  118   18 292007.217 264139.121  9.54%  46.7  390s
  2856  2317 263479.602  136    9 406022.827 263479.602  35.1%  73.1  385s
  2704  2169 263815.907   95   12 406839.430 263815.907  35.2%  63.3  370s
  1892  1373 265000.437   97   11 406531.509 265000.437  34.8%  44.7  280s
  3106  2524 265631.085  135   12 329474.214 265631.085  19.4%  43.0  380s
  2032  1499 284579.270   82   13 426365.537 284579.270  33.3%  51.1  295s
  2742  2192 265234.643  154   10 291333.695 265234.643  8.96%  49.1  345s
  2598  2062 282981.268   84   11 424909.490 282981.268  33.4%  41.7  315s
  2592  2060 282981.268  110   13 424822.517 282981.268  33.4%  34.9  355s
  1429   983 284833.096  125   11 426447.164 284833.096  33.2%  81.6  305s
  2787  2255 264076.246  129   11 291895.164 264076.246  9.53%   117  400s
  2074  1554 262569.894  119   14 289668.460 262569.894  9.36%   116  375s
  2477  1944 264911.436   97   11 289812.981 264911.436  8.59%  46.2  275s
  1472   879 286175.866   22  116 408184.273 265059.182  35.1%   587  395s
  2554  2022 265531.676   49   12 407486.874 265531.676  34.8%  50.4  325s
  2381  1845 265000.438  150   19 291332.895 265000.438  9.04%  45.5  360s
  2207  1675 265665.316   82   22 408675.593 265665.316  35.0%   172  390s
  2557  1988 264528.858  112   14 289668.459 264528.858  8.68%  55.5  290s
  2928  2393 265531.669   73   11 407430.907 265531.669  34.8%  42.8  350s
  2250  1719 284950.110  120   16 426901.851 284950.110  33.3%  59.0  335s
  1993  1366 284833.096  117   20 426466.897 284833.096  33.2%  50.2  245s
  1457  1016 284950.110   77    9 445575.109 284950.110  36.0%   108  260s
  2279  1746 265567.045   78   12 291895.247 265567.045  9.02%  54.1  305s
  3037  2463 264570.135   84   16 407686.747 264570.135  35.1%  53.9  380s
  2516  1906 284579.270  201   11 426357.646 284579.270  33.3%  75.4  340s
  1268   890 284206.397  161    6 426987.572 284206.397  33.4%   121  255s
  2334  1801 263746.035   89   26 406607.504 263746.035  35.1%  63.0  370s
  2656  2041 264482.022  197   41 363321.795 264482.022  27.2%   110  386s
  2707  2171 284206.397   37   11 425816.207 284206.397  33.3%  61.0  330s
  3216  2672 263557.949  173    9 291332.894 263557.949  9.53%   108  400s
  1975  1399 265567.046   90   22 291895.241 265567.046  9.02%   117  366s
  3954  3421 264139.121  119   16 292007.217 264139.121  9.54%  46.3  395s
  1357   910 284034.195  106   20 425657.923 284034.195  33.3%   116  265s
  2911  2372 263479.602  142    9 406022.827 263479.602  35.1%  72.1  390s
  1946  1409 265000.437  100   13 406531.509 265000.437  34.8%  43.9  285s
H 2233  1699                    408572.53021 265665.316  35.0%   172  393s
  3159  2575 265631.085  134   14 329474.214 265631.085  19.4%  42.6  385s
  2783  2233 265234.643  145    6 291333.695 265234.643  8.96%  49.6  350s
  2614  2078 282981.268   65   14 424909.490 282981.268  33.4%  41.5  320s
  2634  2102 282981.268   76   13 424822.517 282981.268  33.4%  34.7  360s
  2623  2091 265531.676   42   12 407486.874 265531.676  34.8%  49.6  330s
  1462  1005 284833.096  129   31 426447.164 284833.096  33.2%  80.2  310s
  2135  1600 262569.894  127   14 289668.460 262569.894  9.36%   113  380s
  2553  2020 264911.436   91   11 289812.981 264911.436  8.59%  45.2  280s
  1485   889 265059.423   25  102 408184.273 265059.182  35.1%   593  400s
  2589  2020 264528.858  108   16 289668.459 264528.858  8.68%  55.0  295s
  2289  1758 284950.110  124   14 426901.851 284950.110  33.3%  58.4  340s
  2428  1892 265000.438  152   19 291332.895 265000.438  9.04%  44.9  365s
  2741  2206 263815.907  100   12 406839.430 263815.907  35.2%  62.9  377s
  2677  2054 264482.022  192   34 363321.795 264482.022  27.2%   111  390s
  1538  1070 284950.110   89    9 445575.109 284950.110  36.0%   103  265s
  2967  2432 265531.669   61    9 407430.907 265531.669  34.8%  42.5  355s
  2008  1432 265567.046  107   12 291895.241 265567.046  9.02%   115  370s
  2340  1807 265567.045   70   12 291895.247 265567.045  9.02%  53.4  310s
  3063  2489 264570.135   87   14 407686.747 264570.135  35.1%  53.6  385s
  1318   923 284206.397  170   10 426987.572 284206.397  33.4%   117  260s
  2371  1838 263746.035   74   17 406607.504 263746.035  35.1%  62.3  375s
  2764  2228 284206.397   38    9 425816.207 284206.397  33.3%  60.3  335s
H 2641  2107                    424756.50801 282981.268  33.4%  34.6  362s
  3296  2752 263557.952  181   37 291332.894 263557.949  9.53%   108  405s
  1410   945 284034.195  103   12 425657.923 284034.195  33.3%   115  270s
H 2050  1421                    426466.64948 284833.096  33.2%  49.3  251s
  4020  3487 264139.121  129   16 292007.217 264139.121  9.54%  45.8  400s
  2051  1518 284579.270   85   15 426365.537 284579.270  33.3%  50.8  303s
  2826  2294 264076.246  135   41 291895.164 264076.246  9.53%   116  408s
  2002  1462 265000.437   98   11 406531.509 265000.437  34.8%  43.0  290s
  2954  2415 263479.602  129   11 406022.827 263479.602  35.1%  71.4  395s
  2759  2224 263815.907  102   12 406839.430 263815.907  35.2%  62.8  380s
  2233  1701 265665.316   79   61 408572.530 265665.316  35.0%   172  397s
  2549  1939 284579.270  195    9 426357.646 284579.270  33.3%  74.8  347s
  3203  2615 265631.085  127   14 329474.214 265631.085  19.4%  42.2  390s
  2826  2276 265234.643  148    8 291333.695 265234.643  8.96%  50.9  355s
  2657  2125 282981.268   64   13 424756.508 282981.268  33.4%  34.5  365s
  1506  1035 284833.096  130   13 426447.164 284833.096  33.2%  78.5  315s
  2074  1541 284579.270   90   13 426365.537 284579.270  33.3%  50.5  305s
  2748  2212 282981.268   72   12 424909.490 282981.268  33.4%  40.5  325s
  2667  2135 265531.676   48   10 407486.874 265531.676  34.8%  49.2  335s
  2181  1646 262569.894  133   14 289668.460 262569.894  9.36%   111  385s
  2620  2087 264911.436   99   11 289812.981 264911.436  8.59%  44.4  285s
  2838  2306 264076.246  132   37 291895.164 264076.246  9.53%   117  410s
  1498   902 265059.182   21   18 408184.273 265059.182  35.1%   599  405s
  2653  2084 264528.858   93   12 289668.459 264528.858  8.68%  54.2  300s
  2466  1930 265000.438  147   14 291332.895 265000.438  9.04%  44.3  370s
  2244  1712 265665.316   79   10 408572.530 265665.316  35.0%   172  400s
  3035  2500 265531.669   70   11 407430.907 265531.669  34.8%  42.1  360s
  2089  1452 284833.096  164   38 426466.649 284833.096  33.2%  48.6  255s
  1584  1101 284950.110   81    9 445575.109 284950.110  36.0%   101  270s
H 2667  2133                    424533.44383 282981.268  33.3%  34.5  366s
  2720  2095 264482.022  183   13 363321.795 264482.022  27.2%   110  395s
  2345  1814 284950.110  111   32 426901.851 284950.110  33.3%  57.7  345s
  2387  1854 265567.045   70   10 291895.247 265567.045  9.02%  52.9  315s
  3094  2520 264570.135   90   20 407686.747 264570.135  35.1%  53.2  390s
  2048  1472 265567.046  126   12 291895.241 265567.046  9.02%   114  375s
  2570  1960 284579.270  199   11 426357.646 284579.270  33.3%  74.3  350s
  1365   954 284206.397  173    6 426987.572 284206.397  33.4%   114  265s
  2427  1894 263746.035   81   13 406607.504 263746.035  35.1%  61.3  380s
  3339  2795 263557.973  192   41 291332.894 263557.949  9.53%   107  410s
  2860  2324 284206.397   42   11 425816.207 284206.397  33.3%  59.1  340s
  1445   969 284034.195  103   50 425657.923 284034.195  33.3%   114  275s
  4072  3539 264139.121  122   14 292007.217 264139.121  9.54%  45.5  405s
  2054  1514 265000.437  100   15 406531.509 265000.437  34.8%  42.3  295s
  2794  2259 263815.907  100   17 406839.430 263815.907  35.2%  62.2  385s
  2967  2428 263479.602  123   16 406022.827 263479.602  35.1%  71.1  400s
  3268  2680 265631.085  122   12 329474.214 265631.085  19.4%  41.9  395s
  2125  1592 284579.270   92   15 426365.537 284579.270  33.3%  49.8  310s
  2886  2336 265234.643  148    6 291333.695 265234.643  8.96%  51.1  360s
  2819  2283 282981.268   81   14 424909.490 282981.268  33.4%  40.0  330s
  2667  2135 282981.268   69   22 424533.444 282981.268  33.3%  34.5  370s
  1559  1070 284833.096  133   17 426447.164 284833.096  33.2%  76.5  320s
  2223  1688 262569.894  130   14 289668.460 262569.894  9.36%   109  390s
  2883  2351 264076.246  125   11 291895.164 264076.246  9.53%   116  415s
  2688  2155 264911.436  106   11 289812.981 264911.436  8.59%  43.7  290s
  1509   913 265059.182   24   43 408184.273 265059.182  35.1%   599  410s
  2748  2216 265531.676   44   16 407486.874 265531.676  34.8%  48.6  340s
  2509  1973 265000.438  140   12 291332.895 265000.438  9.04%  43.8  375s
  2724  2155 264528.858   95   12 289668.459 264528.858  8.68%  53.3  305s
  2401  1870 284950.110  107   14 426901.851 284950.110  33.3%  60.7  350s
  3075  2540 265531.669   76    9 407430.907 265531.669  34.8%  41.8  365s
  1619  1124 284950.110   85   11 445575.109 284950.110  36.0%  98.7  275s
  2182  1497 284833.096  200   18 426466.649 284833.096  33.2%  47.0  260s
  2622  2012 284579.270  196    9 426357.646 284579.270  33.3%  73.4  355s
  2092  1516 265567.046  145   10 291895.241 265567.046  9.02%   113  380s
  2454  1919 265567.045   77   12 291895.247 265567.045  9.02%  52.1  320s
H 2190  1499                    426449.58683 284833.096  33.2%  46.9  260s
  3167  2593 264570.135   79   14 407686.747 264570.135  35.1%  52.4  395s
  2262  1730 265665.316   66   36 408572.530 265665.316  35.0%   173  406s
  2458  1925 263746.035   84   26 406607.504 263746.035  35.1%  60.8  385s
  1427   996 284206.397  183   32 426987.572 284206.397  33.4%   115  270s
  2933  2397 284206.397   46   15 425816.207 284206.397  33.3%  58.3  345s
  3418  2874 263557.967  202   35 291332.894 263557.949  9.53%   106  415s
  1503  1007 284034.195  103   12 425657.923 284034.195  33.3%   111  280s
  4148  3615 264139.121  125   14 292007.217 264139.121  9.54%  45.1  410s
  2116  1576 265000.437   92   13 406531.509 265000.437  34.8%  41.5  300s
  2994  2455 263479.602  134   16 406022.827 263479.602  35.1%  70.6  405s
  2832  2297 263815.907  100   12 406839.430 263815.907  35.2%  61.7  390s
  3304  2716 265631.085  122   18 329474.214 265631.085  19.4%  41.6  400s
  2181  1648 284579.270   98   23 426365.537 284579.270  33.3%  49.2  315s
  2943  2393 265234.643  152    6 291333.695 265234.643  8.96%  51.3  365s
  2873  2337 282981.268   89   13 424909.490 282981.268  33.4%  39.7  335s
  2712  2180 282981.268   56   13 424533.444 282981.268  33.3%  34.1  375s
  1597  1095 284833.096  129   11 426447.164 284833.096  33.2%  75.3  325s
  2259  1724 262569.894  134   14 289668.460 262569.894  9.36%   107  395s
  2929  2397 264076.246  130   13 291895.164 264076.246  9.53%   116  420s
  2749  2216 264911.436   85   11 289812.981 264911.436  8.59%  43.0  295s
H 2190  1499                    426442.31442 284833.096  33.2%  46.9  264s
  2749  2217 265531.676   44   10 407486.874 265531.676  34.8%  48.6  345s
  2794  2225 264528.858   96   12 289668.459 264528.858  8.68%  52.5  310s
  2563  2027 265000.438  147   12 291332.895 265000.438  9.04%  43.2  380s
  2294  1762 265665.316   68   46 408572.530 265665.316  35.0%   174  410s
  2761  2134 264482.022  177   11 363321.795 264482.022  27.2%   109  404s
  2447  1916 284950.110  112   13 426901.851 284950.110  33.3%  62.6  355s
  2205  1514 284833.096  211   20 426442.314 284833.096  33.2%  46.7  265s
  2763  2136 264482.022  175   13 363321.795 264482.022  27.2%   109  405s
  1631  1132 284950.110   83   11 445575.109 284950.110  36.0%  98.1  280s
  2662  2052 284579.270  200    9 426357.646 284579.270  33.3%  72.6  360s
  2518  1983 265567.045   72   10 291895.247 265567.045  9.02%  51.7  325s
  2128  1552 265567.046   81   44 291895.241 265567.046  9.02%   114  385s
  3156  2621 265531.669   71   11 407430.907 265531.669  34.8%  41.2  371s
  1459  1015 284206.397  162    6 426987.572 284206.397  33.4%   120  275s
  2500  1967 263746.035   89   13 406607.504 263746.035  35.1%  60.1  390s
  3236  2662 264570.135   81   16 407686.747 264570.135  35.1%  51.6  400s
  2995  2459 284206.397   51   11 425816.207 284206.397  33.3%  57.7  350s
  3471  2927 263557.950  209   28 291332.894 263557.949  9.53%   105  420s
  1568  1051 284034.195  100   44 425657.923 284034.195  33.3%   109  285s
  4220  3687 264139.121  123   12 292007.217 264139.121  9.54%  44.7  415s
  3086  2547 263479.602  136   22 406022.827 263479.602  35.1%  69.0  410s
  2867  2332 263815.907  102   12 406839.430 263815.907  35.2%  61.1  395s
  3344  2752 265631.085  122   12 329474.214 265631.085  19.4%  41.2  405s
  2234  1701 284579.270  106   15 426365.537 284579.270  33.3%  48.6  320s
  2162  1622 265000.437   88   11 406531.509 265000.437  34.8%  40.9  305s
  2975  2425 265234.643  157    6 291333.695 265234.643  8.96%  51.5  370s
  2949  2413 282981.268   93   11 424909.490 282981.268  33.4%  39.1  340s
  2741  2209 282981.268   70   23 424533.444 282981.268  33.3%  34.0  380s
  1645  1127 284833.096   92   33 426447.164 284833.096  33.2%  73.8  330s
  1534   936 265059.182   26   58 408184.273 265059.182  35.1%   599  420s
  2776  2243 264911.436   96   11 289812.981 264911.436  8.59%  42.7  300s
  2958  2426 264076.246  132   11 291895.164 264076.246  9.53%   116  425s
  2775  2243 265531.676   49   14 407486.874 265531.676  34.8%  48.4  350s
  2822  2253 264528.858   97   12 289668.459 264528.858  8.68%  52.2  315s
  2321  1789 265665.316   70   34 408572.530 265665.316  35.0%   174  415s
  2606  2070 265000.438  147   18 291332.895 265000.438  9.04%  42.7  385s
  2274  1555 284833.096  239   26 426442.314 284833.096  33.2%  45.6  270s
  2798  2171 264482.022  170   11 363321.795 264482.022  27.2%   108  410s
  1692  1173 284950.110   44   11 445575.109 284950.110  36.0%  95.2  285s
  2451  1920 284950.110  110   14 426901.851 284950.110  33.3%  63.0  360s
  2694  2084 284579.270  189    9 426357.646 284579.270  33.3%  72.1  365s
  2160  1580 265567.046   97   22 291895.241 265567.046  9.02%   115  390s
  2560  2025 265567.045   75   10 291895.247 265567.045  9.02%  51.3  330s
  3210  2675 265531.669   73    9 407430.907 265531.669  34.8%  40.9  376s
  1499  1042 284206.397  164   46 426987.572 284206.397  33.4%   131  280s
  2305  1770 262569.894  132   14 289668.460 262569.894  9.36%   105  402s
  2538  2005 263746.035   83   13 406607.504 263746.035  35.1%  59.5  395s
  3524  2980 263557.966  202   31 291332.894 263557.949  9.53%   105  425s
  3076  2540 284206.397   59    9 425816.207 284206.397  33.3%  56.9  355s
  1616  1083 284034.195   95   36 425657.923 284034.195  33.3%   106  290s
  3263  2689 264570.135   85   14 407686.747 264570.135  35.1%  51.3  406s
  2213  1673 265000.437   95   11 406531.509 265000.437  34.8%  40.3  310s
  3136  2597 263479.602  141   14 406022.827 263479.602  35.1%  68.3  415s
  2911  2376 263815.907   96   22 406839.430 263815.907  35.2%  60.6  400s
  3398  2802 265631.085  117   12 329474.214 265631.085  19.4%  40.8  410s
  2294  1761 284579.270   74   15 426365.537 284579.270  33.3%  47.8  325s
  3021  2471 265234.643  148    6 291333.695 265234.643  8.96%  51.2  375s
  3056  2520 282981.268   94   13 424909.490 282981.268  33.4%  38.3  345s
  2789  2257 282981.268   73   13 424533.444 282981.268  33.3%  33.7  385s
  4235  3702 264139.121  124   12 292007.217 264139.121  9.54%  44.6  421s
  2820  2288 265531.676   48   47 407486.874 265531.676  34.8%  48.1  355s
  1708  1174 284833.096   72   27 426447.164 284833.096  33.2%  71.7  335s
  2335  1800 262569.894  141   14 289668.460 262569.894  9.36%   104  405s
  3002  2470 264076.246  129   11 291895.164 264076.246  9.53%   115  430s
  2830  2297 264911.436  100   11 289812.981 264911.436  8.59%  42.1  305s
  1552   954 267473.737   29  152 408184.273 265059.182  35.1%   601  425s
  2898  2329 264528.858  107   12 289668.459 264528.858  8.68%  51.3  320s
  2481  1950 284950.110  109   18 426901.851 284950.110  33.3%  65.3  365s
  2644  2108 265000.438  139   12 291332.895 265000.438  9.04%  42.3  390s
  2852  2223 264482.022  176   11 363321.795 264482.022  27.2%   106  415s
  1772  1226 284950.110   74    9 445575.109 284950.110  36.0%  91.8  290s
  2340  1587 284833.096  266   20 426442.314 284833.096  33.2%  45.2  275s
  2352  1820 265665.316   70   10 408572.530 265665.316  35.0%   175  420s
  2747  2137 284579.270  182    9 426357.646 284579.270  33.3%  71.2  370s
  2204  1624 265567.046   90   28 291895.241 265567.046  9.02%   113  395s
  3278  2704 264570.135   86   17 407686.747 264570.135  35.1%  51.2  410s
  1531  1057 284206.397  181   26 426987.572 284206.397  33.4%   139  285s
  2596  2063 263746.035   78   13 406607.504 263746.035  35.1%  58.5  400s
  3094  2558 284206.397   61   15 425816.207 284206.397  33.3%  56.8  360s
  3575  3031 263557.967  210   33 291332.894 263557.949  9.53%   104  430s
  1644  1106 284034.195   99   14 425657.923 284034.195  33.3%   105  295s
  3264  2729 265531.669   66   11 407430.907 265531.669  34.8%  40.6  381s
  4283  3750 264139.121  117   14 292007.217 264139.121  9.54%  44.4  425s
  2245  1705 265000.437   96   15 406531.509 265000.437  34.8%  39.9  315s
  3169  2630 263479.602  123    9 406022.827 263479.602  35.1%  67.7  420s
  2952  2417 263815.907   98   20 406839.430 263815.907  35.2%  60.2  405s
H 3586  3040                    291332.87499 263557.949  9.53%   104  431s
  3447  2851 265631.085  121   14 329474.214 265631.085  19.4%  40.5  415s
  2357  1824 284579.270   82   13 426365.537 284579.270  33.3%  47.1  330s
  3080  2530 265234.643  156    6 291333.695 265234.643  8.96%  51.0  380s
  2841  2309 282981.268   72   13 424533.444 282981.268  33.3%  33.4  390s
  3153  2617 282981.268   83   12 424909.490 282981.268  33.4%  37.7  350s
  2862  2330 265531.676   56   12 407486.874 265531.676  34.8%  47.8  360s
  1741  1207 284833.096   82   13 426447.164 284833.096  33.2%  70.7  340s
  2594  2059 265567.045   61   12 291895.247 265567.045  9.02%  51.0  338s
  3047  2515 264076.246  132   13 291895.164 264076.246  9.53%   115  435s
  2368  1833 262569.894  145   16 289668.460 262569.894  9.36%   103  410s
  2905  2372 264911.436  100   11 289812.981 264911.436  8.59%  41.4  310s
  1569   971 272052.572   31  159 408184.273 265059.182  35.1%   608  430s
  2387  1855 265665.316   72   10 408572.530 265665.316  35.0%   176  425s
  2709  2173 265000.438  137   12 291332.895 265000.438  9.04%  41.6  395s
  2519  1988 284950.110  110   14 426901.851 284950.110  33.3%  66.8  370s
  2961  2392 264528.858  115   14 289668.459 264528.858  8.68%  50.6  325s
  1845  1275 284950.110   55    9 445575.109 284950.110  36.0%  89.0  295s
  2881  2252 264482.022  180   16 363321.795 264482.022  27.2%   106  420s
  2377  1608 284833.096  105   20 426442.314 284833.096  33.2%  46.0  280s
  2804  2194 284579.270  163    9 426357.646 284579.270  33.3%  70.1  375s
  3318  2783 265531.669   74   27 407430.907 265531.669  34.8%  40.2  385s
  2614  2079 265567.045   66   12 291895.247 265567.045  9.02%  50.8  340s
  2650  2117 263746.035   74   32 406607.504 263746.035  35.1%  57.7  405s
  3151  2615 284206.397   72   11 425816.207 284206.397  33.3%  56.3  365s
  3625  3081 263557.949  200   11 291332.875 263557.949  9.53%   104  435s
  4348  3815 264139.121  126   16 292007.217 264139.121  9.54%  44.0  430s
  1697  1159 284034.195  101   12 425657.923 284034.195  33.3%   104  300s
  3210  2671 263479.602  127    9 406022.827 263479.602  35.1%  67.1  425s
  2994  2459 263815.907  104   12 406839.430 263815.907  35.2%  59.6  410s
  2260  1720 265000.437   87   11 406531.509 265000.437  34.8%  39.7  320s
  3503  2907 265631.085  117   12 329474.214 265631.085  19.4%  40.2  420s
  3344  2770 264570.135   90   16 407686.747 264570.135  35.1%  50.5  417s
  2425  1892 284579.270   80   17 426365.537 284579.270  33.3%  46.3  335s
  1548  1064 284206.397  180   45 426987.572 284206.397  33.4%   143  292s
  3139  2589 265234.643  157   10 291333.695 265234.643  8.96%  50.7  385s
  2900  2368 282981.268   50   16 424533.444 282981.268  33.3%  33.0  395s
  2924  2392 265531.676   53   12 407486.874 265531.676  34.8%  47.4  365s
  1778  1244 284833.096   87   13 426447.164 284833.096  33.2%  69.7  345s
  2420  1885 262569.894  153   14 289668.460 262569.894  9.36%   101  415s
  1587   989 265898.526   34  175 408184.273 265059.182  35.1%   613  435s
  2981  2448 264911.436   87   11 289812.981 264911.436  8.59%  40.8  315s
  3099  2567 264076.246  119   11 291895.164 264076.246  9.53%   114  440s
H 2841  2229                    426339.70066 284579.270  33.3%  69.4  378s
  3008  2439 264528.858  111   26 289668.459 264528.858  8.68%  50.1  330s
  2747  2211 265000.438  140   14 291332.895 265000.438  9.04%  41.2  400s
  2430  1898 265665.316   76   36 408572.530 265665.316  35.0%   175  430s
  2546  2015 284950.110  114   27 426901.851 284950.110  33.3%  68.0  375s
  3252  2716 282981.268   97   15 424909.490 282981.268  33.4%  37.1  356s
  2407  1638 284833.096  120   12 426442.314 284833.096  33.2%  45.6  285s
  2918  2289 264482.022  185   11 363321.795 264482.022  27.2%   105  425s
  1896  1314 284950.110   56   11 445575.109 284950.110  36.0%  87.1  300s
  3365  2830 265531.669   80    9 407430.907 265531.669  34.8%  40.0  390s
  2852  2242 284579.270  160    9 426339.701 284579.270  33.3%  69.2  380s
  2657  2122 265567.045   47   10 291895.247 265567.045  9.02%  50.3  345s
  3373  2799 264570.135   85   14 407686.747 264570.135  35.1%  50.2  420s
  1583  1082 284206.397  175   42 426987.572 284206.397  33.4%   149  295s
  2211  1631 265567.046  122   34 291895.241 265567.046  9.02%   113  405s
  2674  2141 263746.035   54   13 406607.504 263746.035  35.1%  57.3  410s
  3229  2693 284206.397   75   11 425816.207 284206.397  33.3%  56.0  370s
  3662  3118 263557.949  171    9 291332.875 263557.949  9.53%   103  440s
  1727  1189 284034.195  105   16 425657.923 284034.195  33.3%   103  305s
  4411  3878 264139.121  124   12 292007.217 264139.121  9.54%  43.7  435s
  2299  1759 265000.437   93   11 406531.509 265000.437  34.8%  39.4  325s
  3283  2744 263479.602  134    9 406022.827 263479.602  35.1%  66.0  430s
  3048  2513 263815.907  105   17 406839.430 263815.907  35.2%  58.9  415s
  3565  2969 265631.085  111   14 329474.214 265631.085  19.4%  39.7  425s
  2938  2406 282981.268   71   13 424533.444 282981.268  33.3%  32.8  400s
  1824  1290 284833.096   89   11 426447.164 284833.096  33.2%  68.5  350s
  3288  2752 282981.268   95   14 424909.490 282981.268  33.4%  36.9  360s
  2460  1925 262569.894  158   27 289668.460 262569.894  9.36%   100  420s
  3130  2598 264076.246  121   69 291895.164 264076.246  9.53%   114  445s
  3064  2531 264911.436   93   11 289812.981 264911.436  8.59%  40.0  320s
  3172  2622 265234.643  158   10 291333.695 265234.643  8.96%  50.6  391s
  1606  1008 265059.182   24   48 408184.273 265059.182  35.1%   616  440s
  2958  2426 265531.676   52   10 407486.874 265531.676  34.8%  47.0  370s
  3097  2528 264528.858  111   12 289668.459 264528.858  8.68%  49.2  335s
  2585  2054 284950.110  105   14 426901.851 284950.110  33.3%  68.8  380s
  2471  1938 284579.270   85   13 426365.537 284579.270  33.3%  45.7  341s
  3425  2890 265531.669   72   11 407430.907 265531.669  34.8%  39.7  395s
  2482  1711 284833.096  144    9 426442.314 284833.096  33.2%  46.2  290s
  2957  2326 264482.022  189   15 363321.795 264482.022  27.2%   104  430s
  1943  1361 284950.110   64    9 445575.109 284950.110  36.0%  85.4  305s
  2895  2285 284579.270  165    9 426339.701 284579.270  33.3%  68.4  385s
  2235  1653 265567.046  106   34 291895.241 265567.046  9.02%   113  410s
  2713  2178 265567.045   43   10 291895.247 265567.045  9.02%  49.7  350s
  3456  2882 264570.135   78   16 407686.747 264570.135  35.1%  49.4  425s
  1627  1109 284206.680  162   55 426987.572 284206.397  33.4%   159  300s
  2714  2181 263746.035   80   22 406607.504 263746.035  35.1%  56.7  415s
  3291  2755 284206.397   81   13 425816.207 284206.397  33.3%  55.6  375s
  1797  1259 284034.195   99   14 425657.923 284034.195  33.3%   101  310s
  3710  3166 263557.949  167    9 291332.875 263557.949  9.53%   103  445s
  4474  3941 264139.121  126   14 292007.217 264139.121  9.54%  43.4  440s
  2472  1940 265665.316   71   37 408572.530 265665.316  35.0%   175  437s
  2364  1824 265000.437   93   11 406531.509 265000.437  34.8%  38.7  330s
  3331  2792 263479.602  129   16 406022.827 263479.602  35.1%  65.4  435s
  3089  2554 263815.907  125   12 406839.430 263815.907  35.2%  58.3  420s
  2785  2249 265000.438  146   12 291332.895 265000.438  9.04%  40.8  408s
  3631  3035 265631.085  111   14 329474.214 265631.085  19.4%  39.3  430s
  2506  1973 284579.270   90   17 426365.537 284579.270  33.3%  45.4  345s
  3231  2681 265234.643  162    8 291333.695 265234.643  8.96%  50.4  395s
  3369  2833 282981.268   96   15 424909.490 282981.268  33.4%  36.3  365s
  2963  2431 282981.268   77   13 424533.444 282981.268  33.3%  32.7  405s
H 3345  2804                    406022.80311 263479.602  35.1%  65.2  436s
  2992  2460 265531.676   50   14 407486.874 265531.676  34.8%  46.8  375s
  1851  1317 284833.096   92   13 426447.164 284833.096  33.2%  67.8  355s
  1623  1022 265059.182   31   59 408184.273 265059.182  35.1%   618  445s
  2507  1972 262569.894  144   43 289668.460 262569.894  9.36%  98.5  425s
  3137  2604 264911.436   96   11 289812.981 264911.436  8.59%  39.4  325s
  2489  1957 265665.316   73   10 408572.530 265665.316  35.0%   175  440s
  2795  2259 265000.438  147   14 291332.895 265000.438  9.04%  40.7  410s
  3156  2587 264528.858  109   16 289668.459 264528.858  8.68%  48.7  340s
  2615  2084 284950.110   96   14 426901.851 284950.110  33.3%  68.8  385s
  2558  1787 284833.096  157   10 426442.314 284833.096  33.2%  45.3  295s
  1957  1375 284950.110   54    9 445575.109 284950.110  36.0%  85.0  310s
  3480  2945 265531.669   74   27 407430.907 265531.669  34.8%  39.4  400s
  3005  2368 264482.022  194   38 363321.795 264482.022  27.2%   103  435s
  2925  2315 284579.270  168   11 426339.701 284579.270  33.3%  67.9  390s
  2265  1683 265567.046  121   32 291895.241 265567.046  9.02%   113  415s
  2755  2220 265567.045   47   10 291895.247 265567.045  9.02%  49.2  355s
  1672  1139 284206.397  130    8 426987.572 284206.397  33.4%   164  305s
  2768  2235 263746.035   87   13 406607.504 263746.035  35.1%  56.0  420s
  3774  3230 263557.949  171    7 291332.875 263557.949  9.53%   102  450s
  1849  1311 284034.195  100   12 425657.923 284034.195  33.3%   100  315s
  4535  4002 264139.121  126   18 292007.217 264139.121  9.54%  43.1  445s
  3346  2810 284206.397   87    9 425816.207 284206.397  33.3%  55.2  380s
  2428  1888 265000.437   86   15 406531.509 265000.437  34.8%  38.1  335s
  3170  2638 264076.246  126   11 291895.164 264076.246  9.53%   114  453s
  3684  3088 265631.085  102   12 329474.214 265631.085  19.4%  38.9  435s
  2564  2031 284579.270   96   13 426365.537 284579.270  33.3%  44.8  350s
  3285  2735 265234.643  157    6 291333.695 265234.643  8.96%  50.2  400s
H 2597  1824                    426436.77393 284833.096  33.2%  45.1  298s
  3506  2932 264570.135   84   14 407686.747 264570.135  35.1%  49.0  432s
  3477  2941 282981.268  103   13 424909.490 282981.268  33.4%  35.7  370s
  3063  2531 265531.676   55   12 407486.874 265531.676  34.8%  46.2  380s
  1888  1354 284833.096   89   29 426447.164 284833.096  33.2%  66.9  360s
  2965  2433 282981.268   78   15 424533.444 282981.268  33.3%  32.7  410s
H 1698  1134                    426777.08742 284206.397  33.4%   168  307s
  3188  2655 264911.436   99   11 289812.981 264911.436  8.59%  39.0  330s
  3180  2648 264076.246  128   11 291895.164 264076.246  9.53%   114  455s
  3372  2833 263479.602  134    9 406022.803 263479.602  35.1%  64.8  442s
  3103  2568 263815.907  132   12 406839.430 263815.907  35.2%  58.1  426s
  3218  2649 264528.858  107   16 289668.459 264528.858  8.68%  48.1  345s
  2529  1997 265665.316   73   10 408572.530 265665.316  35.0%   174  445s
  2833  2297 265000.438  148   14 291332.895 265000.438  9.04%  40.3  415s
  2560  2025 262569.894  139   14 289668.460 262569.894  9.36%  96.8  430s
  2671  2140 284950.110   94   14 426901.851 284950.110  33.3%  67.7  390s
  1983  1401 284950.110   69    9 445575.109 284950.110  36.0%  84.1  315s
  3041  2393 264482.022  197   33 363321.795 264482.022  27.2%   104  440s
  2311  1725 265567.046   71   62 291895.241 265567.046  9.02%   116  420s
  2806  2271 265567.045   45   10 291895.247 265567.045  9.02%  48.7  360s
  1700  1138 284206.397  136    6 426777.087 284206.397  33.4%   168  310s
  3533  2959 264570.135   78   14 407686.747 264570.135  35.1%  48.7  435s
  1642  1039 265059.182   18   39 408184.273 265059.182  35.1%   622  452s
  2814  2281 263746.035   90   13 406607.504 263746.035  35.1%  55.3  425s
  3393  2857 284206.397   89    9 425816.207 284206.397  33.3%  54.9  385s
  1915  1377 284034.195   96   14 425657.923 284034.195  33.3%  97.9  320s
  3827  3283 263557.949  178    7 291332.875 263557.949  9.53%   101  455s
  2958  2348 284579.270  168    9 426339.701 284579.270  33.3%  67.3  396s
  4639  4106 264139.121  135   16 292007.217 264139.121  9.54%  42.6  450s
  3373  2834 263479.602  141   14 406022.803 263479.602  35.1%  64.8  445s
  3136  2601 263815.907  103   12 406839.430 263815.907  35.2%  57.8  430s
  2461  1921 265000.437   92   11 406531.509 265000.437  34.8%  37.8  340s
  3737  3141 265631.085   95   18 329474.214 265631.085  19.4%  38.6  440s
  2629  2096 284579.270   85   13 426365.537 284579.270  33.3%  44.2  355s
  3349  2799 265234.643  161   10 291333.695 265234.643  8.96%  49.9  405s
  3003  2471 282981.268   61   13 424533.444 282981.268  33.3%  32.5  415s
  3558  3022 282981.268   97   15 424909.490 282981.268  33.4%  35.2  375s
  1932  1398 284833.096   96   29 426447.164 284833.096  33.2%  65.9  365s
  3232  2700 264076.246  136   11 291895.164 264076.246  9.53%   113  460s
  2619  2084 262569.894  133   14 289668.460 262569.894  9.36%  94.9  435s
  3214  2681 264911.436  102   22 289812.981 264911.436  8.59%  38.8  335s
  3120  2588 265531.676   51   10 407486.874 265531.676  34.8%  45.7  385s
  2597  1826 284833.096  161    8 426436.774 284833.096  33.2%  45.1  304s
  3294  2725 264528.858  100   16 289668.459 264528.858  8.68%  47.5  350s
  3561  3026 265531.669   82    9 407430.907 265531.669  34.8%  39.1  409s
  2560  2028 265665.316   74   12 408572.530 265665.316  35.0%   174  450s
  2736  2205 284950.110   91   18 426901.851 284950.110  33.3%  66.3  395s
  3564  3029 265531.669   83   32 407430.907 265531.669  34.8%  39.1  410s
  2607  1836 284833.096  157    9 426436.774 284833.096  33.2%  45.0  305s
  2042  1458 284950.110   72    9 445575.109 284950.110  36.0%  82.0  320s
  2887  2351 265000.438  152   29 291332.895 265000.438  9.04%  39.9  420s
  3069  2420 264482.022  197   40 363321.795 264482.022  27.2%   106  445s
  2987  2377 284579.270  172   11 426339.701 284579.270  33.3%  66.8  400s
  2346  1760 265567.046   88   12 291895.241 265567.046  9.02%   117  425s
  3600  3026 264570.135   94   39 407686.747 264570.135  35.1%  48.1  440s
  2858  2323 265567.045   54   10 291895.247 265567.045  9.02%  48.1  365s
  2867  2334 263746.035   79   13 406607.504 263746.035  35.1%  54.6  430s
  3850  3303 263718.401  173   67 291332.875 263557.949  9.53%   102  460s
  3427  2891 284206.397   92   11 425816.207 284206.397  33.3%  55.0  390s
  4716  4183 264139.121   80   18 292007.217 264139.121  9.54%  42.2  455s
  1951  1413 284034.195   96   12 425657.923 284034.195  33.3%  97.4  325s
  2530  1990 265000.437   88   11 406531.509 265000.437  34.8%  37.2  345s
  3412  2873 263479.602  141   14 406022.803 263479.602  35.1%  64.3  450s
  3172  2637 263815.907  112   14 406839.430 263815.907  35.2%  57.4  435s
  1749  1187 284206.680  157   50 426777.087 284206.397  33.4%   180  316s
  3834  3238 265631.085   83   20 329474.214 265631.085  19.4%  38.1  445s
H 2062  1476                    445570.34679 284950.110  36.0%  81.4  322s
  2680  2147 284579.270   68   13 426365.537 284579.270  33.3%  43.7  360s
  3400  2850 265234.643  155    6 291333.695 265234.643  8.96%  49.8  410s
  3059  2527 282981.268   70   15 424533.444 282981.268  33.3%  32.3  420s
  3163  2631 265531.676   49   16 407486.874 265531.676  34.8%  45.4  390s
  1968  1434 284833.096   89   11 426447.164 284833.096  33.2%  65.1  370s
  2665  2130 262569.894  109   14 289668.460 262569.894  9.36%  93.5  440s
  3268  2736 264076.246  131   13 291895.164 264076.246  9.53%   113  465s
  3666  3130 282981.268  100   13 424909.490 282981.268  33.4%  34.6  380s
  3289  2756 264911.436   97   11 289812.981 264911.436  8.59%  38.3  340s
  2928  2392 265000.438  154   19 291332.895 265000.438  9.04%  39.5  425s
  2767  2236 284950.110   85   16 426901.851 284950.110  33.3%  65.8  400s
  3632  3097 265531.669   72    9 407430.907 265531.669  34.8%  38.9  415s
  2662  1891 284833.096  158    9 426436.774 284833.096  33.2%  44.4  310s
  2079  1495 284950.110   79   13 445570.347 284950.110  36.0%  80.8  325s
  3108  2452 264482.022  191   13 363321.795 264482.022  27.2%   107  450s
  3047  2437 284579.270  171    9 426339.701 284579.270  33.3%  65.8  405s
  2916  2381 265567.045   52   10 291895.247 265567.045  9.02%  47.6  370s
  2386  1799 265567.046   73   37 291895.241 265567.046  9.02%   121  430s
  3665  3091 264570.135   78   16 407686.747 264570.135  35.1%  47.6  445s
  2920  2387 263746.035   87   24 406607.504 263746.035  35.1%  54.0  435s
  1777  1215 284206.680  155   65 426777.087 284206.397  33.4%   186  320s
  3939  3303 264581.448  143  102 291332.875 263557.949  9.53%   103  465s
  4788  4255 264139.121   95   16 292007.217 264139.121  9.54%  42.0  460s
  1994  1456 284034.195  102   16 425657.923 284034.195  33.3%  96.1  330s
  2583  2043 265000.437   95   15 406531.509 265000.437  34.8%  36.7  350s
  3461  2922 263479.602  148   14 406022.803 263479.602  35.1%  63.7  455s
  3204  2669 263815.907  116   12 406839.430 263815.907  35.2%  57.1  440s
  3379  2808 264528.858   91   12 289668.459 264528.858  8.68%  46.9  357s
  2585  2053 265665.316   78   25 408572.530 265665.316  35.0%   173  457s
  3455  2919 284206.397   91   11 425816.207 284206.397  33.3%  54.8  396s
  1643  1040 265059.182   17   31 408184.273 265059.182  35.1%   621  463s
  3892  3296 265631.085   88   14 329474.214 265631.085  19.4%  37.8  450s
  2727  2194 284579.270   59   15 426365.537 284579.270  33.3%  43.2  365s
  3453  2903 265234.643  163    6 291333.695 265234.643  8.96%  49.6  415s
  3113  2581 282981.268   64   15 424533.444 282981.268  33.3%  32.0  425s
  3229  2697 265531.676   50   10 407486.874 265531.676  34.8%  45.0  395s
  2010  1476 284833.096  104   11 426447.164 284833.096  33.2%  64.1  375s
  3307  2775 264076.246  117   11 291895.164 264076.246  9.53%   114  470s
H 1646  1041                    408184.20991 265059.182  35.1%   621  465s
  3370  2837 264911.436   98   11 289812.981 264911.436  8.59%  37.7  345s
  2722  2187 262569.894  111   14 289668.460 262569.894  9.36%  91.8  445s
  3422  2851 264528.858  102   12 289668.459 264528.858  8.68%  46.6  360s
  2958  2422 265000.438  148   12 291332.895 265000.438  9.04%  39.3  430s
  2605  2073 265665.316   63   14 408572.530 265665.316  35.0%   173  460s
  2809  2278 284950.110   73   14 426901.851 284950.110  33.3%  65.1  405s
  3683  3148 265531.669   79   27 407430.907 265531.669  34.8%  38.6  420s
  2149  1563 284950.110   90   13 445570.347 284950.110  36.0%  78.6  330s
  3154  2485 264485.868  196   80 363321.795 264482.022  27.2%   108  455s
  2420  1833 265567.046   72   40 291895.241 265567.046  9.02%   122  435s
  3101  2491 284579.270  166   13 426339.701 284579.270  33.3%  64.9  410s
  3741  3167 264570.135   86   18 407686.747 264570.135  35.1%  47.1  450s
  2752  1981 284833.096  149    9 426436.774 284833.096  33.2%  43.5  316s
  2962  2429 263746.035   87   26 406607.504 263746.035  35.1%  53.4  440s
  3500  2964 284206.397   88   13 425816.207 284206.397  33.3%  54.5  400s
  2958  2423 265567.045   47   12 291895.247 265567.045  9.02%  47.1  375s
  2051  1513 284034.195   99   12 425657.923 284034.195  33.3%  94.4  335s
  4852  4319 264139.121   96   12 292007.217 264139.121  9.54%  41.7  465s
  3721  3185 282981.268   91   12 424909.490 282981.268  33.4%  34.4  389s
  3534  2995 263479.602  128    9 406022.803 263479.602  35.1%  62.7  460s
  3237  2702 263815.907  122   17 406839.430 263815.907  35.2%  56.7  445s
  3958  3362 265631.085   95   16 329474.214 265631.085  19.4%  37.5  455s
  2757  2224 284579.270   41   13 426365.537 284579.270  33.3%  42.8  370s
  2663  2123 265000.437   77   11 406531.509 265000.437  34.8%  36.0  356s
  3493  2943 265234.643  159    6 291333.695 265234.643  8.96%  49.5  420s
  3175  2643 282981.268   69   22 424533.444 282981.268  33.3%  31.8  430s
  1821  1257 284206.397  168   40 426777.087 284206.397  33.4%   193  327s
  3274  2742 265531.676   40   12 407486.874 265531.676  34.8%  44.7  400s
  3351  2819 264076.246  119   11 291895.164 264076.246  9.53%   114  475s
  1672  1069 267374.466   21  158 408184.210 265059.182  35.1%   621  470s
  3464  2931 264911.436   93   11 289812.981 264911.436  8.59%  37.0  350s
  3480  2909 264528.858  110   14 289668.459 264528.858  8.68%  46.2  365s
  2993  2457 265000.438  151   20 291332.895 265000.438  9.04%  39.1  435s
  2643  2111 265665.316   61   30 408572.530 265665.316  35.0%   172  465s
  2847  2316 284950.110   78   14 426901.851 284950.110  33.3%  64.5  410s
  3748  3213 265531.669   74    9 407430.907 265531.669  34.8%  38.3  425s
  2784  2013 284833.096  154    9 426436.774 284833.096  33.2%  43.1  320s
  2214  1624 284950.110   75   13 445570.347 284950.110  36.0%  76.7  335s
  3188  2515 264482.022  196   36 363321.795 264482.022  27.2%   107  460s
  3747  3211 282981.268   93   11 424909.490 282981.268  33.4%  34.2  391s
  2459  1870 265567.046   74   43 291895.241 265567.046  9.02%   126  440s
  3163  2553 284579.270  168   11 426339.701 284579.270  33.3%  64.0  415s
  3010  2475 265567.045   55   10 291895.247 265567.045  9.02%  46.6  380s
H 2777  2242                    426361.78808 284579.270  33.3%  42.6  372s
  3787  3213 264570.135   88   16 407686.747 264570.135  35.1%  46.7  455s
  1832  1268 284206.397  176   14 426777.087 284206.397  33.4%   195  330s
  3002  2469 263746.035   83   24 406607.504 263746.035  35.1%  52.9  445s
  2046  1510 284833.096  111   11 426447.164 284833.096  33.2%  63.3  382s
  3616  3080 284206.397  103   43 425816.207 284206.397  33.3%  53.7  405s
  2745  2210 262569.894  114   16 289668.460 262569.894  9.36%  91.1  453s
  2054  1516 284034.195  100   12 425657.923 284034.195  33.3%  94.3  340s
  4909  4376 264139.121  102   12 292007.217 264139.121  9.54%  41.4  470s
  3601  3062 263479.602  136   14 406022.803 263479.602  35.1%  61.9  465s
  3299  2764 263815.907  132   17 406839.430 263815.907  35.2%  55.9  450s
H 3615  3074                    406022.37011 263479.602  35.1%  61.8  465s
  4013  3417 265631.085  101   18 329474.214 265631.085  19.4%  37.3  460s
  2777  2244 284579.270   45   15 426361.788 284579.270  33.3%  42.6  375s
  3550  3000 265234.643  157   16 291333.695 265234.643  8.96%  49.8  425s
  3826  3290 282981.268   87   12 424909.490 282981.268  33.4%  33.9  395s
  2682  2142 265000.437   70   15 406531.509 265000.437  34.8%  35.9  361s
  3207  2675 282981.268   61   15 424533.444 282981.268  33.3%  31.7  435s
  2068  1532 284833.096  114   28 426447.164 284833.096  33.2%  62.8  385s
  3352  2820 265531.676   41   12 407486.874 265531.676  34.8%  44.2  405s
  3392  2860 264076.246  117   24 291895.164 264076.246  9.53%   113  480s
  2755  2220 262569.894  115   14 289668.460 262569.894  9.36%  90.8  455s
  3552  3019 264911.436  102   22 289812.981 264911.436  8.59%  36.5  355s
  1689  1085 265059.182   22   92 408184.210 265059.182  35.1%   622  475s
  3586  3015 264528.858  118   12 289668.459 264528.858  8.68%  45.5  370s
  3023  2487 265000.438  146   12 291332.895 265000.438  9.04%  38.8  440s
  2670  2138 265665.316   70   37 408572.530 265665.316  35.0%   171  470s
  3791  3256 265531.669   81   24 407430.907 265531.669  34.8%  38.1  430s
  2857  2086 284833.096  149    9 426436.774 284833.096  33.2%  42.4  325s
  2290  1700 284950.110   79    9 445570.347 284950.110  36.0%  74.7  340s
  3215  2534 264482.022  187   43 363321.795 264482.022  27.2%   110  465s
  3206  2596 284579.270  172    9 426339.701 284579.270  33.3%  63.4  420s
  2494  1905 265567.046   70   37 291895.241 265567.046  9.02%   129  445s
  1885  1319 284206.397  186   16 426777.087 284206.397  33.4%   191  335s
  3065  2530 265567.045   57   10 291895.247 265567.045  9.02%  46.3  385s
  2127  1589 284034.195   97   38 425657.923 284034.195  33.3%  92.4  345s
  3669  3133 284206.397  112   13 425816.207 284206.397  33.3%  53.4  410s
  4964  4431 264139.121  108   12 292007.217 264139.121  9.54%  41.2  475s
H 4483  2771                    291332.87491 263557.949  9.53%  91.6  480s
  3046  2513 263746.035   79   13 406607.504 263746.035  35.1%  52.4  450s
  2732  2192 265000.437   82   13 406531.509 265000.437  34.8%  35.5  365s
  3648  3109 263479.602  142   16 406022.370 263479.602  35.1%  61.4  470s
  3347  2812 263815.907  140   17 406839.430 263815.907  35.2%  55.4  455s
  2849  2316 284579.270   49   13 426361.788 284579.270  33.3%  41.8  380s
  3930  3394 282981.268   92   14 424909.490 282981.268  33.4%  33.4  400s
  3252  2720 282981.268   60   13 424533.444 282981.268  33.3%  31.5  440s
  3412  2880 265531.676   38   10 407486.874 265531.676  34.8%  43.9  410s
  3439  2907 264076.246  116   11 291895.164 264076.246  9.53%   114  485s
H 3669  3128                    406021.91368 263479.602  35.1%  61.2  471s
  2790  2255 262569.894  116   14 289668.460 262569.894  9.36%  89.9  460s
  3646  3113 264911.436   99   11 289812.981 264911.436  8.59%  35.9  360s
  2885  2354 284950.110   81   14 426901.851 284950.110  33.3%  63.8  419s
  1702  1097 265059.182   31   25 408184.210 265059.182  35.1%   625  480s
  4053  3457 265631.085  104   18 329474.214 265631.085  19.4%  37.2  466s
  2100  1564 284833.096  111   11 426447.164 284833.096  33.2%  62.1  390s
  3660  3089 264528.858  103   22 289668.459 264528.858  8.68%  45.0  375s
H 3793  3217                    407686.74604 264570.135  35.1%  46.6  463s
  3066  2530 265000.438  151   19 291332.895 265000.438  9.04%  38.5  445s
  2711  2179 265665.316   66   14 408572.530 265665.316  35.0%   171  475s
  2889  2358 284950.110   80   16 426901.851 284950.110  33.3%  63.7  420s
  3852  3317 265531.669   64    9 407430.907 265531.669  34.8%  37.9  435s
  2943  2170 284833.096  158    8 426436.774 284833.096  33.2%  41.5  330s
  2530  1939 265567.046   80   18 291895.241 265567.046  9.02%   129  450s
  3119  2584 265567.045   63   10 291895.247 265567.045  9.02%  46.0  390s
  2349  1759 284950.110   83    9 445570.347 284950.110  36.0%  73.2  345s
  1947  1379 284206.397   55   10 426777.087 284206.397  33.4%   187  340s
  3591  3041 265234.643  161   10 291333.695 265234.643  8.96%  49.9  433s
  3075  2542 263746.035   81   26 406607.504 263746.035  35.1%  52.0  455s
  3726  3190 284206.397  102   11 425816.207 284206.397  33.3%  53.0  415s
  5025  4492 264139.121  116   12 292007.217 264139.121  9.54%  41.0  480s
  3803  3229 264570.135   80   16 407686.746 264570.135  35.1%  46.6  466s
  3271  2661 284579.270  174    9 426339.701 284579.270  33.3%  62.4  426s
  2799  2259 265000.437   89   15 406531.509 265000.437  34.8%  35.0  370s
  3380  2845 263815.907  153   12 406839.430 263815.907  35.2%  55.1  460s
  4861  2447 263557.949   82   29 291332.875 263557.949  9.53%  85.0  485s
  3696  3157 263479.602  119    9 406021.914 263479.602  35.1%  60.9  475s
  2183  1645 284034.195   97   53 425657.923 284034.195  33.3%  92.2  351s
  4106  3510 265631.085  110   14 329474.214 265631.085  19.4%  37.1  470s
  3610  3060 265234.643  157    8 291333.695 265234.643  8.96%  49.9  435s
  4036  3500 282981.268   99   11 424909.490 282981.268  33.4%  32.9  405s
  2911  2378 284579.270   55   15 426361.788 284579.270  33.3%  41.2  385s
  2137  1599 284833.096  114   21 426447.164 284833.096  33.2%  61.5  395s
  2839  2304 262569.894  119   14 289668.460 262569.894  9.36%  88.6  465s
  3487  2955 264076.246  117   20 291895.164 264076.246  9.53%   114  490s
  1719  1114 265059.182   33   30 408184.210 265059.182  35.1%   624  485s
  3463  2931 265531.676   44   36 407486.874 265531.676  34.8%  43.6  415s
  3288  2756 282981.268   64   15 424533.444 282981.268  33.3%  31.3  445s
  3722  3189 264911.436   97   11 289812.981 264911.436  8.59%  35.5  365s
  3722  3151 264528.858  122   12 289668.459 264528.858  8.68%  44.6  380s
  3132  2596 265000.438  148   12 291332.895 265000.438  9.04%  38.0  450s
  2944  2413 284950.110   97   16 426901.851 284950.110  33.3%  62.8  425s
  2754  2222 265665.316   68   12 408572.530 265665.316  35.0%   173  480s
  3911  3376 265531.669   72   27 407430.907 265531.669  34.8%  37.7  440s
  2410  1820 284950.110   88    9 445570.347 284950.110  36.0%  71.8  350s
  3315  2705 284579.270  176   13 426339.701 284579.270  33.3%  61.9  430s
  3163  2628 265567.045   58   18 291895.247 265567.045  9.02%  45.7  395s
  2958  2185 284833.096  162    8 426436.774 284833.096  33.2%  41.4  335s
  2563  1972 265567.046   84   43 291895.241 265567.046  9.02%   130  455s
  3844  3270 264570.135   80   16 407686.746 264570.135  35.1%  46.3  470s
  1998  1430 284206.397  182   20 426777.087 284206.397  33.4%   184  345s
  3126  2593 263746.035   83   13 406607.504 263746.035  35.1%  51.5  460s
  3795  3259 284206.397  103   11 425816.207 284206.397  33.3%  52.6  420s
  5203  2135 263557.949   81   27 291332.875 263557.949  9.53%  79.7  490s
  2225  1687 284034.195  101   18 425657.923 284034.195  33.3%  92.2  355s
  3238  2557 264482.022  181   17 363321.795 264482.022  27.2%   111  476s
  2877  2337 265000.437   85   15 406531.509 265000.437  34.8%  34.4  375s
  3750  3211 263479.602  127   11 406021.914 263479.602  35.1%  60.2  480s
  3437  2902 263815.907  159   12 406839.430 263815.907  35.2%  54.6  465s
  4184  3588 265631.085  118   20 329474.214 265631.085  19.4%  37.1  475s
  3685  3135 265234.643  160   14 291333.695 265234.643  8.96%  50.1  440s
  3322  2790 282981.268   58   13 424533.444 282981.268  33.3%  31.1  450s
  3529  2997 265531.676   59   12 407486.874 265531.676  34.8%  43.2  420s
  2900  2365 262569.894  128   16 289668.460 262569.894  9.36%  87.0  470s
  2172  1634 284833.096  128   21 426447.164 284833.096  33.2%  60.8  400s
  1734  1127 286175.866   35  119 408184.210 265059.182  35.1%   626  490s
  3810  3277 264911.436   99   24 289812.981 264911.436  8.59%  35.0  370s
  3490  2958 264076.246  119   11 291895.164 264076.246  9.53%   114  495s
  3803  3230 264528.858  114   14 289668.459 264528.858  8.68%  44.1  385s
  2785  2253 265665.316   72   12 408572.530 265665.316  35.0%   172  485s
  2976  2445 284950.110   94   14 426901.851 284950.110  33.3%  62.2  430s
  3960  3425 265531.669   75   13 407430.907 265531.669  34.8%  37.5  445s
  4152  3616 282981.268  105   13 424909.490 282981.268  33.4%  32.4  411s
  2466  1876 284950.110   83    9 445570.347 284950.110  36.0%  70.6  355s
  3257  2575 264482.022  170   40 363321.795 264482.022  27.2%   112  480s
  3211  2676 265567.045   68   20 291895.247 265567.045  9.02%  45.5  400s
  2588  1997 265567.046   88   18 291895.241 265567.046  9.02%   130  460s
  2055  1485 284206.502  202   40 426777.087 284206.397  33.4%   181  350s
  3170  2637 263746.035   83   26 406607.504 263746.035  35.1%  51.0  465s
  3049  2276 284833.096  166    8 426436.774 284833.096  33.2%  40.8  341s
  3864  3328 284206.397  111    9 425816.207 284206.397  33.3%  52.3  425s
  3372  2762 284579.270  174   13 426339.701 284579.270  33.3%  61.1  435s
  5045  4512 264139.121  117   12 292007.217 264139.121  9.54%  41.0  489s
  2958  2425 284579.270   62   13 426361.788 284579.270  33.3%  40.8  393s
  5046  4513 264139.121  117   12 292007.217 264139.121  9.54%  40.9  490s
  3884  3310 264570.135   86   17 407686.746 264570.135  35.1%  46.0  476s
  5458  2002 263557.949   89   11 291332.875 263557.949  9.53%  76.5  495s
  2936  2396 265000.437   85   15 406531.509 265000.437  34.8%  34.1  380s
  3817  3278 263479.602  126   24 406021.914 263479.602  35.1%  59.6  485s
  3479  2944 263815.907  158   12 406839.430 263815.907  35.2%  54.2  470s
  3149  2613 265000.438  142   12 291332.895 265000.438  9.04%  37.9  457s
  2264  1726 284034.195  106   20 425657.923 284034.195  33.3%  91.3  361s
  4237  3641 265631.085  128   15 329474.214 265631.085  19.4%  36.9  480s
  4223  3687 282981.268   93   14 424909.490 282981.268  33.4%  32.1  415s
  3765  3215 265234.643  161    6 291333.695 265234.643  8.96%  51.5  445s
  3584  3052 265531.676   38   12 407486.874 265531.676  34.8%  43.0  425s
  2231  1693 284833.096  122   17 426447.164 284833.096  33.2%  60.4  405s
H 2946  2404                    406492.84482 265000.437  34.8%  34.0  381s
H 2946  2404                    406484.27712 265000.437  34.8%  34.0  381s
  2957  2422 262569.894  136   16 289668.460 262569.894  9.36%  85.6  475s
  3531  2999 264076.246  125   53 291895.164 264076.246  9.53%   115  500s
  3907  3374 264911.436  100   22 289812.981 264911.436  8.59%  34.5  375s
  1750  1139 265059.182   26   88 408184.210 265059.182  35.1%   627  495s
  3343  2811 282981.268   58   15 424533.444 282981.268  33.3%  31.0  455s
  3904  3331 264528.858   92   12 289668.459 264528.858  8.68%  43.5  390s
  3160  2624 265000.438  144   12 291332.895 265000.438  9.04%  37.8  460s
  2817  2285 265665.316   75   14 408572.530 265665.316  35.0%   171  490s
  3009  2478 284950.110   84   14 426901.851 284950.110  33.3%  61.7  435s
  2965  2432 284579.270   63   15 426361.788 284579.270  33.3%  40.7  396s
  3076  2303 284833.096  169    8 426436.774 284833.096  33.2%  40.6  345s
  3283  2601 264482.022  173   26 363321.795 264482.022  27.2%   113  485s
  2555  1961 284950.110   93   16 445570.347 284950.110  36.0%  68.7  360s
  4020  3485 265531.669   78   11 407430.907 265531.669  34.8%  37.2  450s
  2625  2032 265567.046  103   18 291895.241 265567.046  9.02%   129  465s
  2119  1547 284206.397   79   19 426777.087 284206.397  33.4%   177  355s
  3407  2797 284579.270  176    9 426339.701 284579.270  33.3%  60.7  440s
  3262  2727 265567.045   58   10 291895.247 265567.045  9.02%  45.2  405s
  5516  2060 263557.949  100    9 291332.875 263557.949  9.53%  76.0  500s
  2318  1780 284034.195   97   14 425657.923 284034.195  33.3%  90.2  365s
  3916  3380 284206.397  112    9 425816.207 284206.397  33.3%  52.1  430s
  5125  4590 264139.121  125   16 292007.217 264139.121  9.54%  40.6  495s
  3938  3364 264570.135   90   14 407686.746 264570.135  35.1%  45.6  480s
  3507  2972 263815.907  150   21 406839.430 263815.907  35.2%  54.1  475s
  2966  2426 265000.437   89   11 406484.277 265000.437  34.8%  33.9  385s
  4280  3684 265631.085  131   13 329474.214 265631.085  19.4%  36.6  485s
  3017  2484 284579.270   63   13 426361.788 284579.270  33.3%  40.4  400s
  3806  3256 265234.643  158    8 291333.695 265234.643  8.96%  51.8  450s
H 3458  2846                    426260.36137 284579.270  33.2%  60.0  442s
  3207  2674 263746.035   84   15 406607.504 263746.035  35.1%  50.6  472s
  3644  3112 265531.676   46   10 407486.874 265531.676  34.8%  42.7  430s
  3832  3293 263479.602  122    9 406021.914 263479.602  35.1%  59.4  491s
  2268  1730 284833.096  129   19 426447.164 284833.096  33.2%  59.7  410s
  3396  2864 282981.268   58   13 424533.444 282981.268  33.3%  30.9  460s
  3978  3445 264911.436  102   13 289812.981 264911.436  8.59%  34.1  380s
  2992  2457 262569.894  141   14 289668.460 262569.894  9.36%  84.7  480s
  3573  3041 264076.246  125   43 291895.164 264076.246  9.53%   116  505s
  3941  3368 264528.858   90   15 289668.459 264528.858  8.68%  43.3  395s
H 4288  3750                    424870.08370 282981.268  33.4%  31.8  421s
  2855  2323 265665.316   79   12 408572.530 265665.316  35.0%   170  495s
  3198  2662 265000.438  145   19 291332.895 265000.438  9.04%  37.6  465s
  3048  2517 284950.110   82   14 426901.851 284950.110  33.3%  61.1  440s
  1768  1151 265432.776   28  161 408184.210 265059.182  35.1%   634  500s
  3145  2372 284833.096  177   10 426436.774 284833.096  33.2%  40.3  350s
  2605  2011 284950.110   85   13 445570.347 284950.110  36.0%  67.7  365s
  3320  2638 264482.022  171   25 363321.795 264482.022  27.2%   114  490s
  4046  3511 265531.669   80    9 407430.907 265531.669  34.8%  37.1  455s
  3458  2848 284579.270  186    9 426260.361 284579.270  33.2%  60.0  445s
  2661  2068 265567.046  105   30 291895.241 265567.046  9.02%   128  470s
  3988  3414 264570.135   86   14 407686.746 264570.135  35.1%  45.3  485s
  2168  1594 284206.397   87   24 426777.087 284206.397  33.4%   174  360s
  3225  2692 263746.035   80   13 406607.504 263746.035  35.1%  50.5  475s
  3306  2771 265567.045   58   10 291895.247 265567.045  9.02%  44.9  410s
  2363  1825 284034.195  103   14 425657.923 284034.195  33.3%  90.3  370s
  5627  2171 263557.949  104   13 291332.875 263557.949  9.53%  75.3  505s
  5206  4671 264139.121  122   14 292007.217 264139.121  9.54%  40.4  500s
  3972  3436 284206.397  112   13 425816.207 284206.397  33.3%  52.5  435s
  3861  3322 263479.602  125    9 406021.914 263479.602  35.1%  59.1  495s
  3558  3023 263815.907  153   17 406839.430 263815.907  35.2%  53.9  480s
  3030  2490 265000.437   86   15 406484.277 265000.437  34.8%  33.5  390s
  4352  3756 265631.085  141   27 329474.214 265631.085  19.4%  36.3  490s
H 4288  3750                    424856.09214 282981.268  33.4%  31.8  424s
  3871  3321 265234.643  157   12 291333.695 265234.643  8.96%  51.9  455s
  3060  2527 284579.270   69   13 426361.788 284579.270  33.3%  40.0  405s
  4292  3756 282981.268   93   12 424856.092 282981.268  33.4%  31.8  425s
  3439  2907 282981.268   68   13 424533.444 282981.268  33.3%  30.7  465s
  3685  3153 265531.676   53   14 407486.874 265531.676  34.8%  42.5  435s
  3617  3085 264076.246  100    9 291895.164 264076.246  9.53%   117  510s
  3019  2484 262569.894  144   16 289668.460 262569.894  9.36%  84.1  485s
  4040  3507 264911.436   98   11 289812.981 264911.436  8.59%  33.7  385s
  4036  3463 264528.858  108   14 289668.459 264528.858  8.68%  42.8  400s
  3242  2706 265000.438  143   14 291332.895 265000.438  9.04%  37.3  470s
  2316  1778 284833.096  131   37 426447.164 284833.096  33.2%  59.9  415s
  3091  2560 284950.110   88   16 426901.851 284950.110  33.3%  60.5  445s
  2883  2351 265665.316   84   14 408572.530 265665.316  35.0%   169  500s
  3353  2667 264482.022  177   41 363321.795 264482.022  27.2%   115  495s
  1777  1157 265059.182   28   47 408184.210 265059.182  35.1%   639  506s
  3486  2876 284579.270  189    9 426260.361 284579.270  33.2%  59.7  450s
  2659  2065 284950.110   85   15 445570.347 284950.110  36.0%  66.7  370s
  3354  2819 265567.045   61   10 291895.247 265567.045  9.02%  44.6  415s
  4057  3483 264570.135   93   18 407686.746 264570.135  35.1%  44.8  490s
  3211  2438 284833.096  185    8 426436.774 284833.096  33.2%  40.1  355s
  2696  2103 265567.046  133   26 291895.241 265567.046  9.02%   126  475s
  4128  3593 265531.669   87    9 407430.907 265531.669  34.8%  36.9  461s
  3276  2743 263746.035   56   13 406607.504 263746.035  35.1%  50.0  480s
  4023  3487 284206.397  109    9 425816.207 284206.397  33.3%  52.5  440s
  5705  2249 263557.949   99   13 291332.875 263557.949  9.53%  74.7  510s
  2210  1634 284206.397   73   11 426777.087 284206.397  33.4%   172  365s
  5287  4752 264139.121  120   16 292007.217 264139.121  9.54%  40.1  505s
  3606  3071 263815.907  154   12 406839.430 263815.907  35.2%  53.5  485s
  3125  2592 284579.270   79   15 426361.788 284579.270  33.3%  39.6  410s
  3912  3373 263479.602  131   16 406021.914 263479.602  35.1%  58.6  500s
  3952  3402 265234.643  160   16 291333.695 265234.643  8.96%  52.3  460s
  4418  3882 282981.268   96   17 424856.092 282981.268  33.4%  31.4  430s
  3478  2946 282981.268   73   22 424533.444 282981.268  33.3%  30.6  470s
H 2696  2100                    445524.17452 284950.110  36.0%  66.0  373s
  2345  1807 284833.096  123   13 426447.164 284833.096  33.2%  62.0  420s
  3077  2542 262569.894  150   16 289668.460 262569.894  9.36%  83.0  490s
  4134  3601 264911.436  101   11 289812.981 264911.436  8.59%  33.3  390s
  1788  1168 265059.182   34   35 408184.210 265059.182  35.1%   642  510s
  3665  3133 264076.246   98   13 291895.164 264076.246  9.53%   118  515s
  4117  3544 264528.858  129   26 289668.459 264528.858  8.68%  42.5  405s
  3280  2744 265000.438  148   12 291332.895 265000.438  9.04%  37.0  475s
  2910  2378 265665.316   87   16 408572.530 265665.316  35.0%   168  505s
  3068  2528 265000.437   89   11 406484.277 265000.437  34.8%  33.3  397s
  3766  3234 265531.676   52   10 407486.874 265531.676  34.8%  42.3  441s
  3226  2453 284833.096  170   10 426436.774 284833.096  33.2%  40.1  360s
  2720  2124 284950.110   64   13 445524.175 284950.110  36.0%  65.5  375s
  3125  2594 284950.110   90   14 426901.851 284950.110  33.3%  60.5  450s
  3376  2690 264482.022  178   29 363321.795 264482.022  27.2%   117  500s
  4173  3638 265531.669   70   31 407430.907 265531.669  34.8%  36.7  465s
  3547  2937 284579.270  196    9 426260.361 284579.270  33.2%  59.1  455s
  2738  2143 265567.046  136   28 291895.241 265567.046  9.02%   125  480s
  3407  2872 265567.045   68   10 291895.247 265567.045  9.02%  44.3  420s
  4103  3529 264570.135   90   37 407686.746 264570.135  35.1%  44.5  495s
  2257  1681 284206.397   96   31 426777.087 284206.397  33.4%   168  370s
  3328  2795 263746.035   86   13 406607.504 263746.035  35.1%  49.4  485s
H 2728  2130                    445478.00225 284950.110  36.0%  65.4  376s
  4095  3559 284206.397  104    9 425816.207 284206.397  33.3%  52.4  445s
  5791  2335 263557.949  109   17 291332.875 263557.949  9.53%  74.0  515s
H 2728  2130                    445473.24004 284950.110  36.0%  65.4  376s
  5367  4832 264139.121  131   12 292007.217 264139.121  9.54%  39.8  510s
H 2728  2130                    445262.73400 284950.110  36.0%  65.4  376s
  3101  2561 265000.437   93   13 406484.277 265000.437  34.8%  33.1  400s
  3954  3415 263479.602  136   16 406021.914 263479.602  35.1%  58.2  505s
  3643  3108 263815.907  109   24 406839.430 263815.907  35.2%  53.8  490s
  3163  2630 284579.270   84   13 426361.788 284579.270  33.3%  39.3  415s
  4006  3456 265234.643  164   10 291333.695 265234.643  8.96%  52.1  465s
  4542  4006 282981.268   93   11 424856.092 282981.268  33.4%  30.9  435s
  3522  2990 282981.268   78   13 424533.444 282981.268  33.3%  30.4  475s
H 2755  2157                    445178.67013 284950.110  36.0%  64.9  378s
  3121  2582 262569.894  156   14 289668.460 262569.894  9.36%  82.5  495s
  3709  3177 264076.246  131   13 291895.164 264076.246  9.53%   117  520s
  4393  3795 265631.085  146   15 329474.214 265631.085  19.4%  36.1  500s
  4261  3728 264911.436  100   11 289812.981 264911.436  8.59%  32.7  395s
  1804  1182 265059.182   22   24 408184.210 265059.182  35.1%   643  515s
  3828  3296 265531.676   42   10 407486.874 265531.676  34.8%  42.0  445s
  2371  1831 284833.096  116   33 426447.164 284833.096  33.2%  64.5  425s
  4191  3618 264528.858  133   14 289668.459 264528.858  8.68%  42.3  410s
H 4557  4019                    424268.07396 282981.268  33.3%  30.8  436s
  3319  2783 265000.438  142   12 291332.895 265000.438  9.04%  36.7  480s
  3155  2624 284950.110   95   13 426901.851 284950.110  33.3%  60.0  455s
  2376  1838 284034.195  103   12 425657.923 284034.195  33.3%  89.9  383s
  4272  3737 265531.669   78    9 407430.907 265531.669  34.8%  36.4  470s
  3271  2498 284833.096  167    8 426436.774 284833.096  33.2%  39.8  365s
  2778  2180 284950.110   81    9 445178.670 284950.110  36.0%  64.5  380s
  3404  2715 264534.546  196   95 363321.795 264482.022  27.2%   120  505s
  3585  2975 284579.270  195    9 426260.361 284579.270  33.2%  58.6  460s
  3466  2931 265567.045   72   10 291895.247 265567.045  9.02%  44.2  425s
  2788  2191 265567.046  121   23 291895.241 265567.046  9.02%   123  485s
  4154  3580 264570.135  100   10 407686.746 264570.135  35.1%  44.2  500s
  2334  1745 284206.397  104   26 426777.087 284206.397  33.4%   166  375s
  2937  2405 265665.316   89   12 408572.530 265665.316  35.0%   167  511s
  3368  2835 263746.035   88   26 406607.504 263746.035  35.1%  49.0  490s
  5849  2393 263557.949  117   11 291332.875 263557.949  9.53%  73.6  520s
  2405  1867 284034.195   99   12 425657.923 284034.195  33.3%  89.4  385s
  5435  4898 264139.121  138   12 292007.217 264139.121  9.54%  39.6  515s
  4042  3503 263479.602  126    9 406021.914 263479.602  35.1%  57.4  510s
  3687  3152 263815.907  115   12 406839.430 263815.907  35.2%  53.4  495s
H 3182  2647                    426361.78799 284579.270  33.3%  39.2  419s
  3168  2628 265000.437  100   11 406484.277 265000.437  34.8%  32.7  405s
  4420  3822 265631.085  149   16 329474.214 265631.085  19.4%  36.1  505s
  4061  3511 265234.643  162   10 291333.695 265234.643  8.96%  52.1  470s
  3182  2649 284579.270   85   13 426361.788 284579.270  33.3%  39.2  420s
  4623  4087 282981.268   95   15 424268.074 282981.268  33.3%  30.6  440s
  3580  3048 282981.268   72   13 424533.444 282981.268  33.3%  30.3  480s
  2407  1863 284833.096  105   11 426447.164 284833.096  33.2%  66.9  430s
  3741  3209 264076.246  139   13 291895.164 264076.246  9.53%   116  525s
  3162  2621 262569.894  153   16 289668.460 262569.894  9.36%  82.7  500s
  4369  3836 264911.436  102   11 289812.981 264911.436  8.59%  32.3  400s
  1817  1195 265059.182   26   62 408184.210 265059.182  35.1%   646  520s
  3358  2822 265000.438  147   12 291332.895 265000.438  9.04%  36.4  485s
  4144  3608 284206.397  106   13 425816.207 284206.397  33.3%  52.0  453s
  2960  2428 265665.316   89   12 408572.530 265665.316  35.0%   166  515s
  3181  2650 284950.110   98   16 426901.851 284950.110  33.3%  60.6  460s
  3882  3350 265531.676   51   12 407486.874 265531.676  34.8%  41.7  451s
  3447  2757 264482.022  185   27 363321.795 264482.022  27.2%   122  510s
  2821  2224 265567.046   96   21 291895.241 265567.046  9.02%   123  490s
  3632  3022 284579.270  199    9 426260.361 284579.270  33.2%  58.1  465s
  2792  2194 284950.110   80    9 445178.670 284950.110  36.0%  64.3  385s
  4344  3809 265531.669   77    9 407430.907 265531.669  34.8%  36.1  475s
  3520  2983 265567.045   79   12 291895.247 265567.045  9.02%  43.9  430s
  4237  3663 264570.135  112   12 407686.746 264570.135  35.1%  43.7  505s
  3362  2589 284833.096  164   10 426436.774 284833.096  33.2%  39.2  370s
  3402  2869 263746.035   92   26 406607.504 263746.035  35.1%  48.7  495s
  5934  2478 263557.949  127   13 291332.875 263557.949  9.53%  73.0  525s
  4167  3631 284206.397  100   13 425816.207 284206.397  33.3%  51.9  455s
  4249  3676 264528.858  140   26 289668.459 264528.858  8.68%  42.1  416s
  2465  1927 284034.195  100   24 425657.923 284034.195  33.3%  88.0  390s
  5529  4992 264139.121  149   12 292007.217 264139.121  9.54%  39.3  520s
  4089  3550 263479.602  133   11 406021.914 263479.602  35.1%  56.9  515s
  3213  2673 265000.437   86   11 406484.277 265000.437  34.8%  32.4  410s
  3729  3194 263815.907  130   12 406839.430 263815.907  35.2%  53.0  500s
  4512  3914 265631.085  158   15 329474.214 265631.085  19.4%  35.7  510s
  3236  2703 284579.270   76   17 426361.788 284579.270  33.3%  38.9  425s
  4130  3580 265234.643  157    6 291333.695 265234.643  8.96%  52.0  475s
  4695  4159 282981.268   74   12 424268.074 282981.268  33.3%  30.4  445s
  3643  3111 282981.268   63   13 424533.444 282981.268  33.3%  30.1  485s
  2357  1755 284206.680  185   63 426777.087 284206.397  33.4%   165  382s
  3929  3397 265531.676   55   18 407486.874 265531.676  34.8%  41.6  455s
  3780  3248 264076.246  143   17 291895.164 264076.246  9.53%   116  530s
  4454  3921 264911.436  104   13 289812.981 264911.436  8.59%  31.9  405s
  1832  1210 265059.182   18   87 408184.210 265059.182  35.1%   650  525s
  3208  2667 262569.894  155   16 289668.460 262569.894  9.36%  82.1  505s
  2424  1878 284833.096  105   13 426447.164 284833.096  33.2%  67.8  435s
  3397  2861 265000.438  148   18 291332.895 265000.438  9.04%  36.2  490s
  3217  2686 284950.110  101   16 426901.851 284950.110  33.3%  60.1  465s
  4290  3717 264528.858  148   16 289668.459 264528.858  8.68%  42.0  420s
  4401  3866 265531.669   77    9 407430.907 265531.669  34.8%  35.9  480s
  3420  2647 284833.096  166   12 426436.774 284833.096  33.2%  39.0  375s
  2841  2243 284950.110   76    9 445178.670 284950.110  36.0%  63.5  390s
  3471  2779 264482.022  185   39 363321.795 264482.022  27.2%   125  515s
  2883  2286 265567.046  104   21 291895.241 265567.046  9.02%   120  495s
  4317  3743 264570.135  117   10 407686.746 264570.135  35.1%  43.5  510s
  2400  1798 284206.397   41   30 426777.087 284206.397  33.4%   165  385s
  3442  2909 263746.035   87   26 406607.504 263746.035  35.1%  48.3  500s
  3533  2996 265567.045   81   12 291895.247 265567.045  9.02%  43.9  435s
  4225  3689 284206.397   82    9 425816.207 284206.397  33.3%  52.1  460s
  6007  2551 263557.949  134    9 291332.875 263557.949  9.53%  72.6  530s
  2515  1977 284034.195  100   16 425657.923 284034.195  33.3%  87.4  395s
  5588  5051 264139.121  155   14 292007.217 264139.121  9.54%  39.1  525s
  4146  3607 263479.602  130    9 406021.914 263479.602  35.1%  56.5  520s
  3259  2719 265000.437   90   15 406484.277 265000.437  34.8%  32.2  415s
  3771  3236 263815.907  142   17 406839.430 263815.907  35.2%  52.6  505s
  4598  3998 265631.085  169   15 329474.214 265631.085  19.4%  35.4  515s
  4200  3650 265234.643  157   12 291333.695 265234.643  8.96%  51.9  480s
  2996  2464 265665.316   92   20 408572.530 265665.316  35.0%   165  523s
  4785  4249 282981.268   73   12 424268.074 282981.268  33.3%  30.2  450s
  3682  3150 282981.268   61   15 424533.444 282981.268  33.3%  30.0  490s
  2454  1908 284833.096   93   23 426447.164 284833.096  33.2%  70.1  440s
  4033  3501 265531.676   69   10 407486.874 265531.676  34.8%  41.0  460s
  3289  2756 284579.270   76   15 426361.788 284579.270  33.3%  38.6  430s
  3253  2712 262569.894  161   14 289668.460 262569.894  9.36%  81.7  510s
  4540  4007 264911.436  115   13 289812.981 264911.436  8.59%  31.5  410s
  1847  1225 265059.182   21   12 408184.210 265059.182  35.1%   651  530s
  3427  2891 265000.438  151   19 291332.895 265000.438  9.04%  36.1  495s
  3016  2484 265665.316   88   12 408572.530 265665.316  35.0%   164  525s
  4474  3939 265531.669   81   27 407430.907 265531.669  34.8%  35.7  485s
  4371  3798 264528.858  152   12 289668.459 264528.858  8.68%  41.7  425s
  3260  2729 284950.110  108   32 426901.851 284950.110  33.3%  59.7  470s
  2905  2307 284950.110   83   11 445178.670 284950.110  36.0%  62.5  395s
  3493  2801 264482.022  168   25 363321.795 264482.022  27.2%   128  520s
  3463  2690 284833.096  168   12 426436.774 284833.096  33.2%  38.7  380s
  2938  2339 265567.046  113   36 291895.241 265567.046  9.02%   119  500s
  3582  3045 265567.045   78   12 291895.247 265567.045  9.02%  43.7  440s
  4375  3801 264570.135  125   51 407686.746 264570.135  35.1%  43.4  515s
  2453  1840 284206.397  167   18 426777.087 284206.397  33.4%   163  390s
  3491  2958 263746.035   92   24 406607.504 263746.035  35.1%  47.9  505s
  6080  2624 263557.949  142    9 291332.875 263557.949  9.53%  72.2  535s
  2560  2022 284034.195  102   46 425657.923 284034.195  33.3%  87.4  400s
  3676  3066 284579.270  200   13 426260.361 284579.270  33.2%  57.7  475s
  4275  3739 284206.397   77   11 425816.207 284206.397  33.3%  52.0  465s
  5657  5120 264139.121  163   14 292007.217 264139.121  9.54%  38.9  530s
  3806  3274 264076.246  146   16 291895.164 264076.246  9.53%   116  537s
  3311  2771 265000.437   77   13 406484.277 265000.437  34.8%  31.9  420s
  3806  3271 263815.907  159   12 406839.430 263815.907  35.2%  52.3  510s
  4209  3670 263479.602  134   16 406021.914 263479.602  35.1%  55.9  525s
  4696  4084 265631.085  179   13 329474.214 265631.085  19.4%  34.9  520s
  3362  2829 284579.270   83   13 426361.788 284579.270  33.3%  38.1  435s
  4258  3708 265234.643  162    6 291333.695 265234.643  8.96%  52.4  485s
  4863  4327 282981.268   85   15 424268.074 282981.268  33.3%  30.0  455s
  4128  3596 265531.676   80   10 407486.874 265531.676  34.8%  40.4  465s
  2490  1944 284834.312   92   40 426447.164 284833.096  33.2%  72.7  445s
  3826  3294 264076.246  141   11 291895.164 264076.246  9.53%   116  540s
  3724  3192 282981.268   66   13 424533.444 282981.268  33.3%  29.8  495s
  4628  4093 264911.436  118   22 289812.981 264911.436  8.59%  31.1  415s
  1856  1234 267374.513   23  129 408184.210 265059.182  35.1%   653  535s
  4425  3852 264528.858  159   16 289668.459 264528.858  8.68%  41.4  430s
  3483  2947 265000.438  146   12 291332.895 265000.438  9.04%  35.8  500s
  3049  2517 265665.316   93   12 408572.530 265665.316  35.0%   162  530s
  3295  2764 284950.110  107   14 426901.851 284950.110  33.3%  61.6  475s
  3519  2825 264482.022  144   23 363321.795 264482.022  27.2%   129  525s
  2962  2364 284950.110   85   11 445178.670 284950.110  36.0%  61.6  400s
  3729  3119 284579.270  199    9 426260.361 284579.270  33.2%  57.2  480s
  2981  2382 265567.046  106   20 291895.241 265567.046  9.02%   118  505s
  4506  3971 265531.669   78   27 407430.907 265531.669  34.8%  35.6  490s
  3620  3083 265567.045   68   10 291895.247 265567.045  9.02%  43.5  445s
  4441  3867 264570.135  133   10 407686.746 264570.135  35.1%  43.2  520s
  2514  1897 284206.397   80   18 426777.087 284206.397  33.4%   160  395s
  3537  3004 263746.035   87   24 406607.504 263746.035  35.1%  47.5  510s
  4346  3810 284206.397   88    9 425816.207 284206.397  33.3%  51.7  470s
  2613  2075 284034.195   88   12 425657.923 284034.195  33.3%  86.8  405s
  6152  2696 263557.949  160    9 291332.875 263557.949  9.53%  71.9  540s
  5725  5188 264139.121  154   16 292007.217 264139.121  9.54%  38.7  535s
  3375  2835 265000.437   85   11 406484.277 265000.437  34.8%  31.5  425s
  4264  3725 263479.602  136   23 406021.914 263479.602  35.1%  55.5  530s
  3861  3326 263815.907  160   12 406839.430 263815.907  35.2%  52.1  515s
  3511  2738 284833.096  172   10 426436.774 284833.096  33.2%  38.5  387s
  3415  2882 284579.270   84   23 426361.788 284579.270  33.3%  37.9  440s
  4784  4162 265631.085  184   17 329474.214 265631.085  19.4%  34.5  525s
  4320  3770 265234.643  159    6 291333.695 265234.643  8.96%  52.2  490s
  4924  4388 282981.268   53   12 424268.074 282981.268  33.3%  29.8  460s
  3781  3249 282981.268   79   13 424533.444 282981.268  33.3%  29.7  500s
  2515  1969 284833.096   91   13 426447.164 284833.096  33.2%  74.1  450s
  3871  3339 264076.246  146   18 291895.164 264076.246  9.53%   117  545s
  3287  2746 262569.894  154   14 289668.460 262569.894  9.36%  81.5  520s
  4731  4192 264911.436  110   22 289812.981 264911.436  8.59%  30.7  420s
  1874  1252 265059.182   26   33 408184.210 265059.182  35.1%   657  540s
  4188  3656 265531.676   89   12 407486.874 265531.676  34.8%  40.1  470s
  3516  2980 265000.438  144   14 291332.895 265000.438  9.04%  35.6  505s
  3079  2547 265665.316   91   14 408572.530 265665.316  35.0%   162  535s
  3329  2798 284950.110  110   16 426901.851 284950.110  33.3%  62.9  480s
  4565  4030 265531.669   90   13 407430.907 265531.669  34.8%  35.5  495s
  4506  3933 264528.858  167   12 289668.459 264528.858  8.68%  41.2  435s
  3019  2421 284950.110   84   13 445178.670 284950.110  36.0%  60.8  405s
  3535  2762 284833.096  161    8 426436.774 284833.096  33.2%  38.3  390s
  3568  2870 264482.022  152   25 363321.795 264482.022  27.2%   130  530s
  3673  3136 265567.045   67   10 291895.247 265567.045  9.02%  43.4  450s
  3031  2429 265567.046  102   18 291895.241 265567.046  9.02%   116  510s
  4496  3922 264570.135  118   12 407686.746 264570.135  35.1%  42.9  525s
  2570  1951 284206.397   90   20 426777.087 284206.397  33.4%   159  400s
  3585  3052 263746.035   93   24 406607.504 263746.035  35.1%  47.1  515s
  4412  3876 284206.397   81   13 425816.207 284206.397  33.3%  51.5  475s
  3776  3166 284579.270  204   22 426260.361 284579.270  33.2%  56.8  485s
  2669  2131 284034.195   94   12 425657.923 284034.195  33.3%  85.4  410s
  5827  5290 264139.121  157   14 292007.217 264139.121  9.54%  38.4  540s
  4343  3804 263479.602  125    9 406021.914 263479.602  35.1%  54.9  535s
  3886  3351 263815.907  114   12 406839.430 263815.907  35.2%  52.0  520s
  4864  4220 265631.085  186   17 329474.214 265631.085  19.4%  34.2  530s
  4386  3836 265234.643  157    6 291333.695 265234.643  8.96%  52.3  495s
  4999  4463 282981.268   64   14 424268.074 282981.268  33.3%  29.6  465s
  3828  3296 282981.268   82   13 424533.444 282981.268  33.3%  29.5  505s
  3464  2931 284579.270   79   15 426361.788 284579.270  33.3%  37.6  445s
  3904  3372 264076.246  148   20 291895.164 264076.246  9.53%   117  550s
  2560  2014 284833.096   89   31 426447.164 284833.096  33.2%  75.2  455s
  1887  1265 265059.839   29   79 408184.210 265059.182  35.1%   660  545s
  3316  2775 262569.894  155   23 289668.460 262569.894  9.36%  81.1  525s
  4581  4008 264528.858  156   14 289668.459 264528.858  8.68%  41.0  440s
  3559  3023 265000.438  145   12 291332.895 265000.438  9.04%  35.4  510s
  3118  2586 265665.316  105   16 408572.530 265665.316  35.0%   160  540s
  4817  4278 264911.436  103   13 289812.981 264911.436  8.59%  30.3  425s
  4646  4111 265531.669   66    9 407430.907 265531.669  34.8%  35.2  500s
  3366  2835 284950.110  114   29 426901.851 284950.110  33.3%  64.8  485s
  3607  2834 284833.096  171    8 426436.774 284833.096  33.2%  37.9  395s
  3068  2470 284950.110   81    9 445178.670 284950.110  36.0%  60.1  410s
  3602  2904 264482.022  174   33 363321.795 264482.022  27.2%   130  535s
  3096  2490 265567.046  121   26 291895.241 265567.046  9.02%   114  515s
  3752  3215 265567.045   78   14 291895.247 265567.045  9.02%  43.2  455s
  4539  3965 264570.135  123   14 407686.746 264570.135  35.1%  42.8  530s
  3812  3202 284579.270  197    9 426260.361 284579.270  33.2%  56.4  490s
  2623  2002 284206.397   95   20 426777.087 284206.397  33.4%   156  405s
  3622  3089 263746.035   60   26 406607.504 263746.035  35.1%  46.9  520s
  3445  2905 265000.437   91   11 406484.277 265000.437  34.8%  31.3  434s
  5895  5358 264139.121  158   20 292007.217 264139.121  9.54%  38.2  545s
  4480  3944 284206.397   65   18 425816.207 284206.397  33.3%  51.3  480s
  4231  3699 265531.676   95   10 407486.874 265531.676  34.8%  39.9  478s
  2723  2185 284034.195  102   57 425657.923 284034.195  33.3%  85.8  415s
  3453  2913 265000.437   92   15 406484.277 265000.437  34.8%  31.2  435s
  4403  3864 263479.602  134   23 406021.914 263479.602  35.1%  54.4  540s
  3932  3397 263815.907  137   12 406839.430 263815.907  35.2%  51.6  525s
  4921  4269 265631.085  191   13 329474.214 265631.085  19.4%  33.9  535s
  3532  2999 284579.270   71   13 426361.788 284579.270  33.3%  37.3  450s
  4460  3910 265234.643  158   40 291333.695 265234.643  8.96%  52.7  500s
  5029  4493 282981.268   60   12 424268.074 282981.268  33.3%  29.6  470s
  3878  3346 282981.268   82   15 424533.444 282981.268  33.3%  29.4  510s
  4257  3725 265531.676   95   12 407486.874 265531.676  34.8%  39.8  480s
  2597  2051 284834.284   84   41 426447.164 284833.096  33.2%  77.1  460s
  3348  2807 262569.894  158   14 289668.460 262569.894  9.36%  81.0  530s
  4933  4394 264911.436  108   13 289812.981 264911.436  8.59%  29.9  430s
  6177  2721 263557.949  166   25 291332.875 263557.949  9.53%  71.8  552s
  4676  4103 264528.858  169   20 289668.459 264528.858  8.68%  40.6  445s
  3591  3055 265000.438  149   19 291332.895 265000.438  9.04%  35.2  515s
  3156  2624 265665.316   74   12 408572.530 265665.316  35.0%   160  545s
  3396  2865 284950.110  105   14 426901.851 284950.110  33.3%  65.9  490s
  1904  1282 265059.182   21   23 408184.210 265059.182  35.1%   667  550s
  3671  2898 284833.096  176    8 426436.774 284833.096  33.2%  37.5  400s
  3123  2523 284950.110   78    9 445178.670 284950.110  36.0%  59.5  415s
  3638  2940 264482.022  165   19 363321.795 264482.022  27.2%   131  540s
  4722  4187 265531.669   49    9 407430.907 265531.669  34.8%  35.1  505s
  3106  2500 265567.046  104   12 291895.241 265567.046  9.02%   114  520s
  3848  3308 265567.045   65   10 291895.247 265567.045  9.02%  42.8  460s
  3877  3267 284579.270  205   11 426260.361 284579.270  33.2%  55.8  495s
  4582  4008 264570.135  114   12 407686.746 264570.135  35.1%  42.7  535s
  3941  3409 264076.246  152   18 291895.164 264076.246  9.53%   117  557s
  3679  3146 263746.035   67   13 406607.504 263746.035  35.1%  46.4  525s
  4561  4025 284206.397   76    9 425816.207 284206.397  33.3%  51.0  485s
H 4723  4186                    407430.90653 265531.669  34.8%  35.1  506s
  6204  2748 263557.949  166   14 291332.875 263557.949  9.53%  71.6  555s
  2767  2229 284034.195  107   24 425657.923 284034.195  33.3%  85.0  420s
  5933  5396 264139.121  142   20 292007.217 264139.121  9.54%  38.1  550s
  2669  2044 284206.397  101   25 426777.087 284206.397  33.4%   155  410s
  3508  2968 265000.437   92   15 406484.277 265000.437  34.8%  31.0  440s
  4456  3917 263479.602  132    9 406021.914 263479.602  35.1%  54.0  545s
  3967  3432 263815.907  155   17 406839.430 263815.907  35.2%  51.3  530s
  4995  4333 265631.085  181   15 329474.214 265631.085  19.4%  33.7  540s
  3594  3061 284579.270   79   13 426361.788 284579.270  33.3%  37.0  455s
  4520  3970 265234.643  159   10 291333.695 265234.643  8.96%  53.2  505s
  5132  4596 282981.268   66   14 424268.074 282981.268  33.3%  29.4  475s
  3933  3401 282981.268   87   21 424533.444 282981.268  33.3%  29.2  515s
  4291  3759 265531.676  100   10 407486.874 265531.676  34.8%  39.6  485s
  2627  2081 284833.096  129   13 426447.164 284833.096  33.2%  78.9  465s
  3373  2832 262569.894  161   16 289668.460 262569.894  9.36%  81.6  535s
  5017  4478 264911.436  101   22 289812.981 264911.436  8.59%  29.6  435s
  3968  3436 264076.246  145   13 291895.164 264076.246  9.53%   117  560s
  3638  3102 265000.438  143   12 291332.895 265000.438  9.04%  34.9  520s
  3195  2663 265665.316   74   31 408572.530 265665.316  35.0%   160  550s
  4758  4185 264528.858  163   12 289668.459 264528.858  8.68%  40.3  450s
  3447  2916 284950.110  108   13 426901.851 284950.110  33.3%  67.0  495s
  1912  1290 265059.182   24   96 408184.210 265059.182  35.1%   669  556s
  3733  2960 284833.096  185   10 426436.774 284833.096  33.2%  37.3  405s
  3665  2967 264482.022  160   15 363321.795 264482.022  27.2%   131  545s
  3186  2586 284950.110   86    9 445178.670 284950.110  36.0%  58.8  420s
  4749  4214 265531.669   58   13 407430.907 265531.669  34.8%  35.0  510s
  3915  3375 265567.045   73   10 291895.247 265567.045  9.02%  42.6  465s
  3162  2556 265567.046   92   22 291895.241 265567.046  9.02%   112  525s
  4643  4069 264570.135  121   12 407686.746 264570.135  35.1%  42.5  540s
  3941  3331 284579.270  204   11 426260.361 284579.270  33.2%  55.3  500s
  3727  3194 263746.035   74   30 406607.504 263746.035  35.1%  46.0  530s
  6271  2815 263557.949  177   11 291332.875 263557.949  9.53%  71.3  560s
  2825  2287 284034.195  100   12 425657.923 284034.195  33.3%  84.4  425s
  4563  4027 284206.397   76    9 425816.207 284206.397  33.3%  51.0  490s
  6002  5465 264139.121  121   16 292007.217 264139.121  9.54%  37.9  555s
  4493  3954 263479.602  138   16 406021.914 263479.602  35.1%  53.7  550s
  4019  3484 263815.907  156   12 406839.430 263815.907  35.2%  51.0  535s
  3566  3026 265000.437   93   17 406484.277 265000.437  34.8%  30.8  445s
  5048  4380 265631.085  183   15 329474.214 265631.085  19.4%  33.7  545s
  3640  3107 284579.270   68   13 426361.788 284579.270  33.3%  36.8  460s
  4579  4029 265234.643  158    6 291333.695 265234.643  8.96%  53.2  510s
  5227  4691 282981.268   86   14 424268.074 282981.268  33.3%  29.2  480s
  2701  2068 284206.397  104   25 426777.087 284206.397  33.4%   153  417s
  4381  3849 265531.676  107   10 407486.874 265531.676  34.8%  39.1  490s
  2641  2095 284850.547  133   36 426447.164 284833.096  33.2%  80.0  470s
  4007  3475 264076.246  150   26 291895.164 264076.246  9.53%   118  565s
  3415  2874 262569.894  154   14 289668.460 262569.894  9.36%  81.2  540s
  5112  4573 264911.436  100   26 289812.981 264911.436  8.59%  29.3  440s
  4850  4277 264528.858  157   12 289668.459 264528.858  8.68%  40.0  455s
  3235  2703 265665.316   73   10 408572.530 265665.316  35.0%   159  555s
  3673  3137 265000.438  147   14 291332.895 265000.438  9.04%  34.7  525s
  3491  2960 284950.110  110   16 426901.851 284950.110  33.3%  68.3  500s
  4810  4275 265531.669   54    9 407430.907 265531.669  34.8%  34.9  515s
  3782  3009 284833.096  191    8 426436.774 284833.096  33.2%  37.0  410s
  3253  2653 284950.110   94   11 445178.670 284950.110  36.0%  57.9  425s
  3707  3009 264482.022  157   29 363321.795 264482.022  27.2%   133  550s
  3937  3405 282981.268   84   15 424533.444 282981.268  33.3%  29.2  521s
  3978  3368 284579.270  200   11 426260.361 284579.270  33.2%  55.0  505s
  3197  2589 265567.046  104   18 291895.241 265567.046  9.02%   112  530s
  3982  3442 265567.045   68   12 291895.247 265567.045  9.02%  42.4  470s
  4694  4120 264570.135  115   12 407686.746 264570.135  35.1%  42.4  545s
  2743  2104 284206.397  102   11 426777.087 284206.397  33.4%   152  420s
  3762  3229 263746.035   76   13 406607.504 263746.035  35.1%  45.8  535s
  4639  4103 284206.397   87    9 425816.207 284206.397  33.3%  50.6  495s
  2882  2344 284034.195  107   14 425657.923 284034.195  33.3%  83.1  430s
  6376  2920 263557.949  182    9 291332.875 263557.949  9.53%  70.8  565s
  4575  4036 263479.602  132    9 406021.914 263479.602  35.1%  53.1  555s
  3614  3074 265000.437   95   15 406484.277 265000.437  34.8%  30.6  450s
  6090  5553 264139.121  120   12 292007.217 264139.121  9.54%  37.7  560s
  4047  3512 263815.907  148   17 406839.430 263815.907  35.2%  50.9  540s
  5117  4445 265631.085  174   13 329474.214 265631.085  19.4%  33.4  550s
  3704  3171 284579.270   60   23 426361.788 284579.270  33.3%  36.5  465s
  4602  4052 265234.643  149    6 291333.695 265234.643  8.96%  53.1  515s
  3967  3435 282981.268   86   15 424533.444 282981.268  33.3%  29.2  525s
  4428  3896 265531.676  113   12 407486.874 265531.676  34.8%  38.9  495s
  2670  2124 284833.096   91   11 426447.164 284833.096  33.2%  81.1  475s
  4064  3532 264076.246  149   11 291895.164 264076.246  9.53%   118  570s
  5206  4667 264911.436  104   11 289812.981 264911.436  8.59%  28.9  445s
  3451  2910 262569.894  158   16 289668.460 262569.894  9.36%  81.4  545s
  5340  4804 282981.268   92   12 424268.074 282981.268  33.3%  28.9  485s
  3514  2983 284950.110  112   25 426901.851 284950.110  33.3%  69.2  505s
  4885  4312 264528.858  160   12 289668.459 264528.858  8.68%  39.9  460s
  4882  4347 265531.669   74   27 407430.907 265531.669  34.8%  34.7  520s
  3858  3085 284833.096  198   10 426436.774 284833.096  33.2%  36.7  415s
  3294  2694 284950.110   92   11 445178.670 284950.110  36.0%  57.4  430s
  3230  2622 265567.046   90   20 291895.241 265567.046  9.02%   111  535s
  4048  3508 265567.045   64   18 291895.247 265567.045  9.02%  42.3  475s
  2816  2168 284206.397  101   18 426777.087 284206.397  33.4%   148  425s
  4079  3469 284579.270  188    9 426260.361 284579.270  33.2%  54.3  510s
  4748  4174 264570.135  127   10 407686.746 264570.135  35.1%  42.2  550s
  7062  2306 infeasible  133      291332.875 263557.949  9.53%  64.5  570s
  2922  2384 284034.195   94   12 425657.923 284034.195  33.3%  82.6  435s
  4723  4187 284206.397   37   11 425816.207 284206.397  33.3%  50.3  500s
  6173  5636 264139.121  128   18 292007.217 264139.121  9.54%  37.5  565s
  1920  1298 265059.182   18   69 408184.210 265059.182  35.1%   670  567s
  3659  3119 265000.437   88   11 406484.277 265000.437  34.8%  30.5  455s
  3704  3168 265000.438  149   19 291332.895 265000.438  9.04%  34.6  532s
  4099  3564 263815.907  111   24 406839.430 263815.907  35.2%  50.8  545s
  3237  2705 265665.316   74   40 408572.530 265665.316  35.0%   159  562s
H 3740  3040                    363318.87707 264482.022  27.2%   133  557s
  5210  4522 265631.085  176   13 329474.214 265631.085  19.4%  33.1  555s
  4665  4115 265234.643  147    6 291333.695 265234.643  8.96%  53.0  520s
  4021  3489 282981.268   78   15 424533.444 282981.268  33.3%  29.0  530s
  2693  2147 284833.096   71   36 426447.164 284833.096  33.2%  83.3  480s
  4476  3944 265531.676  117   10 407486.874 265531.676  34.8%  38.7  500s
  3767  3234 284579.270   66   13 426361.788 284579.270  33.3%  36.2  470s
  4099  3567 264076.246  152   11 291895.164 264076.246  9.53%   117  575s
  3481  2940 262569.894  156   40 289668.460 262569.894  9.36%  81.5  550s
  5287  4748 264911.436   97   11 289812.981 264911.436  8.59%  28.7  450s
  5395  4859 282981.268   95   12 424268.074 282981.268  33.3%  28.8  490s
  1928  1306 265059.182   21   18 408184.210 265059.182  35.1%   674  570s
  3730  3194 265000.438  150   16 291332.895 265000.438  9.04%  34.4  535s
  3258  2726 265665.316   65   12 408572.530 265665.316  35.0%   158  565s
  4924  4351 264528.858  165   12 289668.459 264528.858  8.68%  39.8  465s
  4950  4415 265531.669   65   27 407430.907 265531.669  34.8%  34.5  525s
  3790  3257 263746.035   80   13 406607.504 263746.035  35.1%  45.6  543s
  3370  2770 284950.110   95    9 445178.670 284950.110  36.0%  56.5  435s
  4137  3527 284579.270  198    9 426260.361 284579.270  33.2%  53.8  515s
  3267  2657 265567.046   98   19 291895.241 265567.046  9.02%   110  540s
  4111  3571 265567.045   70   10 291895.247 265567.045  9.02%  42.1  480s
  3913  3140 284833.096  198    8 426436.774 284833.096  33.2%  36.5  420s
  4796  4222 264570.135  132   14 407686.746 264570.135  35.1%  41.9  555s
  2890  2230 284206.397  183   17 426777.087 284206.397  33.4%   146  430s
  3807  3274 263746.035   83   15 406607.504 263746.035  35.1%  45.5  545s
  4788  4252 284206.397   40    9 425816.207 284206.397  33.3%  50.0  505s
  7329  2121 263557.949   48   45 291332.875 263557.949  9.53%  63.3  575s
  2979  2441 284034.195  100   24 425657.923 284034.195  33.3%  81.9  440s
  6253  5716 264139.121  132   12 292007.217 264139.121  9.54%  37.3  570s
  3543  3012 284950.110  108   35 426901.851 284950.110  33.3%  70.7  512s
  3706  3166 265000.437   94   11 406484.277 265000.437  34.8%  30.3  460s
  4138  3603 263815.907  105   12 406839.430 263815.907  35.2%  50.6  550s
  5281  4581 265631.085  175   13 329474.214 265631.085  19.4%  32.8  560s
  3793  3260 284579.270   69   13 426361.788 284579.270  33.3%  36.1  475s
  4720  4170 265234.643  139    6 291333.695 265234.643  8.96%  53.1  525s
  5483  4947 282981.268   98   15 424268.074 282981.268  33.3%  28.6  495s
  4141  3609 264076.246  159   13 291895.164 264076.246  9.53%   117  580s
  3511  2970 262569.894  152   14 289668.460 262569.894  9.36%  81.4  555s
  5368  4829 264911.436   94   11 289812.981 264911.436  8.59%  28.5  455s
  4071  3539 282981.268   94   13 424533.444 282981.268  33.3%  28.9  535s
  4574  4042 265531.676  122   10 407486.874 265531.676  34.8%  38.2  505s
  1941  1318 265059.182   23   40 408184.210 265059.182  35.1%   676  575s
  5009  4436 264528.858  161   16 289668.459 264528.858  8.68%  39.5  470s
H 3416  2814                    445010.54241 284950.110  36.0%  56.1  439s
  3775  3239 265000.438  149   12 291332.895 265000.438  9.04%  34.2  540s
  3295  2763 265665.316   78   33 408572.530 265665.316  35.0%   158  570s
  3574  3043 284950.110  105   14 426901.851 284950.110  33.3%  71.8  515s
  5006  4471 265531.669   70   11 407430.907 265531.669  34.8%  34.4  530s
  2722  2174 284833.096   38   29 426447.164 284833.096  33.2%  86.6  486s
  3420  2820 284950.110   86   11 445010.542 284950.110  36.0%  56.0  440s
  3319  2707 265567.046  124   25 291895.241 265567.046  9.02%   108  545s
  4190  3580 284579.270  198   11 426260.361 284579.270  33.2%  53.4  520s
  4157  3617 265567.045   76   12 291895.247 265567.045  9.02%  42.0  485s
  2942  2278 284206.397  102   16 426777.087 284206.397  33.4%   144  435s
  3857  3324 263746.035   69   13 406607.504 263746.035  35.1%  45.2  550s
  4863  4327 284206.397   38    9 425816.207 284206.397  33.3%  49.6  510s
  3042  2504 284034.195  100   42 425657.923 284034.195  33.3%  80.7  445s
  7381  2141 263557.949   62   36 291332.875 263557.949  9.53%  64.5  580s
  3740  3042 264482.022  148   31 363318.877 264482.022  27.2%   133  567s
  6340  5803 264139.121  112   12 292007.217 264139.121  9.54%  37.1  575s
  4854  4280 264570.135  138   10 407686.746 264570.135  35.1%  41.7  561s
  3774  3234 265000.437   90   11 406484.277 265000.437  34.8%  30.0  465s
  4182  3647 263815.907  115   12 406839.430 263815.907  35.2%  50.3  555s
  3941  3168 284833.096  201    8 426436.774 284833.096  33.2%  36.4  427s
  5349  4643 265631.085  176   19 329474.214 265631.085  19.4%  32.5  565s
  3834  3301 284579.270   75   23 426361.788 284579.270  33.3%  35.9  480s
  4791  4241 265234.643  149    6 291333.695 265234.643  8.96%  52.7  530s
  5566  5030 282981.268   99   11 424268.074 282981.268  33.3%  28.4  500s
  4117  3585 282981.268   97   22 424533.444 282981.268  33.3%  28.7  540s
  2750  2200 284833.096   80   36 426447.164 284833.096  33.2%  88.3  490s
  3548  3007 262569.894  143   36 289668.460 262569.894  9.36%  82.1  560s
  4179  3647 264076.246  165    9 291895.164 264076.246  9.53%   116  585s
  1954  1330 265059.182   24   56 408184.210 265059.182  35.1%   676  580s
  5108  4535 264528.858  161   14 289668.459 264528.858  8.68%  39.2  475s
  3816  3280 265000.438  153   12 291332.895 265000.438  9.04%  33.9  545s
  3342  2810 265665.316   75   12 408572.530 265665.316  35.0%   156  575s
  4635  4103 265531.676  129   21 407486.874 265531.676  34.8%  37.9  511s
  3608  3077 284950.110  101   14 426901.851 284950.110  33.3%  72.9  520s
  3761  3063 264482.022  142   38 363318.877 264482.022  27.2%   133  570s
  3467  2867 284950.110   90    9 445010.542 284950.110  36.0%  55.5  445s
  4271  3661 284579.270  208    9 426260.361 284579.270  33.2%  53.0  525s
  3349  2737 265567.046  139   26 291895.241 265567.046  9.02%   108  550s
  4243  3693 265567.045   92   10 291895.247 265567.045  9.02%  41.7  490s
  4894  4320 264570.135  136   12 407686.746 264570.135  35.1%  41.6  565s
  3010  2344 284206.397   97   18 426777.087 284206.397  33.4%   141  440s
  3890  3357 263746.035   73   13 406607.504 263746.035  35.1%  44.9  555s
  4940  4404 284206.397   60    9 425816.207 284206.397  33.3%  49.2  515s
  3081  2543 284034.195  105   20 425657.923 284034.195  33.3%  80.2  450s
  7447  2140 263557.949   63   38 291332.875 263557.949  9.53%  67.3  585s
  6441  5904 264139.121  122   12 292007.217 264139.121  9.54%  36.9  580s
  4635  4096 263479.602  138    9 406021.914 263479.602  35.1%  52.7  574s
  5476  4937 264911.436  101   22 289812.981 264911.436  8.59%  28.2  462s
  3968  3195 284833.096  207    8 426436.774 284833.096  33.2%  36.3  432s
  4638  4099 263479.602  134    9 406021.914 263479.602  35.1%  52.6  575s
  4216  3681 263815.907  132   12 406839.430 263815.907  35.2%  50.0  560s
  3809  3269 265000.437   85   15 406484.277 265000.437  34.8%  29.9  470s
  5421  4707 265631.085  165   15 329474.214 265631.085  19.4%  32.3  570s
  3884  3351 284579.270   80   15 426361.788 284579.270  33.3%  35.8  485s
  4840  4290 265234.643  148    6 291333.695 265234.643  8.96%  52.7  535s
  5610  5074 282981.268  101   11 424268.074 282981.268  33.3%  28.3  505s
  5100  4565 265531.669   69   11 407430.907 265531.669  34.8%  34.2  538s
  4156  3624 282981.268  104   13 424533.444 282981.268  33.3%  28.6  545s
  4708  4176 265531.676   93   10 407486.874 265531.676  34.8%  37.6  515s
  3583  3042 262569.894  149   14 289668.460 262569.894  9.36%  81.6  565s
  4247  3715 264076.246  168   36 291895.164 264076.246  9.53%   116  590s
  1968  1343 265059.182   24   32 408184.210 265059.182  35.1%   676  585s
  5513  4974 264911.436  100   11 289812.981 264911.436  8.59%  28.1  465s
  2784  2234 284833.096   42   31 426447.164 284833.096  33.2%  91.6  495s
  5200  4627 264528.858  174   22 289668.459 264528.858  8.68%  38.9  480s
  3371  2839 265665.316   77   20 408572.530 265665.316  35.0%   156  580s
  3851  3315 265000.438  149   12 291332.895 265000.438  9.04%  33.8  550s
  3644  3113 284950.110  106   24 426901.851 284950.110  33.3%  74.3  525s
  5123  4588 265531.669   71   11 407430.907 265531.669  34.8%  34.1  540s
  3789  3091 264482.022  158   45 363318.877 264482.022  27.2%   135  575s
  4335  3721 284579.270  214    9 426260.361 284579.270  33.2%  52.7  530s
  3385  2773 265567.046  157   23 291895.241 265567.046  9.02%   107  555s
  4315  3765 265567.045   57   10 291895.247 265567.045  9.02%  41.4  495s
  3483  2883 284950.110   75    9 445010.542 284950.110  36.0%  55.3  450s
  4963  4389 264570.135  115   18 407686.746 264570.135  35.1%  41.4  570s
  4021  3248 284833.096  194    8 426436.774 284833.096  33.2%  36.0  435s
  3040  2370 284206.397   99   18 426777.087 284206.397  33.4%   140  445s
  3938  3405 263746.035   79   13 406607.504 263746.035  35.1%  44.6  560s
  5017  4481 284206.397   49    9 425816.207 284206.397  33.3%  48.9  520s
  3158  2620 284034.195  104   20 425657.923 284034.195  33.3%  79.5  455s
  6516  5979 264139.121  120   12 292007.217 264139.121  9.54%  36.7  585s
  7501  2159 263557.949   52   38 291332.875 263557.949  9.53%  68.8  590s
  4708  4169 263479.602  131    9 406021.914 263479.602  35.1%  52.0  580s
  4263  3728 263815.907  111   12 406839.430 263815.907  35.2%  49.7  565s
  3875  3335 265000.437   88   11 406484.277 265000.437  34.8%  29.7  475s
  5488  4770 265631.085  166   17 329474.214 265631.085  19.4%  32.1  575s
  4901  4351 265234.643  154    8 291333.695 265234.643  8.96%  52.3  540s
  5698  5162 282981.268  102   11 424268.074 282981.268  33.3%  28.0  510s
  4186  3654 282981.268   96   13 424533.444 282981.268  33.3%  28.5  550s
  3941  3408 284579.270   70   13 426361.788 284579.270  33.3%  35.6  490s
  4759  4227 265531.676   69   10 407486.874 265531.676  34.8%  37.3  520s
  2820  2270 284833.096   49   32 426447.164 284833.096  33.2%  94.2  500s
  5616  5077 264911.436   99   15 289812.981 264911.436  8.59%  27.9  470s
  1993  1368 265059.182   25   44 408184.210 265059.182  35.1%   679  590s
  5281  4708 264528.858  188   16 289668.459 264528.858  8.68%  38.7  485s
  3896  3360 265000.438  154   12 291332.895 265000.438  9.04%  33.5  555s
  3410  2878 265665.316   80   12 408572.530 265665.316  35.0%   155  585s
  3685  3154 284950.110  104   14 426901.851 284950.110  33.3%  74.9  530s
  5187  4652 265531.669   68   27 407430.907 265531.669  34.8%  34.0  545s
  3818  3120 264482.022  137   29 363318.877 264482.022  27.2%   137  580s
  3537  2937 284950.110   82   11 445010.542 284950.110  36.0%  54.8  455s
  4024  3251 284833.096  195    8 426436.774 284833.096  33.2%  36.0  440s
  4388  3838 265567.045   68   10 291895.247 265567.045  9.02%  41.3  500s
  3403  2791 265567.046  166   23 291895.241 265567.046  9.02%   107  560s
  5003  4429 264570.135  120   14 407686.746 264570.135  35.1%  41.2  575s
  4379  3759 284579.270  219   11 426260.361 284579.270  33.2%  52.4  535s
  3085  2404 284206.397  101   43 426777.087 284206.397  33.4%   139  450s
  3988  3455 263746.035   84   26 406607.504 263746.035  35.1%  44.3  565s
  3640  3099 262569.894  144   14 289668.460 262569.894  9.36%  81.4  572s
H 3918  3376                    406483.47787 265000.437  34.8%  29.5  479s
  3212  2674 284034.195  100   14 425657.923 284034.195  33.3%  78.8  460s
  5083  4547 284206.397   74   11 425816.207 284206.397  33.3%  48.6  525s
  7556  2162 264151.988   54   59 291332.875 263557.949  9.53%  70.4  595s
  4287  3755 264076.246  171   15 291895.164 264076.246  9.53%   116  597s
  4298  3763 263815.907  117   21 406839.430 263815.907  35.2%  49.5  570s
  5574  4846 265631.085  175   13 329474.214 265631.085  19.4%  31.8  580s
  4005  3472 284579.270   70   13 426361.788 284579.270  33.3%  35.3  495s
H 5763  5225                    424267.61752 282981.268  33.3%  27.9  515s
  4980  4430 265234.643  156    6 291333.695 265234.643  8.96%  53.1  545s
  4248  3716 282981.268   99   21 424533.444 282981.268  33.3%  28.3  555s
  4823  4291 265531.676   69   12 407486.874 265531.676  34.8%  37.0  525s
  3655  3114 262569.894  143   16 289668.460 262569.894  9.36%  81.2  575s
  4309  3777 264076.246  173   11 291895.164 264076.246  9.53%   116  600s
  6561  6024 264139.121  114   12 292007.217 264139.121  9.54%  36.6  592s
  5749  5210 264911.436  101   13 289812.981 264911.436  8.59%  27.6  475s
  2015  1388 265457.322   30   69 408184.210 265059.182  35.1%   678  595s
  4749  4210 263479.602  131   11 406021.914 263479.602  35.1%  51.7  586s
H 5763  5225                    424257.51940 282981.268  33.3%  27.9  515s
  5343  4768 264528.858  173   12 289668.459 264528.858  8.68%  38.5  490s
  3942  3406 265000.438  152   19 291332.895 265000.438  9.04%  33.3  560s
  3449  2917 265665.316   70   12 408572.530 265665.316  35.0%   154  590s
  5278  4743 265531.669   84   28 407430.907 265531.669  34.8%  33.9  550s
  3835  3136 264482.022  139   25 363318.877 264482.022  27.2%   139  585s
  3719  3188 284950.110   99   14 426901.851 284950.110  33.3%  75.9  535s
  3601  3001 284950.110   86   11 445010.542 284950.110  36.0%  54.1  460s
  2848  2298 284833.096   84   47 426447.164 284833.096  33.2%  97.7  506s
  3918  3378 265000.437   94   15 406483.478 265000.437  34.8%  29.5  483s
  4075  3302 284833.096  200   16 426436.774 284833.096  33.2%  35.8  445s
  5054  4480 264570.135  126   12 407686.746 264570.135  35.1%  41.0  580s
  3452  2833 265567.046   96   26 291895.241 265567.046  9.02%   106  565s
  3143  2448 284206.397   96   20 426777.087 284206.397  33.4%   137  455s
  4450  3900 265567.045   80   10 291895.247 265567.045  9.02%  41.2  505s
  4026  3493 263746.035   82   24 406607.504 263746.035  35.1%  44.1  570s
  5142  4606 284206.397   59   13 425816.207 284206.397  33.3%  48.4  530s
  7617  2193 263557.949   60   53 291332.875 263557.949  9.53%  72.1  600s
  6593  6056 264139.121  119   12 292007.217 264139.121  9.54%  36.6  595s
  3263  2725 284034.195  104   12 425657.923 284034.195  33.3%  78.6  465s
  4800  4261 263479.602  133    9 406021.914 263479.602  35.1%  51.3  590s
  3944  3404 265000.437   89   11 406483.478 265000.437  34.8%  29.4  485s
  4438  3816 284579.270  226   17 426260.361 284579.270  33.2%  52.3  541s
  5660  4930 265631.085  173   17 329474.214 265631.085  19.4%  31.5  585s
  4064  3531 284579.270   69   13 426361.788 284579.270  33.3%  35.1  500s
  5047  4497 265234.643  159   58 291333.695 265234.643  8.96%  54.1  550s
  4298  3766 282981.268  104   21 424533.444 282981.268  33.3%  28.1  560s
  4344  3809 263815.907  124   17 406839.430 263815.907  35.2%  49.2  576s
  4903  4371 265531.676   84   12 407486.874 265531.676  34.8%  36.7  530s
  2864  2314 284833.096   49   29 426447.164 284833.096  33.2%  98.5  510s
  4371  3839 264076.246  169   11 291895.164 264076.246  9.53%   117  605s
  3696  3155 262569.894  151   14 289668.460 262569.894  9.36%  80.7  580s
  5786  5250 282981.268  103   15 424257.519 282981.268  33.3%  27.8  520s
  5868  5329 264911.436   99   11 289812.981 264911.436  8.59%  27.3  480s
  2035  1407 265059.182   28   40 408184.210 265059.182  35.1%   679  600s
  3479  2947 265665.316   74   12 408572.530 265665.316  35.0%   153  595s
  3985  3449 265000.438  146   12 291332.895 265000.438  9.04%  33.1  565s
  3756  3225 284950.110  103   14 426901.851 284950.110  33.3%  75.3  540s
  4158  3385 284833.096  206   10 426436.774 284833.096  33.2%  35.4  450s
  3652  3052 284950.110   87   11 445010.542 284950.110  36.0%  53.6  465s
  3480  2861 265567.046  110   28 291895.241 265567.046  9.02%   105  570s
  4531  3981 265567.045   57   12 291895.247 265567.045  9.02%  40.9  510s
  5104  4530 264570.135  131   10 407686.746 264570.135  35.1%  40.8  585s
  5370  4835 265531.669   97   26 407430.907 265531.669  34.8%  33.8  556s
  3188  2477 284206.397  176   17 426777.087 284206.397  33.4%   136  460s
  4487  3865 284579.270  222    9 426260.361 284579.270  33.2%  52.2  545s
  4072  3539 263746.035   67   13 406607.504 263746.035  35.1%  43.9  575s
  5203  4667 284206.397   89    9 425816.207 284206.397  33.3%  48.2  535s
  3334  2796 284034.195  101   16 425657.923 284034.195  33.3%  77.9  470s
  3861  3162 264482.022  166   44 363318.877 264482.022  27.2%   141  591s
  7657  2209 263822.160   49   51 291332.875 263557.949  9.53%  72.8  605s
  6669  6132 264139.121  123   14 292007.217 264139.121  9.54%  36.4  600s
  4860  4321 263479.602  131    9 406021.914 263479.602  35.1%  50.9  595s
  4379  3844 263815.907  130   14 406839.430 263815.907  35.2%  49.0  580s
  3998  3458 265000.437   86   11 406483.478 265000.437  34.8%  29.3  490s
  5735  4997 265631.085  161   15 329474.214 265631.085  19.4%  31.4  590s
  4099  3566 284579.270   73   23 426361.788 284579.270  33.3%  35.0  505s
  5886  5350 282981.268   99   15 424257.519 282981.268  33.3%  27.6  525s
  4978  4446 265531.676   90   10 407486.874 265531.676  34.8%  36.4  535s
  2896  2346 284833.096   48   11 426447.164 284833.096  33.2%  99.0  515s
  4411  3879 264076.246  156   11 291895.164 264076.246  9.53%   118  610s
  3750  3209 262569.894  158   40 289668.460 262569.894  9.36%  80.3  585s
  4368  3836 282981.268  114   21 424533.444 282981.268  33.3%  27.9  565s
  5972  5433 264911.436  103   11 289812.981 264911.436  8.59%  27.1  485s
  4054  3518 265000.438  151   12 291332.895 265000.438  9.04%  32.7  570s
  3523  2991 265665.316   69   12 408572.530 265665.316  35.0%   152  600s
  5443  4908 265531.669   71   13 407430.907 265531.669  34.8%  33.7  560s
  4186  3413 284833.096  210   10 426436.774 284833.096  33.2%  35.3  455s
  3876  3177 264482.022  146   50 363318.877 264482.022  27.2%   143  595s
  3800  3269 284950.110  107   14 426901.851 284950.110  33.3%  75.3  545s
  4557  3935 284579.270  235    9 426260.361 284579.270  33.2%  52.1  550s
  3524  2905 265567.046  132   32 291895.241 265567.046  9.02%   104  575s
  5156  4582 264570.135  135   18 407686.746 264570.135  35.1%  40.6  590s
  3699  3099 284950.110   83   11 445010.542 284950.110  36.0%  53.2  471s
  4117  3584 263746.035   74   24 406607.504 263746.035  35.1%  43.6  580s
  4586  4036 265567.045   64   10 291895.247 265567.045  9.02%  40.7  515s
  5267  4731 284206.397   95    9 425816.207 284206.397  33.3%  48.0  540s
  7677  2223 263557.949   42   39 291332.875 263557.949  9.53%  73.2  610s
  3372  2834 284034.195  102   20 425657.923 284034.195  33.3%  77.8  475s
  6745  6208 264139.121  111   14 292007.217 264139.121  9.54%  36.3  605s
  4074  3534 265000.437   89   15 406483.478 265000.437  34.8%  29.1  495s
  4924  4385 263479.602  140    9 406021.914 263479.602  35.1%  50.4  600s
  5800  5060 265631.085  162   17 329474.214 265631.085  19.4%  31.2  595s
  4425  3890 263815.907  137   17 406839.430 263815.907  35.2%  48.7  585s
  4156  3623 284579.270   70   13 426361.788 284579.270  33.3%  34.9  510s
  5975  5439 282981.268  105   13 424257.519 282981.268  33.3%  27.4  530s
  4422  3890 282981.268  107   17 424533.444 282981.268  33.3%  27.7  570s
  5100  4550 265234.643  163   75 291333.695 265234.643  8.96%  54.8  560s
  2942  2392 284833.096   51   13 426447.164 284833.096  33.2%  97.7  520s
  4462  3930 264076.246  164   11 291895.164 264076.246  9.53%   117  615s
  3259  2538 284206.397   89   16 426777.087 284206.397  33.4%   133  467s
  3786  3245 262569.894  162   42 289668.460 262569.894  9.36%  80.4  590s
  6077  5538 264911.436  102   11 289812.981 264911.436  8.59%  26.8  490s
  5346  4771 264528.858  175   12 289668.459 264528.858  8.68%  38.5  505s
  4110  3574 265000.438  145   14 291332.895 265000.438  9.04%  32.5  575s
  5079  4547 265531.676   97   14 407486.874 265531.676  34.8%  36.0  541s
  5514  4979 265531.669   82   27 407430.907 265531.669  34.8%  33.5  565s
  3753  3153 284950.110   76   11 445010.542 284950.110  36.0%  52.8  475s
  3564  3032 265665.316   74   37 408572.530 265665.316  35.0%   151  605s
  3908  3209 264482.022  177   40 363318.877 264482.022  27.2%   145  600s
  4271  3496 284833.096  224    8 426436.774 284833.096  33.2%  34.9  460s
  4605  3983 284579.270  216    9 426260.361 284579.270  33.2%  52.0  555s
  3565  2944 265567.046  124   30 291895.241 265567.046  9.02%   103  580s
  4664  4114 265567.045   65   10 291895.247 265567.045  9.02%  40.6  520s
  5209  4635 264570.135  140   10 407686.746 264570.135  35.1%  40.4  595s
  4162  3629 263746.035   65   13 406607.504 263746.035  35.1%  43.3  585s
  5346  4810 284206.397  103    9 425816.207 284206.397  33.3%  47.6  545s
  7723  2233 263557.949   25   46 291332.875 263557.949  9.53%  75.1  615s
  3292  2567 284206.397  182   25 426777.087 284206.397  33.4%   132  470s
  6844  6307 264139.121  120   16 292007.217 264139.121  9.54%  36.1  610s
  3425  2887 284034.195   95   12 425657.923 284034.195  33.3%  77.6  480s
  4442  3907 263815.907  138   12 406839.430 263815.907  35.2%  48.5  590s
  4160  3620 265000.437   92   11 406483.478 265000.437  34.8%  28.8  500s
  5868  5126 265631.085  157   15 329474.214 265631.085  19.4%  31.0  600s
  4992  4453 263479.602  147   31 406021.914 263479.602  35.1%  50.0  605s
  5156  4606 265234.643  166   24 291333.695 265234.643  8.96%  55.7  565s
  6041  5505 282981.268   99   11 424257.519 282981.268  33.3%  27.3  535s
  4484  3952 282981.268  108   13 424533.444 282981.268  33.3%  27.5  575s
  5120  4588 265531.676  102   12 407486.874 265531.676  34.8%  35.8  545s
  4511  3979 264076.246  155   11 291895.164 264076.246  9.53%   117  620s
  6191  5652 264911.436  101   24 289812.981 264911.436  8.59%  26.6  495s
  3804  3263 262569.894  155   33 289668.460 262569.894  9.36%  80.3  595s
  4207  3674 284579.270   72   17 426361.788 284579.270  33.3%  34.7  516s
  5443  4868 264528.858  191   14 289668.459 264528.858  8.68%  38.3  510s
  4153  3617 265000.438  142   12 291332.895 265000.438  9.04%  32.3  580s
  3585  3053 265665.316   74   29 408572.530 265665.316  35.0%   151  610s
  5586  5051 265531.669   88   27 407430.907 265531.669  34.8%  33.4  570s
  3788  3188 284950.110   80   13 445010.542 284950.110  36.0%  52.5  480s
  3936  3237 264482.022  188   19 363318.877 264482.022  27.2%   147  605s
  2958  2408 284833.096   57   13 426447.164 284833.096  33.2%  97.3  526s
  3609  2988 265567.046  146   28 291895.241 265567.046  9.02%   103  585s
  5253  4679 264570.135  146   10 407686.746 264570.135  35.1%  40.2  600s
  4747  4197 265567.045   57   12 291895.247 265567.045  9.02%  40.2  525s
  3364  2619 284206.397  119   16 426777.087 284206.397  33.4%   130  475s
  4685  4053 284579.270  220    9 426260.361 284579.270  33.2%  52.2  560s
  4207  3674 263746.035   74   13 406607.504 263746.035  35.1%  43.0  590s
  4345  3566 284833.096  232    8 426436.774 284833.096  33.2%  34.6  466s
  3477  2939 284034.195   91   12 425657.923 284034.195  33.3%  78.2  485s
  6923  6386 264139.121  129   12 292007.217 264139.121  9.54%  35.9  615s
  4211  3671 265000.437   83   11 406483.478 265000.437  34.8%  28.7  505s
  4485  3950 263815.907  158   12 406839.430 263815.907  35.2%  48.3  595s
  7773  2253 263557.949   42   25 291332.875 263557.949  9.53%  75.8  620s
  5046  4507 263479.602  142   16 406021.914 263479.602  35.1%  49.7  610s
  5939  5193 265631.085  161   17 329474.214 265631.085  19.4%  30.9  605s
  5208  4658 265234.643  160    8 291333.695 265234.643  8.96%  56.6  570s
  4564  4032 282981.268  113   21 424533.444 282981.268  33.3%  27.2  580s
  5188  4656 265531.676   92   10 407486.874 265531.676  34.8%  35.6  550s
  2965  2415 284833.096   58   15 426447.164 284833.096  33.2%  97.1  530s
  3858  3317 262569.894  154   16 289668.460 262569.894  9.36%  80.1  600s
  4552  4020 264076.246  161   24 291895.164 264076.246  9.53%   116  625s
  6278  5739 264911.436  101   11 289812.981 264911.436  8.59%  26.4  500s
  6185  5649 282981.268  103   13 424257.519 282981.268  33.3%  27.1  541s
  5515  4938 264528.858  166   12 289668.459 264528.858  8.68%  38.1  515s
  3831  3300 284950.110  109   16 426901.851 284950.110  33.3%  76.9  559s
  4186  3650 265000.438  148   18 291332.895 265000.438  9.04%  32.2  585s
  3833  3302 284950.110  108   14 426901.851 284950.110  33.3%  76.9  560s
H 4575  4041                    424459.08910 282981.268  33.3%  27.2  581s
  3641  3109 265665.316   68   12 408572.530 265665.316  35.0%   150  615s
  5613  5078 265531.669  108   26 407430.907 265531.669  34.8%  33.4  575s
  3962  3262 264482.022  110   29 363318.877 264482.022  27.2%   148  610s
  3834  3234 284950.110   87   11 445010.542 284950.110  36.0%  52.1  485s
  3660  3037 265567.046   98   18 291895.241 265567.046  9.02%   103  590s
  4820  4270 265567.045   45   10 291895.247 265567.045  9.02%  39.8  530s
  5314  4740 264570.135  151   10 407686.746 264570.135  35.1%  40.0  605s
  3446  2674 284206.397  155   51 426777.087 284206.397  33.4%   128  480s
  4256  3723 263746.035   80   13 406607.504 263746.035  35.1%  42.7  595s
  4399  3616 284833.096  232    8 426436.774 284833.096  33.2%  34.4  471s
  7803  2269 263558.211   59   49 291332.875 263557.949  9.53%  76.6  625s
  3524  2986 284034.195   96   12 425657.923 284034.195  33.3%  78.1  490s
  4757  4125 284579.270  216    9 426260.361 284579.270  33.2%  52.1  565s
  6999  6462 264139.121  139   12 292007.217 264139.121  9.54%  35.8  620s
  4533  3998 263815.907  160   17 406839.430 263815.907  35.2%  48.1  600s
  2043  1415 265150.800   29  115 408184.210 265059.182  35.1%   679  623s
  4268  3728 265000.437   90   15 406483.478 265000.437  34.8%  28.5  510s
  5997  5245 265631.085  174   13 329474.214 265631.085  19.4%  30.7  610s
  5279  4729 265234.643  165    6 291333.695 265234.643  8.96%  57.5  575s
  6300  5764 282981.268   96   12 424257.519 282981.268  33.3%  26.8  545s
  4580  4048 282981.268  116   21 424459.089 282981.268  33.3%  27.1  585s
  4243  3710 284579.270   72   13 426361.788 284579.270  33.3%  34.6  525s
  3021  2471 284833.096   65   11 426447.164 284833.096  33.2%  95.8  535s
  3893  3352 262569.894  139   14 289668.460 262569.894  9.36%  80.4  605s
  4590  4058 264076.246  163   11 291895.164 264076.246  9.53%   116  630s
  6380  5841 264911.436  102   13 289812.981 264911.436  8.59%  26.2  505s
  5281  4749 265531.676  105   14 407486.874 265531.676  34.8%  35.2  555s
  5586  5009 264528.858  165   12 289668.459 264528.858  8.68%  38.0  520s
  4231  3695 265000.438  145   19 291332.895 265000.438  9.04%  31.9  590s
  2047  1419 265059.182   29   27 408184.210 265059.182  35.1%   679  625s
  5127  4588 263479.602  124   14 406021.914 263479.602  35.1%  49.2  617s
  3666  3134 265665.316   74   40 408572.530 265665.316  35.0%   150  620s
  3881  3350 284950.110  106   14 426901.851 284950.110  33.3%  78.6  565s
  3882  3282 284950.110   90   11 445010.542 284950.110  36.0%  51.8  490s
  3995  3294 264517.113  181   86 363318.877 264482.022  27.2%   152  615s
  4453  3668 284833.096  239    8 426436.774 284833.096  33.2%  34.2  475s
  4767  4135 284579.270  208    9 426260.361 284579.270  33.2%  52.0  570s
  3688  3065 265567.046  112   14 291895.241 265567.046  9.02%   102  595s
  5369  4795 264570.135  158   36 407686.746 264570.135  35.1%  39.8  610s
  3482  2704 284206.397  172   45 426777.087 284206.397  33.4%   128  485s
  4288  3755 263746.035   84   22 406607.504 263746.035  35.1%  42.5  600s
  7856  2286 263558.202   60   55 291332.875 263557.949  9.53%  78.2  630s
  7086  6549 264139.121  147   16 292007.217 264139.121  9.54%  35.7  625s
  5160  4621 263479.602  128    9 406021.914 263479.602  35.1%  48.9  620s
  4316  3776 265000.437   86   11 406483.478 265000.437  34.8%  28.3  515s
  3557  3019 284034.195   98   14 425657.923 284034.195  33.3%  77.8  495s
H 3909  3307                    444842.41469 284950.110  35.9%  51.5  492s
  6053  5299 265631.085  154   15 329474.214 265631.085  19.4%  30.6  615s
  4287  3754 284579.270   77   13 426361.788 284579.270  33.3%  34.4  530s
  6415  5879 282981.268   97   15 424257.519 282981.268  33.3%  26.6  550s
  4639  4107 282981.268  107   21 424459.089 282981.268  33.3%  27.0  590s
  3068  2518 284833.096   78   11 426447.164 284833.096  33.2%  94.7  540s
  4587  4052 263815.907  145   17 406839.430 263815.907  35.2%  47.9  606s
  3933  3392 262569.894  143   14 289668.460 262569.894  9.36%  79.8  610s
  5331  4781 265234.643  165    4 291333.695 265234.643  8.96%  58.6  580s
  5399  4863 284206.397  103    9 425816.207 284206.397  33.3%  47.5  562s
  5367  4835 265531.676   87   10 407486.874 265531.676  34.8%  34.8  560s
  6464  5925 264911.436  102   13 289812.981 264911.436  8.59%  26.0  510s
  2062  1434 265059.182   22   27 408184.210 265059.182  35.1%   680  630s
  4279  3743 265000.438  141   12 291332.895 265000.438  9.04%  31.7  595s
  4620  4088 264076.246  164   32 291895.164 264076.246  9.53%   116  635s
  3706  3174 265665.316   69   12 408572.530 265665.316  35.0%   149  625s
  3926  3395 284950.110  108   13 426901.851 284950.110  33.3%  79.8  570s
  5667  5086 264528.858  158   26 289668.459 264528.858  8.68%  37.9  525s
  4017  3314 264517.113  181   91 363318.877 264482.022  27.2%   154  620s
  4520  3727 284833.096  245    8 426436.774 284833.096  33.2%  33.9  480s
  4882  4332 265567.045   47   12 291895.247 265567.045  9.02%  39.5  539s
  4815  4183 284579.270  180   11 426260.361 284579.270  33.2%  51.7  575s
  3729  3106 265567.046  102   29 291895.241 265567.046  9.02%   102  600s
  3915  3315 284950.110   82   11 444842.415 284950.110  35.9%  51.4  495s
  4889  4339 265567.045   56   10 291895.247 265567.045  9.02%  39.5  540s
  5425  4851 264570.135  162   10 407686.746 264570.135  35.1%  39.6  615s
  4343  3810 263746.035   87   13 406607.504 263746.035  35.1%  42.3  605s
  5446  4910 284206.397  104   11 425816.207 284206.397  33.3%  47.4  565s
  7890  2292 263558.124   54   63 291332.875 263557.949  9.53%  81.0  635s
  3603  3065 284034.195   96   30 425657.923 284034.195  33.3%  77.1  500s
  7177  6640 264139.121  143   18 292007.217 264139.121  9.54%  35.6  630s
  5647  5112 265531.669  112   28 407430.907 265531.669  34.8%  33.3  587s
  5215  4676 263479.602  132    9 406021.914 263479.602  35.1%  48.6  625s
  3517  2724 284206.397  187   18 426777.087 284206.397  33.4%   128  491s
  4618  4083 263815.907  160   12 406839.430 263815.907  35.2%  47.7  610s
  4376  3836 265000.437   93   15 406483.478 265000.437  34.8%  28.2  520s
  6128  5372 265631.085  150   15 329474.214 265631.085  19.4%  30.4  620s
  4342  3809 284579.270   74   13 426361.788 284579.270  33.3%  34.3  535s
  6522  5986 282981.268  104   13 424257.519 282981.268  33.3%  26.4  555s
  5400  4850 265234.643  162   10 291333.695 265234.643  8.96%  58.7  585s
  4702  4170 282981.268   81   13 424459.089 282981.268  33.3%  26.8  595s
  3122  2572 284833.096   84   11 426447.164 284833.096  33.2%  93.3  545s
  3981  3440 262569.894  150   14 289668.460 262569.894  9.36%  79.5  615s
  6547  6008 264911.436   95   11 289812.981 264911.436  8.59%  25.9  515s
  2084  1454 272033.413   26  106 408184.210 265059.182  35.1%   680  635s
  4663  4131 264076.246  166   11 291895.164 264076.246  9.53%   116  640s
  5727  5146 264528.858  161   14 289668.459 264528.858  8.68%  37.7  530s
  3736  3204 265665.316   73   12 408572.530 265665.316  35.0%   148  630s
  3957  3426 284950.110  101   14 426901.851 284950.110  33.3%  81.5  575s
  5692  5157 265531.669  121   11 407430.907 265531.669  34.8%  33.3  590s
  4615  3808 284833.096  252    8 426436.774 284833.096  33.2%  33.6  485s
  4052  3349 264482.022  178   28 363318.877 264482.022  27.2%   155  625s
  3767  3144 265567.046   85   21 291895.241 265567.046  9.02%   101  605s
  3941  3341 284950.110   80    9 444842.415 284950.110  35.9%  51.2  500s
  4944  4394 265567.045   58   10 291895.247 265567.045  9.02%  39.3  545s
  4319  3783 265000.438  146   16 291332.895 265000.438  9.04%  31.5  601s
  4887  4255 284579.270  171    9 426260.361 284579.270  33.2%  51.2  580s
  5487  4913 264570.135  169   10 407686.746 264570.135  35.1%  39.4  620s
  3585  2753 284206.397  216   36 426777.087 284206.397  33.4%   126  495s
  4380  3847 263746.035   84   21 406607.504 263746.035  35.1%  42.1  610s
  3651  3113 284034.195   99   14 425657.923 284034.195  33.3%  77.0  505s
  7257  6720 264139.121  144   18 292007.217 264139.121  9.54%  35.4  635s
  5533  4997 284206.397   99   13 425816.207 284206.397  33.3%  47.6  570s
  4422  3882 265000.437   94   11 406483.478 265000.437  34.8%  28.1  525s
  5247  4708 263479.602  135   16 406021.914 263479.602  35.1%  48.4  630s
  4660  4125 263815.907  152   19 406839.430 263815.907  35.2%  47.8  615s
  6194  5438 265631.085  153   13 329474.214 265631.085  19.4%  30.3  625s
  4378  3845 284579.270   68   13 426361.788 284579.270  33.3%  34.1  540s
  5460  4910 265234.643  160   43 291333.695 265234.643  8.96%  59.6  590s
  6619  6083 282981.268   98   15 424257.519 282981.268  33.3%  26.3  560s
  4776  4244 282981.268   76   17 424459.089 282981.268  33.3%  26.8  600s
  3160  2610 284833.096   89   15 426447.164 284833.096  33.2%  92.4  550s
  4041  3500 262569.894  154   14 289668.460 262569.894  9.36%  78.8  620s
  6626  6087 264911.436  101   11 289812.981 264911.436  8.59%  25.7  520s
  4692  4160 264076.246  154   11 291895.164 264076.246  9.53%   116  645s
  2101  1466 281329.678   27   79 408184.210 265059.182  35.1%   686  640s
  5825  5244 264528.858  172   12 289668.459 264528.858  8.68%  37.5  535s
  3762  3230 265665.316   69   11 408572.530 265665.316  35.0%   148  635s
  4351  3815 265000.438  148   14 291332.895 265000.438  9.04%  31.4  605s
  3995  3464 284950.110  107   13 426901.851 284950.110  33.3%  80.9  580s
  4709  3892 284833.096  240    8 426436.774 284833.096  33.2%  33.4  490s
  4086  3382 264482.022  173   17 363318.877 264482.022  27.2%   158  630s
  3972  3372 284950.110   77    9 444842.415 284950.110  35.9%  51.1  505s
  5748  5213 265531.669   62   13 407430.907 265531.669  34.8%  33.2  595s
  3809  3186 265567.046  106   17 291895.241 265567.046  9.02%   101  610s
  5054  4504 265567.045   53   10 291895.247 265567.045  9.02%  38.8  550s
  4924  4292 284579.270  177    9 426260.361 284579.270  33.2%  51.0  585s
  5538  4964 264570.135  174   12 407686.746 264570.135  35.1%  39.2  625s
  5445  4913 265531.676   96   10 407486.874 265531.676  34.8%  34.6  572s
  3665  2817 284206.397  119   14 426777.087 284206.397  33.4%   124  500s
  3702  3164 284034.195   98   12 425657.923 284034.195  33.3%  76.3  510s
  7334  6797 264139.121  141   16 292007.217 264139.121  9.54%  35.3  640s
  4423  3886 263746.035   89   13 406607.504 263746.035  35.1%  41.8  615s
  5587  5051 284206.397  105    9 425816.207 284206.397  33.3%  47.3  575s
  5320  4781 263479.602  135   11 406021.914 263479.602  35.1%  48.0  635s
  4673  4138 263815.907  158   12 406839.430 263815.907  35.2%  47.7  620s
  6262  5506 265631.085  147   13 329474.214 265631.085  19.4%  30.2  630s
  4462  3929 284579.270   61   13 426361.788 284579.270  33.3%  33.9  545s
  7923  2307 263557.949   33   40 291332.875 263557.949  9.53%  83.4  646s
  4481  3941 265000.437   95   11 406483.478 265000.437  34.8%  27.9  531s
  6744  6208 282981.268  103   11 424257.519 282981.268  33.3%  26.0  565s
  4841  4309 282981.268   77   13 424459.089 282981.268  33.3%  26.7  605s
  5496  4964 265531.676  101   12 407486.874 265531.676  34.8%  34.4  575s
  3182  2632 284833.096   92   17 426447.164 284833.096  33.2%  92.1  555s
  4093  3552 262569.894  154   16 289668.460 262569.894  9.36%  78.8  625s
  4742  4210 264076.246  157   13 291895.164 264076.246  9.53%   115  650s
  6737  6198 264911.436  103   11 289812.981 264911.436  8.59%  25.5  525s
  2118  1483 265059.182   21   73 408184.210 265059.182  35.1%   688  645s
  4406  3870 265000.438  150   12 291332.895 265000.438  9.04%  31.2  610s
  5503  4953 265234.643  157   10 291333.695 265234.643  8.96%  60.0  596s
  3799  3267 265665.316   73   11 408572.530 265665.316  35.0%   146  640s
  4034  3503 284950.110  108   20 426901.851 284950.110  33.3%  82.4  585s
  5804  5269 265531.669   70    9 407430.907 265531.669  34.8%  33.1  600s
  4113  3409 264483.360  115   29 363318.877 264482.022  27.2%   159  635s
  4034  3434 284950.110   84    9 444842.415 284950.110  35.9%  50.6  510s
  5152  4602 265567.045   59   14 291895.247 265567.045  9.02%  38.4  555s
  3726  2861 284206.397  145   18 426777.087 284206.397  33.4%   123  505s
  4467  3930 263746.035   83   13 406607.504 263746.035  35.1%  41.6  620s
  5585  5011 264570.135  179   47 407686.746 264570.135  35.1%  39.1  630s
  5651  5115 284206.397  101   13 425816.207 284206.397  33.3%  47.4  580s
  7957  2333 263558.087   44   61 291332.875 263557.949  9.53%  84.7  650s
  4738  3913 284833.096  245   14 426436.774 284833.096  33.2%  33.3  496s
  5907  5326 264528.858  165   12 289668.459 264528.858  8.68%  37.4  541s
  4988  4356 284579.270  195    9 426260.361 284579.270  33.2%  50.7  591s
  3831  3208 265567.046   94   21 291895.241 265567.046  9.02%   101  616s
  7403  6866 264139.121  146   14 292007.217 264139.121  9.54%  35.2  645s
  3749  3211 284034.195   95   12 425657.923 284034.195  33.3%  75.6  515s
  4516  3976 265000.437   92   11 406483.478 265000.437  34.8%  27.9  535s
  5371  4832 263479.602  138    9 406021.914 263479.602  35.1%  47.8  640s
  4738  4203 263815.907   86   17 406839.430 263815.907  35.2%  47.5  625s
  6297  5537 265631.085  148   19 329474.214 265631.085  19.4%  30.2  635s
  4519  3986 284579.270   58   13 426361.788 284579.270  33.3%  33.6  550s
  5544  4994 265234.643  160    6 291333.695 265234.643  8.96%  60.1  600s
  4886  4354 282981.268   64   13 424459.089 282981.268  33.3%  26.6  610s
  6796  6260 282981.268  105   11 424257.519 282981.268  33.3%  26.0  570s
  3208  2658 284833.096   95   11 426447.164 284833.096  33.2%  91.6  560s
  5584  5052 265531.676  112   10 407486.874 265531.676  34.8%  34.0  580s
  4799  4267 264076.246  163   11 291895.164 264076.246  9.53%   114  655s
  4136  3595 262569.894  159   14 289668.460 262569.894  9.36%  78.6  630s
  2138  1501 285549.124   23  122 408184.210 265059.182  35.1%   693  650s
  5961  5380 264528.858  166   12 289668.459 264528.858  8.68%  37.3  545s
  4439  3903 265000.438  144   14 291332.895 265000.438  9.04%  31.1  615s
  3834  3302 265665.316   77   11 408572.530 265665.316  35.0%   145  645s
  5878  5343 265531.669   79   27 407430.907 265531.669  34.8%  33.0  605s
  4138  3434 264482.022  115   40 363318.877 264482.022  27.2%   161  640s
  4068  3537 284950.110  108   16 426901.851 284950.110  33.3%  83.0  590s
  4776  3947 284833.096  233    8 426436.774 284833.096  33.2%  33.2  500s
  5050  4418 284579.270  200    9 426260.361 284579.270  33.2%  50.3  595s
  3857  3232 265567.046  113   19 291895.241 265567.046  9.02%   100  620s
  5217  4667 265567.045   57   10 291895.247 265567.045  9.02%  38.2  560s
  4514  3977 263746.035   83   13 406607.504 263746.035  35.1%  41.4  625s
  5612  5038 264570.135  180   10 407686.746 264570.135  35.1%  39.0  635s
  3816  3278 284034.195  105   12 425657.923 284034.195  33.3%  75.5  520s
  5749  5213 284206.397  101    9 425816.207 284206.397  33.3%  47.1  585s
  3772  2905 284206.397  168   10 426777.087 284206.397  33.4%   122  510s
  7501  6964 264139.121  146   12 292007.217 264139.121  9.54%  35.1  650s
  4582  4042 265000.437   92   15 406483.478 265000.437  34.8%  27.7  540s
  5424  4885 263479.602  135    9 406021.914 263479.602  35.1%  47.5  645s
  4798  4263 263815.907   84   12 406839.430 263815.907  35.2%  47.1  630s
  7992  2349 263557.949   36   67 291332.875 263557.949  9.53%  86.8  656s
  6356  5596 265631.085  145   15 329474.214 265631.085  19.4%  30.1  640s
  5589  5039 265234.643  163   24 291333.695 265234.643  8.96%  61.1  605s
  4967  4435 282981.268   71   22 424459.089 282981.268  33.3%  26.5  615s
  3262  2712 284833.096  102   11 426447.164 284833.096  33.2%  90.3  565s
  4203  3658 262569.894  154   44 289668.460 262569.894  9.36%  78.2  635s
  4836  4304 264076.246  125   13 291895.164 264076.246  9.53%   114  660s
  4575  4042 284579.270   57   13 426361.788 284579.270  33.3%  33.5  555s
  5691  5159 265531.676  124   21 407486.874 265531.676  34.8%  33.7  585s
  2155  1517 266486.101   26  146 408184.210 265059.182  35.1%   696  655s
  6034  5447 264528.858  154   14 289668.459 264528.858  8.68%  37.1  550s
  6897  6361 282981.268   98   12 424257.519 282981.268  33.3%  25.8  576s
  3865  3333 265665.316   80   11 408572.530 265665.316  35.0%   144  650s
  4487  3951 265000.438  144   12 291332.895 265000.438  9.04%  31.0  620s
  5919  5384 265531.669   82   27 407430.907 265531.669  34.8%  32.9  610s
  4097  3566 284950.110  110   13 426901.851 284950.110  33.3%  83.3  595s
  4855  4018 284833.096  238    8 426436.774 284833.096  33.2%  33.0  505s
  4183  3479 264482.022  178   40 363318.877 264482.022  27.2%   163  645s
  6828  6289 264911.436  102   13 289812.981 264911.436  8.59%  25.4  536s
  3894  3269 265567.046  132   33 291895.241 265567.046  9.02%   100  625s
  5101  4469 284579.270  192   11 426260.361 284579.270  33.2%  50.1  600s
  5314  4764 265567.045   67   12 291895.247 265567.045  9.02%  37.9  565s
  5699  5125 264570.135  191   34 407686.746 264570.135  35.1%  38.8  640s
  4074  3474 284950.110   65    9 444842.415 284950.110  35.9%  50.3  521s
  4558  4021 263746.035   81   13 406607.504 263746.035  35.1%  41.1  630s
  5850  5314 284206.397  111   11 425816.207 284206.397  33.3%  46.9  590s
  3809  2942 284206.397  187   14 426777.087 284206.397  33.4%   122  515s
  3866  3328 284034.195   98   46 425657.923 284034.195  33.3%  75.4  525s
  8024  2365 263557.949   38   30 291332.875 263557.949  9.53%  87.2  660s
  5496  4957 263479.602  135    9 406021.914 263479.602  35.1%  47.2  650s
  4848  4313 263815.907   93   20 406839.430 263815.907  35.2%  46.9  635s
  7508  6971 264139.121  134   14 292007.217 264139.121  9.54%  35.1  655s
  6412  5650 265631.085  144   17 329474.214 265631.085  19.4%  30.0  645s
  5655  5105 265234.643  164   10 291333.695 265234.643  8.96%  61.3  610s
  5021  4489 282981.268   37   13 424459.089 282981.268  33.3%  26.4  620s
  5759  5227 265531.676  130   21 407486.874 265531.676  34.8%  33.5  590s
  3322  2772 284833.096  108   11 426447.164 284833.096  33.2%  88.9  570s
  6998  6462 282981.268  102   15 424257.519 282981.268  33.3%  25.7  580s
  4874  4336 264076.246  167   32 291895.164 264076.246  9.53%   113  665s
  6890  6351 264911.436  101   11 289812.981 264911.436  8.59%  25.3  540s
  4639  4106 284579.270   59   13 426361.788 284579.270  33.3%  33.3  561s
  2172  1533 265059.182   24   44 408184.210 265059.182  35.1%   698  660s
  4634  4094 265000.437   95   15 406483.478 265000.437  34.8%  27.6  547s
  6095  5508 264528.858  161   14 289668.459 264528.858  8.68%  37.0  555s
  4550  4014 265000.438  148   12 291332.895 265000.438  9.04%  30.8  625s
  4150  3619 284950.110  105   14 426901.851 284950.110  33.3%  84.3  600s
  3909  3377 265665.316   85   13 408572.530 265665.316  35.0%   143  655s
  4927  4084 284833.096  240   20 426436.774 284833.096  33.2%  32.8  510s
  4126  3526 284950.110   72   11 444842.415 284950.110  35.9%  50.0  525s
  4212  3506 264482.022  120   55 363318.877 264482.022  27.2%   164  650s
  3949  3324 265567.046   86   24 291895.241 265567.046  9.02%  99.1  630s
  5399  4849 265567.045   71   10 291895.247 265567.045  9.02%  37.7  570s
  5991  5456 265531.669   89   28 407430.907 265531.669  34.8%  32.8  616s
  5770  5196 264570.135  182   47 407686.746 264570.135  35.1%  38.7  645s
  3872  2999 284206.397  122   12 426777.087 284206.397  33.4%   120  520s
  4603  4066 263746.035   77   13 406607.504 263746.035  35.1%  40.9  635s
  3928  3390 284034.195   98   12 425657.923 284034.195  33.3%  75.6  530s
  5911  5375 284206.397  109    9 425816.207 284206.397  33.3%  46.7  595s
  8079  2388 263557.949   30   48 291332.875 263557.949  9.53%  88.3  665s
  7582  7045 264139.121  146   12 292007.217 264139.121  9.54%  35.0  660s
  4654  4114 265000.437   97   15 406483.478 265000.437  34.8%  27.5  550s
  4882  4347 263815.907  102   17 406839.430 263815.907  35.2%  46.7  640s
  4235  3690 262569.894  155   14 289668.460 262569.894  9.36%  78.0  643s
  5532  4993 263479.602  139   22 406021.914 263479.602  35.1%  47.0  655s
  6494  5726 265631.085  143   19 329474.214 265631.085  19.4%  29.8  650s
  4691  4158 284579.270   58   13 426361.788 284579.270  33.3%  33.1  565s
  5704  5154 265234.643  162    4 291333.695 265234.643  8.96%  61.9  615s
  7145  6609 282981.268   95   13 424257.519 282981.268  33.3%  25.5  585s
  5063  4531 282981.268   69   22 424459.089 282981.268  33.3%  26.4  625s
  5828  5296 265531.676  133   10 407486.874 265531.676  34.8%  33.2  595s
  3370  2820 284833.096  113   17 426447.164 284833.096  33.2%  87.9  575s
  4918  4380 264076.246  167   15 291895.164 264076.246  9.53%   113  670s
  6984  6445 264911.436  109   13 289812.981 264911.436  8.59%  25.1  545s
  2188  1547 265059.182   26   47 408184.210 265059.182  35.1%   700  665s
  6177  5590 264528.858  171   12 289668.459 264528.858  8.68%  36.9  560s
  4615  4079 265000.438  150   12 291332.895 265000.438  9.04%  30.6  630s
  3924  3392 265665.316   86   11 408572.530 265665.316  35.0%   142  660s
  4174  3642 295798.141  106  101 426901.851 284950.110  33.3%  85.0  605s
  5011  4164 284833.096  195   12 426436.774 284833.096  33.2%  32.6  515s
  4261  3710 262569.894  158   34 289668.460 262569.894  9.36%  77.9  646s
  3995  3370 265567.046   93   24 291895.241 265567.046  9.02%  98.3  635s
  6072  5537 265531.669   95   30 407430.907 265531.669  34.8%  32.7  620s
  5824  5250 264570.135  182   47 407686.746 264570.135  35.1%  38.5  650s
  5484  4934 265567.045   75   10 291895.247 265567.045  9.02%  37.6  575s
  4174  3574 284950.110   70    9 444842.415 284950.110  35.9%  49.7  531s
  4654  4117 263746.035   77   22 406607.504 263746.035  35.1%  40.7  640s
  3944  3029 284206.397  151   12 426777.087 284206.397  33.4%   118  525s
  3947  3409 284034.195   98   39 425657.923 284034.195  33.3%  75.3  535s
  8118  2405 263557.989   36   62 291332.875 263557.949  9.53%  90.3  670s
  5992  5456 284206.397  100   11 425816.207 284206.397  33.3%  46.5  600s
H 3945  3028                    425859.84452 284206.397  33.3%   118  525s
  7677  7140 264139.121  139   12 292007.217 264139.121  9.54%  34.9  665s
  4232  3525 264482.255  192   88 363318.877 264482.022  27.2%   164  656s
  4706  4166 265000.437   79   11 406483.478 265000.437  34.8%  27.3  555s
  4919  4384 263815.907   84   14 406839.430 263815.907  35.2%  46.5  645s
  5586  5047 263479.602  139    9 406021.914 263479.602  35.1%  46.7  660s
  6558  5788 265631.085  143   13 329474.214 265631.085  19.4%  29.6  655s
  5778  5228 265234.643  159    6 291333.695 265234.643  8.96%  61.9  620s
  4747  4214 284579.270   47   13 426361.788 284579.270  33.3%  32.9  570s
  5103  4571 282981.268   73   22 424459.089 282981.268  33.3%  26.4  630s
  5932  5400 265531.676  145   19 407486.874 265531.676  34.8%  32.8  600s
  3397  2847 284833.096  117   28 426447.164 284833.096  33.2%  87.3  580s
  4288  3735 262569.894  157   14 289668.460 262569.894  9.36%  77.9  650s
  4940  4402 264076.246  170   16 291895.164 264076.246  9.53%   113  675s
  7091  6552 264911.436  104   26 289812.981 264911.436  8.59%  25.0  550s
  6242  5655 264528.858  176   12 289668.459 264528.858  8.68%  36.8  565s
  3974  3442 265665.316   93   13 408572.530 265665.316  35.0%   141  665s
  4681  4145 265000.438  141   16 291332.895 265000.438  9.04%  30.3  635s
  4192  3653 291024.577  103  140 426901.851 284950.110  33.3%  87.8  610s
  6116  5581 265531.669   72    9 407430.907 265531.669  34.8%  32.7  625s
  5067  4216 284833.096  199   10 426436.774 284833.096  33.2%  32.4  520s
  5153  4521 284579.270  195    9 426260.361 284579.270  33.2%  49.8  614s
  4262  3555 264482.022  123   38 363318.877 264482.022  27.2%   165  660s
  4214  3614 284950.110   87   11 444842.415 284950.110  35.9%  49.4  535s
  2209  1567 265059.182   21   23 408184.210 265059.182  35.1%   703  671s
H 5961  5427                    407369.57290 265531.676  34.8%  32.7  601s
  4039  3410 265567.046  114   38 291895.241 265567.046  9.02%  97.8  640s
  5539  4989 265567.045   71   10 291895.247 265567.045  9.02%  37.5  580s
  5891  5317 264570.135  179   12 407686.746 264570.135  35.1%  38.3  655s
  4020  3069 284206.397  180   10 425859.845 284206.397  33.3%   116  530s
  4706  4169 263746.035   80   26 406607.504 263746.035  35.1%  40.4  645s
  6077  5541 284206.397   99    9 425816.207 284206.397  33.3%  46.1  605s
  3997  3459 284034.195   90   12 425657.923 284034.195  33.3%  75.1  540s
  8155  2424 274176.786   57   70 291332.875 263557.949  9.53%  92.3  675s
  7761  7224 264139.121  129   12 292007.217 264139.121  9.54%  34.8  670s
  5162  4530 284579.270  195    9 426260.361 284579.270  33.2%  49.7  616s
  7267  6731 282981.268   91   13 424257.519 282981.268  33.3%  25.4  593s
  4772  4232 265000.437   81   11 406483.478 265000.437  34.8%  27.1  560s
  5656  5117 263479.602  139    9 406021.914 263479.602  35.1%  46.4  665s
  4968  4433 263815.907   92   14 406839.430 263815.907  35.2%  46.2  650s
  6625  5855 265631.085  145   15 329474.214 265631.085  19.4%  29.5  660s
  5836  5286 265234.643  165   10 291333.695 265234.643  8.96%  61.9  625s
  7297  6761 282981.268   90   16 424257.519 282981.268  33.3%  25.3  595s
  4801  4268 284579.270   57   13 426361.788 284579.270  33.3%  32.7  575s
  3442  2892 284833.096  121   11 426447.164 284833.096  33.2%  86.4  585s
  4996  4458 264076.246  162   13 291895.164 264076.246  9.53%   112  680s
  2215  1572 265059.182   23   42 408184.210 265059.182  35.1%   707  675s
  7204  6665 264911.436  107   24 289812.981 264911.436  8.59%  24.8  555s
  4342  3789 262569.894  163   43 289668.460 262569.894  9.36%  77.5  655s
  4734  4198 265000.438  141   14 291332.895 265000.438  9.04%  30.1  640s
  4027  3495 265665.316   99   13 408572.530 265665.316  35.0%   139  670s
  4215  3670 284950.110   88   40 426901.851 284950.110  33.3%  89.9  615s
  6185  5650 265531.669   74   11 407430.907 265531.669  34.8%  32.6  630s
  6315  5728 264528.858  182   12 289668.459 264528.858  8.68%  36.7  570s
  5153  4300 284833.096  264   14 426436.774 284833.096  33.2%  32.1  525s
  5988  5456 265531.676  150   19 407369.573 265531.676  34.8%  32.6  606s
  4266  3666 284950.110   93   11 444842.415 284950.110  35.9%  49.1  540s
  4283  3576 264517.113  125  100 363318.877 264482.022  27.2%   166  665s
  5197  4565 284579.270  203   11 426260.361 284579.270  33.2%  49.5  620s
  4074  3445 265567.046  132   16 291895.241 265567.046  9.02%  98.3  645s
  5942  5368 264570.135  181   14 407686.746 264570.135  35.1%  38.2  660s
  4122  3103 284206.397  214   10 425859.845 284206.397  33.3%   114  535s
  4747  4210 263746.035   78   13 406607.504 263746.035  35.1%  40.2  650s
  4052  3514 284034.195   96   14 425657.923 284034.195  33.3%  74.3  545s
  7841  7304 264139.121  145   12 292007.217 264139.121  9.54%  34.6  675s
  6154  5618 284206.397   98    9 425816.207 284206.397  33.3%  46.0  610s
  5179  4647 282981.268   63   13 424459.089 282981.268  33.3%  26.3  638s
  5579  5029 265567.045   76   12 291895.247 265567.045  9.02%  37.5  586s
H 4232  3681                    409349.65076 284950.110  30.4%  90.8  617s
  4817  4277 265000.437   49   13 406483.478 265000.437  34.8%  27.0  565s
  6680  5908 265631.085  134   13 329474.214 265631.085  19.4%  29.3  665s
  5694  5155 263479.602  140   31 406021.914 263479.602  35.1%  46.2  670s
  4876  4343 284579.270   56   13 426361.788 284579.270  33.3%  32.4  580s
  5881  5331 265234.643  167    6 291333.695 265234.643  8.96%  62.3  630s
  7386  6850 282981.268   96   12 424257.519 282981.268  33.3%  25.3  600s
  5194  4662 282981.268   67   13 424459.089 282981.268  33.3%  26.3  640s
  6041  5509 265531.676  137   21 407369.573 265531.676  34.8%  32.4  610s
  3490  2940 284833.096  124   11 426447.164 284833.096  33.2%  85.5  590s
  4396  3843 262569.896  162   28 289668.460 262569.894  9.36%  77.5  660s
  7366  6823 264911.436  109   11 289812.981 264911.436  8.59%  24.5  560s
  2231  1585 287634.776   26  202 408184.210 265059.182  35.1%   714  680s
  5043  4505 264076.246  168   14 291895.164 264076.246  9.53%   112  685s
  4777  4241 265000.438  141   12 291332.895 265000.438  9.04%  30.0  645s
  4251  3698 284950.110   85   16 409349.651 284950.110  30.4%  91.9  620s
  8184  2423 263558.216   52   52 291332.875 263557.949  9.53%  93.5  683s
  6240  5705 265531.669   81    9 407430.907 265531.669  34.8%  32.5  635s
  6396  5809 264528.858  179   14 289668.459 264528.858  8.68%  36.6  575s
  5235  4376 284833.096  269    6 426436.774 284833.096  33.2%  32.6  530s
  4313  3713 284950.110   80   11 444842.415 284950.110  35.9%  48.8  545s
  4321  3612 264517.113  133  105 363318.877 264482.022  27.2%   166  670s
  5638  5088 265567.045   75   12 291895.247 265567.045  9.02%  37.4  590s
  5267  4635 284579.270  207   27 426260.361 284579.270  33.2%  49.4  625s
  5965  5391 264570.135  184   45 407686.746 264570.135  35.1%  38.2  665s
  4085  3456 265567.046   89   18 291895.241 265567.046  9.02%  98.1  650s
  4182  3139 284206.397  239   18 425859.845 284206.397  33.3%   113  540s
  4069  3537 265665.316  104   11 408572.530 265665.316  35.0%   138  676s
  4784  4247 263746.035   85   13 406607.504 263746.035  35.1%  40.0  655s
  6208  5672 284206.397  116   13 425816.207 284206.397  33.3%  45.8  615s
  4131  3593 284034.195  106   14 425657.923 284034.195  33.3%  73.5  550s
  8196  2423 263557.989   44   27 291332.875 263557.949  9.53%  93.9  685s
  7906  7369 264139.121  141   12 292007.217 264139.121  9.54%  34.5  680s
  4866  4326 265000.437   79   11 406483.478 265000.437  34.8%  26.9  570s
  6743  5971 265631.085  150   13 329474.214 265631.085  19.4%  29.2  670s
  4930  4397 284579.270   45   13 426361.788 284579.270  33.3%  32.2  585s
  5721  5182 263479.602  141   20 406021.914 263479.602  35.1%  46.1  676s
  7459  6923 282981.268   93   11 424257.519 282981.268  33.3%  25.2  605s
  5251  4719 282981.268   73   21 424459.089 282981.268  33.3%  26.2  645s
  5925  5375 265234.643  162    6 291333.695 265234.643  8.96%  62.2  635s
  6135  5603 265531.676  134   12 407369.573 265531.676  34.8%  32.0  615s
  5082  4542 264076.246  166   11 291895.164 264076.246  9.53%   111  690s
  4456  3903 262569.894  154   37 289668.460 262569.894  9.36%  77.5  665s
  7458  6915 264911.436  105   24 289812.981 264911.436  8.59%  24.4  565s
H 4270  3714                    408593.02834 284950.110  30.3%  93.0  624s
  2242  1595 265059.182   29   62 408184.210 265059.182  35.1%   717  685s
  6463  5876 264528.858  175   12 289668.459 264528.858  8.68%  36.6  580s
  4814  4278 265000.438  138   12 291332.895 265000.438  9.04%  29.9  650s
  4100  3568 265665.316  108   11 408572.530 265665.316  35.0%   137  680s
  4270  3715 287702.727   88  135 408593.028 284950.110  30.3%  93.2  625s
  6323  5788 265531.669   74   27 407430.907 265531.669  34.8%  32.5  640s
  4360  3760 284950.110   79   11 444842.415 284950.110  35.9%  48.5  550s
  4374  3658 264483.360  133   39 363318.877 264482.022  27.2%   167  675s
  5331  4699 284579.270  210   11 426260.361 284579.270  33.2%  49.3  630s
  4130  3499 265567.046   96   23 291895.241 265567.046  9.02%  97.3  655s
  5732  5182 265567.045   70   12 291895.247 265567.045  9.02%  37.2  595s
  5017  4482 263815.907   98   28 406839.430 263815.907  35.2%  46.0  663s
  6023  5449 264570.135  184   10 407686.746 264570.135  35.1%  38.0  670s
  4234  3187 284206.397  110   20 425859.845 284206.397  33.3%   113  545s
  6290  5754 284206.397  117   13 425816.207 284206.397  33.3%  45.8  620s
  8230  2439 263557.949   33   37 291332.875 263557.949  9.53%  96.5  690s
  7997  7460 264139.121  150   16 292007.217 264139.121  9.54%  34.4  685s
  4172  3634 284034.195   97   12 425657.923 284034.195  33.3%  73.4  555s
  3532  2982 284833.096  125   11 426447.164 284833.096  33.2%  84.7  598s
  5280  4421 284833.096  221   10 426436.774 284833.096  33.2%  32.8  537s
  4935  4395 265000.437   86   11 406483.478 265000.437  34.8%  26.7  575s
  5764  5225 263479.602  134    9 406021.914 263479.602  35.1%  45.9  680s
  5027  4492 263815.907   99   12 406839.430 263815.907  35.2%  46.0  665s
  6770  5998 265631.085  134   17 329474.214 265631.085  19.4%  29.1  675s
  7518  6982 282981.268   97   13 424257.519 282981.268  33.3%  25.1  610s
  5316  4784 282981.268   81   21 424459.089 282981.268  33.3%  26.1  650s
  6266  5734 265531.676  132   12 407369.573 265531.676  34.8%  31.7  620s
  4979  4446 284579.270   43   13 426361.788 284579.270  33.3%  32.0  590s
  4507  3954 262569.894  160   14 289668.460 262569.894  9.36%  77.1  670s
  5124  4584 264076.246  163   14 291895.164 264076.246  9.53%   111  695s
  7570  7027 264911.436  112   11 289812.981 264911.436  8.59%  24.2  570s
  3559  3009 284833.113  128   23 426447.164 284833.096  33.2%  84.2  600s
  2251  1604 265059.182   31   27 408184.210 265059.182  35.1%   721  690s
  6527  5940 264528.858  199   12 289668.459 264528.858  8.68%  36.4  585s
  4154  3622 265665.316  115   11 408572.530 265665.316  35.0%   135  685s
  4311  3752 284950.110   86   16 408593.028 284950.110  30.3%  95.8  630s
  6457  5922 265531.669   73    9 407430.907 265531.669  34.8%  32.2  645s
  4403  3803 284950.110   64    9 444842.415 284950.110  35.9%  48.2  555s
  4389  3673 264482.022  132   43 363318.877 264482.022  27.2%   168  680s
  4811  4274 263746.035   70   15 406607.504 263746.035  35.1%  39.9  664s
  5308  4449 284833.096  224    8 426436.774 284833.096  33.2%  32.7  540s
  4164  3533 265567.046  113   39 291895.241 265567.046  9.02%  97.5  660s
  5392  4760 284579.270  210   19 426260.361 284579.270  33.2%  49.4  635s
  5817  5267 265567.045   59   10 291895.247 265567.045  9.02%  37.1  600s
  6081  5507 264570.135  179   12 407686.746 264570.135  35.1%  37.8  675s
  4821  4284 263746.035   71   13 406607.504 263746.035  35.1%  39.8  665s
  5985  5435 265234.643  163    6 291333.695 265234.643  8.96%  63.0  643s
  4278  3231 284206.397  102   22 425859.845 284206.397  33.3%   113  550s
  6363  5827 284206.397   96   13 425816.207 284206.397  33.3%  45.6  625s
  8256  2455 263557.949   32   33 291332.875 263557.949  9.53%  98.1  695s
  4244  3706 284034.195   96   12 425657.923 284034.195  33.3%  73.1  560s
  8087  7550 264139.121  157   12 292007.217 264139.121  9.54%  34.2  690s
  5808  5269 263479.602  138   14 406021.914 263479.602  35.1%  45.6  685s
  4991  4451 265000.437   92   15 406483.478 265000.437  34.8%  26.6  580s
  5082  4547 263815.907  102   14 406839.430 263815.907  35.2%  45.7  670s
  4832  4296 265000.438  138   12 291332.895 265000.438  9.04%  29.8  658s
  6827  6055 265631.085  129   15 329474.214 265631.085  19.4%  29.0  680s
  5030  4497 284579.270   51   13 426361.788 284579.270  33.3%  31.8  595s
  6024  5474 265234.643  159    6 291333.695 265234.643  8.96%  63.8  645s
  7619  7083 282981.268   97   11 424257.519 282981.268  33.3%  25.0  615s
H 4261  3721                    425551.69965 284034.195  33.3%  73.0  562s
  5383  4851 282981.268   72   15 424459.089 282981.268  33.3%  26.0  655s
  6356  5824 265531.676  120   10 407369.573 265531.676  34.8%  31.4  625s
  3605  3055 284833.096  123   11 426447.164 284833.096  33.2%  83.4  605s
  5183  4643 264076.246  172   14 291895.164 264076.246  9.53%   110  700s
  4554  3995 262569.894  161   20 289668.460 262569.894  9.36%  77.1  675s
  7640  7097 264911.436  129   11 289812.981 264911.436  8.59%  24.1  575s
  2259  1612 265524.431   33  194 408184.210 265059.182  35.1%   724  695s
  4201  3669 265665.316  120   13 408572.530 265665.316  35.0%   135  690s
  4860  4324 265000.438  143   12 291332.895 265000.438  9.04%  29.7  660s
  6639  6050 264528.858  177   14 289668.459 264528.858  8.68%  36.2  590s
  6549  6014 265531.669   71   13 407430.907 265531.669  34.8%  32.1  650s
  5382  4521 284833.096  228    8 426436.774 284833.096  33.2%  32.4  545s
  4423  3703 264482.022  137   43 363318.877 264482.022  27.2%   168  685s
  4340  3779 284950.110   80   28 408593.028 284950.110  30.3%  97.8  635s
  5466  4834 284579.270  195   11 426260.361 284579.270  33.2%  49.6  640s
  4203  3572 265567.046   84   20 291895.241 265567.046  9.02%  98.1  665s
  5902  5352 265567.045   62   10 291895.247 265567.045  9.02%  36.8  605s
  6142  5568 264570.135  180   12 407686.746 264570.135  35.1%  37.7  680s
  4855  4318 263746.035   88   26 406607.504 263746.035  35.1%  39.7  670s
  6431  5895 284206.397  103   11 425816.207 284206.397  33.3%  45.4  630s
  4350  3297 284206.397  168   10 425859.845 284206.397  33.3%   111  555s
  8297  2485 263557.949   37   49 291332.875 263557.949  9.53%   100  700s
  8176  7639 264139.121  162   14 292007.217 264139.121  9.54%  34.1  695s
  4455  3855 284950.110   79   11 444842.415 284950.110  35.9%  47.9  561s
  4261  3723 284034.195  103   12 425551.700 284034.195  33.3%  73.0  565s
  5038  4498 265000.437   95   11 406483.478 265000.437  34.8%  26.5  585s
  5126  4591 263815.907  101   12 406839.430 263815.907  35.2%  45.5  675s
  6888  6116 265631.085  130   13 329474.214 265631.085  19.4%  28.9  685s
  5101  4568 284579.270   64   15 426361.788 284579.270  33.3%  31.6  600s
  6069  5518 265234.643  160    4 291333.695 265234.643  8.96%  64.6  650s
  7791  7255 282981.268   96   11 424257.519 282981.268  33.3%  24.8  620s
  6459  5927 265531.676  132   10 407369.573 265531.676  34.8%  31.2  630s
  3660  3110 284833.096  126   15 426447.164 284833.096  33.2%  82.5  610s
  5234  4692 264076.246  158   11 291895.164 264076.246  9.53%   109  705s
  7749  7202 264911.436  136   11 289812.981 264911.436  8.59%  23.9  580s
  5421  4889 282981.268   76   21 424459.089 282981.268  33.3%  25.9  660s
  2270  1623 265059.182   35   48 408184.210 265059.182  35.1%   725  700s
  5883  5344 263479.602  141   25 406021.914 263479.602  35.1%  45.3  692s
  4612  4053 262569.894  148   14 289668.460 262569.894  9.36%  76.9  680s
  6720  6131 264528.858  188   12 289668.459 264528.858  8.68%  36.1  595s
  4902  4366 265000.438  145   12 291332.895 265000.438  9.04%  29.6  665s
  4370  3804 284950.110   89   35 408593.028 284950.110  30.3%   100  640s
  6620  6085 265531.669   67    9 407430.907 265531.669  34.8%  32.0  655s
  5488  4625 284833.096  239    8 426436.774 284833.096  33.2%  32.1  550s
H 7811  7273                    406077.67514 282981.268  30.3%  24.8  621s
  4482  3882 284950.110   83    9 444842.415 284950.110  35.9%  47.7  565s
  4461  3740 264483.360  137   38 363318.877 264482.022  27.2%   169  690s
  5557  4925 284579.270  185    9 426260.361 284579.270  33.2%  49.1  645s
  4236  3605 265567.046  149   17 291895.241 265567.046  9.02%  98.4  670s
  5912  5362 265567.045   63   10 291895.247 265567.045  9.02%  36.8  610s
  6226  5652 264570.135  191   30 407686.746 264570.135  35.1%  37.5  685s
  4405  3350 284206.397   62   24 425859.845 284206.397  33.3%   111  560s
  4893  4356 263746.035   79   13 406607.504 263746.035  35.1%  39.5  675s
  6523  5987 284206.397   91    9 425816.207 284206.397  33.3%  45.2  635s
  8327  2515 263557.949   47   38 291332.875 263557.949  9.53%   101  705s
  4307  3769 284034.195   97   12 425551.700 284034.195  33.3%  72.8  570s
  8230  7693 264139.121  148   12 292007.217 264139.121  9.54%  34.0  700s
  5112  4572 265000.437  102   11 406483.478 265000.437  34.8%  26.3  590s
  5160  4625 263815.907  100   12 406839.430 263815.907  35.2%  45.4  680s
  6948  6176 265631.085  130   13 329474.214 265631.085  19.4%  28.8  690s
  5907  5368 263479.602  142   14 406021.914 263479.602  35.1%  45.2  695s
  4210  3678 265665.316  121   65 408572.530 265665.316  35.0%   135  698s
  5474  4942 282981.268   67   15 424459.089 282981.268  33.3%  25.9  665s
  6114  5563 265234.643  159   40 291333.695 265234.643  8.96%  64.7  655s
  6559  6027 265531.676  129   21 407369.573 265531.676  34.8%  30.9  635s
  3691  3141 284833.096  114   13 426447.164 284833.096  33.2%  82.0  615s
  4651  4092 262569.894  153   14 289668.460 262569.894  9.36%  76.4  685s
  7841  7286 264911.436  133   13 289812.981 264911.436  8.59%  24.0  585s
  5293  4751 264076.246  168   37 291895.164 264076.246  9.53%   109  710s
  5173  4640 284579.270   67   13 426361.788 284579.270  33.3%  31.4  606s
  2285  1637 265059.182   37   88 408184.210 265059.182  35.1%   727  705s
  4961  4425 265000.438  150   19 291332.895 265000.438  9.04%  29.4  670s
  6802  6211 264528.858  199   14 289668.459 264528.858  8.68%  36.3  600s
  4222  3690 265665.316  123   14 408572.530 265665.316  35.0%   135  700s
  4394  3824 284950.110   79   14 408593.028 284950.110  30.3%   101  645s
  5604  4741 284833.096  249    8 426436.774 284833.096  33.2%  32.0  555s
  4571  3971 284950.110   94   16 444842.415 284950.110  35.9%  47.1  570s
  6698  6163 265531.669   71   27 407430.907 265531.669  34.8%  31.9  660s
  5665  5033 284579.270  185    9 426260.361 284579.270  33.2%  48.6  650s
  5972  5422 265567.045   70   10 291895.247 265567.045  9.02%  36.8  615s
  4294  3663 265567.046   95   15 291895.241 265567.046  9.02%  99.4  675s
  6285  5711 264570.135  190   20 407686.746 264570.135  35.1%  37.4  690s
  4467  3412 284206.397   56   34 425859.845 284206.397  33.3%   111  565s
  4943  4406 263746.035   83   13 406607.504 263746.035  35.1%  39.3  680s
  8373  2561 263557.949   53   28 291332.875 263557.949  9.53%   102  710s
  8319  7782 264139.121  137   16 292007.217 264139.121  9.54%  33.9  705s
  7811  7275 282981.268   99   11 406077.675 282981.268  30.3%  24.8  628s
  4370  3832 284034.195   95   12 425551.700 284034.195  33.3%  72.4  575s
  4486  3762 264517.113  177   92 363318.877 264482.022  27.2%   170  696s
  6586  6050 284206.397   98   11 425816.207 284206.397  33.3%  45.1  640s
  5192  4657 263815.907  105   17 406839.430 263815.907  35.2%  45.2  685s
  7013  6239 265631.085  141   21 329474.214 265631.085  19.4%  28.6  695s
  5222  4689 284579.270   75   13 426361.788 284579.270  33.3%  31.3  610s
  5937  5398 263479.602  138   16 406021.914 263479.602  35.1%  45.1  701s
  7845  7309 282981.268   96   18 406077.675 282981.268  30.3%  24.8  630s
  5529  4997 282981.268   74   13 424459.089 282981.268  33.3%  25.8  670s
  6168  5616 265234.643  164   50 291333.695 265234.643  8.96%  65.9  660s
  6688  6154 265531.676  128   10 407369.573 265531.676  34.8%  30.6  640s
  3766  3216 284833.096  126   11 426447.164 284833.096  33.2%  80.7  620s
  5133  4593 265000.437   91   11 406483.478 265000.437  34.8%  26.2  596s
  5331  4789 264076.246  161   14 291895.164 264076.246  9.53%   109  715s
  4690  4131 262569.894  135   37 289668.460 262569.894  9.36%  76.1  690s
  7943  7388 264911.436  144   15 289812.981 264911.436  8.59%  24.1  590s
  2305  1657 265059.182   39   70 408184.210 265059.182  35.1%   730  710s
  6877  6286 264528.858  205   16 289668.459 264528.858  8.68%  36.2  605s
  5009  4473 265000.438  130   14 291332.895 265000.438  9.04%  29.3  675s
  4269  3737 265665.316  127   11 408572.530 265665.316  35.0%   134  705s
  6771  6236 265531.669   92    9 407430.907 265531.669  34.8%  31.8  665s
  5703  4832 284833.096  263   14 426436.774 284833.096  33.2%  31.9  560s
  4628  4028 284950.110   95   16 444842.415 284950.110  35.9%  46.8  575s
  4505  3780 264482.022  137   45 363318.877 264482.022  27.2%   170  700s
  4421  3847 284950.110   80   14 408593.028 284950.110  30.3%   103  650s
  4335  3704 265567.046   89   19 291895.241 265567.046  9.02%  99.2  680s
  6037  5487 265567.045   67   12 291895.247 265567.045  9.02%  36.7  620s
  5796  5164 284579.270  195   11 426260.361 284579.270  33.2%  48.0  655s
  6340  5766 264570.135  178   10 407686.746 264570.135  35.1%  37.3  695s
  4511  3454 284206.397   78   27 425859.845 284206.397  33.3%   111  570s
  4986  4449 263746.035   87   13 406607.504 263746.035  35.1%  39.1  685s
  4423  3885 284034.195  101   14 425551.700 284034.195  33.3%  71.8  580s
  8433  7896 264139.121  144   12 292007.217 264139.121  9.54%  33.7  710s
  6667  6131 284206.397   90    9 425816.207 284206.397  33.3%  44.9  645s
  8407  2593 263557.949   58   44 291332.875 263557.949  9.53%   103  715s
  6000  5461 263479.602  139   16 406021.914 263479.602  35.1%  44.9  705s
  5178  4638 265000.437   98   15 406483.478 265000.437  34.8%  26.1  600s
  5237  4702 263815.907  139   12 406839.430 263815.907  35.2%  45.0  690s
  7067  6293 265631.085  132   15 329474.214 265631.085  19.4%  28.5  700s
  5287  4754 284579.270   80   13 426361.788 284579.270  33.3%  31.2  615s
  5596  5064 282981.268   80   13 424459.089 282981.268  33.3%  25.7  675s
  7947  7411 282981.268   99   11 406077.675 282981.268  30.3%  24.7  635s
  3810  3260 284833.096  126   15 426447.164 284833.096  33.2%  80.1  625s
  6222  5670 265234.643  162   10 291333.695 265234.643  8.96%  66.5  665s
  6796  6262 265531.676  128   12 407369.573 265531.676  34.8%  30.4  645s
  8005  7448 264911.436  146   22 289812.981 264911.436  8.59%  24.7  595s
  5382  4840 264076.246  167   11 291895.164 264076.246  9.53%   108  720s
  2318  1669 265059.218   41  155 408184.210 265059.182  35.1%   734  715s
  5050  4514 265000.438  133   12 291332.895 265000.438  9.04%  29.2  680s
  6921  6330 264528.858  202   20 289668.459 264528.858  8.68%  36.1  610s
  4297  3765 265665.316  119   11 408572.530 265665.316  35.0%   134  710s
  4720  4161 262569.894  121   14 289668.460 262569.894  9.36%  76.4  695s
  4448  3870 285523.411   79  141 408593.028 284950.110  30.3%   105  655s
  6844  6309 265531.669  104    9 407430.907 265531.669  34.8%  31.8  670s
  5781  4900 284833.096  272    8 426436.774 284833.096  33.2%  31.8  565s
  4676  4076 284950.110   92    9 444842.415 284950.110  35.9%  46.5  580s
  4536  3808 264482.022  138   25 363318.877 264482.022  27.2%   171  705s
  5888  5256 284579.270  192    9 426260.361 284579.270  33.2%  47.6  660s
  4374  3743 265567.046  135   22 291895.241 265567.046  9.02%  98.5  685s
  6113  5563 265567.045   71   12 291895.247 265567.045  9.02%  36.6  625s
  5019  4482 263746.035   89   15 406607.504 263746.035  35.1%  38.9  690s
  8471  2576 264711.952   47   60 291332.875 263557.949  9.53%   104  720s
  6395  5821 264570.135  183   45 407686.746 264570.135  35.1%  37.2  700s
  6721  6185 284206.397   93    9 425816.207 284206.397  33.3%  44.8  650s
  8536  7999 264139.121  153   12 292007.217 264139.121  9.54%  33.6  715s
  6049  5510 263479.602  139   14 406021.914 263479.602  35.1%  44.7  710s
  5296  4761 263815.907  107   17 406839.430 263815.907  35.2%  44.8  695s
  5289  4749 265000.437   88   11 406483.478 265000.437  34.8%  25.9  605s
  4478  3940 284034.195  109   20 425551.700 284034.195  33.3%  72.1  586s
  5425  4892 284579.270   87   13 426361.788 284579.270  33.3%  30.9  620s
  7125  6351 265631.085  115   16 329474.214 265631.085  19.4%  28.5  705s
  6276  5724 265234.643  162    6 291333.695 265234.643  8.96%  66.9  670s
  5649  5117 282981.268   85   21 424459.089 282981.268  33.3%  25.7  680s
  6896  6362 265531.676  128   10 407369.573 265531.676  34.8%  30.2  650s
  8055  7519 282981.268  102   11 406077.675 282981.268  30.3%  24.5  640s
  4766  4207 262569.894  110   14 289668.460 262569.894  9.36%  76.1  700s
  8100  7535 264911.436  149   17 289812.981 264911.436  8.59%  25.5  600s
  2327  1678 267193.300   43  206 408184.210 265059.182  35.1%   740  720s
  5421  4879 264076.246  171   11 291895.164 264076.246  9.53%   108  725s
  3856  3306 284833.096  126   30 426447.164 284833.096  33.2%  79.4  630s
  7000  6408 264528.858  216   12 289668.459 264528.858  8.68%  36.0  615s
  4341  3809 265665.316  111   11 408572.530 265665.316  35.0%   133  715s
  5828  4945 284833.096  270   19 426436.774 284833.096  33.2%  32.1  570s
  4740  4140 284950.110   83   11 444842.415 284950.110  35.9%  46.1  585s
  5101  4565 265000.438  140   12 291332.895 265000.438  9.04%  29.0  685s
  4573  3845 264482.022  143   34 363318.877 264482.022  27.2%   172  710s
  4544  3483 284206.397   48   18 425859.845 284206.397  33.3%   110  579s
H 6926  6389                    407417.38694 265531.669  34.8%  31.7  675s
  5964  5332 284579.270  192    9 426260.361 284579.270  33.2%  47.4  665s
  4426  3795 265567.046   77   18 291895.241 265567.046  9.02%  98.6  690s
  6175  5625 265567.045   70   10 291895.247 265567.045  9.02%  36.6  630s
  4564  3501 284206.397   81   20 425859.845 284206.397  33.3%   110  580s
  6449  5875 264570.135  184   22 407686.746 264570.135  35.1%  37.1  705s
  5059  4522 263746.035   88   24 406607.504 263746.035  35.1%  38.8  695s
  6789  6253 284206.397  101    9 425816.207 284206.397  33.3%  44.7  655s
  4526  3986 284034.195  103   24 425551.700 284034.195  33.3%  71.8  590s
  8517  2593 263557.949   56   50 291332.875 263557.949  9.53%   105  725s
  8619  8082 264139.121  159   12 292007.217 264139.121  9.54%  33.5  720s
  5360  4820 265000.437   92   11 406483.478 265000.437  34.8%  25.8  610s
  6101  5562 263479.602  137    9 406021.914 263479.602  35.1%  44.4  715s
  5353  4818 263815.907  125   12 406839.430 263815.907  35.2%  44.5  700s
H 6926  6389                    407356.05322 265531.669  34.8%  31.7  677s
  4475  3895 284950.110   95   32 408593.028 284950.110  30.3%   107  663s
  7173  6399 265631.085  107   18 329474.214 265631.085  19.4%  28.6  710s
  6330  5778 265234.643  163    6 291333.695 265234.643  8.96%  67.3  675s
  8143  7607 282981.268  100   11 406077.675 282981.268  30.3%  24.4  645s
  5484  4951 284579.270   90   13 426361.788 284579.270  33.3%  30.7  625s
  5696  5164 282981.268   85   15 424459.089 282981.268  33.3%  25.6  685s
  6979  6445 265531.676  126   10 407369.573 265531.676  34.8%  30.0  655s
  3899  3349 284833.096  123   11 426447.164 284833.096  33.2%  78.7  635s
  4825  4266 262569.894  117   14 289668.460 262569.894  9.36%  75.3  705s
  5466  4924 264076.246  177   13 291895.164 264076.246  9.53%   107  730s
  8184  7611 264911.436  147   44 289812.981 264911.436  8.59%  25.8  605s
  7061  6465 264528.858  220   12 289668.459 264528.858  8.68%  35.9  620s
  5153  4617 265000.438  145   12 291332.895 265000.438  9.04%  28.9  690s
  4414  3882 265665.316  117   11 408572.530 265665.316  35.0%   131  720s
  4489  3909 284950.110   87   14 408593.028 284950.110  30.3%   108  665s
  5947  5054 284833.096  268   20 426436.774 284833.096  33.2%  32.2  575s
  4611  3881 264482.022  178   23 363318.877 264482.022  27.2%   173  715s
H 4781  4179                    426161.11666 284950.110  33.1%  45.9  590s
  6051  5419 284579.270  196   13 426260.361 284579.270  33.2%  47.0  670s
  6926  6391 265531.669  112    9 407356.053 265531.669  34.8%  31.7  680s
  4469  3838 265567.046   94    9 291895.241 265567.046  9.02%  98.9  695s
  6292  5742 265567.045   73   12 291895.247 265567.045  9.02%  36.5  635s
  2344  1693 265072.181   44  109 408184.210 265059.182  35.1%   742  726s
  4624  3555 284206.397  110   36 425859.845 284206.397  33.3%   111  585s
  5125  4588 263746.035   89   13 406607.504 263746.035  35.1%  38.5  700s
  6839  6303 284206.397  106    9 425816.207 284206.397  33.3%  44.8  660s
  8542  2606 265913.247   56   77 291332.875 263557.949  9.53%   107  730s
  4577  4037 284034.195  103   24 425551.700 284034.195  33.3%  71.2  595s
  6503  5929 264570.135  191   26 407686.746 264570.135  35.1%  37.1  710s
  6157  5618 263479.602  135    9 406021.914 263479.602  35.1%  44.2  720s
  8716  8179 264139.121  150   14 292007.217 264139.121  9.54%  33.3  725s
  5446  4906 265000.437   89   11 406483.478 265000.437  34.8%  25.6  615s
  5384  4849 263815.907  141   23 406839.430 263815.907  35.2%  44.3  705s
  7228  6452 265631.085  105   16 329474.214 265631.085  19.4%  28.5  715s
  5570  5037 284579.270  100   13 426361.788 284579.270  33.3%  30.6  630s
  5760  5228 282981.268   60   13 424459.089 282981.268  33.3%  25.5  690s
  7051  6517 265531.676  135   12 407369.573 265531.676  34.8%  29.9  660s
  6335  5783 265234.643  167   20 291333.695 265234.643  8.96%  67.4  680s
  4865  4306 262569.894  121   14 289668.460 262569.894  9.36%  74.8  710s
  8244  7708 282981.268   93   12 406077.675 282981.268  30.3%  24.4  650s
  8277  7698 264911.436  147   11 289812.981 264911.436  8.59%  26.8  610s
  7151  6551 264528.858  231   16 289668.459 264528.858  8.68%  35.8  625s
  5217  4681 265000.438  153   12 291332.895 265000.438  9.04%  28.7  695s
  4472  3940 265665.316  120   11 408572.530 265665.316  35.0%   129  725s
  4524  3941 284950.110   78   43 408593.028 284950.110  30.3%   110  670s
  6021  5114 284833.096  255    8 426436.774 284833.096  33.2%  32.2  580s
  4805  4203 284950.110   62   11 426161.117 284950.110  33.1%  45.8  595s
  4642  3908 264482.022   92   19 363318.877 264482.022  27.2%   174  720s
  2353  1698 277360.287   42  108 408184.210 265059.182  35.1%   746  731s
  6143  5511 284579.270  197   11 426260.361 284579.270  33.2%  46.7  675s
  7001  6466 265531.669   69   11 407356.053 265531.669  34.8%  31.8  685s
  4530  3899 265567.046  107    9 291895.241 265567.046  9.02%  97.9  700s
  6530  5956 264570.135  188   10 407686.746 264570.135  35.1%  37.1  715s
  4690  3617 284206.397   57   22 425859.845 284206.397  33.3%   111  590s
  5171  4634 263746.035   85   28 406607.504 263746.035  35.1%  38.3  705s
  6394  5844 265567.045   65   14 291895.247 265567.045  9.02%  36.3  640s
  5474  4932 264076.246  178   11 291895.164 264076.246  9.53%   107  737s
  6883  6347 284206.397  104    9 425816.207 284206.397  33.3%  44.8  665s
  8565  2622 263557.949   42   77 291332.875 263557.949  9.53%   110  735s
  4640  4100 284034.195   99   12 425551.700 284034.195  33.3%  71.1  600s
  6229  5690 263479.602  137   16 406021.914 263479.602  35.1%  43.9  725s
  5421  4886 263815.907  103   14 406839.430 263815.907  35.2%  44.2  710s
  5510  4970 265000.437   96   11 406483.478 265000.437  34.8%  25.5  620s
  8797  8260 264139.121  113   12 292007.217 264139.121  9.54%  33.2  730s
  7277  6499 265631.085  101   14 329474.214 265631.085  19.4%  28.5  720s
  5645  5112 284579.270  102   15 426361.788 284579.270  33.3%  30.4  635s
  6409  5857 265234.643  164   52 291333.695 265234.643  8.96%  68.4  685s
  8313  7777 282981.268   99   11 406077.675 282981.268  30.3%  24.3  655s
  5818  5286 282981.268   63   13 424459.089 282981.268  33.3%  25.4  695s
  7121  6587 265531.676  147   21 407369.573 265531.676  34.8%  29.7  665s
  5501  4959 264076.246  181   11 291895.164 264076.246  9.53%   106  740s
  2367  1710 265059.182   38   55 408184.210 265059.182  35.1%   750  735s
  5269  4733 265000.438  158   14 291332.895 265000.438  9.04%  28.5  700s
  7207  6605 264528.858  234   18 289668.459 264528.858  8.68%  35.7  630s
  4507  3975 265665.316  126   20 408572.530 265665.316  35.0%   128  730s
  4560  3971 284950.110   79   32 408593.028 284950.110  30.3%   112  675s
  7062  6527 265531.669   78   11 407356.053 265531.669  34.8%  31.7  690s
  6172  5259 284833.096  272   19 426436.774 284833.096  33.2%  32.2  585s
  4909  4350 262569.894  130   16 289668.460 262569.894  9.36%  74.2  716s
  4860  4258 284950.110   67    9 426161.117 284950.110  33.1%  45.6  600s
  6258  5626 284579.270  185   11 426260.361 284579.270  33.2%  46.2  680s
  4594  3963 265567.046  114    9 291895.241 265567.046  9.02%  96.7  705s
  6462  5912 265567.045   72   12 291895.247 265567.045  9.02%  36.3  645s
  4667  3933 264482.022   93   42 363318.877 264482.022  27.2%   175  725s
  6616  6042 264570.135  187   10 407686.746 264570.135  35.1%  36.9  720s
  4745  3672 284206.397   85   29 425859.845 284206.397  33.3%   111  595s
  5204  4667 263746.035   84   26 406607.504 263746.035  35.1%  38.2  710s
  6922  6386 284206.397  108   15 425816.207 284206.397  33.3%  44.8  670s
  4725  4185 284034.195  100   51 425551.700 284034.195  33.3%  70.8  605s
  8845  8308 264139.121   84   12 292007.217 264139.121  9.54%  33.1  735s
  6290  5751 263479.602  131    9 406021.914 263479.602  35.1%  43.7  730s
  5564  5024 265000.437   98   11 406483.478 265000.437  34.8%  25.4  625s
  3941  3391 284833.096  122   11 426447.164 284833.096  33.2%  78.1  648s
  5461  4926 263815.907  112   20 406839.430 263815.907  35.2%  44.0  715s
  7330  6552 265631.085   95   20 329474.214 265631.085  19.4%  28.4  725s
  5703  5170 284579.270   87   13 426361.788 284579.270  33.3%  30.3  640s
  8316  7735 264911.436  151   23 289812.981 264911.436  8.59%  27.6  619s
  6488  5936 265234.643  164    6 291333.695 265234.643  8.96%  68.4  690s
  5872  5340 282981.268   73   13 424459.089 282981.268  33.3%  25.4  700s
  8513  7977 282981.268  100   11 406077.675 282981.268  30.3%  24.1  660s
  7167  6633 265531.676  127   12 407369.573 265531.676  34.8%  29.6  670s
  3971  3421 284833.096  125   11 426447.164 284833.096  33.2%  77.6  650s
  4941  4382 262569.894  133   14 289668.460 262569.894  9.36%  74.0  720s
  8332  7749 264911.436  150   43 289812.981 264911.436  8.59%  27.8  620s
  2374  1716 288729.739   39  197 408184.210 265059.182  35.1%   753  740s
  5536  4994 264076.246  167   13 291895.164 264076.246  9.53%   106  745s
  8570  2627 263557.949   42   58 291332.875 263557.949  9.53%   110  742s
  7313  6710 264535.624  226   49 289668.459 264528.858  8.68%  35.6  635s
  5327  4791 265000.438  155   14 291332.895 265000.438  9.04%  28.4  705s
  7169  6634 265531.669   80    9 407356.053 265531.669  34.8%  31.6  695s
  4602  4007 284950.110   79   32 408593.028 284950.110  30.3%   115  680s
  6230  5315 284833.096  267    8 426436.774 284833.096  33.2%  32.4  590s
  4557  4025 265665.316  122   16 408572.530 265665.316  35.0%   127  735s
  4682  3946 264482.022  143   31 363318.877 264482.022  27.2%   175  730s
  4887  4285 284950.110   51   13 426161.117 284950.110  33.1%  45.4  605s
  6352  5720 284579.270  197    9 426260.361 284579.270  33.2%  45.9  685s
  4664  4033 265567.046  122    9 291895.241 265567.046  9.02%  95.6  710s
  4791  3716 284206.397  107   11 425859.845 284206.397  33.3%   110  600s
  6695  6121 264570.135  184   32 407686.746 264570.135  35.1%  36.8  725s
  5250  4713 263746.035   88   26 406607.504 263746.035  35.1%  38.0  715s
  6994  6458 284206.397  115    9 425816.207 284206.397  33.3%  45.0  675s
  8583  2640 263557.949   43   58 291332.875 263557.949  9.53%   110  745s
  4775  4235 284034.195  101   24 425551.700 284034.195  33.3%  70.2  610s
  8922  8385 264139.121   90   14 292007.217 264139.121  9.54%  33.0  740s
  6391  5852 263479.602  142   16 406021.914 263479.602  35.1%  43.2  735s
  5616  5076 265000.437   97   15 406483.478 265000.437  34.8%  25.3  630s
  5510  4975 263815.907  124   12 406839.430 263815.907  35.2%  43.7  720s
  7399  6621 265631.085   93   20 329474.214 265631.085  19.4%  28.3  730s
  5766  5233 284579.270   78   15 426361.788 284579.270  33.3%  30.2  645s
  6503  5953 265567.045   73   12 291895.247 265567.045  9.02%  36.3  652s
  6581  6029 265234.643  159    4 291333.695 265234.643  8.96%  68.6  695s
  7234  6700 265531.676  129   14 407369.573 265531.676  34.8%  29.5  675s
  8631  8095 282981.268   91   12 406077.675 282981.268  30.3%  24.0  665s
  4021  3471 284833.096  115   11 426447.164 284833.096  33.2%  77.0  655s
  4984  4425 262569.894  121   14 289668.460 262569.894  9.36%  73.7  725s
  5572  5030 264076.246  159   11 291895.164 264076.246  9.53%   106  750s
  8406  7821 264911.436  142   43 289812.981 264911.436  8.59%  28.6  625s
  2386  1728 265059.231   40  129 408184.210 265059.182  35.1%   758  745s
  5934  5402 282981.268   81   17 424459.089 282981.268  33.3%  25.3  705s
  7370  6765 264528.858  224   22 289668.459 264528.858  8.68%  35.5  640s
  5375  4839 265000.438  161   12 291332.895 265000.438  9.04%  28.2  710s
H 7409  6629                    329474.20531 265631.085  19.4%  28.3  731s
  4623  4025 284950.110   90   14 408593.028 284950.110  30.3%   116  685s
  6243  5326 284833.096  254    8 426436.774 284833.096  33.2%  32.3  595s
  4611  4079 265665.316  127   11 408572.530 265665.316  35.0%   126  740s
  4725  3988 264714.086   97  118 363318.877 264482.022  27.2%   177  735s
  7251  6716 265531.669   60    9 407356.053 265531.669  34.8%  31.6  700s
  4714  4083 265567.046  118    9 291895.241 265567.046  9.02%  94.8  715s
  6542  5992 265567.045   63   10 291895.247 265567.045  9.02%  36.3  655s
  6402  5770 284579.270  200    9 426260.361 284579.270  33.2%  45.7  690s
  6737  6163 264570.135  189   10 407686.746 264570.135  35.1%  36.7  730s
  4841  3764 284206.397  132   17 425859.845 284206.397  33.3%   110  605s
  4941  4339 284950.110   57   13 426161.117 284950.110  33.1%  45.2  611s
  5302  4765 263746.035   79   26 406607.504 263746.035  35.1%  37.8  720s
  4845  4305 284034.195  100   24 425551.700 284034.195  33.3%  69.8  615s
  8990  8453 264139.121  112   14 292007.217 264139.121  9.54%  32.9  745s
  8604  2661 263557.989   46   54 291332.875 263557.949  9.53%   111  750s
  7072  6536 284206.397  113    9 425816.207 284206.397  33.3%  45.2  680s
  6464  5925 263479.602  145    9 406021.914 263479.602  35.1%  42.9  740s
  5561  5026 263815.907  137   17 406839.430 263815.907  35.2%  43.5  725s
  7440  6662 265631.085  106   16 329474.205 265631.085  19.4%  28.2  735s
  5693  5153 265000.437   87   11 406483.478 265000.437  34.8%  25.2  635s
  5810  5277 284579.270   80   19 426361.788 284579.270  33.3%  30.1  650s
  8715  8179 282981.268   94   12 406077.675 282981.268  30.3%  24.0  670s
  6627  6075 265234.643  158    8 291333.695 265234.643  8.96%  69.4  700s
  7308  6774 265531.676  129   10 407369.573 265531.676  34.8%  29.3  680s
  4069  3519 284833.096  123   24 426447.164 284833.096  33.2%  76.3  660s
  5024  4465 262569.894  131   14 289668.460 262569.894  9.36%  73.2  730s
  5610  5068 264076.246  163   13 291895.164 264076.246  9.53%   105  755s
  8512  7919 264911.436  147   41 289812.981 264911.436  8.59%  28.8  630s
  2395  1737 265059.218   38  114 408184.210 265059.182  35.1%   763  750s
  4668  4132 265665.316  107   11 408572.530 265665.316  35.0%   125  745s
  4650  4049 284950.110   83   14 408593.028 284950.110  30.3%   118  690s
  5417  4881 265000.438  152   12 291332.895 265000.438  9.04%  28.1  715s
  7325  6790 265531.669   67   11 407356.053 265531.669  34.8%  31.5  705s
  5962  5430 282981.268   85   13 424459.089 282981.268  33.3%  25.3  711s
  6308  5385 284833.096  264    8 426436.774 284833.096  33.2%  32.5  600s
  4991  4389 284950.110   79   11 426161.117 284950.110  33.1%  44.9  615s
  7450  6841 264528.858  222   22 289668.459 264528.858  8.68%  35.4  645s
  4752  4015 264483.360  150   27 363318.877 264482.022  27.2%   179  740s
  6568  5936 284579.270  205    9 426260.361 284579.270  33.2%  45.2  695s
  4753  4122 265567.046  109   11 291895.241 265567.046  9.02%  94.2  720s
  6610  6060 265567.045   71   12 291895.247 265567.045  9.02%  36.1  660s
  6794  6220 264570.135  184   10 407686.746 264570.135  35.1%  36.7  735s
  4912  3833 284206.397   74   11 425859.845 284206.397  33.3%   109  610s
  5344  4807 263746.035   60   15 406607.504 263746.035  35.1%  37.7  725s
  8633  2690 263739.113   48   76 291332.875 263557.949  9.53%   112  755s
  9047  8510 264139.121  104   14 292007.217 264139.121  9.54%  32.9  750s
H 4672  4066                    408591.19817 284950.110  30.3%   119  692s
  7153  6617 284206.397   99   11 425816.207 284206.397  33.3%  45.4  685s
  6545  6006 263479.602  138    9 406021.914 263479.602  35.1%  42.6  745s
  5733  5193 265000.437   86   13 406483.478 265000.437  34.8%  25.1  640s
  5599  5064 263815.907  146   17 406839.430 263815.907  35.2%  43.3  730s
  7537  6759 265631.085  108   14 329474.205 265631.085  19.4%  28.1  740s
  5882  5349 284579.270   78   15 426361.788 284579.270  33.3%  30.0  655s
  8811  8275 282981.268  100   11 406077.675 282981.268  30.3%  23.9  675s
  6681  6129 265234.643  157    4 291333.695 265234.643  8.96%  69.4  705s
  4880  4340 284034.195  104   24 425551.700 284034.195  33.3%  69.5  622s
  4125  3575 284833.096  124   13 426447.164 284833.096  33.2%  75.5  665s
  6015  5483 282981.268   62   13 424459.089 282981.268  33.3%  25.2  715s
  5078  4519 262569.894  134   16 289668.460 262569.894  9.36%  73.4  735s
  5652  5110 264076.246  162   11 291895.164 264076.246  9.53%   104  760s
  8610  8009 264911.436  151   21 289812.981 264911.436  8.59%  29.5  635s
  7528  6919 264528.858  218   12 289668.459 264528.858  8.68%  35.3  650s
  2403  1744 265562.524   40  195 408184.210 265059.182  35.1%   766  755s
  5484  4948 265000.438  159   14 291332.895 265000.438  9.04%  27.9  720s
  4722  4186 265665.316   84   11 408572.530 265665.316  35.0%   123  750s
  7414  6879 265531.669   62    9 407356.053 265531.669  34.8%  31.4  710s
  6379  5448 284833.096  246   16 426436.774 284833.096  33.2%  32.3  605s
  6595  5963 284579.270  206   13 426260.361 284579.270  33.2%  45.1  700s
  4789  4158 265567.046  111    9 291895.241 265567.046  9.02%  93.6  725s
  4672  4068 284950.110   83   40 408591.198 284950.110  30.3%   119  695s
  6710  6160 265567.045   81   12 291895.247 265567.045  9.02%  36.1  665s
  4766  4026 264482.022   55   39 363318.877 264482.022  27.2%   179  745s
  4945  3866 284206.397   79   23 425859.845 284206.397  33.3%   109  615s
  5389  4852 263746.035   86   13 406607.504 263746.035  35.1%  37.5  730s
  4909  4369 284034.195  101   12 425551.700 284034.195  33.3%  69.3  625s
  8663  2720 263557.949   52   64 291332.875 263557.949  9.53%   114  760s
  9123  8586 264139.121  107   16 292007.217 264139.121  9.54%  32.8  755s
  7207  6671 284206.397  107    9 425816.207 284206.397  33.3%  45.4  690s
  6625  6086 263479.602  142   14 406021.914 263479.602  35.1%  42.3  750s
  5049  4447 284950.110   88    9 426161.117 284950.110  33.1%  44.6  622s
H 4674  4068                    408591.12336 284950.110  30.3%   119  697s
  5667  5132 263815.907  111   22 406839.430 263815.907  35.2%  43.2  735s
  6828  6254 264570.135  189   10 407686.746 264570.135  35.1%  36.8  741s
  7610  6832 265631.085  111   12 329474.205 265631.085  19.4%  27.9  745s
  5907  5374 284579.270   80   15 426361.788 284579.270  33.3%  29.9  660s
  5747  5207 265000.437   87   13 406483.478 265000.437  34.8%  25.1  646s
  6735  6183 265234.643  157   10 291333.695 265234.643  8.96%  69.9  710s
  6063  5531 282981.268   70   13 424459.089 282981.268  33.3%  25.2  720s
  4170  3620 284833.096  120   17 426447.164 284833.096  33.2%  74.9  670s
  5711  5169 264076.246  168   20 291895.164 264076.246  9.53%   104  765s
  5129  4570 262569.894  132   14 289668.460 262569.894  9.36%  73.0  740s
  8905  8369 282981.268   75   14 406077.675 282981.268  30.3%  23.8  680s
  8764  8159 264911.436  164   11 289812.981 264911.436  8.59%  29.8  640s
  2413  1754 265059.182   19   78 408184.210 265059.182  35.1%   765  760s
  7539  6930 264528.858  219   10 289668.459 264528.858  8.68%  35.2  655s
  5543  5007 265000.438  155   12 291332.895 265000.438  9.04%  27.8  725s
  4773  4237 265665.316   73   11 408572.530 265665.316  35.0%   122  755s
  4683  4077 284950.110   74   14 408591.123 284950.110  30.3%   120  700s
  6444  5513 284833.096  255    8 426436.774 284833.096  33.2%  32.3  610s
  4789  4049 264482.022  173   28 363318.877 264482.022  27.2%   181  750s
  7425  6891 265531.676  132   15 407369.573 265531.676  34.8%  29.1  691s
  5083  4481 284950.110   91    9 426161.117 284950.110  33.1%  44.4  625s
  4851  4220 265567.046  117   11 291895.241 265567.046  9.02%  92.7  730s
  7506  6971 265531.669   68   27 407356.053 265531.669  34.8%  31.3  715s
  6672  6040 284579.270  200   11 426260.361 284579.270  33.2%  44.9  705s
  6776  6226 265567.045   87   22 291895.247 265567.045  9.02%  35.9  670s
  6887  6313 264570.135  192   10 407686.746 264570.135  35.1%  36.7  745s
  5439  4902 263746.035   92   24 406607.504 263746.035  35.1%  37.3  735s
  7266  6730 284206.397  108    9 425816.207 284206.397  33.3%  45.3  695s
  4976  4430 284034.195   97   35 425551.700 284034.195  33.3%  68.9  630s
  8705  2762 263557.949   58   34 291332.875 263557.949  9.53%   116  765s
  9195  8658 264139.121  114   12 292007.217 264139.121  9.54%  32.7  760s
  5799  5259 265000.437   92   11 406483.478 265000.437  34.8%  25.0  650s
  6713  6174 263479.602  137    9 406021.914 263479.602  35.1%  42.0  755s
  5717  5182 263815.907  124   17 406839.430 263815.907  35.2%  42.9  740s
  7684  6906 265631.085  120   16 329474.205 265631.085  19.4%  27.8  750s
  9044  8508 282981.268   75   12 406077.675 282981.268  30.3%  23.7  685s
  6097  5565 282981.268   75   21 424459.089 282981.268  33.3%  25.1  725s
  6789  6237 265234.643  162   10 291333.695 265234.643  8.96%  70.2  715s
  4966  3887 284206.397   81   13 425859.845 284206.397  33.3%   108  622s
  5980  5447 284579.270   76   13 426361.788 284579.270  33.3%  29.8  665s
  4231  3681 284833.096  114   11 426447.164 284833.096  33.2%  74.2  675s
  5756  5214 264076.246  168   11 291895.164 264076.246  9.53%   104  770s
  8871  8266 264911.436  176   12 289812.981 264911.436  8.59%  29.6  645s
  7480  6946 265531.676  129   12 407369.573 265531.676  34.8%  29.0  695s
  5597  5061 265000.438  153   12 291332.895 265000.438  9.04%  27.7  730s
  4715  4103 284950.110   76   14 408591.123 284950.110  30.3%   122  705s
  7603  7068 265531.669   75    9 407356.053 265531.669  34.8%  31.3  720s
  7639  7026 264528.858  220   20 289668.459 264528.858  8.68%  35.1  660s
  6501  5560 284833.096  273    8 426436.774 284833.096  33.2%  32.1  615s
  5153  4594 262569.894  119   14 289668.460 262569.894  9.36%  72.7  746s
  5157  4555 284950.110  100   13 426161.117 284950.110  33.1%  44.0  630s
  2425  1765 265059.182   23   17 408184.210 265059.182  35.1%   764  766s
  4814  4071 264482.022   57   23 363318.877 264482.022  27.2%   184  755s
  4895  4264 265567.046  119    9 291895.241 265567.046  9.02%  92.1  735s
  6876  6324 265567.045   85   10 291895.247 265567.045  9.02%  35.8  675s
  6972  6398 264570.135  180   12 407686.746 264570.135  35.1%  36.6  750s
  4986  3907 284206.397   83   37 425859.845 284206.397  33.3%   108  625s
  5484  4947 263746.035   63   13 406607.504 263746.035  35.1%  37.1  740s
  7354  6818 284206.397   88   13 425816.207 284206.397  33.3%  45.3  700s
  5029  4483 284034.195  103   24 425551.700 284034.195  33.3%  69.1  635s
  6755  6123 284579.270  202   11 426260.361 284579.270  33.2%  44.6  710s
  8732  2789 263702.409   60   86 291332.875 263557.949  9.53%   117  770s
  6750  6211 263479.602  135    9 406021.914 263479.602  35.1%  41.8  760s
  4801  4263 265665.316   75   13 408572.530 265665.316  35.0%   122  762s
  5755  5220 263815.907  133   23 406839.430 263815.907  35.2%  42.8  745s
  7760  6982 265631.085  129   18 329474.205 265631.085  19.4%  27.8  755s
  6079  5546 284579.270   83   13 426361.788 284579.270  33.3%  29.6  670s
  6856  6304 265234.643  161   51 291333.695 265234.643  8.96%  70.1  720s
  5888  5348 265000.437   99   11 406483.478 265000.437  34.8%  24.8  656s
  6150  5618 282981.268   73   15 424459.089 282981.268  33.3%  25.1  730s
  7549  7015 265531.676  135   10 407369.573 265531.676  34.8%  28.8  700s
  4284  3734 284833.096  121   15 426447.164 284833.096  33.2%  73.5  680s
  5196  4637 262569.894  124   20 289668.460 262569.894  9.36%  72.3  750s
  9161  8625 282981.268   85   13 406077.675 282981.268  30.3%  23.6  690s
  5820  5278 264076.246  178   13 291895.164 264076.246  9.53%   104  775s
  8988  8383 264911.436  189    9 289812.981 264911.436  8.59%  29.5  650s
  2431  1771 265059.182   22   31 408184.210 265059.182  35.1%   766  770s
  5638  5102 265000.438  157   14 291332.895 265000.438  9.04%  27.6  735s
  4754  4142 284950.110   75   50 408591.123 284950.110  30.3%   122  710s
  9229  8692 264139.121  116   12 292007.217 264139.121  9.54%  32.7  768s
  6582  5635 284833.096  268    8 426436.774 284833.096  33.2%  32.0  620s
  7693  7076 264528.858  227   14 289668.459 264528.858  8.68%  35.1  665s
  4827  4289 265665.316   78   13 408572.530 265665.316  35.0%   121  765s
  4842  4097 264483.360  139   56 363318.877 264482.022  27.2%   186  760s
  6880  6248 284579.270  200   11 426260.361 284579.270  33.2%  44.2  715s
  4961  4330 265567.046  120   11 291895.241 265567.046  9.02%  91.2  740s
  5211  4609 284950.110   93    9 426161.117 284950.110  33.1%  43.7  635s
  6934  6382 265567.045   78   10 291895.247 265567.045  9.02%  35.8  680s
  7034  6460 264570.135  188   14 407686.746 264570.135  35.1%  36.5  755s
  7708  7173 265531.669   64   11 407356.053 265531.669  34.8%  31.3  726s
  5035  3956 284206.397   89   21 425859.845 284206.397  33.3%   108  630s
  5546  5009 263746.035   77   26 406607.504 263746.035  35.1%  36.9  745s
  7456  6920 284206.397  109    9 425816.207 284206.397  33.3%  45.2  705s
  5091  4537 284034.195  110   14 425551.700 284034.195  33.3%  68.6  640s
  8749  2806 263702.409   60   58 291332.875 263557.949  9.53%   119  775s
  9256  8719 264139.121  120   12 292007.217 264139.121  9.54%  32.7  770s
  6822  6283 263479.602  135    9 406021.914 263479.602  35.1%  41.6  765s
  5789  5254 263815.907  142   23 406839.430 263815.907  35.2%  42.6  750s
  7819  7039 265631.085  137   24 329474.205 265631.085  19.4%  27.7  760s
  5942  5402 265000.437   91   11 406483.478 265000.437  34.8%  24.7  660s
  6165  5632 284579.270   92   15 426361.788 284579.270  33.3%  29.5  675s
  6197  5665 282981.268   80   21 424459.089 282981.268  33.3%  25.0  735s
  6897  6345 265234.643  163    6 291333.695 265234.643  8.96%  70.4  725s
  7636  7102 265531.676  133   21 407369.573 265531.676  34.8%  28.7  705s
  4326  3776 284833.096  121   28 426447.164 284833.096  33.2%  73.1  685s
  5253  4694 262569.894  123   14 289668.460 262569.894  9.36%  71.6  755s
  5860  5318 264076.246  170   48 291895.164 264076.246  9.53%   104  780s
  2449  1788 265285.089   25  125 408184.210 265059.182  35.1%   765  775s
  8989  8384 264911.436  189   11 289812.981 264911.436  8.59%  29.5  655s
  7750  7133 264528.858  226   16 289668.459 264528.858  8.68%  35.0  670s
  4880  4342 265665.316   83   11 408572.530 265665.316  35.0%   120  770s
  5678  5142 265000.438  160   12 291332.895 265000.438  9.04%  27.5  740s
  9284  8748 282981.268   97   11 406077.675 282981.268  30.3%  23.5  696s
  4865  4117 264483.360  139   28 363318.877 264482.022  27.2%   188  765s
  5285  4683 284950.110   90    9 426161.117 284950.110  33.1%  43.5  640s
  4799  4187 284950.110   85   37 408591.123 284950.110  30.3%   122  715s
  4970  4339 265567.046  121    9 291895.241 265567.046  9.02%  91.1  745s
  7014  6462 265567.045   81   10 291895.247 265567.045  9.02%  35.7  685s
  7105  6531 264570.135  179   22 407686.746 264570.135  35.1%  36.4  760s
  7804  7269 265531.669   70    9 407356.053 265531.669  34.8%  31.2  731s
  5088  4009 284206.397   96   11 425859.845 284206.397  33.3%   108  635s
  6907  6275 284579.270  203   17 426260.361 284579.270  33.2%  44.1  720s
  6695  5728 284833.096  246   10 426436.774 284833.096  33.2%  32.0  626s
H 9337  8798                    292007.21571 264139.121  9.54%  32.6  774s
  5603  5066 263746.035   75   13 406607.504 263746.035  35.1%  36.7  750s
  7528  6992 284206.397  117   11 425816.207 284206.397  33.3%  45.1  710s
  5163  4603 284034.195   97   16 425551.700 284034.195  33.3%  68.0  645s
  8768  2825 263557.949   55   31 291332.875 263557.949  9.53%   120  780s
  9348  8811 264139.121  126   12 292007.216 264139.121  9.54%  32.6  775s
  6884  6345 263479.602  138    9 406021.914 263479.602  35.1%  41.4  770s
  5829  5294 263815.907  154   12 406839.430 263815.907  35.2%  42.5  755s
  6237  5704 284579.270   96   13 426361.788 284579.270  33.3%  29.3  680s
  6967  6415 265234.643  161   53 291333.695 265234.643  8.96%  71.4  730s
  5996  5456 265000.437   97   11 406483.478 265000.437  34.8%  24.6  666s
  6257  5725 282981.268   72   13 424459.089 282981.268  33.3%  25.0  740s
  9332  8796 282981.268   97   14 406077.675 282981.268  30.3%  23.4  700s
  7867  7085 265631.085  136   12 329474.205 265631.085  19.4%  27.6  765s
  7732  7198 265531.676  131   12 407369.573 265531.676  34.8%  28.5  710s
  4382  3832 284833.096  114   24 426447.164 284833.096  33.2%  72.5  690s
  5316  4757 262569.894  124   14 289668.460 262569.894  9.36%  70.9  760s
  5894  5352 264076.246  181   10 291895.164 264076.246  9.53%   104  785s
  9157  8552 264911.436  206    9 289812.981 264911.436  8.59%  29.3  660s
H 4853  4239                    408591.12326 284950.110  30.3%   122  719s
  4922  4384 265665.316   87   11 408572.530 265665.316  35.0%   119  775s
  4854  4242 284950.110   81   26 408591.123 284950.110  30.3%   122  720s
  7862  7327 265531.669   76    9 407356.053 265531.669  34.8%  31.1  735s
  5722  5186 265000.438  154   14 291332.895 265000.438  9.04%  27.4  745s
  7828  7211 264528.858  234   18 289668.459 264528.858  8.68%  34.9  675s
  4890  4137 264517.113  135   95 363318.877 264482.022  27.2%   189  770s
  5029  4398 265567.046  128   11 291895.241 265567.046  9.02%  90.3  750s
  7005  6373 284579.270  209   11 426260.361 284579.270  33.2%  43.8  725s
  7123  6569 265567.045   58   14 291895.247 265567.045  9.02%  35.5  690s
  5296  4694 284950.110   92    9 426161.117 284950.110  33.1%  43.4  645s
  5152  4071 284206.397  103   16 425859.845 284206.397  33.3%   107  640s
  7151  6577 264570.135  185   10 407686.746 264570.135  35.1%  36.3  765s
  8785  2842 263557.949   57   30 291332.875 263557.949  9.53%   121  785s
  5638  5101 263746.035   79   13 406607.504 263746.035  35.1%  36.6  755s
  9481  8944 264139.121  138   14 292007.216 264139.121  9.54%  32.4  780s
  6796  5829 284833.096  236   10 426436.774 284833.096  33.2%  32.1  632s
  6060  5520 265000.437  104   15 406483.478 265000.437  34.8%  24.5  670s
  6931  6392 263479.602  140   16 406021.914 263479.602  35.1%  41.2  775s
  5870  5335 263815.907  109   12 406839.430 263815.907  35.2%  42.4  760s
  7601  7065 284206.397  116   11 425816.207 284206.397  33.3%  45.0  716s
  7922  7140 265631.085  143   28 329474.205 265631.085  19.4%  27.5  770s
  6317  5784 284579.270  105   15 426361.788 284579.270  33.3%  29.2  685s
  7005  6453 265234.643  158   10 291333.695 265234.643  8.96%  71.9  735s
  7826  7292 265531.676  125   21 407369.573 265531.676  34.8%  28.3  715s
  4447  3897 284833.096  121   11 426447.164 284833.096  33.2%  71.7  695s
  9422  8886 282981.268   95   11 406077.675 282981.268  30.3%  23.4  705s
  5933  5391 264076.246  179   11 291895.164 264076.246  9.53%   103  790s
  6312  5780 282981.268   79   21 424459.089 282981.268  33.3%  24.9  745s
  9297  8692 264911.436  204    9 289812.981 264911.436  8.59%  29.2  665s
  5383  4824 262569.894  130   16 289668.460 262569.894  9.36%  70.2  765s
  5200  4636 284034.195  118   22 425551.700 284034.195  33.3%  67.7  653s
  4987  4449 265665.316   93   11 408572.530 265665.316  35.0%   118  780s
  5762  5226 265000.438  161   12 291332.895 265000.438  9.04%  27.3  750s
  6840  5873 284833.096  240    8 426436.774 284833.096  33.2%  32.0  635s
  5357  4755 284950.110   95    9 426161.117 284950.110  33.1%  43.1  650s
  7873  7256 264528.858  232   20 289668.459 264528.858  8.68%  34.8  680s
  4907  4154 264482.022  137   32 363318.877 264482.022  27.2%   191  775s
H 4880  4264                    408591.12320 284950.110  30.3%   123  725s
  7872  7337 265531.669   73    9 407356.053 265531.669  34.8%  31.1  740s
  5072  4441 265567.046  134    9 291895.241 265567.046  9.02%  89.8  755s
  7215  6661 265567.045   63   12 291895.247 265567.045  9.02%  35.4  695s
  7109  6477 284579.270  200    9 426260.361 284579.270  33.2%  43.5  730s
  5676  5139 263746.035   83   13 406607.504 263746.035  35.1%  36.5  760s
  7639  7103 284206.397  120    9 425816.207 284206.397  33.3%  44.9  720s
  5235  4671 284034.195  125   10 425551.700 284034.195  33.3%  67.4  655s
  5215  4134 284206.397  106   17 425859.845 284206.397  33.3%   107  645s
  9573  9036 264139.121  132   12 292007.216 264139.121  9.54%  32.4  785s
  8819  2876 263702.409   61   63 291332.875 263557.949  9.53%   123  790s
  6126  5586 265000.437   99   15 406483.478 265000.437  34.8%  24.4  675s
  7028  6489 263479.602  140    9 406021.914 263479.602  35.1%  40.9  780s
  5907  5372 263815.907  104   12 406839.430 263815.907  35.2%  42.3  765s
  2467  1805 265059.182   25   31 408184.210 265059.182  35.1%   765  788s
  7978  7194 265631.085  149   12 329474.205 265631.085  19.4%  27.5  775s
  7070  6518 265234.643  161   18 291333.695 265234.643  8.96%  72.2  740s
  6393  5860 284579.270   95   13 426361.788 284579.270  33.3%  29.1  690s
  7907  7373 265531.676  133   21 407369.573 265531.676  34.8%  28.2  720s
  9523  8987 282981.268   95   15 406077.675 282981.268  30.3%  23.3  710s
  5980  5438 264076.246  188   12 291895.164 264076.246  9.53%   103  795s
  5444  4885 262569.894  136   16 289668.460 262569.894  9.36%  69.6  770s
  9425  8820 264911.436  205    9 289812.981 264911.436  8.59%  29.0  670s
  6393  5861 282981.268   72   13 424459.089 282981.268  33.3%  24.8  750s
  2473  1811 265059.207   29   63 408184.210 265059.182  35.1%   766  790s
  7943  7324 264528.858  233   14 289668.459 264528.858  8.68%  34.7  685s
  5810  5274 265000.438  150   12 291332.895 265000.438  9.04%  27.1  755s
  5030  4492 265665.316   97   11 408572.530 265665.316  35.0%   117  785s
  4504  3954 284833.096  120   26 426447.164 284833.096  33.2%  71.1  701s
  7910  7375 265531.669   76   11 407356.053 265531.669  34.8%  31.0  745s
  4934  4180 264482.022   90   30 363318.877 264482.022  27.2%   191  780s
  5117  4482 265567.046  112   15 291895.241 265567.046  9.02%  89.3  760s
  7282  6728 265567.045   71   10 291895.247 265567.045  9.02%  35.4  700s
  5282  4199 284206.397  139   21 425859.845 284206.397  33.3%   106  650s
  7210  6578 284579.270  199   11 426260.361 284579.270  33.2%  43.2  735s
  5731  5194 263746.035   89   24 406607.504 263746.035  35.1%  36.3  765s
  7711  7175 284206.397  122    9 425816.207 284206.397  33.3%  45.0  725s
  5286  4718 284034.195   91   12 425551.700 284034.195  33.3%  67.1  660s
  5400  4798 284950.110   98    9 426161.117 284950.110  33.1%  42.9  656s
  9657  9120 264139.121  129   18 292007.216 264139.121  9.54%  32.3  790s
  7094  6555 263479.602  147    9 406021.914 263479.602  35.1%  40.6  785s
  6234  5694 265000.437   96   13 406483.478 265000.437  34.8%  24.2  680s
  5958  5423 263815.907  121   21 406839.430 263815.907  35.2%  42.1  770s
  7201  6627 264570.135  188   42 407686.746 264570.135  35.1%  36.3  776s
  8851  2908 263558.225   51   49 291332.875 263557.949  9.53%   125  796s
  8027  7243 265631.085  154   30 329474.205 265631.085  19.4%  27.5  780s
  6898  5931 284833.096  247    8 426436.774 284833.096  33.2%  32.0  643s
  8059  7525 265531.676  118   12 407369.573 265531.676  34.8%  28.0  725s
  4556  4006 284833.096  121   13 426447.164 284833.096  33.2%  71.1  705s
  6027  5485 264076.246  193   10 291895.164 264076.246  9.53%   103  800s
  2490  1827 265059.182   24   47 408184.210 265059.182  35.1%   766  795s
  9556  8951 264911.436  202    9 289812.981 264911.436  8.59%  28.9  675s
  5503  4944 262569.894  140   14 289668.460 262569.894  9.36%  69.1  775s
  8016  7393 264528.858  231   12 289668.459 264528.858  8.68%  34.6  690s
  6447  5915 282981.268   78   21 424459.089 282981.268  33.3%  24.7  756s
  5070  4532 265665.316  102   11 408572.530 265665.316  35.0%   116  790s
  6924  5957 284833.096  251    8 426436.774 284833.096  33.2%  31.9  645s
  5460  4858 284950.110  100    9 426161.117 284950.110  33.1%  42.6  660s
  4965  4211 264482.022  194   44 363318.877 264482.022  27.2%   193  785s
  5831  5295 265000.438  154   22 291332.895 265000.438  9.04%  27.1  760s
  6420  5887 284579.270   97   13 426361.788 284579.270  33.3%  29.1  697s
  7347  6715 284579.270  195    9 426260.361 284579.270  33.2%  43.0  740s
  9614  9078 282981.268   89   11 406077.675 282981.268  30.3%  23.3  717s
  5170  4535 265567.046  118    9 291895.241 265567.046  9.02%  88.6  765s
  8008  7473 265531.669   71   11 407356.053 265531.669  34.8%  30.9  750s
  7313  6759 265567.045   74   12 291895.247 265567.045  9.02%  35.4  705s
  7238  6664 264570.135  185   12 407686.746 264570.135  35.1%  36.3  780s
  5326  4243 284206.397  110   11 425859.845 284206.397  33.3%   106  655s
  5774  5237 263746.035   83   24 406607.504 263746.035  35.1%  36.2  770s
  7796  7260 284206.397  115    9 425816.207 284206.397  33.3%  45.2  730s
  5330  4762 284034.195   96   12 425551.700 284034.195  33.3%  67.0  665s
  8874  2931 263704.603   58   73 291332.875 263557.949  9.53%   126  800s
  9734  9197 264139.121  128   16 292007.216 264139.121  9.54%  32.2  795s
  6296  5756 265000.437   86   11 406483.478 265000.437  34.8%  24.1  685s
  6002  5467 263815.907  143   23 406839.430 263815.907  35.2%  41.9  775s
  7118  6566 265234.643  162    4 291333.695 265234.643  8.96%  72.3  749s
  8095  7309 265631.085  161   30 329474.205 265631.085  19.4%  27.6  785s
  7156  6617 263479.602  137   16 406021.914 263479.602  35.1%  40.5  791s
  7130  6578 265234.643  164   74 291333.695 265234.643  8.96%  72.6  750s
  9672  9136 282981.268   86   14 406077.675 282981.268  30.3%  23.2  720s
  4908  4293 284950.110   89   36 408591.123 284950.110  30.3%   123  738s
  6508  5976 282981.268   75   22 424459.089 282981.268  33.3%  24.7  760s
  8116  7582 265531.676  122   12 407369.573 265531.676  34.8%  27.9  730s
  6077  5535 264076.246  185   13 291895.164 264076.246  9.53%   102  805s
  9684  9079 264911.436  195    9 289812.981 264911.436  8.59%  28.7  680s
  6448  5915 284579.270   96   23 426361.788 284579.270  33.3%  29.1  701s
  2508  1843 282276.941   28  121 408184.210 265059.182  35.1%   768  800s
  5585  5026 262569.894  139   14 289668.460 262569.894  9.36%  69.4  780s
  8089  7466 264528.858  236   14 289668.459 264528.858  8.68%  34.6  695s
  5887  5351 265000.438  153   14 291332.895 265000.438  9.04%  27.0  765s
  5097  4559 265665.316   98   11 408572.530 265665.316  35.0%   116  795s
  4926  4311 284950.110   86   14 408591.123 284950.110  30.3%   123  740s
  8080  7545 265531.669   80   11 407356.053 265531.669  34.8%  30.9  755s
  6987  6016 284833.096  248   16 426436.774 284833.096  33.2%  31.8  650s
  4997  4243 264482.022   50   61 363318.877 264482.022  27.2%   195  790s
  5535  4933 284950.110  105   16 426161.117 284950.110  33.1%  42.3  665s
  5208  4573 265567.046  120   11 291895.241 265567.046  9.02%  88.1  770s
  7398  6844 265567.045   74   12 291895.247 265567.045  9.02%  35.3  710s
  7297  6723 264570.135  177   10 407686.746 264570.135  35.1%  36.2  785s
  5386  4299 284206.397  132   17 425859.845 284206.397  33.3%   106  660s
  5838  5301 263746.035   89   15 406607.504 263746.035  35.1%  36.0  775s
  5395  4827 284034.195  102   12 425551.700 284034.195  33.3%  66.6  670s
  8903  2960 263704.603   62   78 291332.875 263557.949  9.53%   128  805s
  7222  6683 263479.602  140   16 406021.914 263479.602  35.1%  40.2  795s
  6388  5848 265000.437   89   11 406483.478 265000.437  34.8%  24.0  690s
  6068  5533 263815.907  113   12 406839.430 263815.907  35.2%  41.7  780s
  7873  7337 284206.397   97    9 425816.207 284206.397  33.3%  45.1  736s
  4576  4026 284833.096  118   11 426447.164 284833.096  33.2%  70.8  714s
  8152  7366 265631.085  165   18 329474.205 265631.085  19.4%  27.7  790s
  6501  5968 284579.270   94   17 426361.788 284579.270  33.3%  29.0  705s
  7218  6666 265234.643  159   10 291333.695 265234.643  8.96%  73.0  755s
  9775  9239 282981.268   90   12 406077.675 282981.268  30.3%  23.1  725s
  9826  9289 264139.121  124   16 292007.216 264139.121  9.54%  32.1  801s
  6561  6029 282981.268   79   13 424459.089 282981.268  33.3%  24.6  765s
  8201  7667 265531.676  120   12 407369.573 265531.676  34.8%  27.7  735s
  4591  4041 284833.096  120   11 426447.164 284833.096  33.2%  70.7  715s
  6122  5580 264076.246  200   13 291895.164 264076.246  9.53%   102  810s
  9772  9167 264911.436  189    9 289812.981 264911.436  8.59%  28.6  685s
  2525  1859 265562.524   24  124 408184.210 265059.182  35.1%   769  805s
  7405  6773 284579.270  199   13 426260.361 284579.270  33.2%  42.8  748s
  8157  7534 264528.858  243   12 289668.459 264528.858  8.68%  34.5  700s
  5129  4591 265665.316  102   11 408572.530 265665.316  35.0%   115  800s
  5928  5392 265000.438  157   16 291332.895 265000.438  9.04%  26.9  770s
  4972  4357 284950.110   84   14 408591.123 284950.110  30.3%   123  745s
  8147  7612 265531.669   83   15 407356.053 265531.669  34.8%  30.9  760s
  7016  6041 284833.096  260   10 426436.774 284833.096  33.2%  31.8  655s
  7431  6799 284579.270  199   11 426260.361 284579.270  33.2%  42.7  750s
  5616  5014 284950.110   97    9 426161.117 284950.110  33.1%  42.0  670s
  7324  6750 264570.135  180   10 407686.746 264570.135  35.1%  36.1  790s
  7474  6920 265567.045   71   10 291895.247 265567.045  9.02%  35.3  715s
  5458  4365 284206.397  167   15 425859.845 284206.397  33.3%   105  665s
  5890  5353 263746.035   86   24 406607.504 263746.035  35.1%  35.9  780s
  5262  4627 265567.046  121   11 291895.241 265567.046  9.02%  87.3  775s
  7933  7397 284206.397   90    9 425816.207 284206.397  33.3%  45.0  740s
  9897  9360 264139.121  126   12 292007.216 264139.121  9.54%  32.1  805s
  5451  4883 284034.195  103   12 425551.700 284034.195  33.3%  66.1  675s
  7317  6778 263479.602  136   16 406021.914 263479.602  35.1%  39.9  800s
  6463  5923 265000.437   90   15 406483.478 265000.437  34.8%  23.9  695s
  6115  5580 263815.907  125   17 406839.430 263815.907  35.2%  41.5  785s
  5632  5073 262569.894  144   16 289668.460 262569.894  9.36%  69.3  789s
  8215  7427 265631.085  174   16 329474.205 265631.085  19.4%  27.7  795s
  7270  6717 265234.643  162   11 291333.695 265234.643  8.96%  73.5  760s
  9881  9345 282981.268   97   11 406077.675 282981.268  30.3%  23.1  730s
  6556  6023 284579.270   92   13 426361.788 284579.270  33.3%  28.9  710s
  6636  6104 282981.268   61   15 424459.089 282981.268  33.3%  24.5  770s
  4633  4083 284833.096  122   11 426447.164 284833.096  33.2%  70.3  720s
  6161  5619 264076.246  194   10 291895.164 264076.246  9.53%   102  815s
  9857  9252 264911.436  198    9 289812.981 264911.436  8.59%  28.6  690s
  2541  1872 285702.506   25  154 408184.210 265059.182  35.1%   772  810s
  5638  5079 262569.894  141   14 289668.460 262569.894  9.36%  69.4  790s
  8349  7815 265531.676  124   10 407369.573 265531.676  34.8%  27.5  740s
  5974  5438 265000.438  157   12 291332.895 265000.438  9.04%  26.8  775s
  5179  4641 265665.316  109   13 408572.530 265665.316  35.0%   114  805s
  8230  7695 265531.669   69   13 407356.053 265531.669  34.8%  30.8  765s
  7116  6141 284833.096  271    8 426436.774 284833.096  33.2%  32.3  660s
  5683  5081 284950.110   88   11 426161.117 284950.110  33.1%  41.7  675s
  5015  4400 284950.110   74   14 408591.123 284950.110  30.3%   123  750s
  5326  4689 265567.046  134    9 291895.241 265567.046  9.02%  86.7  780s
  7548  6994 265567.045   64   16 291895.247 265567.045  9.02%  35.2  720s
  8233  7608 264528.858  230   12 289668.459 264528.858  8.68%  34.4  706s
  7388  6814 264570.135  181   18 407686.746 264570.135  35.1%  36.0  795s
H 6648  6114                    424310.37964 282981.268  33.3%  24.5  772s
  5933  5396 263746.035   88   13 406607.504 263746.035  35.1%  35.7  785s
  7495  6863 284579.270  200   11 426260.361 284579.270  33.2%  42.6  755s
  8000  7464 284206.397   97    9 425816.207 284206.397  33.3%  44.9  745s
  9963  9426 264139.121  132   12 292007.216 264139.121  9.54%  32.0  810s
  8912  2968 263713.833   50   67 291332.875 263557.949  9.53%   128  815s
  5481  4388 284206.397  178   20 425859.845 284206.397  33.3%   104  670s
H 5028  4272                    363318.87692 264482.022  27.2%   196  802s
  6570  6030 265000.437   94   13 406483.478 265000.437  34.8%  23.7  700s
  6164  5629 263815.907  137   12 406839.430 263815.907  35.2%  41.3  790s
  5505  4937 284034.195  107   22 425551.700 284034.195  33.3%  65.6  680s
  8273  7485 265631.085  182   38 329474.205 265631.085  19.4%  27.7  800s
  6610  6077 284579.270   98   15 426361.788 284579.270  33.3%  28.9  715s
 10012  9476 282981.268  101   11 406077.675 282981.268  30.3%  22.9  735s
  6674  6142 282981.268   70   18 424310.380 282981.268  33.3%  24.5  775s
  7319  6766 265234.643  162   35 291333.695 265234.643  8.96%  74.3  765s
  8446  7912 265531.676  128   10 407369.573 265531.676  34.8%  27.4  745s
  4690  4140 284833.096   99   11 426447.164 284833.096  33.2%  69.6  725s
  5681  5122 262569.894  140   41 289668.460 262569.894  9.36%  70.1  795s
  9969  9364 264911.436  206   11 289812.981 264911.436  8.59%  28.5  695s
  8290  7665 264528.858  224   20 289668.459 264528.858  8.68%  34.4  710s
  6022  5486 265000.438  146   12 291332.895 265000.438  9.04%  26.7  780s
  5230  4690 265665.316  114   11 408572.530 265665.316  35.0%   113  810s
  5054  4438 284950.110   93   33 408591.123 284950.110  30.3%   124  755s
  6228  5686 264076.246  197   13 291895.164 264076.246  9.53%   101  821s
  2555  1885 265562.524   28  169 408184.210 265059.182  35.1%   775  816s
  5044  4290 264482.022  189   25 363318.877 264482.022  27.2%   197  805s
  8314  7779 265531.669   58    9 407356.053 265531.669  34.8%  30.8  770s
  7632  7078 265567.045   59   12 291895.247 265567.045  9.02%  35.1  725s
  5394  4755 265567.046  136   13 291895.241 265567.046  9.02%  85.9  785s
H 5049  4292                    363318.87677 264482.022  27.2%   197  805s
  7200  6203 284833.096  276   12 426436.774 284833.096  33.2%  33.0  665s
  7431  6857 264570.135  185   10 407686.746 264570.135  35.1%  35.9  800s
  5512  4419 284206.397  194   15 425859.845 284206.397  33.3%   104  675s
  5978  5441 263746.035   86   15 406607.504 263746.035  35.1%  35.6  790s
  8941  2996 263557.949   54   52 291332.875 263557.949  9.53%   130  820s
 10039  9502 264139.121  136   12 292007.216 264139.121  9.54%  32.0  815s
  8013  7477 284206.397   99    9 425816.207 284206.397  33.3%  44.9  750s
H 5725  5121                    426159.28650 284950.110  33.1%  41.5  682s
  5559  4991 284034.195  114   16 425551.700 284034.195  33.3%  65.1  685s
  6207  5672 263815.907  148   24 406839.430 263815.907  35.2%  41.2  795s
  8354  7566 265631.085  191   43 329474.205 265631.085  19.4%  27.7  805s
  6672  6139 284579.270  106   13 426361.788 284579.270  33.3%  28.8  720s
  7370  6817 265234.643  158   64 291333.695 265234.643  8.96%  74.2  770s
 10129  9593 282981.268  100   11 406077.675 282981.268  30.3%  22.8  740s
  7387  6848 263479.602  137   16 406021.914 263479.602  35.1%  39.7  811s
  6592  6052 265000.437   97   11 406483.478 265000.437  34.8%  23.7  706s
  6744  6212 282981.268   65   13 424310.380 282981.268  33.3%  24.5  780s
  4745  4195 284833.096  128   13 426447.164 284833.096  33.2%  69.0  730s
  7549  6917 284579.270  191    9 426260.361 284579.270  33.2%  42.4  763s
  6269  5727 264076.246  191   11 291895.164 264076.246  9.53%   101  825s
  5748  5189 262569.894  142   14 289668.460 262569.894  9.36%  69.9  800s
  2567  1893 265195.615   24  172 408184.210 265059.182  35.1%   777  820s
  6073  5537 265000.438  151   12 291332.895 265000.438  9.04%  26.6  785s
  5271  4731 265665.316  118   11 408572.530 265665.316  35.0%   112  815s
  5085  4465 284950.110   82   26 408591.123 284950.110  30.3%   125  760s
  8426  7891 265531.669   70    9 407356.053 265531.669  34.8%  30.7  775s
  5078  4323 264482.022  122   48 363318.877 264482.022  27.2%   198  810s
  8314  7689 264528.858  230   10 289668.459 264528.858  8.68%  34.3  715s
  7585  6953 284579.270  196    9 426260.361 284579.270  33.2%  42.3  765s
  5452  4813 265567.046  121    9 291895.241 265567.046  9.02%  85.3  790s
  5751  5149 284950.110   93    9 426159.286 284950.110  33.1%  41.4  685s
  7700  7146 265567.045   56   12 291895.247 265567.045  9.02%  35.1  730s
  7475  6901 264570.135  183   22 407686.746 264570.135  35.1%  35.9  805s
  5576  4467 284206.397  139   16 425859.845 284206.397  33.3%   103  680s
  6019  5482 263746.035   89   13 406607.504 263746.035  35.1%  35.5  795s
  8480  7946 265531.676  132   21 407369.573 265531.676  34.8%  27.3  752s
  8071  7535 284206.397  105   11 425816.207 284206.397  33.3%  44.7  755s
  8972  3027 263711.627   57   60 291332.875 263557.949  9.53%   130  825s
  5610  5042 284034.195  102   12 425551.700 284034.195  33.3%  65.0  690s
  7301  6288 284833.096  267   16 426436.774 284833.096  33.2%  33.7  671s
 10046  9441 264911.436  214    9 289812.981 264911.436  8.59%  28.4  702s
 10147  9610 264139.121  139   14 292007.216 264139.121  9.54%  31.9  820s
  6642  6102 265000.437   90   11 406483.478 265000.437  34.8%  23.6  710s
  7444  6905 263479.602  138   20 406021.914 263479.602  35.1%  39.6  815s
  6261  5726 263815.907  109   12 406839.430 263815.907  35.2%  41.1  800s
  8418  7630 265631.085  190   16 329474.205 265631.085  19.4%  27.7  810s
  6774  6241 284579.270  100   13 426361.788 284579.270  33.3%  28.7  725s
  7417  6864 265234.643  160   25 291333.695 265234.643  8.96%  74.7  775s
 10249  9713 282981.268  102   15 406077.675 282981.268  30.3%  22.8  745s
  6787  6255 282981.268   70   22 424310.380 282981.268  33.3%  24.4  785s
  4795  4245 284833.096  106   13 426447.164 284833.096  33.2%  68.5  735s
  6313  5771 264076.246  196   19 291895.164 264076.246  9.53%   100  830s
  5790  5231 262569.894  142   43 289668.460 262569.894  9.36%  70.7  805s
 10093  9488 264911.436  198   11 289812.981 264911.436  8.59%  28.4  705s
  2594  1909 265059.182   23   56 408184.210 265059.182  35.1%   777  825s
  5111  4480 284950.110   90   14 408591.123 284950.110  30.3%   127  765s
  5809  5207 284950.110   94    9 426159.286 284950.110  33.1%  41.2  690s
  8395  7768 264528.858  221   12 289668.459 264528.858  8.68%  34.2  720s
  6127  5591 265000.438  157   19 291332.895 265000.438  9.04%  26.5  790s
  5102  4347 264482.022  117   36 363318.877 264482.022  27.2%   200  815s
  7686  7054 284579.270  203   11 426260.361 284579.270  33.2%  42.1  770s
  8508  7973 265531.669   74    9 407356.053 265531.669  34.8%  30.6  780s
  5532  4893 265567.046  127    9 291895.241 265567.046  9.02%  84.4  795s
  7394  6367 284833.096  279   30 426436.774 284833.096  33.2%  33.7  675s
  7539  6965 264570.135  185   12 407686.746 264570.135  35.1%  35.8  810s
  6063  5526 263746.035   92   24 406607.504 263746.035  35.1%  35.4  800s
  8128  7592 284206.397  102    9 425816.207 284206.397  33.3%  44.7  760s
  8533  7999 265531.676  113   12 407369.573 265531.676  34.8%  27.3  757s
  9008  3062 263712.849   61   62 291332.875 263557.949  9.53%   131  830s
 10202  9665 264139.121  136   12 292007.216 264139.121  9.54%  31.8  825s
  5667  5099 284034.195   98   12 425551.700 284034.195  33.3%  64.7  695s
  5647  4530 284206.397  136   23 425859.845 284206.397  33.3%   103  686s
  7496  6957 263479.602  137   16 406021.914 263479.602  35.1%  39.4  820s
  6315  5780 263815.907  136   12 406839.430 263815.907  35.2%  40.9  805s
  6703  6163 265000.437   96   13 406483.478 265000.437  34.8%  23.5  715s
  7764  7210 265567.045   58   10 291895.247 265567.045  9.02%  35.0  737s
  8523  7735 265631.085  201   16 329474.205 265631.085  19.4%  27.7  815s
  6845  6312 284579.270   97   23 426361.788 284579.270  33.3%  28.6  730s
  7460  6907 265234.643  158    6 291333.695 265234.643  8.96%  74.8  780s
  4836  4286 284833.096  110   11 426447.164 284833.096  33.2%  68.1  740s
  6825  6293 282981.268   73   22 424310.380 282981.268  33.3%  24.4  790s
  5836  5277 262569.894  142   16 289668.460 262569.894  9.36%  70.4  810s
  6367  5825 264076.246  193   13 291895.164 264076.246  9.53%   100  835s
  2612  1926 266459.571   27  137 408184.210 265059.182  35.1%   778  830s
  8487  7856 264528.858  179   12 289668.459 264528.858  8.68%  34.1  725s
  6177  5641 265000.438  156   14 291332.895 265000.438  9.04%  26.4  795s
  5299  4759 265665.316  121   11 408572.530 265665.316  35.0%   112  825s
  5148  4504 288927.368   83  147 408591.123 284950.110  30.3%   130  770s
  8614  8080 265531.676  124   10 407369.573 265531.676  34.8%  27.1  761s
  5869  5267 284950.110   95    9 426159.286 284950.110  33.1%  41.0  695s
  5132  4375 264482.022   84   27 363318.877 264482.022  27.2%   202  820s
  8517  7982 265531.669   75   13 407356.053 265531.669  34.8%  30.6  785s
  7787  7155 284579.270  217    9 426260.361 284579.270  33.2%  41.9  775s
  5607  4968 265567.046  133    9 291895.241 265567.046  9.02%  83.6  800s
  7798  7244 265567.045   60   10 291895.247 265567.045  9.02%  34.9  740s
  7584  7010 264570.135  187   22 407686.746 264570.135  35.1%  35.7  815s
  5701  4584 284206.397  118   13 425859.845 284206.397  33.3%   102  690s
 10205  9598 264911.436   93   41 289812.981 264911.436  8.59%  28.3  712s
  6121  5584 263746.035   89   24 406607.504 263746.035  35.1%  35.2  805s
  8204  7668 284206.397   96   13 425816.207 284206.397  33.3%  44.7  765s
  9035  3089 263557.949   62   39 291332.875 263557.949  9.53%   133  835s
 10280  9743 264139.121  136   16 292007.216 264139.121  9.54%  31.8  830s
  6776  6236 265000.437   91   15 406483.478 265000.437  34.8%  23.5  720s
  7558  7019 263479.602  143   11 406021.914 263479.602  35.1%  39.2  825s
  6362  5827 263815.907  118   12 406839.430 263815.907  35.2%  40.8  810s
 10366  9830 282981.268   71   15 406077.675 282981.268  30.3%  22.7  754s
  8588  7800 265631.085  208   15 329474.205 265631.085  19.4%  27.7  820s
  7518  6965 265234.643  161   63 291333.695 265234.643  8.96%  75.6  785s
 10374  9838 282981.268   75   13 406077.675 282981.268  30.3%  22.7  755s
  6878  6346 282981.268   73   21 424310.380 282981.268  33.3%  24.3  795s
  7403  6376 284833.096  275   14 426436.774 284833.096  33.2%  33.8  683s
  6890  6357 284579.270   98   21 426361.788 284579.270  33.3%  28.6  735s
  4900  4350 284833.096  116   11 426447.164 284833.096  33.2%  67.4  745s
  8710  8176 265531.676  133   12 407369.573 265531.676  34.8%  27.0  765s
  5904  5345 262569.894  141   39 289668.460 262569.894  9.36%  70.8  815s
  2635  1947 265285.089   31  126 408184.210 265059.182  35.1%   782  835s
  8597  7966 264528.858  171   12 289668.459 264528.858  8.68%  34.0  730s
  6213  5677 265000.438  156   14 291332.895 265000.438  9.04%  26.3  800s
  5363  4823 265665.316  128   11 408572.530 265665.316  35.0%   111  830s
  5174  4523 287839.354   82  144 408591.123 284950.110  30.3%   132  775s
  8587  8052 265531.669   82   13 407356.053 265531.669  34.8%  30.5  790s
  7434  6403 284833.096  250   10 426436.774 284833.096  33.2%  33.9  685s
  5690  5122 284034.195   98   42 425551.700 284034.195  33.3%  65.0  703s
 10208  9600 264911.436   53   25 289812.981 264911.436  8.59%  28.3  716s
  5922  5320 284950.110   97    9 426159.286 284950.110  33.1%  40.8  700s
  5157  4400 264482.022  178   29 363318.877 264482.022  27.2%   203  825s
  7870  7316 265567.045   68   10 291895.247 265567.045  9.02%  34.8  745s
  7669  7095 264570.135  182   43 407686.746 264570.135  35.1%  35.6  820s
  5769  4650 284206.397  130   14 425859.845 284206.397  33.3%   101  695s
  6152  5615 263746.035   87   22 406607.504 263746.035  35.1%  35.2  810s
  5722  5154 284034.195  101   12 425551.700 284034.195  33.3%  64.8  705s
  8260  7724 284206.397  100    9 425816.207 284206.397  33.3%  44.6  770s
 10424  9887 264139.121  127   12 292007.216 264139.121  9.54%  31.6  835s
  9059  3113 263707.741   61   60 291332.875 263557.949  9.53%   135  840s
  6393  5851 264076.246  200   10 291895.164 264076.246  9.53%  99.5  842s
  6838  6298 265000.437   96   13 406483.478 265000.437  34.8%  23.4  725s
  6398  5863 263815.907  136   12 406839.430 263815.907  35.2%  40.7  815s
  7604  7065 263479.602  139   11 406021.914 263479.602  35.1%  39.1  830s
  8637  7849 265631.085  215   19 329474.205 265631.085  19.4%  27.7  825s
  6950  6417 284579.270   97   13 426361.788 284579.270  33.3%  28.5  740s
  7580  7027 265234.643  157    6 291333.695 265234.643  8.96%  75.8  790s
 10469  9933 282981.268   94   13 406077.675 282981.268  30.3%  22.6  760s
  6914  6382 282981.268   76   13 424310.380 282981.268  33.3%  24.2  800s
  6428  5886 264076.246  205   13 291895.164 264076.246  9.53%  99.1  845s
  5988  5429 262569.894  140   14 289668.460 262569.894  9.36%  70.2  820s
  7873  7239 284579.270  230    9 426260.361 284579.270  33.2%  41.8  783s
  8816  8282 265531.676   93   10 407369.573 265531.676  34.8%  26.9  770s
  2648  1960 265567.340   33  178 408184.210 265059.182  35.1%   785  840s
  8684  8053 264528.858  179   20 289668.459 264528.858  8.68%  34.0  735s
  6252  5716 265000.438  154   12 291332.895 265000.438  9.04%  26.2  805s
  5396  4856 265665.316  125   11 408572.530 265665.316  35.0%   110  835s
  5204  4543 291059.444   92  139 408591.123 284950.110  30.3%   135  780s
  8663  8128 265531.669   68   27 407356.053 265531.669  34.8%  30.5  795s
  5193  4436 264482.022  116   43 363318.877 264482.022  27.2%   205  830s
  5975  5373 284950.110   92   16 426159.286 284950.110  33.1%  40.6  705s
 10211  9602 264911.436   96   24 289812.981 264911.436  8.59%  28.3  721s
  4924  4374 284833.096  120   13 426447.164 284833.096  33.2%  67.2  751s
  7907  7273 284579.270  234    9 426260.361 284579.270  33.2%  41.7  785s
  7896  7342 265567.045   70   10 291895.247 265567.045  9.02%  34.8  750s
  7720  7146 264570.135  187   10 407686.746 264570.135  35.1%  35.5  825s
  6198  5659 263746.035   92   24 406607.504 263746.035  35.1%  35.0  815s
  5836  4709 284206.397  124   16 425859.845 284206.397  33.3%   101  700s
  7503  6462 284833.096  263   14 426436.774 284833.096  33.2%  33.8  691s
  8363  7827 284206.397  105    9 425816.207 284206.397  33.3%  44.5  775s
  5786  5218 284034.195   96   12 425551.700 284034.195  33.3%  64.3  710s
  9093  3147 263557.949   63   46 291332.875 263557.949  9.53%   136  845s
 10534  9997 264139.121  133   18 292007.216 264139.121  9.54%  31.5  840s
  6908  6368 265000.437   97   15 406483.478 265000.437  34.8%  23.2  730s
  7658  7119 263479.602  146   11 406021.914 263479.602  35.1%  39.0  835s
  6434  5899 263815.907  106   17 406839.430 263815.907  35.2%  40.6  820s
  8715  7927 265631.085  221   15 329474.205 265631.085  19.4%  27.7  830s
  7021  6488 284579.270  103   15 426361.788 284579.270  33.3%  28.4  745s
  7006  6474 282981.268   85   17 424310.380 282981.268  33.3%  24.1  805s
  4958  4408 284833.096  125   11 426447.164 284833.096  33.2%  66.9  755s
  6488  5946 264076.246  204   13 291895.164 264076.246  9.53%  98.4  850s
  6032  5473 262569.894  145   14 289668.460 262569.894  9.36%  70.2  825s
  2661  1973 265059.182   35  106 408184.210 265059.182  35.1%   786  845s
 10590 10054 282981.268   94   17 406077.675 282981.268  30.3%  22.5  765s
  5440  4900 265665.316  126   11 408572.530 265665.316  35.0%   109  840s
  6295  5759 265000.438  157   19 291332.895 265000.438  9.04%  26.1  810s
  5239  4570 284950.110   77   29 408591.123 284950.110  30.3%   137  785s
  8710  8175 265531.669   71    9 407356.053 265531.669  34.8%  30.5  800s
 10213  9604 264911.436  143   18 289812.981 264911.436  8.59%  28.3  725s
  7568  6525 284833.096  268    8 426436.774 284833.096  33.2%  33.8  695s
  5239  4482 264482.022  117   33 363318.877 264482.022  27.2%   206  835s
  6042  5440 284950.110   94    9 426159.286 284950.110  33.1%  40.3  710s
  8917  8383 265531.676   80   10 407369.573 265531.676  34.8%  26.7  776s
  7623  7070 265234.643  160    6 291333.695 265234.643  8.96%  76.0  797s
  8007  7373 284579.270  234   18 426260.361 284579.270  33.2%  41.8  790s
  7970  7416 265567.045   65   10 291895.247 265567.045  9.02%  34.8  755s
  7778  7204 264570.135  176   10 407686.746 264570.135  35.1%  35.4  830s
  5882  4753 284206.397  147   27 425859.845 284206.397  33.3%   100  705s
  6248  5707 263746.035   90   24 406607.504 263746.035  35.1%  35.0  820s
  5649  5010 265567.046  141    9 291895.241 265567.046  9.02%  83.2  815s
  8432  7896 284206.397  108    9 425816.207 284206.397  33.3%  44.5  780s
  5850  5282 284034.195   83   14 425551.700 284034.195  33.3%  63.9  715s
 10624 10087 264139.121  123   16 292007.216 264139.121  9.54%  31.5  845s
  9122  3176 263712.399   63   51 291332.875 263557.949  9.53%   138  850s
  7728  7189 263479.602  132    9 406021.914 263479.602  35.1%  38.8  840s
  6998  6458 265000.437   73   11 406483.478 265000.437  34.8%  23.1  735s
  6470  5935 263815.907  107   14 406839.430 263815.907  35.2%  40.5  825s
  8792  8004 265631.085  230   16 329474.205 265631.085  19.4%  27.8  835s
H 5258  4581                    408591.12316 284950.110  30.3%   138  788s
  8739  8107 264528.858  178   12 289668.459 264528.858  8.68%  34.1  743s
  7661  7108 265234.643  163   10 291333.695 265234.643  8.96%  76.1  800s
  7046  6514 282981.268   96   15 424310.380 282981.268  33.3%  24.1  810s
  7100  6567 284579.270  108   13 426361.788 284579.270  33.3%  28.3  750s
  8981  8447 265531.676   93   10 407369.573 265531.676  34.8%  26.6  780s
  6555  6013 264076.246  205   13 291895.164 264076.246  9.53%  97.8  855s
  6078  5519 262569.894  150   14 289668.460 262569.894  9.36%  70.4  830s
  4990  4440 284833.096  120   26 426447.164 284833.096  33.2%  66.6  760s
 10698 10162 282981.268  100   13 406077.675 282981.268  30.3%  22.5  770s
  8756  8123 264535.380  186   39 289668.459 264528.858  8.68%  34.4  745s
  5492  4952 265665.316  121   13 408572.530 265665.316  35.0%   108  845s
  5275  4594 284950.110   91   41 408591.123 284950.110  30.3%   140  790s
  8796  8261 265531.669   56    9 407356.053 265531.669  34.8%  30.4  805s
  7612  6559 284833.096  276   16 426436.774 284833.096  33.2%  33.7  700s
  5273  4516 264482.022  141   31 363318.877 264482.022  27.2%   207  840s
 10216  9606 264911.436  104   34 289812.981 264911.436  8.59%  28.3  731s
  6343  5807 265000.438  152   12 291332.895 265000.438  9.04%  26.0  815s
  6093  5491 284950.110   98    9 426159.286 284950.110  33.1%  40.1  715s
  8085  7451 284579.270  243    9 426260.361 284579.270  33.2%  41.8  795s
  5713  5074 265567.046  147   11 291895.241 265567.046  9.02%  82.6  820s
  8065  7511 265567.045   73   14 291895.247 265567.045  9.02%  34.7  760s
  7848  7274 264570.135  178   12 407686.746 264570.135  35.1%  35.3  835s
  5935  4802 284207.102  118   50 425859.845 284206.397  33.3%   100  710s
  8534  7998 284206.397   98   11 425816.207 284206.397  33.3%  44.4  785s
  9160  3214 263707.241   61   61 291332.875 263557.949  9.53%   140  855s
  5907  5333 284034.195  117   27 425551.700 284034.195  33.3%  63.6  720s
 10660 10123 264139.121  127   18 292007.216 264139.121  9.54%  31.4  850s
  7063  6523 265000.437   80   11 406483.478 265000.437  34.8%  23.0  740s
  7778  7239 263479.602  138    9 406021.914 263479.602  35.1%  38.7  845s
  6498  5963 263815.907  108   16 406839.430 263815.907  35.2%  40.4  830s
  8854  8066 265631.085  236   22 329474.205 265631.085  19.4%  27.8  840s
  7182  6649 284579.270   94   15 426361.788 284579.270  33.3%  28.2  755s
  7715  7162 265234.643  168   10 291333.695 265234.643  8.96%  76.2  805s
 10797 10261 282981.268  103   15 406077.675 282981.268  30.3%  22.4  775s
  7120  6588 282981.268   85   13 424310.380 282981.268  33.3%  24.0  815s
  9118  8584 265531.676  104   10 407369.573 265531.676  34.8%  26.4  785s
  5071  4521 284833.096  125   11 426447.164 284833.096  33.2%  65.9  765s
  6621  6079 264076.246  214   11 291895.164 264076.246  9.53%  97.0  860s
  6109  5550 262569.894  141   16 289668.460 262569.894  9.36%  70.5  835s
  6301  5760 263746.035   85   13 406607.504 263746.035  35.1%  34.9  828s
  8805  8172 264528.858  184   12 289668.459 264528.858  8.68%  34.3  750s
  5527  4987 265665.316  128   15 408572.530 265665.316  35.0%   108  850s
  6397  5861 265000.438  160   16 291332.895 265000.438  9.04%  26.0  820s
  6179  5577 284950.110   99   16 426159.286 284950.110  33.1%  39.9  720s
  5309  4552 264482.022   51   27 363318.877 264482.022  27.2%   208  845s
 10217  9606 264911.436   98   19 289812.981 264911.436  8.59%  28.2  736s
  8243  7609 284579.270  222   26 426260.361 284579.270  33.2%  41.9  800s
  5754  5115 265567.046  151    9 291895.241 265567.046  9.02%  82.2  825s
  7705  6646 284833.096  270    8 426436.774 284833.096  33.2%  34.1  705s
  8127  7573 265567.045   75   10 291895.247 265567.045  9.02%  34.6  765s
  7887  7313 264570.135  183   10 407686.746 264570.135  35.1%  35.3  840s
  8920  8385 265531.669   73    9 407356.053 265531.669  34.8%  30.3  811s
  5312  4623 286535.216   94  142 408591.123 284950.110  30.3%   142  796s
  6317  5776 263746.035   87   24 406607.504 263746.035  35.1%  34.8  830s
  6009  4876 284207.102  117   75 425859.845 284206.397  33.3%   101  715s
  8592  8056 284206.397  104   11 425816.207 284206.397  33.3%  44.3  790s
  5956  5382 284034.195   70   12 425551.700 284034.195  33.3%  63.7  725s
 10780 10243 264139.121  124   12 292007.216 264139.121  9.54%  31.3  855s
  9190  3244 263719.219   62   74 291332.875 263557.949  9.53%   142  860s
  7827  7288 263479.602  142    9 406021.914 263479.602  35.1%  38.6  850s
  7125  6585 265000.437   86   13 406483.478 265000.437  34.8%  23.0  745s
  8921  8133 265631.085  244   16 329474.205 265631.085  19.4%  27.9  845s
  6531  5996 263815.907  101   16 406839.430 263815.907  35.2%  40.3  835s
  7804  7251 265234.643  156    6 291333.695 265234.643  8.96%  76.2  810s
 10889 10353 282981.268   88   14 406077.675 282981.268  30.3%  22.3  780s
  9204  8670 265531.676  109   10 407369.573 265531.676  34.8%  26.3  790s
  5195  4645 284833.096  123   11 426447.164 284833.096  33.2%  64.9  770s
  6663  6121 264076.246  215   37 291895.164 264076.246  9.53%  96.9  865s
 10219  9608 264911.436  203   19 289812.981 264911.436  8.59%  28.2  740s
  5556  5016 265665.316  129   11 408572.530 265665.316  35.0%   107  855s
  5340  4645 284950.110   96   32 408591.123 284950.110  30.3%   144  800s
  7175  6643 282981.268  106   13 424310.380 282981.268  33.3%  23.9  821s
  8992  8457 265531.669   47   13 407356.053 265531.669  34.8%  30.2  815s
  7787  6718 284833.096  246    8 426436.774 284833.096  33.2%  34.3  710s
  6110  5551 262569.894  141   16 289668.460 262569.894  9.36%  70.4  841s
  6194  5592 284950.110   90    9 426159.286 284950.110  33.1%  39.8  725s
  8856  8223 264528.858  181   12 289668.459 264528.858  8.68%  34.2  756s
  8397  7763 284579.270  242   28 426260.361 284579.270  33.2%  41.9  805s
  5807  5168 265567.046  160    9 291895.241 265567.046  9.02%  82.0  830s
  6425  5889 265000.438  153   12 291332.895 265000.438  9.04%  25.9  826s
  8224  7670 265567.045   75   10 291895.247 265567.045  9.02%  34.6  770s
  7944  7370 264570.135  185   22 407686.746 264570.135  35.1%  35.1  845s
  7202  6669 284579.270   97   13 426361.788 284579.270  33.3%  28.2  763s
  6394  5853 263746.035   89   26 406607.504 263746.035  35.1%  34.6  835s
  5999  5425 284034.195   74   12 425551.700 284034.195  33.3%  63.4  730s
  8665  8129 284206.397   90    9 425816.207 284206.397  33.3%  44.3  795s
 10849 10312 264139.121  131   12 292007.216 264139.121  9.54%  31.3  860s
  5323  4566 264482.022  145   31 363318.877 264482.022  27.2%   209  852s
  7190  6650 265000.437   95   11 406483.478 265000.437  34.8%  22.9  750s
  6597  6062 263815.907  127   12 406839.430 263815.907  35.2%  40.0  840s
  8988  8200 265631.085  252   14 329474.205 265631.085  19.4%  27.8  850s
  7224  6691 284579.270   99   13 426361.788 284579.270  33.3%  28.2  765s
  7873  7334 263479.602  135    9 406021.914 263479.602  35.1%  38.5  855s
  6072  4937 284206.397  106   18 425859.845 284206.397  33.3%   100  722s
  7210  6678 282981.268  117   13 424310.380 282981.268  33.3%  23.9  825s
  9276  8742 265531.676  122   19 407369.573 265531.676  34.8%  26.2  795s
  7869  7316 265234.643  157    6 291333.695 265234.643  8.96%  76.6  815s
  6712  6170 264076.246  219   11 291895.164 264076.246  9.53%  96.8  870s
  6137  5578 262569.894  140   46 289668.460 262569.894  9.36%  70.6  845s
 11041 10505 282981.268   93   15 406077.675 282981.268  30.3%  22.2  785s
  5260  4710 284833.096  115   13 426447.164 284833.096  33.2%  64.3  775s
  8927  8294 264528.858  168   14 289668.459 264528.858  8.68%  34.2  760s
  6460  5924 265000.438  155   12 291332.895 265000.438  9.04%  25.8  830s
  5620  5080 265665.316  130   15 408572.530 265665.316  35.0%   106  860s
 10222  9610 264911.436  111   19 289812.981 264911.436  8.59%  28.2  745s
  9204  3258 263557.949   60   45 291332.875 263557.949  9.53%   142  868s
  5353  4594 264482.022  115   23 363318.877 264482.022  27.2%   210  855s
  7874  6803 284833.096  257    8 426436.774 284833.096  33.2%  34.3  715s
  6260  5658 284950.110   96    9 426159.286 284950.110  33.1%  39.6  730s
  2668  1980 280465.790   32  127 408184.210 265059.182  35.1%   786  866s
  5875  5230 265690.772  164   37 291895.241 265567.046  9.02%  81.5  835s
  8301  7747 265567.045   69   10 291895.247 265567.045  9.02%  34.5  775s
  8019  7445 264570.135  170   14 407686.746 264570.135  35.1%  35.1  850s
  6435  5894 263746.035   88   13 406607.504 263746.035  35.1%  34.5  840s
  6133  4992 284206.397  202   18 425859.845 284206.397  33.3%   100  725s
  8719  8183 284206.397   95   11 425816.207 284206.397  33.3%  44.2  800s
  6076  5502 284034.195   81   12 425551.700 284034.195  33.3%  62.8  735s
  9213  3267 263705.809   61   74 291332.875 263557.949  9.53%   143  870s
 10953 10416 264139.121  131   12 292007.216 264139.121  9.54%  31.2  865s
  7950  7411 263479.602  139   23 406021.914 263479.602  35.1%  38.3  860s
  7260  6720 265000.437   88   13 406483.478 265000.437  34.8%  22.8  755s
  9004  8469 265531.669   52    9 407356.053 265531.669  34.8%  30.2  822s
  6639  6104 263815.907  148   25 406839.430 263815.907  35.2%  40.0  845s
  8465  7831 284579.270  244    9 426260.361 284579.270  33.2%  41.8  812s
  9066  8270 265631.085  248   16 329474.205 265631.085  19.4%  27.8  855s
  7889  7336 265234.643  159    6 291333.695 265234.643  8.96%  76.6  820s
 11178 10642 282981.268   87   12 406077.675 282981.268  30.3%  22.2  790s
  7263  6731 282981.268   98   17 424310.380 282981.268  33.3%  23.8  830s
  9373  8839 265531.676  120   15 407369.573 265531.676  34.8%  26.1  800s
  5319  4769 284833.096  121   13 426447.164 284833.096  33.2%  63.8  780s
  6761  6219 264076.246  196   11 291895.164 264076.246  9.53%  96.5  875s
  2681  1992 265531.634   37  105 408184.210 265059.182  35.1%   788  870s
  7284  6751 284579.270   97   13 426361.788 284579.270  33.3%  28.1  771s
 10224  9611 264911.436   88   12 289812.981 264911.436  8.59%  28.2  750s
  8985  8352 264528.858  192   12 289668.459 264528.858  8.68%  34.1  765s
  6522  5986 265000.438  153   12 291332.895 265000.438  9.04%  25.7  835s
  6191  5632 262569.894  135   18 289668.460 262569.894  9.36%  70.4  850s
  5667  5127 265665.316  131   11 408572.530 265665.316  35.0%   105  865s
  9023  8488 265531.669   55    9 407356.053 265531.669  34.8%  30.2  825s
  6313  5711 284950.110   88    9 426159.286 284950.110  33.1%  39.4  735s
  5392  4633 264484.560  191  125 363318.877 264482.022  27.2%   211  860s
  5920  5273 265567.046  172    9 291895.241 265567.046  9.02%  81.1  840s
  8369  7815 265567.045   77   12 291895.247 265567.045  9.02%  34.5  780s
  8520  7886 284579.270  236   20 426260.361 284579.270  33.2%  41.8  815s
  6478  5937 263746.035   87   13 406607.504 263746.035  35.1%  34.4  845s
  6187  5036 284206.397  120   20 425859.845 284206.397  33.3%   100  730s
  6140  5566 284034.195  102   14 425551.700 284034.195  33.3%  62.3  740s
  8069  7495 264570.135  184   20 407686.746 264570.135  35.1%  35.0  855s
  9236  3290 263751.393   55  107 291332.875 263557.949  9.53%   145  875s
 11024 10487 264139.121  134   16 292007.216 264139.121  9.54%  31.2  870s
  7356  6816 265000.437   84   13 406483.478 265000.437  34.8%  22.7  760s
  8013  7474 263479.602  136    9 406021.914 263479.602  35.1%  38.1  865s
  6688  6153 263815.907  139   12 406839.430 263815.907  35.2%  39.8  850s
  5368  4664 284950.110   74   27 408591.123 284950.110  30.3%   146  812s
  8774  8238 284206.397   82    9 425816.207 284206.397  33.3%  44.1  806s
  9169  8371 265631.085  236   18 329474.205 265631.085  19.4%  27.8  860s
  7362  6829 284579.270   92   13 426361.788 284579.270  33.3%  28.1  775s
  7935  7382 265234.643  162   41 291333.695 265234.643  8.96%  76.8  825s
 11326 10790 282981.268   95   15 406077.675 282981.268  30.3%  22.1  795s
  7311  6779 282981.268  107   22 424310.380 282981.268  33.3%  23.8  835s
  5378  4828 284833.097  126   23 426447.164 284833.096  33.2%  63.4  785s
  6804  6262 264076.246  206   13 291895.164 264076.246  9.53%  96.1  880s
 10251  9631 264911.436   42   24 289812.981 264911.436  8.59%  31.3  755s
  2695  2006 265317.073   40  115 408184.210 265059.182  35.1%   791  875s
  6232  5673 262569.894  139   14 289668.460 262569.894  9.36%  70.3  855s
  9050  8417 264528.858  195   12 289668.459 264528.858  8.68%  34.0  770s
  6582  6046 265000.438  160   18 291332.895 265000.438  9.04%  25.6  840s
  5715  5175 265665.316  133   11 408572.530 265665.316  35.0%   105  870s
  9086  8551 265531.669   75    9 407356.053 265531.669  34.8%  30.2  830s
  7959  6872 284833.096  266    8 426436.774 284833.096  33.2%  34.1  725s
  6388  5786 284950.110   96    9 426159.286 284950.110  33.1%  39.2  740s
  5426  4666 264482.022  131   36 363318.877 264482.022  27.2%   213  865s
  5381  4674 284950.110   75   25 408591.123 284950.110  30.3%   147  815s
  8572  7938 284579.270  238   20 426260.361 284579.270  33.2%  41.8  820s
  8460  7906 265567.045   59   18 291895.247 265567.045  9.02%  34.4  785s
  5979  5332 265567.046  178   52 291895.241 265567.046  9.02%  80.8  845s
  8132  7558 264570.135  183   10 407686.746 264570.135  35.1%  34.8  860s
  6227  5076 284206.397  112   29 425859.845 284206.397  33.3%   100  735s
  6535  5994 263746.035   88   24 406607.504 263746.035  35.1%  34.3  850s
  9275  3329 263558.225   61   60 291332.875 263557.949  9.53%   146  880s
  6207  5633 284034.195   91   12 425551.700 284034.195  33.3%  62.2  745s
 11129 10592 264139.121  132   18 292007.216 264139.121  9.54%  31.2  875s
  8820  8284 284206.397   54   11 425816.207 284206.397  33.3%  44.1  810s
  8090  7551 263479.602  144    9 406021.914 263479.602  35.1%  37.9  870s
  7435  6895 265000.437   92   15 406483.478 265000.437  34.8%  22.6  765s
  6737  6202 263815.907  160   17 406839.430 263815.907  35.2%  39.7  855s
  9253  8455 265631.085  215   16 329474.205 265631.085  19.4%  27.9  865s
  7407  6874 284579.270   97   15 426361.788 284579.270  33.3%  28.0  780s
  8015  7462 265234.643  161   30 291333.695 265234.643  8.96%  77.3  830s
 11472 10936 282981.268   95   11 406077.675 282981.268  30.3%  22.0  800s
  7366  6834 282981.268   75   22 424310.380 282981.268  33.3%  23.7  840s
  5432  4882 284833.096  121   11 426447.164 284833.096  33.2%  63.0  790s
  6854  6312 264076.246  205   11 291895.164 264076.246  9.53%  95.7  885s
 10304  9666 264911.436   68   13 289812.981 264911.436  8.59%  31.9  760s
  6286  5727 262569.894  127   14 289668.460 262569.894  9.36%  70.0  860s
  2706  2017 265059.182   40   46 408184.210 265059.182  35.1%   794  880s
  9122  8489 264528.858  192   14 289668.459 264528.858  8.68%  33.9  775s
  6631  6095 265000.438  152   19 291332.895 265000.438  9.04%  25.5  845s
  5758  5218 265665.316  126   13 408572.530 265665.316  35.0%   104  875s
  5404  4690 284950.110   92   36 408591.123 284950.110  30.3%   149  820s
  8054  6963 284833.096  273    8 426436.774 284833.096  33.2%  34.0  730s
  6422  5820 284950.110   97    9 426159.286 284950.110  33.1%  39.1  745s
  9140  8605 265531.669   80    9 407356.053 265531.669  34.8%  30.1  835s
  5454  4693 264482.022  143   27 363318.877 264482.022  27.2%   214  870s
  9404  8870 265531.676  123   10 407369.573 265531.676  34.8%  26.1  811s
  6018  5371 265567.046  174   15 291895.241 265567.046  9.02%  81.0  850s
  8198  7624 264570.135  189   16 407686.746 264570.135  35.1%  34.8  865s
  6274  5123 284206.397  118   21 425859.845 284206.397  33.3%   100  740s
  6579  6038 263746.035   92   13 406607.504 263746.035  35.1%  34.2  855s
  8908  8372 284206.397   40    9 425816.207 284206.397  33.3%  44.0  815s
  6288  5714 284034.195  100   12 425551.700 284034.195  33.3%  62.0  750s
 11227 10690 264139.121  141   14 292007.216 264139.121  9.54%  31.1  880s
  8624  7990 284579.270  246   18 426260.361 284579.270  33.2%  41.8  826s
  7520  6980 265000.437   98   11 406483.478 265000.437  34.8%  22.6  770s
  9307  3361 263558.225   66   40 291332.875 263557.949  9.53%   148  885s
  6794  6259 263815.907  163   17 406839.430 263815.907  35.2%  39.6  860s
H 5420  4700                    408591.11230 284950.110  30.3%   150  822s
  9318  8520 265631.085  202   16 329474.205 265631.085  19.4%  27.9  870s
  7495  6962 284579.270  105   15 426361.788 284579.270  33.3%  27.9  785s
 11597 11061 282981.268   59   12 406077.675 282981.268  30.3%  21.9  805s
  7435  6903 282981.268   80   22 424310.380 282981.268  33.3%  23.6  845s
  9444  8910 265531.676  127   10 407369.573 265531.676  34.8%  26.0  815s
  8058  7505 265234.643  164   38 291333.695 265234.643  8.96%  77.6  835s
  6346  5787 262569.894  133   16 289668.460 262569.894  9.36%  69.5  865s
  5476  4926 284833.096  126   28 426447.164 284833.096  33.2%  62.7  795s
  6890  6348 264076.246  203   13 291895.164 264076.246  9.53%  95.3  890s
 10339  9690 264911.436   47   19 289812.981 264911.436  8.59%  31.8  765s
  8155  7616 263479.602  151   14 406021.914 263479.602  35.1%  37.8  876s
H 8555  7999                    291895.24584 265567.045  9.02%  34.3  793s
  2719  2030 265059.182   37   47 408184.210 265059.182  35.1%   798  885s
  9185  8552 264528.858  216   12 289668.459 264528.858  8.68%  33.8  780s
  6690  6154 265000.438  158   19 291332.895 265000.438  9.04%  25.4  850s
  5798  5258 265665.316  130   15 408572.530 265665.316  35.0%   103  880s
  5435  4710 289679.171   93  145 408591.112 284950.110  30.3%   151  825s
  9195  8660 265531.669   73    9 407356.053 265531.669  34.8%  30.1  840s
  8109  7016 284833.096  275   16 426436.774 284833.096  33.2%  34.2  735s
  6480  5878 284950.110   97   16 426159.286 284950.110  33.1%  38.9  750s
  8700  8066 284579.270  203    9 426260.361 284579.270  33.2%  41.9  830s
  6086  5439 265567.046  172   11 291895.241 265567.046  9.02%  80.8  855s
  8580  8026 265567.045   66   10 291895.246 265567.045  9.02%  34.3  795s
  8243  7669 264570.135  180   10 407686.746 264570.135  35.1%  34.7  870s
  6312  5159 284206.397  117   28 425859.845 284206.397  33.3%   100  745s
  6620  6079 263746.035   92   26 406607.504 263746.035  35.1%  34.2  860s
  8984  8448 284206.397   38    9 425816.207 284206.397  33.3%  43.8  820s
  9337  3391 263703.640   60   66 291332.875 263557.949  9.53%   149  890s
 11254 10716 264139.121  125   18 292007.216 264139.121  9.54%  31.1  885s
  8216  7677 263479.602  148   23 406021.914 263479.602  35.1%  37.7  880s
  7591  7051 265000.437   97   13 406483.478 265000.437  34.8%  22.5  775s
  6852  6317 263815.907  105   12 406839.430 263815.907  35.2%  39.6  865s
  6342  5768 284034.195  106   12 425551.700 284034.195  33.3%  61.8  755s
  9431  8633 265631.085  195   16 329474.205 265631.085  19.4%  28.0  875s
  7572  7039 284579.270  104   15 426361.788 284579.270  33.3%  27.9  790s
  8087  7534 265234.643  157   39 291333.695 265234.643  8.96%  77.7  840s
  9523  8989 265531.676  132   19 407369.573 265531.676  34.8%  25.9  820s
  7500  6968 282981.268  115   21 424310.380 282981.268  33.3%  23.4  850s
  6947  6405 264076.246  188   10 291895.164 264076.246  9.53%  94.8  895s
 10386  9719 264911.436   77   39 289812.981 264911.436  8.59%  31.8  770s
  2731  2041 265059.216   39  117 408184.210 265059.182  35.1%   802  890s
 11670 11134 282981.268   63   12 406077.675 282981.268  30.3%  21.9  811s
  6394  5835 262569.894  132   14 289668.460 262569.894  9.36%  69.1  870s
  9259  8626 264528.858  222   12 289668.459 264528.858  8.68%  33.8  785s
  5847  5307 265665.316  125   11 408572.530 265665.316  35.0%   103  885s
  6746  6210 265000.438  151   12 291332.895 265000.438  9.04%  25.3  855s
  5461  4728 290997.697   93  147 408591.112 284950.110  30.3%   153  830s
  9274  8739 265531.669   77    9 407356.053 265531.669  34.8%  30.1  845s
  8201  7104 284833.096  273    8 426436.774 284833.096  33.2%  34.2  740s
  8784  8150 284579.270  205   11 426260.361 284579.270  33.2%  41.7  835s
  6155  5506 265567.046  168    9 291895.241 265567.046  9.02%  81.1  860s
  8636  8082 265567.045   72   10 291895.246 265567.045  9.02%  34.2  800s
  8311  7737 264570.135  188   14 407686.746 264570.135  35.1%  34.6  875s
  6390  5237 284206.397  156   10 425859.845 284206.397  33.3%   100  750s
  5484  4934 284833.096  121   11 426447.164 284833.096  33.2%  62.6  802s
  6664  6123 263746.035   85   13 406607.504 263746.035  35.1%  34.1  865s
  6561  5959 284950.110   95    9 426159.286 284950.110  33.1%  38.6  756s
  9079  8543 284206.397   53   13 425816.207 284206.397  33.3%  43.7  825s
  9349  3403 263557.949   52   39 291332.875 263557.949  9.53%   149  895s
 11349 10806 264139.121  155   18 292007.216 264139.121  9.54%  31.0  890s
  6394  5820 284034.195  107   24 425551.700 284034.195  33.3%  61.5  760s
  7669  7129 265000.437   92   13 406483.478 265000.437  34.8%  22.4  780s
  8308  7769 263479.602  134   11 406021.914 263479.602  35.1%  37.5  885s
  6890  6355 263815.907  120   12 406839.430 263815.907  35.2%  39.4  870s
  9507  8709 265631.085  199   18 329474.205 265631.085  19.4%  28.1  880s
  7648  7115 284579.270   86   13 426361.788 284579.270  33.3%  27.8  795s
  8139  7586 265234.643  156    6 291333.695 265234.643  8.96%  78.3  845s
 11745 11209 282981.268   67   14 406077.675 282981.268  30.3%  21.9  815s
  7554  7022 282981.268  123   11 424310.380 282981.268  33.3%  23.4  855s
  5508  4958 284833.096  119   11 426447.164 284833.096  33.2%  62.5  805s
  6448  5889 262569.894  140   14 289668.460 262569.894  9.36%  68.6  875s
  7013  6471 264076.246  190   12 291895.164 264076.246  9.53%  94.2  900s
  9624  9090 265531.676  109   14 407369.573 265531.676  34.8%  25.8  825s
  5481  4718 264482.022  135   24 363318.877 264482.022  27.2%   215  884s
 10413  9737 264911.436   74   26 289812.981 264911.436  8.59%  32.3  775s
  2743  2053 265059.182   38   39 408184.210 265059.182  35.1%   805  895s
  6803  6267 265000.438  158   19 291332.895 265000.438  9.04%  25.3  860s
  5484  4742 290723.959   90  148 408591.112 284950.110  30.3%   155  835s
  9324  8691 264528.858  219   10 289668.459 264528.858  8.68%  33.9  790s
  5887  5347 265665.316  130   13 408572.530 265665.316  35.0%   102  890s
  8309  7212 284833.096  245   12 426436.774 284833.096  33.2%  34.4  745s
  6615  6013 284950.110   97   11 426159.286 284950.110  33.1%  38.5  760s
  6207  5558 265567.046  175   13 291895.241 265567.046  9.02%  80.7  865s
  5487  4724 264482.022  138   45 363318.877 264482.022  27.2%   215  885s
  9356  8821 265531.669   76    9 407356.053 265531.669  34.8%  30.0  850s
  8847  8213 284579.270  195   11 426260.361 284579.270  33.2%  41.6  840s
  8382  7808 264570.135  187   10 407686.746 264570.135  35.1%  34.5  880s
  8743  8189 265567.045   83   10 291895.246 265567.045  9.02%  34.1  805s
  6697  6156 263746.035   89   24 406607.504 263746.035  35.1%  34.0  870s
  6430  5275 284206.397  150   16 425859.845 284206.397  33.3%  99.2  755s
  9145  8609 284206.397   39   13 425816.207 284206.397  33.3%  43.5  830s
  6445  5871 284034.195  105   12 425551.700 284034.195  33.3%  61.1  765s
  9377  3430 263700.303   55   74 291332.875 263557.949  9.53%   150  900s
 11403 10858 264139.121  163   60 292007.216 264139.121  9.54%  31.3  895s
  7765  7225 265000.437   87   11 406483.478 265000.437  34.8%  22.3  785s
  8383  7844 263479.602  143   25 406021.914 263479.602  35.1%  37.3  890s
  9567  8769 265631.085  181   16 329474.205 265631.085  19.4%  28.2  885s
  7750  7217 284579.270   89   13 426361.788 284579.270  33.3%  27.7  800s
  7619  7087 282981.268  117   13 424310.380 282981.268  33.3%  23.4  860s
 11833 11297 282981.268   92   11 406077.675 282981.268  30.3%  21.9  820s
  9706  9172 265531.676  118   12 407369.573 265531.676  34.8%  25.7  830s
  5565  5015 284833.096  111   11 426447.164 284833.096  33.2%  62.1  810s
  6498  5939 262569.894  126   16 289668.460 262569.894  9.36%  68.2  880s
  7051  6509 264076.246  195   13 291895.164 264076.246  9.53%  93.9  905s
 10450  9762 264911.436  109   14 289812.981 264911.436  8.59%  32.3  780s
  2749  2058 265059.182   22   57 408184.210 265059.182  35.1%   807  900s
  6853  6317 265000.438  155   12 291332.895 265000.438  9.04%  25.2  865s
  5926  5386 265665.316  125   13 408572.530 265665.316  35.0%   101  895s
H 6625  6021                    426155.13945 284950.110  33.1%  38.5  764s
  5517  4763 293521.502   94  108 408591.112 284950.110  30.3%   158  840s
  6626  6024 284950.110   94    9 426155.139 284950.110  33.1%  38.5  765s
  5519  4756 264482.022  144   29 363318.877 264482.022  27.2%   216  890s
  6276  5627 265567.046  173    9 291895.241 265567.046  9.02%  80.5  870s
  8804  8250 265567.045   38   12 291895.246 265567.045  9.02%  34.1  810s
  8927  8293 284579.270  180    9 426260.361 284579.270  33.2%  41.4  845s
  8468  7894 264570.135  186   10 407686.746 264570.135  35.1%  34.4  885s
  9425  8890 265531.669   74    9 407356.053 265531.669  34.8%  30.0  856s
  6495  5921 284034.195  104   12 425551.700 284034.195  33.3%  61.0  770s
  6745  6204 263746.035   91   13 406607.504 263746.035  35.1%  33.8  875s
  9402  3455 263557.949   51   60 291332.875 263557.949  9.53%   152  905s
  6485  5328 284206.397  112   23 425859.845 284206.397  33.3%  98.8  760s
 11480 10935 264139.121  125   18 292007.216 264139.121  9.54%  31.3  900s
  8412  7309 284833.096  264    8 426436.774 284833.096  33.2%  34.3  751s
  7827  7287 265000.437   93   15 406483.478 265000.437  34.8%  22.3  790s
  8456  7917 263479.602  140    9 406021.914 263479.602  35.1%  37.2  895s
  9366  8733 264528.858  234   16 289668.459 264528.858  8.68%  33.8  798s
  9662  8864 265631.085  182   14 329474.205 265631.085  19.4%  28.2  890s
  9185  8649 284206.397   43    9 425816.207 284206.397  33.3%  43.5  836s
  7807  7274 284579.270  101   17 426361.788 284579.270  33.3%  27.6  805s
 11925 11389 282981.268   64   14 406077.675 282981.268  30.3%  21.8  825s
  7660  7128 282981.268   81   15 424310.380 282981.268  33.3%  23.5  865s
  6937  6402 263815.907  144   17 406839.430 263815.907  35.2%  39.3  881s
  6578  6019 262569.894  135   14 289668.460 262569.894  9.36%  67.6  885s
 10475  9776 264911.436   37   32 289812.981 264911.436  8.59%  32.3  785s
  5638  5088 284833.096  118   11 426447.164 284833.096  33.2%  61.5  815s
  2761  2070 265059.182   25   55 408184.210 265059.182  35.1%   808  905s
  8190  7637 265234.643  159   10 291333.695 265234.643  8.96%  78.7  856s
  9390  8757 264528.858  233   12 289668.459 264528.858  8.68%  33.8  800s
  9835  9301 265531.676  122   10 407369.573 265531.676  34.8%  25.6  835s
  5968  5428 265665.316  119   11 408572.530 265665.316  35.0%   101  900s
  6890  6354 265000.438  156   16 291332.895 265000.438  9.04%  25.2  870s
  9513  8978 265531.669   53    9 407356.053 265531.669  34.8%  29.9  860s
  5547  4782 289722.280   88  140 408591.112 284950.110  30.3%   160  845s
  8500  7391 284833.096  275    8 426436.774 284833.096  33.2%  34.3  755s
  6704  6102 284950.110   95    9 426155.139 284950.110  33.1%  38.2  770s
  5550  4786 264482.022   93   37 363318.877 264482.022  27.2%   217  895s
  6334  5685 265567.046  176    9 291895.241 265567.046  9.02%  80.1  875s
  7069  6527 264076.246  197   11 291895.164 264076.246  9.53%  93.8  911s
  8509  7935 264570.135  189   12 407686.746 264570.135  35.1%  34.4  890s
  6548  5391 284206.397  110   15 425859.845 284206.397  33.3%  98.5  765s
  6799  6258 263746.035   89   13 406607.504 263746.035  35.1%  33.7  880s
  8856  8302 265567.045   60   10 291895.246 265567.045  9.02%  34.0  815s
  9235  8699 284206.397   50    9 425816.207 284206.397  33.3%  43.4  840s
  6547  5973 284034.195  107   12 425551.700 284034.195  33.3%  60.6  775s
  9028  8394 284579.270  187    9 426260.361 284579.270  33.2%  41.2  850s
 11587 11042 264139.121  135   12 292007.216 264139.121  9.54%  31.2  905s
  7919  7379 265000.437   90   11 406483.478 265000.437  34.8%  22.2  795s
  8543  8004 263479.602  133   13 406021.914 263479.602  35.1%  37.0  900s
  6963  6428 263815.907  116   17 406839.430 263815.907  35.2%  39.3  885s
H 9054  8418                    426205.37951 284579.270  33.2%  41.1  852s
  8247  7694 265234.643  162   10 291333.695 265234.643  8.96%  79.3  860s
 12018 11482 282981.268   66   16 406077.675 282981.268  30.3%  21.8  830s
  7689  7157 282981.268   91   22 424310.380 282981.268  33.3%  23.5  870s
  9911  9377 265531.676  136   10 407369.573 265531.676  34.8%  25.5  840s
  7873  7340 284579.270  104   15 426361.788 284579.270  33.3%  27.6  810s
  7102  6560 264076.246  203   13 291895.164 264076.246  9.53%  93.4  915s
 10509  9797 264911.436   74   20 289812.981 264911.436  8.59%  32.4  790s
  6610  6051 262569.894  139   14 289668.460 262569.894  9.36%  67.3  890s
  5719  5169 284833.096  120   28 426447.164 284833.096  33.2%  61.0  820s
  6935  6399 265000.438  148   16 291332.895 265000.438  9.04%  25.2  875s
  9445  8812 264528.858  228   12 289668.459 264528.858  8.68%  33.8  805s
  6009  5469 265665.316  124   15 408572.530 265665.316  35.0%   100  905s
  9609  9074 265531.669   73   11 407356.053 265531.669  34.8%  29.8  865s
  5569  4795 290883.540   97  143 408591.112 284950.110  30.3%   162  850s
  6777  6175 284950.110  103   16 426155.139 284950.110  33.1%  38.0  775s
  2776  2085 265059.182   23   35 408184.210 265059.182  35.1%   809  911s
  5589  4824 264482.022  111   47 363318.877 264482.022  27.2%   218  900s
  8614  7501 284833.096  242    8 426436.774 284833.096  33.2%  34.4  760s
  6397  5748 265567.046  179   15 291895.241 265567.046  9.02%  79.9  880s
  8946  8392 265567.045   38   12 291895.246 265567.045  9.02%  33.8  820s
  6847  6306 263746.035   95   13 406607.504 263746.035  35.1%  33.6  885s
  9327  8791 284206.397   59    9 425816.207 284206.397  33.3%  43.2  845s
 11669 11124 264139.121  139   18 292007.216 264139.121  9.54%  31.1  910s
  6593  5436 284206.397  144   30 425859.845 284206.397  33.3%  98.5  770s
  6596  6022 284034.195  107   14 425551.700 284034.195  33.3%  60.3  780s
  9696  8898 265631.085  183   14 329474.205 265631.085  19.4%  28.2  899s
  8623  8084 263479.602  138    9 406021.914 263479.602  35.1%  36.8  905s
  7997  7457 265000.437   90   15 406483.478 265000.437  34.8%  22.1  800s
  7017  6482 263815.907  143   17 406839.430 263815.907  35.2%  39.1  890s
  7954  7421 284579.270   99   23 426361.788 284579.270  33.3%  27.5  815s
  9704  8906 265631.085  172   14 329474.205 265631.085  19.4%  28.2  900s
  8295  7741 265234.643  155   10 291333.695 265234.643  8.96%  79.8  865s
 12207 11671 282981.268   88   12 406077.675 282981.268  30.3%  21.7  835s
  7700  7168 282981.268   93   19 424310.380 282981.268  33.3%  23.5  875s
  9989  9455 265531.676  121   12 407369.573 265531.676  34.8%  25.4  845s
  5754  5204 284833.096  119   11 426447.164 284833.096  33.2%  60.7  825s
  6662  6103 262569.894  144   16 289668.460 262569.894  9.36%  66.9  895s
  7155  6613 264076.246  191   11 291895.164 264076.246  9.53%  93.0  920s
  9420  3473 263557.949   52   33 291332.875 263557.949  9.53%   153  917s
  2789  2096 265059.182   29   50 408184.210 265059.182  35.1%   811  915s
  9520  8887 264528.858  239   14 289668.459 264528.858  8.68%  33.7  810s
 10548  9823 264911.436   46   23 289812.981 264911.436  8.59%  32.4  795s
  6072  5532 265665.316  125   14 408572.530 265665.316  35.0%  99.2  910s
  6981  6445 265000.438  153   12 291332.895 265000.438  9.04%  25.1  880s
  5594  4811 284950.110   97   40 408591.112 284950.110  30.3%   164  855s
  8529  7955 264570.135  182   10 407686.746 264570.135  35.1%  34.4  898s
  9648  9113 265531.669   74   27 407356.053 265531.669  34.8%  29.8  870s
  6855  6253 284950.110   95   16 426155.139 284950.110  33.1%  37.8  780s
  9054  8420 284579.270  174    9 426205.380 284579.270  33.2%  41.1  859s
  9059  8425 284579.270  172    9 426205.380 284579.270  33.2%  41.1  860s
  5616  4851 264482.022  154   44 363318.877 264482.022  27.2%   220  905s
  6457  5808 265567.046  164    9 291895.241 265567.046  9.02%  79.8  885s
  9049  8495 265567.045   57   10 291895.246 265567.045  9.02%  33.6  825s
  8553  7979 264570.135  184   14 407686.746 264570.135  35.1%  34.4  900s
  6617  5458 284206.397  156   18 425859.845 284206.397  33.3%  98.2  775s
  6930  6389 263746.035   81   13 406607.504 263746.035  35.1%  33.5  890s
  9408  8872 284206.397   69    9 425816.207 284206.397  33.3%  43.1  850s
  6672  6098 284034.195  103   12 425551.700 284034.195  33.3%  60.3  785s
 11754 11209 264139.121  154   30 292007.216 264139.121  9.54%  31.1  915s
  9434  3487 263704.691   55   70 291332.875 263557.949  9.53%   153  920s
  8707  8168 263479.602  137    9 406021.914 263479.602  35.1%  36.7  910s
  8054  7514 265000.437   80   11 406483.478 265000.437  34.8%  22.1  805s
  7057  6522 263815.907  163   17 406839.430 263815.907  35.2%  39.0  895s
  8680  7565 284833.096  243   20 426436.774 284833.096  33.2%  34.3  767s
  9774  8974 265631.085  153   12 329474.205 265631.085  19.4%  28.1  905s
  8039  7506 284579.270   91   13 426361.788 284579.270  33.3%  27.4  820s
  8329  7775 265234.643  160    6 291333.695 265234.643  8.96%  79.9  870s
  7740  7208 282981.268  102   21 424310.380 282981.268  33.3%  23.4  880s
  5827  5277 284833.096  127   15 426447.164 284833.096  33.2%  60.3  830s
  7211  6669 264076.246  192   11 291895.164 264076.246  9.53%  92.6  925s
  6711  6152 262569.894  143   16 289668.460 262569.894  9.36%  66.6  900s
 10575  9839 264911.436   59   14 289812.981 264911.436  8.59%  32.6  800s
  2805  2111 265059.182   26  120 408184.210 265059.182  35.1%   811  920s
 10129  9595 265531.676  132   10 407369.573 265531.676  34.8%  25.2  850s
  9573  8940 264528.858  244   16 289668.459 264528.858  8.68%  33.8  815s
  6125  5585 265665.316  118   11 408572.530 265665.316  35.0%  98.5  915s
  7006  6470 265000.438  153   14 291332.895 265000.438  9.04%  25.1  885s
  5638  4837 284950.110   97   32 408591.112 284950.110  30.3%   168  860s
  5642  4877 264482.022  143   29 363318.877 264482.022  27.2%   221  910s
  8708  7593 284833.096  247   10 426436.774 284833.096  33.2%  34.2  770s
  9728  9193 265531.669   72    9 407356.053 265531.669  34.8%  29.8  875s
  6890  6288 284950.110   91    9 426155.139 284950.110  33.1%  37.8  785s
  6497  5848 265567.046  168    9 291895.241 265567.046  9.02%  79.5  890s
  9139  8585 265567.045   52   10 291895.246 265567.045  9.02%  33.4  830s
  6691  5530 284206.397  109   13 425859.845 284206.397  33.3%  97.6  780s
  6968  6427 263746.035   86   13 406607.504 263746.035  35.1%  33.4  895s
 12271 11735 282981.268   95   15 406077.675 282981.268  30.3%  21.7  842s
  9129  8495 284579.270  170    9 426205.380 284579.270  33.2%  41.0  865s
  9458  3511 263558.225   54   39 291332.875 263557.949  9.53%   155  925s
  6703  6129 284034.195  106   12 425551.700 284034.195  33.3%  60.3  790s
  9502  8966 284206.397   77    9 425816.207 284206.397  33.3%  43.0  855s
 11825 11280 264139.121  146   12 292007.216 264139.121  9.54%  31.1  920s
  8609  8035 264570.135  190   10 407686.746 264570.135  35.1%  34.3  905s
  8129  7589 265000.437   88   11 406483.478 265000.437  34.8%  22.0  810s
  8815  8276 263479.602  132    9 406021.914 263479.602  35.1%  36.4  915s
  7087  6552 263815.907  101   12 406839.430 263815.907  35.2%  39.0  900s
  9841  9041 265631.085  151   12 329474.205 265631.085  19.4%  28.2  910s
  8398  7844 265234.643  157    6 291333.695 265234.643  8.96%  79.8  875s
 12315 11779 282981.268   90   14 406077.675 282981.268  30.3%  21.7  845s
  7797  7265 282981.268  107   13 424310.380 282981.268  33.3%  23.3  885s
  7264  6722 264076.246  195   11 291895.164 264076.246  9.53%  92.2  930s
 10188  9654 265531.676  115   10 407369.573 265531.676  34.8%  25.2  855s
 10623  9871 264911.436   53   34 289812.981 264911.436  8.59%  32.9  805s
  2830  2132 265059.182   29   56 408184.210 265059.182  35.1%   814  925s
  5881  5331 284833.096  123   11 426447.164 284833.096  33.2%  59.9  835s
  9643  9010 264528.858  245   15 289668.459 264528.858  8.68%  33.8  820s
  7050  6514 265000.438  151   19 291332.895 265000.438  9.04%  25.0  890s
  6183  5643 265665.316  124   13 408572.530 265665.316  35.0%  97.7  920s
  5663  4855 284950.110  108   29 408591.112 284950.110  30.3%   170  865s
  6924  6322 284950.110   95    9 426155.139 284950.110  33.1%  37.6  790s
  5682  4916 264482.022  163   59 363318.877 264482.022  27.2%   222  915s
  8094  7561 284579.270   97   15 426361.788 284579.270  33.3%  27.4  827s
  8762  7647 284833.096  253    8 426436.774 284833.096  33.2%  34.2  775s
  9805  9270 265531.669   80   31 407356.053 265531.669  34.8%  29.7  880s
  9237  8683 265567.045   47   10 291895.246 265567.045  9.02%  33.3  835s
  6541  5892 265567.046  171    9 291895.241 265567.046  9.02%  79.1  895s
  8664  8090 264570.135  192   30 407686.746 264570.135  35.1%  34.3  910s
  6752  5585 284206.397  139   16 425859.845 284206.397  33.3%  97.5  785s
  7018  6477 263746.035   89   24 406607.504 263746.035  35.1%  33.3  900s
  9587  9051 284206.397   85    9 425816.207 284206.397  33.3%  42.9  860s
  6750  6176 284034.195  112   12 425551.700 284034.195  33.3%  60.1  795s
  9190  8556 284579.270  176    9 426205.380 284579.270  33.2%  40.9  870s
  9482  3535 263558.225   56   42 291332.875 263557.949  9.53%   156  930s
  6745  6186 262569.894  152   22 289668.460 262569.894  9.36%  66.5  908s
 11851 11306 264139.121  149   12 292007.216 264139.121  9.54%  31.1  925s
  8857  8318 263479.602  117   14 406021.914 263479.602  35.1%  36.3  920s
  7148  6613 263815.907  112   18 406839.430 263815.907  35.2%  38.8  905s
  8218  7678 265000.437   95   17 406483.478 265000.437  34.8%  21.9  815s
  9898  9096 265631.085  157   14 329474.205 265631.085  19.4%  28.2  915s
  8126  7593 284579.270  100   15 426361.788 284579.270  33.3%  27.4  830s
  8455  7901 265234.643  162    6 291333.695 265234.643  8.96%  79.6  880s
 10317  9783 265531.676  127   10 407369.573 265531.676  34.8%  25.0  860s
  5908  5358 284833.096  126   11 426447.164 284833.096  33.2%  59.8  840s
  7304  6762 264076.246  197   13 291895.164 264076.246  9.53%  91.9  935s
 12461 11925 282981.268   96   15 406077.675 282981.268  30.3%  21.6  850s
 10647  9887 264911.436   65   32 289812.981 264911.436  8.59%  32.9  810s
  7851  7319 282981.268  113   21 424310.380 282981.268  33.3%  23.3  890s
  2850  2149 265059.182   31   13 408184.210 265059.182  35.1%   815  930s
  9718  9081 264528.858  243    8 289668.459 264528.858  8.68%  33.7  825s
  7099  6563 265000.438  142   12 291332.895 265000.438  9.04%  25.0  895s
  5694  4875 287429.128   84  137 408591.112 284950.110  30.3%   172  870s
  9913  9378 265531.669   88   27 407356.053 265531.669  34.8%  29.6  885s
  6231  5691 265665.316  126   11 408572.530 265665.316  35.0%  97.0  925s
  8834  7713 284833.096  260   20 426436.774 284833.096  33.2%  34.1  780s
  6772  6213 262569.894  155   28 289668.460 262569.894  9.36%  66.4  911s
  7002  6400 284950.110   90   11 426155.139 284950.110  33.1%  37.4  795s
H 8717  8141                    407686.71575 264570.135  35.1%  34.2  914s
  5719  4953 264482.022   53   37 363318.877 264482.022  27.2%   225  920s
  6601  5952 265567.046  171   11 291895.241 265567.046  9.02%  78.7  900s
  9348  8794 265567.045   59   12 291895.246 265567.045  9.02%  33.1  840s
  7069  6528 263746.035   87   26 406607.504 263746.035  35.1%  33.1  905s
  9632  9096 284206.397   89   11 425816.207 284206.397  33.3%  42.9  865s
  8717  8143 264570.135  189   10 407686.716 264570.135  35.1%  34.2  915s
  6806  6232 284034.195  112   24 425551.700 284034.195  33.3%  59.7  800s
  6809  5638 284206.397  167   20 425859.845 284206.397  33.3%  97.0  790s
  9230  8596 284579.270  180    9 426205.380 284579.270  33.2%  40.8  876s
  9504  3554 263741.882   50  116 291332.875 263557.949  9.53%   158  935s
 11956 11409 264139.121  157   20 292007.216 264139.121  9.54%  31.1  930s
  8966  8427 263479.602  129    9 406021.914 263479.602  35.1%  36.1  925s
  7183  6648 263815.907  120   12 406839.430 263815.907  35.2%  38.7  910s
  9978  9172 265631.085  145   18 329474.205 265631.085  19.4%  28.1  920s
  8199  7666 284579.270  100   13 426361.788 284579.270  33.3%  27.3  835s
  8517  7963 265234.643  168    6 291333.695 265234.643  8.96%  79.9  885s
 12580 12044 282981.268   94   11 406077.675 282981.268  30.3%  21.5  855s
  7899  7367 282981.268  106   21 424310.380 282981.268  33.3%  23.2  895s
 10409  9875 265531.676  138   10 407369.573 265531.676  34.8%  25.0  865s
  5975  5425 284833.096  126   17 426447.164 284833.096  33.2%  59.4  845s
  7344  6802 264076.246  199   11 291895.164 264076.246  9.53%  91.6  940s
  2865  2164 281920.292   33   92 408184.210 265059.182  35.1%   816  935s
 10683  9911 264911.436   83   14 289812.981 264911.436  8.59%  32.8  815s
  6826  6267 262569.894  144   16 289668.460 262569.894  9.36%  66.4  915s
  9779  9140 264528.858  250   10 289668.459 264528.858  8.68%  33.7  830s
  7159  6623 265000.438  149   19 291332.895 265000.438  9.04%  24.9  900s
  6300  5760 265665.316  124   15 408572.530 265665.316  35.0%  96.1  930s
  5739  4908 284950.110  104   13 408591.112 284950.110  30.3%   174  875s
  7055  6453 284950.110   98    9 426155.139 284950.110  33.1%  37.3  800s
  8925  7794 284833.096  271   46 426436.774 284833.096  33.2%  34.1  785s
  5749  4983 264482.022  102   31 363318.877 264482.022  27.2%   226  925s
  6646  5997 265567.046  176    9 291895.241 265567.046  9.02%  78.5  905s
  9445  8891 265567.045   55   10 291895.246 265567.045  9.02%  33.0  845s
  8772  8198 264570.135  185   22 407686.716 264570.135  35.1%  34.2  920s
  6896  5717 284206.397  210   16 425859.845 284206.397  33.3%  96.7  795s
  9695  9159 284206.397   88    9 425816.207 284206.397  33.3%  42.8  870s
  9526  3576 263557.949   49   36 291332.875 263557.949  9.53%   159  940s
  6867  6293 284034.195  110   12 425551.700 284034.195  33.3%  59.3  805s
 12032 11483 264139.121  164   16 292007.216 264139.121  9.54%  31.3  935s
  9319  8685 284579.270  185    9 426205.380 284579.270  33.2%  40.6  881s
  9037  8498 263479.602  128    9 406021.914 263479.602  35.1%  35.9  930s
  7212  6677 263815.907  128   17 406839.430 263815.907  35.2%  38.6  915s
 10038  9232 265631.085  144   12 329474.205 265631.085  19.4%  28.1  925s
  8277  7744 284579.270  103   23 426361.788 284579.270  33.3%  27.3  840s
 12718 12182 282981.268   89   14 406077.675 282981.268  30.3%  21.5  860s
  6043  5493 284833.096  111   11 426447.164 284833.096  33.2%  59.0  850s
  6881  6322 262569.894  141   14 289668.460 262569.894  9.36%  66.1  920s
  7408  6866 264076.246  205   13 291895.164 264076.246  9.53%  91.1  945s
 10714  9930 264911.436   99   18 289812.981 264911.436  8.59%  32.9  820s
  8278  7738 265000.437   77   11 406483.478 265000.437  34.8%  21.9  827s
 10533  9999 265531.676  123   19 407369.573 265531.676  34.8%  24.8  870s
  8571  8016 265234.643  171   44 291333.695 265234.643  8.96%  80.4  891s
  9835  9194 264528.858  263   12 289668.459 264528.858  8.68%  33.6  835s
  6336  5796 265665.316  123   11 408572.530 265665.316  35.0%  95.6  935s
  7101  6560 263746.035   89   13 406607.504 263746.035  35.1%  33.1  913s
  5772  4941 284950.110  108   23 408591.112 284950.110  30.3%   173  880s
  7959  7427 282981.268   95   21 424310.380 282981.268  33.3%  23.2  901s
  7108  6506 284950.110   94    9 426155.139 284950.110  33.1%  37.2  805s
  5786  5017 264482.022  144   48 363318.877 264482.022  27.2%   227  930s
  2884  2183 265059.182   36   57 408184.210 265059.182  35.1%   815  941s
  9976  9441 265531.669   83   27 407356.053 265531.669  34.8%  29.5  895s
  9389  8755 284579.270  195   11 426205.380 284579.270  33.2%  40.5  885s
  9556  9002 265567.045   64   12 291895.246 265567.045  9.02%  32.9  850s
  6693  6044 265567.046  163   11 291895.241 265567.046  9.02%  78.5  910s
  7123  6582 263746.035   92   17 406607.504 263746.035  35.1%  33.1  915s
  6896  6322 284034.195  110   12 425551.700 284034.195  33.3%  59.2  810s
  9558  3608 263704.513   53  104 291332.875 263557.949  9.53%   159  945s
  9018  7879 284833.096  249    8 426436.774 284833.096  33.2%  34.0  791s
 12145 11593 264139.121  161   12 292007.216 264139.121  9.54%  31.3  940s
  8856  8282 264570.135  153   12 407686.716 264570.135  35.1%  34.1  925s
  9105  8566 263479.602  134   14 406021.914 263479.602  35.1%  35.8  935s
  7265  6730 263815.907  141   12 406839.430 263815.907  35.2%  38.4  920s
  7206  6670 265000.438  152   14 291332.895 265000.438  9.04%  24.8  908s
 10109  9299 265631.085  147   12 329474.205 265631.085  19.4%  28.0  930s
  8341  7808 284579.270   96   13 426361.788 284579.270  33.3%  27.2  845s
  8310  7770 265000.437   81   11 406483.478 265000.437  34.8%  21.8  830s
 12847 12311 282981.268   95   15 406077.675 282981.268  30.3%  21.4  865s
  8625  8070 265234.643  166   10 291333.695 265234.643  8.96%  80.3  895s
  8013  7481 282981.268   99   21 424310.380 282981.268  33.3%  23.2  905s
 10633 10099 265531.676  129   12 407369.573 265531.676  34.8%  24.7  875s
  6952  6393 262569.894  151   16 289668.460 262569.894  9.36%  65.8  925s
  7450  6908 264076.246  210   11 291895.164 264076.246  9.53%  90.8  950s
  6097  5547 284833.096  118   13 426447.164 284833.096  33.2%  58.6  855s
 10753  9956 264911.436   99   18 289812.981 264911.436  8.59%  32.8  825s
  2904  2203 265059.182   38   51 408184.210 265059.182  35.1%   814  945s
  9879  9238 264528.858  267   10 289668.459 264528.858  8.68%  33.5  840s
  7218  6682 265000.438  154   14 291332.895 265000.438  9.04%  24.8  910s
  9786  9250 284206.397   88    9 425816.207 284206.397  33.3%  42.7  878s
  5807  4976 284950.110  110   13 408591.112 284950.110  30.3%   172  885s
 10057  9522 265531.669   80    9 407356.053 265531.669  34.8%  29.4  900s
  9112  7961 284833.096  257    8 426436.774 284833.096  33.2%  34.0  795s
  7171  6569 284950.110   94    9 426155.139 284950.110  33.1%  37.0  810s
  5817  5043 264535.556  192   92 363318.877 264482.022  27.2%   228  935s
  9480  8846 284579.270  203   11 426205.380 284579.270  33.2%  40.4  890s
  6751  6102 265567.046  146    9 291895.241 265567.046  9.02%  78.4  915s
  8906  8332 264570.135  145   10 407686.716 264570.135  35.1%  34.0  930s
  7159  6618 263746.035   88   24 406607.504 263746.035  35.1%  33.0  920s
  6961  6387 284034.195  111   16 425551.700 284034.195  33.3%  58.8  815s
  9582  3632 263557.949   56   76 291332.875 263557.949  9.53%   160  950s
  9826  9290 284206.397   91    9 425816.207 284206.397  33.3%  42.7  880s
 12222 11670 264139.121  153   12 292007.216 264139.121  9.54%  31.3  945s
  9200  8661 263479.602  131    9 406021.914 263479.602  35.1%  35.6  940s
  8362  7822 265000.437   86   11 406483.478 265000.437  34.8%  21.8  835s
  6367  5827 265665.316  127   15 408572.530 265665.316  35.0%  95.2  942s
 10170  9358 265631.085  141   23 329474.205 265631.085  19.4%  28.0  935s
  8692  8137 265234.643  168    4 291333.695 265234.643  8.96%  80.6  900s
  7314  6779 263815.907  158   23 406839.430 263815.907  35.2%  38.4  925s
 13017 12481 282981.268   86   12 406077.675 282981.268  30.3%  21.4  870s
  8413  7880 284579.270   90   13 426361.788 284579.270  33.3%  27.2  850s
  8102  7570 282981.268  117   15 424310.380 282981.268  33.3%  23.1  910s
 10743 10209 265531.676  124   10 407369.573 265531.676  34.8%  24.6  880s
  7008  6449 262569.894  139   14 289668.460 262569.894  9.36%  65.9  930s
  2927  2226 265059.182   40   60 408184.210 265059.182  35.1%   813  950s
 10802  9984 264911.436  132   29 289812.981 264911.436  8.59%  32.8  830s
  7503  6961 264076.246  207   13 291895.164 264076.246  9.53%  90.4  955s
  6946  5755 284206.397  112   15 425859.845 284206.397  33.3%  96.3  808s
  9930  9287 264528.858  268   10 289668.459 264528.858  8.68%  33.4  845s
  7265  6729 265000.438  153   12 291332.895 265000.438  9.04%  24.7  915s
  6391  5851 265665.316  124   11 408572.530 265665.316  35.0%  94.9  945s
 10131  9596 265531.669   89   11 407356.053 265531.669  34.8%  29.4  905s
  5852  5021 284950.110  116   15 408591.112 284950.110  30.3%   171  890s
  9190  8031 284833.096  250    8 426436.774 284833.096  33.2%  33.9  800s
  5841  5067 264482.022  188   50 363318.877 264482.022  27.2%   229  940s
  9580  8946 284579.270  212   11 426205.380 284579.270  33.2%  40.2  895s
  6796  6147 265567.046  151   13 291895.241 265567.046  9.02%  78.0  920s
  8960  8386 264570.135  119   10 407686.716 264570.135  35.1%  33.9  935s
  6973  5782 284206.397  131   18 425859.845 284206.397  33.3%  96.2  810s
  7201  6660 263746.035   88   13 406607.504 263746.035  35.1%  32.9  925s
  9855  9319 284206.397   93   17 425816.207 284206.397  33.3%  42.6  885s
  9605  3651 263559.376   57   64 291332.875 263557.949  9.53%   161  955s
  7014  6440 284034.195  114   14 425551.700 284034.195  33.3%  58.4  820s
  7183  6581 284950.110   96    9 426155.139 284950.110  33.1%  37.0  816s
 12307 11753 264139.121  161   14 292007.216 264139.121  9.54%  31.2  950s
  7360  6825 263815.907  112   24 406839.430 263815.907  35.2%  38.3  930s
  8420  7880 265000.437   88   11 406483.478 265000.437  34.8%  21.7  840s
 10240  9424 265631.085  140   12 329474.205 265631.085  19.4%  28.0  940s
  8495  7962 284579.270   93   13 426361.788 284579.270  33.3%  27.1  855s
  9626  9072 265567.045   66   12 291895.246 265567.045  9.02%  32.9  862s
  8755  8200 265234.643  162   10 291333.695 265234.643  8.96%  81.0  905s
 13186 12650 282981.268   86   12 406077.675 282981.268  30.3%  21.3  875s
  6152  5602 284833.096  118   11 426447.164 284833.096  33.2%  58.3  864s
  8165  7633 282981.268  110   22 424310.380 282981.268  33.3%  23.1  915s
 10860 10326 265531.676  127   12 407369.573 265531.676  34.8%  24.5  885s
  6156  5606 284833.096  114   11 426447.164 284833.096  33.2%  58.3  865s
  7552  7010 264076.246  204   13 291895.164 264076.246  9.53%  90.1  960s
  7056  6497 262569.894  140   14 289668.460 262569.894  9.36%  65.6  935s
 10822  9996 264911.436  142   29 289812.981 264911.436  8.59%  32.7  835s
  2945  2244 265059.182   44   76 408184.210 265059.182  35.1%   814  955s
  9988  9345 264528.858  280   10 289668.459 264528.858  8.68%  33.4  850s
  7332  6796 265000.438  154   14 291332.895 265000.438  9.04%  24.7  920s
  6424  5884 265665.316  117   13 408572.530 265665.316  35.0%  94.5  950s
  9291  8124 284833.096  259    8 426436.774 284833.096  33.2%  33.7  805s
  7225  6623 284950.110  103   20 426155.139 284950.110  33.1%  37.0  820s
  5878  5102 264482.022  185   45 363318.877 264482.022  27.2%   230  945s
  9673  9039 284579.270  209    9 426205.380 284579.270  33.2%  40.1  900s
  5897  5066 284950.110  118   15 408591.112 284950.110  30.3%   170  895s
  9675  9121 265567.045   60   10 291895.246 265567.045  9.02%  32.9  865s
  6842  6193 265567.046  164    9 291895.241 265567.046  9.02%  77.8  925s
  9032  8458 264570.135  147   14 407686.716 264570.135  35.1%  33.8  940s
  7058  5865 284206.397  103   15 425859.845 284206.397  33.3%  96.0  815s
  7248  6707 263746.035   87   13 406607.504 263746.035  35.1%  32.8  930s
 10193  9658 265531.669   82    9 407356.053 265531.669  34.8%  29.3  911s
  9940  9404 284206.397  102   17 425816.207 284206.397  33.3%  42.5  890s
  9627  3669 263637.177   55   72 291332.875 263557.949  9.53%   163  960s
 12378 11824 264139.121  146   56 292007.216 264139.121  9.54%  31.2  955s
  8515  7975 265000.437   84   11 406483.478 265000.437  34.8%  21.6  845s
  7411  6876 263815.907  120   12 406839.430 263815.907  35.2%  38.2  935s
 10293  9471 265631.085  144   16 329474.205 265631.085  19.4%  27.9  945s
  8549  8016 284579.270   86   15 426361.788 284579.270  33.3%  27.1  860s
  9262  8723 263479.602  131   14 406021.914 263479.602  35.1%  35.5  950s
 13291 12755 282981.268   53   14 406077.675 282981.268  30.3%  21.2  880s
  8205  7673 282981.268  119   24 424310.380 282981.268  33.3%  23.1  920s
 10993 10459 265531.676  143   10 407369.573 265531.676  34.8%  24.4  890s
  6223  5673 284833.096  121   11 426447.164 284833.096  33.2%  57.9  870s
  7092  6533 262569.894  136   14 289668.460 262569.894  9.36%  65.5  940s
 10852 10014 264911.436  157   23 289812.981 264911.436  8.59%  32.7  840s
  2959  2258 265059.182   39   49 408184.210 265059.182  35.1%   813  960s
  7604  7062 264076.246  191   23 291895.164 264076.246  9.53%  89.7  965s
  7386  6850 265000.438  154   14 291332.895 265000.438  9.04%  24.6  925s
  6486  5946 265665.316  122   13 408572.530 265665.316  35.0%  93.8  955s
  5943  5112 284950.110  120   17 408591.112 284950.110  30.3%   168  900s
 10247  9712 265531.669   76    9 407356.053 265531.669  34.8%  29.3  915s
 10042  9399 264528.858  283   15 289668.459 264528.858  8.68%  33.5  855s
  7305  6703 284950.110   92   13 426155.139 284950.110  33.1%  36.7  825s
  9757  9123 284579.270  205    9 426205.380 284579.270  33.2%  39.9  905s
  6884  6229 265567.046  168   15 291895.241 265567.046  9.02%  77.6  930s
  9739  9185 265567.045   66   10 291895.246 265567.045  9.02%  32.8  870s
  9125  8551 264570.135  134   16 407686.716 264570.135  35.1%  33.6  945s
  7147  5952 284206.397  154   10 425859.845 284206.397  33.3%  95.5  820s
  7289  6748 263746.035   86   24 406607.504 263746.035  35.1%  32.8  935s
  7050  6476 284034.195  119   12 425551.700 284034.195  33.3%  58.2  829s
 10029  9493 284206.397  110    9 425816.207 284206.397  33.3%  42.3  895s
  7055  6481 284034.195  107   12 425551.700 284034.195  33.3%  58.2  830s
  8812  8257 265234.643  150   61 291333.695 265234.643  8.96%  81.1  913s
  9656  3698 263559.371   59   44 291332.875 263557.949  9.53%   164  965s
 12453 11899 264139.121  157   12 292007.216 264139.121  9.54%  31.5  960s
  8579  8039 265000.437   86   11 406483.478 265000.437  34.8%  21.6  850s
  9298  8759 263479.602  131   14 406021.914 263479.602  35.1%  35.4  955s
  7453  6918 263815.907  101   12 406839.430 263815.907  35.2%  38.1  940s
 10352  9530 265631.085  136   12 329474.205 265631.085  19.4%  27.9  950s
  8616  8083 284579.270   77   19 426361.788 284579.270  33.3%  27.1  865s
  8826  8271 265234.643  154    6 291333.695 265234.643  8.96%  81.2  915s
  9322  8153 284833.096  248   10 426436.774 284833.096  33.2%  33.7  813s
  8283  7751 282981.268  105   22 424310.380 282981.268  33.3%  23.2  925s
  6286  5736 284833.096  120   28 426447.164 284833.096  33.2%  57.5  875s
  7137  6578 262569.894  139   14 289668.460 262569.894  9.36%  65.3  945s
  7659  7117 264076.246  198   13 291895.164 264076.246  9.53%  89.3  970s
  2970  2269 265059.182   39   72 408184.210 265059.182  35.1%   813  965s
 10879 10030 264911.436  170   19 289812.981 264911.436  8.59%  32.7  845s
 11139 10605 265531.676  130   10 407369.573 265531.676  34.8%  24.2  895s
 10123  9480 264528.858  298   12 289668.459 264528.858  8.68%  33.5  860s
  7425  6889 265000.438  148   14 291332.895 265000.438  9.04%  24.5  930s
  6544  6004 265665.316  120   11 408572.530 265665.316  35.0%  93.0  960s
 10338  9803 265531.669   86   27 407356.053 265531.669  34.8%  29.2  920s
  5885  5109 264482.022  186   45 363318.877 264482.022  27.2%   230  955s
  9324  8155 284833.096  261   10 426436.774 284833.096  33.2%  33.7  815s
  7382  6780 284950.110  100   16 426155.139 284950.110  33.1%  36.5  830s
 13355 12819 282981.268   80   14 406077.675 282981.268  30.3%  21.2  886s
  5987  5156 284950.110  117   13 408591.112 284950.110  30.3%   167  905s
  9823  9269 265567.045   75   12 291895.246 265567.045  9.02%  32.8  875s
  6965  6310 265567.046  155   13 291895.241 265567.046  9.02%  77.3  935s
  9836  9202 284579.270  214    9 426205.380 284579.270  33.2%  39.8  910s
  9187  8613 264570.135  142   22 407686.716 264570.135  35.1%  33.5  950s
  7189  5992 284206.397  111   15 425859.845 284206.397  33.3%  96.6  825s
  7330  6789 263746.035   91   13 406607.504 263746.035  35.1%  32.7  940s
H11194 10658                    407356.05322 265531.676  34.8%  24.2  897s
 10091  9555 284206.397  118   13 425816.207 284206.397  33.3%  42.2  900s
  7109  6535 284034.195  113   14 425551.700 284034.195  33.3%  57.8  835s
 12519 11965 264139.121  140   16 292007.216 264139.121  9.54%  31.5  965s
  9683  3721 263557.949   51   64 291332.875 263557.949  9.53%   166  970s
  7501  6966 263815.907  117   12 406839.430 263815.907  35.2%  37.9  945s
  8670  8130 265000.437   91   15 406483.478 265000.437  34.8%  21.5  855s
 10436  9612 265631.085  135   24 329474.205 265631.085  19.4%  27.9  955s
  8686  8153 284579.270   74   13 426361.788 284579.270  33.3%  27.0  870s
  9334  8795 263479.602  132   14 406021.914 263479.602  35.1%  35.3  960s
  8862  8307 265234.643  146    6 291333.695 265234.643  8.96%  81.1  920s
 13387 12851 282981.268   84   14 406077.675 282981.268  30.3%  21.2  890s
  7179  6620 262569.894  143   16 289668.460 262569.894  9.36%  65.1  950s
  7718  7176 264076.246  189   31 291895.164 264076.246  9.53%  89.1  975s
  6340  5790 284833.096   99   11 426447.164 284833.096  33.2%  57.2  880s
 10924 10058 264911.436  193   25 289812.981 264911.436  8.59%  32.6  850s
  2992  2291 269290.468   43  166 408184.210 265059.182  35.1%   813  970s
  6593  6053 265665.316  122   13 408572.530 265665.316  35.0%  92.4  965s
  7476  6940 265000.438  150   14 291332.895 265000.438  9.04%  24.5  935s
  6034  5203 284950.110  135   13 408591.112 284950.110  30.3%   166  910s
  8337  7805 282981.268  115   21 424310.380 282981.268  33.3%  23.2  931s
 10202  9559 264528.858  306   14 289668.459 264528.858  8.68%  33.4  865s
 10428  9893 265531.669   85   27 407356.053 265531.669  34.8%  29.1  925s
  7430  6828 284950.110  103    9 426155.139 284950.110  33.1%  36.4  835s
  5906  5128 264482.022  182   42 363318.877 264482.022  27.2%   231  960s
  9422  8241 284833.096  233    8 426436.774 284833.096  33.2%  33.5  820s
  9919  9285 284579.270  208    9 426205.380 284579.270  33.2%  39.7  915s
  7006  6351 265567.046  159   11 291895.241 265567.046  9.02%  77.1  940s
  9890  9336 265567.045   82   10 291895.246 265567.045  9.02%  32.8  880s
  9250  8676 264570.135  148   12 407686.716 264570.135  35.1%  33.4  955s
  7268  6063 284206.397  144   15 425859.845 284206.397  33.3%  96.1  830s
 11194 10660 265531.676  116   10 407356.053 265531.676  34.8%  24.2  902s
  9708  3746 263628.785   55   88 291332.875 263557.949  9.53%   166  975s
 10150  9614 284206.397   96    9 425816.207 284206.397  33.3%  42.2  905s
  7393  6852 263746.035   87   15 406607.504 263746.035  35.1%  32.6  945s
 12577 12023 264139.121  140   16 292007.216 264139.121  9.54%  31.5  970s
  7202  6622 284034.195  122   24 425551.700 284034.195  33.3%  57.3  840s
  7535  7000 263815.907  134   12 406839.430 263815.907  35.2%  37.8  950s
  8723  8183 265000.437   99   13 406483.478 265000.437  34.8%  21.5  860s
 10505  9681 265631.085  133   16 329474.205 265631.085  19.4%  27.9  960s
  8750  8217 284579.270   71   19 426361.788 284579.270  33.3%  26.9  875s
  8928  8373 265234.643  149    8 291333.695 265234.643  8.96%  80.8  925s
 13484 12948 282981.268   94   17 406077.675 282981.268  30.3%  21.2  895s
  9388  8849 263479.602  137   11 406021.914 263479.602  35.1%  35.2  966s
 11230 10696 265531.676  121   12 407356.053 265531.676  34.8%  24.1  905s
  6390  5840 284833.096  105   11 426447.164 284833.096  33.2%  56.9  885s
  8391  7859 282981.268  115   22 424310.380 282981.268  33.3%  23.1  935s
  3015  2314 265059.183   46   49 408184.210 265059.182  35.1%   812  975s
 10931 10062 264911.436  196   21 289812.981 264911.436  8.59%  32.6  855s
  7767  7225 264076.246  191   13 291895.164 264076.246  9.53%  88.8  980s
 10258  9615 264528.858  310   13 289668.459 264528.858  8.68%  33.4  870s
  7527  6991 265000.438  155   12 291332.895 265000.438  9.04%  24.4  940s
  6630  6090 265665.316  124   11 408572.530 265665.316  35.0%  92.0  970s
  6072  5241 284950.110  139   15 408591.112 284950.110  30.3%   165  915s
 10522  9987 265531.669   81   13 407356.053 265531.669  34.8%  29.0  930s
  7506  6904 284950.110   93   16 426155.139 284950.110  33.1%  36.3  840s
  5949  5169 264482.022   65   44 363318.877 264482.022  27.2%   230  965s
 10004  9370 284579.270  216   11 426205.380 284579.270  33.2%  39.6  920s
  9989  9435 265567.045   71   14 291895.246 265567.045  9.02%  32.7  885s
  7071  6412 265567.046  165   21 291895.241 265567.046  9.02%  76.7  945s
  9299  8725 264570.135  153   10 407686.716 264570.135  35.1%  33.4  960s
  9515  8330 284833.096  174    8 426436.774 284833.096  33.2%  33.5  826s
  7207  6648 262569.894  147   34 289668.460 262569.894  9.36%  65.0  957s
  7434  6893 263746.035   83   13 406607.504 263746.035  35.1%  32.5  950s
  7324  6101 284206.397  168   15 425859.845 284206.397  33.3%  95.5  835s
  7269  6689 284034.195  105   12 425551.700 284034.195  33.3%  57.0  845s
 10231  9695 284206.397   97    9 425816.207 284206.397  33.3%  42.1  910s
  9735  3772 263774.138   58   69 291332.875 263557.949  9.53%   168  980s
 12645 12091 264139.121  149   14 292007.216 264139.121  9.54%  31.4  975s
  8827  8287 265000.437   86   11 406483.478 265000.437  34.8%  21.4  865s
  9454  8915 263479.602  104   14 406021.914 263479.602  35.1%  35.1  970s
  7596  7061 263815.907   98   12 406839.430 263815.907  35.2%  37.7  955s
  8837  8304 284579.270   52   13 426361.788 284579.270  33.3%  26.8  880s
 10558  9734 265631.085  131   14 329474.205 265631.085  19.4%  27.8  965s
  8979  8424 265234.643  143    6 291333.695 265234.643  8.96%  80.5  930s
 13562 13026 282981.268   91   14 406077.675 282981.268  30.3%  21.2  900s
 11303 10769 265531.676  112   10 407356.053 265531.676  34.8%  24.1  910s
  7247  6688 262569.894  144   38 289668.460 262569.894  9.36%  65.0  960s
  6448  5898 284833.096  109   11 426447.164 284833.096  33.2%  56.5  890s
 10997 10076 264911.436  222   21 289812.981 264911.436  8.59%  32.5  860s
  3026  2325 265162.007   48  110 408184.210 265059.182  35.1%   811  980s
  7806  7264 264076.246  191   11 291895.164 264076.246  9.53%  88.5  985s
  8445  7913 282981.268  119   11 424310.380 282981.268  33.3%  23.1  941s
  7584  7048 265000.438  155   16 291332.895 265000.438  9.04%  24.3  945s
  6670  6130 265665.316  114   11 408572.530 265665.316  35.0%  91.5  975s
  6106  5275 284950.110  119   13 408591.112 284950.110  30.3%   164  920s
 10600 10065 265531.669   79    9 407356.053 265531.669  34.8%  29.0  935s
  7576  6974 284950.110   95    9 426155.139 284950.110  33.1%  36.1  845s
  9568  8383 284833.096  200   10 426436.774 284833.096  33.2%  33.4  830s
 10334  9691 264528.858  317   10 289668.459 264528.858  8.68%  33.3  875s
  5984  5203 264482.022  173   31 363318.877 264482.022  27.2%   231  970s
 10087  9447 284579.270  214   11 426205.380 284579.270  33.2%  39.7  925s
 10074  9520 265567.045   83   10 291895.246 265567.045  9.02%  32.7  890s
  9365  8791 264570.135  163   10 407686.716 264570.135  35.1%  33.3  965s
  7374  6145 284206.397   99   16 425859.845 284206.397  33.3%  95.7  840s
  7125  6464 265567.046  170    9 291895.241 265567.046  9.02%  76.4  950s
  7487  6946 263746.035   87   13 406607.504 263746.035  35.1%  32.4  955s
 10312  9776 284206.397   99    9 425816.207 284206.397  33.3%  42.0  915s
  9755  3792 263557.949   57   56 291332.875 263557.949  9.53%   168  985s
  7341  6761 284034.195  109   24 425551.700 284034.195  33.3%  56.6  850s
 12702 12148 264139.121  154   16 292007.216 264139.121  9.54%  31.5  980s
  8906  8366 265000.437   85   11 406483.478 265000.437  34.8%  21.3  870s
  9531  8992 263479.602  138   23 406021.914 263479.602  35.1%  35.0  975s
  7638  7103 263815.907  107   12 406839.430 263815.907  35.2%  37.7  960s
 10631  9803 265631.085  128   12 329474.205 265631.085  19.4%  27.7  970s
 13640 13104 282981.268   96   11 406077.675 282981.268  30.3%  21.2  905s
  9036  8481 265234.643  151   10 291333.695 265234.643  8.96%  80.3  935s
 11364 10830 265531.676  119   21 407356.053 265531.676  34.8%  24.0  915s
  6533  5983 284833.096  118   11 426447.164 284833.096  33.2%  56.0  895s
  8918  8385 284579.270   56   13 426361.788 284579.270  33.3%  26.7  885s
  7850  7308 264076.246  201   10 291895.164 264076.246  9.53%  88.2  990s
  7303  6744 262569.894  140   16 289668.460 262569.894  9.36%  64.8  965s
  8456  7924 282981.268  119   11 424310.380 282981.268  33.3%  23.1  945s
 11009 10080 264911.436  228   17 289812.981 264911.436  8.59%  32.4  865s
 10352  9709 264528.858  317   10 289668.459 264528.858  8.68%  33.3  880s
  6709  6169 265665.316  122   11 408572.530 265665.316  35.0%  91.0  980s
  7639  7103 265000.438  148   14 291332.895 265000.438  9.04%  24.2  950s
 10663 10128 265531.669   85   27 407356.053 265531.669  34.8%  28.9  940s
  9626  8441 284833.096  205    8 426436.774 284833.096  33.2%  33.3  835s
  7637  7035 284950.110   88    9 426155.139 284950.110  33.1%  36.0  850s
  6012  5231 264482.022  171   35 363318.877 264482.022  27.2%   232  975s
  6149  5318 284950.110  140   13 408591.112 284950.110  30.3%   163  925s
 10195  9549 284579.270  197    9 426205.380 284579.270  33.2%  39.7  930s
  7170  6509 265567.046  176    9 291895.241 265567.046  9.02%  76.1  955s
 10201  9647 265567.045   73   10 291895.246 265567.045  9.02%  32.6  895s
  3046  2345 265059.182   44   53 408184.210 265059.182  35.1%   811  986s
  9404  8830 264570.135  166   10 407686.716 264570.135  35.1%  33.3  970s
  7531  6990 263746.035   92   26 406607.504 263746.035  35.1%  32.3  960s
  7432  6203 284206.397  128   20 425859.845 284206.397  33.3%  96.0  845s
  7407  6827 284034.195  119   12 425551.700 284034.195  33.3%  56.2  855s
 12780 12226 264139.121  154   12 292007.216 264139.121  9.54%  31.6  985s
  9771  3808 263557.949   62   59 291332.875 263557.949  9.53%   170  990s
  9626  9087 263479.602  126    9 406021.914 263479.602  35.1%  34.9  980s
  8979  8439 265000.437   84   13 406483.478 265000.437  34.8%  21.2  875s
  7681  7146 263815.907  109   17 406839.430 263815.907  35.2%  37.5  965s
  8998  8465 284579.270   43   13 426361.788 284579.270  33.3%  26.6  890s
 10704  9876 265631.085  127   16 329474.205 265631.085  19.4%  27.6  975s
  9092  8537 265234.643  156   10 291333.695 265234.643  8.96%  80.2  940s
 13759 13223 282981.268   96   11 406077.675 282981.268  30.3%  21.1  910s
  8503  7971 282981.268  112   13 424310.380 282981.268  33.3%  23.1  950s
 10404  9868 284206.397   92   11 425816.207 284206.397  33.3%  41.9  922s
  6587  6037 284833.096  121   11 426447.164 284833.096  33.2%  55.8  900s
 11453 10919 265531.676  120   14 407356.053 265531.676  34.8%  24.0  920s
  7338  6779 262569.894  143   14 289668.460 262569.894  9.36%  64.7  970s
 11066 10091 264911.436  249   13 289812.981 264911.436  8.59%  32.3  870s
  3058  2357 267810.739   44  111 408184.210 265059.182  35.1%   809  990s
 10422  9779 264528.858  323   10 289668.459 264528.858  8.68%  33.2  885s
  7873  7331 264076.246  207   10 291895.164 264076.246  9.53%  88.1  995s
  7696  7160 265000.438  152   12 291332.895 265000.438  9.04%  24.1  955s
  6784  6244 265665.316  123   15 408572.530 265665.316  35.0%  90.1  985s
  6193  5362 284950.110  144   15 408591.112 284950.110  30.3%   162  930s
 10763 10228 265531.669   86   27 407356.053 265531.669  34.8%  28.8  945s
  9715  8530 284833.096  213   12 426436.774 284833.096  33.2%  33.2  840s
  7715  7113 284950.110   99   16 426155.139 284950.110  33.1%  35.8  855s
  6037  5254 264482.022   57   44 363318.877 264482.022  27.2%   233  980s
  7215  6554 265567.046  179    9 291895.241 265567.046  9.02%  76.1  960s
 10277  9631 284579.270  206   11 426205.380 284579.270  33.2%  39.6  935s
 10300  9746 265567.045   68   10 291895.246 265567.045  9.02%  32.6  900s
  9480  8906 264570.135  173   10 407686.716 264570.135  35.1%  33.2  975s
  7500  6267 284206.397  161   32 425859.845 284206.397  33.3%  95.4  850s
  7583  7042 263746.035   84   13 406607.504 263746.035  35.1%  32.2  965s
 10440  9904 284206.397  113   11 425816.207 284206.397  33.3%  41.9  925s
  9792  3828 263559.442   59   65 291332.875 263557.949  9.53%   171  995s
  7475  6895 284034.195  117   12 425551.700 284034.195  33.3%  55.8  860s
 12843 12289 264139.121  151   12 292007.216 264139.121  9.54%  31.7  990s
  9072  8532 265000.437   86   13 406483.478 265000.437  34.8%  21.1  880s
  9690  9151 263479.602  132   11 406021.914 263479.602  35.1%  34.8  985s
 10783  9951 265631.085  133   15 329474.205 265631.085  19.4%  27.5  980s
  7746  7211 263815.907  131   24 406839.430 263815.907  35.2%  37.4  970s
  9114  8581 284579.270   57   13 426361.788 284579.270  33.3%  26.4  895s
  9145  8590 265234.643  159    6 291333.695 265234.643  8.96%  80.5  945s
 13857 13321 282981.268   97   15 406077.675 282981.268  30.3%  21.1  915s
  6653  6103 284833.096  125   11 426447.164 284833.096  33.2%  55.4  905s
 11543 11009 265531.676  133   10 407356.053 265531.676  34.8%  23.9  925s
  7910  7368 264076.246  203   19 291895.164 264076.246  9.53%  87.9 1000s
 11156 10101 264911.436  283   19 289812.981 264911.436  8.59%  32.2  875s
  8553  8021 282981.268  119   22 424310.380 282981.268  33.3%  23.2  955s
  3073  2372 265059.182   45   72 408184.210 265059.182  35.1%   807  995s
 10499  9856 264528.858  320   10 289668.459 264528.858  8.68%  33.1  890s
  7732  7196 265000.438  150   18 291332.895 265000.438  9.04%  24.1  960s
  7403  6844 262569.894  148   14 289668.460 262569.894  9.36%  64.6  975s
  9783  8598 284833.096  220   12 426436.774 284833.096  33.2%  33.1  845s
  7784  7182 284950.110   87    9 426155.139 284950.110  33.1%  35.7  860s
  6069  5285 264482.022  172   45 363318.877 264482.022  27.2%   235  985s
 10402  9848 265567.045   70   10 291895.246 265567.045  9.02%  32.5  905s
  9540  8966 264570.135  180   16 407686.716 264570.135  35.1%  33.2  980s
 10839 10304 265531.669   77    9 407356.053 265531.669  34.8%  28.8  951s
  6825  6285 265665.316  129   18 408572.530 265665.316  35.0%  89.7  991s
  7533  6300 284207.102  101   54 425859.845 284206.397  33.3%  96.0  855s
  7287  6626 265567.046  181   18 291895.241 265567.046  9.02%  76.5  965s
  7632  7091 263746.035   90   26 406607.504 263746.035  35.1%  32.1  970s
 10534  9998 284206.397  124   23 425816.207 284206.397  33.3%  42.0  930s
  7531  6949 284034.195  102   24 425551.700 284034.195  33.3%  55.9  865s
 12955 12401 264139.121  135   14 292007.216 264139.121  9.54%  31.7  995s
  9165  8625 265000.437   89   11 406483.478 265000.437  34.8%  21.1  885s
  9760  9221 263479.602  139   16 406021.914 263479.602  35.1%  34.7  990s
  7797  7262 263815.907  156   12 406839.430 263815.907  35.2%  37.3  975s
  9162  8629 284579.270   60   13 426361.788 284579.270  33.3%  26.4  900s
 10839 10005 265631.085  126   12 329474.205 265631.085  19.4%  27.5  985s
  9192  8637 265234.643  157    6 291333.695 265234.643  8.96%  81.0  950s
 14000 13464 282981.268   96   15 406077.675 282981.268  30.3%  21.0  920s
  8609  8077 282981.268  119   21 424310.380 282981.268  33.3%  23.3  960s
 11649 11115 265531.676  114   12 407356.053 265531.676  34.8%  23.7  930s
  7425  6866 262569.894  151   14 289668.460 262569.894  9.36%  64.9  980s
  7987  7445 264076.246  219   37 291895.164 264076.246  9.53%  87.4 1005s
  6691  6141 284833.096  112   26 426447.164 284833.096  33.2%  55.3  910s
  3094  2393 265059.182   48   64 408184.210 265059.182  35.1%   805 1000s
 10578  9935 264528.858  319   12 289668.459 264528.858  8.68%  33.0  895s
  6861  6321 265665.316  130   11 408572.530 265665.316  35.0%  89.3  995s
  7801  7265 265000.438  151   16 291332.895 265000.438  9.04%  24.0  965s
  9826  8639 284833.096  224   10 426436.774 284833.096  33.2%  33.0  850s
  6099  5313 264482.022  178   30 363318.877 264482.022  27.2%   236  990s
H 7567  6332                    425854.19779 284206.397  33.3%  97.1  859s
  7336  6675 265567.046  187   38 291895.241 265567.046  9.02%  77.2  970s
 10505  9951 265567.045   80   10 291895.246 265567.045  9.02%  32.5  910s
  7811  7209 284950.110   91   11 426155.139 284950.110  33.1%  35.6  865s
 11188 10118 264911.436  296   21 289812.981 264911.436  8.59%  32.5  881s
  9594  9020 264570.135  184   10 407686.716 264570.135  35.1%  33.2  985s
  9793  3829 263557.949   62   42 291332.875 263557.949  9.53%   171 1004s
  7700  7159 263746.035   92   13 406607.504 263746.035  35.1%  32.0  975s
  7567  6334 284207.102  101   48 425854.198 284206.397  33.3%  97.2  860s
 10593 10057 284206.397  103   13 425816.207 284206.397  33.3%  42.0  935s
  7598  7016 284034.195  107   12 425551.700 284034.195  33.3%  55.6  870s
  9799  3835 263775.316   63   74 291332.875 263557.949  9.53%   172 1005s
  6204  5373 284950.110  145   15 408591.112 284950.110  30.3%   162  942s
 13036 12482 264139.121  142   12 292007.216 264139.121  9.54%  31.6 1000s
 10310  9664 284579.270  208   13 426205.380 284579.270  33.2%  39.5  946s
  9234  8694 265000.437   89   13 406483.478 265000.437  34.8%  21.0  890s
  7828  7293 263815.907  113   12 406839.430 263815.907  35.2%  37.3  980s
  9839  9300 263479.602  135    9 406021.914 263479.602  35.1%  34.6  995s
 10930 10094 265631.085  123   18 329474.205 265631.085  19.4%  27.4  990s
  9245  8712 284579.270   75   15 426361.788 284579.270  33.3%  26.3  905s
 14122 13586 282981.268   98   11 406077.675 282981.268  30.3%  21.0  925s
  8669  8137 282981.268  119   34 424310.380 282981.268  33.3%  23.4  965s
  6762  6212 284833.096  125   26 426447.164 284833.096  33.2%  55.0  915s
 11745 11211 265531.676  122   12 407356.053 265531.676  34.8%  23.7  935s
  8022  7480 264076.246  212   13 291895.164 264076.246  9.53%  87.3 1010s
 11208 10131 264911.436  306   21 289812.981 264911.436  8.59%  32.6  885s
  7504  6945 262569.894  146   18 289668.460 262569.894  9.36%  65.2  985s
 10635  9992 264528.858  316   10 289668.459 264528.858  8.68%  33.0  900s
  7838  7302 265000.438  149   12 291332.895 265000.438  9.04%  23.9  970s
  6899  6359 265665.316  124   18 408572.530 265665.316  35.0%  88.9 1000s
  9899  8712 284833.096  231   10 426436.774 284833.096  33.2%  32.9  855s
 10941 10406 265531.669   75   11 407356.053 265531.669  34.8%  28.7  960s
  6230  5399 284950.110  146   13 408591.112 284950.110  30.3%   161  945s
  7873  7271 284950.110   95    9 426155.139 284950.110  33.1%  35.5  870s
  6129  5343 269160.763  181  128 363318.877 264482.022  27.2%   237  995s
  9650  9076 264570.135  189   10 407686.716 264570.135  35.1%  33.2  990s
  7395  6734 265567.046  188   59 291895.241 265567.046  9.02%  77.9  975s
 10579 10025 265567.045   76   12 291895.246 265567.045  9.02%  32.5  915s
  7617  6384 284207.102  101   40 425854.198 284206.397  33.3%  99.1  865s
  7769  7226 263746.035   92   13 406607.504 263746.035  35.1%  31.9  980s
  9222  8667 265234.643  150    8 291333.695 265234.643  8.96%  81.1  957s
 10670 10134 284206.397   97    9 425816.207 284206.397  33.3%  42.0  940s
  7642  7060 284034.195  101   12 425551.700 284034.195  33.3%  55.7  875s
  9825  3858 263557.949   54   75 291332.875 263557.949  9.53%   174 1010s
 10341  9695 284579.270  207   13 426205.380 284579.270  33.2%  39.5  951s
 13105 12551 264139.121  147   18 292007.216 264139.121  9.54%  31.5 1005s
  9312  8772 265000.437  100   15 406483.478 265000.437  34.8%  21.0  895s
  9932  9393 263479.602  141    9 406021.914 263479.602  35.1%  34.4 1000s
  7873  7338 263815.907  136   17 406839.430 263815.907  35.2%  37.1  985s
 11019 10181 265631.085  140   12 329474.205 265631.085  19.4%  27.3  995s
  9342  8809 284579.270   63   15 426361.788 284579.270  33.3%  26.1  910s
  9238  8683 265234.643  150    6 291333.695 265234.643  8.96%  81.0  960s
  8744  8212 282981.268  103   21 424310.380 282981.268  33.3%  23.4  970s
 14158 13622 282981.268   99   15 406077.675 282981.268  30.3%  21.0  930s
 11846 11312 265531.676  132   19 407356.053 265531.676  34.8%  23.6  940s
  8095  7553 264076.246  211   11 291895.164 264076.246  9.53%  86.9 1015s
  7563  7004 262569.894  154   37 289668.460 262569.894  9.36%  65.1  990s
 11249 10158 264911.436  327   17 289812.981 264911.436  8.59%  32.6  890s
 10720 10077 264528.858  327   12 289668.459 264528.858  8.68%  32.9  905s
  6957  6415 265665.316  121   11 408572.530 265665.316  35.0%  88.3 1005s
  6275  5444 284950.110  151   15 408591.112 284950.110  30.3%   160  950s
  7882  7346 265000.438  154   12 291332.895 265000.438  9.04%  23.9  975s
 11014 10479 265531.669   82   27 407356.053 265531.669  34.8%  28.6  965s
  7936  7334 284950.110  103    9 426155.139 284950.110  33.1%  35.4  875s
  3106  2405 265059.182   49   76 408184.210 265059.182  35.1%   803 1011s
  6154  5368 273401.263  184  132 363318.877 264482.022  27.2%   239 1000s
  7449  6788 265567.046  182    7 291895.241 265567.046  9.02%  78.6  980s
 10392  9746 284579.270  214    9 426205.380 284579.270  33.2%  39.4  955s
 10635 10081 265567.045   62   10 291895.246 265567.045  9.02%  32.4  920s
  9691  9117 264570.135  192   16 407686.716 264570.135  35.1%  33.1  995s
  7664  6431 284206.397  131   16 425854.198 284206.397  33.3%  99.2  870s
  7816  7273 263746.035  100   15 406607.504 263746.035  35.1%  31.9  985s
 10762 10226 284206.397  120   28 425816.207 284206.397  33.3%  42.0  945s
  9849  3882 263775.316   58   80 291332.875 263557.949  9.53%   175 1015s
 13201 12647 264139.121  124   14 292007.216 264139.121  9.54%  31.4 1010s
  9387  8847 265000.437   91   13 406483.478 265000.437  34.8%  20.9  900s
  7707  7125 284034.195  109   12 425551.700 284034.195  33.3%  55.7  880s
  7903  7368 263815.907  106   12 406839.430 263815.907  35.2%  37.1  990s
  9994  9455 263479.602  140    9 406021.914 263479.602  35.1%  34.3 1005s
  6773  6223 284833.510  126   23 426447.164 284833.096  33.2%  55.0  924s
 11091 10249 265631.085  132   12 329474.205 265631.085  19.4%  27.3 1000s
  9305  8750 265234.643  158   12 291333.695 265234.643  8.96%  81.1  965s
 14239 13703 282981.268   95   11 406077.675 282981.268  30.3%  20.9  935s
  8810  8278 282981.268  114   22 424310.380 282981.268  33.3%  23.4  975s
  6787  6237 284833.096  117   11 426447.164 284833.096  33.2%  54.9  925s
 11947 11413 265531.676  126   12 407356.053 265531.676  34.8%  23.5  945s
  7615  7056 262569.894  159   16 289668.460 262569.894  9.36%  65.2  995s
 11282 10176 264911.436  104   21 289812.981 264911.436  8.59%  32.9  895s
  3125  2424 265059.182   51   48 408184.210 265059.182  35.1%   800 1015s
  8148  7606 264076.246  215   13 291895.164 264076.246  9.53%  86.6 1020s
 10809 10166 264528.858  349    8 289668.459 264528.858  8.68%  32.8  910s
  7936  7400 265000.438  139   16 291332.895 265000.438  9.04%  23.8  980s
  6319  5488 284950.110  152   13 408591.112 284950.110  30.3%   159  955s
 11077 10542 265531.669   78   11 407356.053 265531.669  34.8%  28.5  970s
  7992  7390 284950.110   96    9 426155.139 284950.110  33.1%  35.4  880s
  6173  5387 273381.128  186  132 363318.877 264482.022  27.2%   240 1005s
 10707 10153 265567.045   68   10 291895.246 265567.045  9.02%  32.4  925s
  9743  9169 264570.135  200   22 407686.716 264570.135  35.1%  33.1 1000s
  7530  6869 265567.046  179   13 291895.241 265567.046  9.02%  79.2  985s
  7862  7319 263746.035  106   26 406607.504 263746.035  35.1%  31.9  990s
  6998  6450 265665.316  141   20 408572.530 265665.316  35.0%  87.9 1011s
  7770  7188 284034.195  106   24 425551.700 284034.195  33.3%  55.3  885s
 13281 12727 264139.121  131   16 292007.216 264139.121  9.54%  31.4 1015s
 10442  9796 284579.270  212   11 426205.380 284579.270  33.2%  39.4  961s
  9424  8891 284579.270   75   13 426361.788 284579.270  33.3%  26.1  918s
  9872  3902 263559.441   62   72 291332.875 263557.949  9.53%   177 1020s
  9454  8914 265000.437   91   13 406483.478 265000.437  34.8%  20.9  905s
 10074  9535 263479.602  138    9 406021.914 263479.602  35.1%  34.2 1010s
  7949  7414 263815.907  124   17 406839.430 263815.907  35.2%  37.0  995s
 11175 10333 265631.085  119   12 329474.205 265631.085  19.4%  27.2 1005s
  9449  8916 284579.270   78   15 426361.788 284579.270  33.3%  26.1  920s
 10822 10286 284206.397  126    9 425816.207 284206.397  33.3%  42.1  951s
  9408  8853 265234.643  154    6 291333.695 265234.643  8.96%  80.9  970s
 14391 13855 282981.268  100   11 406077.675 282981.268  30.3%  20.9  940s
  7688  6453 284206.397  126   21 425854.198 284206.397  33.3%  99.3  877s
 12052 11518 265531.676  112   10 407356.053 265531.676  34.8%  23.4  950s
  6833  6283 284833.096  112   13 426447.164 284833.096  33.2%  54.6  930s
  7673  7114 262569.894  149   40 289668.460 262569.894  9.36%  65.6 1000s
  8199  7657 264076.246  212   12 291895.164 264076.246  9.53%  86.3 1025s
  3146  2445 265098.613   53   94 408184.210 265059.182  35.1%   797 1020s
 11330 10208 264911.436  128   32 289812.981 264911.436  8.59%  33.0  900s
  8850  8318 282981.268  111   22 424310.380 282981.268  33.3%  23.4  981s
 10875 10232 264528.858  359    8 289668.459 264528.858  8.68%  32.7  915s
  7027  6479 265665.316  125   18 408572.530 265665.316  35.0%  87.6 1015s
  7990  7454 265000.438  143   16 291332.895 265000.438  9.04%  23.7  985s
  6354  5523 284950.110  158   15 408591.112 284950.110  30.3%   159  960s
 11178 10643 265531.669   87    9 407356.053 265531.669  34.8%  28.4  975s
H10879 10234                    289668.44645 264528.858  8.68%  32.7  915s
  6205  5419 264482.022  178   32 363318.877 264482.022  27.2%   242 1010s
 10501  9855 284579.270  211    9 426205.380 284579.270  33.2%  39.3  965s
 10783 10229 265567.045   70   10 291895.246 265567.045  9.02%  32.4  930s
  7570  6909 265567.046  187   38 291895.241 265567.046  9.02%  79.5  990s
  8048  7446 284950.110   95   16 426155.139 284950.110  33.1%  35.2  885s
  9796  9222 264570.135  198   10 407686.716 264570.135  35.1%  33.1 1005s
  7716  6481 284206.397  140   12 425854.198 284206.397  33.3%  99.3  880s
  9928  8741 284833.096  231    8 426436.774 284833.096  33.2%  32.8  871s
  7901  7358 263746.035  104   13 406607.504 263746.035  35.1%  31.8  995s
 10855 10319 284206.397   90    9 425816.207 284206.397  33.3%  42.1  955s
  7823  7241 284034.195  105   12 425551.700 284034.195  33.3%  55.0  890s
  9897  3924 263557.949   56   48 291332.875 263557.949  9.53%   178 1025s
 10174  9635 263479.602  124    9 406021.914 263479.602  35.1%  34.1 1015s
  7999  7464 263815.907  149   17 406839.430 263815.907  35.2%  36.9 1000s
 13361 12807 264139.121  137   12 292007.216 264139.121  9.54%  31.3 1021s
 11251 10407 265631.085  122   12 329474.205 265631.085  19.4%  27.1 1010s
  9506  8973 284579.270   83   23 426361.788 284579.270  33.3%  26.0  925s
  9470  8915 265234.643  153    6 291333.695 265234.643  8.96%  80.6  975s
 14474 13938 282981.268   98   13 406077.675 282981.268  30.3%  20.8  945s
 12158 11624 265531.676  117   12 407356.053 265531.676  34.8%  23.3  955s
  8243  7701 264076.246  211   11 291895.164 264076.246  9.53%  86.1 1030s
  7720  7161 262569.894  144   14 289668.460 262569.894  9.36%  65.5 1005s
  3161  2460 265216.187   56   82 408184.210 265059.182  35.1%   794 1025s
  7074  6522 265665.316  122   13 408572.530 265665.316  35.0%  87.1 1020s
  6890  6340 284833.096  116   11 426447.164 284833.096  33.2%  54.3  935s
 11236 10701 265531.669   89    9 407356.053 265531.669  34.8%  28.4  980s
 10000  8813 284833.096  239    8 426436.774 284833.096  33.2%  32.7  875s
  6237  5449 264482.022   56   27 363318.877 264482.022  27.2%   244 1015s
  8113  7511 284950.110   98   16 426155.139 284950.110  33.1%  35.1  890s
  8904  8372 282981.268   81   22 424310.380 282981.268  33.3%  23.4  986s
 11351 10220 264911.436  138   11 289812.981 264911.436  8.59%  33.1  906s
  6392  5561 284950.110  163   15 408591.112 284950.110  30.3%   158  965s
  7614  6953 265567.046  180   44 291895.241 265567.046  9.02%  79.6  995s
 10555  9909 284579.270  208    9 426205.380 284579.270  33.2%  39.2  970s
  9457  8917 265000.437  100   19 406483.478 265000.437  34.8%  20.9  913s
  7788  6547 284206.397  100   33 425854.198 284206.397  33.3%  99.1  885s
  7945  7402 263746.035  103   13 406607.504 263746.035  35.1%  31.8 1000s
  9839  9265 264570.135  205   12 407686.716 264570.135  35.1%  33.1 1010s
  9918  3944 263557.949   57   75 291332.875 263557.949  9.53%   179 1030s
 10941 10405 284206.397   96   13 425816.207 284206.397  33.3%  42.0  960s
 13428 12874 264139.121  130   12 292007.216 264139.121  9.54%  31.3 1025s
  9480  8940 265000.437   84   11 406483.478 265000.437  34.8%  20.8  915s
 10240  9701 263479.602  130   16 406021.914 263479.602  35.1%  34.0 1020s
 10822 10268 265567.045   74   10 291895.246 265567.045  9.02%  32.3  936s
  8050  7515 263815.907  114   12 406839.430 263815.907  35.2%  36.8 1005s
  7873  7291 284034.195  104   14 425551.700 284034.195  33.3%  55.0  895s
 11324 10476 265631.085  120   12 329474.205 265631.085  19.4%  27.0 1015s
  9563  9030 284579.270   81   13 426361.788 284579.270  33.3%  26.0  930s
  9532  8977 265234.643  153    6 291333.695 265234.643  8.96%  80.3  980s
 14620 14084 282981.268  100   13 406077.675 282981.268  30.3%  20.8  950s
  8946  8414 282981.268   82   21 424310.380 282981.268  33.3%  23.4  990s
 12268 11734 265531.676  124   15 407356.053 265531.676  34.8%  23.3  960s
  6930  6380 284833.096  122   11 426447.164 284833.096  33.2%  54.1  940s
  8298  7756 264076.246  203   13 291895.164 264076.246  9.53%  85.8 1035s
  8045  7509 265000.438  148   12 291332.895 265000.438  9.04%  23.7  994s
  7767  7208 262569.894  154   43 289668.460 262569.894  9.36%  65.5 1010s
  3187  2486 265114.054   50  126 408184.210 265059.182  35.1%   790 1030s
 11394 10241 264911.436   95   28 289812.981 264911.436  8.59%  33.1  910s
  8052  7516 265000.438  149   18 291332.895 265000.438  9.04%  23.7  995s
  7124  6568 265665.316  129   11 408572.530 265665.316  35.0%  86.6 1025s
  6428  5597 284950.110  158   13 408591.112 284950.110  30.3%   157  970s
 10059  8866 284833.096  242    8 426436.774 284833.096  33.2%  32.6  880s
  8198  7596 284950.110   97    9 426155.139 284950.110  33.1%  34.9  895s
  6264  5474 264482.022  178   34 363318.877 264482.022  27.2%   245 1020s
 11344 10809 265531.669   80    9 407356.053 265531.669  34.8%  28.3  985s
  7680  7019 265567.046  181    7 291895.241 265567.046  9.02%  79.6 1000s
 10876 10322 265567.045   65   12 291895.246 265567.045  9.02%  32.3  940s
  9893  9319 264570.135  197   14 407686.716 264570.135  35.1%  33.0 1015s
  8001  7458 263746.035   87   24 406607.504 263746.035  35.1%  31.8 1005s
 10644  9998 284579.270  213   11 426205.380 284579.270  33.2%  39.0  975s
 11042 10506 284206.397   91   11 425816.207 284206.397  33.3%  41.8  965s
  7837  6594 284206.397   99    9 425854.198 284206.397  33.3%   100  890s
  7910  7328 284034.195  110   20 425551.700 284034.195  33.3%  54.9  900s
  9942  3967 263557.949   59   46 291332.875 263557.949  9.53%   180 1035s
 13508 12948 264139.121  129   16 292007.216 264139.121  9.54%  31.3 1030s
 10318  9779 263479.602  130    9 406021.914 263479.602  35.1%  33.9 1025s
 11387 10537 265631.085  120   16 329474.205 265631.085  19.4%  27.0 1020s
  9636  9103 284579.270   81   15 426361.788 284579.270  33.3%  25.9  935s
  9531  8991 265000.437   89   11 406483.478 265000.437  34.8%  20.8  921s
  9588  9033 265234.643  159   10 291333.695 265234.643  8.96%  80.3  985s
  8097  7562 263815.907  138   17 406839.430 263815.907  35.2%  36.7 1010s
 14772 14236 282981.268   94   12 406077.675 282981.268  30.3%  20.7  955s
  8962  8430 282981.268   53   13 424310.380 282981.268  33.3%  23.4  995s
 12363 11829 265531.676  120   21 407356.053 265531.676  34.8%  23.2  965s
  6977  6427 284833.242  126   37 426447.164 284833.096  33.2%  53.9  945s
  8345  7803 264076.246  205   10 291895.164 264076.246  9.53%  85.5 1040s
 11437 10270 264911.436   75   18 289812.981 264911.436  8.59%  33.0  915s
  7807  7248 262569.894  142   14 289668.460 262569.894  9.36%  65.5 1015s
  3217  2516 265059.182   51   31 408184.210 265059.182  35.1%   785 1035s
  8106  7570 265000.438  157   14 291332.895 265000.438  9.04%  23.6 1000s
  6478  5647 284950.110  162   15 408591.112 284950.110  30.3%   156  975s
 11437 10902 265531.669   82    9 407356.053 265531.669  34.8%  28.2  990s
  8262  7660 284950.110  105    9 426155.139 284950.110  33.1%  34.8  900s
  6285  5493 264482.022  187   44 363318.877 264482.022  27.2%   246 1025s
 10118  8917 284833.096  251   14 426436.774 284833.096  33.2%  32.7  885s
  7176  6620 265665.316  122   11 408572.530 265665.316  35.0%  86.1 1030s
 10942 10299 264528.858  367   10 289668.446 264528.858  8.68%  32.6  930s
 10970 10416 265567.045   56   10 291895.246 265567.045  9.02%  32.3  945s
  7738  7077 265567.046  185   11 291895.241 265567.046  9.02%  80.5 1005s
  9950  9376 264570.135  201   12 407686.716 264570.135  35.1%  33.0 1020s
  7907  6662 284206.397  113   22 425854.198 284206.397  33.3%   100  895s
  8060  7517 263746.035   85   24 406607.504 263746.035  35.1%  31.6 1010s
 11130 10594 284206.397   94   11 425816.207 284206.397  33.3%  41.7  970s
 10745 10099 284579.270  208    9 426205.380 284579.270  33.2%  38.9  980s
  9974  3994 263559.420   60   59 291332.875 263557.949  9.53%   181 1040s
 13599 13039 264139.121  130   16 292007.216 264139.121  9.54%  31.2 1035s
 10382  9843 263479.602  130    9 406021.914 263479.602  35.1%  33.8 1030s
  9588  9048 265000.437   92   11 406483.478 265000.437  34.8%  20.8  925s
  8132  7597 263815.907  138   17 406839.430 263815.907  35.2%  36.7 1015s
 11460 10610 265631.085  115   12 329474.205 265631.085  19.4%  26.9 1025s
  9710  9177 284579.270   87   13 426361.788 284579.270  33.3%  25.9  940s
  9014  8482 282981.268   70   13 424310.380 282981.268  33.3%  23.4 1000s
  9651  9096 265234.643  156   10 291333.695 265234.643  8.96%  80.1  990s
  7016  6466 284833.541  128   19 426447.164 284833.096  33.2%  53.8  950s
  8383  7841 264076.246  212   17 291895.164 264076.246  9.53%  85.3 1045s
  7860  7301 262569.894  147   36 289668.460 262569.894  9.36%  65.8 1020s
 11472 10293 264911.436   92   50 289812.981 264911.436  8.59%  33.3  920s
 11024 10381 264528.858  371    8 289668.446 264528.858  8.68%  32.5  935s
  8155  7619 265000.438  152   19 291332.895 265000.438  9.04%  23.6 1005s
  7218  6662 265665.316  123   18 408572.530 265665.316  35.0%  85.7 1035s
  6537  5694 284950.110  169   13 408591.112 284950.110  30.3%   155  980s
 10172  8967 284833.096  244   10 426436.774 284833.096  33.2%  32.6  890s
  3235  2534 265059.182   52   47 408184.210 265059.182  35.1%   783 1041s
  6323  5520 264482.022  191   35 363318.877 264482.022  27.2%   247 1030s
  8337  7735 284950.110   97    9 426155.139 284950.110  33.1%  34.6  905s
 11535 11000 265531.669   90    9 407356.053 265531.669  34.8%  28.2  995s
  7754  7093 265567.046  186    9 291895.241 265567.046  9.02%  80.6 1010s
 10822 10176 284579.270  207    9 426205.380 284579.270  33.2%  38.8  985s
 11071 10517 265567.045   71   10 291895.246 265567.045  9.02%  32.2  950s
 10002  9428 264570.135  205   10 407686.716 264570.135  35.1%  33.0 1025s
  8112  7569 263746.035   89   13 406607.504 263746.035  35.1%  31.6 1015s
  7945  6700 284206.397  128   10 425854.198 284206.397  33.3%   100  900s
 11156 10620 284206.397   91    9 425816.207 284206.397  33.3%  41.7  975s
  9998  4011 263772.061   62   70 291332.875 263557.949  9.53%   183 1045s
 13697 13137 264139.121  117   12 292007.216 264139.121  9.54%  31.1 1040s
 14879 14343 282981.268   97   15 406077.675 282981.268  30.3%  20.7  963s
  8178  7643 263815.907  158   12 406839.430 263815.907  35.2%  36.6 1020s
 10451  9912 263479.602  133   16 406021.914 263479.602  35.1%  33.7 1035s
 12451 11917 265531.676  123   19 407356.053 265531.676  34.8%  23.1  974s
  9647  9107 265000.437  100   13 406483.478 265000.437  34.8%  20.7  930s
 11522 10670 265631.085  110   12 329474.205 265631.085  19.4%  26.9 1030s
  9804  9271 284579.270   97   13 426361.788 284579.270  33.3%  25.8  945s
  9711  9156 265234.643  146    6 291333.695 265234.643  8.96%  79.8  995s
  9059  8527 282981.268   72   21 424310.380 282981.268  33.3%  23.4 1005s
 14949 14413 282981.268   99   11 406077.675 282981.268  30.3%  20.6  965s
  7084  6534 284833.096  125   11 426447.164 284833.096  33.2%  53.5  955s
  8436  7894 264076.246  208   17 291895.164 264076.246  9.53%  85.1 1050s
 11513 10318 264911.436  104   67 289812.981 264911.436  8.59%  34.0  925s
  3253  2552 265098.239   44  139 408184.210 265059.182  35.1%   780 1045s
  7906  7347 262569.894  154   16 289668.460 262569.894  9.36%  65.8 1025s
 12452 11918 265531.676  124   10 407356.053 265531.676  34.8%  23.1  975s
  7925  7343 284034.195  113   14 425551.700 284034.195  33.3%  54.9  912s
  8192  7656 265000.438  149   18 291332.895 265000.438  9.04%  23.5 1010s
  7256  6700 265665.316  118   11 408572.530 265665.316  35.0%  85.3 1040s
  6590  5747 284950.110  163   15 408591.112 284950.110  30.3%   153  985s
 11122 10479 264528.858  381   18 289668.446 264528.858  8.68%  32.4  940s
 11640 11105 265531.669   88    9 407356.053 265531.669  34.8%  28.1 1000s
  7812  7151 265567.046  177    9 291895.241 265567.046  9.02%  80.4 1015s
  8416  7814 284950.110   98    9 426155.139 284950.110  33.1%  34.5  910s
 11152 10598 265567.045   76   10 291895.246 265567.045  9.02%  32.2  955s
 10230  9025 284833.096  236    8 426436.774 284833.096  33.2%  32.5  895s
 10063  9489 264570.135  198   12 407686.716 264570.135  35.1%  32.9 1030s
 10947 10301 284579.270  196    9 426205.380 284579.270  33.2%  38.6  990s
  6346  5540 264484.134  197   88 363318.877 264482.022  27.2%   248 1036s
  8162  7619 263746.035   91   26 406607.504 263746.035  35.1%  31.5 1020s
 11235 10699 284206.397   98   11 425816.207 284206.397  33.3%  41.6  980s
 13767 13207 264139.121  124   16 292007.216 264139.121  9.54%  31.1 1045s
 10019  4029 263559.443   63   50 291332.875 263557.949  9.53%   185 1050s
  7962  7380 284034.195   96   12 425551.700 284034.195  33.3%  54.9  915s
  9704  9164 265000.437   86   11 406483.478 265000.437  34.8%  20.7  935s
  8224  7689 263815.907  159   17 406839.430 263815.907  35.2%  36.6 1025s
 11603 10751 265631.085  147   12 329474.205 265631.085  19.4%  26.8 1035s
  9873  9340 284579.270  105   15 426361.788 284579.270  33.3%  25.8  950s
  9764  9209 265234.643  151    6 291333.695 265234.643  8.96%  79.7 1000s
 15042 14506 282981.268   95   16 406077.675 282981.268  30.3%  20.6  970s
  9123  8591 282981.268   73   15 424310.380 282981.268  33.3%  23.3 1010s
 12535 12001 265531.676  122   15 407356.053 265531.676  34.8%  23.0  980s
  7132  6582 284833.096  119   28 426447.164 284833.096  33.2%  53.3  960s
  8498  7956 264076.246  265   29 291895.164 264076.246  9.53%  84.8 1055s
 11581 10364 264911.436  120   10 289812.981 264911.436  8.59%  34.1  930s
  3270  2569 265099.015   55   95 408184.210 265059.182  35.1%   778 1050s
  7936  7377 262569.894  147   14 289668.460 262569.894  9.36%  65.9 1030s
 11235 10592 264528.858  390    8 289668.446 264528.858  8.68%  32.3  945s
  8245  7709 265000.438  152   12 291332.895 265000.438  9.04%  23.4 1015s
 11749 11214 265531.669   82    9 407356.053 265531.669  34.8%  28.0 1005s
  7291  6735 265665.316  117   13 408572.530 265665.316  35.0%  85.0 1045s
 10311  9092 284833.096  240    8 426436.774 284833.096  33.2%  32.4  900s
  6635  5792 284950.110  169   13 408591.112 284950.110  30.3%   153  990s
  8445  7843 284950.110  104    9 426155.139 284950.110  33.1%  34.5  915s
 11030 10384 284579.270  205   15 426205.380 284579.270  33.2%  38.5  995s
  7883  7222 265567.046  188   40 291895.241 265567.046  9.02%  81.4 1020s
 11256 10702 265567.045   66   10 291895.246 265567.045  9.02%  32.2  960s
  8211  7666 263746.035   86   13 406607.504 263746.035  35.1%  31.4 1025s
 11322 10786 284206.397  115    9 425816.207 284206.397  33.3%  41.6  985s
 13873 13313 264139.121  126   12 292007.216 264139.121  9.54%  31.0 1050s
 10095  9521 264570.135  197   12 407686.716 264570.135  35.1%  32.9 1036s
 10521  9982 263479.602  130   16 406021.914 263479.602  35.1%  33.6 1044s
  8010  7428 284034.195  104   12 425551.700 284034.195  33.3%  54.9  920s
  9752  9212 265000.437   90   15 406483.478 265000.437  34.8%  20.7  940s
 10522  9983 263479.602  130    9 406021.914 263479.602  35.1%  33.6 1045s
  8256  7721 263815.907  108   17 406839.430 263815.907  35.2%  36.7 1030s
  6362  5554 264482.022  199   28 363318.877 264482.022  27.2%   249 1042s
 11662 10808 265631.085  123   18 329474.205 265631.085  19.4%  26.7 1040s
  9956  9423 284579.270  107   13 426361.788 284579.270  33.3%  25.7  955s
  8003  6758 284206.397  142   13 425854.198 284206.397  33.3%   100  912s
 15138 14602 282981.268  100   13 406077.675 282981.268  30.3%  20.6  975s
  9809  9254 265234.643  157   10 291333.695 265234.643  8.96%  79.4 1005s
  9192  8660 282981.268   75   22 424310.380 282981.268  33.3%  23.3 1015s
 10020  4030 263559.420   60   53 291332.875 263557.949  9.53%   185 1057s
 12640 12106 265531.676  122   10 407356.053 265531.676  34.8%  23.0  985s
  7186  6636 284833.096  123   23 426447.164 284833.096  33.2%  53.0  965s
  8516  7974 264076.246  269   10 291895.164 264076.246  9.53%  85.1 1060s
  7984  7425 262569.894  152   52 289668.460 262569.894  9.36%  66.1 1035s
 11661 10415 264911.436  124    8 289812.981 264911.436  8.59%  34.0  935s
 11318 10675 264528.858  397    8 289668.446 264528.858  8.68%  32.2  950s
  8294  7758 265000.438  156   14 291332.895 265000.438  9.04%  23.4 1020s
  6696  5845 284950.110  163   13 408591.112 284950.110  30.3%   151  995s
  3289  2588 265099.086   43  124 408184.210 265059.182  35.1%   776 1055s
 11849 11314 265531.669   82    9 407356.053 265531.669  34.8%  28.0 1010s
 10359  9132 284833.096  244   31 426436.774 284833.096  33.2%  32.4  905s
  6375  5565 264482.022  195   42 363318.877 264482.022  27.2%   249 1045s
  8511  7909 284950.110  100    9 426155.139 284950.110  33.1%  34.4  920s
  7955  7294 265567.046  181   71 291895.241 265567.046  9.02%  82.0 1025s
 11344 10790 265567.045   69   10 291895.246 265567.045  9.02%  32.2  965s
H 7204  6652                    426447.15142 284833.096  33.2%  52.9  967s
 10140  9566 264570.135  202   12 407686.716 264570.135  35.1%  32.9 1040s
  8073  6828 284206.397  158    8 425854.198 284206.397  33.3%  99.0  915s
 11123 10477 284579.270  207    9 426205.380 284579.270  33.2%  38.3 1000s
 11380 10844 284206.397  123   16 425816.207 284206.397  33.3%  41.5  990s
  8097  7513 284034.195  105   12 425551.700 284034.195  33.3%  55.0  925s
 10033  4043 263557.949   64   55 291332.875 263557.949  9.53%   185 1060s
  8257  7712 263746.035   88   24 406607.504 263746.035  35.1%  31.4 1030s
 13984 13424 264139.121  124   12 292007.216 264139.121  9.54%  31.0 1055s
  9834  9294 265000.437   99   15 406483.478 265000.437  34.8%  20.6  945s
  8301  7766 263815.907  118   24 406839.430 263815.907  35.2%  36.6 1035s
 10601 10062 263479.602  130   16 406021.914 263479.602  35.1%  33.5 1050s
  7317  6761 265665.316  118   11 408572.530 265665.316  35.0%  84.7 1053s
 11737 10881 265631.085  117   14 329474.205 265631.085  19.4%  26.7 1045s
 10036  9503 284579.270   92   15 426361.788 284579.270  33.3%  25.7  960s
 15265 14729 282981.268   99   13 406077.675 282981.268  30.3%  20.5  980s
  7238  6688 284833.096  118   13 426447.151 284833.096  33.2%  52.8  970s
 12755 12221 265531.676  126   10 407356.053 265531.676  34.8%  22.9  990s
  8565  8023 264076.246  213   17 291895.164 264076.246  9.53%  85.0 1065s
  8026  7467 262569.894  151   14 289668.460 262569.894  9.36%  66.4 1040s
 11698 10440 264911.436  136   10 289812.981 264911.436  8.59%  33.9  940s
  9839  9284 265234.643  159    6 291333.695 265234.643  8.96%  79.4 1011s
  9255  8723 282981.268   70   13 424310.380 282981.268  33.3%  23.3 1020s
 11395 10752 264528.858  404    8 289668.446 264528.858  8.68%  32.1  955s
  8369  7833 265000.438  153   12 291332.895 265000.438  9.04%  23.3 1025s
  7351  6795 265665.316  122   11 408572.530 265665.316  35.0%  84.4 1055s
  6743  5886 284950.110  161   13 408591.112 284950.110  30.3%   150 1000s
 11927 11392 265531.669   83    9 407356.053 265531.669  34.8%  28.0 1015s
 10445  9210 284833.096  233    8 426436.774 284833.096  33.2%  32.4  910s
  8572  7970 284950.110   97    9 426155.139 284950.110  33.1%  34.3  925s
  6409  5597 264482.022   69   44 363318.877 264482.022  27.2%   250 1050s
 11194 10548 284579.270  211   26 426205.380 284579.270  33.2%  38.3 1005s
 11422 10868 265567.045   78   12 291895.246 265567.045  9.02%  32.2  970s
 10186  9612 264570.135  194   12 407686.716 264570.135  35.1%  32.9 1045s
  8146  6901 284206.397  162   10 425854.198 284206.397  33.3%  98.4  920s
  8016  7355 265567.046  188   58 291895.241 265567.046  9.02%  83.2 1030s
  8311  7766 263746.035   89   26 406607.504 263746.035  35.1%  31.3 1035s
 11474 10938 284206.397  101   15 425816.207 284206.397  33.3%  41.6  995s
  8146  7562 284034.195   94   12 425551.700 284034.195  33.3%  54.8  930s
 10068  4074 263557.949   65   53 291332.875 263557.949  9.53%   186 1065s
 14077 13517 264139.121  134   16 292007.216 264139.121  9.54%  30.9 1060s
  9899  9359 265000.437  102   11 406483.478 265000.437  34.8%  20.6  950s
  8352  7817 263815.907  131   12 406839.430 263815.907  35.2%  36.4 1040s
 11792 10934 265631.085  119   14 329474.205 265631.085  19.4%  26.6 1050s
  9886  9331 265234.643  157    6 291333.695 265234.643  8.96%  79.2 1015s
 15415 14879 282981.268   93   12 406077.675 282981.268  30.3%  20.5  985s
 10130  9597 284579.270   89   13 426361.788 284579.270  33.3%  25.6  965s
  9305  8773 282981.268   49   13 424310.380 282981.268  33.3%  23.2 1025s
 10655 10116 263479.602  134   23 406021.914 263479.602  35.1%  33.4 1056s
 12896 12362 265531.676  126   15 407356.053 265531.676  34.8%  22.8  995s
  7287  6737 284833.096  125   15 426447.151 284833.096  33.2%  52.6  975s
  8630  8088 264076.246  215   11 291895.164 264076.246  9.53%  84.6 1070s
  8089  7530 262569.894  155   14 289668.460 262569.894  9.36%  66.6 1045s
 11763 10475 264911.436  138   14 289812.981 264911.436  8.59%  33.8  945s
  8407  7871 265000.438  156   16 291332.895 265000.438  9.04%  23.3 1030s
  7402  6846 265665.316  117   18 408572.530 265665.316  35.0%  83.9 1060s
  6786  5929 284950.110  162   13 408591.112 284950.110  30.3%   149 1005s
 11473 10830 264528.858  414    8 289668.446 264528.858  8.68%  32.2  960s
 12023 11488 265531.669   84    9 407356.053 265531.669  34.8%  27.9 1020s
  6443  5629 264482.022   69   27 363318.877 264482.022  27.2%   251 1055s
  8649  8047 284950.110   96    9 426155.139 284950.110  33.1%  34.1  930s
 10534  9285 284833.096  242    8 426436.774 284833.096  33.2%  32.3  915s
 11295 10649 284579.270  199   11 426205.380 284579.270  33.2%  38.1 1010s
 11504 10950 265567.045   57   10 291895.246 265567.045  9.02%  32.2  975s
 10255  9681 264570.135  200   12 407686.716 264570.135  35.1%  32.8 1050s
  8215  6970 284206.397  172   14 425854.198 284206.397  33.3%  97.9  925s
  8352  7807 263746.035   88   24 406607.504 263746.035  35.1%  31.3 1040s
 11540 11004 284206.397  107    9 425816.207 284206.397  33.3%  41.5 1000s
 10101  4104 263559.460   66   58 291332.875 263557.949  9.53%   188 1070s
 10694 10153 263479.602  131   11 406021.914 263479.602  35.1%  33.4 1060s
  9963  9423 265000.437   94   13 406483.478 265000.437  34.8%  20.6  955s
  8212  7628 284034.195  103   12 425551.700 284034.195  33.3%  54.6  935s
  8368  7833 263815.907  135   12 406839.430 263815.907  35.2%  36.4 1045s
 11866 11008 265631.085  110   12 329474.205 265631.085  19.4%  26.5 1055s
 10193  9660 284579.270   93   15 426361.788 284579.270  33.3%  25.6  970s
  9933  9378 265234.643  162   42 291333.695 265234.643  8.96%  79.2 1020s
 15518 14982 282981.268  100   15 406077.675 282981.268  30.3%  20.5  990s
 14165 13605 264139.121  121   12 292007.216 264139.121  9.54%  30.9 1066s
  9356  8824 282981.268   64   13 424310.380 282981.268  33.3%  23.2 1030s
 13009 12475 265531.676  127   10 407356.053 265531.676  34.8%  22.7 1000s
  7330  6780 284833.096  125   11 426447.151 284833.096  33.2%  52.5  980s
  8684  8142 264076.246  222   33 291895.164 264076.246  9.53%  84.4 1075s
 11842 10514 264911.436  148    8 289812.981 264911.436  8.59%  33.6  950s
  8456  7920 265000.438  158   14 291332.895 265000.438  9.04%  23.2 1035s
  7448  6892 265665.316  122   11 408572.530 265665.316  35.0%  83.4 1065s
  6830  5973 284950.110  169   13 408591.112 284950.110  30.3%   149 1010s
 11554 10911 264528.858  407    8 289668.446 264528.858  8.68%  32.2  965s
 10630  9359 284833.096  243    8 426436.774 284833.096  33.2%  32.2  920s
  6468  5654 264482.022  119   58 363318.877 264482.022  27.2%   252 1060s
  8740  8138 284950.110   98   16 426155.139 284950.110  33.1%  34.0  935s
 11390 10744 284579.270  194    9 426205.380 284579.270  33.2%  38.0 1015s
 11588 11034 265567.045   57   10 291895.246 265567.045  9.02%  32.2  980s
 10310  9736 264570.135  197   12 407686.716 264570.135  35.1%  32.8 1055s
  8305  7060 284206.397  180    8 425854.198 284206.397  33.3%  97.2  930s
  8393  7848 263746.035   84   13 406607.504 263746.035  35.1%  31.2 1045s
 12084 11549 265531.669   76   31 407356.053 265531.669  34.8%  27.9 1026s
 11623 11087 284206.397  109    9 425816.207 284206.397  33.3%  41.4 1005s
  3307  2606 265806.102   29  156 408184.210 265059.182  35.1%   774 1072s
  8259  7675 284034.195  108   12 425551.700 284034.195  33.3%  54.7  940s
 14224 13664 264139.121  121   12 292007.216 264139.121  9.54%  30.8 1070s
 10120  4122 263625.213   53   79 291332.875 263557.949  9.53%   190 1075s
  8043  7382 265567.046  180    9 291895.241 265567.046  9.02%  83.5 1041s
 10038  9498 265000.437   96   15 406483.478 265000.437  34.8%  20.5  960s
 10765 10224 263479.602  125    9 406021.914 263479.602  35.1%  33.3 1065s
  8415  7880 263815.907  147   17 406839.430 263815.907  35.2%  36.3 1050s
 11957 11097 265631.085  104   14 329474.205 265631.085  19.4%  26.5 1060s
 10260  9727 284579.270  102   15 426361.788 284579.270  33.3%  25.5  975s
 15612 15076 282981.268  101   11 406077.675 282981.268  30.3%  20.4  995s
  9975  9420 265234.643  168   58 291333.695 265234.643  8.96%  79.3 1025s
 13146 12612 265531.676  127   21 407356.053 265531.676  34.8%  22.6 1005s
  7380  6830 284833.096  119   13 426447.151 284833.096  33.2%  52.3  985s
  8725  8183 264076.246  219   29 291895.164 264076.246  9.53%  84.2 1080s
 11857 10524 264911.436  149   14 289812.981 264911.436  8.59%  33.6  955s
  8131  7572 262569.894  126   20 289668.460 262569.894  9.36%  66.6 1055s
 11645 11002 264528.858  416    8 289668.446 264528.858  8.68%  32.2  970s
  3316  2615 265987.981   31  155 408184.210 265059.182  35.1%   775 1075s
  9417  8885 282981.268   71   21 424310.380 282981.268  33.3%  23.2 1036s
  6882  6023 284950.110  178   13 408591.112 284950.110  30.3%   148 1015s
 12127 11592 265531.669   79   31 407356.053 265531.669  34.8%  27.8 1030s
 10720  9447 284833.096  252    8 426436.774 284833.096  33.2%  32.1  925s
  8517  7981 265000.438  157   12 291332.895 265000.438  9.04%  23.2 1040s
  8840  8238 284950.110   85    9 426155.139 284950.110  33.1%  33.8  940s
  7500  6944 265665.316  127   11 408572.530 265665.316  35.0%  82.9 1070s
  8072  7411 265567.046  184    9 291895.241 265567.046  9.02%  84.2 1045s
 11673 11119 265567.045   65   18 291895.246 265567.045  9.02%  32.1  985s
 10377  9803 264570.135  198   12 407686.716 264570.135  35.1%  32.7 1060s
  8455  7910 263746.035   87   26 406607.504 263746.035  35.1%  31.1 1050s
 11452 10806 284579.270  198    9 426205.380 284579.270  33.2%  38.0 1020s
  8323  7739 284034.195  104   39 425551.700 284034.195  33.3%  54.6  945s
 14313 13753 264139.121  115   12 292007.216 264139.121  9.54%  30.8 1075s
 10145  4147 263557.949   49   59 291332.875 263557.949  9.53%   191 1080s
  8444  7909 263815.907  154   12 406839.430 263815.907  35.2%  36.3 1055s
  8377  7132 284206.397  189    8 425854.198 284206.397  33.3%  96.6  936s
 10119  9579 265000.437   94   13 406483.478 265000.437  34.8%  20.5  965s
 12040 11178 265631.085  105   12 329474.205 265631.085  19.4%  26.5 1065s
 10353  9820 284579.270   97   15 426361.788 284579.270  33.3%  25.5  980s
 10046  9491 265234.643  157    6 291333.695 265234.643  8.96%  79.2 1030s
  6491  5677 264482.022  100   55 363318.877 264482.022  27.2%   253 1068s
  7447  6897 284833.096  126   26 426447.151 284833.096  33.2%  52.0  990s
  8186  7627 262569.894  134   14 289668.460 262569.894  9.36%  66.2 1060s
  8770  8228 264076.246  208   17 291895.164 264076.246  9.53%  84.0 1085s
 13252 12718 265531.676  125   12 407356.053 265531.676  34.8%  22.6 1010s
  9471  8939 282981.268   54   13 424310.380 282981.268  33.3%  23.2 1040s
 11930 10568 264911.436  164   13 289812.981 264911.436  8.59%  33.5  960s
 10822 10281 263479.602  134   11 406021.914 263479.602  35.1%  33.2 1071s
  3337  2636 265059.182   41   30 408184.210 265059.182  35.1%   775 1080s
 11723 11080 264528.858  408    8 289668.446 264528.858  8.68%  32.2  975s
  8559  8023 265000.438  155   16 291332.895 265000.438  9.04%  23.1 1045s
  6927  6060 284950.110  179   15 408591.112 284950.110  30.3%   147 1020s
  7554  6998 265665.316  124   11 408572.530 265665.316  35.0%  82.4 1075s
 12189 11654 265531.669   81    9 407356.053 265531.669  34.8%  27.8 1035s
 10856  9563 284833.096  267    8 426436.774 284833.096  33.2%  32.1  930s
  8896  8294 284950.110   83    9 426155.139 284950.110  33.1%  33.7  945s
  6501  5686 264482.022  166   37 363318.877 264482.022  27.2%   253 1070s
  8112  7451 265567.046  179    9 291895.241 265567.046  9.02%  84.5 1050s
 10433  9859 264570.135  201   14 407686.716 264570.135  35.1%  32.7 1065s
 11649 11113 284206.397  111    9 425816.207 284206.397  33.3%  41.4 1014s
 11767 11213 265567.045   63   10 291895.246 265567.045  9.02%  32.1  990s
  8508  7963 263746.035   82   13 406607.504 263746.035  35.1%  31.1 1055s
 11553 10907 284579.270  208    9 426205.380 284579.270  33.2%  37.8 1025s
 11661 11125 284206.397  112    9 425816.207 284206.397  33.3%  41.3 1015s
  8370  7786 284034.195  110   12 425551.700 284034.195  33.3%  54.4  950s
 14394 13834 264139.121  140   14 292007.216 264139.121  9.54%  30.7 1080s
 10169  4171 263557.949   45   63 291332.875 263557.949  9.53%   191 1085s
  8431  7168 284206.397  195   10 425854.198 284206.397  33.3%  96.1  940s
 10870 10327 263479.602  122    9 406021.914 263479.602  35.1%  33.2 1075s
 10202  9662 265000.437   95   13 406483.478 265000.437  34.8%  20.4  970s
  8488  7953 263815.907  126   17 406839.430 263815.907  35.2%  36.3 1060s
 12135 11273 265631.085  111   20 329474.205 265631.085  19.4%  26.5 1070s
 15703 15167 282981.268   96   11 406077.675 282981.268  30.3%  20.4 1004s
 10436  9903 284579.270  106   13 426361.788 284579.270  33.3%  25.4  985s
 10102  9547 265234.643  157    6 291333.695 265234.643  8.96%  79.1 1035s
  9513  8981 282981.268   67   13 424310.380 282981.268  33.3%  23.2 1045s
 15704 15168 282981.268   97   13 406077.675 282981.268  30.3%  20.4 1005s
  7513  6963 284833.096  114   11 426447.151 284833.096  33.2%  51.7  995s
 12001 10614 264911.436  161    8 289812.981 264911.436  8.59%  33.3  965s
  8796  8254 264076.246  203   11 291895.164 264076.246  9.53%  83.9 1090s
 13361 12827 265531.676  134   12 407356.053 265531.676  34.8%  22.5 1015s
  8230  7671 262569.894  135   16 289668.460 262569.894  9.36%  65.9 1065s
  8608  8072 265000.438  138   12 291332.895 265000.438  9.04%  23.1 1050s
  6989  6102 284950.110  188   13 408591.112 284950.110  30.3%   145 1025s
 11805 11162 264528.858  416    8 289668.446 264528.858  8.68%  32.2  980s
 12265 11730 265531.669   89   28 407356.053 265531.669  34.8%  27.7 1040s
  7604  7048 265665.316  122   11 408572.530 265665.316  35.0%  82.0 1080s
  6536  5719 264482.022  142   53 363318.877 264482.022  27.2%   255 1075s
  8955  8353 284950.110   77   11 426155.139 284950.110  33.1%  33.6  950s
  3343  2642 265059.182   42   29 408184.210 265059.182  35.1%   775 1086s
  8164  7503 265567.046  178    9 291895.241 265567.046  9.02%  84.5 1055s
 10491  9917 264570.135  208   12 407686.716 264570.135  35.1%  32.7 1070s
 11805 11251 265567.045   67   18 291895.246 265567.045  9.02%  32.1  995s
  8484  7207 284206.397  201   10 425854.198 284206.397  33.3%  95.6  945s
  8573  8028 263746.035   83   13 406607.504 263746.035  35.1%  31.0 1060s
 11654 11006 284579.270  190    9 426205.380 284579.270  33.2%  37.7 1030s
 10938  9629 284833.096  259    8 426436.774 284833.096  33.2%  32.7  936s
 11778 11242 284206.397  107   17 425816.207 284206.397  33.3%  41.2 1020s
  8414  7830 284034.195  107   44 425551.700 284034.195  33.3%  54.5  955s
 10196  4197 263557.949   50   65 291332.875 263557.949  9.53%   192 1090s
 14482 13922 264139.121  133   12 292007.216 264139.121  9.54%  30.7 1085s
 10952 10409 263479.602  131   16 406021.914 263479.602  35.1%  33.1 1080s
 10248  9708 265000.437   90   11 406483.478 265000.437  34.8%  20.4  975s
  8542  8007 263815.907  105   17 406839.430 263815.907  35.2%  36.2 1065s
 10521  9988 284579.270   97   15 426361.788 284579.270  33.3%  25.4  990s
 12166 11304 265631.085  108   12 329474.205 265631.085  19.4%  26.5 1075s
 15773 15237 282981.268   93   14 406077.675 282981.268  30.3%  20.4 1010s
  7559  7009 284833.096  115   11 426447.151 284833.096  33.2%  51.5 1000s
  8285  7726 262569.894  143   14 289668.460 262569.894  9.36%  65.6 1070s
  8834  8292 264076.246  179   13 291895.164 264076.246  9.53%  83.7 1095s
  3357  2656 265059.182   43   55 408184.210 265059.182  35.1%   773 1090s
 12068 10652 264911.436  164   10 289812.981 264911.436  8.59%  33.6  970s
 10111  9556 265234.643  161   10 291333.695 265234.643  8.96%  79.2 1041s
 11901 11258 264528.858  404   26 289668.446 264528.858  8.68%  32.2  985s
  8662  8126 265000.438  145   12 291332.895 265000.438  9.04%  23.0 1055s
  7670  7114 265665.316  127   15 408572.530 265665.316  35.0%  81.4 1085s
  7056  6153 284950.110  191   13 408591.112 284950.110  30.3%   144 1030s
 10995  9672 284833.096  263    8 426436.774 284833.096  33.2%  33.3  940s
 12355 11820 265531.669   86   27 407356.053 265531.669  34.8%  27.7 1045s
  6567  5750 264482.022   56   23 363318.877 264482.022  27.2%   256 1080s
  8223  7562 265567.046  173    9 291895.241 265567.046  9.02%  84.6 1060s
 11746 11098 284579.270  199    9 426205.380 284579.270  33.2%  37.6 1035s
 11872 11318 265567.045   75   10 291895.246 265567.045  9.02%  32.0 1000s
 10533  9959 264570.135  195   12 407686.716 264570.135  35.1%  32.7 1075s
  8558  7269 284206.397  211    8 425854.198 284206.397  33.3%  94.9  950s
  8614  8069 263746.035   86   13 406607.504 263746.035  35.1%  30.9 1065s
  8490  7906 284034.195  110   12 425551.700 284034.195  33.3%  54.3  960s
 10219  4220 263557.949   43   61 291332.875 263557.949  9.53%   192 1095s
 14600 14034 264139.121  128   18 292007.216 264139.121  9.54%  30.6 1090s
 11805 11269 284206.397  104    9 425816.207 284206.397  33.3%  41.1 1025s
 10318  9778 265000.437   92   11 406483.478 265000.437  34.8%  20.4  980s
 11057 10514 263479.602  124   11 406021.914 263479.602  35.1%  32.9 1085s
  8596  8061 263815.907  109   12 406839.430 263815.907  35.2%  36.0 1070s
 13446 12912 265531.676  130   12 407356.053 265531.676  34.8%  22.5 1024s
 12216 11354 265631.085  107   14 329474.205 265631.085  19.4%  26.4 1080s
 10561 10028 284579.270   92   13 426361.788 284579.270  33.3%  25.4  995s
 15884 15348 282981.268  100   15 406077.675 282981.268  30.3%  20.3 1015s
  8874  8332 264076.246  183   13 291895.164 264076.246  9.53%  83.5 1100s
  7609  7059 284833.096  121   11 426447.151 284833.096  33.2%  51.3 1005s
  3385  2684 265088.467   46  137 408184.210 265059.182  35.1%   770 1095s
 10164  9609 265234.643  162   10 291333.695 265234.643  8.96%  79.1 1046s
 13462 12928 265531.676  133   14 407356.053 265531.676  34.8%  22.4 1025s
 11977 11334 264528.858  415   10 289668.446 264528.858  8.68%  32.1  990s
  8714  8178 265000.438  149   12 291332.895 265000.438  9.04%  23.0 1060s
  7715  7159 265665.316  122   11 408572.530 265665.316  35.0%  81.0 1090s
  7105  6191 284950.110  201   11 408591.112 284950.110  30.3%   144 1035s
 12448 11913 265531.669   84    9 407356.053 265531.669  34.8%  27.7 1050s
 11080  9753 284833.096  264   37 426436.774 284833.096  33.2%  33.9  945s
  8338  7779 262569.894  151   16 289668.460 262569.894  9.36%  65.5 1076s
  6605  5787 264482.022   94   38 363318.877 264482.022  27.2%   257 1085s
 12136 10698 264911.436  169   10 289812.981 264911.436  8.59%  33.8  976s
 11793 11145 284579.270  203    9 426205.380 284579.270  33.2%  37.6 1040s
  9553  9021 282981.268   71   13 424310.380 282981.268  33.3%  23.1 1057s
 11959 11405 265567.045   70   18 291895.246 265567.045  9.02%  32.0 1005s
  8313  7652 265567.046  176    9 291895.241 265567.046  9.02%  84.1 1065s
 10582 10008 264570.135  199   10 407686.716 264570.135  35.1%  32.7 1080s
  8666  8121 263746.035   87   15 406607.504 263746.035  35.1%  30.8 1070s
 11868 11332 284206.397   99   11 425816.207 284206.397  33.3%  41.1 1030s
  8594  7305 284206.397  215    8 425854.198 284206.397  33.3%  94.5  955s
  8544  7960 284034.195  117   12 425551.700 284034.195  33.3%  54.1  965s
 10239  4240 263557.949   47   54 291332.875 263557.949  9.53%   193 1100s
 14684 14118 264139.121  137   12 292007.216 264139.121  9.54%  30.6 1095s
 11134 10591 263479.602  135   16 406021.914 263479.602  35.1%  32.8 1090s
 10399  9859 265000.437   95   15 406483.478 265000.437  34.8%  20.3  985s
  8637  8102 263815.907  128   12 406839.430 263815.907  35.2%  35.9 1075s
 12302 11440 265631.085   98   22 329474.205 265631.085  19.4%  26.4 1085s
 10638 10105 284579.270  100   15 426361.788 284579.270  33.3%  25.3 1000s
 10209  9654 265234.643  172    4 291333.695 265234.643  8.96%  79.4 1050s
  9578  9046 282981.268   73   13 424310.380 282981.268  33.3%  23.1 1060s
 15974 15438 282981.268   99   15 406077.675 282981.268  30.3%  20.3 1020s
  7659  7109 284833.096  118   11 426447.151 284833.096  33.2%  51.2 1010s
  8915  8373 264076.246  205   10 291895.164 264076.246  9.53%  83.3 1105s
  8394  7835 262569.894  148   14 289668.460 262569.894  9.36%  65.3 1080s
 12200 10732 264911.436  167   13 289812.981 264911.436  8.59%  33.9  980s
  3413  2712 265083.815   51  139 408184.210 265059.182  35.1%   767 1100s
  7753  7197 265665.316  128   15 408572.530 265665.316  35.0%  80.7 1095s
  7138  6223 284950.110  204    9 408591.112 284950.110  30.3%   144 1040s
 13528 12994 265531.676  122   10 407356.053 265531.676  34.8%  22.4 1031s
 12560 12025 265531.669   85   13 407356.053 265531.669  34.8%  27.6 1055s
 12094 11451 264528.858  409    8 289668.446 264528.858  8.68%  32.1  995s
 11164  9829 284833.096  267   40 426436.774 284833.096  33.2%  34.5  950s
  6619  5799 264482.022   95   53 363318.877 264482.022  27.2%   258 1090s
  8747  8211 265000.438  151   12 291332.895 265000.438  9.04%  22.9 1065s
  8376  7715 265567.046  186    7 291895.241 265567.046  9.02%  84.2 1070s
 12028 11474 265567.045   68   10 291895.246 265567.045  9.02%  32.0 1010s
  9012  8410 284950.110   82    9 426155.139 284950.110  33.1%  33.5  965s
 11856 11208 284579.270  210    9 426205.380 284579.270  33.2%  37.5 1045s
  8718  8173 263746.035   92   26 406607.504 263746.035  35.1%  30.8 1075s
 11938 11402 284206.397  106   11 425816.207 284206.397  33.3%  41.1 1035s
  8622  8038 284034.195  100   12 425551.700 284034.195  33.3%  53.9  970s
 14765 14195 264139.121  132   12 292007.216 264139.121  9.54%  30.5 1100s
 10492  9952 265000.437   91   13 406483.478 265000.437  34.8%  20.3  990s
 11244 10701 263479.602  130   10 406021.914 263479.602  35.1%  32.7 1095s
  8678  8143 263815.907  149   17 406839.430 263815.907  35.2%  35.9 1080s
  8648  7359 284206.397  221   46 425854.198 284206.397  33.3%  94.9  961s
 12380 11518 265631.085  117   14 329474.205 265631.085  19.4%  26.3 1090s
 10729 10196 284579.270  106   13 426361.788 284579.270  33.3%  25.3 1005s
 10289  9734 265234.643  152   10 291333.695 265234.643  8.96%  79.5 1055s
 16079 15543 282981.268   95   14 406077.675 282981.268  30.3%  20.3 1025s
  9619  9087 282981.268   72   15 424310.380 282981.268  33.3%  23.1 1065s
 13582 13048 265531.676  127   10 407356.053 265531.676  34.8%  22.4 1035s
  7700  7150 284833.096  110   11 426447.151 284833.096  33.2%  51.0 1015s
  8970  8428 264076.246  207   13 291895.164 264076.246  9.53%  83.1 1110s
  8445  7886 262569.894  152   26 289668.460 262569.894  9.36%  65.2 1085s
 12257 10770 264911.436  162   10 289812.981 264911.436  8.59%  33.9  985s
  3427  2726 284586.001   45  206 408184.210 265059.182  35.1%   766 1105s
  8800  8264 265000.438  147   14 291332.895 265000.438  9.04%  22.8 1070s
H 7179  6254                    408591.11209 284950.110  30.3%   145 1045s
 12673 12138 265531.669   88   28 407356.053 265531.669  34.8%  27.6 1060s
 11238  9903 284833.096  266   10 426436.774 284833.096  33.2%  35.1  955s
  9062  8460 284950.110   87   11 426155.139 284950.110  33.1%  33.4  970s
  7797  7241 265665.316  128   14 408572.530 265665.316  35.0%  80.3 1100s
 12175 11532 264528.858  418    8 289668.446 264528.858  8.68%  32.0 1000s
 10254  4255 263619.188   41   84 291332.875 263557.949  9.53%   193 1109s
 11933 11281 284579.270  220    9 426205.380 284579.270  33.2%  37.5 1050s
  8441  7780 265567.046  188   32 291895.241 265567.046  9.02%  84.8 1075s
 12118 11564 265567.045   80   10 291895.246 265567.045  9.02%  32.0 1015s
 10639 10065 264570.135  193   12 407686.716 264570.135  35.1%  32.7 1090s
  8701  7412 284206.397  219   24 425854.198 284206.397  33.3%  95.3  965s
  8778  8233 263746.035   69   22 406607.504 263746.035  35.1%  30.7 1080s
 11998 11462 284206.397  106    9 425816.207 284206.397  33.3%  41.0 1040s
  8670  8086 284034.195  107   12 425551.700 284034.195  33.3%  53.9  975s
 14893 14323 264139.121  124   18 292007.216 264139.121  9.54%  30.4 1105s
 10258  4259 263557.989   39   37 291332.875 263557.949  9.53%   194 1110s
 10616 10076 265000.437   89   11 406483.478 265000.437  34.8%  20.2  995s
  6642  5821 264482.022  151   46 363318.877 264482.022  27.2%   259 1097s
 11305 10762 263479.602  168   27 406021.914 263479.602  35.1%  32.7 1100s
 10801 10268 284579.270  105   15 426361.788 284579.270  33.3%  25.2 1010s
 12459 11597 265631.085   98   12 329474.205 265631.085  19.4%  26.2 1095s
 10350  9795 265234.643  154    6 291333.695 265234.643  8.96%  79.7 1060s
  8718  8183 263815.907  116   22 406839.430 263815.907  35.2%  35.9 1086s
  9664  9132 282981.268   77   21 424310.380 282981.268  33.3%  23.1 1070s
  8481  7922 262569.894  156   16 289668.460 262569.894  9.36%  65.0 1090s
  7744  7194 284833.096  119   13 426447.151 284833.096  33.2%  50.8 1020s
 13765 13227 265531.676  131   21 407356.053 265531.676  34.8%  22.3 1040s
  9028  8486 264076.246  202   17 291895.164 264076.246  9.53%  82.8 1115s
 16200 15664 282981.268  102   15 406077.675 282981.268  30.3%  20.2 1030s
 12311 10802 264911.436  169   12 289812.981 264911.436  8.59%  34.0  990s
 12279 11636 264528.858  427   10 289668.446 264528.858  8.68%  31.9 1005s
  8834  8298 265000.438  135   12 291332.895 265000.438  9.04%  22.8 1075s
  7855  7299 265665.316  126   11 408572.530 265665.316  35.0%  79.9 1105s
  7212  6278 284950.110  190   28 408591.112 284950.110  30.3%   145 1050s
 11280  9939 284833.096  270    8 426436.774 284833.096  33.2%  35.6  960s
  9140  8538 284950.110   91    9 426155.139 284950.110  33.1%  33.4  975s
  6657  5835 264483.360  128   31 363318.877 264482.022  27.2%   259 1100s
  3451  2750 265073.161   46  132 408184.210 265059.182  35.1%   763 1111s
  8490  7827 265567.046  174   11 291895.241 265567.046  9.02%  84.6 1080s
 12003 11351 284579.270  219   26 426205.380 284579.270  33.2%  37.6 1055s
 12180 11626 265567.045   63   10 291895.246 265567.045  9.02%  32.0 1020s
 10703 10129 264570.135  203   16 407686.716 264570.135  35.1%  32.6 1095s
  8734  7445 284206.397  212   14 425854.198 284206.397  33.3%  95.2  970s
 12716 12181 265531.669   85    9 407356.053 265531.669  34.8%  27.5 1066s
  8729  8145 284034.195  113   24 425551.700 284034.195  33.3%  53.7  980s
  8824  8279 263746.035   70   15 406607.504 263746.035  35.1%  30.6 1085s
 14988 14418 264139.121  124   18 292007.216 264139.121  9.54%  30.4 1110s
 10287  4288 263577.093   41   92 291332.875 263557.949  9.53%   195 1115s
 12052 11516 284206.397  111   15 425816.207 284206.397  33.3%  41.0 1045s
 11375 10832 263479.602  126   11 406021.914 263479.602  35.1%  32.6 1105s
 10699 10159 265000.437   99   13 406483.478 265000.437  34.8%  20.2 1000s
  8768  8233 263815.907  129   17 406839.430 263815.907  35.2%  35.8 1090s
 12530 11668 265631.085  100   14 329474.205 265631.085  19.4%  26.2 1100s
 10388  9833 265234.643  158   40 291333.695 265234.643  8.96%  79.8 1065s
 16304 15768 282981.268  100   11 406077.675 282981.268  30.3%  20.2 1035s
  9731  9199 282981.268   68   13 424310.380 282981.268  33.3%  23.1 1075s
 10818 10285 284579.270  107   15 426361.788 284579.270  33.3%  25.2 1015s
 13871 13333 265531.676  123   12 407356.053 265531.676  34.8%  22.2 1045s
  7806  7256 284833.096  112   11 426447.151 284833.096  33.2%  50.6 1025s
  8534  7975 262569.894  148   14 289668.460 262569.894  9.36%  64.9 1095s
  9081  8539 264076.246  204   11 291895.164 264076.246  9.53%  82.6 1120s
 12386 10846 264911.436  152   12 289812.981 264911.436  8.59%  34.2  995s
 12363 11720 264528.858  437   20 289668.446 264528.858  8.68%  31.9 1010s
  8861  8325 265000.438  156   14 291332.895 265000.438  9.04%  22.8 1080s
  7919  7363 265665.316  130   14 408572.530 265665.316  35.0%  79.4 1110s
  7254  6304 284950.110  185   49 408591.112 284950.110  30.3%   145 1055s
 12774 12239 265531.669   89   19 407356.053 265531.669  34.8%  27.5 1070s
  6692  5870 264482.022   54   44 363318.877 264482.022  27.2%   261 1105s
  9202  8600 284950.110   96    9 426155.139 284950.110  33.1%  33.3  980s
 12071 11415 284579.270  204    9 426205.380 284579.270  33.2%  37.7 1060s
  8550  7887 265567.046  180   32 291895.241 265567.046  9.02%  84.4 1085s
 12245 11691 265567.045   72   10 291895.246 265567.045  9.02%  31.9 1025s
 10754 10180 264570.135  191   10 407686.716 264570.135  35.1%  32.6 1100s
  3464  2763 265059.849   47  131 408184.210 265059.182  35.1%   761 1116s
  8884  8339 263746.035   76   13 406607.504 263746.035  35.1%  30.5 1090s
  8783  7494 284206.464  219   20 425854.198 284206.397  33.3%  95.0  975s
 10316  4315 263557.949   42   46 291332.875 263557.949  9.53%   196 1120s
 12121 11585 284206.397  109   19 425816.207 284206.397  33.3%  41.0 1050s
  8799  8215 284034.195   99   18 425551.700 284034.195  33.3%  53.4  985s
 10793 10253 265000.437   95   15 406483.478 265000.437  34.8%  20.1 1005s
 11452 10909 263479.602  135    9 406021.914 263479.602  35.1%  32.5 1110s
 11342  9995 284833.096  266    8 426436.774 284833.096  33.2%  35.9  967s
 12574 11712 265631.085   95   14 329474.205 265631.085  19.4%  26.1 1105s
  8773  8238 263815.907  130   12 406839.430 263815.907  35.2%  35.7 1095s
 10450  9895 265234.643  160    4 291333.695 265234.643  8.96%  80.0 1070s
 16391 15855 282981.268  102   17 406077.675 282981.268  30.3%  20.2 1040s
  9775  9243 282981.268   71   13 424310.380 282981.268  33.3%  23.1 1080s
 10874 10341 284579.270   90   13 426361.788 284579.270  33.3%  25.2 1020s
  7855  7305 284833.096  113   17 426447.151 284833.096  33.2%  50.4 1030s
  8627  8068 262569.894  139   16 289668.460 262569.894  9.36%  64.6 1100s
  3482  2781 265059.182   50   81 408184.210 265059.182  35.1%   758 1120s
  9120  8578 264076.246  208   11 291895.164 264076.246  9.53%  82.4 1125s
  8912  8376 265000.438  139   12 291332.895 265000.438  9.04%  22.7 1085s
  7949  7393 265665.316  125   11 408572.530 265665.316  35.0%  79.1 1115s
  7293  6343 284950.110  177   44 408591.112 284950.110  30.3%   147 1060s
 12872 12337 265531.669   88   27 407356.053 265531.669  34.8%  27.5 1075s
 14018 13480 265531.676  126   10 407356.053 265531.676  34.8%  22.1 1051s
 11394 10033 284833.096  252   20 426436.774 284833.096  33.2%  36.1  970s
  6716  5894 264482.022   57   31 363318.877 264482.022  27.2%   262 1110s
 12445 11802 264528.858  445    8 289668.446 264528.858  8.68%  31.8 1015s
  9256  8654 284950.110  102    9 426155.139 284950.110  33.1%  33.3  985s
 12322 11768 265567.045   79   12 291895.246 265567.045  9.02%  31.9 1030s
  8610  7947 265567.046  182   49 291895.241 265567.046  9.02%  84.9 1090s
 14996 14426 264139.121  123   12 292007.216 264139.121  9.54%  30.4 1119s
 10805 10231 264570.135  197   14 407686.716 264570.135  35.1%  32.6 1105s
  8821  7532 284206.397  219    8 425854.198 284206.397  33.3%  95.2  980s
 12197 11661 284206.397  115   48 425816.207 284206.397  33.3%  41.4 1055s
  8932  8387 263746.035   80   13 406607.504 263746.035  35.1%  30.5 1095s
 15006 14436 264139.121  127   18 292007.216 264139.121  9.54%  30.4 1120s
 12447 10881 264911.436  157   11 289812.981 264911.436  8.59%  34.1 1002s
 10334  4333 263557.949   32   62 291332.875 263557.949  9.53%   197 1125s
 12159 11503 284579.270  204    9 426205.380 284579.270  33.2%  37.7 1066s
  8853  8269 284034.195  104   12 425551.700 284034.195  33.3%  53.4  990s
 11499 10956 263479.602  139   14 406021.914 263479.602  35.1%  32.4 1115s
 10883 10343 265000.437   95   15 406483.478 265000.437  34.8%  20.1 1010s
  8801  8266 263815.907  137   12 406839.430 263815.907  35.2%  35.7 1100s
 12654 11792 265631.085   99   14 329474.205 265631.085  19.4%  26.1 1110s
 10943 10410 284579.270   98   15 426361.788 284579.270  33.3%  25.1 1025s
 10512  9957 265234.643  153    6 291333.695 265234.643  8.96%  80.2 1075s
 16512 15976 282981.268   97   17 406077.675 282981.268  30.3%  20.2 1045s
 14105 13567 265531.676  135   19 407356.053 265531.676  34.8%  22.1 1055s
  7888  7338 284833.096  109   11 426447.151 284833.096  33.2%  50.3 1035s
  9159  8617 264076.246  210   13 291895.164 264076.246  9.53%  82.3 1130s
  9849  9317 282981.268   78   22 424310.380 282981.268  33.3%  23.1 1085s
 12473 10896 264911.436  161   12 289812.981 264911.436  8.59%  34.0 1005s
  8689  8130 262569.894  127   14 289668.460 262569.894  9.36%  64.2 1105s
 12526 11883 264528.858  452    8 289668.446 264528.858  8.68%  31.7 1020s
  7986  7430 265665.316  119   11 408572.530 265665.316  35.0%  78.8 1120s
  8961  8425 265000.438  141   12 291332.895 265000.438  9.04%  22.7 1090s
  7329  6379 284950.110  156   13 408591.112 284950.110  30.3%   148 1065s
 13004 12469 265531.669   83   11 407356.053 265531.669  34.8%  27.5 1080s
 11504 10133 284833.096  254   10 426436.774 284833.096  33.2%  36.1  975s
  3505  2804 265063.509   45  146 408184.210 265059.182  35.1%   756 1126s
  6744  5920 264482.022   75   36 363318.877 264482.022  27.2%   263 1115s
H 8840  7549                    425844.72729 284206.397  33.3%  95.2  984s
  8703  8040 265567.046  175    9 291895.241 265567.046  9.02%  84.5 1095s
 12375 11821 265567.045   71   12 291895.246 265567.045  9.02%  31.9 1035s
 10838 10264 264570.135  184   10 407686.716 264570.135  35.1%  32.6 1110s
  9325  8723 284950.110  109    9 426155.139 284950.110  33.1%  33.3  991s
 12256 11720 284206.397  113   56 425816.207 284206.397  33.3%  41.5 1060s
  8856  8272 284034.195  103   49 425551.700 284034.195  33.3%  53.4  995s
 15083 14513 264139.121  129   14 292007.216 264139.121  9.54%  30.4 1125s
 10361  4358 263568.134   34  102 291332.875 263557.949  9.53%   200 1130s
 10998 10458 265000.437   94   15 406483.478 265000.437  34.8%  20.0 1015s
  8840  7551 284206.397  220    6 425844.727 284206.397  33.3%  95.2  986s
  8834  8299 263815.907  145   17 406839.430 263815.907  35.2%  35.6 1105s
 12172 11516 284579.270  206   11 426205.380 284579.270  33.2%  37.7 1071s
 12721 11859 265631.085  103   20 329474.205 265631.085  19.4%  26.0 1115s
 11033 10500 284579.270   99   13 426361.788 284579.270  33.3%  25.1 1030s
  9919  9387 282981.268   69   13 424310.380 282981.268  33.3%  23.1 1090s
 16656 16120 282981.268   99   11 406077.675 282981.268  30.3%  20.1 1050s
 14220 13682 265531.676  136   10 407356.053 265531.676  34.8%  22.0 1060s
  7942  7392 284833.096  112   11 426447.151 284833.096  33.2%  50.1 1040s
  8968  8423 263746.035   88   13 406607.504 263746.035  35.1%  30.4 1102s
  9220  8678 264076.246  206   13 291895.164 264076.246  9.53%  82.0 1135s
 12538 10930 264911.436  139   12 289812.981 264911.436  8.59%  33.9 1010s
  3525  2824 265059.182   43   83 408184.210 265059.182  35.1%   754 1130s
  8716  8157 262569.894  130   18 289668.460 262569.894  9.36%  64.1 1110s
 12606 11958 264528.858  460    8 289668.446 264528.858  8.68%  31.8 1025s
  9004  8468 265000.438  142   14 291332.895 265000.438  9.04%  22.6 1095s
  8075  7519 265665.316  117   11 408572.530 265665.316  35.0%  78.1 1125s
 13107 12572 265531.669   85    9 407356.053 265531.669  34.8%  27.4 1085s
  7369  6419 284950.110  131   13 408591.112 284950.110  30.3%   150 1070s
 11644 10251 284833.096  244    8 426436.774 284833.096  33.2%  36.5  980s
  9366  8764 284950.110  106    9 426155.139 284950.110  33.1%  33.3  995s
  6770  5946 264482.022   56   36 363318.877 264482.022  27.2%   264 1120s
  8750  8087 265567.046  180   38 291895.241 265567.046  9.02%  84.3 1100s
 12231 11575 284579.270  201   13 426205.380 284579.270  33.2%  37.6 1075s
 12444 11890 265567.045   80   10 291895.246 265567.045  9.02%  31.9 1040s
 10892 10318 264570.135  188   10 407686.716 264570.135  35.1%  32.5 1115s
  8991  8446 263746.035   90   15 406607.504 263746.035  35.1%  30.4 1105s
 12355 11819 284206.397  116   11 425816.207 284206.397  33.3%  41.5 1065s
  8909  8325 284034.195  110   12 425551.700 284034.195  33.3%  53.5 1000s
 15169 14599 264139.121  122   12 292007.216 264139.121  9.54%  30.4 1130s
 10391  4388 263557.949   29   37 291332.875 263557.949  9.53%   200 1135s
 11557 11014 263479.602  135    9 406021.914 263479.602  35.1%  32.3 1124s
 11082 10542 265000.437   89   11 406483.478 265000.437  34.8%  20.0 1020s
  8880  8345 263815.907  157   17 406839.430 263815.907  35.2%  35.5 1110s
 11558 11015 263479.602  137   14 406021.914 263479.602  35.1%  32.3 1125s
 12785 11923 265631.085  114   16 329474.205 265631.085  19.4%  25.9 1120s
 11094 10561 284579.270  105   23 426361.788 284579.270  33.3%  25.1 1035s
  9955  9423 282981.268   72   13 424310.380 282981.268  33.3%  23.1 1095s
  8007  7457 284833.096  113   11 426447.151 284833.096  33.2%  49.9 1045s
  9275  8733 264076.246  210    9 291895.164 264076.246  9.53%  81.9 1140s
 14371 13833 265531.676  120   10 407356.053 265531.676  34.8%  21.9 1065s
 12630 10987 264911.436  128    8 289812.981 264911.436  8.59%  33.7 1015s
  3533  2832 265059.182   44   83 408184.210 265059.182  35.1%   752 1135s
  8891  7602 284206.477  219   22 425844.727 284206.397  33.3%  95.2  993s
  8770  8211 262569.894  133   14 289668.460 262569.894  9.36%  63.8 1115s
 13254 12719 265531.669   86   13 407356.053 265531.669  34.8%  27.4 1090s
 12688 12030 275254.236  469   95 289668.446 264528.858  8.68%  32.0 1030s
 11728 10333 284833.096  249   10 426436.774 284833.096  33.2%  36.4  985s
  6799  5973 264517.113  169   95 363318.877 264482.022  27.2%   265 1125s
  8121  7565 265665.316  124   18 408572.530 265665.316  35.0%  77.7 1130s
 12297 11641 284579.270  206   20 426205.380 284579.270  33.2%  37.5 1080s
  8829  8166 265567.046  178    9 291895.241 265567.046  9.02%  84.2 1105s
  9426  8824 284950.110  108   16 426155.139 284950.110  33.1%  33.3 1000s
 12539 11985 265567.045   78   12 291895.246 265567.045  9.02%  31.9 1045s
  8914  7619 284206.397  191    8 425844.727 284206.397  33.3%  95.4  995s
  9026  8481 263746.035   90   17 406607.504 263746.035  35.1%  30.3 1110s
 10958 10384 264570.135  198   10 407686.716 264570.135  35.1%  32.5 1120s
  8986  8400 284034.195  110   12 425551.700 284034.195  33.3%  53.2 1005s
 10414  4411 263558.386   45   42 291332.875 263557.949  9.53%   201 1140s
 15250 14680 264139.121  127   12 292007.216 264139.121  9.54%  30.3 1135s
 12418 11882 284206.397  118    9 425816.207 284206.397  33.3%  41.6 1070s
 11164 10624 265000.437   93   13 406483.478 265000.437  34.8%  20.0 1025s
  8922  8387 263815.907  167   17 406839.430 263815.907  35.2%  35.4 1115s
 10516  9961 265234.643  154    6 291333.695 265234.643  8.96%  80.1 1089s
 16689 16153 282981.268   98   14 406077.675 282981.268  30.3%  20.1 1059s
 12838 11976 265631.085  100   14 329474.205 265631.085  19.4%  25.9 1125s
 11151 10618 284579.270  109   13 426361.788 284579.270  33.3%  25.0 1040s
 10522  9967 265234.643  154    8 291333.695 265234.643  8.96%  80.1 1090s
  7398  6448 284950.110  109   24 408591.112 284950.110  30.3%   151 1078s
 10009  9477 282981.268   72   13 424310.380 282981.268  33.3%  23.1 1100s
 16694 16158 282981.268   99   11 406077.675 282981.268  30.3%  20.1 1060s
 11612 11069 263479.602  141   16 406021.914 263479.602  35.1%  32.3 1131s
 14527 13989 265531.676  118   10 407356.053 265531.676  34.8%  21.8 1070s
  8047  7497 284833.096  118   30 426447.151 284833.096  33.2%  49.7 1050s
 12697 11032 264911.436  135   10 289812.981 264911.436  8.59%  33.6 1020s
  8817  8258 262569.894  110   18 289668.460 262569.894  9.36%  63.5 1120s
  9319  8777 264076.246  210   17 291895.164 264076.246  9.53%  82.1 1145s
  3556  2855 265242.827   47  128 408184.210 265059.182  35.1%   749 1140s
  9023  8487 265000.438  143   12 291332.895 265000.438  9.04%  22.6 1104s
  9026  8490 265000.438  141   12 291332.895 265000.438  9.04%  22.6 1105s
  8189  7633 265665.316  120   11 408572.530 265665.316  35.0%  77.2 1135s
  7411  6461 284950.110  106   13 408591.112 284950.110  30.3%   151 1080s
 13357 12822 265531.669   86   27 407356.053 265531.669  34.8%  27.3 1095s
  9494  8892 284950.110  102    9 426155.139 284950.110  33.1%  33.3 1005s
 11795 10396 284833.096  253   14 426436.774 284833.096  33.2%  36.4  990s
 12438 11782 284579.270  212   26 426205.380 284579.270  33.2%  37.5 1085s
  8905  8242 265567.046  143    9 291895.241 265567.046  9.02%  84.0 1110s
 11036 10462 264570.135  200   12 407686.716 264570.135  35.1%  32.5 1125s
 12788 12116 264528.858  477   13 289668.446 264528.858  8.68%  32.1 1036s
  8934  7639 284206.397  204    8 425844.727 284206.397  33.3%  95.2 1000s
  9078  8533 263746.035   85   24 406607.504 263746.035  35.1%  30.3 1115s
 12470 11934 284206.397  124    7 425816.207 284206.397  33.3%  41.6 1075s
 15326 14756 264139.121  134   12 292007.216 264139.121  9.54%  30.3 1140s
  9042  8456 284034.195  113   12 425551.700 284034.195  33.3%  52.9 1010s
 11669 11126 263479.602  129    9 406021.914 263479.602  35.1%  32.2 1135s
  8967  8432 263815.907  124   12 406839.430 263815.907  35.2%  35.5 1120s
 11248 10708 265000.437   85   11 406483.478 265000.437  34.8%  19.9 1030s
 12887 12025 265631.085   94   14 329474.205 265631.085  19.4%  25.8 1130s
 11245 10712 284579.270  111   13 426361.788 284579.270  33.3%  25.0 1045s
 10592 10037 265234.643  156   10 291333.695 265234.643  8.96%  79.9 1095s
 16819 16283 282981.268   91   11 406077.675 282981.268  30.3%  20.1 1065s
 10082  9550 282981.268   68   15 424310.380 282981.268  33.3%  23.1 1105s
  6809  5983 264482.022   77   31 363318.877 264482.022  27.2%   265 1133s
  8117  7567 284833.096  111   13 426447.151 284833.096  33.2%  49.5 1055s
 12605 12051 265567.045   85   12 291895.246 265567.045  9.02%  31.9 1053s
 12762 11075 264911.436  144   10 289812.981 264911.436  8.59%  33.5 1025s
  9363  8821 264076.246  248   11 291895.164 264076.246  9.53%  82.0 1150s
  8851  8292 262569.894  108   14 289668.460 262569.894  9.36%  63.4 1125s
 12852 12178 264528.858  446   14 289668.446 264528.858  8.68%  32.2 1040s
  3565  2864 265068.982   47  132 408184.210 265059.182  35.1%   748 1145s
  9063  8527 265000.438  145   12 291332.895 265000.438  9.04%  22.6 1110s
  8238  7682 265665.316  125   11 408572.530 265665.316  35.0%  76.8 1140s
  7449  6494 289901.245  103  149 408591.112 284950.110  30.3%   153 1085s
 13436 12901 265531.669   84   11 407356.053 265531.669  34.8%  27.3 1100s
 11888 10453 284833.096  262    8 426436.774 284833.096  33.2%  36.3  995s
  6815  5989 264482.022  116   49 363318.877 264482.022  27.2%   266 1135s
  9563  8961 284950.110   87    9 426155.139 284950.110  33.1%  33.3 1010s
 14574 14036 265531.676  122   12 407356.053 265531.676  34.8%  21.8 1076s
 12493 11835 284579.270  227   24 426205.380 284579.270  33.2%  37.5 1090s
  8945  8282 265567.046  119   11 291895.241 265567.046  9.02%  83.7 1115s
 12631 12077 265567.045   74   12 291895.246 265567.045  9.02%  31.9 1055s
 11084 10510 264570.135  205   12 407686.716 264570.135  35.1%  32.5 1130s
  9007  7706 284206.397  219    8 425844.727 284206.397  33.3%  94.7 1005s
  9128  8583 263746.035   85   13 406607.504 263746.035  35.1%  30.2 1120s
 12530 11994 284206.397  129    9 425816.207 284206.397  33.3%  41.7 1080s
  9109  8523 284034.195  106   12 425551.700 284034.195  33.3%  52.7 1015s
 15444 14874 264139.121  135   12 292007.216 264139.121  9.54%  30.3 1145s
 11341 10801 265000.437   96   13 406483.478 265000.437  34.8%  19.9 1035s
 11754 11211 263479.602  135    9 406021.914 263479.602  35.1%  32.1 1140s
  9007  8472 263815.907  144   12 406839.430 263815.907  35.2%  35.4 1125s
 12964 12102 265631.085   99   20 329474.205 265631.085  19.4%  25.8 1135s
 11303 10770 284579.270  106   17 426361.788 284579.270  33.3%  25.0 1050s
 16906 16370 282981.268   96   13 406077.675 282981.268  30.3%  20.1 1070s
 10650 10095 265234.643  154    6 291333.695 265234.643  8.96%  79.8 1100s
 14649 14111 265531.676  129   10 407356.053 265531.676  34.8%  21.7 1080s
  8176  7626 284833.096  117   26 426447.151 284833.096  33.2%  49.2 1060s
  8904  8345 262569.894  119   16 289668.460 262569.894  9.36%  63.1 1130s
 10119  9587 282981.268   82   22 424310.380 282981.268  33.3%  23.0 1110s
  9408  8866 264076.246  205   11 291895.164 264076.246  9.53%  81.8 1155s
 12829 11120 264911.436  152   16 289812.981 264911.436  8.59%  33.4 1030s
 10417  4412 263558.804   47   56 291332.875 263557.949  9.53%   201 1153s
 12948 12273 272898.110  395   84 289668.446 264528.858  8.68%  32.3 1045s
  8290  7734 265665.316  129   11 408572.530 265665.316  35.0%  76.4 1145s
  9121  8585 265000.438  148   12 291332.895 265000.438  9.04%  22.5 1115s
  3586  2885 265120.432   49  102 408184.210 265059.182  35.1%   746 1150s
 11982 10541 284833.096  267    8 426436.774 284833.096  33.2%  36.6 1000s
  7477  6513 290707.995   98  136 408591.112 284950.110  30.3%   155 1090s
  6842  6016 264482.022   58   50 363318.877 264482.022  27.2%   267 1140s
  9628  9026 284950.110   84    9 426155.139 284950.110  33.1%  33.3 1015s
  9002  8337 265567.046  144    9 291895.241 265567.046  9.02%  83.5 1120s
 12745 12191 265567.045   66   10 291895.246 265567.045  9.02%  31.8 1060s
 11139 10565 264570.135  198   10 407686.716 264570.135  35.1%  32.5 1135s
  9185  8640 263746.035   87   15 406607.504 263746.035  35.1%  30.1 1125s
 12599 12063 284206.397  125    7 425816.207 284206.397  33.3%  41.7 1085s
 10433  4422 263557.949   35   43 291332.875 263557.949  9.53%   201 1155s
  9170  8584 284034.195  112   20 425551.700 284034.195  33.3%  52.7 1020s
 12563 11905 284579.270  220   20 426205.380 284579.270  33.2%  37.5 1096s
 15574 15004 264139.121  129   12 292007.216 264139.121  9.54%  30.2 1150s
 11457 10917 265000.437   92   11 406483.478 265000.437  34.8%  19.8 1040s
  9030  7729 284206.477  217   22 425844.727 284206.397  33.3%  94.8 1011s
  9058  8523 263815.907   96   12 406839.430 263815.907  35.2%  35.4 1130s
 13000 12138 265631.085  105   12 329474.205 265631.085  19.4%  25.8 1140s
 11356 10823 284579.270  111   15 426361.788 284579.270  33.3%  24.9 1055s
 10695 10140 265234.643  158    6 291333.695 265234.643  8.96%  79.6 1105s
 11805 11262 263479.602  140    9 406021.914 263479.602  35.1%  32.0 1146s
 17049 16513 282981.268  100   13 406077.675 282981.268  30.3%  20.0 1075s
 14754 14216 265531.676  134   15 407356.053 265531.676  34.8%  21.7 1085s
  8201  7651 284833.096  120   11 426447.151 284833.096  33.2%  49.2 1065s
  9459  8917 264076.246  211   13 291895.164 264076.246  9.53%  81.5 1160s
  3607  2906 265059.182   52   31 408184.210 265059.182  35.1%   745 1155s
 10173  9641 282981.268   80   13 424310.380 282981.268  33.3%  23.0 1116s
 13026 12348 264528.858  373   10 289668.446 264528.858  8.68%  32.5 1050s
  9169  8633 265000.438  147   19 291332.895 265000.438  9.04%  22.5 1120s
  8328  7772 265665.316  129   11 408572.530 265665.316  35.0%  76.2 1150s
  8905  8346 262569.894  119   14 289668.460 262569.894  9.36%  63.1 1135s
  7517  6537 304141.634   99   96 408591.112 284950.110  30.3%   158 1095s
  9723  9119 284950.110   93    9 426155.139 284950.110  33.1%  33.1 1020s
  6869  6043 264482.022   81   39 363318.877 264482.022  27.2%   267 1145s
  9063  8398 265690.772  152   31 291895.241 265567.046  9.02%  83.2 1125s
 12793 12239 265567.045   62   10 291895.246 265567.045  9.02%  31.8 1065s
 11194 10620 264570.135  200   10 407686.716 264570.135  35.1%  32.4 1140s
  9233  8688 263746.035   91   13 406607.504 263746.035  35.1%  30.1 1130s
 12669 12133 284206.397  119   30 425816.207 284206.397  33.3%  41.8 1090s
 10473  4452 263646.123   44   90 291332.875 263557.949  9.53%   202 1160s
  9221  8631 284034.195  112   12 425551.700 284034.195  33.3%  52.6 1025s
 15656 15086 264139.121  134   12 292007.216 264139.121  9.54%  30.2 1155s
 11522 10982 265000.437   84   13 406483.478 265000.437  34.8%  19.8 1045s
 11893 11350 263479.602  137    9 406021.914 263479.602  35.1%  31.9 1150s
  9095  8560 263815.907  101   20 406839.430 263815.907  35.2%  35.4 1135s
 12874 11150 264911.436  152   10 289812.981 264911.436  8.59%  33.3 1038s
  9080  7779 284206.397  192    8 425844.727 284206.397  33.3%  94.8 1016s
 13457 12922 265531.669   85    9 407356.053 265531.669  34.8%  27.3 1113s
 13053 12191 265631.085   99   16 329474.205 265631.085  19.4%  25.8 1145s
 10736 10181 265234.643  160    8 291333.695 265234.643  8.96%  79.5 1110s
 17175 16639 282981.268   94   11 406077.675 282981.268  30.3%  20.0 1080s
 10215  9683 282981.268   77   13 424310.380 282981.268  33.3%  23.0 1120s
 12045 10602 284833.096  265   12 426436.774 284833.096  33.2%  37.0 1008s
  8257  7707 284833.096  125   11 426447.151 284833.096  33.2%  49.0 1070s
 14876 14338 265531.676  130   12 407356.053 265531.676  34.8%  21.6 1090s
  9518  8976 264076.246  270   12 291895.164 264076.246  9.53%  81.2 1165s
  8945  8386 262569.894  132   14 289668.460 262569.894  9.36%  62.9 1140s
 12880 11154 264911.436  153   19 289812.981 264911.436  8.59%  33.3 1040s
  9204  8668 265000.438  151   19 291332.895 265000.438  9.04%  22.5 1125s
  8402  7846 265665.316  129   14 408572.530 265665.316  35.0%  75.6 1155s
 13093 12395 264547.609  373   33 289668.446 264528.858  8.68%  33.0 1055s
  7549  6558 289901.215  101  141 408591.112 284950.110  30.3%   160 1100s
 13506 12971 265531.669   86    9 407356.053 265531.669  34.8%  27.2 1115s
 12072 10625 284833.096  268   16 426436.774 284833.096  33.2%  37.2 1010s
  9792  9188 284950.110   87    9 426155.139 284950.110  33.1%  33.1 1025s
  6892  6065 264482.022  122   44 363318.877 264482.022  27.2%   268 1150s
H 8284  7732                    426446.91654 284833.096  33.2%  48.9 1071s
 12701 12041 284579.270  230   24 426205.380 284579.270  33.2%  37.7 1104s
 11423 10890 284579.270  115   13 426361.788 284579.270  33.3%  24.9 1062s
 12703 12043 284579.270  230   24 426205.380 284579.270  33.2%  37.7 1105s
 12879 12325 265567.045   77   14 291895.246 265567.045  9.02%  31.8 1070s
  9121  8456 265567.046  154   11 291895.241 265567.046  9.02%  82.9 1130s
 11255 10681 264570.135  192   10 407686.716 264570.135  35.1%  32.4 1145s
  9281  8736 263746.035   87   15 406607.504 263746.035  35.1%  30.0 1135s
  9290  8700 284034.195  120   14 425551.700 284034.195  33.3%  52.5 1030s
  9131  7824 284206.397  186   18 425844.727 284206.397  33.3%  94.4 1020s
 12757 12221 284206.397  127   31 425816.207 284206.397  33.3%  42.3 1095s
 10509  4488 263557.949   43   41 291332.875 263557.949  9.53%   204 1165s
 15736 15166 264139.121  126   12 292007.216 264139.121  9.54%  30.2 1160s
 11622 11082 265000.437   94   13 406483.478 265000.437  34.8%  19.8 1050s
 11965 11422 263479.602  132   16 406021.914 263479.602  35.1%  31.8 1155s
 11464 10931 284579.270  120   13 426361.788 284579.270  33.3%  24.9 1065s
 13134 12272 265631.085   87   17 329474.205 265631.085  19.4%  25.8 1150s
 17298 16762 282981.268   78   12 406077.675 282981.268  30.3%  19.9 1085s
 10276  9744 282981.268   77   21 424310.380 282981.268  33.3%  23.0 1125s
 10785 10230 265234.643  160    4 291333.695 265234.643  8.96%  79.4 1115s
  8336  7786 284833.096  122   13 426446.917 284833.096  33.2%  48.7 1075s
  9572  9030 264076.246  205   10 291895.164 264076.246  9.53%  81.1 1170s
  9003  8444 262569.894  138   43 289668.460 262569.894  9.36%  63.0 1145s
 14977 14439 265531.676  123   12 407356.053 265531.676  34.8%  21.5 1095s
 12890 11160 264911.436  160   18 289812.981 264911.436  8.59%  33.3 1045s
 13179 12430 264547.609  394   29 289668.446 264528.858  8.68%  34.2 1060s
  9264  8728 265000.438  146   12 291332.895 265000.438  9.04%  22.4 1130s
  8440  7884 265665.316  128   14 408572.530 265665.316  35.0%  75.3 1160s
  7577  6578 284950.110   90   42 408591.112 284950.110  30.3%   161 1105s
  9853  9249 284950.110   89   11 426155.139 284950.110  33.1%  33.0 1030s
 13566 13031 265531.669   81   31 407356.053 265531.669  34.8%  27.2 1120s
  6923  6096 264482.022  120   49 363318.877 264482.022  27.2%   269 1155s
  9172  8507 265567.046  126    9 291895.241 265567.046  9.02%  82.6 1135s
 12954 12400 265567.045   62   12 291895.246 265567.045  9.02%  31.7 1075s
 12765 12105 284579.270  238   24 426205.380 284579.270  33.2%  37.7 1110s
 12150 10693 284833.096  264   16 426436.774 284833.096  33.2%  37.4 1015s
 11333 10759 264570.135  200   12 407686.716 264570.135  35.1%  32.4 1150s
  9135  8600 263815.907  108   17 406839.430 263815.907  35.2%  35.3 1143s
  9155  7848 284206.397  183    8 425844.727 284206.397  33.3%  94.2 1025s
  9341  8796 263746.035   93   13 406607.504 263746.035  35.1%  29.9 1140s
 10540  4511 263581.814   28   93 291332.875 263557.949  9.53%   204 1170s
 12796 12260 284206.397  131    7 425816.207 284206.397  33.3%  42.2 1100s
 15792 15222 264139.121  126   16 292007.216 264139.121  9.54%  30.2 1165s
  9339  8749 284034.195  109   12 425551.700 284034.195  33.3%  52.4 1035s
 11726 11186 265000.437   94   15 406483.478 265000.437  34.8%  19.7 1055s
 12021 11478 263479.602  138   14 406021.914 263479.602  35.1%  31.8 1160s
  9147  8612 263815.907  106   12 406839.430 263815.907  35.2%  35.3 1145s
 13199 12337 265631.085  113   16 329474.205 265631.085  19.4%  25.7 1155s
 11550 11017 284579.270  125   15 426361.788 284579.270  33.3%  24.8 1070s
 17436 16900 282981.268   89   17 406077.675 282981.268  30.3%  19.9 1090s
 10329  9797 282981.268   84   13 424310.380 282981.268  33.3%  22.9 1130s
 15108 14570 265531.676  126   10 407356.053 265531.676  34.8%  21.5 1100s
  8375  7825 284833.096  118   13 426446.917 284833.096  33.2%  48.6 1080s
  9022  8463 262569.894  140   16 289668.460 262569.894  9.36%  63.2 1150s
 12907 11172 264911.436  157   14 289812.981 264911.436  8.59%  33.4 1050s
 10822 10267 265234.643  149    6 291333.695 265234.643  8.96%  79.4 1121s
  9330  8794 265000.438  148   12 291332.895 265000.438  9.04%  22.4 1135s
 13263 12505 264528.858  449   16 289668.446 264528.858  8.68%  34.4 1065s
 13654 13119 265531.669   82   31 407356.053 265531.669  34.8%  27.2 1125s
 12229 10764 284833.096  268    6 426436.774 284833.096  33.2%  37.8 1020s
  6954  6127 264482.022   82   44 363318.877 264482.022  27.2%   270 1160s
  9914  9310 284950.110   99   11 426155.139 284950.110  33.1%  32.9 1035s
  8513  7957 265665.316  129   11 408572.530 265665.316  35.0%  74.8 1165s
 12835 12175 284579.270  208   20 426205.380 284579.270  33.2%  37.8 1115s
 13010 12456 265567.045   49   12 291895.246 265567.045  9.02%  31.7 1080s
  9222  8553 265567.046  144    9 291895.241 265567.046  9.02%  82.3 1140s
 11386 10812 264570.135  196   14 407686.716 264570.135  35.1%  32.4 1155s
  9234  7927 284206.397  186   10 425844.727 284206.397  33.3%  93.7 1030s
  9386  8841 263746.035   93   24 406607.504 263746.035  35.1%  29.9 1145s
 12842 12306 284206.397  106    9 425816.207 284206.397  33.3%  42.5 1105s
  9391  8801 284034.195  114   24 425551.700 284034.195  33.3%  52.2 1040s
 10559  4522 263581.854   36   81 291332.875 263557.949  9.53%   206 1175s
  9622  9080 264076.246  215   17 291895.164 264076.246  9.53%  80.9 1177s
 15898 15328 264139.121  136   12 292007.216 264139.121  9.54%  30.1 1170s
 12083 11540 263479.602  133   20 406021.914 263479.602  35.1%  31.7 1165s
  9199  8664 263815.907  131   12 406839.430 263815.907  35.2%  35.2 1150s
 11636 11103 284579.270  127   13 426361.788 284579.270  33.3%  24.8 1075s
 11768 11228 265000.437   87   11 406483.478 265000.437  34.8%  19.7 1060s
 10862 10307 265234.643  148    8 291333.695 265234.643  8.96%  79.2 1125s
 10383  9851 282981.268   79   22 424310.380 282981.268  33.3%  22.9 1135s
 15202 14664 265531.676  130   21 407356.053 265531.676  34.8%  21.4 1105s
  8435  7885 284833.096  112   11 426446.917 284833.096  33.2%  48.4 1085s
 17603 17067 282981.268   89   11 406077.675 282981.268  30.3%  19.9 1095s
  9084  8525 262569.894  130   14 289668.460 262569.894  9.36%  63.1 1155s
  9651  9109 264076.246  213   17 291895.164 264076.246  9.53%  80.9 1180s
 13269 12407 265631.085  109   16 329474.205 265631.085  19.4%  25.8 1161s
 12924 11183 264911.436  152    8 289812.981 264911.436  8.59%  33.4 1055s
  9395  8859 265000.438  144   12 291332.895 265000.438  9.04%  22.3 1140s
 13336 12577 264528.858  432   10 289668.446 264528.858  8.68%  34.4 1070s
 12261 10794 284833.096  260    8 426436.774 284833.096  33.2%  37.9 1025s
  9973  9369 284950.110  101   16 426155.139 284950.110  33.1%  32.8 1040s
  6978  6148 264482.022  176   29 363318.877 264482.022  27.2%   271 1165s
 12922 12254 284579.270  218    9 426205.380 284579.270  33.2%  37.8 1120s
  9279  8606 265567.046  149    9 291895.241 265567.046  9.02%  81.9 1145s
 13113 12559 265567.045   64   12 291895.246 265567.045  9.02%  31.6 1085s
 13726 13191 265531.669   81   13 407356.053 265531.669  34.8%  27.2 1131s
  3613  2912 267950.082   53   87 408184.210 265059.182  35.1%   745 1176s
 11439 10865 264570.135  197   10 407686.716 264570.135  35.1%  32.3 1160s
  9286  7979 284206.397  178   10 425844.727 284206.397  33.3%  93.3 1035s
  9423  8878 263746.035   86   26 406607.504 263746.035  35.1%  29.8 1150s
 10577  4532 263749.663   49   87 291332.875 263557.949  9.53%   208 1180s
  9447  8857 284034.195  103   12 425551.700 284034.195  33.3%  52.0 1045s
 16007 15437 264139.121  133   20 292007.216 264139.121  9.54%  30.1 1175s
 12210 11667 263479.602  131    9 406021.914 263479.602  35.1%  31.5 1170s
 11860 11320 265000.437   98   15 406483.478 265000.437  34.8%  19.7 1065s
  9237  8702 263815.907  150   36 406839.430 263815.907  35.2%  35.2 1155s
 13295 12433 265631.085   95   14 329474.205 265631.085  19.4%  25.7 1165s
 11697 11152 284579.270  133   22 426361.788 284579.270  33.3%  24.7 1080s
 10947 10392 265234.643  157    6 291333.695 265234.643  8.96%  78.9 1130s
 17626 17090 282981.268   93   11 406077.675 282981.268  30.3%  19.9 1100s
 10443  9911 282981.268   64   13 424310.380 282981.268  33.3%  22.9 1140s
  8509  7959 284833.096  122   11 426446.917 284833.096  33.2%  48.1 1090s
 15303 14765 265531.676  124   10 407356.053 265531.676  34.8%  21.4 1110s
  9121  8560 262569.894  133   42 289668.460 262569.894  9.36%  63.2 1160s
  9695  9153 264076.246  213   10 291895.164 264076.246  9.53%  80.8 1185s
 12980 11220 264911.436  148   17 289812.981 264911.436  8.59%  33.3 1060s
  3629  2928 266397.886   55  177 408184.210 265059.182  35.1%   744 1180s
  7584  6581 290667.994  103  151 408591.112 284950.110  30.3%   162 1119s
 13440 12673 264528.858  413    8 289668.446 264528.858  8.68%  34.6 1075s
  9441  8905 265000.438  148   19 291332.895 265000.438  9.04%  22.2 1145s
 13783 13248 265531.669   86   26 407356.053 265531.669  34.8%  27.2 1135s
 10048  9444 284950.110  110   13 426155.139 284950.110  33.1%  32.7 1045s
  7585  6582 284950.110  103   42 408591.112 284950.110  30.3%   162 1120s
  8554  7998 265665.316  127   14 408572.530 265665.316  35.0%  74.5 1175s
 12884 12348 284206.397  112    9 425816.207 284206.397  33.3%  42.6 1114s
 12985 12317 284579.270  227    9 426205.380 284579.270  33.2%  37.8 1125s
  9338  8659 265567.046  153   11 291895.241 265567.046  9.02%  81.8 1150s
 13226 12672 265567.045   74   10 291895.246 265567.045  9.02%  31.5 1090s
 12344 10875 284833.096  263    8 426436.774 284833.096  33.2%  38.2 1030s
 11498 10924 264570.135  196   10 407686.716 264570.135  35.1%  32.3 1165s
  9327  8020 284206.397  176   10 425844.727 284206.397  33.3%  93.0 1040s
  9493  8948 263746.035   70   13 406607.504 263746.035  35.1%  29.7 1155s
 10594  4543 263795.901   46   42 291332.875 263557.949  9.53%   210 1185s
  9494  8904 284034.195  118   25 425551.700 284034.195  33.3%  52.0 1050s
 16087 15517 264139.121  119   12 292007.216 264139.121  9.54%  30.1 1180s
 12904 12368 284206.397  110    9 425816.207 284206.397  33.3%  42.6 1115s
 12259 11716 263479.602  136    9 406021.914 263479.602  35.1%  31.5 1175s
  9288  8753 263815.907  115   24 406839.430 263815.907  35.2%  35.1 1160s
  6985  6154 264482.022   68   42 363318.877 264482.022  27.2%   271 1172s
 11955 11415 265000.437   86   11 406483.478 265000.437  34.8%  19.6 1070s
 13362 12500 265631.085   99   16 329474.205 265631.085  19.4%  25.7 1170s
 10999 10444 265234.643  162    6 291333.695 265234.643  8.96%  78.9 1135s
 10525  9993 282981.268   71   13 424310.380 282981.268  33.3%  22.9 1145s
 11805 11254 284579.270  135   13 426361.788 284579.270  33.3%  24.6 1085s
 17725 17189 282981.268   95   15 406077.675 282981.268  30.3%  19.8 1105s
 15444 14906 265531.676  128   14 407356.053 265531.676  34.8%  21.3 1115s
  8560  8010 284833.096  111   15 426446.917 284833.096  33.2%  48.0 1095s
  9174  8613 262569.894  137   34 289668.460 262569.894  9.36%  63.3 1165s
  9748  9206 264076.246  213   10 291895.164 264076.246  9.53%  80.6 1190s
 13019 11246 264911.436  150   10 289812.981 264911.436  8.59%  33.2 1065s
  3645  2944 265394.750   57  105 408184.210 265059.182  35.1%   744 1185s
 13528 12741 264547.609  401   35 289668.446 264528.858  8.68%  35.1 1080s
  8593  8037 265665.316  127   11 408572.530 265665.316  35.0%  74.3 1180s
  9478  8942 265000.438  146   12 291332.895 265000.438  9.04%  22.2 1150s
  7609  6598 284950.110  105   32 408591.112 284950.110  30.3%   163 1125s
 12423 10950 284833.096  268    6 426436.774 284833.096  33.2%  38.5 1035s
  6996  6165 264482.022  172   32 363318.877 264482.022  27.2%   272 1175s
 13869 13334 265531.669   82    9 407356.053 265531.669  34.8%  27.1 1140s
  9393  8714 265567.046  158   11 291895.241 265567.046  9.02%  81.5 1155s
 13063 12395 284579.270  231   17 426205.380 284579.270  33.2%  37.8 1130s
 13318 12758 265567.045   72   10 291895.246 265567.045  9.02%  31.5 1095s
 10133  9529 284950.110   86   13 426155.139 284950.110  33.1%  32.6 1050s
  9392  8085 284206.397  183   10 425844.727 284206.397  33.3%  92.6 1045s
 11543 10969 264570.135  198   12 407686.716 264570.135  35.1%  32.3 1170s
  9531  8986 263746.035   80   13 406607.504 263746.035  35.1%  29.7 1160s
 12965 12429 284206.397  100   17 425816.207 284206.397  33.3%  42.6 1120s
  9565  8975 284034.195  105   53 425551.700 284034.195  33.3%  52.0 1055s
 10613  4555 263778.087   44   96 291332.875 263557.949  9.53%   212 1190s
 16192 15622 264139.121  133   16 292007.216 264139.121  9.54%  30.0 1185s
 12332 11789 263479.602  134    9 406021.914 263479.602  35.1%  31.4 1180s
 12018 11478 265000.437   94   15 406483.478 265000.437  34.8%  19.6 1075s
  9350  8815 263815.907  146   17 406839.430 263815.907  35.2%  34.9 1165s
 13404 12542 265631.085  109   14 329474.205 265631.085  19.4%  25.7 1175s
 11891 11340 284579.270  111   13 426361.788 284579.270  33.3%  24.5 1090s
 11056 10501 265234.643  159    6 291333.695 265234.643  8.96%  79.0 1140s
 17816 17280 282981.268   96   12 406077.675 282981.268  30.3%  19.8 1110s
 10577 10045 282981.268   60   20 424310.380 282981.268  33.3%  22.9 1150s
 15454 14916 265531.676  126   14 407356.053 265531.676  34.8%  21.3 1120s
  8604  8054 284833.096  115   11 426446.917 284833.096  33.2%  47.8 1100s
  9221  8660 262569.894  140   16 289668.460 262569.894  9.36%  63.3 1170s
  9795  9253 264076.246  220   10 291895.164 264076.246  9.53%  80.4 1195s
 13639 12823 264547.609  415   29 289668.446 264528.858  8.68%  35.8 1085s
  3666  2965 265119.318   48  128 408184.210 265059.182  35.1%   743 1190s
  8631  8075 265665.316  115   13 408572.530 265665.316  35.0%  74.0 1185s
  9517  8981 265000.438  150   21 291332.895 265000.438  9.04%  22.2 1155s
 13970 13435 265531.669   75   11 407356.053 265531.669  34.8%  27.1 1145s
 12519 11038 284833.096  268   20 426436.774 284833.096  33.2%  39.0 1040s
 10211  9607 284950.110   60    9 426155.139 284950.110  33.1%  32.5 1055s
  7038  6206 264482.022  174   26 363318.877 264482.022  27.2%   273 1180s
  7639  6621 284950.110   98   39 408591.112 284950.110  30.3%   164 1130s
 13136 12468 284579.270  222   19 426205.380 284579.270  33.2%  37.9 1135s
 13094 11296 264911.436  152    8 289812.981 264911.436  8.59%  33.1 1071s
  9434  8755 265567.046  138   13 291895.241 265567.046  9.02%  81.3 1160s
 13441 12877 265567.045   75   10 291895.246 265567.045  9.02%  31.4 1100s
 11609 11035 264570.135  196   10 407686.716 264570.135  35.1%  32.2 1175s
  9580  9035 263746.035   79   13 406607.504 263746.035  35.1%  29.6 1165s
  9630  9036 284034.195  117   12 425551.700 284034.195  33.3%  51.9 1060s
 10634  4564 263583.384   40  110 291332.875 263557.949  9.53%   214 1195s
 16282 15712 264139.121  118   12 292007.216 264139.121  9.54%  30.0 1190s
 13039 12503 284206.397   90    9 425816.207 284206.397  33.3%  42.5 1125s
 12104 11564 265000.437  102   13 406483.478 265000.437  34.8%  19.5 1080s
 12394 11851 263479.602  141    9 406021.914 263479.602  35.1%  31.3 1185s
  9381  8846 263815.907  161   12 406839.430 263815.907  35.2%  34.9 1170s
  9414  8107 284206.397  174    8 425844.727 284206.397  33.3%  92.5 1051s
 13471 12605 265631.085   99   14 329474.205 265631.085  19.4%  25.6 1180s
 11120 10565 265234.643  158    6 291333.695 265234.643  8.96%  79.1 1145s
 17971 17435 282981.268  100   11 406077.675 282981.268  30.3%  19.8 1115s
 10642 10110 282981.268   69   15 424310.380 282981.268  33.3%  22.8 1155s

Cutting planes:
  Gomory: 7
  Lift-and-project: 2
  Flow cover: 3

Explored 9867 nodes (806277 simplex iterations) in 1200.04 seconds (741.97 work units)
Thread count was 1 (of 32 available processors)

Solution count 10: 291895 291895 431366 ... 540264

Time limit reached
Best objective 2.918951636767e+05, best bound 2.640762460415e+05, gap 9.5304%
  8662  8112 284833.096  123   11 426446.917 284833.096  33.2%  47.7 1105s
  9246  8685 262569.894  144   14 289668.460 262569.894  9.36%  63.3 1175s
  3677  2976 265059.182   46  100 408184.210 265059.182  35.1%   743 1195s
 15535 14997 265531.676  124   21 407356.053 265531.676  34.8%  21.3 1125s
 13703 12870 264528.858  416    8 289668.446 264528.858  8.68%  36.1 1090s
  9582  9046 265000.438  149   19 291332.895 265000.438  9.04%  22.2 1160s
  8677  8121 265665.316  118   11 408572.530 265665.316  35.0%  73.7 1190s
  7669  6640 291495.301  106  146 408591.112 284950.110  30.3%   166 1135s
WARNING: Loading a SolverResults object with an 'aborted' status, but
containing a solution
 14050 13515 265531.669   83   11 407356.053 265531.669  34.8%  27.1 1150s
  7070  6237 264482.022  171   27 363318.877 264482.022  27.2%   274 1185s
 10256  9652 284950.110   86    9 426155.139 284950.110  33.1%  32.5 1060s
 12554 11071 284833.096  265    8 426436.774 284833.096  33.2%  39.2 1045s
 13225 12557 284579.270  236   12 426205.380 284579.270  33.2%  37.9 1140s
  9490  8811 265567.046  156   13 291895.241 265567.046  9.02%  81.0 1165s
 13480 12916 265567.045   75   14 291895.246 265567.045  9.02%  31.4 1105s
 11687 11113 264570.135  199   10 407686.716 264570.135  35.1%  32.2 1180s
  9456  8149 284206.397  177    8 425844.727 284206.397  33.3%  92.2 1055s
  9642  9097 263746.035   86   24 406607.504 263746.035  35.1%  29.6 1170s
 13104 12568 284206.397   96   11 425816.207 284206.397  33.3%  42.4 1130s

Cutting planes:
  Gomory: 14
  Lift-and-project: 3
  Cover: 22
  Implied bound: 1
  MIR: 7
  Flow cover: 411
  Inf proof: 12
  RLT: 25
  Relax-and-lift: 40

Explored 10655 nodes (2317389 simplex iterations) in 1200.04 seconds (753.73 work units)
Thread count was 1 (of 32 available processors)

Solution count 10: 291333 291333 291333 ... 537947

Time limit reached
Best objective 2.913328749129e+05, best bound 2.635579489409e+05, gap 9.5337%
 16359 15789 264139.121  124   18 292007.216 264139.121  9.54%  30.0 1195s
 11952 11401 284579.270  106   17 426361.788 284579.270  33.3%  24.5 1098s
 13130 11320 264911.436  146    8 289812.981 264911.436  8.59%  33.0 1077s
 12186 11646 265000.437   93   11 406483.478 265000.437  34.8%  19.5 1085s
  9690  9096 284034.195  109   12 425551.700 284034.195  33.3%  51.7 1065s
  9427  8892 263815.907  123   21 406839.430 263815.907  35.2%  34.8 1175s
WARNING: Loading a SolverResults object with an 'aborted' status, but
containing a solution
 13534 12668 265631.085  102   18 329474.205 265631.085  19.4%  25.6 1185s
 12433 11890 263479.602  133    9 406021.914 263479.602  35.1%  31.3 1190s
 11978 11427 284579.270  110   19 426361.788 284579.270  33.3%  24.5 1100s
 11170 10615 265234.643  162   10 291333.695 265234.643  8.96%  79.2 1150s
 18077 17541 282981.268  101   11 406077.675 282981.268  30.3%  19.7 1120s
 10693 10161 282981.268   72   22 424310.380 282981.268  33.3%  22.8 1160s
 15612 15074 265531.676  129   10 407356.053 265531.676  34.8%  21.2 1130s
  9305  8744 262569.894  151   14 289668.460 262569.894  9.36%  63.2 1180s

Cutting planes:
  Gomory: 337
  Lift-and-project: 2
  Cover: 122
  Implied bound: 3
  MIR: 82
  Mixing: 1
  StrongCG: 6
  Flow cover: 506
  Zero half: 52
  RLT: 133
  Relax-and-lift: 345
 13154 11336 264911.436  150    8 289812.981 264911.436  8.59%  33.0 1080s

Explored 3692 nodes (2757125 simplex iterations) in 1200.03 seconds (781.76 work units)
Thread count was 1 (of 32 available processors)

Solution count 10: 408184 408184 408185 ... 408198

Time limit reached
Best objective 4.081842099083e+05, best bound 2.650591820565e+05, gap 35.0638%
H 8712  8160                    426436.77393 284833.096  33.2%  47.6 1110s
  9629  9093 265000.438  156   19 291332.895 265000.438  9.04%  22.1 1165s
  7709  6669 284950.110   78   19 408591.112 284950.110  30.3%   168 1140s
 14115 13580 265531.669   84   28 407356.053 265531.669  34.8%  27.1 1155s
WARNING: Loading a SolverResults object with an 'aborted' status, but
containing a solution
  8715  8159 265665.316  121   11 408572.530 265665.316  35.0%  73.4 1195s
  7096  6263 264482.022  177   27 363318.877 264482.022  27.2%   276 1190s
 13735 12893 264528.858  406   10 289668.446 264528.858  8.68%  36.3 1095s
 10335  9731 284950.110   71    9 426155.139 284950.110  33.1%  32.4 1065s
 13294 12626 284579.270  223    9 426205.380 284579.270  33.2%  37.9 1145s
 13599 13035 265567.045   73   12 291895.246 265567.045  9.02%  31.4 1110s
 11761 11187 264570.135  199   12 407686.716 264570.135  35.1%  32.1 1185s
  9526  8845 265567.046  127   11 291895.241 265567.046  9.02%  80.8 1170s
  9689  9144 263746.035   92   28 406607.504 263746.035  35.1%  29.5 1175s
  9535  8228 284206.397  170    8 425844.727 284206.397  33.3%  91.7 1060s
 13174 12638 284206.397  104   13 425816.207 284206.397  33.3%  42.3 1135s
  9728  9132 284034.195  110   24 425551.700 284034.195  33.3%  51.5 1070s

Cutting planes:
  Gomory: 5
  Lift-and-project: 1
  MIR: 1

Explored 16447 nodes (510995 simplex iterations) in 1200.03 seconds (661.50 work units)
Thread count was 1 (of 32 available processors)

Solution count 6: 292007 292007 292019 ... 292121

Time limit reached
Best objective 2.920072157075e+05, best bound 2.641391212711e+05, gap 9.5436%
 12287 11745 265000.437   96   15 406483.478 265000.437  34.8%  19.5 1090s
 12497 11954 263479.602  138    9 406021.914 263479.602  35.1%  31.2 1195s
  9468  8933 263815.907  143   12 406839.430 263815.907  35.2%  34.8 1180s
WARNING: Loading a SolverResults object with an 'aborted' status, but
containing a solution
 13621 12755 265631.085  108   20 329474.205 265631.085  19.4%  25.6 1190s
 11248 10693 265234.643  160   10 291333.695 265234.643  8.96%  79.2 1155s
 10745 10213 282981.268   82   21 424310.380 282981.268  33.3%  22.8 1165s
 12034 11483 284579.270  117   13 426361.788 284579.270  33.3%  24.4 1105s
 18209 17673 282981.268  102   13 406077.675 282981.268  30.3%  19.7 1125s
 15745 15207 265531.676  125   12 407356.053 265531.676  34.8%  21.1 1135s
 13226 11384 264911.436  153   16 289812.981 264911.436  8.59%  32.9 1085s

Cutting planes:
  Gomory: 18
  Lift-and-project: 3
  Flow cover: 7
  RLT: 2
  Relax-and-lift: 1

Explored 8768 nodes (655458 simplex iterations) in 1200.01 seconds (722.77 work units)
Thread count was 1 (of 32 available processors)

Solution count 10: 408573 408676 408784 ... 581012

Time limit reached
Best objective 4.085725302141e+05, best bound 2.656653157663e+05, gap 34.9772%
  9686  9150 265000.438  152   14 291332.895 265000.438  9.04%  22.1 1170s
  8743  8193 284833.096  118   11 426436.774 284833.096  33.2%  47.5 1116s
 14199 13664 265531.669   73    9 407356.053 265531.669  34.8%  27.1 1160s
  7743  6698 284950.110   78   23 408591.112 284950.110  30.3%   169 1145s
 10432  9826 284950.110   82    9 426155.139 284950.110  33.1%  32.3 1070s
  7128  6294 264482.022  173   45 363318.877 264482.022  27.2%   276 1195s
WARNING: Loading a SolverResults object with an 'aborted' status, but
containing a solution
 13771 12917 272898.110  405   90 289668.446 264528.858  8.68%  36.6 1100s
 13402 12734 284579.270  231    9 426205.380 284579.270  33.2%  37.8 1150s
  9585  8904 265567.046  145   11 291895.241 265567.046  9.02%  80.4 1175s
 13694 13130 265567.045   67   12 291895.246 265567.045  9.02%  31.4 1115s
 12640 11145 284833.096  269   56 426436.774 284833.096  33.2%  39.4 1055s
  9566  8259 284206.397  155   10 425844.727 284206.397  33.3%  91.5 1065s
  9738  9193 263746.035   76   24 406607.504 263746.035  35.1%  29.5 1180s
 13231 12695 284206.397   96   19 425816.207 284206.397  33.3%  42.2 1140s

Cutting planes:
  Gomory: 14
  Lift-and-project: 2
  MIR: 4
  Flow cover: 4
  Zero half: 4
  RLT: 1

Explored 12598 nodes (407507 simplex iterations) in 1200.01 seconds (723.26 work units)
Thread count was 1 (of 32 available processors)

Solution count 10: 406022 406022 406023 ... 406891

Time limit reached
Best objective 4.060219136773e+05, best bound 2.634796018058e+05, gap 35.1070%
 12373 11831 265000.437   99   15 406483.478 265000.437  34.8%  19.4 1095s
  9513  8978 263815.907  120   21 406839.430 263815.907  35.2%  34.7 1185s
WARNING: Loading a SolverResults object with an 'aborted' status, but
containing a solution
  9339  8778 262569.894  136   45 289668.460 262569.894  9.36%  63.2 1188s
 13696 12830 265631.085  107   16 329474.205 265631.085  19.4%  25.6 1195s
 12115 11564 284579.270  109   15 426361.788 284579.270  33.3%  24.4 1110s
C:\Users\TECNO-MASTER\anaconda3\lib\site-packages\pandas\core\indexes\base.py:6999: FutureWarning: In a future version, the Index constructor will not infer numeric dtypes when passed object-dtype sequences (matching Series behavior)
  return Index(sequences[0], name=names)
 11805 11231 264570.135  203   12 407686.716 264570.135  35.1%  32.1 1192s
 11324 10769 265234.643  162   10 291333.695 265234.643  8.96%  79.3 1160s
 18362 17826 282981.268  104   13 406077.675 282981.268  30.3%  19.6 1130s
 10815 10283 282981.268   92   13 424310.380 282981.268  33.3%  22.8 1170s
  8778  8228 284833.096  110   24 426436.774 284833.096  33.2%  47.4 1120s
H 9773  9175                    425225.91092 284034.195  33.2%  51.4 1077s
  9364  8803 262569.894  137   14 289668.460 262569.894  9.36%  63.1 1190s
 13850 12971 272898.110  398   85 289668.446 264528.858  8.68%  37.2 1105s
 13310 11440 264911.436  168    8 289812.981 264911.436  8.59%  33.1 1090s
  9730  9194 265000.438  149   12 291332.895 265000.438  9.04%  22.0 1175s
 15886 15348 265531.676  123   10 407356.053 265531.676  34.8%  21.1 1141s
  7791  6743 284950.110   81   36 408591.112 284950.110  30.3%   169 1150s
 12677 11180 284833.096  253   10 426436.774 284833.096  33.2%  39.6 1060s
  7163  6326 264482.022   55   42 363318.877 264482.022  27.2%   277 1200s

Cutting planes:
  Gomory: 16
  Lift-and-project: 11
  Cover: 5
  Implied bound: 1
  MIR: 3
  Flow cover: 126
  RLT: 6
  Relax-and-lift: 4
 10486  9880 284950.110   87    9 426155.139 284950.110  33.1%  32.3 1075s

Explored 7164 nodes (2000550 simplex iterations) in 1200.04 seconds (799.50 work units)
Thread count was 1 (of 32 available processors)

Solution count 10: 363319 363319 363319 ... 425366

Time limit reached
Best objective 3.633188767703e+05, best bound 2.644820215008e+05, gap 27.2039%
 14273 13738 265531.669   75    9 407356.053 265531.669  34.8%  27.1 1165s
  9642  8959 265567.046  150    9 291895.241 265567.046  9.02%  80.1 1180s
WARNING: Loading a SolverResults object with an 'aborted' status, but
containing a solution
 11844 11270 264570.135  203   20 407686.716 264570.135  35.1%  32.1 1195s
  9642  8333 284206.397  167   14 425844.727 284206.397  33.3%  91.0 1070s
  9776  9231 263746.035   81   24 406607.504 263746.035  35.1%  29.5 1185s
H 9773  9175                    425212.96414 284034.195  33.2%  51.4 1079s
 13319 12783 284206.397  114   11 425816.207 284206.397  33.3%  42.3 1145s
  9564  9029 263815.907  145   12 406839.430 263815.907  35.2%  34.6 1190s
 13771 13207 265567.045   61   10 291895.246 265567.045  9.02%  31.3 1121s
 12460 11918 265000.437   86   19 406483.478 265000.437  34.8%  19.4 1100s
 13771 12905 265631.085   89   14 329474.205 265631.085  19.4%  25.5 1200s

Cutting planes:
  Gomory: 21
  MIR: 3
  Zero half: 2

Explored 13772 nodes (370790 simplex iterations) in 1200.03 seconds (780.06 work units)
Thread count was 1 (of 32 available processors)

Solution count 10: 329474 329474 329615 ... 620557

Time limit reached
Best objective 3.294742053137e+05, best bound 2.656310854705e+05, gap 19.3773%
 12248 11697 284579.270  106   13 426361.788 284579.270  33.3%  24.3 1115s
C:\Users\TECNO-MASTER\anaconda3\lib\site-packages\pandas\core\indexes\base.py:6999: FutureWarning: In a future version, the Index constructor will not infer numeric dtypes when passed object-dtype sequences (matching Series behavior)
  return Index(sequences[0], name=names)
 11398 10843 265234.643  147    8 291333.695 265234.643  8.96%  79.1 1165s
 18512 17976 282981.268   92   15 406077.675 282981.268  30.3%  19.6 1135s
WARNING: Loading a SolverResults object with an 'aborted' status, but
containing a solution
 10857 10325 282981.268   59   13 424310.380 282981.268  33.3%  22.8 1175s
 15999 15461 265531.676  125   15 407356.053 265531.676  34.8%  21.0 1145s
  8824  8274 284833.096  103   11 426436.774 284833.096  33.2%  47.2 1125s
 13375 11484 264911.436  177   10 289812.981 264911.436  8.59%  33.0 1095s
  9783  9247 265000.438  156   19 291332.895 265000.438  9.04%  22.0 1180s
 13473 12805 284579.270  236   17 426205.380 284579.270  33.2%  37.9 1159s
  7830  6781 284950.110   90   23 408591.112 284950.110  30.3%   168 1155s
  9418  8857 262569.894  141   14 289668.460 262569.894  9.36%  62.9 1196s
 14400 13865 265531.669   60   11 407356.053 265531.669  34.8%  27.0 1170s
 13957 13051 264547.609  372   31 289668.446 264528.858  8.68%  37.8 1110s
 10592  9984 284950.110   99   20 426155.139 284950.110  33.1%  32.2 1080s
 12757 11234 284833.096  260    8 426436.774 284833.096  33.2%  39.5 1065s
 13492 12824 284579.270  203    9 426205.380 284579.270  33.2%  37.9 1160s
  9711  9024 265567.046  155   15 291895.241 265567.046  9.02%  80.0 1185s
 13846 13282 265567.045   69   10 291895.246 265567.045  9.02%  31.3 1125s

Cutting planes:
  Gomory: 7
  Zero half: 3
  RLT: 1

Explored 11909 nodes (398135 simplex iterations) in 1200.03 seconds (711.31 work units)
Thread count was 1 (of 32 available processors)

Solution count 10: 407687 407687 407687 ... 555521

Time limit reached
Best objective 4.076867157686e+05, best bound 2.645701346752e+05, gap 35.1045%
  9703  8394 284206.397  167    8 425844.727 284206.397  33.3%  90.6 1075s
WARNING: Loading a SolverResults object with an 'aborted' status, but
containing a solution
  9827  9282 263746.035   74   13 406607.504 263746.035  35.1%  29.4 1190s
 12544 12002 265000.437   94   15 406483.478 265000.437  34.8%  19.4 1105s
  9773  9177 284034.195  107   29 425212.964 284034.195  33.2%  51.5 1085s
 13360 12824 284206.397  117   37 425816.207 284206.397  33.3%  42.7 1151s
  9609  9074 263815.907  128   17 406839.430 263815.907  35.2%  34.6 1195s
H14011 13090                    289668.44451 264528.858  8.68%  38.0 1113s
 12327 11776 284579.270  103   23 426361.788 284579.270  33.3%  24.3 1120s
 18586 18050 282981.268   89   12 406077.675 282981.268  30.3%  19.6 1140s
 10938 10406 282981.268   64   13 424310.380 282981.268  33.3%  22.7 1180s
 16139 15601 265531.676  125   12 407356.053 265531.676  34.8%  20.9 1150s
  8860  8310 284833.096  104   17 426436.774 284833.096  33.2%  47.1 1130s
 11460 10905 265234.643  149    8 291333.695 265234.643  8.96%  78.9 1170s
  9499  8936 262569.894  139   14 289668.460 262569.894  9.36%  62.7 1200s

Cutting planes:
  Gomory: 7
  Lift-and-project: 1
  MIR: 1
  Flow cover: 7
  RLT: 1
  Relax-and-lift: 1

Explored 9500 nodes (611014 simplex iterations) in 1200.01 seconds (717.69 work units)
Thread count was 1 (of 32 available processors)

Solution count 3: 289668 291032 291670 

Time limit reached
Best objective 2.896684601377e+05, best bound 2.625698938223e+05, gap 9.3550%
C:\Users\TECNO-MASTER\anaconda3\lib\site-packages\pandas\core\indexes\base.py:6999: FutureWarning: In a future version, the Index constructor will not infer numeric dtypes when passed object-dtype sequences (matching Series behavior)
  return Index(sequences[0], name=names)
 13445 11530 264911.436  186   12 289812.981 264911.436  8.59%  32.9 1100s
WARNING: Loading a SolverResults object with an 'aborted' status, but
containing a solution
  9839  9303 265000.438  150   12 291332.895 265000.438  9.04%  22.0 1185s
 14038 13111 264547.609  362   33 289668.445 264528.858  8.68%  38.2 1115s
  7879  6827 284950.110   88   28 408591.112 284950.110  30.3%   168 1160s
 14530 13995 265531.669   74   11 407356.053 265531.669  34.8%  27.0 1175s
 12822 11289 284833.096  269   34 426436.774 284833.096  33.2%  39.6 1070s
 10699 10091 284950.110   85    9 426155.139 284950.110  33.1%  32.1 1085s
 13913 13349 265567.045   55   10 291895.246 265567.045  9.02%  31.3 1130s
 13582 12914 284579.270  202   11 426205.380 284579.270  33.2%  37.8 1165s
  9745  9058 265567.046  154   11 291895.241 265567.046  9.02%  79.8 1190s
  9755  8446 284206.397  188    8 425844.727 284206.397  33.3%  90.3 1080s
 13414 12878 284206.397   96    9 425816.207 284206.397  33.3%  43.3 1155s
  9825  9225 284034.195  107   42 425212.964 284034.195  33.2%  51.5 1090s
  9851  9306 263746.035   77   13 406607.504 263746.035  35.1%  29.4 1195s
  9628  9093 263815.907  137   12 406839.430 263815.907  35.2%  34.6 1200s

Cutting planes:
  Gomory: 4
  MIR: 1
  Flow cover: 9

Explored 9629 nodes (349315 simplex iterations) in 1200.01 seconds (734.13 work units)
Thread count was 1 (of 32 available processors)

Solution count 10: 406839 406841 407302 ... 408301

Time limit reached
Best objective 4.068394297005e+05, best bound 2.638159072597e+05, gap 35.1548%
WARNING: Loading a SolverResults object with an 'aborted' status, but
containing a solution
 12436 11885 284579.270   82   15 426361.788 284579.270  33.3%  24.3 1125s
 11535 10980 265234.643  155    6 291333.695 265234.643  8.96%  78.6 1175s
 11015 10483 282981.268   67   13 424310.380 282981.268  33.3%  22.7 1185s
 18714 18178 282981.268   98   15 406077.675 282981.268  30.3%  19.5 1145s
 12604 12062 265000.437   99   15 406483.478 265000.437  34.8%  19.4 1111s
 16281 15743 265531.676  120   15 407356.053 265531.676  34.8%  20.9 1155s
  8930  8380 284833.096  106   13 426436.774 284833.096  33.2%  46.8 1135s
 13526 11584 264911.436  197   12 289812.981 264911.436  8.59%  32.7 1105s
  9910  9374 265000.438  151   14 291332.895 265000.438  9.04%  22.0 1190s
C:\Users\TECNO-MASTER\anaconda3\lib\site-packages\pandas\core\indexes\base.py:6999: FutureWarning: In a future version, the Index constructor will not infer numeric dtypes when passed object-dtype sequences (matching Series behavior)
  return Index(sequences[0], name=names)
 14146 13187 264547.609  364   33 289668.445 264528.858  8.68%  38.9 1120s
  7926  6872 284950.110  100   13 408591.112 284950.110  30.3%   168 1165s
 14616 14081 265531.669   76    9 407356.053 265531.669  34.8%  27.0 1180s
 12928 11379 284833.096  252   16 426436.774 284833.096  33.2%  39.8 1075s
 10822 10214 284950.110   90    9 426155.139 284950.110  33.1%  32.0 1090s
  9804  9117 265567.046  151    9 291895.241 265567.046  9.02%  79.5 1195s
 14006 13442 265567.045   64   12 291895.246 265567.045  9.02%  31.2 1135s

Cutting planes:
  Gomory: 12
  Lift-and-project: 1
  Flow cover: 1

Explored 9916 nodes (306161 simplex iterations) in 1200.02 seconds (757.41 work units)
Thread count was 1 (of 32 available processors)

Solution count 10: 406608 406608 406608 ... 513742

Time limit reached
Best objective 4.066075042228e+05, best bound 2.637460345339e+05, gap 35.1350%
 13690 13022 284579.270  206   11 426205.380 284579.270  33.2%  37.7 1170s
 13487 12951 284206.397   90   11 425816.207 284206.397  33.3%  43.3 1160s
  9870  9270 284034.195  109   14 425212.964 284034.195  33.2%  51.5 1095s
WARNING: Loading a SolverResults object with an 'aborted' status, but
containing a solution
 12655 12113 265000.437   92   11 406483.478 265000.437  34.8%  19.4 1115s
  9836  8527 284206.397  179    8 425844.727 284206.397  33.3%  89.9 1086s
 18888 18352 282981.268  104   15 406077.675 282981.268  30.3%  19.5 1150s
 12554 12003 284579.270   88   15 426361.788 284579.270  33.3%  24.2 1130s
 11622 11067 265234.643  160    6 291333.695 265234.643  8.96%  78.3 1180s
 11087 10555 282981.268   76   13 424310.380 282981.268  33.3%  22.6 1190s
 16442 15904 265531.676  117   10 407356.053 265531.676  34.8%  20.9 1160s
  8986  8436 284833.096  111   17 426436.774 284833.096  33.2%  46.7 1140s
 13559 11606 264911.436  197   10 289812.981 264911.436  8.59%  32.7 1110s
  9970  9434 265000.438  149   12 291332.895 265000.438  9.04%  21.9 1195s
 14218 13236 264547.609  361   29 289668.445 264528.858  8.68%  39.3 1125s
  7988  6928 284950.110  111   13 408591.112 284950.110  30.3%   167 1170s
 14735 14200 265531.669   87   13 407356.053 265531.669  34.8%  26.9 1185s
 10923 10315 284950.110   91    9 426155.139 284950.110  33.1%  32.0 1095s
 13028 11449 284833.096  267    8 426436.774 284833.096  33.2%  39.7 1080s

Cutting planes:
  Gomory: 5
  Lift-and-project: 3
  Flow cover: 4

Explored 9867 nodes (800753 simplex iterations) in 1200.02 seconds (730.62 work units)
Thread count was 1 (of 32 available processors)

Solution count 6: 291895 291895 291895 ... 543422

Time limit reached
Best objective 2.918952408918e+05, best bound 2.655670460834e+05, gap 9.0197%
 14116 13552 265567.045   64   12 291895.246 265567.045  9.02%  31.2 1140s
WARNING: Loading a SolverResults object with an 'aborted' status, but
containing a solution
  9903  8590 284206.397  186   16 425844.727 284206.397  33.3%  89.5 1090s
 13771 13099 284579.270  224   24 426205.380 284579.270  33.2%  37.7 1175s
 13600 13064 284206.397  101   11 425816.207 284206.397  33.3%  43.2 1165s
  9936  9334 284034.195  109   12 425212.964 284034.195  33.2%  51.5 1100s
 12759 12217 265000.437   89   11 406483.478 265000.437  34.8%  19.3 1120s
 11701 11146 265234.643  170   81 291333.695 265234.643  8.96%  78.2 1185s
 19038 18502 282981.268   98   15 406077.675 282981.268  30.3%  19.5 1155s
 12556 12005 284579.270   87   13 426361.788 284579.270  33.3%  24.2 1135s
 16536 15998 265531.676  124   10 407356.053 265531.676  34.8%  20.8 1165s
  9048  8498 284833.096  116   26 426436.774 284833.096  33.2%  46.5 1145s
 13646 11664 264911.436  199   13 289812.981 264911.436  8.59%  32.6 1115s
 11119 10587 282981.268   54   13 424310.380 282981.268  33.3%  22.6 1195s

Cutting planes:
  Gomory: 5
  Lift-and-project: 4
  MIR: 1
  Flow cover: 1
  Relax-and-lift: 1

Explored 10048 nodes (233480 simplex iterations) in 1200.01 seconds (742.20 work units)
Thread count was 1 (of 32 available processors)

Solution count 10: 291333 407705 407706 ... 541229

Time limit reached
Best objective 2.913328954086e+05, best bound 2.650004381228e+05, gap 9.0386%
 14362 13326 272898.110  416  100 289668.445 264528.858  8.68%  40.4 1130s
  8067  6992 284950.110  111   13 408591.112 284950.110  30.3%   165 1175s
 14870 14335 265531.669   82    9 407356.053 265531.669  34.8%  26.9 1190s
 11040 10432 284950.110   94    9 426155.139 284950.110  33.1%  31.9 1100s
WARNING: Loading a SolverResults object with an 'aborted' status, but
containing a solution
 13161 11574 284833.096  258    8 426436.774 284833.096  33.2%  40.0 1085s
 14218 13654 265567.045   62   10 291895.246 265567.045  9.02%  31.2 1145s
  9995  8682 284206.397  186    8 425844.727 284206.397  33.3%  88.9 1095s
 13688 13152 284206.397  109    9 425816.207 284206.397  33.3%  43.2 1170s
 10020  9416 284034.195  117   12 425212.964 284034.195  33.2%  51.2 1105s
 12848 12306 265000.437   97   11 406483.478 265000.437  34.8%  19.3 1125s
 13876 13204 284579.270  234   31 426205.380 284579.270  33.2%  37.7 1181s
 11784 11228 265234.643  174   10 291333.695 265234.643  8.96%  78.2 1190s
 19271 18735 282981.268   89   12 406077.675 282981.268  30.3%  19.4 1160s

Cutting planes:
  Gomory: 9
  Flow cover: 4

Explored 11199 nodes (264099 simplex iterations) in 1200.01 seconds (752.55 work units)
Thread count was 1 (of 32 available processors)

Solution count 10: 424310 424459 424533 ... 427457

Time limit reached
Best objective 4.243103796408e+05, best bound 2.829812677296e+05, gap 33.3080%
 12655 12104 284579.270   96   15 426361.788 284579.270  33.3%  24.1 1140s
WARNING: Loading a SolverResults object with an 'aborted' status, but
containing a solution
 13759 11740 264911.436  207   10 289812.981 264911.436  8.59%  32.5 1120s
 14497 13398 272898.110  424   87 289668.445 264528.858  8.68%  41.9 1135s
  8130  7039 286048.321  117  125 408591.112 284950.110  30.3%   164 1180s
 13264 11661 284833.096  241    8 426436.774 284833.096  33.2%  40.0 1090s
 16649 16111 265531.676  127   10 407356.053 265531.676  34.8%  20.8 1171s
 14980 14445 265531.669   93    9 407356.053 265531.669  34.8%  26.9 1195s
 11143 10535 284950.110  106    9 426155.139 284950.110  33.1%  31.8 1105s
 14348 13784 265567.045   72   10 291895.246 265567.045  9.02%  31.1 1150s
 13977 13305 284579.270  229   24 426205.380 284579.270  33.2%  37.8 1185s
 13801 13265 284206.397  101    9 425816.207 284206.397  33.3%  43.0 1175s
 10051  8732 284206.397  192    8 425844.727 284206.397  33.3%  88.5 1100s
 10095  9491 284034.195  113   24 425212.964 284034.195  33.2%  50.9 1110s
  9121  8571 284833.096  124   11 426436.774 284833.096  33.2%  46.2 1153s
 12964 12422 265000.437   91   15 406483.478 265000.437  34.8%  19.3 1130s
✅ Solution time [sec]: 1203.97
📊 Status: maxTimeLimit
💰 Operation Cost: 291895.1636767147
⚠️ No se encontró 'gurobi.log'. 
✔ JSON de variables y parámetros, log y summary guardados en 'C:\Users\TECNO-MASTER\Desktop\Elmo_infrastructure_sizing_NP-\output\DCH_septiembre\Bateria_353\Costo_variable\Swap_restringido\Swap_variable_3estaciones_160kW_Descomp/station_1_d1_stage1'.
  [Fase 1 (infra libre)] estacion=station_3 dia=244 -> C:\Users\TECNO-MASTER\Desktop\Elmo_infrastructure_sizing_NP-\output\DCH_septiembre\Bateria_353\Costo_variable\Swap_restringido\Swap_variable_3estaciones_160kW_Descomp/station_3_d244_stage1
formulation time: 27.30921769142151
Set parameter OutputFlag to value 1
Set parameter OutputFlag to value 1
Set parameter LogToConsole to value 1
Set parameter MIPGap to value 0.05
Set parameter TimeLimit to value 1200
Set parameter LogFile to value "C:\Users\TECNO-MASTER\Desktop\Elmo_infrastructure_sizing_NP-\output\DCH_septiembre\Bateria_353\Costo_variable\Swap_restringido\Swap_variable_3estaciones_160kW_Descomp\station_3_d244_stage1\ELMO_log.txt"
Set parameter Threads to value 1
Set parameter Heuristics to value 0.5
Set parameter MIPFocus to value 3
Set parameter Presolve to value 2
Set parameter FlowCoverCuts to value 2
Gurobi Optimizer version 12.0.3 build v12.0.3rc0 (win64 - Windows 11+.0 (26200.2))

CPU model: Intel(R) Core(TM) i9-14900K, instruction set [SSE2|AVX|AVX2]
Thread count: 24 physical cores, 32 logical processors, using up to 1 threads

Non-default parameters:
TimeLimit  1200
MIPGap  0.05
Heuristics  0.5
MIPFocus  3
FlowCoverCuts  2
Presolve  2
Threads  1

Optimize a model with 26902 rows, 53707 columns and 245230 nonzeros
Model fingerprint: 0xf274c128
Variable types: 2099 continuous, 51608 integer (18485 binary)
Coefficient statistics:
  Matrix range     [1e+00, 3e+02]
  Objective range  [8e-03, 8e+04]
  Bounds range     [1e+00, 1e+01]
  RHS range        [1e+00, 1e+04]
 12746 12195 284579.270   90   13 426361.788 284579.270  33.3%  24.1 1145s
Presolve removed 25510 rows and 44907 columns
Presolve time: 0.33s
Presolved: 1392 rows, 8800 columns, 29085 nonzeros
Variable types: 216 continuous, 8584 integer (8258 binary)
 11860 11304 265234.643  171   10 291333.695 265234.643  8.96%  78.4 1195s
Root relaxation presolved: 1392 rows, 8800 columns, 29085 nonzeros


Use crossover to convert LP symmetric solution to basic solution...

Root relaxation: objective 2.694811e+05, 3748 iterations, 0.12 seconds (0.06 work units)
 16714 16176 265531.676  126   10 407356.053 265531.676  34.8%  20.8 1175s
  9157  8607 284833.096  128   32 426436.774 284833.096  33.2%  46.2 1155s

    Nodes    |    Current Node    |     Objective Bounds      |     Work
 Expl Unexpl |  Obj  Depth IntInf | Incumbent    BestBd   Gap | It/Node Time

     0     0 269481.062    0   71          - 269481.062      -     -    1s
 13850 11800 264911.436  222   20 289812.981 264911.436  8.59%  32.7 1125s
     0     0 284034.195    0   15          - 284034.195      -     -    1s
     0     0 284034.195    0   15          - 284034.195      -     -    1s
 14555 13426 264547.609  451   38 289668.445 264528.858  8.68%  42.5 1140s
     0     0 284034.195    0   15          - 284034.195      -     -    1s
✅ Solution time [sec]: 1203.70
📊 Status: maxTimeLimit
💰 Operation Cost: 291332.8749129355
⚠️ No se encontró 'gurobi.log'. 
✔ JSON de variables y parámetros, log y summary guardados en 'C:\Users\TECNO-MASTER\Desktop\Elmo_infrastructure_sizing_NP-\output\DCH_septiembre\Bateria_353\Costo_variable\Swap_restringido\Swap_variable_3estaciones_160kW_Descomp/station_1_d60_stage1'.
  [Fase 1 (infra libre)] estacion=station_3 dia=274 -> C:\Users\TECNO-MASTER\Desktop\Elmo_infrastructure_sizing_NP-\output\DCH_septiembre\Bateria_353\Costo_variable\Swap_restringido\Swap_variable_3estaciones_160kW_Descomp/station_3_d274_stage1
formulation time: 25.62371850013733
Set parameter OutputFlag to value 1
Set parameter OutputFlag to value 1
Set parameter LogToConsole to value 1
Set parameter MIPGap to value 0.05
Set parameter TimeLimit to value 1200
Set parameter LogFile to value "C:\Users\TECNO-MASTER\Desktop\Elmo_infrastructure_sizing_NP-\output\DCH_septiembre\Bateria_353\Costo_variable\Swap_restringido\Swap_variable_3estaciones_160kW_Descomp\station_3_d274_stage1\ELMO_log.txt"
Set parameter Threads to value 1
Set parameter Heuristics to value 0.5
Set parameter MIPFocus to value 3
Set parameter Presolve to value 2
Set parameter FlowCoverCuts to value 2
  8195  7097 284950.110  124   13 408591.112 284950.110  30.3%   163 1185s
Gurobi Optimizer version 12.0.3 build v12.0.3rc0 (win64 - Windows 11+.0 (26200.2))

CPU model: Intel(R) Core(TM) i9-14900K, instruction set [SSE2|AVX|AVX2]
Thread count: 24 physical cores, 32 logical processors, using up to 1 threads

Non-default parameters:
TimeLimit  1200
MIPGap  0.05
Heuristics  0.5
MIPFocus  3
FlowCoverCuts  2
Presolve  2
Threads  1

Optimize a model with 26872 rows, 53707 columns and 245170 nonzeros
Model fingerprint: 0x6ecc76ed
Variable types: 2099 continuous, 51608 integer (18485 binary)
Coefficient statistics:
  Matrix range     [1e+00, 3e+02]
  Objective range  [4e-03, 8e+04]
  Bounds range     [1e+00, 1e+01]
  RHS range        [1e+00, 1e+04]

Cutting planes:
  Gomory: 6
  Lift-and-project: 1

Explored 15086 nodes (420628 simplex iterations) in 1200.01 seconds (575.16 work units)
Thread count was 1 (of 32 available processors)

Solution count 10: 407356 407417 407431 ... 409011

Time limit reached
Best objective 4.073560532236e+05, best bound 2.655316686246e+05, gap 34.8158%
 13398 11785 284833.096  251    8 426436.774 284833.096  33.2%  39.7 1095s
 11263 10655 284950.110   86    9 426155.139 284950.110  33.1%  31.8 1110s
Presolve removed 25549 rows and 44947 columns
Presolve time: 0.25s
Presolved: 1323 rows, 8760 columns, 28344 nonzeros
     0     0 284034.195    0    8          - 284034.195      -     -    2s
Variable types: 216 continuous, 8544 integer (8258 binary)
Root relaxation presolved: 1323 rows, 8760 columns, 28344 nonzeros

WARNING: Loading a SolverResults object with an 'aborted' status, but
containing a solution

Use crossover to convert LP symmetric solution to basic solution...

Root relaxation: objective 2.414323e+05, 3684 iterations, 0.11 seconds (0.06 work units)
     0     0 284034.195    0   16          - 284034.195      -     -    2s
 14136 13464 284579.270  205   22 426205.380 284579.270  33.2%  37.7 1190s
 14410 13846 265567.045   84   12 291895.246 265567.045  9.02%  31.1 1155s

    Nodes    |    Current Node    |     Objective Bounds      |     Work
 Expl Unexpl |  Obj  Depth IntInf | Incumbent    BestBd   Gap | It/Node Time

     0     0 241432.255    0   42          - 241432.255      -     -    0s
     0     0 284034.195    0   19          - 284034.195      -     -    3s
 10153  8812 284206.397  201   14 425844.727 284206.397  33.3%  87.8 1105s
     0     0 284034.195    0   19          - 284034.195      -     -    3s
 19502 18966 282981.268   99   17 406077.675 282981.268  30.3%  19.4 1167s
     0     0 254048.439    0   37          - 254048.439      -     -    1s
 10176  9568 284034.195  126   16 425212.964 284034.195  33.2%  50.7 1115s
H    0     0                    617984.96332 284034.195  54.0%     -    3s
H    0     0                    598360.18592 284034.195  52.5%     -    3s
H    0     0                    598324.75166 284034.195  52.5%     -    4s
     0     0 265234.642    0   15          - 265234.642      -     -    2s
H    0     0                    574583.70429 284034.195  50.6%     -    4s
 13075 12533 265000.437   93   15 406483.478 265000.437  34.8%  19.2 1135s
H    0     0                    574470.98853 284034.195  50.6%     -    4s
H    0     0                    446439.43294 284034.195  36.4%     -    4s
H    0     0                    445465.84170 284034.195  36.2%     -    4s
     0     0 265234.642    0   15          - 265234.642      -     -    2s
     0     0 265234.642    0   16          - 265234.642      -     -    2s
H    0     0                    445353.12595 284034.195  36.2%     -    4s
     0     0 265234.642    0   22          - 265234.642      -     -    2s
     0     0 265234.642    0   24          - 265234.642      -     -    3s
     0     2 284034.195    0   12 445353.126 284034.195  36.2%     -    5s
     0     0 265234.642    0   14          - 265234.642      -     -    3s

Cutting planes:
  Gomory: 7
  Lift-and-project: 10
  Cover: 3
  Flow cover: 6
  Zero half: 2
  RLT: 2
  Relax-and-lift: 1

Explored 11960 nodes (956800 simplex iterations) in 1200.02 seconds (698.97 work units)
Thread count was 1 (of 32 available processors)

Solution count 5: 291334 291334 432800 ... 543237

Time limit reached
Best objective 2.913336953921e+05, best bound 2.652346431513e+05, gap 8.9585%
     0     0 265234.642    0   14          - 265234.642      -     -    3s
 12857 12306 284579.270   94   13 426361.788 284579.270  33.3%  24.0 1150s
WARNING: Loading a SolverResults object with an 'aborted' status, but
containing a solution
 16824 16286 265531.676  125   10 407356.053 265531.676  34.8%  20.7 1180s
  9259  8709 284833.096  122   28 426436.774 284833.096  33.2%  45.9 1160s
 19565 19029 282981.268   96   11 406077.675 282981.268  30.3%  19.3 1170s
✅ Solution time [sec]: 1204.06
📊 Status: maxTimeLimit
💰 Operation Cost: 408184.20990832377
⚠️ No se encontró 'gurobi.log'. 
✔ JSON de variables y parámetros, log y summary guardados en 'C:\Users\TECNO-MASTER\Desktop\Elmo_infrastructure_sizing_NP-\output\DCH_septiembre\Bateria_353\Costo_variable\Swap_restringido\Swap_variable_3estaciones_160kW_Descomp/station_1_d91_stage1'.
  [Fase 1 (infra libre)] estacion=station_3 dia=305 -> C:\Users\TECNO-MASTER\Desktop\Elmo_infrastructure_sizing_NP-\output\DCH_septiembre\Bateria_353\Costo_variable\Swap_restringido\Swap_variable_3estaciones_160kW_Descomp/station_3_d305_stage1
formulation time: 24.390408992767334
Set parameter OutputFlag to value 1
Set parameter OutputFlag to value 1
Set parameter LogToConsole to value 1
Set parameter MIPGap to value 0.05
Set parameter TimeLimit to value 1200
Set parameter LogFile to value "C:\Users\TECNO-MASTER\Desktop\Elmo_infrastructure_sizing_NP-\output\DCH_septiembre\Bateria_353\Costo_variable\Swap_restringido\Swap_variable_3estaciones_160kW_Descomp\station_3_d305_stage1\ELMO_log.txt"
Set parameter Threads to value 1
Set parameter Heuristics to value 0.5
Set parameter MIPFocus to value 3
Set parameter Presolve to value 2
Set parameter FlowCoverCuts to value 2
Gurobi Optimizer version 12.0.3 build v12.0.3rc0 (win64 - Windows 11+.0 (26200.2))

CPU model: Intel(R) Core(TM) i9-14900K, instruction set [SSE2|AVX|AVX2]
Thread count: 24 physical cores, 32 logical processors, using up to 1 threads

Non-default parameters:
TimeLimit  1200
MIPGap  0.05
Heuristics  0.5
MIPFocus  3
FlowCoverCuts  2
Presolve  2
Threads  1

Optimize a model with 26872 rows, 53707 columns and 245170 nonzeros
Model fingerprint: 0x86963427
Variable types: 2099 continuous, 51608 integer (18485 binary)
Coefficient statistics:
  Matrix range     [1e+00, 3e+02]
  Objective range  [1e-01, 8e+04]
  Bounds range     [1e+00, 1e+01]
  RHS range        [1e+00, 1e+04]
 14686 13493 264547.609  450   26 289668.445 264528.858  8.68%  43.9 1145s
  8287  7184 284950.110  134   13 408591.112 284950.110  30.3%   161 1190s
Presolve removed 25521 rows and 44919 columns
Presolve time: 0.33s
Presolved: 1351 rows, 8788 columns, 28850 nonzeros
Variable types: 216 continuous, 8572 integer (8258 binary)
Root relaxation presolved: 1351 rows, 8788 columns, 28850 nonzeros

 11373 10765 284950.110   96   11 426155.139 284950.110  33.1%  31.7 1115s

Use crossover to convert LP symmetric solution to basic solution...

Root relaxation: objective 2.402681e+05, 3835 iterations, 0.11 seconds (0.07 work units)
 13958 11872 264911.436  197    8 289812.981 264911.436  8.59%  32.7 1131s
 14300 13624 284579.270  229   19 426205.380 284579.270  33.2%  37.7 1195s

    Nodes    |    Current Node    |     Objective Bounds      |     Work
 Expl Unexpl |  Obj  Depth IntInf | Incumbent    BestBd   Gap | It/Node Time

     0     0 240268.107    0   37          - 240268.107      -     -    1s
 14540 13976 265567.045   60   10 291895.246 265567.045  9.02%  31.2 1160s
 10249  8908 284206.397  203   10 425844.727 284206.397  33.3%  87.3 1110s
     0     0 252794.142    0   40          - 252794.142      -     -    1s
     0     0 253075.372    0   61          - 253075.372      -     -    1s
 10257  9649 284034.195  151   10 425212.964 284034.195  33.2%  50.5 1120s
     0     0 264911.424    0   16          - 264911.424      -     -    2s
 13538 11905 284833.096  254    8 426436.774 284833.096  33.2%  39.6 1101s
 13238 12696 265000.437   85   11 406483.478 265000.437  34.8%  19.2 1140s
H    0     0                    522813.75236 265234.642  49.3%     -    7s
H    0     0                    522735.31861 265234.642  49.3%     -    7s
H    0     0                    411645.10527 265234.642  35.6%     -    7s
H    0     0                    410540.10305 265234.642  35.4%     -    7s
     0     0 264911.424    0   17          - 264911.424      -     -    2s
H    0     0                    410482.21861 265234.642  35.4%     -    7s
     0     0 264911.424    0   20          - 264911.424      -     -    2s
H    0     0                    410351.19420 265234.642  35.4%     -    7s
     0     2 265234.642    0   14 410351.194 265234.642  35.4%     -    7s
     0     0 264911.424    0   11          - 264911.424      -     -    3s
    56    58 284034.195   17   18 445353.126 284034.195  36.2%   224   10s
 13009 12458 284579.270   99   13 426361.788 284579.270  33.3%  23.9 1155s
     0     0 264911.424    0   31          - 264911.424      -     -    3s
 19733 19197 282981.268   84   14 406077.675 282981.268  30.3%  19.3 1175s
     0     0 264911.424    0   14          - 264911.424      -     -    3s
H   26    26                    408862.60700 265234.642  35.1%   221    8s
 16985 16447 265531.676  115   12 407356.053 265531.676  34.8%  20.6 1185s
 13884 13348 284206.397   95    9 425816.207 284206.397  33.3%  43.0 1187s
 14044 11930 264911.436  208    8 289812.981 264911.436  8.59%  32.6 1135s
  9337  8787 284833.096  123   11 426436.774 284833.096  33.2%  45.7 1165s
✅ Solution time [sec]: 1204.08
📊 Status: maxTimeLimit
💰 Operation Cost: 292007.21570747887
⚠️ No se encontró 'gurobi.log'. 
✔ JSON de variables y parámetros, log y summary guardados en 'C:\Users\TECNO-MASTER\Desktop\Elmo_infrastructure_sizing_NP-\output\DCH_septiembre\Bateria_353\Costo_variable\Swap_restringido\Swap_variable_3estaciones_160kW_Descomp/station_1_d32_stage1'.
  [Fase 1 (infra libre)] estacion=station_3 dia=335 -> C:\Users\TECNO-MASTER\Desktop\Elmo_infrastructure_sizing_NP-\output\DCH_septiembre\Bateria_353\Costo_variable\Swap_restringido\Swap_variable_3estaciones_160kW_Descomp/station_3_d335_stage1
formulation time: 24.18414855003357
Set parameter OutputFlag to value 1
Set parameter OutputFlag to value 1
Set parameter LogToConsole to value 1
Set parameter MIPGap to value 0.05
Set parameter TimeLimit to value 1200
Set parameter LogFile to value "C:\Users\TECNO-MASTER\Desktop\Elmo_infrastructure_sizing_NP-\output\DCH_septiembre\Bateria_353\Costo_variable\Swap_restringido\Swap_variable_3estaciones_160kW_Descomp\station_3_d335_stage1\ELMO_log.txt"
Set parameter Threads to value 1
Set parameter Heuristics to value 0.5
Set parameter MIPFocus to value 3
Set parameter Presolve to value 2
Set parameter FlowCoverCuts to value 2
 14856 13620 264547.609  415   31 289668.445 264528.858  8.68%  44.8 1150s
Gurobi Optimizer version 12.0.3 build v12.0.3rc0 (win64 - Windows 11+.0 (26200.2))

CPU model: Intel(R) Core(TM) i9-14900K, instruction set [SSE2|AVX|AVX2]
Thread count: 24 physical cores, 32 logical processors, using up to 1 threads

Non-default parameters:
TimeLimit  1200
MIPGap  0.05
Heuristics  0.5
MIPFocus  3
FlowCoverCuts  2
Presolve  2
Threads  1

Optimize a model with 26872 rows, 53707 columns and 245170 nonzeros
Model fingerprint: 0xc1c1da9f
Variable types: 2099 continuous, 51608 integer (18485 binary)
Coefficient statistics:
  Matrix range     [1e+00, 3e+02]
  Objective range  [4e-03, 8e+04]
  Bounds range     [1e+00, 1e+01]
  RHS range        [1e+00, 1e+04]
  8365  7238 284950.110  143   35 408591.112 284950.110  30.3%   161 1195s
    42    44 265234.642   13   33 408862.607 265234.642  35.1%   252   10s
Presolve removed 25521 rows and 44919 columns
Presolve time: 0.31s
Presolved: 1351 rows, 8788 columns, 28850 nonzeros
Variable types: 216 continuous, 8572 integer (8258 binary)
Root relaxation presolved: 1351 rows, 8788 columns, 28850 nonzeros

 13609 11976 284833.096  262   14 426436.774 284833.096  33.2%  39.6 1105s

Use crossover to convert LP symmetric solution to basic solution...

Root relaxation: objective 2.401522e+05, 3829 iterations, 0.07 seconds (0.07 work units)

    Nodes    |    Current Node    |     Objective Bounds      |     Work
 Expl Unexpl |  Obj  Depth IntInf | Incumbent    BestBd   Gap | It/Node Time

     0     0 240152.198    0   33          - 240152.198      -     -    0s
 11441 10833 284950.110   94   13 426155.139 284950.110  33.1%  31.6 1120s
 14482 13806 284579.270  233    9 426205.380 284579.270  33.2%  37.7 1200s

Cutting planes:
  Gomory: 7
  Lift-and-project: 5
  MIR: 1
  Flow cover: 9

Explored 14483 nodes (561106 simplex iterations) in 1200.01 seconds (609.89 work units)
Thread count was 1 (of 32 available processors)

Solution count 10: 426205 426260 426340 ... 429423

Time limit reached
Best objective 4.262053795110e+05, best bound 2.845792700273e+05, gap 33.2295%
H    0     0                    543786.70147 264911.424  51.3%     -    6s
H    0     0                    542977.92194 264911.424  51.2%     -    6s
 14675 14111 265567.045   65   12 291895.246 265567.045  9.02%  31.2 1165s
     0     0 252670.986    0   32          - 252670.986      -     -    1s
WARNING: Loading a SolverResults object with an 'aborted' status, but
containing a solution
H    0     0                    541882.43429 264911.424  51.1%     -    6s
H    0     0                    432479.18458 264911.424  38.7%     -    6s
H    0     0                    409084.87352 264911.424  35.2%     -    6s
H    0     0                    408624.03256 264911.424  35.2%     -    6s
     0     0 264528.856    0   11          - 264528.856      -     -    1s
H    0     0                    408048.08612 264911.424  35.1%     -    6s
     0     0 264528.856    0   15          - 264528.856      -     -    1s
 13954 13418 284206.397  102   11 425816.207 284206.397  33.3%  42.9 1190s
 10349  9008 284206.397  220   33 425844.727 284206.397  33.3%  86.9 1115s
 10360  9752 284034.195  151   10 425212.964 284034.195  33.2%  50.3 1125s
H    0     0                    407587.24516 264911.424  35.0%     -    6s
H  104   104                    445295.39597 284034.195  36.2%   153   13s
H  104   104                    445248.30523 284034.195  36.2%   153   13s
H    0     0                    407577.53474 264911.424  35.0%     -    7s
     0     2 264911.424    0   14 407577.535 264911.424  35.0%     -    7s
     0     0 264528.856    0   10          - 264528.856      -     -    2s
     0     0 264528.856    0   18          - 264528.856      -     -    2s
     0     0 264528.856    0   17          - 264528.856      -     -    2s
 13369 12827 265000.437   98   11 406483.478 265000.437  34.8%  19.1 1145s
     0     0 264528.856    0   17          - 264528.856      -     -    2s
     0     0 264528.856    0   13          - 264528.856      -     -    3s
     0     0 264528.856    0   13          - 264528.856      -     -    3s
   108   110 284034.195   29   23 445248.305 284034.195  36.2%   160   15s
 13161 12610 284579.270   90   15 426361.788 284579.270  33.3%  23.9 1160s
H    0     0                    541435.16424 264528.856  51.1%     -    3s
H    0     0                    541071.72054 264528.856  51.1%     -    3s
H    0     0                    540344.83314 264528.856  51.0%     -    3s
H   27    27                    407511.31432 264911.424  35.0%   305    8s
H    0     0                    516427.98027 264528.856  48.8%     -    3s
H  108   108                    408597.90732 265234.642  35.1%   164   13s
H  108   108                    408597.62431 265234.642  35.1%   164   13s
H  108   108                    408539.73987 265234.642  35.1%   164   13s
 17167 16629 265531.676   72   10 407356.053 265531.676  34.8%  20.6 1190s
  9421  8871 284833.096  117   13 426436.774 284833.096  33.2%  45.5 1170s
H    0     0                    407804.02686 264528.856  35.1%     -    4s
H    0     0                    407079.84872 264528.856  35.0%     -    4s
 14112 11975 264911.436  208    8 289812.981 264911.436  8.59%  32.7 1140s
H  130   130                    445238.13131 284034.195  36.2%   194   16s
H  130   130                    445195.27298 284034.195  36.2%   194   16s
H  130   130                    445147.91848 284034.195  36.2%   194   16s
H    0     0                    406994.64043 264528.856  35.0%     -    4s
H    0     0                    406994.17991 264528.856  35.0%     -    4s
 19990 19454 282981.268  103   13 406077.675 282981.268  30.3%  19.3 1181s
 15037 13747 264528.858  412    8 289668.445 264528.858  8.68%  45.9 1155s
    44    46 264911.424    7   39 407511.314 264911.424  35.0%   235   10s
  8449  7299 284950.110  134   13 408591.112 284950.110  30.3%   161 1200s

Cutting planes:
  Gomory: 9
  Lift-and-project: 4
  MIR: 1
  Flow cover: 1
  RLT: 4
  Relax-and-lift: 1

Explored 8450 nodes (1372586 simplex iterations) in 1200.01 seconds (746.06 work units)
Thread count was 1 (of 32 available processors)

Solution count 10: 408591 408591 408591 ... 426950

Time limit reached
Best objective 4.085911120901e+05, best bound 2.849501102180e+05, gap 30.2603%
WARNING: Loading a SolverResults object with an 'aborted' status, but
containing a solution
     0     2 264528.856    0   13 406994.180 264528.856  35.0%     -    5s
 13758 12107 284833.096  260   12 426436.774 284833.096  33.2%  39.5 1110s
H  135   135                    408492.64848 265234.642  35.1%   146   15s
H    9     9                    406951.79820 264528.856  35.0%   337    5s
 11547 10939 284950.110   92    9 426155.139 284950.110  33.1%  31.5 1125s
 14776 14212 265567.045   68   10 291895.246 265567.045  9.02%  31.2 1170s
H  156   156                    408487.51545 265234.642  35.1%   130   16s
H  162   162                    408471.15749 265234.642  35.1%   126   16s
 10492  9884 284034.195  158   12 425212.964 284034.195  33.2%  49.9 1130s
 14092 13556 284206.397   99    9 425816.207 284206.397  33.3%  42.7 1195s
 10457  9115 284779.306  221   89 425844.727 284206.397  33.3%  88.1 1120s
H20170 19632                    406024.19585 282981.268  30.3%  19.2 1183s
H   52    52                    406913.33647 264528.856  35.0%   169    8s
 13571 13029 265000.437   95   11 406483.478 265000.437  34.8%  19.1 1150s
   197   199 284034.195   54   10 445147.918 284034.195  36.2%   165   20s
 13363 12812 284579.270  107   13 426361.788 284579.270  33.3%  23.8 1165s
H  104   104                    407418.08514 264911.424  35.0%   208   13s
 17370 16832 265531.676   87   12 407356.053 265531.676  34.8%  20.5 1195s
H  202   202                    407806.03067 265234.642  35.0%   105   18s
 20173 19637 282981.268  107   13 406024.196 282981.268  30.3%  19.2 1185s
 14266 12078 264911.436  225    8 289812.981 264911.436  8.59%  32.6 1145s
  9553  9003 284833.096  110   11 426436.774 284833.096  33.2%  45.2 1175s
H  208   208                    407798.43208 265234.642  35.0%   102   19s
H  208   208                    407602.52268 265234.642  34.9%   102   19s
 15188 13852 264547.609  414   35 289668.445 264528.858  8.68%  46.9 1160s
    94    96 264528.856   26   11 406913.336 264528.856  35.0%   138   10s
   108   110 264911.436   14   35 407418.085 264911.424  35.0%   206   15s
   216   218 265234.642   56   10 407602.523 265234.642  34.9%   100   20s
 11722 11114 284950.110   90    9 426155.139 284950.110  33.1%  31.4 1130s
 13971 12284 284833.096  236    8 426436.774 284833.096  33.2%  39.5 1115s
 14975 14411 265567.045   61   10 291895.246 265567.045  9.02%  31.1 1175s
 10511  9167 284206.397  199   19 425844.727 284206.397  33.3%  90.5 1125s
H20182 19644                    406021.91368 282981.268  30.3%  19.2 1187s

Cutting planes:
  Gomory: 6
  Flow cover: 2
  RLT: 1
  Relax-and-lift: 1

Explored 14256 nodes (622483 simplex iterations) in 1200.01 seconds (653.35 work units)
Thread count was 1 (of 32 available processors)

Solution count 10: 425816 425823 425874 ... 577793

Time limit reached
Best objective 4.258162069945e+05, best bound 2.842063973381e+05, gap 33.2561%
 10659 10051 284034.195  175   16 425212.964 284034.195  33.2%  49.5 1135s
WARNING: Loading a SolverResults object with an 'aborted' status, but
containing a solution
H  260   260                    406992.95616 265234.642  34.8%  91.3   21s
H  260   260                    406992.67315 265234.642  34.8%  91.3   22s
H  162   162                    406909.95975 264528.856  35.0%  92.3   12s
 13771 13229 265000.437   97   15 406483.478 265000.437  34.8%  19.0 1155s
H  286   286                    406928.12197 265234.642  34.8%  86.9   23s
H  286   286                    406824.10330 265234.642  34.8%  86.9   23s
H  286   286                    406766.21886 265234.642  34.8%  86.9   23s
 13603 13052 284579.270  108   15 426361.788 284579.270  33.3%  23.7 1170s
   234   236 284034.195   61   10 445147.918 284034.195  36.2%   149   25s

Cutting planes:
  Gomory: 8
  Lift-and-project: 1
  Flow cover: 2
  RLT: 1

Explored 17506 nodes (375931 simplex iterations) in 1200.01 seconds (594.99 work units)
Thread count was 1 (of 32 available processors)

Solution count 10: 407356 407370 407487 ... 431550

Time limit reached
Best objective 4.073560532236e+05, best bound 2.655316762140e+05, gap 34.8158%
 20183 19647 282981.268  106   13 406021.914 282981.268  30.3%  19.2 1190s
  9680  9130 284833.096  121   11 426436.774 284833.096  33.2%  44.8 1180s
H  208   208                    406907.13843 264528.856  35.0%  86.6   14s
H  208   208                    406906.40337 264528.856  35.0%  86.6   14s
WARNING: Loading a SolverResults object with an 'aborted' status, but
containing a solution
 14435 12190 264911.436  214   22 289812.981 264911.436  8.59%  32.7 1150s
H  286   286                    406679.60481 265234.642  34.8%  86.9   24s
H  286   286                    406607.56817 265234.642  34.8%  86.9   24s
 15389 13988 272898.110  414   89 289668.445 264528.858  8.68%  48.3 1165s
   235   237 264528.856   51   10 406906.403 264528.856  35.0%  82.0   15s
   293   295 265234.642   60   10 406607.568 265234.642  34.8%  86.0   25s
   189   191 264911.424   21   33 407418.085 264911.424  35.0%   139   20s
 11889 11281 284950.110   81    9 426155.139 284950.110  33.1%  31.2 1135s
H  260   260                    406903.40241 264528.856  35.0%  78.0   15s
 15180 14616 265567.045   82   14 291895.246 265567.045  9.02%  31.1 1180s
 10617  9273 284206.397  165   29 425844.727 284206.397  33.3%  95.3 1130s
 10808 10200 284034.195  184   12 425212.964 284034.195  33.2%  49.2 1140s
 14174 12463 284833.096  259   16 426436.774 284833.096  33.2%  39.3 1122s
 13903 13361 265000.437   90   11 406483.478 265000.437  34.8%  19.0 1160s
   303   305 284034.195   58   20 445147.918 284034.195  36.2%   143   30s
 13767 13216 284579.270  103   15 426361.788 284579.270  33.3%  23.7 1175s
 20203 19667 282981.268  101   14 406021.914 282981.268  30.3%  19.2 1195s
 14552 12268 264911.436  216    8 289812.981 264911.436  8.59%  33.4 1155s
  9776  9226 284833.096  125   30 426436.774 284833.096  33.2%  44.6 1185s
   303   305 264528.856   56   12 406903.402 264528.856  35.0%  78.8   20s
 15631 14160 272898.110  349  101 289668.445 264528.858  8.68%  49.7 1170s
 14266 12531 284833.096  270   16 426436.774 284833.096  33.2%  39.1 1125s
   351   353 265234.642   79   10 406607.568 265234.642  34.8%  79.7   30s
   240   242 264911.424   15   23 407418.085 264911.424  35.0%   121   25s
 12059 11451 284950.110   94   16 426155.139 284950.110  33.1%  31.1 1140s
 10647  9303 284206.397  177   41 425844.727 284206.397  33.3%  96.0 1135s
 15358 14794 265567.045   61   10 291895.246 265567.045  9.02%  31.1 1185s
 10932 10324 284034.195  189   28 425212.964 284034.195  33.2%  49.4 1145s
 14148 13606 265000.437   89   11 406483.478 265000.437  34.8%  18.9 1165s
 13968 13417 284579.270  104   15 426361.788 284579.270  33.3%  23.6 1180s
 20219 19683 282981.268   95   14 406021.914 282981.268  30.3%  19.2 1200s

Cutting planes:
  Gomory: 2
  Lift-and-project: 1
  MIR: 2
  Flow cover: 5
  RLT: 1

Explored 20220 nodes (400759 simplex iterations) in 1200.00 seconds (523.94 work units)
Thread count was 1 (of 32 available processors)

Solution count 10: 406022 406024 406078 ... 424910

Time limit reached
Best objective 4.060219136773e+05, best bound 2.829812677296e+05, gap 30.3039%
   397   399 284034.195   69   16 445147.918 284034.195  36.2%   127   35s
WARNING: Loading a SolverResults object with an 'aborted' status, but
containing a solution
  9843  9293 284833.096  113   11 426436.774 284833.096  33.2%  44.4 1190s
 14734 12390 264911.436  188    8 289812.981 264911.436  8.59%  33.3 1160s
 15777 14261 264547.609  323   40 289668.445 264528.858  8.68%  50.8 1175s
   315   317 264911.424   19   26 407418.085 264911.424  35.0%   111   30s
   405   407 264528.856   60   12 406903.402 264528.856  35.0%  87.0   25s
   490   492 265234.642   77   12 406607.568 265234.642  34.8%  69.4   35s
 14460 12709 284833.096  269   14 426436.774 284833.096  33.2%  39.0 1130s
 12241 11633 284950.110   89   15 426155.139 284950.110  33.1%  31.0 1145s
 15547 14983 265567.045   58   10 291895.246 265567.045  9.02%  31.0 1190s
 10748  9400 284206.397  112   33 425844.727 284206.397  33.3%  98.6 1140s
H  432   432                    444664.57131 284034.195  36.1%   121   38s
 11078 10470 284034.195  192   12 425212.964 284034.195  33.2%  49.6 1150s
 14379 13837 265000.437   94   11 406483.478 265000.437  34.8%  18.8 1170s
   474   476 284034.195   77   15 444664.571 284034.195  36.1%   119   40s
 14202 13651 284579.270   84   13 426361.788 284579.270  33.3%  23.5 1185s
  9958  9408 284833.096  118   11 426436.774 284833.096  33.2%  44.2 1195s
 14926 12518 264911.436  187    8 289812.981 264911.436  8.59%  33.1 1165s
   424   426 264911.424   17   30 407418.085 264911.424  35.0%  99.3   35s
   514   514 264528.856   61   33 406903.402 264528.856  35.0%  90.9   30s
 14677 12900 284833.096  275   19 426436.774 284833.096  33.2%  39.4 1135s
   520   518 265234.642   76   27 406607.568 265234.642  34.8%  67.8   40s
 12475 11847 284950.110   97    9 426155.139 284950.110  33.1%  30.8 1150s
H  514   488                    406879.65161 264528.856  35.0%  90.9   31s
 15737 15173 265567.045   80   12 291895.246 265567.045  9.02%  31.0 1195s
 10910  9531 284207.102  185   40 425844.727 284206.397  33.3%  99.4 1145s
 11256 10648 284034.195  218   29 425212.964 284034.195  33.2%  50.1 1155s
 14597 14055 265000.437   91   13 406483.478 265000.437  34.8%  18.7 1175s
 14407 13856 284579.270   85   15 426361.788 284579.270  33.3%  23.4 1190s
   515   515 284034.195   73   23 444664.571 284034.195  36.1%   115   45s

Cutting planes:
  Gomory: 8
  Flow cover: 1

Explored 10119 nodes (457755 simplex iterations) in 1200.01 seconds (729.28 work units)
Thread count was 1 (of 32 available processors)

Solution count 10: 426437 426447 426447 ... 426826

Time limit reached
Best objective 4.264367739282e+05, best bound 2.848330956972e+05, gap 33.2063%
 15918 14359 264528.858  322   12 289668.445 264528.858  8.68%  51.7 1184s
WARNING: Loading a SolverResults object with an 'aborted' status, but
containing a solution
 15067 12612 264911.436  189   10 289812.981 264911.436  8.59%  33.1 1170s
H  513   488                    289812.98147 264911.424  8.59%  94.8   39s
 15947 14379 264547.609  330   35 289668.445 264528.858  8.68%  51.9 1185s
   515   489 264911.424   33   12 289812.981 264911.424  8.59%  94.4   40s
H  521   468                    405241.77957 264528.856  34.7%  89.6   35s
   535   528 265234.642   51    9 406607.568 265234.642  34.8%  65.9   45s
 14880 13085 284833.096  262    8 426436.774 284833.096  33.2%  39.9 1140s

Cutting planes:
  Gomory: 3
  Lift-and-project: 9
  Flow cover: 4
  RLT: 1

Explored 15931 nodes (513318 simplex iterations) in 1200.00 seconds (673.05 work units)
Thread count was 1 (of 32 available processors)

Solution count 2: 291895 291895 

Time limit reached
Best objective 2.918952458408e+05, best bound 2.655670447224e+05, gap 9.0197%
WARNING: Loading a SolverResults object with an 'aborted' status, but
containing a solution
 11041  9654 284206.397  182   12 425844.727 284206.397  33.3%   101 1150s
 14725 14183 265000.437   90   11 406483.478 265000.437  34.8%  18.7 1180s
   522   520 284034.195   58   29 444664.571 284034.195  36.1%   114   50s
 14555 14004 284579.270   69   15 426361.788 284579.270  33.3%  23.4 1195s
 11411 10803 284034.195  212   14 425212.964 284034.195  33.2%  50.8 1162s
 12667 12039 284950.110  100   11 426155.139 284950.110  33.1%  30.7 1158s
 15303 12769 264911.436  191    8 289812.981 264911.436  8.59%  32.8 1175s
 16145 14516 264547.609  322   37 289668.445 264528.858  8.68%  53.3 1190s
   618   586 265234.642   49    8 406607.568 265234.642  34.8%   114   50s
   560   496 264528.856   22   20 405241.780 264528.856  34.7%   143   40s
   524   495 264911.424   34   16 289812.981 264911.424  8.59%  92.8   45s
 14963 13150 284833.096  275   16 426436.774 284833.096  33.2%  39.9 1145s
 12722 12094 284950.110   96    9 426155.139 284950.110  33.1%  30.7 1160s
 11155  9764 284206.397  178   29 425844.727 284206.397  33.3%   103 1155s
 11508 10900 284034.195  223   20 425212.964 284034.195  33.2%  51.1 1165s
 14962 14420 265000.437   97   11 406483.478 265000.437  34.8%  18.7 1185s
   530   525 284034.195   69   13 444664.571 284034.195  36.1%   112   55s

Cutting planes:
  Gomory: 8
  Lift-and-project: 2
  MIR: 2
  Flow cover: 4

Explored 14705 nodes (355636 simplex iterations) in 1200.00 seconds (711.98 work units)
Thread count was 1 (of 32 available processors)

Solution count 10: 426362 426362 426366 ... 427683

Time limit reached
Best objective 4.263617879931e+05, best bound 2.845792700273e+05, gap 33.2540%
WARNING: Loading a SolverResults object with an 'aborted' status, but
containing a solution
H11170  9775                    425816.20699 284206.397  33.3%   103 1157s
 16357 14658 264547.609  322   35 289668.445 264528.858  8.68%  54.9 1195s
   615   533 264528.856   38   39 405241.780 264528.856  34.7%   154   45s
   530   499 264911.424   21   16 289812.981 264911.424  8.59%  91.7   50s
 15512 12908 264911.436  197    8 289812.981 264911.436  8.59%  32.9 1180s
 12877 12249 284950.110   96    9 426155.139 284950.110  33.1%  30.6 1165s
 14981 13168 284833.096  262   10 426436.774 284833.096  33.2%  39.9 1150s
   717   652 265234.642   72    8 406607.568 265234.642  34.8%   108   56s
 11225  9830 284206.397  141   18 425816.207 284206.397  33.3%   103 1160s
 11667 11059 284034.195  237   41 425212.964 284034.195  33.2%  52.2 1170s
 15214 14672 265000.437   91   11 406483.478 265000.437  34.8%  18.6 1190s
   584   563 284034.195   29   10 444664.571 284034.195  36.1%   151   60s
H15680 12537                    289812.98110 264911.436  8.59%  32.8 1184s
 15694 12549 264911.436  191    8 289812.981 264911.436  8.59%  32.8 1185s

Cutting planes:
  Gomory: 5
  Lift-and-project: 2
  Flow cover: 7
  RLT: 2

Explored 16558 nodes (945477 simplex iterations) in 1200.01 seconds (682.50 work units)
Thread count was 1 (of 32 available processors)

Solution count 10: 289668 289668 289668 ... 541509

Time limit reached
Best objective 2.896684445086e+05, best bound 2.645288577345e+05, gap 8.6787%
   615   558 264911.424   50   22 289812.981 264911.424  8.59%   138   55s
WARNING: Loading a SolverResults object with an 'aborted' status, but
containing a solution
   688   581 264528.856   31   37 405241.780 264528.856  34.7%   166   50s
 15003 13190 284833.096  262   20 426436.774 284833.096  33.2%  39.9 1155s
 13054 12426 284950.110   97    9 426155.139 284950.110  33.1%  30.6 1170s
   785   695 265234.642   93   30 406607.568 265234.642  34.8%   109   60s
 11392  9972 284206.397  176   47 425816.207 284206.397  33.3%   104 1165s
 11848 11240 284034.195  244   40 425212.964 284034.195  33.2%  53.8 1175s
 15490 14948 265000.437   94   15 406483.478 265000.437  34.8%  18.5 1195s
   688   632 284034.195   39   10 444664.571 284034.195  36.1%   131   65s
 15929 12705 264911.436  197    8 289812.981 264911.436  8.59%  33.2 1190s
   749   643 264911.424   97   33 289812.981 264911.424  8.59%   121   60s
   860   743 265234.642   99   33 406607.568 265234.642  34.8%   107   65s
   749   622 264528.856   41   27 405241.780 264528.856  34.7%   169   55s
 13275 12647 284950.110   97    9 426155.139 284950.110  33.1%  30.5 1175s
 11539 10089 284206.397  186   16 425816.207 284206.397  33.3%   105 1170s
 15022 13205 284833.096  265    8 426436.774 284833.096  33.2%  39.9 1161s
 12012 11402 284034.195  247   36 425212.964 284034.195  33.2%  54.6 1180s

Cutting planes:
  Gomory: 5

Explored 15727 nodes (306248 simplex iterations) in 1200.00 seconds (709.80 work units)
Thread count was 1 (of 32 available processors)

Solution count 10: 406483 406484 406493 ... 410256

Time limit reached
Best objective 4.064834778656e+05, best bound 2.650004367612e+05, gap 34.8066%
WARNING: Loading a SolverResults object with an 'aborted' status, but
containing a solution
   792   702 284034.195   34   10 444664.571 284034.195  36.1%   118   70s
 16135 12843 264911.436  188    8 289812.981 264911.436  8.59%  33.4 1195s
   813   665 264528.856   56   16 405241.780 264528.856  34.7%   161   60s
   882   732 264911.424   94   13 289812.981 264911.424  8.59%   109   65s
   948   802 265234.642   89   20 406607.568 265234.642  34.8%   110   70s
 15049 13224 284833.096  266   18 426436.774 284833.096  33.2%  39.9 1165s
 13567 12931 284950.110   95   13 426155.139 284950.110  33.1%  30.3 1180s
H  847   709                    444658.73481 284034.195  36.1%   112   72s
 11728 10246 284206.397  185   14 425816.207 284206.397  33.3%   105 1175s
 12172 11562 284034.195  278   10 425212.964 284034.195  33.2%  54.7 1185s
   886   737 284034.195   48   10 444658.735 284034.195  36.1%   108   75s

Cutting planes:
  Gomory: 6
  RLT: 1

Explored 16402 nodes (560606 simplex iterations) in 1200.00 seconds (694.30 work units)
Thread count was 1 (of 32 available processors)

Solution count 10: 289813 289813 289834 ... 430990

Time limit reached
Best objective 2.898129811029e+05, best bound 2.649114357962e+05, gap 8.5923%
WARNING: Loading a SolverResults object with an 'aborted' status, but
containing a solution
   884   712 264528.856   45   25 405241.780 264528.856  34.7%   154   65s
  1050   870 265234.642   79    8 406607.568 265234.642  34.8%   104   75s
  1002   812 264911.424  113   11 289812.981 264911.424  8.59%  98.2   70s
 15092 13261 284833.096  253   14 426436.774 284833.096  33.2%  39.9 1170s
 13841 13203 284950.110   89    9 426155.139 284950.110  33.1%  30.3 1185s
 11879 10357 284206.397  180   44 425816.207 284206.397  33.3%   107 1180s
 12363 11753 284034.195  296   10 425212.964 284034.195  33.2%  54.9 1190s
  1011   821 284034.195   55   10 444658.735 284034.195  36.1%  98.4   80s
   983   778 264528.856   49   26 405241.780 264528.856  34.7%   152   70s
  1181   953 265234.642  110   16 406607.568 265234.642  34.8%   101   80s
  1080   864 264911.424   93   17 289812.981 264911.424  8.59%  92.4   75s
 15317 13448 284833.096  252   12 426436.774 284833.096  33.2%  39.7 1175s
 14157 13519 284950.110   97   16 426155.139 284950.110  33.1%  30.2 1190s
 11998 10444 284206.397  175   48 425816.207 284206.397  33.3%   110 1185s
 12555 11945 284034.195  314    8 425212.964 284034.195  33.2%  54.7 1195s
H 1022   778                    404175.07100 264528.856  34.6%   147   72s
H 1022   755                    404172.43946 264528.856  34.6%   147   72s
  1102   881 284034.195   66   10 444658.735 284034.195  36.1%  92.5   85s
  1279   996 264911.424   90   11 289812.981 264911.424  8.59%  81.4   80s
  1329  1048 265234.642   81   12 406607.568 265234.642  34.8%  96.3   85s
  1100   809 264528.856   64   26 404172.439 264528.856  34.6%   142   75s
 15480 13583 284833.096  267   10 426436.774 284833.096  33.2%  39.5 1180s
 14476 13834 284950.110   96    9 426155.139 284950.110  33.1%  30.0 1195s
 12134 10558 284206.397  185   55 425816.207 284206.397  33.3%   112 1190s
 12767 12153 284034.195  314   14 425212.964 284034.195  33.2%  54.7 1200s

Cutting planes:
  Gomory: 5
  Lift-and-project: 1
  MIR: 3
  Flow cover: 3

Explored 12768 nodes (712726 simplex iterations) in 1200.00 seconds (736.18 work units)
Thread count was 1 (of 32 available processors)

Solution count 10: 425213 425226 425552 ... 425826

Time limit reached
Best objective 4.252129641369e+05, best bound 2.840341952972e+05, gap 33.2019%
WARNING: Loading a SolverResults object with an 'aborted' status, but
containing a solution
  1272   995 284034.195   21   11 444658.735 284034.195  36.1%  84.3   90s
  1473  1126 264911.424  124   11 289812.981 264911.424  8.59%  73.5   85s
  1183   864 264528.856   62   30 404172.439 264528.856  34.6%   137   80s
  1497  1150 265234.642   79    8 406607.568 265234.642  34.8%  88.7   90s
 15682 13783 284833.096  271   31 426436.774 284833.096  33.2%  40.2 1185s
 14779 14137 284950.110   94   16 426155.139 284950.110  33.1%  29.9 1200s

Cutting planes:
  Gomory: 3
  Flow cover: 2
  RLT: 1

Explored 14780 nodes (452495 simplex iterations) in 1200.00 seconds (746.20 work units)
Thread count was 1 (of 32 available processors)

Solution count 10: 426155 426159 426161 ... 445524

Time limit reached
Best objective 4.261551394530e+05, best bound 2.849501102180e+05, gap 33.1347%
WARNING: Loading a SolverResults object with an 'aborted' status, but
containing a solution
 12277 10681 284206.397  179   10 425816.207 284206.397  33.3%   114 1195s
  1451  1114 284034.195   50   11 444658.735 284034.195  36.1%  76.4   95s
  1328   961 264528.856   48   27 404172.439 264528.856  34.6%   131   85s
  1668  1256 264911.424   98    9 289812.981 264911.424  8.59%  67.0   90s
 15810 13893 284833.096  259    8 426436.774 284833.096  33.2%  40.4 1190s
  1615  1228 265234.642  105   10 406607.568 265234.642  34.8%  83.9   95s

Cutting planes:
  Gomory: 5
  MIR: 2
  Flow cover: 91
  RLT: 2
  Relax-and-lift: 1

Explored 12482 nodes (1469623 simplex iterations) in 1200.00 seconds (727.21 work units)
Thread count was 1 (of 32 available processors)

Solution count 10: 425816 425845 425854 ... 427309

Time limit reached
Best objective 4.258162069945e+05, best bound 2.842063973381e+05, gap 33.2561%
WARNING: Loading a SolverResults object with an 'aborted' status, but
containing a solution
  1646  1244 284034.195   51   11 444658.735 284034.195  36.1%  69.3  100s
  1899  1410 264911.424  136    9 289812.981 264911.424  8.59%  61.3   95s
  1442  1037 264528.856   63   20 404172.439 264528.856  34.6%   126   90s
  1805  1345 265234.642  114    8 406607.568 265234.642  34.8%  76.8  100s
 16044 14103 284833.096  272    8 426436.774 284833.096  33.2%  40.3 1195s
  1823  1362 284034.195   67   11 444658.735 284034.195  36.1%  64.3  105s
  2107  1571 264911.424  160   15 289812.981 264911.424  8.59%  57.1  100s
  1543  1104 264528.856   81   27 404172.439 264528.856  34.6%   121   95s
 16260 14301 284833.096  263    8 426436.774 284833.096  33.2%  40.0 1200s

Cutting planes:
  Gomory: 9
  MIR: 3
  Flow cover: 8
  RLT: 2
  Relax-and-lift: 1

Explored 16261 nodes (663043 simplex iterations) in 1200.00 seconds (706.95 work units)
Thread count was 1 (of 32 available processors)

Solution count 10: 426437 426442 426450 ... 444368

Time limit reached
Best objective 4.264367739282e+05, best bound 2.848330956972e+05, gap 33.2063%
WARNING: Loading a SolverResults object with an 'aborted' status, but
containing a solution
  1975  1428 265234.642  120   69 406607.568 265234.642  34.8%  76.9  105s
  1966  1457 284034.195   85   16 444658.735 284034.195  36.1%  61.0  110s
  2299  1760 264911.424  172   28 289812.981 264911.424  8.59%  60.2  105s
  1694  1205 264528.856  100   20 404172.439 264528.856  34.6%   120  100s
  2070  1478 265234.642  102   58 406607.568 265234.642  34.8%  87.2  110s
  2162  1629 284034.195   74   15 444658.735 284034.195  36.1%  57.9  115s
  2414  1875 264911.424  146   26 289812.981 264911.424  8.59%  66.4  110s
  1853  1322 264528.856   89   27 404172.439 264528.856  34.6%   114  105s
  2265  1608 265234.642  103   26 406607.568 265234.642  34.8%  86.2  115s
H 2293  1632                    406607.56813 265234.642  34.8%  85.5  117s
H 2293  1632                    406607.56759 265234.642  34.8%  85.5  117s
  2382  1849 284034.195   77   11 444658.735 284034.195  36.1%  56.0  120s
  2626  2087 264911.424  101   16 289812.981 264911.424  8.59%  75.2  115s
  1990  1459 264528.856   81   25 404172.439 264528.856  34.6%   109  110s
  2379  1700 265234.642  130   18 406607.568 265234.642  34.8%  85.0  120s
  2560  2027 284034.195   68   13 444658.735 284034.195  36.1%  55.9  125s
  2811  2272 264911.424  114   13 289812.981 264911.424  8.59%  87.4  120s
  2149  1618 264528.856   64   29 404172.439 264528.856  34.6%   107  115s
  2603  1902 265234.642  107   12 406607.568 265234.642  34.8%  82.3  125s
  2718  2185 284034.195   54   11 444658.735 284034.195  36.1%  53.7  130s
  2977  2434 264911.424  139   40 289812.981 264911.424  8.59%  97.1  125s
  2288  1757 264528.856   60   20 404172.439 264528.856  34.6%   104  120s
  2868  2143 265234.642  135   10 406607.568 265234.642  34.8%  81.3  130s
  2938  2405 284034.195   81   13 444658.735 284034.195  36.1%  50.9  135s
  3132  2587 264911.424  194   13 289812.981 264911.424  8.59%   101  130s
  2450  1919 264528.856   78   39 404172.439 264528.856  34.6%   101  125s
  3135  2410 265234.642  176   35 406607.568 265234.642  34.8%  76.8  135s
  3112  2579 284034.195   89   13 444658.735 284034.195  36.1%  50.2  140s
  2586  2055 264528.856  103   12 404172.439 264528.856  34.6%   100  130s
  3439  2714 265234.642  181    8 406607.568 265234.642  34.8%  72.6  140s
  3319  2757 264911.424  138   24 289812.981 264911.424  8.59%   104  135s
  3318  2785 284034.195   82   11 444658.735 284034.195  36.1%  48.8  146s
  3517  2953 264911.424  188   12 289812.981 264911.424  8.59%   103  140s
  2755  2222 264528.856  148   21 404172.439 264528.856  34.6%  96.5  135s
  3719  2994 265234.642  177    8 406607.568 265234.642  34.8%  68.7  145s
  3478  2945 284034.195   89   17 444658.735 284034.195  36.1%  48.8  150s
  3686  3098 264911.424  131   24 289812.981 264911.424  8.59%   107  145s
  2852  2319 264528.856  111   29 404172.439 264528.856  34.6%  94.5  140s
  4024  3299 265234.642  189   10 406607.568 265234.642  34.8%  65.6  150s
  3693  3160 284034.195   85   10 444658.735 284034.195  36.1%  49.0  155s
  3024  2487 264528.856  102   22 404172.439 264528.856  34.6%  93.7  145s
  3936  3348 264911.424  195   10 289812.981 264911.424  8.59%   103  150s
  4320  3595 265234.642  186    8 406607.568 265234.642  34.8%  62.5  155s
  3886  3353 284034.195   86   70 444658.735 284034.195  36.1%  50.1  160s
  4103  3515 264911.424  214   12 289812.981 264911.424  8.59%  99.4  155s
  3198  2661 264528.856  130   25 404172.439 264528.856  34.6%  90.7  150s
  4540  3815 265234.642  179    8 406607.568 265234.642  34.8%  60.9  161s
  4040  3507 284034.195   97   17 444658.735 284034.195  36.1%  50.7  165s
  4369  3763 264911.424  213   10 289812.981 264911.424  8.59%  97.8  160s
  3368  2829 264528.856  103   26 404172.439 264528.856  34.6%  88.4  155s
  4804  4079 265234.642  123    8 406607.568 265234.642  34.8%  58.8  165s
  4261  3728 284034.195   94   11 444658.735 284034.195  36.1%  51.2  170s
  4628  4004 264911.424  224   10 289812.981 264911.424  8.59%  96.9  165s
  3557  3016 264528.856   99   21 404172.439 264528.856  34.6%  87.0  160s
  5129  4352 265234.642  248   12 406607.568 265234.642  34.8%  56.2  170s
  4416  3883 284034.195  100   11 444658.735 284034.195  36.1%  52.2  175s
  4870  4236 264911.424  190   10 289812.981 264911.424  8.59%  95.4  170s
  3702  3157 264528.856  108   31 404172.439 264528.856  34.6%  85.4  165s
  5480  4693 265234.642  155   12 406607.568 265234.642  34.8%  54.2  175s
  4635  4102 284034.195   87   13 444658.735 284034.195  36.1%  53.6  180s
  5175  4537 264911.424  225    8 289812.981 264911.424  8.59%  91.9  175s
  3881  3336 264528.856   94   29 404172.439 264528.856  34.6%  83.9  170s
  5803  5016 265234.642  174    8 406607.568 265234.642  34.8%  52.8  180s
H 3960  3413                    404170.11156 264528.856  34.6%  82.7  171s
  4804  4271 284034.195   55   13 444658.735 284034.195  36.1%  52.6  185s
  5404  4765 264911.424  229   20 289812.981 264911.424  8.59%  93.4  180s
  4066  3519 264528.856   84   17 404170.112 264528.856  34.6%  82.6  175s
  6112  5325 265234.642  176    8 406607.568 265234.642  34.8%  52.6  185s
  4999  4466 284034.195   80   22 444658.735 284034.195  36.1%  51.2  190s
  5630  4991 264911.424  228   10 289812.981 264911.424  8.59%  95.2  185s
  4205  3656 264528.856   87   24 404170.112 264528.856  34.6%  83.2  180s
  6468  5681 265234.642  174   10 406607.568 265234.642  34.8%  51.1  190s
  5233  4700 284034.195   91   17 444658.735 284034.195  36.1%  51.0  195s
  4376  3827 264528.856  104   23 404170.112 264528.856  34.6%  82.3  185s
  5909  5268 264911.424  226   10 289812.981 264911.424  8.59%  96.6  190s
  6802  6015 265234.642  166   10 406607.568 265234.642  34.8%  49.8  195s
H 4423  3872                    404168.88308 264528.856  34.5%  81.6  186s
  5457  4924 284034.195   87   28 444658.735 284034.195  36.1%  51.2  200s
  6128  5487 264911.424  230   35 289812.981 264911.424  8.59%  97.3  195s
  4540  3989 264528.856  110   26 404168.883 264528.856  34.5%  80.4  190s
  7085  6298 265234.642  163   10 406607.568 265234.642  34.8%  49.1  200s
  5595  5062 284034.195   93   61 444658.735 284034.195  36.1%  52.1  205s
  4690  4137 264528.856  141   15 404168.883 264528.856  34.5%  78.7  195s
  7369  6582 265234.642  170    8 406607.568 265234.642  34.8%  48.5  205s
  6393  5752 264911.424  231    8 289812.981 264911.424  8.59%  97.5  200s
  5844  5311 284034.195  106   29 444658.735 284034.195  36.1%  52.8  210s
  6646  6005 264911.424  228   10 289812.981 264911.424  8.59%  98.2  205s
  4876  4317 264528.856  125   28 404168.883 264528.856  34.5%  77.0  200s
  7708  6883 265234.642  212   14 406607.568 265234.642  34.8%  47.6  210s
  6023  5490 284034.195   96   11 444658.735 284034.195  36.1%  55.2  215s
  5070  4483 264528.856  123   28 404168.883 264528.856  34.5%  75.9  205s
  6891  6250 264911.424  224   10 289812.981 264911.424  8.59%  98.5  210s
  7985  7150 265234.642  162   34 406607.568 265234.642  34.8%  46.9  215s
  6229  5696 284034.195  101   10 444658.735 284034.195  36.1%  57.1  220s
  7171  6530 264911.424  222   10 289812.981 264911.424  8.59%  99.2  215s
  5212  4623 264528.856  156   23 404168.883 264528.856  34.5%  74.4  210s
  8206  7371 265234.642  175    8 406607.568 265234.642  34.8%  47.0  220s
  6398  5865 284034.195   91   11 444658.735 284034.195  36.1%  58.3  225s
  7402  6761 264911.424  231   21 289812.981 264911.424  8.59%   100  220s
  5394  4791 264528.856  121   22 404168.883 264528.856  34.5%  73.2  215s
  8521  7682 265234.642  130    8 406607.568 265234.642  34.8%  47.3  225s
  6646  6113 284034.195   84   17 444658.735 284034.195  36.1%  58.8  230s
  5601  4974 264528.856  115   28 404168.883 264528.856  34.5%  71.6  220s
  7665  7024 264911.424  221   10 289812.981 264911.424  8.59%   100  225s
  8879  8038 265234.642  146    8 406607.568 265234.642  34.8%  46.8  230s
  6819  6286 284034.195  101   11 444658.735 284034.195  36.1%  58.6  235s
  9216  8375 265234.642  162   34 406607.568 265234.642  34.8%  46.2  235s
  7878  7237 264911.424  225    8 289812.981 264911.424  8.59%   100  230s
  5773  5136 264528.856  170   26 404168.883 264528.856  34.5%  70.6  226s
  7014  6481 284034.195  102   27 444658.735 284034.195  36.1%  59.0  240s
  8135  7494 264911.424  231   10 289812.981 264911.424  8.59%   101  235s
  5934  5285 264528.856  148   15 404168.883 264528.856  34.5%  69.5  230s
  9455  8614 265234.642  146   10 406607.568 265234.642  34.8%  45.8  240s
  7252  6719 284034.195   78   11 444658.735 284034.195  36.1%  59.1  245s
  8425  7784 264911.424  230   44 289812.981 264911.424  8.59%   101  240s
  6129  5470 264528.856  114   16 404168.883 264528.856  34.5%  68.2  235s
  9756  8915 265234.642  162   10 406607.568 265234.642  34.8%  45.2  245s
  7420  6887 284034.195   97   11 444658.735 284034.195  36.1%  58.5  250s
  6315  5640 264528.856  131   18 404168.883 264528.856  34.5%  66.9  240s
  8641  8000 264911.436  224   37 289812.981 264911.424  8.59%   102  245s
 10102  9261 265234.642  161    8 406607.568 265234.642  34.8%  44.9  250s
  7648  7115 284034.195   93   13 444658.735 284034.195  36.1%  60.0  255s
  8915  8274 264911.424  207   10 289812.981 264911.424  8.59%   104  250s
  6474  5787 264528.856  112   18 404168.883 264528.856  34.5%  65.9  245s
 10418  9577 265234.642  173    8 406607.568 265234.642  34.8%  44.2  255s
  7873  7340 284034.195   99   11 444658.735 284034.195  36.1%  59.4  261s
  6682  5985 264528.856  119   17 404168.883 264528.856  34.5%  64.9  250s
  9203  8560 264911.424  226   10 289812.981 264911.424  8.59%   102  255s
 10798  9957 265234.642  162    8 406607.568 265234.642  34.8%  43.3  260s
  8014  7481 284034.195  120   16 444658.735 284034.195  36.1%  59.9  265s
  9404  8761 264911.424  218   18 289812.981 264911.424  8.59%   102  260s
  6895  6184 264528.856  136   23 404168.883 264528.856  34.5%  63.7  255s
 11146 10305 265234.642  173   34 406607.568 265234.642  34.8%  42.8  265s
  8311  7778 284034.195  144   10 444658.735 284034.195  36.1%  59.0  270s
  9680  9037 264911.424  211   30 289812.981 264911.424  8.59%   103  265s
  7031  6318 264528.856  118   24 404168.883 264528.856  34.5%  63.0  260s
H 8366  7831                    444418.80064 284034.195  36.1%  58.8  271s
 11447 10606 265234.642  175   10 406607.568 265234.642  34.8%  42.2  270s
  8401  7866 284034.195  157    6 444418.801 284034.195  36.1%  58.8  275s
H 8413  7871                    426055.18279 284034.195  33.3%  58.8  275s
H 8413  7871                    425218.80064 284034.195  33.2%  58.8  275s
H 8413  7871                    406783.68036 284034.195  30.2%  58.8  275s
H11716 10873                    406607.55487 265234.642  34.8%  41.8  274s
H11716 10873                    406607.54579 265234.642  34.8%  41.8  274s
H11716 10873                    406607.52335 265234.642  34.8%  41.8  274s
  9874  9218 264927.710  231   60 289812.981 264911.424  8.59%   104  270s
 11783 10942 265234.642  168    8 406607.523 265234.642  34.8%  41.6  275s
  7231  6516 264528.856  120   23 404168.883 264528.856  34.5%  62.4  265s
  8684  8088 284034.195  161    4 406783.680 284034.195  30.2%  58.8  280s
 10100  9425 264911.424  236   52 289812.981 264911.424  8.59%   105  275s
  7437  6708 264528.856   98   20 404168.883 264528.856  34.5%  61.6  270s
 12121 11280 265234.642  161   14 406607.523 265234.642  34.8%  41.2  280s
  9029  8400 284034.195  159    6 406783.680 284034.195  30.2%  58.2  285s
  7619  6888 264528.856  112   26 404168.883 264528.856  34.5%  60.8  275s
 10211  9517 264911.424  228   18 289812.981 264911.424  8.59%   106  280s
 12391 11544 265234.642  195   12 406607.523 265234.642  34.8%  40.7  285s
H10212  9041                    289812.92592 264911.424  8.59%   106  281s
  9391  8696 284034.195  153    6 406783.680 284034.195  30.2%  57.7  290s
  7793  7062 264528.856  110   27 404168.883 264528.856  34.5%  60.2  280s
 10221  9047 264911.424  230   17 289812.926 264911.424  8.59%   106  285s
 12553 11698 265234.642  184   12 406607.523 265234.642  34.8%  40.8  290s
  9796  9052 284034.195  160    6 406783.680 284034.195  30.2%  56.8  295s
 10302  9103 264911.424   49   27 289812.926 264911.424  8.59%   109  290s
  7967  7236 264528.856  101   19 404168.883 264528.856  34.5%  59.9  285s
 12857 11990 265234.642  160   33 406607.523 265234.642  34.8%  41.0  295s
H 9877  9108                    363352.38023 284034.195  21.8%  56.8  297s
H 9877  9108                    363342.84490 284034.195  21.8%  56.8  297s
H 9904  9126                    363333.30957 284034.195  21.8%  56.9  297s
 10093  9255 284034.195  156    6 363333.310 284034.195  21.8%  57.2  300s
 10425  9185 264911.424   66   21 289812.926 264911.424  8.59%   110  295s
  8108  7377 264528.856  101   17 404168.883 264528.856  34.5%  59.7  290s
 13137 12256 265234.642  162   25 406607.523 265234.642  34.8%  41.2  300s
 10423  9516 284034.195  156    8 363333.310 284034.195  21.8%  57.3  305s
 10577  9282 264911.424   71   12 289812.926 264911.424  8.59%   109  300s
  8310  7579 264528.856  110   19 404168.883 264528.856  34.5%  60.7  295s
 13409 12514 265234.642  155   18 406607.523 265234.642  34.8%  41.5  305s
 10734  9765 284857.181  182  122 363333.310 284034.195  21.8%  56.4  310s
 10765  9404 264911.424  100   16 289812.926 264911.424  8.59%   107  305s
 13688 12787 265234.642  235    8 406607.523 265234.642  34.8%  41.6  310s
  8498  7767 264528.856  129   31 404168.883 264528.856  34.5%  60.3  301s
H10957  9900                    363326.09332 284034.195  21.8%  56.1  314s
 11038  9964 284034.195  169   12 363326.093 284034.195  21.8%  56.1  315s
 10887  9472 264911.424  104   18 289812.926 264911.424  8.59%   106  310s
  8643  7910 264528.856  146   31 404168.883 264528.856  34.5%  59.9  305s
 13961 13060 265234.642  258    8 406607.523 265234.642  34.8%  41.1  315s
 11349 10178 284733.172  170  122 363326.093 284034.195  21.8%  55.7  320s
 11014  9542 264911.424  105   18 289812.926 264911.424  8.59%   105  315s
  8853  8108 264528.856  164   22 404168.883 264528.856  34.5%  59.4  310s
 14309 13408 265234.642  288   10 406607.523 265234.642  34.8%  40.5  320s
H11529 10286                    363321.79532 284034.195  21.8%  55.5  322s
H11529 10286                    363318.87707 284034.195  21.8%  55.5  322s
 11645 10355 284034.195  181    6 363318.877 284034.195  21.8%  55.4  325s
  9074  8319 264528.856  184   24 404168.883 264528.856  34.5%  58.8  315s
 11235  9680 264911.424   89   18 289812.926 264911.424  8.59%   103  320s
 14570 13667 265234.642  298   10 406607.523 265234.642  34.8%  40.1  325s
 12000 10563 284034.195  175    6 363318.877 284034.195  21.8%  55.0  330s
 11415  9791 264911.424  129   30 289812.926 264911.424  8.59%   102  325s
  9219  8458 264528.856  171   33 404168.883 264528.856  34.5%  58.7  320s
 14878 13975 265234.642  304    8 406607.523 265234.642  34.8%  39.7  330s
 12325 10757 285102.168  181  122 363318.877 284034.195  21.8%  54.7  335s
 11647  9937 264911.424  116   20 289812.926 264911.424  8.59%   100  330s
  9421  8648 264528.856  183    7 404168.883 264528.856  34.5%  58.7  325s
 15174 14271 265234.642  305    8 406607.523 265234.642  34.8%  39.3  335s
 12621 10938 284440.827  173  122 363318.877 284034.195  21.8%  54.4  340s
 11805 10034 264911.424  119   26 289812.926 264911.424  8.59%  99.3  335s
  9556  8777 264528.856  176   29 404168.883 264528.856  34.5%  58.9  330s
 15470 14567 265234.642  300    8 406607.523 265234.642  34.8%  38.9  340s
 12967 11168 284034.195  160    6 363318.877 284034.195  21.8%  54.3  345s
 12031 10162 264911.424  100   24 289812.926 264911.424  8.59%  97.8  340s
  9772  8981 264528.856  165   15 404168.883 264528.856  34.5%  58.5  335s
 15713 14810 265234.642  302   10 406607.523 265234.642  34.8%  38.6  345s
 13312 11404 284034.195  170    6 363318.877 284034.195  21.8%  54.1  350s
 12245 10296 264911.424   88   12 289812.926 264911.424  8.59%  96.5  345s
  9977  9162 264528.856  175   16 404168.883 264528.856  34.5%  58.4  340s
 16015 15112 265234.642  296   10 406607.523 265234.642  34.8%  38.2  350s
 13596 11577 284716.329  184  122 363318.877 284034.195  21.8%  53.8  355s
 12449 10427 264911.424  118   20 289812.926 264911.424  8.59%  95.2  350s
 16199 15296 265234.642  280    8 406607.523 265234.642  34.8%  38.0  355s
 10140  9317 264528.856  162   26 404168.883 264528.856  34.5%  58.3  347s
 13972 11841 284034.195  177    6 363318.877 284034.195  21.8%  53.2  360s
 12677 10546 264911.424  145   16 289812.926 264911.424  8.59%  93.8  355s
 10271  9440 264528.856  173   27 404168.883 264528.856  34.5%  57.9  350s
 16535 15632 265234.642  297    8 406607.523 265234.642  34.8%  37.6  360s
H14170 11956                    363318.86283 284034.195  21.8%  53.1  362s
 14252 12006 284034.195  168    6 363318.863 284034.195  21.8%  53.0  365s
 12807 10614 264911.424  130   20 289812.926 264911.424  8.59%  93.0  360s
 10516  9657 264528.856  157   25 404168.883 264528.856  34.5%  57.4  355s
 16874 15963 265241.458  308   17 406607.523 265234.642  34.8%  37.2  365s
 14577 12196 284034.195  172    6 363318.863 284034.195  21.8%  52.8  370s
 13063 10728 264911.424  124   20 289812.926 264911.424  8.59%  91.5  365s
 10720  9845 264528.856  159   19 404168.883 264528.856  34.5%  57.3  360s
 17206 16287 265234.642  310    8 406607.523 265234.642  34.8%  36.8  370s
 14917 12395 284423.145  180  122 363318.863 284034.195  21.8%  52.6  375s
 10936 10053 264528.856  194   12 404168.883 264528.856  34.5%  57.1  365s
 17565 16640 265234.642  236   10 406607.523 265234.642  34.8%  36.3  375s
 13281 10825 264911.424  124   20 289812.926 264911.424  8.59%  90.3  370s
 15310 12644 284034.195  161    6 363318.863 284034.195  21.8%  52.2  380s
 13500 10932 264911.424  124   16 289812.926 264911.424  8.59%  89.2  375s
 11138 10235 264528.856  159   35 404168.883 264528.856  34.5%  56.7  370s
 17893 16968 265234.642  265    8 406607.523 265234.642  34.8%  36.0  380s
H17911 16984                    326559.83339 265234.642  18.8%  36.0  382s
H17911 16984                    326397.19049 265234.642  18.7%  36.0  382s
 15668 12885 284034.195  169    4 363318.863 284034.195  21.8%  52.0  385s
H17981 17054                    326336.68797 265234.642  18.7%  35.9  384s
 13761 11076 264911.424  118   18 289812.926 264911.424  8.59%  87.8  380s
 11340 10431 264528.856  159   36 404168.883 264528.856  34.5%  56.7  375s
 18016 17091 265234.642  272    8 326336.688 265234.642  18.7%  35.9  385s
 15901 13028 284637.718  170  122 363318.863 284034.195  21.8%  52.3  390s
 13995 11196 264911.424  134   16 289812.926 264911.424  8.59%  86.7  385s
 11475 10552 264528.856  176   27 404168.883 264528.856  34.5%  56.6  380s
 18301 17376 265234.642  294    8 326336.688 265234.642  18.7%  35.5  390s
 14232 11308 264911.424  123   19 289812.926 264911.424  8.59%  85.5  390s
 11732 10779 264528.856  165   20 404168.883 264528.856  34.5%  56.5  385s
 18608 17679 265234.642  312   14 326336.688 265234.642  18.7%  35.2  395s
 16199 13211 284034.195  167    6 363318.863 284034.195  21.8%  52.2  397s
 16401 13334 284671.884  174  122 363318.863 284034.195  21.8%  52.1  400s
H16411 13338                    363318.81301 284034.195  21.8%  52.1  400s
 14496 11466 264911.424   91   14 289812.926 264911.424  8.59%  84.3  395s
 11934 10971 264528.856  156   18 404168.883 264528.856  34.5%  56.5  390s
 18909 17966 265234.642  303   10 326336.688 265234.642  18.7%  34.9  400s
 16762 13671 284034.195  155   23 363318.813 284034.195  21.8%  52.1  405s
 14639 11561 264911.424  104   12 289812.926 264911.424  8.59%  83.7  400s
 19214 18269 265234.642  307   12 326336.688 265234.642  18.7%  34.5  405s
 12098 11121 264528.856  147   29 404168.883 264528.856  34.5%  56.4  396s
 17173 14057 284034.195  150    8 363318.813 284034.195  21.8%  51.3  410s
 14899 11709 264911.424  116   20 289812.926 264911.424  8.59%  82.6  405s
 12251 11270 264528.856  154   38 404168.883 264528.856  34.5%  56.4  400s
 19494 18545 265234.642  305    8 326336.688 265234.642  18.7%  34.3  410s
 17482 14272 284034.195  169   16 363318.813 284034.195  21.8%  51.4  415s
 15183 11823 264911.424  129   24 289812.926 264911.424  8.59%  81.3  410s
 12451 11458 264528.856  151   24 404168.883 264528.856  34.5%  56.2  405s
 19765 18816 265234.642  317   12 326336.688 265234.642  18.7%  34.0  415s
 17838 14610 284034.195  193   10 363318.813 284034.195  21.8%  51.7  420s
 12657 11650 264528.856  142   33 404168.883 264528.856  34.5%  56.0  410s
 15474 11958 264911.424  120   14 289812.926 264911.424  8.59%  80.1  415s
 20031 19080 265234.642  316    8 326336.688 265234.642  18.7%  33.7  420s
 18271 15043 284034.195  214    6 363318.813 284034.195  21.8%  51.0  425s
H20229 19276                    326305.21078 265234.642  18.7%  33.6  423s
 15754 12081 264911.424  119   16 289812.926 264911.424  8.59%  79.0  420s
 12881 11858 264528.856  137   25 404168.883 264528.856  34.5%  56.1  415s
 20263 19312 265234.642  313    8 326305.211 265234.642  18.7%  33.5  425s
 18655 15427 284034.195  240    8 363318.813 284034.195  21.8%  50.5  430s
 16060 12224 264911.424  121   18 289812.926 264911.424  8.59%  77.8  425s
 20564 19613 265234.642  313    8 326305.211 265234.642  18.7%  33.3  430s
 13063 12022 264528.856  137   28 404168.883 264528.856  34.5%  56.0  420s
 18995 15767 284034.195  251   10 363318.813 284034.195  21.8%  50.1  435s
 16369 12379 264911.424  119   16 289812.926 264911.424  8.59%  76.7  430s
 13234 12179 264528.856  142   27 404168.883 264528.856  34.5%  56.1  425s
 20818 19857 265238.997  311   19 326305.211 265234.642  18.7%  33.1  436s
 19491 16263 284034.195  230    8 363318.813 284034.195  21.8%  49.5  440s
 16613 12503 264911.424  126   22 289812.926 264911.424  8.59%  75.8  435s
 13396 12305 264528.856  142   26 404168.883 264528.856  34.5%  56.1  430s
 21012 20051 265234.642  329    8 326305.211 265234.642  18.7%  33.0  440s
 19712 16484 284034.195  221   10 363318.813 284034.195  21.8%  49.2  445s
 16921 12667 264911.424  113   16 289812.926 264911.424  8.59%  74.8  440s
 13603 12492 264528.856  152   23 404168.883 264528.856  34.5%  55.9  435s
 21298 20335 265241.611  326   19 326305.211 265234.642  18.7%  32.7  445s
 20130 16902 284034.195  254    6 363318.813 284034.195  21.8%  48.7  450s
 17195 12820 264911.424  190   18 289812.926 264911.424  8.59%  73.9  445s
 13803 12674 264528.856  134   27 404168.883 264528.856  34.5%  55.6  440s
 21598 20631 265234.642  315    8 326305.211 265234.642  18.7%  32.5  450s
H21681 20712                    326305.18851 265234.642  18.7%  32.4  451s
 20533 17289 284034.195  255    6 363318.813 284034.195  21.8%  48.8  455s
H21898 20927                    326305.15543 265234.642  18.7%  32.3  454s
 17396 12935 264911.424  115   20 289812.926 264911.424  8.59%  73.3  450s
 13939 12802 264528.856  122   17 404168.883 264528.856  34.5%  55.4  445s
 21966 20997 265234.642  323    8 326305.155 265234.642  18.7%  32.2  455s
H22168 21189                    326244.70826 265234.642  18.7%  32.1  457s
 20933 17685 284034.195  241   18 363318.813 284034.195  21.8%  50.2  460s
 14127 12978 264528.856  137   17 404168.883 264528.856  34.5%  55.3  450s
 17726 13106 264911.424  106   14 289812.926 264911.424  8.59%  72.2  455s
 22348 21369 265234.642  326    8 326244.708 265234.642  18.7%  32.0  460s
 21367 18097 284034.195  231    8 363318.813 284034.195  21.8%  51.2  465s
 18041 13301 264911.424   99   16 289812.926 264911.424  8.59%  71.2  460s
 14305 13150 264528.856  122   31 404168.883 264528.856  34.5%  55.1  455s
 22627 21642 265234.642  321    8 326244.708 265234.642  18.7%  32.0  465s
 21731 18459 284034.195  166   21 363318.813 284034.195  21.8%  52.6  470s
 18354 13481 264911.424  106   24 289812.926 264911.424  8.59%  70.4  465s
 14413 13248 264528.856  131   16 404168.883 264528.856  34.5%  54.9  460s
 22924 21935 265241.698  325   28 326244.708 265234.642  18.7%  31.8  470s
 22141 18821 284034.195  138   19 363318.813 284034.195  21.8%  53.0  475s
H23114 22123                    326244.70726 265234.642  18.7%  31.7  473s
 18529 13573 264911.424  135   22 289812.926 264911.424  8.59%  69.9  470s
 14601 13428 264528.856  134   15 404168.883 264528.856  34.5%  54.6  465s
 23145 22156 265243.278  325   19 326244.707 265234.642  18.7%  31.7  475s
 22408 19053 284034.195  159   22 363318.813 284034.195  21.8%  53.6  481s
 14782 13603 264528.856  120   19 404168.883 264528.856  34.5%  54.1  470s
 18834 13753 264911.424  108   14 289812.926 264911.424  8.59%  69.0  475s
 23491 22498 265234.642  329    8 326244.707 265234.642  18.7%  31.5  480s
 22695 19287 285835.782  157  143 363318.813 284034.195  21.8%  54.0  485s
 19131 13936 264911.424  111   17 289812.926 264911.424  8.59%  68.2  480s
 14992 13801 264528.856  117   23 404168.883 264528.856  34.5%  54.0  475s
 23818 22817 265234.642  319    8 326244.707 265234.642  18.7%  31.5  485s
 22957 19521 284034.195  223   10 363318.813 284034.195  21.8%  55.1  490s
 19453 14130 264911.424  146   25 289812.926 264911.424  8.59%  67.3  485s
 15190 13993 264528.856  130   21 404168.883 264528.856  34.5%  53.8  480s
 24031 23028 265240.043  329   19 326244.707 265234.642  18.7%  31.4  490s
 23270 19831 284034.195  244   20 363318.813 284034.195  21.8%  56.7  495s
 19753 14286 264972.834  152   83 289812.926 264911.424  8.59%  66.5  490s
 15382 14183 264528.856  126   23 404168.883 264528.856  34.5%  53.8  485s
 24355 23346 265239.597  326   19 326244.707 265234.642  18.7%  31.3  495s
 23424 19979 284034.195  246   18 363318.813 284034.195  21.8%  57.3  500s
H24652 23635                    326244.67387 265234.642  18.7%  31.1  499s
 20029 14439 264911.424  148   20 289812.926 264911.424  8.59%  65.9  495s
 15571 14370 264528.856  109   31 404168.883 264528.856  34.5%  54.6  490s
 24694 23679 265243.892  316   19 326244.674 265234.642  18.7%  31.1  500s
 23747 20287 284034.195  150   10 363318.813 284034.195  21.8%  58.6  505s
 20352 14597 264911.424  170   20 289812.926 264911.424  8.59%  65.1  500s
 15705 14500 264528.856  123   31 404168.883 264528.856  34.5%  54.9  495s
 25124 24105 265240.607  334   19 326244.674 265234.642  18.7%  30.9  505s
 24102 20622 284034.195  266   25 363318.813 284034.195  21.8%  60.2  510s
 20660 14751 264911.424  139   12 289812.926 264911.424  8.59%  64.3  505s
 15900 14689 264528.856  135   19 404168.883 264528.856  34.5%  55.3  500s
 25581 24560 265242.272  313   19 326244.674 265234.642  18.7%  30.6  510s
 24423 20943 284034.195  239   13 363318.813 284034.195  21.8%  62.0  515s
 20949 14859 264911.424  154   14 289812.926 264911.424  8.59%  63.6  510s
 16034 14821 264528.856  107   35 404168.883 264528.856  34.5%  55.9  505s
 25662 24639 265234.642  315   10 326244.674 265234.642  18.7%  30.6  515s
 24742 21258 284034.195  168   13 363318.813 284034.195  21.8%  63.7  520s
 21277 15014 264911.424  136   18 289812.926 264911.424  8.59%  62.9  515s
 16202 14989 264528.856  109   34 404168.883 264528.856  34.5%  57.5  510s
 26006 24969 265234.642  313    8 326244.674 265234.642  18.7%  30.4  520s
 24882 21387 284034.195  239   10 363318.813 284034.195  21.8%  64.5  525s
 16351 15138 264528.856  123   21 404168.883 264528.856  34.5%  57.9  515s
 26321 25284 265234.642  314   10 326244.674 265234.642  18.7%  30.2  525s
 21459 15091 264911.424  144   16 289812.926 264911.424  8.59%  62.5  520s
 25189 21678 284034.195  229   10 363318.813 284034.195  21.8%  65.9  530s
 21725 15223 264911.424  201   26 289812.926 264911.424  8.59%  61.9  525s
 16549 15336 264528.856  141   30 404168.883 264528.856  34.5%  58.5  520s
 26705 25668 265242.350  335   17 326244.674 265234.642  18.7%  30.1  530s
 25458 21945 284034.195  182    6 363318.813 284034.195  21.8%  67.4  535s
 22053 15354 264911.424  126   16 289812.926 264911.424  8.59%  61.2  530s
 16747 15534 264528.875  153   27 404168.883 264528.856  34.5%  58.2  525s
 27131 26086 265245.536  330   27 326244.674 265234.642  18.7%  30.1  535s
 25783 22192 284034.195   84   28 363318.813 284034.195  21.8%  67.7  540s
 22374 15488 264911.424  121   18 289812.926 264911.424  8.59%  60.5  535s
 16797 15584 264528.856  163   34 404168.883 264528.856  34.5%  58.3  530s
 27557 26500 265234.642  340    8 326244.674 265234.642  18.7%  30.3  540s
 26054 22411 284034.195  160   26 363318.813 284034.195  21.8%  68.2  545s
 22594 15600 264911.424  147   20 289812.926 264911.424  8.59%  60.1  540s
 16827 15614 264528.856  164   20 404168.883 264528.856  34.5%  58.4  535s
 27976 26911 265234.642  322    8 326244.674 265234.642  18.7%  30.5  545s
 26303 22650 284034.195  220   47 363318.813 284034.195  21.8%  69.4  550s
 22629 15617 264911.424  127   14 289812.926 264911.424  8.59%  60.0  545s
 28436 27349 265234.642  340   39 326244.674 265234.642  18.7%  30.5  550s
 16839 15626 264528.856  164   19 404168.883 264528.856  34.5%  58.4  540s
 26390 22737 284034.195  224   43 363318.813 284034.195  21.8%  70.1  555s
 22661 15632 264911.424  128   12 289812.926 264911.424  8.59%  60.0  550s
 28874 27765 265240.153  324   19 326244.674 265234.642  18.7%  30.6  555s
 16869 15656 264528.856  168   20 404168.883 264528.856  34.5%  58.3  545s
 26635 22968 284034.195  162   12 363318.813 284034.195  21.8%  71.8  560s
 16898 15685 264528.856  171   23 404168.883 264528.856  34.5%  58.3  550s
 29179 28052 265234.642  335    8 326244.674 265234.642  18.7%  30.5  560s
 22845 15730 264911.424  138   22 289812.926 264911.424  8.59%  59.6  555s
 26922 23235 284034.195  262   51 363318.813 284034.195  21.8%  73.6  565s
 23042 15832 264911.424  120   18 289812.926 264911.424  8.59%  59.2  560s
 16929 15716 264528.856  173   20 404168.883 264528.856  34.5%  58.3  555s
 29607 28448 265234.642  326    8 326244.674 265234.642  18.7%  30.4  565s
 27220 23482 284034.195  159   31 363318.813 284034.195  21.8%  75.1  570s
 16980 15767 264528.856  178   25 404168.883 264528.856  34.5%  58.3  560s
 29854 28687 265234.642  313   10 326244.674 265234.642  18.7%  30.4  570s
 23279 15947 264911.424  130   16 289812.926 264911.424  8.59%  58.8  567s
 27546 23790 284034.195  162    8 363318.813 284034.195  21.8%  75.3  575s
 23408 16018 264911.424  131   22 289812.926 264911.424  8.59%  58.6  570s
 17198 15983 264528.856  196   30 404168.883 264528.856  34.5%  58.0  565s
 30204 29037 265243.579  326   17 326244.674 265234.642  18.7%  30.3  575s
 23664 16139 264911.424  113   18 289812.926 264911.424  8.59%  58.2  575s
 17395 16180 264528.856  211   17 404168.883 264528.856  34.5%  58.0  570s
 30564 29397 265234.642  319    8 326244.674 265234.642  18.7%  30.1  580s
 27869 24089 284034.195  198   37 363318.813 284034.195  21.8%  76.3  582s
 27983 24191 284034.195  245   55 363318.813 284034.195  21.8%  77.5  585s
 23906 16253 264911.424  130   16 289812.926 264911.424  8.59%  57.8  580s
 17520 16303 264528.856  222   19 404168.883 264528.856  34.5%  58.2  575s
 30988 29821 265246.560  338   25 326244.674 265234.642  18.7%  30.0  585s
 28263 24450 284034.195   60   33 363318.813 284034.195  21.8%  78.7  590s
 24157 16358 264911.424  136   18 289812.926 264911.424  8.59%  57.3  585s
 17719 16496 264528.856  241   21 404168.883 264528.856  34.5%  58.1  580s
 31295 30128 265249.007  329   25 326244.674 265234.642  18.7%  30.0  590s
 28530 24717 284034.195   65   27 363318.813 284034.195  21.8%  79.0  595s
 24394 16477 264911.424  137   14 289812.926 264911.424  8.59%  56.9  590s
 17937 16688 264528.856  229   17 404168.883 264528.856  34.5%  57.8  585s
 31679 30512 265246.757  331   25 326244.674 265234.642  18.7%  30.1  595s
 28778 24965 284034.195   67   29 363318.813 284034.195  21.8%  79.3  600s
 24663 16608 264911.424  126   20 289812.926 264911.424  8.59%  56.5  595s
 18084 16831 264528.856  229   25 404168.883 264528.856  34.5%  57.5  590s
 32077 30910 265246.691  328   25 326244.674 265234.642  18.7%  30.0  600s
 28815 25002 284034.195   72   23 363318.813 284034.195  21.8%  79.4  605s
 24942 16760 264911.424  150   18 289812.926 264911.424  8.59%  56.1  600s
 18284 17021 264528.856  234   19 404168.883 264528.856  34.5%  57.8  595s
 32187 31020 265234.642  305   12 326244.674 265234.642  18.7%  30.0  605s
 28841 25028 284034.195   79   27 363318.813 284034.195  21.8%  79.4  610s
 25198 16853 264911.424  140   14 289812.926 264911.424  8.59%  55.6  605s
 18412 17139 264528.856  251   40 404168.883 264528.856  34.5%  57.7  600s
 32535 31354 265234.642  324   10 326244.674 265234.642  18.7%  29.8  610s
 28853 25040 284034.195   79   31 363318.813 284034.195  21.8%  79.4  615s
 25390 16930 264911.424  117   20 289812.926 264911.424  8.59%  55.3  610s
 18623 17338 264528.856  228   25 404168.883 264528.856  34.5%  57.7  605s
 32886 31705 265234.642  335    8 326244.674 265234.642  18.7%  29.8  615s
 28880 25067 284034.195   70   11 363318.813 284034.195  21.8%  79.5  620s
 25669 17050 264911.424  127   14 289812.926 264911.424  8.59%  54.9  615s
 18827 17512 264528.856  227   27 404168.883 264528.856  34.5%  57.6  610s
 33271 32090 265240.441  329   19 326244.674 265234.642  18.7%  29.7  620s
 28902 25089 284034.195  224   40 363318.813 284034.195  21.8%  79.5  625s
 25964 17183 264911.424  111   22 289812.926 264911.424  8.59%  54.4  620s
 18993 17656 264528.856  232   21 404168.883 264528.856  34.5%  57.4  615s
 33649 32468 265242.847  355   19 326244.674 265234.642  18.7%  29.7  625s
 28921 25108 284034.195  222   10 363318.813 284034.195  21.8%  79.6  630s
 19185 17836 264528.856  221   23 404168.883 264528.856  34.5%  57.3  620s
 26146 17271 264911.424  142   22 289812.926 264911.424  8.59%  54.2  625s
 34055 32864 265234.642  309    8 326244.674 265234.642  18.7%  29.6  630s
 26418 17417 264911.424  123   16 289812.926 264911.424  8.59%  53.8  630s
 34432 33241 265234.642  241   12 326244.674 265234.642  18.7%  29.4  635s
 28949 25136 284034.195  246   12 363318.813 284034.195  21.8%  79.6  637s
 19325 17966 264528.856  222   19 404168.883 264528.856  34.5%  57.1  626s
 28998 25185 284034.195  190   12 363318.813 284034.195  21.8%  79.7  640s
 19454 18091 264528.856  223   21 404168.883 264528.856  34.5%  57.2  630s
 26718 17512 264911.424  112   18 289812.926 264911.424  8.59%  53.4  635s
 34836 33645 265234.642  273    8 326244.674 265234.642  18.7%  29.3  640s
 29180 25367 284034.195   43   37 363318.813 284034.195  21.8%  80.7  645s
 26989 17646 264911.424  146   20 289812.926 264911.424  8.59%  53.0  640s
 19688 18309 264528.856  236   36 404168.883 264528.856  34.5%  57.0  635s
 35260 34069 265234.642  307   10 326244.674 265234.642  18.7%  29.1  645s
 29332 25519 284034.195   70   35 363318.813 284034.195  21.8%  81.6  650s
 27230 17775 264911.424  145   16 289812.926 264911.424  8.59%  52.7  645s
 19892 18507 264528.856  224   17 404168.883 264528.856  34.5%  57.7  640s
 35719 34520 265234.642  336    8 326244.674 265234.642  18.7%  28.9  650s
 29533 25720 284034.195   82   53 363318.813 284034.195  21.8%  82.8  655s
 27457 17881 264911.424  110   18 289812.926 264911.424  8.59%  52.4  650s
 35966 34743 265234.642  330    8 326244.674 265234.642  18.7%  29.1  655s
 20097 18708 264528.856  217   25 404168.883 264528.856  34.5%  58.7  645s
 29747 25925 284034.195   41   12 363318.813 284034.195  21.8%  83.9  660s
 20286 18897 264528.856  222   17 404168.883 264528.856  34.5%  59.1  650s
 36394 35111 265234.642  329    8 326244.674 265234.642  18.7%  29.2  660s
 27668 18003 264911.424  128   16 289812.926 264911.424  8.59%  52.1  655s
 29823 26001 284034.195   45   10 363318.813 284034.195  21.8%  84.0  665s
 27905 18115 264911.424  140   18 289812.926 264911.424  8.59%  51.8  660s
 36620 35303 265234.642  337    8 326244.674 265234.642  18.7%  29.3  665s
 20453 19058 264528.856  218   23 404168.883 264528.856  34.5%  59.3  656s
 30016 26194 284034.204  246   30 363318.813 284034.195  21.8%  85.2  670s
 28184 18251 264911.424  107   18 289812.926 264911.424  8.59%  51.5  665s
 20611 19214 264528.856  207   54 404168.883 264528.856  34.5%  59.5  660s
 37012 35655 265234.642  334    8 326244.674 265234.642  18.7%  29.3  670s
 30226 26404 284034.195   80   79 363318.813 284034.195  21.8%  86.3  675s
 28414 18361 264911.424  102   16 289812.926 264911.424  8.59%  51.2  670s
 20829 19416 264528.856  254   24 404168.883 264528.856  34.5%  59.8  665s
 37040 35681 265242.982  337   19 326244.674 265234.642  18.7%  29.3  675s
 30483 26659 284034.195   86   27 363318.813 284034.195  21.8%  86.6  680s
 28686 18505 264911.424  112   20 289812.926 264911.424  8.59%  50.9  675s
 37055 35692 265234.642  336    8 326244.674 265234.642  18.7%  29.3  680s
 20992 19579 264528.856  225   26 404168.883 264528.856  34.5%  60.1  670s
 30658 26834 284034.195  102   25 363318.813 284034.195  21.8%  86.7  685s
 28903 18637 264911.424  124   16 289812.926 264911.424  8.59%  50.6  680s
 21155 19742 264528.856  207   31 404168.883 264528.856  34.5%  60.2  675s
 37089 35720 265234.642  331    8 326244.674 265234.642  18.7%  29.3  685s
 30928 27103 284034.195   76   11 363318.813 284034.195  21.8%  86.8  690s
 21314 19897 264528.856  208   22 404168.883 264528.856  34.5%  60.6  680s
 37108 35737 265234.642  339   25 326244.674 265234.642  18.7%  29.3  690s
 29179 18764 265101.467  152   83 289812.926 264911.424  8.59%  50.3  685s
 29417 18816 264911.424  177   20 289812.926 264911.424  8.59%  50.0  690s
 21504 20087 264528.856  209   21 404168.883 264528.856  34.5%  60.9  685s
 37127 35756 265234.642  334   10 326244.674 265234.642  18.7%  29.3  695s
 31124 27287 284034.195  134    8 363318.813 284034.195  21.8%  86.8  697s
 31228 27381 284034.195  145    8 363318.813 284034.195  21.8%  86.7  700s
 21716 20295 264528.856  207   16 404168.883 264528.856  34.5%  61.1  690s
 29586 18883 264911.424  189   20 289812.926 264911.424  8.59%  49.9  695s
 37152 35777 265234.642  336    8 326244.674 265234.642  18.7%  29.3  700s
 31502 27638 284034.195   93   13 363318.813 284034.195  21.8%  86.7  705s
 21855 20432 264528.856  209   17 404168.883 264528.856  34.5%  61.5  695s
 29774 18979 264911.424  225   10 289812.926 264911.424  8.59%  50.6  700s
 37344 35951 265234.642  324    8 326244.674 265234.642  18.7%  29.3  705s
 31745 27875 284034.195  178   52 363318.813 284034.195  21.8%  87.1  710s
 22052 20627 264528.856  204   26 404168.883 264528.856  34.5%  61.7  700s
 37684 36245 265234.642  338   18 326244.674 265234.642  18.7%  29.3  710s
 30019 19117 264911.424  248   10 289812.926 264911.424  8.59%  50.5  705s
 32053 28179 284034.195  235   10 363318.813 284034.195  21.8%  86.8  715s
 30216 19246 264911.424  255   14 289812.926 264911.424  8.59%  50.3  710s
 22213 20782 264528.856  201   23 404168.883 264528.856  34.5%  61.7  705s
 37820 36361 265234.642  338    8 326244.674 265234.642  18.7%  29.3  715s
 32423 28549 284034.195  267   10 363318.813 284034.195  21.8%  86.2  720s
 22388 20957 264528.856  200   20 404168.883 264528.856  34.5%  62.6  710s
 38171 36674 265234.642  333    8 326244.674 265234.642  18.7%  29.4  720s
 30380 19279 264911.424  190   25 289812.926 264911.424  8.59%  51.3  716s
 32726 28846 284034.195  289   10 363318.813 284034.195  21.8%  85.6  725s
 30560 19328 264911.424  188   27 289812.926 264911.424  8.59%  51.5  720s
 22562 21127 264528.856  197   35 404168.883 264528.856  34.5%  62.4  715s
 38523 36990 265237.127  335   19 326244.674 265234.642  18.7%  29.5  725s
 33051 29151 284034.195  303   16 363318.813 284034.195  21.8%  85.0  730s
 22758 21321 264528.856  205   49 404168.883 264528.856  34.5%  62.5  720s
 30749 19384 264922.787  180   30 289812.926 264911.424  8.59%  52.2  725s
 38810 37247 265234.642  333    8 326244.674 265234.642  18.7%  29.5  730s
 33437 29533 284034.279  319   25 363318.813 284034.195  21.8%  84.3  735s
 22976 21537 264528.856  226   18 404168.883 264528.856  34.5%  62.5  725s
 30890 19451 264922.787  174   30 289812.926 264911.424  8.59%  53.1  730s
 38930 37351 265236.252  337   17 326244.674 265234.642  18.7%  29.6  735s
 33766 29858 284034.195  296   10 363318.813 284034.195  21.8%  83.7  740s
 23144 21703 264528.856  229   38 404168.883 264528.856  34.5%  62.4  730s
 31073 19541 264911.424  158   25 289812.926 264911.424  8.59%  54.3  735s
 39198 37593 265234.642  339   12 326244.674 265234.642  18.7%  29.6  740s
 34124 30212 284034.195  287   10 363318.813 284034.195  21.8%  83.0  746s
 31204 19599 264911.424  163   25 289812.926 264911.424  8.59%  55.1  740s
 23342 21899 264528.856  217   39 404168.883 264528.856  34.5%  62.3  735s
 39416 37785 265234.642  338   36 326244.674 265234.642  18.7%  29.8  745s
 34371 30453 284034.195  310   10 363318.813 284034.195  21.8%  82.6  750s
 31396 19704 264911.424  156   21 289812.926 264911.424  8.59%  55.8  745s
 23512 22069 264528.856  195   29 404168.883 264528.856  34.5%  62.1  740s
 39629 37984 265237.700  336   19 326244.674 265234.642  18.7%  29.9  750s
 34727 30809 284034.195  292   10 363318.813 284034.195  21.8%  81.9  755s
 23712 22259 264528.856  206   18 404168.883 264528.856  34.5%  62.1  745s
 31545 19783 264911.424  148   30 289812.926 264911.424  8.59%  56.6  750s
 39942 38271 265234.642  335    8 326244.674 265234.642  18.7%  30.1  755s
 35101 31168 284034.195  303   10 363318.813 284034.195  21.8%  81.2  760s
 31672 19852 264911.424  146   23 289812.926 264911.424  8.59%  57.2  755s
 40227 38534 265234.642  330    8 326244.674 265234.642  18.7%  30.3  760s
 23877 22408 264528.856  187   27 404168.883 264528.856  34.5%  62.2  750s
 35477 31516 284034.195  307   10 363318.813 284034.195  21.8%  80.6  765s
 31842 19945 264911.424  149   36 289812.926 264911.424  8.59%  57.9  760s
 24070 22591 264528.856  183   18 404168.883 264528.856  34.5%  62.2  755s
 40525 38820 265234.642  350    8 326244.674 265234.642  18.7%  30.3  765s
 35754 31781 284034.195  310   10 363318.813 284034.195  21.8%  80.1  770s
 31963 20010 264911.424  139   35 289812.926 264911.424  8.59%  59.1  765s
 24272 22791 264528.856  190   35 404168.883 264528.856  34.5%  62.3  760s
 40741 39036 265234.642  363   12 326244.674 265234.642  18.7%  30.2  770s
 35992 32009 284034.195  312   12 363318.813 284034.195  21.8%  79.7  775s
 32132 20110 264911.424  141   51 289812.926 264911.424  8.59%  60.1  770s
 24426 22945 264528.856  189   21 404168.883 264528.856  34.5%  62.3  765s
 41011 39306 265234.642  383    8 326244.674 265234.642  18.7%  30.1  775s
 36372 32377 284034.195  290   12 363318.813 284034.195  21.8%  79.1  780s
 32243 20179 264911.424  138   38 289812.926 264911.424  8.59%  60.6  775s
 24628 23139 264528.856  183   24 404168.883 264528.856  34.5%  62.2  770s
 41337 39632 265234.642  407    8 326244.674 265234.642  18.7%  30.0  780s
 36761 32734 284034.195  298   16 363318.813 284034.195  21.8%  78.4  785s
 24819 23330 264528.856  191   29 404168.883 264528.856  34.5%  62.3  775s
 32402 20271 264911.424  138   43 289812.926 264911.424  8.59%  61.6  780s
 41391 39684 265234.642  412   10 326244.674 265234.642  18.7%  30.0  785s
 37068 33037 284034.195  232   10 363318.813 284034.195  21.8%  78.0  790s
 32580 20370 264911.424  130   27 289812.926 264911.424  8.59%  62.7  785s
 24928 23439 264528.856  182   27 404168.883 264528.856  34.5%  62.4  780s
 41632 39925 265234.642  392    8 326244.674 265234.642  18.7%  29.9  790s
 37317 33286 284034.195  242   12 363318.813 284034.195  21.8%  77.6  795s
 25124 23633 264528.856  212   29 404168.883 264528.856  34.5%  62.5  785s
 32697 20441 264911.424  132   38 289812.926 264911.424  8.59%  63.3  790s
 42003 40296 265234.642  406    8 326244.674 265234.642  18.7%  29.7  795s
 37656 33625 284034.195  258   12 363318.813 284034.195  21.8%  77.1  800s
 32832 20519 264911.424  129   25 289812.926 264911.424  8.59%  64.2  795s
 42375 40668 265234.642  416    8 326244.674 265234.642  18.7%  29.6  800s
 25306 23811 264528.856  184   33 404168.883 264528.856  34.5%  62.5  792s
 37857 33826 284034.195  275   10 363318.813 284034.195  21.8%  76.8  805s
 25356 23859 264528.856  172   22 404168.883 264528.856  34.5%  62.5  795s
 42732 41025 265234.642  410    8 326244.674 265234.642  18.7%  29.5  805s
 32855 20530 264911.424  132   57 289812.926 264911.424  8.59%  64.3  800s
 38074 34042 284034.195  291   10 363318.813 284034.195  21.8%  76.5  810s
 25482 23983 264528.856  176   17 404168.883 264528.856  34.5%  62.4  800s
 43025 41318 265234.642  407    8 326244.674 265234.642  18.7%  29.4  810s
 32933 20578 266320.505  132  127 289812.926 264911.424  8.59%  64.8  805s
 33046 20649 264911.424  154   24 289812.926 264911.424  8.59%  65.1  810s
 25607 24108 264528.856  187   24 404168.883 264528.856  34.5%  62.2  805s
 43365 41658 265234.642  413    8 326244.674 265234.642  18.7%  29.3  815s
 38236 34204 284034.195  300   10 363318.813 284034.195  21.8%  76.3  819s
 38240 34208 284034.195  303   12 363318.813 284034.195  21.8%  76.3  820s
 33163 20714 264911.424  122   37 289812.926 264911.424  8.59%  65.5  815s
 25719 24218 264528.856  189   13 404168.883 264528.856  34.5%  62.3  810s
 43650 41943 265234.642  415   10 326244.674 265234.642  18.7%  29.2  820s
 38472 34420 284034.195  310   12 363318.813 284034.195  21.8%  75.9  825s
 25848 24343 264528.856  197   21 404168.883 264528.856  34.5%  62.2  815s
 33264 20778 264911.424  138   17 289812.926 264911.424  8.59%  66.3  820s
 43962 42255 265234.642  412    8 326244.674 265234.642  18.7%  29.1  825s
 38699 34641 284034.195  323   10 363318.813 284034.195  21.8%  75.5  830s
 25973 24464 264528.856  183   22 404168.883 264528.856  34.5%  62.2  820s
 33365 20836 264911.424  136   16 289812.926 264911.424  8.59%  66.8  825s
 44303 42596 265234.642  415    8 326244.674 265234.642  18.7%  29.0  830s
 38949 34887 284034.456  327   25 363318.813 284034.195  21.8%  75.1  835s
 26051 24540 264528.856  189   28 404168.883 264528.856  34.5%  62.1  825s
 33481 20909 264911.424  150   14 289812.926 264911.424  8.59%  67.1  830s
 44468 42761 265234.642  421    8 326244.674 265234.642  18.7%  28.9  835s
 39218 35154 284034.195  321   10 363318.813 284034.195  21.8%  74.7  840s
 33597 20982 266289.095  124  137 289812.926 264911.424  8.59%  67.4  835s
 26178 24667 264528.856  180   30 404168.883 264528.856  34.5%  62.1  830s
 44640 42933 265234.642  426    8 326244.674 265234.642  18.7%  28.9  840s
 39477 35407 284034.396  315   25 363318.813 284034.195  21.8%  74.4  845s
 33698 21044 264922.241  127   29 289812.926 264911.424  8.59%  68.2  840s
 26287 24770 264528.856  172   25 404168.883 264528.856  34.5%  62.0  835s
 44801 43094 265234.642  432   12 326244.674 265234.642  18.7%  28.8  845s
 39720 35650 284034.195  325   10 363318.813 284034.195  21.8%  74.0  850s
 33754 21080 264911.424  124   10 289812.926 264911.424  8.59%  68.6  845s
 26395 24876 264528.856  174   24 404168.883 264528.856  34.5%  62.0  840s
 45164 43457 265234.642  412   10 326244.674 265234.642  18.7%  28.7  850s
 39963 35893 284034.195  320   10 363318.813 284034.195  21.8%  73.7  855s
 33851 21144 264911.424  118   18 289812.926 264911.424  8.59%  69.0  850s
 26464 24945 264528.856  171   28 404168.883 264528.856  34.5%  62.1  845s
 45503 43796 265234.642  407   10 326244.674 265234.642  18.7%  28.6  855s
 40206 36136 284034.195  325   10 363318.813 284034.195  21.8%  73.3  860s
 33961 21210 264911.424  114   12 289812.926 264911.424  8.59%  69.7  855s
 45799 44092 265234.642  422   16 326244.674 265234.642  18.7%  28.6  860s
 26587 25068 264528.856  190   28 404168.883 264528.856  34.5%  61.9  850s
 40441 36371 284034.195  324   10 363318.813 284034.195  21.8%  73.0  865s
 26708 25187 264528.856  172   23 404168.883 264528.856  34.5%  61.8  855s
 34073 21282 264911.424  117   24 289812.926 264911.424  8.59%  70.1  860s
 46137 44430 265234.642  428    8 326244.674 265234.642  18.7%  28.5  865s
 40692 36622 284034.195  327   10 363318.813 284034.195  21.8%  72.7  870s
 34198 21358 264911.424  211   29 289812.926 264911.424  8.59%  70.0  865s
 26785 25262 264528.856  179   10 404168.883 264528.856  34.5%  61.7  860s
 46455 44748 265234.642  415    8 326244.674 265234.642  18.7%  28.4  871s
 40935 36863 284034.195  301   12 363318.813 284034.195  21.8%  72.3  875s
 26887 25364 264528.856  167   29 404168.883 264528.856  34.5%  62.3  865s
 34266 21397 264911.424  111   20 289812.926 264911.424  8.59%  70.1  870s
 46618 44911 265234.642  425   12 326244.674 265234.642  18.7%  28.3  875s
 41161 37085 284034.195  311   10 363318.813 284034.195  21.8%  72.0  880s
 34372 21464 264911.424  112   27 289812.926 264911.424  8.59%  70.6  875s
 26981 25458 264528.856  167   36 404168.883 264528.856  34.5%  62.7  870s
 46910 45203 265236.637  423   30 326244.674 265234.642  18.7%  28.3  880s
 41399 37321 284034.195  318   10 363318.813 284034.195  21.8%  71.7  885s
 34483 21532 264911.424  150   24 289812.926 264911.424  8.59%  70.7  880s
 47187 45480 265234.642  426    8 326244.674 265234.642  18.7%  28.2  885s
 27070 25547 264528.856  163   24 404168.883 264528.856  34.5%  63.2  875s
 41481 37403 284034.443  320   25 363318.813 284034.195  21.8%  71.6  890s
 27124 25601 264528.856  163   37 404168.883 264528.856  34.5%  63.5  880s
 47379 45672 265234.642  419   14 326244.674 265234.642  18.7%  28.2  891s
 34596 21593 264911.528  116   49 289812.926 264911.424  8.59%  71.0  888s
 41701 37617 284034.417  310   27 363318.813 284034.195  21.8%  71.3  895s
 27215 25692 264528.856  158   24 404168.883 264528.856  34.5%  64.1  885s
 34643 21612 264912.252  117   39 289812.926 264911.424  8.59%  71.1  890s
 47704 45997 265234.642  425    8 326244.674 265234.642  18.7%  28.1  895s
 41947 37861 284034.195  322   10 363318.813 284034.195  21.8%  71.0  900s
 34758 21685 264911.424  135   14 289812.926 264911.424  8.59%  71.5  895s
 27330 25807 264528.856  163   32 404168.883 264528.856  34.5%  64.4  890s
 48043 46336 265234.642  431    8 326244.674 265234.642  18.7%  28.0  900s
 42187 38101 284034.489  323   25 363318.813 284034.195  21.8%  70.7  905s
 34901 21774 264911.424  206   16 289812.926 264911.424  8.59%  71.5  900s
 48159 46452 265234.642  418   12 326244.674 265234.642  18.7%  28.0  905s
 27404 25881 264528.856  161   31 404168.883 264528.856  34.5%  64.8  895s
 42449 38363 284034.195  323   10 363318.813 284034.195  21.8%  70.4  910s
 35017 21848 264911.424  113   26 289812.926 264911.424  8.59%  71.8  905s
 27475 25952 264528.856  153   26 404168.883 264528.856  34.5%  65.2  900s
 48434 46727 265234.642  429   16 326244.674 265234.642  18.7%  27.9  911s
 42665 38577 284034.405  309   27 363318.813 284034.195  21.8%  70.1  915s
 27583 26060 264528.856  161   32 404168.883 264528.856  34.5%  65.7  905s
 35133 21916 264911.424  111   45 289812.926 264911.424  8.59%  72.3  910s
 48762 47055 265234.642  406    8 326244.674 265234.642  18.7%  27.8  915s
 42882 38794 284034.484  326   25 363318.813 284034.195  21.8%  69.8  921s
 27700 26177 264528.856  156   36 404168.883 264528.856  34.5%  66.0  910s
 35251 21989 264911.424  105   27 289812.926 264911.424  8.59%  72.8  915s
 49074 47367 265234.642  417   12 326244.674 265234.642  18.7%  27.7  921s
 43043 38955 284034.195  310   10 363318.813 284034.195  21.8%  69.6  925s
 35353 22056 264922.241  103   46 289812.926 264911.424  8.59%  73.3  920s
 27745 26222 264528.856  150   26 404168.883 264528.856  34.5%  66.3  915s
 49155 47448 265234.809  426   30 326244.674 265234.642  18.7%  27.7  925s
 43288 39196 284034.195  326   10 363318.813 284034.195  21.8%  69.3  930s
 27846 26323 264528.856  151   42 404168.883 264528.856  34.5%  66.9  920s
 35430 22105 264911.424  101   44 289812.926 264911.424  8.59%  73.7  925s
 49418 47711 265234.642  420   10 326244.674 265234.642  18.7%  27.7  930s
 43558 39466 284034.597  323   27 363318.813 284034.195  21.8%  69.0  935s
 35533 22169 264911.424  101   34 289812.926 264911.424  8.59%  74.3  930s
 49722 48015 265234.642  419    8 326244.674 265234.642  18.7%  27.6  935s
 27961 26438 264528.856  148   28 404168.883 264528.856  34.5%  67.6  925s
 28058 26535 264528.856  147   40 404168.883 264528.856  34.5%  67.9  930s
 49925 48218 265234.642  417    8 326244.674 265234.642  18.7%  27.5  940s
 35600 22211 264911.424  110   18 289812.926 264911.424  8.59%  74.6  936s
 43817 39725 284034.195  311   14 363318.813 284034.195  21.8%  68.7  945s
 35685 22268 264911.424  112   20 289812.926 264911.424  8.59%  74.9  940s
 28184 26661 264528.856  146   36 404168.883 264528.856  34.5%  68.7  935s
 50228 48521 265234.642  416    8 326244.674 265234.642  18.7%  27.4  945s
 43988 39896 284034.195  325    8 363318.813 284034.195  21.8%  68.4  950s
 35810 22347 264911.424  115   12 289812.926 264911.424  8.59%  74.9  945s
 28235 26712 264528.856  140   40 404168.883 264528.856  34.5%  69.0  940s
 50532 48825 265234.642  414    8 326244.674 265234.642  18.7%  27.4  950s
 44206 40114 284034.195  293   10 363318.813 284034.195  21.8%  68.2  955s
 35936 22431 264911.424  109   26 289812.926 264911.424  8.59%  74.9  950s
 28314 26791 264528.856  144   22 404168.883 264528.856  34.5%  69.6  945s
 50868 49161 265234.642  408    8 326244.674 265234.642  18.7%  27.3  956s
 44466 40367 284034.195  306   10 363318.813 284034.195  21.8%  67.9  960s
 36040 22498 264911.424  103   31 289812.926 264911.424  8.59%  75.5  955s
 28420 26895 264528.856  139   34 404168.883 264528.856  34.5%  70.3  950s
 51051 49344 265234.642  410    8 326244.674 265234.642  18.7%  27.2  960s
 44732 40631 284034.195  319   10 363318.813 284034.195  21.8%  67.6  965s
 28491 26966 264528.856  138   42 404168.883 264528.856  34.5%  70.8  955s
 36093 22530 264911.424  110   36 289812.926 264911.424  8.59%  75.7  960s
 51266 49559 265234.642  410   10 326244.674 265234.642  18.7%  27.2  965s
 44976 40873 284034.195  321   10 363318.813 284034.195  21.8%  67.3  970s
 28605 27080 264528.856  136   40 404168.883 264528.856  34.5%  71.6  960s
 36205 22603 264922.409  106   40 289812.926 264911.424  8.59%  76.2  965s
 51663 49956 265234.642  415    8 326244.674 265234.642  18.7%  27.1  970s
 45230 41127 284034.418  319   25 363318.813 284034.195  21.8%  67.0  975s
 36300 22662 264911.424  107   26 289812.926 264911.424  8.59%  76.4  970s
 28713 27188 264528.856  134   36 404168.883 264528.856  34.5%  72.2  965s
 51780 50073 265234.642  417    8 326244.674 265234.642  18.7%  27.1  977s
 45482 41379 284034.195  317   10 363318.813 284034.195  21.8%  66.8  980s
 36418 22734 264911.424  116   22 289812.926 264911.424  8.59%  76.9  975s
 51887 50180 265234.642  409   12 326244.674 265234.642  18.7%  27.0  980s
 28792 27267 264528.856  133   21 404168.883 264528.856  34.5%  72.6  970s
 45731 41628 284035.347  316   25 363318.813 284034.195  21.8%  66.5  985s
 28889 27362 264528.856  130   36 404168.883 264528.856  34.5%  73.1  975s
 52157 50450 265234.642  411    8 326244.674 265234.642  18.7%  27.0  985s
 36479 22772 264911.424  103   43 289812.926 264911.424  8.59%  77.1  980s
 45987 41884 284034.195  314   10 363318.813 284034.195  21.8%  66.3  990s
 29011 27484 264528.856  132   28 404168.883 264528.856  34.5%  73.9  980s
 36564 22827 264911.424  104   17 289812.926 264911.424  8.59%  77.6  985s
 52373 50666 265234.642  416    8 326244.674 265234.642  18.7%  26.9  990s
 46230 42127 284034.195  312   10 363318.813 284034.195  21.8%  66.0  995s
 36676 22895 264911.424  132   14 289812.926 264911.424  8.59%  77.9  990s
 29059 27532 264528.856  139   34 404168.883 264528.856  34.5%  74.1  985s
 52635 50928 265234.642  406    8 326244.674 265234.642  18.7%  26.9  995s
 46499 42396 284034.195  314   10 363318.813 284034.195  21.8%  65.7 1000s
 29166 27639 264528.856  132   33 404168.883 264528.856  34.5%  74.6  990s
 36780 22962 264911.424  138   51 289812.926 264911.424  8.59%  78.3  995s
 52939 51232 265234.642  404    8 326244.674 265234.642  18.7%  26.8 1000s
 46748 42645 284034.195  318   12 363318.813 284034.195  21.8%  65.4 1005s
 36928 23040 264911.424  177   12 289812.926 264911.424  8.59%  78.2 1000s
 29278 27747 264528.856  129   29 404168.883 264528.856  34.5%  75.0  995s
 53350 51639 265234.642  417   14 326244.674 265234.642  18.7%  26.7 1005s
 47102 42997 284034.195  304   10 363318.813 284034.195  21.8%  65.1 1011s
 37050 23115 264911.424  149   22 289812.926 264911.424  8.59%  78.4 1005s
 29419 27888 264528.856  128   34 404168.883 264528.856  34.5%  75.8 1000s
 53900 52189 265235.296  425   36 326244.674 265234.642  18.7%  26.6 1010s
 47343 43237 284034.195  321   10 363318.813 284034.195  21.8%  64.8 1015s
 29584 28053 264528.856  125   32 404168.883 264528.856  34.5%  76.8 1005s
 37239 23219 264922.409  137   45 289812.926 264911.424  8.59%  78.9 1010s
 54423 52712 265234.642  411    8 326244.674 265234.642  18.7%  26.5 1015s
 47694 43585 284034.195  319   10 363318.813 284034.195  21.8%  64.5 1020s
 37430 23358 264911.424  128   34 289812.926 264911.424  8.59%  79.6 1015s
 29727 28196 264528.856  122   37 404168.883 264528.856  34.5%  77.2 1010s
 54953 53242 265234.642  415   10 326244.674 265234.642  18.7%  26.4 1020s
 48090 43974 284034.195  298   10 363318.813 284034.195  21.8%  64.1 1025s
 37590 23512 264911.424  124   19 289812.926 264911.424  8.59%  80.0 1020s
 29883 28352 264528.856  124   40 404168.883 264528.856  34.5%  77.9 1015s
 55266 53555 265234.642  417    8 326244.674 265234.642  18.7%  26.3 1025s
 48497 44379 284034.195  321   12 363318.813 284034.195  21.8%  63.7 1030s
 37710 23626 264911.424  133   24 289812.926 264911.424  8.59%  80.4 1025s
 30040 28509 264528.856  120   19 404168.883 264528.856  34.5%  78.6 1020s
 55757 54046 265234.642  415   14 326244.674 265234.642  18.7%  26.2 1030s
 48742 44617 284034.195  321   10 363318.813 284034.195  21.8%  63.5 1035s
 37892 23800 264911.424  112   24 289812.926 264911.424  8.59%  81.0 1030s
 30148 28616 264528.856  109   39 404168.883 264528.856  34.5%  79.3 1025s
 56226 54515 265234.642  422   12 326244.674 265234.642  18.7%  26.1 1035s
 49118 44991 284034.195  319   10 363318.813 284034.195  21.8%  63.1 1040s
 30296 28760 264528.856  133   40 404168.883 264528.856  34.5%  80.1 1030s
 38074 23974 264911.424  110   25 289812.926 264911.424  8.59%  81.6 1035s
 56566 54855 265234.642  411   12 326244.674 265234.642  18.7%  26.1 1040s
 49538 45392 284034.297  312   25 363318.813 284034.195  21.8%  62.7 1045s
 30422 28882 264528.856  106   24 404168.883 264528.856  34.5%  80.8 1035s
 38115 24011 264911.424  119   32 289812.926 264911.424  8.59%  81.8 1040s
 57120 55409 265234.642  410    8 326244.674 265234.642  18.7%  26.0 1045s
 49928 45778 284034.195  309   10 363318.813 284034.195  21.8%  62.3 1050s
 38265 24159 264911.424   96   24 289812.926 264911.424  8.59%  82.2 1045s
 30570 29028 264528.856  134   28 404168.883 264528.856  34.5%  81.6 1040s
 57241 55530 265234.642  415   12 326244.674 265234.642  18.7%  25.9 1050s
 38443 24325 264911.424  112   29 289812.926 264911.424  8.59%  82.8 1050s
 30686 29140 264528.856  125   34 404168.883 264528.856  34.5%  82.2 1045s
 57829 56118 265234.642  421    8 326244.674 265234.642  18.7%  25.8 1055s
 50253 46099 284034.195  308   10 363318.813 284034.195  21.8%  62.0 1057s
 50468 46308 284034.195  307   10 363318.813 284034.195  21.8%  61.8 1060s
 38621 24494 264911.424  116   45 289812.926 264911.424  8.59%  83.4 1055s
 30837 29289 264528.856  135   31 404168.883 264528.856  34.5%  82.7 1050s
 58209 56498 265234.642  415    8 326244.674 265234.642  18.7%  25.8 1060s
 50844 46679 284034.195  313   10 363318.813 284034.195  21.8%  61.5 1065s
 30943 29393 264528.856   86   26 404168.883 264528.856  34.5%  82.7 1055s
 38807 24672 264911.424  103   38 289812.926 264911.424  8.59%  84.0 1060s
 58666 56955 265234.642  421   12 326244.674 265234.642  18.7%  25.7 1066s
 51239 47066 284034.195  315   10 363318.813 284034.195  21.8%  61.2 1070s
 38964 24814 264911.424  100   28 289812.926 264911.424  8.59%  84.6 1065s
 31121 29565 264528.856  106   28 404168.883 264528.856  34.5%  83.3 1060s
 59010 57299 265234.642  424   12 326244.674 265234.642  18.7%  25.7 1070s
 51643 47465 284034.276  313   25 363318.813 284034.195  21.8%  60.8 1075s
 39123 24947 264911.424  112   29 289812.926 264911.424  8.59%  85.2 1070s
 31234 29678 264528.856  119   29 404168.883 264528.856  34.5%  83.5 1065s
 59542 57831 265234.642  407    8 326244.674 265234.642  18.7%  25.6 1075s
 52003 47823 284034.281  311   25 363318.813 284034.195  21.8%  60.5 1080s
 31372 29814 264528.875  132   21 404168.883 264528.856  34.5%  84.5 1070s
 39293 25104 264911.424  108   28 289812.926 264911.424  8.59%  85.7 1075s
 60048 58337 265234.642  418   14 326244.674 265234.642  18.7%  25.5 1080s
 52412 48230 284034.424  312   25 363318.813 284034.195  21.8%  60.2 1085s
 39456 25252 264911.424  114   18 289812.926 264911.424  8.59%  86.3 1080s
 31465 29895 264528.856  141   39 404168.883 264528.856  34.5%  85.5 1075s
 60292 58581 265234.642  414    8 326244.674 265234.642  18.7%  25.5 1085s
 52810 48627 284034.207  304   25 363318.813 284034.195  21.8%  59.8 1090s
H31554 29980                    404168.83121 264528.856  34.5%  87.0 1078s
 39578 25364 264911.424  112   20 289812.926 264911.424  8.59%  86.5 1085s
 31580 30006 264928.229  140  107 404168.831 264528.856  34.5%  87.4 1080s
 60829 59118 265234.642  412   10 326244.674 265234.642  18.7%  25.4 1090s
 39743 25517 264911.424  117   37 289812.926 264911.424  8.59%  87.0 1090s
 31660 30082 264528.856  134   26 404168.831 264528.856  34.5%  88.6 1085s
 61221 59510 265234.642  420   20 326244.674 265234.642  18.7%  25.3 1095s
 53110 48924 284034.195  313   12 363318.813 284034.195  21.8%  59.6 1097s
 53276 49090 284034.195  309   10 363318.813 284034.195  21.8%  59.4 1100s
 39854 25625 264911.424  107   26 289812.926 264911.424  8.59%  87.5 1095s
 31831 30237 264528.875  138   29 404168.831 264528.856  34.5%  90.5 1090s
 61685 59974 265234.642  418   12 326244.674 265234.642  18.7%  25.2 1100s
 53630 49444 284034.195  304   10 363318.813 284034.195  21.8%  59.1 1105s
 31990 30394 264528.856  123   37 404168.831 264528.856  34.5%  92.3 1095s
 40023 25787 264911.424  101   24 289812.926 264911.424  8.59%  88.0 1100s
 61887 60176 265234.642  392   12 326244.674 265234.642  18.7%  25.2 1105s
 54007 49820 284034.195  313   12 363318.813 284034.195  21.8%  58.8 1110s
 32188 30592 264528.856  147   14 404168.831 264528.856  34.5%  93.3 1100s
 62312 60601 265234.642  421   14 326244.674 265234.642  18.7%  25.1 1110s
 54410 50218 284034.327  319   25 363318.813 284034.195  21.8%  58.5 1115s
 40142 25893 264911.424  115   20 289812.926 264911.424  8.59%  88.4 1108s
 40181 25930 264911.424  129   25 289812.926 264911.424  8.59%  88.5 1110s
 32362 30766 264528.856  175   12 404168.831 264528.856  34.5%  92.9 1105s
 62786 61075 265234.642  412   12 326244.674 265234.642  18.7%  25.1 1115s
 54870 50675 284034.195  313   10 363318.813 284034.195  21.8%  58.1 1120s
 40356 26087 264911.424  100   24 289812.926 264911.424  8.59%  88.9 1115s
 32656 31060 264528.856  201   14 404168.831 264528.856  34.5%  92.3 1110s
 63311 61590 265234.642  333   30 326244.674 265234.642  18.7%  25.0 1120s
 55308 51102 284034.195  316   12 363318.813 284034.195  21.8%  57.8 1125s
 40510 26237 264911.424  112   30 289812.926 264911.424  8.59%  89.4 1120s
 32953 31357 264528.856  190   10 404168.831 264528.856  34.5%  91.7 1115s
 63598 61873 265234.642  280    8 326244.674 265234.642  18.7%  25.2 1125s
 55732 51526 284034.195  307   12 363318.813 284034.195  21.8%  57.4 1130s
 40644 26360 267740.606  102   99 289812.926 264911.424  8.59%  89.9 1125s
 33226 31630 264528.856  193   12 404168.831 264528.856  34.5%  91.2 1120s
 63660 61935 265234.642  274   18 326244.674 265234.642  18.7%  25.3 1130s
 56031 51821 284034.195  305   12 363318.813 284034.195  21.8%  57.2 1135s
 40815 26516 264911.424  101   26 289812.926 264911.424  8.59%  90.4 1130s
 33442 31846 264528.856  200   10 404168.831 264528.856  34.5%  90.8 1125s
 63838 62113 265234.642  238   12 326244.674 265234.642  18.7%  25.5 1135s
 56456 52246 284034.215  296   25 363318.813 284034.195  21.8%  56.9 1140s
 40959 26648 264911.424   98   23 289812.926 264911.424  8.59%  90.9 1135s
 33712 32116 264528.856  205   10 404168.831 264528.856  34.5%  90.3 1130s
 64128 62403 265234.642  272   42 326244.674 265234.642  18.7%  25.8 1140s
 56880 52668 284034.195  296   12 363318.813 284034.195  21.8%  56.5 1145s
 33988 32392 264528.856  203   14 404168.831 264528.856  34.5%  89.8 1135s
 41103 26789 264911.424  101   28 289812.926 264911.424  8.59%  91.5 1140s
 64455 62730 265234.642  295   10 326244.674 265234.642  18.7%  26.2 1145s
 56985 52773 284034.195  297   12 363318.813 284034.195  21.8%  56.5 1150s
 41285 26961 264911.424  110   18 289812.926 264911.424  8.59%  92.0 1145s
 34070 32474 264528.856  200   10 404168.831 264528.856  34.5%  89.6 1140s
 64743 63008 265234.642  295   30 326244.674 265234.642  18.7%  26.4 1150s
 57384 53172 284034.195  300   10 363318.813 284034.195  21.8%  56.2 1155s
 41459 27124 264911.424  110   28 289812.926 264911.424  8.59%  92.6 1150s
 34333 32725 264528.856  221   12 404168.831 264528.856  34.5%  89.6 1145s
 65052 63308 265234.642  307   10 326244.674 265234.642  18.7%  26.7 1155s
 57796 53580 284034.195  301   10 363318.813 284034.195  21.8%  55.9 1160s
 34608 33000 264528.856  180   14 404168.831 264528.856  34.5%  89.2 1150s
 65291 63541 265489.488  306   21 326244.674 265234.642  18.7%  27.1 1160s
 41590 27250 264911.424  102   20 289812.926 264911.424  8.59%  93.0 1155s
 58236 54013 284041.314  314   38 363318.813 284034.195  21.8%  55.6 1165s
 34885 33277 264528.856  205   10 404168.831 264528.856  34.5%  88.8 1155s
 41719 27366 264916.624  138   66 289812.926 264911.424  8.59%  93.4 1160s
 65345 63593 265234.642  132   44 326244.674 265234.642  18.7%  27.3 1165s
 58642 54362 284034.195  336   10 363318.813 284034.195  21.8%  55.4 1170s
 41894 27518 264911.424  117   26 289812.926 264911.424  8.59%  93.8 1165s
 35162 33554 264528.856  191   10 404168.831 264528.856  34.5%  88.4 1160s
 65561 63800 265392.664  299   47 326244.674 265234.642  18.7%  28.0 1170s
 59062 54748 284041.314  329   37 363318.813 284034.195  21.8%  55.2 1175s
 42008 27626 264911.424  105   20 289812.926 264911.424  8.59%  94.2 1170s
 35434 33826 264528.856  192   10 404168.831 264528.856  34.5%  88.1 1165s
 65726 63953 265234.642  125   11 326244.674 265234.642  18.7%  28.4 1175s
 59435 55064 284034.195  323   10 363318.813 284034.195  21.8%  55.0 1180s
 42169 27779 264911.424   92   22 289812.926 264911.424  8.59%  94.7 1175s
 35696 34088 264528.856  205   34 404168.831 264528.856  34.5%  87.6 1170s
 65995 64182 265234.642  165    8 326244.674 265234.642  18.7%  28.4 1180s
 59865 55474 284034.195  316   10 363318.813 284034.195  21.8%  54.8 1185s
 35977 34369 264528.856  197   10 404168.831 264528.856  34.5%  87.2 1175s
 66269 64398 265234.642  171    8 326244.674 265234.642  18.7%  28.5 1185s
 42251 27853 264911.424  115   20 289812.926 264911.424  8.59%  95.0 1181s
H36034 34424                    404168.82226 264528.856  34.5%  87.2 1176s
 59896 55500 285805.567  319  141 363318.813 284034.195  21.8%  54.8 1190s
 42360 27952 264911.424  150   30 289812.926 264911.424  8.59%  95.3 1185s
 36217 34609 264528.856  202   10 404168.822 264528.856  34.5%  87.0 1180s
 66508 64619 265234.642  177    8 326244.674 265234.642  18.7%  28.9 1190s
 60243 55813 284041.314  325   27 363318.813 284034.195  21.8%  54.8 1195s
 36462 34854 264528.856  198   12 404168.822 264528.856  34.5%  86.8 1185s
 42535 28109 264911.424  103   27 289812.926 264911.424  8.59%  95.7 1190s
 66765 64830 265234.642  170   16 326244.674 265234.642  18.7%  29.0 1195s
 60632 56154 284034.195  304   14 363318.813 284034.195  21.8%  54.7 1200s

Cutting planes:
  Gomory: 6
  Lift-and-project: 1
  Projected implied bound: 1
  Flow cover: 45
  RLT: 1

Explored 60633 nodes (3327751 simplex iterations) in 1200.02 seconds (2085.82 work units)
Thread count was 1 (of 32 available processors)

Solution count 10: 363319 363319 363319 ... 425219

Time limit reached
Best objective 3.633188130083e+05, best bound 2.840341952972e+05, gap 21.8223%
WARNING: Loading a SolverResults object with an 'aborted' status, but
containing a solution
H36592 34982                    404168.82195 264528.856  34.5%  86.6 1188s
 42691 28251 264911.424  146   20 289812.926 264911.424  8.59%  96.3 1195s
 36629 35021 264528.856  206   29 404168.822 264528.856  34.5%  86.6 1190s
 67031 65032 265234.642  175   13 326244.674 265234.642  18.7%  29.0 1200s

Cutting planes:
  Gomory: 5
  Implied bound: 5
  Flow cover: 3
  RLT: 1
  Relax-and-lift: 6

Explored 67032 nodes (1960152 simplex iterations) in 1200.02 seconds (2157.30 work units)
Thread count was 1 (of 32 available processors)

Solution count 10: 326245 326245 326245 ... 406608

Time limit reached
Best objective 3.262446738911e+05, best bound 2.652346418018e+05, gap 18.7007%
WARNING: Loading a SolverResults object with an 'aborted' status, but
containing a solution

Cutting planes:
  Gomory: 9
  Cover: 2
  Flow cover: 198
  Zero half: 1
  RLT: 1

Explored 42866 nodes (4163648 simplex iterations) in 1200.01 seconds (2487.56 work units)
Thread count was 1 (of 32 available processors)

Solution count 10: 289813 289813 407418 ... 432479

Time limit reached
Warning: max bound violation (1.0667e-04) exceeds tolerance
Best objective 2.898129259201e+05, best bound 2.649114236559e+05, gap 8.5923%
 36898 35290 264528.856  202   32 404168.822 264528.856  34.5%  86.4 1195s
WARNING: Loading a SolverResults object with an 'aborted' status, but
containing a solution

Cutting planes:
  Gomory: 6
  Cover: 1
  Implied bound: 4
  Flow cover: 43
  RLT: 1

Explored 37160 nodes (3212751 simplex iterations) in 1200.02 seconds (2370.95 work units)
Thread count was 1 (of 32 available processors)

Solution count 10: 404169 404169 404169 ... 406903

Time limit reached
Best objective 4.041688219546e+05, best bound 2.645288564354e+05, gap 34.5499%
WARNING: Loading a SolverResults object with an 'aborted' status, but
containing a solution
✅ Solution time [sec]: 1203.72
📊 Status: maxTimeLimit
💰 Operation Cost: 408572.5302140898
⚠️ No se encontró 'gurobi.log'. 
✔ JSON de variables y parámetros, log y summary guardados en 'C:\Users\TECNO-MASTER\Desktop\Elmo_infrastructure_sizing_NP-\output\DCH_septiembre\Bateria_353\Costo_variable\Swap_restringido\Swap_variable_3estaciones_160kW_Descomp/station_1_d152_stage1'.
✅ Solution time [sec]: 1203.49
📊 Status: maxTimeLimit
💰 Operation Cost: 406021.9136772599
⚠️ No se encontró 'gurobi.log'. 
✔ JSON de variables y parámetros, log y summary guardados en 'C:\Users\TECNO-MASTER\Desktop\Elmo_infrastructure_sizing_NP-\output\DCH_septiembre\Bateria_353\Costo_variable\Swap_restringido\Swap_variable_3estaciones_160kW_Descomp/station_1_d121_stage1'.
✅ Solution time [sec]: 1203.92
📊 Status: maxTimeLimit
💰 Operation Cost: 363318.8767702577
⚠️ No se encontró 'gurobi.log'. 
✔ JSON de variables y parámetros, log y summary guardados en 'C:\Users\TECNO-MASTER\Desktop\Elmo_infrastructure_sizing_NP-\output\DCH_septiembre\Bateria_353\Costo_variable\Swap_restringido\Swap_variable_3estaciones_160kW_Descomp/station_1_d244_stage1'.
✅ Solution time [sec]: 1203.65
📊 Status: maxTimeLimit
💰 Operation Cost: 329474.2053137496
⚠️ No se encontró 'gurobi.log'. 
✔ JSON de variables y parámetros, log y summary guardados en 'C:\Users\TECNO-MASTER\Desktop\Elmo_infrastructure_sizing_NP-\output\DCH_septiembre\Bateria_353\Costo_variable\Swap_restringido\Swap_variable_3estaciones_160kW_Descomp/station_1_d182_stage1'.
✅ Solution time [sec]: 1204.15
📊 Status: maxTimeLimit
💰 Operation Cost: 407686.7157686255
⚠️ No se encontró 'gurobi.log'. 
✔ JSON de variables y parámetros, log y summary guardados en 'C:\Users\TECNO-MASTER\Desktop\Elmo_infrastructure_sizing_NP-\output\DCH_septiembre\Bateria_353\Costo_variable\Swap_restringido\Swap_variable_3estaciones_160kW_Descomp/station_1_d213_stage1'.
✅ Solution time [sec]: 1203.77
📊 Status: maxTimeLimit
💰 Operation Cost: 289668.46013771644
⚠️ No se encontró 'gurobi.log'. 
✔ JSON de variables y parámetros, log y summary guardados en 'C:\Users\TECNO-MASTER\Desktop\Elmo_infrastructure_sizing_NP-\output\DCH_septiembre\Bateria_353\Costo_variable\Swap_restringido\Swap_variable_3estaciones_160kW_Descomp/station_1_d335_stage1'.
✅ Solution time [sec]: 1204.05
📊 Status: maxTimeLimit
💰 Operation Cost: 406839.4297004527
⚠️ No se encontró 'gurobi.log'. 
✔ JSON de variables y parámetros, log y summary guardados en 'C:\Users\TECNO-MASTER\Desktop\Elmo_infrastructure_sizing_NP-\output\DCH_septiembre\Bateria_353\Costo_variable\Swap_restringido\Swap_variable_3estaciones_160kW_Descomp/station_1_d305_stage1'.
✅ Solution time [sec]: 1204.50
📊 Status: maxTimeLimit
💰 Operation Cost: 406607.5042227652
⚠️ No se encontró 'gurobi.log'. 
✔ JSON de variables y parámetros, log y summary guardados en 'C:\Users\TECNO-MASTER\Desktop\Elmo_infrastructure_sizing_NP-\output\DCH_septiembre\Bateria_353\Costo_variable\Swap_restringido\Swap_variable_3estaciones_160kW_Descomp/station_1_d274_stage1'.
✅ Solution time [sec]: 1205.00
📊 Status: maxTimeLimit
💰 Operation Cost: 291895.2408918113
⚠️ No se encontró 'gurobi.log'. 
✔ JSON de variables y parámetros, log y summary guardados en 'C:\Users\TECNO-MASTER\Desktop\Elmo_infrastructure_sizing_NP-\output\DCH_septiembre\Bateria_353\Costo_variable\Swap_restringido\Swap_variable_3estaciones_160kW_Descomp/station_2_d1_stage1'.
✅ Solution time [sec]: 1205.53
📊 Status: maxTimeLimit
💰 Operation Cost: 291332.8954085905
⚠️ No se encontró 'gurobi.log'. 
✔ JSON de variables y parámetros, log y summary guardados en 'C:\Users\TECNO-MASTER\Desktop\Elmo_infrastructure_sizing_NP-\output\DCH_septiembre\Bateria_353\Costo_variable\Swap_restringido\Swap_variable_3estaciones_160kW_Descomp/station_2_d60_stage1'.
✅ Solution time [sec]: 1205.38
📊 Status: maxTimeLimit
💰 Operation Cost: 424310.37964077113
⚠️ No se encontró 'gurobi.log'. 
✔ JSON de variables y parámetros, log y summary guardados en 'C:\Users\TECNO-MASTER\Desktop\Elmo_infrastructure_sizing_NP-\output\DCH_septiembre\Bateria_353\Costo_variable\Swap_restringido\Swap_variable_3estaciones_160kW_Descomp/station_2_d121_stage1'.
✅ Solution time [sec]: 1206.44
📊 Status: maxTimeLimit
💰 Operation Cost: 407356.0532235584
⚠️ No se encontró 'gurobi.log'. 
✔ JSON de variables y parámetros, log y summary guardados en 'C:\Users\TECNO-MASTER\Desktop\Elmo_infrastructure_sizing_NP-\output\DCH_septiembre\Bateria_353\Costo_variable\Swap_restringido\Swap_variable_3estaciones_160kW_Descomp/station_2_d32_stage1'.
✅ Solution time [sec]: 1205.66
📊 Status: maxTimeLimit
💰 Operation Cost: 291333.6953921288
⚠️ No se encontró 'gurobi.log'. 
✔ JSON de variables y parámetros, log y summary guardados en 'C:\Users\TECNO-MASTER\Desktop\Elmo_infrastructure_sizing_NP-\output\DCH_septiembre\Bateria_353\Costo_variable\Swap_restringido\Swap_variable_3estaciones_160kW_Descomp/station_2_d274_stage1'.
✅ Solution time [sec]: 1206.66
📊 Status: maxTimeLimit
💰 Operation Cost: 426205.3795109546
⚠️ No se encontró 'gurobi.log'. 
✔ JSON de variables y parámetros, log y summary guardados en 'C:\Users\TECNO-MASTER\Desktop\Elmo_infrastructure_sizing_NP-\output\DCH_septiembre\Bateria_353\Costo_variable\Swap_restringido\Swap_variable_3estaciones_160kW_Descomp/station_2_d91_stage1'.
✅ Solution time [sec]: 1205.47
📊 Status: maxTimeLimit
💰 Operation Cost: 408591.11209010484
⚠️ No se encontró 'gurobi.log'. 
✔ JSON de variables y parámetros, log y summary guardados en 'C:\Users\TECNO-MASTER\Desktop\Elmo_infrastructure_sizing_NP-\output\DCH_septiembre\Bateria_353\Costo_variable\Swap_restringido\Swap_variable_3estaciones_160kW_Descomp/station_2_d152_stage1'.
✅ Solution time [sec]: 1205.91
📊 Status: maxTimeLimit
💰 Operation Cost: 425816.2069945488
⚠️ No se encontró 'gurobi.log'. 
✔ JSON de variables y parámetros, log y summary guardados en 'C:\Users\TECNO-MASTER\Desktop\Elmo_infrastructure_sizing_NP-\output\DCH_septiembre\Bateria_353\Costo_variable\Swap_restringido\Swap_variable_3estaciones_160kW_Descomp/station_2_d213_stage1'.
✅ Solution time [sec]: 1206.54
📊 Status: maxTimeLimit
💰 Operation Cost: 407356.0532235584
⚠️ No se encontró 'gurobi.log'. 
✔ JSON de variables y parámetros, log y summary guardados en 'C:\Users\TECNO-MASTER\Desktop\Elmo_infrastructure_sizing_NP-\output\DCH_septiembre\Bateria_353\Costo_variable\Swap_restringido\Swap_variable_3estaciones_160kW_Descomp/station_3_d32_stage1'.
✅ Solution time [sec]: 1206.18
📊 Status: maxTimeLimit
💰 Operation Cost: 406021.9136772599
⚠️ No se encontró 'gurobi.log'. 
✔ JSON de variables y parámetros, log y summary guardados en 'C:\Users\TECNO-MASTER\Desktop\Elmo_infrastructure_sizing_NP-\output\DCH_septiembre\Bateria_353\Costo_variable\Swap_restringido\Swap_variable_3estaciones_160kW_Descomp/station_3_d121_stage1'.
✅ Solution time [sec]: 1208.55
📊 Status: maxTimeLimit
💰 Operation Cost: 426436.7739281954
⚠️ No se encontró 'gurobi.log'. 
✔ JSON de variables y parámetros, log y summary guardados en 'C:\Users\TECNO-MASTER\Desktop\Elmo_infrastructure_sizing_NP-\output\DCH_septiembre\Bateria_353\Costo_variable\Swap_restringido\Swap_variable_3estaciones_160kW_Descomp/station_2_d182_stage1'.
✅ Solution time [sec]: 1207.26
📊 Status: maxTimeLimit
💰 Operation Cost: 291895.24584080436
⚠️ No se encontró 'gurobi.log'. 
✔ JSON de variables y parámetros, log y summary guardados en 'C:\Users\TECNO-MASTER\Desktop\Elmo_infrastructure_sizing_NP-\output\DCH_septiembre\Bateria_353\Costo_variable\Swap_restringido\Swap_variable_3estaciones_160kW_Descomp/station_3_d1_stage1'.
✅ Solution time [sec]: 1208.20
📊 Status: maxTimeLimit
💰 Operation Cost: 426361.7879931236
⚠️ No se encontró 'gurobi.log'. 
✔ JSON de variables y parámetros, log y summary guardados en 'C:\Users\TECNO-MASTER\Desktop\Elmo_infrastructure_sizing_NP-\output\DCH_septiembre\Bateria_353\Costo_variable\Swap_restringido\Swap_variable_3estaciones_160kW_Descomp/station_3_d91_stage1'.
✅ Solution time [sec]: 1207.60
📊 Status: maxTimeLimit
💰 Operation Cost: 289668.444508554
⚠️ No se encontró 'gurobi.log'. 
✔ JSON de variables y parámetros, log y summary guardados en 'C:\Users\TECNO-MASTER\Desktop\Elmo_infrastructure_sizing_NP-\output\DCH_septiembre\Bateria_353\Costo_variable\Swap_restringido\Swap_variable_3estaciones_160kW_Descomp/station_2_d335_stage1'.
✅ Solution time [sec]: 1204.85
📊 Status: maxTimeLimit
💰 Operation Cost: 406483.47786559514
⚠️ No se encontró 'gurobi.log'. 
✔ JSON de variables y parámetros, log y summary guardados en 'C:\Users\TECNO-MASTER\Desktop\Elmo_infrastructure_sizing_NP-\output\DCH_septiembre\Bateria_353\Costo_variable\Swap_restringido\Swap_variable_3estaciones_160kW_Descomp/station_3_d60_stage1'.
✅ Solution time [sec]: 1209.79
📊 Status: maxTimeLimit
💰 Operation Cost: 289812.98110289755
⚠️ No se encontró 'gurobi.log'. 
✔ JSON de variables y parámetros, log y summary guardados en 'C:\Users\TECNO-MASTER\Desktop\Elmo_infrastructure_sizing_NP-\output\DCH_septiembre\Bateria_353\Costo_variable\Swap_restringido\Swap_variable_3estaciones_160kW_Descomp/station_2_d305_stage1'.
✅ Solution time [sec]: 1208.34
📊 Status: maxTimeLimit
💰 Operation Cost: 426155.1394529642
⚠️ No se encontró 'gurobi.log'. 
✔ JSON de variables y parámetros, log y summary guardados en 'C:\Users\TECNO-MASTER\Desktop\Elmo_infrastructure_sizing_NP-\output\DCH_septiembre\Bateria_353\Costo_variable\Swap_restringido\Swap_variable_3estaciones_160kW_Descomp/station_3_d152_stage1'.
✅ Solution time [sec]: 1206.90
📊 Status: maxTimeLimit
💰 Operation Cost: 425212.9641368774
⚠️ No se encontró 'gurobi.log'. 
✔ JSON de variables y parámetros, log y summary guardados en 'C:\Users\TECNO-MASTER\Desktop\Elmo_infrastructure_sizing_NP-\output\DCH_septiembre\Bateria_353\Costo_variable\Swap_restringido\Swap_variable_3estaciones_160kW_Descomp/station_2_d244_stage1'.
✅ Solution time [sec]: 1206.84
📊 Status: maxTimeLimit
💰 Operation Cost: 425816.2069945488
⚠️ No se encontró 'gurobi.log'. 
✔ JSON de variables y parámetros, log y summary guardados en 'C:\Users\TECNO-MASTER\Desktop\Elmo_infrastructure_sizing_NP-\output\DCH_septiembre\Bateria_353\Costo_variable\Swap_restringido\Swap_variable_3estaciones_160kW_Descomp/station_3_d213_stage1'.
✅ Solution time [sec]: 1206.57
📊 Status: maxTimeLimit
💰 Operation Cost: 426436.7739281954
⚠️ No se encontró 'gurobi.log'. 
✔ JSON de variables y parámetros, log y summary guardados en 'C:\Users\TECNO-MASTER\Desktop\Elmo_infrastructure_sizing_NP-\output\DCH_septiembre\Bateria_353\Costo_variable\Swap_restringido\Swap_variable_3estaciones_160kW_Descomp/station_3_d182_stage1'.
✅ Solution time [sec]: 1205.68
📊 Status: maxTimeLimit
💰 Operation Cost: 363318.8130082628
⚠️ No se encontró 'gurobi.log'. 
✔ JSON de variables y parámetros, log y summary guardados en 'C:\Users\TECNO-MASTER\Desktop\Elmo_infrastructure_sizing_NP-\output\DCH_septiembre\Bateria_353\Costo_variable\Swap_restringido\Swap_variable_3estaciones_160kW_Descomp/station_3_d244_stage1'.
✅ Solution time [sec]: 1204.70
📊 Status: maxTimeLimit
💰 Operation Cost: 326244.6738910844
⚠️ No se encontró 'gurobi.log'. 
✔ JSON de variables y parámetros, log y summary guardados en 'C:\Users\TECNO-MASTER\Desktop\Elmo_infrastructure_sizing_NP-\output\DCH_septiembre\Bateria_353\Costo_variable\Swap_restringido\Swap_variable_3estaciones_160kW_Descomp/station_3_d274_stage1'.
✅ Solution time [sec]: 1205.03
📊 Status: maxTimeLimit
💰 Operation Cost: 289812.9259201328
⚠️ No se encontró 'gurobi.log'. 
✔ JSON de variables y parámetros, log y summary guardados en 'C:\Users\TECNO-MASTER\Desktop\Elmo_infrastructure_sizing_NP-\output\DCH_septiembre\Bateria_353\Costo_variable\Swap_restringido\Swap_variable_3estaciones_160kW_Descomp/station_3_d305_stage1'.
✅ Solution time [sec]: 1204.55
📊 Status: maxTimeLimit
💰 Operation Cost: 404168.8219545862
⚠️ No se encontró 'gurobi.log'. 
✔ JSON de variables y parámetros, log y summary guardados en 'C:\Users\TECNO-MASTER\Desktop\Elmo_infrastructure_sizing_NP-\output\DCH_septiembre\Bateria_353\Costo_variable\Swap_restringido\Swap_variable_3estaciones_160kW_Descomp/station_3_d335_stage1'.
C:\Users\TECNO-MASTER\anaconda3\lib\site-packages\pandas\core\indexes\base.py:6999: FutureWarning: In a future version, the Index constructor will not infer numeric dtypes when passed object-dtype sequences (matching Series behavior)
  return Index(sequences[0], name=names)
C:\Users\TECNO-MASTER\anaconda3\lib\site-packages\pandas\core\indexes\base.py:6999: FutureWarning: In a future version, the Index constructor will not infer numeric dtypes when passed object-dtype sequences (matching Series behavior)
  return Index(sequences[0], name=names)
C:\Users\TECNO-MASTER\anaconda3\lib\site-packages\pandas\core\indexes\base.py:6999: FutureWarning: In a future version, the Index constructor will not infer numeric dtypes when passed object-dtype sequences (matching Series behavior)
  return Index(sequences[0], name=names)
C:\Users\TECNO-MASTER\anaconda3\lib\site-packages\pandas\core\indexes\base.py:6999: FutureWarning: In a future version, the Index constructor will not infer numeric dtypes when passed object-dtype sequences (matching Series behavior)
  return Index(sequences[0], name=names)
C:\Users\TECNO-MASTER\anaconda3\lib\site-packages\pandas\core\indexes\base.py:6999: FutureWarning: In a future version, the Index constructor will not infer numeric dtypes when passed object-dtype sequences (matching Series behavior)
  return Index(sequences[0], name=names)
C:\Users\TECNO-MASTER\anaconda3\lib\site-packages\pandas\core\indexes\base.py:6999: FutureWarning: In a future version, the Index constructor will not infer numeric dtypes when passed object-dtype sequences (matching Series behavior)
  return Index(sequences[0], name=names)
  [Fase 2 (infra fija)] estacion=station_1 dia=1 -> C:\Users\TECNO-MASTER\Desktop\Elmo_infrastructure_sizing_NP-\output\DCH_septiembre\Bateria_353\Costo_variable\Swap_restringido\Swap_variable_3estaciones_160kW_Descomp/station_1_d1
✔ Warm start Y: 260 cargados, 0 omitidos
✔ Warm start Z: 448 cargados, 0 omitidos
✔ Warm start Z_swap: 12 cargados, 0 omitidos
✔ Warm start N_chargers: 0 cargados, 1 omitidos
✔ Warm start N_bays: 0 cargados, 1 omitidos
✔ Warm start X: 0 cargados, 1 omitidos
✔ Warm start N_batteries: 0 cargados, 1 omitidos
✔ Warm start completo desde 'C:\Users\TECNO-MASTER\Desktop\Elmo_infrastructure_sizing_NP-\output\DCH_septiembre\Bateria_353\Costo_variable\Swap_restringido\Swap_variable_3estaciones_160kW_Descomp\station_1_d1_stage1': 720 valores cargados, 4 omitidos
formulation time: 6.4402031898498535
Set parameter OutputFlag to value 1
Set parameter OutputFlag to value 1
Set parameter LogToConsole to value 1
Set parameter MIPGap to value 0.05
Set parameter TimeLimit to value 1200
Set parameter LogFile to value "C:\Users\TECNO-MASTER\Desktop\Elmo_infrastructure_sizing_NP-\output\DCH_septiembre\Bateria_353\Costo_variable\Swap_restringido\Swap_variable_3estaciones_160kW_Descomp\station_1_d1\ELMO_log.txt"
Set parameter Threads to value 1
Set parameter Heuristics to value 0.5
Set parameter MIPFocus to value 3
Set parameter Presolve to value 2
Set parameter FlowCoverCuts to value 2
Gurobi Optimizer version 12.0.3 build v12.0.3rc0 (win64 - Windows 11+.0 (26200.2))

CPU model: Intel(R) Core(TM) i9-14900K, instruction set [SSE2|AVX|AVX2]
Thread count: 24 physical cores, 32 logical processors, using up to 1 threads

Non-default parameters:
TimeLimit  1200
MIPGap  0.05
Heuristics  0.5
MIPFocus  3
FlowCoverCuts  2
Presolve  2
Threads  1

Optimize a model with 26872 rows, 53707 columns and 243898 nonzeros
Model fingerprint: 0x57d1579a
Variable types: 2099 continuous, 51608 integer (18485 binary)
Coefficient statistics:
  Matrix range     [1e+00, 3e+02]
  Objective range  [1e-02, 1e+02]
  Bounds range     [1e+00, 3e+00]
  RHS range        [1e+00, 1e+04]

Warning: Completing partial solution with 50884 unfixed non-continuous variables out of 51608
User MIP start produced solution with objective 408375 (0.04s)
Loaded user MIP start with objective 408375


Explored 0 nodes (0 simplex iterations) in 0.04 seconds (0.06 work units)
Thread count was 1 (of 32 available processors)

Solution count 2: 408375 408375 

Optimal solution found (tolerance 5.00e-02)
Best objective 4.083748616774e+05, best bound 3.996540000000e+05, gap 2.1355%
C:\Users\TECNO-MASTER\anaconda3\lib\site-packages\pandas\core\indexes\base.py:6999: FutureWarning: In a future version, the Index constructor will not infer numeric dtypes when passed object-dtype sequences (matching Series behavior)
  return Index(sequences[0], name=names)
  [Fase 2 (infra fija)] estacion=station_1 dia=32 -> C:\Users\TECNO-MASTER\Desktop\Elmo_infrastructure_sizing_NP-\output\DCH_septiembre\Bateria_353\Costo_variable\Swap_restringido\Swap_variable_3estaciones_160kW_Descomp/station_1_d32
✔ Warm start Y: 257 cargados, 0 omitidos
✔ Warm start Z: 451 cargados, 0 omitidos
✔ Warm start Z_swap: 12 cargados, 0 omitidos
✔ Warm start N_chargers: 0 cargados, 1 omitidos
✔ Warm start N_bays: 0 cargados, 1 omitidos
✔ Warm start X: 0 cargados, 1 omitidos
✔ Warm start N_batteries: 0 cargados, 1 omitidos
✔ Warm start completo desde 'C:\Users\TECNO-MASTER\Desktop\Elmo_infrastructure_sizing_NP-\output\DCH_septiembre\Bateria_353\Costo_variable\Swap_restringido\Swap_variable_3estaciones_160kW_Descomp\station_1_d32_stage1': 720 valores cargados, 4 omitidos
formulation time: 6.635844469070435
Set parameter OutputFlag to value 1
Set parameter OutputFlag to value 1
Set parameter LogToConsole to value 1
Set parameter MIPGap to value 0.05
Set parameter TimeLimit to value 1200
Set parameter LogFile to value "C:\Users\TECNO-MASTER\Desktop\Elmo_infrastructure_sizing_NP-\output\DCH_septiembre\Bateria_353\Costo_variable\Swap_restringido\Swap_variable_3estaciones_160kW_Descomp\station_1_d32\ELMO_log.txt"
Set parameter Threads to value 1
Set parameter Heuristics to value 0.5
Set parameter MIPFocus to value 3
Set parameter Presolve to value 2
Set parameter FlowCoverCuts to value 2
Gurobi Optimizer version 12.0.3 build v12.0.3rc0 (win64 - Windows 11+.0 (26200.2))

CPU model: Intel(R) Core(TM) i9-14900K, instruction set [SSE2|AVX|AVX2]
Thread count: 24 physical cores, 32 logical processors, using up to 1 threads

Non-default parameters:
TimeLimit  1200
MIPGap  0.05
Heuristics  0.5
MIPFocus  3
FlowCoverCuts  2
Presolve  2
Threads  1

Optimize a model with 26872 rows, 53707 columns and 243898 nonzeros
Model fingerprint: 0x1d0cd490
Variable types: 2099 continuous, 51608 integer (18485 binary)
Coefficient statistics:
  Matrix range     [1e+00, 3e+02]
  Objective range  [3e-03, 1e+02]
  Bounds range     [1e+00, 3e+00]
  RHS range        [1e+00, 1e+04]

Warning: Completing partial solution with 50884 unfixed non-continuous variables out of 51608
User MIP start produced solution with objective 408686 (0.03s)
Loaded user MIP start with objective 408686


Explored 0 nodes (0 simplex iterations) in 0.04 seconds (0.06 work units)
Thread count was 1 (of 32 available processors)

Solution count 2: 408686 408686 

Optimal solution found (tolerance 5.00e-02)
Best objective 4.086863989479e+05, best bound 3.996540000000e+05, gap 2.2101%
C:\Users\TECNO-MASTER\anaconda3\lib\site-packages\pandas\core\indexes\base.py:6999: FutureWarning: In a future version, the Index constructor will not infer numeric dtypes when passed object-dtype sequences (matching Series behavior)
  return Index(sequences[0], name=names)
  [Fase 2 (infra fija)] estacion=station_1 dia=60 -> C:\Users\TECNO-MASTER\Desktop\Elmo_infrastructure_sizing_NP-\output\DCH_septiembre\Bateria_353\Costo_variable\Swap_restringido\Swap_variable_3estaciones_160kW_Descomp/station_1_d60
✔ Warm start Y: 256 cargados, 0 omitidos
✔ Warm start Z: 452 cargados, 0 omitidos
✔ Warm start Z_swap: 12 cargados, 0 omitidos
✔ Warm start N_chargers: 0 cargados, 1 omitidos
✔ Warm start N_bays: 0 cargados, 1 omitidos
✔ Warm start X: 0 cargados, 1 omitidos
✔ Warm start N_batteries: 0 cargados, 1 omitidos
✔ Warm start completo desde 'C:\Users\TECNO-MASTER\Desktop\Elmo_infrastructure_sizing_NP-\output\DCH_septiembre\Bateria_353\Costo_variable\Swap_restringido\Swap_variable_3estaciones_160kW_Descomp\station_1_d60_stage1': 720 valores cargados, 4 omitidos
formulation time: 6.8723273277282715
Set parameter OutputFlag to value 1
Set parameter OutputFlag to value 1
Set parameter LogToConsole to value 1
Set parameter MIPGap to value 0.05
Set parameter TimeLimit to value 1200
Set parameter LogFile to value "C:\Users\TECNO-MASTER\Desktop\Elmo_infrastructure_sizing_NP-\output\DCH_septiembre\Bateria_353\Costo_variable\Swap_restringido\Swap_variable_3estaciones_160kW_Descomp\station_1_d60\ELMO_log.txt"
Set parameter Threads to value 1
Set parameter Heuristics to value 0.5
Set parameter MIPFocus to value 3
Set parameter Presolve to value 2
Set parameter FlowCoverCuts to value 2
Gurobi Optimizer version 12.0.3 build v12.0.3rc0 (win64 - Windows 11+.0 (26200.2))

CPU model: Intel(R) Core(TM) i9-14900K, instruction set [SSE2|AVX|AVX2]
Thread count: 24 physical cores, 32 logical processors, using up to 1 threads

Non-default parameters:
TimeLimit  1200
MIPGap  0.05
Heuristics  0.5
MIPFocus  3
FlowCoverCuts  2
Presolve  2
Threads  1

Optimize a model with 26872 rows, 53707 columns and 243898 nonzeros
Model fingerprint: 0x0a8f11f3
Variable types: 2099 continuous, 51608 integer (18485 binary)
Coefficient statistics:
  Matrix range     [1e+00, 3e+02]
  Objective range  [9e-03, 1e+02]
  Bounds range     [1e+00, 3e+00]
  RHS range        [1e+00, 1e+04]

Warning: Completing partial solution with 50884 unfixed non-continuous variables out of 51608
User MIP start produced solution with objective 407920 (0.04s)
Loaded user MIP start with objective 407920


Explored 0 nodes (0 simplex iterations) in 0.04 seconds (0.06 work units)
Thread count was 1 (of 32 available processors)

Solution count 2: 407920 407920 

Optimal solution found (tolerance 5.00e-02)
Best objective 4.079201750378e+05, best bound 3.996540000000e+05, gap 2.0264%
C:\Users\TECNO-MASTER\anaconda3\lib\site-packages\pandas\core\indexes\base.py:6999: FutureWarning: In a future version, the Index constructor will not infer numeric dtypes when passed object-dtype sequences (matching Series behavior)
  return Index(sequences[0], name=names)
  [Fase 2 (infra fija)] estacion=station_1 dia=121 -> C:\Users\TECNO-MASTER\Desktop\Elmo_infrastructure_sizing_NP-\output\DCH_septiembre\Bateria_353\Costo_variable\Swap_restringido\Swap_variable_3estaciones_160kW_Descomp/station_1_d121
✔ Warm start Y: 259 cargados, 0 omitidos
✔ Warm start Z: 449 cargados, 0 omitidos
✔ Warm start Z_swap: 12 cargados, 0 omitidos
✔ Warm start N_chargers: 0 cargados, 1 omitidos
✔ Warm start N_bays: 0 cargados, 1 omitidos
✔ Warm start X: 0 cargados, 1 omitidos
✔ Warm start N_batteries: 0 cargados, 1 omitidos
✔ Warm start completo desde 'C:\Users\TECNO-MASTER\Desktop\Elmo_infrastructure_sizing_NP-\output\DCH_septiembre\Bateria_353\Costo_variable\Swap_restringido\Swap_variable_3estaciones_160kW_Descomp\station_1_d121_stage1': 720 valores cargados, 4 omitidos
formulation time: 7.087168455123901
Set parameter OutputFlag to value 1
Set parameter OutputFlag to value 1
Set parameter LogToConsole to value 1
Set parameter MIPGap to value 0.05
Set parameter TimeLimit to value 1200
Set parameter LogFile to value "C:\Users\TECNO-MASTER\Desktop\Elmo_infrastructure_sizing_NP-\output\DCH_septiembre\Bateria_353\Costo_variable\Swap_restringido\Swap_variable_3estaciones_160kW_Descomp\station_1_d121\ELMO_log.txt"
Set parameter Threads to value 1
Set parameter Heuristics to value 0.5
Set parameter MIPFocus to value 3
Set parameter Presolve to value 2
Set parameter FlowCoverCuts to value 2
Gurobi Optimizer version 12.0.3 build v12.0.3rc0 (win64 - Windows 11+.0 (26200.2))

CPU model: Intel(R) Core(TM) i9-14900K, instruction set [SSE2|AVX|AVX2]
Thread count: 24 physical cores, 32 logical processors, using up to 1 threads

Non-default parameters:
TimeLimit  1200
MIPGap  0.05
Heuristics  0.5
MIPFocus  3
FlowCoverCuts  2
Presolve  2
Threads  1

Optimize a model with 26902 rows, 53707 columns and 243958 nonzeros
Model fingerprint: 0xcf81e63a
Variable types: 2099 continuous, 51608 integer (18485 binary)
Coefficient statistics:
  Matrix range     [1e+00, 3e+02]
  Objective range  [8e-03, 1e+02]
  Bounds range     [1e+00, 3e+00]
  RHS range        [1e+00, 1e+04]

Warning: Completing partial solution with 50884 unfixed non-continuous variables out of 51608
User MIP start produced solution with objective 406022 (0.04s)
Loaded user MIP start with objective 406022


Explored 0 nodes (0 simplex iterations) in 0.04 seconds (0.06 work units)
Thread count was 1 (of 32 available processors)

Solution count 2: 406022 406022 

Optimal solution found (tolerance 5.00e-02)
Best objective 4.060219136773e+05, best bound 3.996540000000e+05, gap 1.5684%
C:\Users\TECNO-MASTER\anaconda3\lib\site-packages\pandas\core\indexes\base.py:6999: FutureWarning: In a future version, the Index constructor will not infer numeric dtypes when passed object-dtype sequences (matching Series behavior)
  return Index(sequences[0], name=names)
C:\Users\TECNO-MASTER\anaconda3\lib\site-packages\pandas\core\indexes\base.py:6999: FutureWarning: In a future version, the Index constructor will not infer numeric dtypes when passed object-dtype sequences (matching Series behavior)
  return Index(sequences[0], name=names)
  [Fase 2 (infra fija)] estacion=station_1 dia=91 -> C:\Users\TECNO-MASTER\Desktop\Elmo_infrastructure_sizing_NP-\output\DCH_septiembre\Bateria_353\Costo_variable\Swap_restringido\Swap_variable_3estaciones_160kW_Descomp/station_1_d91
✔ Warm start Y: 259 cargados, 0 omitidos
✔ Warm start Z: 449 cargados, 0 omitidos
✔ Warm start Z_swap: 12 cargados, 0 omitidos
✔ Warm start N_chargers: 0 cargados, 1 omitidos
✔ Warm start N_bays: 0 cargados, 1 omitidos
✔ Warm start X: 0 cargados, 1 omitidos
✔ Warm start N_batteries: 0 cargados, 1 omitidos
✔ Warm start completo desde 'C:\Users\TECNO-MASTER\Desktop\Elmo_infrastructure_sizing_NP-\output\DCH_septiembre\Bateria_353\Costo_variable\Swap_restringido\Swap_variable_3estaciones_160kW_Descomp\station_1_d91_stage1': 720 valores cargados, 4 omitidos
formulation time: 7.365497589111328
Set parameter OutputFlag to value 1
Set parameter OutputFlag to value 1
Set parameter LogToConsole to value 1
Set parameter MIPGap to value 0.05
Set parameter TimeLimit to value 1200
Set parameter LogFile to value "C:\Users\TECNO-MASTER\Desktop\Elmo_infrastructure_sizing_NP-\output\DCH_septiembre\Bateria_353\Costo_variable\Swap_restringido\Swap_variable_3estaciones_160kW_Descomp\station_1_d91\ELMO_log.txt"
Set parameter Threads to value 1
Set parameter Heuristics to value 0.5
Set parameter MIPFocus to value 3
Set parameter Presolve to value 2
Set parameter FlowCoverCuts to value 2
Gurobi Optimizer version 12.0.3 build v12.0.3rc0 (win64 - Windows 11+.0 (26200.2))

CPU model: Intel(R) Core(TM) i9-14900K, instruction set [SSE2|AVX|AVX2]
Thread count: 24 physical cores, 32 logical processors, using up to 1 threads

Non-default parameters:
TimeLimit  1200
MIPGap  0.05
Heuristics  0.5
MIPFocus  3
FlowCoverCuts  2
Presolve  2
Threads  1

Optimize a model with 26902 rows, 53707 columns and 243958 nonzeros
Model fingerprint: 0x93ae4bc1
Variable types: 2099 continuous, 51608 integer (18485 binary)
Coefficient statistics:
  Matrix range     [1e+00, 3e+02]
  Objective range  [1e-02, 1e+02]
  Bounds range     [1e+00, 3e+00]
  RHS range        [1e+00, 1e+04]

Warning: Completing partial solution with 50884 unfixed non-continuous variables out of 51608
User MIP start produced solution with objective 408185 (0.04s)
Loaded user MIP start with objective 408185


Explored 0 nodes (0 simplex iterations) in 0.04 seconds (0.06 work units)
Thread count was 1 (of 32 available processors)

Solution count 2: 408185 408185 

Optimal solution found (tolerance 5.00e-02)
Best objective 4.081848102514e+05, best bound 3.996540000000e+05, gap 2.0899%
C:\Users\TECNO-MASTER\anaconda3\lib\site-packages\pandas\core\indexes\base.py:6999: FutureWarning: In a future version, the Index constructor will not infer numeric dtypes when passed object-dtype sequences (matching Series behavior)
  return Index(sequences[0], name=names)
  [Fase 2 (infra fija)] estacion=station_1 dia=152 -> C:\Users\TECNO-MASTER\Desktop\Elmo_infrastructure_sizing_NP-\output\DCH_septiembre\Bateria_353\Costo_variable\Swap_restringido\Swap_variable_3estaciones_160kW_Descomp/station_1_d152
✔ Warm start Y: 256 cargados, 0 omitidos
✔ Warm start Z: 452 cargados, 0 omitidos
✔ Warm start Z_swap: 12 cargados, 0 omitidos
✔ Warm start N_chargers: 0 cargados, 1 omitidos
✔ Warm start N_bays: 0 cargados, 1 omitidos
✔ Warm start X: 0 cargados, 1 omitidos
✔ Warm start N_batteries: 0 cargados, 1 omitidos
✔ Warm start completo desde 'C:\Users\TECNO-MASTER\Desktop\Elmo_infrastructure_sizing_NP-\output\DCH_septiembre\Bateria_353\Costo_variable\Swap_restringido\Swap_variable_3estaciones_160kW_Descomp\station_1_d152_stage1': 720 valores cargados, 4 omitidos
formulation time: 7.50715708732605
Set parameter OutputFlag to value 1
Set parameter OutputFlag to value 1
Set parameter LogToConsole to value 1
Set parameter MIPGap to value 0.05
Set parameter TimeLimit to value 1200
Set parameter LogFile to value "C:\Users\TECNO-MASTER\Desktop\Elmo_infrastructure_sizing_NP-\output\DCH_septiembre\Bateria_353\Costo_variable\Swap_restringido\Swap_variable_3estaciones_160kW_Descomp\station_1_d152\ELMO_log.txt"
Set parameter Threads to value 1
Set parameter Heuristics to value 0.5
Set parameter MIPFocus to value 3
Set parameter Presolve to value 2
Set parameter FlowCoverCuts to value 2
Gurobi Optimizer version 12.0.3 build v12.0.3rc0 (win64 - Windows 11+.0 (26200.2))

CPU model: Intel(R) Core(TM) i9-14900K, instruction set [SSE2|AVX|AVX2]
Thread count: 24 physical cores, 32 logical processors, using up to 1 threads

Non-default parameters:
TimeLimit  1200
MIPGap  0.05
Heuristics  0.5
MIPFocus  3
FlowCoverCuts  2
Presolve  2
Threads  1

Optimize a model with 26902 rows, 53707 columns and 243958 nonzeros
Model fingerprint: 0x6fc4915c
Variable types: 2099 continuous, 51608 integer (18485 binary)
Coefficient statistics:
  Matrix range     [1e+00, 3e+02]
  Objective range  [1e-02, 1e+02]
  Bounds range     [1e+00, 3e+00]
  RHS range        [1e+00, 1e+04]

Warning: Completing partial solution with 50884 unfixed non-continuous variables out of 51608
User MIP start produced solution with objective 408573 (0.04s)
Loaded user MIP start with objective 408573


Explored 0 nodes (0 simplex iterations) in 0.04 seconds (0.06 work units)
Thread count was 1 (of 32 available processors)

Solution count 2: 408573 408573 

Optimal solution found (tolerance 5.00e-02)
Best objective 4.085725302141e+05, best bound 3.996540000000e+05, gap 2.1829%
  [Fase 2 (infra fija)] estacion=station_1 dia=182 -> C:\Users\TECNO-MASTER\Desktop\Elmo_infrastructure_sizing_NP-\output\DCH_septiembre\Bateria_353\Costo_variable\Swap_restringido\Swap_variable_3estaciones_160kW_Descomp/station_1_d182
✔ Warm start Y: 260 cargados, 0 omitidos
✔ Warm start Z: 448 cargados, 0 omitidos
✔ Warm start Z_swap: 12 cargados, 0 omitidos
✔ Warm start N_chargers: 0 cargados, 1 omitidos
✔ Warm start N_bays: 0 cargados, 1 omitidos
✔ Warm start X: 0 cargados, 1 omitidos
✔ Warm start N_batteries: 0 cargados, 1 omitidos
✔ Warm start completo desde 'C:\Users\TECNO-MASTER\Desktop\Elmo_infrastructure_sizing_NP-\output\DCH_septiembre\Bateria_353\Costo_variable\Swap_restringido\Swap_variable_3estaciones_160kW_Descomp\station_1_d182_stage1': 720 valores cargados, 4 omitidos
formulation time: 7.394815444946289
Set parameter OutputFlag to value 1
Set parameter OutputFlag to value 1
Set parameter LogToConsole to value 1
Set parameter MIPGap to value 0.05
Set parameter TimeLimit to value 1200
Set parameter LogFile to value "C:\Users\TECNO-MASTER\Desktop\Elmo_infrastructure_sizing_NP-\output\DCH_septiembre\Bateria_353\Costo_variable\Swap_restringido\Swap_variable_3estaciones_160kW_Descomp\station_1_d182\ELMO_log.txt"
Set parameter Threads to value 1
Set parameter Heuristics to value 0.5
Set parameter MIPFocus to value 3
Set parameter Presolve to value 2
Set parameter FlowCoverCuts to value 2
Gurobi Optimizer version 12.0.3 build v12.0.3rc0 (win64 - Windows 11+.0 (26200.2))

CPU model: Intel(R) Core(TM) i9-14900K, instruction set [SSE2|AVX|AVX2]
Thread count: 24 physical cores, 32 logical processors, using up to 1 threads

Non-default parameters:
TimeLimit  1200
MIPGap  0.05
Heuristics  0.5
MIPFocus  3
FlowCoverCuts  2
Presolve  2
Threads  1

Optimize a model with 26902 rows, 53707 columns and 243958 nonzeros
Model fingerprint: 0x0ff1a949
Variable types: 2099 continuous, 51608 integer (18485 binary)
Coefficient statistics:
  Matrix range     [1e+00, 3e+02]
  Objective range  [1e-02, 1e+02]
  Bounds range     [1e+00, 3e+00]
  RHS range        [1e+00, 1e+04]

Warning: Completing partial solution with 50884 unfixed non-continuous variables out of 51608
User MIP start produced solution with objective 428041 (0.04s)
Loaded user MIP start with objective 428041

C:\Users\TECNO-MASTER\anaconda3\lib\site-packages\pandas\core\indexes\base.py:6999: FutureWarning: In a future version, the Index constructor will not infer numeric dtypes when passed object-dtype sequences (matching Series behavior)
  return Index(sequences[0], name=names)
Presolve removed 25596 rows and 44781 columns
Presolve time: 0.11s
Presolved: 1306 rows, 8926 columns, 28794 nonzeros
Variable types: 216 continuous, 8710 integer (8260 binary)
Root relaxation presolved: 1306 rows, 8926 columns, 28794 nonzeros


Use crossover to convert LP symmetric solution to basic solution...

Root relaxation: objective 4.036468e+05, 3556 iterations, 0.03 seconds (0.05 work units)

    Nodes    |    Current Node    |     Objective Bounds      |     Work
 Expl Unexpl |  Obj  Depth IntInf | Incumbent    BestBd   Gap | It/Node Time

     0     0 403646.828    0   33 428040.678 403646.828  5.70%     -    0s
     0     0 403848.321    0   12 428040.678 403848.321  5.65%     -    0s
     0     0 403848.321    0   28 428040.678 403848.321  5.65%     -    0s
     0     0 403848.321    0   15 428040.678 403848.321  5.65%     -    0s
     0     0 403848.321    0   15 428040.678 403848.321  5.65%     -    0s
     0     0 403848.321    0   19 428040.678 403848.321  5.65%     -    0s
     0     0 403848.321    0   19 428040.678 403848.321  5.65%     -    1s
H    0     0                    428001.97432 403848.321  5.64%     -    1s
H    0     0                    426447.41244 403848.321  5.30%     -    1s
H    0     0                    426442.56237 403848.321  5.30%     -    1s
H    0     0                    408585.51478 403848.321  1.16%     -    1s

Cutting planes:
  Gomory: 8
  Projected implied bound: 1
  MIR: 2
  Mixing: 1
  Flow cover: 7
  RLT: 3

Explored 1 nodes (11077 simplex iterations) in 1.42 seconds (2.09 work units)
Thread count was 1 (of 32 available processors)

Solution count 5: 408586 426443 426447 ... 428041

Optimal solution found (tolerance 5.00e-02)
Best objective 4.085855147844e+05, best bound 4.038483205769e+05, gap 1.1594%
  [Fase 2 (infra fija)] estacion=station_1 dia=244 -> C:\Users\TECNO-MASTER\Desktop\Elmo_infrastructure_sizing_NP-\output\DCH_septiembre\Bateria_353\Costo_variable\Swap_restringido\Swap_variable_3estaciones_160kW_Descomp/station_1_d244
✔ Warm start Y: 259 cargados, 0 omitidos
✔ Warm start Z: 449 cargados, 0 omitidos
✔ Warm start Z_swap: 12 cargados, 0 omitidos
✔ Warm start N_chargers: 0 cargados, 1 omitidos
✔ Warm start N_bays: 0 cargados, 1 omitidos
✔ Warm start X: 0 cargados, 1 omitidos
✔ Warm start N_batteries: 0 cargados, 1 omitidos
✔ Warm start completo desde 'C:\Users\TECNO-MASTER\Desktop\Elmo_infrastructure_sizing_NP-\output\DCH_septiembre\Bateria_353\Costo_variable\Swap_restringido\Swap_variable_3estaciones_160kW_Descomp\station_1_d244_stage1': 720 valores cargados, 4 omitidos
formulation time: 7.524974822998047
Set parameter OutputFlag to value 1
Set parameter OutputFlag to value 1
Set parameter LogToConsole to value 1
Set parameter MIPGap to value 0.05
Set parameter TimeLimit to value 1200
Set parameter LogFile to value "C:\Users\TECNO-MASTER\Desktop\Elmo_infrastructure_sizing_NP-\output\DCH_septiembre\Bateria_353\Costo_variable\Swap_restringido\Swap_variable_3estaciones_160kW_Descomp\station_1_d244\ELMO_log.txt"
Set parameter Threads to value 1
Set parameter Heuristics to value 0.5
Set parameter MIPFocus to value 3
Set parameter Presolve to value 2
Set parameter FlowCoverCuts to value 2
C:\Users\TECNO-MASTER\anaconda3\lib\site-packages\pandas\core\indexes\base.py:6999: FutureWarning: In a future version, the Index constructor will not infer numeric dtypes when passed object-dtype sequences (matching Series behavior)
  return Index(sequences[0], name=names)
Gurobi Optimizer version 12.0.3 build v12.0.3rc0 (win64 - Windows 11+.0 (26200.2))

CPU model: Intel(R) Core(TM) i9-14900K, instruction set [SSE2|AVX|AVX2]
Thread count: 24 physical cores, 32 logical processors, using up to 1 threads

Non-default parameters:
TimeLimit  1200
MIPGap  0.05
Heuristics  0.5
MIPFocus  3
FlowCoverCuts  2
Presolve  2
Threads  1

Optimize a model with 26902 rows, 53707 columns and 243958 nonzeros
Model fingerprint: 0xf135d2d0
Variable types: 2099 continuous, 51608 integer (18485 binary)
Coefficient statistics:
  Matrix range     [1e+00, 3e+02]
  Objective range  [8e-03, 1e+02]
  Bounds range     [1e+00, 3e+00]
  RHS range        [1e+00, 1e+04]

Warning: Completing partial solution with 50884 unfixed non-continuous variables out of 51608
User MIP start produced solution with objective 426558 (0.04s)
Loaded user MIP start with objective 426558

Presolve removed 25596 rows and 44781 columns
Presolve time: 0.11s
Presolved: 1306 rows, 8926 columns, 28794 nonzeros
Variable types: 216 continuous, 8710 integer (8260 binary)
Root relaxation presolved: 1306 rows, 8926 columns, 28794 nonzeros


Use crossover to convert LP symmetric solution to basic solution...

Root relaxation: objective 4.027977e+05, 3523 iterations, 0.03 seconds (0.05 work units)

    Nodes    |    Current Node    |     Objective Bounds      |     Work
 Expl Unexpl |  Obj  Depth IntInf | Incumbent    BestBd   Gap | It/Node Time

     0     0 402797.685    0   47 426557.860 402797.685  5.57%     -    0s
     0     0 402940.787    0   19 426557.860 402940.787  5.54%     -    0s
     0     0 402940.787    0   12 426557.860 402940.787  5.54%     -    0s
     0     0 402940.787    0   17 426557.860 402940.787  5.54%     -    0s
     0     0 402940.787    0   11 426557.860 402940.787  5.54%     -    0s
H    0     0                    406777.84386 402940.787  0.94%     -    1s

Cutting planes:
  Gomory: 2
  Flow cover: 1

Explored 1 nodes (9349 simplex iterations) in 1.05 seconds (1.69 work units)
Thread count was 1 (of 32 available processors)

Solution count 2: 406778 426558 

Optimal solution found (tolerance 5.00e-02)
Best objective 4.067778438590e+05, best bound 4.029407865898e+05, gap 0.9433%
  [Fase 2 (infra fija)] estacion=station_1 dia=335 -> C:\Users\TECNO-MASTER\Desktop\Elmo_infrastructure_sizing_NP-\output\DCH_septiembre\Bateria_353\Costo_variable\Swap_restringido\Swap_variable_3estaciones_160kW_Descomp/station_1_d335
✔ Warm start Y: 258 cargados, 0 omitidos
✔ Warm start Z: 450 cargados, 0 omitidos
✔ Warm start Z_swap: 12 cargados, 0 omitidos
✔ Warm start N_chargers: 0 cargados, 1 omitidos
✔ Warm start N_bays: 0 cargados, 1 omitidos
✔ Warm start X: 0 cargados, 1 omitidos
✔ Warm start N_batteries: 0 cargados, 1 omitidos
✔ Warm start completo desde 'C:\Users\TECNO-MASTER\Desktop\Elmo_infrastructure_sizing_NP-\output\DCH_septiembre\Bateria_353\Costo_variable\Swap_restringido\Swap_variable_3estaciones_160kW_Descomp\station_1_d335_stage1': 720 valores cargados, 4 omitidos
formulation time: 7.364037275314331
Set parameter OutputFlag to value 1
Set parameter OutputFlag to value 1
Set parameter LogToConsole to value 1
Set parameter MIPGap to value 0.05
Set parameter TimeLimit to value 1200
Set parameter LogFile to value "C:\Users\TECNO-MASTER\Desktop\Elmo_infrastructure_sizing_NP-\output\DCH_septiembre\Bateria_353\Costo_variable\Swap_restringido\Swap_variable_3estaciones_160kW_Descomp\station_1_d335\ELMO_log.txt"
Set parameter Threads to value 1
Set parameter Heuristics to value 0.5
Set parameter MIPFocus to value 3
Set parameter Presolve to value 2
Set parameter FlowCoverCuts to value 2
Gurobi Optimizer version 12.0.3 build v12.0.3rc0 (win64 - Windows 11+.0 (26200.2))

CPU model: Intel(R) Core(TM) i9-14900K, instruction set [SSE2|AVX|AVX2]
Thread count: 24 physical cores, 32 logical processors, using up to 1 threads

Non-default parameters:
TimeLimit  1200
MIPGap  0.05
Heuristics  0.5
MIPFocus  3
FlowCoverCuts  2
Presolve  2
Threads  1

Optimize a model with 26872 rows, 53707 columns and 243898 nonzeros
Model fingerprint: 0xc1b150f8
Variable types: 2099 continuous, 51608 integer (18485 binary)
Coefficient statistics:
  Matrix range     [1e+00, 3e+02]
  Objective range  [4e-03, 1e+02]
  Bounds range     [1e+00, 3e+00]
  RHS range        [1e+00, 1e+04]

Warning: Completing partial solution with 50884 unfixed non-continuous variables out of 51608
User MIP start produced solution with objective 405863 (0.04s)
Loaded user MIP start with objective 405863


Explored 0 nodes (0 simplex iterations) in 0.04 seconds (0.06 work units)
Thread count was 1 (of 32 available processors)

Solution count 2: 405863 405863 

Optimal solution found (tolerance 5.00e-02)
Best objective 4.058634841598e+05, best bound 3.996540000000e+05, gap 1.5299%
C:\Users\TECNO-MASTER\anaconda3\lib\site-packages\pandas\core\indexes\base.py:6999: FutureWarning: In a future version, the Index constructor will not infer numeric dtypes when passed object-dtype sequences (matching Series behavior)
  return Index(sequences[0], name=names)
C:\Users\TECNO-MASTER\anaconda3\lib\site-packages\pandas\core\indexes\base.py:6999: FutureWarning: In a future version, the Index constructor will not infer numeric dtypes when passed object-dtype sequences (matching Series behavior)
  return Index(sequences[0], name=names)
  [Fase 2 (infra fija)] estacion=station_1 dia=213 -> C:\Users\TECNO-MASTER\Desktop\Elmo_infrastructure_sizing_NP-\output\DCH_septiembre\Bateria_353\Costo_variable\Swap_restringido\Swap_variable_3estaciones_160kW_Descomp/station_1_d213
✔ Warm start Y: 257 cargados, 0 omitidos
✔ Warm start Z: 451 cargados, 0 omitidos
✔ Warm start Z_swap: 12 cargados, 0 omitidos
✔ Warm start N_chargers: 0 cargados, 1 omitidos
✔ Warm start N_bays: 0 cargados, 1 omitidos
✔ Warm start X: 0 cargados, 1 omitidos
✔ Warm start N_batteries: 0 cargados, 1 omitidos
✔ Warm start completo desde 'C:\Users\TECNO-MASTER\Desktop\Elmo_infrastructure_sizing_NP-\output\DCH_septiembre\Bateria_353\Costo_variable\Swap_restringido\Swap_variable_3estaciones_160kW_Descomp\station_1_d213_stage1': 720 valores cargados, 4 omitidos
formulation time: 7.684351444244385
Set parameter OutputFlag to value 1
Set parameter OutputFlag to value 1
Set parameter LogToConsole to value 1
Set parameter MIPGap to value 0.05
Set parameter TimeLimit to value 1200
Set parameter LogFile to value "C:\Users\TECNO-MASTER\Desktop\Elmo_infrastructure_sizing_NP-\output\DCH_septiembre\Bateria_353\Costo_variable\Swap_restringido\Swap_variable_3estaciones_160kW_Descomp\station_1_d213\ELMO_log.txt"
Set parameter Threads to value 1
Set parameter Heuristics to value 0.5
Set parameter MIPFocus to value 3
Set parameter Presolve to value 2
Set parameter FlowCoverCuts to value 2
Gurobi Optimizer version 12.0.3 build v12.0.3rc0 (win64 - Windows 11+.0 (26200.2))

CPU model: Intel(R) Core(TM) i9-14900K, instruction set [SSE2|AVX|AVX2]
Thread count: 24 physical cores, 32 logical processors, using up to 1 threads

Non-default parameters:
TimeLimit  1200
MIPGap  0.05
Heuristics  0.5
MIPFocus  3
FlowCoverCuts  2
Presolve  2
Threads  1

Optimize a model with 26902 rows, 53707 columns and 243958 nonzeros
Model fingerprint: 0xd9f579f7
Variable types: 2099 continuous, 51608 integer (18485 binary)
Coefficient statistics:
  Matrix range     [1e+00, 3e+02]
  Objective range  [8e-03, 1e+02]
  Bounds range     [1e+00, 3e+00]
  RHS range        [1e+00, 1e+04]

Warning: Completing partial solution with 50884 unfixed non-continuous variables out of 51608
User MIP start produced solution with objective 407687 (0.04s)
Loaded user MIP start with objective 407687


Explored 0 nodes (0 simplex iterations) in 0.04 seconds (0.06 work units)
Thread count was 1 (of 32 available processors)

Solution count 2: 407687 407687 

Optimal solution found (tolerance 5.00e-02)
Best objective 4.076867471949e+05, best bound 3.996540000000e+05, gap 1.9703%
C:\Users\TECNO-MASTER\anaconda3\lib\site-packages\pandas\core\indexes\base.py:6999: FutureWarning: In a future version, the Index constructor will not infer numeric dtypes when passed object-dtype sequences (matching Series behavior)
  return Index(sequences[0], name=names)
  [Fase 2 (infra fija)] estacion=station_1 dia=274 -> C:\Users\TECNO-MASTER\Desktop\Elmo_infrastructure_sizing_NP-\output\DCH_septiembre\Bateria_353\Costo_variable\Swap_restringido\Swap_variable_3estaciones_160kW_Descomp/station_1_d274
✔ Warm start Y: 260 cargados, 0 omitidos
✔ Warm start Z: 448 cargados, 0 omitidos
✔ Warm start Z_swap: 12 cargados, 0 omitidos
✔ Warm start N_chargers: 0 cargados, 1 omitidos
✔ Warm start N_bays: 0 cargados, 1 omitidos
✔ Warm start X: 0 cargados, 1 omitidos
✔ Warm start N_batteries: 0 cargados, 1 omitidos
✔ Warm start completo desde 'C:\Users\TECNO-MASTER\Desktop\Elmo_infrastructure_sizing_NP-\output\DCH_septiembre\Bateria_353\Costo_variable\Swap_restringido\Swap_variable_3estaciones_160kW_Descomp\station_1_d274_stage1': 720 valores cargados, 4 omitidos
formulation time: 7.858996629714966
Set parameter OutputFlag to value 1
Set parameter OutputFlag to value 1
Set parameter LogToConsole to value 1
Set parameter MIPGap to value 0.05
Set parameter TimeLimit to value 1200
Set parameter LogFile to value "C:\Users\TECNO-MASTER\Desktop\Elmo_infrastructure_sizing_NP-\output\DCH_septiembre\Bateria_353\Costo_variable\Swap_restringido\Swap_variable_3estaciones_160kW_Descomp\station_1_d274\ELMO_log.txt"
Set parameter Threads to value 1
Set parameter Heuristics to value 0.5
Set parameter MIPFocus to value 3
Set parameter Presolve to value 2
Set parameter FlowCoverCuts to value 2
Gurobi Optimizer version 12.0.3 build v12.0.3rc0 (win64 - Windows 11+.0 (26200.2))

CPU model: Intel(R) Core(TM) i9-14900K, instruction set [SSE2|AVX|AVX2]
Thread count: 24 physical cores, 32 logical processors, using up to 1 threads

Non-default parameters:
TimeLimit  1200
MIPGap  0.05
Heuristics  0.5
MIPFocus  3
FlowCoverCuts  2
Presolve  2
Threads  1

Optimize a model with 26872 rows, 53707 columns and 243898 nonzeros
Model fingerprint: 0x5c624df8
Variable types: 2099 continuous, 51608 integer (18485 binary)
Coefficient statistics:
  Matrix range     [1e+00, 3e+02]
  Objective range  [4e-03, 1e+02]
  Bounds range     [1e+00, 3e+00]
  RHS range        [1e+00, 1e+04]

Warning: Completing partial solution with 50884 unfixed non-continuous variables out of 51608
User MIP start produced solution with objective 406608 (0.04s)
Loaded user MIP start with objective 406608


Explored 0 nodes (0 simplex iterations) in 0.04 seconds (0.06 work units)
Thread count was 1 (of 32 available processors)

Solution count 2: 406608 406608 

Optimal solution found (tolerance 5.00e-02)
Best objective 4.066075681684e+05, best bound 3.996540000000e+05, gap 1.7101%
  [Fase 2 (infra fija)] estacion=station_1 dia=305 -> C:\Users\TECNO-MASTER\Desktop\Elmo_infrastructure_sizing_NP-\output\DCH_septiembre\Bateria_353\Costo_variable\Swap_restringido\Swap_variable_3estaciones_160kW_Descomp/station_1_d305
✔ Warm start Y: 256 cargados, 0 omitidos
✔ Warm start Z: 452 cargados, 0 omitidos
✔ Warm start Z_swap: 12 cargados, 0 omitidos
✔ Warm start N_chargers: 0 cargados, 1 omitidos
✔ Warm start N_bays: 0 cargados, 1 omitidos
✔ Warm start X: 0 cargados, 1 omitidos
✔ Warm start N_batteries: 0 cargados, 1 omitidos
✔ Warm start completo desde 'C:\Users\TECNO-MASTER\Desktop\Elmo_infrastructure_sizing_NP-\output\DCH_septiembre\Bateria_353\Costo_variable\Swap_restringido\Swap_variable_3estaciones_160kW_Descomp\station_1_d305_stage1': 720 valores cargados, 4 omitidos
formulation time: 7.724740028381348
Set parameter OutputFlag to value 1
Set parameter OutputFlag to value 1
Set parameter LogToConsole to value 1
Set parameter MIPGap to value 0.05
Set parameter TimeLimit to value 1200
Set parameter LogFile to value "C:\Users\TECNO-MASTER\Desktop\Elmo_infrastructure_sizing_NP-\output\DCH_septiembre\Bateria_353\Costo_variable\Swap_restringido\Swap_variable_3estaciones_160kW_Descomp\station_1_d305\ELMO_log.txt"
Set parameter Threads to value 1
Set parameter Heuristics to value 0.5
Set parameter MIPFocus to value 3
Set parameter Presolve to value 2
Set parameter FlowCoverCuts to value 2
Gurobi Optimizer version 12.0.3 build v12.0.3rc0 (win64 - Windows 11+.0 (26200.2))

CPU model: Intel(R) Core(TM) i9-14900K, instruction set [SSE2|AVX|AVX2]
Thread count: 24 physical cores, 32 logical processors, using up to 1 threads

Non-default parameters:
TimeLimit  1200
MIPGap  0.05
Heuristics  0.5
MIPFocus  3
FlowCoverCuts  2
Presolve  2
Threads  1

Optimize a model with 26872 rows, 53707 columns and 243898 nonzeros
Model fingerprint: 0xd0966221
Variable types: 2099 continuous, 51608 integer (18485 binary)
Coefficient statistics:
  Matrix range     [1e+00, 3e+02]
  Objective range  [1e-01, 1e+02]
  Bounds range     [1e+00, 3e+00]
  RHS range        [1e+00, 1e+04]

Warning: Completing partial solution with 50884 unfixed non-continuous variables out of 51608
User MIP start produced solution with objective 406839 (0.04s)
Loaded user MIP start with objective 406839


Explored 0 nodes (0 simplex iterations) in 0.05 seconds (0.06 work units)
Thread count was 1 (of 32 available processors)

Solution count 2: 406839 406839 

Optimal solution found (tolerance 5.00e-02)
Best objective 4.068394297005e+05, best bound 3.996540000000e+05, gap 1.7662%
C:\Users\TECNO-MASTER\anaconda3\lib\site-packages\pandas\core\indexes\base.py:6999: FutureWarning: In a future version, the Index constructor will not infer numeric dtypes when passed object-dtype sequences (matching Series behavior)
  return Index(sequences[0], name=names)
C:\Users\TECNO-MASTER\anaconda3\lib\site-packages\pandas\core\indexes\base.py:6999: FutureWarning: In a future version, the Index constructor will not infer numeric dtypes when passed object-dtype sequences (matching Series behavior)
  return Index(sequences[0], name=names)
  [Fase 2 (infra fija)] estacion=station_2 dia=1 -> C:\Users\TECNO-MASTER\Desktop\Elmo_infrastructure_sizing_NP-\output\DCH_septiembre\Bateria_353\Costo_variable\Swap_restringido\Swap_variable_3estaciones_160kW_Descomp/station_2_d1
✔ Warm start Y: 272 cargados, 0 omitidos
✔ Warm start Z: 436 cargados, 0 omitidos
✔ Warm start Z_swap: 12 cargados, 0 omitidos
✔ Warm start N_chargers: 0 cargados, 1 omitidos
✔ Warm start N_bays: 0 cargados, 1 omitidos
✔ Warm start X: 0 cargados, 1 omitidos
✔ Warm start N_batteries: 0 cargados, 1 omitidos
✔ Warm start completo desde 'C:\Users\TECNO-MASTER\Desktop\Elmo_infrastructure_sizing_NP-\output\DCH_septiembre\Bateria_353\Costo_variable\Swap_restringido\Swap_variable_3estaciones_160kW_Descomp\station_2_d1_stage1': 720 valores cargados, 4 omitidos
formulation time: 8.095582485198975
Set parameter OutputFlag to value 1
Set parameter OutputFlag to value 1
Set parameter LogToConsole to value 1
Set parameter MIPGap to value 0.05
Set parameter TimeLimit to value 1200
Set parameter LogFile to value "C:\Users\TECNO-MASTER\Desktop\Elmo_infrastructure_sizing_NP-\output\DCH_septiembre\Bateria_353\Costo_variable\Swap_restringido\Swap_variable_3estaciones_160kW_Descomp\station_2_d1\ELMO_log.txt"
Set parameter Threads to value 1
Set parameter Heuristics to value 0.5
Set parameter MIPFocus to value 3
Set parameter Presolve to value 2
Set parameter FlowCoverCuts to value 2
Gurobi Optimizer version 12.0.3 build v12.0.3rc0 (win64 - Windows 11+.0 (26200.2))

CPU model: Intel(R) Core(TM) i9-14900K, instruction set [SSE2|AVX|AVX2]
Thread count: 24 physical cores, 32 logical processors, using up to 1 threads

Non-default parameters:
TimeLimit  1200
MIPGap  0.05
Heuristics  0.5
MIPFocus  3
FlowCoverCuts  2
Presolve  2
Threads  1

Optimize a model with 26902 rows, 54733 columns and 248950 nonzeros
Model fingerprint: 0xeaf96a8a
Variable types: 2129 continuous, 52604 integer (19481 binary)
Coefficient statistics:
  Matrix range     [1e+00, 3e+02]
  Objective range  [1e-02, 1e+02]
  Bounds range     [1e+00, 3e+00]
  RHS range        [1e+00, 1e+04]

Warning: Completing partial solution with 51880 unfixed non-continuous variables out of 52604
User MIP start produced solution with objective 408375 (0.04s)
Loaded user MIP start with objective 408375


Explored 0 nodes (0 simplex iterations) in 0.05 seconds (0.06 work units)
Thread count was 1 (of 32 available processors)

Solution count 2: 408375 408375 

Optimal solution found (tolerance 5.00e-02)
Best objective 4.083748616774e+05, best bound 3.996540000000e+05, gap 2.1355%
C:\Users\TECNO-MASTER\anaconda3\lib\site-packages\pandas\core\indexes\base.py:6999: FutureWarning: In a future version, the Index constructor will not infer numeric dtypes when passed object-dtype sequences (matching Series behavior)
  return Index(sequences[0], name=names)
  [Fase 2 (infra fija)] estacion=station_2 dia=32 -> C:\Users\TECNO-MASTER\Desktop\Elmo_infrastructure_sizing_NP-\output\DCH_septiembre\Bateria_353\Costo_variable\Swap_restringido\Swap_variable_3estaciones_160kW_Descomp/station_2_d32
✔ Warm start Y: 272 cargados, 0 omitidos
✔ Warm start Z: 436 cargados, 0 omitidos
✔ Warm start Z_swap: 12 cargados, 0 omitidos
✔ Warm start N_chargers: 0 cargados, 1 omitidos
✔ Warm start N_bays: 0 cargados, 1 omitidos
✔ Warm start X: 0 cargados, 1 omitidos
✔ Warm start N_batteries: 0 cargados, 1 omitidos
✔ Warm start completo desde 'C:\Users\TECNO-MASTER\Desktop\Elmo_infrastructure_sizing_NP-\output\DCH_septiembre\Bateria_353\Costo_variable\Swap_restringido\Swap_variable_3estaciones_160kW_Descomp\station_2_d32_stage1': 720 valores cargados, 4 omitidos
formulation time: 8.120873212814331
Set parameter OutputFlag to value 1
Set parameter OutputFlag to value 1
Set parameter LogToConsole to value 1
Set parameter MIPGap to value 0.05
Set parameter TimeLimit to value 1200
Set parameter LogFile to value "C:\Users\TECNO-MASTER\Desktop\Elmo_infrastructure_sizing_NP-\output\DCH_septiembre\Bateria_353\Costo_variable\Swap_restringido\Swap_variable_3estaciones_160kW_Descomp\station_2_d32\ELMO_log.txt"
Set parameter Threads to value 1
Set parameter Heuristics to value 0.5
Set parameter MIPFocus to value 3
Set parameter Presolve to value 2
Set parameter FlowCoverCuts to value 2
Gurobi Optimizer version 12.0.3 build v12.0.3rc0 (win64 - Windows 11+.0 (26200.2))

CPU model: Intel(R) Core(TM) i9-14900K, instruction set [SSE2|AVX|AVX2]
Thread count: 24 physical cores, 32 logical processors, using up to 1 threads

Non-default parameters:
TimeLimit  1200
MIPGap  0.05
Heuristics  0.5
MIPFocus  3
FlowCoverCuts  2
Presolve  2
Threads  1

Optimize a model with 26902 rows, 54733 columns and 248950 nonzeros
Model fingerprint: 0x73adffdc
Variable types: 2129 continuous, 52604 integer (19481 binary)
Coefficient statistics:
  Matrix range     [1e+00, 3e+02]
  Objective range  [3e-03, 1e+02]
  Bounds range     [1e+00, 3e+00]
  RHS range        [1e+00, 1e+04]

Warning: Completing partial solution with 51880 unfixed non-continuous variables out of 52604
User MIP start produced solution with objective 407356 (0.04s)
Loaded user MIP start with objective 407356


Explored 0 nodes (0 simplex iterations) in 0.04 seconds (0.06 work units)
Thread count was 1 (of 32 available processors)

Solution count 2: 407356 407356 

Optimal solution found (tolerance 5.00e-02)
Best objective 4.073560532236e+05, best bound 3.996540000000e+05, gap 1.8907%
C:\Users\TECNO-MASTER\anaconda3\lib\site-packages\pandas\core\indexes\base.py:6999: FutureWarning: In a future version, the Index constructor will not infer numeric dtypes when passed object-dtype sequences (matching Series behavior)
  return Index(sequences[0], name=names)
  [Fase 2 (infra fija)] estacion=station_2 dia=305 -> C:\Users\TECNO-MASTER\Desktop\Elmo_infrastructure_sizing_NP-\output\DCH_septiembre\Bateria_353\Costo_variable\Swap_restringido\Swap_variable_3estaciones_160kW_Descomp/station_2_d305
✔ Warm start Y: 272 cargados, 0 omitidos
✔ Warm start Z: 436 cargados, 0 omitidos
✔ Warm start Z_swap: 12 cargados, 0 omitidos
✔ Warm start N_chargers: 0 cargados, 1 omitidos
✔ Warm start N_bays: 0 cargados, 1 omitidos
✔ Warm start X: 0 cargados, 1 omitidos
✔ Warm start N_batteries: 0 cargados, 1 omitidos
✔ Warm start completo desde 'C:\Users\TECNO-MASTER\Desktop\Elmo_infrastructure_sizing_NP-\output\DCH_septiembre\Bateria_353\Costo_variable\Swap_restringido\Swap_variable_3estaciones_160kW_Descomp\station_2_d305_stage1': 720 valores cargados, 4 omitidos
formulation time: 8.22998046875
Set parameter OutputFlag to value 1
Set parameter OutputFlag to value 1
Set parameter LogToConsole to value 1
Set parameter MIPGap to value 0.05
Set parameter TimeLimit to value 1200
Set parameter LogFile to value "C:\Users\TECNO-MASTER\Desktop\Elmo_infrastructure_sizing_NP-\output\DCH_septiembre\Bateria_353\Costo_variable\Swap_restringido\Swap_variable_3estaciones_160kW_Descomp\station_2_d305\ELMO_log.txt"
Set parameter Threads to value 1
Set parameter Heuristics to value 0.5
Set parameter MIPFocus to value 3
Set parameter Presolve to value 2
Set parameter FlowCoverCuts to value 2
Gurobi Optimizer version 12.0.3 build v12.0.3rc0 (win64 - Windows 11+.0 (26200.2))

CPU model: Intel(R) Core(TM) i9-14900K, instruction set [SSE2|AVX|AVX2]
Thread count: 24 physical cores, 32 logical processors, using up to 1 threads

Non-default parameters:
TimeLimit  1200
MIPGap  0.05
Heuristics  0.5
MIPFocus  3
FlowCoverCuts  2
Presolve  2
Threads  1

Optimize a model with 26902 rows, 54733 columns and 248950 nonzeros
Model fingerprint: 0xb7731819
Variable types: 2129 continuous, 52604 integer (19481 binary)
Coefficient statistics:
  Matrix range     [1e+00, 3e+02]
  Objective range  [1e-01, 1e+02]
  Bounds range     [1e+00, 3e+00]
  RHS range        [1e+00, 1e+04]

Warning: Completing partial solution with 51880 unfixed non-continuous variables out of 52604
User MIP start produced solution with objective 407234 (0.04s)
Loaded user MIP start with objective 407234


Explored 0 nodes (0 simplex iterations) in 0.05 seconds (0.06 work units)
Thread count was 1 (of 32 available processors)

Solution count 2: 407234 407234 

Optimal solution found (tolerance 5.00e-02)
Best objective 4.072341090422e+05, best bound 3.996540000000e+05, gap 1.8614%
  [Fase 2 (infra fija)] estacion=station_3 dia=1 -> C:\Users\TECNO-MASTER\Desktop\Elmo_infrastructure_sizing_NP-\output\DCH_septiembre\Bateria_353\Costo_variable\Swap_restringido\Swap_variable_3estaciones_160kW_Descomp/station_3_d1
✔ Warm start Y: 271 cargados, 0 omitidos
✔ Warm start Z: 437 cargados, 0 omitidos
✔ Warm start Z_swap: 12 cargados, 0 omitidos
✔ Warm start N_chargers: 0 cargados, 1 omitidos
✔ Warm start N_bays: 0 cargados, 1 omitidos
✔ Warm start X: 0 cargados, 1 omitidos
✔ Warm start N_batteries: 0 cargados, 1 omitidos
✔ Warm start completo desde 'C:\Users\TECNO-MASTER\Desktop\Elmo_infrastructure_sizing_NP-\output\DCH_septiembre\Bateria_353\Costo_variable\Swap_restringido\Swap_variable_3estaciones_160kW_Descomp\station_3_d1_stage1': 720 valores cargados, 4 omitidos
formulation time: 7.9181201457977295
Set parameter OutputFlag to value 1
Set parameter OutputFlag to value 1
Set parameter LogToConsole to value 1
Set parameter MIPGap to value 0.05
Set parameter TimeLimit to value 1200
Set parameter LogFile to value "C:\Users\TECNO-MASTER\Desktop\Elmo_infrastructure_sizing_NP-\output\DCH_septiembre\Bateria_353\Costo_variable\Swap_restringido\Swap_variable_3estaciones_160kW_Descomp\station_3_d1\ELMO_log.txt"
Set parameter Threads to value 1
Set parameter Heuristics to value 0.5
Set parameter MIPFocus to value 3
Set parameter Presolve to value 2
Set parameter FlowCoverCuts to value 2
Gurobi Optimizer version 12.0.3 build v12.0.3rc0 (win64 - Windows 11+.0 (26200.2))

CPU model: Intel(R) Core(TM) i9-14900K, instruction set [SSE2|AVX|AVX2]
Thread count: 24 physical cores, 32 logical processors, using up to 1 threads

Non-default parameters:
TimeLimit  1200
MIPGap  0.05
Heuristics  0.5
MIPFocus  3
FlowCoverCuts  2
Presolve  2
Threads  1

Optimize a model with 26872 rows, 53707 columns and 243900 nonzeros
Model fingerprint: 0x5d2c0050
Variable types: 2099 continuous, 51608 integer (18485 binary)
Coefficient statistics:
  Matrix range     [1e+00, 3e+02]
  Objective range  [1e-02, 1e+02]
  Bounds range     [1e+00, 3e+00]
  RHS range        [1e+00, 1e+04]

Warning: Completing partial solution with 50884 unfixed non-continuous variables out of 51608
User MIP start produced solution with objective 408375 (0.04s)
Loaded user MIP start with objective 408375


Explored 0 nodes (0 simplex iterations) in 0.04 seconds (0.06 work units)
Thread count was 1 (of 32 available processors)

Solution count 2: 408375 408375 

Optimal solution found (tolerance 5.00e-02)
Best objective 4.083748616774e+05, best bound 3.996540000000e+05, gap 2.1355%
C:\Users\TECNO-MASTER\anaconda3\lib\site-packages\pandas\core\indexes\base.py:6999: FutureWarning: In a future version, the Index constructor will not infer numeric dtypes when passed object-dtype sequences (matching Series behavior)
  return Index(sequences[0], name=names)
C:\Users\TECNO-MASTER\anaconda3\lib\site-packages\pandas\core\indexes\base.py:6999: FutureWarning: In a future version, the Index constructor will not infer numeric dtypes when passed object-dtype sequences (matching Series behavior)
  return Index(sequences[0], name=names)
  [Fase 2 (infra fija)] estacion=station_2 dia=91 -> C:\Users\TECNO-MASTER\Desktop\Elmo_infrastructure_sizing_NP-\output\DCH_septiembre\Bateria_353\Costo_variable\Swap_restringido\Swap_variable_3estaciones_160kW_Descomp/station_2_d91
✔ Warm start Y: 276 cargados, 0 omitidos
✔ Warm start Z: 432 cargados, 0 omitidos
✔ Warm start Z_swap: 12 cargados, 0 omitidos
✔ Warm start N_chargers: 0 cargados, 1 omitidos
✔ Warm start N_bays: 0 cargados, 1 omitidos
✔ Warm start X: 0 cargados, 1 omitidos
✔ Warm start N_batteries: 0 cargados, 1 omitidos
✔ Warm start completo desde 'C:\Users\TECNO-MASTER\Desktop\Elmo_infrastructure_sizing_NP-\output\DCH_septiembre\Bateria_353\Costo_variable\Swap_restringido\Swap_variable_3estaciones_160kW_Descomp\station_2_d91_stage1': 720 valores cargados, 4 omitidos
formulation time: 8.15530276298523
Set parameter OutputFlag to value 1
Set parameter OutputFlag to value 1
Set parameter LogToConsole to value 1
Set parameter MIPGap to value 0.05
Set parameter TimeLimit to value 1200
Set parameter LogFile to value "C:\Users\TECNO-MASTER\Desktop\Elmo_infrastructure_sizing_NP-\output\DCH_septiembre\Bateria_353\Costo_variable\Swap_restringido\Swap_variable_3estaciones_160kW_Descomp\station_2_d91\ELMO_log.txt"
Set parameter Threads to value 1
Set parameter Heuristics to value 0.5
Set parameter MIPFocus to value 3
Set parameter Presolve to value 2
Set parameter FlowCoverCuts to value 2
Gurobi Optimizer version 12.0.3 build v12.0.3rc0 (win64 - Windows 11+.0 (26200.2))

CPU model: Intel(R) Core(TM) i9-14900K, instruction set [SSE2|AVX|AVX2]
Thread count: 24 physical cores, 32 logical processors, using up to 1 threads

Non-default parameters:
TimeLimit  1200
MIPGap  0.05
Heuristics  0.5
MIPFocus  3
FlowCoverCuts  2
Presolve  2
Threads  1

Optimize a model with 26932 rows, 54733 columns and 249010 nonzeros
Model fingerprint: 0xf048036d
Variable types: 2129 continuous, 52604 integer (19481 binary)
Coefficient statistics:
  Matrix range     [1e+00, 3e+02]
  Objective range  [1e-02, 1e+02]
  Bounds range     [1e+00, 3e+00]
  RHS range        [1e+00, 1e+04]

Warning: Completing partial solution with 51880 unfixed non-continuous variables out of 52604
User MIP start produced solution with objective 426205 (0.04s)
Loaded user MIP start with objective 426205

Presolve removed 25620 rows and 45291 columns
Presolve time: 0.13s
Presolved: 1312 rows, 9442 columns, 30342 nonzeros
Variable types: 216 continuous, 9226 integer (8776 binary)
Root relaxation presolved: 1312 rows, 9442 columns, 30342 nonzeros


Use crossover to convert LP symmetric solution to basic solution...

Root relaxation: objective 4.043786e+05, 3787 iterations, 0.04 seconds (0.05 work units)

    Nodes    |    Current Node    |     Objective Bounds      |     Work
 Expl Unexpl |  Obj  Depth IntInf | Incumbent    BestBd   Gap | It/Node Time

     0     0 404378.630    0   41 426205.380 404378.630  5.12%     -    0s
     0     0          -    0      426205.380 405158.782  4.94%     -    0s

Cutting planes:
  Gomory: 12
  Lift-and-project: 4
  Projected implied bound: 1
  Flow cover: 10
  RLT: 4

Explored 1 nodes (5723 simplex iterations) in 0.49 seconds (0.76 work units)
Thread count was 1 (of 32 available processors)

Solution count 1: 426205 

Optimal solution found (tolerance 5.00e-02)
Best objective 4.262053795110e+05, best bound 4.051587817867e+05, gap 4.9381%
C:\Users\TECNO-MASTER\anaconda3\lib\site-packages\pandas\core\indexes\base.py:6999: FutureWarning: In a future version, the Index constructor will not infer numeric dtypes when passed object-dtype sequences (matching Series behavior)
  return Index(sequences[0], name=names)
  [Fase 2 (infra fija)] estacion=station_2 dia=213 -> C:\Users\TECNO-MASTER\Desktop\Elmo_infrastructure_sizing_NP-\output\DCH_septiembre\Bateria_353\Costo_variable\Swap_restringido\Swap_variable_3estaciones_160kW_Descomp/station_2_d213
✔ Warm start Y: 273 cargados, 0 omitidos
✔ Warm start Z: 435 cargados, 0 omitidos
✔ Warm start Z_swap: 12 cargados, 0 omitidos
✔ Warm start N_chargers: 0 cargados, 1 omitidos
✔ Warm start N_bays: 0 cargados, 1 omitidos
✔ Warm start X: 0 cargados, 1 omitidos
✔ Warm start N_batteries: 0 cargados, 1 omitidos
✔ Warm start completo desde 'C:\Users\TECNO-MASTER\Desktop\Elmo_infrastructure_sizing_NP-\output\DCH_septiembre\Bateria_353\Costo_variable\Swap_restringido\Swap_variable_3estaciones_160kW_Descomp\station_2_d213_stage1': 720 valores cargados, 4 omitidos
formulation time: 8.083119869232178
Set parameter OutputFlag to value 1
Set parameter OutputFlag to value 1
Set parameter LogToConsole to value 1
Set parameter MIPGap to value 0.05
Set parameter TimeLimit to value 1200
Set parameter LogFile to value "C:\Users\TECNO-MASTER\Desktop\Elmo_infrastructure_sizing_NP-\output\DCH_septiembre\Bateria_353\Costo_variable\Swap_restringido\Swap_variable_3estaciones_160kW_Descomp\station_2_d213\ELMO_log.txt"
Set parameter Threads to value 1
Set parameter Heuristics to value 0.5
Set parameter MIPFocus to value 3
Set parameter Presolve to value 2
Set parameter FlowCoverCuts to value 2
Gurobi Optimizer version 12.0.3 build v12.0.3rc0 (win64 - Windows 11+.0 (26200.2))

CPU model: Intel(R) Core(TM) i9-14900K, instruction set [SSE2|AVX|AVX2]
Thread count: 24 physical cores, 32 logical processors, using up to 1 threads

Non-default parameters:
TimeLimit  1200
MIPGap  0.05
Heuristics  0.5
MIPFocus  3
FlowCoverCuts  2
Presolve  2
Threads  1

Optimize a model with 26932 rows, 54733 columns and 249010 nonzeros
Model fingerprint: 0x4a6df4af
Variable types: 2129 continuous, 52604 integer (19481 binary)
Coefficient statistics:
  Matrix range     [1e+00, 3e+02]
  Objective range  [8e-03, 1e+02]
  Bounds range     [1e+00, 3e+00]
  RHS range        [1e+00, 1e+04]

Warning: Completing partial solution with 51880 unfixed non-continuous variables out of 52604
User MIP start produced solution with objective 425816 (0.04s)
Loaded user MIP start with objective 425816

Presolve removed 25620 rows and 45291 columns
Presolve time: 0.12s
Presolved: 1312 rows, 9442 columns, 30342 nonzeros
Variable types: 216 continuous, 9226 integer (8776 binary)
Root relaxation presolved: 1312 rows, 9442 columns, 30342 nonzeros


Use crossover to convert LP symmetric solution to basic solution...

Root relaxation: objective 4.041355e+05, 3918 iterations, 0.04 seconds (0.06 work units)

    Nodes    |    Current Node    |     Objective Bounds      |     Work
 Expl Unexpl |  Obj  Depth IntInf | Incumbent    BestBd   Gap | It/Node Time

     0     0 404135.539    0   29 425816.207 404135.539  5.09%     -    0s
     0     0          -    0      425816.207 404875.418  4.92%     -    0s

Cutting planes:
  Gomory: 7
  Lift-and-project: 1
  Projected implied bound: 2
  Flow cover: 15
  RLT: 4

Explored 1 nodes (6179 simplex iterations) in 0.46 seconds (0.73 work units)
Thread count was 1 (of 32 available processors)

Solution count 1: 425816 

Optimal solution found (tolerance 5.00e-02)
Best objective 4.258162069945e+05, best bound 4.048754180001e+05, gap 4.9178%
C:\Users\TECNO-MASTER\anaconda3\lib\site-packages\pandas\core\indexes\base.py:6999: FutureWarning: In a future version, the Index constructor will not infer numeric dtypes when passed object-dtype sequences (matching Series behavior)
  return Index(sequences[0], name=names)
  [Fase 2 (infra fija)] estacion=station_2 dia=60 -> C:\Users\TECNO-MASTER\Desktop\Elmo_infrastructure_sizing_NP-\output\DCH_septiembre\Bateria_353\Costo_variable\Swap_restringido\Swap_variable_3estaciones_160kW_Descomp/station_2_d60
✔ Warm start Y: 272 cargados, 0 omitidos
✔ Warm start Z: 436 cargados, 0 omitidos
✔ Warm start Z_swap: 12 cargados, 0 omitidos
✔ Warm start N_chargers: 0 cargados, 1 omitidos
✔ Warm start N_bays: 0 cargados, 1 omitidos
✔ Warm start X: 0 cargados, 1 omitidos
✔ Warm start N_batteries: 0 cargados, 1 omitidos
✔ Warm start completo desde 'C:\Users\TECNO-MASTER\Desktop\Elmo_infrastructure_sizing_NP-\output\DCH_septiembre\Bateria_353\Costo_variable\Swap_restringido\Swap_variable_3estaciones_160kW_Descomp\station_2_d60_stage1': 720 valores cargados, 4 omitidos
formulation time: 8.13851547241211
Set parameter OutputFlag to value 1
Set parameter OutputFlag to value 1
Set parameter LogToConsole to value 1
Set parameter MIPGap to value 0.05
Set parameter TimeLimit to value 1200
Set parameter LogFile to value "C:\Users\TECNO-MASTER\Desktop\Elmo_infrastructure_sizing_NP-\output\DCH_septiembre\Bateria_353\Costo_variable\Swap_restringido\Swap_variable_3estaciones_160kW_Descomp\station_2_d60\ELMO_log.txt"
Set parameter Threads to value 1
Set parameter Heuristics to value 0.5
Set parameter MIPFocus to value 3
Set parameter Presolve to value 2
Set parameter FlowCoverCuts to value 2
Gurobi Optimizer version 12.0.3 build v12.0.3rc0 (win64 - Windows 11+.0 (26200.2))

CPU model: Intel(R) Core(TM) i9-14900K, instruction set [SSE2|AVX|AVX2]
Thread count: 24 physical cores, 32 logical processors, using up to 1 threads

Non-default parameters:
TimeLimit  1200
MIPGap  0.05
Heuristics  0.5
MIPFocus  3
FlowCoverCuts  2
Presolve  2
Threads  1

Optimize a model with 26902 rows, 54733 columns and 248950 nonzeros
Model fingerprint: 0xf22559c5
Variable types: 2129 continuous, 52604 integer (19481 binary)
Coefficient statistics:
  Matrix range     [1e+00, 3e+02]
  Objective range  [9e-03, 1e+02]
  Bounds range     [1e+00, 3e+00]
  RHS range        [1e+00, 1e+04]

Warning: Completing partial solution with 51880 unfixed non-continuous variables out of 52604
User MIP start produced solution with objective 407920 (0.04s)
Loaded user MIP start with objective 407920


Explored 0 nodes (0 simplex iterations) in 0.04 seconds (0.06 work units)
Thread count was 1 (of 32 available processors)

Solution count 2: 407920 407920 

Optimal solution found (tolerance 5.00e-02)
Best objective 4.079201750378e+05, best bound 3.996540000000e+05, gap 2.0264%
C:\Users\TECNO-MASTER\anaconda3\lib\site-packages\pandas\core\indexes\base.py:6999: FutureWarning: In a future version, the Index constructor will not infer numeric dtypes when passed object-dtype sequences (matching Series behavior)
  return Index(sequences[0], name=names)
  [Fase 2 (infra fija)] estacion=station_2 dia=152 -> C:\Users\TECNO-MASTER\Desktop\Elmo_infrastructure_sizing_NP-\output\DCH_septiembre\Bateria_353\Costo_variable\Swap_restringido\Swap_variable_3estaciones_160kW_Descomp/station_2_d152
✔ Warm start Y: 274 cargados, 0 omitidos
✔ Warm start Z: 434 cargados, 0 omitidos
✔ Warm start Z_swap: 12 cargados, 0 omitidos
✔ Warm start N_chargers: 0 cargados, 1 omitidos
✔ Warm start N_bays: 0 cargados, 1 omitidos
✔ Warm start X: 0 cargados, 1 omitidos
✔ Warm start N_batteries: 0 cargados, 1 omitidos
✔ Warm start completo desde 'C:\Users\TECNO-MASTER\Desktop\Elmo_infrastructure_sizing_NP-\output\DCH_septiembre\Bateria_353\Costo_variable\Swap_restringido\Swap_variable_3estaciones_160kW_Descomp\station_2_d152_stage1': 720 valores cargados, 4 omitidos
formulation time: 8.188197135925293
Set parameter OutputFlag to value 1
Set parameter OutputFlag to value 1
Set parameter LogToConsole to value 1
Set parameter MIPGap to value 0.05
Set parameter TimeLimit to value 1200
Set parameter LogFile to value "C:\Users\TECNO-MASTER\Desktop\Elmo_infrastructure_sizing_NP-\output\DCH_septiembre\Bateria_353\Costo_variable\Swap_restringido\Swap_variable_3estaciones_160kW_Descomp\station_2_d152\ELMO_log.txt"
Set parameter Threads to value 1
Set parameter Heuristics to value 0.5
Set parameter MIPFocus to value 3
Set parameter Presolve to value 2
Set parameter FlowCoverCuts to value 2
Gurobi Optimizer version 12.0.3 build v12.0.3rc0 (win64 - Windows 11+.0 (26200.2))

CPU model: Intel(R) Core(TM) i9-14900K, instruction set [SSE2|AVX|AVX2]
Thread count: 24 physical cores, 32 logical processors, using up to 1 threads

Non-default parameters:
TimeLimit  1200
MIPGap  0.05
Heuristics  0.5
MIPFocus  3
FlowCoverCuts  2
Presolve  2
Threads  1

Optimize a model with 26932 rows, 54733 columns and 249010 nonzeros
Model fingerprint: 0x26ac3d66
Variable types: 2129 continuous, 52604 integer (19481 binary)
Coefficient statistics:
  Matrix range     [1e+00, 3e+02]
  Objective range  [1e-02, 1e+02]
  Bounds range     [1e+00, 3e+00]
  RHS range        [1e+00, 1e+04]

Warning: Completing partial solution with 51880 unfixed non-continuous variables out of 52604
User MIP start produced solution with objective 408591 (0.04s)
Loaded user MIP start with objective 408591


Explored 0 nodes (0 simplex iterations) in 0.05 seconds (0.06 work units)
Thread count was 1 (of 32 available processors)

Solution count 2: 408591 408591 

Optimal solution found (tolerance 5.00e-02)
Best objective 4.085911981710e+05, best bound 3.996540000000e+05, gap 2.1873%
  [Fase 2 (infra fija)] estacion=station_3 dia=60 -> C:\Users\TECNO-MASTER\Desktop\Elmo_infrastructure_sizing_NP-\output\DCH_septiembre\Bateria_353\Costo_variable\Swap_restringido\Swap_variable_3estaciones_160kW_Descomp/station_3_d60
✔ Warm start Y: 274 cargados, 0 omitidos
✔ Warm start Z: 434 cargados, 0 omitidos
✔ Warm start Z_swap: 12 cargados, 0 omitidos
✔ Warm start N_chargers: 0 cargados, 1 omitidos
✔ Warm start N_bays: 0 cargados, 1 omitidos
✔ Warm start X: 0 cargados, 1 omitidos
✔ Warm start N_batteries: 0 cargados, 1 omitidos
✔ Warm start completo desde 'C:\Users\TECNO-MASTER\Desktop\Elmo_infrastructure_sizing_NP-\output\DCH_septiembre\Bateria_353\Costo_variable\Swap_restringido\Swap_variable_3estaciones_160kW_Descomp\station_3_d60_stage1': 720 valores cargados, 4 omitidos
formulation time: 7.8423120975494385
Set parameter OutputFlag to value 1
Set parameter OutputFlag to value 1
Set parameter LogToConsole to value 1
Set parameter MIPGap to value 0.05
Set parameter TimeLimit to value 1200
Set parameter LogFile to value "C:\Users\TECNO-MASTER\Desktop\Elmo_infrastructure_sizing_NP-\output\DCH_septiembre\Bateria_353\Costo_variable\Swap_restringido\Swap_variable_3estaciones_160kW_Descomp\station_3_d60\ELMO_log.txt"
Set parameter Threads to value 1
Set parameter Heuristics to value 0.5
Set parameter MIPFocus to value 3
Set parameter Presolve to value 2
Set parameter FlowCoverCuts to value 2
Gurobi Optimizer version 12.0.3 build v12.0.3rc0 (win64 - Windows 11+.0 (26200.2))

CPU model: Intel(R) Core(TM) i9-14900K, instruction set [SSE2|AVX|AVX2]
Thread count: 24 physical cores, 32 logical processors, using up to 1 threads

Non-default parameters:
TimeLimit  1200
MIPGap  0.05
Heuristics  0.5
MIPFocus  3
FlowCoverCuts  2
Presolve  2
Threads  1

Optimize a model with 26872 rows, 53707 columns and 243900 nonzeros
Model fingerprint: 0x0d3e1b1b
Variable types: 2099 continuous, 51608 integer (18485 binary)
Coefficient statistics:
  Matrix range     [1e+00, 3e+02]
  Objective range  [9e-03, 1e+02]
  Bounds range     [1e+00, 3e+00]
  RHS range        [1e+00, 1e+04]

Warning: Completing partial solution with 50884 unfixed non-continuous variables out of 51608
User MIP start produced solution with objective 406483 (0.04s)
Loaded user MIP start with objective 406483


Explored 0 nodes (0 simplex iterations) in 0.04 seconds (0.06 work units)
Thread count was 1 (of 32 available processors)

Solution count 2: 406483 406483 

Optimal solution found (tolerance 5.00e-02)
Best objective 4.064834778656e+05, best bound 3.996540000000e+05, gap 1.6801%
C:\Users\TECNO-MASTER\anaconda3\lib\site-packages\pandas\core\indexes\base.py:6999: FutureWarning: In a future version, the Index constructor will not infer numeric dtypes when passed object-dtype sequences (matching Series behavior)
  return Index(sequences[0], name=names)
C:\Users\TECNO-MASTER\anaconda3\lib\site-packages\pandas\core\indexes\base.py:6999: FutureWarning: In a future version, the Index constructor will not infer numeric dtypes when passed object-dtype sequences (matching Series behavior)
  return Index(sequences[0], name=names)
  [Fase 2 (infra fija)] estacion=station_2 dia=244 -> C:\Users\TECNO-MASTER\Desktop\Elmo_infrastructure_sizing_NP-\output\DCH_septiembre\Bateria_353\Costo_variable\Swap_restringido\Swap_variable_3estaciones_160kW_Descomp/station_2_d244
✔ Warm start Y: 276 cargados, 0 omitidos
✔ Warm start Z: 432 cargados, 0 omitidos
✔ Warm start Z_swap: 12 cargados, 0 omitidos
✔ Warm start N_chargers: 0 cargados, 1 omitidos
✔ Warm start N_bays: 0 cargados, 1 omitidos
✔ Warm start X: 0 cargados, 1 omitidos
✔ Warm start N_batteries: 0 cargados, 1 omitidos
✔ Warm start completo desde 'C:\Users\TECNO-MASTER\Desktop\Elmo_infrastructure_sizing_NP-\output\DCH_septiembre\Bateria_353\Costo_variable\Swap_restringido\Swap_variable_3estaciones_160kW_Descomp\station_2_d244_stage1': 720 valores cargados, 4 omitidos
formulation time: 8.30153226852417
Set parameter OutputFlag to value 1
Set parameter OutputFlag to value 1
Set parameter LogToConsole to value 1
Set parameter MIPGap to value 0.05
Set parameter TimeLimit to value 1200
Set parameter LogFile to value "C:\Users\TECNO-MASTER\Desktop\Elmo_infrastructure_sizing_NP-\output\DCH_septiembre\Bateria_353\Costo_variable\Swap_restringido\Swap_variable_3estaciones_160kW_Descomp\station_2_d244\ELMO_log.txt"
Set parameter Threads to value 1
Set parameter Heuristics to value 0.5
Set parameter MIPFocus to value 3
Set parameter Presolve to value 2
Set parameter FlowCoverCuts to value 2
Gurobi Optimizer version 12.0.3 build v12.0.3rc0 (win64 - Windows 11+.0 (26200.2))

CPU model: Intel(R) Core(TM) i9-14900K, instruction set [SSE2|AVX|AVX2]
Thread count: 24 physical cores, 32 logical processors, using up to 1 threads

Non-default parameters:
TimeLimit  1200
MIPGap  0.05
Heuristics  0.5
MIPFocus  3
FlowCoverCuts  2
Presolve  2
Threads  1

Optimize a model with 26932 rows, 54733 columns and 249010 nonzeros
Model fingerprint: 0xed1c5553
Variable types: 2129 continuous, 52604 integer (19481 binary)
Coefficient statistics:
  Matrix range     [1e+00, 3e+02]
  Objective range  [8e-03, 1e+02]
  Bounds range     [1e+00, 3e+00]
  RHS range        [1e+00, 1e+04]

Warning: Completing partial solution with 51880 unfixed non-continuous variables out of 52604
User MIP start produced solution with objective 407199 (0.04s)
Loaded user MIP start with objective 407199


Explored 0 nodes (0 simplex iterations) in 0.05 seconds (0.06 work units)
Thread count was 1 (of 32 available processors)

Solution count 2: 407199 407199 

Optimal solution found (tolerance 5.00e-02)
Best objective 4.071987940335e+05, best bound 3.996540000000e+05, gap 1.8529%
C:\Users\TECNO-MASTER\anaconda3\lib\site-packages\pandas\core\indexes\base.py:6999: FutureWarning: In a future version, the Index constructor will not infer numeric dtypes when passed object-dtype sequences (matching Series behavior)
  return Index(sequences[0], name=names)
  [Fase 2 (infra fija)] estacion=station_2 dia=182 -> C:\Users\TECNO-MASTER\Desktop\Elmo_infrastructure_sizing_NP-\output\DCH_septiembre\Bateria_353\Costo_variable\Swap_restringido\Swap_variable_3estaciones_160kW_Descomp/station_2_d182
✔ Warm start Y: 272 cargados, 0 omitidos
✔ Warm start Z: 436 cargados, 0 omitidos
✔ Warm start Z_swap: 12 cargados, 0 omitidos
✔ Warm start N_chargers: 0 cargados, 1 omitidos
✔ Warm start N_bays: 0 cargados, 1 omitidos
✔ Warm start X: 0 cargados, 1 omitidos
✔ Warm start N_batteries: 0 cargados, 1 omitidos
✔ Warm start completo desde 'C:\Users\TECNO-MASTER\Desktop\Elmo_infrastructure_sizing_NP-\output\DCH_septiembre\Bateria_353\Costo_variable\Swap_restringido\Swap_variable_3estaciones_160kW_Descomp\station_2_d182_stage1': 720 valores cargados, 4 omitidos
formulation time: 8.139766693115234
Set parameter OutputFlag to value 1
Set parameter OutputFlag to value 1
Set parameter LogToConsole to value 1
Set parameter MIPGap to value 0.05
Set parameter TimeLimit to value 1200
Set parameter LogFile to value "C:\Users\TECNO-MASTER\Desktop\Elmo_infrastructure_sizing_NP-\output\DCH_septiembre\Bateria_353\Costo_variable\Swap_restringido\Swap_variable_3estaciones_160kW_Descomp\station_2_d182\ELMO_log.txt"
Set parameter Threads to value 1
Set parameter Heuristics to value 0.5
Set parameter MIPFocus to value 3
Set parameter Presolve to value 2
Set parameter FlowCoverCuts to value 2
Gurobi Optimizer version 12.0.3 build v12.0.3rc0 (win64 - Windows 11+.0 (26200.2))

CPU model: Intel(R) Core(TM) i9-14900K, instruction set [SSE2|AVX|AVX2]
Thread count: 24 physical cores, 32 logical processors, using up to 1 threads

Non-default parameters:
TimeLimit  1200
MIPGap  0.05
Heuristics  0.5
MIPFocus  3
FlowCoverCuts  2
Presolve  2
Threads  1

Optimize a model with 26932 rows, 54733 columns and 249010 nonzeros
Model fingerprint: 0x13cd7f32
Variable types: 2129 continuous, 52604 integer (19481 binary)
Coefficient statistics:
  Matrix range     [1e+00, 3e+02]
  Objective range  [1e-02, 1e+02]
  Bounds range     [1e+00, 3e+00]
  RHS range        [1e+00, 1e+04]

Warning: Completing partial solution with 51880 unfixed non-continuous variables out of 52604
User MIP start produced solution with objective 426437 (0.04s)
Loaded user MIP start with objective 426437

Presolve removed 25620 rows and 45291 columns
Presolve time: 0.12s
Presolved: 1312 rows, 9442 columns, 30342 nonzeros
Variable types: 216 continuous, 9226 integer (8776 binary)
Root relaxation presolved: 1312 rows, 9442 columns, 30342 nonzeros


Use crossover to convert LP symmetric solution to basic solution...

Root relaxation: objective 4.045183e+05, 4029 iterations, 0.04 seconds (0.06 work units)

    Nodes    |    Current Node    |     Objective Bounds      |     Work
 Expl Unexpl |  Obj  Depth IntInf | Incumbent    BestBd   Gap | It/Node Time

     0     0 404518.288    0   29 426436.774 404518.288  5.14%     -    0s
     0     0          -    0      426436.774 405418.529  4.93%     -    0s

Cutting planes:
  Gomory: 15
  Lift-and-project: 3
  Projected implied bound: 1
  Flow cover: 22
  RLT: 3

Explored 1 nodes (6071 simplex iterations) in 0.58 seconds (0.85 work units)
Thread count was 1 (of 32 available processors)

Solution count 1: 426437 

Optimal solution found (tolerance 5.00e-02)
Best objective 4.264367739282e+05, best bound 4.054185287926e+05, gap 4.9288%
  [Fase 2 (infra fija)] estacion=station_3 dia=91 -> C:\Users\TECNO-MASTER\Desktop\Elmo_infrastructure_sizing_NP-\output\DCH_septiembre\Bateria_353\Costo_variable\Swap_restringido\Swap_variable_3estaciones_160kW_Descomp/station_3_d91
✔ Warm start Y: 271 cargados, 0 omitidos
✔ Warm start Z: 437 cargados, 0 omitidos
✔ Warm start Z_swap: 12 cargados, 0 omitidos
✔ Warm start N_chargers: 0 cargados, 1 omitidos
✔ Warm start N_bays: 0 cargados, 1 omitidos
✔ Warm start X: 0 cargados, 1 omitidos
✔ Warm start N_batteries: 0 cargados, 1 omitidos
✔ Warm start completo desde 'C:\Users\TECNO-MASTER\Desktop\Elmo_infrastructure_sizing_NP-\output\DCH_septiembre\Bateria_353\Costo_variable\Swap_restringido\Swap_variable_3estaciones_160kW_Descomp\station_3_d91_stage1': 720 valores cargados, 4 omitidos
formulation time: 7.866145610809326
Set parameter OutputFlag to value 1
Set parameter OutputFlag to value 1
Set parameter LogToConsole to value 1
Set parameter MIPGap to value 0.05
Set parameter TimeLimit to value 1200
Set parameter LogFile to value "C:\Users\TECNO-MASTER\Desktop\Elmo_infrastructure_sizing_NP-\output\DCH_septiembre\Bateria_353\Costo_variable\Swap_restringido\Swap_variable_3estaciones_160kW_Descomp\station_3_d91\ELMO_log.txt"
Set parameter Threads to value 1
Set parameter Heuristics to value 0.5
Set parameter MIPFocus to value 3
Set parameter Presolve to value 2
Set parameter FlowCoverCuts to value 2
C:\Users\TECNO-MASTER\anaconda3\lib\site-packages\pandas\core\indexes\base.py:6999: FutureWarning: In a future version, the Index constructor will not infer numeric dtypes when passed object-dtype sequences (matching Series behavior)
  return Index(sequences[0], name=names)
Gurobi Optimizer version 12.0.3 build v12.0.3rc0 (win64 - Windows 11+.0 (26200.2))

CPU model: Intel(R) Core(TM) i9-14900K, instruction set [SSE2|AVX|AVX2]
Thread count: 24 physical cores, 32 logical processors, using up to 1 threads

Non-default parameters:
TimeLimit  1200
MIPGap  0.05
Heuristics  0.5
MIPFocus  3
FlowCoverCuts  2
Presolve  2
Threads  1

Optimize a model with 26902 rows, 53707 columns and 243960 nonzeros
Model fingerprint: 0xca6576e4
Variable types: 2099 continuous, 51608 integer (18485 binary)
Coefficient statistics:
  Matrix range     [1e+00, 3e+02]
  Objective range  [1e-02, 1e+02]
  Bounds range     [1e+00, 3e+00]
  RHS range        [1e+00, 1e+04]

Warning: Completing partial solution with 50884 unfixed non-continuous variables out of 51608
User MIP start produced solution with objective 447362 (0.04s)
User MIP start produced solution with objective 446711 (0.04s)
User MIP start produced solution with objective 445719 (0.04s)
User MIP start produced solution with objective 427065 (0.05s)
User MIP start produced solution with objective 426856 (0.05s)
User MIP start produced solution with objective 426362 (0.05s)
Loaded user MIP start with objective 426362

Presolve removed 25596 rows and 44783 columns
Presolve time: 0.12s
Presolved: 1306 rows, 8924 columns, 28786 nonzeros
Variable types: 216 continuous, 8708 integer (8258 binary)
Root relaxation presolved: 1306 rows, 8924 columns, 28786 nonzeros


Use crossover to convert LP symmetric solution to basic solution...

Root relaxation: objective 4.042379e+05, 3474 iterations, 0.03 seconds (0.05 work units)

    Nodes    |    Current Node    |     Objective Bounds      |     Work
 Expl Unexpl |  Obj  Depth IntInf | Incumbent    BestBd   Gap | It/Node Time

     0     0 404237.912    0   39 426361.788 404237.912  5.19%     -    0s
     0     0          -    0      426361.788 405158.782  4.97%     -    0s

Cutting planes:
  Gomory: 11
  Lift-and-project: 2
  Cover: 1
  Projected implied bound: 2
  MIR: 2
  Flow cover: 7
  RLT: 4

Explored 1 nodes (5527 simplex iterations) in 0.49 seconds (0.73 work units)
Thread count was 1 (of 32 available processors)

Solution count 6: 426362 426856 427065 ... 447362

Optimal solution found (tolerance 5.00e-02)
Best objective 4.263617880782e+05, best bound 4.051587817867e+05, gap 4.9730%
  [Fase 2 (infra fija)] estacion=station_3 dia=121 -> C:\Users\TECNO-MASTER\Desktop\Elmo_infrastructure_sizing_NP-\output\DCH_septiembre\Bateria_353\Costo_variable\Swap_restringido\Swap_variable_3estaciones_160kW_Descomp/station_3_d121
✔ Warm start Y: 274 cargados, 0 omitidos
✔ Warm start Z: 434 cargados, 0 omitidos
✔ Warm start Z_swap: 12 cargados, 0 omitidos
✔ Warm start N_chargers: 0 cargados, 1 omitidos
✔ Warm start N_bays: 0 cargados, 1 omitidos
✔ Warm start X: 0 cargados, 1 omitidos
✔ Warm start N_batteries: 0 cargados, 1 omitidos
✔ Warm start completo desde 'C:\Users\TECNO-MASTER\Desktop\Elmo_infrastructure_sizing_NP-\output\DCH_septiembre\Bateria_353\Costo_variable\Swap_restringido\Swap_variable_3estaciones_160kW_Descomp\station_3_d121_stage1': 720 valores cargados, 4 omitidos
formulation time: 7.978489398956299
Set parameter OutputFlag to value 1
Set parameter OutputFlag to value 1
Set parameter LogToConsole to value 1
Set parameter MIPGap to value 0.05
Set parameter TimeLimit to value 1200
Set parameter LogFile to value "C:\Users\TECNO-MASTER\Desktop\Elmo_infrastructure_sizing_NP-\output\DCH_septiembre\Bateria_353\Costo_variable\Swap_restringido\Swap_variable_3estaciones_160kW_Descomp\station_3_d121\ELMO_log.txt"
Set parameter Threads to value 1
Set parameter Heuristics to value 0.5
Set parameter MIPFocus to value 3
Set parameter Presolve to value 2
Set parameter FlowCoverCuts to value 2
C:\Users\TECNO-MASTER\anaconda3\lib\site-packages\pandas\core\indexes\base.py:6999: FutureWarning: In a future version, the Index constructor will not infer numeric dtypes when passed object-dtype sequences (matching Series behavior)
  return Index(sequences[0], name=names)
Gurobi Optimizer version 12.0.3 build v12.0.3rc0 (win64 - Windows 11+.0 (26200.2))

CPU model: Intel(R) Core(TM) i9-14900K, instruction set [SSE2|AVX|AVX2]
Thread count: 24 physical cores, 32 logical processors, using up to 1 threads

Non-default parameters:
TimeLimit  1200
MIPGap  0.05
Heuristics  0.5
MIPFocus  3
FlowCoverCuts  2
Presolve  2
Threads  1

Optimize a model with 26902 rows, 53707 columns and 243960 nonzeros
Model fingerprint: 0x79023e78
Variable types: 2099 continuous, 51608 integer (18485 binary)
Coefficient statistics:
  Matrix range     [1e+00, 3e+02]
  Objective range  [8e-03, 1e+02]
  Bounds range     [1e+00, 3e+00]
  RHS range        [1e+00, 1e+04]

Warning: Completing partial solution with 50884 unfixed non-continuous variables out of 51608
User MIP start produced solution with objective 406014 (0.04s)
Loaded user MIP start with objective 406014


Explored 0 nodes (0 simplex iterations) in 0.05 seconds (0.06 work units)
Thread count was 1 (of 32 available processors)

Solution count 2: 406014 406014 

Optimal solution found (tolerance 5.00e-02)
Best objective 4.060136412923e+05, best bound 3.996540000000e+05, gap 1.5664%
C:\Users\TECNO-MASTER\anaconda3\lib\site-packages\pandas\core\indexes\base.py:6999: FutureWarning: In a future version, the Index constructor will not infer numeric dtypes when passed object-dtype sequences (matching Series behavior)
  return Index(sequences[0], name=names)
  [Fase 2 (infra fija)] estacion=station_2 dia=121 -> C:\Users\TECNO-MASTER\Desktop\Elmo_infrastructure_sizing_NP-\output\DCH_septiembre\Bateria_353\Costo_variable\Swap_restringido\Swap_variable_3estaciones_160kW_Descomp/station_2_d121
✔ Warm start Y: 273 cargados, 0 omitidos
✔ Warm start Z: 435 cargados, 0 omitidos
✔ Warm start Z_swap: 12 cargados, 0 omitidos
✔ Warm start N_chargers: 0 cargados, 1 omitidos
✔ Warm start N_bays: 0 cargados, 1 omitidos
✔ Warm start X: 0 cargados, 1 omitidos
✔ Warm start N_batteries: 0 cargados, 1 omitidos
✔ Warm start completo desde 'C:\Users\TECNO-MASTER\Desktop\Elmo_infrastructure_sizing_NP-\output\DCH_septiembre\Bateria_353\Costo_variable\Swap_restringido\Swap_variable_3estaciones_160kW_Descomp\station_2_d121_stage1': 720 valores cargados, 4 omitidos
formulation time: 8.287695407867432
Set parameter OutputFlag to value 1
Set parameter OutputFlag to value 1
Set parameter LogToConsole to value 1
Set parameter MIPGap to value 0.05
Set parameter TimeLimit to value 1200
Set parameter LogFile to value "C:\Users\TECNO-MASTER\Desktop\Elmo_infrastructure_sizing_NP-\output\DCH_septiembre\Bateria_353\Costo_variable\Swap_restringido\Swap_variable_3estaciones_160kW_Descomp\station_2_d121\ELMO_log.txt"
Set parameter Threads to value 1
Set parameter Heuristics to value 0.5
Set parameter MIPFocus to value 3
Set parameter Presolve to value 2
Set parameter FlowCoverCuts to value 2
Gurobi Optimizer version 12.0.3 build v12.0.3rc0 (win64 - Windows 11+.0 (26200.2))

CPU model: Intel(R) Core(TM) i9-14900K, instruction set [SSE2|AVX|AVX2]
Thread count: 24 physical cores, 32 logical processors, using up to 1 threads

Non-default parameters:
TimeLimit  1200
MIPGap  0.05
Heuristics  0.5
MIPFocus  3
FlowCoverCuts  2
Presolve  2
Threads  1

Optimize a model with 26932 rows, 54733 columns and 249010 nonzeros
Model fingerprint: 0x1abedced
Variable types: 2129 continuous, 52604 integer (19481 binary)
Coefficient statistics:
  Matrix range     [1e+00, 3e+02]
  Objective range  [8e-03, 1e+02]
  Bounds range     [1e+00, 3e+00]
  RHS range        [1e+00, 1e+04]

Warning: Completing partial solution with 51880 unfixed non-continuous variables out of 52604
User MIP start produced solution with objective 406136 (0.04s)
Loaded user MIP start with objective 406136


Explored 0 nodes (0 simplex iterations) in 0.04 seconds (0.06 work units)
Thread count was 1 (of 32 available processors)

Solution count 2: 406136 406136 

Optimal solution found (tolerance 5.00e-02)
Best objective 4.061364077363e+05, best bound 3.996540000000e+05, gap 1.5961%
C:\Users\TECNO-MASTER\anaconda3\lib\site-packages\pandas\core\indexes\base.py:6999: FutureWarning: In a future version, the Index constructor will not infer numeric dtypes when passed object-dtype sequences (matching Series behavior)
  return Index(sequences[0], name=names)
  [Fase 2 (infra fija)] estacion=station_2 dia=335 -> C:\Users\TECNO-MASTER\Desktop\Elmo_infrastructure_sizing_NP-\output\DCH_septiembre\Bateria_353\Costo_variable\Swap_restringido\Swap_variable_3estaciones_160kW_Descomp/station_2_d335
✔ Warm start Y: 275 cargados, 0 omitidos
✔ Warm start Z: 433 cargados, 0 omitidos
✔ Warm start Z_swap: 12 cargados, 0 omitidos
✔ Warm start N_chargers: 0 cargados, 1 omitidos
✔ Warm start N_bays: 0 cargados, 1 omitidos
✔ Warm start X: 0 cargados, 1 omitidos
✔ Warm start N_batteries: 0 cargados, 1 omitidos
✔ Warm start completo desde 'C:\Users\TECNO-MASTER\Desktop\Elmo_infrastructure_sizing_NP-\output\DCH_septiembre\Bateria_353\Costo_variable\Swap_restringido\Swap_variable_3estaciones_160kW_Descomp\station_2_d335_stage1': 720 valores cargados, 4 omitidos
formulation time: 8.243070602416992
Set parameter OutputFlag to value 1
Set parameter OutputFlag to value 1
Set parameter LogToConsole to value 1
Set parameter MIPGap to value 0.05
Set parameter TimeLimit to value 1200
Set parameter LogFile to value "C:\Users\TECNO-MASTER\Desktop\Elmo_infrastructure_sizing_NP-\output\DCH_septiembre\Bateria_353\Costo_variable\Swap_restringido\Swap_variable_3estaciones_160kW_Descomp\station_2_d335\ELMO_log.txt"
Set parameter Threads to value 1
Set parameter Heuristics to value 0.5
Set parameter MIPFocus to value 3
Set parameter Presolve to value 2
Set parameter FlowCoverCuts to value 2
Gurobi Optimizer version 12.0.3 build v12.0.3rc0 (win64 - Windows 11+.0 (26200.2))

CPU model: Intel(R) Core(TM) i9-14900K, instruction set [SSE2|AVX|AVX2]
Thread count: 24 physical cores, 32 logical processors, using up to 1 threads

Non-default parameters:
TimeLimit  1200
MIPGap  0.05
Heuristics  0.5
MIPFocus  3
FlowCoverCuts  2
Presolve  2
Threads  1

Optimize a model with 26902 rows, 54733 columns and 248950 nonzeros
Model fingerprint: 0x87e66110
Variable types: 2129 continuous, 52604 integer (19481 binary)
Coefficient statistics:
  Matrix range     [1e+00, 3e+02]
  Objective range  [4e-03, 1e+02]
  Bounds range     [1e+00, 3e+00]
  RHS range        [1e+00, 1e+04]

Warning: Completing partial solution with 51880 unfixed non-continuous variables out of 52604
User MIP start produced solution with objective 405863 (0.04s)
Loaded user MIP start with objective 405863


Explored 0 nodes (0 simplex iterations) in 0.05 seconds (0.06 work units)
Thread count was 1 (of 32 available processors)

Solution count 2: 405863 405863 

Optimal solution found (tolerance 5.00e-02)
Best objective 4.058634841598e+05, best bound 3.996540000000e+05, gap 1.5299%
C:\Users\TECNO-MASTER\anaconda3\lib\site-packages\pandas\core\indexes\base.py:6999: FutureWarning: In a future version, the Index constructor will not infer numeric dtypes when passed object-dtype sequences (matching Series behavior)
  return Index(sequences[0], name=names)
  [Fase 2 (infra fija)] estacion=station_3 dia=152 -> C:\Users\TECNO-MASTER\Desktop\Elmo_infrastructure_sizing_NP-\output\DCH_septiembre\Bateria_353\Costo_variable\Swap_restringido\Swap_variable_3estaciones_160kW_Descomp/station_3_d152
✔ Warm start Y: 273 cargados, 0 omitidos
✔ Warm start Z: 435 cargados, 0 omitidos
✔ Warm start Z_swap: 12 cargados, 0 omitidos
✔ Warm start N_chargers: 0 cargados, 1 omitidos
✔ Warm start N_bays: 0 cargados, 1 omitidos
✔ Warm start X: 0 cargados, 1 omitidos
✔ Warm start N_batteries: 0 cargados, 1 omitidos
✔ Warm start completo desde 'C:\Users\TECNO-MASTER\Desktop\Elmo_infrastructure_sizing_NP-\output\DCH_septiembre\Bateria_353\Costo_variable\Swap_restringido\Swap_variable_3estaciones_160kW_Descomp\station_3_d152_stage1': 720 valores cargados, 4 omitidos
formulation time: 8.18453574180603
Set parameter OutputFlag to value 1
Set parameter OutputFlag to value 1
Set parameter LogToConsole to value 1
Set parameter MIPGap to value 0.05
Set parameter TimeLimit to value 1200
Set parameter LogFile to value "C:\Users\TECNO-MASTER\Desktop\Elmo_infrastructure_sizing_NP-\output\DCH_septiembre\Bateria_353\Costo_variable\Swap_restringido\Swap_variable_3estaciones_160kW_Descomp\station_3_d152\ELMO_log.txt"
Set parameter Threads to value 1
Set parameter Heuristics to value 0.5
Set parameter MIPFocus to value 3
Set parameter Presolve to value 2
Set parameter FlowCoverCuts to value 2
Gurobi Optimizer version 12.0.3 build v12.0.3rc0 (win64 - Windows 11+.0 (26200.2))

CPU model: Intel(R) Core(TM) i9-14900K, instruction set [SSE2|AVX|AVX2]
Thread count: 24 physical cores, 32 logical processors, using up to 1 threads

Non-default parameters:
TimeLimit  1200
MIPGap  0.05
Heuristics  0.5
MIPFocus  3
FlowCoverCuts  2
Presolve  2
Threads  1

Optimize a model with 26902 rows, 53707 columns and 243960 nonzeros
Model fingerprint: 0xfc1a0916
Variable types: 2099 continuous, 51608 integer (18485 binary)
Coefficient statistics:
  Matrix range     [1e+00, 3e+02]
  Objective range  [1e-02, 1e+02]
  Bounds range     [1e+00, 3e+00]
  RHS range        [1e+00, 1e+04]

Warning: Completing partial solution with 50884 unfixed non-continuous variables out of 51608
User MIP start produced solution with objective 445605 (0.04s)
User MIP start produced solution with objective 444513 (0.04s)
User MIP start produced solution with objective 426155 (0.04s)
Loaded user MIP start with objective 426155

Presolve removed 25596 rows and 44783 columns
Presolve time: 0.12s
Presolved: 1306 rows, 8924 columns, 28786 nonzeros
Variable types: 216 continuous, 8708 integer (8258 binary)
Root relaxation presolved: 1306 rows, 8924 columns, 28786 nonzeros


Use crossover to convert LP symmetric solution to basic solution...

Root relaxation: objective 4.039925e+05, 3699 iterations, 0.04 seconds (0.06 work units)

    Nodes    |    Current Node    |     Objective Bounds      |     Work
 Expl Unexpl |  Obj  Depth IntInf | Incumbent    BestBd   Gap | It/Node Time

     0     0 403992.491    0   37 426155.139 403992.491  5.20%     -    0s
     0     0          -    0      426155.139 405136.389  4.93%     -    0s

Cutting planes:
  Gomory: 14
  Lift-and-project: 4
  Cover: 1
  Projected implied bound: 4
  MIR: 3
  Mixing: 2
  Flow cover: 19
  RLT: 6

Explored 1 nodes (5355 simplex iterations) in 0.46 seconds (0.71 work units)
Thread count was 1 (of 32 available processors)

Solution count 3: 426155 444513 445605 

Optimal solution found (tolerance 5.00e-02)
Best objective 4.261551394530e+05, best bound 4.051363890947e+05, gap 4.9322%
  [Fase 2 (infra fija)] estacion=station_3 dia=182 -> C:\Users\TECNO-MASTER\Desktop\Elmo_infrastructure_sizing_NP-\output\DCH_septiembre\Bateria_353\Costo_variable\Swap_restringido\Swap_variable_3estaciones_160kW_Descomp/station_3_d182
✔ Warm start Y: 272 cargados, 0 omitidos
✔ Warm start Z: 436 cargados, 0 omitidos
✔ Warm start Z_swap: 12 cargados, 0 omitidos
✔ Warm start N_chargers: 0 cargados, 1 omitidos
✔ Warm start N_bays: 0 cargados, 1 omitidos
✔ Warm start X: 0 cargados, 1 omitidos
✔ Warm start N_batteries: 0 cargados, 1 omitidos
✔ Warm start completo desde 'C:\Users\TECNO-MASTER\Desktop\Elmo_infrastructure_sizing_NP-\output\DCH_septiembre\Bateria_353\Costo_variable\Swap_restringido\Swap_variable_3estaciones_160kW_Descomp\station_3_d182_stage1': 720 valores cargados, 4 omitidos
formulation time: 7.879599571228027
Set parameter OutputFlag to value 1
Set parameter OutputFlag to value 1
Set parameter LogToConsole to value 1
Set parameter MIPGap to value 0.05
Set parameter TimeLimit to value 1200
Set parameter LogFile to value "C:\Users\TECNO-MASTER\Desktop\Elmo_infrastructure_sizing_NP-\output\DCH_septiembre\Bateria_353\Costo_variable\Swap_restringido\Swap_variable_3estaciones_160kW_Descomp\station_3_d182\ELMO_log.txt"
Set parameter Threads to value 1
Set parameter Heuristics to value 0.5
Set parameter MIPFocus to value 3
Set parameter Presolve to value 2
Set parameter FlowCoverCuts to value 2
Gurobi Optimizer version 12.0.3 build v12.0.3rc0 (win64 - Windows 11+.0 (26200.2))

CPU model: Intel(R) Core(TM) i9-14900K, instruction set [SSE2|AVX|AVX2]
Thread count: 24 physical cores, 32 logical processors, using up to 1 threads

Non-default parameters:
TimeLimit  1200
MIPGap  0.05
Heuristics  0.5
MIPFocus  3
FlowCoverCuts  2
Presolve  2
Threads  1

Optimize a model with 26902 rows, 53707 columns and 243960 nonzeros
Model fingerprint: 0x4eccb34c
Variable types: 2099 continuous, 51608 integer (18485 binary)
Coefficient statistics:
  Matrix range     [1e+00, 3e+02]
  Objective range  [1e-02, 1e+02]
  Bounds range     [1e+00, 3e+00]
  RHS range        [1e+00, 1e+04]

Warning: Completing partial solution with 50884 unfixed non-continuous variables out of 51608
User MIP start produced solution with objective 426437 (0.04s)
Loaded user MIP start with objective 426437

Presolve removed 25596 rows and 44783 columns
Presolve time: 0.12s
Presolved: 1306 rows, 8924 columns, 28786 nonzeros
C:\Users\TECNO-MASTER\anaconda3\lib\site-packages\pandas\core\indexes\base.py:6999: FutureWarning: In a future version, the Index constructor will not infer numeric dtypes when passed object-dtype sequences (matching Series behavior)
  return Index(sequences[0], name=names)
Variable types: 216 continuous, 8708 integer (8258 binary)
Root relaxation presolved: 1306 rows, 8924 columns, 28786 nonzeros


Use crossover to convert LP symmetric solution to basic solution...

Root relaxation: objective 4.043559e+05, 3581 iterations, 0.04 seconds (0.05 work units)

    Nodes    |    Current Node    |     Objective Bounds      |     Work
 Expl Unexpl |  Obj  Depth IntInf | Incumbent    BestBd   Gap | It/Node Time

     0     0 404355.909    0   31 426436.774 404355.909  5.18%     -    0s
     0     0          -    0      426436.774 405418.529  4.93%     -    0s

Cutting planes:
  Gomory: 15
  Lift-and-project: 1
  Projected implied bound: 1
  Flow cover: 10
  RLT: 4

Explored 1 nodes (6043 simplex iterations) in 0.43 seconds (0.69 work units)
Thread count was 1 (of 32 available processors)

Solution count 1: 426437 

Optimal solution found (tolerance 5.00e-02)
Best objective 4.264367739282e+05, best bound 4.054185287926e+05, gap 4.9288%
C:\Users\TECNO-MASTER\anaconda3\lib\site-packages\pandas\core\indexes\base.py:6999: FutureWarning: In a future version, the Index constructor will not infer numeric dtypes when passed object-dtype sequences (matching Series behavior)
  return Index(sequences[0], name=names)
  [Fase 2 (infra fija)] estacion=station_2 dia=274 -> C:\Users\TECNO-MASTER\Desktop\Elmo_infrastructure_sizing_NP-\output\DCH_septiembre\Bateria_353\Costo_variable\Swap_restringido\Swap_variable_3estaciones_160kW_Descomp/station_2_d274
✔ Warm start Y: 274 cargados, 0 omitidos
✔ Warm start Z: 434 cargados, 0 omitidos
✔ Warm start Z_swap: 12 cargados, 0 omitidos
✔ Warm start N_chargers: 0 cargados, 1 omitidos
✔ Warm start N_bays: 0 cargados, 1 omitidos
✔ Warm start X: 0 cargados, 1 omitidos
✔ Warm start N_batteries: 0 cargados, 1 omitidos
✔ Warm start completo desde 'C:\Users\TECNO-MASTER\Desktop\Elmo_infrastructure_sizing_NP-\output\DCH_septiembre\Bateria_353\Costo_variable\Swap_restringido\Swap_variable_3estaciones_160kW_Descomp\station_2_d274_stage1': 720 valores cargados, 4 omitidos
formulation time: 8.172882795333862
Set parameter OutputFlag to value 1
Set parameter OutputFlag to value 1
Set parameter LogToConsole to value 1
Set parameter MIPGap to value 0.05
Set parameter TimeLimit to value 1200
Set parameter LogFile to value "C:\Users\TECNO-MASTER\Desktop\Elmo_infrastructure_sizing_NP-\output\DCH_septiembre\Bateria_353\Costo_variable\Swap_restringido\Swap_variable_3estaciones_160kW_Descomp\station_2_d274\ELMO_log.txt"
Set parameter Threads to value 1
Set parameter Heuristics to value 0.5
Set parameter MIPFocus to value 3
Set parameter Presolve to value 2
Set parameter FlowCoverCuts to value 2
Gurobi Optimizer version 12.0.3 build v12.0.3rc0 (win64 - Windows 11+.0 (26200.2))

CPU model: Intel(R) Core(TM) i9-14900K, instruction set [SSE2|AVX|AVX2]
Thread count: 24 physical cores, 32 logical processors, using up to 1 threads

Non-default parameters:
TimeLimit  1200
MIPGap  0.05
Heuristics  0.5
MIPFocus  3
FlowCoverCuts  2
Presolve  2
Threads  1

Optimize a model with 26902 rows, 54733 columns and 248950 nonzeros
Model fingerprint: 0x23ddf791
Variable types: 2129 continuous, 52604 integer (19481 binary)
Coefficient statistics:
  Matrix range     [1e+00, 3e+02]
  Objective range  [4e-03, 1e+02]
  Bounds range     [1e+00, 3e+00]
  RHS range        [1e+00, 1e+04]

Warning: Completing partial solution with 51880 unfixed non-continuous variables out of 52604
User MIP start produced solution with objective 407713 (0.04s)
Loaded user MIP start with objective 407713


Explored 0 nodes (0 simplex iterations) in 0.04 seconds (0.06 work units)
Thread count was 1 (of 32 available processors)

Solution count 2: 407713 407713 

Optimal solution found (tolerance 5.00e-02)
Best objective 4.077125703866e+05, best bound 3.996540000000e+05, gap 1.9765%
  [Fase 2 (infra fija)] estacion=station_3 dia=32 -> C:\Users\TECNO-MASTER\Desktop\Elmo_infrastructure_sizing_NP-\output\DCH_septiembre\Bateria_353\Costo_variable\Swap_restringido\Swap_variable_3estaciones_160kW_Descomp/station_3_d32
✔ Warm start Y: 274 cargados, 0 omitidos
✔ Warm start Z: 434 cargados, 0 omitidos
✔ Warm start Z_swap: 12 cargados, 0 omitidos
✔ Warm start N_chargers: 0 cargados, 1 omitidos
✔ Warm start N_bays: 0 cargados, 1 omitidos
✔ Warm start X: 0 cargados, 1 omitidos
✔ Warm start N_batteries: 0 cargados, 1 omitidos
✔ Warm start completo desde 'C:\Users\TECNO-MASTER\Desktop\Elmo_infrastructure_sizing_NP-\output\DCH_septiembre\Bateria_353\Costo_variable\Swap_restringido\Swap_variable_3estaciones_160kW_Descomp\station_3_d32_stage1': 720 valores cargados, 4 omitidos
formulation time: 7.91202449798584
Set parameter OutputFlag to value 1
Set parameter OutputFlag to value 1
Set parameter LogToConsole to value 1
Set parameter MIPGap to value 0.05
Set parameter TimeLimit to value 1200
Set parameter LogFile to value "C:\Users\TECNO-MASTER\Desktop\Elmo_infrastructure_sizing_NP-\output\DCH_septiembre\Bateria_353\Costo_variable\Swap_restringido\Swap_variable_3estaciones_160kW_Descomp\station_3_d32\ELMO_log.txt"
Set parameter Threads to value 1
Set parameter Heuristics to value 0.5
Set parameter MIPFocus to value 3
Set parameter Presolve to value 2
Set parameter FlowCoverCuts to value 2
Gurobi Optimizer version 12.0.3 build v12.0.3rc0 (win64 - Windows 11+.0 (26200.2))

CPU model: Intel(R) Core(TM) i9-14900K, instruction set [SSE2|AVX|AVX2]
Thread count: 24 physical cores, 32 logical processors, using up to 1 threads

Non-default parameters:
TimeLimit  1200
MIPGap  0.05
Heuristics  0.5
MIPFocus  3
FlowCoverCuts  2
Presolve  2
Threads  1

Optimize a model with 26872 rows, 53707 columns and 243900 nonzeros
Model fingerprint: 0xa1c8186e
Variable types: 2099 continuous, 51608 integer (18485 binary)
Coefficient statistics:
  Matrix range     [1e+00, 3e+02]
  Objective range  [3e-03, 1e+02]
  Bounds range     [1e+00, 3e+00]
  RHS range        [1e+00, 1e+04]

Warning: Completing partial solution with 50884 unfixed non-continuous variables out of 51608
User MIP start produced solution with objective 407356 (0.04s)
Loaded user MIP start with objective 407356


Explored 0 nodes (0 simplex iterations) in 0.05 seconds (0.06 work units)
Thread count was 1 (of 32 available processors)

Solution count 2: 407356 407356 

Optimal solution found (tolerance 5.00e-02)
Best objective 4.073560532236e+05, best bound 3.996540000000e+05, gap 1.8907%
  [Fase 2 (infra fija)] estacion=station_3 dia=213 -> C:\Users\TECNO-MASTER\Desktop\Elmo_infrastructure_sizing_NP-\output\DCH_septiembre\Bateria_353\Costo_variable\Swap_restringido\Swap_variable_3estaciones_160kW_Descomp/station_3_d213
✔ Warm start Y: 271 cargados, 0 omitidos
✔ Warm start Z: 437 cargados, 0 omitidos
✔ Warm start Z_swap: 12 cargados, 0 omitidos
✔ Warm start N_chargers: 0 cargados, 1 omitidos
✔ Warm start N_bays: 0 cargados, 1 omitidos
✔ Warm start X: 0 cargados, 1 omitidos
✔ Warm start N_batteries: 0 cargados, 1 omitidos
✔ Warm start completo desde 'C:\Users\TECNO-MASTER\Desktop\Elmo_infrastructure_sizing_NP-\output\DCH_septiembre\Bateria_353\Costo_variable\Swap_restringido\Swap_variable_3estaciones_160kW_Descomp\station_3_d213_stage1': 720 valores cargados, 4 omitidos
formulation time: 7.85060715675354
Set parameter OutputFlag to value 1
Set parameter OutputFlag to value 1
Set parameter LogToConsole to value 1
Set parameter MIPGap to value 0.05
Set parameter TimeLimit to value 1200
Set parameter LogFile to value "C:\Users\TECNO-MASTER\Desktop\Elmo_infrastructure_sizing_NP-\output\DCH_septiembre\Bateria_353\Costo_variable\Swap_restringido\Swap_variable_3estaciones_160kW_Descomp\station_3_d213\ELMO_log.txt"
Set parameter Threads to value 1
Set parameter Heuristics to value 0.5
Set parameter MIPFocus to value 3
Set parameter Presolve to value 2
Set parameter FlowCoverCuts to value 2
Gurobi Optimizer version 12.0.3 build v12.0.3rc0 (win64 - Windows 11+.0 (26200.2))

CPU model: Intel(R) Core(TM) i9-14900K, instruction set [SSE2|AVX|AVX2]
Thread count: 24 physical cores, 32 logical processors, using up to 1 threads

Non-default parameters:
TimeLimit  1200
MIPGap  0.05
Heuristics  0.5
MIPFocus  3
FlowCoverCuts  2
Presolve  2
Threads  1

Optimize a model with 26902 rows, 53707 columns and 243960 nonzeros
Model fingerprint: 0xe3f37d5f
Variable types: 2099 continuous, 51608 integer (18485 binary)
Coefficient statistics:
  Matrix range     [1e+00, 3e+02]
  Objective range  [8e-03, 1e+02]
  Bounds range     [1e+00, 3e+00]
  RHS range        [1e+00, 1e+04]

Warning: Completing partial solution with 50884 unfixed non-continuous variables out of 51608
User MIP start produced solution with objective 425816 (0.03s)
Loaded user MIP start with objective 425816

Presolve removed 25596 rows and 44783 columns
Presolve time: 0.11s
Presolved: 1306 rows, 8924 columns, 28786 nonzeros
Variable types: 216 continuous, 8708 integer (8258 binary)
Root relaxation presolved: 1306 rows, 8924 columns, 28786 nonzeros


Use crossover to convert LP symmetric solution to basic solution...

Root relaxation: objective 4.040021e+05, 3581 iterations, 0.03 seconds (0.05 work units)

    Nodes    |    Current Node    |     Objective Bounds      |     Work
 Expl Unexpl |  Obj  Depth IntInf | Incumbent    BestBd   Gap | It/Node Time

     0     0 404002.084    0   32 425816.207 404002.084  5.12%     -    0s
     0     0          -    0      425816.207 404875.418  4.92%     -    0s

Cutting planes:
  Gomory: 12
  Lift-and-project: 3
  Cover: 1
  Projected implied bound: 3
  Flow cover: 9
  RLT: 6
  Relax-and-lift: 1

Explored 1 nodes (5453 simplex iterations) in 0.43 seconds (0.75 work units)
Thread count was 1 (of 32 available processors)

Solution count 1: 425816 

Optimal solution found (tolerance 5.00e-02)
Best objective 4.258162069945e+05, best bound 4.048754180001e+05, gap 4.9178%
✅ Solution time [sec]: 1.72
📊 Status: optimal
💰 Operation Cost: 408374.86167739826
⚠️ No se encontró 'gurobi.log'. 
✔ JSON de variables y parámetros, log y summary guardados en 'C:\Users\TECNO-MASTER\Desktop\Elmo_infrastructure_sizing_NP-\output\DCH_septiembre\Bateria_353\Costo_variable\Swap_restringido\Swap_variable_3estaciones_160kW_Descomp/station_1_d1'.
  [Fase 2 (infra fija)] estacion=station_3 dia=244 -> C:\Users\TECNO-MASTER\Desktop\Elmo_infrastructure_sizing_NP-\output\DCH_septiembre\Bateria_353\Costo_variable\Swap_restringido\Swap_variable_3estaciones_160kW_Descomp/station_3_d244
✔ Warm start Y: 273 cargados, 0 omitidos
✔ Warm start Z: 435 cargados, 0 omitidos
✔ Warm start Z_swap: 12 cargados, 0 omitidos
✔ Warm start N_chargers: 0 cargados, 1 omitidos
✔ Warm start N_bays: 0 cargados, 1 omitidos
✔ Warm start X: 0 cargados, 1 omitidos
✔ Warm start N_batteries: 0 cargados, 1 omitidos
✔ Warm start completo desde 'C:\Users\TECNO-MASTER\Desktop\Elmo_infrastructure_sizing_NP-\output\DCH_septiembre\Bateria_353\Costo_variable\Swap_restringido\Swap_variable_3estaciones_160kW_Descomp\station_3_d244_stage1': 720 valores cargados, 4 omitidos
formulation time: 7.675534009933472
Set parameter OutputFlag to value 1
Set parameter OutputFlag to value 1
Set parameter LogToConsole to value 1
Set parameter MIPGap to value 0.05
Set parameter TimeLimit to value 1200
Set parameter LogFile to value "C:\Users\TECNO-MASTER\Desktop\Elmo_infrastructure_sizing_NP-\output\DCH_septiembre\Bateria_353\Costo_variable\Swap_restringido\Swap_variable_3estaciones_160kW_Descomp\station_3_d244\ELMO_log.txt"
Set parameter Threads to value 1
Set parameter Heuristics to value 0.5
Set parameter MIPFocus to value 3
Set parameter Presolve to value 2
Set parameter FlowCoverCuts to value 2
Gurobi Optimizer version 12.0.3 build v12.0.3rc0 (win64 - Windows 11+.0 (26200.2))

CPU model: Intel(R) Core(TM) i9-14900K, instruction set [SSE2|AVX|AVX2]
Thread count: 24 physical cores, 32 logical processors, using up to 1 threads

Non-default parameters:
TimeLimit  1200
MIPGap  0.05
Heuristics  0.5
MIPFocus  3
FlowCoverCuts  2
Presolve  2
Threads  1

Optimize a model with 26902 rows, 53707 columns and 243960 nonzeros
Model fingerprint: 0x84a52a9e
Variable types: 2099 continuous, 51608 integer (18485 binary)
Coefficient statistics:
  Matrix range     [1e+00, 3e+02]
  Objective range  [8e-03, 1e+02]
  Bounds range     [1e+00, 3e+00]
  RHS range        [1e+00, 1e+04]

Warning: Completing partial solution with 50884 unfixed non-continuous variables out of 51608
User MIP start produced solution with objective 426558 (0.03s)
Loaded user MIP start with objective 426558

Presolve removed 25596 rows and 44783 columns
Presolve time: 0.10s
Presolved: 1306 rows, 8924 columns, 28786 nonzeros
Variable types: 216 continuous, 8708 integer (8258 binary)
Root relaxation presolved: 1306 rows, 8924 columns, 28786 nonzeros


Use crossover to convert LP symmetric solution to basic solution...

Root relaxation: objective 4.033013e+05, 3653 iterations, 0.03 seconds (0.05 work units)

    Nodes    |    Current Node    |     Objective Bounds      |     Work
 Expl Unexpl |  Obj  Depth IntInf | Incumbent    BestBd   Gap | It/Node Time

     0     0 403301.279    0   39 426557.860 403301.279  5.45%     -    0s
     0     0 404055.959    0    8 426557.860 404055.959  5.28%     -    0s
     0     0 404055.959    0   10 426557.860 404055.959  5.28%     -    0s
     0     0 404055.959    0   31 426557.860 404055.959  5.28%     -    0s
     0     0 404055.959    0   33 426557.860 404055.959  5.28%     -    0s
     0     0 404055.959    0    7 426557.860 404055.959  5.28%     -    0s
H    0     0                    406777.84386 404055.959  0.67%     -    1s

Cutting planes:
  Gomory: 4
  MIR: 6
  StrongCG: 1
  RLT: 1

Explored 1 nodes (9779 simplex iterations) in 1.06 seconds (1.81 work units)
Thread count was 1 (of 32 available processors)

Solution count 2: 406778 426558 

Optimal solution found (tolerance 5.00e-02)
Best objective 4.067778438590e+05, best bound 4.040559585667e+05, gap 0.6691%
✅ Solution time [sec]: 1.78
📊 Status: optimal
💰 Operation Cost: 408686.39894785685
⚠️ No se encontró 'gurobi.log'. 
✔ JSON de variables y parámetros, log y summary guardados en 'C:\Users\TECNO-MASTER\Desktop\Elmo_infrastructure_sizing_NP-\output\DCH_septiembre\Bateria_353\Costo_variable\Swap_restringido\Swap_variable_3estaciones_160kW_Descomp/station_1_d32'.
  [Fase 2 (infra fija)] estacion=station_3 dia=274 -> C:\Users\TECNO-MASTER\Desktop\Elmo_infrastructure_sizing_NP-\output\DCH_septiembre\Bateria_353\Costo_variable\Swap_restringido\Swap_variable_3estaciones_160kW_Descomp/station_3_d274
✔ Warm start Y: 278 cargados, 0 omitidos
✔ Warm start Z: 430 cargados, 0 omitidos
✔ Warm start Z_swap: 12 cargados, 0 omitidos
✔ Warm start N_chargers: 0 cargados, 1 omitidos
✔ Warm start N_bays: 0 cargados, 1 omitidos
✔ Warm start X: 0 cargados, 1 omitidos
✔ Warm start N_batteries: 0 cargados, 1 omitidos
✔ Warm start completo desde 'C:\Users\TECNO-MASTER\Desktop\Elmo_infrastructure_sizing_NP-\output\DCH_septiembre\Bateria_353\Costo_variable\Swap_restringido\Swap_variable_3estaciones_160kW_Descomp\station_3_d274_stage1': 720 valores cargados, 4 omitidos
formulation time: 7.501034259796143
Set parameter OutputFlag to value 1
Set parameter OutputFlag to value 1
Set parameter LogToConsole to value 1
Set parameter MIPGap to value 0.05
Set parameter TimeLimit to value 1200
Set parameter LogFile to value "C:\Users\TECNO-MASTER\Desktop\Elmo_infrastructure_sizing_NP-\output\DCH_septiembre\Bateria_353\Costo_variable\Swap_restringido\Swap_variable_3estaciones_160kW_Descomp\station_3_d274\ELMO_log.txt"
Set parameter Threads to value 1
Set parameter Heuristics to value 0.5
Set parameter MIPFocus to value 3
Set parameter Presolve to value 2
Set parameter FlowCoverCuts to value 2
Gurobi Optimizer version 12.0.3 build v12.0.3rc0 (win64 - Windows 11+.0 (26200.2))

CPU model: Intel(R) Core(TM) i9-14900K, instruction set [SSE2|AVX|AVX2]
Thread count: 24 physical cores, 32 logical processors, using up to 1 threads

Non-default parameters:
TimeLimit  1200
MIPGap  0.05
Heuristics  0.5
MIPFocus  3
FlowCoverCuts  2
Presolve  2
Threads  1

Optimize a model with 26872 rows, 53707 columns and 243900 nonzeros
Model fingerprint: 0xcd5721c6
Variable types: 2099 continuous, 51608 integer (18485 binary)
Coefficient statistics:
  Matrix range     [1e+00, 3e+02]
  Objective range  [4e-03, 1e+02]
  Bounds range     [1e+00, 3e+00]
  RHS range        [1e+00, 1e+04]

Warning: Completing partial solution with 50884 unfixed non-continuous variables out of 51608
User MIP start produced solution with objective 407678 (0.03s)
Loaded user MIP start with objective 407678


Explored 0 nodes (0 simplex iterations) in 0.04 seconds (0.06 work units)
Thread count was 1 (of 32 available processors)

Solution count 2: 407678 407678 

Optimal solution found (tolerance 5.00e-02)
Best objective 4.076779869462e+05, best bound 3.996540000000e+05, gap 1.9682%
✅ Solution time [sec]: 1.78
📊 Status: optimal
💰 Operation Cost: 407920.1750378104
⚠️ No se encontró 'gurobi.log'. 
✔ JSON de variables y parámetros, log y summary guardados en 'C:\Users\TECNO-MASTER\Desktop\Elmo_infrastructure_sizing_NP-\output\DCH_septiembre\Bateria_353\Costo_variable\Swap_restringido\Swap_variable_3estaciones_160kW_Descomp/station_1_d60'.
  [Fase 2 (infra fija)] estacion=station_3 dia=305 -> C:\Users\TECNO-MASTER\Desktop\Elmo_infrastructure_sizing_NP-\output\DCH_septiembre\Bateria_353\Costo_variable\Swap_restringido\Swap_variable_3estaciones_160kW_Descomp/station_3_d305
✔ Warm start Y: 271 cargados, 0 omitidos
✔ Warm start Z: 437 cargados, 0 omitidos
✔ Warm start Z_swap: 12 cargados, 0 omitidos
✔ Warm start N_chargers: 0 cargados, 1 omitidos
✔ Warm start N_bays: 0 cargados, 1 omitidos
✔ Warm start X: 0 cargados, 1 omitidos
✔ Warm start N_batteries: 0 cargados, 1 omitidos
✔ Warm start completo desde 'C:\Users\TECNO-MASTER\Desktop\Elmo_infrastructure_sizing_NP-\output\DCH_septiembre\Bateria_353\Costo_variable\Swap_restringido\Swap_variable_3estaciones_160kW_Descomp\station_3_d305_stage1': 720 valores cargados, 4 omitidos
formulation time: 7.234360218048096
Set parameter OutputFlag to value 1
Set parameter OutputFlag to value 1
Set parameter LogToConsole to value 1
Set parameter MIPGap to value 0.05
Set parameter TimeLimit to value 1200
Set parameter LogFile to value "C:\Users\TECNO-MASTER\Desktop\Elmo_infrastructure_sizing_NP-\output\DCH_septiembre\Bateria_353\Costo_variable\Swap_restringido\Swap_variable_3estaciones_160kW_Descomp\station_3_d305\ELMO_log.txt"
Set parameter Threads to value 1
Set parameter Heuristics to value 0.5
Set parameter MIPFocus to value 3
Set parameter Presolve to value 2
Set parameter FlowCoverCuts to value 2
Gurobi Optimizer version 12.0.3 build v12.0.3rc0 (win64 - Windows 11+.0 (26200.2))

CPU model: Intel(R) Core(TM) i9-14900K, instruction set [SSE2|AVX|AVX2]
Thread count: 24 physical cores, 32 logical processors, using up to 1 threads

Non-default parameters:
TimeLimit  1200
MIPGap  0.05
Heuristics  0.5
MIPFocus  3
FlowCoverCuts  2
Presolve  2
Threads  1

Optimize a model with 26872 rows, 53707 columns and 243900 nonzeros
Model fingerprint: 0xf077bf8d
Variable types: 2099 continuous, 51608 integer (18485 binary)
Coefficient statistics:
  Matrix range     [1e+00, 3e+02]
  Objective range  [1e-01, 1e+02]
  Bounds range     [1e+00, 3e+00]
  RHS range        [1e+00, 1e+04]

Warning: Completing partial solution with 50884 unfixed non-continuous variables out of 51608
User MIP start produced solution with objective 407234 (0.03s)
Loaded user MIP start with objective 407234


Explored 0 nodes (0 simplex iterations) in 0.04 seconds (0.06 work units)
Thread count was 1 (of 32 available processors)

Solution count 2: 407234 407234 

Optimal solution found (tolerance 5.00e-02)
Best objective 4.072341090422e+05, best bound 3.996540000000e+05, gap 1.8614%
✅ Solution time [sec]: 1.76
📊 Status: optimal
💰 Operation Cost: 406021.9136772599
⚠️ No se encontró 'gurobi.log'. 
✔ JSON de variables y parámetros, log y summary guardados en 'C:\Users\TECNO-MASTER\Desktop\Elmo_infrastructure_sizing_NP-\output\DCH_septiembre\Bateria_353\Costo_variable\Swap_restringido\Swap_variable_3estaciones_160kW_Descomp/station_1_d121'.
  [Fase 2 (infra fija)] estacion=station_3 dia=335 -> C:\Users\TECNO-MASTER\Desktop\Elmo_infrastructure_sizing_NP-\output\DCH_septiembre\Bateria_353\Costo_variable\Swap_restringido\Swap_variable_3estaciones_160kW_Descomp/station_3_d335
✔ Warm start Y: 272 cargados, 0 omitidos
✔ Warm start Z: 436 cargados, 0 omitidos
✔ Warm start Z_swap: 12 cargados, 0 omitidos
✔ Warm start N_chargers: 0 cargados, 1 omitidos
✔ Warm start N_bays: 0 cargados, 1 omitidos
✔ Warm start X: 0 cargados, 1 omitidos
✔ Warm start N_batteries: 0 cargados, 1 omitidos
✔ Warm start completo desde 'C:\Users\TECNO-MASTER\Desktop\Elmo_infrastructure_sizing_NP-\output\DCH_septiembre\Bateria_353\Costo_variable\Swap_restringido\Swap_variable_3estaciones_160kW_Descomp\station_3_d335_stage1': 720 valores cargados, 4 omitidos
formulation time: 6.92842698097229
Set parameter OutputFlag to value 1
Set parameter OutputFlag to value 1
Set parameter LogToConsole to value 1
Set parameter MIPGap to value 0.05
Set parameter TimeLimit to value 1200
Set parameter LogFile to value "C:\Users\TECNO-MASTER\Desktop\Elmo_infrastructure_sizing_NP-\output\DCH_septiembre\Bateria_353\Costo_variable\Swap_restringido\Swap_variable_3estaciones_160kW_Descomp\station_3_d335\ELMO_log.txt"
Set parameter Threads to value 1
Set parameter Heuristics to value 0.5
Set parameter MIPFocus to value 3
Set parameter Presolve to value 2
Set parameter FlowCoverCuts to value 2
Gurobi Optimizer version 12.0.3 build v12.0.3rc0 (win64 - Windows 11+.0 (26200.2))

CPU model: Intel(R) Core(TM) i9-14900K, instruction set [SSE2|AVX|AVX2]
Thread count: 24 physical cores, 32 logical processors, using up to 1 threads

Non-default parameters:
TimeLimit  1200
MIPGap  0.05
Heuristics  0.5
MIPFocus  3
FlowCoverCuts  2
Presolve  2
Threads  1

Optimize a model with 26872 rows, 53707 columns and 243900 nonzeros
Model fingerprint: 0xa18917ef
Variable types: 2099 continuous, 51608 integer (18485 binary)
Coefficient statistics:
  Matrix range     [1e+00, 3e+02]
  Objective range  [4e-03, 1e+02]
  Bounds range     [1e+00, 3e+00]
  RHS range        [1e+00, 1e+04]

Warning: Completing partial solution with 50884 unfixed non-continuous variables out of 51608
User MIP start produced solution with objective 404169 (0.03s)
Loaded user MIP start with objective 404169


Explored 0 nodes (0 simplex iterations) in 0.04 seconds (0.06 work units)
Thread count was 1 (of 32 available processors)

Solution count 2: 404169 404169 

Optimal solution found (tolerance 5.00e-02)
Best objective 4.041688830839e+05, best bound 3.996540000000e+05, gap 1.1171%
✅ Solution time [sec]: 1.76
📊 Status: optimal
💰 Operation Cost: 408184.81025144755
⚠️ No se encontró 'gurobi.log'. 
✔ JSON de variables y parámetros, log y summary guardados en 'C:\Users\TECNO-MASTER\Desktop\Elmo_infrastructure_sizing_NP-\output\DCH_septiembre\Bateria_353\Costo_variable\Swap_restringido\Swap_variable_3estaciones_160kW_Descomp/station_1_d91'.
✅ Solution time [sec]: 1.85
📊 Status: optimal
💰 Operation Cost: 408572.5302140898
⚠️ No se encontró 'gurobi.log'. 
✔ JSON de variables y parámetros, log y summary guardados en 'C:\Users\TECNO-MASTER\Desktop\Elmo_infrastructure_sizing_NP-\output\DCH_septiembre\Bateria_353\Costo_variable\Swap_restringido\Swap_variable_3estaciones_160kW_Descomp/station_1_d152'.
✅ Solution time [sec]: 3.16
📊 Status: optimal
💰 Operation Cost: 408585.5147844082
⚠️ No se encontró 'gurobi.log'. 
✔ JSON de variables y parámetros, log y summary guardados en 'C:\Users\TECNO-MASTER\Desktop\Elmo_infrastructure_sizing_NP-\output\DCH_septiembre\Bateria_353\Costo_variable\Swap_restringido\Swap_variable_3estaciones_160kW_Descomp/station_1_d182'.
✅ Solution time [sec]: 2.82
📊 Status: optimal
💰 Operation Cost: 406777.8438589934
⚠️ No se encontró 'gurobi.log'. 
✔ JSON de variables y parámetros, log y summary guardados en 'C:\Users\TECNO-MASTER\Desktop\Elmo_infrastructure_sizing_NP-\output\DCH_septiembre\Bateria_353\Costo_variable\Swap_restringido\Swap_variable_3estaciones_160kW_Descomp/station_1_d244'.
✅ Solution time [sec]: 1.88
📊 Status: optimal
💰 Operation Cost: 405863.4841598173
⚠️ No se encontró 'gurobi.log'. 
✔ JSON de variables y parámetros, log y summary guardados en 'C:\Users\TECNO-MASTER\Desktop\Elmo_infrastructure_sizing_NP-\output\DCH_septiembre\Bateria_353\Costo_variable\Swap_restringido\Swap_variable_3estaciones_160kW_Descomp/station_1_d335'.
✅ Solution time [sec]: 1.94
📊 Status: optimal
💰 Operation Cost: 407686.7471949184
⚠️ No se encontró 'gurobi.log'. 
✔ JSON de variables y parámetros, log y summary guardados en 'C:\Users\TECNO-MASTER\Desktop\Elmo_infrastructure_sizing_NP-\output\DCH_septiembre\Bateria_353\Costo_variable\Swap_restringido\Swap_variable_3estaciones_160kW_Descomp/station_1_d213'.
✅ Solution time [sec]: 1.94
📊 Status: optimal
💰 Operation Cost: 406607.5681684377
⚠️ No se encontró 'gurobi.log'. 
✔ JSON de variables y parámetros, log y summary guardados en 'C:\Users\TECNO-MASTER\Desktop\Elmo_infrastructure_sizing_NP-\output\DCH_septiembre\Bateria_353\Costo_variable\Swap_restringido\Swap_variable_3estaciones_160kW_Descomp/station_1_d274'.
✅ Solution time [sec]: 1.90
📊 Status: optimal
💰 Operation Cost: 406839.4297004527
⚠️ No se encontró 'gurobi.log'. 
✔ JSON de variables y parámetros, log y summary guardados en 'C:\Users\TECNO-MASTER\Desktop\Elmo_infrastructure_sizing_NP-\output\DCH_septiembre\Bateria_353\Costo_variable\Swap_restringido\Swap_variable_3estaciones_160kW_Descomp/station_1_d305'.
✅ Solution time [sec]: 1.93
📊 Status: optimal
💰 Operation Cost: 408374.86167739826
⚠️ No se encontró 'gurobi.log'. 
✔ JSON de variables y parámetros, log y summary guardados en 'C:\Users\TECNO-MASTER\Desktop\Elmo_infrastructure_sizing_NP-\output\DCH_septiembre\Bateria_353\Costo_variable\Swap_restringido\Swap_variable_3estaciones_160kW_Descomp/station_2_d1'.
✅ Solution time [sec]: 1.93
📊 Status: optimal
💰 Operation Cost: 407356.0532235584
⚠️ No se encontró 'gurobi.log'. 
✔ JSON de variables y parámetros, log y summary guardados en 'C:\Users\TECNO-MASTER\Desktop\Elmo_infrastructure_sizing_NP-\output\DCH_septiembre\Bateria_353\Costo_variable\Swap_restringido\Swap_variable_3estaciones_160kW_Descomp/station_2_d32'.
✅ Solution time [sec]: 1.98
📊 Status: optimal
💰 Operation Cost: 407234.10904222284
⚠️ No se encontró 'gurobi.log'. 
✔ JSON de variables y parámetros, log y summary guardados en 'C:\Users\TECNO-MASTER\Desktop\Elmo_infrastructure_sizing_NP-\output\DCH_septiembre\Bateria_353\Costo_variable\Swap_restringido\Swap_variable_3estaciones_160kW_Descomp/station_2_d305'.
✅ Solution time [sec]: 1.83
📊 Status: optimal
💰 Operation Cost: 408374.86167739826
⚠️ No se encontró 'gurobi.log'. 
✔ JSON de variables y parámetros, log y summary guardados en 'C:\Users\TECNO-MASTER\Desktop\Elmo_infrastructure_sizing_NP-\output\DCH_septiembre\Bateria_353\Costo_variable\Swap_restringido\Swap_variable_3estaciones_160kW_Descomp/station_3_d1'.
✅ Solution time [sec]: 2.38
📊 Status: optimal
💰 Operation Cost: 426205.3795109546
⚠️ No se encontró 'gurobi.log'. 
✔ JSON de variables y parámetros, log y summary guardados en 'C:\Users\TECNO-MASTER\Desktop\Elmo_infrastructure_sizing_NP-\output\DCH_septiembre\Bateria_353\Costo_variable\Swap_restringido\Swap_variable_3estaciones_160kW_Descomp/station_2_d91'.
✅ Solution time [sec]: 2.40
📊 Status: optimal
💰 Operation Cost: 425816.2069945488
⚠️ No se encontró 'gurobi.log'. 
✔ JSON de variables y parámetros, log y summary guardados en 'C:\Users\TECNO-MASTER\Desktop\Elmo_infrastructure_sizing_NP-\output\DCH_septiembre\Bateria_353\Costo_variable\Swap_restringido\Swap_variable_3estaciones_160kW_Descomp/station_2_d213'.
✅ Solution time [sec]: 2.01
📊 Status: optimal
💰 Operation Cost: 407920.1750378104
⚠️ No se encontró 'gurobi.log'. 
✔ JSON de variables y parámetros, log y summary guardados en 'C:\Users\TECNO-MASTER\Desktop\Elmo_infrastructure_sizing_NP-\output\DCH_septiembre\Bateria_353\Costo_variable\Swap_restringido\Swap_variable_3estaciones_160kW_Descomp/station_2_d60'.
✅ Solution time [sec]: 1.98
📊 Status: optimal
💰 Operation Cost: 408591.1981709775
⚠️ No se encontró 'gurobi.log'. 
✔ JSON de variables y parámetros, log y summary guardados en 'C:\Users\TECNO-MASTER\Desktop\Elmo_infrastructure_sizing_NP-\output\DCH_septiembre\Bateria_353\Costo_variable\Swap_restringido\Swap_variable_3estaciones_160kW_Descomp/station_2_d152'.
✅ Solution time [sec]: 1.85
📊 Status: optimal
💰 Operation Cost: 406483.47786559514
⚠️ No se encontró 'gurobi.log'. 
✔ JSON de variables y parámetros, log y summary guardados en 'C:\Users\TECNO-MASTER\Desktop\Elmo_infrastructure_sizing_NP-\output\DCH_septiembre\Bateria_353\Costo_variable\Swap_restringido\Swap_variable_3estaciones_160kW_Descomp/station_3_d60'.
✅ Solution time [sec]: 1.95
📊 Status: optimal
💰 Operation Cost: 407198.794033513
⚠️ No se encontró 'gurobi.log'. 
✔ JSON de variables y parámetros, log y summary guardados en 'C:\Users\TECNO-MASTER\Desktop\Elmo_infrastructure_sizing_NP-\output\DCH_septiembre\Bateria_353\Costo_variable\Swap_restringido\Swap_variable_3estaciones_160kW_Descomp/station_2_d244'.
✅ Solution time [sec]: 2.53
📊 Status: optimal
💰 Operation Cost: 426436.7739281954
⚠️ No se encontró 'gurobi.log'. 
✔ JSON de variables y parámetros, log y summary guardados en 'C:\Users\TECNO-MASTER\Desktop\Elmo_infrastructure_sizing_NP-\output\DCH_septiembre\Bateria_353\Costo_variable\Swap_restringido\Swap_variable_3estaciones_160kW_Descomp/station_2_d182'.
✅ Solution time [sec]: 2.40
📊 Status: optimal
💰 Operation Cost: 426361.78807823587
⚠️ No se encontró 'gurobi.log'. 
✔ JSON de variables y parámetros, log y summary guardados en 'C:\Users\TECNO-MASTER\Desktop\Elmo_infrastructure_sizing_NP-\output\DCH_septiembre\Bateria_353\Costo_variable\Swap_restringido\Swap_variable_3estaciones_160kW_Descomp/station_3_d91'.
✅ Solution time [sec]: 1.87
📊 Status: optimal
💰 Operation Cost: 406013.6412922885
⚠️ No se encontró 'gurobi.log'. 
✔ JSON de variables y parámetros, log y summary guardados en 'C:\Users\TECNO-MASTER\Desktop\Elmo_infrastructure_sizing_NP-\output\DCH_septiembre\Bateria_353\Costo_variable\Swap_restringido\Swap_variable_3estaciones_160kW_Descomp/station_3_d121'.
✅ Solution time [sec]: 1.94
📊 Status: optimal
💰 Operation Cost: 406136.40773629985
⚠️ No se encontró 'gurobi.log'. 
✔ JSON de variables y parámetros, log y summary guardados en 'C:\Users\TECNO-MASTER\Desktop\Elmo_infrastructure_sizing_NP-\output\DCH_septiembre\Bateria_353\Costo_variable\Swap_restringido\Swap_variable_3estaciones_160kW_Descomp/station_2_d121'.
✅ Solution time [sec]: 1.97
📊 Status: optimal
💰 Operation Cost: 405863.4841598173
⚠️ No se encontró 'gurobi.log'. 
✔ JSON de variables y parámetros, log y summary guardados en 'C:\Users\TECNO-MASTER\Desktop\Elmo_infrastructure_sizing_NP-\output\DCH_septiembre\Bateria_353\Costo_variable\Swap_restringido\Swap_variable_3estaciones_160kW_Descomp/station_2_d335'.
✅ Solution time [sec]: 2.33
📊 Status: optimal
💰 Operation Cost: 426155.1394529642
⚠️ No se encontró 'gurobi.log'. 
✔ JSON de variables y parámetros, log y summary guardados en 'C:\Users\TECNO-MASTER\Desktop\Elmo_infrastructure_sizing_NP-\output\DCH_septiembre\Bateria_353\Costo_variable\Swap_restringido\Swap_variable_3estaciones_160kW_Descomp/station_3_d152'.
✅ Solution time [sec]: 2.27
📊 Status: optimal
💰 Operation Cost: 426436.7739281954
⚠️ No se encontró 'gurobi.log'. 
✔ JSON de variables y parámetros, log y summary guardados en 'C:\Users\TECNO-MASTER\Desktop\Elmo_infrastructure_sizing_NP-\output\DCH_septiembre\Bateria_353\Costo_variable\Swap_restringido\Swap_variable_3estaciones_160kW_Descomp/station_3_d182'.
✅ Solution time [sec]: 2.00
📊 Status: optimal
💰 Operation Cost: 407712.57038660947
⚠️ No se encontró 'gurobi.log'. 
✔ JSON de variables y parámetros, log y summary guardados en 'C:\Users\TECNO-MASTER\Desktop\Elmo_infrastructure_sizing_NP-\output\DCH_septiembre\Bateria_353\Costo_variable\Swap_restringido\Swap_variable_3estaciones_160kW_Descomp/station_2_d274'.
✅ Solution time [sec]: 1.82
📊 Status: optimal
💰 Operation Cost: 407356.0532235584
⚠️ No se encontró 'gurobi.log'. 
✔ JSON de variables y parámetros, log y summary guardados en 'C:\Users\TECNO-MASTER\Desktop\Elmo_infrastructure_sizing_NP-\output\DCH_septiembre\Bateria_353\Costo_variable\Swap_restringido\Swap_variable_3estaciones_160kW_Descomp/station_3_d32'.
✅ Solution time [sec]: 2.11
📊 Status: optimal
💰 Operation Cost: 425816.2069945488
⚠️ No se encontró 'gurobi.log'. 
✔ JSON de variables y parámetros, log y summary guardados en 'C:\Users\TECNO-MASTER\Desktop\Elmo_infrastructure_sizing_NP-\output\DCH_septiembre\Bateria_353\Costo_variable\Swap_restringido\Swap_variable_3estaciones_160kW_Descomp/station_3_d213'.
✅ Solution time [sec]: 2.73
📊 Status: optimal
💰 Operation Cost: 406777.8438589934
⚠️ No se encontró 'gurobi.log'. 
✔ JSON de variables y parámetros, log y summary guardados en 'C:\Users\TECNO-MASTER\Desktop\Elmo_infrastructure_sizing_NP-\output\DCH_septiembre\Bateria_353\Costo_variable\Swap_restringido\Swap_variable_3estaciones_160kW_Descomp/station_3_d244'.
✅ Solution time [sec]: 1.64
📊 Status: optimal
💰 Operation Cost: 407677.98694617645
⚠️ No se encontró 'gurobi.log'. 
✔ JSON de variables y parámetros, log y summary guardados en 'C:\Users\TECNO-MASTER\Desktop\Elmo_infrastructure_sizing_NP-\output\DCH_septiembre\Bateria_353\Costo_variable\Swap_restringido\Swap_variable_3estaciones_160kW_Descomp/station_3_d274'.
✅ Solution time [sec]: 1.64
📊 Status: optimal
💰 Operation Cost: 407234.10904222284
⚠️ No se encontró 'gurobi.log'. 
✔ JSON de variables y parámetros, log y summary guardados en 'C:\Users\TECNO-MASTER\Desktop\Elmo_infrastructure_sizing_NP-\output\DCH_septiembre\Bateria_353\Costo_variable\Swap_restringido\Swap_variable_3estaciones_160kW_Descomp/station_3_d305'.
✅ Solution time [sec]: 1.57
📊 Status: optimal
💰 Operation Cost: 404168.8830838517
⚠️ No se encontró 'gurobi.log'. 
✔ JSON de variables y parámetros, log y summary guardados en 'C:\Users\TECNO-MASTER\Desktop\Elmo_infrastructure_sizing_NP-\output\DCH_septiembre\Bateria_353\Costo_variable\Swap_restringido\Swap_variable_3estaciones_160kW_Descomp/station_3_d335'.
[wp2] usando consumos precalculados desde: C:\Users\TECNO-MASTER\Desktop\Elmo_infrastructure_sizing_NP-\data\Escenarios_DCH_septiembre\Bateria_353\Costo_variable\Swap_variable_3estaciones_160kW/electric_routes_within_time.json

=== Fase 0 (maestro): repartiendo target de produccion diario entre macrobloques ===
  [maestro] dia 1: D_d=40320.0  station_1: T=13117.3 (Cap=[11869.2,16813.4])  station_2: T=13896.8 (Cap=[12564.7,17841.6])  station_3: T=13305.8 (Cap=[12111.1,16843.7])
  [maestro] dia 32: D_d=40320.0  station_1: T=13117.3 (Cap=[11869.2,16813.4])  station_2: T=13896.8 (Cap=[12564.7,17841.6])  station_3: T=13305.8 (Cap=[12111.1,16843.7])
  [maestro] dia 60: D_d=40320.0  station_1: T=13117.3 (Cap=[11869.2,16813.4])  station_2: T=13896.8 (Cap=[12564.7,17841.6])  station_3: T=13305.8 (Cap=[12111.1,16843.7])
  [maestro] dia 91: D_d=40320.0  station_1: T=13117.3 (Cap=[11869.2,16813.4])  station_2: T=13896.8 (Cap=[12564.7,17841.6])  station_3: T=13305.8 (Cap=[12111.1,16843.7])
  [maestro] dia 121: D_d=40320.0  station_1: T=13117.3 (Cap=[11869.2,16813.4])  station_2: T=13896.8 (Cap=[12564.7,17841.6])  station_3: T=13305.8 (Cap=[12111.1,16843.7])
  [maestro] dia 152: D_d=40320.0  station_1: T=13117.3 (Cap=[11869.2,16813.4])  station_2: T=13896.8 (Cap=[12564.7,17841.6])  station_3: T=13305.8 (Cap=[12111.1,16843.7])
  [maestro] dia 182: D_d=40320.0  station_1: T=13117.3 (Cap=[11869.2,16813.4])  station_2: T=13896.8 (Cap=[12564.7,17841.6])  station_3: T=13305.8 (Cap=[12111.1,16843.7])
  [maestro] dia 213: D_d=40320.0  station_1: T=13117.3 (Cap=[11869.2,16813.4])  station_2: T=13896.8 (Cap=[12564.7,17841.6])  station_3: T=13305.8 (Cap=[12111.1,16843.7])
  [maestro] dia 244: D_d=40320.0  station_1: T=13117.3 (Cap=[11869.2,16813.4])  station_2: T=13896.8 (Cap=[12564.7,17841.6])  station_3: T=13305.8 (Cap=[12111.1,16843.7])
  [maestro] dia 274: D_d=40320.0  station_1: T=13117.3 (Cap=[11869.2,16813.4])  station_2: T=13896.8 (Cap=[12564.7,17841.6])  station_3: T=13305.8 (Cap=[12111.1,16843.7])
  [maestro] dia 305: D_d=40320.0  station_1: T=13117.3 (Cap=[11869.2,16813.4])  station_2: T=13896.8 (Cap=[12564.7,17841.6])  station_3: T=13305.8 (Cap=[12111.1,16843.7])
  [maestro] dia 335: D_d=40320.0  station_1: T=13117.3 (Cap=[11869.2,16813.4])  station_2: T=13896.8 (Cap=[12564.7,17841.6])  station_3: T=13305.8 (Cap=[12111.1,16843.7])
Hilos de Gurobi por worker: 1 (workers=32, cpus=32)

=== Fase 1: 36 subproblemas (estacion x dia) en paralelo (32 workers), infraestructura libre ===

=== Infraestructura de swap fijada por estacion (maximo entre dias) ===
  station_1: {'N_chargers': 2, 'N_bays': 2, 'N_batteries': 3, 'X': 1}
  station_2: {'N_chargers': 2, 'N_bays': 2, 'N_batteries': 3, 'X': 1}
  station_3: {'N_chargers': 2, 'N_bays': 2, 'N_batteries': 3, 'X': 1}

=== Fase 2: 36 subproblemas (estacion x dia) en paralelo (32 workers), infraestructura fija ===

Listo. Resultados finales en:
  C:\Users\TECNO-MASTER\Desktop\Elmo_infrastructure_sizing_NP-\output\DCH_septiembre\Bateria_353\Costo_variable\Swap_restringido\Swap_variable_3estaciones_160kW_Descomp/station_1_d1
  C:\Users\TECNO-MASTER\Desktop\Elmo_infrastructure_sizing_NP-\output\DCH_septiembre\Bateria_353\Costo_variable\Swap_restringido\Swap_variable_3estaciones_160kW_Descomp/station_1_d32
  C:\Users\TECNO-MASTER\Desktop\Elmo_infrastructure_sizing_NP-\output\DCH_septiembre\Bateria_353\Costo_variable\Swap_restringido\Swap_variable_3estaciones_160kW_Descomp/station_1_d60
  C:\Users\TECNO-MASTER\Desktop\Elmo_infrastructure_sizing_NP-\output\DCH_septiembre\Bateria_353\Costo_variable\Swap_restringido\Swap_variable_3estaciones_160kW_Descomp/station_1_d91
  C:\Users\TECNO-MASTER\Desktop\Elmo_infrastructure_sizing_NP-\output\DCH_septiembre\Bateria_353\Costo_variable\Swap_restringido\Swap_variable_3estaciones_160kW_Descomp/station_1_d121
  C:\Users\TECNO-MASTER\Desktop\Elmo_infrastructure_sizing_NP-\output\DCH_septiembre\Bateria_353\Costo_variable\Swap_restringido\Swap_variable_3estaciones_160kW_Descomp/station_1_d152
  C:\Users\TECNO-MASTER\Desktop\Elmo_infrastructure_sizing_NP-\output\DCH_septiembre\Bateria_353\Costo_variable\Swap_restringido\Swap_variable_3estaciones_160kW_Descomp/station_1_d182
  C:\Users\TECNO-MASTER\Desktop\Elmo_infrastructure_sizing_NP-\output\DCH_septiembre\Bateria_353\Costo_variable\Swap_restringido\Swap_variable_3estaciones_160kW_Descomp/station_1_d213
  C:\Users\TECNO-MASTER\Desktop\Elmo_infrastructure_sizing_NP-\output\DCH_septiembre\Bateria_353\Costo_variable\Swap_restringido\Swap_variable_3estaciones_160kW_Descomp/station_1_d244
  C:\Users\TECNO-MASTER\Desktop\Elmo_infrastructure_sizing_NP-\output\DCH_septiembre\Bateria_353\Costo_variable\Swap_restringido\Swap_variable_3estaciones_160kW_Descomp/station_1_d274
  C:\Users\TECNO-MASTER\Desktop\Elmo_infrastructure_sizing_NP-\output\DCH_septiembre\Bateria_353\Costo_variable\Swap_restringido\Swap_variable_3estaciones_160kW_Descomp/station_1_d305
  C:\Users\TECNO-MASTER\Desktop\Elmo_infrastructure_sizing_NP-\output\DCH_septiembre\Bateria_353\Costo_variable\Swap_restringido\Swap_variable_3estaciones_160kW_Descomp/station_1_d335
  C:\Users\TECNO-MASTER\Desktop\Elmo_infrastructure_sizing_NP-\output\DCH_septiembre\Bateria_353\Costo_variable\Swap_restringido\Swap_variable_3estaciones_160kW_Descomp/station_2_d1
  C:\Users\TECNO-MASTER\Desktop\Elmo_infrastructure_sizing_NP-\output\DCH_septiembre\Bateria_353\Costo_variable\Swap_restringido\Swap_variable_3estaciones_160kW_Descomp/station_2_d32
  C:\Users\TECNO-MASTER\Desktop\Elmo_infrastructure_sizing_NP-\output\DCH_septiembre\Bateria_353\Costo_variable\Swap_restringido\Swap_variable_3estaciones_160kW_Descomp/station_2_d60
  C:\Users\TECNO-MASTER\Desktop\Elmo_infrastructure_sizing_NP-\output\DCH_septiembre\Bateria_353\Costo_variable\Swap_restringido\Swap_variable_3estaciones_160kW_Descomp/station_2_d91
  C:\Users\TECNO-MASTER\Desktop\Elmo_infrastructure_sizing_NP-\output\DCH_septiembre\Bateria_353\Costo_variable\Swap_restringido\Swap_variable_3estaciones_160kW_Descomp/station_2_d121
  C:\Users\TECNO-MASTER\Desktop\Elmo_infrastructure_sizing_NP-\output\DCH_septiembre\Bateria_353\Costo_variable\Swap_restringido\Swap_variable_3estaciones_160kW_Descomp/station_2_d152
  C:\Users\TECNO-MASTER\Desktop\Elmo_infrastructure_sizing_NP-\output\DCH_septiembre\Bateria_353\Costo_variable\Swap_restringido\Swap_variable_3estaciones_160kW_Descomp/station_2_d182
  C:\Users\TECNO-MASTER\Desktop\Elmo_infrastructure_sizing_NP-\output\DCH_septiembre\Bateria_353\Costo_variable\Swap_restringido\Swap_variable_3estaciones_160kW_Descomp/station_2_d213
  C:\Users\TECNO-MASTER\Desktop\Elmo_infrastructure_sizing_NP-\output\DCH_septiembre\Bateria_353\Costo_variable\Swap_restringido\Swap_variable_3estaciones_160kW_Descomp/station_2_d244
  C:\Users\TECNO-MASTER\Desktop\Elmo_infrastructure_sizing_NP-\output\DCH_septiembre\Bateria_353\Costo_variable\Swap_restringido\Swap_variable_3estaciones_160kW_Descomp/station_2_d274
  C:\Users\TECNO-MASTER\Desktop\Elmo_infrastructure_sizing_NP-\output\DCH_septiembre\Bateria_353\Costo_variable\Swap_restringido\Swap_variable_3estaciones_160kW_Descomp/station_2_d305
  C:\Users\TECNO-MASTER\Desktop\Elmo_infrastructure_sizing_NP-\output\DCH_septiembre\Bateria_353\Costo_variable\Swap_restringido\Swap_variable_3estaciones_160kW_Descomp/station_2_d335
  C:\Users\TECNO-MASTER\Desktop\Elmo_infrastructure_sizing_NP-\output\DCH_septiembre\Bateria_353\Costo_variable\Swap_restringido\Swap_variable_3estaciones_160kW_Descomp/station_3_d1
  C:\Users\TECNO-MASTER\Desktop\Elmo_infrastructure_sizing_NP-\output\DCH_septiembre\Bateria_353\Costo_variable\Swap_restringido\Swap_variable_3estaciones_160kW_Descomp/station_3_d32
  C:\Users\TECNO-MASTER\Desktop\Elmo_infrastructure_sizing_NP-\output\DCH_septiembre\Bateria_353\Costo_variable\Swap_restringido\Swap_variable_3estaciones_160kW_Descomp/station_3_d60
  C:\Users\TECNO-MASTER\Desktop\Elmo_infrastructure_sizing_NP-\output\DCH_septiembre\Bateria_353\Costo_variable\Swap_restringido\Swap_variable_3estaciones_160kW_Descomp/station_3_d91
  C:\Users\TECNO-MASTER\Desktop\Elmo_infrastructure_sizing_NP-\output\DCH_septiembre\Bateria_353\Costo_variable\Swap_restringido\Swap_variable_3estaciones_160kW_Descomp/station_3_d121
  C:\Users\TECNO-MASTER\Desktop\Elmo_infrastructure_sizing_NP-\output\DCH_septiembre\Bateria_353\Costo_variable\Swap_restringido\Swap_variable_3estaciones_160kW_Descomp/station_3_d152
  C:\Users\TECNO-MASTER\Desktop\Elmo_infrastructure_sizing_NP-\output\DCH_septiembre\Bateria_353\Costo_variable\Swap_restringido\Swap_variable_3estaciones_160kW_Descomp/station_3_d182
  C:\Users\TECNO-MASTER\Desktop\Elmo_infrastructure_sizing_NP-\output\DCH_septiembre\Bateria_353\Costo_variable\Swap_restringido\Swap_variable_3estaciones_160kW_Descomp/station_3_d213
  C:\Users\TECNO-MASTER\Desktop\Elmo_infrastructure_sizing_NP-\output\DCH_septiembre\Bateria_353\Costo_variable\Swap_restringido\Swap_variable_3estaciones_160kW_Descomp/station_3_d244
  C:\Users\TECNO-MASTER\Desktop\Elmo_infrastructure_sizing_NP-\output\DCH_septiembre\Bateria_353\Costo_variable\Swap_restringido\Swap_variable_3estaciones_160kW_Descomp/station_3_d274
  C:\Users\TECNO-MASTER\Desktop\Elmo_infrastructure_sizing_NP-\output\DCH_septiembre\Bateria_353\Costo_variable\Swap_restringido\Swap_variable_3estaciones_160kW_Descomp/station_3_d305
  C:\Users\TECNO-MASTER\Desktop\Elmo_infrastructure_sizing_NP-\output\DCH_septiembre\Bateria_353\Costo_variable\Swap_restringido\Swap_variable_3estaciones_160kW_Descomp/station_3_d335
