C:\Users\TECNO-MASTER\anaconda3\lib\site-packages\pandas\core\indexes\base.py:6999: FutureWarning: In a future version, the Index constructor will not infer numeric dtypes when passed object-dtype sequences (matching Series behavior)
  return Index(sequences[0], name=names)
C:\Users\TECNO-MASTER\anaconda3\lib\site-packages\pandas\core\indexes\base.py:6999: FutureWarning: In a future version, the Index constructor will not infer numeric dtypes when passed object-dtype sequences (matching Series behavior)
  return Index(sequences[0], name=names)
C:\Users\TECNO-MASTER\anaconda3\lib\site-packages\pandas\core\indexes\base.py:6999: FutureWarning: In a future version, the Index constructor will not infer numeric dtypes when passed object-dtype sequences (matching Series behavior)
  return Index(sequences[0], name=names)
C:\Users\TECNO-MASTER\anaconda3\lib\site-packages\pandas\core\indexes\base.py:6999: FutureWarning: In a future version, the Index constructor will not infer numeric dtypes when passed object-dtype sequences (matching Series behavior)
  return Index(sequences[0], name=names)
C:\Users\TECNO-MASTER\anaconda3\lib\site-packages\pandas\core\indexes\base.py:6999: FutureWarning: In a future version, the Index constructor will not infer numeric dtypes when passed object-dtype sequences (matching Series behavior)
  return Index(sequences[0], name=names)
C:\Users\TECNO-MASTER\anaconda3\lib\site-packages\pandas\core\indexes\base.py:6999: FutureWarning: In a future version, the Index constructor will not infer numeric dtypes when passed object-dtype sequences (matching Series behavior)
  return Index(sequences[0], name=names)
C:\Users\TECNO-MASTER\anaconda3\lib\site-packages\pandas\core\indexes\base.py:6999: FutureWarning: In a future version, the Index constructor will not infer numeric dtypes when passed object-dtype sequences (matching Series behavior)
  return Index(sequences[0], name=names)
  [Fase 1 (infra libre)] estacion=station_1 dia=60 -> C:\Users\TECNO-MASTER\Desktop\Elmo_infrastructure_sizing_NP-\output\DCH_septiembre\Bateria_353\Costo_variable\Swap_libre\Swap_variable_3estaciones_160kW_Descomp/station_1_d60_stage1
formulation time: 6.437337636947632
Set parameter OutputFlag to value 1
Set parameter OutputFlag to value 1
Set parameter LogToConsole to value 1
Set parameter MIPGap to value 0.05
Set parameter TimeLimit to value 1200
Set parameter LogFile to value "C:\Users\TECNO-MASTER\Desktop\Elmo_infrastructure_sizing_NP-\output\DCH_septiembre\Bateria_353\Costo_variable\Swap_libre\Swap_variable_3estaciones_160kW_Descomp\station_1_d60_stage1\ELMO_log.txt"
Set parameter Threads to value 1
Set parameter Heuristics to value 0.5
Set parameter MIPFocus to value 3
Set parameter Presolve to value 2
Set parameter FlowCoverCuts to value 2
Gurobi Optimizer version 12.0.3 build v12.0.3rc0 (win64 - Windows 11+.0 (26200.2))

CPU model: Intel(R) Core(TM) i9-14900K, instruction set [SSE2|AVX|AVX2]
Thread count: 24 physical cores, 32 logical processors, using up to 1 threads

Non-default parameters:
TimeLimit  1200
MIPGap  0.05
Heuristics  0.5
MIPFocus  3
FlowCoverCuts  2
Presolve  2
Threads  1

Optimize a model with 26328 rows, 53707 columns and 244624 nonzeros
Model fingerprint: 0xcee8b814
Variable types: 2099 continuous, 51608 integer (18485 binary)
Coefficient statistics:
  Matrix range     [1e+00, 3e+02]
  Objective range  [9e-03, 8e+04]
  Bounds range     [1e+00, 1e+01]
  RHS range        [1e+00, 1e+04]
C:\Users\TECNO-MASTER\anaconda3\lib\site-packages\pandas\core\indexes\base.py:6999: FutureWarning: In a future version, the Index constructor will not infer numeric dtypes when passed object-dtype sequences (matching Series behavior)
  return Index(sequences[0], name=names)
Presolve removed 23458 rows and 43783 columns
Presolve time: 0.14s
Presolved: 2870 rows, 9924 columns, 32676 nonzeros
Variable types: 824 continuous, 9100 integer (8568 binary)
Found heuristic solution: objective 541724.82134
Root relaxation presolved: 2870 rows, 9924 columns, 32676 nonzeros


Root relaxation: objective 1.783459e+05, 14761 iterations, 1.12 seconds (2.15 work units)
  [Fase 1 (infra libre)] estacion=station_1 dia=1 -> C:\Users\TECNO-MASTER\Desktop\Elmo_infrastructure_sizing_NP-\output\DCH_septiembre\Bateria_353\Costo_variable\Swap_libre\Swap_variable_3estaciones_160kW_Descomp/station_1_d1_stage1
formulation time: 6.651615142822266
Set parameter OutputFlag to value 1
Set parameter OutputFlag to value 1
Set parameter LogToConsole to value 1
Set parameter MIPGap to value 0.05
Set parameter TimeLimit to value 1200
Set parameter LogFile to value "C:\Users\TECNO-MASTER\Desktop\Elmo_infrastructure_sizing_NP-\output\DCH_septiembre\Bateria_353\Costo_variable\Swap_libre\Swap_variable_3estaciones_160kW_Descomp\station_1_d1_stage1\ELMO_log.txt"
Set parameter Threads to value 1
Set parameter Heuristics to value 0.5
Set parameter MIPFocus to value 3
Set parameter Presolve to value 2
Set parameter FlowCoverCuts to value 2
Gurobi Optimizer version 12.0.3 build v12.0.3rc0 (win64 - Windows 11+.0 (26200.2))

CPU model: Intel(R) Core(TM) i9-14900K, instruction set [SSE2|AVX|AVX2]
Thread count: 24 physical cores, 32 logical processors, using up to 1 threads

Non-default parameters:
TimeLimit  1200
MIPGap  0.05
Heuristics  0.5
MIPFocus  3
FlowCoverCuts  2
Presolve  2
Threads  1

Optimize a model with 26328 rows, 53707 columns and 244624 nonzeros
Model fingerprint: 0x59366b3f
Variable types: 2099 continuous, 51608 integer (18485 binary)
Coefficient statistics:
  Matrix range     [1e+00, 3e+02]
  Objective range  [1e-02, 8e+04]
  Bounds range     [1e+00, 1e+01]
  RHS range        [1e+00, 1e+04]
C:\Users\TECNO-MASTER\anaconda3\lib\site-packages\pandas\core\indexes\base.py:6999: FutureWarning: In a future version, the Index constructor will not infer numeric dtypes when passed object-dtype sequences (matching Series behavior)
  return Index(sequences[0], name=names)
Presolve removed 23458 rows and 43783 columns
Presolve time: 0.13s
Presolved: 2870 rows, 9924 columns, 32676 nonzeros
Variable types: 824 continuous, 9100 integer (8568 binary)
Found heuristic solution: objective 542195.64870
Root relaxation presolved: 2870 rows, 9924 columns, 32676 nonzeros


    Nodes    |    Current Node    |     Objective Bounds      |     Work
 Expl Unexpl |  Obj  Depth IntInf | Incumbent    BestBd   Gap | It/Node Time

     0     0 178345.923    0   70 541724.821 178345.923  67.1%     -    1s
     0     0 178350.434    0   67 541724.821 178350.434  67.1%     -    2s
H    0     0                    264798.52003 178350.434  32.6%     -    2s
     0     0 178498.327    0   47 264798.520 178498.327  32.6%     -    2s

Root relaxation: objective 1.790899e+05, 12678 iterations, 0.97 seconds (1.72 work units)
     0     0 178498.327    0   23 264798.520 178498.327  32.6%     -    2s
H    0     0                    264795.84535 178498.327  32.6%     -    2s
  [Fase 1 (infra libre)] estacion=station_1 dia=91 -> C:\Users\TECNO-MASTER\Desktop\Elmo_infrastructure_sizing_NP-\output\DCH_septiembre\Bateria_353\Costo_variable\Swap_libre\Swap_variable_3estaciones_160kW_Descomp/station_1_d91_stage1
formulation time: 6.8690690994262695
Set parameter OutputFlag to value 1
Set parameter OutputFlag to value 1
Set parameter LogToConsole to value 1
Set parameter MIPGap to value 0.05
Set parameter TimeLimit to value 1200
Set parameter LogFile to value "C:\Users\TECNO-MASTER\Desktop\Elmo_infrastructure_sizing_NP-\output\DCH_septiembre\Bateria_353\Costo_variable\Swap_libre\Swap_variable_3estaciones_160kW_Descomp\station_1_d91_stage1\ELMO_log.txt"
Set parameter Threads to value 1
Set parameter Heuristics to value 0.5
Set parameter MIPFocus to value 3
Set parameter Presolve to value 2
Set parameter FlowCoverCuts to value 2
Gurobi Optimizer version 12.0.3 build v12.0.3rc0 (win64 - Windows 11+.0 (26200.2))

CPU model: Intel(R) Core(TM) i9-14900K, instruction set [SSE2|AVX|AVX2]
Thread count: 24 physical cores, 32 logical processors, using up to 1 threads

Non-default parameters:
TimeLimit  1200
MIPGap  0.05
Heuristics  0.5
MIPFocus  3
FlowCoverCuts  2
Presolve  2
Threads  1

Optimize a model with 26358 rows, 53707 columns and 244684 nonzeros
Model fingerprint: 0xbe7dfc09
Variable types: 2099 continuous, 51608 integer (18485 binary)
Coefficient statistics:
  Matrix range     [1e+00, 3e+02]
  Objective range  [1e-02, 8e+04]
  Bounds range     [1e+00, 1e+01]
  RHS range        [1e+00, 1e+04]
Presolve removed 23428 rows and 43752 columns
Presolve time: 0.13s
Presolved: 2930 rows, 9955 columns, 32796 nonzeros
Variable types: 824 continuous, 9131 integer (8568 binary)

    Nodes    |    Current Node    |     Objective Bounds      |     Work
 Expl Unexpl |  Obj  Depth IntInf | Incumbent    BestBd   Gap | It/Node Time

     0     0 179089.867    0   42 542195.649 179089.867  67.0%     -    1s
Found heuristic solution: objective 600615.69438
Found heuristic solution: objective 560729.74478
H    0     0                    541930.99462 179089.867  67.0%     -    1s
Root relaxation presolved: 2930 rows, 9955 columns, 32796 nonzeros

C:\Users\TECNO-MASTER\anaconda3\lib\site-packages\pandas\core\indexes\base.py:6999: FutureWarning: In a future version, the Index constructor will not infer numeric dtypes when passed object-dtype sequences (matching Series behavior)
  return Index(sequences[0], name=names)
     0     0 178498.327    0   21 264795.845 178498.327  32.6%     -    3s
     0     0 179094.979    0   34 541930.995 179094.979  67.0%     -    2s
     0     0 179262.556    0   15 541930.995 179262.556  66.9%     -    2s
     0     0 178498.327    0   18 264795.845 178498.327  32.6%     -    3s
     0     0 178498.327    0   42 264795.845 178498.327  32.6%     -    3s
     0     0 179262.556    0   11 541930.995 179262.556  66.9%     -    2s
     0     0 178498.327    0   29 264795.845 178498.327  32.6%     -    4s
     0     0 178498.327    0   38 264795.845 178498.327  32.6%     -    4s
     0     0 179262.556    0   13 541930.995 179262.556  66.9%     -    2s

Root relaxation: objective 1.803830e+05, 13795 iterations, 1.21 seconds (2.22 work units)
     0     0 179262.556    0   40 541930.995 179262.556  66.9%     -    3s
     0     0 178498.327    0   22 264795.845 178498.327  32.6%     -    4s
  [Fase 1 (infra libre)] estacion=station_1 dia=32 -> C:\Users\TECNO-MASTER\Desktop\Elmo_infrastructure_sizing_NP-\output\DCH_septiembre\Bateria_353\Costo_variable\Swap_libre\Swap_variable_3estaciones_160kW_Descomp/station_1_d32_stage1
formulation time: 7.146576881408691
Set parameter OutputFlag to value 1
Set parameter OutputFlag to value 1
Set parameter LogToConsole to value 1
Set parameter MIPGap to value 0.05
Set parameter TimeLimit to value 1200
Set parameter LogFile to value "C:\Users\TECNO-MASTER\Desktop\Elmo_infrastructure_sizing_NP-\output\DCH_septiembre\Bateria_353\Costo_variable\Swap_libre\Swap_variable_3estaciones_160kW_Descomp\station_1_d32_stage1\ELMO_log.txt"
Set parameter Threads to value 1
Set parameter Heuristics to value 0.5
Set parameter MIPFocus to value 3
Set parameter Presolve to value 2
Set parameter FlowCoverCuts to value 2
Gurobi Optimizer version 12.0.3 build v12.0.3rc0 (win64 - Windows 11+.0 (26200.2))

CPU model: Intel(R) Core(TM) i9-14900K, instruction set [SSE2|AVX|AVX2]
Thread count: 24 physical cores, 32 logical processors, using up to 1 threads

Non-default parameters:
TimeLimit  1200
MIPGap  0.05
Heuristics  0.5
MIPFocus  3
FlowCoverCuts  2
Presolve  2
Threads  1

Optimize a model with 26328 rows, 53707 columns and 244624 nonzeros
Model fingerprint: 0xafaf00fc
Variable types: 2099 continuous, 51608 integer (18485 binary)
Coefficient statistics:
  Matrix range     [1e+00, 3e+02]
  Objective range  [3e-03, 8e+04]
  Bounds range     [1e+00, 1e+01]
  RHS range        [1e+00, 1e+04]
     0     0 178498.327    0   21 264795.845 178498.327  32.6%     -    4s
Presolve removed 23452 rows and 43777 columns
Presolve time: 0.13s
Presolved: 2876 rows, 9930 columns, 32814 nonzeros
Variable types: 824 continuous, 9106 integer (8568 binary)
Found heuristic solution: objective 543345.26042
Found heuristic solution: objective 539928.41351
Root relaxation presolved: 2876 rows, 9930 columns, 32814 nonzeros

     0     0 179262.556    0   21 541930.995 179262.556  66.9%     -    3s
     0     0 179262.556    0   19 541930.995 179262.556  66.9%     -    3s
C:\Users\TECNO-MASTER\anaconda3\lib\site-packages\pandas\core\indexes\base.py:6999: FutureWarning: In a future version, the Index constructor will not infer numeric dtypes when passed object-dtype sequences (matching Series behavior)
  return Index(sequences[0], name=names)
     0     2 178498.327    0   21 264795.845 178498.327  32.6%     -    5s

    Nodes    |    Current Node    |     Objective Bounds      |     Work
 Expl Unexpl |  Obj  Depth IntInf | Incumbent    BestBd   Gap | It/Node Time

     0     0 180383.032    0   31 560729.745 180383.032  67.8%     -    2s
     0     0 179262.556    0   28 541930.995 179262.556  66.9%     -    3s
     0     0 179262.556    0   28 541930.995 179262.556  66.9%     -    4s
     0     0 180383.433    0   34 560729.745 180383.433  67.8%     -    2s
H    0     0                    284600.59118 180383.433  36.6%     -    2s
     0     0 180578.842    0   79 284600.591 180578.842  36.6%     -    2s
H    0     0                    541242.46058 179262.556  66.9%     -    4s
H    0     0                    408309.18064 179262.556  56.1%     -    4s
H    0     0                    408308.38357 179262.556  56.1%     -    4s
H    0     0                    408290.32221 179262.556  56.1%     -    4s
H    0     0                    406962.63765 179262.556  56.0%     -    4s
H    0     0                    406944.57629 179262.556  55.9%     -    4s
H    0     0                    288898.36607 179262.556  37.9%     -    4s
H    0     0                    288797.42387 179262.556  37.9%     -    4s
     0     2 179262.556    0   28 288797.424 179262.556  37.9%     -    4s

Root relaxation: objective 1.792039e+05, 14643 iterations, 1.33 seconds (2.26 work units)
     0     0 180578.842    0   31 284600.591 180578.842  36.6%     -    3s
     4     6 179262.556    2  139 288797.424 179262.556  37.9%   922    5s
  [Fase 1 (infra libre)] estacion=station_1 dia=121 -> C:\Users\TECNO-MASTER\Desktop\Elmo_infrastructure_sizing_NP-\output\DCH_septiembre\Bateria_353\Costo_variable\Swap_libre\Swap_variable_3estaciones_160kW_Descomp/station_1_d121_stage1
formulation time: 7.663202285766602
Set parameter OutputFlag to value 1
Set parameter OutputFlag to value 1
Set parameter LogToConsole to value 1
Set parameter MIPGap to value 0.05
Set parameter TimeLimit to value 1200
Set parameter LogFile to value "C:\Users\TECNO-MASTER\Desktop\Elmo_infrastructure_sizing_NP-\output\DCH_septiembre\Bateria_353\Costo_variable\Swap_libre\Swap_variable_3estaciones_160kW_Descomp\station_1_d121_stage1\ELMO_log.txt"
Set parameter Threads to value 1
Set parameter Heuristics to value 0.5
Set parameter MIPFocus to value 3
Set parameter Presolve to value 2
Set parameter FlowCoverCuts to value 2
Gurobi Optimizer version 12.0.3 build v12.0.3rc0 (win64 - Windows 11+.0 (26200.2))

CPU model: Intel(R) Core(TM) i9-14900K, instruction set [SSE2|AVX|AVX2]
Thread count: 24 physical cores, 32 logical processors, using up to 1 threads

Non-default parameters:
TimeLimit  1200
MIPGap  0.05
Heuristics  0.5
MIPFocus  3
FlowCoverCuts  2
Presolve  2
Threads  1

Optimize a model with 26358 rows, 53707 columns and 244684 nonzeros
Model fingerprint: 0x0ce254d1
Variable types: 2099 continuous, 51608 integer (18485 binary)
Coefficient statistics:
  Matrix range     [1e+00, 3e+02]
  Objective range  [8e-03, 8e+04]
  Bounds range     [1e+00, 1e+01]
  RHS range        [1e+00, 1e+04]
C:\Users\TECNO-MASTER\anaconda3\lib\site-packages\pandas\core\indexes\base.py:6999: FutureWarning: In a future version, the Index constructor will not infer numeric dtypes when passed object-dtype sequences (matching Series behavior)
  return Index(sequences[0], name=names)

    Nodes    |    Current Node    |     Objective Bounds      |     Work
 Expl Unexpl |  Obj  Depth IntInf | Incumbent    BestBd   Gap | It/Node Time

     0     0 179203.867    0   35 539928.414 179203.867  66.8%     -    2s
H    0     0                    267719.50283 179203.867  33.1%     -    2s
H    0     0                    267712.26653 179203.867  33.1%     -    2s
Presolve removed 23428 rows and 43752 columns
Presolve time: 0.14s
Presolved: 2930 rows, 9955 columns, 32796 nonzeros
Variable types: 824 continuous, 9131 integer (8568 binary)
Found heuristic solution: objective 604548.49328
Found heuristic solution: objective 558872.74052
Root relaxation presolved: 2930 rows, 9955 columns, 32796 nonzeros

     0     0 180578.842    0   18 284600.591 180578.842  36.6%     -    3s
     0     0 180578.842    0   94 284600.591 180578.842  36.6%     -    3s
     0     0 179208.706    0   35 267712.267 179208.706  33.1%     -    2s
     0     0 179367.372    0   20 267712.267 179367.372  33.0%     -    2s
     0     0 180578.842    0   30 284600.591 180578.842  36.6%     -    4s
     0     0 180578.842    0   34 284600.591 180578.842  36.6%     -    4s

Root relaxation: objective 1.789976e+05, 12668 iterations, 0.99 seconds (1.70 work units)
     0     0 179367.372    0   24 267712.267 179367.372  33.0%     -    3s
     0     0 180578.842    0   20 284600.591 180578.842  36.6%     -    5s
     0     0 179367.372    0   60 267712.267 179367.372  33.0%     -    3s
     0     0 180578.842    0   24 284600.591 180578.842  36.6%     -    5s
  [Fase 1 (infra libre)] estacion=station_1 dia=152 -> C:\Users\TECNO-MASTER\Desktop\Elmo_infrastructure_sizing_NP-\output\DCH_septiembre\Bateria_353\Costo_variable\Swap_libre\Swap_variable_3estaciones_160kW_Descomp/station_1_d152_stage1
formulation time: 7.719001770019531
Set parameter OutputFlag to value 1
Set parameter OutputFlag to value 1
Set parameter LogToConsole to value 1
Set parameter MIPGap to value 0.05
Set parameter TimeLimit to value 1200
Set parameter LogFile to value "C:\Users\TECNO-MASTER\Desktop\Elmo_infrastructure_sizing_NP-\output\DCH_septiembre\Bateria_353\Costo_variable\Swap_libre\Swap_variable_3estaciones_160kW_Descomp\station_1_d152_stage1\ELMO_log.txt"
Set parameter Threads to value 1
Set parameter Heuristics to value 0.5
Set parameter MIPFocus to value 3
Set parameter Presolve to value 2
Set parameter FlowCoverCuts to value 2
Gurobi Optimizer version 12.0.3 build v12.0.3rc0 (win64 - Windows 11+.0 (26200.2))

CPU model: Intel(R) Core(TM) i9-14900K, instruction set [SSE2|AVX|AVX2]
Thread count: 24 physical cores, 32 logical processors, using up to 1 threads

Non-default parameters:
TimeLimit  1200
MIPGap  0.05
Heuristics  0.5
MIPFocus  3
FlowCoverCuts  2
Presolve  2
Threads  1

Optimize a model with 26358 rows, 53707 columns and 244684 nonzeros
Model fingerprint: 0x4f557783
Variable types: 2099 continuous, 51608 integer (18485 binary)
Coefficient statistics:
  Matrix range     [1e+00, 3e+02]
  Objective range  [1e-02, 8e+04]
  Bounds range     [1e+00, 1e+01]
  RHS range        [1e+00, 1e+04]
     0     0 180578.842    0   17 284600.591 180578.842  36.6%     -    5s

    Nodes    |    Current Node    |     Objective Bounds      |     Work
 Expl Unexpl |  Obj  Depth IntInf | Incumbent    BestBd   Gap | It/Node Time

     0     0 178997.621    0   34 558872.741 178997.621  68.0%     -    1s
Presolve removed 23428 rows and 43752 columns
Presolve time: 0.15s
Presolved: 2930 rows, 9955 columns, 32796 nonzeros
Variable types: 824 continuous, 9131 integer (8568 binary)
Found heuristic solution: objective 600304.35807
Found heuristic solution: objective 562130.28095
Root relaxation presolved: 2930 rows, 9955 columns, 32796 nonzeros

     0     0 180578.842    0   17 284600.591 180578.842  36.6%     -    5s
C:\Users\TECNO-MASTER\anaconda3\lib\site-packages\pandas\core\indexes\base.py:6999: FutureWarning: In a future version, the Index constructor will not infer numeric dtypes when passed object-dtype sequences (matching Series behavior)
  return Index(sequences[0], name=names)
     0     0 179367.372    0   12 267712.267 179367.372  33.0%     -    3s
     0     0 179367.372    0   33 267712.267 179367.372  33.0%     -    4s
     0     0 179002.429    0   30 558872.741 179002.429  68.0%     -    2s
     0     2 180578.842    0   16 284600.591 180578.842  36.6%     -    5s
     0     0 179160.084    0   59 558872.741 179160.084  67.9%     -    2s
     0     0 179160.084    0   59 558872.741 179160.084  67.9%     -    2s
     0     0 179367.372    0   19 267712.267 179367.372  33.0%     -    4s
     0     0 179160.084    0   19 558872.741 179160.084  67.9%     -    2s
     0     0 179160.084    0   54 558872.741 179160.084  67.9%     -    2s
     0     0 179367.372    0   23 267712.267 179367.372  33.0%     -    4s
     0     0 179367.372    0   34 267712.267 179367.372  33.0%     -    4s
     0     0 179367.372    0   33 267712.267 179367.372  33.0%     -    4s
    67    69 178498.327   23   40 264795.845 178498.327  32.6%   383   10s

Root relaxation: objective 1.806962e+05, 14706 iterations, 1.42 seconds (2.37 work units)
     0     0 179160.084    0   20 558872.741 179160.084  67.9%     -    3s
     0     0 179367.372    0   24 267712.267 179367.372  33.0%     -    5s
     0     0 179160.084    0   26 558872.741 179160.084  67.9%     -    3s
     0     0 179367.372    0   24 267712.267 179367.372  33.0%     -    5s
  [Fase 1 (infra libre)] estacion=station_1 dia=182 -> C:\Users\TECNO-MASTER\Desktop\Elmo_infrastructure_sizing_NP-\output\DCH_septiembre\Bateria_353\Costo_variable\Swap_libre\Swap_variable_3estaciones_160kW_Descomp/station_1_d182_stage1
formulation time: 8.260739803314209
Set parameter OutputFlag to value 1
Set parameter OutputFlag to value 1
Set parameter LogToConsole to value 1
Set parameter MIPGap to value 0.05
Set parameter TimeLimit to value 1200
Set parameter LogFile to value "C:\Users\TECNO-MASTER\Desktop\Elmo_infrastructure_sizing_NP-\output\DCH_septiembre\Bateria_353\Costo_variable\Swap_libre\Swap_variable_3estaciones_160kW_Descomp\station_1_d182_stage1\ELMO_log.txt"
Set parameter Threads to value 1
Set parameter Heuristics to value 0.5
Set parameter MIPFocus to value 3
Set parameter Presolve to value 2
Set parameter FlowCoverCuts to value 2
Gurobi Optimizer version 12.0.3 build v12.0.3rc0 (win64 - Windows 11+.0 (26200.2))

CPU model: Intel(R) Core(TM) i9-14900K, instruction set [SSE2|AVX|AVX2]
Thread count: 24 physical cores, 32 logical processors, using up to 1 threads

Non-default parameters:
TimeLimit  1200
MIPGap  0.05
Heuristics  0.5
MIPFocus  3
FlowCoverCuts  2
Presolve  2
Threads  1

Optimize a model with 26358 rows, 53707 columns and 244684 nonzeros
Model fingerprint: 0x5ad7830f
Variable types: 2099 continuous, 51608 integer (18485 binary)
Coefficient statistics:
  Matrix range     [1e+00, 3e+02]
  Objective range  [1e-02, 8e+04]
  Bounds range     [1e+00, 1e+01]
  RHS range        [1e+00, 1e+04]
C:\Users\TECNO-MASTER\anaconda3\lib\site-packages\pandas\core\indexes\base.py:6999: FutureWarning: In a future version, the Index constructor will not infer numeric dtypes when passed object-dtype sequences (matching Series behavior)
  return Index(sequences[0], name=names)
Presolve removed 23428 rows and 43752 columns
Presolve time: 0.14s
Presolved: 2930 rows, 9955 columns, 32796 nonzeros
Variable types: 824 continuous, 9131 integer (8568 binary)
Found heuristic solution: objective 600549.54051
     0     2 179367.372    0   22 267712.267 179367.372  33.0%     -    5s
Found heuristic solution: objective 561222.41975
Root relaxation presolved: 2930 rows, 9955 columns, 32796 nonzeros

     0     0 179160.084    0   18 558872.741 179160.084  67.9%     -    3s
H    0     0                    558849.72022 179160.084  67.9%     -    4s

    Nodes    |    Current Node    |     Objective Bounds      |     Work
 Expl Unexpl |  Obj  Depth IntInf | Incumbent    BestBd   Gap | It/Node Time

     0     0 180696.188    0   20 562130.281 180696.188  67.9%     -    2s
     0     0 179160.084    0   29 558849.720 179160.084  67.9%     -    4s
H    0     0                    285222.52108 180696.188  36.6%     -    2s
     0     0 180918.517    0   43 285222.521 180918.517  36.6%     -    2s
     0     0 180918.517    0   17 285222.521 180918.517  36.6%     -    3s
     0     0 179160.084    0   16 558849.720 179160.084  67.9%     -    4s
     0     0 179160.084    0   23 558849.720 179160.084  67.9%     -    4s
    39    41 179262.556    9  127 288797.424 179262.556  37.9%  1092   10s
     0     0 180918.517    0   16 285222.521 180918.517  36.6%     -    3s
     0     0 179160.084    0   13 558849.720 179160.084  67.9%     -    5s
     0     0 180918.517    0   70 285222.521 180918.517  36.6%     -    3s
H    0     0                    558848.06849 179160.084  67.9%     -    5s
     0     0 179160.084    0   43 558848.068 179160.084  67.9%     -    5s

Root relaxation: objective 1.807102e+05, 14389 iterations, 1.52 seconds (2.16 work units)
     0     0 180918.517    0   20 285222.521 180918.517  36.6%     -    4s
     0     0 179160.084    0   14 558848.068 179160.084  67.9%     -    5s
     0     0 179160.084    0   44 558848.068 179160.084  67.9%     -    5s
C:\Users\TECNO-MASTER\anaconda3\lib\site-packages\pandas\core\indexes\base.py:6999: FutureWarning: In a future version, the Index constructor will not infer numeric dtypes when passed object-dtype sequences (matching Series behavior)
  return Index(sequences[0], name=names)

    Nodes    |    Current Node    |     Objective Bounds      |     Work
 Expl Unexpl |  Obj  Depth IntInf | Incumbent    BestBd   Gap | It/Node Time

     0     0 180710.153    0   35 561222.420 180710.153  67.8%     -    2s
     0     0 180918.517    0   22 285222.521 180918.517  36.6%     -    4s
  [Fase 1 (infra libre)] estacion=station_1 dia=213 -> C:\Users\TECNO-MASTER\Desktop\Elmo_infrastructure_sizing_NP-\output\DCH_septiembre\Bateria_353\Costo_variable\Swap_libre\Swap_variable_3estaciones_160kW_Descomp/station_1_d213_stage1
formulation time: 8.963106393814087
Set parameter OutputFlag to value 1
Set parameter OutputFlag to value 1
Set parameter LogToConsole to value 1
Set parameter MIPGap to value 0.05
Set parameter TimeLimit to value 1200
Set parameter LogFile to value "C:\Users\TECNO-MASTER\Desktop\Elmo_infrastructure_sizing_NP-\output\DCH_septiembre\Bateria_353\Costo_variable\Swap_libre\Swap_variable_3estaciones_160kW_Descomp\station_1_d213_stage1\ELMO_log.txt"
Set parameter Threads to value 1
Set parameter Heuristics to value 0.5
Set parameter MIPFocus to value 3
Set parameter Presolve to value 2
Set parameter FlowCoverCuts to value 2
Gurobi Optimizer version 12.0.3 build v12.0.3rc0 (win64 - Windows 11+.0 (26200.2))

CPU model: Intel(R) Core(TM) i9-14900K, instruction set [SSE2|AVX|AVX2]
Thread count: 24 physical cores, 32 logical processors, using up to 1 threads

Non-default parameters:
TimeLimit  1200
MIPGap  0.05
Heuristics  0.5
MIPFocus  3
FlowCoverCuts  2
Presolve  2
Threads  1

Optimize a model with 26358 rows, 53707 columns and 244684 nonzeros
Model fingerprint: 0x1b3039c5
Variable types: 2099 continuous, 51608 integer (18485 binary)
Coefficient statistics:
  Matrix range     [1e+00, 3e+02]
  Objective range  [8e-03, 8e+04]
  Bounds range     [1e+00, 1e+01]
  RHS range        [1e+00, 1e+04]
     0     0 179160.084    0   18 558848.068 179160.084  67.9%     -    6s
Presolve removed 23422 rows and 43746 columns
Presolve time: 0.15s
Presolved: 2936 rows, 9961 columns, 32934 nonzeros
Variable types: 824 continuous, 9137 integer (8568 binary)
     0     0 179160.084    0   18 558848.068 179160.084  67.9%     -    6s
Found heuristic solution: objective 601365.28722
     0     0 180716.581    0   40 561222.420 180716.581  67.8%     -    2s
Found heuristic solution: objective 559289.75482
Root relaxation presolved: 2936 rows, 9961 columns, 32934 nonzeros

     0     0 180918.517    0   20 285222.521 180918.517  36.6%     -    4s
    36    38 180578.842   18  125 284600.591 180578.842  36.6%   772   10s
H    0     0                    558772.43967 179160.084  67.9%     -    6s
     0     0 180927.318    0   43 561222.420 180927.318  67.8%     -    3s
     0     2 180918.517    0   16 285222.521 180918.517  36.6%     -    5s
H    0     0                    539572.43967 179160.084  66.8%     -    6s
H    0     0                    431422.27633 179160.084  58.5%     -    6s
H    0     0                    431370.83828 179160.084  58.5%     -    6s
H    0     0                    431353.21544 179160.084  58.5%     -    7s
H    0     0                    306627.38782 179160.084  41.6%     -    7s
     0     2 179160.084    0   16 306627.388 179160.084  41.6%     -    7s
     0     0 180927.318    0   27 561222.420 180927.318  67.8%     -    4s

Root relaxation: objective 1.801322e+05, 14650 iterations, 1.56 seconds (2.29 work units)
    36    38 179367.372   15  105 267712.267 179367.372  33.0%   757   10s
C:\Users\TECNO-MASTER\anaconda3\lib\site-packages\pandas\core\indexes\base.py:6999: FutureWarning: In a future version, the Index constructor will not infer numeric dtypes when passed object-dtype sequences (matching Series behavior)
  return Index(sequences[0], name=names)
     0     0 180927.318    0   16 561222.420 180927.318  67.8%     -    4s
H    0     0                    436387.89391 180927.318  58.5%     -    4s
     0     0 180927.318    0   17 436387.894 180927.318  58.5%     -    4s
  [Fase 1 (infra libre)] estacion=station_1 dia=244 -> C:\Users\TECNO-MASTER\Desktop\Elmo_infrastructure_sizing_NP-\output\DCH_septiembre\Bateria_353\Costo_variable\Swap_libre\Swap_variable_3estaciones_160kW_Descomp/station_1_d244_stage1
formulation time: 9.577707529067993
Set parameter OutputFlag to value 1
Set parameter OutputFlag to value 1
Set parameter LogToConsole to value 1
Set parameter MIPGap to value 0.05
Set parameter TimeLimit to value 1200
Set parameter LogFile to value "C:\Users\TECNO-MASTER\Desktop\Elmo_infrastructure_sizing_NP-\output\DCH_septiembre\Bateria_353\Costo_variable\Swap_libre\Swap_variable_3estaciones_160kW_Descomp\station_1_d244_stage1\ELMO_log.txt"
Set parameter Threads to value 1
Set parameter Heuristics to value 0.5
Set parameter MIPFocus to value 3
Set parameter Presolve to value 2
Set parameter FlowCoverCuts to value 2
Gurobi Optimizer version 12.0.3 build v12.0.3rc0 (win64 - Windows 11+.0 (26200.2))

CPU model: Intel(R) Core(TM) i9-14900K, instruction set [SSE2|AVX|AVX2]
Thread count: 24 physical cores, 32 logical processors, using up to 1 threads

Non-default parameters:
TimeLimit  1200
MIPGap  0.05
Heuristics  0.5
MIPFocus  3
FlowCoverCuts  2
Presolve  2
Threads  1

Optimize a model with 26358 rows, 53707 columns and 244684 nonzeros
Model fingerprint: 0xf0195e59
Variable types: 2099 continuous, 51608 integer (18485 binary)
Coefficient statistics:
  Matrix range     [1e+00, 3e+02]
  Objective range  [8e-03, 8e+04]
  Bounds range     [1e+00, 1e+01]
  RHS range        [1e+00, 1e+04]
Presolve removed 23428 rows and 43752 columns
Presolve time: 0.18s
Presolved: 2930 rows, 9955 columns, 32796 nonzeros
Variable types: 824 continuous, 9131 integer (8568 binary)
Found heuristic solution: objective 600596.38307
Found heuristic solution: objective 559560.26053
Root relaxation presolved: 2930 rows, 9955 columns, 32796 nonzeros


    Nodes    |    Current Node    |     Objective Bounds      |     Work
 Expl Unexpl |  Obj  Depth IntInf | Incumbent    BestBd   Gap | It/Node Time

     0     0 180132.246    0   37 559289.755 180132.246  67.8%     -    2s
     0     0 180927.318    0   17 436387.894 180927.318  58.5%     -    5s
     0     0 180927.318    0   22 436387.894 180927.318  58.5%     -    5s
   104   106 178498.327   21   13 264795.845 178498.327  32.6%   384   16s
     0     0 180137.560    0   30 559289.755 180137.560  67.8%     -    3s
     0     0 180311.763    0   17 559289.755 180311.763  67.8%     -    3s
     0     0 180311.763    0   19 559289.755 180311.763  67.8%     -    3s
    69    71 180039.313   14  169 288797.424 179262.556  37.9%  1079   15s
     0     0 180927.318    0   13 436387.894 180927.318  58.5%     -    6s
H    0     0                    291168.19937 180927.318  37.9%     -    6s
     0     0 180927.318    0   59 291168.199 180927.318  37.9%     -    6s
     0     0 180311.763    0   16 559289.755 180311.763  67.8%     -    3s
H    0     0                    559270.84076 180311.763  67.8%     -    3s
    33    35 179160.084   10   20 306627.388 179160.084  41.6%   370   10s
H   54    54                    266312.64832 179367.372  32.6%   663   12s

Root relaxation: objective 1.798215e+05, 15207 iterations, 1.56 seconds (2.38 work units)
C:\Users\TECNO-MASTER\anaconda3\lib\site-packages\pandas\core\indexes\base.py:6999: FutureWarning: In a future version, the Index constructor will not infer numeric dtypes when passed object-dtype sequences (matching Series behavior)
  return Index(sequences[0], name=names)
     0     0 180927.318    0   22 291168.199 180927.318  37.9%     -    6s
     0     0 180311.763    0   16 559270.841 180311.763  67.8%     -    4s
     0     0 180311.763    0   16 559270.841 180311.763  67.8%     -    4s
     0     0 180927.318    0   22 291168.199 180927.318  37.9%     -    7s
     0     2 180927.318    0   22 291168.199 180927.318  37.9%     -    7s

    Nodes    |    Current Node    |     Objective Bounds      |     Work
 Expl Unexpl |  Obj  Depth IntInf | Incumbent    BestBd   Gap | It/Node Time

     0     0 179821.532    0   48 559560.261 179821.532  67.9%     -    2s
     0     0 180311.763    0   13 559270.841 180311.763  67.8%     -    4s
     0     0 180311.763    0   23 559270.841 180311.763  67.8%     -    4s
    65    67 180578.842   33   85 284600.591 180578.842  36.6%   796   15s
  [Fase 1 (infra libre)] estacion=station_1 dia=274 -> C:\Users\TECNO-MASTER\Desktop\Elmo_infrastructure_sizing_NP-\output\DCH_septiembre\Bateria_353\Costo_variable\Swap_libre\Swap_variable_3estaciones_160kW_Descomp/station_1_d274_stage1
formulation time: 10.218016386032104
Set parameter OutputFlag to value 1
Set parameter OutputFlag to value 1
Set parameter LogToConsole to value 1
Set parameter MIPGap to value 0.05
Set parameter TimeLimit to value 1200
Set parameter LogFile to value "C:\Users\TECNO-MASTER\Desktop\Elmo_infrastructure_sizing_NP-\output\DCH_septiembre\Bateria_353\Costo_variable\Swap_libre\Swap_variable_3estaciones_160kW_Descomp\station_1_d274_stage1\ELMO_log.txt"
Set parameter Threads to value 1
Set parameter Heuristics to value 0.5
Set parameter MIPFocus to value 3
Set parameter Presolve to value 2
Set parameter FlowCoverCuts to value 2
Gurobi Optimizer version 12.0.3 build v12.0.3rc0 (win64 - Windows 11+.0 (26200.2))

CPU model: Intel(R) Core(TM) i9-14900K, instruction set [SSE2|AVX|AVX2]
Thread count: 24 physical cores, 32 logical processors, using up to 1 threads

Non-default parameters:
TimeLimit  1200
MIPGap  0.05
Heuristics  0.5
MIPFocus  3
FlowCoverCuts  2
Presolve  2
Threads  1

Optimize a model with 26328 rows, 53707 columns and 244624 nonzeros
Model fingerprint: 0xe2573702
Variable types: 2099 continuous, 51608 integer (18485 binary)
Coefficient statistics:
  Matrix range     [1e+00, 3e+02]
  Objective range  [4e-03, 8e+04]
  Bounds range     [1e+00, 1e+01]
  RHS range        [1e+00, 1e+04]
     0     0 179822.000    0   36 559560.261 179822.000  67.9%     -    3s
     0     0 180050.548    0   65 559560.261 180050.548  67.8%     -    3s
     0     0 180050.548    0   65 559560.261 180050.548  67.8%     -    3s
Presolve removed 23456 rows and 43781 columns
Presolve time: 0.19s
Presolved: 2872 rows, 9926 columns, 32714 nonzeros
Variable types: 824 continuous, 9102 integer (8568 binary)
Found heuristic solution: objective 542454.12966
Found heuristic solution: objective 541659.39636
Root relaxation presolved: 2872 rows, 9926 columns, 32714 nonzeros

    35    37 180918.517    9  133 285222.521 180918.517  36.6%   730   10s
     0     0 180311.763    0   11 559270.841 180311.763  67.8%     -    5s
     0     0 180311.763    0   26 559270.841 180311.763  67.8%     -    5s
     0     0 180050.548    0   12 559560.261 180050.548  67.8%     -    3s
     0     0 180311.763    0   22 559270.841 180311.763  67.8%     -    6s
H   81    81                    288702.32437 179262.556  37.9%  1165   17s
     0     0 180311.763    0   19 559270.841 180311.763  67.8%     -    6s
H    0     0                    540070.84076 180311.763  66.6%     -    6s
     0     0 180050.548    0   27 559560.261 180050.548  67.8%     -    4s
C:\Users\TECNO-MASTER\anaconda3\lib\site-packages\pandas\core\indexes\base.py:6999: FutureWarning: In a future version, the Index constructor will not infer numeric dtypes when passed object-dtype sequences (matching Series behavior)
  return Index(sequences[0], name=names)
H    0     0                    433046.66011 180311.763  58.4%     -    6s
  [Fase 1 (infra libre)] estacion=station_1 dia=335 -> C:\Users\TECNO-MASTER\Desktop\Elmo_infrastructure_sizing_NP-\output\DCH_septiembre\Bateria_353\Costo_variable\Swap_libre\Swap_variable_3estaciones_160kW_Descomp/station_1_d335_stage1
formulation time: 10.520029783248901
Set parameter OutputFlag to value 1
Set parameter OutputFlag to value 1
Set parameter LogToConsole to value 1
Set parameter MIPGap to value 0.05
Set parameter TimeLimit to value 1200
Set parameter LogFile to value "C:\Users\TECNO-MASTER\Desktop\Elmo_infrastructure_sizing_NP-\output\DCH_septiembre\Bateria_353\Costo_variable\Swap_libre\Swap_variable_3estaciones_160kW_Descomp\station_1_d335_stage1\ELMO_log.txt"
Set parameter Threads to value 1
Set parameter Heuristics to value 0.5
Set parameter MIPFocus to value 3
Set parameter Presolve to value 2
Set parameter FlowCoverCuts to value 2
H    0     0                    433030.31274 180311.763  58.4%     -    6s
   202   204 178498.327   41   13 264795.845 178498.327  32.6%   229   20s
Gurobi Optimizer version 12.0.3 build v12.0.3rc0 (win64 - Windows 11+.0 (26200.2))

CPU model: Intel(R) Core(TM) i9-14900K, instruction set [SSE2|AVX|AVX2]
Thread count: 24 physical cores, 32 logical processors, using up to 1 threads

Non-default parameters:
TimeLimit  1200
MIPGap  0.05
Heuristics  0.5
MIPFocus  3
FlowCoverCuts  2
Presolve  2
Threads  1

Optimize a model with 26328 rows, 53707 columns and 244624 nonzeros
Model fingerprint: 0xcd5d57d4
Variable types: 2099 continuous, 51608 integer (18485 binary)
Coefficient statistics:
  Matrix range     [1e+00, 3e+02]
  Objective range  [4e-03, 8e+04]
  Bounds range     [1e+00, 1e+01]
  RHS range        [1e+00, 1e+04]
H    0     0                    289968.11803 180311.763  37.8%     -    7s
H    0     0                    289961.49809 180311.763  37.8%     -    7s
H   78    78                    306315.29407 179160.084  41.5%   300   13s

Root relaxation: objective 1.789757e+05, 16071 iterations, 1.81 seconds (2.55 work units)
Presolve removed 23452 rows and 43777 columns
Presolve time: 0.24s
Presolved: 2876 rows, 9930 columns, 32814 nonzeros
Variable types: 824 continuous, 9106 integer (8568 binary)
Found heuristic solution: objective 542992.71333
Found heuristic solution: objective 537756.09038
     0     0 180050.548    0   20 559560.261 180050.548  67.8%     -    5s
Root relaxation presolved: 2876 rows, 9930 columns, 32814 nonzeros

     0     0 180050.548    0   46 559560.261 180050.548  67.8%     -    5s
H    0     0                    289920.88147 180311.763  37.8%     -    7s
    37    39 180927.318    4   17 291168.199 180927.318  37.9%   293   10s
    78    80 179367.372   12   83 266312.648 179367.372  32.6%   760   15s
H    0     0                    289920.71838 180311.763  37.8%     -    7s
     0     2 180311.763    0   17 289920.718 180311.763  37.8%     -    7s
     0     0 180050.548    0   17 559560.261 180050.548  67.8%     -    5s
H    0     0                    434803.87983 180050.548  58.6%     -    5s

    Nodes    |    Current Node    |     Objective Bounds      |     Work
 Expl Unexpl |  Obj  Depth IntInf | Incumbent    BestBd   Gap | It/Node Time

     0     0 178975.693    0   36 541659.396 178975.693  67.0%     -    2s
     0     0 180050.548    0   44 434803.880 180050.548  58.6%     -    5s
    96    98 179262.556   14  118 288702.324 179262.556  37.9%  1165   20s
     0     0 178979.713    0   30 541659.396 178979.713  67.0%     -    3s

Root relaxation: objective 1.780537e+05, 13146 iterations, 1.33 seconds (1.76 work units)
   108   110 179160.084   30   20 306315.294 179160.084  41.5%   256   15s
H    0     0                    433561.63459 178979.713  58.7%     -    3s
     0     0 179111.514    0   21 433561.635 179111.514  58.7%     -    3s
     0     0 180050.548    0   16 434803.880 180050.548  58.6%     -    6s
     0     0 180050.548    0   14 434803.880 180050.548  58.6%     -    6s
C:\Users\TECNO-MASTER\anaconda3\lib\site-packages\pandas\core\indexes\base.py:6999: FutureWarning: In a future version, the Index constructor will not infer numeric dtypes when passed object-dtype sequences (matching Series behavior)
  return Index(sequences[0], name=names)

    Nodes    |    Current Node    |     Objective Bounds      |     Work
 Expl Unexpl |  Obj  Depth IntInf | Incumbent    BestBd   Gap | It/Node Time

     0     0 178053.656    0   56 537756.090 178053.656  66.9%     -    2s
  [Fase 1 (infra libre)] estacion=station_2 dia=1 -> C:\Users\TECNO-MASTER\Desktop\Elmo_infrastructure_sizing_NP-\output\DCH_septiembre\Bateria_353\Costo_variable\Swap_libre\Swap_variable_3estaciones_160kW_Descomp/station_2_d1_stage1
formulation time: 11.233651399612427
Set parameter OutputFlag to value 1
Set parameter OutputFlag to value 1
Set parameter LogToConsole to value 1
Set parameter MIPGap to value 0.05
Set parameter TimeLimit to value 1200
Set parameter LogFile to value "C:\Users\TECNO-MASTER\Desktop\Elmo_infrastructure_sizing_NP-\output\DCH_septiembre\Bateria_353\Costo_variable\Swap_libre\Swap_variable_3estaciones_160kW_Descomp\station_2_d1_stage1\ELMO_log.txt"
Set parameter Threads to value 1
Set parameter Heuristics to value 0.5
Set parameter MIPFocus to value 3
Set parameter Presolve to value 2
Set parameter FlowCoverCuts to value 2
Gurobi Optimizer version 12.0.3 build v12.0.3rc0 (win64 - Windows 11+.0 (26200.2))

CPU model: Intel(R) Core(TM) i9-14900K, instruction set [SSE2|AVX|AVX2]
Thread count: 24 physical cores, 32 logical processors, using up to 1 threads

Non-default parameters:
TimeLimit  1200
MIPGap  0.05
Heuristics  0.5
MIPFocus  3
FlowCoverCuts  2
Presolve  2
Threads  1

Optimize a model with 26358 rows, 54733 columns and 249676 nonzeros
Model fingerprint: 0xb10f1b99
Variable types: 2129 continuous, 52604 integer (19481 binary)
Coefficient statistics:
  Matrix range     [1e+00, 3e+02]
  Objective range  [1e-02, 8e+04]
  Bounds range     [1e+00, 1e+01]
  RHS range        [1e+00, 1e+04]
Presolve removed 23482 rows and 44293 columns
Presolve time: 0.20s
Presolved: 2876 rows, 10440 columns, 34218 nonzeros
     0     0 179111.514    0   18 433561.635 179111.514  58.7%     -    4s
Variable types: 824 continuous, 9616 integer (9084 binary)
Found heuristic solution: objective 543615.24586
     0     2 180050.548    0   14 434803.880 180050.548  58.6%     -    7s
Root relaxation presolved: 2876 rows, 10440 columns, 34218 nonzeros

H    0     0                    433518.32756 179111.514  58.7%     -    4s
     0     0 179111.514    0   26 433518.328 179111.514  58.7%     -    4s
    24    26 180311.763    9  126 289920.718 180311.763  37.8%   706   10s
   100   102 180578.842    7   49 284600.591 180578.842  36.6%   752   20s
     0     0 178057.918    0  134 537756.090 178057.918  66.9%     -    3s
     0     0 178197.660    0   92 537756.090 178197.660  66.9%     -    3s
    72    74 180918.517   10    9 285222.521 180918.517  36.6%   769   15s
     0     0 179111.514    0   21 433518.328 179111.514  58.7%     -    5s
     0     0 179111.514    0   43 433518.328 179111.514  58.7%     -    5s
     0     0 178197.660    0   24 537756.090 178197.660  66.9%     -    4s
     0     0 178197.660    0   36 537756.090 178197.660  66.9%     -    4s

Root relaxation: objective 1.798487e+05, 14143 iterations, 1.69 seconds (2.26 work units)
     0     0 179111.514    0   25 433518.328 179111.514  58.7%     -    6s
H    0     0                    433309.03489 179111.514  58.7%     -    6s
     0     0 179111.514    0   82 433309.035 179111.514  58.7%     -    6s
C:\Users\TECNO-MASTER\anaconda3\lib\site-packages\pandas\core\indexes\base.py:6999: FutureWarning: In a future version, the Index constructor will not infer numeric dtypes when passed object-dtype sequences (matching Series behavior)
  return Index(sequences[0], name=names)
   293   295 178498.327   39   15 264795.845 178498.327  32.6%   168   25s
     0     0 178197.660    0   19 537756.090 178197.660  66.9%     -    5s
  [Fase 1 (infra libre)] estacion=station_1 dia=305 -> C:\Users\TECNO-MASTER\Desktop\Elmo_infrastructure_sizing_NP-\output\DCH_septiembre\Bateria_353\Costo_variable\Swap_libre\Swap_variable_3estaciones_160kW_Descomp/station_1_d305_stage1
formulation time: 11.735751152038574
Set parameter OutputFlag to value 1
Set parameter OutputFlag to value 1
Set parameter LogToConsole to value 1
Set parameter MIPGap to value 0.05
Set parameter TimeLimit to value 1200
Set parameter LogFile to value "C:\Users\TECNO-MASTER\Desktop\Elmo_infrastructure_sizing_NP-\output\DCH_septiembre\Bateria_353\Costo_variable\Swap_libre\Swap_variable_3estaciones_160kW_Descomp\station_1_d305_stage1\ELMO_log.txt"
Set parameter Threads to value 1
Set parameter Heuristics to value 0.5
Set parameter MIPFocus to value 3
Set parameter Presolve to value 2
Set parameter FlowCoverCuts to value 2
H    0     0                    287761.21879 178197.660  38.1%     -    5s
     0     0 178197.660    0   33 287761.219 178197.660  38.1%     -    5s
Gurobi Optimizer version 12.0.3 build v12.0.3rc0 (win64 - Windows 11+.0 (26200.2))

CPU model: Intel(R) Core(TM) i9-14900K, instruction set [SSE2|AVX|AVX2]
Thread count: 24 physical cores, 32 logical processors, using up to 1 threads

Non-default parameters:
TimeLimit  1200
MIPGap  0.05
Heuristics  0.5
MIPFocus  3
FlowCoverCuts  2
Presolve  2
Threads  1

Optimize a model with 26328 rows, 53707 columns and 244624 nonzeros
Model fingerprint: 0x16a03664
Variable types: 2099 continuous, 51608 integer (18485 binary)
Coefficient statistics:
  Matrix range     [1e+00, 3e+02]
  Objective range  [1e-01, 8e+04]
  Bounds range     [1e+00, 1e+01]
  RHS range        [1e+00, 1e+04]
     0     0 179111.514    0   24 433309.035 179111.514  58.7%     -    7s

    Nodes    |    Current Node    |     Objective Bounds      |     Work
 Expl Unexpl |  Obj  Depth IntInf | Incumbent    BestBd   Gap | It/Node Time

     0     0 179848.657    0   40 543615.246 179848.657  66.9%     -    2s
    15    17 180050.548    8   76 434803.880 180050.548  58.6%   477   10s
H    0     0                    408349.69534 179848.657  56.0%     -    2s
H    0     0                    408244.84307 179848.657  55.9%     -    2s
H    0     0                    325203.17585 179848.657  44.7%     -    2s
H    0     0                    288852.19446 179848.657  37.7%     -    2s
H    0     0                    287478.54586 179848.657  37.4%     -    2s
Presolve removed 23452 rows and 43777 columns
Presolve time: 0.20s
Presolved: 2876 rows, 9930 columns, 32814 nonzeros
Variable types: 824 continuous, 9106 integer (8568 binary)
Found heuristic solution: objective 540863.73928
Found heuristic solution: objective 540397.49532
Root relaxation presolved: 2876 rows, 9930 columns, 32814 nonzeros

    63    65 180927.318    8   15 291168.199 180927.318  37.9%   348   15s
     0     0 179111.514    0   24 433309.035 179111.514  58.7%     -    7s
H    0     0                    288586.09244 179111.514  37.9%     -    7s
     0     0 179848.657    0   35 287478.546 179848.657  37.4%     -    3s
   106   108 179367.372   27   57 266312.648 179367.372  32.6%   730   21s
     0     2 179111.514    0   23 288586.092 179111.514  37.9%     -    7s
     0     0 180636.204    0   24 287478.546 180636.204  37.2%     -    3s
     0     0 180636.204    0   26 287478.546 180636.204  37.2%     -    3s
     0     0 178197.660    0   28 287761.219 178197.660  38.1%     -    6s
     0     0 178197.660    0   35 287761.219 178197.660  38.1%     -    6s
   113   115 179768.558   18  116 288702.324 179262.556  37.9%  1177   25s
   235   237 179160.084   70   15 306315.294 179160.084  41.5%   146   20s
H   26    26                    434599.87813 180050.548  58.6%   451   11s
     0     0 180636.204    0   24 287478.546 180636.204  37.2%     -    4s
     0     0 180636.204    0   26 287478.546 180636.204  37.2%     -    4s
  [Fase 1 (infra libre)] estacion=station_2 dia=60 -> C:\Users\TECNO-MASTER\Desktop\Elmo_infrastructure_sizing_NP-\output\DCH_septiembre\Bateria_353\Costo_variable\Swap_libre\Swap_variable_3estaciones_160kW_Descomp/station_2_d60_stage1
formulation time: 11.410178661346436
Set parameter OutputFlag to value 1
Set parameter OutputFlag to value 1
Set parameter LogToConsole to value 1
Set parameter MIPGap to value 0.05
Set parameter TimeLimit to value 1200
Set parameter LogFile to value "C:\Users\TECNO-MASTER\Desktop\Elmo_infrastructure_sizing_NP-\output\DCH_septiembre\Bateria_353\Costo_variable\Swap_libre\Swap_variable_3estaciones_160kW_Descomp\station_2_d60_stage1\ELMO_log.txt"
Set parameter Threads to value 1
Set parameter Heuristics to value 0.5
Set parameter MIPFocus to value 3
Set parameter Presolve to value 2
Set parameter FlowCoverCuts to value 2
Gurobi Optimizer version 12.0.3 build v12.0.3rc0 (win64 - Windows 11+.0 (26200.2))

CPU model: Intel(R) Core(TM) i9-14900K, instruction set [SSE2|AVX|AVX2]
Thread count: 24 physical cores, 32 logical processors, using up to 1 threads

Non-default parameters:
TimeLimit  1200
MIPGap  0.05
Heuristics  0.5
MIPFocus  3
FlowCoverCuts  2
Presolve  2
Threads  1

Optimize a model with 26358 rows, 54733 columns and 249676 nonzeros
Model fingerprint: 0x23996e02
Variable types: 2129 continuous, 52604 integer (19481 binary)
Coefficient statistics:
  Matrix range     [1e+00, 3e+02]
  Objective range  [9e-03, 8e+04]
  Bounds range     [1e+00, 1e+01]
  RHS range        [1e+00, 1e+04]
     0     0 178197.660    0   55 287761.219 178197.660  38.1%     -    7s
Presolve removed 23482 rows and 44293 columns
Presolve time: 0.17s
Presolved: 2876 rows, 10440 columns, 34218 nonzeros
Variable types: 824 continuous, 9616 integer (9084 binary)
Found heuristic solution: objective 540486.64120
Root relaxation presolved: 2876 rows, 10440 columns, 34218 nonzeros


Root relaxation: objective 1.803744e+05, 15164 iterations, 1.86 seconds (2.33 work units)
     0     0 178197.660    0   18 287761.219 178197.660  38.1%     -    7s
C:\Users\TECNO-MASTER\anaconda3\lib\site-packages\pandas\core\indexes\base.py:6999: FutureWarning: In a future version, the Index constructor will not infer numeric dtypes when passed object-dtype sequences (matching Series behavior)
  return Index(sequences[0], name=names)
     0     0 180636.204    0   29 287478.546 180636.204  37.2%     -    5s
     0     0 180636.204    0   22 287478.546 180636.204  37.2%     -    5s
     0     2 178197.660    0   17 287761.219 178197.660  38.1%     -    7s
H  260   260                    306166.58461 179160.084  41.5%   135   21s
   125   127 180578.842    8  155 284600.591 180578.842  36.6%   760   25s
    67    69 180311.763   14   57 289920.718 180311.763  37.8%   744   15s

    Nodes    |    Current Node    |     Objective Bounds      |     Work
 Expl Unexpl |  Obj  Depth IntInf | Incumbent    BestBd   Gap | It/Node Time

     0     0 180374.439    0   29 540397.495 180374.439  66.6%     -    2s
H    0     0                    540384.49644 180374.439  66.6%     -    3s
     0     0 180636.204    0   35 287478.546 180636.204  37.2%     -    5s
    27    29 179111.514   15   64 288586.092 179111.514  37.9%   245   10s
   101   103 180918.517   15  106 285222.521 180918.517  36.6%   845   20s
     0     0 180636.204    0   23 287478.546 180636.204  37.2%     -    5s
     0     0 180378.250    0   30 540384.496 180378.250  66.6%     -    3s
     0     0 180503.193    0   36 540384.496 180503.193  66.6%     -    3s
     0     0 180503.193    0   36 540384.496 180503.193  66.6%     -    3s
     0     2 180636.204    0   20 287478.546 180636.204  37.2%     -    6s
     0     0 180503.193    0   19 540384.496 180503.193  66.6%     -    4s

Root relaxation: objective 1.790153e+05, 15312 iterations, 2.12 seconds (2.52 work units)
H    0     0                    540381.45498 180503.193  66.6%     -    4s
     0     0 180503.193    0   21 540381.455 180503.193  66.6%     -    4s
   140   142 179367.372    5   75 266312.648 179367.372  32.6%   778   25s
   408   410 178498.327   60   13 264795.845 178498.327  32.6%   134   30s
H  151   151                    291117.64982 180927.318  37.9%   244   19s

    Nodes    |    Current Node    |     Objective Bounds      |     Work
 Expl Unexpl |  Obj  Depth IntInf | Incumbent    BestBd   Gap | It/Node Time

     0     0 179015.262    0   36 540486.641 179015.262  66.9%     -    3s
    73    75 180050.548   37   30 434599.878 180050.548  58.6%   247   15s
     0     0 180503.193    0   34 540381.455 180503.193  66.6%     -    5s
    19    21 178197.660   10   30 287761.219 178197.660  38.1%   800   10s
     0     0 180503.193    0   44 540381.455 180503.193  66.6%     -    5s
   159   161 180927.318   31   15 291117.650 180927.318  37.9%   236   20s
C:\Users\TECNO-MASTER\anaconda3\lib\site-packages\pandas\core\indexes\base.py:6999: FutureWarning: In a future version, the Index constructor will not infer numeric dtypes when passed object-dtype sequences (matching Series behavior)
  return Index(sequences[0], name=names)
  [Fase 1 (infra libre)] estacion=station_2 dia=121 -> C:\Users\TECNO-MASTER\Desktop\Elmo_infrastructure_sizing_NP-\output\DCH_septiembre\Bateria_353\Costo_variable\Swap_libre\Swap_variable_3estaciones_160kW_Descomp/station_2_d121_stage1
formulation time: 12.876686811447144
Set parameter OutputFlag to value 1
Set parameter OutputFlag to value 1
Set parameter LogToConsole to value 1
Set parameter MIPGap to value 0.05
Set parameter TimeLimit to value 1200
Set parameter LogFile to value "C:\Users\TECNO-MASTER\Desktop\Elmo_infrastructure_sizing_NP-\output\DCH_septiembre\Bateria_353\Costo_variable\Swap_libre\Swap_variable_3estaciones_160kW_Descomp\station_2_d121_stage1\ELMO_log.txt"
Set parameter Threads to value 1
Set parameter Heuristics to value 0.5
Set parameter MIPFocus to value 3
Set parameter Presolve to value 2
Set parameter FlowCoverCuts to value 2
Gurobi Optimizer version 12.0.3 build v12.0.3rc0 (win64 - Windows 11+.0 (26200.2))

CPU model: Intel(R) Core(TM) i9-14900K, instruction set [SSE2|AVX|AVX2]
Thread count: 24 physical cores, 32 logical processors, using up to 1 threads

Non-default parameters:
TimeLimit  1200
MIPGap  0.05
Heuristics  0.5
MIPFocus  3
FlowCoverCuts  2
Presolve  2
H   81    81                    289680.23487 180050.548  37.8%   231   15s
Threads  1

Optimize a model with 26388 rows, 54733 columns and 249736 nonzeros
Model fingerprint: 0x6c0ca3a8
Variable types: 2129 continuous, 52604 integer (19481 binary)
Coefficient statistics:
  Matrix range     [1e+00, 3e+02]
  Objective range  [8e-03, 8e+04]
  Bounds range     [1e+00, 1e+01]
  RHS range        [1e+00, 1e+04]
     0     0 180503.193    0   10 540381.455 180503.193  66.6%     -    5s
     0     0 180503.193    0   19 540381.455 180503.193  66.6%     -    5s
     0     0 179015.262    0   34 540486.641 179015.262  66.9%     -    4s
Presolve removed 23452 rows and 44262 columns
Presolve time: 0.22s
Presolved: 2936 rows, 10471 columns, 34338 nonzeros
Variable types: 824 continuous, 9647 integer (9084 binary)
Found heuristic solution: objective 540936.53065
Root relaxation presolved: 2936 rows, 10471 columns, 34338 nonzeros

     0     0 179709.872    0   49 540486.641 179709.872  66.8%     -    4s
     0     0 179709.872    0   43 540486.641 179709.872  66.8%     -    4s
     0     0 180503.193    0   13 540381.455 180503.193  66.6%     -    6s
     0     0 180503.193    0   16 540381.455 180503.193  66.6%     -    6s
   151   153 179768.558   17  136 288702.324 179262.556  37.9%  1183   30s
     0     0 180503.193    0   13 540381.455 180503.193  66.6%     -    6s
     0     0 180503.193    0   13 540381.455 180503.193  66.6%     -    6s
H    0     0                    540064.21083 180503.193  66.6%     -    6s
     0     0 179709.872    0   23 540486.641 179709.872  66.8%     -    5s
   338   340 179160.084   76   15 306166.585 179160.084  41.5%   111   25s
H    0     0                    540004.23263 180503.193  66.6%     -    7s
     0     0 179709.872    0   56 540486.641 179709.872  66.8%     -    5s
H    0     0                    432525.22843 180503.193  58.3%     -    7s
H    0     0                    432224.87589 180503.193  58.2%     -    7s
    25    27 180636.204    9   37 287478.546 180636.204  37.2%   842   10s
H    0     0                    289891.31986 180503.193  37.7%     -    7s
     0     2 180503.193    0   13 289891.320 180503.193  37.7%     -    7s
   108   110 180311.763   12  113 289920.718 180311.763  37.8%   622   20s
   106   108 179111.514   32   18 288586.092 179111.514  37.9%   132   15s
   180   182 180578.842   10   48 284600.591 180578.842  36.6%   677   30s
     0     0 179709.872    0   25 540486.641 179709.872  66.8%     -    6s
   125   127 180918.517    9  139 285222.521 180918.517  36.6%   871   25s
     0     0 179709.872    0   29 540486.641 179709.872  66.8%     -    6s
  [Fase 1 (infra libre)] estacion=station_2 dia=32 -> C:\Users\TECNO-MASTER\Desktop\Elmo_infrastructure_sizing_NP-\output\DCH_septiembre\Bateria_353\Costo_variable\Swap_libre\Swap_variable_3estaciones_160kW_Descomp/station_2_d32_stage1
formulation time: 13.056821823120117
Set parameter OutputFlag to value 1
Set parameter OutputFlag to value 1
Set parameter LogToConsole to value 1
Set parameter MIPGap to value 0.05
Set parameter TimeLimit to value 1200
Set parameter LogFile to value "C:\Users\TECNO-MASTER\Desktop\Elmo_infrastructure_sizing_NP-\output\DCH_septiembre\Bateria_353\Costo_variable\Swap_libre\Swap_variable_3estaciones_160kW_Descomp\station_2_d32_stage1\ELMO_log.txt"
Set parameter Threads to value 1
Set parameter Heuristics to value 0.5
Set parameter MIPFocus to value 3
Set parameter Presolve to value 2
Set parameter FlowCoverCuts to value 2
Gurobi Optimizer version 12.0.3 build v12.0.3rc0 (win64 - Windows 11+.0 (26200.2))

CPU model: Intel(R) Core(TM) i9-14900K, instruction set [SSE2|AVX|AVX2]
Thread count: 24 physical cores, 32 logical processors, using up to 1 threads

Non-default parameters:
TimeLimit  1200
MIPGap  0.05
Heuristics  0.5
MIPFocus  3
FlowCoverCuts  2
Presolve  2
Threads  1

Optimize a model with 26358 rows, 54733 columns and 249676 nonzeros
Model fingerprint: 0x59e6d282
Variable types: 2129 continuous, 52604 integer (19481 binary)
Coefficient statistics:
  Matrix range     [1e+00, 3e+02]
  Objective range  [3e-03, 8e+04]
  Bounds range     [1e+00, 1e+01]
  RHS range        [1e+00, 1e+04]
C:\Users\TECNO-MASTER\anaconda3\lib\site-packages\pandas\core\indexes\base.py:6999: FutureWarning: In a future version, the Index constructor will not infer numeric dtypes when passed object-dtype sequences (matching Series behavior)
  return Index(sequences[0], name=names)

Root relaxation: objective 1.799052e+05, 16611 iterations, 2.40 seconds (2.86 work units)
Presolve removed 23476 rows and 44287 columns
Presolve time: 0.22s
Presolved: 2882 rows, 10446 columns, 34356 nonzeros
Variable types: 824 continuous, 9622 integer (9084 binary)
Found heuristic solution: objective 544058.25278
Root relaxation presolved: 2882 rows, 10446 columns, 34356 nonzeros

     0     0 179709.872    0   22 540486.641 179709.872  66.8%     -    7s
H  130   130                    288555.92536 179111.514  37.9%   116   16s
     0     0 179709.872    0   15 540486.641 179709.872  66.8%     -    7s
H    0     0                    540444.09882 179709.872  66.7%     -    7s

    Nodes    |    Current Node    |     Objective Bounds      |     Work
 Expl Unexpl |  Obj  Depth IntInf | Incumbent    BestBd   Gap | It/Node Time

     0     0 179905.185    0   38 540936.531 179905.185  66.7%     -    3s
   173   175 179367.372   20   66 266312.648 179367.372  32.6%   813   30s
H    0     0                    431241.63396 179709.872  58.3%     -    7s
   494   496 178498.327   75   11 264795.845 178498.327  32.6%   117   35s
H    0     0                    430123.93610 179709.872  58.2%     -    8s
H    0     0                    288087.14864 179709.872  37.6%     -    8s
H    0     0                    288069.37050 179709.872  37.6%     -    8s
    48    50 178197.660    9   79 287761.219 178197.660  38.1%   893   15s
    19    21 180503.193   10   25 289891.320 180503.193  37.7%   578   10s
   164   166 180050.548   83   82 289680.235 180050.548  37.8%   160   20s
H    0     0                    287996.88074 179709.872  37.6%     -    8s

Root relaxation: objective 1.799153e+05, 13448 iterations, 1.56 seconds (2.10 work units)
     0     0 180906.381    0   20 540936.531 180906.381  66.6%     -    4s
     0     0 180906.381    0   22 540936.531 180906.381  66.6%     -    4s
   285   287 180927.318   50   11 291117.650 180927.318  37.9%   146   25s
     0     2 179709.872    0   15 287996.881 179709.872  37.6%     -    8s
H  416   416                    306130.85892 179160.084  41.5%  97.4   28s
H   52    52                    287758.89089 178197.660  38.1%   858   15s
     0     0 180906.381    0   26 540936.531 180906.381  66.6%     -    5s
     0     0 180906.381    0   41 540936.531 180906.381  66.6%     -    5s

    Nodes    |    Current Node    |     Objective Bounds      |     Work
 Expl Unexpl |  Obj  Depth IntInf | Incumbent    BestBd   Gap | It/Node Time

     0     0 179915.272    0   24 544058.253 179915.272  66.9%     -    2s
H   54    54                    287110.14052 178197.660  37.9%   864   16s
H    0     0                    543880.75505 179915.272  66.9%     -    2s
C:\Users\TECNO-MASTER\anaconda3\lib\site-packages\pandas\core\indexes\base.py:6999: FutureWarning: In a future version, the Index constructor will not infer numeric dtypes when passed object-dtype sequences (matching Series behavior)
  return Index(sequences[0], name=names)
   183   185 179262.556   13   99 288702.324 179262.556  37.9%  1199   35s
   438   440 179160.084   84   17 306130.859 179160.084  41.5%  93.9   30s
H  442   442                    306087.65233 179160.084  41.5%  93.3   30s
  [Fase 1 (infra libre)] estacion=station_2 dia=244 -> C:\Users\TECNO-MASTER\Desktop\Elmo_infrastructure_sizing_NP-\output\DCH_septiembre\Bateria_353\Costo_variable\Swap_libre\Swap_variable_3estaciones_160kW_Descomp/station_2_d244_stage1
formulation time: 13.522632360458374
Set parameter OutputFlag to value 1
Set parameter OutputFlag to value 1
Set parameter LogToConsole to value 1
Set parameter MIPGap to value 0.05
Set parameter TimeLimit to value 1200
Set parameter LogFile to value "C:\Users\TECNO-MASTER\Desktop\Elmo_infrastructure_sizing_NP-\output\DCH_septiembre\Bateria_353\Costo_variable\Swap_libre\Swap_variable_3estaciones_160kW_Descomp\station_2_d244_stage1\ELMO_log.txt"
Set parameter Threads to value 1
Set parameter Heuristics to value 0.5
Set parameter MIPFocus to value 3
Set parameter Presolve to value 2
Set parameter FlowCoverCuts to value 2
Gurobi Optimizer version 12.0.3 build v12.0.3rc0 (win64 - Windows 11+.0 (26200.2))

CPU model: Intel(R) Core(TM) i9-14900K, instruction set [SSE2|AVX|AVX2]
Thread count: 24 physical cores, 32 logical processors, using up to 1 threads

Non-default parameters:
TimeLimit  1200
MIPGap  0.05
Heuristics  0.5
MIPFocus  3
FlowCoverCuts  2
Presolve  2
Threads  1

Optimize a model with 26388 rows, 54733 columns and 249736 nonzeros
Model fingerprint: 0x59465318
Variable types: 2129 continuous, 52604 integer (19481 binary)
Coefficient statistics:
  Matrix range     [1e+00, 3e+02]
  Objective range  [8e-03, 8e+04]
  Bounds range     [1e+00, 1e+01]
  RHS range        [1e+00, 1e+04]
    11    13 179709.872    6   65 287996.881 179709.872  37.6%   797   10s
     0     0 179915.272    0   36 543880.755 179915.272  66.9%     -    3s
     0     0 180906.381    0   27 540936.531 180906.381  66.6%     -    6s
Presolve removed 23452 rows and 44262 columns
Presolve time: 0.26s
Presolved: 2936 rows, 10471 columns, 34338 nonzeros
Variable types: 824 continuous, 9647 integer (9084 binary)
     0     0 180906.381    0   53 540936.531 180906.381  66.6%     -    6s
Found heuristic solution: objective 543468.13487
     0     0 180651.489    0   30 543880.755 180651.489  66.8%     -    3s
Root relaxation presolved: 2936 rows, 10471 columns, 34338 nonzeros

     0     0 180651.489    0   28 543880.755 180651.489  66.8%     -    3s
    54    56 180636.204   10   56 287478.546 180636.204  37.2%   923   15s
     0     0 180651.489    0   20 543880.755 180651.489  66.8%     -    4s
H  459   459                    286887.65233 179160.084  37.6%  91.6   31s
     0     0 180651.489    0   27 543880.755 180651.489  66.8%     -    4s
   135   137 180311.763   15   91 289920.718 180311.763  37.8%   696   25s
   231   233 179111.514   43   18 288555.925 179111.514  37.9%  84.5   20s
     0     0 180906.381    0   12 540936.531 180906.381  66.6%     -    7s
H    0     0                    540933.22718 180906.381  66.6%     -    7s
     0     0 180906.381    0   14 540933.227 180906.381  66.6%     -    7s
   151   153 180918.517   11   44 285222.521 180918.517  36.6%   945   30s
     0     0 180651.489    0   19 543880.755 180651.489  66.8%     -    5s
H    0     0                    290828.43976 180651.489  37.9%     -    5s
     0     0 180906.381    0   10 540933.227 180906.381  66.6%     -    7s
     0     0 180651.489    0   17 290828.440 180651.489  37.9%     -    5s
     0     0 180906.381    0   19 540933.227 180906.381  66.6%     -    7s
     0     0 180651.489    0   29 290828.440 180651.489  37.9%     -    5s
   203   205 180578.842   68   28 284600.591 180578.842  36.6%   686   36s
     0     0 180651.489    0   31 290828.440 180651.489  37.9%     -    6s
     0     0 180906.381    0   24 540933.227 180906.381  66.6%     -    8s
   202   204 179584.085   30   56 266312.648 179367.372  32.6%   837   35s

Root relaxation: objective 1.808798e+05, 16386 iterations, 2.39 seconds (2.77 work units)
     0     0 180906.381    0   22 540933.227 180906.381  66.6%     -    8s
C:\Users\TECNO-MASTER\anaconda3\lib\site-packages\pandas\core\indexes\base.py:6999: FutureWarning: In a future version, the Index constructor will not infer numeric dtypes when passed object-dtype sequences (matching Series behavior)
  return Index(sequences[0], name=names)
H  202   202                    288605.98803 179262.556  37.9%  1206   38s
H    0     0                    434333.85095 180906.381  58.3%     -    9s
    53    55 180503.193    4   40 289891.320 180503.193  37.7%   588   15s
    75    77 178197.660   17  100 287110.141 178197.660  37.9%   851   20s
H    0     0                    432666.48479 180906.381  58.2%     -    9s
   242   244 180050.548   29   13 289680.235 180050.548  37.8%   182   25s
   416   418 180927.318   79   11 291117.650 180927.318  37.9%   113   30s
     0     0 180651.489    0   13 290828.440 180651.489  37.9%     -    6s
     0     0 180651.489    0   28 290828.440 180651.489  37.9%     -    7s
H    0     0                    432659.87785 180906.381  58.2%     -    9s
H    0     0                    290459.46139 180906.381  37.7%     -    9s
H    0     0                    289812.71397 180906.381  37.6%     -    9s

    Nodes    |    Current Node    |     Objective Bounds      |     Work
 Expl Unexpl |  Obj  Depth IntInf | Incumbent    BestBd   Gap | It/Node Time

     0     0 180879.818    0   27 543468.135 180879.818  66.7%     -    3s
  [Fase 1 (infra libre)] estacion=station_2 dia=335 -> C:\Users\TECNO-MASTER\Desktop\Elmo_infrastructure_sizing_NP-\output\DCH_septiembre\Bateria_353\Costo_variable\Swap_libre\Swap_variable_3estaciones_160kW_Descomp/station_2_d335_stage1
formulation time: 14.718029260635376
Set parameter OutputFlag to value 1
Set parameter OutputFlag to value 1
Set parameter LogToConsole to value 1
Set parameter MIPGap to value 0.05
Set parameter TimeLimit to value 1200
Set parameter LogFile to value "C:\Users\TECNO-MASTER\Desktop\Elmo_infrastructure_sizing_NP-\output\DCH_septiembre\Bateria_353\Costo_variable\Swap_libre\Swap_variable_3estaciones_160kW_Descomp\station_2_d335_stage1\ELMO_log.txt"
Set parameter Threads to value 1
Set parameter Heuristics to value 0.5
Set parameter MIPFocus to value 3
Set parameter Presolve to value 2
Set parameter FlowCoverCuts to value 2
Gurobi Optimizer version 12.0.3 build v12.0.3rc0 (win64 - Windows 11+.0 (26200.2))

CPU model: Intel(R) Core(TM) i9-14900K, instruction set [SSE2|AVX|AVX2]
Thread count: 24 physical cores, 32 logical processors, using up to 1 threads

Non-default parameters:
TimeLimit  1200
MIPGap  0.05
Heuristics  0.5
MIPFocus  3
FlowCoverCuts  2
Presolve  2
Threads  1

Optimize a model with 26358 rows, 54733 columns and 249676 nonzeros
H    0     0                    288788.79176 180906.381  37.4%     -    9s
Model fingerprint: 0x7ba45f82
Variable types: 2129 continuous, 52604 integer (19481 binary)
Coefficient statistics:
  Matrix range     [1e+00, 3e+02]
  Objective range  [4e-03, 8e+04]
  Bounds range     [1e+00, 1e+01]
  RHS range        [1e+00, 1e+04]
H    0     0                    288142.04434 180906.381  37.2%     -   10s
Presolve removed 23476 rows and 44287 columns
Presolve time: 0.27s
Presolved: 2882 rows, 10446 columns, 34356 nonzeros
Variable types: 824 continuous, 9622 integer (9084 binary)
Found heuristic solution: objective 546465.97195
Root relaxation presolved: 2882 rows, 10446 columns, 34356 nonzeros

     0     0 180651.489    0   21 290828.440 180651.489  37.9%     -    7s
     0     2 180906.381    0   19 288142.044 180906.381  37.2%     -   10s
H  442   442                    291040.50923 180927.318  37.8%   108   31s
     0     0 181994.115    0   16 543468.135 181994.115  66.5%     -    4s
     0     0 180651.489    0   15 290828.440 180651.489  37.9%     -    8s
H  208   208                    287281.22547 179262.556  37.6%  1226   40s
   514   514 178498.327   26   54 264795.845 178498.327  32.6%   114   41s
     0     2 180651.489    0   13 290828.440 180651.489  37.9%     -    8s
    30    32 179709.872   15  126 287996.881 179709.872  37.6%  1180   15s
     0     0 181994.115    0   16 543468.135 181994.115  66.5%     -    5s
  [Fase 1 (infra libre)] estacion=station_2 dia=91 -> C:\Users\TECNO-MASTER\Desktop\Elmo_infrastructure_sizing_NP-\output\DCH_septiembre\Bateria_353\Costo_variable\Swap_libre\Swap_variable_3estaciones_160kW_Descomp/station_2_d91_stage1
formulation time: 14.280462265014648
Set parameter OutputFlag to value 1
Set parameter OutputFlag to value 1
Set parameter LogToConsole to value 1
Set parameter MIPGap to value 0.05
Set parameter TimeLimit to value 1200
Set parameter LogFile to value "C:\Users\TECNO-MASTER\Desktop\Elmo_infrastructure_sizing_NP-\output\DCH_septiembre\Bateria_353\Costo_variable\Swap_libre\Swap_variable_3estaciones_160kW_Descomp\station_2_d91_stage1\ELMO_log.txt"
Set parameter Threads to value 1
Set parameter Heuristics to value 0.5
Set parameter MIPFocus to value 3
Set parameter Presolve to value 2
Set parameter FlowCoverCuts to value 2
Gurobi Optimizer version 12.0.3 build v12.0.3rc0 (win64 - Windows 11+.0 (26200.2))

CPU model: Intel(R) Core(TM) i9-14900K, instruction set [SSE2|AVX|AVX2]
Thread count: 24 physical cores, 32 logical processors, using up to 1 threads

Non-default parameters:
TimeLimit  1200
MIPGap  0.05
Heuristics  0.5
MIPFocus  3
FlowCoverCuts  2
Presolve  2
Threads  1

Optimize a model with 26388 rows, 54733 columns and 249736 nonzeros
Model fingerprint: 0x92ca73d8
Variable types: 2129 continuous, 52604 integer (19481 binary)
Coefficient statistics:
  Matrix range     [1e+00, 3e+02]
  Objective range  [1e-02, 8e+04]
  Bounds range     [1e+00, 1e+01]
  RHS range        [1e+00, 1e+04]
    83    85 180636.204   12   57 287478.546 180636.204  37.2%  1020   20s
C:\Users\TECNO-MASTER\anaconda3\lib\site-packages\pandas\core\indexes\base.py:6999: FutureWarning: In a future version, the Index constructor will not infer numeric dtypes when passed object-dtype sequences (matching Series behavior)
  return Index(sequences[0], name=names)
   226   228 180578.842   35   28 284600.591 180578.842  36.6%   691   40s
Presolve removed 23452 rows and 44262 columns
Presolve time: 0.27s
Presolved: 2936 rows, 10471 columns, 34338 nonzeros
Variable types: 824 continuous, 9647 integer (9084 binary)
Found heuristic solution: objective 545236.66184

Root relaxation: objective 1.787162e+05, 14007 iterations, 2.00 seconds (2.20 work units)
Root relaxation presolved: 2936 rows, 10471 columns, 34338 nonzeros

   164   166 180311.763   10   43 289920.718 180311.763  37.8%   759   30s
   182   184 180918.517   21   65 285222.521 180918.517  36.6%   946   35s
H   26    26                    287990.78671 180906.381  37.2%   151   12s
     0     0 181994.115    0   16 543468.135 181994.115  66.5%     -    6s
   512   513 179160.084   36   18 286887.652 179160.084  37.6%  87.1   37s
    11    13 180651.489    6  104 290828.440 180651.489  37.9%   528   10s
H  312   312                    289578.23402 180050.548  37.8%   155   28s
     0     0 181994.115    0   16 543468.135 181994.115  66.5%     -    6s

    Nodes    |    Current Node    |     Objective Bounds      |     Work
 Expl Unexpl |  Obj  Depth IntInf | Incumbent    BestBd   Gap | It/Node Time

     0     0 178716.189    0   47 546465.972 178716.189  67.3%     -    3s
   324   326 179111.514   36   16 288555.925 179111.514  37.9%  73.4   26s
H    0     0                    546271.97833 178716.189  67.3%     -    3s
     0     0 181994.115    0   14 543468.135 181994.115  66.5%     -    7s
     0     0 178716.189    0   38 546271.978 178716.189  67.3%     -    3s
   228   230 179367.372   25   78 266312.648 179367.372  32.6%   915   40s
H    0     0                    542901.76501 181994.115  66.5%     -    7s
Warning: Markowitz tolerance tightened to 0.03125
     0     0 181994.115    0   27 542901.765 181994.115  66.5%     -    7s
     0     0 179412.938    0   87 546271.978 179412.938  67.2%     -    4s
     0     0 179412.938    0   69 546271.978 179412.938  67.2%     -    4s
   104   106 178197.660    9   57 287110.141 178197.660  37.9%   818   25s
    79    81 180503.193   17   80 289891.320 180503.193  37.7%   680   20s
   351   353 180050.548   76   15 289578.234 180050.548  37.8%   144   30s
     0     0 181994.115    0   13 542901.765 181994.115  66.5%     -    8s
   520   518 178498.327   68   30 264795.845 178498.327  32.6%   112   45s
     0     0 181994.115    0   13 542901.765 181994.115  66.5%     -    8s
H    0     0                    542774.92208 181994.115  66.5%     -    8s
    63    65 180906.381   21   16 287990.787 180906.381  37.2%   109   15s
H  378   378                    288549.22856 179111.514  37.9%  68.7   27s

Root relaxation: objective 1.812490e+05, 16888 iterations, 2.99 seconds (3.32 work units)
H    0     0                    326956.26080 181994.115  44.3%     -    9s
H   26    26                    290824.13284 180651.489  37.9%   674   12s
H    0     0                    290012.69332 181994.115  37.2%     -    9s
C:\Users\TECNO-MASTER\anaconda3\lib\site-packages\pandas\core\indexes\base.py:6999: FutureWarning: In a future version, the Index constructor will not infer numeric dtypes when passed object-dtype sequences (matching Series behavior)
  return Index(sequences[0], name=names)
     0     0 179412.938    0   15 546271.978 179412.938  67.2%     -    5s
   231   233 179263.450   16   76 287281.225 179262.556  37.6%  1241   45s
  [Fase 1 (infra libre)] estacion=station_2 dia=152 -> C:\Users\TECNO-MASTER\Desktop\Elmo_infrastructure_sizing_NP-\output\DCH_septiembre\Bateria_353\Costo_variable\Swap_libre\Swap_variable_3estaciones_160kW_Descomp/station_2_d152_stage1
formulation time: 15.284449815750122
Set parameter OutputFlag to value 1
Set parameter OutputFlag to value 1
Set parameter LogToConsole to value 1
Set parameter MIPGap to value 0.05
Set parameter TimeLimit to value 1200
Set parameter LogFile to value "C:\Users\TECNO-MASTER\Desktop\Elmo_infrastructure_sizing_NP-\output\DCH_septiembre\Bateria_353\Costo_variable\Swap_libre\Swap_variable_3estaciones_160kW_Descomp\station_2_d152_stage1\ELMO_log.txt"
Set parameter Threads to value 1
Set parameter Heuristics to value 0.5
Set parameter MIPFocus to value 3
Set parameter Presolve to value 2
Set parameter FlowCoverCuts to value 2
Gurobi Optimizer version 12.0.3 build v12.0.3rc0 (win64 - Windows 11+.0 (26200.2))

CPU model: Intel(R) Core(TM) i9-14900K, instruction set [SSE2|AVX|AVX2]
Thread count: 24 physical cores, 32 logical processors, using up to 1 threads

Non-default parameters:
TimeLimit  1200
MIPGap  0.05
Heuristics  0.5
MIPFocus  3
FlowCoverCuts  2
Presolve  2
Threads  1

Optimize a model with 26388 rows, 54733 columns and 249736 nonzeros
Model fingerprint: 0xb90a6351
Variable types: 2129 continuous, 52604 integer (19481 binary)
Coefficient statistics:
  Matrix range     [1e+00, 3e+02]
  Objective range  [1e-02, 8e+04]
  Bounds range     [1e+00, 1e+01]
  RHS range        [1e+00, 1e+04]
     0     2 181994.115    0   13 290012.693 181994.115  37.2%     -    9s
Presolve removed 23452 rows and 44262 columns
Presolve time: 0.26s
Presolved: 2936 rows, 10471 columns, 34338 nonzeros
Variable types: 824 continuous, 9647 integer (9084 binary)
Found heuristic solution: objective 544707.69891
Root relaxation presolved: 2936 rows, 10471 columns, 34338 nonzeros

     5     7 181994.115    3   26 290012.693 181994.115  37.2%   179   10s
   514   514 179160.084   84   48 286887.652 179160.084  37.6%  86.7   40s
    49    51 179709.872   10   16 287996.881 179709.872  37.6%  1268   20s
     0     0 179412.938    0   21 546271.978 179412.938  67.2%     -    6s

    Nodes    |    Current Node    |     Objective Bounds      |     Work
 Expl Unexpl |  Obj  Depth IntInf | Incumbent    BestBd   Gap | It/Node Time

     0     0 181249.048    0   38 545236.662 181249.048  66.8%     -    4s
     0     0 179412.938    0   40 546271.978 179412.938  67.2%     -    6s
   405   407 179111.514   51   14 288549.229 179111.514  37.9%  67.2   30s
   512   513 180927.318   30   22 291040.509 180927.318  37.8%   100   37s
   260   262 180578.842   11   93 284600.591 180578.842  36.6%   699   45s
   203   205 180918.661   15   76 285222.521 180918.517  36.6%   953   40s
    41    43 180651.489    5   49 290824.133 180651.489  37.9%   617   15s
     0     0 181249.048    0   45 545236.662 181249.048  66.8%     -    5s
     0     0 179412.938    0   24 546271.978 179412.938  67.2%     -    8s
     0     0 182149.607    0   92 545236.662 182149.607  66.6%     -    6s
     0     0 182149.607    0   88 545236.662 182149.607  66.6%     -    6s
     0     0 179412.938    0   24 546271.978 179412.938  67.2%     -    8s
   106   108 180653.953   24   74 287478.546 180636.204  37.2%  1049   26s
H    0     0                    436158.53428 179412.938  58.9%     -    8s
H    0     0                    436105.44170 179412.938  58.9%     -    8s
H    0     0                    435476.66152 179412.938  58.8%     -    8s
H    0     0                    435453.23996 179412.938  58.8%     -    8s
H   52    52                    289910.69247 181994.115  37.2%  23.8   12s
   259   261 179367.372   26   77 266312.648 179367.372  32.6%   925   45s
     0     0 182149.607    0   27 545236.662 182149.607  66.6%     -    7s
H    0     0                    544774.98941 182149.607  66.6%     -    7s

Root relaxation: objective 1.816721e+05, 16881 iterations, 2.89 seconds (3.22 work units)
     0     0 182149.607    0   27 544774.989 182149.607  66.6%     -    7s
H    0     0                    325049.22826 179412.938  44.8%     -    9s
H    0     0                    324345.05741 179412.938  44.7%     -    9s
   524   521 178498.327   69   16 264795.845 178498.327  32.6%   111   50s
C:\Users\TECNO-MASTER\anaconda3\lib\site-packages\pandas\core\indexes\base.py:6999: FutureWarning: In a future version, the Index constructor will not infer numeric dtypes when passed object-dtype sequences (matching Series behavior)
  return Index(sequences[0], name=names)
H    0     0                    323606.82258 179412.938  44.6%     -    9s
H    0     0                    290260.22487 179412.938  38.2%     -    9s
   126   128 178197.660   14   80 287110.141 178197.660  37.9%   827   30s
H    0     0                    289975.26022 179412.938  38.1%     -    9s
H    0     0                    289532.30184 179412.938  38.0%     -    9s
H  416   416                    289508.73457 180050.548  37.8%   132   34s
   203   205 180311.763   29   61 289920.718 180311.763  37.8%   709   37s
   100   102 180503.193    9  111 289891.320 180503.193  37.7%   769   25s
   420   422 180050.548   94   12 289508.735 180050.548  37.8%   131   35s
  [Fase 1 (infra libre)] estacion=station_2 dia=305 -> C:\Users\TECNO-MASTER\Desktop\Elmo_infrastructure_sizing_NP-\output\DCH_septiembre\Bateria_353\Costo_variable\Swap_libre\Swap_variable_3estaciones_160kW_Descomp/station_2_d305_stage1
formulation time: 16.066627502441406
Set parameter OutputFlag to value 1
Set parameter OutputFlag to value 1
Set parameter LogToConsole to value 1
Set parameter MIPGap to value 0.05
Set parameter TimeLimit to value 1200
Set parameter LogFile to value "C:\Users\TECNO-MASTER\Desktop\Elmo_infrastructure_sizing_NP-\output\DCH_septiembre\Bateria_353\Costo_variable\Swap_libre\Swap_variable_3estaciones_160kW_Descomp\station_2_d305_stage1\ELMO_log.txt"
Set parameter Threads to value 1
Set parameter Heuristics to value 0.5
Set parameter MIPFocus to value 3
Set parameter Presolve to value 2
Set parameter FlowCoverCuts to value 2
Gurobi Optimizer version 12.0.3 build v12.0.3rc0 (win64 - Windows 11+.0 (26200.2))

CPU model: Intel(R) Core(TM) i9-14900K, instruction set [SSE2|AVX|AVX2]
Thread count: 24 physical cores, 32 logical processors, using up to 1 threads

Non-default parameters:
TimeLimit  1200
MIPGap  0.05
Heuristics  0.5
MIPFocus  3
FlowCoverCuts  2
Presolve  2
Threads  1

Optimize a model with 26358 rows, 54733 columns and 249676 nonzeros
Model fingerprint: 0xae16bd8d
Variable types: 2129 continuous, 52604 integer (19481 binary)
Coefficient statistics:
  Matrix range     [1e+00, 3e+02]
  Objective range  [1e-01, 8e+04]
  Bounds range     [1e+00, 1e+01]
  RHS range        [1e+00, 1e+04]
     0     0 182149.607    0   17 544774.989 182149.607  66.6%     -    7s
     0     0 182149.607    0   45 544774.989 182149.607  66.6%     -    7s
Presolve removed 23476 rows and 44287 columns
Presolve time: 0.30s
Presolved: 2882 rows, 10446 columns, 34356 nonzeros
Variable types: 824 continuous, 9622 integer (9084 binary)
Found heuristic solution: objective 543741.58305
Root relaxation presolved: 2882 rows, 10446 columns, 34356 nonzeros

H    0     0                    289530.89751 179412.938  38.0%     -   10s
     0     2 179412.938    0   22 289530.898 179412.938  38.0%     -   10s
H   78    78                    289767.80322 181994.115  37.2%  19.8   14s

    Nodes    |    Current Node    |     Objective Bounds      |     Work
 Expl Unexpl |  Obj  Depth IntInf | Incumbent    BestBd   Gap | It/Node Time

     0     0 181672.084    0   31 544707.699 181672.084  66.6%     -    4s
   101   103 180906.381   35  118 287990.787 180906.381  37.2%   177   20s
   514   514 180927.318   84   46 291040.509 180927.318  37.8%  99.3   41s
   257   259 179262.556   14   64 287281.225 179262.556  37.6%  1231   50s
     0     0 182149.607    0   10 544774.989 182149.607  66.6%     -    9s
H    0     0                    544771.83409 182149.607  66.6%     -    9s
    68    70 179709.872   10   23 287996.881 179709.872  37.6%  1221   25s
     0     0 182149.607    0   24 544771.834 182149.607  66.6%     -    9s
    91    93 181994.115   46   26 289767.803 181994.115  37.2%  29.9   15s
     0     0 181678.808    0   35 544707.699 181678.808  66.6%     -    5s
H  260   260                    287235.51920 179262.556  37.6%  1222   50s
     0     0 182684.656    0   51 544707.699 182684.656  66.5%     -    5s
     0     0 182684.656    0   52 544707.699 182684.656  66.5%     -    5s
H  468   468                    287996.23296 179111.514  37.8%  63.7   34s
H  442   442                    289479.86958 180050.548  37.8%   146   37s
   128   130 180636.360   11   60 287478.546 180636.204  37.2%  1035   30s
   522   520 179160.084   83   26 286887.652 179160.084  37.6%  85.4   46s
     0     0 182149.607    0   15 544771.834 182149.607  66.6%     -    9s
H    0     0                    292777.86887 182149.607  37.8%     -   10s
H    0     0                    292224.69374 182149.607  37.7%     -   10s
     0     0 182149.607    0   43 292224.694 182149.607  37.7%     -   10s
H  260   260                    287162.67454 179262.556  37.6%  1222   51s
  [Fase 1 (infra libre)] estacion=station_3 dia=213 -> C:\Users\TECNO-MASTER\Desktop\Elmo_infrastructure_sizing_NP-\output\DCH_septiembre\Bateria_353\Costo_variable\Swap_libre\Swap_variable_3estaciones_160kW_Descomp/station_3_d213_stage1
formulation time: 15.494510412216187
Set parameter OutputFlag to value 1
Set parameter OutputFlag to value 1
Set parameter LogToConsole to value 1
Set parameter MIPGap to value 0.05
Set parameter TimeLimit to value 1200
Set parameter LogFile to value "C:\Users\TECNO-MASTER\Desktop\Elmo_infrastructure_sizing_NP-\output\DCH_septiembre\Bateria_353\Costo_variable\Swap_libre\Swap_variable_3estaciones_160kW_Descomp\station_3_d213_stage1\ELMO_log.txt"
Set parameter Threads to value 1
Set parameter Heuristics to value 0.5
Set parameter MIPFocus to value 3
Set parameter Presolve to value 2
Set parameter FlowCoverCuts to value 2
Gurobi Optimizer version 12.0.3 build v12.0.3rc0 (win64 - Windows 11+.0 (26200.2))

CPU model: Intel(R) Core(TM) i9-14900K, instruction set [SSE2|AVX|AVX2]
Thread count: 24 physical cores, 32 logical processors, using up to 1 threads

Non-default parameters:
TimeLimit  1200
MIPGap  0.05
Heuristics  0.5
MIPFocus  3
FlowCoverCuts  2
Presolve  2
Threads  1

Optimize a model with 26358 rows, 53707 columns and 244686 nonzeros
Model fingerprint: 0x371b4537
Variable types: 2099 continuous, 51608 integer (18485 binary)
Coefficient statistics:
  Matrix range     [1e+00, 3e+02]
  Objective range  [8e-03, 8e+04]
  Bounds range     [1e+00, 1e+01]
  RHS range        [1e+00, 1e+04]
   486   488 179111.514   65   12 287996.233 179111.514  37.8%  62.9   35s
   286   288 180578.842   43   76 284600.591 180578.842  36.6%   712   50s
   216   218 180311.763   31   87 289920.718 180311.763  37.8%   752   40s
Presolve removed 23422 rows and 43748 columns
Presolve time: 0.28s
Presolved: 2936 rows, 9959 columns, 32928 nonzeros
Variable types: 824 continuous, 9135 integer (8566 binary)

Root relaxation: objective 1.809407e+05, 14847 iterations, 2.35 seconds (2.53 work units)
Root relaxation presolved: 2936 rows, 9959 columns, 32928 nonzeros

   227   229 185834.065   30  139 285222.521 180918.517  36.6%   968   45s
     0     0 182684.656    0   20 544707.699 182684.656  66.5%     -    6s
     0     0 182149.607    0   20 292224.694 182149.607  37.7%     -   10s
C:\Users\TECNO-MASTER\anaconda3\lib\site-packages\pandas\core\indexes\base.py:6999: FutureWarning: In a future version, the Index constructor will not infer numeric dtypes when passed object-dtype sequences (matching Series behavior)
  return Index(sequences[0], name=names)
    62    64 180651.489    4   83 290824.133 180651.489  37.9%   700   20s
     0     0 182684.656    0   23 544707.699 182684.656  66.5%     -    7s
     0     0 182149.607    0   20 292224.694 182149.607  37.7%     -   11s

    Nodes    |    Current Node    |     Objective Bounds      |     Work
 Expl Unexpl |  Obj  Depth IntInf | Incumbent    BestBd   Gap | It/Node Time

     0     0 180940.695    0   43 543741.583 180940.695  66.7%     -    3s
H    0     0                    291504.46497 182149.607  37.5%     -   11s
     0     2 182149.607    0   20 291504.465 182149.607  37.5%     -   11s
H    0     0                    543581.12452 180940.695  66.7%     -    3s
   283   285 179367.372   16  108 266312.648 179367.372  32.6%   931   50s
   154   156 178197.660    9  103 287110.141 178197.660  37.9%   855   35s
   125   127 180503.193    9   99 289891.320 180503.193  37.7%   817   30s
   490   492 180050.548   94   15 289479.870 180050.548  37.8%   147   40s
   528   524 178498.327   66   16 264795.845 178498.327  32.6%   111   55s
   518   517 180927.318   54   30 291040.509 180927.318  37.8%  98.6   45s
     0     0 180940.695    0   30 543581.125 180940.695  66.7%     -    4s
     0     0 182684.656    0   18 544707.699 182684.656  66.5%     -    8s
     0     0 181528.569    0   47 543581.125 181528.569  66.6%     -    4s
H  270   270                    286619.79707 179262.556  37.5%  1211   54s
H    0     0                    293156.67957 182684.656  37.7%     -    9s
     0     0 182684.656    0   33 293156.680 182684.656  37.7%     -    9s
    52    54 179412.938   24   19 289530.898 179412.938  38.0%  43.2   15s
   117   119 180906.381   38   10 287990.787 180906.381  37.2%   220   25s
     0     0 181528.569    0   25 543581.125 181528.569  66.6%     -    5s
     0     0 181528.569    0   31 543581.125 181528.569  66.6%     -    5s

Root relaxation: objective 1.807993e+05, 17183 iterations, 3.14 seconds (3.20 work units)
     0     0 182684.656    0   28 293156.680 182684.656  37.7%     -    9s
H    0     0                    293139.06953 182684.656  37.7%     -   10s
     0     0 182684.656    0   32 293139.070 182684.656  37.7%     -   10s
   217   219 181994.115  110   17 289767.803 181994.115  37.2%  21.4   20s
   270   272 179272.571   13  108 286619.797 179262.556  37.5%  1222   55s
    82    84 179709.872   17  101 287996.881 179709.872  37.6%  1271   30s
  [Fase 1 (infra libre)] estacion=station_3 dia=121 -> C:\Users\TECNO-MASTER\Desktop\Elmo_infrastructure_sizing_NP-\output\DCH_septiembre\Bateria_353\Costo_variable\Swap_libre\Swap_variable_3estaciones_160kW_Descomp/station_3_d121_stage1
formulation time: 16.3392596244812
Set parameter OutputFlag to value 1
Set parameter OutputFlag to value 1
Set parameter LogToConsole to value 1
Set parameter MIPGap to value 0.05
Set parameter TimeLimit to value 1200
Set parameter LogFile to value "C:\Users\TECNO-MASTER\Desktop\Elmo_infrastructure_sizing_NP-\output\DCH_septiembre\Bateria_353\Costo_variable\Swap_libre\Swap_variable_3estaciones_160kW_Descomp\station_3_d121_stage1\ELMO_log.txt"
Set parameter Threads to value 1
Set parameter Heuristics to value 0.5
Set parameter MIPFocus to value 3
Set parameter Presolve to value 2
Set parameter FlowCoverCuts to value 2
Gurobi Optimizer version 12.0.3 build v12.0.3rc0 (win64 - Windows 11+.0 (26200.2))

CPU model: Intel(R) Core(TM) i9-14900K, instruction set [SSE2|AVX|AVX2]
Thread count: 24 physical cores, 32 logical processors, using up to 1 threads

Non-default parameters:
TimeLimit  1200
MIPGap  0.05
Heuristics  0.5
MIPFocus  3
FlowCoverCuts  2
Presolve  2
Threads  1

Optimize a model with 26358 rows, 53707 columns and 244686 nonzeros
Model fingerprint: 0x12e134fa
Variable types: 2099 continuous, 51608 integer (18485 binary)
Coefficient statistics:
  Matrix range     [1e+00, 3e+02]
  Objective range  [8e-03, 8e+04]
  Bounds range     [1e+00, 1e+01]
  RHS range        [1e+00, 1e+04]
H   27    27                    291466.83161 182149.607  37.5%   146   14s
H   27    27                    289946.31999 182149.607  37.2%   146   14s
   528   524 179160.084   83   27 286887.652 179160.084  37.6%  84.4   50s
Presolve removed 23428 rows and 43754 columns
Presolve time: 0.27s
Presolved: 2930 rows, 9953 columns, 32790 nonzeros
Variable types: 824 continuous, 9129 integer (8566 binary)
Root relaxation presolved: 2930 rows, 9953 columns, 32790 nonzeros

C:\Users\TECNO-MASTER\anaconda3\lib\site-packages\pandas\core\indexes\base.py:6999: FutureWarning: In a future version, the Index constructor will not infer numeric dtypes when passed object-dtype sequences (matching Series behavior)
  return Index(sequences[0], name=names)
     0     0 182684.656    0   54 293139.070 182684.656  37.7%     -   10s
H  494   494                    288479.10836 180050.548  37.6%   146   42s
   160   162 180636.204   11   39 287478.546 180636.204  37.2%  1007   35s

    Nodes    |    Current Node    |     Objective Bounds      |     Work
 Expl Unexpl |  Obj  Depth IntInf | Incumbent    BestBd   Gap | It/Node Time

     0     0 180799.268    0   37          - 180799.268      -     -    4s
    33    35 182149.607   17   45 289946.320 182149.607  37.2%   166   15s
     0     0 182684.656    0   16 293139.070 182684.656  37.7%     -   11s
     0     0 181528.569    0   31 543581.125 181528.569  66.6%     -    7s
     0     0 181528.569    0   34 543581.125 181528.569  66.6%     -    7s
   236   238 180313.564   21   99 289920.718 180311.763  37.8%   821   45s
   312   314 180578.842   15   56 284600.591 180578.842  36.6%   715   55s
H    0     0                    293121.45950 182684.656  37.7%     -   11s
     0     2 182684.656    0   16 293121.459 182684.656  37.7%     -   11s
H  260   260                    289194.77084 181994.115  37.1%  23.8   21s
     0     0 181819.845    0   19          - 181819.845      -     -    5s
    85    87 180651.489   23  153 290824.133 180651.489  37.9%   772   25s
   260   262 180918.517   35   44 285222.521 180918.517  36.6%   948   50s
     0     0 181528.569    0   22 543581.125 181528.569  66.6%     -    8s
     0     0 181819.845    0   24          - 181819.845      -     -    6s
     0     0 181819.845    0   28          - 181819.845      -     -    6s
H  286   286                    289109.22507 181994.115  37.1%  27.8   22s
   303   305 179367.372   13   81 266312.648 179367.372  32.6%   959   55s
   180   182 178206.233    7  140 287110.141 178197.660  37.9%   861   40s
     0     0 181528.569    0   21 543581.125 181528.569  66.6%     -    9s
   152   154 180503.193   21   36 289891.320 180503.193  37.7%   869   35s

Root relaxation: objective 1.797246e+05, 16819 iterations, 2.87 seconds (2.86 work units)
   535   528 178498.327   46   18 264795.845 178498.327  32.6%   109   60s
     0     0 181528.569    0   19 543581.125 181528.569  66.6%     -    9s
   525   522 180927.318   10   23 291040.509 180927.318  37.8%  97.2   50s
H  286   286                    286518.85487 179262.556  37.4%  1231   59s
H    0     0                    543225.49744 181528.569  66.6%     -   10s
H  182   182                    287106.45509 178197.660  37.9%   858   40s
H  156   156                    289865.32209 180503.193  37.7%   855   35s
   108   110 179412.938   30   23 289530.898 179412.938  38.0%  44.5   20s
  [Fase 1 (infra libre)] estacion=station_3 dia=182 -> C:\Users\TECNO-MASTER\Desktop\Elmo_infrastructure_sizing_NP-\output\DCH_septiembre\Bateria_353\Costo_variable\Swap_libre\Swap_variable_3estaciones_160kW_Descomp/station_3_d182_stage1
formulation time: 16.910226583480835
Set parameter OutputFlag to value 1
Set parameter OutputFlag to value 1
Set parameter LogToConsole to value 1
Set parameter MIPGap to value 0.05
Set parameter TimeLimit to value 1200
Set parameter LogFile to value "C:\Users\TECNO-MASTER\Desktop\Elmo_infrastructure_sizing_NP-\output\DCH_septiembre\Bateria_353\Costo_variable\Swap_libre\Swap_variable_3estaciones_160kW_Descomp\station_3_d182_stage1\ELMO_log.txt"
Set parameter Threads to value 1
Set parameter Heuristics to value 0.5
Set parameter MIPFocus to value 3
Set parameter Presolve to value 2
Set parameter FlowCoverCuts to value 2
H  312   312                    289023.67930 181994.115  37.0%  27.2   23s
Gurobi Optimizer version 12.0.3 build v12.0.3rc0 (win64 - Windows 11+.0 (26200.2))

CPU model: Intel(R) Core(TM) i9-14900K, instruction set [SSE2|AVX|AVX2]
Thread count: 24 physical cores, 32 logical processors, using up to 1 threads

Non-default parameters:
TimeLimit  1200
MIPGap  0.05
Heuristics  0.5
MIPFocus  3
FlowCoverCuts  2
Presolve  2
Threads  1

Optimize a model with 26358 rows, 53707 columns and 244686 nonzeros
Model fingerprint: 0x36bd9c1c
Variable types: 2099 continuous, 51608 integer (18485 binary)
Coefficient statistics:
  Matrix range     [1e+00, 3e+02]
  Objective range  [1e-02, 8e+04]
  Bounds range     [1e+00, 1e+01]
  RHS range        [1e+00, 1e+04]
   212   214 180906.381   62    8 287990.787 180906.381  37.2%   157   30s
H    0     0                    325499.61366 181528.569  44.2%     -   10s
H    0     0                    291393.17719 181528.569  37.7%     -   10s
Presolve removed 23428 rows and 43754 columns
Presolve time: 0.31s
Presolved: 2930 rows, 9953 columns, 32790 nonzeros
Variable types: 824 continuous, 9129 integer (8566 binary)
H    0     0                    290503.58830 181528.569  37.5%     -   10s
     0     2 181528.569    0   17 290503.588 181528.569  37.5%     -   10s
Root relaxation presolved: 2930 rows, 9953 columns, 32790 nonzeros

     0     0 181819.845    0   27          - 181819.845      -     -    8s
   514   514 179111.514   65   36 287996.233 179111.514  37.8%  61.4   43s
C:\Users\TECNO-MASTER\anaconda3\lib\site-packages\pandas\core\indexes\base.py:6999: FutureWarning: In a future version, the Index constructor will not infer numeric dtypes when passed object-dtype sequences (matching Series behavior)
  return Index(sequences[0], name=names)

    Nodes    |    Current Node    |     Objective Bounds      |     Work
 Expl Unexpl |  Obj  Depth IntInf | Incumbent    BestBd   Gap | It/Node Time

     0     0 179724.595    0   42          - 179724.595      -     -    4s
   290   292 179262.881   18  101 286518.855 179262.556  37.4%  1230   60s
     0     0 181819.845    0    9          - 181819.845      -     -    8s
    12    14 182684.656    6  143 293121.459 182684.656  37.7%  1367   15s
H  182   182                    286370.67355 180636.204  36.9%   992   39s
H  338   338                    289002.03056 181994.115  37.0%  27.4   25s
   512   513 180050.548    5   14 288479.108 180050.548  37.6%   142   46s
H  338   338                    288675.89381 181994.115  37.0%  27.4   25s
   537   532 179160.084   11   65 286887.652 179160.084  37.6%   173   55s
     0     0 179885.949    0   39          - 179885.949      -     -    5s
   182   184 180636.204    6   72 286370.674 180636.204  36.9%   996   40s
    94    96 179709.872   23  103 287996.881 179709.872  37.6%  1253   35s
     0     0 180906.381    0   65          - 180906.381      -     -    5s
     0     0 180906.381    0   69          - 180906.381      -     -    5s
    64    66 182149.607   17   67 289946.320 182149.607  37.2%   246   20s
   258   260 180312.300   25   94 289920.718 180311.763  37.8%   871   50s
   338   340 180578.842    8  120 284600.591 180578.842  36.6%   733   60s
     0     0 180906.381    0   33          - 180906.381      -     -    6s
     0     0 180906.381    0   82          - 180906.381      -     -    6s
    99   101 180651.489   30   23 290824.133 180651.489  37.9%   851   30s

Root relaxation: objective 1.815269e+05, 16694 iterations, 2.96 seconds (2.90 work units)
  [Fase 1 (infra libre)] estacion=station_3 dia=60 -> C:\Users\TECNO-MASTER\Desktop\Elmo_infrastructure_sizing_NP-\output\DCH_septiembre\Bateria_353\Costo_variable\Swap_libre\Swap_variable_3estaciones_160kW_Descomp/station_3_d60_stage1
formulation time: 17.1350154876709
Set parameter OutputFlag to value 1
Set parameter OutputFlag to value 1
Set parameter LogToConsole to value 1
Set parameter MIPGap to value 0.05
Set parameter TimeLimit to value 1200
Set parameter LogFile to value "C:\Users\TECNO-MASTER\Desktop\Elmo_infrastructure_sizing_NP-\output\DCH_septiembre\Bateria_353\Costo_variable\Swap_libre\Swap_variable_3estaciones_160kW_Descomp\station_3_d60_stage1\ELMO_log.txt"
Set parameter Threads to value 1
Set parameter Heuristics to value 0.5
Set parameter MIPFocus to value 3
Set parameter Presolve to value 2
Set parameter FlowCoverCuts to value 2
Gurobi Optimizer version 12.0.3 build v12.0.3rc0 (win64 - Windows 11+.0 (26200.2))

CPU model: Intel(R) Core(TM) i9-14900K, instruction set [SSE2|AVX|AVX2]
Thread count: 24 physical cores, 32 logical processors, using up to 1 threads

Non-default parameters:
TimeLimit  1200
MIPGap  0.05
Heuristics  0.5
MIPFocus  3
FlowCoverCuts  2
Presolve  2
Threads  1

Optimize a model with 26328 rows, 53707 columns and 244626 nonzeros
Model fingerprint: 0x0d2d6a8b
Variable types: 2099 continuous, 51608 integer (18485 binary)
Coefficient statistics:
  Matrix range     [1e+00, 3e+02]
  Objective range  [9e-03, 8e+04]
  Bounds range     [1e+00, 1e+01]
  RHS range        [1e+00, 1e+04]
   517   516 179111.514   49   22 287996.233 179111.514  37.8%  61.0   46s
Presolve removed 23458 rows and 43785 columns
Presolve time: 0.28s
Presolved: 2870 rows, 9922 columns, 32670 nonzeros
Variable types: 824 continuous, 9098 integer (8566 binary)
Root relaxation presolved: 2870 rows, 9922 columns, 32670 nonzeros

   326   328 179367.372    7   89 266312.648 179367.372  32.6%   943   60s
H  270   270                    289669.34616 180311.763  37.8%   849   51s
H   78    78                    289877.82545 182149.607  37.2%   289   22s
   552   542 178498.327   11   13 264795.845 178498.327  32.6%   205   65s
     0     0 180906.381    0   10          - 180906.381      -     -    8s
   182   184 180503.193    9   46 289865.322 180503.193  37.7%   891   40s
     0     0 180906.381    0   10          - 180906.381      -     -    8s

    Nodes    |    Current Node    |     Objective Bounds      |     Work
 Expl Unexpl |  Obj  Depth IntInf | Incumbent    BestBd   Gap | It/Node Time

     0     0 181526.873    0   27          - 181526.873      -     -    4s
C:\Users\TECNO-MASTER\anaconda3\lib\site-packages\pandas\core\indexes\base.py:6999: FutureWarning: In a future version, the Index constructor will not infer numeric dtypes when passed object-dtype sequences (matching Series behavior)
  return Index(sequences[0], name=names)
   514   514 180050.548   28   38 288479.108 180050.548  37.6%   142   50s
   202   204 178197.660   12  115 287106.455 178197.660  37.9%   890   45s
   536   531 180927.318   15   42 291040.509 180927.318  37.8%   184   55s
   174   176 179412.938   41   21 289530.898 179412.938  38.0%  41.4   25s
    16    18 181528.569    8  156 290503.588 181528.569  37.5%  1066   15s
   277   279 180906.381   72    8 287990.787 180906.381  37.2%   129   35s
     0     0 180906.381    0    9          - 180906.381      -     -    8s
     0     0 180906.381    0   48          - 180906.381      -     -    9s
     0     0 182782.021    0   22          - 182782.021      -     -    5s
     0     0 182782.021    0   34          - 182782.021      -     -    5s
   556   544 179160.084   18  163 286887.652 179160.084  37.6%   196   60s
   286   288 180918.517   38   47 285222.521 180918.517  36.6%   909   58s
    28    30 182684.656    3  122 293121.459 182684.656  37.7%  1291   20s
   312   314 179262.556    6  141 286518.855 179262.556  37.4%  1215   65s

Root relaxation: objective 1.788900e+05, 15067 iterations, 2.27 seconds (2.33 work units)
H  189   189                    289811.73818 180503.193  37.7%   903   42s
     0     0 182782.021    0   11          - 182782.021      -     -    6s
     0     0 180906.381    0   14          - 180906.381      -     -   10s
     0     0 182782.021    0   13          - 182782.021      -     -    6s
     0     0 180906.381    0   26          - 180906.381      -     -   10s
   208   210 181117.320   28   60 286370.674 180636.204  36.9%  1013   45s
   106   108 182149.607   26   13 289877.825 182149.607  37.2%   222   25s
   294   296 180313.564   20  111 289669.346 180311.763  37.8%   840   55s
H  216   216                    286458.48951 178197.660  37.8%   888   48s

    Nodes    |    Current Node    |     Objective Bounds      |     Work
 Expl Unexpl |  Obj  Depth IntInf | Incumbent    BestBd   Gap | It/Node Time

     0     0 178889.973    0   34          - 178889.973      -     -    3s
H    0     0                    408279.94466 178889.973  56.2%     -    3s
     0     0 182782.021    0   23          - 182782.021      -     -    7s
H    0     0                    408262.16653 178889.973  56.2%     -    3s
     0     0 182782.021    0   49          - 182782.021      -     -    7s
   297   299 180918.517   36   90 285222.521 180918.517  36.6%   898   60s
   416   418 181994.115  210   17 288675.894 181994.115  37.0%  26.3   31s
   116   118 180651.489   34   74 290824.133 180651.489  37.9%   810   35s
     0     2 181819.845    0    9          - 181819.845      -     -   15s
   521   519 179111.514   50   38 287996.233 179111.514  37.8%  60.6   50s
     0     0 180906.381    0   13          - 180906.381      -     -   11s
H  216   216                    286048.50554 178197.660  37.7%   888   48s
   364   366 180578.842   59   88 284600.591 180578.842  36.6%   742   65s
     0     0 178904.635    0   38 408262.167 178904.635  56.2%     -    4s
H  216   216                    286044.88717 178197.660  37.7%   888   48s
H  216   216                    286043.72575 178197.660  37.7%   888   48s
H  216   216                    286040.44645 178197.660  37.7%   888   49s
H   26    26                    290501.60098 181528.569  37.5%  1168   18s
  [Fase 1 (infra libre)] estacion=station_2 dia=213 -> C:\Users\TECNO-MASTER\Desktop\Elmo_infrastructure_sizing_NP-\output\DCH_septiembre\Bateria_353\Costo_variable\Swap_libre\Swap_variable_3estaciones_160kW_Descomp/station_2_d213_stage1
formulation time: 18.5518696308136
Set parameter OutputFlag to value 1
Set parameter OutputFlag to value 1
Set parameter LogToConsole to value 1
Set parameter MIPGap to value 0.05
Set parameter TimeLimit to value 1200
Set parameter LogFile to value "C:\Users\TECNO-MASTER\Desktop\Elmo_infrastructure_sizing_NP-\output\DCH_septiembre\Bateria_353\Costo_variable\Swap_libre\Swap_variable_3estaciones_160kW_Descomp\station_2_d213_stage1\ELMO_log.txt"
Set parameter Threads to value 1
Set parameter Heuristics to value 0.5
Set parameter MIPFocus to value 3
Set parameter Presolve to value 2
Set parameter FlowCoverCuts to value 2
Gurobi Optimizer version 12.0.3 build v12.0.3rc0 (win64 - Windows 11+.0 (26200.2))

CPU model: Intel(R) Core(TM) i9-14900K, instruction set [SSE2|AVX|AVX2]
Thread count: 24 physical cores, 32 logical processors, using up to 1 threads

Non-default parameters:
TimeLimit  1200
MIPGap  0.05
Heuristics  0.5
MIPFocus  3
FlowCoverCuts  2
Presolve  2
Threads  1

Optimize a model with 26388 rows, 54733 columns and 249736 nonzeros
Model fingerprint: 0x0e6ef755
Variable types: 2129 continuous, 52604 integer (19481 binary)
Coefficient statistics:
  Matrix range     [1e+00, 3e+02]
  Objective range  [8e-03, 8e+04]
  Bounds range     [1e+00, 1e+01]
  RHS range        [1e+00, 1e+04]
     0     0 179709.872    0   51 408262.167 179709.872  56.0%     -    4s
     0     0 180906.381    0   13          - 180906.381      -     -   12s
H  130   130                    289328.80922 182149.607  37.0%   188   26s
Presolve removed 23446 rows and 44256 columns
Presolve time: 0.30s
Presolved: 2942 rows, 10477 columns, 34476 nonzeros
Variable types: 824 continuous, 9653 integer (9084 binary)
     0     0 182782.021    0   14          - 182782.021      -     -    8s
Root relaxation presolved: 2942 rows, 10477 columns, 34476 nonzeros

     0     0 182782.021    0   53          - 182782.021      -     -    8s
   351   353 179884.424   16   94 266312.648 179367.372  32.6%   951   65s
   106   108 179709.872   29  121 287996.881 179709.872  37.6%  1182   42s
     0     0 179709.872    0   34 408262.167 179709.872  56.0%     -    5s
H    0     0                    408261.33313 179709.872  56.0%     -    5s
     0     0 179709.872    0   32 408261.333 179709.872  56.0%     -    5s
   221   223 178197.660    9  105 286040.446 178197.660  37.7%   916   50s
   573   556 178498.327   19   16 264795.845 178498.327  32.6%   212   70s
     0     0 182782.021    0   15          - 182782.021      -     -    9s
C:\Users\TECNO-MASTER\anaconda3\lib\site-packages\pandas\core\indexes\base.py:6999: FutureWarning: In a future version, the Index constructor will not infer numeric dtypes when passed object-dtype sequences (matching Series behavior)
  return Index(sequences[0], name=names)
H  243   243                    289392.43563 179412.938  38.0%  38.6   29s
   201   203 180503.193   22   77 289811.738 180503.193  37.7%   921   45s
H  460   460                    288471.89211 181994.115  36.9%  26.0   33s
   570   554 180927.318   28   52 291040.509 180927.318  37.8%   190   60s
     0     0 182782.021    0   15          - 182782.021      -     -    9s
   520   518 180050.548   66   23 288479.108 180050.548  37.6%   140   55s
   260   262 179412.938   55   19 289392.436 179412.938  38.0%  38.5   30s
    32    34 181528.569   16  108 290501.601 181528.569  37.5%  1106   20s
   378   380 180906.381   62    8 287990.787 180906.381  37.2%   104   40s
     0     0 179709.872    0   18 408261.333 179709.872  56.0%     -    6s
   332   334 179262.556   20   20 286518.855 179262.556  37.4%  1219   70s
     0     0 179709.872    0   18 408261.333 179709.872  56.0%     -    7s
   578   559 179160.084   22   83 286887.652 179160.084  37.6%   219   65s
    44    46 182684.656   11  167 293121.459 182684.656  37.7%  1319   25s
   496   498 181994.115  250   13 288471.892 181994.115  36.9%  25.4   35s
   116   118 179709.872   32   84 287996.881 179709.872  37.6%  1195   45s
     0     0 179709.872    0   19 408261.333 179709.872  56.0%     -    8s
   239   241 180636.204   34   83 286370.674 180636.204  36.9%  1019   50s
Warning: Markowitz tolerance tightened to 0.03125
H  588   537                    264795.01194 178498.327  32.6%   218   72s

Root relaxation: objective 1.809552e+05, 16772 iterations, 3.28 seconds (3.04 work units)
   186   188 182149.607   39   13 289328.809 182149.607  37.0%   142   30s
   312   314 180311.763   45   83 289669.346 180311.763  37.8%   854   60s
    28    30 181819.845    7   87          - 181819.845      -   849   20s
   532   526 179111.514   53   32 287996.233 179111.514  37.8%  59.3   55s
   378   380 180578.909   41   49 284600.591 180578.842  36.6%   774   70s
     0     0 179709.872    0   11 408261.333 179709.872  56.0%     -    9s
   318   320 180918.517   24   57 285222.521 180918.517  36.6%   904   65s
H    0     0                    287924.74451 179709.872  37.6%     -    9s
     0     0 179709.872    0   11 287924.745 179709.872  37.6%     -    9s
  [Fase 1 (infra libre)] estacion=station_2 dia=274 -> C:\Users\TECNO-MASTER\Desktop\Elmo_infrastructure_sizing_NP-\output\DCH_septiembre\Bateria_353\Costo_variable\Swap_libre\Swap_variable_3estaciones_160kW_Descomp/station_2_d274_stage1
formulation time: 18.822071075439453
Set parameter OutputFlag to value 1
Set parameter OutputFlag to value 1
Set parameter LogToConsole to value 1
Set parameter MIPGap to value 0.05
Set parameter TimeLimit to value 1200
Set parameter LogFile to value "C:\Users\TECNO-MASTER\Desktop\Elmo_infrastructure_sizing_NP-\output\DCH_septiembre\Bateria_353\Costo_variable\Swap_libre\Swap_variable_3estaciones_160kW_Descomp\station_2_d274_stage1\ELMO_log.txt"
Set parameter Threads to value 1
Set parameter Heuristics to value 0.5
Set parameter MIPFocus to value 3
Set parameter Presolve to value 2
Set parameter FlowCoverCuts to value 2
Gurobi Optimizer version 12.0.3 build v12.0.3rc0 (win64 - Windows 11+.0 (26200.2))

CPU model: Intel(R) Core(TM) i9-14900K, instruction set [SSE2|AVX|AVX2]
Thread count: 24 physical cores, 32 logical processors, using up to 1 threads

Non-default parameters:
TimeLimit  1200
MIPGap  0.05
Heuristics  0.5
MIPFocus  3
FlowCoverCuts  2
Presolve  2
Threads  1

Optimize a model with 26358 rows, 54733 columns and 249676 nonzeros
Model fingerprint: 0x80e33f75
Variable types: 2129 continuous, 52604 integer (19481 binary)
Coefficient statistics:
  Matrix range     [1e+00, 3e+02]
  Objective range  [4e-03, 8e+04]
  Bounds range     [1e+00, 1e+01]
  RHS range        [1e+00, 1e+04]
   136   138 180651.489   43  107 290824.133 180651.489  37.9%   857   40s

    Nodes    |    Current Node    |     Objective Bounds      |     Work
 Expl Unexpl |  Obj  Depth IntInf | Incumbent    BestBd   Gap | It/Node Time

     0     0 180955.224    0   45          - 180955.224      -     -    4s
Presolve removed 23480 rows and 44291 columns
Presolve time: 0.33s
Presolved: 2878 rows, 10442 columns, 34256 nonzeros
Variable types: 824 continuous, 9618 integer (9084 binary)
Found heuristic solution: objective 544815.64161
Root relaxation presolved: 2878 rows, 10442 columns, 34256 nonzeros

H   52    52                    293111.53541 182684.656  37.7%  1247   27s
     0     0 179709.872    0   14 287924.745 179709.872  37.6%     -    9s
H  130   130                    287995.80101 179709.872  37.6%  1145   47s
     0     0 179709.872    0   13 287924.745 179709.872  37.6%     -   10s
   376   378 179780.718   15  133 266312.648 179367.372  32.6%   960   70s
     0     2 179709.872    0   10 287924.745 179709.872  37.6%     -   10s
     0     0 180955.224    0   44          - 180955.224      -     -    5s
   247   249 178398.830   11   83 286040.446 178197.660  37.7%   948   55s
   599   546 178498.327   19   34 264795.012 178498.327  32.6%   215   75s
   220   222 180503.193   18   68 289811.738 180503.193  37.7%   929   50s
   596   571 180927.318   22   19 291040.509 180927.318  37.8%   193   65s
   526   522 180050.548   80   31 288479.108 180050.548  37.6%   139   60s
     0     0 181819.845    0   69          - 181819.845      -     -    6s
     0     0 181819.845    0  115          - 181819.845      -     -    6s
H  234   234                    289325.17567 182149.607  37.0%   123   32s
   367   369 179412.938   77   19 289392.436 179412.938  38.0%  37.9   35s
    51    53 181528.569   26  129 290501.601 181528.569  37.5%  1051   25s
   455   457 180906.381   73    8 287990.787 180906.381  37.2%   102   45s
H   52    52                    290497.62634 181528.569  37.5%  1031   25s
   350   352 179262.556    7  139 286518.855 179262.556  37.4%  1229   75s
  [Fase 1 (infra libre)] estacion=station_3 dia=152 -> C:\Users\TECNO-MASTER\Desktop\Elmo_infrastructure_sizing_NP-\output\DCH_septiembre\Bateria_353\Costo_variable\Swap_libre\Swap_variable_3estaciones_160kW_Descomp/station_3_d152_stage1
formulation time: 17.770498752593994
Set parameter OutputFlag to value 1
Set parameter OutputFlag to value 1
Set parameter LogToConsole to value 1
Set parameter MIPGap to value 0.05
Set parameter TimeLimit to value 1200
Set parameter LogFile to value "C:\Users\TECNO-MASTER\Desktop\Elmo_infrastructure_sizing_NP-\output\DCH_septiembre\Bateria_353\Costo_variable\Swap_libre\Swap_variable_3estaciones_160kW_Descomp\station_3_d152_stage1\ELMO_log.txt"
Set parameter Threads to value 1
Set parameter Heuristics to value 0.5
Set parameter MIPFocus to value 3
Set parameter Presolve to value 2
Set parameter FlowCoverCuts to value 2
Gurobi Optimizer version 12.0.3 build v12.0.3rc0 (win64 - Windows 11+.0 (26200.2))

CPU model: Intel(R) Core(TM) i9-14900K, instruction set [SSE2|AVX|AVX2]
Thread count: 24 physical cores, 32 logical processors, using up to 1 threads

Non-default parameters:
TimeLimit  1200
MIPGap  0.05
Heuristics  0.5
MIPFocus  3
FlowCoverCuts  2
Presolve  2
Threads  1

Optimize a model with 26358 rows, 53707 columns and 244686 nonzeros
Model fingerprint: 0x76e1a414
Variable types: 2099 continuous, 51608 integer (18485 binary)
Coefficient statistics:
  Matrix range     [1e+00, 3e+02]
  Objective range  [1e-02, 8e+04]
  Bounds range     [1e+00, 1e+01]
  RHS range        [1e+00, 1e+04]
   601   574 179202.536   26  142 286887.652 179160.084  37.6%   242   70s

Root relaxation: objective 1.797467e+05, 16306 iterations, 2.70 seconds (2.62 work units)
    63    65 182684.656    6  115 293111.535 182684.656  37.7%  1224   30s
Presolve removed 23428 rows and 43754 columns
Presolve time: 0.29s
H  338   338                    289647.40690 180311.763  37.7%   824   63s
Presolved: 2930 rows, 9953 columns, 32790 nonzeros
Variable types: 824 continuous, 9129 integer (8566 binary)
     0     2 180906.381    0   13          - 180906.381      -     -   19s
Root relaxation presolved: 2930 rows, 9953 columns, 32790 nonzeros

     2     4 180906.381    1   61          - 180906.381      -   803   20s
     0     0 181819.845    0   22          - 181819.845      -     -    7s
   143   145 179709.872   26   99 287995.801 179709.872  37.6%  1161   50s
H  351   351                    286423.75538 179262.556  37.4%  1225   75s
H  156   156                    290811.67267 180651.489  37.9%   844   43s

    Nodes    |    Current Node    |     Objective Bounds      |     Work
 Expl Unexpl |  Obj  Depth IntInf | Incumbent    BestBd   Gap | It/Node Time

     0     0 179746.657    0   22 544815.642 179746.657  67.0%     -    4s
   345   347 180311.763   33   80 289647.407 180311.763  37.7%   815   65s
   270   272 180636.204   38   35 286370.674 180636.204  36.9%  1028   55s
     0     2 182782.021    0   15          - 182782.021      -     -   17s
   547   538 179111.514   15  100 287996.233 179111.514  37.8%   148   60s
   260   262 182149.607   42   19 289325.176 182149.607  37.0%   114   35s
     0     0 181819.845    0   22          - 181819.845      -     -    9s
    54    56 181819.845   10  114          - 181819.845      -   962   25s
   342   344 186327.188   13   99 285222.521 180918.517  36.6%   913   70s
     0     0 180600.101    0   18 544815.642 180600.101  66.9%     -    5s
   162   164 180651.489   17  143 290811.673 180651.489  37.9%   858   45s
   514   514 181994.115  191   34 288471.892 181994.115  36.9%  25.4   42s
     0     0 180600.101    0   22 544815.642 180600.101  66.9%     -    5s
     0     0 180600.101    0   39 544815.642 180600.101  66.9%     -    5s
    23    25 179709.872   12   37 287924.745 179709.872  37.6%   948   15s
     0     0 181819.845    0   16          - 181819.845      -     -   10s

Root relaxation: objective 1.814894e+05, 15860 iterations, 2.84 seconds (2.90 work units)
     0     0 181819.845    0   24          - 181819.845      -     -   10s
   615   557 178498.327   27   34 264795.012 178498.327  32.6%   210   80s
   277   279 178499.757   13   97 286040.446 178197.660  37.7%   936   60s
   390   392 180578.842   54   30 284600.591 180578.842  36.6%   775   76s
     0     0 180600.101    0   13 544815.642 180600.101  66.9%     -    6s
   245   247 180513.355   19  160 289811.738 180503.193  37.7%   949   55s
H  156   156                    287995.00176 179709.872  37.6%  1182   53s
   624   590 180927.318   36   19 291040.509 180927.318  37.8%   195   70s

    Nodes    |    Current Node    |     Objective Bounds      |     Work
    70    72 181528.569   20   14 290497.626 181528.569  37.5%  1096   30s
 Expl Unexpl |  Obj  Depth IntInf | Incumbent    BestBd   Gap | It/Node Time

     0     0 181489.443    0   46          - 181489.443      -     -    4s
   472   474 179412.938   91   19 289392.436 179412.938  38.0%  38.0   40s
     0     0 181819.845    0   25          - 181819.845      -     -   11s
    63    65 182782.021   32   24          - 182782.021      -  43.0   20s
   535   528 180050.548   77   16 288479.108 180050.548  37.6%   136   65s
     0     0 180600.101    0   13 544815.642 180600.101  66.9%     -    7s
     0     0 181819.845    0   22          - 181819.845      -     -   12s
H    0     0                    544778.31057 180600.101  66.8%     -    7s
     0     0 180600.101    0   26 544778.311 180600.101  66.8%     -    7s
H  535   501                    286521.22731 180050.548  37.2%   136   66s
     0     0 181510.817    0   33          - 181510.817      -     -    4s
H  535   475                    286417.28555 180050.548  37.1%   136   66s
     0     0 182684.656    0   78          - 182684.656      -     -    4s
   367   369 179262.556   10   62 286423.755 179262.556  37.4%  1235   80s
  [Fase 1 (infra libre)] estacion=station_3 dia=1 -> C:\Users\TECNO-MASTER\Desktop\Elmo_infrastructure_sizing_NP-\output\DCH_septiembre\Bateria_353\Costo_variable\Swap_libre\Swap_variable_3estaciones_160kW_Descomp/station_3_d1_stage1
formulation time: 19.115792512893677
Set parameter OutputFlag to value 1
Set parameter OutputFlag to value 1
Set parameter LogToConsole to value 1
Set parameter MIPGap to value 0.05
Set parameter TimeLimit to value 1200
Set parameter LogFile to value "C:\Users\TECNO-MASTER\Desktop\Elmo_infrastructure_sizing_NP-\output\DCH_septiembre\Bateria_353\Costo_variable\Swap_libre\Swap_variable_3estaciones_160kW_Descomp\station_3_d1_stage1\ELMO_log.txt"
Set parameter Threads to value 1
Set parameter Heuristics to value 0.5
Set parameter MIPFocus to value 3
Set parameter Presolve to value 2
Set parameter FlowCoverCuts to value 2
Gurobi Optimizer version 12.0.3 build v12.0.3rc0 (win64 - Windows 11+.0 (26200.2))

CPU model: Intel(R) Core(TM) i9-14900K, instruction set [SSE2|AVX|AVX2]
Thread count: 24 physical cores, 32 logical processors, using up to 1 threads

Non-default parameters:
TimeLimit  1200
MIPGap  0.05
Heuristics  0.5
MIPFocus  3
FlowCoverCuts  2
Presolve  2
Threads  1

Optimize a model with 26328 rows, 53707 columns and 244626 nonzeros
Model fingerprint: 0x341966e2
Variable types: 2099 continuous, 51608 integer (18485 binary)
Coefficient statistics:
  Matrix range     [1e+00, 3e+02]
  Objective range  [1e-02, 8e+04]
  Bounds range     [1e+00, 1e+01]
  RHS range        [1e+00, 1e+04]
   625   590 179160.084   29  112 286887.652 179160.084  37.6%   254   75s
Presolve removed 23458 rows and 43785 columns
Presolve time: 0.28s
Presolved: 2870 rows, 9922 columns, 32670 nonzeros
Variable types: 824 continuous, 9098 integer (8566 binary)
   390   392 179367.372    5  145 266312.648 179367.372  32.6%   964   77s
Root relaxation presolved: 2870 rows, 9922 columns, 32670 nonzeros

     0     0 180600.101    0   17 544778.311 180600.101  66.8%     -    8s
    35    37 180906.381   16   87          - 180906.381      -   808   25s
     0     0 180600.101    0   17 544778.311 180600.101  66.8%     -    8s
     0     0 182684.656    0   36          - 182684.656      -     -    5s
   518   517 181994.115   49   25 288471.892 181994.115  36.9%  25.2   45s
     0     0 182684.656    0   73          - 182684.656      -     -    5s
   293   295 180636.204   25   43 286370.674 180636.204  36.9%  1040   60s
    81    83 182684.656   15  148 293111.535 182684.656  37.7%  1185   36s
   312   314 182149.607   39   15 289325.176 182149.607  37.0%   101   40s
H  182   182                    290809.45993 180651.489  37.9%   873   49s
   374   376 180311.763    7   65 289647.407 180311.763  37.7%   796   70s
    77    79 181819.845   11   68          - 181819.845      -   946   30s
   572   555 179111.514   21   88 287996.233 179111.514  37.8%   170   65s
   512   513 180906.381   60   22 287990.787 180906.381  37.2%   107   52s
   162   164 179744.355   42   85 287995.002 179709.872  37.6%  1186   56s
H    0     0                    291158.11357 180600.101  38.0%     -    9s
H    0     0                    289669.52637 180600.101  37.7%     -    9s
   185   187 180651.489   46   78 290809.460 180651.489  37.9%   869   50s
   406   408 181408.790    6  174 284600.591 180578.842  36.6%   783   80s
H    0     0                    289420.05430 180600.101  37.6%     -   10s
H    0     0                    288843.96042 180600.101  37.5%     -   10s
     0     0 182684.656    0   19          - 182684.656      -     -    7s
     0     0 182684.656    0   49          - 182684.656      -     -    7s

Root relaxation: objective 1.797066e+05, 15204 iterations, 2.25 seconds (2.35 work units)
    52    54 179709.872   26   80 287924.745 179709.872  37.6%   813   20s
     0     2 180600.101    0   17 288843.960 180600.101  37.5%     -   10s
H    0     0                    619868.32980 181819.845  70.7%     -   15s
H    0     0                    600668.32980 181819.845  69.7%     -   15s
H    0     0                    599596.16578 181819.845  69.7%     -   15s
H    0     0                    599122.65387 181819.845  69.7%     -   15s
H    0     0                    598799.17000 181819.845  69.6%     -   15s
H    0     0                    579599.17000 181819.845  68.6%     -   15s
   405   407 179861.243   37   61 266312.648 179367.372  32.6%   965   80s
H    0     0                    579449.82839 181819.845  68.6%     -   15s
H    0     0                    579275.68613 181819.845  68.6%     -   15s
H    0     0                    560075.68613 181819.845  67.5%     -   15s
H    0     0                    559969.88115 181819.845  67.5%     -   15s
H    0     0                    540348.91271 181819.845  66.4%     -   15s
H    0     0                    432005.65938 181819.845  57.9%     -   15s
H    0     0                    290101.92319 181819.845  37.3%     -   15s
H    0     0                    290030.73693 181819.845  37.3%     -   15s
   296   298 178364.611   12   96 286040.446 178197.660  37.7%   934   65s
   271   273 180503.193   23   37 289811.738 180503.193  37.7%   960   60s
   562   495 180050.548   23   38 286417.286 180050.548  37.1%   215   70s
  [Fase 1 (infra libre)] estacion=station_3 dia=91 -> C:\Users\TECNO-MASTER\Desktop\Elmo_infrastructure_sizing_NP-\output\DCH_septiembre\Bateria_353\Costo_variable\Swap_libre\Swap_variable_3estaciones_160kW_Descomp/station_3_d91_stage1
formulation time: 19.705386877059937
Set parameter OutputFlag to value 1
Set parameter OutputFlag to value 1
Set parameter LogToConsole to value 1
Set parameter MIPGap to value 0.05
Set parameter TimeLimit to value 1200
Set parameter LogFile to value "C:\Users\TECNO-MASTER\Desktop\Elmo_infrastructure_sizing_NP-\output\DCH_septiembre\Bateria_353\Costo_variable\Swap_libre\Swap_variable_3estaciones_160kW_Descomp\station_3_d91_stage1\ELMO_log.txt"
Set parameter Threads to value 1
Set parameter Heuristics to value 0.5
Set parameter MIPFocus to value 3
Set parameter Presolve to value 2
Set parameter FlowCoverCuts to value 2
     0     0 182684.656    0   49          - 182684.656      -     -    8s
Gurobi Optimizer version 12.0.3 build v12.0.3rc0 (win64 - Windows 11+.0 (26200.2))

CPU model: Intel(R) Core(TM) i9-14900K, instruction set [SSE2|AVX|AVX2]
Thread count: 24 physical cores, 32 logical processors, using up to 1 threads

Non-default parameters:
TimeLimit  1200
MIPGap  0.05
Heuristics  0.5
MIPFocus  3
FlowCoverCuts  2
Presolve  2
Threads  1

Optimize a model with 26358 rows, 53707 columns and 244686 nonzeros
Model fingerprint: 0x44529065
Variable types: 2099 continuous, 51608 integer (18485 binary)
Coefficient statistics:
  Matrix range     [1e+00, 3e+02]
  Objective range  [1e-02, 8e+04]
  Bounds range     [1e+00, 1e+01]
  RHS range        [1e+00, 1e+04]
   645   604 180927.318   44   24 291040.509 180927.318  37.8%   206   75s
     0     0 182684.656    0   59          - 182684.656      -     -    8s

    Nodes    |    Current Node    |     Objective Bounds      |     Work
 Expl Unexpl |  Obj  Depth IntInf | Incumbent    BestBd   Gap | It/Node Time

     0     0 179706.604    0   39          - 179706.604      -     -    3s
     0     2 181819.845    0   22 290030.737 181819.845  37.3%     -   16s
Presolve removed 23428 rows and 43754 columns
Presolve time: 0.28s
Presolved: 2930 rows, 9953 columns, 32790 nonzeros
Variable types: 824 continuous, 9129 integer (8566 binary)
Root relaxation presolved: 2930 rows, 9953 columns, 32790 nonzeros

   637   571 178498.327   16   41 264795.012 178498.327  32.6%   209   85s
    89    91 181528.569   30   43 290497.626 181528.569  37.5%  1038   35s
   186   188 182782.021   93   41          - 182782.021      -  20.2   25s
     0     0 182684.656    0   35          - 182684.656      -     -    9s
     0     0 179723.228    0   38          - 179723.228      -     -    4s
   387   389 179273.082   25   61 286423.755 179262.556  37.4%  1229   85s
     0     0 179741.773    0  106          - 179741.773      -     -    4s
     0     0 179741.773    0  130          - 179741.773      -     -    4s
     0     0 182684.656    0   17          - 182684.656      -     -   10s
   649   606 179160.087   33   58 286887.652 179160.084  37.6%   287   80s
   181   183 179709.872    6   40 287995.002 179709.872  37.6%  1172   60s
H    0     0                    493401.71641 182684.656  63.0%     -   10s
H    9     9                    288617.13637 180600.101  37.4%   678   13s
H    0     0                    408670.62306 182684.656  55.3%     -   10s
H    0     0                    408644.09004 182684.656  55.3%     -   10s
H  101   101                    291361.56670 182684.656  37.3%  1078   40s
H    0     0                    408617.58171 182684.656  55.3%     -   10s
   512   513 179412.938   22   24 289392.436 179412.938  38.0%  37.7   46s
   526   522 181994.115  244   14 288471.892 181994.115  36.9%  24.8   50s
    56    58 180912.542   14  107          - 180906.381      -  1010   30s
H    0     0                    291412.41186 182684.656  37.3%     -   11s
H    0     0                    289662.44315 182684.656  36.9%     -   11s
   321   323 180684.462   40   93 286370.674 180636.204  36.9%  1011   65s
   338   340 182149.607   36   15 289325.176 182149.607  37.0%  96.6   45s
H    0     0                    289652.91872 182684.656  36.9%     -   11s
     0     2 182684.656    0   17 289652.919 182684.656  36.9%     -   11s
H   27    27                    289779.36470 181819.845  37.3%  49.5   18s
   400   402 180311.763   29   62 289647.407 180311.763  37.7%   799   75s
   426   428 184350.353   60  173 284600.591 180578.842  36.6%   828   85s
   100   102 181819.845   13   71          - 181819.845      -   977   35s
   591   568 179111.514   21   61 287996.233 179111.514  37.8%   197   70s
   514   514 180906.381   59   45 287990.787 180906.381  37.2%   107   57s
     0     0 179759.842    0   38          - 179759.842      -     -    6s

Root relaxation: objective 1.810866e+05, 16094 iterations, 2.72 seconds (2.91 work units)
    14    16 180600.101    4  100 288617.136 180600.101  37.4%   852   15s
H  297   297                    289800.31512 180503.193  37.7%   927   63s
H  312   312                    285846.71694 178197.660  37.7%   934   69s
    45    47 181819.845    6   17 289779.365 181819.845  37.3%  41.2   20s

    Nodes    |    Current Node    |     Objective Bounds      |     Work
 Expl Unexpl |  Obj  Depth IntInf | Incumbent    BestBd   Gap | It/Node Time

     0     0 181086.611    0   36          - 181086.611      -     -    4s
    83    85 179709.872   15   56 287924.745 179709.872  37.6%   759   25s
   425   427 179750.925   41   70 266312.648 179367.372  32.6%   977   85s
     0     0 180636.204    0   25          - 180636.204      -     -    8s
   657   585 178498.327   22   29 264795.012 178498.327  32.6%   210   90s
   314   316 178197.660   11  133 285846.717 178197.660  37.7%   942   70s
     0     0 180636.204    0   43          - 180636.204      -     -    8s
H  104   104                    290484.62746 181528.569  37.5%   981   39s
   600   521 180050.548   42   38 286417.286 180050.548  37.1%   202   75s
  [Fase 1 (infra libre)] estacion=station_2 dia=182 -> C:\Users\TECNO-MASTER\Desktop\Elmo_infrastructure_sizing_NP-\output\DCH_septiembre\Bateria_353\Costo_variable\Swap_libre\Swap_variable_3estaciones_160kW_Descomp/station_2_d182_stage1
formulation time: 20.193418979644775
Set parameter OutputFlag to value 1
Set parameter OutputFlag to value 1
Set parameter LogToConsole to value 1
Set parameter MIPGap to value 0.05
Set parameter TimeLimit to value 1200
Set parameter LogFile to value "C:\Users\TECNO-MASTER\Desktop\Elmo_infrastructure_sizing_NP-\output\DCH_septiembre\Bateria_353\Costo_variable\Swap_libre\Swap_variable_3estaciones_160kW_Descomp\station_2_d182_stage1\ELMO_log.txt"
Set parameter Threads to value 1
Set parameter Heuristics to value 0.5
Set parameter MIPFocus to value 3
Set parameter Presolve to value 2
Set parameter FlowCoverCuts to value 2
Gurobi Optimizer version 12.0.3 build v12.0.3rc0 (win64 - Windows 11+.0 (26200.2))

CPU model: Intel(R) Core(TM) i9-14900K, instruction set [SSE2|AVX|AVX2]
Thread count: 24 physical cores, 32 logical processors, using up to 1 threads

Non-default parameters:
TimeLimit  1200
MIPGap  0.05
Heuristics  0.5
MIPFocus  3
FlowCoverCuts  2
Presolve  2
Threads  1

Optimize a model with 26388 rows, 54733 columns and 249736 nonzeros
Model fingerprint: 0xea5a9b8e
Variable types: 2129 continuous, 52604 integer (19481 binary)
Coefficient statistics:
  Matrix range     [1e+00, 3e+02]
  Objective range  [1e-02, 8e+04]
  Bounds range     [1e+00, 1e+01]
  RHS range        [1e+00, 1e+04]
   304   306 180503.193   20   27 289800.315 180503.193  37.7%   924   65s
   672   622 180927.318   29   17 291040.509 180927.318  37.8%   206   80s
     0     0 181105.968    0   39          - 181105.968      -     -    5s
Presolve removed 23452 rows and 44262 columns
Presolve time: 0.28s
Presolved: 2936 rows, 10471 columns, 34338 nonzeros
Variable types: 824 continuous, 9647 integer (9084 binary)
Found heuristic solution: objective 543714.94883
   364   366 180918.517   23   90 285222.521 180918.517  36.6%   914   82s
Root relaxation presolved: 2936 rows, 10471 columns, 34338 nonzeros

     0     0 182149.608    0   61          - 182149.608      -     -    5s
     0     0 182149.608    0   75          - 182149.608      -     -    5s
H  390   390                    289317.90856 182149.607  37.0%  88.7   48s
   331   333 182782.021  155   12          - 182782.021      -  56.8   30s
H  390   390                    289295.64011 182149.607  37.0%  88.7   48s
     0     0 180636.204    0   24          - 180636.204      -     -    9s
   203   205 180651.489   18   90 290809.460 180651.489  37.9%   881   58s
    12    14 182684.656    6   94 289652.919 182684.656  36.9%  1039   15s
     0     0 182149.608    0   24          - 182149.608      -     -    6s
   519   518 180906.381   79   27 287990.787 180906.381  37.2%   106   60s
   671   621 179160.084   30  120 286887.652 179160.084  37.6%   309   85s
   200   202 179709.872   38   59 287995.002 179709.872  37.6%  1161   65s
   116   118 182684.656   35  131 291361.567 182684.656  37.3%  1012   45s
H  324   324                    285652.98744 178197.660  37.6%   944   72s
    72    74 180906.381   21   64          - 180906.381      -  1084   35s
     0     0 180636.204    0   16          - 180636.204      -     -   10s
   514   514 179412.938   57   33 289392.436 179412.938  38.0%  37.5   51s
     0     0 180636.204    0   38          - 180636.204      -     -   10s
   536   529 181994.115  152   14 288471.892 181994.115  36.9%  24.4   55s
   351   353 180636.204   27   51 286370.674 180636.204  36.9%  1002   70s
   410   412 182149.607   53   15 289295.640 182149.607  37.0%  86.2   50s
   106   108 181528.569   38   90 290484.627 181528.569  37.5%   995   42s
   122   124 181819.845   17   39          - 181819.845      -   943   40s
   612   582 179111.514   25   34 287996.233 179111.514  37.8%   219   75s
     0     0 182149.608    0   17          - 182149.608      -     -    7s
     0     0 180636.204    0   14          - 180636.204      -     -   11s
H    0     0                    291260.57861 182149.608  37.5%     -    7s
     0     0 182149.608    0   57 291260.579 182149.608  37.5%     -    8s
     0     0 180636.204    0   15          - 180636.204      -     -   11s
   213   215 180651.489   23   64 290809.460 180651.489  37.9%   888   60s
H  108   108                    290398.31761 181528.569  37.5%   981   43s

Root relaxation: objective 1.817187e+05, 16757 iterations, 3.02 seconds (2.83 work units)
H  108   108                    289600.56123 181819.845  37.2%  30.1   24s
    34    36 180600.101   10   51 288617.136 180600.101  37.4%   909   20s
   111   113 181819.845   17   19 289600.561 181819.845  37.2%  30.6   25s
   378   380 180918.517   30   42 285222.521 180918.517  36.6%   923   85s
     0     0 182149.608    0   20 291260.579 182149.608  37.5%     -    8s
     0     0 182149.608    0   32 291260.579 182149.608  37.5%     -    9s
     0     0 180636.204    0   15          - 180636.204      -     -   12s
     0     0 180636.204    0   13          - 180636.204      -     -   13s
   453   455 180060.208   46   57 266312.648 179367.372  32.6%   987   90s
   390   392 179262.556    7   73 286423.755 179262.556  37.4%  1242   93s

    Nodes    |    Current Node    |     Objective Bounds      |     Work
 Expl Unexpl |  Obj  Depth IntInf | Incumbent    BestBd   Gap | It/Node Time

     0     0 181718.673    0   25 543714.949 181718.673  66.6%     -    4s
     0     0 182149.608    0   34 291260.579 182149.608  37.5%     -    9s
   338   340 178318.630   16   54 285652.987 178197.660  37.6%   937   75s
H  338   338                    289798.32780 180503.193  37.7%   900   70s
   676   597 178498.327   48   79 264795.012 178498.327  32.6%   213   95s
H  470   470                    511466.55851 182782.021  64.3%  53.3   34s
H  470   470                    431526.58305 182782.021  57.6%  53.3   34s
H  470   470                    430356.26229 182782.021  57.5%  53.3   34s
H  470   470                    411156.26229 182782.021  55.5%  53.3   34s
   632   542 180050.548   58   34 286417.286 180050.548  37.1%   193   80s
H  470   470                    411034.12948 182782.021  55.5%  53.3   34s
H  470   470                    291356.60371 182782.021  37.3%  53.3   34s
H  416   416                    288064.52414 182149.607  36.8%  85.4   52s
H  470   470                    290682.36325 182782.021  37.1%  53.3   34s
   705   644 180927.318   43   70 291040.509 180927.318  37.8%   211   85s
  [Fase 1 (infra libre)] estacion=station_3 dia=32 -> C:\Users\TECNO-MASTER\Desktop\Elmo_infrastructure_sizing_NP-\output\DCH_septiembre\Bateria_353\Costo_variable\Swap_libre\Swap_variable_3estaciones_160kW_Descomp/station_3_d32_stage1
formulation time: 20.12290668487549
Set parameter OutputFlag to value 1
Set parameter OutputFlag to value 1
Set parameter LogToConsole to value 1
Set parameter MIPGap to value 0.05
Set parameter TimeLimit to value 1200
Set parameter LogFile to value "C:\Users\TECNO-MASTER\Desktop\Elmo_infrastructure_sizing_NP-\output\DCH_septiembre\Bateria_353\Costo_variable\Swap_libre\Swap_variable_3estaciones_160kW_Descomp\station_3_d32_stage1\ELMO_log.txt"
Set parameter Threads to value 1
Set parameter Heuristics to value 0.5
Set parameter MIPFocus to value 3
Set parameter Presolve to value 2
Set parameter FlowCoverCuts to value 2
     0     0 182149.608    0   19 291260.579 182149.608  37.5%     -   10s
Gurobi Optimizer version 12.0.3 build v12.0.3rc0 (win64 - Windows 11+.0 (26200.2))

CPU model: Intel(R) Core(TM) i9-14900K, instruction set [SSE2|AVX|AVX2]
Thread count: 24 physical cores, 32 logical processors, using up to 1 threads

Non-default parameters:
TimeLimit  1200
MIPGap  0.05
Heuristics  0.5
MIPFocus  3
FlowCoverCuts  2
Presolve  2
Threads  1

Optimize a model with 26328 rows, 53707 columns and 244626 nonzeros
Model fingerprint: 0x11a6f070
Variable types: 2099 continuous, 51608 integer (18485 binary)
Coefficient statistics:
  Matrix range     [1e+00, 3e+02]
  Objective range  [3e-03, 8e+04]
  Bounds range     [1e+00, 1e+01]
  RHS range        [1e+00, 1e+04]
   115   117 181528.569   32   66 290398.318 181528.569  37.5%  1000   45s
H    0     0                    291259.32905 182149.608  37.5%     -   10s
   442   444 180578.842    5  109 284600.591 180578.842  36.6%   852   92s
Presolve removed 23452 rows and 43779 columns
Presolve time: 0.28s
Presolved: 2876 rows, 9928 columns, 32808 nonzeros
Variable types: 824 continuous, 9104 integer (8566 binary)
H    0     0                    291167.82634 182149.608  37.4%     -   10s
     0     2 182149.608    0   19 291167.826 182149.608  37.4%     -   10s
Root relaxation presolved: 2876 rows, 9928 columns, 32808 nonzeros

   486   488 182782.021  183   10 290682.363 182782.021  37.1%  52.5   35s
   106   108 179709.872   19   36 287924.745 179709.872  37.6%   742   31s
     0     0 182782.021    0   17 543714.949 182782.021  66.4%     -    5s
     0     0 182782.021    0   21 543714.949 182782.021  66.4%     -    6s
   523   520 180906.381   56   13 287990.787 180906.381  37.2%   105   65s
   397   399 179437.737    9  109 286423.755 179262.556  37.4%  1240   95s
H  156   156                    289596.81900 181819.845  37.2%  28.2   27s
    27    29 182684.656    8   69 289652.919 182684.656  36.9%  1141   20s
   519   518 179412.938   40   17 289392.436 179412.938  38.0%  37.1   55s
   688   632 179160.084   31   16 286887.652 179160.084  37.6%   328   90s
   139   141 182684.656   42   75 291361.567 182684.656  37.3%  1019   50s
H  108   108                    286713.19883 179709.872  37.3%   732   32s
   215   217 179709.872   39   61 287995.002 179709.872  37.6%  1179   70s
   568   552 181994.115   24   10 288471.892 181994.115  36.9%   122   60s
H  234   234                    290737.41858 180651.489  37.9%   885   63s
     0     0 182782.021    0   15 543714.949 182782.021  66.4%     -    7s
     0     0 182782.021    0   13 543714.949 182782.021  66.4%     -    7s
    90    92 183114.694   21  184          - 180906.381      -  1148   40s
   375   377 181273.808   12   91 286370.674 180636.204  36.9%  1039   75s
   453   455 180578.874   19  108 284600.591 180578.842  36.6%   865   95s

Root relaxation: objective 1.797825e+05, 14695 iterations, 2.25 seconds (2.31 work units)
   396   398 183484.131   12  116 285222.521 180918.517  36.6%   930   90s
   634   596 179120.154   31   48 287996.233 179111.514  37.8%   238   80s
   158   160 181819.845   16   44          - 181819.845      -   939   45s
   240   242 180651.489   30   43 290737.419 180651.489  37.9%   898   65s
     0     0 182782.021    0   25 543714.949 182782.021  66.4%     -    8s
H  520   491                    289295.57088 179412.938  38.0%  37.1   57s
H    0     0                    292954.83412 182782.021  37.6%     -    8s
     0     0 182782.021    0   49 292954.834 182782.021  37.6%     -    8s
   197   199 181819.845   12   19 289596.819 181819.845  37.2%  34.5   30s
H  243   243                    290686.91807 180651.489  37.9%   894   65s
H  130   130                    290173.69848 181528.569  37.4%  1004   48s
   129   131 179709.872    7   64 286713.199 179709.872  37.3%   724   35s

    Nodes    |    Current Node    |     Objective Bounds      |     Work
 Expl Unexpl |  Obj  Depth IntInf | Incumbent    BestBd   Gap | It/Node Time

     0     0 179782.478    0   38          - 179782.478      -     -    4s
    54    56 180600.101   20   47 288617.136 180600.101  37.4%   862   26s
     0     0 182782.021    0   12 292954.834 182782.021  37.6%     -    9s
H  404   404                    285177.27162 180918.517  36.6%   928   91s
     0     0 182782.021    0   24 292954.834 182782.021  37.6%     -    9s
   473   475 179930.566   50   69 266312.648 179367.372  32.6%   997   95s
   356   358 178197.660   19   91 285652.987 178197.660  37.6%   950   80s
   376   378 180503.193   18   82 289798.328 180503.193  37.7%   874   75s
   673   569 180050.548   79   17 286417.286 180050.548  37.1%   183   85s
   692   608 178498.327   50   18 264795.012 178498.327  32.6%   209  100s
   416   418 182149.607   54   15 288064.524 182149.607  36.8%  85.5   57s
     0     0 180651.489    0   15          - 180651.489      -     -    4s
    18    20 182149.608    9  139 291167.826 182149.608  37.4%   862   15s
   744   670 180927.318   65   21 291040.509 180927.318  37.8%   203   90s
     0     0 182782.021    0   25 292954.834 182782.021  37.6%     -   10s
   524   494 179412.938   31   23 289295.571 179412.938  38.0%  36.8   60s
     0     0 180651.489    0   12          - 180651.489      -     -    5s
     0     0 182782.021    0   24 292954.834 182782.021  37.6%     -   10s
   416   418 184738.772   31   99 289647.407 180311.763  37.7%   806   88s
   534   528 180906.381   85   53 287990.787 180906.381  37.2%   103   70s
     0     2 182782.021    0   24 292954.834 182782.021  37.6%     -   11s
   135   137 181528.569   21   56 290173.698 181528.569  37.4%  1023   51s
    43    45 182684.656   13  168 289652.919 182684.656  36.9%  1160   25s
   416   418 179262.556    9   47 286423.755 179262.556  37.4%  1247  100s
   162   164 182684.656    8   26 291361.567 182684.656  37.3%  1000   55s
   236   238 179709.872   23   79 287995.002 179709.872  37.6%  1174   75s
     0     0 180651.489    0   20          - 180651.489      -     -    6s
   602   575 181994.115   28   14 288471.892 181994.115  36.9%   116   65s
   711   648 182671.327   26  156 286887.652 179160.084  37.6%   353   95s
     0     0 180651.489    0   33          - 180651.489      -     -    6s
   101   103 180906.381   17   90          - 180906.381      -  1212   45s
   459   461 182149.607   64   13 288064.524 182149.607  36.8%  81.4   60s
     0     2 180636.204    0   13          - 180636.204      -     -   21s
     0     0 180651.489    0   33          - 180651.489      -     -    7s
     0     0 180651.489    0   33          - 180651.489      -     -    7s
   475   477 180578.842   51   41 284600.591 180578.842  36.6%   868  100s
   424   426 180311.763   32   96 289647.407 180311.763  37.7%   815   90s
   656   611 179111.514   30   60 287996.233 179111.514  37.8%   258   85s
   422   424 180918.517   38   92 285177.272 180918.517  36.6%   930   95s
   182   184 182549.284   17  200          - 181819.845      -   991   50s
   266   268 180651.489   39   84 290686.918 180651.489  37.9%   914   70s
    73    75 180600.101   10   71 288617.136 180600.101  37.4%   865   30s
     0     0 180651.489    0   35          - 180651.489      -     -    8s
   514   514 182782.021  175   28 290682.363 182782.021  37.1%  51.4   43s
   284   286 181819.845   24   17 289596.819 181819.845  37.2%  35.2   35s
     0     0 180651.489    0   24          - 180651.489      -     -    8s
   162   164 179709.872   24   53 286713.199 179709.872  37.3%   724   40s
   493   495 179367.372   54   51 266312.648 179367.372  32.6%  1009  100s
   711   621 178498.327   67   34 264795.012 178498.327  32.6%   207  105s
   379   381 178411.182   24   75 285652.987 178197.660  37.6%   952   85s
   404   406 180503.193   11   28 289798.328 180503.193  37.7%   874   80s
    42    44 182782.021   12   43 292954.834 182782.021  37.6%   122   15s
   775   690 180927.318   61   21 291040.509 180927.318  37.8%   196   95s
   390   392 181608.688   18   97 286370.674 180636.204  36.9%  1059   82s
    36    38 182149.608   17   81 291167.826 182149.608  37.4%   927   20s
   692   582 180050.548   87   17 286417.286 180050.548  37.1%   181   90s
   152   154 181528.569   19   91 290173.698 181528.569  37.4%  1044   55s
H   52    52                    292949.29363 182782.021  37.6%   101   15s
   517   516 182782.021  187   12 290682.363 182782.021  37.1%  51.1   45s
   559   546 180906.381   21   24 287990.787 180906.381  37.2%   198   75s
   534   501 179412.938   88   11 289295.571 179412.938  38.0%  36.1   65s
   433   435 179843.745   14   64 286423.755 179262.556  37.4%  1265  105s
    57    59 182684.656    5   70 289652.919 182684.656  36.9%  1231   30s
   731   661 179160.084   29   88 286887.652 179160.084  37.6%   372  100s
   639   600 181994.115   34   10 288471.892 181994.115  36.9%   111   70s
   259   261 179709.872   21   83 287995.002 179709.872  37.6%  1178   80s
    22    24 180636.204    2   63          - 180636.204      -  1322   25s
   112   114 180907.834   26  108          - 180906.381      -  1225   50s
   189   191 182684.656   25   30 291361.567 182684.656  37.3%   940   60s
   403   405 180768.555   18  108 286370.674 180636.204  36.9%  1066   85s
H  442   442                    289604.44761 180311.763  37.7%   822   94s
H  260   260                    287880.25685 179709.872  37.6%  1173   81s
   202   204 181819.845   17   53          - 181819.845      -  1064   55s
   499   501 180578.842   54   72 284600.591 180578.842  36.6%   877  105s
   676   624 179111.514   25  133 287996.233 179111.514  37.8%   284   90s
H  442   442                    289580.39686 180311.763  37.7%   822   95s
H  795   675                    290998.22746 180927.318  37.8%   194   97s
   445   447 180918.517   20   27 285177.272 180918.517  36.6%   944  100s
   286   288 180651.489   34   84 290686.918 180651.489  37.9%   934   75s
   361   363 181819.845   47   15 289596.819 181819.845  37.2%  34.5   40s
    96    98 180600.101   11  105 288617.136 180600.101  37.4%   891   35s
   185   187 179709.872    8   57 286713.199 179709.872  37.3%   768   45s
H  588   537                    287967.76641 180906.381  37.2%   191   78s
   506   508 179982.576   55  100 266312.648 179367.372  32.6%  1026  105s
H  590   512                    287944.74611 180906.381  37.2%   190   78s
   734   636 178498.327   42   36 264795.012 178498.327  32.6%   204  110s
H  104   104                    291778.97286 182782.021  37.4%  92.0   19s
   425   427 180503.193   15   53 289798.328 180503.193  37.7%   892   85s
   720   601 180050.548  100   13 286417.286 180050.548  37.1%   177   95s
   108   110 182782.021   37   17 291778.973 182782.021  37.4%  89.6   20s
   806   684 180927.318   33   19 290998.227 180927.318  37.8%   191  100s
    56    58 182149.608   16  109 291167.826 182149.608  37.4%   859   25s
   177   179 181542.922   18  152 290173.698 181528.569  37.4%  1039   60s
   560   520 179412.938   20   20 289295.571 179412.938  38.0%   124   70s
   512   513 182149.607   38   20 288064.524 182149.607  36.8%  77.5   68s
   597   519 180906.381   30   43 287944.746 180906.381  37.2%   189   80s
H  744   641                    286813.29760 179160.084  37.5%   396  104s
   525   522 182782.021  128   19 290682.363 182782.021  37.1%  50.3   50s
H  725   578                    286320.61611 180050.548  37.1%   179   96s
H  104   104                    288586.96928 180600.101  37.4%   884   37s
   443   445 179349.497   17  178 286423.755 179262.556  37.4%  1277  110s
    78    80 182684.656   10   60 289652.919 182684.656  36.9%  1123   35s
   207   209 182684.656    9   81 291361.567 182684.656  37.3%   952   65s
    46    48 180636.204   10   15          - 180636.204      -  1327   30s
   746   644 179160.084   30   16 286813.298 179160.084  37.5%   405  105s
   279   281 179709.974   31   43 287880.257 179709.872  37.6%  1174   85s
   675   624 181994.115   40   12 288471.892 181994.115  36.9%   106   75s
H  208   208                    290867.85940 182684.656  37.2%   947   65s
H  130   130                    291700.79792 182782.021  37.3%   111   21s
   135   137 180911.165   19  101          - 180906.381      -  1241   55s
   390   392 178197.660   26   72 285652.987 178197.660  37.6%   955   92s
     0     2 180651.489    0   24          - 180651.489      -     -   17s
   422   424 180636.204   20   23 286370.674 180636.204  36.9%  1079   90s
   235   237 181824.085   23   67          - 181819.845      -  1059   60s
   697   638 179111.514   30   54 287996.233 179111.514  37.8%   306   95s
   442   444 180311.763   33   64 289580.397 180311.763  37.7%   822  100s
   471   473 180918.517   15   43 285177.272 180918.517  36.6%   945  105s
   318   320 180651.489   50   28 290686.918 180651.489  37.9%   886   80s
   437   439 181819.845   62   13 289596.819 181819.845  37.2%  36.8   45s
   106   108 180600.101    8   41 288586.969 180600.101  37.4%   884   40s
H  821   666                    290941.23934 180927.318  37.8%   188  103s
   211   213 179709.872   41  106 286713.199 179709.872  37.3%   779   50s
   753   649 178498.327   22   37 264795.012 178498.327  32.6%   206  115s
   454   456 180503.193   19   39 289798.328 180503.193  37.7%   897   90s
   403   405 178198.030   29   91 285652.987 178197.660  37.6%   968   95s
   751   597 180050.548   28   50 286320.616 180050.548  37.1%   174  100s
   181   183 182782.021   45   13 291700.798 182782.021  37.3%  98.0   25s
    80    82 182149.608   30  128 291167.826 182149.608  37.4%   800   30s
   197   199 181528.569   15  114 290173.698 181528.569  37.4%  1055   65s
    19    21 180651.489   10   25          - 180651.489      -   892   20s
   598   545 179412.938   16   15 289295.571 179412.938  38.0%   116   75s
   514   514 182149.607   45   35 288064.524 182149.607  36.8%  77.1   73s
   536   529 182782.021  152   11 290682.363 182782.021  37.1%  49.3   55s
   637   545 180906.381   26   34 287944.746 180906.381  37.2%   186   85s
H  405   405                    285647.56304 178197.660  37.6%   966   96s
   462   464 179262.556   20   52 286423.755 179262.556  37.4%  1277  115s
H  459   459                    289578.51636 180311.763  37.7%   831  103s
   821   668 180927.318   38   30 290941.239 180927.318  37.8%   188  106s
   763   655 179160.084   29   55 286813.298 179160.084  37.5%   427  110s
    96    98 182684.656    9   75 289652.919 182684.656  36.9%  1047   40s
    65    67 180636.204   17  120          - 180636.204      -  1316   35s
   307   309 179709.872   67   69 287880.257 179709.872  37.6%  1137   90s
   223   225 182684.656   17  119 290867.859 182684.656  37.2%   985   70s
   707   645 181994.115   38   12 288471.892 181994.115  36.9%   103   80s
   153   155 180906.381   10   30          - 180906.381      -  1311   60s
H  612   528                    289219.66939 179412.938  38.0%   114   76s
H  442   442                    286369.87649 180636.204  36.9%  1078   95s
H  208   208                    291094.58979 182782.021  37.2%  91.2   27s
   266   268 181819.845   14   66          - 181819.845      -  1063   65s
   718   652 179134.882   33   80 287996.233 179111.514  37.8%   328  100s
   466   468 180311.763   10   13 289578.516 180311.763  37.7%   842  105s
H  312   312                    287852.66346 179709.872  37.6%  1132   91s
   490   492 180918.517   10   11 285177.272 180918.517  36.6%   952  110s
   518   517 182149.608   46   14 288064.524 182149.608  36.8%  76.6   75s
   133   135 180600.101   30   12 288586.969 180600.101  37.4%   855   45s
H  338   338                    290473.28681 180651.489  37.8%   894   85s
H  338   338                    290464.73113 180651.489  37.8%   894   85s
H  338   338                    290143.74397 180651.489  37.7%   894   85s
H  494   494                    288453.28510 181819.845  37.0%  38.0   50s
   512   513 180578.842   18   17 284600.591 180578.842  36.6%   880  116s
   238   240 179709.872   30   29 286713.199 179709.872  37.3%   825   55s
   775   663 178498.327   24   47 264795.012 178498.327  32.6%   201  120s
   512   513 179945.265   20   24 266312.648 179367.372  32.6%  1025  115s
   475   477 180504.473   23   84 289798.328 180503.193  37.7%   907   95s
   217   219 182782.021   52   13 291094.590 182782.021  37.2%  89.4   30s
   416   418 178843.806   32   54 285647.563 178197.660  37.6%   979  100s
   850   687 180927.318   55   35 290941.239 180927.318  37.8%   182  110s
   101   103 182149.608   35   58 291167.826 182149.608  37.4%   740   35s
   123   125 180651.489   41   13          - 180651.489      -   180   25s
   217   219 181528.569   22  114 290173.698 181528.569  37.4%  1071   70s
   568   552 182782.021   29   41 290682.363 182782.021  37.1%   149   60s
   779   616 180050.548   42   34 286320.616 180050.548  37.1%   172  105s
   638   547 179412.938   36   16 289219.669 179412.938  38.0%   110   80s
   667   565 180906.381   35   52 287944.746 180906.381  37.2%   187   90s
   476   478 179262.556   20   18 286423.755 179262.556  37.4%  1289  120s
    83    85 180636.204   26   72          - 180636.204      -  1249   40s
   238   240 182684.656   44   55 290867.859 182684.656  37.2%  1026   75s
   782   668 179600.982   27   94 286813.298 179160.084  37.5%   445  115s
   175   177 180906.381   12   98          - 180906.381      -  1333   65s
   328   330 179709.872   38   96 287852.663 179709.872  37.6%  1139   95s
   738   666 181994.115   46   12 288471.892 181994.115  36.9%   100   85s
   463   465 180636.204   27   59 286369.876 180636.204  36.9%  1090  100s
   106   108 182684.656   20  109 289652.919 182684.656  36.9%  1047   46s
H  260   260                    289924.26902 182782.021  37.0%  86.2   32s
   489   491 180311.763   13   56 289578.516 180311.763  37.7%   847  110s
   290   292 181953.194   14  164          - 181819.845      -  1075   70s
   743   669 179111.514   40   58 287996.233 179111.514  37.8%   349  105s
   502   504 180918.517   14   55 285177.272 180918.517  36.6%   949  115s
   515   515 262094.924   61   29 284600.591 180578.842  36.6%   875  120s
H  873   677                    290890.44184 180927.318  37.8%   177  113s
H  364   364                    289797.44748 180651.489  37.7%   873   90s
   162   164 180600.101   16  133 288586.969 180600.101  37.4%   833   50s
H  364   364                    289792.36611 180651.489  37.7%   873   90s
H  505   505                    285171.89894 180918.517  36.6%   948  115s
H  364   364                    289532.75773 180651.489  37.6%   873   90s
   512   513 181819.845   17   22 288453.285 181819.845  37.0%  38.0   55s
   522   520 182149.608   36   22 288064.524 182149.608  36.8%  76.0   81s
   263   265 179709.872   37  124 286713.199 179709.872  37.3%   838   60s
H  286   286                    289913.18804 182782.021  37.0%  85.5   34s
   515   515 179367.372   33   39 266312.648 179367.372  32.6%  1019  120s
   788   672 178498.327   26   42 264795.012 178498.327  32.6%   203  125s
H  494   494                    289729.44018 180503.193  37.7%   910  100s
   442   444 178602.185   39   78 285647.563 178197.660  37.6%   976  105s
   806   634 180050.548   34   28 286320.616 180050.548  37.1%   167  110s
   121   123 182149.608   28   50 291167.826 182149.608  37.4%   725   40s
   297   299 182782.021   48   15 289913.188 182782.021  37.0%  84.4   35s
   257   259 180651.489   65   13          - 180651.489      -   106   30s
H  270   270                    286707.42865 179709.872  37.3%   835   61s
   670   568 179412.938   23   12 289219.669 179412.938  38.0%   105   85s
   692   582 180906.381   48   29 287944.746 180906.381  37.2%   184   95s
   607   578 182782.021   23   12 290682.363 182782.021  37.1%   150   65s
   237   239 181528.569   30   91 290173.698 181528.569  37.4%  1095   75s
   491   493 179262.556   20   10 286423.755 179262.556  37.4%  1301  125s
   803   682 179160.084   30   60 286813.298 179160.084  37.5%   464  120s
   253   255 182684.656   24   69 290867.859 182684.656  37.2%  1015   80s
   121   123 182684.656   23   49 289652.919 182684.656  36.9%  1092   50s
   776   691 181994.115   50   10 288471.892 181994.115  36.9%  96.6   90s
H  378   378                    288248.64022 180651.489  37.3%   869   93s
   349   351 179709.872   19   67 287852.663 179709.872  37.6%  1161  100s
   195   197 180906.381   17   57          - 180906.381      -  1349   70s
H  243   243                    290056.32256 181528.569  37.4%  1089   76s
   483   485 180636.204   29   27 286369.876 180636.204  36.9%  1097  105s
   309   311 181819.845   13   51          - 181819.845      -  1101   75s
   758   679 179666.501   36   62 287996.233 179111.514  37.8%   388  110s
   530   525 182149.608   38   22 288064.524 182149.608  36.8%  74.8   85s
   382   384 180651.489   37   98 288248.640 180651.489  37.3%   876   95s
   188   190 180600.101   52   80 288586.969 180600.101  37.4%   856   55s
   106   108 180636.204   15  129          - 180636.204      -  1172   47s
   520   518 180578.842   16   30 284600.591 180578.842  36.6%   867  126s
   290   292 179709.872   51   94 286707.429 179709.872  37.3%   830   65s
   514   514 181819.845   30   51 288453.285 181819.845  37.0%  37.9   60s
H  364   364                    289887.91326 182782.021  36.9%  88.8   39s
   873   679 180927.318   64   28 290890.442 180927.318  37.8%   177  119s
   505   507 181136.562   27   83 289729.440 180503.193  37.7%   922  105s
   376   378 182782.021   69   13 289887.913 182782.021  36.9%  87.6   40s
   876   681 180927.318   68   36 290890.442 180927.318  37.8%   177  120s
   148   150 182149.608   32   88 291167.826 182149.608  37.4%   724   45s
   395   397 180651.489   60   13          - 180651.489      -  83.8   35s
   257   259 181528.569   34   70 290056.323 181528.569  37.4%  1095   80s
   703   590 179412.938   94   14 289219.669 179412.938  38.0%   101   90s
   833   652 180050.548   69   33 286320.616 180050.548  37.1%   164  115s
   806   684 178498.327   35   41 264795.012 178498.327  32.6%   199  130s
   642   602 182782.021   58   29 290682.363 182782.021  37.1%   145   70s
   459   461 178446.980   13  103 285647.563 178197.660  37.6%  1003  110s
   729   607 180906.381   49   32 287944.746 180906.381  37.2%   177  100s
H  390   390                    289884.33507 182782.021  36.9%  87.8   41s
   520   518 179494.507   52   23 266312.648 179367.372  32.6%  1009  127s
   137   139 182684.656   24   38 289652.919 182684.656  36.9%  1136   55s
   821   694 180072.579   34  130 286813.298 179160.084  37.5%   478  125s
   123   125 180636.204    8  114          - 180636.204      -  1159   50s
   275   277 182684.656   26   73 290867.859 182684.656  37.2%  1021   85s
   499   501 179262.556   10   16 286423.755 179262.556  37.4%  1310  130s
   371   373 179709.872   30   54 287852.663 179709.872  37.6%  1144  105s
   815   717 181994.115   40   12 288471.892 181994.115  36.9%  93.4   95s
   216   218 180906.381   14   69          - 180906.381      -  1382   75s
   500   502 180636.204   35   58 286369.876 180636.204  36.9%  1103  110s
   512   513 180918.517   10   20 285171.899 180918.517  36.6%   944  124s
   536   529 182149.608   10   13 288064.524 182149.608  36.8%  74.0   90s
   334   336 181819.845   17   82          - 181819.845      -  1090   80s
   403   405 180651.489   29   54 288248.640 180651.489  37.3%   884  100s
   777   692 179397.219   39  111 287996.233 179111.514  37.8%   413  115s
   212   214 180602.253   32  135 288586.969 180600.101  37.4%   847   60s
   523   520 180578.842   26   37 284600.591 180578.842  36.6%   862  131s
   518   517 181819.845    7   17 288453.285 181819.845  37.0%  37.6   65s
   313   315 179709.872   20   20 286707.429 179709.872  37.3%   836   70s
   821   694 178498.327   43   37 264795.012 178498.327  32.6%   196  135s
   914   706 180927.318   87   16 290890.442 180927.318  37.8%   170  125s
   172   174 182149.608   20   36 291167.826 182149.608  37.4%   753   50s
   276   278 181528.672   45  139 290056.323 181528.569  37.4%  1130   85s
   512   513 180311.763   15   19 289578.516 180311.763  37.7%   848  122s
   522   520 179367.372   23    9 266312.648 179367.372  32.6%  1006  131s
   736   612 179412.938   56   18 289219.669 179412.938  38.0%  96.6   95s
   689   633 182782.021   58   20 290682.363 182782.021  37.1%   137   75s
   468   470 178197.660   15   60 285647.563 178197.660  37.6%  1000  116s
   512   513 180620.354   10   13 289729.440 180503.193  37.7%   915  111s
   761   628 180906.381   31   64 287944.746 180906.381  37.2%   173  105s
H  742   590                    289081.20752 179412.938  37.9%  95.8   95s
H  833   674                    286807.33847 179160.084  37.5%   488  129s
   833   676 182533.312   28  232 286807.338 179160.084  37.5%   491  130s
   514   514 180918.517   17   20 285171.899 180918.517  36.6%   941  128s
   296   298 182684.656   37  119 290867.859 182684.656  37.2%  1024   90s
   156   158 182684.656   22   50 289652.919 182684.656  36.9%  1147   60s
   155   157 180636.204   17  107          - 180636.204      -  1128   55s
   442   444 182782.021   81   15 289884.335 182782.021  36.9%  84.6   46s
   242   244 183749.598   19  140          - 180906.381      -  1385   80s
   382   384 179709.872   42   45 287852.663 179709.872  37.6%  1145  110s
   848   739 181994.115   40   12 288471.892 181994.115  36.9%  91.1  100s
   848   662 180050.548   55   32 286320.616 180050.548  37.1%   162  122s
   558   546 182149.608   21   38 288064.524 182149.608  36.8%   172   95s
   791   701 179117.242   35  123 287996.233 179111.514  37.8%   434  120s
   353   355 181819.845   16   62          - 181819.845      -  1101   85s
   525   522 180578.842   14   35 284600.591 180578.842  36.6%   859  135s
   234   236 180600.101   24  120 288586.969 180600.101  37.4%   884   65s
H  390   390                    287832.15690 179709.872  37.6%  1138  112s
   525   522 181819.845   23   10 288453.285 181819.845  37.0%  37.1   70s
   338   340 179709.872   21   34 286707.429 179709.872  37.3%   860   75s
   517   516 182665.281   33   13 285171.899 180918.517  36.6%   935  131s
   514   514 180651.489   48   35          - 180651.489      -  73.8   44s
   485   487 178197.660   14   88 285647.563 178197.660  37.6%  1012  120s
   524   521 179367.372   45   44 266312.648 179367.372  32.6%  1002  135s
   514   514 180311.763   44   34 289578.516 180311.763  37.7%   845  127s
   865   673 180050.548   85   24 286320.616 180050.548  37.1%   159  125s
   416   418 180651.489   45   62 288248.640 180651.489  37.3%   882  106s
   956   734 180927.318  108   14 290890.442 180927.318  37.8%   163  130s
   195   197 182149.608   53   90 291167.826 182149.608  37.4%   750   55s
   514   514 180503.193   11   33 289729.440 180503.193  37.7%   912  115s
   299   301 181528.569   57  100 290056.323 181528.569  37.4%  1097   90s
   839   706 178498.327   52   37 264795.012 178498.327  32.6%   192  140s
   741   668 182782.021   84   20 290682.363 182782.021  37.1%   128   80s
H  768   585                    288987.79731 179412.938  37.9%  92.6  100s
   772   635 180906.381   32   18 287944.746 180906.381  37.2%   175  110s
   515   515 180651.489   41   13          - 180651.489      -  73.7   45s
   174   176 182684.656    8   58 289652.919 182684.656  36.9%  1156   65s
   849   687 179160.084   30   22 286807.338 179160.084  37.5%   509  135s
   179   181 180636.204   36   81          - 180636.204      -  1179   60s
   401   403 179709.872   20   76 287832.157 179709.872  37.6%  1160  115s
   887   765 181994.115   45   14 288471.892 181994.115  36.9%  88.5  105s
   512   513 179262.556    9   28 286423.755 179262.556  37.4%  1313  141s
   270   272 180906.381   17   86          - 180906.381      -  1391   85s
H  202   202                    291155.20507 182149.608  37.4%   752   57s
   575   557 182149.608   26  123 288064.524 182149.608  36.8%   181  100s
   518   517 180314.042   33   18 289578.516 180311.763  37.7%   838  130s
   303   305 182684.656   36   96 290867.859 182684.656  37.2%  1030   96s
   375   377 181819.845   13  100          - 181819.845      -  1124   90s
H  517   490                    289529.01771 180503.193  37.7%   907  118s
   807   712 179111.514   22   31 287996.233 179111.514  37.8%   456  125s
   536   529 180578.842   72   15 284600.591 180578.842  36.6%   841  140s
   256   258 180600.101   10   23 288586.969 180600.101  37.4%   904   70s
   512   513 180636.204   40   23 286369.876 180636.204  36.9%  1103  121s
   428   430 180651.489   40   50 288248.640 180651.489  37.3%   900  110s
   512   513 182782.021   64   24 289884.335 182782.021  36.9%  79.9   53s
   534   528 181819.845   43   18 288453.285 181819.845  37.0%  36.5   75s
   520   518 180918.517   36   42 285171.899 180918.517  36.6%   930  136s
H  860   668                    286754.47822 179160.084  37.5%   517  138s
   852   715 178498.327   51   37 264795.012 178498.327  32.6%   190  145s
   209   211 182149.608   60   25 291155.205 182149.608  37.4%   752   60s
   999   763 180927.318  127   21 290890.442 180927.318  37.8%   157  135s
   897   695 180050.548  101   24 286320.616 180050.548  37.1%   157  130s
   322   324 181528.569   19   78 290056.323 181528.569  37.4%  1082   95s
   518   517 180651.489   43   21          - 180651.489      -  73.2   50s
   780   595 179412.938   78   18 288987.797 179412.938  37.9%  91.4  105s
   787   698 182782.021   38   28 290682.363 182782.021  37.1%   123   85s
   806   658 180906.381   44    9 287944.746 180906.381  37.2%   177  115s
H  821   692                    287991.38394 179111.514  37.8%   459  127s
   527   523 179367.460   32   84 266312.648 179367.372  32.6%   996  141s
   514   514 179437.861   20   32 286423.755 179262.556  37.4%  1308  145s
   196   198 182684.656   17   71 289652.919 182684.656  36.9%  1107   70s
   198   200 180636.204    7   64          - 180636.204      -  1186   65s
   868   675 180250.884   33  180 286754.478 179160.084  37.5%   521  140s
   520   492 181136.562   24   14 289529.018 180503.193  37.7%   901  121s
   318   320 182684.656   23  101 290867.859 182684.656  37.2%  1029  100s
   415   417 179709.872   32   75 287832.157 179709.872  37.6%  1167  120s
H  797   676                    289436.17091 182782.021  36.8%   126   86s
   286   288 180906.381    3  104          - 180906.381      -  1408   90s
   588   566 182149.608   31   83 288064.524 182149.608  36.8%   193  105s
H  416   416                    287827.09080 179709.872  37.6%  1164  120s
   514   514 180636.204   24   40 286369.876 180636.204  36.9%  1098  125s
   399   401 181819.845   21   35          - 181819.845      -  1130   95s
H  442   442                    288245.02499 180651.489  37.3%   898  114s
   836   704 179309.648   28   59 287991.384 179111.514  37.8%   459  130s
   926   791 181994.115   46   12 288471.892 181994.115  36.9%  86.3  111s
H  794   580                    288849.33544 179412.938  37.9%  90.1  107s
   564   550 180578.842   23   71 284600.591 180578.842  36.6%   896  145s
   522   520 262231.434   17   21 285171.899 180918.517  36.6%   926  140s
   282   284 180600.101   27  106 288586.969 180600.101  37.4%   898   75s
   521   519 180311.763   21   27 289578.516 180311.763  37.7%   833  135s
   514   514 182782.021   15   24 289884.335 182782.021  36.9%  79.6   58s
H  804   566                    288572.41169 179412.938  37.8%  89.3  108s
   364   366 179709.872   20   97 286707.429 179709.872  37.3%   839   85s
   546   538 181819.845   21  104 288453.285 181819.845  37.0%   150   80s
   866   724 178498.327   56   35 264795.012 178498.327  32.6%   187  150s
H  338   338                    290006.21694 181528.569  37.4%  1075   99s
   927   715 180050.548  116   28 286320.616 180050.548  37.1%   152  135s
   522   494 180503.193   23   13 289529.018 180503.193  37.7%   898  125s
  1043   792 180927.318   87   21 290890.442 180927.318  37.8%   151  140s
   235   237 182149.608   29   43 291155.205 182149.608  37.4%   769   65s
   529   524 179385.618   29   30 266312.648 179367.372  32.6%   992  145s
   529   524 180651.489   24   16          - 180651.489      -  71.7   55s
   813   574 179412.938  149   14 288572.412 179412.938  37.8%  88.4  110s
   442   444 180651.489   27  135 288245.025 180651.489  37.3%   904  117s
   834   703 182782.021   43   18 289436.171 182782.021  36.8%   126   90s
   835   677 180906.381   34   31 287944.746 180906.381  37.2%   182  120s
H  338   338                    289471.98384 181528.569  37.3%  1075  100s
   494   496 178197.660   16   62 285647.563 178197.660  37.6%  1006  131s
   339   341 182684.656   21   83 290867.859 182684.656  37.2%  1027  105s
   225   227 180636.204   29   59          - 180636.204      -  1180   70s
   213   215 182684.656   20   31 289652.919 182684.656  36.9%  1162   75s
   517   516 182782.021   59   19 289884.335 182782.021  36.9%  79.1   61s
   303   305 180906.381   18   44          - 180906.381      -  1412   95s
   433   435 179710.349   28   90 287827.091 179709.872  37.6%  1169  125s
H  952   779                    287490.90453 181994.115  36.7%  85.0  115s
H  849   685                    288341.72171 182782.021  36.6%   124   91s
   887   688 182777.827   32  153 286754.478 179160.084  37.5%   536  145s
H  849   661                    288325.10025 182782.021  36.6%   124   91s
   518   517 179262.556   23   19 286423.755 179262.556  37.4%  1298  151s
   602   575 182149.608   34   85 288064.524 182149.608  36.8%   195  110s
   519   518 180763.453   23   40 286369.876 180636.204  36.9%  1088  130s
   430   432 181824.085   27   54          - 181819.845      -  1123  100s
   855   717 179424.031   36   96 287991.384 179111.514  37.8%   481  135s
   590   567 180578.842   24   28 284600.591 180578.842  36.6%   895  150s
   455   457 180651.489   20   35 288245.025 180651.489  37.3%   905  120s
   314   316 180712.798   10  167 288586.969 180600.101  37.4%   845   80s
   393   395 179709.872   45   40 286707.429 179709.872  37.3%   825   90s
   524   521 180311.763   26   13 289578.516 180311.763  37.7%   829  141s
   562   548 182502.969   23  117 288453.285 181819.845  37.0%   169   85s
   881   734 178498.327   73   35 264795.012 178498.327  32.6%   184  155s
   525   522 180918.517   23   25 285171.899 180918.517  36.6%   921  146s
   510   512 178660.188   20  115 285647.563 178197.660  37.6%  1009  135s
   955   733 180050.548  130   39 286320.616 180050.548  37.1%   149  140s
   257   259 182149.608   38   16 291155.205 182149.608  37.4%   798   70s
   519   518 182782.021   90   25 289884.335 182782.021  36.9%  78.8   65s
  1067   808 180927.318   36   23 290890.442 180927.318  37.8%   150  145s
   525   496 180503.193   15   61 289529.018 180503.193  37.7%   893  130s
   363   365 181528.569   16   52 289471.984 181528.569  37.3%  1066  105s
   850   598 179412.938   72   14 288572.412 179412.938  37.8%  84.7  115s
   876   705 180906.381   63   36 287944.746 180906.381  37.2%   179  125s
H  364   364                    289321.00469 181528.569  37.3%  1063  105s
   888   689 182782.021   70   16 288325.100 182782.021  36.6%   120   95s
   228   230 182684.656   23   88 289652.919 182684.656  36.9%  1173   80s
H  260   260                    291049.17167 182149.608  37.4%   806   71s
   359   361 182684.656   31   95 290867.859 182684.656  37.2%  1032  110s
   903   699 179160.084   23  111 286754.478 179160.084  37.5%   543  150s
   242   244 180658.050   34  112          - 180636.204      -  1273   75s
   452   454 179709.872   20   22 287827.091 179709.872  37.6%  1180  130s
   322   324 180906.381   20   39          - 180906.381      -  1436  100s
   521   519 180636.204   29   64 286369.876 180636.204  36.9%  1084  135s
   520   518 179264.378   18   20 286423.755 179262.556  37.4%  1293  156s
   978   799 181994.115   56   10 287490.905 181994.115  36.7%  84.7  121s
   529   524 180311.763   14   29 289578.516 180311.763  37.7%   821  145s
   613   582 180578.842   29   46 284600.591 180578.842  36.6%   879  155s
   872   728 179111.514   33   49 287991.384 179111.514  37.8%   501  140s
H  470   470                    427831.36521 181819.845  57.5%  1097  105s
H  470   470                    287269.88851 181819.845  36.7%  1097  105s
   472   474 180651.489   17   86 288245.025 180651.489  37.3%   909  125s
   334   336 180600.101   15   71 288586.969 180600.101  37.4%   869   85s
H  364   364                    290862.89735 182684.656  37.2%  1028  112s
   580   560 181819.845   27   53 288453.285 181819.845  37.0%   192   90s
H  872   592                    288373.18032 179412.938  37.8%  82.6  118s
   531   526 179690.705   44   24 266312.648 179367.372  32.6%   988  154s
H  927   690                    288227.83985 182782.021  36.6%   116   98s
H  364   364                    290862.16627 182684.656  37.2%  1028  112s
   418   420 179709.872   33   84 286707.429 179709.872  37.3%   802   95s
H  364   364                    289152.28629 182684.656  36.8%  1028  112s
   534   528 180918.517   14   26 285171.899 180918.517  36.6%   905  151s
H  927   668                    288143.27632 182782.021  36.6%   116   98s
   617   585 182149.608   28  138 288064.524 182149.608  36.8%   200  116s
   891   741 178498.327   78   33 264795.012 178498.327  32.6%   183  160s
H  533   500                    525955.34544 180651.489  65.7%  71.2   64s
H  533   474                    525422.17167 180651.489  65.6%  71.2   64s
   535   502 180503.193   18   19 289529.018 180503.193  37.7%   876  135s
   985   753 180050.548  145   49 286320.616 180050.548  37.1%   145  145s
H  533   450                    525412.33029 180651.489  65.6%  71.2   64s
H  533   427                    523969.25273 180651.489  65.5%  71.2   64s
   279   281 182149.608   33   62 291049.172 182149.608  37.4%   832   75s
  1101   831 180927.318   53   21 290890.442 180927.318  37.8%   146  150s
H  533   406                    434513.38715 180651.489  58.4%  71.2   64s
H  533   385                    291169.62759 180651.489  38.0%  71.2   64s
H  533   365                    289890.59144 180651.489  37.7%  71.2   64s
H  587   536                    288453.12201 181819.845  37.0%   199   91s
H  927   647                    288086.28820 182782.021  36.6%   116   99s
H  533   347                    289825.37531 180651.489  37.7%  71.2   65s
   528   524 182782.021   75   13 289884.335 182782.021  36.9%  77.4   70s
   932   652 182782.021   92   16 288086.288 182782.021  36.6%   115  100s
   895   717 180906.381   73   18 287944.746 180906.381  37.2%   176  130s
H  534   330                    289725.31951 180651.489  37.6%   161   65s
   532   526 179845.670   57   19 266312.648 179367.372  32.6%   987  156s
   250   252 183780.531   27  143 289652.919 182684.656  36.9%  1146   85s
   268   270 180636.204   40   11          - 180636.204      -  1278   80s
   376   378 182685.488   41  105 289152.286 182684.656  36.8%  1027  115s
   512   513 178492.573    9   18 285647.563 178197.660  37.6%  1005  141s
   364   366 181528.569   37   79 289321.005 181528.569  37.3%  1064  111s
   461   463 179709.872   63   76 287827.091 179709.872  37.6%  1189  135s
   341   343 180906.381   13   92          - 180906.381      -  1443  105s
H  942   637                    287963.02109 182782.021  36.5%   114  101s
   995   810 181994.115   61   10 287490.905 181994.115  36.7%  84.5  125s
   522   520 179391.465    9   23 286423.755 179262.556  37.4%  1288  161s
H  926   689                    285520.27428 179160.084  37.3%   551  156s
   631   594 182149.608   38   78 288064.524 182149.608  36.8%   198  120s
   897   745 179121.829   38  112 287991.384 179111.514  37.8%   520  145s
   644   603 184161.850   30  107 284600.591 180578.842  36.6%   851  160s
   502   504 181824.085   42   51 287269.889 181819.845  36.7%  1088  110s
   540   534 180311.763   14   50 289578.516 180311.763  37.7%   892  150s
   554   543 180918.517   22  122 285171.899 180918.517  36.6%   968  155s
H  560   330                    289538.72759 180651.489  37.6%   156   68s
   364   366 180600.101   52   42 288586.969 180600.101  37.4%   837   90s
   872   594 179412.938   83   16 288373.180 179412.938  37.8%  82.6  123s
   604   549 181819.845   35   47 288453.122 181819.845  37.0%   206   95s
H  494   494                    288228.04613 180651.489  37.3%   901  130s
   442   444 179709.872   15   83 286707.429 179709.872  37.3%   799  100s
   524   521 181275.213   17   55 286369.876 180636.204  36.9%  1077  141s
   540   534 179367.372   18   89 266312.648 179367.372  32.6%  1059  160s
H  378   378                    289120.58222 181528.569  37.2%  1070  114s
H  468   468                    287825.49229 179709.872  37.6%  1197  137s
   907   751 178498.327   86   27 264795.012 178498.327  32.6%   180  165s
   561   522 180838.073   17   76 289529.018 180503.193  37.7%   946  140s
  1018   775 180050.548   95   38 286320.616 180050.548  37.1%   141  150s
   302   304 182149.608   45   27 291049.172 182149.608  37.4%   847   80s
   547   538 182782.021   18   21 289884.335 182782.021  36.9%   170   75s
  1150   863 180927.318   54   28 290890.442 180927.318  37.8%   141  155s
   584   348 180651.489   23   10 289538.728 180651.489  37.6%   150   70s
   379   381 181528.569   24   54 289120.582 181528.569  37.2%  1069  115s
   514   514 178197.660   14   45 285647.563 178197.660  37.6%  1001  145s
H  586   331                    289279.11922 180651.489  37.6%   150   70s
   884   602 179412.938   89   14 288373.180 179412.938  37.8%  81.5  125s
   925   737 180906.381   88   26 287944.746 180906.381  37.2%   171  135s
   979   663 182782.021  120   26 287963.021 182782.021  36.5%   110  105s
   291   293 180636.204   30   29          - 180636.204      -  1274   85s
   272   274 182684.656   24   83 289652.919 182684.656  36.9%  1146   90s
H  390   390                    289150.45612 182684.656  36.8%  1039  120s
  1039   839 181994.115   67   10 287490.905 181994.115  36.7%  82.6  130s
   941   701 179160.084   28   84 285520.274 179160.084  37.3%   560  160s
H  913   727                    287584.33487 179111.514  37.7%   530  148s
   362   364 180906.381   17   71          - 180906.381      -  1434  110s
   524   521 179293.000   16   27 286423.755 179262.556  37.4%  1283  166s
   558   546 180311.763   19   88 289578.516 180311.763  37.7%   890  155s
   676   623 180578.842   34   33 284600.591 180578.842  36.6%   838  165s
   644   603 182149.608   41   78 288064.524 182149.608  36.8%   196  125s
   921   735 179276.405   37  128 287584.335 179111.514  37.7%   533  150s
   582   562 180918.517   28  120 285171.899 180918.517  36.6%   951  160s
   392   394 180600.396   66   59 288586.969 180600.101  37.4%   832   95s
   526   522 180768.555   19   40 286369.876 180636.204  36.9%  1073  146s
   630   567 181819.845   31   34 288453.122 181819.845  37.0%   224  100s
   468   470 179709.872   31   70 286707.429 179709.872  37.3%   810  105s
   570   554 179367.372   30   95 266312.648 179367.372  32.6%  1035  165s
H  638   351                    289217.09912 180651.489  37.5%   140   74s
H  925   711                    287476.28286 179111.514  37.7%   532  151s
   920   760 178498.327   30   29 264795.012 178498.327  32.6%   178  170s
   468   470 179716.553   65   71 287825.492 179709.872  37.6%  1200  143s
  1047   795 180050.548   28   61 286320.616 180050.548  37.1%   142  155s
   590   567 182782.021   26   20 289884.335 182782.021  36.9%   159   80s
  1192   891 180927.318   75   30 290890.442 180927.318  37.8%   138  160s
H  376   376                    489566.82582 180906.381  63.0%  1417  113s
H  952   729                    286874.43023 180906.381  36.9%   168  139s
H  952   706                    286821.56999 180906.381  36.9%   168  139s
   649   360 180651.489   27   10 289217.099 180651.489  37.5%   138   75s
H  376   376                    307992.27276 180906.381  41.3%  1417  113s
   330   332 182149.608   30   29 291049.172 182149.608  37.4%   837   85s
   519   518 178197.660   13   27 285647.563 178197.660  37.6%   991  150s
   591   542 180503.193   23   43 289529.018 180503.193  37.7%   928  145s
   920   626 179412.938  107   14 288373.180 179412.938  37.8%  78.6  130s
   959   713 180906.381   49   14 286821.570 180906.381  36.9%   168  140s
  1021   691 182782.021  141   25 287963.021 182782.021  36.5%   107  110s
   400   402 181528.569   10   26 289120.582 181528.569  37.2%  1058  120s
H  664   353                    288957.49075 180651.489  37.5%   136   76s
   297   299 182684.656   27   77 289652.919 182684.656  36.9%  1094   95s
   512   513 181819.845   15    9 287269.889 181819.845  36.7%  1083  118s
   318   320 180636.204    5   85          - 180636.204      -  1264   90s
   472   474 179709.872   36   74 287825.492 179709.872  37.6%  1209  145s
H  669   344                    288956.33998 180651.489  37.5%   135   76s
   382   384 180907.548   18   75 307992.273 180906.381  41.3%  1415  115s
   659   613 182149.608   45   69 288064.524 182149.608  36.8%   192  130s
   695   636 180578.842   34   22 284600.591 180578.842  36.6%   840  170s
   528   524 180668.250   12   41 286369.876 180636.204  36.9%  1069  150s
   584   563 180311.763   21   16 289578.516 180311.763  37.7%   881  160s
   940   723 179111.514   40   55 287476.283 179111.514  37.7%   531  155s
   526   522 179262.556    8   16 286423.755 179262.556  37.4%  1278  172s
   591   568 180918.517   27  157 285171.899 180918.517  36.6%   949  165s
   415   417 180600.941   90   91 288586.969 180600.101  37.4%   825  100s
   650   580 181819.845   35   49 288453.122 181819.845  37.0%   246  105s
   952   708 179646.692   29   88 285520.274 179160.084  37.3%   568  167s
   490   492 179709.872   19   69 286707.429 179709.872  37.3%   823  110s
   390   392 182684.656   11  105 289150.456 182684.656  36.8%  1040  127s
   932   768 178498.327   36   37 264795.012 178498.327  32.6%   176  175s
   591   568 179367.372   36   66 266312.648 179367.372  32.6%  1033  170s
   623   562 180503.193   24   41 289529.018 180503.193  37.7%   905  150s
  1059   803 180050.548   34   21 286320.616 180050.548  37.1%   144  160s
   521   519 178197.660   14   58 285647.563 178197.660  37.6%   987  155s
   349   351 182149.608   23   94 291049.172 182149.608  37.4%   852   90s
  1237   921 180927.318  121   25 290890.442 180927.318  37.8%   133  165s
   635   597 182782.021   47   20 289884.335 182782.021  36.9%   151   85s
   959   652 179412.938  222   22 288373.180 179412.938  37.8%  76.3  135s
   986   731 180906.381   34   27 286821.570 180906.381  36.9%   170  145s
   716   377 180651.489   24   10 288956.340 180651.489  37.5%   127   80s
   413   415 181528.569   30   17 289120.582 181528.569  37.2%  1072  125s
H  312   312                    289644.11371 182684.656  36.9%  1097   99s
   401   403 182684.656   12   50 289150.456 182684.656  36.8%  1044  130s
   961   714 179636.130   31  201 285520.274 179160.084  37.3%   575  170s
   313   315 185493.050   24  165 289644.114 182684.656  36.9%  1104  100s
   343   345 180636.204   56   96          - 180636.204      -  1259   95s
   486   488 179709.872   52   53 287825.492 179709.872  37.6%  1226  150s
   514   514 181819.845   12   49 287269.889 181819.845  36.7%  1079  124s
H  416   416                    289037.07311 181528.569  37.2%  1068  126s
   397   399 181090.008   21  186 307992.273 180906.381  41.3%  1451  120s
H  416   416                    288972.98486 181528.569  37.2%  1068  126s
   512   513 180651.489   28   15 288228.046 180651.489  37.3%   902  143s
H  742   379                    288832.29978 180651.489  37.5%   124   82s
   677   625 182149.608   52   61 288064.524 182149.608  36.8%   187  135s
   530   525 180810.685   20   92 286369.876 180636.204  36.9%  1065  155s
   515   515 181821.505   15   14 287269.889 181819.845  36.7%  1077  125s
   961   737 179111.514   42   28 287476.283 179111.514  37.7%   543  160s
   596   571 180311.763   25   37 289578.516 180311.763  37.7%   889  165s
   621   588 180918.517   25   64 285171.899 180918.517  36.6%   938  170s
   725   656 180578.842   38   48 284600.591 180578.842  36.6%   834  175s
   433   435 180600.101   13   87 288586.969 180600.101  37.4%   847  105s
   528   524 179352.644   17   31 286423.755 179262.556  37.4%  1273  177s
   677   598 187019.887   35  130 288453.122 181819.845  37.0%   265  110s
   617   585 179367.372   40   81 266312.648 179367.372  32.6%  1021  175s
   505   507 179709.872   10   74 286707.429 179709.872  37.3%   831  115s
  1031   698 182782.021  146   33 287963.021 182782.021  36.5%   106  118s
   945   777 178498.327  105   21 264795.012 178498.327  32.6%   174  180s
   660   587 180503.437   31   30 289529.018 180503.193  37.7%   895  155s
H  777   390                    288825.61222 180651.489  37.5%   119   84s
  1105   833 180050.548   76   17 286320.616 180050.548  37.1%   140  165s
   680   627 182782.021   32   22 289884.335 182782.021  36.9%   142   90s
  1286   954 180927.318  122   32 290890.442 180927.318  37.8%   128  170s
   782   395 180651.489   32   10 288825.612 180651.489  37.5%   119   85s
   997   677 179412.938  241   12 288373.180 179412.938  37.8%  74.3  140s
H  378   378                    291018.31049 182149.608  37.4%   845   95s
  1045   707 182782.021   46   34 287963.021 182782.021  36.5%   105  120s
  1020   754 180906.381   39   93 286821.570 180906.381  36.9%   174  150s
   430   432 181528.569   10   30 288972.985 181528.569  37.2%  1086  130s
H  378   378                    290980.67714 182149.608  37.4%   845   95s
H  416   416                    288781.41547 182684.656  36.7%  1050  134s
   529   524 179341.302   21   30 286423.755 179262.556  37.4%  1271  180s
   334   336 182684.656   17   62 289644.114 182684.656  36.9%  1085  105s
   366   368 180636.204   18   82          - 180636.204      -  1256  100s
   524   521 178197.706   14   33 285647.563 178197.660  37.6%   982  162s
   413   415 180907.249   17   57 307992.273 180906.381  41.3%  1477  125s
  1070   860 181994.115   66   12 287490.905 181994.115  36.7%  81.4  145s
   514   514 180651.489   33   30 288228.046 180651.489  37.3%   899  149s
   532   526 180669.488   11   33 286369.876 180636.204  36.9%  1061  160s
   692   635 182149.608   48   65 288064.524 182149.608  36.8%   183  140s
   618   586 180311.763   25   38 289578.516 180311.763  37.7%   891  170s
   982   751 179526.017   45   90 287476.283 179111.514  37.7%   559  165s
   764   682 182154.618   34  215 284600.591 180578.842  36.6%   817  180s
   650   607 180918.517   39   79 285171.899 180918.517  36.6%   919  175s
   494   496 179709.872   52   68 287825.492 179709.872  37.6%  1229  156s
   516   516 180651.489    2   86 288228.046 180651.489  37.3%   895  150s
H  390   390                    290412.39582 182149.608  37.3%   843   98s
   416   418 182684.656   17  125 288781.415 182684.656  36.7%  1054  137s
   518   517 181824.087   13   20 287269.889 181819.845  36.7%  1070  131s
H  376   376                    488409.76322 180636.204  63.0%  1258  102s
H  376   376                    405141.20329 180636.204  55.4%  1258  102s
H  376   376                    405084.63216 180636.204  55.4%  1258  102s
H  376   376                    290621.90009 180636.204  37.8%  1258  102s
H  376   376                    288854.29094 180636.204  37.5%  1258  102s
H  376   376                    288802.97771 180636.204  37.5%  1258  102s
   639   600 179367.372   31   80 266312.648 179367.372  32.6%  1018  180s
H  376   376                    287457.23179 180636.204  37.2%  1258  102s
H  376   376                    286626.46065 180636.204  37.0%  1258  103s
H  376   376                    286083.58318 180636.204  36.9%  1258  103s
   978   726 179160.084   32   48 285520.274 179160.084  37.3%   589  178s
   959   786 178498.327  112   21 264795.012 178498.327  32.6%   176  185s
   442   444 180600.101   12   77 288586.969 180600.101  37.4%   854  111s
   690   607 180503.193   31   19 289529.018 180503.193  37.7%   876  160s
  1171   877 180050.548   99   15 286320.616 180050.548  37.1%   134  170s
  1335   987 180927.318  170   17 290890.442 180927.318  37.8%   124  175s
   400   402 182149.608   48   63 290412.396 182149.608  37.3%   845  100s
   716   651 182782.021   50   16 289884.335 182782.021  36.9%   136   95s
   451   453 181528.569   48   89 288972.985 181528.569  37.2%  1085  135s
  1039   705 179412.938  262   16 288373.180 179412.938  37.8%  71.6  145s
H 1003   740                    287424.81221 179111.514  37.7%   554  167s
  1092   739 182782.021   62   20 287963.021 182782.021  36.5%   102  125s
  1040   767 180906.381   43   32 286821.570 180906.381  36.9%   176  155s
   846   438 180651.489   27   10 288825.612 180651.489  37.5%   112   90s
   357   359 182684.656   18   24 289644.114 182684.656  36.9%  1058  110s
   526   522 178363.941   24   20 285647.563 178197.660  37.6%   978  166s
   987   732 179160.136   28   88 285520.274 179160.084  37.3%   593  180s
   386   388 180636.204    7   41 286083.583 180636.204  36.9%  1243  105s
   691   607 181819.845   36   65 288453.122 181819.845  37.0%   274  117s
   430   432 182684.656   29  112 288781.415 182684.656  36.7%  1064  140s
  1109   886 181994.115   46   10 287490.905 181994.115  36.7%  79.9  150s
   512   513 179709.872   10   13 286707.429 179709.872  37.3%   835  122s
   502   504 179711.577   55  102 287825.492 179709.872  37.6%  1245  160s
H  459   459                    288970.99754 181528.569  37.2%  1084  136s
   531   526 179781.533   11   59 286423.755 179262.556  37.4%  1266  185s
   431   433 185885.164   21  254 307992.273 180906.381  41.3%  1490  130s
   534   528 180636.204   10   40 286369.876 180636.204  36.9%  1057  165s
   704   643 182149.608   42   82 288064.524 182149.608  36.8%   180  145s
  1020   754 179111.514   50   31 287424.812 179111.514  37.7%   555  170s
H  519   492                    287269.72542 181819.845  36.7%  1068  135s
   677   625 180918.517   41   79 285171.899 180918.517  36.6%   918  180s
   641   601 180311.763   31   13 289578.516 180311.763  37.7%   888  175s
H 1021   730                    287119.79118 179111.514  37.6%   554  170s
   796   703 180578.842   43   54 284600.591 180578.842  36.6%   807  185s
H 1021   710                    286497.43200 179111.514  37.5%   554  170s
   519   518 180651.489   52   29 288228.046 180651.489  37.3%   890  155s
   458   460 180600.101   19   96 288586.969 180600.101  37.4%   880  115s
   704   616 183287.596   37  163 288453.122 181819.845  37.0%   284  120s
   667   618 179367.372   35   24 266312.648 179367.372  32.6%  1018  185s
   975   797 178498.327  120   23 264795.012 178498.327  32.6%   174  190s
H  885   450                    288799.77995 180651.489  37.4%   108   94s
   723   629 180503.193   27   47 289529.018 180503.193  37.7%   868  165s
H 1029   696                    286479.96991 179111.514  37.5%   555  172s
  1228   915 180050.548  127   20 286320.616 180050.548  37.1%   130  175s
   755   677 182782.021   76   18 289884.335 182782.021  36.9%   130  100s
  1384  1019 180927.318  171   32 290890.442 180927.318  37.8%   120  180s
   514   514 179709.872   51   34 286707.429 179709.872  37.3%   831  126s
   896   459 180651.489   25   10 288799.780 180651.489  37.4%   107   95s
   472   474 181999.147   20   69 288970.998 181528.569  37.2%  1094  140s
  1081   733 179412.938  283   16 288373.180 179412.938  37.8%  69.3  150s
   528   524 178839.778   24   22 285647.563 178197.660  37.6%   974  170s
   416   418 182149.608   56  134 290412.396 182149.608  37.3%   854  105s
  1134   767 182782.021   83   29 287963.021 182782.021  36.5%  99.4  130s
  1074   790 180906.381   45   30 286821.570 180906.381  36.9%   173  160s
H  912   457                    288798.64029 180651.489  37.4%   105   96s
   404   406 180636.204   17   35 286083.583 180636.204  36.9%  1256  110s
  1152   915 181994.115   41   10 287490.905 181994.115  36.7%  77.8  155s
H  442   442                    288754.26280 182684.656  36.7%  1067  145s
   449   451 184548.317   25  201 307992.273 180906.381  41.3%  1504  135s
   378   380 182684.656   25   34 289644.114 182684.656  36.9%  1051  115s
H 1004   719                    284920.12913 179160.084  37.1%   600  185s
   545   537 180636.204   20   95 286369.876 180636.204  36.9%  1127  170s
H  442   442                    288699.95747 182684.656  36.7%  1067  146s
   723   656 182149.608   39   78 288064.524 182149.608  36.8%   177  150s
H  468   468                    288264.11229 180600.101  37.3%   894  119s
   823   721 180578.842   35   36 284600.591 180578.842  36.6%   802  190s
  1047   710 179174.736   47   59 286479.970 179111.514  37.5%   569  175s
   661   614 180311.763   34   55 289578.516 180311.763  37.7%   900  180s
   533   527 179823.091   12  113 286423.755 179262.556  37.4%  1261  191s
   698   639 180918.517   30   77 285171.899 180918.517  36.6%   898  185s
H  939   465                    288798.26040 180651.489  37.4%   103   98s
   730   633 181819.845   45   38 288453.122 181819.845  37.0%   289  125s
   523   494 263921.514   21   14 287269.725 181819.845  36.7%  1060  141s
H 1263   914                    286307.66998 180050.548  37.1%   127  179s
H 1055   694                    286245.57893 179111.514  37.4%   572  176s
   518   517 179709.872   28   46 286707.429 179709.872  37.3%   825  130s
   988   805 178498.327   22   42 264795.012 178498.327  32.6%   172  195s
   755   648 180503.193   33   33 289529.018 180503.193  37.7%   865  170s
  1269   920 180050.548  146   15 286307.670 180050.548  37.1%   127  180s
   433   435 182149.608   32   68 290412.396 182149.608  37.3%   875  110s
  1434  1053 180927.318  196   32 290890.442 180927.318  37.8%   116  185s
   961   481 180651.489   30   10 288798.260 180651.489  37.4%   102  100s
   522   520 180651.489   13   45 288228.046 180651.489  37.3%   885  162s
H  737   610                    288351.09139 181819.845  36.9%   291  126s
   488   490 181541.740   48   97 288970.998 181528.569  37.2%  1109  145s
  1127   764 179412.938  306   16 288373.180 179412.938  37.8%  66.5  155s
   530   525 178643.234   22   36 285647.563 178197.660  37.6%   971  175s
   785   697 182782.021   91   18 289884.335 182782.021  36.9%   128  105s
  1184   800 182782.021  108   27 287963.021 182782.021  36.5%  96.0  135s
  1086   798 180906.381   43   23 286821.570 180906.381  36.9%   174  165s
   539   533 179262.556   11  100 286423.755 179262.556  37.4%  1340  195s
   393   395 188046.197   30  131 289644.114 182684.656  36.9%  1058  120s
  1021   732 179160.084   26   64 284920.129 179160.084  37.1%   608  190s
   459   461 182684.656   12   73 288699.957 182684.656  36.7%  1069  150s
  1184   936 181994.115   45   12 287490.905 181994.115  36.7%  76.6  160s
   688   632 179367.372   32   80 266312.648 179367.372  32.6%  1018  192s
   425   427 180636.204   20   44 286083.583 180636.204  36.9%  1270  115s
   472   474 182470.296   20  118 307992.273 180906.381  41.3%  1488  140s
   567   552 180636.204   28   28 286369.876 180636.204  36.9%  1116  175s
H  993   490                    288796.75478 180651.489  37.4%  99.0  102s
H  770   628                    289331.31473 180503.193  37.6%   876  172s
   734   663 182149.608   42   68 288064.524 182149.608  36.8%   179  155s
   685   630 180311.763   36   34 289578.516 180311.763  37.7%   906  185s
  1076   710 179111.514   22   11 286245.579 179111.514  37.4%   582  180s
H  442   442                    290143.78414 182149.608  37.2%   890  112s
   848   738 180578.842   33   29 284600.591 180578.842  36.6%   795  195s
H 1002   487                    288672.71458 180651.489  37.4%  98.4  102s
   525   496 181820.405   17   18 287269.725 181819.845  36.7%  1056  145s
   717   652 180918.517   31   56 285171.899 180918.517  36.6%   892  190s
H  820   691                    289711.62982 182782.021  36.9%   123  108s
H  820   665                    289669.34806 182782.021  36.9%   123  108s
H 1315   926                    286256.83132 180050.548  37.1%   124  184s
H 1315   905                    286204.86044 180050.548  37.1%   124  184s
   700   640 180522.255   32   74 266312.648 179367.372  32.6%  1017  195s
H  404   404                    289643.03044 182684.656  36.9%  1055  123s
H 1020   490                    288666.97199 180651.489  37.4%  97.1  104s
  1001   814 178498.327   23   45 264795.012 178498.327  32.6%   173  200s
H  404   403                    203002.08545 182684.656  10.0%  1055  123s
   786   641 180503.193   36   62 289331.315 180503.193  37.6%   874  175s
  1480  1083 180927.318  219   32 290890.442 180927.318  37.8%   113  190s
H 1028   494                    288657.79937 180651.489  37.4%  96.5  104s
   452   454 184491.167   24  201 290143.784 182149.608  37.2%   901  115s
   524   521 180651.489   31   33 288228.046 180651.489  37.3%   882  167s
  1171   793 179412.938  328   16 288373.180 179412.938  37.8%  64.3  160s
  1319   910 180050.548  157   19 286204.860 180050.548  37.1%   124  185s
   831   675 182782.021   45   22 289669.348 182782.021  36.9%   122  110s
  1226   828 182782.021  129   31 287963.021 182782.021  36.5%  93.8  140s
   743   616 186873.156   48  141 288351.091 181819.845  36.9%   302  131s
  1122   822 180906.381   40   69 286821.570 180906.381  36.9%   173  170s
   512   513 179709.872   74   15 287825.492 179709.872  37.6%  1247  174s
   532   526 178588.368   14   18 285647.563 178197.660  37.6%   967  181s
   521   519 179709.872   11    8 286707.429 179709.872  37.3%   820  136s
H  796   621                    288819.48564 180503.193  37.5%   870  176s
   565   550 179262.556   19   98 286423.755 179262.556  37.4%  1303  200s
   408   408 182684.656   17   90 203002.085 182684.656  10.0%  1055  125s
  1041   746 179160.095   30   64 284920.129 179160.084  37.1%   616  195s
   445   447 180643.581   23   55 286083.583 180636.204  36.9%  1267  120s
   488   490 183207.182   17  219 288699.957 182684.656  36.7%  1063  155s
  1028   496 180651.489   42   10 288657.799 180651.489  37.4%  96.5  106s
  1228   965 181994.115   53   12 287490.905 181994.115  36.7%  75.0  165s
   491   493 180906.381   21   75 307992.273 180906.381  41.3%  1480  145s
   586   564 180636.204   28   91 286369.876 180636.204  36.9%  1125  180s
H 1341   904                    286193.20890 180050.548  37.1%   122  187s
   468   470 180600.101   20   40 288264.112 180600.101  37.3%   900  129s
  1103   728 179111.514   41   76 286245.579 179111.514  37.4%   590  185s
   747   672 182149.608   45   76 288064.524 182149.608  36.8%   179  160s
   709   646 180311.763   28   55 289578.516 180311.763  37.7%   904  190s
   745   670 180918.517   41   45 285171.899 180918.517  36.6%   888  195s
   874   755 180578.842   46   56 284600.591 180578.842  36.6%   793  200s
   527   523 180651.489   43   45 288228.046 180651.489  37.3%   877  170s
H 1054   520                    288653.60754 180651.489  37.4%  94.7  108s
H 1107   711                    286243.79770 179111.514  37.4%   589  185s
   471   473 180600.101   21  103 288264.112 180600.101  37.3%   907  130s
   757   625 181819.845   53   34 288351.091 181819.845  36.9%   314  135s
  1020   827 178498.327   51   57 264795.012 178498.327  32.6%   172  205s
   723   656 179606.677   30  102 266312.648 179367.372  32.6%  1012  200s
   523   520 179709.872   18   10 286707.429 179709.872  37.3%   817  140s
   822   641 180503.193   24   82 288819.486 180503.193  37.5%   867  180s
  1365   922 180050.548  165   15 286193.209 180050.548  37.1%   121  190s
H  718   623                    288521.94142 180311.763  37.5%   903  192s
   878   706 182782.021   36   22 289669.348 182782.021  36.9%   117  115s
  1517  1108 180927.318  261   19 290890.442 180927.318  37.8%   110  195s
   466   468 182149.608   32   48 290143.784 182149.608  37.2%   912  120s
H  718   597                    288447.27657 180311.763  37.5%   903  192s
   514   514 179709.872   41   29 287825.492 179709.872  37.6%  1242  178s
  1080   548 180651.489   47   12 288653.608 180651.489  37.4%  92.9  110s
   534   528 179212.886   10   49 285647.563 178197.660  37.6%   963  185s
  1219   825 179412.938  352   12 288373.180 179412.938  37.8%  62.7  165s
  1283   866 182782.021   44   24 287963.021 182782.021  36.5%  93.0  145s
  1152   842 180906.381   38   59 286821.570 180906.381  36.9%   176  175s
   593   569 179262.556   23  112 286423.755 179262.556  37.4%  1274  205s
  1061   759 179160.084   26   49 284920.129 179160.084  37.1%   619  200s
H 1157   821                    286768.70974 180906.381  36.9%   176  175s
   507   509 182690.586   18   79 288699.957 182684.656  36.7%  1065  160s
   470   472 180652.456   29   59 286083.583 180636.204  36.9%  1269  125s
   494   496 181528.569   43   67 288970.998 181528.569  37.2%  1106  156s
   432   431 182684.656   21   71 203002.085 182684.656  10.0%  1044  130s
H 1106   572                    288590.51805 180651.489  37.4%  91.1  111s
  1265   990 181994.115   57   10 287490.905 181994.115  36.7%  74.1  170s
H  511   512                    288490.60874 180906.381  37.3%  1475  150s
   600   574 180636.204   32   93 286369.876 180636.204  36.9%  1118  185s
   528   498 181824.085   34   18 287269.725 181819.845  36.7%  1050  154s
H 1393   919                    285989.20720 180050.548  37.0%   119  192s
   729   607 180485.534   32  110 288447.277 180311.763  37.5%   910  195s
   763   682 182149.608   48   65 288064.524 182149.608  36.8%   179  165s
   900   773 180578.842   20   63 284600.591 180578.842  36.6%   790  205s
  1135   731 179111.514   32   47 286243.798 179111.514  37.4%   601  190s
   779   693 180918.517   47   49 285171.899 180918.517  36.6%   873  200s
   486   488 180600.101   23   72 288264.112 180600.101  37.3%   929  135s
H 1532  1093                    290802.77164 180927.318  37.8%   109  198s
   536   529 180651.489   49   19 288228.046 180651.489  37.3%   862  175s
   771   635 186914.231   45  156 288351.091 181819.845  36.9%   330  140s
   517   516 179709.872   41   22 287825.492 179709.872  37.6%  1235  182s
   529   524 179709.872   13   18 286707.429 179709.872  37.3%   808  145s
   751   674 179367.372   33   34 266312.648 179367.372  32.6%  1003  205s
  1041   841 178498.327   29   38 264795.012 178498.327  32.6%   171  210s
   529   498 181819.845   16   22 287269.725 181819.845  36.7%  1048  156s
   537   532 178197.660   12   34 285647.563 178197.660  37.6%  1035  190s
   859   665 180503.193   33   36 288819.486 180503.193  37.5%   852  185s
  1418   938 180050.548  172   15 285989.207 180050.548  37.0%   118  195s
   481   483 183973.959   34  199 290143.784 182149.608  37.2%   933  125s
H 1419   919                    285651.09882 180050.548  37.0%   117  195s
  1156   624 180651.489   45   10 288590.518 180651.489  37.4%  87.7  115s
   509   511 181528.569   51   54 288970.998 181528.569  37.2%  1109  160s
  1263   855 179412.938  374   18 288373.180 179412.938  37.8%  61.5  170s
  1345   907 182782.021   75   21 287963.021 182782.021  36.5%  89.7  150s
   912   729 182782.021   53   20 289669.348 182782.021  36.9%   113  120s
  1532  1095 180927.318  245   20 290802.772 180927.318  37.8%   109  200s
   622   588 179262.556   18   56 286423.755 179262.556  37.4%  1247  210s
   448   446 182697.716   24   69 203002.085 182684.656  10.0%  1045  135s
  1079   771 179160.084   28   71 284920.129 179160.084  37.1%   624  205s
   488   490 180641.157   33   15 286083.583 180636.204  36.9%  1282  130s
  1182   840 180906.381   37   45 286768.710 180906.381  36.9%   174  180s
  1308  1019 181994.115   63   10 287490.905 181994.115  36.7%  73.5  175s
H  494   494                    287997.36538 180600.101  37.3%   946  138s
   625   590 180636.204   34  105 286369.876 180636.204  36.9%  1103  190s
   778   692 182149.608   47   64 288064.524 182149.608  36.8%   178  170s
H  752   596                    288445.39607 180311.763  37.5%   912  199s
   922   787 180578.842   30   43 284600.591 180578.842  36.6%   789  210s
  1164   751 179111.514   39   42 286243.798 179111.514  37.4%   608  195s
   803   709 180918.517   38   53 285171.899 180918.517  36.6%   893  205s
   752   598 185871.668   36  121 288445.396 180311.763  37.5%   919  200s
   551   541 180717.014   23  111 288228.046 180651.489  37.3%   944  180s
H 1445   919                    285604.92409 180050.548  37.0%   116  198s
   497   499 180600.714   25  119 287997.365 180600.101  37.3%   951  140s
   519   518 179709.872   27   14 287825.492 179709.872  37.6%  1230  187s
   512   513 180906.381    6   13 288490.609 180906.381  37.3%  1472  157s
   795   651 181819.845   45   36 288351.091 181819.845  36.9%   344  145s
H  494   494                    289600.66434 182149.608  37.1%   958  129s
   539   533 179709.872   13   71 286707.429 179709.872  37.3%   879  150s
   531   500 181819.845    8   32 287269.725 181819.845  36.7%  1044  161s
   777   692 179395.066   35   39 266312.648 179367.372  32.6%  1013  210s
H 1445   909                    284195.63684 180050.548  36.6%   116  199s
  1061   854 178498.327   37   28 264795.012 178498.327  32.6%   168  215s
H  640   571                    286361.89253 179262.556  37.4%  1234  213s
   564   550 178197.660   19  100 285647.563 178197.660  37.6%  1009  195s
   890   686 180503.193   25   36 288819.486 180503.193  37.5%   850  190s
H 1445   909                    284191.67047 180050.548  36.6%   116  199s
  1446   912 180050.548  177   15 284191.670 180050.548  36.6%   116  200s
  1553  1109 180927.318   88   21 290802.772 180927.318  37.8%   109  205s
   924   737 182782.021   59   24 289669.348 182782.021  36.9%   112  125s
   497   499 182149.608   44   98 289600.664 182149.608  37.1%   968  130s
  1308   885 179412.938  158   22 288373.180 179412.938  37.8%  59.9  175s
  1221   866 180906.381   47   15 286768.710 180906.381  36.9%   171  185s
  1401   945 182782.021  103   24 287963.021 182782.021  36.5%  87.1  155s
   512   513 263907.562   41   16 288699.957 182684.656  36.7%  1061  169s
H  505   505                    287960.60847 180600.101  37.3%   958  142s
  1209   677 180651.489   42   10 288590.518 180651.489  37.4%  84.3  120s
   648   579 179399.961   21   98 286361.893 179262.556  37.4%  1228  215s
   462   458 182684.656   27  105 203002.085 182684.656  10.0%  1072  140s
  1095   782 179160.099   28   90 284920.129 179160.084  37.1%   633  210s
   506   508 180638.868   39   45 286083.583 180636.204  36.9%  1293  135s
H 1210   676                    288590.36606 180651.489  37.4%  84.3  121s
   648   606 180655.827   32  107 286369.876 180636.204  36.9%  1106  195s
H  513   488                    288472.98590 180906.381  37.3%  1470  160s
   791   701 182149.608   50   54 288064.524 182149.608  36.8%   176  175s
   770   610 180311.763   40   55 288445.396 180311.763  37.5%   917  205s
   943   801 180578.842   26   39 284600.591 180578.842  36.6%   787  215s
  1183   763 179679.880   26  182 286243.798 179111.514  37.4%   618  200s
  1344  1043 181994.115   65   12 287490.905 181994.115  36.7%  73.3  181s
   823   722 180918.517   51   59 285171.899 180918.517  36.6%   901  210s
   570   554 180651.489   27   95 288228.046 180651.489  37.3%   932  185s
   536   503 181819.845   15   16 287269.725 181819.845  36.7%  1034  165s
   521   519 179709.872   29   27 287825.492 179709.872  37.6%  1225  192s
   560   547 179709.872   19   32 286707.429 179709.872  37.3%   881  155s
   807   712 179367.372   35   21 266312.648 179367.372  32.6%  1010  215s
  1078   865 178498.327   48   34 264795.012 178498.327  32.6%   166  220s
   921   707 180503.193   28   25 288819.486 180503.193  37.5%   850  195s
   585   564 178197.660   17   65 285647.563 178197.660  37.6%   992  200s
  1496   962 180050.548  186   17 284191.670 180050.548  36.6%   114  205s
  1585  1130 180927.318  102   23 290802.772 180927.318  37.8%   109  210s
   966   765 182782.021   75   22 289669.348 182782.021  36.9%   108  130s
  1257   725 180651.489   38   10 288590.366 180651.489  37.4%  81.8  125s
  1345   909 179412.938  415   12 288373.180 179412.938  37.8%  58.7  180s
   512   513 181583.217   16   19 288970.998 181528.569  37.2%  1104  170s
   514   514 182684.656   19   44 288699.957 182684.656  36.7%  1057  174s
  1459   983 182782.021  132   24 287963.021 182782.021  36.5%  84.0  160s
  1277   903 180906.381   56   23 286768.710 180906.381  36.9%   165  190s
   821   668 190630.590   37  154 288351.091 181819.845  36.9%   344  152s
   679   599 179262.556   22  122 286361.893 179262.556  37.4%  1216  220s
   515   515 182684.656   10   22 288699.957 182684.656  36.7%  1055  175s
H  671   592                    286118.31254 180636.204  36.9%  1085  199s
H  671   566                    286103.33365 180636.204  36.9%  1085  199s
  1377  1065 181994.115   67   12 287490.905 181994.115  36.7%  72.9  185s
H 1290   756                    288585.68709 180651.489  37.4%  80.1  127s
   674   570 180636.204   29   66 286103.334 180636.204  36.9%  1093  200s
   803   709 182149.608   50   56 288064.524 182149.608  36.8%   174  180s
   957   811 180578.842   35   23 284600.591 180578.842  36.6%   786  220s
   791   624 180311.763   43   30 288445.396 180311.763  37.5%   925  210s
   519   492 180906.381    7   22 288472.986 180906.381  37.3%  1453  166s
   552   516 181819.845   17   71 287269.725 181819.845  36.7%  1108  170s
   843   736 180918.517   39   59 285171.899 180918.517  36.6%   898  215s
  1210   781 179111.514   26   58 286243.798 179111.514  37.4%   625  205s
   590   567 180651.489   27  103 288228.046 180651.489  37.3%   925  190s
H 1535   999                    283989.71785 180050.548  36.6%   112  208s
H 1535   999                    283314.63634 180050.548  36.4%   112  208s
H 1211   763                    286238.94869 179111.514  37.4%   624  206s
   468   463 182684.656   27   52 203002.085 182684.656  10.0%  1077  147s
   833   676 187071.960   41  154 288351.091 181819.845  36.9%   352  155s
   576   558 179709.872   22   65 286707.429 179709.872  37.3%   878  160s
   837   732 179367.372   31   98 266312.648 179367.372  32.6%   996  220s
   607   578 178201.550   29  109 285647.563 178197.660  37.6%   984  205s
  1092   875 178498.327   55   29 264795.012 178498.327  32.6%   164  225s
  1551  1017 180050.548  192   17 283314.636 180050.548  36.4%   111  210s
  1613  1149 180927.318  116   21 290802.772 180927.318  37.8%   107  215s
H  692   580                    285990.71547 179262.556  37.3%  1206  223s
   952   727 180813.486   34   50 288819.486 180503.193  37.5%   843  200s
  1344   812 180651.489   28   10 288585.687 180651.489  37.4%  77.8  130s
H 1345   811                    288420.72992 180651.489  37.4%  77.8  130s
  1388   938 179412.938  198   20 288373.180 179412.938  37.8%  57.0  185s
   515   515 181528.569   44   35 288970.998 181528.569  37.2%  1097  175s
   979   773 182782.021  119   16 289669.348 182782.021  36.9%   107  135s
   512   513 180600.101   11   17 287960.608 180600.101  37.3%   961  152s
  1337   943 180906.381   70   13 286768.710 180906.381  36.9%   159  195s
   698   586 179262.556   23   65 285990.715 179262.556  37.3%  1201  225s
   478   471 182684.656   30   23 203002.085 182684.656  10.0%  1079  150s
  1427  1098 181994.115   69   10 287490.905 181994.115  36.7%  71.5  190s
   523   520 179710.328   57   12 287825.492 179709.872  37.6%  1221  200s
   820   720 182149.608   51   61 288064.524 182149.608  36.8%   171  185s
   688   579 180743.964   30   78 286103.334 180636.204  36.9%  1087  205s
   521   493 183197.141   17   33 288472.986 180906.381  37.3%  1447  170s
   810   637 180311.763   37   65 288445.396 180311.763  37.5%   926  215s
   572   529 181819.845   20   91 287269.725 181819.845  36.7%  1087  175s
  1227   776 179111.514   28  114 286238.949 179111.514  37.4%   625  210s
   987   831 184404.041   28  128 284600.591 180578.842  36.6%   787  225s
   852   742 180918.517   31   70 285171.899 180918.517  36.6%   915  220s
   512   513 180636.204   20   13 286083.583 180636.204  36.9%  1291  146s
   602   575 180651.489   31   90 288228.046 180651.489  37.3%   918  195s
   512   513 182149.608   36   19 289600.664 182149.608  37.1%   976  143s
  1520  1024 182782.021  276   19 287963.021 182782.021  36.5%  81.0  168s
   519   518 182684.657   15   19 288699.957 182684.656  36.7%  1046  182s
   850   687 181819.845   42   69 288351.091 181819.845  36.9%   370  160s
   603   576 179709.872   27   39 286707.429 179709.872  37.3%   848  165s
   514   514 180600.101   14   24 287960.608 180600.101  37.3%   957  156s
   859   746 180051.460   37   86 266312.648 179367.372  32.6%  1006  225s
   630   594 178197.660   25   94 285647.563 178197.660  37.6%   981  210s
   986   750 180503.193   36   34 288819.486 180503.193  37.5%   842  205s
  1107   885 178498.327   60   24 264795.012 178498.327  32.6%   162  230s
  1597  1063 180050.548  199   14 283314.636 180050.548  36.4%   110  215s
  1017   799 182782.021  138   16 289669.348 182782.021  36.9%   104  140s
  1411   879 180651.489   40   10 288420.730 180651.489  37.4%  75.3  135s
  1431   967 179412.938  458   12 288373.180 179412.938  37.8%  55.8  190s
  1392   980 180906.381   79   17 286768.710 180906.381  36.9%   154  200s
  1547  1042 182782.021   86   28 287963.021 182782.021  36.5%  79.9  170s
  1642  1168 180927.318   69   14 290802.772 180927.318  37.8%   106  221s
   735   611 180038.452   30   74 285990.715 179262.556  37.3%  1170  230s
   520   518 181528.569   37   27 288970.998 181528.569  37.2%  1087  180s
  1473  1129 181994.115   63   12 287490.905 181994.115  36.7%  71.4  195s
   525   522 179709.872   74   19 287825.492 179709.872  37.6%  1216  205s
   514   514 180636.204   30   33 286083.583 180636.204  36.9%  1286  150s
   717   599 180636.204   43   45 286103.334 180636.204  36.9%  1072  210s
H  873   727                    285003.77122 180918.517  36.5%   930  224s
   523   494 180929.171   21   37 288472.986 180906.381  37.3%  1442  175s
   834   730 182149.608   54   56 288064.524 182149.608  36.8%   170  190s
   833   652 180311.763   32   17 288445.396 180311.763  37.5%   927  220s
   514   514 182149.608   34   38 289600.664 182149.608  37.1%   972  147s
   875   730 189396.198   35  256 285003.771 180918.517  36.5%   933  225s
   619   586 180651.489   24   68 288228.046 180651.489  37.3%   911  200s
  1004   842 180578.842   31   46 284600.591 180578.842  36.6%   787  230s
   521   519 182684.656   23   19 288699.957 182684.656  36.7%  1042  187s
   874   703 184754.723   45  152 288351.091 181819.845  36.9%   385  165s
   519   518 180601.726   34   65 287960.608 180600.101  37.3%   948  160s
  1237   782 179111.514   29  108 286238.949 179111.514  37.4%   625  216s
   634   596 179709.872   33   30 286707.429 179709.872  37.3%   814  170s
   591   542 181819.845   18   71 287269.725 181819.845  36.7%  1080  181s
  1125   897 178498.327   69   26 264795.012 178498.327  32.6%   160  235s
   645   604 179710.496   30   92 285647.563 178197.660  37.6%   977  215s
  1006   763 180503.193   30   23 288819.486 180503.193  37.5%   843  210s
   885   764 179367.372   35   81 266312.648 179367.372  32.6%  1009  230s
  1641  1107 180050.548  205   14 283314.636 180050.548  36.4%   109  220s
  1068   833 182782.021  125   24 289669.348 182782.021  36.9%   101  145s
  1673  1189 180927.318  107   28 290802.772 180927.318  37.8%   104  225s
  1459   927 180651.489   48   10 288420.730 180651.489  37.4%  73.6  140s
  1474   995 179412.938  241   32 288373.180 179412.938  37.8%  54.8  195s
   522   520 181528.569    4   34 288970.998 181528.569  37.2%  1082  185s
  1610  1084 182782.021   48   28 287963.021 182782.021  36.5%  81.1  175s
   762   629 180057.942   28   65 285990.715 179262.556  37.3%  1161  235s
   494   484 188723.343   31  104 203002.085 182684.656  10.0%  1079  160s
  1517  1158 181994.115   58   14 287490.905 181994.115  36.7%  71.5  200s
   527   523 179709.872   13   28 287825.492 179709.872  37.6%  1212  210s
H 1434   985                    285540.89349 180906.381  36.6%   150  206s
   518   517 180646.437   26   14 286083.583 180636.204  36.9%  1276  155s
   745   617 180636.204   42   67 286103.334 180636.204  36.9%  1057  215s
   847   738 182149.608   45   66 288064.524 182149.608  36.8%   173  195s
   524   495 180906.381   19   15 288472.986 180906.381  37.3%  1439  180s
   517   516 182149.608   47   14 289600.664 182149.608  37.1%   967  152s
   606   552 181819.845   24   67 287269.725 181819.845  36.7%  1083  185s
  1260   798 179768.655   34  120 286238.949 179111.514  37.4%   631  220s
   854   666 180311.763   33   39 288445.396 180311.763  37.5%   937  225s
  1108   790 179160.084   26   80 284920.129 179160.084  37.1%   633  231s
   896   744 180918.517   37  129 285003.771 180918.517  36.5%   938  230s
   642   602 180651.489   29   68 288228.046 180651.489  37.3%   902  205s
   523   520 182684.656   38   27 288699.957 182684.656  36.7%  1038  192s
   895   717 181819.845   48   34 288351.091 181819.845  36.9%   400  170s
H  527   496                    287750.73778 179709.872  37.5%  1212  212s
   664   616 179709.872   37   44 286707.429 179709.872  37.3%   783  175s
  1022   854 180641.632   44  246 284600.591 180578.842  36.6%   799  236s
   912   782 179367.372   48   22 266312.648 179367.372  32.6%  1007  235s
  1149   913 178498.327   81   30 264795.012 178498.327  32.6%   157  240s
   663   616 178197.660   34  117 285647.563 178197.660  37.6%   982  220s
  1037   784 180503.193   27   49 288819.486 180503.193  37.5%   846  215s
  1119   867 182782.021  156   20 289669.348 182782.021  36.9%  97.5  150s
  1701  1208 180927.318  121   32 290802.772 180927.318  37.8%   103  230s
   524   521 181528.569   21   28 288970.998 181528.569  37.2%  1078  190s
   522   520 180600.101   27   38 287960.608 180600.101  37.3%   942  167s
  1514  1022 179412.938  261   12 288373.180 179412.938  37.8%  54.9  200s
  1664  1129 182782.021   75   30 287963.021 182782.021  36.5%  82.3  180s
  1457  1002 180906.381   89   19 285540.893 180906.381  36.6%   148  210s
  1670  1136 180050.548  207   70 283314.636 180050.548  36.4%   111  225s
  1533  1001 180651.489   62   10 288420.730 180651.489  37.4%  71.4  145s
   514   502 187208.397   34   98 203002.085 182684.656  10.0%  1072  165s
   796   651 179344.676   30   85 285990.715 179262.556  37.3%  1141  240s
  1121   799 179160.084   32   53 284920.129 179160.084  37.1%   638  235s
  1553  1182 181994.115   66   10 287490.905 181994.115  36.7%  71.1  205s
   520   518 180636.204   47   12 286083.583 180636.204  36.9%  1271  160s
   519   518 182149.608   29   14 289600.664 182149.608  37.1%   963  157s
   861   748 182149.608   43   68 288064.524 182149.608  36.8%   178  200s
   526   496 261506.862   17   49 288472.986 180906.381  37.3%  1433  185s
   632   569 181819.845   34   15 287269.725 181819.845  36.7%  1069  190s
  1267   802 179897.751   34   80 286238.949 179111.514  37.4%   631  225s
   877   681 184205.500   29  103 288445.396 180311.763  37.5%   938  230s
   918   759 185204.326   39  149 285003.771 180918.517  36.5%   947  235s
   666   618 180651.489   34   51 288228.046 180651.489  37.3%   890  210s
H 1142   856                    288099.78887 182782.021  36.6%  96.2  153s
   525   522 182684.656   17   16 288699.957 182684.656  36.7%  1034  197s
   698   639 179709.872   54   26 286707.429 179709.872  37.3%   749  180s
   909   727 188873.096   50  158 288351.091 181819.845  36.9%   412  175s
   524   521 180602.752   33   39 287960.608 180600.101  37.3%   939  170s
  1030   859 180578.842   46   35 284600.591 180578.842  36.6%   804  241s
   938   799 179367.372   45   32 266312.648 179367.372  32.6%  1005  240s
  1163   922 178498.327   88   31 264795.012 178498.327  32.6%   155  245s
   530   498 179709.872   44   13 287750.738 179709.872  37.5%  1205  218s
   686   631 179031.237   26  123 285647.563 178197.660  37.6%   971  225s
  1073   808 180503.193   28   26 288819.486 180503.193  37.5%   838  220s
  1739  1233 180927.318  140   35 290802.772 180927.318  37.8%   101  235s
  1158   869 182782.021  170   26 288099.789 182782.021  36.6%  95.2  155s
  1606  1074 180651.489   65   10 288420.730 180651.489  37.4%  68.8  150s
  1697  1156 180050.548  206   67 283314.636 180050.548  36.4%   120  230s
   526   522 181528.569   36   27 288970.998 181528.569  37.2%  1074  195s
  1556  1050 179412.938   19   14 288373.180 179412.938  37.8%  54.6  205s
   770   634 180788.555   38  122 286103.334 180636.204  36.9%  1053  223s
  1516  1041 180906.381   99   19 285540.893 180906.381  36.6%   144  215s
  1741  1206 182782.021  159   19 287963.021 182782.021  36.5%  79.9  185s
   824   670 179262.556   22  118 285990.715 179262.556  37.3%  1138  245s
   521   519 182149.608   41   20 289600.664 182149.608  37.1%   959  161s
H  874   727                    287985.18484 182149.608  36.8%   186  204s
  1134   808 179160.094   34   84 284920.129 179160.084  37.1%   646  240s
  1596  1211 181994.115   49   10 287490.905 181994.115  36.7%  70.0  210s
   531   499 179752.453   26   28 287750.738 179709.872  37.5%  1202  220s
   779   640 180636.204   21   33 286103.334 180636.204  36.9%  1049  225s
   528   498 193496.574   21   18 288472.986 180906.381  37.3%  1428  190s
   877   731 182149.608   41   91 287985.185 182149.608  36.8%   188  205s
  1043   868 180578.842   49   49 284600.591 180578.842  36.6%   814  245s
   900   697 180482.860   33   87 288445.396 180311.763  37.5%   941  235s
   523   520 180636.204   10   14 286083.583 180636.204  36.9%  1264  166s
   526   522 180600.101   65   19 287960.608 180600.101  37.3%   935  175s
   939   773 185204.326   39  189 285003.771 180918.517  36.5%   968  240s
   929   740 186512.239   41  154 288351.091 181819.845  36.9%   434  180s
   735   664 179709.872   89   14 286707.429 179709.872  37.3%   717  185s
   688   632 180651.489   34   55 288228.046 180651.489  37.3%   880  215s
   527   523 182684.656    9   22 288699.957 182684.656  36.7%  1031  202s
   956   811 179367.372   48   60 266312.648 179367.372  32.6%  1007  245s
   688   606 181819.845   51   10 287269.725 181819.845  36.7%   985  196s
  1183   935 178498.327   98   29 264795.012 178498.327  32.6%   152  250s
   694   636 178910.213   31   83 285647.563 178197.660  37.6%   971  230s
  1094   822 180503.193   39   37 288819.486 180503.193  37.5%   833  225s
  1226   914 182782.021  204   31 288099.789 182782.021  36.6%  92.6  160s
  1724  1176 180050.548  200   14 283314.636 180050.548  36.4%   127  235s
  1774  1256 180927.318  135   14 290802.772 180927.318  37.8%  99.5  240s
  1664  1132 180651.489   64   10 288420.730 180651.489  37.4%  66.9  155s
  1604  1082 179412.938   43   14 288373.180 179412.938  37.8%  53.0  210s
  1815  1280 182782.021  196   22 287963.021 182782.021  36.5%  79.2  190s
  1573  1079 180906.381  102   11 285540.893 180906.381  36.6%   140  220s
   855   691 179303.636   29  147 285990.715 179262.556  37.3%  1128  250s
  1153   820 179160.095   32  123 284920.129 179160.084  37.1%   649  245s
   528   524 182684.656   13   32 288699.957 182684.656  36.7%  1029  205s
   535   503 179709.872   11   52 287750.738 179709.872  37.5%  1284  225s
  1643  1242 181994.115   44   10 287490.905 181994.115  36.7%  68.8  215s
   882   735 182149.608   42   43 287985.185 182149.608  36.8%   187  210s
   529   524 181573.118   18   15 288970.998 181528.569  37.2%  1068  202s
  1062   881 180578.842   41   65 284600.591 180578.842  36.6%   827  250s
   738   640 181819.845   59    8 287269.725 181819.845  36.7%   920  200s
   523   520 182154.602   26   16 289600.664 182149.608  37.1%   956  167s
   927   715 184385.063   37  154 288445.396 180311.763  37.5%   944  240s
   530   499 180906.381   12   16 288472.986 180906.381  37.3%  1422  196s
   524   521 180636.204   35   12 286083.583 180636.204  36.9%  1261  171s
   708   646 180651.489   32   53 288228.046 180651.489  37.3%   869  220s
   519   506 182684.656   22   17 203002.085 182684.656  10.0%  1071  177s
  1289   817 179111.514   36   99 286238.949 179111.514  37.4%   639  235s
   536   529 180600.101    8   18 287960.608 180600.101  37.3%   918  180s
   950   754 187026.548   39  136 288351.091 181819.845  36.9%   449  185s
H  536   502                    287297.58723 180600.101  37.1%  1004  181s
H 1844  1307                    287885.82790 182782.021  36.5%  78.4  193s
   777   692 179709.872   29   26 286707.429 179709.872  37.3%   680  190s
   979   826 180522.172   49   46 266312.648 179367.372  32.6%  1013  250s
   796   651 180636.204   25   45 286103.334 180636.204  36.9%  1045  232s
H  951   729                    288201.74978 181819.845  36.9%   449  185s
  1194   943 178498.327  106   23 264795.012 178498.327  32.6%   151  255s
  1130   846 180503.384   37   38 288819.486 180503.193  37.5%   826  230s
   711   648 178197.660   25  126 285647.563 178197.660  37.6%   977  235s
  1288   955 182782.021   46   14 288099.789 182782.021  36.6%  90.2  165s
  1712  1180 180651.489   67   10 288420.730 180651.489  37.4%  65.4  160s
   527   523 182149.608   40   39 289600.664 182149.608  37.1%   949  170s
  1808  1279 180927.318  152   16 290802.772 180927.318  37.8%  97.8  245s
  1653  1121 179412.938  569   16 288373.180 179412.938  37.8%  52.1  215s
  1634  1120 180906.381   87   11 285540.893 180906.381  36.6%   136  225s
H 1722  1188                    288318.86224 180651.489  37.3%  65.1  160s
  1751  1194 182003.619  198  202 283314.636 180050.548  36.4%   137  241s
   874   703 179262.556   16  121 285990.715 179262.556  37.3%  1114  255s
  1684  1269 181994.115   47   12 287490.905 181994.115  36.7%  67.9  220s
   564   523 179709.872   24   44 287750.738 179709.872  37.5%  1235  230s
   807   659 180874.541   26   82 286103.334 180636.204  36.9%  1051  235s
   526   522 180636.204   26   11 286083.583 180636.204  36.9%  1257  176s
   789   674 181819.845   65    8 287269.725 181819.845  36.7%   863  205s
   532   500 180906.381    9   16 288472.986 180906.381  37.3%  1417  201s
   521   507 182684.656   21   43 203002.085 182684.656  10.0%  1067  181s
  1087   897 180578.842   27   54 284600.591 180578.842  36.6%   822  255s
   529   524 182684.656    5   16 288699.957 182684.656  36.7%  1027  211s
   531   526 181528.569   17   10 288970.998 181528.569  37.2%  1064  207s
  1309   830 179111.514   41   61 286238.949 179111.514  37.4%   645  240s
   952   731 184230.006   41  124 288445.396 180311.763  37.5%   940  245s
   734   663 180651.489   37   47 288228.046 180651.489  37.3%   858  225s
   557   518 180600.101   21   95 287297.587 180600.101  37.1%   988  185s
   900   747 182149.608   38   86 287985.185 182149.608  36.8%   184  216s
   969   743 181819.845   39   58 288201.750 181819.845  36.9%   466  190s
   811   714 179709.872  123   20 286707.429 179709.872  37.3%   654  195s
  1844  1309 182782.021  382   17 287885.828 182782.021  36.5%  78.5  198s
H  532   499                    289600.13387 182149.608  37.1%   940  174s
   951   781 187879.858   52  235 285003.771 180918.517  36.5%   985  251s
H  532   474                    288110.65828 182149.608  36.8%   940  174s
H 1831  1296                    290800.51902 180927.318  37.8%  96.6  249s
  1212   955 178498.327  115   25 264795.012 178498.327  32.6%   149  260s
   730   660 178208.495   29  122 285647.563 178197.660  37.6%   986  240s
  1792  1260 180651.489   70   10 288318.862 180651.489  37.3%  62.9  165s
  1344   993 182782.021   74   17 288099.789 182782.021  36.6%  87.4  170s
H  744   641                    287830.55029 180651.489  37.2%   861  227s
  1706  1174 179412.938   94   12 288373.180 179412.938  37.8%  51.0  220s
  1002   842 179367.372   50   61 266312.648 179367.372  32.6%  1016  256s
  1692  1159 180906.381  113   24 285540.893 180906.381  36.6%   132  230s
  1863  1328 182782.021  220   22 287885.828 182782.021  36.5%  77.9  200s
  1160   825 179160.084   32   36 284920.129 179160.084  37.1%   653  254s
  1831  1298 180927.318  186   35 290800.519 180927.318  37.8%  96.6  250s
   901   721 179262.556   18  101 285990.715 179262.556  37.3%  1112  260s
  1162   826 179160.095   34   86 284920.129 179160.084  37.1%   654  255s
   534   478 182149.608   11   22 288110.658 182149.608  36.8%  1025  176s
  1734  1303 181994.115   45   10 287490.905 181994.115  36.7%  66.9  225s
   525   510 196824.453   26   15 203002.085 182684.656  10.0%  1059  185s
   594   543 179709.872   26   37 287750.738 179709.872  37.5%  1197  235s
H  535   476                    288467.02677 180906.381  37.3%  1409  205s
   528   524 180636.204   27    9 286083.583 180636.204  36.9%  1252  180s
  1317   836 179111.514   44   25 286238.949 179111.514  37.4%   648  245s
   533   527 181528.569   40   13 288970.998 181528.569  37.2%  1060  212s
   914   756 182149.608   43   68 287985.185 182149.608  36.8%   183  220s
   965   790 180918.517   36   85 285003.771 180918.517  36.5%   988  255s
   757   651 180651.596   39   85 287830.550 180651.489  37.2%   859  230s
   578   529 180600.101   22   52 287297.587 180600.101  37.1%   987  190s
   833   676 180636.204   30   59 286103.334 180636.204  36.9%  1039  241s
   531   526 197928.796   29   17 288699.957 182684.656  36.7%  1023  217s
  1160   866 180503.193   32   39 288819.486 180503.193  37.5%   818  238s
   978   749 184254.512   45   96 288445.396 180311.763  37.5%   942  251s
   989   756 181819.845   44   27 288201.750 181819.845  36.9%   490  195s
   843   736 179709.872  139   31 286707.429 179709.872  37.3%   638  200s
  1108   911 180578.842   25   37 284600.591 180578.842  36.6%   826  261s
  1020   854 179367.372   58   75 266312.648 179367.372  32.6%  1021  260s
   752   675 178197.660   33   50 285647.563 178197.660  37.6%   981  245s
  1170   873 180504.227   38   54 288819.486 180503.193  37.5%   817  240s
  1863  1330 180927.318  202   29 290800.519 180927.318  37.8%  95.2  255s
   546   486 182149.608   18   55 288110.658 182149.608  36.8%  1020  180s
  1854  1322 180651.489   58   10 288318.862 180651.489  37.3%  61.2  170s
  1749  1217 179412.938  617   16 288373.180 179412.938  37.8%  50.2  225s
  1947  1412 182782.021  262   23 287885.828 182782.021  36.5%  75.6  205s
  1749  1215 180906.381  102   11 285540.893 180906.381  36.6%   129  235s
   931   741 179262.556   21  104 285990.715 179262.556  37.3%  1103  265s
  1238   972 178498.327  128   30 264795.012 178498.327  32.6%   146  266s
   532   526 182684.656   14   36 288699.957 182684.656  36.7%  1021  220s
  1377  1015 182782.021  229   21 288099.789 182782.021  36.6%  86.0  176s
  1186   842 179160.084   37   63 284920.129 179160.084  37.1%   655  260s
  1756  1198 180050.548  197   14 283314.636 180050.548  36.4%   139  251s
  1777  1331 181994.115   58   10 287490.905 181994.115  36.7%  66.1  230s
   621   561 179709.872   18   28 287750.738 179709.872  37.5%  1170  240s
   560   495 180907.387   27   50 288467.027 180906.381  37.3%  1450  210s
   527   511 182700.737   27   41 203002.085 182684.656  10.0%  1055  190s
   530   525 180636.204   66   14 286083.583 180636.204  36.9%  1247  185s
H  940   745                    287903.75655 182149.608  36.7%   180  225s
  1127   924 180578.842   40   82 284600.591 180578.842  36.6%   824  265s
   998   762 184230.006   42  114 288445.396 180311.763  37.5%   950  255s
  1331   845 179594.555   47  127 286238.949 179111.514  37.4%   656  250s
   984   803 180918.517   40   76 285003.771 180918.517  36.5%   989  260s
   535   528 181528.569   25   14 288970.998 181528.569  37.2%  1056  217s
   600   542 180600.101   28   73 287297.587 180600.101  37.1%   976  195s
   780   667 180651.489   43   71 287830.550 180651.489  37.2%   863  235s
   848   713 181819.845   73   10 287269.725 181819.845  36.7%   805  215s
H 1186   858                    288756.55998 180503.193  37.5%   815  244s
  1007   768 181819.845   47   87 288201.750 181819.845  36.9%   502  200s
H 1004   741                    288438.07470 180311.763  37.5%   948  256s
   869   753 179709.872  152   63 286707.429 179709.872  37.3%   631  205s
   777   692 179157.734   38  138 285647.563 178197.660  37.6%   980  250s
  1189   862 180503.193   40   30 288756.560 180503.193  37.5%   815  245s
  1253   982 178498.327  133   24 264795.012 178498.327  32.6%   144  270s
   848   686 180636.204   32   49 286103.334 180636.204  36.9%  1033  247s
   562   496 182149.608   20   91 288110.658 182149.608  36.8%  1010  185s
  1775  1211 180050.548  198   74 283314.636 180050.548  36.4%   147  255s
  1902  1369 180927.318  199   27 290800.519 180927.318  37.8%  93.3  260s
  1929  1397 180651.489   73   12 288318.862 180651.489  37.3%  59.1  175s
  1799  1267 179412.938  642   20 288373.180 179412.938  37.8%  49.0  230s
   538   532 181528.569   10   34 288970.998 181528.569  37.2%  1144  220s
  2022  1487 182782.021  471   15 287885.828 182782.021  36.5%  73.0  210s
  1805  1271 180906.381  105   11 285540.893 180906.381  36.6%   126  240s
  1028   859 179367.372   53   38 266312.648 179367.372  32.6%  1021  266s
  1425  1047 182782.021  253   28 288099.789 182782.021  36.6%  84.0  181s
   540   534 182684.656   19   35 288699.957 182684.656  36.7%  1106  225s
  1211   859 179160.084   42   80 284920.129 179160.084  37.1%   658  265s
  1823  1362 181994.115   65   12 287490.905 181994.115  36.7%  65.0  235s
   647   578 179709.872   21   26 287750.738 179709.872  37.5%  1152  245s
   585   512 182312.290   28  156 288467.027 180906.381  37.3%  1414  215s
H  796   649                    287830.39830 180651.489  37.2%   862  239s
   859   693 180636.204   31   45 286103.334 180636.204  36.9%  1031  250s
   529   513 182684.656   26   22 203002.085 182684.656  10.0%  1051  196s
   532   526 180636.204   20   17 286083.583 180636.204  36.9%  1242  191s
   968   766 182149.608   61   53 287903.757 182149.608  36.7%   178  230s
  1027   758 180311.763   44   40 288438.075 180311.763  37.5%   946  260s
  1147   937 180578.842   34   17 284600.591 180578.842  36.6%   828  270s
   999   813 180918.517   43   69 285003.771 180918.517  36.5%   998  265s
   800   654 180651.489   48   76 287830.398 180651.489  37.2%   861  240s
   882   736 181819.845   81    8 287269.725 181819.845  36.7%   775  220s
   629   560 189170.778   27  138 287297.587 180600.101  37.1%   958  200s
   952   755 179409.667   25  125 285990.715 179262.556  37.3%  1095  272s
  1345   854 179908.773   50  121 286238.949 179111.514  37.4%   659  255s
H 1264   961                    264754.79420 178498.327  32.6%   143  274s
  1025   780 181819.845   50   51 288201.750 181819.845  36.9%   516  205s
   882   762 179709.872  158   28 286707.429 179709.872  37.3%   622  210s
H  978   747                    287475.05372 182149.608  36.6%   179  232s
   801   708 178197.660   28   98 285647.563 178197.660  37.6%   979  255s
  1218   882 180503.193   44   22 288756.560 180503.193  37.5%   812  250s
  1047   872 179830.161   57  103 266312.648 179367.372  32.6%  1018  270s
  1481  1084 182782.021  281   18 288099.789 182782.021  36.6%  82.1  185s
   577   506 182149.608   19   82 288110.658 182149.608  36.8%   997  190s
  1806  1237 180050.548  192   98 283314.636 180050.548  36.4%   153  260s
  1940  1407 180927.318  218   19 290800.519 180927.318  37.8%  91.5  265s
  1844  1312 179412.938  163   20 288373.180 179412.938  37.8%  48.2  235s
H 1995  1461                    288314.55574 180651.489  37.3%  57.8  180s
   553   542 181528.569   14   98 288970.998 181528.569  37.2%  1131  225s
  2090  1555 182782.021  294   19 287885.828 182782.021  36.5%  72.7  215s
  1861  1327 180906.381  116   11 285540.893 180906.381  36.6%   124  245s
H  874   677                    286008.23415 180636.204  36.8%  1027  253s
   968   766 179262.556   27   60 285990.715 179262.556  37.3%  1093  275s
   557   545 182684.656   26  117 288699.957 182684.656  36.7%  1094  230s
   539   533 180636.204   18   25 286083.583 180636.204  36.9%  1312  195s
  1865  1390 181994.115   67   10 287490.905 181994.115  36.7%  64.1  240s
   680   600 179709.872   27   40 287750.738 179709.872  37.5%  1107  250s
   609   528 180906.381   28   30 288467.027 180906.381  37.3%  1372  220s
  1264   963 178498.327  141   32 264754.794 178498.327  32.6%   143  277s
   882   685 181149.206   36  103 286008.234 180636.204  36.8%  1030  255s
   984   753 182149.608   64   50 287475.054 182149.608  36.6%   178  235s
  1055   777 180311.763   49   36 288438.075 180311.763  37.5%   947  265s
   911   755 181819.845   86   10 287269.725 181819.845  36.7%   751  225s
  1166   950 180578.842   30   61 284600.591 180578.842  36.6%   827  275s
   531   514 182684.656   15   34 203002.085 182684.656  10.0%  1047  201s
  1018   825 180924.799   41   92 285003.771 180918.517  36.5%  1004  270s
  1365   868 179115.024   53   67 286238.949 179111.514  37.4%   672  260s
   660   581 180600.101   31   49 287297.587 180600.101  37.1%   925  205s
   821   668 180651.489   61   71 287830.398 180651.489  37.2%   849  245s
H 1056   754                    287252.97948 180311.763  37.2%   946  266s
  1229   871 179160.084   40   92 284920.129 179160.084  37.1%   661  272s
  1036   787 183142.952   49  151 288201.750 181819.845  36.9%   523  210s
  1073   889 179367.372   45   40 266312.648 179367.372  32.6%  1018  275s
   909   780 179709.872   48   53 286707.429 179709.872  37.3%   614  215s
  1274   970 178498.327  146   37 264754.794 178498.327  32.6%   142  280s
   819   720 178197.660   29   61 285647.563 178197.660  37.6%   979  260s
  1239   896 180503.585   45   24 288756.560 180503.193  37.5%   815  255s
  1846  1277 180050.548  182   79 283314.636 180050.548  36.4%   157  265s
   589   514 182149.608   23   19 288110.658 182149.608  36.8%   995  195s
  1556  1134 182782.021   62   18 288099.789 182782.021  36.6%  79.6  190s
  1981  1448 180927.318  261   25 290800.519 180927.318  37.8%  89.6  270s
  2010  1478 180651.489   51   10 288314.556 180651.489  37.3%  57.5  185s
  1889  1357 179412.938  687   20 288373.180 179412.938  37.8%  47.4  240s
  2178  1643 182782.021  338   27 287885.828 182782.021  36.5%  71.2  220s
  1914  1380 180906.381  127   13 285540.893 180906.381  36.6%   123  250s
   564   550 181528.569   18   89 288970.998 181528.569  37.2%  1138  230s
   991   781 179266.364   33  112 285990.715 179262.556  37.3%  1089  280s
   573   556 182684.656   30   47 288699.957 182684.656  36.7%  1085  235s
   556   544 180636.204   23   71 286083.583 180636.204  36.9%  1301  200s
  1238   877 180867.190   41  152 284920.129 179160.084  37.1%   666  275s
   695   610 179709.872   18   43 287750.738 179709.872  37.5%  1102  255s
   632   543 180906.381   33   28 288467.027 180906.381  37.3%  1352  225s
  1913  1422 181994.115   72   10 287490.905 181994.115  36.7%  63.2  245s
  1059   758 180311.763   51   24 287252.979 180311.763  37.2%   946  270s
   940   774 181819.845   91    8 287269.725 181819.845  36.7%   729  230s
   847   685 180651.489   46   64 287830.398 180651.489  37.2%   835  250s
   697   605 180600.101   39   57 287297.587 180600.101  37.1%   882  210s
H  848   660                    287714.19421 180651.489  37.2%   834  250s
  1367   869 179111.514   53   46 286238.949 179111.514  37.4%   673  265s
H  848   637                    287712.67466 180651.489  37.2%   834  250s
H 1004   764                    285989.91841 179262.556  37.3%  1085  282s
   900   697 180636.204   40   80 286008.234 180636.204  36.8%  1031  261s
  1052   798 183287.596   54  144 288201.750 181819.845  36.9%   538  215s
   533   515 186534.260   35   41 203002.085 182684.656  10.0%  1043  207s
  1029   833 189475.128   43  201 285003.771 180918.517  36.5%  1018  276s
   936   798 179709.872   54   14 286707.429 179709.872  37.3%   602  220s
  1093   902 179367.372   37   85 266312.648 179367.372  32.6%  1012  280s
  1269   916 180503.193   32   43 288756.560 180503.193  37.5%   816  260s
H 1055   775                    288199.88806 181819.845  36.9%   539  216s
  1888  1319 180050.548  168   15 283314.636 180050.548  36.4%   160  270s
  1612  1171 182782.021   90   22 288099.789 182782.021  36.6%  77.5  195s
  2018  1485 180927.318  257   19 290800.519 180927.318  37.8%  88.0  275s
   603   524 182149.608   26   68 288110.658 182149.608  36.8%   978  200s
  2098  1566 180651.489   41   10 288314.556 180651.489  37.3%  56.1  190s
  1004   766 182149.608   69   59 287475.054 182149.608  36.6%   175  242s
   578   559 181528.569   14   77 288970.998 181528.569  37.2%  1130  235s
  1925  1393 179412.938  705   18 288373.180 179412.938  37.8%  46.7  245s
  2269  1734 182782.021  423   23 287885.828 182782.021  36.5%  69.1  225s
  1968  1434 180906.381  109   11 285540.893 180906.381  36.6%   120  255s
   839   733 178493.672   46   78 285647.563 178197.660  37.6%   978  266s
  1021   777 179265.681   25  122 285989.918 179262.556  37.3%  1080  285s
  1264   894 179160.084   47   61 284920.129 179160.084  37.1%   672  280s
   591   568 184696.952   29  136 288699.957 182684.656  36.7%  1063  240s
   576   558 180636.204   31   31 286083.583 180636.204  36.9%  1289  205s
   722   628 179709.872   24   34 287750.738 179709.872  37.5%  1075  260s
   534   516 182684.656    9   60 203002.085 182684.656  10.0%  1041  210s
  1955  1450 181994.115   54   29 287490.905 181994.115  36.7%  68.7  250s
   651   556 180906.381   37   53 288467.027 180906.381  37.3%  1343  230s
  1015   773 182149.608   71   63 287475.054 182149.608  36.6%   173  245s
   917   708 180645.540   32  102 286008.234 180636.204  36.8%  1032  265s
  1186   963 180578.842   40   66 284600.591 180578.842  36.6%   826  284s
  1188   965 184179.076   31  102 284600.591 180578.842  36.6%   826  285s
  1390   884 179115.447   57   80 286238.949 179111.514  37.4%   676  270s
  1048   845 185921.442   42  193 285003.771 180918.517  36.5%  1025  280s
   726   625 180600.101   32   21 287297.587 180600.101  37.1%   853  215s
  1290   981 178498.327  154   35 264754.794 178498.327  32.6%   140  288s
   873   656 180651.489   36   66 287712.675 180651.489  37.2%   822  255s
  1062   782 181819.845   38   35 288199.888 181819.845  36.9%   541  220s
  1082   773 180537.621   33  106 287252.979 180311.763  37.2%   946  276s
  1296   985 178498.327  157   32 264754.794 178498.327  32.6%   140  290s
  1106   911 179367.372   31  101 266312.648 179367.372  32.6%  1009  285s
   852   742 179459.794   39  123 285647.563 178197.660  37.6%   979  270s
  1677  1215 182782.021   86   24 288099.789 182782.021  36.6%  75.6  200s
   616   532 182149.608   30   27 288110.658 182149.608  36.8%   982  205s
  2047  1514 180927.318  294   29 290800.519 180927.318  37.8%  86.9  280s
  1292   931 180503.193   37   28 288756.560 180503.193  37.5%   814  265s
  1923  1351 180050.548  153  103 283314.636 180050.548  36.4%   165  275s
   979   826 179709.872   83   16 286707.429 179709.872  37.3%   576  226s
  2176  1644 180651.489   33   10 288314.556 180651.489  37.3%  55.0  195s
H  744   609                    287278.19118 180600.101  37.1%   834  217s
  1969  1437 179412.938  727   14 288373.180 179412.938  37.8%  46.2  250s
  2365  1830 182782.021  471   23 287885.828 182782.021  36.5%  67.0  230s
   979   800 181819.845   97    8 287269.725 181819.845  36.7%   702  237s
  2004  1470 180906.381  113   16 285540.893 180906.381  36.6%   119  260s
  1046   794 179304.361   18  125 285989.918 179262.556  37.3%  1074  290s
   614   583 182684.656   39   46 288699.957 182684.656  36.7%  1036  245s
  1283   907 179160.084   41   60 284920.129 179160.084  37.1%   681  285s
   591   568 181528.569   21  100 288970.998 181528.569  37.2%  1115  241s
   591   568 180636.204   25   15 286083.583 180636.204  36.9%  1280  210s
   747   645 179709.872   18   59 287750.738 179709.872  37.5%  1062  265s
   680   575 180906.381   32   23 288467.027 180906.381  37.3%  1316  235s
  1975  1463 181994.115   39   22 287490.905 181994.115  36.7%  71.3  255s
   536   517 201129.289   34   34 203002.085 182684.656  10.0%  1037  216s
   944   725 180931.517   34  102 286008.234 180636.204  36.8%  1027  270s
  1040   790 182149.608   73   60 287475.054 182149.608  36.6%   174  250s
  1014   824 181819.845  104    8 287269.725 181819.845  36.7%   679  240s
  1101   786 180311.763   35   37 287252.979 180311.763  37.2%   948  280s
  1221   987 180578.842   53   60 284600.591 180578.842  36.6%   822  290s
   883   662 180651.489   34   90 287712.675 180651.489  37.2%   826  260s
   759   621 180600.101   32   39 287278.191 180600.101  37.1%   829  220s
  1078   792 181819.845   37   60 288199.888 181819.845  36.9%   556  225s
  1003   842 179709.872   95   18 286707.429 179709.872  37.3%   563  230s
  1130   927 179713.132   34  115 266312.648 179367.372  32.6%  1011  290s
  1319  1000 178498.327  166   30 264754.794 178498.327  32.6%   138  295s
   870   754 179746.299   40   87 285647.563 178197.660  37.6%   984  275s
H  770   602                    287123.94300 180600.101  37.1%   824  221s
H 1316   923                    288486.60086 180503.193  37.4%   817  270s
  1738  1255 182782.021  143   26 288099.789 182782.021  36.6%  73.9  205s
  2085  1552 180927.318  313   27 290800.519 180927.318  37.8%  85.4  285s
  1943  1360 180050.548  167   92 283314.636 180050.548  36.4%   173  280s
  1399   890 179111.514   58   74 286238.949 179111.514  37.4%   682  277s
   628   540 182150.751   33   92 288110.658 182149.608  36.8%   980  210s
H 1316   902                    288450.99340 180503.193  37.4%   817  270s
  2262  1730 180651.489   47   12 288314.556 180651.489  37.3%  53.8  200s
  2017  1485 179412.938  751   14 288373.180 179412.938  37.8%  45.6  255s
  2440  1905 182782.021  469   19 287885.828 182782.021  36.5%  65.5  235s
  2064  1530 180906.381  116   11 285540.893 180906.381  36.6%   117  265s
   605   577 181528.569   18  131 288970.998 181528.569  37.2%  1104  245s
   635   597 182684.656   40   92 288699.957 182684.656  36.7%  1016  250s
  1295   915 179160.084   45   93 284920.129 179160.084  37.1%   689  290s
   609   580 180900.370   31   74 286083.583 180636.204  36.9%  1273  215s
  1076   814 179262.556   19  110 285989.918 179262.556  37.3%  1060  295s
  2018  1492 181994.115   39   22 287490.905 181994.115  36.7%  76.9  260s
   775   663 179767.398   20   58 287750.738 179709.872  37.5%  1052  270s
H  874   727                    285527.20128 178197.660  37.6%   983  277s
   699   588 180906.381   31   30 288467.027 180906.381  37.3%  1300  240s
H  900   650                    287707.99569 180651.489  37.2%   821  263s
  1238   998 180582.101   58   82 284600.591 180578.842  36.6%   825  295s
  1127   803 180311.763   18   74 287252.979 180311.763  37.2%   949  285s
  1415   901 179111.514   58   56 286238.949 179111.514  37.4%   683  280s
  1056   801 182149.608   77   52 287475.054 182149.608  36.6%   172  255s
   901   652 180651.489   42   59 287707.996 180651.489  37.2%   821  265s
  1055   850 180918.517   38   40 285003.771 180918.517  36.5%  1030  290s
   538   519 182684.656   20   59 203002.085 182684.656  10.0%  1033  222s
  1036   864 179709.872   31   21 286707.429 179709.872  37.3%   546  235s
  1091   875 181819.845  101   10 287269.725 181819.845  36.7%   635  246s
  1155   944 179367.372   26   50 266312.648 179367.372  32.6%  1009  295s
   874   729 178691.353   18  112 285527.201 178197.660  37.6%   987  280s
  1346  1018 178498.327  182   31 264754.794 178498.327  32.6%   135  300s
  1335   917 181501.072   31   89 288450.993 180503.193  37.4%   818  275s
   952   730 180636.204   25   16 286008.234 180636.204  36.8%  1029  277s
  1793  1292 182782.021  137   28 288099.789 182782.021  36.6%  72.8  210s
  2125  1592 180927.318  333   27 290800.519 180927.318  37.8%  83.8  290s
   638   547 182149.608   32  109 288110.658 182149.608  36.8%   980  215s
  2336  1804 180651.489   58   10 288314.556 180651.489  37.3%  53.0  205s
   785   614 180600.101   48   79 287123.943 180600.101  37.1%   821  227s
  2067  1535 179412.938  776   14 288373.180 179412.938  37.8%  44.7  260s
   616   584 181528.569   31  138 288970.998 181528.569  37.2%  1098  250s
  2526  1991 182782.021  512   19 287885.828 182782.021  36.5%  63.8  240s
  2124  1590 180906.381  123   13 285540.893 180906.381  36.6%   115  270s
H  794   649                    287675.98326 179709.872  37.5%  1049  274s
   627   592 180636.204   30   59 286083.583 180636.204  36.9%  1284  220s
H 1054   847                    286688.09677 179709.872  37.3%   537  237s
   654   610 182684.656   45   30 288699.957 182684.656  36.7%  1010  255s
   539   519 182684.656    8   22 203002.085 182684.656  10.0%  1032  225s
  1967  1371 182003.619  173  198 283314.636 180050.548  36.4%   182  286s
  2051  1517 181994.115   66   27 287490.905 181994.115  36.7%  80.8  265s
   799   654 180406.480   19   80 287675.983 179709.872  37.5%  1053  275s
   721   602 180906.381   37   68 288467.027 180906.381  37.3%  1288  245s
   965   739 180638.342   28   73 286008.234 180636.204  36.8%  1027  280s
  1263  1015 180578.842   37   27 284600.591 180578.842  36.6%   834  300s
  1150   914 181819.845   79    8 287269.725 181819.845  36.7%   604  250s
  1149   818 180321.387   29   72 287252.979 180311.763  37.2%   948  290s
  1440   918 179111.514   60   38 286238.949 179111.514  37.4%   685  285s
   804   626 180600.101   42   21 287123.943 180600.101  37.1%   812  230s
   925   668 180651.489   46   58 287707.996 180651.489  37.2%   822  270s
  1075   863 181560.161   43  135 285003.771 180918.517  36.5%  1038  295s
  1169   953 180315.327   28   70 266312.648 179367.372  32.6%  1008  300s
H 1080   839                    286676.88834 179709.872  37.3%   525  240s
  1374  1037 178498.327   34   27 264754.794 178498.327  32.6%   133  305s
   894   743 178505.477   35  119 285527.201 178197.660  37.6%   995  285s
  1986  1378 180050.548  193   79 283314.636 180050.548  36.4%   188  290s
  2162  1629 180927.318  329   25 290800.519 180927.318  37.8%  82.5  295s
   647   553 186770.808   35  178 288110.658 182149.608  36.8%   980  220s
  2414  1882 180651.489   68   10 288314.556 180651.489  37.3%  52.2  210s
H 1831  1297                    287998.19386 182782.021  36.5%  71.9  215s
  2121  1589 179412.938  803   20 288373.180 179412.938  37.8%  43.9  265s
   626   591 181528.569   33  159 288970.998 181528.569  37.2%  1102  255s
  2589  2054 182782.021  539   17 287885.828 182782.021  36.5%  63.7  245s
  2181  1647 180906.381  104   13 285540.893 180906.381  36.6%   113  275s
  1346   924 180503.193   33   55 288450.993 180503.193  37.4%   815  280s
  1081   794 181819.845   41   31 288199.888 181819.845  36.9%   557  237s
  2095  1561 181994.115   50   29 287490.905 181994.115  36.7%  86.1  270s
   670   620 182684.656   48   54 288699.957 182684.656  36.7%  1011  260s
   644   603 180636.204   35   14 286083.583 180636.204  36.9%  1288  225s
   742   616 180906.381   33   45 288467.027 180906.381  37.3%  1278  250s
  1082   818 179262.556   20   44 285989.918 179262.556  37.3%  1060  305s
  1082   818 182149.608   76   52 287475.054 182149.608  36.6%   169  264s
  1086   821 182149.608   74   44 287475.054 182149.608  36.6%   168  265s
   541   521 196824.453   26   35 203002.085 182684.656  10.0%  1028  231s
   820   668 179709.872   20   15 287675.983 179709.872  37.5%  1046  281s
  1285  1029 184589.686   41  227 284600.591 180578.842  36.6%   836  305s
  1167   830 180311.763   35   55 287252.979 180311.763  37.2%   951  295s
  1237   972 181819.845   84    8 287269.725 181819.845  36.7%   564  255s
   978   748 181347.454   30   97 286008.234 180636.204  36.8%  1028  285s
  1463   933 179111.514   32   32 286238.949 179111.514  37.4%   686  290s
  1082   868 180926.355   41   95 285003.771 180918.517  36.5%  1041  300s
   944   681 180651.489   43   37 287707.996 180651.489  37.2%   826  275s
   834   645 180646.932   51   64 287123.943 180600.101  37.1%   799  235s
  1092   802 181819.845   42   53 288199.888 181819.845  36.9%   569  240s
  1125   871 179709.872   73   27 286676.888 179709.872  37.3%   504  245s
  1186   964 179606.677   41   91 266312.648 179367.372  32.6%  1007  305s
  1400  1054 178498.327   30   34 264754.794 178498.327  32.6%   131  310s
   909   753 178197.660   24   97 285527.201 178197.660  37.6%   996  290s
  2012  1388 182003.619  184  189 283314.636 180050.548  36.4%   196  295s
   666   566 182149.608   41   91 288110.658 182149.608  36.8%   971  225s
  1831  1299 182782.021  156   22 287998.194 182782.021  36.5%  71.9  220s
  2486  1954 180651.489   78   10 288314.556 180651.489  37.3%  51.5  215s
H 1368   917                    288448.53881 180503.193  37.4%   813  285s
  2169  1637 179412.938  827   16 288373.180 179412.938  37.8%  43.0  270s
   645   604 181528.569   25   50 288970.998 181528.569  37.2%  1091  260s
  2678  2143 182782.021  200   14 287885.828 182782.021  36.5%  62.2  250s
  2237  1703 180906.381  109   14 285540.893 180906.381  36.6%   111  280s
  1104   833 179262.556   24  110 285989.918 179262.556  37.3%  1058  310s
   663   613 184795.713   35  145 286083.583 180636.204  36.9%  1287  230s
   543   522 196824.453   32   19 203002.085 182684.656  10.0%  1024  235s
   842   683 179710.483   30   74 287675.983 179709.872  37.5%  1035  285s
   766   632 180906.381   37   74 288467.027 180906.381  37.3%  1270  255s
  1003   764 181470.660   35   91 286008.234 180636.204  36.8%  1021  290s
  2130  1596 181994.115   68   26 287490.905 181994.115  36.7%  90.0  276s
  1310  1046 183906.829   46  134 284600.591 180578.842  36.6%   838  310s
  1108   835 182149.608   63   43 287475.054 182149.608  36.6%   165  270s
  1321  1028 181819.845   97    8 287269.725 181819.845  36.7%   530  260s
   688   632 182684.656   41   42 288699.957 182684.656  36.7%   997  266s
   863   661 180600.101   46   47 287123.943 180600.101  37.1%   787  240s
   971   699 181801.067   45  114 287707.996 180651.489  37.2%   832  280s
H 1373   901                    288423.51732 180503.193  37.4%   813  288s
H 1107   788                    287034.55270 181819.845  36.7%   575  244s
  1102   881 181221.516   44  190 285003.771 180918.517  36.5%  1058  305s
  1210   980 179788.108   45   84 266312.648 179367.372  32.6%  1006  310s
  1182   909 179709.872  124   14 286676.888 179709.872  37.3%   483  250s
  1312   926 179160.084   48   53 284920.129 179160.084  37.1%   691  308s
  1420  1067 178498.327   40   32 264754.794 178498.327  32.6%   130  315s
  1380   908 180503.193   40   32 288423.517 180503.193  37.4%   812  290s
   929   766 178898.514   30  160 285527.201 178197.660  37.6%  1001  295s
  1887  1355 182782.021  184   16 287998.194 182782.021  36.5%  70.8  225s
  2037  1401 180050.548  191  101 283314.636 180050.548  36.4%   205  300s
  2561  2029 180651.489   86   10 288314.556 180651.489  37.3%  51.1  220s
  1186   842 180564.397   39  140 287252.979 180311.763  37.2%   955  302s
   678   574 182149.608   26  128 288110.658 182149.608  36.8%   977  230s
H 1316  1021                    284551.68912 180578.842  36.5%   840  312s
  2189  1656 180927.318  365   25 290800.519 180927.318  37.8%  81.5  305s
  2769  2234 182782.021  152   16 287885.828 182782.021  36.5%  60.8  255s
   667   618 181528.569   31   67 288970.998 181528.569  37.2%  1074  265s
  1107   790 181819.845   41   49 287034.553 181819.845  36.7%   576  247s
  1115   840 179262.556   26   71 285989.918 179262.556  37.3%  1062  315s
   558   534 182684.656   19   68 203002.085 182684.656  10.0%  1095  240s
   700   640 186452.286   40  139 288699.957 182684.656  36.7%   998  270s
H 1316   995                    284527.90029 180578.842  36.5%   840  313s
  1320   932 181625.067   45  232 284920.129 179160.084  37.1%   691  310s
   684   626 180636.204   35   16 286083.583 180636.204  36.9%  1285  235s
   868   700 179709.872   29   40 287675.983 179709.872  37.5%  1037  290s
   788   647 180906.381   41   50 288467.027 180906.381  37.3%  1257  260s
  2156  1622 181994.115   68   44 287490.905 181994.115  36.7%  92.7  280s
  1471   938 179902.300   31  132 286238.949 179111.514  37.4%   688  299s
  1027   780 180636.204   30   82 286008.234 180636.204  36.8%  1018  295s
  1373  1063 181819.845  104    8 287269.725 181819.845  36.7%   512  265s
  1199   851 180311.763   29   77 287252.979 180311.763  37.2%   954  305s
  1130   850 182149.608   71   62 287475.054 182149.608  36.6%   164  275s
  1120   893 180918.517   35   68 285003.771 180918.517  36.5%  1062  310s
  1476   943 179111.514   32   42 286238.949 179111.514  37.4%   688  300s
  1319   999 180578.842   47   57 284527.900 180578.842  36.5%   840  315s
   999   718 180651.489   40   80 287707.996 180651.489  37.2%   831  285s
   883   673 180600.101   39   40 287123.943 180600.101  37.1%   777  245s
H 2613  2079                    288304.12671 180651.489  37.3%  50.8  223s
H 2778  2241                    286359.25020 182782.021  36.2%  60.7  258s
  1121   799 186603.139   46  155 287034.553 181819.845  36.7%   583  250s
  2209  1677 179412.938  847   14 288373.180 179412.938  37.8%  42.5  278s
  1441  1081 178498.327   80   30 264754.794 178498.327  32.6%   128  320s
   948   779 178197.660   35   87 285527.201 178197.660  37.6%   998  300s
  2062  1413 180050.548  192   17 283314.636 180050.548  36.4%   211  305s
  1949  1417 182782.021  215   18 287998.194 182782.021  36.5%  69.6  230s
  2229  1696 180927.318  385   27 290800.519 180927.318  37.8%  80.4  310s
  2638  2106 180651.489   90   10 288304.127 180651.489  37.3%  50.5  225s
  1210   927 179709.872  138   12 286676.888 179709.872  37.3%   472  256s
  1394   917 180560.797   43   59 288423.517 180503.193  37.4%   810  295s
   685   630 181528.569   18   85 288970.998 181528.569  37.2%  1063  270s
  2222  1690 179412.938  352   18 288373.180 179412.938  37.8%  42.3  280s
H 1004   698                    287691.29954 180651.489  37.2%   829  287s
   688   580 182149.608   27   98 288110.658 182149.608  36.8%   982  236s
  1144   859 179262.556   24   61 285989.918 179262.556  37.3%  1054  320s
   717   652 182684.656   22  140 288699.957 182684.656  36.7%  1000  275s
   573   544 183256.974   26  137 203002.085 182684.656  10.0%  1094  245s
   707   640 180636.204   28   80 286083.583 180636.204  36.9%  1271  240s
  1337   943 181366.353   43  195 284920.129 179160.084  37.1%   701  315s
  2205  1671 181994.115   65   30 287490.905 181994.115  36.7%  98.1  285s
   896   719 179709.872   30   15 287675.983 179709.872  37.5%  1035  295s
  2778  2243 182782.021  250   26 286359.250 182782.021  36.2%  60.7  261s
   810   662 181792.780   35  265 288467.027 180906.381  37.3%  1260  265s
  1157   868 182149.608   81   59 287475.054 182149.608  36.6%   162  280s
  1487  1139 181819.845  120    8 287269.725 181819.845  36.7%   475  270s
  1502   969 179111.514   34   45 286238.949 179111.514  37.4%   691  305s
   904   687 180600.101   44   65 287123.943 180600.101  37.1%   770  250s
  1004   700 180694.015   38   85 287691.300 180651.489  37.2%   830  290s
  1342  1014 180578.842   51   50 284527.900 180578.842  36.5%   833  320s
H 1160   845                    285989.20105 179262.556  37.3%  1049  322s
  1133   807 186467.981   43  146 287034.553 181819.845  36.7%   589  255s
  1462  1095 178498.327   29   34 264754.794 178498.327  32.6%   127  325s
   962   788 178652.430   39  150 285527.201 178197.660  37.6%  1000  305s
   698   587 182149.608   30   78 288110.658 182149.608  36.8%   977  240s
  2710  2178 180651.489   80   10 288304.127 180651.489  37.3%  49.8  230s
  1427   939 180503.193   28   46 288423.517 180503.193  37.4%   815  300s
   697   638 181528.569   17  109 288970.998 181528.569  37.2%  1068  275s
  2258  1724 180906.381  113   15 285540.893 180906.381  36.6%   110  294s
  2268  1736 179412.938  375   20 288373.180 179412.938  37.8%  41.7  285s
  1236   998 179367.372   48   30 266312.648 179367.372  32.6%  1002  321s
  2856  2321 182782.021  289   14 286359.250 182782.021  36.2%  59.3  265s
  2260  1726 180906.381  112   16 285540.893 180906.381  36.6%   110  295s
  2263  1730 180927.318  402   23 290800.519 180927.318  37.8%  79.4  315s
  1212   860 180311.763   31   22 287252.979 180311.763  37.2%   952  313s
H 2215  1679                    287388.90369 181994.115  36.7%  99.0  289s
   590   555 182684.656   19   76 203002.085 182684.656  10.0%  1094  250s
  1346   949 179160.148   44   78 284920.129 179160.084  37.1%   710  320s
   731   661 182684.656   27   94 288699.957 182684.656  36.7%  1008  280s
   725   652 180636.204   28   49 286083.583 180636.204  36.9%  1270  245s
   921   735 180630.258   26   55 287675.983 179709.872  37.5%  1036  300s
   832   676 180906.381   32   33 288467.027 180906.381  37.3%  1257  270s
  2087  1434 180050.548   22   30 283314.636 180050.548  36.4%   217  312s
  1975  1443 182782.021  228   19 287998.194 182782.021  36.5%  69.0  237s
H 2215  1679                    286863.84529 181994.115  36.6%  99.0  291s
  1608  1220 181819.845  119   10 287269.725 181819.845  36.7%   442  275s
  1527   994 179767.918   29   77 286238.949 179111.514  37.4%   694  310s
  1222   866 180954.784   31  134 287252.979 180311.763  37.2%   954  315s
  1364  1029 186057.835   54  133 284527.900 180578.842  36.5%   828  325s
H 1236   919                    286666.25505 179709.872  37.3%   462  264s
  1030   717 180651.489   46   46 287691.300 180651.489  37.2%   824  295s
   932   706 180600.101   29   56 287123.943 180600.101  37.1%   760  255s
H 1241   899                    286641.88467 179709.872  37.3%   461  264s
  1150   818 183142.952   43  176 287034.553 181819.845  36.7%   598  260s
  1242   902 179709.872   34   19 286641.885 179709.872  37.3%   460  265s
  1258  1012 179367.372   51   49 266312.648 179367.372  32.6%   997  325s
  1186   887 182149.608   58   62 287475.054 182149.608  36.6%   160  286s
   975   797 179438.268   36  141 285527.201 178197.660  37.6%  1013  310s
  1482  1109 178498.327   26   27 264754.794 178498.327  32.6%   127  330s
  2008  1476 182782.021  152   16 287998.194 182782.021  36.5%  68.6  240s
  2119  1466 180050.548   38   27 283314.636 180050.548  36.4%   214  315s
  2300  1767 180927.318  398   16 290800.519 180927.318  37.8%  78.3  320s
  1459   960 180837.410   31   83 288423.517 180503.193  37.4%   814  305s
   717   600 182149.608   33   39 288110.658 182149.608  36.8%   969  245s
  2769  2237 180651.489   77   10 288304.127 180651.489  37.3%  49.2  235s
   707   645 181528.569   18   60 288970.998 181528.569  37.2%  1067  280s
  2319  1787 179412.938  902   14 288373.180 179412.938  37.8%  40.9  290s
  1133   902 181163.617   41  143 285003.771 180918.517  36.5%  1061  322s
  2318  1784 180906.381  124   11 285540.893 180906.381  36.6%   109  300s
  2961  2426 182782.021  238   14 286359.250 182782.021  36.2%  58.1  270s
   601   563 182684.656   32   40 203002.085 182684.656  10.0%  1086  255s
  1367   963 179160.084   40   37 284920.129 179160.084  37.1%   719  325s
   745   665 180725.655   35   83 286083.583 180636.204  36.9%  1264  250s
   744   670 183392.881   29  166 288699.957 182684.656  36.7%  1007  285s
  2252  1718 181994.115   64   25 286863.845 181994.115  36.6%   103  295s
   947   752 179776.590   31   74 287675.983 179709.872  37.5%  1032  305s
   858   694 180906.381   35   44 288467.027 180906.381  37.3%  1243  275s
  1205   900 182149.608   60   52 287475.054 182149.608  36.6%   158  290s
  1243   880 184572.988   40  117 287252.979 180311.763  37.2%   953  320s
  1381  1040 180578.842   55   62 284527.900 180578.842  36.5%   833  330s
  1160   847 179262.556   27   58 285989.201 179262.556  37.3%  1050  331s
  1145   910 180918.517   44   55 285003.771 180918.517  36.5%  1060  325s
  1550  1017 179111.514   33   50 286238.949 179111.514  37.4%   700  315s
  1056   735 180651.489   50   58 287691.300 180651.489  37.2%   822  300s
H 1159   802                    286361.25439 181819.845  36.5%   603  264s
  1030   782 181554.876   31   91 286008.234 180636.204  36.8%  1019  311s
   952   719 180600.101   31   50 287123.943 180600.101  37.1%   751  260s
  1287  1032 179377.097   55   61 266312.648 179367.372  32.6%   990  330s
  1698  1280 181819.845  109    8 287269.725 181819.845  36.7%   420  281s
   985   803 178604.214   27  114 285527.201 178197.660  37.6%  1014  315s
  1505  1124 178498.327   31   36 264754.794 178498.327  32.6%   125  335s
  2167  1514 180050.548   62   31 283314.636 180050.548  36.4%   210  320s
  2046  1514 182782.021  171   18 287998.194 182782.021  36.5%  68.1  245s
  2344  1811 180927.318  420   15 290800.519 180927.318  37.8%  77.1  325s
  2844  2312 180651.489   78   10 288304.127 180651.489  37.3%  48.4  240s
   733   610 182149.608   37   97 288110.658 182149.608  36.8%   966  250s
  2369  1837 179412.938  927   16 288373.180 179412.938  37.8%  40.1  295s
  3048  2513 182782.021  385   12 286359.250 182782.021  36.2%  57.1  275s
  1181   861 179262.556   31   64 285989.201 179262.556  37.3%  1043  335s
   719   653 181528.569   21   55 288970.998 181528.569  37.2%  1080  285s
H  874   678                    288256.07187 180906.381  37.2%  1232  279s
   616   573 182684.656   29   99 203002.085 182684.656  10.0%  1085  260s
  1383   974 179160.086   44   96 284920.129 179160.084  37.1%   733  330s
   765   679 181042.431   36   68 286083.583 180636.204  36.9%  1270  255s
   758   679 183393.453   30  159 288699.957 182684.656  36.7%  1008  290s
  2372  1838 180906.381  113   11 285540.893 180906.381  36.6%   107  306s
  2291  1757 181994.115   67   18 286863.845 181994.115  36.6%   107  300s
   966   765 179709.872   20   12 287675.983 179709.872  37.5%  1028  310s
   874   680 180906.381   20   42 288256.072 180906.381  37.2%  1233  280s
H 1289   909                    286498.74076 179709.872  37.3%   444  273s
  1046   793 180637.161   28  108 286008.234 180636.204  36.8%  1021  315s
H 1289   889                    286383.99586 179709.872  37.2%   444  273s
  1239   923 182149.608   51   49 287475.054 182149.608  36.6%   157  295s
  1395  1050 180578.842   52   59 284527.900 180578.842  36.5%   831  335s
  1579  1046 179111.514   49   74 286238.949 179111.514  37.4%   705  320s
  1267   896 180351.378   45  192 287252.979 180311.763  37.2%   960  325s
  1174   929 183397.454   49  191 285003.771 180918.517  36.5%  1053  330s
  1778  1333 181819.845   99    8 287269.725 181819.845  36.7%   403  285s
H 1082   731                    287689.91471 180651.489  37.2%   818  305s
  1290   892 179709.872   58   27 286383.996 179709.872  37.2%   444  275s
  1310  1047 179384.260   50  108 266312.648 179367.372  32.6%   996  335s
  1526  1138 178498.327   33   23 264754.794 178498.327  32.6%   125  340s
  1008   819 178197.660   20   83 285527.201 178197.660  37.6%  1016  320s
  2228  1575 180050.548   44   14 283314.636 180050.548  36.4%   205  325s
  2113  1581 182782.021  297   13 287998.194 182782.021  36.5%  66.5  250s
  2386  1853 180927.318  441   18 290800.519 180927.318  37.8%  76.1  330s
   743   617 182149.608   23  133 288110.658 182149.608  36.8%   966  255s
  2918  2386 180651.489   72   14 288304.127 180651.489  37.3%  47.7  245s
H  887   664                    288045.09969 180906.381  37.2%  1230  283s
  2418  1886 179412.938  450   12 288373.180 179412.938  37.8%  39.4  300s
  2426  1892 180906.381  104   11 285540.893 180906.381  36.6%   106  310s
   733   662 181528.569   23   86 288970.998 181528.569  37.2%  1082  290s
  3129  2594 182782.021  322   26 286359.250 182782.021  36.2%  55.9  280s
H 1210   856                    285988.48369 179262.556  37.3%  1040  340s
   630   582 182684.656   35   29 203002.085 182684.656  10.0%  1086  265s
   772   688 182684.656   29   99 288699.957 182684.656  36.7%  1012  295s
   782   690 180664.087   36   61 286083.583 180636.204  36.9%  1279  260s
   991   781 179709.872   22   61 287675.983 179709.872  37.5%  1027  315s
  2345  1811 181994.115   47   33 286863.845 181994.115  36.6%   112  305s
   889   667 180906.381   23   14 288045.100 180906.381  37.2%  1231  285s
  1485   978 180529.906   35   82 288423.517 180503.193  37.4%   812  317s
  1400   985 179160.084   38   85 284920.129 179160.084  37.1%   740  335s
H 1420  1040                    284459.92633 180578.842  36.5%   831  339s
  1069   808 180636.204   22   82 286008.234 180636.204  36.8%  1022  320s
  1889  1407 181819.845   83   10 287269.725 181819.845  36.7%   381  290s
  1422  1044 185255.024   53  142 284459.926 180578.842  36.5%   831  340s
  1194   943 187671.515   47  231 285003.771 180918.517  36.5%  1061  335s
  1087   736 180651.489   31   47 287689.915 180651.489  37.2%   819  310s
  1290   912 180311.763   30   47 287252.979 180311.763  37.2%   961  331s
H  900   651                    287976.03879 180906.381  37.2%  1221  287s
  1358   937 179709.872  142   18 286383.996 179709.872  37.2%   423  280s
  1159   804 181819.845   44   23 286361.254 181819.845  36.5%   604  275s
  1545  1151 178498.327   35   31 264754.794 178498.327  32.6%   128  345s
  1317  1052 179645.774   53   96 266312.648 179367.372  32.6%   996  340s
  1593  1060 179127.508   35   87 286238.949 179111.514  37.4%   708  327s
  2291  1638 180050.548   73   14 283314.636 180050.548  36.4%   200  330s
  1508   993 180699.584   39   60 288423.517 180503.193  37.4%   808  320s
  2173  1641 182782.021   46   16 287998.194 182782.021  36.5%  65.6  255s
  2985  2453 180651.489   84   10 288304.127 180651.489  37.3%  47.1  250s
   755   625 182149.608   25  147 288110.658 182149.608  36.8%   968  260s
   744   670 181528.569   25   53 288970.998 181528.569  37.2%  1083  295s
  2463  1931 179412.938  974   14 288373.180 179412.938  37.8%  39.0  305s
  2425  1892 180927.318  483   17 290800.519 180927.318  37.8%  75.1  335s
  3230  2695 182782.021  476   12 286359.250 182782.021  36.2%  54.4  285s
  2493  1959 180906.381  112   11 285540.893 180906.381  36.6%   104  315s
  1210   858 179262.556   32   55 285988.484 179262.556  37.3%  1040  345s
   788   699 182684.656   32   85 288699.957 182684.656  36.7%  1006  300s
  1264   939 182149.608   54   42 287475.054 182149.608  36.6%   154  304s
  1416   996 181366.353   40  175 284920.129 179160.084  37.1%   750  340s
  2387  1853 181994.115   31   36 286863.845 181994.115  36.6%   116  310s
  1010   794 179860.565   25   80 287675.983 179709.872  37.5%  1023  320s
  1030   833 178534.027   25   68 285527.201 178197.660  37.6%  1021  327s
  1094   825 180636.204   25   52 286008.234 180636.204  36.8%  1019  325s
   647   593 182684.656   41   84 203002.085 182684.656  10.0%  1070  271s
  1268   942 182149.608   46   59 287475.054 182149.608  36.6%   154  305s
H 1446  1035                    284419.14402 180578.842  36.5%   831  344s
   978   736 180600.101   37   33 287123.943 180600.101  37.1%   743  274s
  1307   923 180311.763   32   20 287252.979 180311.763  37.2%   968  335s
  1447  1037 180834.938   58  122 284419.144 180578.842  36.5%   832  345s
  1610  1077 179111.514   19   98 286238.949 179111.514  37.4%   710  330s
  1975  1464 181819.845   99    8 287269.725 181819.845  36.7%   366  295s
  1219   959 180918.517   20   87 285003.771 180918.517  36.5%  1054  340s
   914   662 182204.152   27  176 287976.039 180906.381  37.2%  1210  291s
   984   740 180600.101   45   42 287123.943 180600.101  37.1%   739  275s
   796   699 181575.021   38   77 286083.583 180636.204  36.9%  1278  267s
  1431   986 179709.872  226   18 286383.996 179709.872  37.2%   404  285s
H 2395  1859                    286837.95173 181994.115  36.6%   116  312s
  1178   816 185371.028   50  208 286361.254 181819.845  36.5%   622  280s
H 1108   729                    286829.97156 180651.489  37.0%   814  316s
  1338  1066 179442.995   56  126 266312.648 179367.372  32.6%  1001  345s
  1047   845 179149.707   26   58 285527.201 178197.660  37.6%  1015  330s
  1563  1163 178498.327   40   36 264754.794 178498.327  32.6%   127  350s
  1546  1018 180503.193   38   31 288423.517 180503.193  37.4%   809  325s
  2357  1704 180050.548   85   12 283314.636 180050.548  36.4%   196  335s
   770   635 182149.608   25  162 288110.658 182149.608  36.8%   965  265s
  2455  1922 180927.318  498   17 290800.519 180927.318  37.8%  74.5  340s
  2218  1686 182782.021   86   20 287998.194 182782.021  36.5%  65.0  260s
  3050  2518 180651.489   68   10 288304.127 180651.489  37.3%  46.4  255s
  2508  1976 179412.938  495   22 288373.180 179412.938  37.8%  38.5  310s
  3323  2788 182782.021  419   20 286359.250 182782.021  36.2%  53.3  290s
  2559  2025 180906.381  111   11 285540.893 180906.381  36.6%   103  320s
   755   677 181528.569   28  175 288970.998 181528.569  37.2%  1081  300s
   657   600 182684.656   44   31 203002.085 182684.656  10.0%  1084  275s
H 1004   728                    286929.08714 180600.101  37.1%   730  278s
   803   709 184840.017   33  150 288699.957 182684.656  36.7%  1014  305s
  1431  1006 179160.084   35   61 284920.129 179160.084  37.1%   760  345s
   806   706 180636.204   41   48 286083.583 180636.204  36.9%  1270  270s
  2411  1877 181994.115   68   30 286837.952 181994.115  36.6%   118  315s
   929   672 180906.381   25   45 287976.039 180906.381  37.2%  1205  295s
  1122   844 180644.239   29   51 286008.234 180636.204  36.8%  1012  330s
  1238   877 179262.556   33   60 285988.484 179262.556  37.3%  1036  351s
  1294   959 182149.608   44   87 287475.054 182149.608  36.6%   153  310s
  1480  1059 180796.451   61  121 284419.144 180578.842  36.5%   823  350s
  2083  1549 181819.845  113   10 287269.725 181819.845  36.7%   349  300s
  1636  1103 179111.514   22   34 286238.949 179111.514  37.4%   713  335s
  1239   973 180918.517   22   64 285003.771 180918.517  36.5%  1050  345s
  1108   731 180651.489   33   91 286829.972 180651.489  37.0%   815  320s
  1019   740 180600.101   50   56 286929.087 180600.101  37.1%   725  280s
  1028   806 179709.872   27   75 287675.983 179709.872  37.5%  1025  327s
  1197   829 186467.981   39  145 286361.254 181819.845  36.5%   638  285s
  1316   929 180311.763   31   37 287252.979 180311.763  37.2%   970  341s
  1490  1025 179709.872  197   13 286383.996 179709.872  37.2%   392  290s
  1063   855 178358.672   31  104 285527.201 178197.660  37.6%  1016  335s
  1584  1177 178498.327   51   33 264754.794 178498.327  32.6%   126  355s
  1584  1045 180503.193   33   31 288423.517 180503.193  37.4%   811  330s
  2411  1758 180050.548   91   12 283314.636 180050.548  36.4%   192  340s
  2273  1741 182782.021   35   18 287998.194 182782.021  36.5%  64.1  265s
  2495  1962 180927.318  518   17 290800.519 180927.318  37.8%  73.9  345s
   782   643 182149.608   25  120 288110.658 182149.608  36.8%   963  270s
  3107  2575 180651.489   73   10 288304.127 180651.489  37.3%  45.9  260s
   773   689 181529.673   32   41 288970.998 181528.569  37.2%  1088  305s
  2554  2022 179412.938  518   18 288373.180 179412.938  37.8%  38.1  315s
  3418  2883 182782.021  570   14 286359.250 182782.021  36.2%  52.9  295s
  2623  2089 180906.381   83   13 285540.893 180906.381  36.6%   101  325s
  1262   893 179969.812   31   55 285988.484 179262.556  37.3%  1033  355s
   816   718 182684.656   39   68 288699.957 182684.656  36.7%  1022  310s
   829   721 180636.204   35   13 286083.583 180636.204  36.9%  1265  275s
  1451  1019 181625.654   34  197 284920.129 179160.084  37.1%   770  350s
   678   614 182684.656   47   65 203002.085 182684.656  10.0%  1071  280s
  1046   817 179710.855   25   61 287675.983 179709.872  37.5%  1017  330s
  2455  1921 181994.115   45   28 286837.952 181994.115  36.6%   122  320s
   947   684 180906.381   29   63 287976.039 180906.381  37.2%  1196  300s
  1157   867 180636.204   35   53 286008.234 180636.204  36.8%  1002  335s
  1340  1067 179367.372   47   55 266312.648 179367.372  32.6%  1001  353s
  1320   977 182149.608   49   67 287475.054 182149.608  36.6%   152  315s
  2160  1626 181819.845  123    8 287269.725 181819.845  36.7%   337  305s
  1336   942 180311.763   31   32 287252.979 180311.763  37.2%   969  345s
  1504  1075 180578.883   53   73 284419.144 180578.842  36.5%   828  355s
  1660  1127 179897.711   25   59 286238.949 179111.514  37.4%   715  340s
  1055   762 180646.477   53  146 286929.087 180600.101  37.1%   715  285s
  1262   988 180918.517   26   93 285003.771 180918.517  36.5%  1049  350s
H 1056   739                    286715.74868 180600.101  37.0%   714  285s
  1130   746 180651.489   38  102 286829.972 180651.489  37.0%   813  325s
  1216   840 181819.845   52   25 286361.254 181819.845  36.5%   650  290s
H  793   623                    287653.14475 182149.608  36.7%   955  273s
H 2586  2052                    287578.14043 179412.938  37.6%  37.8  318s
  1548  1064 179709.872  204   11 286383.996 179709.872  37.2%   379  295s
  1345  1070 179420.612   46  101 266312.648 179367.372  32.6%  1002  355s
  1606  1191 178498.327   62   33 264754.794 178498.327  32.6%   124  360s
H 1134   729                    286570.36318 180651.489  37.0%   811  326s
  1623  1084 180503.193   39   36 288423.517 180503.193  37.4%   811  335s
  2446  1793 180050.548   88   14 283314.636 180050.548  36.4%   189  345s
  2340  1808 182782.021  147   22 287998.194 182782.021  36.5%  62.7  270s
  2532  1999 180927.318  514   23 290800.519 180927.318  37.8%  73.2  350s
   797   628 182149.608   27   70 287653.145 182149.608  36.7%   954  275s
   793   702 181528.902   40   82 288970.998 181528.569  37.2%  1084  310s
H 1134   712                    286566.20868 180651.489  37.0%   811  327s
  2598  2066 179412.938  146   12 287578.140 179412.938  37.6%  37.6  320s
  1082   868 178937.652   29  112 285527.201 178197.660  37.6%  1017  340s
  2692  2158 180906.381   95   11 285540.893 180906.381  36.6%   100  330s
  3534  2999 182782.021  628   12 286359.250 182782.021  36.2%  51.9  300s
  3180  2648 180651.489   70   10 288304.127 180651.489  37.3%  45.3  265s
  1291   912 179262.556   20  113 285988.484 179262.556  37.3%  1030  360s
H 3181  2647                    288202.25903 180651.489  37.3%  45.3  266s
  1462  1026 179160.084   30   44 284920.129 179160.084  37.1%   784  355s
  2500  1966 181994.115   46   22 286837.952 181994.115  36.6%   126  325s
  1074   835 179709.872   20   32 287675.983 179709.872  37.5%  1006  335s
   832   728 182684.656   38   83 288699.957 182684.656  36.7%  1018  315s
  1195   891 180636.204   42   33 286008.234 180636.204  36.8%   988  340s
   688   621 182684.656   52   56 203002.085 182684.656  10.0%  1071  286s
  1344   993 182149.608   52   77 287475.054 182149.608  36.6%   151  320s
   848   734 180638.965   37   63 286083.583 180636.204  36.9%  1261  281s
  1352   953 181002.635   32  165 287252.979 180311.763  37.2%   977  350s
  1682  1149 179111.514   29   73 286238.949 179111.514  37.4%   720  345s
  1285  1003 180918.517   25   99 285003.771 180918.517  36.5%  1049  355s
  1534  1095 180578.842   54   27 284419.144 180578.842  36.5%   825  360s
  1135   714 180651.489   36   56 286566.209 180651.489  37.0%   811  330s
  1094   762 187990.629   37  150 286715.749 180600.101  37.0%   705  290s
H 2510  1974                    286835.14553 181994.115  36.6%   127  326s
   968   698 180906.381   28   52 287976.039 180906.381  37.2%  1192  306s
  2262  1728 181819.845  134    8 287269.725 181819.845  36.7%   324  311s
  1235   853 182915.705   53  148 286361.254 181819.845  36.5%   664  295s
  1614  1108 179709.872  209   11 286383.996 179709.872  37.2%   365  300s
H 1237   832                    286006.12046 181819.845  36.4%   665  295s
  1628  1206 178498.327   73   42 264754.794 178498.327  32.6%   123  365s
  1105   883 178733.698   23  136 285527.201 178197.660  37.6%  1014  345s
  1660  1121 180860.709   32   67 288423.517 180503.193  37.4%   810  340s
  2501  1848 180050.548   95   13 283314.636 180050.548  36.4%   186  350s
  2392  1860 182782.021  173   30 287998.194 182782.021  36.5%  62.5  275s
  2566  2033 180927.318  531   24 290800.519 180927.318  37.8%  72.4  355s
  1371  1088 179379.571   46  110 266312.648 179367.372  32.6%  1007  360s
H 1108   747                    286691.44343 180600.101  37.0%   701  292s
  3187  2655 180651.489   70   12 288202.259 180651.489  37.3%  45.2  270s
   808   635 182149.608   21   65 287653.145 182149.608  36.7%   953  280s
   807   712 181528.569   19   30 288970.998 181528.569  37.2%  1084  315s
H 3616  3079                    286357.58806 182782.021  36.2%  51.0  305s
  2756  2222 180906.381  101   13 285540.893 180906.381  36.6%  98.0  335s
  2640  2108 179412.938  167   12 287578.140 179412.938  37.6%  37.2  325s
H 3616  3079                    286353.09756 182782.021  36.2%  51.0  305s
   845   737 182684.656   40   35 288699.957 182684.656  36.7%  1022  320s
   860   742 180636.204   30   69 286083.583 180636.204  36.9%  1265  285s
   699   628 182684.656   43   53 203002.085 182684.656  10.0%  1088  290s
  1484  1041 179160.084   29  106 284920.129 179160.084  37.1%   793  360s
  2514  1980 181994.115   45   32 286835.146 181994.115  36.6%   127  330s
  1100   852 179709.872   26   46 287675.983 179709.872  37.5%  1003  340s
H 3616  3079                    286348.85501 182782.021  36.2%  51.0  306s
  1319   931 179262.556   21  107 285988.484 179262.556  37.3%  1030  365s
H 1157   711                    286555.77965 180651.489  37.0%   804  334s
  1370  1010 182149.608   58   69 287475.054 182149.608  36.6%   151  325s
  1238   920 181396.435   48   70 286008.234 180636.204  36.8%   964  345s
  1553  1108 180578.842   56   54 284419.144 180578.842  36.5%   827  365s
  1108   749 180600.101   40   91 286691.443 180600.101  37.0%   701  295s
  2345  1811 181819.845  147   26 287269.725 181819.845  36.7%   313  315s
  1251   844 181819.845   18   60 286006.120 181819.845  36.4%   675  300s
  1298  1012 180918.517   27   76 285003.771 180918.517  36.5%  1046  361s
  1686  1156 179709.872  216   11 286383.996 179709.872  37.2%   352  305s
   978   705 180906.381   25   47 287976.039 180906.381  37.2%  1192  312s
  1157   713 180661.738   40   77 286555.780 180651.489  37.0%   805  336s
  1128   899 178202.749   34  136 285527.201 178197.660  37.6%  1020  350s
  1697  1158 180503.193   31   43 288423.517 180503.193  37.4%   812  345s
  2563  1910 180050.548  102   14 283314.636 180050.548  36.4%   182  355s
H 1160   698                    286554.63999 180651.489  37.0%   803  336s
  2454  1922 182782.021  204   18 287998.194 182782.021  36.5%  61.9  280s
  2605  2072 180927.318   57   28 290800.519 180927.318  37.8%  71.6  360s
  1647  1219 178498.327   82   30 264754.794 178498.327  32.6%   122  370s
   823   645 182149.608   25   75 287653.145 182149.608  36.7%   953  285s
   822   722 181528.569   17  124 288970.998 181528.569  37.2%  1090  320s
  2694  2162 179412.938  194   14 287578.140 179412.938  37.6%  36.6  330s
  2812  2278 180906.381  108   11 285540.893 180906.381  36.6%  96.8  340s
H  823   693                    288957.36551 181528.569  37.2%  1088  320s
  3261  2729 180651.489   67   10 288202.259 180651.489  37.3%  44.5  275s
  1323   934 179262.556   25  120 285988.484 179262.556  37.3%  1029  370s
   716   639 182684.656   26   71 203002.085 182684.656  10.0%  1093  295s
  1508  1057 179160.084   33   80 284920.129 179160.084  37.1%   794  365s
   881   756 180636.253   37   77 286083.583 180636.204  36.9%  1267  290s
  3616  3081 182782.021  669   16 286348.855 182782.021  36.2%  51.0  311s
  1118   864 180217.468   28   46 287675.983 179709.872  37.5%   995  345s
  1392  1102 179393.947   31   60 266312.648 179367.372  32.6%  1012  367s
  2556  2022 181994.115   73   32 286835.146 181994.115  36.6%   131  335s
   990   713 180906.381   28   58 287976.039 180906.381  37.2%  1185  315s
   859   746 183616.741   46  185 288699.957 182684.656  36.7%  1024  325s
  1271   942 180679.638   48   64 286008.234 180636.204  36.8%   951  350s
  1700  1167 179111.514   33   71 286238.949 179111.514  37.4%   724  354s
  1397  1028 182149.608   62   55 287475.054 182149.608  36.6%   149  330s
  1702  1169 179111.514   33   46 286238.949 179111.514  37.4%   724  355s
  2455  1921 181819.845  159    8 287269.725 181819.845  36.7%   301  320s
  1315  1023 181459.003   29  160 285003.771 180918.517  36.5%  1046  365s
  1163   702 180651.489   41   34 286554.640 180651.489  37.0%   804  340s
  1758  1226 179709.872  218   11 286383.996 179709.872  37.2%   339  310s
  1266   854 181819.845   20   57 286006.120 181819.845  36.4%   680  305s
  1576  1123 180578.842   53   42 284419.144 180578.842  36.5%   828  371s
  1409  1113 179988.021   49   74 266312.648 179367.372  32.6%  1013  370s
  1664  1230 178498.327   91   45 264754.794 178498.327  32.6%   120  375s
  1733  1194 180503.333   31   26 288423.517 180503.193  37.4%   809  350s
  2625  1972 180050.548  110   12 283314.636 180050.548  36.4%   178  360s
  2647  2114 180927.318   78   26 290800.519 180927.318  37.8%  70.9  365s
  2514  1982 182782.021  234   21 287998.194 182782.021  36.5%  61.5  285s
  3319  2787 180651.489   58   10 288202.259 180651.489  37.3%  44.1  280s
   833   702 181528.569   36   85 288957.366 181528.569  37.2%  1097  325s
   836   654 182149.608   27   98 287653.145 182149.608  36.7%   951  290s
  3691  3156 182782.021  603   15 286348.855 182782.021  36.2%  50.6  315s
  2877  2343 180906.381  114   11 285540.893 180906.381  36.6%  95.5  345s
  2756  2224 179412.938  225   16 287578.140 179412.938  37.6%  36.4  335s
  1350   952 179262.556   29   51 285988.484 179262.556  37.3%  1030  375s
   726   646 182684.656   31   84 203002.085 182684.656  10.0%  1095  300s
   896   765 184929.419   40  131 286083.583 180636.204  36.9%  1266  295s
  1529  1071 179160.084   28   93 284920.129 179160.084  37.1%   803  370s
  2596  2062 181994.115   69   22 286835.146 181994.115  36.6%   134  340s
  1142   880 179709.872   29   54 287675.983 179709.872  37.5%   988  350s
  1368   964 180311.763   29   68 287252.979 180311.763  37.2%   976  364s
  1134   765 180683.935   34  121 286691.443 180600.101  37.0%   700  303s
  1310   968 181455.228   49   55 286008.234 180636.204  36.8%   940  355s
  1424  1046 182149.608   67   47 287475.054 182149.608  36.6%   147  335s
   873   756 186604.205   42  112 288699.957 182684.656  36.7%  1020  331s
  1598  1138 183906.829   44  116 284419.144 180578.842  36.5%   827  375s
  1729  1196 179111.514   36   86 286238.949 179111.514  37.4%   730  360s
  1373   967 180311.763   30   61 287252.979 180311.763  37.2%   974  365s
  1142   770 181575.851   32  119 286691.443 180600.101  37.0%   700  305s
  1134   903 178197.660   30   89 285527.201 178197.660  37.6%  1021  358s
  1334  1036 181006.018   29  184 285003.771 180918.517  36.5%  1049  370s
  1284   866 181819.845   24   46 286006.120 181819.845  36.4%   682  310s
  1837  1305 179709.872  223   13 286383.996 179709.872  37.2%   326  315s
  1686  1245 178498.327  102   31 264754.794 178498.327  32.6%   119  380s
  1138   905 178230.754   33  109 285527.201 178197.660  37.6%  1026  360s
  1768  1229 180503.193   32   52 288423.517 180503.193  37.4%   813  355s
  2684  2031 180050.548  116   12 283314.636 180050.548  36.4%   175  365s
  2584  2052 182782.021   65   20 287998.194 182782.021  36.5%  61.3  290s
  1004   722 180906.381   32   30 287976.039 180906.381  37.2%  1181  323s
  3398  2866 180651.489   53   10 288202.259 180651.489  37.3%  43.5  285s
   851   664 182149.608   29  116 287653.145 182149.608  36.7%   948  295s
  2692  2159 180927.318  145   26 290800.519 180927.318  37.8%  69.8  370s
  2813  2281 179412.938 1149   11 287578.140 179412.938  37.6%  36.3  340s
  3804  3269 182782.021  763   14 286348.855 182782.021  36.2%  49.8  320s
  2939  2405 180906.381  119   11 285540.893 180906.381  36.6%  94.4  350s
   849   713 181528.569   21   58 288957.366 181528.569  37.2%  1097  330s
  1375   968 179262.556   22  124 285988.484 179262.556  37.3%  1033  380s
   887   765 182684.656   47   65 288699.957 182684.656  36.7%  1018  335s
  1550  1085 179160.084   32   69 284920.129 179160.084  37.1%   809  375s
   744   658 182684.656   29   52 203002.085 182684.656  10.0%  1088  305s
  2643  2109 181994.115   46   22 286835.146 181994.115  36.6%   137  345s
  1010   726 183151.428   33  125 287976.039 180906.381  37.2%  1186  325s
   914   773 180636.204   32   48 286083.583 180636.204  36.9%  1266  300s
  1186   717 180651.489   31   49 286554.640 180651.489  37.0%   806  348s
  1418  1119 179886.411   51   92 266312.648 179367.372  32.6%  1014  377s
H 2649  2113                    286823.60185 181994.115  36.5%   138  345s
  1446  1061 182149.608   70   61 287475.054 182149.608  36.6%   149  340s
  1346   992 180636.204   41   40 286008.234 180636.204  36.8%   930  360s
  1392   980 180784.087   32  104 287252.979 180311.763  37.2%   982  370s
  1347  1045 180918.517   32   58 285003.771 180918.517  36.5%  1047  375s
  1754  1221 179111.514   39   67 286238.949 179111.514  37.4%   732  365s
  1193   722 180692.034   32   90 286554.640 180651.489  37.0%   808  350s
  1158   891 179709.872   27   51 287675.983 179709.872  37.5%   988  357s
  1295   873 181819.845   25   75 286006.120 181819.845  36.4%   687  315s
  1916  1384 179709.872  215   11 286383.996 179709.872  37.2%   314  320s
H  751   634                    202923.39427 182684.656  10.0%  1084  307s
  1430  1127 179367.372   55   32 266312.648 179367.372  32.6%  1013  380s
H 2487  1951                    287269.72424 181819.845  36.7%   298  331s
  1709  1260 178498.327  113   37 264754.794 178498.327  32.6%   118  385s
  1788  1249 180503.193   34   47 288423.517 180503.193  37.4%   811  360s
  2635  2103 182782.021   59   18 287998.194 182782.021  36.5%  60.8  295s
  2729  2196 180927.318  119   22 290800.519 180927.318  37.8%  69.2  375s
  3485  2953 180651.489   66   12 288202.259 180651.489  37.3%  42.8  290s
   863   672 182149.608   32   85 287653.145 182149.608  36.7%   954  300s
  2869  2337 179412.938 1177   13 287578.140 179412.938  37.6%  35.7  345s
   867   725 181579.584   34   94 288957.366 181528.569  37.2%  1088  335s
  1157   918 178198.565   38  170 285527.201 178197.660  37.6%  1034  366s
  2977  2443 180906.381  112   11 285540.893 180906.381  36.6%  94.1  355s
  2707  2054 180050.548  119   12 283314.636 180050.548  36.4%   174  370s
  3912  3377 182782.021  817   14 286348.855 182782.021  36.2%  49.0  325s
H 1167   766                    286691.44337 180600.101  37.0%   690  312s
  1404   988 179263.853   24  128 285988.484 179262.556  37.3%  1029  385s
   756   639 182684.656   31   75 202923.394 182684.656  10.0%  1088  310s
  1573  1100 179165.139   29   87 284920.129 179160.084  37.1%   813  380s
   906   778 182684.656   24   63 288699.957 182684.656  36.7%  1014  340s
   932   784 180636.204   36   41 286083.583 180636.204  36.9%  1273  305s
  1172   900 179709.872   27   62 287675.983 179709.872  37.5%   991  360s
  1033   741 180906.381   27   48 287976.039 180906.381  37.2%  1177  330s
  1376  1012 180636.204   45   29 286008.234 180636.204  36.8%   926  365s
  1469  1076 182149.608   72   56 287475.054 182149.608  36.6%   154  345s
  1412   993 180311.763   30   42 287252.979 180311.763  37.2%   983  375s
  1777  1244 179111.514   42   20 286238.949 179111.514  37.4%   734  370s
H 1212   718                    286552.02231 180651.489  37.0%   805  355s
  2487  1953 181819.845  163   10 287269.724 181819.845  36.7%   298  335s
  2675  2141 181994.115   64   24 286823.602 181994.115  36.5%   139  351s
H 1212   704                    286547.20036 180651.489  37.0%   805  355s
  1602  1141 180578.842   42   49 284419.144 180578.842  36.5%   826  386s
  1315   886 181819.845   28   78 286006.120 181819.845  36.4%   686  320s
H 1212   691                    286546.82047 180651.489  37.0%   805  355s
  1167   768 180600.101   32   44 286691.443 180600.101  37.0%   690  315s
  1975  1443 179709.872  229   11 286383.996 179709.872  37.2%   306  325s
  1731  1275 178498.327   40   38 264754.794 178498.327  32.6%   120  390s
  1171   927 178317.977   40  120 285527.201 178197.660  37.6%  1034  370s
  1829  1290 180503.193   37   33 288423.517 180503.193  37.4%   811  365s
  2751  2098 180050.548  106   12 283314.636 180050.548  36.4%   172  375s
  2684  2152 182782.021  115   26 287998.194 182782.021  36.5%  60.3  300s
  2770  2237 180927.318  184   25 290800.519 180927.318  37.8%  68.3  380s
   880   683 182149.608   36   59 287653.145 182149.608  36.7%   952  305s
   884   736 181528.569   36  142 288957.366 181528.569  37.2%  1088  340s
  2926  2394 179412.938  310   18 287578.140 179412.938  37.6%  35.3  350s
  4007  3472 182782.021  761   17 286348.855 182782.021  36.2%  48.2  330s
  3041  2507 180906.381  112   11 285540.893 180906.381  36.6%  93.6  360s
  3558  3026 180651.489   47   10 288202.259 180651.489  37.3%  42.3  295s
   921   788 182684.656   34   56 288699.957 182684.656  36.7%  1020  345s
   768   647 185893.548   34  146 202923.394 182684.656  10.0%  1109  315s
  1444  1136 179367.372   33   39 266312.648 179367.372  32.6%  1013  387s
  2709  2175 181994.115   41   22 286823.602 181994.115  36.5%   142  355s
  1050   753 180906.381   34   39 287976.039 180906.381  37.2%  1177  335s
  1202   920 179709.872   17   61 287675.983 179709.872  37.5%   984  365s
  1589  1111 179160.084   25   97 284920.129 179160.084  37.1%   819  386s
  1489  1089 182149.608   74   64 287475.054 182149.608  36.6%   156  350s
  2602  2068 181819.845  162    8 287269.724 181819.845  36.7%   286  340s
  1802  1269 179153.357   43   99 286238.949 179111.514  37.4%   746  375s
  1360  1053 182072.344   34  202 285003.771 180918.517  36.5%  1049  385s
  1624  1155 184589.686   41  241 284419.144 180578.842  36.5%   828  390s
  1399  1027 180643.883   45   56 286008.234 180636.204  36.8%   921  371s
  1198   788 180600.101   32   15 286691.443 180600.101  37.0%   683  320s
   952   794 180636.204   40   65 286083.583 180636.204  36.9%  1269  312s
  1427  1003 180311.763   33   64 287252.979 180311.763  37.2%   981  380s
H 2937  2403                    287574.94716 179412.938  37.6%  35.1  353s
H 1804  1269                    286234.09968 179111.514  37.4%   746  376s
  1336   900 181819.845   33   61 286006.120 181819.845  36.4%   686  325s
  2046  1514 179709.872  239   17 286383.996 179709.872  37.2%   297  330s
  1412   993 179498.157   25   81 285988.484 179262.556  37.3%  1027  393s
  1750  1287 178498.327   52   36 264754.794 178498.327  32.6%   119  395s
  1462  1148 179367.372   36   58 266312.648 179367.372  32.6%  1010  390s
  1194   943 178197.660   30   98 285527.201 178197.660  37.6%  1035  375s
  2806  2153 180050.548  101   13 283314.636 180050.548  36.4%   169  380s
  2726  2194 182782.021  136   20 287998.194 182782.021  36.5%  59.6  305s
  2809  2276 180927.318  159   29 290800.519 180927.318  37.8%  67.4  385s
  1861  1322 180503.193   39   25 288423.517 180503.193  37.4%   809  370s
  3630  3098 180651.489   45   10 288202.259 180651.489  37.3%  41.7  300s
  2954  2422 179412.938  324   18 287574.947 179412.938  37.6%  35.0  355s
   900   747 181566.967   39  118 288957.366 181528.569  37.2%  1095  345s
  4122  3587 182782.021  922   12 286348.855 182782.021  36.2%  47.3  335s
  3102  2568 180906.381  120   13 285540.893 180906.381  36.6%  92.6  365s
  1421   999 179285.732   30   91 285988.484 179262.556  37.3%  1028  395s
H  897   671                    287648.43082 182149.608  36.7%   947  311s
   930   794 182684.656   27   55 288699.957 182684.656  36.7%  1018  350s
   967   803 180636.204   42   42 286083.583 180636.204  36.9%  1266  315s
   786   655 182684.656   38   77 202923.394 182684.656  10.0%  1112  320s
  1217   929 179709.872   24   57 287675.983 179709.872  37.5%   982  370s
  1062   761 181947.185   41  267 287976.039 180906.381  37.2%  1180  340s
  1517  1108 182149.608   81   31 287475.054 182149.608  36.6%   158  355s
  1427  1046 180637.599   45   85 286008.234 180636.204  36.8%   917  375s
  1444  1014 180311.763   32   33 287252.979 180311.763  37.2%   983  385s
  2707  2173 181819.845  141   10 287269.724 181819.845  36.7%   276  345s
  1658  1178 180578.842   44   22 284419.144 180578.842  36.5%   822  395s
  1381  1067 189402.306   37  239 285003.771 180918.517  36.5%  1051  390s
  1234   812 180600.101   36   55 286691.443 180600.101  37.0%   671  325s
  1348   908 181819.845   33   51 286006.120 181819.845  36.4%   685  330s
  2083  1551 179709.872  242   13 286383.996 179709.872  37.2%   293  335s
  1495  1170 180105.544   41   45 266312.648 179367.372  32.6%  1004  395s
  1768  1299 178498.327   61   34 264754.794 178498.327  32.6%   118  400s
  1897  1358 180503.193   39   21 288423.517 180503.193  37.4%   809  375s
  2862  2209 180050.548  130   12 283314.636 180050.548  36.4%   166  385s
  2771  2239 182782.021  127   14 287998.194 182782.021  36.5%  59.5  310s
  2851  2318 180927.318  180   25 290800.519 180927.318  37.8%  66.5  390s
   908   680 182149.608   40   55 287648.431 182149.608  36.7%   947  315s
  1212   693 180651.489   35   72 286546.820 180651.489  37.0%   806  367s
  3693  3161 180651.489   46   10 288202.259 180651.489  37.3%  41.2  305s
   913   755 181610.563   40  124 288957.366 181528.569  37.2%  1115  350s
  2999  2467 179412.938 1242   11 287574.947 179412.938  37.6%  34.6  360s
  4197  3662 182782.021  851   21 286348.855 182782.021  36.2%  47.1  340s
  3167  2633 180906.381  120   16 285540.893 180906.381  36.6%  91.6  370s
  1451  1019 179262.556   20  149 285988.484 179262.556  37.3%  1024  400s
   947   805 182684.656   23   67 288699.957 182684.656  36.7%  1007  355s
   988   817 180636.204   44   35 286083.583 180636.204  36.9%  1264  320s
   802   665 182684.656   41   80 202923.394 182684.656  10.0%  1104  325s
  1241   943 179709.872   35   45 287675.983 179709.872  37.5%   978  375s
  1076   770 180906.381   37   59 287976.039 180906.381  37.2%  1188  345s
  1462  1069 180636.204   39   25 286008.234 180636.204  36.8%   909  380s
  1543  1125 182149.608   81   47 287475.054 182149.608  36.6%   158  360s
  1453  1020 188419.733   33  133 287252.979 180311.763  37.2%   983  390s
  2804  2270 181819.845  129   10 287269.724 181819.845  36.7%   267  350s
  1685  1196 180578.842   54   21 284419.144 180578.842  36.5%   824  400s
  1815  1282 180090.330   42   69 286234.100 179111.514  37.4%   751  385s
  1398  1079 183192.693   37  274 285003.771 180918.517  36.5%  1062  395s
  1225   701 180651.489   36   43 286546.820 180651.489  37.0%   807  370s
  1271   837 180600.101   42   57 286691.443 180600.101  37.0%   660  330s
H 1212   927                    285247.77102 178197.660  37.5%  1044  383s
  1365   920 184418.675   34  129 286006.120 181819.845  36.4%   691  335s
  2161  1629 179709.872  256   11 286383.996 179709.872  37.2%   284  340s
H 1212   903                    285239.29467 178197.660  37.5%  1044  384s
  1532  1195 179367.392   47   51 266312.648 179367.372  32.6%   998  400s
  1792  1315 178498.327   73   33 264754.794 178498.327  32.6%   116  405s
  2914  2261 180050.548  135   12 283314.636 180050.548  36.4%   164  390s
  2802  2270 182782.021  174   16 287998.194 182782.021  36.5%  59.3  315s
  2890  2357 180927.318  244   25 290800.519 180927.318  37.8%  65.6  395s
  3768  3236 180651.489   38   10 288202.259 180651.489  37.3%  40.7  310s
  3049  2517 179412.938 1267   13 287574.947 179412.938  37.6%  34.2  365s
  1903  1364 180503.193   40   45 288423.517 180503.193  37.4%   809  380s
  4273  3738 182782.021  889   17 286348.855 182782.021  36.2%  46.8  345s
H 1082   751                    286733.56247 180906.381  36.9%  1186  349s
  1473  1034 179262.556   24  102 285988.484 179262.556  37.3%  1023  405s
  3236  2702 180906.381  119   11 285540.893 180906.381  36.6%  90.5  375s
   817   673 182684.656   41   60 202923.394 182684.656  10.0%  1106  330s
H 1212   880                    285230.81833 178197.660  37.5%  1044  387s
  1499  1094 180764.070   31   92 286008.234 180636.204  36.8%   907  385s
  2745  2211 181994.115   38   25 286823.602 181994.115  36.5%   144  370s
  1606  1122 179160.140   28   78 284920.129 179160.084  37.1%   825  401s
  1568  1142 182149.608   83   49 287475.054 182149.608  36.6%   156  365s
H 1262   930                    287672.09904 179709.872  37.5%   972  380s
  2932  2398 181819.845  117    8 287269.724 181819.845  36.7%   257  355s
  1709  1212 180578.842   47   36 284419.144 180578.842  36.5%   827  405s
  1841  1308 179111.514   40   56 286234.100 179111.514  37.4%   759  390s
   927   765 181531.508   45  116 288957.366 181528.569  37.2%  1107  357s
  1413  1089 181386.404   37  189 285003.771 180918.517  36.5%  1070  400s
  1245   715 180662.098   39   91 286546.820 180651.489  37.0%   810  375s
   923   690 182149.608   41   46 287648.431 182149.608  36.7%   953  323s
H 1262   907                    286743.10135 179709.872  37.3%   972  381s
   951   808 182684.656   26  161 288699.957 182684.656  36.7%  1009  362s
  1317   868 180600.101   32   18 286691.443 180600.101  37.0%   652  335s
H 2831  2297                    287955.91209 182782.021  36.5%  59.1  318s
H 1373   904                    286002.35946 181819.845  36.4%   697  339s
  2240  1708 179709.872  254   28 286383.996 179709.872  37.2%   278  345s
H 1212   858                    285206.06879 178197.660  37.5%  1044  389s
  1552  1208 179490.130   41   99 266312.648 179367.372  32.6%  1001  405s
  1817  1332 178498.327   83   44 264754.794 178498.327  32.6%   115  410s
H 1212   837                    285175.21537 178197.660  37.5%  1044  390s
  1004   828 180638.769   48   44 286083.583 180636.204  36.9%  1270  328s
  1935  1396 180503.193   33   37 288423.517 180503.193  37.4%   810  385s
  2963  2310 180050.548  142   12 283314.636 180050.548  36.4%   161  395s
  2849  2317 182782.021  103   28 287955.912 182782.021  36.5%  59.0  320s
  2928  2395 180927.318  263   15 290800.519 180927.318  37.8%  65.0  400s
   928   693 182149.608   42   77 287648.431 182149.608  36.7%   954  325s
  3104  2572 179412.938  399   26 287574.947 179412.938  37.6%  33.8  370s
  3801  3269 180651.489   35   10 288202.259 180651.489  37.3%  40.4  315s
  4369  3834 182782.021  937   17 286348.855 182782.021  36.2%  46.7  350s
  3290  2756 180906.381  125   13 285540.893 180906.381  36.6%  89.7  380s
   939   773 181528.569   49   33 288957.366 181528.569  37.2%  1104  360s
  1082   753 180906.381   30   60 286733.562 180906.381  36.9%  1186  354s
  1499  1051 179262.556   17  127 285988.484 179262.556  37.3%  1021  410s
   836   679 182684.656   34   46 202923.394 182684.656  10.0%  1107  335s
  1622  1133 179160.084   28   67 284920.129 179160.084  37.1%   831  405s
  1010   832 180636.276   49   80 286083.583 180636.204  36.9%  1273  330s
   963   816 182684.656   31   90 288699.957 182684.656  36.7%  1007  365s
  1283   922 179709.872   38   34 286743.101 179709.872  37.3%   969  385s
  2779  2245 181994.115   40   28 286823.602 181994.115  36.5%   147  375s
  1087   756 180906.381   31   41 286733.562 180906.381  36.9%  1184  355s
  1531  1114 180636.204   44   67 286008.234 180636.204  36.8%   897  390s
  1734  1229 180578.842   44   34 284419.144 180578.842  36.5%   831  410s
  3010  2476 181819.845  108    8 287269.724 181819.845  36.7%   251  360s
  1864  1331 179111.514   29   72 286234.100 179111.514  37.4%   766  395s
  1268   734 180651.489   42   56 286546.820 180651.489  37.0%   814  380s
  1426  1097 182355.786   39  251 285003.771 180918.517  36.5%  1070  405s
H 1288   901                    286668.34684 179709.872  37.3%   966  387s
  2321  1789 179709.872  229   28 286383.996 179709.872  37.2%   273  350s
  1346   884 180600.101   41   49 286691.443 180600.101  37.0%   651  340s
  1373   906 185998.372   39  161 286002.359 181819.845  36.4%   699  345s
H 1472  1010                    287252.97937 180311.763  37.2%   984  401s
  1840  1347 178498.327   97   36 264754.794 178498.327  32.6%   116  415s
  1226   848 178197.660   18   72 285175.215 178197.660  37.5%  1045  395s
  1973  1434 180684.144   30  101 288423.517 180503.193  37.4%   811  390s
  3008  2355 180050.548  148   12 283314.636 180050.548  36.4%   160  400s
  2965  2432 180927.318  237   33 290800.519 180927.318  37.8%  64.9  405s
   946   705 183261.792   49  199 287648.431 182149.608  36.7%   953  330s
   952   778 181528.569   42   22 288957.366 181528.569  37.2%  1117  365s
  4456  3921 182782.021  607   23 286348.855 182782.021  36.2%  46.7  355s
  3347  2813 180906.381  126   16 285540.893 180906.381  36.6%  89.0  385s
  3160  2628 179412.938  427   18 287574.947 179412.938  37.6%  33.5  375s
  1526  1069 179290.508   21   82 285988.484 179262.556  37.3%  1016  415s
  2910  2378 182782.021  228   16 287955.912 182782.021  36.5%  58.8  326s
   977   825 182737.573   43   83 288699.957 182684.656  36.7%  1012  370s
H 1288   880                    286603.05959 179709.872  37.3%   966  389s
   846   682 182684.656   31   78 202923.394 182684.656  10.0%  1121  340s
  1647  1150 179160.084   30   30 284920.129 179160.084  37.1%   833  410s
  1288   882 180244.421   39   44 286603.060 179709.872  37.3%   967  390s
  2831  2297 181994.115   30   34 286823.602 181994.115  36.5%   150  380s
  1563  1136 180636.204   45   47 286008.234 180636.204  36.8%   887  395s
  1571  1144 182149.608   88   50 287475.054 182149.608  36.6%   157  374s
  1572  1145 182149.608   87   28 287475.054 182149.608  36.6%   157  375s
  3102  2568 181819.845   88    8 287269.724 181819.845  36.7%   245  365s
  1890  1357 179767.948   32   91 286234.100 179111.514  37.4%   772  400s
  1759  1245 180578.842   34   40 284419.144 180578.842  36.5%   832  415s
  1290   754 180651.489   45   65 286546.820 180651.489  37.0%   816  385s
  1372   900 180600.101   44   41 286691.443 180600.101  37.0%   654  345s
  1389   917 181819.845   37   62 286002.359 181819.845  36.4%   706  350s
H 1292   754                    286543.86765 180651.489  37.0%   815  386s
H 1238   835                    285172.75842 178197.660  37.5%  1043  399s
  1858  1359 178498.327  106   38 264754.794 178498.327  32.6%   114  420s
  2012  1473 181073.229   33   72 288423.517 180503.193  37.4%   809  395s
  3047  2394 180050.548  150   12 283314.636 180050.548  36.4%   158  405s
  2952  2420 182782.021  102   20 287955.912 182782.021  36.5%  58.6  330s
  3009  2476 180927.318  259   39 290800.519 180927.318  37.8%  64.2  410s
   962   716 182149.608   30   71 287648.431 182149.608  36.7%   961  335s
  4549  4014 182782.021 1027   17 286348.855 182782.021  36.2%  46.2  360s
  3411  2877 180906.381  116   14 285540.893 180906.381  36.6%  88.0  390s
   969   790 181528.569   44   75 288957.366 181528.569  37.2%  1117  370s
  3207  2675 179412.938  185   18 287574.947 179412.938  37.6%  34.3  380s
  1030   845 180636.204   43   57 286083.583 180636.204  36.9%  1274  339s
  1542  1080 179262.556   21   95 285988.484 179262.556  37.3%  1015  420s
H 1314   878                    286599.17537 179709.872  37.3%   970  394s
  1033   847 180802.473   44   56 286083.583 180636.204  36.9%  1275  340s
  1671  1166 183980.868   32  137 284920.129 179160.084  37.1%   835  415s
  1108   770 180906.381   41   54 286733.562 180906.381  36.9%  1179  364s
  2876  2342 181994.115   39   31 286823.602 181994.115  36.5%   153  385s
  1439  1106 186105.707   36  220 285003.771 180918.517  36.5%  1078  413s
  1110   772 180906.381   38   52 286733.562 180906.381  36.9%  1178  365s
   855   685 184562.836   45   85 202923.394 182684.656  10.0%  1130  345s
   994   836 182684.656   23   97 288699.957 182684.656  36.7%  1008  375s
  1617  1175 182149.608  111   26 287475.054 182149.608  36.6%   153  380s
  1238   837 178197.660   22   96 285172.758 178197.660  37.5%  1043  402s
  1786  1263 180578.842   39   57 284419.144 180578.842  36.5%   833  420s
  3209  2675 181819.845   96    8 287269.724 181819.845  36.7%   237  370s
  1912  1379 179111.514   35   43 286234.100 179111.514  37.4%   781  405s
  3814  3282 180651.489   36   10 288202.259 180651.489  37.3%  40.4  327s
  2337  1805 179709.872  216   25 286383.996 179709.872  37.2%   273  358s
  1306   769 180735.761   48  102 286543.868 180651.489  37.0%   827  390s
  1472  1012 180311.763   36   52 287252.979 180311.763  37.2%   984  410s
  1406   922 186159.097   48  126 286691.443 180600.101  37.0%   651  350s
  1408   929 181819.845   39   39 286002.359 181819.845  36.4%   712  355s
  1589  1153 180636.204   24   85 286008.234 180636.204  36.8%   889  401s
  1444  1109 182591.565   43  254 285003.771 180918.517  36.5%  1081  416s
  2348  1816 179709.872  210   38 286383.996 179709.872  37.2%   273  360s
  1584  1230 179442.952   35  122 266312.648 179367.372  32.6%   996  419s
  1585  1230 179367.372   22   86 266312.648 179367.372  32.6%   996  420s
  1880  1374 178498.327  117   30 264754.794 178498.327  32.6%   113  425s
  1245   842 179204.795   24  133 285172.758 178197.660  37.5%  1043  405s
  2051  1512 180503.193   32   43 288423.517 180503.193  37.4%   806  400s
  3049  2516 180927.318  279   24 290800.519 180927.318  37.8%  64.0  415s
  1314   880 180227.806   29   49 286599.175 179709.872  37.3%   971  398s
  3844  3312 180651.489   44   10 288202.259 180651.489  37.3%  40.3  330s
   975   725 182149.608   28   36 287648.431 182149.608  36.7%   957  340s
   987   801 181839.811   45  162 288957.366 181528.569  37.2%  1118  375s
  3258  2726 179412.938 1372   18 287574.947 179412.938  37.6%  33.9  385s
  4619  4084 182782.021   49   22 286348.855 182782.021  36.2%  45.8  365s
  3457  2923 180906.381  122   13 285540.893 180906.381  36.6%  87.3  395s
  1690  1178 179160.084   29  104 284920.129 179160.084  37.1%   839  420s
  1004   843 182684.656   28   90 288699.957 182684.656  36.7%  1010  380s
   868   692 182798.065   36  107 202923.394 182684.656  10.0%  1134  350s
  2914  2380 181994.115   40   32 286823.602 181994.115  36.5%   156  390s
  1064   867 180636.204   51   40 286083.583 180636.204  36.9%  1263  345s
  1324   886 179709.872   28   52 286599.175 179709.872  37.3%   969  400s
  3101  2448 180052.487  157   30 283314.636 180050.548  36.4%   156  411s
  2958  2426 182782.021  105   24 287955.912 182782.021  36.5%  58.6  337s
  1664  1206 182149.608   79   39 287475.054 182149.608  36.6%   151  385s
  1488  1023 188149.666   39  143 287252.979 180311.763  37.2%   987  415s
  1819  1285 180578.842   38   39 284419.144 180578.842  36.5%   830  425s
  3337  2803 181819.845  111    8 287269.724 181819.845  36.7%   230  375s
  1939  1406 179111.514   38   46 286234.100 179111.514  37.4%   787  410s
  1460  1120 186555.914   35  186 285003.771 180918.517  36.5%  1088  420s
  1324   787 180779.840   45   96 286543.868 180651.489  37.0%   846  395s
H 1134   766                    286593.19848 180906.381  36.9%  1172  372s
  1430   944 181819.845   37   47 286002.359 181819.845  36.4%   717  360s
  2405  1873 179709.872  212   24 286383.996 179709.872  37.2%   271  365s
  1573  1100 179515.221   24  172 285988.484 179262.556  37.3%  1008  428s
  1612  1248 179367.458   28  102 266312.648 179367.372  32.6%   995  425s
H 1134   748                    286295.77956 180906.381  36.8%  1172  372s
H 1134   730                    286168.56459 180906.381  36.8%  1172  373s
  1407   923 180600.101   48   50 286691.443 180600.101  37.0%   652  356s
  1887  1379 178498.327   63   36 264754.794 178498.327  32.6%   113  430s
  2085  1546 180968.171   36   72 288423.517 180503.193  37.4%   808  405s
  3139  2486 180052.477  161   30 283314.636 180050.548  36.4%   154  415s
  2985  2453 182782.021  171   18 287955.912 182782.021  36.5%  58.5  340s
  3087  2554 180927.318  298   32 290800.519 180927.318  37.8%  63.5  420s
   991   735 182149.608   29  136 287648.431 182149.608  36.7%   954  345s
  1265   855 178581.815   27  128 285172.758 178197.660  37.5%  1040  410s
  3911  3379 180651.489   53   10 288202.259 180651.489  37.3%  40.0  335s
  3297  2765 179412.938  230   20 287574.947 179412.938  37.6%  33.8  390s
  3516  2982 180906.381  105   11 285540.893 180906.381  36.6%  86.6  400s
  1005   812 181529.285   49   87 288957.366 181528.569  37.2%  1121  380s
  1585  1108 179275.102   21  154 285988.484 179262.556  37.3%  1010  430s
H 1839  1302                    284395.35520 180578.842  36.5%   828  428s
  1707  1190 179160.084   26  118 284920.129 179160.084  37.1%   844  425s
  1024   856 182684.656   24   89 288699.957 182684.656  36.7%  1003  385s
   886   704 182684.656   40   50 202923.394 182684.656  10.0%  1137  355s
  4695  4160 182782.021   82   26 286348.855 182782.021  36.2%  45.8  370s
  2964  2430 181994.115   68   22 286823.602 181994.115  36.5%   159  395s
H 1839  1302                    284378.36171 180578.842  36.5%   828  428s
  1082   879 180636.204   41   61 286083.583 180636.204  36.9%  1259  350s
  1710  1237 182149.608   78   44 287475.054 182149.608  36.6%   148  390s
  1518  1043 190947.615   42  132 287252.979 180311.763  37.2%   986  420s
  3424  2890 181819.845  120    8 287269.724 181819.845  36.7%   225  380s
  1845  1310 180593.823   42  104 284378.362 180578.842  36.5%   830  430s
  1488  1139 186261.379   43  220 285003.771 180918.517  36.5%  1085  425s
  1344   806 180709.074   36   68 286543.868 180651.489  37.0%   860  400s
  1427   935 180646.679   48   58 286691.443 180600.101  37.0%   656  360s
  1966  1433 179169.986   42   65 286234.100 179111.514  37.4%   794  415s
  1452   959 181830.480   41   70 286002.359 181819.845  36.4%   720  365s
  2484  1952 179709.872  258   13 286383.996 179709.872  37.2%   264  370s
H 1346   806                    286527.17151 180651.489  37.0%   859  401s
  1638  1266 179367.372   27   23 266312.648 179367.372  32.6%   996  430s
  1908  1393 178498.327  131   27 264754.794 178498.327  32.6%   112  435s
  2121  1582 180503.193   41   51 288423.517 180503.193  37.4%   808  410s
  1285   868 179219.117   30  105 285172.758 178197.660  37.5%  1041  415s
  3197  2544 180050.548  160   16 283314.636 180050.548  36.4%   152  420s
  3031  2499 182782.021  194   18 287955.912 182782.021  36.5%  58.4  345s
  3127  2594 180927.318  318   34 290800.519 180927.318  37.8%  63.0  425s
  3981  3449 180651.489   54   10 288202.259 180651.489  37.3%  39.8  340s
  3347  2815 179412.938  255   22 287574.947 179412.938  37.6%  33.5  395s
  4766  4231 182782.021  108   33 286348.855 182782.021  36.2%  45.6  375s
  3575  3041 180906.381  105   11 285540.893 180906.381  36.6%  85.9  405s
  1021   822 181568.758   40  124 288957.366 181528.569  37.2%  1132  385s
H 1029   831                    288691.87186 182684.656  36.7%  1001  389s
  1608  1124 179262.556   23  117 285988.484 179262.556  37.3%  1015  435s
   903   714 182684.656   33   23 202923.394 182684.656  10.0%  1137  360s
  1731  1206 179160.087   36  107 284920.129 179160.084  37.1%   844  430s
  1104   894 180636.204   36   47 286083.583 180636.204  36.9%  1258  355s
  3006  2472 181994.115   56   20 286823.602 181994.115  36.5%   157  400s
H 1290   851                    285170.30148 178197.660  37.5%  1041  417s
H 1292   834                    285167.84453 178197.660  37.5%  1040  417s
H 1865  1328                    284330.78406 180578.842  36.5%   831  434s
  1749  1263 182149.608   76   49 287475.054 182149.608  36.6%   147  395s
  1539  1057 183160.404   32  131 287252.979 180311.763  37.2%   989  425s
  3533  2999 181819.845  131   26 287269.724 181819.845  36.7%   219  385s
  1967  1434 179111.514   41   53 286234.100 179111.514  37.4%   794  420s
  1866  1331 185582.833   51  185 284330.784 180578.842  36.5%   834  435s
  1515  1157 181527.538   43  192 285003.771 180918.517  36.5%  1087  430s
  1369   831 180784.289   42   50 286527.172 180651.489  37.0%   861  405s
  1454   950 180600.101   48   44 286691.443 180600.101  37.0%   661  365s
  1029   833 182684.656   26  103 288691.872 182684.656  36.7%  1002  392s
H 3363  2829                    287545.27614 179412.938  37.6%  33.4  398s
  1478   976 181819.845   48   51 286002.359 181819.845  36.4%   718  370s
  2552  2020 179709.872  206   31 286383.996 179709.872  37.2%   259  375s
  1670  1287 179382.911   34   86 266312.648 179367.372  32.6%   988  435s
  1303   843 178197.660   32  122 285167.845 178197.660  37.5%  1039  420s
  1926  1405 178498.327  140   23 264754.794 178498.327  32.6%   111  440s
  3170  2637 180927.318  384   17 290800.519 180927.318  37.8%  62.4  430s
  3236  2583 180050.548  165   12 283314.636 180050.548  36.4%   151  425s
  1340   897 179709.872   30   71 286599.175 179709.872  37.3%   968  413s
  3088  2556 182782.021  170   20 287955.912 182782.021  36.5%  58.0  350s
  4055  3523 180651.489   65   12 288202.259 180651.489  37.3%  39.7  345s
  3382  2850 179412.938 1434   14 287545.276 179412.938  37.6%  33.3  400s
  1041   836 181529.851   46   73 288957.366 181528.569  37.2%  1120  390s
  3634  3100 180906.381  116   11 285540.893 180906.381  36.6%  85.1  410s
  1598  1159 180636.204   23   72 286008.234 180636.204  36.8%   891  418s
  1001   742 182149.608   29  117 287648.431 182149.608  36.7%   953  355s
  1134   732 182251.285   42  135 286168.565 180906.381  36.8%  1173  384s
   919   723 182684.656   29   72 202923.394 182684.656  10.0%  1129  365s
  1038   839 185551.378   30  123 288691.872 182684.656  36.7%  1000  395s
  1636  1142 179262.556   23  112 285988.484 179262.556  37.3%  1015  440s
  4777  4242 182782.021  123   23 286348.855 182782.021  36.2%  45.6  380s
  3076  2542 181994.115   84   12 286823.602 181994.115  36.5%   154  405s
  2123  1584 180503.193   32   34 288423.517 180503.193  37.4%   807  416s
  1140   736 180906.381   42   34 286168.565 180906.381  36.8%  1168  385s
  1344   900 179815.544   30   76 286599.175 179709.872  37.3%   969  415s
  1748  1217 179160.141   39   95 284920.129 179160.084  37.1%   847  435s
H 1040   807                    202386.66634 182684.656  9.73%   998  395s
  1610  1167 180636.204   25   18 286008.234 180636.204  36.8%   890  420s
  3649  3115 181819.845  141   22 287269.724 181819.845  36.7%   213  390s
  1775  1280 182149.608   80   54 287475.054 182149.608  36.6%   146  400s
  1571  1078 180311.763   30   37 287252.979 180311.763  37.2%   983  430s
  1891  1356 180578.842   45   35 284330.784 180578.842  36.5%   835  440s
  1533  1169 186292.691   46  196 285003.771 180918.517  36.5%  1096  435s
  1400   861 180651.489   36   51 286527.172 180651.489  37.0%   862  410s
  1484   968 180600.101   47   64 286691.443 180600.101  37.0%   665  370s
  1993  1460 179199.378   45   80 286234.100 179111.514  37.4%   802  425s
  1499   990 181819.845   41   40 286002.359 181819.845  36.4%   725  375s
H 1316   833                    285008.56681 178197.660  37.5%  1037  424s
  2624  2092 179709.872  301   12 286383.996 179709.872  37.2%   254  380s
  1697  1305 179367.372   52   42 266312.648 179367.372  32.6%   986  440s
  1942  1415 178498.327  148   31 264754.794 178498.327  32.6%   110  445s
  2150  1611 180511.576   37   58 288423.517 180503.193  37.4%   804  420s
  3287  2634 180050.548  184   12 283314.636 180050.548  36.4%   148  430s
  3136  2604 182782.021  194   22 287955.912 182782.021  36.5%  57.6  355s
  3210  2677 180927.318  404   23 290800.519 180927.318  37.8%  61.7  435s
  1108   896 180636.204   37   54 286083.583 180636.204  36.9%  1257  363s
  1010   748 182149.608   27  101 287648.431 182149.608  36.7%   957  360s
  3426  2894 179412.938 1456   14 287545.276 179412.938  37.6%  33.2  405s
  4125  3593 180651.489   72   12 288202.259 180651.489  37.3%  39.6  350s
H 1157   653                    202506.60717 180906.381  10.7%  1172  388s
  4840  4305 182782.021  145   31 286348.855 182782.021  36.2%  45.2  385s
  1057   846 181530.685   49  105 288957.366 181528.569  37.2%  1120  395s
  3695  3161 180906.381  122   11 285540.893 180906.381  36.6%  84.5  415s
  1651  1152 179262.556   32   64 285988.484 179262.556  37.3%  1016  445s
  1316   835 178641.402   35   98 285008.567 178197.660  37.5%  1039  426s
  1113   900 180636.204   30   70 286083.583 180636.204  36.9%  1257  365s
  1761  1227 179160.084   40   39 284920.129 179160.084  37.1%   849  440s
  3151  2617 181994.115   88   12 286823.602 181994.115  36.5%   151  410s
  1372   917 179710.192   30   66 286599.175 179709.872  37.3%   968  420s
  1639  1186 180636.204   28   45 286008.234 180636.204  36.8%   893  425s
  1803  1299 182149.608   75   42 287475.054 182149.608  36.6%   146  405s
  1922  1387 180578.842   49   34 284330.784 180578.842  36.5%   830  445s
  1590  1091 182831.852   37  156 287252.979 180311.763  37.2%   986  435s
  2011  1478 179375.594   47  106 286234.100 179111.514  37.4%   812  430s
  1430   891 180651.489   34   56 286527.172 180651.489  37.0%   858  415s
   933   730 182684.656   26   49 202923.394 182684.656  10.0%  1127  372s
  3749  3215 181819.845  130    8 287269.724 181819.845  36.7%   209  395s
  1055   818 184778.898   38  124 202386.666 182684.656  9.73%   993  402s
  1522  1005 181819.845   35   51 286002.359 181819.845  36.4%   728  380s
  2705  2173 179709.872  326   11 286383.996 179709.872  37.2%   249  385s
  1728  1326 179367.372   51   53 266312.648 179367.372  32.6%   984  445s
H 3180  2646                    287917.20852 182782.021  36.5%  57.0  359s
H 4179  3645                    287699.07514 180651.489  37.2%  39.5  354s
  1955  1424 178498.327   97   29 264754.794 178498.327  32.6%   110  450s
  2185  1646 180503.193   34   29 288423.517 180503.193  37.4%   805  425s
  1330   844 178351.469   38  167 285008.567 178197.660  37.5%  1042  430s
  3184  2652 182782.021  218   24 287917.209 182782.021  36.5%  56.9  360s
  3254  2721 180927.318  426   25 290800.519 180927.318  37.8%  60.9  440s
  1024   757 182149.608   45   46 287648.431 182149.608  36.7%   957  365s
  1074   858 181528.569   36  110 288957.366 181528.569  37.2%  1118  400s
  4908  4373 182782.021  179   20 286348.855 182782.021  36.2%  45.3  390s
  1508   983 180600.101   46   66 286691.443 180600.101  37.0%   669  377s
  3477  2945 179412.938  320   16 287545.276 179412.938  37.6%  33.1  410s
  3749  3215 180906.381  121   11 285540.893 180906.381  36.6%  84.3  420s
   942   733 infeasible   34      202923.394 182684.656  10.0%  1132  375s
  1067   821 183309.165   34  141 202386.666 182684.656  9.73%   992  405s
  1665  1162 179308.467   30  122 285988.484 179262.556  37.3%  1017  450s
  1138   916 180636.204   38   63 286083.583 180636.204  36.9%  1249  370s
  3201  2667 181994.115   93   12 286823.602 181994.115  36.5%   151  415s
  4179  3647 180651.489   78   12 287699.075 180651.489  37.2%  39.5  356s
  1398   935 179762.146   29  107 286599.175 179709.872  37.3%   971  425s
  1669  1206 180636.204   29   37 286008.234 180636.204  36.8%   889  430s
  3856  3322 181819.845  130   10 287269.724 181819.845  36.7%   204  400s
  1618  1109 180311.763   28   89 287252.979 180311.763  37.2%   984  440s
  1825  1313 182149.608   80   58 287475.054 182149.608  36.6%   148  410s
  2032  1499 179195.513   42  135 286234.100 179111.514  37.4%   822  435s
  1950  1415 185153.554   54  230 284330.784 180578.842  36.5%   828  450s
  1457   916 186176.435   40  175 286527.172 180651.489  37.0%   859  420s
  1528   996 180664.913   47   51 286691.443 180600.101  37.0%   667  380s
  1778  1244 179160.084   42   43 284920.129 179160.084  37.1%   851  447s
  2762  2230 179709.872  339   11 286383.996 179709.872  37.2%   248  390s
H 1549  1151                    284726.73758 180918.517  36.5%  1100  446s
  1760  1347 179970.412   32   67 266312.648 179367.372  32.6%   979  450s
  1161   656 180906.381   42   28 202506.607 180906.381  10.7%  1174  398s
  2230  1691 180981.080   33   81 288423.517 180503.193  37.4%   801  430s
  1971  1437 178498.327  105   19 264754.794 178498.327  32.6%   109  455s
  3293  2760 180927.318  401   26 290800.519 180927.318  37.8%  60.3  445s
  4230  3698 180651.489   84   10 287699.075 180651.489  37.2%  39.6  360s
  1038   767 182149.608   16  132 287648.431 182149.608  36.7%   958  370s
  3522  2990 179412.938 1504   16 287545.276 179412.938  37.6%  32.7  415s
  1346   855 178279.802   28  165 285008.567 178197.660  37.5%  1042  435s
  3803  3269 180906.381  111   15 285540.893 180906.381  36.6%  83.7  425s
  3234  2702 182782.021  243   24 287917.209 182782.021  36.5%  56.5  365s
  4965  4430 182782.021  217   15 286348.855 182782.021  36.2%  45.1  395s
  1674  1168 179265.832   31  129 285988.484 179262.556  37.3%  1016  455s
H 1347   838                    284845.48095 178197.660  37.4%  1042  436s
  1083   864 181528.569   15   87 288957.366 181528.569  37.2%  1117  406s
   957   741 182684.656   30   70 202923.394 182684.656  10.0%  1131  380s
  1789  1255 179160.364   39   70 284920.129 179160.084  37.1%   855  450s
  3252  2718 181994.115  117   12 286823.602 181994.115  36.5%   150  420s
  1174   660 180906.381   42   34 202506.607 180906.381  10.7%  1167  400s
  1081   829 183843.209   34  123 202386.666 182684.656  9.73%   988  410s
H 1546   987                    286691.43424 180600.101  37.0%   670  383s
H 1347   823                    284842.65963 178197.660  37.4%  1042  437s
H 1415   926                    286524.42086 179709.872  37.3%   971  430s
H 1483   939                    286524.74498 180651.489  37.0%   855  424s
  1849  1329 182149.608   75   52 287475.054 182149.608  36.6%   147  415s
  1649  1130 180311.763   30   92 287252.979 180311.763  37.2%   977  445s
  3941  3407 181819.845  131   10 287269.724 181819.845  36.7%   201  405s
  1551  1155 186117.068   42  217 284726.738 180918.517  36.5%  1103  450s
  1555   995 180600.101   55   60 286691.434 180600.101  37.0%   667  385s
H 3254  2720                    286746.88775 182782.021  36.3%  56.1  369s
  2852  2320 179709.872  350   11 286383.996 179709.872  37.2%   242  395s
  1160   931 180636.204   30   26 286083.583 180636.204  36.9%  1240  377s
  1787  1365 179367.372   35   47 266312.648 179367.372  32.6%   979  455s
H 1483   939                    286010.94632 180651.489  36.8%   855  426s
  1969  1434 183636.328   57  105 284330.784 180578.842  36.5%   831  456s
  2270  1731 180503.193   30   31 288423.517 180503.193  37.4%   800  435s
  1981  1447 178498.327  110   19 264754.794 178498.327  32.6%   109  460s
  1354   829 178197.660   25  116 284842.660 178197.660  37.4%  1043  440s
  3339  2806 180927.318  424   22 290800.519 180927.318  37.8%  59.5  450s
  3344  2691 180050.548  198   12 283314.636 180050.548  36.4%   146  445s
  1050   775 182149.608   18   80 287648.431 182149.608  36.7%   958  375s
  1100   875 181613.667   18  160 288957.366 181528.569  37.2%  1111  410s
  1697  1225 180636.204   35   47 286008.234 180636.204  36.8%   892  438s
  3568  3036 179412.938 1527   14 287545.276 179412.938  37.6%  32.5  420s
  5035  4500 182782.021  252   19 286348.855 182782.021  36.2%  44.6  400s
  3870  3336 180906.381  118   11 285540.893 180906.381  36.6%  82.9  430s
  4287  3755 180651.489   90   10 287699.075 180651.489  37.2%  39.6  365s
  1696  1182 179277.876   35   75 285988.484 179262.556  37.3%  1016  460s
  1808  1274 179160.091   42   88 284920.129 179160.084  37.1%   858  455s
   971   750 182684.656   33   32 202923.394 182684.656  10.0%  1127  385s
  1171   938 180636.204   30   64 286083.583 180636.204  36.9%  1242  380s
  1100   840 183385.251   33  210 202386.666 182684.656  9.73%   984  415s
  3310  2776 181994.115  121   14 286823.602 181994.115  36.5%   149  425s
  1200   664 180906.381   44   24 202506.607 180906.381  10.7%  1174  405s
  1713  1236 180956.254   37   85 286008.234 180636.204  36.8%   892  440s
H 1697  1161                    285892.14734 179262.556  37.3%  1015  461s
  1874  1346 182149.608   69   56 287475.054 182149.608  36.6%   145  420s
  4034  3500 181819.845  132   10 287269.724 181819.845  36.7%   198  410s
  1674  1147 180311.763   26   82 287252.979 180311.763  37.2%   972  450s
  1988  1453 180578.842   58   48 284330.784 180578.842  36.5%   830  460s
  1425   935 179709.872   27   64 286524.421 179709.872  37.3%   970  436s
  1572  1169 180918.517   26   60 284726.738 180918.517  36.5%  1106  455s
  1490   947 186608.698   42  112 286010.946 180651.489  36.8%   857  430s
  1529  1010 182612.707   36  122 286002.359 181819.845  36.4%   732  394s
  1531  1011 187599.501   36  123 286002.359 181819.845  36.4%   735  395s
  1589  1020 180600.101   55   63 286691.434 180600.101  37.0%   664  390s
  2934  2402 179709.872  359   10 286383.996 179709.872  37.2%   236  400s
  1819  1386 180062.078   62   89 266312.648 179367.372  32.6%   975  460s
  1991  1457 178498.327  115   31 264754.794 178498.327  32.6%   108  465s
  2303  1764 180511.312   31   87 288423.517 180503.193  37.4%   808  440s
  1370   840 178197.660   18  155 284842.660 178197.660  37.4%  1048  445s
  3395  2742 180050.548  209   12 283314.636 180050.548  36.4%   144  450s
  3378  2845 180927.318  488   15 290800.519 180927.318  37.8%  59.1  455s
  4341  3809 180651.489   97   12 287699.075 180651.489  37.2%  39.6  370s
  1058   780 182149.608   25  121 287648.431 182149.608  36.7%   956  380s
  5120  4585 182782.021  285   16 286348.855 182782.021  36.2%  44.5  405s
  3938  3404 180906.381  125   13 285540.893 180906.381  36.6%  82.4  435s
  1700  1166 179262.556   26  104 285892.147 179262.556  37.3%  1018  465s
  1117   850 182684.656   37   61 202386.666 182684.656  9.73%   983  420s
  1823  1289 179160.084   15   95 284920.129 179160.084  37.1%   864  460s
  1446   948 185312.254   31  160 286524.421 179709.872  37.3%   970  440s
  3612  3080 179412.938 1549   16 287545.276 179412.938  37.6%  32.3  426s
  1230   666 181272.062   36  187 202506.607 180906.381  10.7%  1184  410s
  2046  1513 179163.780   43  126 286234.100 179111.514  37.4%   829  449s
H 1376   840                    284789.56706 178197.660  37.4%  1047  447s
  1734  1250 180636.204   41   45 286008.234 180636.204  36.8%   892  445s
H 4368  3834                    287699.03164 180651.489  37.2%  39.5  372s
  3364  2830 181994.115  127   17 286823.602 181994.115  36.5%   148  430s
  3254  2722 182782.021  253   20 286746.888 182782.021  36.3%  56.1  377s
  1899  1365 182149.608   82   44 287475.054 182149.608  36.6%   145  425s
H 3613  3079                    287538.15953 179412.938  37.6%  32.3  427s
  4138  3604 181819.845  131    8 287269.724 181819.845  36.7%   194  415s
  1707  1173 180311.763   24   75 287252.979 180311.763  37.2%   965  455s
  2047  1514 179111.514   24   41 286234.100 179111.514  37.4%   829  450s
   985   760 182684.656   35   32 202923.394 182684.656  10.0%  1118  391s
  2021  1486 180578.842   53   51 284330.784 180578.842  36.5%   824  465s
  1598  1186 180918.517   26   79 284726.738 180918.517  36.5%  1104  460s
  1516   971 180690.200   47   44 286010.946 180651.489  36.8%   859  435s
  1609  1039 180603.168   44   68 286691.434 180600.101  37.0%   665  395s
  2988  2456 179709.872  373   12 286383.996 179709.872  37.2%   232  405s
  1550  1024 183919.341   39  122 286002.359 181819.845  36.4%   741  400s
  1845  1404 179367.455   39   53 266312.648 179367.372  32.6%   977  465s
H 4395  3861                    287698.98813 180651.489  37.2%  39.7  374s
  3456  2803 180050.548  171   12 283314.636 180050.548  36.4%   142  455s
  2004  1470 178498.327  179   25 264754.794 178498.327  32.6%   108  470s
  3274  2742 182782.021  263   16 286746.888 182782.021  36.3%  56.0  380s
  1075   791 182149.608   34   71 287648.431 182149.608  36.7%   951  385s
  3416  2883 180927.318  507   17 290800.519 180927.318  37.8%  58.7  460s
  4400  3868 180651.489  102   12 287698.988 180651.489  37.2%  39.7  375s
  3615  3083 179412.938  389   18 287538.160 179412.938  37.6%  32.3  430s
  5183  4648 182782.021  326   19 286348.855 182782.021  36.2%  44.1  410s
  3986  3452 180906.381  120   36 285540.893 180906.381  36.6%  81.9  440s
   999   768 182684.656   37   56 202923.394 182684.656  10.0%  1111  395s
  1376   842 178197.660   20  116 284789.567 178197.660  37.4%  1048  451s
  3405  2871 181994.115  147   17 286823.602 181994.115  36.5%   147  435s
  1476   966 180051.300   30   54 286524.421 179709.872  37.3%   971  445s
  2335  1796 180503.193   20   41 288423.517 180503.193  37.4%   811  446s
  1242   671 180906.381   28   55 202506.607 180906.381  10.7%  1194  415s
H 1535   985                    285405.19345 180651.489  36.7%   862  438s
  1769  1273 180636.204   45   23 286008.234 180636.204  36.8%   890  450s
  1109   881 181528.569   24   87 288957.366 181528.569  37.2%  1114  421s
  1925  1391 182149.608   73   43 287475.054 182149.608  36.6%   145  430s
H 1561   805                    202295.88162 181819.845  10.1%   745  403s
  2049  1514 180578.842   57   27 284330.784 180578.842  36.5%   819  470s
  4235  3701 181819.845  124    8 287269.724 181819.845  36.7%   192  420s
  1734  1200 180311.763   21   33 287252.979 180311.763  37.2%   964  460s
  2077  1544 179767.963   30  106 286234.100 179111.514  37.4%   829  455s
  1622  1202 180918.517   20   77 284726.738 180918.517  36.5%  1100  465s
  1651  1080 180600.101   45   47 286691.434 180600.101  37.0%   656  400s
  1535   986 185426.667   39  138 285405.193 180651.489  36.7%   865  440s
  1718  1184 179315.780   36   79 285892.147 179262.556  37.3%  1017  472s
  1133   861 182684.656   45   67 202386.666 182684.656  9.73%   982  427s
  1568   812 181819.845   38   33 202295.882 181819.845  10.1%   748  405s
  3068  2536 179709.872  380    9 286383.996 179709.872  37.2%   227  410s
  1866  1418 179367.372   37   65 266312.648 179367.372  32.6%   980  470s
  2014  1480 178498.327  184   25 264754.794 178498.327  32.6%   107  475s
  1391   857 178197.904   20  108 284789.567 178197.660  37.4%  1046  455s
  1186   948 180636.204   31   40 286083.583 180636.204  36.9%  1235  393s
  2361  1822 180927.095   24  105 288423.517 180503.193  37.4%   810  450s
  3518  2865 180050.653  164   30 283314.636 180050.548  36.4%   140  460s
  3329  2797 182782.021  131   18 286746.888 182782.021  36.3%  55.5  385s
  1095   805 182149.608   37   49 287648.431 182149.608  36.7%   945  390s
  1835  1301 179309.302   16  138 284920.129 179160.084  37.1%   865  468s
H 3452  2917                    289864.72308 180927.318  37.6%  58.4  465s
  4461  3929 180651.489  110   12 287698.988 180651.489  37.2%  40.0  380s
  1121   889 181528.569   22   35 288957.366 181528.569  37.2%  1107  425s
  4051  3517 180906.381  115   12 285540.893 180906.381  36.6%  81.4  445s
  3666  3134 179412.938 1576   16 287538.160 179412.938  37.6%  32.1  435s
  5262  4727 182782.021  356   16 286348.855 182782.021  36.2%  43.9  415s
  1734  1200 179262.556   22   42 285892.147 179262.556  37.3%  1017  475s
  1840  1306 179160.084   17  113 284920.129 179160.084  37.1%   865  470s
  1141   866 182684.656   25   90 202386.666 182684.656  9.73%   985  430s
  1196   955 180636.204   33   53 286083.583 180636.204  36.9%  1230  395s
  3458  2924 181994.115  174   15 286823.602 181994.115  36.5%   145  440s
  1262   684 180906.381   24   79 202506.607 180906.381  10.7%  1187  420s
  1015   760 201312.275   38   77 202923.394 182684.656  10.0%  1107  400s
  1804  1296 180636.204   30   40 286008.234 180636.204  36.8%   893  455s
  1506   986 179709.872   31   27 286524.421 179709.872  37.3%   968  450s
  1953  1419 182149.608   67   75 287475.054 182149.608  36.6%   143  435s
  2052  1517 180578.842   58   38 284330.784 180578.842  36.5%   819  475s
  2103  1570 179788.664   36   73 286234.100 179111.514  37.4%   833  460s
  1756  1222 184749.221   23  133 287252.979 180311.763  37.2%   963  465s
  1645  1217 180920.968   28  109 284726.738 180918.517  36.5%  1098  470s
  1561  1009 180651.489   38   79 285405.193 180651.489  36.7%   866  445s
  4343  3809 181819.845  123   10 287269.724 181819.845  36.7%   188  425s
  1657  1085 181560.438   33  107 286691.434 180600.101  37.0%   659  405s
  3147  2615 179709.872  393   11 286383.996 179709.872  37.2%   222  415s
H 3478  2943                    289786.54814 180927.318  37.6%  58.2  469s
  1886  1431 179591.334   39  126 266312.648 179367.372  32.6%   983  475s
H 3478  2943                    289630.19825 180927.318  37.5%  58.2  469s
  1588   827 185133.899   34  127 202295.882 181819.845  10.1%   757  410s
  2025  1491 178498.327  132   21 264754.794 178498.327  32.6%   107  480s
  1415   881 178841.625   25  106 284789.567 178197.660  37.4%  1042  460s
  2395  1856 180503.193   27   63 288423.517 180503.193  37.4%   808  455s
  3381  2849 182782.021  157   14 286746.888 182782.021  36.3%  55.1  390s
  3483  2950 180927.318  496   38 289630.198 180927.318  37.5%  58.1  470s
  3587  2934 180052.341  176   30 283314.636 180050.548  36.4%   138  465s
  3709  3177 179412.938  436   12 287538.160 179412.938  37.6%  32.1  440s
  1135   898 181528.569   23   63 288957.366 181528.569  37.2%  1104  430s
  5332  4797 182782.021  391   16 286348.855 182782.021  36.2%  43.7  420s
  4124  3590 180906.381  108   11 285540.893 180906.381  36.6%  80.6  450s
  1762  1228 179262.556   27   73 285892.147 179262.556  37.3%  1014  480s
  1042   752 187153.941   31  147 202923.394 182684.656  10.0%  1110  405s
  4503  3971 180651.489  112   14 287698.988 180651.489  37.2%  40.3  386s
  1218   970 180636.204   55   17 286083.583 180636.204  36.9%  1232  400s
  3524  2990 181994.115  190   11 286823.602 181994.115  36.5%   143  445s
  1280   694 180906.381   26   68 202506.607 180906.381  10.7%  1180  425s
H 2128  1593                    286225.99793 179111.514  37.4%   831  464s
  1832  1315 180636.204   37   45 286008.234 180636.204  36.8%   890  460s
  1976  1442 182149.608   68   49 287475.054 182149.608  36.6%   142  440s
  2083  1548 180578.842   63   36 284330.784 180578.842  36.5%   816  480s
  4451  3917 181819.845  125   10 287269.724 181819.845  36.7%   184  430s
  1785  1251 180311.763   28   65 287252.979 180311.763  37.2%   961  470s
  2131  1598 179111.514   39   45 286225.998 179111.514  37.4%   832  465s
  1859  1325 179160.084   19   90 284920.129 179160.084  37.1%   866  476s
  1577  1022 182159.834   41  110 285405.193 180651.489  36.7%   871  450s
  1694  1122 180600.101   36   41 286691.434 180600.101  37.0%   655  410s
  1159   876 182684.656   32   77 202386.666 182684.656  9.73%   976  437s
  1669  1233 180918.517   25   83 284726.738 180918.517  36.5%  1099  475s
  1519   992 183571.191   32  126 286524.421 179709.872  37.3%   967  457s
  1611   841 181819.845   38   44 202295.882 181819.845  10.1%   760  415s
  3207  2675 179709.872  401    9 286383.996 179709.872  37.2%   219  420s
  1443   909 179003.257   31  118 284789.567 178197.660  37.4%  1033  465s
  1907  1445 179367.372   29   68 266312.648 179367.372  32.6%   982  480s
  2036  1502 178498.327  195   25 264754.794 178498.327  32.6%   106  485s
  3433  2901 182782.021  183   22 286746.888 182782.021  36.3%  54.6  395s
  3519  2986 180927.318  514   34 289630.198 180927.318  37.5%  57.6  475s
  3641  2988 180052.563  185   31 283314.636 180050.548  36.4%   136  470s
H 1581  1023                    285402.76693 180651.489  36.7%   872  452s
  1105   811 182149.608   29   86 287648.431 182149.608  36.7%   942  400s
  1155   912 181528.569   29   19 288957.366 181528.569  37.2%  1103  435s
  3741  3209 179412.938  452   14 287538.160 179412.938  37.6%  32.2  445s
  5400  4865 182782.021  425   14 286348.855 182782.021  36.2%  43.3  425s
  4557  4025 180651.489  102   10 287698.988 180651.489  37.2%  40.5  390s
  4181  3647 180906.381  125   13 285540.893 180906.381  36.6%  80.2  455s
  1787  1253 179262.556   29   51 285892.147 179262.556  37.3%  1015  485s
  1060   761 infeasible   39      202923.394 182684.656  10.0%  1108  410s
  1172   885 182684.656   24  116 202386.666 182684.656  9.73%   971  440s
  1871  1337 179160.084   21  130 284920.129 179160.084  37.1%   872  480s
  1241   985 180636.204   39   65 286083.583 180636.204  36.9%  1230  405s
  1536  1003 180171.281   30   94 286524.421 179709.872  37.3%   967  460s
  1296   704 180906.381   27   92 202506.607 180906.381  10.7%  1176  430s
  3587  3053 181994.115  195   66 286823.602 181994.115  36.5%   142  450s
  1866  1338 181299.897   31   80 286008.234 180636.204  36.8%   889  465s
  2005  1471 182149.608   65   57 287475.054 182149.608  36.6%   140  445s
  4568  4034 181819.845  124    8 287269.724 181819.845  36.7%   181  435s
H 3533  2998                    289587.91649 180927.318  37.5%  57.4  477s
  2114  1579 180578.870   59   80 284330.784 180578.842  36.5%   816  485s
H 3533  2998                    289461.07119 180927.318  37.5%  57.4  477s
  2157  1624 179111.514   44   57 286225.998 179111.514  37.4%   839  470s
  1692  1249 180918.517   30   92 284726.738 180918.517  36.5%  1098  480s
  1722  1150 180600.101   35   50 286691.434 180600.101  37.0%   651  415s
  3273  2741 179709.872  408    9 286383.996 179709.872  37.2%   215  425s
  1630   857 185359.753   43  138 202295.882 181819.845  10.1%   766  420s
  1934  1463 179367.372   54   27 266312.648 179367.372  32.6%   979  485s
  1581  1025 180651.497   41   49 285402.767 180651.489  36.7%   874  456s
  1469   935 178197.660   34   76 284789.567 178197.660  37.4%  1024  470s
  3680  3027 180050.548  212   12 283314.636 180050.548  36.4%   135  475s
  2047  1513 178498.327  143   19 264754.794 178498.327  32.6%   106  490s
  1121   822 182149.608   28  103 287648.431 182149.608  36.7%   937  405s
  3552  3019 180927.318  575   20 289461.071 180927.318  37.5%  57.7  480s
  4613  4081 180651.489  107   10 287698.988 180651.489  37.2%  40.6  395s
  3781  3249 179412.938  472   14 287538.160 179412.938  37.6%  32.1  450s
  5483  4948 182782.021  476   14 286348.855 182782.021  36.2%  43.0  430s
  3477  2945 182782.021  205   22 286746.888 182782.021  36.3%  54.2  400s
  1161   916 181528.569   28  102 288957.366 181528.569  37.2%  1110  440s
  4235  3701 180906.381  116   13 285540.893 180906.381  36.6%  79.7  460s
  1089   773 182684.676   38   38 202923.394 182684.656  10.0%  1096  415s
  1896  1362 179160.084   24   64 284920.129 179160.084  37.1%   870  485s
  1263  1000 180636.204   43   52 286083.583 180636.204  36.9%  1230  410s
  1189   896 182684.656   28   91 202386.666 182684.656  9.73%   966  445s
  1320   715 180906.381   30   65 202506.607 180906.381  10.7%  1168  435s
  1562  1018 179709.872   30   10 286524.421 179709.872  37.3%   967  465s
  1897  1360 180636.227   34   42 286008.234 180636.204  36.8%   886  470s
H 3560  3025                    289438.90923 180927.318  37.5%  57.6  482s
  2031  1497 182149.608   57   66 287475.054 182149.608  36.6%   139  450s
  1801  1267 179267.719   31   56 285892.147 179262.556  37.3%  1014  491s
  2135  1600 180578.846   62   71 284330.784 180578.842  36.5%   820  490s
  4694  4160 181819.845  115   10 287269.724 181819.845  36.7%   177  440s
  2193  1660 179111.514   47   32 286225.998 179111.514  37.4%   838  475s
  1603  1047 180651.489   42   57 285402.767 180651.489  36.7%   875  460s
  1706  1258 181613.605   31  225 284726.738 180918.517  36.5%  1100  485s
  1751  1177 180600.101   36   71 286691.434 180600.101  37.0%   646  420s
H 1483   947                    284786.74575 178197.660  37.4%  1019  474s
  1649   869 182424.456   47  140 202295.882 181819.845  10.1%   772  425s
  3617  3083 181994.115  193   62 286823.602 181994.115  36.5%   144  457s
  2055  1521 178498.327  147   23 264754.794 178498.327  32.6%   105  495s
  3734  3081 180050.548  201   12 283314.636 180050.548  36.4%   133  480s
  3570  3037 180927.318  584   22 289438.909 180927.318  37.5%  57.6  485s
  4665  4133 180651.489  106   10 287698.988 180651.489  37.2%  40.9  400s
  3291  2759 179709.872  411    9 286383.996 179709.872  37.2%   214  431s
  1186   932 181528.569   33   59 288957.366 181528.569  37.2%  1095  445s
  1131   829 182149.608   31   64 287648.431 182149.608  36.7%   934  410s
  3833  3301 179412.938  498   14 287538.160 179412.938  37.6%  31.8  455s
  5566  5031 182782.021  508   18 286348.855 182782.021  36.2%  42.5  435s
  4295  3761 180906.381  112   13 285540.893 180906.381  36.6%  79.2  465s
H 1483   947                    284781.10312 178197.660  37.4%  1019  476s
H 1936  1435                    266312.64826 179367.372  32.6%   979  491s
  2399  1860 180503.193   27   59 288423.517 180503.193  37.4%   807  471s
  1817  1283 179264.110   34  137 285892.147 179262.556  37.3%  1018  495s
  1206   908 182684.656   45   57 202386.666 182684.656  9.73%   962  450s
  3531  2999 182782.021  232   20 286746.888 182782.021  36.3%  54.1  406s
  1908  1374 179160.153   25   76 284920.129 179160.084  37.1%   872  490s
  1280  1011 180637.842   46   69 286083.583 180636.204  36.9%  1235  415s
  1093   776 182702.470   41   68 202923.394 182684.656  10.0%  1094  420s
  3638  3104 181994.115  194   35 286823.602 181994.115  36.5%   146  460s
  1600  1049 180339.823   20   87 286524.421 179709.872  37.3%   962  470s
  1806  1272 184749.221   30  151 287252.979 180311.763  37.2%   959  484s
  1344   731 180915.775   34   90 202506.607 180906.381  10.7%  1162  440s
  1931  1394 180636.204   31   67 286008.234 180636.204  36.8%   890  475s
H 1187   905                    288803.01816 181528.569  37.1%  1094  447s
  2057  1523 182149.608   63   61 287475.054 182149.608  36.6%   138  455s
  4808  4274 181819.845  108   11 287269.724 181819.845  36.7%   173  445s
  2218  1685 179115.291   51   71 286225.998 179111.514  37.4%   838  480s
  1810  1276 180311.763   31   37 287252.979 180311.763  37.2%   960  485s
  1725  1271 180918.517   34   72 284726.738 180918.517  36.5%  1104  490s
  1629  1073 180651.489   39   74 285402.767 180651.489  36.7%   876  465s
H 1187   881                    288671.93260 181528.569  37.1%  1094  448s
H 1187   858                    288667.65537 181528.569  37.1%  1094  448s
  3338  2806 179709.872  415    9 286383.996 179709.872  37.2%   211  435s
  2068  1534 178498.327  211   31 264754.794 178498.327  32.6%   105  500s
  1492   958 179095.905   35   85 284781.103 178197.660  37.4%  1017  480s
  1669   880 181876.802   35  168 202295.882 181819.845  10.1%   779  431s
  3799  3146 180050.705  156   31 283314.636 180050.548  36.4%   131  485s
  3596  3063 180927.318  597   17 289438.909 180927.318  37.5%  57.4  490s
  2426  1887 180738.252   31   97 288423.517 180503.193  37.4%   808  475s
  1148   840 182149.608   37   66 287648.431 182149.608  36.7%   931  415s
  4733  4201 180651.489   97   10 287698.988 180651.489  37.2%  41.0  405s
  3887  3355 179412.938  525   16 287538.160 179412.938  37.6%  31.8  460s
  1187   860 181528.569   32   41 288667.655 181528.569  37.1%  1094  450s
  3585  3053 182782.021   85   18 286746.888 182782.021  36.3%  53.8  410s
  4361  3827 180906.381  123   11 285540.893 180906.381  36.6%  78.7  470s
  5644  5109 182782.021  547   22 286348.855 182782.021  36.2%  42.1  440s
  1848  1314 179394.434   32   63 285892.147 179262.556  37.3%  1015  500s
  1762  1187 181562.445   55   82 286691.434 180600.101  37.0%   647  428s
  1300  1024 180689.624   35   47 286083.583 180636.204  36.9%  1240  420s
  1932  1398 190515.700   32  212 284920.129 179160.084  37.1%   879  495s
  3682  3148 181994.115  188   64 286823.602 181994.115  36.5%   148  465s
  1631  1080 180220.451   28   71 286524.421 179709.872  37.3%   957  475s
  1361   740 180906.381   31   37 202506.607 180906.381  10.7%  1163  445s
  2156  1621 180578.842   57   48 284330.784 180578.842  36.5%   821  499s
  2085  1551 182149.608   53   56 287475.054 182149.608  36.6%   136  460s
  1967  1430 180636.204   34   65 286008.234 180636.204  36.8%   891  480s
  2158  1623 180578.842   58   46 284330.784 180578.842  36.5%   821  500s
  1839  1305 180398.202   36  182 287252.979 180311.763  37.2%   960  490s
  2242  1709 179111.514   48   31 286225.998 179111.514  37.4%   845  485s
  1211   911 182684.656   45   78 202386.666 182684.656  9.73%   964  456s
  1647  1091 180651.489   38  121 285402.767 180651.489  36.7%   876  470s
  1936  1437 179367.372   54   61 266312.648 179367.372  32.6%   979  499s
  1778  1202 180600.101   36   75 286691.434 180600.101  37.0%   646  430s
  1685   895 181819.845   33   98 202295.882 181819.845  10.1%   781  435s
  4924  4390 181819.845   94    8 287269.724 181819.845  36.7%   170  451s
  3402  2870 179709.872  424    9 286383.996 179709.872  37.2%   208  440s
  1119   787 182684.656   41   48 202923.394 182684.656  10.0%  1081  428s
H 1157   822                    287627.32024 182149.608  36.7%   932  419s
  1939  1439 180002.819   55  154 266312.648 179367.372  32.6%   982  500s
  2456  1917 180503.193   34   74 288423.517 180503.193  37.4%   810  480s
  3849  3196 180050.548  161   14 283314.636 180050.548  36.4%   130  490s
  2084  1550 178498.327  219   29 264754.794 178498.327  32.6%   104  505s
  1508   974 178197.660   38   78 284781.103 178197.660  37.4%  1010  485s
H 1849  1313                    287150.94887 180311.763  37.2%   960  492s
  1159   825 182149.608   38   50 287627.320 182149.608  36.7%   932  420s
  4797  4265 180651.489   93   10 287698.988 180651.489  37.2%  41.0  410s
  3639  3107 182782.021  112   26 286746.888 182782.021  36.3%  53.4  415s
  3613  3080 180927.318  561   30 289438.909 180927.318  37.5%  57.4  495s
  1210   875 181715.698   38   99 288667.655 181528.569  37.1%  1093  455s
  5721  5186 182782.021  595   19 286348.855 182782.021  36.2%  42.0  445s
H 1212   853                    288642.63388 181528.569  37.1%  1091  455s
  1874  1340 179262.556   34   43 285892.147 179262.556  37.3%  1017  505s
  3936  3404 179412.938 1711   16 287538.160 179412.938  37.6%  31.5  465s
  1951  1417 179160.084   31   37 284920.129 179160.084  37.1%   884  500s
  1131   793 197573.874   44   78 202923.394 182684.656  10.0%  1079  430s
  1223   918 182728.682   47   58 202386.666 182684.656  9.73%   963  460s
  1377   746 184443.588   34   80 202506.607 180906.381  10.7%  1167  450s
  1305  1028 181234.552   37   54 286083.583 180636.204  36.9%  1242  425s
  2000  1463 180636.204   42   52 286008.234 180636.204  36.8%   885  485s
  4424  3890 180906.381  110   18 285540.893 180906.381  36.6%  78.1  476s
  3749  3215 181994.115  205   21 286823.602 181994.115  36.5%   146  470s
  2109  1575 182149.608   52   73 287475.054 182149.608  36.6%   135  465s
  1862  1328 186153.358   39  138 287150.949 180311.763  37.2%   963  495s
  2184  1649 180578.842   55   47 284330.784 180578.842  36.5%   823  505s
  5010  4476 181819.845   94    8 287269.724 181819.845  36.7%   168  455s
  2275  1742 179609.679   52   64 286225.998 179111.514  37.4%   847  490s
  1671  1115 180651.489   33   96 285402.767 180651.489  36.7%   875  475s
  1808  1232 180600.101   36   81 286691.434 180600.101  37.0%   645  435s
  1699   909 181819.845   37   76 202295.882 181819.845  10.1%   787  440s
  3460  2928 179709.872  425    9 286383.996 179709.872  37.2%   204  445s
  1965  1457 179367.372   59   60 266312.648 179367.372  32.6%   982  505s
  2099  1565 178498.327  169   29 264754.794 178498.327  32.6%   104  510s
  2490  1951 180503.193   38   61 288423.517 180503.193  37.4%   813  485s
  3911  3258 180050.548  169   12 283314.636 180050.548  36.4%   128  495s
  1533   999 178898.514   24  164 284781.103 178197.660  37.4%  1006  490s
  3686  3154 182782.021  171   16 286746.888 182782.021  36.3%  53.2  420s
  3644  3111 180927.318  621   17 289438.909 180927.318  37.5%  57.2  500s
  4865  4333 180651.489   84   10 287698.988 180651.489  37.2%  40.9  415s
  1171   833 182149.608   31   90 287627.320 182149.608  36.7%   935  425s
  3979  3447 179412.938  571   16 287538.160 179412.938  37.6%  31.4  470s
  4470  3936 180906.381  115   13 285540.893 180906.381  36.6%  77.7  480s
  1899  1365 179266.978   29   77 285892.147 179262.556  37.3%  1020  510s
  1153   798 185930.718   42   79 202923.394 182684.656  10.0%  1073  435s
  1320  1038 180636.204   41   63 286083.583 180636.204  36.9%  1249  430s
  3806  3272 181994.115  233   25 286823.602 181994.115  36.5%   145  475s
  2033  1496 181172.261   45   48 286008.234 180636.204  36.8%   881  490s
  2130  1596 182149.608   54   59 287475.054 182149.608  36.6%   138  470s
  2216  1681 181428.413   60  138 284330.784 180578.842  36.5%   821  510s
  5111  4577 181819.845   96    8 287269.724 181819.845  36.7%   165  460s
H 1213   832                    288524.12304 181528.569  37.1%  1093  462s
  1957  1423 181149.591   32  264 284920.129 179160.084  37.1%   886  506s
  2304  1771 179900.302   43   78 286225.998 179111.514  37.4%   853  495s
  1888  1354 188843.024   43  190 287150.949 180311.763  37.2%   970  500s
  1847  1270 180646.787   43   76 286691.434 180600.101  37.0%   642  440s
H 1213   812                    288499.70211 181528.569  37.1%  1093  463s
  5791  5256 182782.021  630   14 286348.855 182782.021  36.2%  42.0  452s
  1237   927 182684.656   36   59 202386.666 182684.656  9.73%   965  467s
  1722   930 181819.845   39   66 202295.882 181819.845  10.1%   787  445s
  3511  2979 179709.872  439    7 286383.996 179709.872  37.2%   202  450s
H 1213   793                    288498.12527 181528.569  37.1%  1093  463s
  1731  1275 188332.623   35  162 284726.738 180918.517  36.5%  1106  506s
  1697  1141 180651.489   32   83 285402.767 180651.489  36.7%   876  481s
H 1213   776                    288473.70434 181528.569  37.1%  1093  464s
  1992  1475 179487.343   63   67 266312.648 179367.372  32.6%   984  510s
  1556  1022 178197.660   30   64 284781.103 178197.660  37.4%  1002  495s
  2530  1991 180503.193   35   42 288423.517 180503.193  37.4%   812  490s
  2113  1579 178498.327  176   25 264754.794 178498.327  32.6%   103  515s
  3968  3315 180052.341  179   30 283314.636 180050.548  36.4%   127  500s
  3747  3215 182782.021  166   16 286746.888 182782.021  36.3%  52.7  425s
  1186   843 182149.608   36   69 287627.320 182149.608  36.7%   934  430s
  3671  3138 180927.318  590   32 289438.909 180927.318  37.5%  57.0  505s
  4926  4394 180651.489   73   16 287698.988 180651.489  37.2%  40.8  420s
  4029  3497 179412.938  596   18 287538.160 179412.938  37.6%  31.2  475s
  5826  5291 182782.021  638   20 286348.855 182782.021  36.2%  42.0  455s
  1213   778 181542.764   38   69 288473.704 181528.569  37.1%  1093  465s
  4532  3998 180906.381  122   11 285540.893 180906.381  36.6%  77.2  485s
  1249   931 182684.656   21   55 202386.666 182684.656  9.73%   962  470s
  1338  1050 181175.637   46   49 286083.583 180636.204  36.9%  1258  435s
  1967  1433 180686.816   34  295 284920.129 179160.084  37.1%   888  510s
  3880  3346 181994.115  270   24 286823.602 181994.115  36.5%   142  480s
  2053  1516 181128.076   50   45 286008.234 180636.204  36.8%   881  495s
  5235  4701 181819.845   95   10 287269.724 181819.845  36.7%   162  465s
  2250  1715 185467.909   65  120 284330.784 180578.842  36.5%   819  515s
  1920  1386 180311.763   47   51 287150.949 180311.763  37.2%   969  505s
  1746  1285 180918.517   37   74 284726.738 180918.517  36.5%  1112  510s
  2328  1795 179707.315   44  123 286225.998 179111.514  37.4%   860  500s
  1171   804 185197.391   36   79 202923.394 182684.656  10.0%  1069  441s
  2156  1622 182149.608   57   95 287475.054 182149.608  36.6%   138  475s
  1640  1089 179709.872   22   39 286524.421 179709.872  37.3%   959  491s
  1882  1305 180600.101   42   14 286691.434 180600.101  37.0%   637  445s
  1743   948 181819.845   42   28 202295.882 181819.845  10.1%   790  450s
  3549  3007 189224.953  420  210 286383.996 179709.872  37.2%   208  455s
  2012  1488 179564.388   67  155 266312.648 179367.372  32.6%   988  515s
  1710  1154 180651.489   27   69 285402.767 180651.489  36.7%   878  486s
  2127  1593 178498.327  183   21 264754.794 178498.327  32.6%   103  520s
  1563  1029 178197.660   20  128 284781.103 178197.660  37.4%  1001  500s
  3791  3259 182782.021  188   20 286746.888 182782.021  36.3%  52.5  430s
  1392   754 180906.381   32   70 202506.607 180906.381  10.7%  1167  463s
  1205   856 182149.608   20   39 287627.320 182149.608  36.7%   934  435s
  3710  3177 180927.318  654   17 289438.909 180927.318  37.5%  56.7  510s
  1234   792 181923.330   38   59 288473.704 181528.569  37.1%  1090  470s
  4019  3366 180051.895  188   30 283314.636 180050.548  36.4%   126  505s
  4591  4057 180906.381  110   14 285540.893 180906.381  36.6%  77.0  490s
  5899  5364 182782.021  684   16 286348.855 182782.021  36.2%  41.7  460s
  4989  4457 180651.489   67   10 287698.988 180651.489  37.2%  40.6  425s
  2561  2022 180503.193   37   70 288423.517 180503.193  37.4%   815  496s
  1989  1455 181355.285   35  188 284920.129 179160.084  37.1%   894  515s
  1186   812 182684.656   37   48 202923.394 182684.656  10.0%  1064  445s
  1266   942 182684.656   27   33 202386.666 182684.656  9.73%   961  475s
  1656  1104 180241.334   26   54 286524.421 179709.872  37.3%   960  495s
  1399   758 180909.084   34   73 202506.607 180906.381  10.7%  1167  465s
  2082  1545 180636.204   54   34 286008.234 180636.204  36.8%   882  500s
  2177  1643 182149.608   61   65 287475.054 182149.608  36.6%   138  480s
  2277  1742 180578.842   54   13 284330.784 180578.842  36.5%   819  520s
  1952  1418 180311.763   50   48 287150.949 180311.763  37.2%   966  510s
  5360  4826 181819.845   97    8 287269.724 181819.845  36.7%   159  470s
H 1239   777                    288467.74238 181528.569  37.1%  1087  472s
  1921  1387 179262.556   28  111 285892.147 179262.556  37.3%  1021  521s
H 3930  3394                    286800.51448 181994.115  36.5%   140  486s
  2342  1809 179769.383   42   55 286225.998 179111.514  37.4%   861  505s
  1760  1294 180918.517   37   76 284726.738 180918.517  36.5%  1112  515s
  1728  1172 180651.489   33   64 285402.767 180651.489  36.7%   878  490s
  1919  1341 180600.101   28   63 286691.434 180600.101  37.0%   635  450s
H 1239   761                    288459.37852 181528.569  37.1%  1087  473s
H 4071  3537                    286565.62207 179412.938  37.4%  30.9  483s
  3612  3070 179709.872  409   15 286383.996 179709.872  37.2%   210  460s
  2037  1505 179459.600   71   87 266312.648 179367.372  32.6%   990  520s
  1584  1050 178197.660   34   97 284781.103 178197.660  37.4%  1002  505s
  2142  1608 178498.327  248   37 264754.794 178498.327  32.6%   102  525s
  1753   955 186356.657   43   86 202295.882 181819.845  10.1%   790  456s
  3836  3304 182782.021  246   22 286746.888 182782.021  36.3%  52.1  435s
  1215   863 182149.608   23   20 287627.320 182149.608  36.7%   931  440s
  2595  2056 180503.193   41   57 288423.517 180503.193  37.4%   814  500s
  3743  3210 180927.318  626   34 289438.909 180927.318  37.5%  56.5  515s
  5060  4528 180651.489   66   10 287698.988 180651.489  37.2%  40.3  430s
  1345  1054 180636.204   41   64 286083.583 180636.204  36.9%  1263  444s
  5964  5429 182782.021  707   28 286348.855 182782.021  36.2%  41.6  465s
  4667  4133 180906.381   97   11 285540.893 180906.381  36.6%  76.4  495s
  4073  3420 180052.276  197   31 283314.636 180050.548  36.4%   124  511s
  2011  1477 179650.863   29  209 284920.129 179160.084  37.1%   902  520s
  1283   950 182778.205   29  168 202386.666 182684.656  9.73%   962  480s
  1350  1058 180636.204   49   38 286083.583 180636.204  36.9%  1263  445s
  3954  3420 181994.115   98   28 286800.514 181994.115  36.5%   140  490s
  1673  1120 180498.109   24  181 286524.421 179709.872  37.3%   964  500s
  1420   772 180908.646   38  114 202506.607 180906.381  10.7%  1161  470s
  2112  1575 181206.459   48   57 286008.234 180636.204  36.8%   886  505s
  2202  1668 182149.608   64   63 287475.054 182149.608  36.6%   138  485s
  1239   763 181528.569   39   43 288459.379 181528.569  37.1%  1087  477s
H 1197   790                    202798.53081 182684.656  9.92%  1072  451s
  1983  1445 186865.085   55  145 287150.949 180311.763  37.2%   965  515s
  5477  4943 181819.845   76    8 287269.724 181819.845  36.7%   156  475s
  2356  1823 179181.951   39   84 286225.998 179111.514  37.4%   868  510s
  2302  1767 182308.467   54  257 284330.784 180578.842  36.5%   824  525s
  1777  1305 180926.448   39   81 284726.738 180918.517  36.5%  1118  520s
  1966  1387 180600.101   46   50 286691.434 180600.101  37.0%   632  455s
  1940  1406 179559.229   30  124 285892.147 179262.556  37.3%  1022  527s
  1754  1198 180732.875   49  102 285402.767 180651.489  36.7%   879  495s
  4071  3539 179412.938  617   14 286565.622 179412.938  37.4%  30.9  488s
  1776   973 181819.845   46   68 202295.882 181819.845  10.1%   795  460s
  2060  1528 179434.735   57  113 266312.648 179367.372  32.6%   989  525s
  2152  1618 178498.327  253   29 264754.794 178498.327  32.6%   102  530s
  2636  2097 180503.193   33   64 288423.517 180503.193  37.4%   810  505s
  3666  3124 179709.872  386   22 286383.996 179709.872  37.2%   212  465s
  4127  3474 180051.440  206   30 283314.636 180050.548  36.4%   123  515s
  3876  3344 182782.021  266   18 286746.888 182782.021  36.3%  52.0  440s
  5136  4604 180651.489   61   10 287698.988 180651.489  37.2%  40.0  435s
  1252   771 181528.569   33   36 288459.379 181528.569  37.1%  1085  480s
  4089  3557 179412.938  626   12 286565.622 179412.938  37.4%  30.9  490s
  4736  4202 180906.381  103   11 285540.893 180906.381  36.6%  75.8  500s
  6044  5509 182782.021  747   27 286348.855 182782.021  36.2%  41.5  470s
  1953  1419 179290.166   32  148 285892.147 179262.556  37.3%  1024  530s
  2036  1502 179497.614   27  154 284920.129 179160.084  37.1%   902  525s
  1372  1072 180691.557   37   53 286083.583 180636.204  36.9%  1271  450s
  1707  1150 179709.872   26   51 286524.421 179709.872  37.3%   964  505s
  1442   785 180906.381   43   40 202506.607 180906.381  10.7%  1156  475s
  1289   953 182684.656   31   84 202386.666 182684.656  9.73%   960  485s
  2138  1601 180636.204   39   39 286008.234 180636.204  36.8%   892  510s
  3775  3242 180927.318  642   32 289438.909 180927.318  37.5%  56.2  522s
  4019  3485 181994.115  340   16 286800.514 181994.115  36.5%   138  495s
  2227  1693 182149.608   68   69 287475.054 182149.608  36.6%   137  490s
  2009  1469 180312.694   48   92 287150.949 180311.763  37.2%   968  520s
  5594  5060 181819.845  110    8 287269.724 181819.845  36.7%   153  480s
  1197   792 182684.656   23   31 202798.531 182684.656  9.92%  1074  456s
  2381  1848 179111.514   33   76 286225.998 179111.514  37.4%   874  515s
  1793  1316 181502.421   42  153 284726.738 180918.517  36.5%  1129  525s
  1235   876 182149.608   23  114 287627.320 182149.608  36.7%   929  448s
  1994  1414 180600.101   41   48 286691.434 180600.101  37.0%   635  460s
  1806   990 185979.516   51  137 202295.882 181819.845  10.1%   799  465s
  3701  3156 179709.872  427   27 286383.996 179709.872  37.2%   217  470s
  2085  1553 179653.087   62  114 266312.648 179367.372  32.6%   992  530s
  2166  1632 178498.327  260   27 264754.794 178498.327  32.6%   101  535s
  2678  2139 180503.193   33   51 288423.517 180503.193  37.4%   807  510s
  4198  3545 180050.548  217   12 283314.636 180050.548  36.4%   121  520s
  3910  3378 182782.021  283   21 286746.888 182782.021  36.3%  51.8  445s
  3795  3262 180927.318  652   30 289438.909 180927.318  37.5%  56.0  525s
  5212  4680 180651.489   63   10 287698.988 180651.489  37.2%  39.7  440s
  1240   879 182149.608   24  143 287627.320 182149.608  36.7%   929  450s
  4134  3602 179412.938 1810   19 286565.622 179412.938  37.4%  30.7  495s
  6100  5565 182782.021  775   19 286348.855 182782.021  36.2%  41.5  475s
  4805  4271 180906.381  106   11 285540.893 180906.381  36.6%  75.3  505s
  1980  1446 179262.556   22   39 285892.147 179262.556  37.3%  1026  535s
  1209   799 182684.656   29   58 202798.531 182684.656  9.92%  1072  460s
H 1804  1297                    284233.09977 180918.517  36.3%  1132  528s
  2062  1528 179160.084   27   84 284920.129 179160.084  37.1%   900  530s
  1305   962 182684.656   27  136 202386.666 182684.656  9.73%   957  490s
H 3802  3267                    289435.33104 180927.318  37.5%  56.0  526s
  1394  1087 180636.204   35   20 286083.583 180636.204  36.9%  1278  455s
  4087  3553 181994.115  374   18 286800.514 181994.115  36.5%   136  500s
  1737  1178 179709.872   19   56 286524.421 179709.872  37.3%   966  510s
  1458   793 184364.337   43   76 202506.607 180906.381  10.7%  1159  480s
  1779  1223 180651.508   39   78 285402.767 180651.489  36.7%   879  503s
  2246  1712 182149.608   70   72 287475.054 182149.608  36.6%   138  495s
  2034  1494 186658.770   47  188 287150.949 180311.763  37.2%   975  525s
  1808  1302 180927.333   40   81 284233.100 180918.517  36.3%  1137  530s
  1785  1229 180651.508   40   63 285402.767 180651.489  36.7%   879  505s
  1265   780 181528.728   34   79 288459.379 181528.569  37.1%  1082  488s
  2398  1865 179111.514   35   66 286225.998 179111.514  37.4%   875  520s
H 4830  4294                    285058.65821 180906.381  36.5%  75.1  508s
  2011  1429 180600.101   46   65 286691.434 180600.101  37.0%   635  465s
  2107  1575 179367.372   78   61 266312.648 179367.372  32.6%   994  535s
  1608  1074 178198.169   27   78 284781.103 178197.660  37.4%   997  519s
  2181  1647 178498.327  210   23 264754.794 178498.327  32.6%   100  540s
  1609  1075 178271.424   35   67 284781.103 178197.660  37.4%   997  520s
  2719  2180 180597.880   29  118 288423.517 180503.193  37.4%   807  515s
  3807  3274 180927.318  658   31 289435.331 180927.318  37.5%  56.0  530s
  1257   891 182149.608   44   54 287627.320 182149.608  36.7%   930  455s
  4262  3609 180050.653  170   30 283314.636 180050.548  36.4%   120  525s
  5680  5146 181819.845  120   10 287269.724 181819.845  36.7%   152  487s
  4179  3647 179412.938  671   14 286565.622 179412.938  37.4%  30.8  500s
  1814   992 186367.444   46  113 202295.882 181819.845  10.1%   802  471s
  1273   785 181528.569   35   94 288459.379 181528.569  37.1%  1079  490s
  5259  4727 180651.489   60   10 287698.988 180651.489  37.2%  39.5  445s
  4830  4296 180906.381  110   11 285058.658 180906.381  36.5%  75.1  510s
  6180  5645 182782.021  815   25 286348.855 182782.021  36.2%  41.4  480s
  2000  1466 179262.556   25  103 285892.147 179262.556  37.3%  1022  540s
  1414  1100 181255.137   35   50 286083.583 180636.204  36.9%  1285  460s
  2322  1787 181425.069   55  148 284330.784 180578.842  36.5%   827  539s
  1486   809 180906.381   46   35 202506.607 180906.381  10.7%  1151  485s
  4154  3620 181994.115  198   19 286800.514 181994.115  36.5%   134  505s
  1761  1202 179732.453   23  107 286524.421 179709.872  37.3%   966  515s
  2267  1733 182149.608   71   75 287475.054 182149.608  36.6%   137  500s
  1315   967 182684.656   29  106 202386.666 182684.656  9.73%   955  496s
  3741  3196 179709.872  424   44 286383.996 179709.872  37.2%   221  478s
  5730  5196 181819.845  127   20 287269.724 181819.845  36.7%   151  490s
  2328  1793 180578.842   56   52 284330.784 180578.842  36.5%   827  540s
  2062  1522 180319.508   33   72 287150.949 180311.763  37.2%   977  530s
  2427  1894 179111.514   32   31 286225.998 179111.514  37.4%   875  525s
  1826  1314 180918.517   36   87 284233.100 180918.517  36.3%  1143  535s
  2045  1461 180600.101   48   50 286691.434 180600.101  37.0%   636  470s
  3941  3409 182782.021  263   20 286746.888 182782.021  36.3%  51.7  453s
  1805  1248 180651.489   43   67 285402.767 180651.489  36.7%   883  510s
H 4206  3672                    286561.61530 179412.938  37.4%  30.6  503s
  3752  3207 179709.872  421   33 286383.996 179709.872  37.2%   222  480s
  2136  1604 180404.578   85   77 266312.648 179367.372  32.6%   992  540s
  2195  1661 178498.327  217   23 264754.794 178498.327  32.6%   100  545s
  1628  1094 178197.660   20   83 284781.103 178197.660  37.4%  1004  525s
  2751  2212 180503.193   33   48 288423.517 180503.193  37.4%   809  520s
  2072  1538 179960.475   29  101 284920.129 179160.084  37.1%   900  538s
  3960  3428 182782.021  308   14 286746.888 182782.021  36.3%  51.5  455s
  3852  3319 180927.318  725   15 289435.331 180927.318  37.5%  55.7  535s
  1831  1008 181932.564   48  136 202295.882 181819.845  10.1%   808  476s
  5323  4791 180651.489   55   10 287698.988 180651.489  37.2%  39.3  450s
  4213  3681 179412.938  688   14 286561.615 179412.938  37.4%  30.6  505s
  4316  3663 180051.895  186   30 283314.636 180050.548  36.4%   119  530s
  1287   795 181823.584   38  105 288459.379 181528.569  37.1%  1089  495s
  4900  4366 180906.381  118   11 285058.658 180906.381  36.5%  74.6  515s
  6248  5713 182782.021  849   19 286348.855 182782.021  36.2%  41.1  485s
  1223   807 182684.656   26   87 202798.531 182684.656  9.92%  1073  469s
  2030  1496 179262.556   29   62 285892.147 179262.556  37.3%  1020  545s
  1224   808 182709.429   37   59 202798.531 182684.656  9.92%  1074  470s
  1327   975 182684.656   31   85 202386.666 182684.656  9.73%   952  500s
  1441  1118 180636.204   34   39 286083.583 180636.204  36.9%  1281  465s
  2075  1541 179959.423   30   91 284920.129 179160.084  37.1%   900  540s
  4214  3680 181994.115  228   21 286800.514 181994.115  36.5%   132  510s
  1790  1230 179709.872   27   46 286524.421 179709.872  37.3%   964  520s
  1516   833 180966.422   51  118 202506.607 180906.381  10.7%  1143  490s
  5839  5305 181819.845  130   26 287269.724 181819.845  36.7%   149  495s
  2354  1819 180578.842   48   54 284330.784 180578.842  36.5%   829  545s
  1844  1326 180918.517   40   89 284233.100 180918.517  36.3%  1146  540s
  2278  1744 182149.608   72   73 287475.054 182149.608  36.6%   137  505s
  2436  1903 179705.633   34   80 286225.998 179111.514  37.4%   875  530s
  1831  1272 180651.489   48   66 285402.767 180651.489  36.7%   883  515s
  2083  1497 180601.317   54   64 286691.434 180600.101  37.0%   639  475s
  1850  1021 186367.444   42  127 202295.882 181819.845  10.1%   813  480s
  3805  3259 179709.872  404   31 286383.996 179709.872  37.2%   224  485s
  2166  1634 180108.066   82   68 266312.648 179367.372  32.6%   992  545s
H 2147  1608                    286008.23301 180636.204  36.8%   893  527s
  2210  1676 178498.327  282   25 264754.794 178498.327  32.6%  99.1  550s
  1654  1120 178841.625   27   95 284781.103 178197.660  37.4%  1001  530s
  2778  2239 180611.832   37  145 288423.517 180503.193  37.4%   810  525s
H 2147  1608                    286008.23205 180636.204  36.8%   893  527s
  1261   893 182157.632   45   39 287627.320 182149.608  36.7%   929  464s
  4374  3721 180051.703  198   30 283314.636 180050.548  36.4%   117  535s
  4000  3468 182782.021  328   24 286746.888 182782.021  36.3%  51.4  460s
  3883  3350 180927.318  696   25 289435.331 180927.318  37.5%  55.4  540s
  5404  4872 180651.489   53   12 287698.988 180651.489  37.2%  38.9  455s
  1262   894 182149.608   45   61 287627.320 182149.608  36.7%   929  465s
  4260  3728 179412.938 1873   18 286561.615 179412.938  37.4%  30.5  510s
  4937  4403 180906.381  122   11 285058.658 180906.381  36.5%  74.3  520s
  6315  5780 182782.021  892   14 286348.855 182782.021  36.2%  41.2  490s
  1342   985 182684.656   34   67 202386.666 182684.656  9.73%   951  505s
  2098  1564 179160.084   28   63 284920.129 179160.084  37.1%   901  545s
  1456  1128 180636.204   35   22 286083.583 180636.204  36.9%  1284  470s
  4274  3740 181994.115  258   17 286800.514 181994.115  36.5%   130  515s
  1810  1250 179715.538   22  117 286524.421 179709.872  37.3%   967  525s
  1237   814 182684.656   33   55 202798.531 182684.656  9.92%  1077  475s
  1546   862 182973.622   53   92 202506.607 180906.381  10.7%  1128  495s
  2149  1612 181727.560   43   38 286008.232 180636.204  36.8%   894  530s
H 2054  1518                    285303.38195 179262.556  37.2%  1020  551s
  2381  1846 183822.035   50  158 284330.784 180578.842  36.5%   832  550s
  5928  5394 181819.845  133   18 287269.724 181819.845  36.7%   147  500s
  2461  1928 179112.104   37   67 286225.998 179111.514  37.4%   876  535s
  2296  1762 182149.608   76   66 287475.054 182149.608  36.6%   139  510s
  1858  1335 180918.517   28   91 284233.100 180918.517  36.3%  1147  545s
  1855  1293 180651.520   41   71 285402.767 180651.489  36.7%   883  520s
  1291   797 181764.338   39   99 288459.379 181528.569  37.1%  1092  503s
  1874  1043 181819.845   38  107 202295.882 181819.845  10.1%   815  485s
  3844  3293 180703.766  400  256 286383.996 179709.872  37.2%   232  490s
  2201  1669 179374.782   90  120 266312.648 179367.372  32.6%   986  550s
  1679  1145 178212.135   21  161 284781.103 178197.660  37.4%  1001  535s
  2820  2281 180503.193   43   38 288423.517 180503.193  37.4%   811  530s
  4047  3515 182782.021  316   18 286746.888 182782.021  36.3%  51.2  465s
  2224  1690 178498.327  289   27 264754.794 178498.327  32.6%  98.5  555s
  1281   907 182149.608   45   43 287627.320 182149.608  36.7%   927  470s
  3924  3391 180927.318  761   21 289435.331 180927.318  37.5%  55.1  545s
  5470  4938 180651.489   53   10 287698.988 180651.489  37.2%  38.6  460s
  4303  3771 179412.938  733   12 286561.615 179412.938  37.4%  30.5  515s
  1300   803 181528.569   32   80 288459.379 181528.569  37.1%  1090  505s
  4424  3771 180051.323  213   30 283314.636 180050.548  36.4%   116  540s
  5008  4474 180906.381  115   14 285058.658 180906.381  36.5%  73.9  525s
  2061  1527 179270.377   28  109 285303.382 179262.556  37.2%  1021  555s
  2117  1583 179160.084   30   43 284920.129 179160.084  37.1%   904  550s
  1472  1139 180640.356   51   44 286083.583 180636.204  36.9%  1283  475s
H 2183  1644                    285994.77842 180636.204  36.8%   890  534s
  6376  5841 182782.021  913   31 286348.855 182782.021  36.2%  41.2  495s
  1247   818 182684.656   38   76 202798.531 182684.656  9.92%  1083  480s
  1358   993 182684.656   30  105 202386.666 182684.656  9.73%   955  510s
  4349  3815 181994.115  505   23 286800.514 181994.115  36.5%   129  520s
  1842  1280 179709.872   26   50 286524.421 179709.872  37.3%   965  530s
  1572   881 183242.623   58   99 202506.607 180906.381  10.7%  1124  500s
  2185  1648 180636.204   52   28 285994.778 180636.204  36.8%   890  535s
  2400  1865 180588.042   54   58 284330.784 180578.842  36.5%   829  555s
  6059  5525 181819.845  132   10 287269.724 181819.845  36.7%   145  505s
  2482  1949 179767.794   42  132 286225.998 179111.514  37.4%   879  540s
  2318  1784 182149.608   78   59 287475.054 182149.608  36.6%   138  515s
  1878  1349 181072.758   36  154 284233.100 180918.517  36.3%  1150  550s
H 1697  1161                    284760.86051 178197.660  37.4%  1003  539s
  3886  3334 179709.872  393   31 286383.996 179709.872  37.2%   235  495s
  1890  1057 181819.845   34   20 202295.882 181819.845  10.1%   823  490s
  1867  1304 181787.977   53  208 285402.767 180651.489  36.7%   884  526s
  2233  1701 179367.372   70   63 266312.648 179367.372  32.6%   987  555s
  2068  1528 180319.720   34   84 287150.949 180311.763  37.2%   977  546s
  2100  1514 180600.101   56   36 286691.434 180600.101  37.0%   640  486s
  1698  1164 178247.113   29  142 284760.861 178197.660  37.4%  1004  540s
  2237  1703 178498.327  238   25 264754.794 178498.327  32.6%  98.0  560s
  2856  2317 180503.193   30   42 288423.517 180503.193  37.4%   815  535s
  4468  3815 180053.700  170   31 283314.636 180050.548  36.4%   115  545s
  3957  3424 180927.318  733   31 289435.331 180927.318  37.5%  54.8  550s
  4091  3559 182782.021  338   26 286746.888 182782.021  36.3%  51.0  470s
  1292   914 182149.608   27  103 287627.320 182149.608  36.7%   934  475s
H 4341  3807                    286398.26781 179412.938  37.4%  30.4  519s
  4342  3810 179412.938   72   19 286398.268 179412.938  37.4%  30.4  520s
  6429  5894 182782.021  949   25 286348.855 182782.021  36.2%  41.2  500s
  5081  4547 180906.381  123   11 285058.658 180906.381  36.5%  73.4  530s
  5546  5014 180651.489   51   10 287698.988 180651.489  37.2%  38.2  465s
  2091  1557 179262.556   29  129 285303.382 179262.556  37.2%  1018  560s
  1254   823 182684.656   23   47 202798.531 182684.656  9.92%  1081  485s
  2144  1610 179160.084   26   75 284920.129 179160.084  37.1%   902  555s
  1495  1154 180636.204   33   53 286083.583 180636.204  36.9%  1287  480s
  4415  3881 181994.115  538   23 286800.514 181994.115  36.5%   127  525s
  1869  1306 179740.923   29   74 286524.421 179709.872  37.3%   962  535s
  1597   902 180911.106   56   31 202506.607 180906.381  10.7%  1126  505s
  2240  1703 180636.204   56   29 285994.778 180636.204  36.8%   876  540s
  2337  1803 182149.608   82   53 287475.054 182149.608  36.6%   138  520s
  2426  1891 180578.842   30   84 284330.784 180578.842  36.5%   831  560s
  6165  5631 181819.845  133   10 287269.724 181819.845  36.7%   143  510s
  2084  1544 180317.503   36   70 287150.949 180311.763  37.2%   980  550s
  2507  1974 179111.514   37   73 286225.998 179111.514  37.4%   882  545s
  1900  1367 181072.758   35  159 284233.100 180918.517  36.3%  1152  555s
  1885  1319 184068.798   55  107 285402.767 180651.489  36.7%   889  530s
  1317   815 182401.168   45   97 288459.379 181528.569  37.1%  1090  513s
  2129  1542 187472.198   61  130 286691.434 180600.101  37.0%   638  490s
  1907  1069 181819.845   30   99 202295.882 181819.845  10.1%   830  495s
  2260  1728 179367.372   54   54 266312.648 179367.372  32.6%   986  560s
  2251  1717 178498.327  245   23 264754.794 178498.327  32.6%  97.4  565s
  1725  1191 178990.403   17   97 284760.861 178197.660  37.4%  1000  545s
  2894  2355 180503.193   24   66 288423.517 180503.193  37.4%   817  540s
  4528  3875 180050.548  178   12 283314.636 180050.548  36.4%   114  550s
  4149  3617 182782.021  367   14 286746.888 182782.021  36.3%  50.8  475s
  5633  5101 180651.489   54   10 287698.988 180651.489  37.2%  37.8  470s
  4392  3860 179412.938   97   22 286398.268 179412.938  37.4%  30.1  525s
  6487  5952 182782.021  969   16 286348.855 182782.021  36.2%  42.0  505s
  5148  4614 180906.381  128   14 285058.658 180906.381  36.5%  72.9  535s
  1325   820 182192.931   47  107 288459.379 181528.569  37.1%  1094  515s
  2119  1585 179907.103   30  119 285303.382 179262.556  37.2%  1018  565s
  3991  3458 180927.318  750   33 289435.331 180927.318  37.5%  54.5  556s
  1263   827 182684.656   32   64 202798.531 182684.656  9.92%  1085  490s
  2168  1634 179160.084   29   46 284920.129 179160.084  37.1%   900  560s
  4489  3955 181994.115  575   22 286800.514 181994.115  36.5%   125  530s
  3941  3389 179709.872  383   22 286383.996 179709.872  37.2%   234  502s
  1895  1329 180400.103   21   67 286524.421 179709.872  37.3%   962  540s
  1626   927 180909.241   53   93 202506.607 180906.381  10.7%  1126  510s
  2288  1751 180636.205   53   47 285994.778 180636.204  36.8%   868  545s
  2361  1827 182149.608   86   66 287475.054 182149.608  36.6%   137  525s
  6291  5757 181819.845  129    8 287269.724 181819.845  36.7%   141  515s
  2514  1981 179904.167   38   79 286225.998 179111.514  37.4%   883  550s
  2108  1568 186767.161   42  135 287150.949 180311.763  37.2%   981  555s
  2444  1909 180578.842   27  123 284330.784 180578.842  36.5%   835  565s
  1916  1383 180918.517   37  101 284233.100 180918.517  36.3%  1161  560s
  1913  1342 180651.489   50   55 285402.767 180651.489  36.7%   888  535s
  2183  1593 181336.082   72   90 286691.434 180600.101  37.0%   630  495s
  1927  1089 181819.845   27   67 202295.882 181819.845  10.1%   831  500s
  3968  3416 179709.872  378   22 286383.996 179709.872  37.2%   233  505s
  1510  1164 180636.910   38   71 286083.583 180636.204  36.9%  1287  487s
  1367   998 182684.656   32   71 202386.666 182684.656  9.73%   956  523s
  2923  2384 180955.578   36   82 288423.517 180503.193  37.4%   819  545s
  1751  1217 178197.660   21   41 284760.861 178197.660  37.4%   997  550s
  2262  1728 178498.327  308   27 264754.794 178498.327  32.6%  97.0  570s
  4190  3658 182782.021  423   14 286746.888 182782.021  36.3%  50.5  480s
  5729  5197 180651.489   45   10 287698.988 180651.489  37.2%  37.6  475s
  4586  3933 180050.548  177   12 283314.636 180050.548  36.4%   113  555s
  1341   831 182461.786   50   84 288459.379 181528.569  37.1%  1098  520s
  4439  3907 179412.938  801   18 286398.268 179412.938  37.4%  29.9  530s
  4018  3485 180927.318  808   18 289435.331 180927.318  37.5%  54.2  560s
  6541  6006 182782.021  996   16 286348.855 182782.021  36.2%  41.9  510s
  5211  4677 180906.381  119   16 285058.658 180906.381  36.5%  72.6  540s
  1372  1000 182684.656   34   67 202386.666 182684.656  9.73%   956  525s
  2198  1664 179566.469   31   66 284920.129 179160.084  37.1%   899  565s
H 4506  3970                    286731.01503 181994.115  36.5%   125  534s
  1522  1172 180637.496   40   86 286083.583 180636.204  36.9%  1288  490s
  1931  1365 180668.658   31   69 286524.421 179709.872  37.3%   962  545s
  2332  1795 181663.077   52   63 285994.778 180636.204  36.8%   861  550s
  1313   928 182149.608   28  130 287627.320 182149.608  36.7%   934  487s
  2382  1848 182149.608   89   70 287475.054 182149.608  36.6%   136  530s
  2142  1608 179264.905   28  114 285303.382 179262.556  37.2%  1021  571s
  6412  5878 181819.845  136   26 287269.724 181819.845  36.7%   139  520s
  2134  1594 186767.161   31  160 287150.949 180311.763  37.2%   984  560s
  2458  1923 180578.842   29  126 284330.784 180578.842  36.5%   837  570s
  1935  1402 180918.517   40   61 284233.100 180918.517  36.3%  1167  565s
  2541  2008 179767.918   28   75 286225.998 179111.514  37.4%   886  555s
  1647   945 183658.087   47   86 202506.607 180906.381  10.7%  1124  516s
  2224  1630 180785.062   52   55 286691.434 180600.101  37.0%   632  500s
  1935  1359 180651.489   40   99 285402.767 180651.489  36.7%   892  540s
  4506  3972 181994.115  374   17 286731.015 181994.115  36.5%   125  536s
  1945  1107 181819.845   23   83 202295.882 181819.845  10.1%   834  505s
  4029  3477 179709.872  351   13 286383.996 179709.872  37.2%   232  510s
  2275  1741 178498.327  257   31 264754.794 178498.327  32.6%  96.4  575s
  1778  1244 178222.777   21  110 284760.861 178197.660  37.4%   994  555s
  4644  3991 180050.548  186   12 283314.636 180050.548  36.4%   112  560s
  4237  3705 182782.021   46   18 286746.888 182782.021  36.3%  50.4  485s
  4062  3529 180927.318  830   17 289435.331 180927.318  37.5%  53.9  565s
  1323   935 182149.608   27   67 287627.320 182149.608  36.7%   932  490s
  5814  5282 180651.489   40   10 287698.988 180651.489  37.2%  37.3  480s
  4487  3955 179412.938  825   12 286398.268 179412.938  37.4%  29.8  535s
  5278  4744 180906.381  123   13 285058.658 180906.381  36.5%  72.1  545s
  2948  2409 180503.193   25   49 288423.517 180503.193  37.4%   818  550s
  2164  1630 179262.556   24   57 285303.382 179262.556  37.2%  1019  575s
H 1343   814                    288381.93170 181528.569  37.1%  1097  526s
  1549  1190 180636.204   45   25 286083.583 180636.204  36.9%  1287  495s
  1951  1385 179709.872   23   36 286524.421 179709.872  37.3%   959  550s
  1672   965 180908.678   50   64 202506.607 180906.381  10.7%  1119  520s
H 4503  3969                    286049.87523 179412.938  37.3%  29.7  536s
H 1343   801                    288279.23648 181528.569  37.0%  1097  526s
  6612  6077 182782.021 1031   12 286348.855 182782.021  36.2%  41.6  516s
  2369  1832 180636.204   51   35 285994.778 180636.204  36.8%   862  555s
  2290  1758 179988.226   58   69 266312.648 179367.372  32.6%   987  573s
  1275   832 182684.656   38   99 202798.531 182684.656  9.92%  1092  501s
  2407  1873 182149.608   93   60 287475.054 182149.608  36.6%   135  535s
  4559  4025 181994.115  610   25 286731.015 181994.115  36.5%   124  540s
  2156  1616 180311.763   35   46 287150.949 180311.763  37.2%   988  565s
  6552  6018 181819.845  139    8 287269.724 181819.845  36.7%   137  525s
  2571  2038 179111.514   28   29 286225.998 179111.514  37.4%   886  560s
  1953  1420 180918.517   45   56 284233.100 180918.517  36.3%  1170  570s
  2478  1943 180578.842   33  100 284330.784 180578.842  36.5%   840  575s
  1958  1380 180651.489   45   42 285402.767 180651.489  36.7%   889  545s
  2264  1655 186121.866   47  133 286691.434 180600.101  37.0%   630  505s
  1393  1012 194373.749   38  145 202386.666 182684.656  9.73%   950  532s
  4074  3522 179709.872  212   63 286383.996 179709.872  37.2%   232  515s
  2307  1775 180013.152   62   56 266312.648 179367.372  32.6%   986  575s
  2288  1754 178498.327  321   27 264754.794 178498.327  32.6%  95.9  580s
  2974  2435 180503.193   28   79 288423.517 180503.193  37.4%   818  555s
  1806  1272 178197.660   26  108 284760.861 178197.660  37.4%   988  560s
  4714  4061 180050.548  209   12 283314.636 180050.548  36.4%   111  565s
  4281  3749 182782.021   68   16 286746.888 182782.021  36.3%  50.5  490s
  4097  3564 180927.318  803   35 289435.331 180927.318  37.5%  53.6  570s
  4533  4001 179412.938  848   18 286049.875 179412.938  37.3%  29.9  540s
  5899  5367 180651.489   43   12 287698.988 180651.489  37.2%  37.0  485s
  5331  4797 180906.381  124   61 285058.658 180906.381  36.5%  72.8  550s
  6636  6101 182782.021 1043   24 286348.855 182782.021  36.2%  41.5  520s
  1953  1115 181819.845   21   98 202295.882 181819.845  10.1%   835  512s
H 1343   801                    288133.29229 181528.569  37.0%  1097  530s
  1289   839 182684.656   34   61 202798.531 182684.656  9.92%  1097  505s
  1403  1019 182684.656   27  122 202386.666 182684.656  9.73%   947  535s
  1570  1204 180638.212   49   73 286083.583 180636.204  36.9%  1291  500s
  4626  4092 181994.115   69   41 286731.015 181994.115  36.5%   123  545s
  1983  1417 179709.872   22   53 286524.421 179709.872  37.3%   957  555s
  1707   990 180908.804   41   76 202506.607 180906.381  10.7%  1116  525s
  2402  1865 181060.802   41   62 285994.778 180636.204  36.8%   864  560s
  2182  1648 179929.633   28   67 285303.382 179262.556  37.2%  1019  581s
  2432  1898 182149.608   95   55 287475.054 182149.608  36.6%   134  540s
H 1339   922                    287558.82570 182149.608  36.7%   935  497s
  2187  1647 184322.368   39  125 287150.949 180311.763  37.2%   990  570s
  6700  6166 181819.845  140   26 287269.724 181819.845  36.7%   135  530s
  2495  1960 180578.842   32  101 284330.784 180578.842  36.5%   842  580s
  2602  2069 179111.762   19   69 286225.998 179111.514  37.4%   887  565s
  1980  1447 180918.517   29   57 284233.100 180918.517  36.3%  1167  575s
  1972  1392 180651.489   49   56 285402.767 180651.489  36.7%   889  550s
H 1343   801                    288124.92842 181528.569  37.0%  1097  532s
  2294  1675 180657.777   44  108 286691.434 180600.101  37.0%   633  510s
  2223  1689 179160.084   20  115 284920.129 179160.084  37.1%   898  577s
  4091  3539 179709.872  360   20 286383.996 179709.872  37.2%   233  520s
  1965  1127 181819.845   25   78 202295.882 181819.845  10.1%   839  515s
  2302  1768 178498.327  328   29 264754.794 178498.327  32.6%  95.3  585s
  2343  1811 179367.395   66   46 266312.648 179367.372  32.6%   989  580s
  1833  1299 178301.761   27  153 284760.861 178197.660  37.4%   985  565s
  3012  2473 180519.078   33   79 288423.517 180503.193  37.4%   816  560s
  4744  4091 180050.548  214   12 283314.636 180050.548  36.4%   110  570s
  4131  3598 180927.318  820   31 289435.331 180927.318  37.5%  53.4  575s
H 1301   820                    202673.66736 182684.656  9.86%  1097  509s
  4573  4041 179412.938  868   23 286049.875 179412.938  37.3%  29.9  545s
  4341  3809 182782.021   98   14 286746.888 182782.021  36.3%  50.1  495s
  6692  6157 182782.021 1071   14 286348.855 182782.021  36.2%  41.4  525s
  5395  4861 180906.381  135   11 285058.658 180906.381  36.5%  72.6  555s
  1339   924 182149.608   33   42 287558.826 182149.608  36.7%   936  500s
  2201  1667 179262.556   11   54 285303.382 179262.556  37.2%  1020  585s
  2237  1703 179160.084   24   71 284920.129 179160.084  37.1%   898  580s
  1594  1220 180636.204   39   78 286083.583 180636.204  36.9%  1286  505s
  1305   825 182728.271   38   90 202673.667 182684.656  9.86%  1098  510s
  5980  5448 180651.489   41   10 287698.988 180651.489  37.2%  36.8  491s
  2012  1446 179709.872   25   37 286524.421 179709.872  37.3%   953  560s
  4689  4155 181994.115  100   49 286731.015 181994.115  36.5%   122  550s
  1721  1000 180906.381   29   51 202506.607 180906.381  10.7%  1115  530s
  1419  1029 182684.656   29   68 202386.666 182684.656  9.73%   942  540s
  2435  1898 180636.204   48   32 285994.778 180636.204  36.8%   866  565s
  2462  1928 182149.608   99   39 287475.054 182149.608  36.6%   134  545s
  6852  6318 181819.845  143   10 287269.724 181819.845  36.7%   133  535s
  2510  1975 180578.842   32   91 284330.784 180578.842  36.5%   843  585s
  2210  1670 180314.373   42   87 287150.949 180311.763  37.2%   999  575s
  2324  1699 182055.702   44  136 286691.434 180600.101  37.0%   636  515s
  4166  3614 179709.872  214   44 286383.996 179709.872  37.2%   230  525s
  1977  1139 181819.845   21   90 202295.882 181819.845  10.1%   846  520s
  2376  1844 180129.622   62   68 266312.648 179367.372  32.6%   989  585s
  2317  1783 178498.327  278   19 264754.794 178498.327  32.6%  94.8  590s
  1993  1412 180653.028   49   78 285402.767 180651.489  36.7%   889  556s
  4804  4151 180050.548  178   12 283314.636 180050.548  36.4%   109  575s
  4380  3848 182782.021   77   25 286746.888 182782.021  36.3%  49.9  500s
  1354   934 182149.608   24   81 287558.826 182149.608  36.7%   937  505s
  6035  5503 180651.489   40   10 287698.988 180651.489  37.2%  36.6  495s
  4616  4084 179412.938  209   14 286049.875 179412.938  37.3%  29.8  550s
  6773  6238 182782.021 1112   22 286348.855 182782.021  36.2%  41.0  530s
  5457  4923 180906.381  126   11 285058.658 180906.381  36.5%  72.5  560s
  3015  2476 180503.387   33   52 288423.517 180503.193  37.4%   816  566s
  1857  1323 178197.660   23   75 284760.861 178197.660  37.4%   985  571s
  1323   836 183234.763   24  137 202673.667 182684.656  9.86%  1101  515s
  2226  1692 179262.556   16  146 285303.382 179262.556  37.2%  1020  590s
  4154  3621 180927.318  876   19 289435.331 180927.318  37.5%  53.1  581s
  1433  1037 182690.319   31   91 202386.666 182684.656  9.73%   939  545s
  4734  4200 181994.115   78   14 286731.015 181994.115  36.5%   123  555s
  2041  1475 179709.872   28   45 286524.421 179709.872  37.3%   949  565s
  2264  1730 180448.100   21   51 284920.129 179160.084  37.1%   898  585s
  1748  1009 180906.381   33   60 202506.607 180906.381  10.7%  1115  535s
  2467  1930 180636.204   53   73 285994.778 180636.204  36.8%   867  570s
  2498  1964 182149.608  103   47 287475.054 182149.608  36.6%   132  550s
H 1327   814                    202665.69200 182684.656  9.86%  1099  516s
  6929  6395 181819.845  137    8 287269.724 181819.845  36.7%   132  540s
  2233  1693 180311.763   35   61 287150.949 180311.763  37.2%  1002  580s
  2006  1421 185161.222   39  129 285402.767 180651.489  36.7%   892  560s
  2351  1725 185513.951   45  144 286691.434 180600.101  37.0%   641  520s
  1994  1156 181819.845   21  108 202295.882 181819.845  10.1%   849  525s
  4207  3655 179709.872  418   25 286383.996 179709.872  37.2%   231  530s
  2418  1886 180350.427   70   60 266312.648 179367.372  32.6%   989  590s
  2335  1801 178498.327  287   19 264754.794 178498.327  32.6%  94.2  595s
  1875  1341 178197.660   20   96 284760.861 178197.660  37.4%   985  575s
  3042  2503 180503.193   36   28 288423.517 180503.193  37.4%   818  570s
  4866  4213 180050.548  138   12 283314.636 180050.548  36.4%   108  580s
  4429  3897 182782.021  142   16 286746.888 182782.021  36.3%  49.8  505s
  6114  5582 180651.489   36   10 287698.988 180651.489  37.2%  36.4  500s
  4651  4119 179412.938  907   20 286049.875 179412.938  37.3%  29.7  555s
  4180  3647 180927.318  889   17 289435.331 180927.318  37.5%  52.9  585s
  1601  1225 180636.204   34   60 286083.583 180636.204  36.9%  1288  514s
  5523  4989 180906.381  125   11 285058.658 180906.381  36.5%  72.6  565s
  6852  6317 182782.021 1151   20 286348.855 182782.021  36.2%  40.9  535s
  2248  1714 179263.227   20   78 285303.382 179262.556  37.2%  1017  595s
  1343   803 182152.819   50  101 288124.928 181528.569  37.0%  1098  545s
  1341   825 182684.656   22   75 202665.692 182684.656  9.86%  1105  520s
  1603  1226 180636.204   35   28 286083.583 180636.204  36.9%  1290  515s
  4802  4268 181994.115  112   19 286731.015 181994.115  36.5%   121  560s
  2059  1493 179709.872   30   29 286524.421 179709.872  37.3%   945  570s
  2609  2076 179111.514   20  135 286225.998 179111.514  37.4%   889  579s
  1771  1010 180906.381   29   52 202506.607 180906.381  10.7%  1113  540s
  2494  1957 180636.204   45   18 285994.778 180636.204  36.8%   872  575s
  2532  1998 182149.608  108   31 287475.054 182149.608  36.6%   131  555s
  2259  1719 180315.799   38   53 287150.949 180311.763  37.2%  1004  585s
  2613  2080 179111.514   20   72 286225.998 179111.514  37.4%   891  580s
  2028  1442 183739.518   42  138 285402.767 180651.489  36.7%   892  565s
  2378  1749 180963.889   38  128 286691.434 180600.101  37.0%   642  525s
  2291  1757 179160.084   19   90 284920.129 179160.084  37.1%   898  592s
  2008  1475 180918.517   33   40 284233.100 180918.517  36.3%  1156  590s
  4270  3718 179709.872  223   11 286383.996 179709.872  37.2%   229  535s
  1365   942 182165.394   37   51 287558.826 182149.608  36.7%   947  514s
  2454  1922 180358.186   52   60 266312.648 179367.372  32.6%   989  595s
  2348  1814 178498.327   50   34 264754.794 178498.327  32.6%  93.7  600s
  3074  2535 180524.918   35   76 288423.517 180503.193  37.4%   819  575s
  4489  3957 182782.021  172   24 286746.888 182782.021  36.3%  49.4  510s
  1368   944 182149.608   37   62 287558.826 182149.608  36.7%   948  515s
  4924  4271 180050.548  133   14 283314.636 180050.548  36.4%   107  585s
  4234  3701 180927.318  916   15 289435.331 180927.318  37.5%  52.4  590s
  1359   819 182152.758   51  113 288124.928 181528.569  37.0%  1099  550s
  2006  1167 181819.845   24   14 202295.882 181819.845  10.1%   850  531s
  6905  6370 182782.021 1178   13 286348.855 182782.021  36.2%  41.0  540s
  6204  5672 180651.489   44   10 287698.988 180651.489  37.2%  36.0  505s
  1886  1352 179099.761   19   47 284760.861 178197.660  37.4%   983  581s
  4692  4160 179412.938  297   18 286049.875 179412.938  37.3%  29.5  560s
H 5549  5013                    285038.03900 180906.381  36.5%  72.6  570s
  2306  1772 179160.084   23   63 284920.129 179160.084  37.1%   899  595s
  1633  1246 180636.204   31   42 286083.583 180636.204  36.9%  1284  520s
H 2064  1496                    286513.21243 179709.872  37.3%   947  574s
  1445  1043 182684.656   33   84 202386.666 182684.656  9.73%   937  555s
  4898  4364 181994.115  160   19 286731.015 181994.115  36.5%   119  565s
  1356   835 200740.425   32   66 202665.692 182684.656  9.86%  1106  525s
  2521  1986 180652.465   33   99 284330.784 180578.842  36.5%   843  599s
  2269  1735 179262.556   20  120 285303.382 179262.556  37.2%  1016  601s
  2521  1984 181668.474   39  101 285994.778 180636.204  36.8%   876  580s
H 2064  1496                    286233.11136 179709.872  37.2%   947  575s
  2550  2016 182149.608  109   41 287475.054 182149.608  36.6%   131  560s
  2286  1746 180311.763   42   36 287150.949 180311.763  37.2%  1005  590s
  2631  2098 179111.514   20   68 286225.998 179111.514  37.4%   890  585s
  2033  1500 180918.517   37   58 284233.100 180918.517  36.3%  1152  595s
  2039  1453 180651.489   44   60 285402.767 180651.489  36.7%   891  570s
  2414  1783 180600.101   43   62 286691.434 180600.101  37.0%   639  530s
  2525  1990 180578.842   34   35 284330.784 180578.842  36.5%   843  600s
  7064  6530 181819.845  133    8 287269.724 181819.845  36.7%   130  550s
  4347  3795 179709.872  244   18 286383.996 179709.872  37.2%   225  540s
  2020  1181 181819.845   32   46 202295.882 181819.845  10.1%   852  535s
  2488  1956 180350.427   59   57 266312.648 179367.372  32.6%   991  600s
  2361  1827 178498.327  300   23 264754.794 178498.327  32.6%  93.3  605s
  1912  1378 178597.799   17   76 284760.861 178197.660  37.4%   978  585s
  3110  2571 180503.193   40   37 288423.517 180503.193  37.4%   819  580s
  4968  4315 180050.548  104   13 283314.636 180050.548  36.4%   106  590s
  1384   954 182149.608   39   37 287558.826 182149.608  36.7%   953  520s
  4541  4009 182782.021  198   22 286746.888 182782.021  36.3%  49.4  515s
  4263  3730 180927.318  238   19 289435.331 180927.318  37.5%  53.6  595s
  6289  5757 180651.489   40   10 287698.988 180651.489  37.2%  35.7  510s
  1376   836 181561.984   55  103 288124.928 181528.569  37.0%  1094  555s
  4735  4203 179412.938  949   16 286049.875 179412.938  37.3%  29.3  565s
  5569  5035 180906.381  117   11 285038.039 180906.381  36.5%  72.5  575s
  2291  1757 179262.556   23  122 285303.382 179262.556  37.2%  1015  605s
  1372   844 182684.656   35   95 202665.692 182684.656  9.86%  1106  530s
  2329  1795 179160.084   25   52 284920.129 179160.084  37.1%   895  600s
  1662  1266 180636.204   45   23 286083.583 180636.204  36.9%  1277  525s
  1465  1055 182684.656   32   78 202386.666 182684.656  9.73%   931  560s
  2064  1498 179712.891   30   62 286233.111 179709.872  37.2%   947  580s
  4964  4430 181994.115   51   21 286731.015 181994.115  36.5%   118  570s
  2552  2015 180774.816   44   70 285994.778 180636.204  36.8%   877  585s
  2589  2055 182149.608  117   41 287475.054 182149.608  36.6%   130  565s
  7174  6640 181819.845  143   10 287269.724 181819.845  36.7%   129  555s
  2537  2002 180578.842   35   45 284330.784 180578.842  36.5%   847  605s
  2652  2119 179111.514   22   20 286225.998 179111.514  37.4%   892  590s
  2316  1776 189872.305   46  134 287150.949 180311.763  37.2%  1008  595s
  2051  1518 180918.517   36   45 284233.100 180918.517  36.3%  1152  600s
  2071  1481 186317.687   48  140 285402.767 180651.489  36.7%   885  575s
  6937  6402 182782.021 1194   17 286348.855 182782.021  36.2%  40.9  547s
H 6318  5784                    287082.36787 180651.489  37.1%  35.6  513s
  2453  1815 180618.445   50  134 286691.434 180600.101  37.0%   638  535s
  2037  1198 181819.845   28   65 202295.882 181819.845  10.1%   852  540s
  2522  1990 179477.392   55   87 266312.648 179367.372  32.6%   993  605s
  2373  1839 178498.327  306   21 264754.794 178498.327  32.6%  93.0  610s
  1936  1402 179095.905   20   78 284760.861 178197.660  37.4%   974  590s
  3149  2610 180853.825   42   50 288423.517 180503.193  37.4%   819  585s
  5006  4353 180050.548  132   14 283314.636 180050.548  36.4%   105  595s
  4584  4052 182782.021  179   20 286746.888 182782.021  36.3%  49.4  520s
  4290  3757 180927.318  943   92 289435.331 180927.318  37.5%  54.0  600s
  1398   858 181722.216   49  110 288124.928 181528.569  37.0%  1100  560s
  6969  6434 182782.021 1210   10 286348.855 182782.021  36.2%  40.8  550s
  5633  5099 180906.381  123   13 285038.039 180906.381  36.5%  72.1  580s
  4773  4241 179412.938  968   20 286049.875 179412.938  37.3%  29.2  570s
  2346  1812 179163.187   28   87 284920.129 179160.084  37.1%   898  605s
  1395   857 184368.621   37   99 202665.692 182684.656  9.86%  1096  535s
  1685  1280 180636.204   45   18 286083.583 180636.204  36.9%  1280  530s
  6318  5786 180651.489   50   10 287082.368 180651.489  37.1%  35.6  516s
  4981  4447 181994.115  211   15 286731.015 181994.115  36.5%   117  575s
  2093  1527 180609.596   21   74 286233.111 179709.872  37.2%   948  585s
  2585  2048 180636.204   34   38 285994.778 180636.204  36.8%   874  590s
  1471  1057 182684.656   37   91 202386.666 182684.656  9.73%   930  566s
  2627  2093 182149.608  115   39 287475.054 182149.608  36.6%   129  570s
  2560  2025 180578.842   38   59 284330.784 180578.842  36.5%   848  610s
  7279  6745 181819.845  130   10 287269.724 181819.845  36.7%   128  560s
  2677  2144 179111.514   25   33 286225.998 179111.514  37.4%   892  595s
  2341  1801 187792.699   48  169 287150.949 180311.763  37.2%  1012  600s
H 4398  3844                    286311.62736 179709.872  37.2%   224  548s
  2073  1540 180925.247   39   88 284233.100 180918.517  36.3%  1155  605s
  2098  1499 180651.489   46   82 285402.767 180651.489  36.7%   884  580s
  1775  1013 191403.190   31  106 202506.607 180906.381  10.7%  1113  556s
  2480  1830 180600.101   52   57 286691.434 180600.101  37.0%   640  540s
H 4398  3844                    286310.82810 179709.872  37.2%   224  549s
  2057  1214 181819.873   31   87 202295.882 181819.845  10.1%   854  545s
  4398  3846 179709.872  261   11 286310.828 179709.872  37.2%   224  550s
  2551  2019 179367.377   62   73 266312.648 179367.372  32.6%   995  610s
  1956  1422 178994.915   21   96 284760.861 178197.660  37.4%   970  595s
  2389  1855 178498.327  314   21 264754.794 178498.327  32.6%  92.5  615s
  4654  4122 182782.021   51   21 286746.888 182782.021  36.3%  49.3  525s
  4331  3798 180927.318  272   19 289435.331 180927.318  37.5%  54.6  605s
  1416   876 181528.569   33   71 288124.928 181528.569  37.0%  1095  565s
  4818  4286 179412.938  360   12 286049.875 179412.938  37.3%  28.9  575s
  7094  6559 182782.021 1264   16 286348.855 182782.021  36.2%  40.7  555s
  5687  5153 180906.381  129   11 285038.039 180906.381  36.5%  72.1  585s
  6361  5829 180651.489   45   10 287082.368 180651.489  37.1%  35.5  520s
  1417   872 182684.656   39   63 202665.692 182684.656  9.86%  1089  540s
  2367  1833 179160.084   28   67 284920.129 179160.084  37.1%   901  610s
  1697  1288 180636.204   38   55 286083.583 180636.204  36.9%  1282  535s
  5054  4520 181994.115   96   27 286731.015 181994.115  36.5%   116  580s
  2115  1549 179709.872   22   64 286233.111 179709.872  37.2%   951  590s
  1485  1066 183766.904   40  212 202386.666 182684.656  9.73%   935  570s
  1782  1018 180906.381   25   95 202506.607 180906.381  10.7%  1117  560s
  2611  2074 180636.204   23   61 285994.778 180636.204  36.8%   874  595s
  2666  2132 182149.608  116   35 287475.054 182149.608  36.6%   129  575s
  2582  2047 180578.842   41   63 284330.784 180578.842  36.5%   849  615s
  7404  6870 181819.845  143   10 287269.724 181819.845  36.7%   126  565s
  2364  1824 186786.216   51  201 287150.949 180311.763  37.2%  1014  605s
  2703  2170 179779.251   29   82 286225.998 179111.514  37.4%   892  600s
  2317  1783 179637.480   23  126 285303.382 179262.556  37.2%  1018  617s
  2090  1557 184021.617   40  226 284233.100 180918.517  36.3%  1157  610s
  3180  2641 180503.193   39   47 288423.517 180503.193  37.4%   820  593s
  2129  1524 181281.241   51   45 285402.767 180651.489  36.7%   880  585s
  2508  1847 182043.218   47  142 286691.434 180600.101  37.0%   642  545s
  4472  3920 179709.872  270   11 286310.828 179709.872  37.2%   221  555s
  2068  1222 188323.567   29   77 202295.882 181819.845  10.1%   859  550s
  2576  2044 179367.372   34   83 266312.648 179367.372  32.6%   994  615s
H 2518  1854                    286691.43414 180600.101  37.0%   642  546s
  1391   959 182149.665   39   36 287558.826 182149.608  36.7%   957  534s
  2407  1873 178498.327  323   25 264754.794 178498.327  32.6%  92.0  620s
  3190  2651 180503.193   35   48 288423.517 180503.193  37.4%   820  595s
  4707  4175 182782.021  108   24 286746.888 182782.021  36.3%  49.0  530s
  4369  3836 180927.318  291   25 289435.331 180927.318  37.5%  54.3  610s
  1393   960 182149.608   39   72 287558.826 182149.608  36.7%   958  535s
  6427  5895 180651.489   40   10 287082.368 180651.489  37.1%  35.2  525s
  4864  4332 179412.938  383   12 286049.875 179412.938  37.3%  28.8  580s
  1437   897 182265.395   49  120 288124.928 181528.569  37.0%  1098  570s
  7216  6681 182782.021 1323   16 286348.855 182782.021  36.2%  40.5  560s
  1967  1433 178197.660   25   58 284760.861 178197.660  37.4%   970  601s
  5750  5216 180906.381  124   17 285038.039 180906.381  36.5%  71.8  590s
  2336  1802 179262.556   21  125 285303.382 179262.556  37.2%  1016  620s
  2384  1850 184023.501   36  149 284920.129 179160.084  37.1%   904  615s
  1501  1072 182684.656   26   97 202386.666 182684.656  9.73%   937  575s
  1720  1302 180636.936   41   48 286083.583 180636.204  36.9%  1283  540s
  2144  1578 179710.353   24   55 286233.111 179709.872  37.2%   948  595s
  1798  1032 180906.381   25   43 202506.607 180906.381  10.7%  1120  565s
  5153  4619 181994.115  297   17 286731.015 181994.115  36.5%   114  585s
  1431   881 182684.656   41   69 202665.692 182684.656  9.86%  1087  546s
  2631  2094 180636.204   25   56 285994.778 180636.204  36.8%   876  600s
  2601  2066 180578.842   36   90 284330.784 180578.842  36.5%   849  620s
  7529  6995 181819.845  139    8 287269.724 181819.845  36.7%   125  570s
  2385  1845 180322.316   33   66 287150.949 180311.763  37.2%  1019  610s
  2110  1577 180918.517   43   46 284233.100 180918.517  36.3%  1156  615s
  2722  2189 179420.981   31  103 286225.998 179111.514  37.4%   894  605s
  2152  1544 180651.489   37   74 285402.767 180651.489  36.7%   881  590s
  5019  4366 180050.548  133   12 283314.636 180050.548  36.4%   105  608s
  4540  3988 179709.872  277   11 286310.828 179709.872  37.2%   218  560s
  2082  1230 181819.845   28   88 202295.882 181819.845  10.1%   866  555s
  2600  2068 179367.372   35   26 266312.648 179367.372  32.6%   996  620s
  2518  1856 180600.101   46   73 286691.434 180600.101  37.0%   643  551s
  1991  1457 178197.660   22   66 284760.861 178197.660  37.4%   967  605s
  3219  2680 180503.193   29   15 288423.517 180503.193  37.4%   821  600s
  5035  4382 180050.548  134   12 283314.636 180050.548  36.4%   105  610s
  2410  1876 178498.327   48   32 264754.794 178498.327  32.6%  91.9  625s
  4751  4219 182782.021  130   49 286746.888 182782.021  36.3%  48.9  535s
  4413  3880 180927.318  313   17 289435.331 180927.318  37.5%  53.9  615s
  6506  5974 180651.489   46   10 287082.368 180651.489  37.1%  35.0  530s
  1452   912 181528.569   36   85 288124.928 181528.569  37.0%  1101  575s
  1409   971 183767.212   41  209 287558.826 182149.608  36.7%   964  540s
  4908  4376 179412.938  405   12 286049.875 179412.938  37.3%  28.8  585s
  2678  2144 182149.608  111   42 287475.054 182149.608  36.6%   128  583s
  7343  6808 182782.021 1339   10 286348.855 182782.021  36.2%  40.5  565s
  5808  5274 180906.381  125   11 285038.039 180906.381  36.5%  71.6  595s
  2362  1828 179262.556   24  105 285303.382 179262.556  37.2%  1012  625s
  1446   891 182702.062   44   30 202665.692 182684.656  9.86%  1084  550s
  2407  1873 179186.278   28  152 284920.129 179160.084  37.1%   904  620s
  1736  1313 180636.204   32   60 286083.583 180636.204  36.9%  1285  545s
  5212  4678 181994.115  175   17 286731.015 181994.115  36.5%   113  590s
  2168  1601 180177.686   20   77 286233.111 179709.872  37.2%   946  600s
  1813  1044 180906.381   26   54 202506.607 180906.381  10.7%  1121  570s
  2653  2116 180813.173   28   95 285994.778 180636.204  36.8%   877  605s
H 2156  1546                    285399.17782 180651.489  36.7%   880  594s
  2696  2162 182149.608  117   25 287475.054 182149.608  36.6%   128  585s
  2409  1869 180312.183   38   77 287150.949 180311.763  37.2%  1022  615s
  2619  2084 183025.694   35  111 284330.784 180578.842  36.5%   850  625s
  2740  2207 179111.514   30   86 286225.998 179111.514  37.4%   899  610s
  7664  7130 181819.845  125    8 287269.724 181819.845  36.7%   123  575s
  2128  1595 180931.303   46   52 284233.100 180918.517  36.3%  1160  620s
  2545  1881 180600.101   50   57 286691.434 180600.101  37.0%   640  555s
  1518  1080 182684.656   26  106 202386.666 182684.656  9.73%   933  582s
  2100  1242 182211.385   30   93 202295.882 181819.845  10.1%   870  560s
  4611  4059 179709.872  283   11 286310.828 179709.872  37.2%   215  565s
  2009  1475 178291.498   43  111 284760.861 178197.660  37.4%   968  610s
  3257  2718 180944.292   28   93 288423.517 180503.193  37.4%   821  605s
  2427  1893 178498.327  333   27 264754.794 178498.327  32.6%  91.4  630s
  5088  4435 180050.548  140   19 283314.636 180050.548  36.4%   105  615s
  4803  4271 182782.021   61   21 286746.888 182782.021  36.3%  49.2  540s
H 2749  2214                    286225.56143 179111.514  37.4%   899  612s
  4450  3917 180927.318 1023   35 289435.331 180927.318  37.5%  53.7  620s
  1469   929 181528.569   31   70 288124.928 181528.569  37.0%  1107  580s
  1424   981 182149.608   33   38 287558.826 182149.608  36.7%   967  545s
  4955  4423 179412.938 1059   22 286049.875 179412.938  37.3%  29.1  590s
  2156  1548 180651.489   38   66 285399.178 180651.489  36.7%   880  597s
  7464  6929 182782.021 1352   12 286348.855 182782.021  36.2%  40.5  570s
  5869  5335 180906.381  128   13 285038.039 180906.381  36.5%  71.5  600s
  2386  1852 179262.556   26  145 285303.382 179262.556  37.2%  1013  630s
  1530  1086 182684.656   41   71 202386.666 182684.656  9.73%   932  585s
  2194  1627 179709.872   33   29 286233.111 179709.872  37.2%   947  605s
  5283  4749 181994.115  362   15 286731.015 181994.115  36.5%   112  595s
  1834  1063 180906.381   31   65 202506.607 180906.381  10.7%  1119  575s
  1457   897 182684.656   45   31 202665.692 182684.656  9.86%  1087  555s
  6589  6057 180651.489   39   10 287082.368 180651.489  37.1%  34.8  536s
  2673  2136 180636.978   33   91 285994.778 180636.204  36.8%   879  610s
  2736  2202 182149.608  110   39 287475.054 182149.608  36.6%   128  590s
  2429  1889 180311.763   39   53 287150.949 180311.763  37.2%  1025  620s
  7799  7265 181819.845  135   10 287269.724 181819.845  36.7%   122  580s
  2636  2101 180578.842   34   24 284330.784 180578.842  36.5%   854  630s
  2150  1617 180918.517   35   49 284233.100 180918.517  36.3%  1160  625s
  2757  2224 180022.899   33   45 286225.561 179111.514  37.4%   903  615s
  2175  1565 180651.489   42   71 285399.178 180651.489  36.7%   878  600s
  2579  1908 182350.687   52  168 286691.434 180600.101  37.0%   644  560s
  4679  4127 179709.872  287   11 286310.828 179709.872  37.2%   212  570s
  2622  2090 179367.372   29   31 266312.648 179367.372  32.6%   998  629s
  2623  2091 179367.372   51   40 266312.648 179367.372  32.6%   997  630s
  2445  1911 178498.327  342   25 264754.794 178498.327  32.6%  90.9  635s
  2031  1497 178197.660   17   74 284760.861 178197.660  37.4%   964  615s
  5123  4470 180050.548  135   56 283314.636 180050.548  36.4%   108  620s
  3285  2746 180595.584   30  104 288423.517 180503.193  37.4%   825  610s
  4871  4339 182782.021   95   30 286746.888 182782.021  36.3%  48.7  545s
  6646  6114 180651.489   45   10 287082.368 180651.489  37.1%  34.7  540s
  1489   949 181528.569   35   59 288124.928 181528.569  37.0%  1108  585s
  4995  4463 179412.938 1079   18 286049.875 179412.938  37.3%  29.0  595s
  1442   993 182149.608   24   79 287558.826 182149.608  36.7%   966  550s
  7548  7013 182782.021 1360   14 286348.855 182782.021  36.2%  40.5  575s
  5910  5376 180906.381  127   15 285038.039 180906.381  36.5%  71.3  605s
H 2443  1901                    287149.08714 180311.763  37.2%  1025  623s
  2411  1877 179160.084   25   69 284920.129 179160.084  37.1%   903  629s
  4477  3944 180927.318  345   18 289435.331 180927.318  37.5%  53.4  625s
  2414  1880 179618.173   30   85 285303.382 179262.556  37.2%  1011  635s
  2414  1880 179160.084   26   90 284920.129 179160.084  37.1%   903  630s
  1479   906 182684.656   45   30 202665.692 182684.656  9.86%  1085  560s
  1550  1094 182684.656   36   69 202386.666 182684.656  9.73%   931  590s
  2217  1649 180157.672   36   67 286233.111 179709.872  37.2%   945  610s
  1857  1079 181169.162   29  100 202506.607 180906.381  10.7%  1119  580s
  5369  4835 181994.115  405   19 286731.015 181994.115  36.5%   110  600s
  2699  2162 180636.204   35   59 285994.778 180636.204  36.8%   880  615s
  2776  2242 182149.608  113   35 287475.054 182149.608  36.6%   127  595s
  2450  1910 180321.047   41   53 287149.087 180311.763  37.2%  1026  625s
  7875  7341 181819.845  137   20 287269.724 181819.845  36.7%   121  585s
  2654  2119 180578.842   34   75 284330.784 180578.842  36.5%   856  635s
  2781  2248 179168.293   36  127 286225.561 179111.514  37.4%   906  620s
  2170  1637 180918.517   36   40 284233.100 180918.517  36.3%  1159  630s
  2207  1593 180651.489   47   67 285399.178 180651.489  36.7%   874  605s
  2102  1243 182876.140   35   98 202295.882 181819.845  10.1%   871  569s
  2622  1946 190034.449   62  127 286691.434 180600.101  37.0%   643  565s
H 4478  3943                    287875.91909 180927.318  37.2%  53.4  628s
  2104  1244 181989.405   36  115 202295.882 181819.845  10.1%   871  570s
  4749  4197 179709.872  275   11 286310.828 179709.872  37.2%   210  575s
  2648  2116 179367.372   20   77 266312.648 179367.372  32.6%   999  635s
  1759  1328 180636.204   35   26 286083.583 180636.204  36.9%  1283  558s
H 4478  3943                    286666.89343 180927.318  36.9%  53.4  629s
  2460  1926 178498.327   35   28 264754.794 178498.327  32.6%  90.6  640s
  2050  1516 178197.660   19   94 284760.861 178197.660  37.4%   962  620s
  3300  2761 180503.670   34   70 288423.517 180503.193  37.4%   823  615s
  5160  4507 180050.548  131   76 283314.636 180050.548  36.4%   110  625s
  4920  4388 182782.021  184   19 286746.888 182782.021  36.3%  48.5  550s
  6745  6213 180651.489   54   10 287082.368 180651.489  37.1%  34.4  545s
  1507   967 181528.569   31  146 288124.928 181528.569  37.0%  1109  590s
  1460  1005 182149.608   30  113 287558.826 182149.608  36.7%   961  555s
  5042  4510 179412.938  472   18 286049.875 179412.938  37.3%  28.9  600s
  5976  5442 180906.381  129   11 285038.039 180906.381  36.5%  71.0  610s
H 4478  3943                    286370.92239 180927.318  36.8%  53.4  631s
  7638  7103 182782.021 1365   10 286348.855 182782.021  36.2%  40.5  580s
  2436  1902 179262.556   25  158 285303.382 179262.556  37.2%  1014  640s
  2431  1897 179160.084   18  109 284920.129 179160.084  37.1%   904  635s
  1566  1101 182684.656   38  102 202386.666 182684.656  9.73%   934  595s
  1766  1333 181399.215   36   84 286083.583 180636.204  36.9%  1287  560s
  1873  1091 180923.456   33   82 202506.607 180906.381  10.7%  1125  585s
  2245  1677 180357.197   22   65 286233.111 179709.872  37.2%   947  615s
  2725  2188 180636.204   39   52 285994.778 180636.204  36.8%   882  620s
  2818  2284 182149.608  117   45 287475.054 182149.608  36.6%   126  600s
H 5397  4861                    285778.89244 181994.115  36.3%   110  606s
  1483   909 182684.656   46   37 202665.692 182684.656  9.86%  1083  566s
  2675  2140 180578.842   36   69 284330.784 180578.842  36.5%   853  640s
  7996  7462 181819.845  145   28 287269.724 181819.845  36.7%   121  590s
  2804  2271 179111.514   33   36 286225.561 179111.514  37.4%   912  625s
  2191  1658 180930.655   41   86 284233.100 180918.517  36.3%  1160  635s
  2231  1614 180651.489   48   68 285399.178 180651.489  36.7%   873  610s
  2669  1993 180600.101   69   56 286691.434 180600.101  37.0%   638  570s
  2123  1255 191851.986   32  142 202295.882 181819.845  10.1%   878  575s
  2469  1929 180317.936   43   48 287149.087 180311.763  37.2%  1031  631s
  4830  4278 179709.872  294   11 286310.828 179709.872  37.2%   207  580s
  2676  2144 179367.372   33   98 266312.648 179367.372  32.6%   999  640s
  2483  1949 178498.327   49   21 264754.794 178498.327  32.6%  90.2  645s
  3327  2788 180503.193   35   31 288423.517 180503.193  37.4%   823  620s
  5193  4540 180050.548  135   57 283314.636 180050.548  36.4%   113  630s
  4960  4428 182782.021  204   22 286746.888 182782.021  36.3%  48.5  555s
  6841  6309 180651.489   46   10 287082.368 180651.489  37.1%  34.4  550s
  1520   980 181528.569   28   80 288124.928 181528.569  37.0%  1109  595s
  1476  1016 182154.549   37   76 287558.826 182149.608  36.7%   966  560s
  5081  4549 179412.938 1122   23 286049.875 179412.938  37.3%  28.8  605s
  6038  5504 180906.381  129   11 285038.039 180906.381  36.5%  71.0  615s
  7719  7184 182782.021 1376   10 286348.855 182782.021  36.2%  40.5  585s
  1502   920 190320.486   49  114 202665.692 182684.656  9.86%  1080  570s
  2464  1930 179263.591   27  146 285303.382 179262.556  37.2%  1013  645s
  2452  1918 180160.856   23   42 284920.129 179160.084  37.1%   907  640s
  4478  3945 180927.318 1037   20 286370.922 180927.318  36.8%  53.4  636s
  1793  1351 181478.330   39   87 286083.583 180636.204  36.9%  1284  565s
  1584  1107 190764.616   43  202 202386.666 182684.656  9.73%   944  600s
  5446  4912 181994.115  292   21 285778.892 181994.115  36.3%   109  610s
  2271  1698 179709.872   29   55 286233.111 179709.872  37.2%   947  620s
  1896  1109 180906.381   36   70 202506.607 180906.381  10.7%  1126  590s
  2859  2325 182149.608  114   48 287475.054 182149.608  36.6%   126  605s
  2488  1948 180311.763   46   23 287149.087 180311.763  37.2%  1032  635s
  8112  7578 181819.845  152   22 287269.724 181819.845  36.7%   120  595s
  2707  2172 180578.842   41   65 284330.784 180578.842  36.5%   854  645s
  2211  1678 180996.509   36   87 284233.100 180918.517  36.3%  1161  640s
  2060  1526 178197.660   20  101 284760.861 178197.660  37.4%   961  628s
  2711  2035 181418.322   68   48 286691.434 180600.101  37.0%   638  575s
  2261  1643 180651.489   52   47 285399.178 180651.489  36.7%   870  615s
  2830  2297 179166.275   36  105 286225.561 179111.514  37.4%   915  630s
  2140  1267 181825.777   30   80 202295.882 181819.845  10.1%   883  580s
  4910  4358 179709.872  303   11 286310.828 179709.872  37.2%   204  585s
  2706  2174 179367.372   31   43 266312.648 179367.372  32.6%   998  645s
  3356  2817 180503.193   39   38 288423.517 180503.193  37.4%   824  625s
  2507  1973 178498.327   36   43 264754.794 178498.327  32.6%  89.7  650s
  5232  4579 180050.548  137   68 283314.636 180050.548  36.4%   116  635s
  5014  4482 182782.021  231   16 286746.888 182782.021  36.3%  48.3  560s
  2068  1534 178197.660   21   17 284760.861 178197.660  37.4%   961  630s
  1490  1025 182149.608   35   85 287558.826 182149.608  36.7%   973  565s
  4503  3970 180927.318  358   23 286370.922 180927.318  36.8%  53.2  640s
  6910  6378 180651.489   58   10 287082.368 180651.489  37.1%  34.3  555s
H 4504  3969                    286359.25020 180927.318  36.8%  53.2  640s
  5124  4592 179412.938  513   18 286049.875 179412.938  37.3%  28.8  610s
  1536   996 181528.569   30   70 288124.928 181528.569  37.0%  1109  600s
  6098  5564 180906.381  123   11 285038.039 180906.381  36.5%  71.2  620s
  2486  1952 179262.556   25  120 285303.382 179262.556  37.2%  1014  650s
  1512   924 187070.932   51  109 202665.692 182684.656  9.86%  1086  575s
H 2280  1705                    285274.93260 179709.872  37.0%   947  624s
  1819  1368 180636.204   42   35 286083.583 180636.204  36.9%  1281  570s
  7854  7319 182782.021 1398   12 286348.855 182782.021  36.2%  40.6  590s
  2474  1940 180381.317   26   85 284920.129 179160.084  37.1%   904  645s
  5510  4976 181994.115  324   27 285778.892 181994.115  36.3%   108  615s
  1921  1131 180906.381   39   54 202506.607 180906.381  10.7%  1125  595s
H 2280  1705                    284156.43549 179709.872  36.8%   947  625s
  2903  2369 182149.608  109   58 287475.054 182149.608  36.6%   125  610s
  2735  2200 180578.842   34   35 284330.784 180578.842  36.5%   854  650s
  8231  7697 181819.845  143   22 287269.724 181819.845  36.7%   119  600s
  2852  2319 179111.514   40   42 286225.561 179111.514  37.4%   920  635s
  2236  1703 180918.517   33   46 284233.100 180918.517  36.3%  1159  645s
  2724  2048 180600.101   65   43 286691.434 180600.101  37.0%   638  580s
  2283  1660 180651.489   56   58 285399.178 180651.489  36.7%   868  620s
  2155  1276 183997.650   32  133 202295.882 181819.845  10.1%   887  585s
  4989  4437 179709.872  312   11 286310.828 179709.872  37.2%   201  590s
  1589  1109 183570.427   44  158 202386.666 182684.656  9.73%   946  608s
  2731  2199 179367.372   35   13 266312.648 179367.372  32.6%  1000  650s
  2085  1551 178197.660   27   90 284760.861 178197.660  37.4%   960  635s
  2532  1998 178498.327   37   30 264754.794 178498.327  32.6%  89.7  655s
  5257  4604 180050.548  100   22 283314.636 180050.548  36.4%   119  640s
  5026  4494 182782.021  237   16 286746.888 182782.021  36.3%  48.2  565s
  7001  6469 180651.489   68   10 287082.368 180651.489  37.1%  34.2  560s
  1507  1036 182149.608   28   94 287558.826 182149.608  36.7%   973  570s
  4531  3998 180927.318  372   19 286359.250 180927.318  36.8%  52.9  645s
H 2855  2320                    286206.26662 179111.514  37.4%   919  637s
  1549  1009 181747.393   29   87 288124.928 181528.569  37.0%  1109  605s
  5172  4640 179412.938  537   14 286049.875 179412.938  37.3%  28.8  615s
  2495  1955 186524.567   47  193 287149.087 180311.763  37.2%  1034  642s
  7916  7381 182782.021 1407   12 286348.855 182782.021  36.2%  40.7  595s
  6159  5625 180906.381  122   15 285038.039 180906.381  36.5%  71.3  625s
  1594  1111 182684.656   32   47 202386.666 182684.656  9.73%   948  610s
  1841  1383 180636.204   45   14 286083.583 180636.204  36.9%  1286  575s
  5599  5065 181994.115  520   17 285778.892 181994.115  36.3%   106  620s
  2496  1962 179160.084   20   26 284920.129 179160.084  37.1%   904  650s
  2749  2212 180636.204   40   40 285994.778 180636.204  36.8%   885  634s
  1941  1146 182460.892   41  137 202506.607 180906.381  10.7%  1130  600s
  1535   934 182844.344   57  105 202665.692 182684.656  9.86%  1088  580s
  2750  2213 180636.204   40   39 285994.778 180636.204  36.8%   885  635s
  2942  2408 182149.608  104   53 287475.054 182149.608  36.6%   124  615s
  2761  2226 180578.842   48   36 284330.784 180578.842  36.5%   853  655s
  2504  1964 180312.178   42   68 287149.087 180311.763  37.2%  1037  645s
  8342  7808 181819.845  146   10 287269.724 181819.845  36.7%   119  605s
  2259  1726 180918.517   37   41 284233.100 180918.517  36.3%  1156  650s
H 3381  2840                    288418.88230 180503.193  37.4%   825  633s
  2762  2086 181591.154   44   96 286691.434 180600.101  37.0%   639  585s
  5073  4521 179709.872  321   11 286310.828 179709.872  37.2%   198  595s
  2172  1285 181845.165   32  150 202295.882 181819.845  10.1%   894  590s
  2555  2021 178498.327   40   26 264754.794 178498.327  32.6%  89.3  660s
  2110  1576 178314.334   27  113 284760.861 178197.660  37.4%   958  640s
  2280  1707 179727.840   31   83 284156.435 179709.872  36.8%   949  633s
  5289  4636 180050.548  107   45 283314.636 180050.548  36.4%   122  645s
  5083  4551 182782.021  138   22 286746.888 182782.021  36.3%  47.9  570s
  4562  4029 180927.318 1079   23 286359.250 180927.318  36.8%  52.6  650s
  7086  6554 180651.489   84   10 287082.368 180651.489  37.1%  34.2  565s
  1523  1047 182149.608   31   66 287558.826 182149.608  36.7%   974  575s
  1566  1026 181528.569   38   50 288124.928 181528.569  37.0%  1109  610s
  5218  4686 179412.938  560   16 286049.875 179412.938  37.3%  28.9  620s
  6216  5682 180906.381  119   11 285038.039 180906.381  36.5%  71.2  630s
  8043  7508 182782.021 1418   10 286348.855 182782.021  36.2%  40.9  600s
  1557   948 182684.656   49   34 202665.692 182684.656  9.86%  1084  585s
  2519  1985 179160.084   24   54 284920.129 179160.084  37.1%   905  655s
  3381  2842 180503.387   40   34 288418.882 180503.193  37.4%   825  636s
  1615  1122 182684.656   40   52 202386.666 182684.656  9.73%   944  615s
  1864  1398 180636.204   36   52 286083.583 180636.204  36.9%  1285  580s
  2293  1718 188962.267   35  125 284156.435 179709.872  36.8%   946  635s
  2757  2225 179367.372   43  118 266312.648 179367.372  32.6%   998  657s
  1965  1159 187448.955   43  189 202506.607 180906.381  10.7%  1139  605s
  2776  2239 180636.204   43   38 285994.778 180636.204  36.8%   888  640s
  5687  5153 181994.115  564   19 285778.892 181994.115  36.3%   105  625s
  2982  2448 182149.608  103   56 287475.054 182149.608  36.6%   123  620s
  2779  2244 182765.128   36  259 284330.784 180578.842  36.5%   857  660s
  8463  7929 181819.845  138   20 287269.724 181819.845  36.7%   118  610s
  2528  1988 186524.567   42  197 287149.087 180311.763  37.2%  1040  650s
  2273  1740 184961.478   39  195 284233.100 180918.517  36.3%  1155  655s
  2803  2125 189437.287   41  152 286691.434 180600.101  37.0%   636  590s
  2855  2322 179166.275   40   97 286206.267 179111.514  37.4%   921  646s
  2188  1296 191716.094   28  168 202295.882 181819.845  10.1%   900  595s
  5165  4613 179709.968  331   23 286310.828 179709.872  37.2%   194  600s
  2774  2242 179367.372   35   93 266312.648 179367.372  32.6%   997  660s
  2576  2042 178498.327   45   33 264754.794 178498.327  32.6%  88.9  665s
  2134  1600 178270.589   31  134 284760.861 178197.660  37.4%   958  645s
  3403  2864 180503.193   43   68 288418.882 180503.193  37.4%   826  640s
  5135  4603 182782.021  164   16 286746.888 182782.021  36.3%  47.9  575s
  5329  4676 180050.548  115   58 283314.636 180050.548  36.4%   125  650s
  4595  4062 180927.318  404   15 286359.250 180927.318  36.8%  52.3  655s
  7155  6623 180651.489   82   10 287082.368 180651.489  37.1%  34.1  570s
  5259  4727 179412.938 1211   30 286049.875 179412.938  37.3%  28.9  625s
  1579  1039 181528.569   20  113 288124.928 181528.569  37.0%  1114  615s
  6285  5751 180906.381  118   11 285038.039 180906.381  36.5%  71.0  635s
  8165  7630 182782.021 1383   14 286348.855 182782.021  36.2%  41.1  605s
  2534  2000 179161.502   27  125 284920.129 179160.084  37.1%   903  660s
  1637  1131 183978.335   50  161 202386.666 182684.656  9.73%   945  620s
  2317  1735 179710.525   31   47 284156.435 179709.872  36.8%   947  640s
  5764  5230 181994.115   81   14 285778.892 181994.115  36.3%   105  630s
  1886  1413 180636.634   39   72 286083.583 180636.204  36.9%  1288  585s
  1989  1175 184010.464   45  115 202506.607 180906.381  10.7%  1141  610s
  1561   951 184384.263   50   69 202665.692 182684.656  9.86%  1085  591s
  2802  2265 180636.204   31   71 285994.778 180636.204  36.8%   888  645s
  3015  2481 182149.608  100   55 287475.054 182149.608  36.6%   122  625s
  2551  2011 180321.054   46   51 287149.087 180311.763  37.2%  1044  655s
  1537  1056 186427.241   34  151 287558.826 182149.608  36.7%   977  582s
  8582  8048 181819.845  132   16 287269.724 181819.845  36.7%   117  615s
  2297  1673 180666.769   56   87 285399.178 180651.489  36.7%   868  634s
  2790  2255 180578.842   34   26 284330.784 180578.842  36.5%   857  665s
  2298  1674 182690.761   57  143 285399.178 180651.489  36.7%   868  635s
  2281  1748 180918.517   39   33 284233.100 180918.517  36.3%  1155  661s
  2206  1303 184215.436   33   94 202295.882 181819.845  10.1%   904  600s
  5250  4698 179709.872  326   22 286310.828 179709.872  37.2%   192  605s
  2796  2264 179367.372   57   48 266312.648 179367.372  32.6%   999  665s
  2601  2067 178498.327   55   32 264754.794 178498.327  32.6%  88.2  670s
  3430  2891 181096.798   46   89 288418.882 180503.193  37.4%   829  645s
  5190  4658 182782.021   96   14 286746.888 182782.021  36.3%  47.6  580s
  5354  4701 180050.548  151   60 283314.636 180050.548  36.4%   127  655s
  4632  4099 180927.318   30   16 286359.250 180927.318  36.8%  52.1  660s
  1545  1062 182149.631   36   78 287558.826 182149.608  36.7%   978  585s
  1596  1056 181528.569   18   81 288124.928 181528.569  37.0%  1109  620s
  5310  4778 179412.938  606   18 286049.875 179412.938  37.3%  28.7  630s
H 7210  6676                    287077.13251 180651.489  37.1%  34.2  575s
  6341  5807 180906.381  118   12 285038.039 180906.381  36.5%  70.8  640s
  1576   959 182684.656   43   47 202665.692 182684.656  9.86%  1085  595s
  2143  1609 178197.660   31   37 284760.861 178197.660  37.4%   960  651s
  2505  1971 179651.722   18   81 285303.382 179262.556  37.2%  1013  670s
  2555  2021 186451.250   31  134 284920.129 179160.084  37.1%   907  665s
  1655  1141 182684.656   28   89 202386.666 182684.656  9.73%   946  625s
  2011  1192 180906.381   48   56 202506.607 180906.381  10.7%  1143  615s
  1913  1431 180636.204   35   19 286083.583 180636.204  36.9%  1285  590s
  2836  2299 180636.204   32   40 285994.778 180636.204  36.8%   884  650s
  2857  2324 179254.216   41  130 286206.267 179111.514  37.4%   921  654s
  5855  5321 181994.115  105   22 285778.892 181994.115  36.3%   104  635s
  8259  7724 182782.021 1373   10 286348.855 182782.021  36.2%  41.2  612s
  2343  1761 179709.872   31   30 284156.435 179709.872  36.8%   950  645s
  3048  2514 182149.608  102   66 287475.054 182149.608  36.6%   121  630s
  2805  2270 180578.842   34   19 284330.784 180578.842  36.5%   859  670s
  2572  2032 180312.178   43   60 287149.087 180311.763  37.2%  1049  660s
  2859  2326 179111.514   34   50 286206.267 179111.514  37.4%   921  655s
  2303  1770 184317.768   35  225 284233.100 180918.517  36.3%  1153  665s
  8717  8183 181819.845  141    8 287269.724 181819.845  36.7%   116  620s
  2319  1690 181869.532   56  187 285399.178 180651.489  36.7%   870  640s
H 2352  1767                    284128.51307 179709.872  36.8%   948  647s
  2221  1318 181819.845   30   94 202295.882 181819.845  10.1%   906  605s
  5331  4779 179709.872  306   48 286310.828 179709.872  37.2%   190  610s
H 2156  1620                    284758.03920 178197.660  37.4%   959  654s
  2626  2092 178498.327   65   34 264754.794 178498.327  32.6%  87.4  675s
  2157  1623 178197.660   35   55 284758.039 178197.660  37.4%   960  655s
  5252  4720 182782.021  127   18 286746.888 182782.021  36.3%  47.1  585s
  5388  4735 180050.548  118   58 283314.636 180050.548  36.4%   130  660s
  4674  4141 180927.318   51   16 286359.250 180927.318  36.8%  51.8  665s
  3466  2927 181092.711   40   87 288418.882 180503.193  37.4%   830  650s
  1560  1072 182149.608   19  102 287558.826 182149.608  36.7%   979  590s
  1612  1072 181528.569   20  106 288124.928 181528.569  37.0%  1107  625s
  5358  4826 179412.938  630   25 286049.875 179412.938  37.3%  28.8  635s
  7210  6678 180651.489   88   10 287077.133 180651.489  37.1%  34.2  580s
  6409  5875 180906.381  127   52 285038.039 180906.381  36.5%  70.6  645s
  2814  2135 180600.101   42   30 286691.434 180600.101  37.0%   638  602s
H 2858  2319                    285994.70081 180636.204  36.8%   884  653s
  2524  1990 179264.027   29  101 285303.382 179262.556  37.2%  1013  675s
  1680  1154 183859.621   53  164 202386.666 182684.656  9.73%   943  630s
  1937  1447 180636.204   38   53 286083.583 180636.204  36.9%  1280  595s
  8286  7751 182782.021 1376   14 286348.855 182782.021  36.2%  41.2  615s
  2562  2028 179960.574   33  162 284920.129 179160.084  37.1%   907  670s
  5919  5385 182038.235  112  141 285778.892 181994.115  36.3%   104  640s
  2376  1788 179709.872   26   47 284128.513 179709.872  36.8%   943  650s
  2041  1212 181551.111   45  150 202506.607 180906.381  10.7%  1141  620s
  1587   966 185117.695   46   92 202665.692 182684.656  9.86%  1084  601s
  2862  2325 180636.204   35   24 285994.701 180636.204  36.8%   886  655s
  3078  2544 182149.608   99   45 287475.054 182149.608  36.6%   121  635s
  8834  8300 181819.845  114    8 287269.724 181819.845  36.7%   114  625s
  2826  2291 180578.842   41   48 284330.784 180578.842  36.5%   862  675s
  2594  2054 180312.654   47   76 287149.087 180311.763  37.2%  1053  665s
  2327  1794 180918.517   39   58 284233.100 180918.517  36.3%  1152  670s
  2352  1720 180651.489   60   55 285399.178 180651.489  36.7%   866  645s
  2884  2351 179111.514   28   59 286206.267 179111.514  37.4%   923  660s
  5414  4862 179709.872  267   23 286310.828 179709.872  37.2%   188  615s
  2831  2152 180600.101   47   57 286691.434 180600.101  37.0%   638  605s
  2652  2118 178498.327   78   27 264754.794 178498.327  32.6%  86.6  680s
  2823  2291 179367.372   29   84 266312.648 179367.372  32.6%   997  675s
  2182  1648 178199.154   23  152 284758.039 178197.660  37.4%   961  660s
  3494  2955 180503.193   39   45 288418.882 180503.193  37.4%   832  655s
  5418  4765 180050.548  156   67 283314.636 180050.548  36.4%   132  665s
  5311  4779 182782.021  252   16 286746.888 182782.021  36.3%  47.1  590s
  4713  4180 180927.318  197   19 286359.250 180927.318  36.8%  51.6  670s
  2224  1321 186151.316   31  169 202295.882 181819.845  10.1%   908  611s
  1580  1085 182149.608   31   55 287558.826 182149.608  36.7%   978  595s
  1629  1089 181528.569   33   36 288124.928 181528.569  37.0%  1103  630s
  5401  4869 179412.938 1282   26 286049.875 179412.938  37.3%  28.9  640s
  8411  7876 182782.021 1392   24 286348.855 182782.021  36.2%  41.4  620s
  6458  5924 180906.381  134   10 285038.039 180906.381  36.5%  70.6  650s
  7263  6731 180651.489   95   10 287077.133 180651.489  37.1%  34.2  585s
  2539  2005 179262.556   19  131 285303.382 179262.556  37.2%  1012  680s
  1606   977 182684.656   50   43 202665.692 182684.656  9.86%  1081  605s
  2584  2050 185179.391   40  177 284920.129 179160.084  37.1%   910  675s
  2402  1814 180349.991   23   35 284128.513 179709.872  36.8%   946  655s
H 5421  4867                    286236.07359 179709.872  37.2%   188  617s
  2055  1219 180906.381   41   29 202506.607 180906.381  10.7%  1148  625s
  3113  2579 182149.608  101   54 287475.054 182149.608  36.6%   120  640s
  2893  2356 180636.204   35   57 285994.701 180636.204  36.8%   886  660s
  2852  2317 180578.842   35   46 284330.784 180578.842  36.5%   862  680s
  2906  2373 179112.728   32   73 286206.267 179111.514  37.4%   927  665s
  2349  1816 181566.099   36  245 284233.100 180918.517  36.3%  1149  675s
  2378  1742 180651.489   63   30 285399.178 180651.489  36.7%   865  650s
H 5421  4867                    286227.95013 179709.872  37.2%   188  619s
  2877  2197 180600.101   44   59 286691.434 180600.101  37.0%   634  610s
  2236  1332 181819.845   32   63 202295.882 181819.845  10.1%   908  615s
  2604  2064 180311.763   40   72 287149.087 180311.763  37.2%  1052  671s
  2853  2321 179367.372   34  104 266312.648 179367.372  32.6%   995  680s
  2671  2137 178498.327   90   36 264754.794 178498.327  32.6%  86.1  685s
  2206  1672 179002.147   36   85 284758.039 178197.660  37.4%   960  665s
  3525  2986 180503.193   44   26 288418.882 180503.193  37.4%   831  660s
  1698  1166 182684.656   44   67 202386.666 182684.656  9.73%   943  638s
  5370  4838 182782.021  186   17 286746.888 182782.021  36.3%  47.3  595s
  5448  4916 179412.938  675   21 286049.875 179412.938  37.3%  29.0  645s
  7317  6785 180651.489  101   10 287077.133 180651.489  37.1%  34.3  590s
  6523  5989 180906.381  141   16 285038.039 180906.381  36.5%  70.2  655s
  1644  1104 181528.569   18   72 288124.928 181528.569  37.0%  1099  635s
  8556  8021 182782.021 1379   10 286348.855 182782.021  36.2%  41.6  625s
  4747  4214 180927.318  214   23 286359.250 180927.318  36.8%  51.2  676s
  2568  2034 179262.556   17  102 285303.382 179262.556  37.2%  1011  685s
  1622   986 182684.656   51   54 202665.692 182684.656  9.86%  1084  610s
  2605  2071 179162.532   22   84 284920.129 179160.084  37.1%   913  680s
  1703  1168 183456.406   41  170 202386.666 182684.656  9.73%   946  640s
  2430  1842 179709.872   28   34 284128.513 179709.872  36.8%   944  660s
  2076  1234 180906.381   51   39 202506.607 180906.381  10.7%  1154  630s
  5999  5465 181994.115  120   12 285778.892 181994.115  36.3%   103  650s
  2915  2378 180636.204   31   83 285994.701 180636.204  36.8%   890  665s
  3146  2612 182149.608   96   48 287475.054 182149.608  36.6%   120  645s
  2618  2078 180311.763   28   55 287149.087 180311.763  37.2%  1050  675s
  2936  2403 179111.514   37   58 286206.267 179111.514  37.4%   927  670s
  5450  4797 180052.067  206   84 283314.636 180050.548  36.4%   136  673s
  2403  1761 180651.489   59   28 285399.178 180651.489  36.7%   866  655s
  2921  2239 180646.627   40   74 286691.434 180600.101  37.0%   634  615s
  1593  1094 182149.608   47   42 287558.826 182149.608  36.7%   977  603s
  2252  1345 181819.845   32  119 202295.882 181819.845  10.1%   910  620s
  2875  2343 179367.372   38   54 266312.648 179367.372  32.6%   997  685s
  2697  2163 178498.327  103   38 264754.794 178498.327  32.6%  85.6  690s
H 5488  4954                    285980.37152 179412.938  37.3%  29.0  649s
  3552  3013 180503.763   26  104 288418.882 180503.193  37.4%   833  665s
  5426  4894 182782.021  214   21 286746.888 182782.021  36.3%  47.2  600s
  1599  1098 182149.608   33   76 287558.826 182149.608  36.7%   978  605s
  4774  4241 180927.318  101   25 286359.250 180927.318  36.8%  51.0  680s
  1658  1118 181528.569   28   76 288124.928 181528.569  37.0%  1099  640s
  7371  6839 180651.489  105   10 287077.133 180651.489  37.1%  34.3  595s
  8664  8129 182782.021 1388   10 286348.855 182782.021  36.2%  41.9  630s
H 6587  6051                    284967.29308 180906.381  36.5%  69.7  660s
H 5488  4954                    285950.70051 179412.938  37.3%  29.0  650s
H 6587  6051                    284920.12913 180906.381  36.5%  69.7  660s
  1636   991 182684.656   48   63 202665.692 182684.656  9.86%  1092  615s
  1721  1177 182684.656   27  107 202386.666 182684.656  9.73%   948  645s
  6083  5549 181994.115  129   71 285778.892 181994.115  36.3%   103  655s
  2457  1869 180291.742   30   58 284128.513 179709.872  36.8%   944  665s
  1952  1457 180637.216   41   63 286083.583 180636.204  36.9%  1277  610s
  2098  1253 180906.381   23   43 202506.607 180906.381  10.7%  1155  635s
  2622  2088 179160.084   24   71 284920.129 179160.084  37.1%   913  685s
  2945  2408 180636.204   29   50 285994.701 180636.204  36.8%   888  670s
  5421  4869 179709.872  268   22 286227.950 179709.872  37.2%   188  628s
  3172  2638 182149.608   96   63 287475.054 182149.608  36.6%   119  650s
  2643  2103 180311.763   29   49 287149.087 180311.763  37.2%  1048  680s
  2959  2426 179111.514   39   54 286206.267 179111.514  37.4%   929  675s
  2426  1778 184237.887   53  113 285399.178 180651.489  36.7%   867  660s
  5451  4798 180050.548  206   65 283314.636 180050.548  36.4%   136  678s
  2588  2054 179394.434   18  113 285303.382 179262.556  37.2%  1011  692s
  2963  2279 180600.101   49   48 286691.434 180600.101  37.0%   633  620s
  2367  1834 180918.517   36   55 284233.100 180918.517  36.3%  1148  685s
  2264  1353 181819.845   34   24 202295.882 181819.845  10.1%   918  625s
  2905  2373 179367.372   42   66 266312.648 179367.372  32.6%   998  690s
  2724  2190 178498.327   55   34 264754.794 178498.327  32.6%  84.9  695s
  3580  3041 180785.882   30   70 288418.882 180503.193  37.4%   833  670s
  5448  4896 179709.872  276   22 286227.950 179709.872  37.2%   188  630s
  5467  4814 180050.548   95   71 283314.636 180050.548  36.4%   137  680s
  4810  4277 180927.318  119   17 286359.250 180927.318  36.8%  50.7  685s
  1620  1112 182149.608   38   68 287558.826 182149.608  36.7%   975  610s
  7424  6892 180651.489  111   10 287077.133 180651.489  37.1%  34.5  600s
  5427  4895 182782.021  310   16 286746.888 182782.021  36.3%  47.2  605s
  8722  8187 182782.021 1387   10 286348.855 182782.021  36.2%  42.2  635s
  5502  4970 179412.938  702   16 285950.701 179412.938  37.3%  29.0  655s
  6604  6070 180906.381  148   12 284920.129 180906.381  36.5%  69.6  665s
  2607  2073 179498.157   25  104 285303.382 179262.556  37.2%  1011  695s
  2642  2108 179160.084   30  115 284920.129 179160.084  37.1%   913  690s
  1740  1188 182684.656   33   90 202386.666 182684.656  9.73%   948  650s
  1972  1470 180636.204   35   28 286083.583 180636.204  36.9%  1275  615s
  6177  5643 182091.052  138  126 285778.892 181994.115  36.3%   103  660s
  2484  1895 180628.944   33  152 284128.513 179709.872  36.8%   946  670s
  2116  1270 180906.381   34   48 202506.607 180906.381  10.7%  1158  640s
  2970  2433 180636.204   32   53 285994.701 180636.204  36.8%   887  675s
  1639   992 185001.683   49   87 202665.692 182684.656  9.86%  1093  621s
  3187  2653 182149.608   97   55 287475.054 182149.608  36.6%   119  655s
  2868  2333 182154.618   38  207 284330.784 180578.842  36.5%   863  694s
  2979  2446 179112.762   41   73 286206.267 179111.514  37.4%   934  680s
  2869  2334 180578.842   37   49 284330.784 180578.842  36.5%   863  695s
  2674  2134 180311.763   26   66 287149.087 180311.763  37.2%  1045  685s
  8853  8319 181819.845  112   10 287269.724 181819.845  36.7%   114  645s
  2390  1857 180927.529   41   97 284233.100 180918.517  36.3%  1150  690s
  2452  1803 183959.780   56  108 285399.178 180651.489  36.7%   867  665s
  3013  2329 180646.588   44   86 286691.434 180600.101  37.0%   630  625s
  5527  4975 179709.872  281   19 286227.950 179709.872  37.2%   186  635s
  2756  2222 178498.327   71   32 264754.794 178498.327  32.6%  84.0  700s
  1665  1125 181792.555   37  137 288124.928 181528.569  37.0%  1099  649s
  2937  2405 179367.372   46   50 266312.648 179367.372  32.6%   999  695s
  4850  4317 180927.318  139   21 286359.250 180927.318  36.8%  50.3  690s
  5504  4851 180050.548  114   53 283314.636 180050.548  36.4%   140  685s
  1640  1125 182153.542   45   65 287558.826 182149.608  36.7%   974  615s
  1668  1128 181528.569   30   38 288124.928 181528.569  37.0%  1098  650s
  5483  4951 182782.021  338   16 286746.888 182782.021  36.3%  46.9  610s
  5549  5017 179412.938 1356   32 285950.701 179412.938  37.3%  29.4  660s
  8799  8264 182782.021 1354   10 286348.855 182782.021  36.2%  42.3  640s
  6663  6129 180906.381  156   10 284920.129 180906.381  36.5%  69.3  670s
  2637  2103 179824.037   24   85 285303.382 179262.556  37.2%  1009  700s
  1651   999 182684.656   44   32 202665.692 182684.656  9.86%  1095  625s
  7479  6947 180651.489  115   12 287077.133 180651.489  37.1%  34.7  606s
  1999  1488 180636.392   38   51 286083.583 180636.204  36.9%  1273  620s
  2270  1358 181819.845   34   31 202295.882 181819.845  10.1%   919  632s
  6231  5697 182141.625  144  120 285778.892 181994.115  36.3%   102  665s
  2510  1920 179709.872   29   73 284128.513 179709.872  36.8%   947  675s
  3000  2463 180636.204   36   57 285994.701 180636.204  36.8%   888  680s
  2893  2358 183917.641   42  123 284330.784 180578.842  36.5%   863  700s
  8927  8393 181819.845  107    8 287269.724 181819.845  36.7%   114  650s
  2700  2160 180311.763   23   33 287149.087 180311.763  37.2%  1042  690s
  3209  2675 182149.608   93   54 287475.054 182149.608  36.6%   120  660s
  2125  1277 180998.316   35  147 202506.607 180906.381  10.7%  1158  646s
  3044  2359 180600.101   37   83 286691.434 180600.101  37.0%   631  630s
  2479  1828 185161.814   60  148 285399.178 180651.489  36.7%   866  670s
  2408  1875 180918.517   32   25 284233.100 180918.517  36.3%  1154  695s
  2669  2135 179809.202   32  196 284920.129 179160.084  37.1%   913  697s
  2281  1364 184143.529   37  109 202295.882 181819.845  10.1%   919  635s
  5590  5038 179709.872  316   71 286227.950 179709.872  37.2%   186  640s
  3588  3049 181096.004   31   61 288418.882 180503.193  37.4%   833  679s
  2962  2430 179367.372   46   52 266312.648 179367.372  32.6%  1000  700s
  1752  1196 182684.656   34   68 202386.666 182684.656  9.73%   947  658s
  2780  2246 178498.327   83   34 264754.794 178498.327  32.6%  83.4  705s
  3592  3053 181132.535   31   75 288418.882 180503.193  37.4%   833  680s
  5554  5022 182782.021  278   17 286746.888 182782.021  36.3%  46.7  615s
  1657  1136 182151.207   35   67 287558.826 182149.608  36.7%   978  620s
  5538  4885 180050.548  110   24 283314.636 180050.548  36.4%   144  690s
  4880  4347 180927.318  154   19 286359.250 180927.318  36.8%  50.0  695s
  7512  6980 180651.489  119   10 287077.133 180651.489  37.1%  34.8  610s
  1687  1147 181528.569   31   45 288124.928 181528.569  37.0%  1093  655s
  8866  8331 182782.021 1335   12 286348.855 182782.021  36.2%  42.3  645s
  2221  1687 178197.660   22  101 284758.039 178197.660  37.4%   961  686s
  5584  5052 179412.938  743   18 285950.701 179412.938  37.3%  29.5  665s
  6712  6178 180906.381  164   19 284920.129 180906.381  36.5%  69.0  675s
  2663  2129 179277.729   25   68 285303.382 179262.556  37.2%  1006  705s
  1759  1200 182684.656   29   81 202386.666 182684.656  9.73%   946  660s
  2017  1500 180662.709   35   81 286083.583 180636.204  36.9%  1276  625s
  6307  5773 181994.115  133   18 285778.892 181994.115  36.3%   102  670s
  2141  1292 180906.381   29   81 202506.607 180906.381  10.7%  1157  650s
  2530  1936 181383.421   35  162 284128.513 179709.872  36.8%   950  680s
  3020  2483 180636.204   27   42 285994.701 180636.204  36.8%   888  685s
  3235  2701 182149.608  106   48 287475.054 182149.608  36.6%   119  665s
  2724  2184 180311.763   21   16 287149.087 180311.763  37.2%  1041  695s
  2908  2373 180578.842   40   57 284330.784 180578.842  36.5%   866  705s
  2992  2459 179111.514   37   48 286206.267 179111.514  37.4%   934  690s
  9020  8486 181819.845  115    8 287269.724 181819.845  36.7%   113  655s
  2503  1850 180651.489   49   55 285399.178 180651.489  36.7%   867  675s
  3073  2388 180600.101   43   58 286691.434 180600.101  37.0%   634  635s
  2425  1892 180918.517   34   46 284233.100 180918.517  36.3%  1151  700s
  2297  1375 181840.525   36  131 202295.882 181819.845  10.1%   922  640s
  5617  5065 179709.872  222   41 286227.950 179709.872  37.2%   188  645s
  2810  2276 178498.327   98   37 264754.794 178498.327  32.6%  82.7  710s
  2963  2431 179889.620   46   86 266312.648 179367.372  32.6%  1000  705s
  2235  1701 178646.015   19   47 284758.039 178197.660  37.4%   962  690s
  3624  3085 180503.193   36   63 288418.882 180503.193  37.4%   830  685s
  5572  4919 180050.548  119   50 283314.636 180050.548  36.4%   149  695s
  5623  5091 182782.021  408   27 286746.888 182782.021  36.3%  46.7  620s
  4910  4377 180927.318  169   17 286359.250 180927.318  36.8%  49.7  700s
  7559  7027 180651.489  120   10 287077.133 180651.489  37.1%  35.4  615s
  1665  1006 192007.402   45   94 202665.692 182684.656  9.86%  1099  634s
  1706  1166 181528.569   34   61 288124.928 181528.569  37.0%  1095  660s
  5622  5090 179412.938  762   16 285950.701 179412.938  37.3%  29.4  670s
  8973  8438 182782.021 1337   12 286348.855 182782.021  36.2%  42.4  650s
  6763  6229 180906.381  165   23 284920.129 180906.381  36.5%  68.7  680s
  2687  2153 179394.434   26   70 285303.382 179262.556  37.2%  1011  710s
  1668  1008 182684.656   48   81 202665.692 182684.656  9.86%  1100  635s
  2036  1513 180641.708   34   98 286083.583 180636.204  36.9%  1281  630s
  1777  1208 185367.540   34  197 202386.666 182684.656  9.73%   945  665s
  2162  1312 180906.381   43   30 202506.607 180906.381  10.7%  1156  655s
  3047  2510 180636.204   31   37 285994.701 180636.204  36.8%   887  690s
  3263  2729 182149.608   95   53 287475.054 182149.608  36.6%   119  670s
  2927  2392 180578.842   40   78 284330.784 180578.842  36.5%   868  710s
  2749  2209 180313.174   28  100 287149.087 180311.763  37.2%  1039  700s
  3017  2484 179112.736   42   99 286206.267 179111.514  37.4%   937  695s
  9149  8615 181819.845  112    8 287269.724 181819.845  36.7%   112  660s
  6395  5861 181994.115  101    9 285778.892 181994.115  36.3%   102  676s
  2448  1915 187473.293   38  191 284233.100 180918.517  36.3%  1149  705s
  3113  2427 180600.101   40   66 286691.434 180600.101  37.0%   634  640s
  2532  1875 187848.991   55  165 285399.178 180651.489  36.7%   869  680s
  2670  2136 179160.084   27   68 284920.129 179160.084  37.1%   913  707s
  2323  1398 181819.845   38   55 202295.882 181819.845  10.1%   922  645s
  5662  5110 179709.872  286   23 286227.950 179709.872  37.2%   191  650s
  2995  2463 179393.564   51   45 266312.648 179367.372  32.6%   999  710s
  2839  2305 178498.327  174   40 264754.794 178498.327  32.6%  82.0  715s
  2258  1724 178198.582   22  104 284758.039 178197.660  37.4%   960  695s
  1670  1145 182149.608   27  137 287558.826 182149.608  36.7%   978  629s
H 2553  1956                    284120.38961 179709.872  36.7%   951  688s
  3645  3106 180503.193   40   28 288418.882 180503.193  37.4%   830  690s
  5579  4926 180050.548  112   52 283314.636 180050.548  36.4%   149  700s
  5685  5153 182782.021  439   47 286746.888 182782.021  36.3%  47.7  625s
  7604  7072 180651.489  124   10 287077.133 180651.489  37.1%  36.5  620s
  1671  1146 182149.608   26  106 287558.826 182149.608  36.7%   978  630s
  1725  1185 181566.065   30   69 288124.928 181528.569  37.0%  1100  665s
  4936  4403 180927.318  182   21 286359.250 180927.318  36.8%  49.4  705s
  5668  5136 179412.938  785   14 285950.701 179412.938  37.3%  29.6  675s
  9096  8561 182782.021 1345   10 286348.855 182782.021  36.2%  42.4  655s
  6814  6280 180906.381  173   10 284920.129 180906.381  36.5%  68.4  685s
  2718  2184 179262.556   21   95 285303.382 179262.556  37.2%  1010  715s
  2685  2151 180500.124   29   46 284920.129 179160.084  37.1%   915  710s
  1682  1014 187251.534   43   83 202665.692 182684.656  9.86%  1109  640s
  1796  1219 182684.656   35   63 202386.666 182684.656  9.73%   947  670s
H 2751  2209                    286999.74553 180311.763  37.2%  1039  703s
  2053  1524 180636.204   27   89 286083.583 180636.204  36.9%  1283  635s
  6459  5925 181994.115  132   16 285778.892 181994.115  36.3%   102  680s
  2188  1330 infeasible   32      202506.607 180906.381  10.7%  1154  660s
  3074  2537 180636.204   36   48 285994.701 180636.204  36.8%   887  695s
  2953  2418 183782.107   39  119 284330.784 180578.842  36.5%   867  715s
  9283  8749 181819.845   84    8 287269.724 181819.845  36.7%   110  665s
  2467  1934 180918.517   39   62 284233.100 180918.517  36.3%  1149  710s
  3042  2509 179140.137   44  146 286206.267 179111.514  37.4%   940  700s
  2557  1899 180651.489   47   59 285399.178 180651.489  36.7%   873  685s
  3155  2468 180600.101   38   79 286691.434 180600.101  37.0%   632  645s
  3280  2746 182149.608   90   55 287475.054 182149.608  36.6%   120  675s
  2553  1958 179738.426   35   95 284120.390 179709.872  36.7%   951  692s
  2352  1418 181845.165   41  145 202295.882 181819.845  10.1%   919  650s
  5706  5154 179709.872  286   74 286227.950 179709.872  37.2%   192  655s
  2751  2211 180311.763   34   46 286999.746 180311.763  37.2%  1039  706s
  3030  2498 179367.372   55   47 266312.648 179367.372  32.6%   998  715s
  2859  2325 178498.327  184   36 264754.794 178498.327  32.6%  81.7  720s
  2281  1747 178197.660   26  144 284758.039 178197.660  37.4%   961  700s
  3675  3136 180632.276   43   80 288418.882 180503.193  37.4%   829  695s
  5622  4969 180050.548  105   49 283314.636 180050.548  36.4%   152  705s
  5725  5193 182782.021  459   30 286746.888 182782.021  36.3%  48.6  630s
  4974  4441 180927.318  201   24 286359.250 180927.318  36.8%  49.1  710s
  1687  1156 182149.608   35   67 287558.826 182149.608  36.7%   983  635s
  1747  1207 181528.569   34   39 288124.928 181528.569  37.0%  1103  670s
  5714  5182 179412.938  808   16 285950.701 179412.938  37.3%  29.6  680s
  6884  6350 180906.381  164   14 284920.129 180906.381  36.5%  68.1  690s
  7641  7109 180651.489  128   71 287077.133 180651.489  37.1%  38.1  625s
  2742  2208 179262.556   25   66 285303.382 179262.556  37.2%  1010  720s
  2071  1536 180636.204   32   55 286083.583 180636.204  36.9%  1284  640s
  1813  1226 182684.656   38   40 202386.666 182684.656  9.73%   947  675s
  2698  2164 180582.801   29  188 284920.129 179160.084  37.1%   915  715s
  6532  5998 181994.115  106    9 285778.892 181994.115  36.3%   102  685s
  2559  1964 179709.872   29   54 284120.390 179709.872  36.7%   952  695s
H 2574  1914                    285297.31014 180651.489  36.7%   873  689s
  3099  2562 181131.682   30   90 285994.701 180636.204  36.8%   889  700s
  3298  2764 182149.608   92   59 287475.054 182149.608  36.6%   120  680s
  9386  8852 181819.845  114   10 287269.724 181819.845  36.7%   110  670s
  2771  2231 182286.518   36  121 286999.746 180311.763  37.2%  1036  710s
  3051  2518 179112.885   47   78 286206.267 179111.514  37.4%   941  705s
  2966  2431 184503.782   35  252 284330.784 180578.842  36.5%   869  720s
  9151  8616 182782.021 1346   12 286348.855 182782.021  36.2%  42.4  662s
  3187  2500 180600.101   46   64 286691.434 180600.101  37.0%   633  650s
  2578  1920 182160.547   52  137 285297.310 180651.489  36.7%   874  690s
  2486  1953 191937.018   44  213 284233.100 180918.517  36.3%  1150  715s
  1691  1018 182684.656   40   45 202665.692 182684.656  9.86%  1113  647s
  5746  5194 179709.872   48   55 286227.950 179709.872  37.2%   193  660s
  2367  1427 181819.845   44   41 202295.882 181819.845  10.1%   923  655s
  2208  1341 188496.899   37  125 202506.607 180906.381  10.7%  1155  667s
  2884  2350 178498.327  135   35 264754.794 178498.327  32.6%  81.2  725s
  3059  2527 179890.010   59   67 266312.648 179367.372  32.6%   997  720s
  2291  1757 178197.660   30   97 284758.039 178197.660  37.4%   961  705s
  3695  3156 180503.193   46   37 288418.882 180503.193  37.4%   829  700s
  5776  5244 182782.021  389   31 286746.888 182782.021  36.3%  48.8  635s
  5647  4994 180050.548   96   92 283314.636 180050.548  36.4%   153  710s
  5001  4468 180927.318  341   27 286359.250 180927.318  36.8%  48.9  715s
  7682  7150 180651.489  133   14 287077.133 180651.489  37.1%  39.2  630s
  1764  1224 181528.569   36   39 288124.928 181528.569  37.0%  1104  675s
  1705  1174 182149.608   34   93 287558.826 182149.608  36.7%   986  640s
  6928  6394 180906.381  154   10 284920.129 180906.381  36.5%  67.9  695s
  2764  2230 179262.556   20   55 285303.382 179262.556  37.2%  1010  725s
  5745  5213 179412.938 1454   18 285950.701 179412.938  37.3%  29.7  685s
  2717  2183 179902.082   37  261 284920.129 179160.084  37.1%   918  720s
  2086  1546 181045.077   31   73 286083.583 180636.204  36.9%  1283  645s
  1697  1021 187070.932   42  121 202665.692 182684.656  9.86%  1119  650s
  2215  1339 188498.689   37   94 202506.607 180906.381  10.7%  1158  670s
  9204  8669 182782.021 1342   10 286348.855 182782.021  36.2%  42.4  666s
  2578  1983 179709.872   28   40 284120.390 179709.872  36.7%   953  700s
  3318  2784 182149.608   97   59 287475.054 182149.608  36.6%   119  685s
  9485  8951 181819.845  100    8 287269.724 181819.845  36.7%   109  675s
  2983  2448 185412.183   38  140 284330.784 180578.842  36.5%   871  725s
  3069  2536 179111.514   38   53 286206.267 179111.514  37.4%   942  710s
  2789  2249 180311.763   31   24 286999.746 180311.763  37.2%  1035  715s
  2501  1968 180918.517   42   58 284233.100 180918.517  36.3%  1151  720s
  2597  1937 185161.971   53  107 285297.310 180651.489  36.7%   877  695s
  3222  2533 180600.101   39  110 286691.434 180600.101  37.0%   633  655s
  2385  1442 186275.411   47  103 202295.882 181819.845  10.1%   929  660s
  5786  5234 179709.872  285   86 286227.950 179709.872  37.2%   193  665s
  3082  2550 179367.385   61   52 266312.648 179367.372  32.6%   999  725s
  2910  2376 178498.327   44   35 264754.794 178498.327  32.6%  80.6  730s
H 6592  6056                    285755.80492 181994.115  36.3%   102  692s
  2316  1782 179003.806   32  132 284758.039 178197.660  37.4%   961  710s
  3721  3182 181035.028   50  116 288418.882 180503.193  37.4%   831  705s
  5679  5026 180050.548  164   50 283314.636 180050.548  36.4%   156  715s
  5822  5290 182782.021  234   26 286746.888 182782.021  36.3%  49.4  640s
  5034  4501 180927.318  231   23 286359.250 180927.318  36.8%  48.5  720s
  7739  7207 180651.489  144   10 287077.133 180651.489  37.1%  40.7  635s
  1723  1192 182149.608   26  100 287558.826 182149.608  36.7%   986  645s
  5784  5252 179412.938  843   18 285950.701 179412.938  37.3%  29.8  690s
  9262  8727 182782.021 1341   10 286348.855 182782.021  36.2%  42.4  670s
  6989  6455 180906.381  172   21 284920.129 180906.381  36.5%  67.6  700s
  2790  2256 180100.011   35  104 285303.382 179262.556  37.2%  1014  730s
  2734  2200 185578.201   26  166 284920.129 179160.084  37.1%   922  725s
  1718  1033 183916.221   46  130 202665.692 182684.656  9.86%  1120  655s
  2102  1557 180636.204   35   28 286083.583 180636.204  36.9%  1286  650s
  2599  2004 179709.872   24   54 284120.390 179709.872  36.7%   954  705s
  2235  1346 180906.381   30   49 202506.607 180906.381  10.7%  1164  675s
  3003  2468 185440.530   44  157 284330.784 180578.842  36.5%   872  730s
  9627  9093 181819.845  104   10 287269.724 181819.845  36.7%   108  680s
  2816  2276 180311.763   31   30 286999.746 180311.763  37.2%  1032  720s
  3344  2810 182149.608   89   80 287475.054 182149.608  36.6%   119  690s
  1830  1227 182684.656   30  106 202386.666 182684.656  9.73%   944  686s
  2519  1986 182685.098   44  200 284233.100 180918.517  36.3%  1151  725s
  6592  6058 182328.289  113  131 285755.805 181994.115  36.3%   102  696s
H 2396  1450                    202240.67449 181819.845  10.1%   931  664s
H 6596  6060                    285755.80478 181994.115  36.3%   102  696s
  2623  1958 180651.489   47   33 285297.310 180651.489  36.7%   875  700s
  3263  2571 180600.101   61   61 286691.434 180600.101  37.0%   634  660s
  5850  5298 179709.872  287   23 286227.950 179709.872  37.2%   193  670s
  3101  2564 180655.037   40   91 285994.701 180636.204  36.8%   890  712s
  3109  2577 179367.405   66   77 266312.648 179367.372  32.6%  1000  730s
  2934  2400 178498.327   51   32 264754.794 178498.327  32.6%  80.2  735s
  2340  1806 178197.660   24  130 284758.039 178197.660  37.4%   962  715s
  5701  5048 180050.548   90   25 283314.636 180050.548  36.4%   160  720s
  5859  5327 182782.021  526   59 286746.888 182782.021  36.3%  49.4  645s
  3749  3210 180752.514   53   95 288418.882 180503.193  37.4%   834  710s
  5071  4538 180927.318  376   23 286359.250 180927.318  36.8%  48.2  725s
  1745  1214 182149.608   40   36 287558.826 182149.608  36.7%   986  650s
  7800  7268 180651.489  150   65 287077.133 180651.489  37.1%  42.3  640s
  5826  5294 179412.938   35   14 285950.701 179412.938  37.3%  29.8  695s
  9366  8831 182782.021 1350   12 286348.855 182782.021  36.2%  42.4  675s
  2396  1451 182937.827   49  121 202240.674 181819.845  10.1%   931  667s
  7043  6509 180906.381  178   40 284920.129 180906.381  36.5%  67.4  705s
  2815  2281 179262.556   28  130 285303.382 179262.556  37.2%  1015  735s
  1773  1233 181535.198   23  103 288124.928 181528.569  37.0%  1106  685s
  2752  2218 179160.084   23  113 284920.129 179160.084  37.1%   923  730s
  1845  1236 185338.964   38  129 202386.666 182684.656  9.73%   943  690s
  1727  1039 182704.338   47   90 202665.692 182684.656  9.86%  1118  660s
  2122  1568 180924.064   37  139 286083.583 180636.204  36.9%  1286  655s
  6641  6107 181994.115  110   38 285755.805 181994.115  36.3%   102  700s
  2629  2033 179709.872   28   66 284120.390 179709.872  36.7%   952  710s
  3114  2577 180636.546   43   41 285994.701 180636.204  36.8%   893  715s
  3370  2836 182149.608   88   73 287475.054 182149.608  36.6%   119  695s
  3025  2490 180578.842   48   60 284330.784 180578.842  36.5%   874  735s
  3079  2546 179719.976   29  106 286206.267 179111.514  37.4%   943  720s
  9770  9236 181819.845   98    8 287269.724 181819.845  36.7%   107  685s
  2844  2304 180311.763   21   20 286999.746 180311.763  37.2%  1031  725s
  3290  2597 180600.101   39   23 286691.434 180600.101  37.0%   636  665s
  2415  1466 181819.845   52   36 202240.674 181819.845  10.1%   933  670s
  5922  5370 179709.872  214   57 286227.950 179709.872  37.2%   193  675s
  3139  2607 179444.605   73   73 266312.648 179367.372  32.6%   997  735s
  2357  1823 178197.660   20   89 284758.039 178197.660  37.4%   964  720s
  2953  2419 178498.327  231   59 264754.794 178498.327  32.6%  81.7  740s
  5104  4571 180927.318  266   21 286359.250 180927.318  36.8%  47.9  730s
  7856  7324 180651.489  156   47 287077.133 180651.489  37.1%  43.2  645s
  5871  5339 179412.938 1517   14 285950.701 179412.938  37.3%  29.7  700s
  1791  1251 182076.709   38   93 288124.928 181528.569  37.0%  1109  690s
  9484  8949 182782.021 1361   10 286348.855 182782.021  36.2%  42.4  680s
  7106  6572 180906.381  184   10 284920.129 180906.381  36.5%  67.1  710s
  2838  2304 179278.830   29  189 285303.382 179262.556  37.2%  1015  740s
  1749  1049 182684.656   51   62 202665.692 182684.656  9.86%  1114  665s
  2774  2240 180621.374   29  151 284920.129 179160.084  37.1%   927  735s
  2136  1580 180636.204   39   63 286083.583 180636.204  36.9%  1290  660s
  1861  1245 182684.656   32  130 202386.666 182684.656  9.73%   944  695s
  6727  6193 182328.289  117  116 285755.805 181994.115  36.3%   102  705s
  2649  2049 179709.872   31   38 284120.390 179709.872  36.7%   953  715s
  5713  5060 180050.548   82   43 283314.636 180050.548  36.4%   161  726s
  3136  2599 180636.204   32   76 285994.701 180636.204  36.8%   894  720s
  3393  2859 182149.608   91   60 287475.054 182149.608  36.6%   118  700s
  3045  2510 180578.842   45   70 284330.784 180578.842  36.5%   877  740s
  3097  2564 179111.514   29  101 286206.267 179111.514  37.4%   944  725s
  9839  9305 181819.845   86    8 287269.724 181819.845  36.7%   106  690s
  5907  5375 182782.021  550   18 286746.888 182782.021  36.3%  49.7  653s
  5987  5435 179709.872  169   18 286227.950 179709.872  37.2%   192  680s
  2452  1501 181819.845   57   35 202240.674 181819.845  10.1%   930  675s
  3159  2627 179367.372   74   89 266312.648 179367.372  32.6%   994  740s
  2965  2431 178498.327   50   35 264754.794 178498.327  32.6%  81.4  745s
  2377  1843 178197.660   20  110 284758.039 178197.660  37.4%   964  725s
  2849  2309 180311.763   31   15 286999.746 180311.763  37.2%  1033  732s
  5734  5081 180050.548   80   21 283314.636 180050.548  36.4%   163  730s
  5929  5397 182782.021  561   17 286746.888 182782.021  36.3%  49.7  655s
  5136  4603 180927.318  282   17 286359.250 180927.318  36.8%  47.7  735s
H 3771  3230                    288413.55655 180503.193  37.4%   838  720s
  1810  1270 181528.569   28   63 288124.928 181528.569  37.0%  1107  695s
  5904  5372 179412.938   74   14 285950.701 179412.938  37.3%  29.7  705s
  7154  6620 180906.381  189   32 284920.129 180906.381  36.5%  66.9  715s
  9609  9074 182782.021 1365   10 286348.855 182782.021  36.2%  42.4  685s
  2861  2327 180122.830   25  123 285303.382 179262.556  37.2%  1016  745s
  1875  1254 182713.258   48   42 202386.666 182684.656  9.73%   945  700s
  1762  1055 182684.656   39   65 202665.692 182684.656  9.86%  1118  670s
  2789  2255 179160.093   33   79 284920.129 179160.084  37.1%   932  740s
  2667  2063 179709.872   26   62 284120.390 179709.872  36.7%   952  720s
H 7880  7346                    285940.88484 180651.489  36.8%  43.8  652s
  3174  2637 181272.023   36   63 285994.701 180636.204  36.8%   891  725s
  3292  2599 180956.228   39   88 286691.434 180600.101  37.0%   637  674s
  6800  6266 181994.115  122    9 285755.805 181994.115  36.3%   102  710s
  3418  2884 182149.608   91   54 287475.054 182149.608  36.6%   118  705s
  9935  9401 181819.845   97    8 287269.724 181819.845  36.7%   106  695s
  3061  2526 180578.842   47   61 284330.784 180578.842  36.5%   877  745s
  2864  2324 180784.087   36  100 286999.746 180311.763  37.2%  1031  735s
  3108  2575 179111.514   31   40 286206.267 179111.514  37.4%   943  730s
  2250  1356 180906.381   33   33 202506.607 180906.381  10.7%  1166  691s
  3299  2606 180600.101   40   76 286691.434 180600.101  37.0%   636  675s
  2145  1588 180758.845   41  216 286083.583 180636.204  36.9%  1293  667s
  2473  1515 181819.845   60   38 202240.674 181819.845  10.1%   935  680s
  6064  5512 179709.872  268   19 286227.950 179709.872  37.2%   190  685s
  2992  2458 178498.327   66   34 264754.794 178498.327  32.6%  80.7  750s
  2402  1868 178197.660   23   66 284758.039 178197.660  37.4%   962  730s
  5986  5454 182782.021  316   30 286746.888 182782.021  36.3%  49.5  660s
  5170  4637 180927.318  299   17 286359.250 180927.318  36.8%  47.6  740s
  5766  5113 180050.548  158   52 283314.636 180050.548  36.4%   166  735s
  7884  7352 180651.489  160   10 285940.885 180651.489  36.8%  43.9  655s
  1832  1292 181528.569   44   33 288124.928 181528.569  37.0%  1107  700s
  5940  5408 179412.938   92   16 285950.701 179412.938  37.3%  29.7  710s
  9738  9203 182782.021 1358   10 286348.855 182782.021  36.2%  42.4  690s
  2530  1997 183032.551   46  203 284233.100 180918.517  36.3%  1152  742s
  2892  2358 179479.211   19  108 285303.382 179262.556  37.2%  1015  750s
H 2626  1959                    285249.99679 180651.489  36.7%   876  718s
  1891  1264 185265.416   42  134 202386.666 182684.656  9.73%   947  705s
  2153  1595 180636.204   40   65 286083.583 180636.204  36.9%  1296  670s
  6903  6369 182325.881  130  126 285755.805 181994.115  36.3%   102  715s
  2690  2081 179709.872   31   30 284120.390 179709.872  36.7%   953  725s
  2267  1369 180906.381   35   29 202506.607 180906.381  10.7%  1164  695s
  1756  1225 182149.608   35   91 287558.826 182149.608  36.7%   986  666s
  3207  2668 185883.318   42  153 285994.701 180636.204  36.8%   896  730s
  7179  6645 180906.381  192   10 284920.129 180906.381  36.5%  66.8  722s
 10074  9540 181819.845  108    8 287269.724 181819.845  36.7%   105  700s
  2889  2349 184387.921   38  141 286999.746 180311.763  37.2%  1031  740s
  2538  2005 181009.247   47   94 284233.100 180918.517  36.3%  1152  745s
  3074  2539 180578.842   38   59 284330.784 180578.842  36.5%   878  750s
  2633  1968 180651.489   50   67 285249.997 180651.489  36.7%   876  720s
  3771  3232 180996.305   53   89 288413.557 180503.193  37.4%   838  729s
  2498  1537 182554.347   64  128 202240.674 181819.845  10.1%   937  685s
  6123  5571 179709.872  236   14 286227.950 179709.872  37.2%   189  690s
  3344  2646 180600.101   39   69 286691.434 180600.101  37.0%   634  681s
  2431  1897 178197.961   29   49 284758.039 178197.660  37.4%   959  735s
  3127  2594 179111.514   33   61 286206.267 179111.514  37.4%   948  736s
  3014  2480 178498.327   50   25 264754.794 178498.327  32.6%  81.8  755s
  6038  5506 182782.021  342   22 286746.888 182782.021  36.3%  49.3  665s
  5208  4675 180927.318  318   28 286359.250 180927.318  36.8%  47.4  745s
  1767  1236 182149.608   46   38 287558.826 182149.608  36.7%   989  670s
  2799  2265 179160.084   30   59 284920.129 179160.084  37.1%   935  748s
  7932  7400 180672.482  160   78 285940.885 180651.489  36.8%  45.1  660s
  1850  1310 181529.174   47   57 288124.928 181528.569  37.0%  1101  705s
  5801  5148 180052.458  158   88 283314.636 180050.548  36.4%   169  740s
  7213  6679 180906.381  194   67 284920.129 180906.381  36.5%  66.8  725s
  3436  2902 182149.608   85   48 287475.054 182149.608  36.6%   118  713s
  5988  5456 179412.938  116   20 285950.701 179412.938  37.3%  29.5  715s
  2917  2383 179613.539   30  116 285303.382 179262.556  37.2%  1015  755s
  1781  1067 182684.656   38   85 202665.692 182684.656  9.86%  1114  680s
  1910  1276 182684.656   33   85 202386.666 182684.656  9.73%   947  710s
  9839  9304 182782.021 1364   12 286348.855 182782.021  36.2%  42.5  695s
  2175  1612 183797.429   43  136 286083.583 180636.204  36.9%  1297  675s
  6989  6455 181994.115  131   13 285755.805 181994.115  36.3%   102  720s
  2804  2270 179160.084   24  107 284920.129 179160.084  37.1%   936  750s
  2292  1384 180906.381   37   56 202506.607 180906.381  10.7%  1164  700s
  3776  3237 180503.193   57   44 288413.557 180503.193  37.4%   839  732s
  3235  2696 180636.204   33   46 285994.701 180636.204  36.8%   899  735s
  3168  2636 179367.372   76   38 266312.648 179367.372  32.6%   994  753s
  3450  2916 182149.608   91   61 287475.054 182149.608  36.6%   118  715s
  3142  2609 179111.754   35   82 286206.267 179111.514  37.4%   949  740s
 10229  9695 181819.845  121   16 287269.724 181819.845  36.7%   104  705s
  2914  2374 180311.763   30   51 286999.746 180311.763  37.2%  1033  745s
  3099  2564 182155.134   42  188 284330.784 180578.842  36.5%   880  755s
  2654  1988 180651.489   46   32 285249.997 180651.489  36.7%   876  725s
  2559  2026 187472.955   38  169 284233.100 180918.517  36.3%  1156  750s
  3378  2677 180601.051   47   38 286691.434 180600.101  37.0%   633  685s
  2520  1545 181988.846   32  168 202240.674 181819.845  10.1%   943  690s
  6186  5634 179709.872  269   12 286227.950 179709.872  37.2%   188  695s
  2695  2086 179766.978   31   49 284120.390 179709.872  36.7%   954  732s
  3036  2502 178498.327   61   31 264754.794 178498.327  32.6%  81.2  760s
  3180  2648 179367.372   77   64 266312.648 179367.372  32.6%   993  755s
  2457  1923 178198.384   33  150 284758.039 178197.660  37.4%   958  740s
  3789  3250 181165.280   60   80 288413.557 180503.193  37.4%   843  735s
  5841  5188 180050.763  148   75 283314.636 180050.548  36.4%   171  745s
  5244  4711 180927.318  336   32 286359.250 180927.318  36.8%  47.2  750s
  1789  1258 182149.608   40   39 287558.826 182149.608  36.7%   988  675s
  6023  5491 179412.938 1593   20 285950.701 179412.938  37.3%  29.4  720s
  9944  9409 182782.021 1360   12 286348.855 182782.021  36.2%  42.5  700s
  1868  1328 181528.569   32   49 288124.928 181528.569  37.0%  1105  710s
  2931  2397 179263.918   31  136 285303.382 179262.556  37.2%  1019  760s
  1801  1081 182684.656   48   44 202665.692 182684.656  9.86%  1108  685s
  2823  2289 179160.084   20   24 284920.129 179160.084  37.1%   935  755s
  1929  1285 182684.656   25   43 202386.666 182684.656  9.73%   951  715s
  7087  6553 181994.115  134   24 285755.805 181994.115  36.3%   102  725s
  2703  2094 180338.274   21   58 284120.390 179709.872  36.7%   955  735s
  7259  6725 180906.381  153   15 284920.129 180906.381  36.5%  68.9  731s
  6096  5564 182782.021  371   32 286746.888 182782.021  36.3%  49.0  672s
  2317  1402 180906.381   40   77 202506.607 180906.381  10.7%  1160  705s
  3259  2720 180636.204   31   68 285994.701 180636.204  36.8%   899  740s
  3468  2934 182149.608   90   60 287475.054 182149.608  36.6%   117  720s
  2934  2394 183599.729   32  123 286999.746 180311.763  37.2%  1035  750s
 10346  9812 181819.845  130   18 287269.724 181819.845  36.7%   103  710s
  7965  7433 180671.915  163   72 285940.885 180651.489  36.8%  46.1  667s
  2574  2041 181007.064   44   91 284233.100 180918.517  36.3%  1157  755s
H 2669  1999                    285249.62344 180651.489  36.7%   877  730s
  3406  2704 180600.101   42   16 286691.434 180600.101  37.0%   635  690s
  3154  2621 179118.120   36   45 286206.267 179111.514  37.4%   949  745s
  6231  5679 179709.872  292   12 286227.950 179709.872  37.2%   187  700s
  3214  2682 179367.372   79   77 266312.648 179367.372  32.6%   989  760s
  3054  2520 178498.327   70   28 264754.794 178498.327  32.6%  80.9  765s
  3811  3272 180503.193   63   44 288413.557 180503.193  37.4%   849  740s
  2480  1946 178197.907   37   91 284758.039 178197.660  37.4%   959  745s
  5271  4738 180927.318  184   19 286359.250 180927.318  36.8%  47.0  755s
  5866  5213 180050.548  148   40 283314.636 180050.548  36.4%   174  750s
  1800  1269 182188.828   43  161 287558.826 182149.608  36.7%   994  680s
  7988  7456 180651.489  167   12 285940.885 180651.489  36.8%  46.9  670s
  1887  1346 181528.569   35   29 288124.928 181528.569  37.0%  1103  715s
  6056  5524 179412.938  150   22 285950.701 179412.938  37.3%  29.3  725s
  7290  6756 180906.381  143   17 284920.129 180906.381  36.5%  70.4  735s
  1817  1091 182684.656   39   52 202665.692 182684.656  9.86%  1106  690s
  2835  2301 180088.565   26   66 284920.129 179160.084  37.1%   936  760s
  7162  6628 182325.881  126  122 285755.805 181994.115  36.3%   102  730s
  2726  2117 179709.872   26   64 284120.390 179709.872  36.7%   954  740s
  9961  9426 182782.021 1361   14 286348.855 182782.021  36.2%  42.5  706s
  2330  1411 180906.381   29   89 202506.607 180906.381  10.7%  1163  710s
  3281  2742 180636.204   35   43 285994.701 180636.204  36.8%   899  745s
H 6122  5588                    286717.56941 182782.021  36.3%  48.9  677s
  3490  2956 182149.608   90   52 287475.054 182149.608  36.6%   117  725s
  1940  1292 182684.656   27   81 202386.666 182684.656  9.73%   951  721s
  3176  2643 179111.514   39   50 286206.267 179111.514  37.4%   951  750s
  2691  2022 180651.489   48   56 285249.623 180651.489  36.7%   880  735s
  2587  2054 180918.517   41   59 284233.100 180918.517  36.3%  1156  760s
  3437  2734 181610.414   42   80 286691.434 180600.101  37.0%   640  695s
 10445  9911 181819.845  130   10 287269.724 181819.845  36.7%   103  715s
  6284  5732 179709.872  290   55 286227.950 179709.872  37.2%   188  705s
  3251  2719 179367.372   84   60 266312.648 179367.372  32.6%   985  765s
  3062  2528 178498.327   74   28 264754.794 178498.327  32.6%  80.7  770s
  2512  1978 178197.660   27   94 284758.039 178197.660  37.4%   954  750s
  3835  3296 180927.780   51  108 288413.557 180503.193  37.4%   855  745s
  5309  4776 180927.318  203   17 286359.250 180927.318  36.8%  46.7  760s
  2957  2423 179262.556   33   39 285303.382 179262.556  37.2%  1018  769s
  1812  1281 182149.608   24  154 287558.826 182149.608  36.7%  1000  685s
  1909  1367 181528.569   26   43 288124.928 181528.569  37.0%  1105  720s
  6096  5564 179412.938  170   12 285950.701 179412.938  37.3%  29.2  730s
 10064  9529 182782.021 1362   12 286348.855 182782.021  36.2%  42.5  710s
  7325  6791 180906.381  129   49 284920.129 180906.381  36.5%  73.6  740s
H 2949  2407                    286997.88381 180311.763  37.2%  1034  758s
  8019  7487 180651.489  171   84 285940.885 180651.489  36.8%  47.7  675s
  2187  1622 184856.569   38  113 286083.583 180636.204  36.9%  1299  689s
  6122  5590 182782.021  384   26 286717.569 182782.021  36.3%  48.9  680s
  2961  2427 179816.582   26  102 285303.382 179262.556  37.2%  1019  770s
  1837  1111 182684.656   28   60 202665.692 182684.656  9.86%  1107  695s
  1956  1301 182684.656   38   85 202386.666 182684.656  9.73%   948  725s
  2191  1626 180636.204   39   54 286083.583 180636.204  36.9%  1297  690s
  7271  6737 182319.862  130  121 285755.805 181994.115  36.3%   102  735s
  2751  2140 179709.872   25   91 284120.390 179709.872  36.7%   954  745s
  2346  1421 191852.233   32  117 202506.607 180906.381  10.7%  1171  715s
  2859  2325 179202.371   23  100 284920.129 179160.084  37.1%   934  765s
  3515  2981 182149.608  125   45 287475.054 182149.608  36.6%   118  730s
  3315  2776 180636.204   24   94 285994.701 180636.204  36.8%   896  750s
H 2949  2407                    286992.19831 180311.763  37.2%  1034  759s
 10578 10044 181819.845  133   26 287269.724 181819.845  36.7%   102  720s
  2610  2077 180918.517   30  106 284233.100 180918.517  36.3%  1156  765s
  2713  2043 181255.498   43   62 285249.623 180651.489  36.7%   884  740s
  3475  2768 185229.908   49  152 286691.434 180600.101  37.0%   639  700s
  6329  5777 179709.872   52   23 286227.950 179709.872  37.2%   189  710s
  3281  2749 180111.443   76   51 266312.648 179367.372  32.6%   985  770s
  3112  2577 183501.442   44  148 284330.784 180578.842  36.5%   882  771s
  2949  2409 180311.763   34   42 286992.198 180311.763  37.2%  1035  761s
  3090  2556 178498.327   88   32 264754.794 178498.327  32.6%  80.0  775s
  2543  2009 178197.660   33  134 284758.039 178197.660  37.4%   949  755s
  3864  3325 180881.215   48   68 288413.557 180503.193  37.4%   862  750s
  6175  5643 182782.021  684   28 286717.569 182782.021  36.3%  49.2  685s
  5342  4809 180927.318  385   20 286359.250 180927.318  36.8%  46.5  765s
  1830  1299 182149.608   37  127 287558.826 182149.608  36.7%  1000  690s
  5889  5236 180050.548  144   63 283314.636 180050.548  36.4%   175  760s
  8061  7529 180651.489  177   75 285940.885 180651.489  36.8%  49.3  680s
  1919  1377 181530.722   36   67 288124.928 181528.569  37.0%  1103  725s
 10181  9646 182782.021 1358   10 286348.855 182782.021  36.2%  42.5  715s
  2524  1549 181819.845   33   75 202240.674 181819.845  10.1%   943  707s
  2987  2453 180231.941   28  114 285303.382 179262.556  37.2%  1020  775s
  1857  1129 182684.656   31   57 202665.692 182684.656  9.86%  1104  700s
  1978  1317 182684.656   29  116 202386.666 182684.656  9.73%   948  730s
  2879  2345 179163.224   25   98 284920.129 179160.084  37.1%   936  770s
  2211  1646 180636.204   38   67 286083.583 180636.204  36.9%  1298  695s
  3189  2656 179111.514   40   56 286206.267 179111.514  37.4%   950  758s
  2781  2170 179709.872   28   60 284120.390 179709.872  36.7%   952  750s
  7340  6806 181994.115  122    9 285755.805 181994.115  36.3%   102  740s
  2358  1426 180923.261   32  115 202506.607 180906.381  10.7%  1180  720s
  3341  2802 181569.538   30   77 285994.701 180636.204  36.8%   898  755s
  3538  3004 182149.608   84   80 287475.054 182149.608  36.6%   118  735s
  2965  2425 186119.251   36  134 286992.198 180311.763  37.2%  1036  765s
 10690 10156 181819.845  141    8 287269.724 181819.845  36.7%   101  725s
  3193  2660 179112.239   40   92 286206.267 179111.514  37.4%   952  760s
  2628  2095 180918.517   29   57 284233.100 180918.517  36.3%  1153  770s
  2742  2072 180651.489   35   94 285249.623 180651.489  36.7%   881  745s
  7378  6844 180906.381   88   43 284920.129 180906.381  36.5%  75.3  747s
  3128  2593 186449.689   46  168 284330.784 180578.842  36.5%   884  775s
  2534  1556 184047.234   36  128 202240.674 181819.845  10.1%   946  710s
  6389  5837 179709.872  209   17 286227.950 179709.872  37.2%   190  715s
  3506  2799 180600.101   52   26 286691.434 180600.101  37.0%   641  705s
  3313  2781 179432.933   85  103 266312.648 179367.372  32.6%   983  775s
  6142  5610 179412.938  193   14 285950.701 179412.938  37.3%  29.3  739s
  3115  2581 178498.327   67   36 264754.794 178498.327  32.6%  79.4  780s
  3885  3346 180503.193   52   26 288413.557 180503.193  37.4%   866  755s
  5926  5273 180050.548  134   46 283314.636 180050.548  36.4%   178  765s
  6209  5677 182782.021  701   16 286717.569 182782.021  36.3%  49.1  690s
  5378  4845 180927.318  403   15 286359.250 180927.318  36.8%  46.3  770s
  1941  1399 181528.569   39   40 288124.928 181528.569  37.0%  1103  730s
  8109  7577 180651.489  183   10 285940.885 180651.489  36.8%  51.1  685s
  1846  1315 182326.149   37  192 287558.826 182149.608  36.7%  1003  695s
 10320  9785 182782.021 1365   14 286348.855 182782.021  36.2%  42.6  720s
  7401  6867 180906.381   90   48 284920.129 180906.381  36.5%  75.8  750s
  3013  2479 179262.556   30  112 285303.382 179262.556  37.2%  1021  780s
  2899  2365 179160.084   15  115 284920.129 179160.084  37.1%   935  775s
  6150  5618 179412.938  197   14 285950.701 179412.938  37.3%  29.4  740s
  2229  1663 180636.204   38   60 286083.583 180636.204  36.9%  1301  700s
  1871  1142 182684.656   25   76 202665.692 182684.656  9.86%  1109  705s
  7416  6882 181994.115  127    9 285755.805 181994.115  36.3%   101  745s
  2371  1437 180909.573   35  132 202506.607 180906.381  10.7%  1183  725s
  2804  2193 179776.024   30   72 284120.390 179709.872  36.7%   952  755s
  3364  2825 180636.204   35   18 285994.701 180636.204  36.8%   899  760s
 10811 10277 181819.845  139    8 287269.724 181819.845  36.7%   100  730s
  1993  1330 182684.656   32  115 202386.666 182684.656  9.73%   948  736s
  3560  3026 182149.608   79   57 287475.054 182149.608  36.6%   118  740s
  3148  2613 180578.842   46   65 284330.784 180578.842  36.5%   887  780s
  2986  2446 180317.503   38   81 286992.198 180311.763  37.2%  1036  770s
  3215  2682 179436.953   43  107 286206.267 179111.514  37.4%   955  765s
  2643  2110 181646.674   25   74 284233.100 180918.517  36.3%  1148  775s
  3532  2825 181854.076   56   97 286691.434 180600.101  37.0%   641  710s
  2758  2088 180700.794   34  107 285249.623 180651.489  36.7%   880  750s
  2557  1577 181819.845   38   82 202240.674 181819.845  10.1%   944  715s
  6420  5868 179709.872  284   39 286227.950 179709.872  37.2%   190  720s
  3332  2800 179367.372   66   46 266312.648 179367.372  32.6%   983  780s
  3139  2605 178498.327   79   35 264754.794 178498.327  32.6%  79.0  785s
  5958  5305 180050.548  138   60 283314.636 180050.548  36.4%   180  770s
  3907  3368 180897.919   38   60 288413.557 180503.193  37.4%   868  760s
  6240  5708 182782.021  443   19 286717.569 182782.021  36.3%  48.9  695s
  5406  4873 180927.318  417   19 286359.250 180927.318  36.8%  46.1  775s
  8152  7620 180651.489  190   19 285940.885 180651.489  36.8%  52.9  690s
  1859  1328 182149.608   34  119 287558.826 182149.608  36.7%  1008  700s
  6180  5648 179412.938  212   20 285950.701 179412.938  37.3%  29.3  745s
  7455  6921 180906.381  121    9 284920.129 180906.381  36.5%  77.7  755s
 10419  9884 182782.021 1363   12 286348.855 182782.021  36.2%  42.6  725s
  3038  2504 179262.556   24  127 285303.382 179262.556  37.2%  1020  785s
  2914  2380 179160.084   17   94 284920.129 179160.084  37.1%   935  780s
  2247  1679 180636.204   50   66 286083.583 180636.204  36.9%  1299  705s
  7505  6971 182319.862  131  124 285755.805 181994.115  36.3%   101  750s
  2004  1340 182684.656   25   96 202386.666 182684.656  9.73%   948  740s
  2385  1451 180906.381   27   79 202506.607 180906.381  10.7%  1182  730s
  3575  3041 182149.608   82   55 287475.054 182149.608  36.6%   118  745s
 10877 10343 181819.845  137    8 287269.724 181819.845  36.7%   100  735s
  3004  2464 180311.984   39   72 286992.198 180311.763  37.2%  1036  775s
  3166  2631 180578.842   47   58 284330.784 180578.842  36.5%   888  785s
  3241  2708 179111.757   43   95 286206.267 179111.514  37.4%   956  770s
  1877  1148 182709.819   35   79 202665.692 182684.656  9.86%  1112  711s
  2662  2129 180918.517   24   75 284233.100 180918.517  36.3%  1145  780s
  3563  2856 180600.101   60   36 286691.434 180600.101  37.0%   641  715s
  2777  2107 180651.489   35   63 285249.623 180651.489  36.7%   882  755s
  2563  2029 178642.430   26   96 284758.039 178197.660  37.4%   950  769s
H 7513  6977                    285698.93671 181994.115  36.3%   101  752s
  2579  1595 181819.845   40   88 202240.674 181819.845  10.1%   946  720s
  6462  5910 179709.872  209   19 286227.950 179709.872  37.2%   191  725s
H 6465  5911                    286141.98720 179709.872  37.2%   191  725s
  2568  2034 178197.660   35  103 284758.039 178197.660  37.4%   949  770s
  3351  2819 179718.795   63  128 266312.648 179367.372  32.6%   987  785s
  3372  2833 181598.173   37   58 285994.701 180636.204  36.8%   900  767s
  3934  3395 180869.830   37   72 288413.557 180503.193  37.4%   869  765s
  6300  5768 182782.021  473   16 286717.569 182782.021  36.3%  49.0  700s
  1871  1340 182149.608   36   81 287558.826 182149.608  36.7%  1013  705s
  5438  4905 180927.318  433   19 286359.250 180927.318  36.8%  45.8  780s
  3162  2628 178498.327   61   35 264754.794 178498.327  32.6%  78.6  790s
  8203  7671 180651.489  161   45 285940.885 180651.489  36.8%  55.1  695s
  5990  5337 180050.548  133   54 283314.636 180050.548  36.4%   183  775s
  6219  5687 179412.938 1691   64 285950.701 179412.938  37.3%  29.7  750s
 10552 10017 182782.021 1363   10 286348.855 182782.021  36.2%  42.6  730s
  3065  2531 179816.349   25  134 285303.382 179262.556  37.2%  1021  790s
  1893  1164 182684.656   26   99 202665.692 182684.656  9.86%  1107  715s
  2267  1698 180636.204   44   51 286083.583 180636.204  36.9%  1302  710s
  7543  7009 181994.115  130    9 285698.937 181994.115  36.3%   101  755s
  2404  1467 180906.381   29   91 202506.607 180906.381  10.7%  1179  735s
  7583  7049 180906.381  137   11 284920.129 180906.381  36.5%  77.0  761s
H 6231  5697                    285260.38043 179412.938  37.1%  29.9  751s
  3389  2850 180883.071   34  102 285994.701 180636.204  36.8%   901  770s
  3600  3066 182149.608   81   66 287475.054 182149.608  36.6%   117  750s
  3187  2652 182228.795   38  153 284330.784 180578.842  36.5%   891  790s
  1952  1410 181528.569   27   80 288124.928 181528.569  37.0%  1108  742s
  3264  2731 179111.514   46   41 286206.267 179111.514  37.4%   955  775s
 11022 10488 181819.845  128   10 287269.724 181819.845  36.7%  99.0  740s
  3022  2482 180311.763   41   37 286992.198 180311.763  37.2%  1039  780s
  2690  2157 180918.517   22   75 284233.100 180918.517  36.3%  1138  785s
  2801  2131 180659.450   37  101 285249.623 180651.489  36.7%   881  760s
  2601  1612 185580.386   43  157 202240.674 181819.845  10.1%   949  725s
  3377  2845 179367.911   66   79 266312.648 179367.372  32.6%   988  790s
  6474  5922 179709.872  207   34 286141.987 179709.872  37.2%   191  730s
  2596  2062 178197.660   21   84 284758.039 178197.660  37.4%   947  775s
  3183  2649 178498.327  101   42 264754.794 178498.327  32.6%  78.3  795s
  6023  5370 180050.548  102   68 283314.636 180050.548  36.4%   185  780s
  6355  5823 182782.021  774   22 286717.569 182782.021  36.3%  48.9  705s
  3955  3416 180503.193   38   77 288413.557 180503.193  37.4%   870  770s
  1891  1360 182149.608   41   44 287558.826 182149.608  36.7%  1013  710s
  3566  2859 180600.101   60   43 286691.434 180600.101  37.0%   641  721s
  8251  7719 180651.489  180   10 285940.885 180651.489  36.8%  56.0  700s
  2924  2390 179160.084   18  122 284920.129 179160.084  37.1%   935  789s
  1962  1420 181528.569   29   22 288124.928 181528.569  37.0%  1108  745s
  5476  4943 180927.318  452   19 286359.250 180927.318  36.8%  45.5  785s
  6247  5715 179412.938   79   18 285260.380 179412.938  37.1%  30.2  755s
 10709 10174 182782.021 1378   12 286348.855 182782.021  36.2%  42.6  735s
  7654  7120 180906.381  149   11 284920.129 180906.381  36.5%  77.0  765s
  1918  1186 182684.656   42   51 202665.692 182684.656  9.86%  1101  720s
  2930  2396 179160.084   18   64 284920.129 179160.084  37.1%   935  790s
  2295  1726 181132.223   42   60 286083.583 180636.204  36.9%  1300  715s
  2019  1351 182684.656   38   54 202386.666 182684.656  9.73%   947  750s
  2428  1481 183508.473   32  111 202506.607 180906.381  10.7%  1178  740s
  7610  7076 181994.115  138    9 285698.937 181994.115  36.3%   101  760s
  3420  2881 181276.534   38  109 285994.701 180636.204  36.8%   902  775s
  3623  3089 182149.608   81   52 287475.054 182149.608  36.6%   117  755s
  3211  2676 185101.133   41   99 284330.784 180578.842  36.5%   891  795s
 11128 10594 181819.845  137   26 287269.724 181819.845  36.7%  98.5  745s
  2709  2176 180918.517   27   42 284233.100 180918.517  36.3%  1138  790s
  3301  2768 179463.008   54  108 286206.267 179111.514  37.4%   955  780s
  3047  2507 185703.939   44  113 286992.198 180311.763  37.2%  1041  785s
  2809  2198 179941.713   27   80 284120.390 179709.872  36.7%   953  771s
  2820  2150 180651.489   35   60 285249.623 180651.489  36.7%   882  765s
  3610  2903 181943.104   62   60 286691.434 180600.101  37.0%   636  725s
  2620  1627 181864.204   43  120 202240.674 181819.845  10.1%   955  730s
  6549  5997 179709.872  152   11 286141.987 179709.872  37.2%   190  735s
  3413  2881 179367.372   71   46 266312.648 179367.372  32.6%   986  795s
  3209  2675 178498.327  114   32 264754.794 178498.327  32.6%  77.8  800s
  2621  2087 178994.915   29   66 284758.039 178197.660  37.4%   945  780s
  3983  3444 180996.237   40   89 288413.557 180503.193  37.4%   871  775s
  6064  5411 180050.548  132   55 283314.636 180050.548  36.4%   189  785s
  6400  5868 182782.021   80   18 286717.569 182782.021  36.3%  48.7  710s
  5510  4977 180927.318  469   17 286359.250 180927.318  36.8%  45.4  790s
  1911  1380 184245.964   45  234 287558.826 182149.608  36.7%  1014  715s
  8297  7765 180651.489  156   51 285940.885 180651.489  36.8%  56.9  705s
  6294  5762 179412.938  269   12 285260.380 179412.938  37.1%  30.1  760s
  1983  1441 181528.569   31   84 288124.928 181528.569  37.0%  1109  750s
 10761 10226 182782.021 1383   10 286348.855 182782.021  36.2%  42.6  740s
  2042  1370 186961.142   43  156 202386.666 182684.656  9.73%   943  755s
  2315  1746 180636.608   44   63 286083.583 180636.204  36.9%  1303  720s
  2827  2216 179744.355   29   85 284120.390 179709.872  36.7%   951  775s
  2948  2414 179160.084   20   30 284920.129 179160.084  37.1%   937  795s
  2444  1490 180906.381   35   52 202506.607 180906.381  10.7%  1178  745s
  3451  2912 180638.551   33   72 285994.701 180636.204  36.8%   901  780s
  3642  3108 182149.608   78   68 287475.054 182149.608  36.6%   117  760s
  3234  2699 180578.842   37   57 284330.784 180578.842  36.5%   892  800s
  3071  2531 180311.763   48   49 286992.198 180311.763  37.2%  1042  790s
  7691  7157 182319.862  135  132 285698.937 181994.115  36.3%   101  766s
 11242 10708 181819.845  122   10 287269.724 181819.845  36.7%  98.0  750s
  2838  2168 180651.489   32   78 285249.623 180651.489  36.7%   881  770s
  3667  2960 181986.749   66   58 286691.434 180600.101  37.0%   632  730s
  2727  2194 184706.208   26  196 284233.100 180918.517  36.3%  1137  795s
  2639  1643 182374.852   45  125 202240.674 181819.845  10.1%   958  735s
  6611  6059 179709.872  159   11 286141.987 179709.872  37.2%   189  740s
  3438  2906 179902.427   76  119 266312.648 179367.372  32.6%   989  800s
  3227  2693 178498.327  123   33 264754.794 178498.327  32.6%  77.4  805s
  2640  2106 178277.731   22  131 284758.039 178197.660  37.4%   944  785s
  3076  2542 179983.496   25   91 285303.382 179262.556  37.2%  1021  803s
  3316  2783 179111.514   53   32 286206.267 179111.514  37.4%   957  787s
  6102  5449 180051.232  152   81 283314.636 180050.548  36.4%   191  790s
  6440  5908 182782.021  100   83 286717.569 182782.021  36.3%  48.8  715s
  4011  3472 180927.763   44   64 288413.557 180503.193  37.4%   871  780s
  5538  5005 180927.318  483   22 286359.250 180927.318  36.8%  45.2  795s
  2003  1461 181528.569   26   66 288124.928 181528.569  37.0%  1108  755s
  1927  1396 182149.608   28  126 287558.826 182149.608  36.7%  1016  720s
  8343  7811 180651.489  162   10 285940.885 180651.489  36.8%  58.5  710s
  6336  5804 179412.938  290   16 285260.380 179412.938  37.1%  30.1  765s
 10840 10305 182782.021 1379   10 286348.855 182782.021  36.2%  42.6  745s
  3081  2547 179262.556   21   53 285303.382 179262.556  37.2%  1021  805s
  2968  2434 179160.084   22   60 284920.129 179160.084  37.1%   935  800s
  2056  1377 182684.656   47   47 202386.666 182684.656  9.73%   944  760s
  2330  1761 180636.204   44   61 286083.583 180636.204  36.9%  1305  725s
  7745  7211 181994.115  132    9 285698.937 181994.115  36.3%   101  770s
  2847  2236 179709.872   29   56 284120.390 179709.872  36.7%   953  780s
  3465  2926 180705.111   35   87 285994.701 180636.204  36.8%   902  785s
  3656  3122 182149.608   73   65 287475.054 182149.608  36.6%   118  765s
 11358 10824 181819.845  125   10 287269.724 181819.845  36.7%  97.4  755s
  3090  2550 180321.047   50   59 286992.198 180311.763  37.2%  1043  795s
  3251  2716 180578.842   39   66 284330.784 180578.842  36.5%   892  805s
  2857  2187 180651.489   38   74 285249.623 180651.489  36.7%   879  775s
  3717  3010 180600.101   67   49 286691.434 180600.101  37.0%   627  735s
  2743  2210 180920.002   28   93 284233.100 180918.517  36.3%  1138  800s
  2656  1656 181893.709   51  136 202240.674 181819.845  10.1%   961  740s
  2455  1495 183689.815   34  153 202506.607 180906.381  10.7%  1182  752s
  6701  6149 179709.872  169   13 286141.987 179709.872  37.2%   186  745s
H 8371  7837                    285933.70663 180651.489  36.8%  59.4  714s
  3244  2710 178498.327  102   40 264754.794 178498.327  32.6%  77.2  810s
  2648  2114 178197.660   25  100 284758.039 178197.660  37.4%   944  790s
  4037  3498 180742.086   51  107 288413.557 180503.193  37.4%   871  785s
  6137  5484 180050.548  197   36 283314.636 180050.548  36.4%   194  795s
  6484  5952 182782.021  248   22 286717.569 182782.021  36.3%  49.2  720s
  5568  5035 180927.318  498   22 286359.250 180927.318  36.8%  45.1  800s
  1937  1406 182275.836   39  175 287558.826 182149.608  36.7%  1017  725s
  6378  5846 179412.938  311   22 285260.380 179412.938  37.1%  29.9  770s
  2022  1480 181528.569   36   70 288124.928 181528.569  37.0%  1109  760s
 10978 10443 182782.021 1361   12 286348.855 182782.021  36.2%  42.5  750s
  3455  2923 179745.606   77   77 266312.648 179367.372  32.6%   988  806s
  3105  2571 179545.502   31  122 285303.382 179262.556  37.2%  1021  810s
  2346  1777 180636.204   49   45 286083.583 180636.204  36.9%  1310  730s
  8371  7839 180651.489  166   10 285933.707 180651.489  36.8%  59.4  716s
  2070  1390 182811.753   43   96 202386.666 182684.656  9.73%   949  765s
  2993  2459 179160.084   25   50 284920.129 179160.084  37.1%   934  805s
  7863  7329 181994.115  149    9 285698.937 181994.115  36.3%   101  775s
  2873  2262 180086.130   32   63 284120.390 179709.872  36.7%   953  785s
  2468  1503 180906.381   30   43 202506.607 180906.381  10.7%  1180  755s
  3277  2742 180578.842   42   60 284330.784 180578.842  36.5%   889  810s
  3678  3144 182149.608   73   68 287475.054 182149.608  36.6%   119  770s
  3115  2575 185829.218   46  109 286992.198 180311.763  37.2%  1046  800s
 11486 10952 181819.845  127    8 287269.724 181819.845  36.7%  96.8  760s
H 7873  7337                    285565.50399 181994.115  36.3%   101  776s
  2875  2205 180651.489   32   90 285249.623 180651.489  36.7%   879  780s
  2763  2230 181100.889   30  144 284233.100 180918.517  36.3%  1136  805s
  3762  3053 185237.101   52  141 286691.434 180600.101  37.0%   627  740s
H 8397  7863                    285933.32674 180651.489  36.8%  59.9  718s
  2679  1675 181819.845   44   23 202240.674 181819.845  10.1%   963  745s
  3265  2731 178498.327  142   20 264754.794 178498.327  32.6%  76.8  815s
  2671  2137 178197.660   26   84 284758.039 178197.660  37.4%   944  795s
  3477  2943 179367.372   62   75 266312.648 179367.372  32.6%   988  810s
  6796  6244 179709.872  181   11 286141.987 179709.872  37.2%   184  750s
  4061  3522 180503.193   52   43 288413.557 180503.193  37.4%   874  790s
  5602  5069 180927.318  515   21 286359.250 180927.318  36.8%  44.9  805s
  6528  5996 182782.021  270   24 286717.569 182782.021  36.3%  49.1  725s
  8397  7865 180671.915  166   70 285933.327 180651.489  36.8%  60.0  720s
  2044  1501 181528.569   32   91 288124.928 181528.569  37.0%  1112  765s
  6435  5903 179412.938  173   18 285260.380 179412.938  37.1%  29.8  775s
  7743  7209 180906.381  172   17 284920.129 180906.381  36.5%  77.2  784s
  6143  5490 180050.548   43   52 283314.636 180050.548  36.4%   194  800s
 11121 10586 182782.021 1360   10 286348.855 182782.021  36.2%  42.5  755s
  7745  7211 180906.381  173   13 284920.129 180906.381  36.5%  77.2  785s
  3016  2482 179160.084   28   84 284920.129 179160.084  37.1%   934  810s
  3134  2600 179262.556   30  156 285303.382 179262.556  37.2%  1020  815s
  2090  1404 182684.656   31  130 202386.666 182684.656  9.73%   949  770s
  2896  2284 179711.102   29   66 284120.390 179709.872  36.7%   956  790s
  7934  7400 181994.115  137    9 285565.504 181994.115  36.3%   101  780s
  2488  1510 infeasible   32      202506.607 180906.381  10.7%  1180  760s
  3697  3163 182149.608   71   75 287475.054 182149.608  36.6%   118  775s
 11624 11090 181819.845  128   10 287269.724 181819.845  36.7%  96.3  765s
  3139  2599 180312.825   47   45 286992.198 180311.763  37.2%  1047  805s
  3299  2764 186434.708   45  166 284330.784 180578.842  36.5%   891  815s
  2784  2251 182124.990   34  155 284233.100 180918.517  36.3%  1133  810s
  2895  2225 180651.489   36   72 285249.623 180651.489  36.7%   881  785s
  3797  3087 186283.895   56  155 286691.434 180600.101  37.0%   628  745s
  2706  1696 183753.187   31  116 202240.674 181819.845  10.1%   966  750s
  6881  6329 179709.872  189   13 286141.987 179709.872  37.2%   182  755s
  1921  1186 182684.656   43   44 202665.692 182684.656  9.86%  1104  743s
  3506  2972 179367.372   60   41 266312.648 179367.372  32.6%   987  815s
  2693  2159 178197.660   41  131 284758.039 178197.660  37.4%   944  800s
  3291  2757 178498.327  155   23 264754.794 178498.327  32.6%  76.3  820s
H 2354  1783                    285380.45102 180636.204  36.7%  1310  738s
  4096  3557 180503.193   37   64 288413.557 180503.193  37.4%   873  795s
  6172  5519 180050.548   65   36 283314.636 180050.548  36.4%   195  805s
  6586  6054 182782.021  299   25 286717.569 182782.021  36.3%  48.9  730s
  5642  5109 180927.318  535   23 286359.250 180927.318  36.8%  44.8  810s
  8450  7918 180671.422  176   70 285933.327 180651.489  36.8%  61.2  725s
  6486  5954 179412.938  365   12 285260.380 179412.938  37.1%  29.7  780s
  2065  1522 181528.569   34   55 288124.928 181528.569  37.0%  1110  770s
 11209 10674 182782.021 1362   10 286348.855 182782.021  36.2%  42.5  760s
  7824  7290 180906.381  189   11 284920.129 180906.381  36.5%  77.6  790s
  3318  2785 179111.514   52   32 286206.267 179111.514  37.4%   957  802s
  3158  2624 179262.556   16   98 285303.382 179262.556  37.2%  1022  820s
  3042  2508 179160.084   31   39 284920.129 179160.084  37.1%   934  815s
  2916  2301 180096.322   30  115 284120.390 179709.872  36.7%   956  795s
  1928  1193 182684.656   23   23 202665.692 182684.656  9.86%  1106  745s
  2492  1508 180906.381   28   80 202506.607 180906.381  10.7%  1180  765s
  1938  1407 184670.544   39  143 287558.826 182149.608  36.7%  1017  737s
  3717  3183 182149.608   68   71 287475.054 182149.608  36.6%   119  780s
  3325  2792 179437.327   53   89 286206.267 179111.514  37.4%   961  805s
  2354  1785 180636.222   47   92 285380.451 180636.204  36.7%  1311  741s
  3317  2782 180578.842   47   95 284330.784 180578.842  36.5%   891  820s
 11741 11207 181819.845  130   26 287269.724 181819.845  36.7%  95.8  770s
  2805  2272 180988.013   34   92 284233.100 180918.517  36.3%  1131  815s
  3831  3119 180600.101   52   55 286691.434 180600.101  37.0%   629  750s
  2913  2243 181548.065   38   62 285249.623 180651.489  36.7%   884  790s
  8016  7482 181994.115  138   26 285565.504 181994.115  36.3%   101  786s
  3489  2950 180636.204   38   45 285994.701 180636.204  36.8%   904  801s
  2729  1714 187588.082   56   99 202240.674 181819.845  10.1%   968  755s
  6962  6410 179709.872  196   11 286141.987 179709.872  37.2%   180  760s
  3534  3000 179888.765   59   67 266312.648 179367.372  32.6%   988  820s
  3309  2775 178498.327  164   33 264754.794 178498.327  32.6%  76.0  825s
  2712  2178 178197.660   29   89 284758.039 178197.660  37.4%   942  805s
  6204  5551 180050.548   51   33 283314.636 180050.548  36.4%   196  810s
  1945  1414 182149.608   38   42 287558.826 182149.608  36.7%  1019  740s
  6621  6089 182782.021  907   16 286717.569 182782.021  36.3%  48.9  735s
  5674  5141 180927.318  551   21 286359.250 180927.318  36.8%  44.6  815s
  8501  7969 180651.489  182   10 285933.327 180651.489  36.8%  62.3  730s
  6524  5992 179412.938  384   16 285260.380 179412.938  37.1%  29.5  785s
  2086  1543 181528.569   24   97 288124.928 181528.569  37.0%  1111  775s
  3183  2649 179262.556   19   92 285303.382 179262.556  37.2%  1020  825s
 11310 10775 182782.021 1378   10 286348.855 182782.021  36.2%  42.5  765s
  1942  1205 182684.656   30   83 202665.692 182684.656  9.86%  1104  750s
  3052  2518 179160.084   32   89 284920.129 179160.084  37.1%   934  820s
  2369  1800 180636.204   54   39 285380.451 180636.204  36.7%  1310  745s
  8092  7558 181994.115  144   17 285565.504 181994.115  36.3%   101  790s
  7873  7339 180906.381  169   17 284920.129 180906.381  36.5%  77.8  796s
H 3147  2605                    286973.19539 180311.763  37.2%  1049  814s
  2506  1520 180906.381   30   55 202506.607 180906.381  10.7%  1180  770s
  2937  2322 179731.837   20   80 284120.390 179709.872  36.7%   956  800s
  3504  2965 181089.618   39   79 285994.701 180636.204  36.8%   904  805s
  3720  3186 182149.608   68   78 287475.054 182149.608  36.6%   119  785s
 11812 11278 181819.845  129    8 287269.724 181819.845  36.7%  95.5  775s
  3345  2812 179113.321   52   72 286206.267 179111.514  37.4%   964  810s
  3147  2607 180311.763   43   53 286973.195 180311.763  37.2%  1049  815s
  3341  2806 180739.779   49  172 284330.784 180578.842  36.5%   891  825s
  2929  2259 180651.489   48   47 285249.623 180651.489  36.7%   885  795s
  3880  3166 186292.537   49  183 286691.434 180600.101  37.0%   625  755s
  2103  1417 182684.656   33  119 202386.666 182684.656  9.73%   948  782s
  2751  1732 181819.877   37   58 202240.674 181819.845  10.1%   969  760s
  3565  3031 179367.372   60   34 266312.648 179367.372  32.6%   987  825s
  3326  2792 178498.327  143   39 264754.794 178498.327  32.6%  75.6  830s
  4101  3562 180503.193   48   43 288413.557 180503.193  37.4%   873  804s
  7041  6489 179709.872  204   11 286141.987 179709.872  37.2%   179  765s
  4102  3563 180503.193   48   57 288413.557 180503.193  37.4%   873  805s
  6659  6127 182782.021  926   14 286717.569 182782.021  36.3%  48.8  740s
  1961  1430 184484.404   44  182 287558.826 182149.608  36.7%  1023  745s
  5705  5172 180927.318  401   21 286359.250 180927.318  36.8%  44.5  820s
  8552  8020 180651.489  181   14 285933.327 180651.489  36.8%  63.9  735s
  2808  2275 182643.320   36  158 284233.100 180918.517  36.3%  1132  822s
  2092  1549 181528.569   23   57 288124.928 181528.569  37.0%  1112  780s
  6566  6034 179412.938  405   14 285260.380 179412.938  37.1%  29.5  790s
  7934  7400 180906.381  195   11 284920.129 180906.381  36.5%  77.9  800s
  6233  5580 180050.548   95   45 283314.636 180050.548  36.4%   196  816s
  3214  2680 179262.556   22  115 285303.382 179262.556  37.2%  1019  830s
  1960  1221 182684.656   39   51 202665.692 182684.656  9.86%  1103  755s
  3077  2543 179160.084   35   54 284920.129 179160.084  37.1%   934  825s
  2387  1816 180636.204   34   74 285380.451 180636.204  36.7%  1313  750s
  8193  7659 181994.115  149    9 285565.504 181994.115  36.3%   100  795s
  2118  1430 183353.397   28  115 202386.666 182684.656  9.73%   948  785s
  2961  2343 179769.040   22  106 284120.390 179709.872  36.7%   957  805s
  2526  1532 180906.381   32   91 202506.607 180906.381  10.7%  1179  775s
  3532  2993 181789.465   41   67 285994.701 180636.204  36.8%   905  810s
  3738  3204 182149.608   66   64 287475.054 182149.608  36.6%   119  790s
  3365  2830 187027.896   53  172 284330.784 180578.842  36.5%   892  830s
  3169  2629 180311.763   41   38 286973.195 180311.763  37.2%  1052  820s
 11949 11415 181819.845  131   26 287269.724 181819.845  36.7%  94.8  780s
  2821  2288 187116.456   38  137 284233.100 180918.517  36.3%  1132  825s
  2950  2279 180651.489   41   71 285249.623 180651.489  36.7%   887  800s
  3904  3188 181378.904   52   56 286691.434 180600.101  37.0%   627  760s
  2773  1750 181824.130   40   53 202240.674 181819.845  10.1%   975  765s
  3370  2837 179800.165   37  155 286206.267 179111.514  37.4%   970  816s
  3599  3065 179777.406   62   68 266312.648 179367.372  32.6%   987  830s
  3342  2808 178498.327  151   44 264754.794 178498.327  32.6%  75.3  835s
  4129  3590 180869.830   34   74 288413.557 180503.193  37.4%   873  810s
  6710  6178 182782.021  361   20 286717.569 182782.021  36.3%  48.6  745s
  5741  5208 180927.318  419   21 286359.250 180927.318  36.8%  44.3  825s
  2723  2189 178208.712   19  152 284758.039 178197.660  37.4%   943  815s
  1979  1448 182149.608   36   34 287558.826 182149.608  36.7%  1028  750s
  8610  8078 180651.489  178   42 285933.327 180651.489  36.8%  65.4  740s
  2109  1565 181995.986   18  159 288124.928 181528.569  37.0%  1116  785s
  6609  6077 179412.938  260   14 285260.380 179412.938  37.1%  29.5  795s
  8019  7485 180906.381  204    9 284920.129 180906.381  36.5%  78.0  805s
  6260  5607 180050.548   81   78 283314.636 180050.548  36.4%   198  820s
  3240  2706 179816.173   26   73 285303.382 179262.556  37.2%  1019  835s
  1977  1234 182684.656   46   46 202665.692 182684.656  9.86%  1104  760s
  2416  1842 180636.204   38   68 285380.451 180636.204  36.7%  1310  755s
  2139  1446 182684.656   31  124 202386.666 182684.656  9.73%   948  790s
  2542  1538 180906.381   35   45 202506.607 180906.381  10.7%  1183  780s
  2991  2373 179709.872   20   16 284120.390 179709.872  36.7%   958  810s
  3562  3023 181229.028   46   55 285994.701 180636.204  36.8%   904  815s
  3759  3225 182149.608   64   55 287475.054 182149.608  36.6%   119  795s
  3190  2650 186560.568   44   97 286973.195 180311.763  37.2%  1054  825s
 12075 11541 181819.845  134   26 287269.724 181819.845  36.7%  94.2  785s
  3395  2862 179111.514   40   49 286206.267 179111.514  37.4%   970  820s
  3390  2855 180578.842   56   91 284330.784 180578.842  36.5%   893  835s
 11365 10830 182782.021 1377   10 286348.855 182782.021  36.2%  42.6  777s
  2843  2310 187789.883   40  140 284233.100 180918.517  36.3%  1132  830s
  2966  2294 180651.489   45   50 285249.623 180651.489  36.7%   890  805s
  8271  7737 182002.742  126  115 285565.504 181994.115  36.3%   101  802s
  2746  2212 178208.712   23   81 284758.039 178197.660  37.4%   943  820s
  4158  3619 180503.193   33   59 288413.557 180503.193  37.4%   875  815s
  3357  2823 178498.327  188   23 264754.794 178498.327  32.6%  75.0  840s
  6310  5656 180050.548  192   35 283314.636 180050.548  36.4%   199  825s
  5774  5241 180927.318  601   15 286359.250 180927.318  36.8%  44.2  830s
  1994  1463 182155.986   38   88 287558.826 182149.608  36.7%  1030  755s
  6749  6217 182782.021  971   18 286717.569 182782.021  36.3%  48.7  750s
  6666  6134 179412.938  455   14 285260.380 179412.938  37.1%  29.5  800s
  2127  1583 182047.225   20  164 288124.928 181528.569  37.0%  1119  790s
 11421 10886 182782.021 1378   10 286348.855 182782.021  36.2%  42.6  780s
  8113  7579 180906.381  213   11 284920.129 180906.381  36.5%  77.8  810s
  3919  3203 185648.634   51  167 286691.434 180600.101  37.0%   628  767s
  3266  2732 179262.556   25  119 285303.382 179262.556  37.2%  1020  840s
  2159  1464 182684.656   36   59 202386.666 182684.656  9.73%   945  795s
  2440  1859 180636.204   41   58 285380.451 180636.204  36.7%  1307  760s
  3029  2411 179709.872   25   40 284120.390 179709.872  36.7%   953  815s
  8299  7765 181994.115  130   44 285565.504 181994.115  36.3%   101  805s
  2556  1547 180906.381   30   81 202506.607 180906.381  10.7%  1183  785s
  2001  1253 182684.656   33   30 202665.692 182684.656  9.86%  1105  765s
  3086  2552 179160.084   35   63 284920.129 179160.084  37.1%   933  836s
  3592  3053 180643.130   38   58 285994.701 180636.204  36.8%   905  820s
 12193 11659 181819.845  129   12 287269.724 181819.845  36.7%  93.6  790s
  7096  6544 179710.061  209   28 286141.987 179709.872  37.2%   178  778s
  3209  2669 180313.065   46   60 286973.195 180311.763  37.2%  1055  830s
  3415  2882 179112.239   42   82 286206.267 179111.514  37.4%   973  825s
  2861  2328 180918.517   43   24 284233.100 180918.517  36.3%  1130  835s
  3781  3247 182149.608   58   79 287475.054 182149.608  36.6%   119  800s
H 8641  8107                    285933.32669 180651.489  36.8%  66.5  748s
  3611  3077 179820.221   65   53 266312.648 179367.372  32.6%   987  839s
  3938  3222 180658.476   54   47 286691.434 180600.101  37.0%   628  770s
  7103  6551 179709.872  212   11 286141.987 179709.872  37.2%   178  780s
  3613  3079 179803.173   65   54 266312.648 179367.372  32.6%   987  840s
  2757  2223 178197.728   25   97 284758.039 178197.660  37.4%   942  825s
  2792  1767 181819.845   29   75 202240.674 181819.845  10.1%   978  776s
  4180  3641 181096.021   38  100 288413.557 180503.193  37.4%   876  820s
  6352  5698 180050.548  189   94 283314.636 180050.548  36.4%   199  830s
  6789  6257 182782.021  991   20 286717.569 182782.021  36.3%  48.7  755s
  5800  5267 180927.318  614   18 286359.250 180927.318  36.8%  44.0  835s
  6696  6164 179412.938  470   18 285260.380 179412.938  37.1%  29.5  805s
  8211  7677 180906.381  213   17 284920.129 180906.381  36.5%  77.4  815s
  2011  1480 184009.230   41  236 287558.826 182149.608  36.7%  1035  760s
 11526 10991 182782.021 1363   14 286348.855 182782.021  36.2%  42.7  785s
  8641  8109 180651.489  180   50 285933.327 180651.489  36.8%  66.7  750s
  2019  1270 187589.097   45  116 202665.692 182684.656  9.86%  1104  770s
  3289  2755 179336.835   28  158 285303.382 179262.556  37.2%  1022  845s
  2462  1878 185915.733   45   99 285380.451 180636.204  36.7%  1306  765s
  2181  1476 182684.656   33   71 202386.666 182684.656  9.73%   945  800s
  8351  7817 181994.115  118   73 285565.504 181994.115  36.3%   103  810s
  3049  2431 179709.872   27   66 284120.390 179709.872  36.7%   952  820s
  2567  1552 184514.011   33  125 202506.607 180906.381  10.7%  1186  790s
  3617  3078 180636.204   53   36 285994.701 180636.204  36.8%   905  825s
  3101  2567 179160.084   33   58 284920.129 179160.084  37.1%   933  841s
H 2967  2293                    285183.00269 180651.489  36.7%   890  814s
  3796  3262 182149.608   57   73 287475.054 182149.608  36.6%   120  805s
 12278 11744 181819.845  117    8 287269.724 181819.845  36.7%  93.1  795s
  3442  2909 179111.514   45   28 286206.267 179111.514  37.4%   973  830s
  3230  2690 187419.226   52   97 286973.195 180311.763  37.2%  1058  835s
  2877  2344 180918.517   45   41 284233.100 180918.517  36.3%  1132  840s
  3970  3253 180786.269   59   83 286691.434 180600.101  37.0%   628  775s
  2802  1774 181819.845   31   75 202240.674 181819.845  10.1%   982  780s
  7185  6633 179710.026  218   28 286141.987 179709.872  37.2%   176  785s
  3639  3105 179803.173   64   50 266312.648 179367.372  32.6%   989  845s
  4200  3661 180503.193   37   44 288413.557 180503.193  37.4%   878  825s
  6822  6290 182782.021  252   20 286717.569 182782.021  36.3%  48.6  760s
  3404  2869 181597.423   58  283 284330.784 180578.842  36.5%   893  847s
  5831  5298 180927.318  464   29 286359.250 180927.318  36.8%  43.9  840s
  2026  1495 182149.608   36   50 287558.826 182149.608  36.7%  1038  765s
  8683  8151 180651.489  178   73 285933.327 180651.489  36.8%  68.1  755s
 11656 11121 182782.021 1363   12 286348.855 182782.021  36.2%  42.6  790s
  2759  2225 178197.660   24   81 284758.039 178197.660  37.4%   942  831s
  8312  7778 180906.381  225    9 284920.129 180906.381  36.5%  77.0  820s
  3308  2774 179824.037   19  154 285303.382 179262.556  37.2%  1024  850s
H 7203  6649                    286052.82285 179709.872  37.2%   176  787s
  2038  1283 182935.152   39  145 202665.692 182684.656  9.86%  1108  775s
  3119  2585 182451.624   36  210 284920.129 179160.084  37.1%   934  845s
  2485  1894 180654.010   46   46 285380.451 180636.204  36.7%  1307  770s
  6724  6192 179412.938  484   18 285260.380 179412.938  37.1%  29.4  811s
  2206  1495 182684.656   36  111 202386.666 182684.656  9.73%   943  805s
  3076  2458 179709.872   30   12 284120.390 179709.872  36.7%   952  825s
  8420  7885 182002.742  139  115 285565.504 181994.115  36.3%   105  815s
  3365  2831 178498.327  192   25 264754.794 178498.327  32.6%  74.9  852s
  3645  3106 180636.204   39   38 285994.701 180636.204  36.8%   907  830s
  3818  3284 182149.608   61   81 287475.054 182149.608  36.6%   119  810s
 12423 11889 181819.845  121    8 287269.724 181819.845  36.7%  92.8  800s
  3419  2884 180578.842   60   42 284330.784 180578.842  36.5%   893  850s
  3256  2716 180311.763   50   68 286973.195 180311.763  37.2%  1058  840s
  3472  2939 179111.514   50   45 286206.267 179111.514  37.4%   974  835s
  2894  2361 180918.517   40   52 284233.100 180918.517  36.3%  1135  845s
  4001  3280 180646.556   44   56 286691.434 180600.101  37.0%   631  780s
  2822  1788 181819.845   35   61 202240.674 181819.845  10.1%   987  785s
  7250  6698 179710.045  221   28 286052.823 179709.872  37.2%   175  790s
  3669  3135 180022.825   50  108 266312.648 179367.372  32.6%   990  850s
  4235  3696 180503.193   30   34 288413.557 180503.193  37.4%   880  830s
  3373  2839 178498.327  196   23 264754.794 178498.327  32.6%  74.7  855s
  2777  2243 178197.728   26  100 284758.039 178197.660  37.4%   943  835s
  6870  6338 182782.021  276   24 286717.569 182782.021  36.3%  48.5  765s
  5864  5331 180927.318  646   14 286359.250 180927.318  36.8%  43.8  845s
  6767  6235 179412.938  339   16 285260.380 179412.938  37.1%  29.2  815s
  8721  8189 180651.489  184   64 285933.327 180651.489  36.8%  69.6  760s
  2043  1512 182149.608   35   61 287558.826 182149.608  36.7%  1042  770s
  8411  7860 180906.381  229    9 284920.129 180906.381  36.5%  76.7  825s
 11781 11246 182782.021 1372   10 286348.855 182782.021  36.2%  42.7  795s
  2136  1592 181738.476   22  151 288124.928 181528.569  37.0%  1118  805s
  3325  2791 179262.556   21  102 285303.382 179262.556  37.2%  1024  855s
  2065  1308 182684.656   39   81 202665.692 182684.656  9.86%  1103  780s
  6370  5716 180050.548  189   37 283314.636 180050.548  36.4%   200  841s
  2232  1514 183925.193   29  139 202386.666 182684.656  9.73%   940  810s
  3142  2608 182478.422   47  182 284920.129 179160.084  37.1%   932  850s
  3103  2485 179709.872   31   30 284120.390 179709.872  36.7%   954  830s
  3679  3140 180636.204   44   49 285994.701 180636.204  36.8%   907  835s
  3843  3309 182149.608   64   68 287475.054 182149.608  36.6%   118  815s
 12554 12020 181819.845  126   26 287269.724 181819.845  36.7%  92.2  805s
  3445  2910 180578.842   62   57 284330.784 180578.842  36.5%   893  855s
  3283  2743 185429.026   44  170 286973.195 180311.763  37.2%  1059  845s
  3492  2959 179204.135   53  158 286206.267 179111.514  37.4%   978  840s
  8507  7971 181994.115  126   24 285565.504 181994.115  36.3%   106  821s
  4034  3310 180600.101   50   32 286691.434 180600.101  37.0%   633  785s
H 2494  1898                    285361.18375 180636.204  36.7%  1306  777s
  2844  1807 181819.845   28   70 202240.674 181819.845  10.1%   988  790s
  7302  6746 179709.872  229   16 286052.823 179709.872  37.2%   177  795s
  3702  3168 179789.672   54  103 266312.648 179367.372  32.6%   991  855s
  2911  2378 181687.429   43  152 284233.100 180918.517  36.3%  1135  851s
  2805  2271 178197.660   30  104 284758.039 178197.660  37.4%   940  840s
  3387  2853 178498.327  203   23 264754.794 178498.327  32.6%  74.5  860s
  2063  1532 182149.608   39   27 287558.826 182149.608  36.7%  1041  775s
  6895  6363 182782.021 1044   18 286717.569 182782.021  36.3%  48.4  770s
  5900  5367 180927.318  664   16 286359.250 180927.318  36.8%  43.7  850s
  2156  1612 181528.569   23   49 288124.928 181528.569  37.0%  1116  810s
  8775  8243 180651.489  122   12 285933.327 180651.489  36.8%  71.0  765s
  6809  6277 179412.938  360   16 285260.380 179412.938  37.1%  29.1  820s
 11856 11321 182782.021 1380   10 286348.855 182782.021  36.2%  42.7  800s
  8472  7901 180906.381  236    9 284920.129 180906.381  36.5%  76.5  830s
  2085  1322 182815.520   42   97 202665.692 182684.656  9.86%  1107  785s
  2255  1536 182684.656   25   54 202386.666 182684.656  9.73%   936  815s
  3134  2516 179709.872   34   50 284120.390 179709.872  36.7%   954  835s
  8543  8002 181994.115  143   24 285565.504 181994.115  36.3%   108  825s
  3344  2810 179336.835   28  109 285303.382 179262.556  37.2%  1025  860s
  2967  2295 180651.489   45   41 285183.003 180651.489  36.7%   890  829s
  3706  3167 180640.401   38   48 285994.701 180636.204  36.8%   910  840s
  3865  3331 182149.608   66   70 287475.054 182149.608  36.6%   118  820s
  3466  2931 188985.057   65  178 284330.784 180578.842  36.5%   893  860s
 12686 12152 181819.845  132   10 287269.724 181819.845  36.7%  91.6  810s
  3528  2995 179113.847   57   45 286206.267 179111.514  37.4%   974  845s
  4247  3708 180503.193   32   54 288413.557 180503.193  37.4%   879  838s
  6395  5741 180050.548  194   50 283314.636 180050.548  36.4%   201  848s
  2925  2392 180918.517   45   31 284233.100 180918.517  36.3%  1134  855s
  3155  2621 179160.084   39   65 284920.129 179160.084  37.1%   932  856s
  4059  3326 180600.101   33   82 286691.434 180600.101  37.0%   638  790s
  2971  2299 180651.489   52   58 285183.003 180651.489  36.7%   890  830s
  2865  1825 181819.845   30   87 202240.674 181819.845  10.1%   987  795s
  2583  1561 187692.498   34  107 202506.607 180906.381  10.7%  1187  807s
  7344  6788 179709.872  213   15 286052.823 179709.872  37.2%   179  800s
  3727  3193 179367.372   65   36 266312.648 179367.372  32.6%   993  860s
  2828  2294 178237.383   35  192 284758.039 178197.660  37.4%   939  845s
  4256  3717 180503.193   33   54 288413.557 180503.193  37.4%   880  840s
  6405  5751 180050.548  188   94 283314.636 180050.548  36.4%   201  850s
  6919  6387 182782.021 1056   30 286717.569 182782.021  36.3%  48.7  775s
  3399  2865 178498.327  209   29 264754.794 178498.327  32.6%  74.3  865s
  2079  1548 182149.608   39   48 287558.826 182149.608  36.7%  1039  780s
  5909  5376 180927.318  503   19 286359.250 180927.318  36.8%  43.6  855s
  2171  1626 181528.569   26   64 288124.928 181528.569  37.0%  1115  815s
  6849  6317 179412.938  380   14 285260.380 179412.938  37.1%  29.0  825s
  8816  8284 180651.489  105   10 285933.327 180651.489  36.8%  70.9  770s
  8536  7937 182643.772  241  144 284920.129 180906.381  36.5%  76.3  835s
  2494  1900 180636.769   47   47 285361.184 180636.204  36.7%  1308  784s
  2102  1337 182684.656   43   47 202665.692 182684.656  9.86%  1111  790s
  3163  2629 179160.084   40   74 284920.129 179160.084  37.1%   933  860s
  2498  1904 180636.204   47   40 285361.184 180636.204  36.7%  1306  785s
  3163  2541 187433.552   34  115 284120.390 179709.872  36.7%   955  840s
  8582  8030 182065.360  142  163 285565.504 181994.115  36.3%   109  830s
 11985 11450 182782.021 1393   14 286348.855 182782.021  36.2%  42.7  806s
  3724  3185 180636.204   37   70 285994.701 180636.204  36.8%   912  845s
  2590  1562 184308.342   27  136 202506.607 180906.381  10.7%  1191  810s
  3481  2946 185412.700   66  173 284330.784 180578.842  36.5%   892  865s
  3552  3019 179113.319   58   33 286206.267 179111.514  37.4%   976  850s
  3303  2763 180311.763   47   46 286973.195 180311.763  37.2%  1057  855s
 12788 12254 181819.845  127   26 287269.724 181819.845  36.7%  91.2  815s
  2938  2405 184416.716   47  250 284233.100 180918.517  36.3%  1131  860s
H 8585  8030                    285536.63900 181994.115  36.3%   109  831s
  2989  2317 180651.489   46   53 285183.003 180651.489  36.7%   892  835s
  7382  6826 179709.872  211   18 286052.823 179709.872  37.2%   181  805s
  3751  3217 180004.957   69   71 266312.648 179367.372  32.6%   994  865s
  3409  2875 178498.327  214   29 264754.794 178498.327  32.6%  74.1  870s
  3871  3337 182149.608   67   61 287475.054 182149.608  36.6%   118  827s
  4282  3743 180503.193   37   24 288413.557 180503.193  37.4%   880  845s
  2853  2319 178197.660   31  137 284758.039 178197.660  37.4%   939  850s
  6434  5780 180050.548  188   27 283314.636 180050.548  36.4%   203  855s
  6962  6430 182782.021 1078   28 286717.569 182782.021  36.3%  48.6  780s
  2873  1831 181819.845   31   89 202240.674 181819.845  10.1%   989  801s
  3358  2824 179479.211   25  110 285303.382 179262.556  37.2%  1028  868s
  2095  1564 182149.608   39   20 287558.826 182149.608  36.7%  1039  785s
  2269  1550 182684.656   28   68 202386.666 182684.656  9.73%   934  823s
  6894  6362 179412.938  569   12 285260.380 179412.938  37.1%  28.9  830s
  5935  5402 180927.318  516   17 286359.250 180927.318  36.8%  43.5  860s
  2195  1650 181528.569   30   74 288124.928 181528.569  37.0%  1110  820s
 12075 11540 182782.021 1402   10 286348.855 182782.021  36.2%  42.8  810s
  8622  7994 180906.381  227    9 284920.129 180906.381  36.5%  76.1  840s
  8856  8324 180651.489   99   10 285933.327 180651.489  36.8%  70.8  775s
  2275  1556 182684.656   28   76 202386.666 182684.656  9.73%   933  825s
  3184  2650 180741.663   45  146 284920.129 179160.084  37.1%   934  865s
  2521  1919 185915.733   51  132 285361.184 180636.204  36.7%  1308  790s
  3364  2830 180163.706   24  138 285303.382 179262.556  37.2%  1028  870s
  2119  1351 185045.127   40  153 202665.692 182684.656  9.86%  1121  795s
  3201  2577 179709.872   37   24 284120.390 179709.872  36.7%   953  845s
  8612  8050 181994.115  139   47 285536.639 181994.115  36.3%   111  835s
  2602  1570 180906.381   23   65 202506.607 180906.381  10.7%  1193  815s
  3749  3210 180636.204   36   24 285994.701 180636.204  36.8%   914  850s
  3884  3350 182149.608   68   85 287475.054 182149.608  36.6%   118  830s
 12925 12391 181819.845  122    8 287269.724 181819.845  36.7%  90.7  820s
  3507  2972 180578.854   67   94 284330.784 180578.842  36.5%   893  870s
  3580  3047 179204.150   57  144 286206.267 179111.514  37.4%   979  855s
  3328  2788 180412.044   36  177 286973.195 180311.763  37.2%  1057  860s
  2965  2432 180918.517   49   40 284233.100 180918.517  36.3%  1130  865s
  3011  2338 181970.632   44  129 285183.003 180651.489  36.7%   894  840s
  7429  6873 179709.872  204   11 286052.823 179709.872  37.2%   184  810s
  2889  1845 181819.845   33   57 202240.674 181819.845  10.1%   990  805s
  3775  3241 180120.097   71   67 266312.648 179367.372  32.6%   996  870s
  3425  2891 178498.327  222   27 264754.794 178498.327  32.6%  73.8  875s
  2873  2339 178197.797   31  103 284758.039 178197.660  37.4%   938  855s
  4313  3774 180503.193   40   24 288413.557 180503.193  37.4%   881  850s
  5967  5434 180927.318  532   15 286359.250 180927.318  36.8%  43.3  865s
  2114  1583 182152.660   42   30 287558.826 182149.608  36.7%  1038  790s
  8913  8381 180651.489   95   10 285933.327 180651.489  36.8%  70.6  780s
  6951  6419 179412.938  431   20 285260.380 179412.938  37.1%  28.7  835s
 12213 11678 182782.021 1416   12 286348.855 182782.021  36.2%  42.8  815s
  8717  8075 180906.381  272   59 284920.129 180906.381  36.5%  75.8  845s
  2211  1666 181529.606   22   85 288124.928 181528.569  37.0%  1110  825s
  6476  5822 180050.548  120   23 283314.636 180050.548  36.4%   205  860s
  3381  2847 179262.556   16  131 285303.382 179262.556  37.2%  1027  875s
  2132  1360 infeasible   47      202665.692 182684.656  9.86%  1130  800s
  3206  2672 179160.084   45   48 284920.129 179160.084  37.1%   934  870s
  2544  1937 180636.204   40   48 285361.184 180636.204  36.7%  1309  795s
  2298  1575 182684.656   31   67 202386.666 182684.656  9.73%   931  830s
  2616  1584 180906.381   25   37 202506.607 180906.381  10.7%  1196  820s
H 8670  8088                    285403.46929 181994.115  36.2%   113  840s
  3907  3373 182149.608   71   55 287475.054 182149.608  36.6%   118  835s
 13069 12535 181819.845  123    8 287269.724 181819.845  36.7%  90.2  825s
  3208  2584 179709.872   39   21 284120.390 179709.872  36.7%   952  851s
  3605  3072 179204.207   53  158 286206.267 179111.514  37.4%   983  860s
  3532  2997 180578.842   74   44 284330.784 180578.842  36.5%   894  875s
  3344  2804 185637.322   41  112 286973.195 180311.763  37.2%  1058  865s
  6970  6438 182782.021 1082   29 286717.569 182782.021  36.3%  48.6  788s
  3020  2347 181217.070   42   73 285183.003 180651.489  36.7%   895  845s
  3781  3242 180642.882   39   57 285994.701 180636.204  36.8%   914  856s
  7469  6913 179709.872  201   38 286052.823 179709.872  37.2%   187  815s
  4070  3334 188282.293   35  129 286691.434 180600.101  37.0%   639  805s
  2911  1861 181819.845   35   22 202240.674 181819.845  10.1%   994  810s
  3443  2909 178498.327  231   25 264754.794 178498.327  32.6%  73.4  880s
  6504  5850 180050.548  114   67 283314.636 180050.548  36.4%   206  865s
  4343  3804 180503.193   38   55 288413.557 180503.193  37.4%   881  855s
  6001  5468 180927.318  549   21 286359.250 180927.318  36.8%  43.2  870s
  8978  8446 180651.489   93   10 285933.327 180651.489  36.8%  70.3  785s
  3795  3260 179870.173   69   75 266312.648 179367.372  32.6%   997  875s
  2233  1688 182862.610   36  231 288124.928 181528.569  37.0%  1109  830s
  7007  6475 179412.938  459   14 285260.380 179412.938  37.1%  28.6  840s
  6987  6455 182782.021 1090   31 286717.569 182782.021  36.3%  48.5  790s
 12326 11791 182782.021 1426   10 286348.855 182782.021  36.2%  43.0  820s
  8832  8170 180906.381  231    9 284920.129 180906.381  36.5%  75.4  850s
  3402  2868 179262.556   22  103 285303.382 179262.556  37.2%  1029  880s
  2152  1372 182684.656   39   51 202665.692 182684.656  9.86%  1132  805s
  2319  1595 191483.830   34  133 202386.666 182684.656  9.73%   928  835s
  3228  2694 188657.710   33  163 284920.129 179160.084  37.1%   935  875s
  2560  1951 180636.204   44   44 285361.184 180636.204  36.7%  1313  800s
  2128  1597 182149.608   43   74 287558.826 182149.608  36.7%  1038  796s
  3252  2628 179709.872   43   22 284120.390 179709.872  36.7%   944  855s
  8714  8126 182325.881  133  122 285403.469 181994.115  36.2%   114  845s
  2629  1597 180906.381   25   96 202506.607 180906.381  10.7%  1199  825s
  3800  3261 180636.204   41   89 285994.701 180636.204  36.8%   917  860s
  3928  3394 182149.608   73   69 287475.054 182149.608  36.6%   119  840s
 13211 12677 181819.845  136   26 287269.724 181819.845  36.7%  89.7  830s
  3553  3018 189604.062   70  175 284330.784 180578.842  36.5%   894  880s
  3622  3089 179174.517   54  131 286206.267 179111.514  37.4%   987  865s
  3363  2823 184817.879   41  159 286973.195 180311.763  37.2%  1060  870s
  4095  3356 180600.101   38   42 286691.434 180600.101  37.0%   638  810s
  3042  2368 180651.489   51   54 285183.003 180651.489  36.7%   895  850s
  2932  1878 181819.845   38   45 202240.674 181819.845  10.1%   996  815s
  7508  6952 179709.872  199   18 286052.823 179709.872  37.2%   189  820s
  3809  3274 179814.690   71  114 266312.648 179367.372  32.6%   998  880s
  3460  2926 178498.327  210   40 264754.794 178498.327  32.6%  73.1  885s
H 2973  2438                    284215.94339 180918.517  36.3%  1129  876s
H 2973  2438                    284210.73803 180918.517  36.3%  1129  876s
  7039  6507 182782.021 1116   47 286717.569 182782.021  36.3%  48.3  795s
  4372  3833 180503.193   42   51 288413.557 180503.193  37.4%   881  860s
  6537  5883 180050.548  162   42 283314.636 180050.548  36.4%   208  870s
  6026  5493 180927.318  727   16 286359.250 180927.318  36.8%  43.1  875s
  2143  1612 187618.529   41  309 287558.826 182149.608  36.7%  1038  800s
  9020  8488 180651.489   90   10 285933.327 180651.489  36.8%  70.2  790s
  7057  6525 179412.938  484   15 285260.380 179412.938  37.1%  28.4  845s
  8881  8206 180906.381  214    9 284920.129 180906.381  36.5%  75.3  855s
 12443 11908 182782.021 1430   10 286348.855 182782.021  36.2%  43.2  825s
  2251  1706 181922.860   34   65 288124.928 181528.569  37.0%  1109  835s
  2166  1381 182705.269   45   50 202665.692 182684.656  9.86%  1137  810s
  3422  2888 179278.722   24  134 285303.382 179262.556  37.2%  1031  885s
  2336  1608 182684.656   36   46 202386.666 182684.656  9.73%   928  840s
  2576  1965 180636.204   35   17 285361.184 180636.204  36.7%  1313  805s
  3323  2699 179709.872   50   15 284120.390 179709.872  36.7%   924  860s
  2642  1608 180906.381   28   67 202506.607 180906.381  10.7%  1201  830s
  8762  8165 181994.115  114   78 285403.469 181994.115  36.2%   115  850s
  3819  3280 180665.145   39   89 285994.701 180636.204  36.8%   917  865s
  3952  3418 182149.608   76   55 287475.054 182149.608  36.6%   118  845s
 13349 12815 181819.845  142    8 287269.724 181819.845  36.7%  89.2  835s
  3374  2834 183950.741   44  148 286973.195 180311.763  37.2%  1063  875s
  3640  3107 179111.514   33   76 286206.267 179111.514  37.4%   989  870s
  2987  2454 182334.850   52  110 284210.738 180918.517  36.3%  1127  880s
  3053  2379 180651.489   52   53 285183.003 180651.489  36.7%   897  855s
  4120  3374 180600.101   41   51 286691.434 180600.101  37.0%   640  815s
  2948  1888 186937.199   39  173 202240.674 181819.845  10.1%  1000  820s
  3230  2696 185578.201   33  191 284920.129 179160.084  37.1%   936  882s
  7544  6988 179709.872  199   21 286052.823 179709.872  37.2%   192  825s
  3836  3301 179367.372   48   58 266312.648 179367.372  32.6%   997  885s
  2890  2356 178197.733   30   82 284758.039 178197.660  37.4%   940  869s
  3474  2940 178498.327  217   41 264754.794 178498.327  32.6%  72.9  890s
  4399  3860 180503.193   51   45 288413.557 180503.193  37.4%   881  865s
  2891  2357 178197.660   31   70 284758.039 178197.660  37.4%   940  870s
  6057  5524 180927.318  577   15 286359.250 180927.318  36.8%  43.0  880s
  2161  1630 185456.480   42  173 287558.826 182149.608  36.7%  1040  805s
  6565  5911 180050.548  176   48 283314.636 180050.548  36.4%   209  875s
  9077  8545 180651.489   92   10 285933.327 180651.489  36.8%  70.0  795s
  7105  6573 179412.938  508   12 285260.380 179412.938  37.1%  28.2  850s
  2265  1720 181528.569   22   50 288124.928 181528.569  37.0%  1109  840s
  8960  8269 183199.650  239  146 284920.129 180906.381  36.5%  75.1  860s
  7095  6563 182782.021 1144   11 286717.569 182782.021  36.3%  49.5  801s
 12552 12017 182782.021 1424   12 286348.855 182782.021  36.2%  43.3  830s
  3238  2704 179160.084   34   45 284920.129 179160.084  37.1%   936  885s
  2590  1977 188051.526   36  133 285361.184 180636.204  36.7%  1317  810s
  2179  1386 200463.781   44   79 202665.692 182684.656  9.86%  1152  815s
  2654  1614 180906.381   31   51 202506.607 180906.381  10.7%  1204  835s
  3557  3022 185412.700   67  182 284330.784 180578.842  36.5%   894  889s
  3843  3304 181209.030   40   52 285994.701 180636.204  36.8%   919  870s
  3396  2772 179709.872   61   17 284120.390 179709.872  36.7%   906  865s
  8790  8186 181994.115  112   63 285403.469 181994.115  36.2%   116  855s
  3989  3455 182149.608   81   38 287475.054 182149.608  36.6%   118  850s
H 7149  6615                    286425.17524 182782.021  36.2%  49.2  802s
  3398  2858 180311.763   38   54 286973.195 180311.763  37.2%  1062  880s
 13469 12935 181819.845  144   10 287269.724 181819.845  36.7%  88.7  840s
  3003  2470 180918.517   55   42 284210.738 180918.517  36.3%  1129  885s
  4165  3414 180600.101   47   47 286691.434 180600.101  37.0%   638  820s
  3560  3025 180578.842   71   49 284330.784 180578.842  36.5%   894  890s
  3073  2399 181412.811   30  102 285183.003 180651.489  36.7%   901  860s
  7591  7035 179709.872  194   13 286052.823 179709.872  37.2%   195  830s
  2915  2381 179043.154   25   78 284758.039 178197.660  37.4%   938  875s
  3494  2960 178498.327  227   35 264754.794 178498.327  32.6%  72.5  895s
  6600  5946 180050.548   72   39 283314.636 180050.548  36.4%   209  880s
  7206  6674 182782.021 1177   15 286425.175 182782.021  36.2%  49.0  805s
  6084  5551 180927.318  753   35 286359.250 180927.318  36.8%  44.5  885s
  4424  3885 180686.925   50  101 288413.557 180503.193  37.4%   883  870s
  2170  1639 185124.039   46  115 287558.826 182149.608  36.7%  1041  810s
  9150  8618 180651.489   85   10 285933.327 180651.489  36.8%  69.6  800s
  2281  1736 181528.569   20   32 288124.928 181528.569  37.0%  1109  845s
  7161  6629 179412.938  536   16 285260.380 179412.938  37.1%  28.0  855s
  3662  3129 180155.648   33   56 286206.267 179111.514  37.4%   991  877s
  2195  1393 200463.781   40   83 202665.692 182684.656  9.86%  1159  820s
  3261  2727 179160.084   32   53 284920.129 179160.084  37.1%   936  890s
 12660 12125 182782.040 1427   17 286348.855 182782.021  36.2%  43.5  835s
  2343  1613 182684.656   36   61 202386.666 182684.656  9.73%   927  850s
  8831  8223 181994.115  115   25 285403.469 181994.115  36.2%   118  860s
  9068  8353 183434.806  250  153 284920.129 180906.381  36.5%  74.8  866s
  2615  1996 180636.204   40   54 285361.184 180636.204  36.7%  1316  815s
  2671  1625 180906.771   26  121 202506.607 180906.381  10.7%  1204  840s
H 7177  6643                    284609.30215 179412.938  37.0%  28.0  856s
  4027  3493 182149.608   83   30 287475.054 182149.608  36.6%   117  855s
 13624 13090 181819.845  155   26 287269.724 181819.845  36.7%  88.1  845s
  3450  2826 179709.872   64   21 284120.390 179709.872  36.7%   892  871s
  3577  3042 180631.068   53  114 284330.784 180578.842  36.5%   897  895s
  3027  2494 183774.839   49  150 284210.738 180918.517  36.3%  1129  890s
  3872  3337 179367.372   53   61 266312.648 179367.372  32.6%   994  893s
  3667  3134 179111.514   36   43 286206.267 179111.514  37.4%   992  880s
  3090  2415 180651.489   39   83 285183.003 180651.489  36.7%   903  865s
  4202  3442 180600.101   51   59 286691.434 180600.101  37.0%   638  825s
  3436  2902 179279.166   26  141 285303.382 179262.556  37.2%  1032  897s
  7635  7079 179709.872  192   11 286052.823 179709.872  37.2%   197  835s
  3882  3347 179367.372   54   35 266312.648 179367.372  32.6%   993  895s
  3516  2982 178498.327  238   43 264754.794 178498.327  32.6%  72.1  900s
  7345  6813 182782.021 1227   11 286425.175 182782.021  36.2%  48.5  810s
  6105  5572 180927.318  765   17 286359.250 180927.318  36.8%  46.1  890s
  4426  3887 180994.444   55   57 288413.557 180503.193  37.4%   883  875s
  6644  5990 180050.548  159   50 283314.636 180050.548  36.4%   210  885s
  2192  1661 184388.800   47  137 287558.826 182149.608  36.7%  1042  815s
  9218  8686 180651.489   85   10 285933.327 180651.489  36.8%  69.3  805s
  2967  1899 190851.554   41  149 202240.674 181819.845  10.1%  1002  831s
  2299  1754 181528.569   23   73 288124.928 181528.569  37.0%  1109  850s
  9183  8468 180906.381  234    9 284920.129 180906.381  36.5%  74.2  870s
 12773 12238 182782.021 1425   10 286348.855 182782.021  36.2%  43.7  840s
  7203  6671 179412.938  557   16 284609.302 179412.938  37.0%  28.0  860s
  3451  2917 179542.230   28  144 285303.382 179262.556  37.2%  1032  900s
  2211  1409 182684.656   43   31 202665.692 182684.656  9.86%  1166  825s
  3281  2747 179160.084   35   55 284920.129 179160.084  37.1%   937  895s
  2634  2008 190345.109   42  121 285361.184 180636.204  36.7%  1316  820s
  2365  1630 182684.656   35   54 202386.666 182684.656  9.73%   927  855s
  3520  2896 179709.872   71   21 284120.390 179709.872  36.7%   875  875s
  8901  8293 181994.115  654   18 285403.469 181994.115  36.2%   118  865s
  2688  1634 infeasible   28      202506.607 180906.381  10.7%  1205  845s
H 3857  3316                    285916.42583 180636.204  36.8%   918  879s
  2939  2405 178499.683   29   76 284758.039 178197.660  37.4%   936  882s
  4061  3527 182149.608   90   20 287475.054 182149.608  36.6%   117  860s
  3598  3063 186668.074   58  192 284330.784 180578.842  36.5%   898  900s
 13766 13232 181819.845  155   20 287269.724 181819.845  36.7%  87.7  850s
  3048  2515 180918.517   50   36 284210.738 180918.517  36.3%  1127  895s
  3693  3160 179111.514   32   16 286206.267 179111.514  37.4%   992  885s
  4234  3463 188113.248   57  127 286691.434 180600.101  37.0%   639  830s
  3107  2432 180655.500   46  125 285183.003 180651.489  36.7%   905  870s
  2988  1912 181819.845   41   56 202240.674 181819.845  10.1%  1001  835s
  3912  3377 179367.372   58   46 266312.648 179367.372  32.6%   990  900s
  3533  2999 178498.327   59   29 264754.794 178498.327  32.6%  71.8  905s
  4453  3914 180503.193   57   54 288413.557 180503.193  37.4%   883  880s
  2945  2411 178488.769   40  168 284758.039 178197.660  37.4%   938  885s
  7453  6921 182782.021 1255   13 286425.175 182782.021  36.2%  48.2  815s
  6665  6011 180052.458  165   70 283314.636 180050.548  36.4%   211  890s
  9265  8733 180651.489   93   10 285933.327 180651.489  36.8%  69.2  810s
  2312  1766 183594.815   26  175 288124.928 181528.569  37.0%  1112  855s
  6123  5590 180927.318  774   23 286359.250 180927.318  36.8%  47.3  895s
  7650  7094 179709.872  192   44 286052.823 179709.872  37.2%   198  841s
 12831 12296 182782.021 1429   10 286348.855 182782.021  36.2%  43.8  845s
  9311  8596 180906.381  234   12 284920.129 180906.381  36.5%  73.7  875s
  3425  2885 182833.428   39  164 286973.195 180311.763  37.2%  1062  893s
  2389  1650 182684.656   33   31 202386.666 182684.656  9.73%   924  860s
  3475  2941 179263.557   27  117 285303.382 179262.556  37.2%  1034  905s
  2224  1422 182684.879   43   79 202665.692 182684.656  9.86%  1175  830s
  3297  2763 179164.779   33  100 284920.129 179160.084  37.1%   940  900s
  2653  2023 185724.732   42  106 285361.184 180636.204  36.7%  1314  825s
  3602  2978 179709.872   86   16 284120.390 179709.872  36.7%   856  880s
  8947  8339 181994.115  143   14 285403.469 181994.115  36.2%   118  870s
  2703  1639 infeasible   30      202506.607 180906.381  10.7%  1205  850s
H 7231  6697                    284416.13438 179412.938  36.9%  28.0  866s
H 3060  2525                    284202.76267 180918.517  36.3%  1127  899s
  4093  3559 182149.608   92   26 287475.054 182149.608  36.6%   116  865s
  3434  2894 180312.135   40   84 286973.195 180311.763  37.2%  1061  895s
 13826 13292 181819.845  158   10 287269.724 181819.845  36.7%  87.5  855s
  3702  3169 179111.514   29   77 286206.267 179111.514  37.4%   994  890s
  3614  3079 180578.842   53   50 284330.784 180578.842  36.5%   899  905s
  3062  2529 180918.517   46   22 284202.763 180918.517  36.3%  1128  900s
H 2657  2025                    285303.38195 180636.204  36.7%  1314  826s
  4275  3487 180607.868   63  107 286691.434 180600.101  37.0%   636  835s
  3123  2448 180651.489   37   99 285183.003 180651.489  36.7%   905  875s
  3857  3318 181149.950   44   56 285916.426 180636.204  36.8%   918  886s
  3008  1923 181819.845   44   26 202240.674 181819.845  10.1%  1004  840s
  7676  7120 179709.872  190   21 286052.823 179709.872  37.2%   199  845s
  3945  3410 179367.372   62   41 266312.648 179367.372  32.6%   989  905s
  2964  2430 178536.295   24   87 284758.039 178197.660  37.4%   937  890s
  3554  3020 178498.327  257   38 264754.794 178498.327  32.6%  71.5  910s
  4487  3948 180989.523   61   66 288413.557 180503.193  37.4%   882  885s
  7555  7023 182782.021 1267   11 286425.175 182782.021  36.2%  47.9  820s
  6151  5618 180927.318  788   27 286359.250 180927.318  36.8%  47.7  900s
  6684  6030 180050.548  103   47 283314.636 180050.548  36.4%   212  895s
  7236  6704 179412.938  536   24 284416.134 179412.938  36.9%  28.0  870s
  2329  1783 181528.569   26  101 288124.928 181528.569  37.0%  1113  860s
  9439  8724 180906.381  250   11 284920.129 180906.381  36.5%  73.0  880s
 12940 12405 182782.021 1422   14 286348.855 182782.021  36.2%  44.0  850s
  9267  8735 180651.489   94   10 285933.327 180651.489  36.8%  69.1  815s
  3498  2964 179262.556   24  101 285303.382 179262.556  37.2%  1034  910s
  3319  2785 179160.084   26   86 284920.129 179160.084  37.1%   940  905s
  2669  2036 180636.204   42   30 285303.382 180636.204  36.7%  1316  830s
  2413  1668 182684.656   38   79 202386.666 182684.656  9.73%   922  865s
  2240  1435 200724.253   49   97 202665.692 182684.656  9.86%  1183  835s
  2719  1645 180931.267   28   76 202506.607 180906.381  10.7%  1205  855s
  3884  3345 180636.204   47   51 285916.426 180636.204  36.8%   917  890s
  4130  3596 182149.608   98   28 287475.054 182149.608  36.6%   116  870s
  3454  2914 185637.322   42  105 286973.195 180311.763  37.2%  1063  900s
 13956 13422 181819.845  140   10 287269.724 181819.845  36.7%  87.1  860s
  3635  3100 180855.062   62  121 284330.784 180578.842  36.5%   901  910s
  3085  2552 182949.069   42  169 284202.763 180918.517  36.3%  1128  905s
  3144  2467 180651.489   45   64 285183.003 180651.489  36.7%   905  880s
  4319  3513 180600.101   68   49 286691.434 180600.101  37.0%   636  840s
  8984  8376 181994.115  123   22 285403.469 181994.115  36.2%   120  877s
  3037  1935 181819.845   51   79 202240.674 181819.845  10.1%  1006  845s
  3710  3177 179914.634   31  127 286206.267 179111.514  37.4%   995  896s
  2205  1674 182150.848   37   83 287558.826 182149.608  36.7%  1043  829s
  7722  7166 179709.872  187   31 286052.823 179709.872  37.2%   202  850s
  3986  3451 179718.041   67   65 266312.648 179367.372  32.6%   989  910s
  3577  3043 178498.327   81   27 264754.794 178498.327  32.6%  71.2  915s
  2987  2453 178197.917   28   78 284758.039 178197.660  37.4%   937  895s
  4514  3975 180503.193   27   32 288413.557 180503.193  37.4%   883  890s
  7636  7104 182947.346 1291  143 286425.175 182782.021  36.2%  47.9  825s
  2208  1677 182149.608   38   43 287558.826 182149.608  36.7%  1043  830s
  6193  5660 180927.318  809   22 286359.250 180927.318  36.8%  47.6  905s
  9323  8791 180651.489   89   12 285933.327 180651.489  36.8%  68.9  820s
  3640  3016 179709.872   91   19 284120.390 179709.872  36.7%   848  888s
 13047 12512 182782.021 1419   10 286348.855 182782.021  36.2%  44.1  855s
  9576  8861 180906.381  232    9 284920.129 180906.381  36.5%  72.4  885s
  6719  6065 180050.548  106   43 283314.636 180050.548  36.4%   214  900s
  7284  6752 179412.938  560   12 284416.134 179412.938  36.9%  27.9  875s
  3523  2989 179392.741   22  168 285303.382 179262.556  37.2%  1036  915s
H 3155  2475                    285178.71471 180651.489  36.7%   905  882s
  2436  1691 182684.656   30   75 202386.666 182684.656  9.73%   919  870s
  2695  2055 183689.688   37  117 285303.382 180636.204  36.7%  1317  835s
  3339  2805 184622.481   30  285 284920.129 179160.084  37.1%   942  910s
H 9342  8808                    285930.37461 180651.489  36.8%  68.9  821s
H 9342  8808                    285930.37392 180651.489  36.8%  68.9  821s
  9002  8394 181994.115  120   82 285403.469 181994.115  36.2%   121  880s
  2732  1657 184011.839   26  152 202506.607 180906.381  10.7%  1206  860s
  3666  3042 179709.872   94   21 284120.390 179709.872  36.7%   842  890s
  2333  1787 181528.569   27   58 288124.928 181528.569  37.0%  1113  867s
  3914  3375 181776.118   37  136 285916.426 180636.204  36.8%   918  895s
  4170  3636 182149.608  102   39 287475.054 182149.608  36.6%   116  875s
  3657  3122 180578.842   62   49 284330.784 180578.842  36.5%   902  915s
  3723  3190 179111.514   34   65 286206.267 179111.514  37.4%   996  900s
  3479  2939 180311.763   45   26 286973.195 180311.763  37.2%  1062  905s
  3111  2578 185048.183   38  188 284202.763 180918.517  36.3%  1125  910s
  4360  3534 188528.692   74  167 286691.434 180600.101  37.0%   638  845s
  3162  2482 180651.489   41   98 285178.715 180651.489  36.7%   907  885s
  3060  1947 188758.354   33  150 202240.674 181819.845  10.1%  1010  850s
  7765  7209 179709.872  184   40 286052.823 179709.872  37.2%   205  855s
  2245  1438 infeasible   38      202665.692 182684.656  9.86%  1201  843s
 14039 13505 181819.845  155    8 287269.724 181819.845  36.7%  86.9  866s
  3009  2475 178206.577   42  123 284758.039 178197.660  37.4%   938  900s
  3602  3068 178498.327  281   30 264754.794 178498.327  32.6%  70.7  920s
  4551  4012 180503.193   29   25 288413.557 180503.193  37.4%   883  895s
  7705  7173 182782.021 1301   11 286425.175 182782.021  36.2%  48.0  830s
  6757  6103 180050.548  156   48 283314.636 180050.548  36.4%   215  905s
  2230  1699 183273.255   40  186 287558.826 182149.608  36.7%  1044  835s
  6227  5694 180927.318  826   27 286359.250 180927.318  36.8%  47.4  910s
  9389  8857 180651.489   85   10 285930.374 180651.489  36.8%  68.7  825s
  2344  1798 182180.015   25  112 288124.928 181528.569  37.0%  1113  870s
  7315  6783 179412.938  613   14 284416.134 179412.938  36.9%  27.8  880s
 13167 12632 182782.021 1431   10 286348.855 182782.021  36.2%  44.2  860s
  9707  8992 180906.381  241    9 284920.129 180906.381  36.5%  72.1  890s
  3551  3017 179828.894   19   99 285303.382 179262.556  37.2%  1034  920s
  2455  1708 182684.656   30   42 202386.666 182684.656  9.73%   918  875s
  2250  1438 186692.637   37  103 202665.692 182684.656  9.86%  1203  845s
  3734  3110 179709.872  104   19 284120.390 179709.872  36.7%   828  895s
  2746  1665 180906.381   27   82 202506.607 180906.381  10.7%  1213  865s
  9041  8432 181994.115  421   72 285403.469 181994.115  36.2%   122  885s
  3949  3410 181194.315   36  101 285916.426 180636.204  36.8%   919  900s
 14101 13567 181819.845  148   22 287269.724 181819.845  36.7%  86.8  870s
  3673  3138 181748.426   53  237 284330.784 180578.842  36.5%   902  920s
  3751  3218 179111.514   31  119 286206.267 179111.514  37.4%   997  905s
  3178  2497 180655.557   44   47 285178.715 180651.489  36.7%   910  890s
  4392  3560 180625.965   56  131 286691.434 180600.101  37.0%   637  850s
  3128  2595 183915.685   40  175 284202.763 180918.517  36.3%  1127  915s
  4208  3674 182149.608  106   20 287475.054 182149.608  36.6%   116  881s
  3506  2966 180311.763   49   56 286973.195 180311.763  37.2%  1061  910s
  3084  1958 199014.908   41  128 202240.674 181819.845  10.1%  1013  855s
  7799  7243 179709.872  182   40 286052.823 179709.872  37.2%   206  860s
  3618  3084 178498.327  289   28 264754.794 178498.327  32.6%  70.5  925s
  3024  2490 179047.338   31   97 284758.039 178197.660  37.4%   939  905s
  7794  7262 182782.021 1317   11 286425.175 182782.021  36.2%  49.4  835s
  6257  5724 180927.318  841   37 286359.250 180927.318  36.8%  47.3  915s
  9450  8918 180651.489   79   10 285930.374 180651.489  36.8%  68.4  830s
  2358  1812 181690.574   23   64 288124.928 181528.569  37.0%  1114  875s
  7356  6824 179412.938  596   12 284416.134 179412.938  36.9%  27.8  885s
  2245  1714 184002.194   38  185 287558.826 182149.608  36.7%  1046  840s
  9823  9106 180906.381  216   11 284920.129 180906.381  36.5%  71.9  895s
 13278 12743 182782.021 1423   12 286348.855 182782.021  36.2%  44.3  865s
  3573  3039 179263.317   20  132 285303.382 179262.556  37.2%  1034  925s
  2267  1454 182684.656   29   81 202665.692 182684.656  9.86%  1198  850s
  2473  1725 185541.053   32  107 202386.666 182684.656  9.73%   917  880s
  9079  8470 181994.115  440   20 285403.469 181994.115  36.2%   123  890s
  3801  3177 179709.872  113   24 284120.390 179709.872  36.7%   814  900s
  2756  1671 185562.172   30  107 202506.607 180906.381  10.7%  1213  870s
  3971  3432 180636.204   26   72 285916.426 180636.204  36.8%   920  905s
  3350  2816 179160.084   32   56 284920.129 179160.084  37.1%   943  921s
  3526  2986 187833.547   52  114 286973.195 180311.763  37.2%  1060  915s
  3689  3154 180578.842   51   69 284330.784 180578.842  36.5%   903  925s
 14205 13671 181819.845  154   10 287269.724 181819.845  36.7%  86.7  875s
  4430  3581 188128.652   61  149 286691.434 180600.101  37.0%   634  855s
  3144  2611 184051.315   38  180 284202.763 180918.517  36.3%  1126  920s
  3191  2509 180736.217   45  106 285178.715 180651.489  36.7%   913  895s
  3775  3242 180155.648   44   63 286206.267 179111.514  37.4%   998  910s
  4560  4021 180503.193   23   61 288413.557 180503.193  37.4%   883  903s
  7829  7273 179709.872  179   29 286052.823 179709.872  37.2%   208  865s
  3637  3103 178498.327  111   26 264754.794 178498.327  32.6%  70.3  930s
  7866  7334 182782.021 1328   11 286425.175 182782.021  36.2%  49.7  840s
  4571  4032 181085.647   24   91 288413.557 180503.193  37.4%   883  905s
  2256  1725 182149.608   39   62 287558.826 182149.608  36.7%  1050  845s
  3041  2507 178197.660   31  101 284758.039 178197.660  37.4%   940  910s
H 4209  3673                    287457.10835 182149.608  36.6%   116  887s
  9523  8991 180651.489   81   10 285930.374 180651.489  36.8%  67.9  835s
  6286  5753 180927.318  854   30 286359.250 180927.318  36.8%  47.2  920s
  7397  6865 179412.938  654   16 284416.134 179412.938  36.9%  27.6  890s
 13373 12838 182782.021 1409   14 286348.855 182782.021  36.2%  44.5  870s
  9897  9180 180906.577  240   34 284920.129 180906.381  36.5%  72.0  900s
  3093  1964 181822.441   31   73 202240.674 181819.845  10.1%  1014  862s
  6792  6138 180050.548  185   68 283314.636 180050.548  36.4%   215  916s
  3595  3061 179539.714   20  143 285303.382 179262.556  37.2%  1034  930s
  2286  1471 184084.040   40  112 202665.692 182684.656  9.86%  1195  855s
  4008  3473 179492.947   70   54 266312.648 179367.372  32.6%   989  927s
  3365  2831 188830.877   35  154 284920.129 179160.084  37.1%   944  925s
  2373  1827 181528.569   22   73 288124.928 181528.569  37.0%  1114  881s
  2493  1740 182858.773   35  107 202386.666 182684.656  9.73%   916  885s
  3890  3266 179709.872  122   21 284120.390 179709.872  36.7%   796  905s
  9142  8533 181994.115  471   12 285403.469 181994.115  36.2%   122  895s
H 3047  2511                    284200.37112 178197.660  37.3%   939  912s
H 9558  9024                    285929.79854 180651.489  36.8%  67.7  836s
H 7831  7273                    285053.06693 179709.872  37.0%   208  868s
  3997  3458 180681.832   26   87 285916.426 180636.204  36.8%   921  910s
  4230  3696 182149.608  111   33 287457.108 182149.608  36.6%   115  890s
  2766  1677 180906.381   33   70 202506.607 180906.381  10.7%  1213  875s
  3711  3176 180578.842   43   60 284330.784 180578.842  36.5%   904  930s
 14316 13782 181819.845  150    8 287269.724 181819.845  36.7%  86.7  880s
  3550  3010 187331.418   50  124 286973.195 180311.763  37.2%  1061  920s
  3212  2529 180651.489   42   31 285178.715 180651.489  36.7%   913  900s
  4475  3606 186782.094   72  182 286691.434 180600.101  37.0%   634  860s
  3802  3269 179270.029   48  225 286206.267 179111.514  37.4%   999  916s
  3104  1968 190850.192   45  124 202240.674 181819.845  10.1%  1019  865s
  4031  3496 179367.372   46   26 266312.648 179367.372  32.6%   989  930s
  3658  3124 178498.327  309   30 264754.794 178498.327  32.6%  70.0  935s
  4608  4069 180503.193   28   42 288413.557 180503.193  37.4%   882  910s
  6822  6168 180050.548  124   28 283314.636 180050.548  36.4%   216  920s
  6324  5791 180927.318  873   22 286359.250 180927.318  36.8%  47.0  925s
  7905  7373 182782.021  229   26 286425.175 182782.021  36.2%  49.9  845s
  7831  7275 179709.872  180   13 285053.067 179709.872  37.0%   208  871s
  2391  1845 181528.569   37   61 288124.928 181528.569  37.0%  1111  885s
  9612  9080 180651.489   76   10 285929.799 180651.489  36.8%  67.4  840s
  2261  1730 184036.332   40  166 287558.826 182149.608  36.7%  1053  850s
  7444  6912 179412.938  640   12 284416.134 179412.938  36.9%  27.5  895s
 10008  9289 180906.381  245   11 284920.129 180906.381  36.5%  71.9  905s
  2288  1473 182684.656   32   58 202665.692 182684.656  9.86%  1194  860s
  2517  1758 182684.656   37   69 202386.666 182684.656  9.73%   915  890s
  3391  2857 180000.013   22   99 284920.129 179160.084  37.1%   945  930s
  9208  8599 181994.115  502   14 285403.469 181994.115  36.2%   121  900s
  3980  3356 179709.872  131   18 284120.390 179709.872  36.7%   780  910s
H 3146  2611                    284194.78731 180918.517  36.3%  1126  929s
  2784  1686 190038.313   24   74 202506.607 180906.381  10.7%  1218  880s
  4022  3483 180636.204   31   73 285916.426 180636.204  36.8%   921  915s
  4272  3738 182149.608  116   60 287457.108 182149.608  36.6%   115  895s
  3614  3080 179543.058   23  103 285303.382 179262.556  37.2%  1035  936s
 14441 13907 181819.845  159   26 287269.724 181819.845  36.7%  86.6  885s
  3561  3021 180311.763   51   17 286973.195 180311.763  37.2%  1061  925s
  3240  2556 180917.485   45   56 285178.715 180651.489  36.7%   912  905s
  4517  3633 186116.949   57  160 286691.434 180600.101  37.0%   635  865s
  3129  1985 189807.734   33  113 202240.674 181819.845  10.1%  1021  870s
  7859  7303 179709.872  178   36 285053.067 179709.872  37.0%   210  875s
  4069  3534 179367.372   45   36 266312.648 179367.372  32.6%   988  935s
  3679  3145 178498.327  132   24 264754.794 178498.327  32.6%  69.7  940s
 13390 12855 182782.021 1413   10 286348.855 182782.021  36.2%  44.5  879s
  4640  4101 180503.193   34   42 288413.557 180503.193  37.4%   882  915s
  6364  5831 180927.318  893   28 286359.250 180927.318  36.8%  46.8  930s
  7961  7429 182782.021  187   18 286425.175 182782.021  36.2%  49.9  850s
  2277  1746 182149.608   35   62 287558.826 182149.608  36.7%  1058  855s
  9701  9169 180651.489   71   10 285929.799 180651.489  36.8%  66.9  845s
  7494  6962 179412.938  665   12 284416.134 179412.938  36.9%  27.4  900s
  6854  6200 180050.548  149   52 283314.636 180050.548  36.4%   216  925s
  2414  1868 181638.051   27   88 288124.928 181528.569  37.0%  1107  890s
 13413 12878 182782.021 1420   10 286348.855 182782.021  36.2%  44.6  880s
 10155  9435 180906.381  247   10 284920.129 180906.381  36.5%  71.5  910s
  2306  1490 182684.656   33   10 202665.692 182684.656  9.86%  1197  865s
  3634  3100 179277.803   25  169 285303.382 179262.556  37.2%  1036  940s
  3412  2878 179160.084   27   42 284920.129 179160.084  37.1%   945  935s
  2711  2070 180636.204   33  128 285303.382 180636.204  36.7%  1316  860s
  2799  1690 189494.625   32  174 202506.607 180906.381  10.7%  1225  885s
  4049  3510 180636.204   34   76 285916.426 180636.204  36.8%   921  920s
  4316  3782 182149.608  120   46 287457.108 182149.608  36.6%   114  900s
  3585  3045 180311.763   49   49 286973.195 180311.763  37.2%  1062  930s
  2518  1759 182684.656   37   39 202386.666 182684.656  9.73%   915  896s
  4552  3657 180607.509   55   73 286691.434 180600.101  37.0%   637  870s
  3263  2579 180651.489   48   40 285178.715 180651.489  36.7%   914  910s
  3152  2002 181819.845   34   38 202240.674 181819.845  10.1%  1021  875s
  3806  3273 179111.757   39  104 286206.267 179111.514  37.4%   999  926s
  4044  3420 179709.872  139   19 284120.390 179709.872  36.7%   768  917s
  7895  7339 179709.872  177   47 285053.067 179709.872  37.0%   212  880s
  4103  3568 179683.737   52   97 266312.648 179367.372  32.6%   987  940s
  3702  3168 178498.327  331   30 264754.794 178498.327  32.6%  69.4  945s
  3048  2514 179175.218   30   97 284200.371 178197.660  37.3%   940  925s
  9223  8614 181994.115  508   14 285403.469 181994.115  36.2%   121  908s
  4671  4132 180503.193   31   38 288413.557 180503.193  37.4%   881  920s
  6394  5861 180927.318  908   24 286359.250 180927.318  36.8%  46.8  935s
  8016  7484 182782.021   69   20 286425.175 182782.021  36.2%  49.8  855s
  9770  9238 180651.489   66   10 285929.799 180651.489  36.8%  66.6  850s
  2292  1761 185160.693   39  136 287558.826 182149.608  36.7%  1060  860s
  7547  7015 179412.938  729   14 284416.134 179412.938  36.9%  27.3  905s
 13507 12972 182782.047 1423   18 286348.855 182782.021  36.2%  44.7  885s
  2432  1886 181530.226   31   41 288124.928 181528.569  37.0%  1106  895s
  6881  6227 180050.548  157   32 283314.636 180050.548  36.4%   217  930s
  2529  1769 182684.656   38   53 202386.666 182684.656  9.73%   914  900s
  2726  2085 180636.204   40   52 285303.382 180636.204  36.7%  1314  865s
 10256  9536 182407.732  263  137 284920.129 180906.381  36.5%  71.2  915s
  2328  1510 199884.258   37   87 202665.692 182684.656  9.86%  1199  870s
  4078  3454 179709.872  145   19 284120.390 179709.872  36.7%   762  920s
  9252  8643 181994.115  524  103 285403.469 181994.115  36.2%   121  910s
  3425  2891 179160.084   21   97 284920.129 179160.084  37.1%   946  940s
H 6403  5868                    286357.58806 180927.318  36.8%  46.7  936s
  2806  1692 183102.382   33  176 202506.607 180906.381  10.7%  1230  890s
  3642  3108 179265.474   32  132 285303.382 179262.556  37.2%  1037  946s
  4071  3532 180802.138   37   98 285916.426 180636.204  36.8%   925  925s
  4347  3813 182149.608  123   52 287457.108 182149.608  36.6%   114  905s
  3825  3292 179111.514   43   32 286206.267 179111.514  37.4%   999  930s
  3279  2595 180651.489   57   63 285178.715 180651.489  36.7%   918  915s
  4561  3664 180600.101   48   63 286691.434 180600.101  37.0%   638  875s
  3146  2613 180934.295   38   76 284194.787 180918.517  36.3%  1126  940s
  7922  7366 179709.872  175   47 285053.067 179709.872  37.0%   213  885s
  4144  3609 179367.372   50   37 266312.648 179367.372  32.6%   985  945s
 14550 14016 181819.845  150   18 287269.724 181819.845  36.7%  86.4  896s
  3066  2532 178315.005   34  166 284200.371 178197.660  37.3%   939  930s
H 3166  2009                    201864.56885 181819.845  9.93%  1025  880s
  3725  3191 178498.327  155   20 264754.794 178498.327  32.6%  69.0  950s
H 3726  3189                    284326.92835 180578.842  36.5%   905  947s
  8076  7544 182782.021   99   22 286425.175 182782.021  36.2%  49.5  860s
  6411  5878 180927.318  918   23 286357.588 180927.318  36.8%  46.8  940s
  2305  1774 182149.608   32  108 287558.826 182149.608  36.7%  1064  865s
  9833  9301 180651.489   71   10 285929.799 180651.489  36.8%  66.2  855s
  2451  1905 181586.616   32   99 288124.928 181528.569  37.0%  1105  900s
  4694  4155 180503.193   25   56 288413.557 180503.193  37.4%   881  925s
  7591  7059 179412.938  751   14 284416.134 179412.938  36.9%  27.2  910s
 13637 13102 182782.021 1411   10 286348.855 182782.021  36.2%  44.7  890s
 10362  9641 180906.381  229   11 284920.129 180906.381  36.5%  71.1  920s
  6908  6254 180050.548   86   50 283314.636 180050.548  36.4%   217  935s
  3662  3128 179263.965   18  105 285303.382 179262.556  37.2%  1038  950s
  3447  2913 180305.392   24   69 284920.129 179160.084  37.1%   947  945s
  2745  2104 180636.204   33   53 285303.382 180636.204  36.7%  1312  870s
  2549  1786 182684.656   27  121 202386.666 182684.656  9.73%   913  905s
  4157  3533 179709.872  158   11 284120.390 179709.872  36.7%   748  925s
  2816  1691 185792.609   33  187 202506.607 180906.381  10.7%  1239  895s
  9311  8702 181994.115  553   20 285403.469 181994.115  36.2%   121  915s
  4097  3558 180998.840   40   98 285916.426 180636.204  36.8%   924  930s
  4384  3850 182149.608  127   38 287457.108 182149.608  36.6%   113  910s
 14633 14099 181819.845  151   10 287269.724 181819.845  36.7%  86.2  900s
  3846  3311 182031.064   45  198 286206.267 179111.514  37.4%   998  935s
  3168  2635 185034.924   46  206 284194.787 180918.517  36.3%  1128  945s
  3300  2616 180681.652   51   72 285178.715 180651.489  36.7%   921  920s
  3593  3053 187833.547   50  144 286973.195 180311.763  37.2%  1062  940s
  4586  3685 188082.229   48  138 286691.434 180600.101  37.0%   642  880s
  3167  2011 193861.177   36  101 201864.569 181819.845  9.93%  1026  885s
  7957  7401 179709.872  169   23 285053.067 179709.872  37.0%   216  890s
  4177  3642 179367.372   54   60 266312.648 179367.372  32.6%   984  950s
  3747  3213 178498.327  166   24 264754.794 178498.327  32.6%  69.0  955s
  3087  2553 178197.660   29   54 284200.371 178197.660  37.3%   940  935s
  4725  4186 180503.193   24   52 288413.557 180503.193  37.4%   880  930s
  6958  6304 180050.548  148   41 283314.636 180050.548  36.4%   216  940s
  2323  1792 182149.608   33   74 287558.826 182149.608  36.7%  1063  870s
  6448  5915 180927.318  935   18 286357.588 180927.318  36.8%  46.5  945s
  3726  3191 180578.842   47   36 284326.928 180578.842  36.5%   906  952s
  9893  9361 180651.489   67   10 285929.799 180651.489  36.8%  65.9  860s
  7641  7109 179412.938  776   20 284416.134 179412.938  36.9%  27.1  915s
  2463  1917 181733.151   34  103 288124.928 181528.569  37.0%  1104  905s
 10496  9763 180906.381  228   12 284920.129 180906.381  36.5%  70.8  925s
 13767 13232 182782.021 1428   10 286348.855 182782.021  36.2%  44.7  895s
  3682  3148 179262.556   17  107 285303.382 179262.556  37.2%  1038  955s
  2562  1797 182684.656   32  109 202386.666 182684.656  9.73%   913  910s
  3473  2939 179160.084   27  103 284920.129 179160.084  37.1%   948  950s
  2775  2133 180637.125   38   62 285303.382 180636.204  36.7%  1307  875s
  8148  7616 182782.021  135   18 286425.175 182782.021  36.2%  49.5  866s
  4246  3622 179709.872  179   13 284120.390 179709.872  36.7%   733  930s
  2354  1533 182684.656   40   25 202665.692 182684.656  9.86%  1193  880s
  2825  1691 185754.523   34  183 202506.607 180906.381  10.7%  1248  900s
  9365  8756 181994.115  580   28 285403.469 181994.115  36.2%   121  920s
  4118  3579 180983.935   40   63 285916.426 180636.204  36.8%   925  935s
  4422  3888 182149.608  132   51 287457.108 182149.608  36.6%   113  915s
  3869  3329 179111.514   47   31 286206.267 179111.514  37.4%   999  940s
  3741  3206 187702.789   50  184 284326.928 180578.842  36.5%   907  955s
  3187  2654 180938.920   40  136 284194.787 180918.517  36.3%  1129  950s
  3321  2637 180651.489   56   56 285178.715 180651.489  36.7%   923  925s
H 3101  2565                    284198.04322 178197.660  37.3%   941  939s
  3194  2027 193957.644   40   96 201864.569 181819.845  9.93%  1028  890s
 14754 14220 181819.845  151   26 287269.724 181819.845  36.7%  86.0  906s
  4613  3701 180600.101   47   71 286691.434 180600.101  37.0%   644  885s
  8002  7446 179709.872  180   21 285053.067 179709.872  37.0%   216  895s
  3614  3074 180311.763   54   54 286973.195 180311.763  37.2%  1063  946s
  4212  3677 179731.624   58   55 266312.648 179367.372  32.6%   982  955s
H 8149  7615                    286349.35091 182782.021  36.2%  49.5  869s
  3104  2570 178197.660   39   64 284198.043 178197.660  37.3%   943  940s
  4755  4216 180503.193   32   31 288413.557 180503.193  37.4%   879  935s
  3768  3234 178498.327   48   34 264754.794 178498.327  32.6%  70.2  960s
  6483  5950 180927.318  954   31 286357.588 180927.318  36.8%  46.5  950s
  6989  6335 180050.548   89   64 283314.636 180050.548  36.4%   218  945s
  9973  9441 180651.489   55   10 285929.799 180651.489  36.8%  65.5  865s
 10651  9918 180906.381  226    9 284920.129 180906.381  36.5%  70.2  930s
  7689  7157 179412.938  800   20 284416.134 179412.938  36.9%  27.1  920s
  2481  1935 181528.569   37   42 288124.928 181528.569  37.0%  1104  910s
H 8149  7615                    286349.10296 182782.021  36.2%  49.5  871s
  3491  2957 179160.084   29   43 284920.129 179160.084  37.1%   949  955s
  2581  1814 185743.971   35  134 202386.666 182684.656  9.73%   912  915s
  2797  2154 180636.204   43   67 285303.382 180636.204  36.7%  1307  880s
  2379  1552 182684.656   45   45 202665.692 182684.656  9.86%  1190  885s
  4339  3715 179709.872  190   11 284120.390 179709.872  36.7%   719  935s
  2329  1798 182149.608   35   90 287558.826 182149.608  36.7%  1062  876s
 13821 13286 182782.021 1433   10 286348.855 182782.021  36.2%  44.8  901s
  4142  3603 181000.605   40  140 285916.426 180636.204  36.8%   927  940s
  4457  3923 182149.608  136   49 287457.108 182149.608  36.6%   112  920s
  3765  3230 185696.349   55  187 284326.928 180578.842  36.5%   910  960s
 14840 14306 181819.845  159    8 287269.724 181819.845  36.7%  85.8  910s
  3631  3091 185650.478   47  128 286973.195 180311.763  37.2%  1064  950s
  3890  3348 183433.307   51  227 286206.267 179111.514  37.4%  1002  945s
  9419  8810 181994.115  607   26 285403.469 181994.115  36.2%   120  926s
  3342  2658 180651.489   41   54 285178.715 180651.489  36.7%   927  930s
  3209  2676 180921.907   36  122 284194.787 180918.517  36.3%  1127  955s
  4640  3722 186411.934   45  124 286691.434 180600.101  37.0%   646  890s
  3222  2046 199363.419   44   70 201864.569 181819.845  9.93%  1028  895s
  8047  7491 179709.872  208   25 285053.067 179709.872  37.0%   215  900s
  4242  3707 179889.342   52   58 266312.648 179367.372  32.6%   982  960s
  3122  2588 178197.660   31   56 284198.043 178197.660  37.3%   946  945s
  3781  3247 178498.327  204   29 264754.794 178498.327  32.6%  70.0  965s
  3710  3176 179263.889   20  153 285303.382 179262.556  37.2%  1037  963s
  8203  7671 182782.021  308   18 286349.103 182782.021  36.2%  49.3  875s
  7013  6359 180050.548   38   30 283314.636 180050.548  36.4%   220  950s
  6507  5974 180927.318  966   29 286357.588 180927.318  36.8%  46.4  955s
  2341  1810 182149.608   37   67 287558.826 182149.608  36.7%  1061  880s
 10045  9513 180651.489   61   10 285929.799 180651.489  36.8%  65.1  870s
  2500  1954 181996.787   41   54 288124.928 181528.569  37.0%  1103  915s
 13899 13364 182782.021 1423   10 286348.855 182782.021  36.2%  45.0  905s
 10780 10047 180906.381  240   11 284920.129 180906.381  36.5%  69.7  935s
  7716  7184 179412.938  776   16 284416.134 179412.938  36.9%  27.0  925s
  3717  3183 179539.714   21  116 285303.382 179262.556  37.2%  1036  965s
  2401  1571 182686.062   39   66 202665.692 182684.656  9.86%  1187  890s
  3509  2975 188689.898   29  160 284920.129 179160.084  37.1%   952  960s
  2597  1829 182684.656   37   77 202386.666 182684.656  9.73%   910  920s
  4389  3765 179709.872  195   13 284120.390 179709.872  36.7%   711  940s
  2808  2165 187945.320   34  109 285303.382 180636.204  36.7%  1310  885s
  9446  8837 181994.115  621   28 285403.469 181994.115  36.2%   120  930s
  4161  3622 180636.204   39   83 285916.426 180636.204  36.8%   928  945s
  4489  3955 182149.608  139   51 287457.108 182149.608  36.6%   112  925s
  3652  3112 186284.846   54  127 286973.195 180311.763  37.2%  1064  955s
  3786  3251 184075.312   61  166 284326.928 180578.842  36.5%   910  965s
  3907  3361 183544.291   55  199 286206.267 179111.514  37.4%  1004  950s
 14860 14326 181819.845  155    8 287269.724 181819.845  36.7%  85.8  915s
  3230  2697 180918.517   39   66 284194.787 180918.517  36.3%  1127  960s
  3358  2674 180651.489   44   46 285178.715 180651.489  36.7%   929  935s
  3243  2062 181819.845   25   92 201864.569 181819.845  9.93%  1029  900s
  8096  7540 179709.872  227   21 285053.067 179709.872  37.0%   214  905s
  4271  3736 179367.372   62   49 266312.648 179367.372  32.6%   981  965s
  3148  2614 178197.855   38  118 284198.043 178197.679  37.3%   945  950s
  3795  3261 178498.327  211   33 264754.794 178498.327  32.6%  69.7  970s
  8269  7737 182782.021  287   19 286349.103 182782.021  36.2%  49.1  880s
  7038  6384 180050.548   79   34 283314.636 180050.548  36.4%   221  955s
  4756  4217 180503.193   29   17 288413.557 180503.193  37.4%   880  945s
  6535  6002 180927.318  980   29 286357.588 180927.318  36.8%  46.4  960s
  2354  1823 182149.608   40   83 287558.826 182149.608  36.7%  1061  885s
 10125  9593 180651.489   56   10 285929.799 180651.489  36.8%  64.7  875s
  7756  7224 179412.938  796   14 284416.134 179412.938  36.9%  26.9  930s
 10850 10117 180906.381  248    9 284920.129 180906.381  36.5%  69.5  940s
  4648  3729 180600.101   46   52 286691.434 180600.101  37.0%   646  897s
 13956 13421 182782.021 1422   14 286348.855 182782.021  36.2%  45.0  910s
  3744  3210 179995.296   23  152 285303.382 179262.556  37.2%  1037  970s
  2431  1595 182684.656   49   37 202665.692 182684.656  9.86%  1183  895s
  2614  1845 183413.821   36  169 202386.666 182684.656  9.73%   911  925s
  2822  2177 183776.864   49  114 285303.382 180636.204  36.7%  1314  890s
  4450  3826 179709.872  202   13 284120.390 179709.872  36.7%   702  945s
  9500  8891 181994.115  647   11 285403.469 181994.115  36.2%   120  935s
  4522  3988 182149.608  144   43 287457.108 182149.608  36.6%   112  930s
 14869 14335 181819.845  157   26 287269.724 181819.845  36.7%  85.8  920s
  3671  3131 180311.763   53   45 286973.195 180311.763  37.2%  1065  960s
  3515  2981 187081.749   30  138 284920.129 179160.084  37.1%   952  966s
  4180  3641 181776.592   34   79 285916.426 180636.204  36.8%   930  950s
  3920  3371 179111.514   52   37 286206.267 179111.514  37.4%  1003  955s
  3250  2717 180926.791   39  126 284194.787 180918.517  36.3%  1129  965s
  3804  3269 180578.842   44   21 284326.928 180578.842  36.5%   913  970s
  3378  2694 181658.592   47  106 285178.715 180651.489  36.7%   931  940s
  4666  3741 188071.344   51  133 286691.434 180600.101  37.0%   647  900s
  8157  7601 179709.872  263   24 285053.067 179709.872  37.0%   212  910s
  2504  1958 181528.569   25   71 288124.928 181528.569  37.0%  1102  923s
  4305  3770 179367.372   62   42 266312.648 179367.372  32.6%   980  970s
  3262  2080 181819.845   28   77 201864.569 181819.845  9.93%  1030  905s
  3809  3275 178498.327  218   33 264754.794 178498.327  32.6%  69.5  975s
  4785  4246 180503.193   32   53 288413.557 180503.193  37.4%   879  950s
  8331  7799 182782.021  318   14 286349.103 182782.021  36.2%  49.1  885s
  3182  2648 178198.026   23  124 284198.043 178197.720  37.3%   940  955s
  6573  6040 180927.318  999   32 286357.588 180927.318  36.8%  46.2  965s
  7070  6416 180050.548   18   57 283314.636 180050.548  36.4%   222  960s
  2374  1843 182150.765   45   59 287558.826 182149.608  36.7%  1061  890s
  2826  1691 183235.423   24  143 202506.607 180906.381  10.7%  1249  918s
 10206  9674 180651.489   51   10 285929.799 180651.489  36.8%  64.2  880s
  7802  7270 179412.938  819   12 284416.134 179412.938  36.9%  26.9  935s
  2509  1963 181528.569   26   65 288124.928 181528.569  37.0%  1101  925s
 14084 13549 182782.021 1423   10 286348.855 182782.021  36.2%  45.2  915s
  3768  3234 179262.556   27  145 285303.382 179262.556  37.2%  1038  975s
  2455  1613 182684.656   34   44 202665.692 182684.656  9.86%  1184  900s
  3532  2998 179160.094   27   74 284920.129 179160.084  37.1%   954  970s
  9545  8936 181994.115  668   11 285403.469 181994.115  36.2%   120  940s
  4530  3906 179709.872  210   13 284120.390 179709.872  36.7%   691  950s
  2844  2196 180652.195   44  122 285303.382 180636.204  36.7%  1317  895s
  2830  1692 183235.423   14  200 202506.607 180906.381  10.7%  1252  920s
 10932 10199 180920.264  259   41 284920.129 180906.381  36.5%  69.5  946s
  4203  3664 180636.204   41   59 285916.426 180636.204  36.8%   931  955s
  4555  4021 182149.608  147   46 287457.108 182149.608  36.6%   111  935s
  3825  3290 180578.842   48   77 284326.928 180578.842  36.5%   914  975s
  3944  3394 179111.514   57   14 286206.267 179111.514  37.4%  1005  960s
 14880 14346 181819.845  149   16 287269.724 181819.845  36.7%  85.7  925s
  3699  3159 187834.626   47  130 286973.195 180311.763  37.2%  1064  965s
  3270  2737 180919.907   41   88 284194.787 180918.517  36.3%  1131  970s
  3402  2718 180651.489   39  109 285178.715 180651.489  36.7%   932  945s
H 3264  2080                    201739.20031 181819.845  9.87%  1030  909s
H 2463  1618                    202657.71664 182684.656  9.86%  1183  902s
  8203  7647 179709.872  254   45 285053.067 179709.872  37.0%   212  915s
  4694  3762 180600.101   58   46 286691.434 180600.101  37.0%   648  906s
  4334  3799 179367.548   46   88 266312.648 179367.372  32.6%   981  975s
H 7826  7292                    284401.42306 179412.938  36.9%  27.0  939s
  3207  2673 178198.151   27  109 284198.043 178197.728  37.3%   942  960s
  3827  3293 178498.327  227   31 264754.794 178498.327  32.6%  69.2  980s
  4823  4284 180503.193   40   30 288413.557 180503.193  37.4%   877  955s
  2395  1864 182149.608   41   56 287558.826 182149.608  36.7%  1060  895s
  8412  7880 182782.021  220   14 286349.103 182782.021  36.2%  48.8  890s
  6608  6075 180927.318 1015   20 286357.588 180927.318  36.8%  46.1  970s
 10298  9766 180651.489   40   10 285929.799 180651.489  36.8%  63.8  885s
 14191 13656 182782.021 1424   10 286348.855 182782.021  36.2%  45.5  920s
 11005 10269 181584.995  269  142 284920.129 180906.381  36.5%  69.6  950s
  2864  2214 180636.204   38   52 285303.382 180636.204  36.7%  1320  900s
  2535  1989 181528.569   29   46 288124.928 181528.569  37.0%  1097  931s
  3557  3023 180684.476   31  191 284920.129 179160.084  37.1%   954  975s
  7826  7294 179412.938  831   16 284401.423 179412.938  36.9%  27.0  941s
  9581  8972 181994.115  672   15 285403.469 181994.115  36.2%   121  945s
H 4560  3934                    283862.50080 179709.872  36.7%   686  955s
  2843  1688 infeasible   32      202506.607 180906.381  10.7%  1263  925s
  4594  4060 182149.608  153   43 287457.108 182149.608  36.6%   111  940s
  3724  3184 180311.763   49   54 286973.195 180311.763  37.2%  1064  970s
  3850  3315 180578.842   51   68 284326.928 180578.842  36.5%   913  980s
  3974  3423 183351.749   58  137 286206.267 179111.514  37.4%  1005  965s
  3286  2753 182405.632   44  245 284194.787 180918.517  36.3%  1136  975s
 14894 14360 181819.845  150    8 287269.724 181819.845  36.7%  85.7  930s
H 7851  7317                    284207.69356 179412.938  36.9%  27.1  943s
  4721  3781 180600.101   61   41 286691.434 180600.101  37.0%   647  911s
  4359  3824 179782.149   49   84 266312.648 179367.372  32.6%   982  980s
H 7851  7317                    284191.25909 179412.938  36.9%  27.1  944s
  4853  4314 180956.347   41   91 288413.557 180503.193  37.4%   878  960s
  3225  2691 178197.769   26   62 284198.043 178197.733  37.3%   943  965s
  3841  3307 178498.327  234   33 264754.794 178498.327  32.6%  69.0  985s
  2413  1882 182149.608   38   50 287558.826 182149.608  36.7%  1059  900s
  6634  6101 180927.318 1028   20 286357.588 180927.318  36.8%  46.1  975s
  7098  6444 180050.548  100   24 283314.636 180050.548  36.4%   223  970s
 10382  9850 180651.489   63   10 285929.799 180651.489  36.8%  63.3  890s
  7851  7319 179412.938  881   20 284191.259 179412.938  36.9%  27.1  945s
  2552  2006 181528.569   29   30 288124.928 181528.569  37.0%  1097  935s
 11129 10389 180912.431  282   28 284920.129 180906.381  36.5%  69.7  955s
 14294 13759 182782.021 1422   10 286348.855 182782.021  36.2%  45.6  925s
  8472  7940 182782.021  250   14 286349.103 182782.021  36.2%  48.6  895s
H 4607  4071                    287404.21549 182149.608  36.6%   111  943s
  2880  2230 181559.661   38   64 285303.382 180636.204  36.7%  1321  905s
  3575  3041 179863.233   25   75 284920.129 179160.084  37.1%   955  980s
  2627  1858 182684.656   30   69 202386.666 182684.656  9.73%   909  940s
  2858  1686 200152.711   45  106 202506.607 180906.381  10.7%  1273  930s
  9608  8999 181994.115  673   15 285403.469 181994.115  36.2%   122  950s
  2473  1628 183892.100   38  131 202657.717 182684.656  9.86%  1185  911s
H 2414  1881                    287406.55918 182149.608  36.6%  1058  902s
  4613  4079 182149.608  154   52 287404.215 182149.608  36.6%   111  945s
  3745  3205 180311.763   52   62 286973.195 180311.763  37.2%  1065  975s
  3864  3329 180578.842   51   65 284326.928 180578.842  36.5%   912  985s
 14900 14366 181819.845  151   18 287269.724 181819.845  36.7%  85.7  935s
  4756  3802 186813.333   61  113 286691.434 180600.101  37.0%   646  915s
  3299  2766 188988.165   40  172 284194.787 180918.517  36.3%  1137  980s
  3781  3247 179262.556   29  158 285303.382 179262.556  37.2%  1038  987s
  4387  3852 179583.293   54   83 266312.648 179367.372  32.6%   983  985s
  3856  3322 178498.327   92   30 264754.794 178498.327  32.6%  68.9  990s
  3243  2709 178198.426   28   94 284198.043 178197.734  37.3%   941  970s
  8230  7674 179709.872  297   26 285053.067 179709.872  37.0%   213  925s
  4875  4336 180503.333   43   39 288413.557 180503.193  37.4%   880  965s
  7138  6484 180050.548  205   72 283314.636 180050.548  36.4%   223  975s
  6660  6127 180927.318 1041   22 286357.588 180927.318  36.8%  46.0  980s
  8526  7994 182782.021  277   16 286349.103 182782.021  36.2%  48.5  900s
 10445  9913 180651.489   36   10 285929.799 180651.489  36.8%  63.0  895s
  2576  2030 181793.635   38   81 288124.928 181528.569  37.0%  1095  940s
  7887  7355 179412.938  899   16 284191.259 179412.938  36.9%  27.0  950s
  2414  1883 185951.605   45  189 287406.559 182149.608  36.6%  1060  905s
 11222 10472 180906.381  292    9 284920.129 180906.381  36.5%  69.6  960s
  4560  3936 179709.872  215    9 283862.501 179709.872  36.7%   686  964s
  3795  3261 179650.177   31  131 285303.382 179262.556  37.2%  1037  990s
 14388 13853 182782.021 1415   10 286348.855 182782.021  36.2%  45.7  930s
  2900  2247 180636.204   42   67 285303.382 180636.204  36.7%  1319  910s
  2488  1643 199301.102   40   78 202657.717 182684.656  9.86%  1185  915s
  3599  3065 179380.478   28  104 284920.129 179160.084  37.1%   955  985s
  2646  1874 182684.656   40   66 202386.666 182684.656  9.73%   909  945s
  4573  3949 179709.872  217   11 283862.501 179709.872  36.7%   684  965s
  9639  9030 181994.115  671   11 285403.469 181994.115  36.2%   123  955s
  2869  1685 199570.345   42  127 202506.607 180906.381  10.7%  1286  935s
  3264  2082 181819.845   40   51 201739.200 181819.845  9.87%  1030  923s
  4651  4117 182149.608  168   33 287404.215 182149.608  36.6%   110  950s
  3884  3349 180578.842   56   60 284326.928 180578.842  36.5%   913  990s
  3763  3223 180311.763   54   60 286973.195 180311.763  37.2%  1064  980s
 14907 14373 181819.845  152   10 287269.724 181819.845  36.7%  85.7  940s
  3316  2783 180918.517   42   27 284194.787 180918.517  36.3%  1137  985s
H 2423  1890                    286137.31418 182149.608  36.3%  1060  908s
  4793  3826 180600.101   40   30 286691.434 180600.101  37.0%   646  920s
  3272  2089 181819.845   28   66 201739.200 181819.845  9.87%  1030  925s
  8256  7700 179709.872  281   60 285053.067 179709.872  37.0%   215  930s
  4422  3887 179802.735   53   82 266312.648 179367.372  32.6%   983  990s
  3873  3339 178498.327  250   29 264754.794 178498.327  32.6%  68.7  995s
  3273  2739 179099.761   30   77 284198.043 178197.752  37.3%   939  975s
  4897  4358 180511.669   42  127 288413.557 180503.193  37.4%   882  970s
  8587  8055 182782.021  446   16 286349.103 182782.021  36.2%  48.6  905s
  7183  6529 180050.548  146   39 283314.636 180050.548  36.4%   223  980s
 10529  9997 180651.489   62   10 285929.799 180651.489  36.8%  62.6  900s
  2432  1901 182151.351   36   46 286137.314 182149.608  36.3%  1062  910s
  2595  2049 181529.127   37   41 288124.928 181528.569  37.0%  1096  945s
  7936  7404 179412.938  886   18 284191.259 179412.938  36.9%  26.9  955s
 14502 13967 182782.021 1426   18 286348.855 182782.021  36.2%  45.9  935s
 11335 10568 181956.330  285  142 284920.129 180906.381  36.5%  69.5  965s
  6691  6158 180927.318 1058   25 286357.588 180927.318  36.8%  46.0  985s
  3820  3286 179262.556   31  123 285303.382 179262.556  37.2%  1039  995s
  2509  1660 182729.584   42  118 202657.717 182684.656  9.86%  1183  920s
  2669  1893 182684.656   36   40 202386.666 182684.656  9.73%   910  950s
  2921  2268 180636.204   35   18 285303.382 180636.204  36.7%  1317  915s
  4645  4021 179709.872  225    9 283862.501 179709.872  36.7%   674  970s
  2880  1688 185802.817   23  203 202506.607 180906.381  10.7%  1300  940s
  4687  4153 182149.608  162   45 287404.215 182149.608  36.6%   110  955s
 14917 14383 181819.845  158   26 287269.724 181819.845  36.7%  85.7  945s
  3335  2802 187790.529   32  149 284194.787 180918.517  36.3%  1140  990s
  3911  3376 180578.842   58   60 284326.928 180578.842  36.5%   913  995s
  8304  7748 179709.872  277   59 285053.067 179709.872  37.0%   216  935s
  3290  2106 181819.845   23   79 201739.200 181819.845  9.87%  1034  930s
  4458  3923 179399.039   44   76 266312.648 179367.372  32.6%   984  995s
  3891  3357 178498.327  259   31 264754.794 178498.327  32.6%  68.5 1000s
  4914  4375 180503.193   43   48 288413.557 180503.193  37.4%   884  975s
H 4700  4164                    287377.76905 182149.608  36.6%   109  957s
  7216  6562 180050.548  175   93 283314.636 180050.548  36.4%   224  985s
  8659  8127 182782.021  180   26 286349.103 182782.021  36.2%  48.6  910s
 10542 10010 180651.489   47   10 285929.799 180651.489  36.8%  62.6  905s
  6718  6185 180927.318 1070   25 286357.588 180927.318  36.8%  45.9  990s
  2619  2073 181528.781   31   61 288124.928 181528.569  37.0%  1096  950s
  9672  9063 181994.115  677    9 285403.469 181994.115  36.2%   124  964s
  7986  7454 179412.938  911   18 284191.259 179412.938  36.9%  26.7  960s
 11471 10690 180906.381  261    9 284920.129 180906.381  36.5%  69.2  970s
 14568 14033 182782.021 1430   10 286348.855 182782.021  36.2%  46.0  940s
  3848  3314 179938.290   18  124 285303.382 179262.556  37.2%  1039 1000s
  2450  1919 182149.608   40   49 286137.314 182149.608  36.3%  1062  916s
  2691  1910 186102.393   31  151 202386.666 182684.656  9.73%   911  955s
  2525  1674 182684.656   44   40 202657.717 182684.656  9.86%  1188  925s
  2942  2289 181272.444   37   46 285303.382 180636.204  36.7%  1320  920s
  4730  4106 179709.872  237    9 283862.501 179709.872  36.7%   663  975s
  9681  9072 181994.115  677    8 285403.469 181994.115  36.2%   124  965s
  3993  3439 186738.551   62  139 286206.267 179111.514  37.4%  1006  984s
  2898  1688 193166.691   44  168 202506.607 180906.381  10.7%  1306  945s
  3622  3088 182032.707   32  160 284920.129 179160.084  37.1%   957  995s
  3936  3401 180578.842   56   38 284326.928 180578.842  36.5%   913 1000s
  3998  3444 179113.676   62   78 286206.267 179111.514  37.4%  1006  985s
  4222  3683 180636.204   43   88 285916.426 180636.204  36.8%   931  980s
  4721  4187 182149.608  161   43 287377.769 182149.608  36.6%   109  960s
  3355  2822 180918.517   33   52 284194.787 180918.517  36.3%  1141  995s
  3417  2733 180651.489   42  105 285178.715 180651.489  36.7%   931  970s
  3306  2120 181819.845   22   72 201739.200 181819.845  9.87%  1035  935s
  4825  3845 188073.467   44  136 286691.434 180600.101  37.0%   648  930s
  8345  7789 179709.872   70   14 285053.067 179709.872  37.0%   216  940s
  4479  3944 179367.372   48   31 266312.648 179367.372  32.6%   986 1000s
 14927 14393 181819.845  150   26 287269.724 181819.845  36.7%  85.6  951s
  3907  3373 178498.327  267   35 264754.794 178498.327  32.6%  68.3 1005s
  4936  4397 180503.193   41   27 288413.557 180503.193  37.4%   886  980s
  7248  6594 180050.548  175   68 283314.636 180050.548  36.4%   225  990s
 10611 10079 180651.489   59   10 285929.799 180651.489  36.8%  62.3  910s
  6741  6208 180927.318 1083   25 286357.588 180927.318  36.8%  45.9  995s
  2637  2091 181528.569   22   34 288124.928 181528.569  37.0%  1094  955s
  8022  7490 179412.938  929   14 284191.259 179412.938  36.9%  26.6  965s
  2461  1930 182149.608   23   93 286137.314 182149.608  36.3%  1064  920s
 11579 10790 180906.381  263    9 284920.129 180906.381  36.5%  68.9  975s
 14604 14069 182782.021 1429   10 286348.855 182782.021  36.2%  46.0  945s
  8715  8183 182782.021   71   20 286349.103 182782.021  36.2%  48.6  915s
  3293  2759 178197.761   26   99 284198.043 178197.761  37.3%   940  986s
  2543  1687 183874.642   46  109 202657.717 182684.656  9.86%  1191  930s
  3877  3343 179446.306   25  114 285303.382 179262.556  37.2%  1038 1005s
  3634  3100 179160.084   23  108 284920.129 179160.084  37.1%   958 1000s
  2710  1925 182684.656   49   73 202386.666 182684.656  9.73%   912  960s
  2907  1695 199059.872   33   96 202506.607 180906.381  10.7%  1313  950s
  4827  4203 179709.872  226    9 283862.501 179709.872  36.7%   651  980s
  2962  2308 180636.962   39   92 285303.382 180636.204  36.7%  1319  925s
  4240  3701 180636.204   29   67 285916.426 180636.204  36.8%   933  985s
  4750  4216 182149.608  158   50 287377.769 182149.608  36.6%   109  965s
  3947  3412 180578.842   64   33 284326.928 180578.842  36.5%   912 1005s
H 3772  3230                    286000.52480 180311.763  37.0%  1065  995s
  4020  3463 179520.281   58  200 286206.267 179111.514  37.4%  1006  990s
  3370  2837 181575.604   27   81 284194.787 180918.517  36.3%  1141 1000s
  3430  2743 181289.809   55   94 285178.715 180651.489  36.7%   932  975s
  4849  3857 188073.467   48  129 286691.434 180600.101  37.0%   649  935s
  9716  9107 181994.115  673   27 285403.469 181994.115  36.2%   125  971s
 14932 14398 181819.845  150    8 287269.724 181819.845  36.7%  85.6  955s
H 3776  3234                    285975.05552 180311.763  36.9%  1065  996s
  8384  7828 179709.872   87   23 285053.067 179709.872  37.0%   216  945s
  3316  2128 181819.845   21  129 201739.200 181819.845  9.87%  1039  940s
  4503  3968 179367.372   66   29 266312.648 179367.372  32.6%   989 1005s
  3308  2774 178643.050   25  145 284198.043 178197.761  37.3%   941  990s
  4955  4416 180503.398   44   48 288413.557 180503.193  37.4%   887  985s
  3923  3389 178498.327  275   29 264754.794 178498.327  32.6%  68.1 1010s
  7271  6617 180050.548  156   47 283314.636 180050.548  36.4%   225  995s
  8765  8233 182782.021   92   21 286349.103 182782.021  36.2%  48.6  920s
  6762  6229 180927.318 1092   26 286357.588 180927.318  36.8%  45.9 1000s
  2477  1946 182149.608   25   93 286137.314 182149.608  36.3%  1062  925s
 10677 10145 180651.489   50   10 285929.799 180651.489  36.8%  62.0  915s
  8061  7529 179412.938  986   14 284191.259 179412.938  36.9%  26.6  970s
 14715 14180 182782.021 1417   10 286348.855 182782.021  36.2%  46.0  950s
  3895  3361 179263.560   26  165 285303.382 179262.556  37.2%  1041 1010s
  3646  3112 179160.084   25   67 284920.129 179160.084  37.1%   958 1005s
  2981  2325 180636.204   51   51 285303.382 180636.204  36.7%  1318  930s
  2725  1937 182702.934   51   65 202386.666 182684.656  9.73%   916  965s
  4865  4241 179709.872  224    9 283862.501 179709.872  36.7%   646  985s
  9737  9128 181994.115  672   15 285403.469 181994.115  36.2%   126  975s
  2927  1694 198463.315   28  154 202506.607 180906.381  10.7%  1321  955s
  4262  3723 180636.204   30   30 285916.426 180636.204  36.8%   936  990s
  3793  3253 180315.586   57   59 285975.056 180311.763  36.9%  1063 1000s
 14939 14405 181819.845  137   10 287269.724 181819.845  36.7%  85.6  960s
  4043  3486 179111.514   60   41 286206.267 179111.514  37.4%  1006  995s
  3970  3435 180578.842   66   53 284326.928 180578.842  36.5%   911 1010s
  2652  2106 181528.569   26   86 288124.928 181528.569  37.0%  1096  962s
  4885  3886 180600.101   44   20 286691.434 180600.101  37.0%   649  940s
  3392  2859 185412.707   31  122 284194.787 180918.517  36.3%  1140 1005s
  3448  2759 181805.479   47   89 285178.715 180651.489  36.7%   935  980s
 11707 10901 180915.545  279   26 284920.129 180906.381  36.5%  68.5  982s
  3334  2145 181819.845   32   67 201739.200 181819.845  9.87%  1041  945s
  8444  7888 179709.872  276   80 285053.067 179709.872  37.0%   216  950s
  3338  2804 178207.574   32  157 284198.043 178197.779  37.3%   939  995s
  8831  8299 182782.021  125   20 286349.103 182782.021  36.2%  48.4  925s
  2489  1958 182149.608   27  111 286137.314 182149.608  36.3%  1062  930s
 10762 10230 180651.489   43   10 285929.799 180651.489  36.8%  61.6  920s
  3941  3407 178498.327  284   25 264754.794 178498.327  32.6%  67.9 1015s
  6797  6264 180927.318 1111   25 286357.588 180927.318  36.8%  45.8 1005s
  2661  2115 181528.569   25  143 288124.928 181528.569  37.0%  1097  965s
  7313  6659 180050.548  167   55 283314.636 180050.548  36.4%   226 1000s
  8116  7584 179412.938  976   12 284191.259 179412.938  36.9%  26.5  975s
 14807 14272 182782.021 1426   10 286348.855 182782.021  36.2%  46.1  955s
  2561  1698 182692.210   40   58 202657.717 182684.656  9.86%  1195  939s
 11747 10928 182092.270  288  145 284920.129 180906.381  36.5%  68.3  985s
  3921  3387 179263.939   30  119 285303.382 179262.556  37.2%  1042 1015s
  2747  1953 185491.517   30  161 202386.666 182684.656  9.73%   917  970s
  3667  3133 179160.084   27   48 284920.129 179160.084  37.1%   958 1010s
  2564  1701 182684.656   41   84 202657.717 182684.656  9.86%  1195  940s
  9769  9160 181994.115  676   45 285403.469 181994.115  36.2%   126  980s
  3002  2342 180636.204   55   26 285303.382 180636.204  36.7%  1317  935s
  4930  4306 179709.872  239    9 283862.501 179709.872  36.7%   638  990s
  4284  3745 180636.204   35   32 285916.426 180636.204  36.8%   939  995s
  2940  1701 197805.271   20  106 202506.607 180906.381  10.7%  1334  960s
 14983 14449 181819.845  142   10 287269.724 181819.845  36.7%  85.4  965s
  3995  3460 180578.842   63   98 284326.928 180578.842  36.5%   910 1015s
  3819  3279 180311.763   59   55 285975.056 180311.763  36.9%  1062 1005s
  4060  3501 179111.514   62   21 286206.267 179111.514  37.4%  1007 1000s
  3407  2874 182736.542   43  232 284194.787 180918.517  36.3%  1143 1010s
  4508  3973 179367.372   67   45 266312.648 179367.372  32.6%   989 1013s
H 2941  1699                    202006.74626 180906.381  10.4%  1334  961s
  4919  3913 180600.101   44   42 286691.434 180600.101  37.0%   651  945s
  4766  4232 182149.608  159   36 287377.769 182149.608  36.6%   108  975s
  3465  2772 181611.300   46  139 285178.715 180651.489  36.7%   939  985s
  3350  2160 181819.845   26   78 201739.200 181819.845  9.87%  1045  950s
  4515  3980 180261.937   52  106 266312.648 179367.372  32.6%   991 1015s
  3370  2836 178198.835   30  126 284198.043 178197.793  37.3%   936 1000s
  3958  3424 178498.327  143   36 264754.794 178498.327  32.6%  67.8 1020s
  2510  1979 182149.608   29  111 286137.314 182149.608  36.3%  1059  935s
  6809  6276 180927.318 1117   22 286357.588 180927.318  36.8%  45.8 1010s
  8877  8345 182782.021  148   18 286349.103 182782.021  36.2%  48.2  930s
 10838 10306 180651.489   60   10 285929.799 180651.489  36.8%  61.3  925s
  2676  2130 181528.569   36  106 288124.928 181528.569  37.0%  1098  970s
  8168  7636 179412.938 1002   26 284191.259 179412.938  36.9%  26.7  980s
 11838 11003 180906.381  265    9 284920.129 180906.381  36.5%  68.2  990s
H 8500  7942                    283982.91110 179709.872  36.7%   217  956s
 14901 14366 182782.021 1433   12 286348.855 182782.021  36.2%  46.2  960s
  3944  3410 179821.030   18  126 285303.382 179262.556  37.2%  1043 1020s
  2585  1718 185989.979   43  131 202657.717 182684.656  9.86%  1199  945s
  3674  3140 180684.519   27  159 284920.129 179160.084  37.1%   959 1015s
  3023  2359 180636.204   58   67 285303.382 180636.204  36.7%  1315  940s
  9809  9200 181994.115  685   10 285403.469 181994.115  36.2%   126  985s
  2773  1973 182684.656   26   98 202386.666 182684.656  9.73%   918  975s
  4995  4371 179709.872  247   11 283862.501 179709.872  36.7%   630  995s
  2949  1709 200152.711   45  135 202006.746 180906.381  10.4%  1345  965s
  4312  3773 180643.936   39   55 285916.426 180636.204  36.8%   941 1000s
  4796  4262 182149.608  155   42 287377.769 182149.608  36.6%   108  980s
  4965  4426 180503.193   41   19 288413.557 180503.193  37.4%   887  997s
  4015  3480 189100.313   65  144 284326.928 180578.842  36.5%   912 1020s
  3841  3301 180311.763   39   34 285975.056 180311.763  36.9%  1062 1010s
  4079  3516 183265.382   63  133 286206.267 179111.514  37.4%  1009 1005s
  3482  2787 180651.489   46   54 285178.715 180651.489  36.7%   941  990s
  4959  3932 183389.872   51  260 286691.434 180600.101  37.0%   652  950s
  3363  2173 181819.845   26  110 201739.200 181819.845  9.87%  1047  955s
  3424  2891 180918.517   46   57 284194.787 180918.517  36.3%  1143 1016s
  4539  4004 179832.588   56  102 266312.648 179367.372  32.6%   992 1020s
  3375  2841 178985.068   34  110 284198.043 178197.794  37.3%   936 1005s
  4979  4440 180503.193   42   30 288413.557 180503.193  37.4%   886 1000s
  3970  3436 178498.327  149   25 264754.794 178498.327  32.6%  67.7 1025s
  6837  6304 180927.318 1131   29 286357.588 180927.318  36.8%  45.7 1015s
 10904 10372 180651.489   60   10 285929.799 180651.489  36.8%  61.0  930s
  8211  7679 179412.938 1061   15 284191.259 179412.938  36.9%  26.7  985s
  8931  8399 182782.021  175   18 286349.103 182782.021  36.2%  48.0  936s
  2603  1732 193471.130   48  121 202657.717 182684.656  9.86%  1199  950s
  2792  1990 182684.656   33   44 202386.666 182684.656  9.73%   919  980s
 11957 11119 182151.303  268  142 284920.129 180906.381  36.5%  67.9  995s
  9840  9231 181994.115  684   12 285403.469 181994.115  36.2%   126  990s
  5070  4446 179709.872  229    9 283862.501 179709.872  36.7%   621 1000s
  3047  2379 180636.204   61   55 285303.382 180636.204  36.7%  1312  945s
  2958  1709 197805.271   31  101 202006.746 180906.381  10.4%  1354  970s
  3693  3159 179937.540   30  178 284920.129 179160.084  37.1%   959 1020s
  4828  4294 182149.608  154   47 287377.769 182149.608  36.6%   108  985s
  3958  3424 179262.556   19  113 285303.382 179262.556  37.2%  1043 1026s
  4098  3533 179111.514   61   43 286206.267 179111.514  37.4%  1009 1010s
  4032  3497 188251.450   64  139 284326.928 180578.842  36.5%   913 1025s
  3496  2801 180651.489   50   46 285178.715 180651.489  36.7%   943  995s
  3434  2901 180934.295   47   87 284194.787 180918.517  36.3%  1144 1020s
  4316  3777 180636.204   38   41 285916.426 180636.204  36.8%   941 1006s
  4983  3949 180600.101   42   60 286691.434 180600.101  37.0%   654  955s
  2695  2149 181532.583   41  111 288124.928 181528.569  37.0%  1097  978s
  3374  2184 181819.845   23  120 201739.200 181819.845  9.87%  1048  960s
  4559  4024 179367.372   59   72 266312.648 179367.372  32.6%   992 1025s
 15063 14529 181819.845  149   28 287269.724 181819.845  36.7%  85.3  976s
  7340  6686 180050.548   91  126 283314.636 180050.548  36.4%   228 1014s
  3985  3451 178498.327  306   19 264754.794 178498.327  32.6%  67.5 1030s
  5008  4469 180503.193   47   37 288413.557 180503.193  37.4%   884 1005s
  8981  8449 182782.021  200   14 286349.103 182782.021  36.2%  47.9  940s
  7341  6687 180050.548  125   76 283314.636 180050.548  36.4%   228 1015s
  6866  6333 180927.318 1144   18 286357.588 180927.318  36.8%  45.7 1020s
 10966 10434 180651.489   51   10 285929.799 180651.489  36.8%  60.7  935s
  3398  2864 178197.843   22  115 284198.043 178197.813  37.3%   935 1010s
  2700  2154 181528.569   22   72 288124.928 181528.569  37.0%  1097  980s
  8259  7727 179412.938 1085   28 284191.259 179412.938  36.9%  26.9  990s
 12052 11193 180916.604  268   26 284920.129 180906.381  36.5%  67.6 1000s
  3857  3317 185650.478   44  107 285975.056 180311.763  36.9%  1064 1018s
  3973  3439 179262.848   21  125 285303.382 179262.556  37.2%  1043 1030s
  2621  1747 182684.656   34   67 202657.717 182684.656  9.86%  1204  955s
  2816  2008 182684.656   34   50 202386.666 182684.656  9.73%   920  985s
  3070  2398 181210.992   63  135 285303.382 180636.204  36.7%  1311  950s
  5164  4540 179709.872  240    9 283862.501 179709.872  36.7%   611 1005s
  9876  9267 181994.115  696   37 285403.469 181994.115  36.2%   126  995s
H 2969  1703                    201709.46690 180906.381  10.3%  1363  975s
  8500  7944 179709.872  212   13 283982.911 179709.872  36.7%   217  967s
 14983 14448 182782.021 1420   10 286348.855 182782.021  36.2%  46.3  971s
  4332  3793 181613.764   40  125 285916.426 180636.204  36.8%   944 1010s
  4861  4327 182149.608  154   41 287377.769 182149.608  36.6%   107  990s
H 8513  7955                    283956.58719 179709.872  36.7%   217  968s
 15128 14594 181819.845  146   10 287269.724 181819.845  36.7%  85.4  980s
  4115  3547 179119.517   63   62 286206.267 179111.514  37.4%  1011 1015s
  4059  3524 187362.537   73  131 284326.928 180578.842  36.5%   913 1030s
  3865  3325 184805.447   34  151 285975.056 180311.763  36.9%  1065 1020s
  3510  2813 180651.489   49   38 285178.715 180651.489  36.7%   946 1000s
  3451  2918 180918.517   31   81 284194.787 180918.517  36.3%  1145 1025s
  3389  2198 181819.845   21  110 201739.200 181819.845  9.87%  1052  965s
  8526  7970 179709.872  217   11 283956.587 179709.872  36.7%   217  970s
  4003  3469 178498.327  315   33 264754.794 178498.327  32.6%  67.4 1035s
  5041  4502 180504.100   50   37 288413.557 180503.193  37.4%   884 1010s
  3422  2888 179104.058   31  118 284198.043 178197.836  37.3%   936 1015s
  7376  6722 180050.548   93   43 283314.636 180050.548  36.4%   229 1020s
 11046 10514 180651.489   37   10 285929.799 180651.489  36.8%  60.5  940s
  4584  4049 179922.063   57   84 266312.648 179367.372  32.6%   995 1030s
  9039  8507 182782.021  229   23 286349.103 182782.021  36.2%  47.8  945s
  2724  2178 181528.569   44   54 288124.928 181528.569  37.0%  1095  985s
  8318  7786 179412.938 1077   22 284191.259 179412.938  36.9%  26.8  995s
  6890  6357 180927.318 1156   22 286357.588 180927.318  36.8%  45.7 1025s
 12151 11272 182191.487  271  142 284920.129 180906.381  36.5%  67.4 1005s
  3998  3464 179262.556   23  100 285303.382 179262.556  37.2%  1043 1035s
  2833  2023 182684.656   24  133 202386.666 182684.656  9.73%   920  990s
  9926  9317 181994.115  700   10 285403.469 181994.115  36.2%   126 1000s
  5266  4639 179709.872  249    9 283862.501 179709.872  36.7%   600 1010s
  3101  2422 182374.994   47  136 285303.382 180636.204  36.7%  1308  955s
 15063 14528 182782.021 1433   10 286348.855 182782.021  36.2%  46.3  976s
  2989  1702 198228.923   30  185 201709.467 180906.381  10.3%  1372  980s
  4998  3963 180600.101   44   31 286691.434 180600.101  37.0%   655  963s
  4358  3819 181838.822   45  107 285916.426 180636.204  36.8%   945 1015s
  4901  4367 182149.608  156   29 287377.769 182149.608  36.6%   107  995s
  4079  3544 187188.984   72  110 284326.928 180578.842  36.5%   913 1035s
  3890  3350 186119.251   38   98 285975.056 180311.763  36.9%  1065 1025s
 15224 14690 181819.845  152   10 287269.724 181819.845  36.7%  85.3  985s
  4140  3569 179119.442   59   67 286206.267 179111.514  37.4%  1010 1020s
  3477  2944 180918.517   29   84 284194.787 180918.517  36.3%  1145 1030s
  5008  3972 180600.101   39   68 286691.434 180600.101  37.0%   655  965s
  3535  2838 181602.782   57   61 285178.715 180651.489  36.7%   945 1005s
  3406  2215 181819.845   29  109 201739.200 181819.845  9.87%  1052  970s
  8607  8051 179709.872  227   11 283956.587 179709.872  36.7%   215  975s
  4020  3486 178498.327  174   37 264754.794 178498.327  32.6%  67.3 1040s
  3449  2915 178197.934   31   99 284198.043 178197.856  37.3%   935 1020s
  4611  4076 179367.372   63   49 266312.648 179367.372  32.6%   996 1035s
  5069  4530 180503.193   41   38 288413.557 180503.193  37.4%   884 1015s
  7407  6753 180050.548   39   58 283314.636 180050.548  36.4%   231 1025s
  9111  8579 182782.021  265   16 286349.103 182782.021  36.2%  47.8  950s
  6915  6382 180927.318 1170   37 286357.588 180927.318  36.8%  45.6 1030s
 11127 10595 180651.489   48   10 285929.799 180651.489  36.8%  60.1  945s
  8391  7859 179412.938 1151   36 284191.259 179412.938  36.9%  26.6 1000s
 15167 14632 182782.021 1429   10 286348.855 182782.021  36.2%  46.4  980s
 12285 11388 180906.381  239   12 284920.129 180906.381  36.5%  67.1 1010s
  2639  1764 183003.292   38  160 202657.717 182684.656  9.86%  1206  964s
  2511  1980 190479.454   47  277 286137.314 182149.608  36.3%  1060  956s
  3125  2444 180636.204   38   59 285303.382 180636.204  36.7%  1308  960s
  2858  2045 184540.720   30  182 202386.666 182684.656  9.73%   918  995s
  5377  4740 179709.872  262    9 283862.501 179709.872  36.7%   588 1015s
H 3911  3369                    285971.29452 180311.763  36.9%  1065 1028s
  2640  1765 199325.830   39  115 202657.717 182684.656  9.86%  1209  965s
  3705  3171 180293.598   31  138 284920.129 179160.084  37.1%   960 1035s
  4373  3834 181722.559   46  112 285916.426 180636.204  36.8%   948 1020s
  9959  9350 181994.115  708   14 285403.469 181994.115  36.2%   126 1005s
 15300 14766 181819.845  141    8 287269.724 181819.845  36.7%  85.3  990s
  4157  3583 179111.514   61   28 286206.267 179111.514  37.4%  1012 1025s
  4108  3573 180665.383   72  154 284326.928 180578.842  36.5%   914 1040s
  4937  4403 182149.608  159   43 287377.769 182149.608  36.6%   106 1000s
  3557  2858 180651.489   51   43 285178.715 180651.489  36.7%   946 1010s
  5032  3993 186411.934   47  115 286691.434 180600.101  37.0%   656  970s
  3911  3371 184041.255   35  107 285971.295 180311.763  36.9%  1066 1030s
  3426  2235 181819.845   24   68 201739.200 181819.845  9.87%  1052  975s
  8702  8146 179709.872  238   12 283956.587 179709.872  36.7%   213  980s
  4636  4101 179367.372   71   35 266312.648 179367.372  32.6%   998 1040s
  4033  3499 178498.327  330   23 264754.794 178498.327  32.6%  67.2 1045s
  5093  4554 181222.387   45   74 288413.557 180503.193  37.4%   884 1020s
  2526  1995 182149.608   29   90 286137.314 182149.608  36.3%  1058  960s
  9173  8641 182782.021  296   24 286349.103 182782.021  36.2%  47.9  955s
  7444  6790 180050.548  171  101 283314.636 180050.548  36.4%   233 1030s
  6945  6412 180927.318 1185   31 286357.588 180927.318  36.8%  45.5 1035s
 11201 10669 180651.489   39   12 285929.799 180651.489  36.8%  59.8  950s
  8431  7899 179412.938 1171   42 284191.259 179412.938  36.9%  26.8 1005s
 15265 14730 182782.021 1421   10 286348.855 182782.021  36.2%  46.5  985s
  2655  1779 182684.656   32   52 202657.717 182684.656  9.86%  1213  970s
  2873  2057 184005.936   43  114 202386.666 182684.656  9.73%   919 1000s
  9992  9383 181994.115  707   10 285403.469 181994.115  36.2%   125 1010s
  5475  4834 179709.872  272    9 283862.501 179709.872  36.7%   578 1020s
  4389  3850 180708.336   49  105 285916.426 180636.204  36.8%   951 1025s
  3722  3188 179160.084   33   43 284920.129 179160.084  37.1%   960 1041s
  4964  4430 182149.608  157   52 287377.769 182149.608  36.6%   106 1005s
  3926  3386 180311.763   39   37 285971.295 180311.763  36.9%  1066 1035s
 15383 14849 181819.845  147   28 287269.724 181819.845  36.7%  85.3  995s
  4178  3598 183528.332   56  214 286206.267 179111.514  37.4%  1014 1030s
  5063  4020 180600.101   36   66 286691.434 180600.101  37.0%   657  975s
  3570  2870 184207.023   56  168 285178.715 180651.489  36.7%   949 1015s
  3480  2947 186932.140   30  196 284194.787 180918.517  36.3%  1146 1040s
  3441  2249 181819.845   26   84 201739.200 181819.845  9.87%  1054  980s
  8769  8213 179709.872  239   11 283956.587 179709.872  36.7%   212  985s
  4654  4119 179367.372   49   79 266312.648 179367.372  32.6%  1001 1045s
  2742  2196 181528.569   27   84 288124.928 181528.569  37.0%  1093  999s
  4044  3510 178498.327  186   26 264754.794 178498.327  32.6%  67.1 1050s
  4025  3491 179262.556   27  108 285303.382 179262.556  37.2%  1042 1048s
  5114  4575 180503.193   47   46 288413.557 180503.193  37.4%   884 1025s
  7464  6810 180050.548  134   42 283314.636 180050.548  36.4%   235 1035s
  2546  2015 182410.963   34  167 286137.314 182149.608  36.3%  1057  965s
  9201  8669 182782.021  310   30 286349.103 182782.021  36.2%  47.8  960s
 11262 10730 180651.489   35   10 285929.799 180651.489  36.8%  59.6  955s
  6967  6434 180927.318 1196   26 286357.588 180927.318  36.8%  45.5 1040s
  2746  2200 181528.569   28   53 288124.928 181528.569  37.0%  1092 1000s
 15355 14820 182782.021 1427   10 286348.855 182782.021  36.2%  46.6  990s
  4033  3499 179262.556   28   79 285303.382 179262.556  37.2%  1041 1050s
  2995  1703 198030.117   31  155 201709.467 180906.381  10.3%  1379  994s
  2677  1800 182684.656   37   51 202657.717 182684.656  9.86%  1213  975s
  2891  2075 185114.916   42  172 202386.666 182684.656  9.73%   919 1005s
  3738  3204 179160.084   35   78 284920.129 179160.084  37.1%   962 1045s
  5556  4907 179709.872  282    9 283862.501 179709.872  36.7%   571 1025s
  4128  3593 180578.842   76   77 284326.928 180578.842  36.5%   914 1049s
  2996  1704 198866.675   30  166 201709.467 180906.381  10.3%  1380  995s
 10030  9421 181994.115  712   12 285403.469 181994.115  36.2%   125 1015s
  4407  3868 180636.204   25   29 285916.426 180636.204  36.8%   955 1030s
  4996  4462 182149.608  158   47 287377.769 182149.608  36.6%   106 1010s
  3943  3403 186119.251   42  101 285971.295 180311.763  36.9%  1067 1040s
 15494 14960 181819.845  142   10 287269.724 181819.845  36.7%  85.1 1000s
  4132  3597 185698.326   77  102 284326.928 180578.842  36.5%   914 1050s
  4206  3623 179119.488   59   63 286206.267 179111.514  37.4%  1012 1035s
  3499  2966 180918.517   25   45 284194.787 180918.517  36.3%  1146 1045s
  3584  2881 180651.489   44   87 285178.715 180651.489  36.7%   954 1020s
  5091  4042 187925.158   40  152 286691.434 180600.101  37.0%   658  980s
  3458  2264 181819.845   41   68 201739.200 181819.845  9.87%  1056  985s
  8851  8295 179709.872  227   11 283956.587 179709.872  36.7%   210  990s
  4671  4136 179647.294   32   90 266312.648 179367.372  32.6%  1003 1050s
  4058  3524 178498.327  193   30 264754.794 178498.327  32.6%  66.9 1055s
  5139  4600 181222.313   50   76 288413.557 180503.193  37.4%   886 1030s
  7508  6854 180050.548  111   17 283314.636 180050.548  36.4%   236 1040s
  9226  8694 182782.021  196   13 286349.103 182782.021  36.2%  47.7  965s
  6991  6458 180927.318 1208   39 286357.588 180927.318  36.8%  45.4 1045s
 11347 10815 180651.489   53   10 285929.799 180651.489  36.8%  59.4  960s
  2558  2027 182149.608   34   47 286137.314 182149.608  36.3%  1056  970s
  2767  2220 186614.904   32  111 288124.928 181528.569  37.0%  1090 1005s
 15476 14941 182782.021 1426   10 286348.855 182782.021  36.2%  46.7  995s
  3461  2927 178198.404   33  119 284198.043 178197.865  37.3%   934 1036s
  2692  1814 199301.102   41   88 202657.717 182684.656  9.86%  1221  980s
  3761  3227 179160.084   29   69 284920.129 179160.084  37.1%   963 1050s
  4051  3517 180002.318   30  133 285303.382 179262.556  37.2%  1043 1055s
 10070  9461 181994.115  718   12 285403.469 181994.115  36.2%   125 1020s
  5665  5014 179709.872  290    9 283862.501 179709.872  36.7%   560 1030s
  3010  1707 198878.808   33  171 201709.467 180906.381  10.3%  1390 1000s
  4429  3890 180636.204   31   50 285916.426 180636.204  36.8%   956 1035s
  5028  4494 182149.608  154   47 287377.769 182149.608  36.6%   106 1015s
 12392 11494 180906.381  250    9 284920.129 180906.381  36.5%  66.8 1026s
  4156  3621 186964.852   78  113 284326.928 180578.842  36.5%   915 1055s
 15602 15068 181819.845  145    8 287269.724 181819.845  36.7%  85.0 1005s
  4230  3641 187201.845   61  132 286206.267 179111.514  37.4%  1013 1040s
  3524  2991 180918.517   28   66 284194.787 180918.517  36.3%  1143 1050s
  3965  3425 180311.763   36   36 285971.295 180311.763  36.9%  1069 1045s
  5118  4063 185005.705   42  143 286691.434 180600.101  37.0%   661  985s
  3600  2893 180651.489   46   48 285178.715 180651.489  36.7%   958 1025s
  3475  2279 181819.845   43   65 201739.200 181819.845  9.87%  1057  990s
  8944  8388 179709.872  245   11 283956.587 179709.872  36.7%   209  995s
  4703  4168 179367.372   40   88 266312.648 179367.372  32.6%  1002 1055s
  2900  2084 182684.656   34   68 202386.666 182684.656  9.73%   918 1013s
  3481  2947 178203.897   25  152 284198.043 178197.880  37.3%   933 1040s
H 3142  2458                    285271.18991 180636.204  36.7%  1307  978s
  5166  4627 180503.193   30   55 288413.557 180503.193  37.4%   888 1035s
  4074  3540 178498.327  201   27 264754.794 178498.327  32.6%  66.7 1060s
  7584  6930 180050.548  122   17 283314.636 180050.548  36.4%   235 1045s
  9282  8750 182782.021  224   15 286349.103 182782.021  36.2%  47.6  970s
  7018  6485 180927.318 1220   22 286357.588 180927.318  36.8%  45.3 1050s
 11432 10900 180651.489   45   10 285929.799 180651.489  36.8%  59.0  965s
  2579  2048 182149.608   37   70 286137.314 182149.608  36.3%  1056  975s
  2787  2240 181528.569   47   46 288124.928 181528.569  37.0%  1092 1010s
 15604 15069 182782.021 1441   10 286348.855 182782.021  36.2%  46.6 1000s
 12473 11571 180920.235  258   25 284920.129 180906.381  36.5%  66.7 1030s
  4072  3538 179263.714   31  125 285303.382 179262.556  37.2%  1044 1060s
  2712  1831 182684.656   42   43 202657.717 182684.656  9.86%  1223  985s
  3777  3243 179160.084   31   37 284920.129 179160.084  37.1%   966 1055s
  2908  2090 182684.656   37   60 202386.666 182684.656  9.73%   918 1015s
  3030  1706     cutoff   39      201709.467 180906.381  10.3%  1398 1005s
H 3142  2458                    285047.75426 180636.204  36.6%  1307  981s
  5068  4534 182149.608  154   41 287377.769 182149.608  36.6%   106 1020s
 10121  9512 181994.115  719   12 285403.469 181994.115  36.2%   124 1025s
  4181  3646 180578.842   56   57 284326.928 180578.842  36.5%   916 1060s
  4253  3658 183017.311   65  159 286206.267 179111.514  37.4%  1014 1045s
  3984  3444 187895.111   35   97 285971.295 180311.763  36.9%  1070 1050s
  3542  3009 180918.517   30   61 284194.787 180918.517  36.3%  1141 1055s
  4451  3912 180636.204   32   94 285916.426 180636.204  36.8%   955 1040s
  5772  5121 179709.872  302   11 283862.501 179709.872  36.7%   551 1036s
  3614  2905 180651.489   48   58 285178.715 180651.489  36.7%   961 1030s
 15684 15150 181819.845  154    8 287269.724 181819.845  36.7%  85.0 1011s
  9025  8469 179709.872  252   11 283956.587 179709.872  36.7%   207 1000s
  3489  2292 181819.845   30   99 201739.200 181819.845  9.87%  1061  995s
  8481  7949 179412.938 1196   16 284191.259 179412.938  36.9%  26.9 1024s
  4088  3554 178498.327  208   29 264754.794 178498.327  32.6%  66.5 1065s
  4706  4171 179561.448   40   89 266312.648 179367.372  32.6%  1002 1060s
  5191  4652 180524.752   37   84 288413.557 180503.193  37.4%   888 1040s
  7049  6516 180927.318 1237   25 286357.588 180927.318  36.8%  45.2 1055s
  2594  2063 182149.608   38   46 286137.314 182149.608  36.3%  1059  980s
  9339  8807 182782.021  379   20 286349.103 182782.021  36.2%  47.8  975s
 11504 10972 180651.489   37   10 285929.799 180651.489  36.8%  58.8  970s
  2804  2257 181528.569   37   52 288124.928 181528.569  37.0%  1092 1015s
  8489  7957 179412.938 1200   16 284191.259 179412.938  36.9%  26.9 1025s
 15688 15153 182782.021 1450   10 286348.855 182782.021  36.2%  46.5 1005s
  4090  3556 179262.556   31  145 285303.382 179262.556  37.2%  1046 1065s
  3801  3267 179160.084   37   75 284920.129 179160.084  37.1%   967 1060s
  2925  2104 182684.656   28   72 202386.666 182684.656  9.73%   919 1020s
 12555 11640 181941.588  268  145 284920.129 180906.381  36.5%  66.5 1035s
  5843  5192 179709.872  310    9 283862.501 179709.872  36.7%   545 1040s
 10148  9539 181994.115  725   10 285403.469 181994.115  36.2%   124 1030s
  2716  1833 183218.780   43  140 202657.717 182684.656  9.86%  1224  990s
  3040  1711 198866.675   31   85 201709.467 180906.381  10.3%  1408 1010s
H 3142  2458                    285018.12856 180636.204  36.6%  1307  985s
  4468  3929 181284.658   37   98 285916.426 180636.204  36.8%   956 1045s
  5098  4564 182149.608  169   34 287377.769 182149.608  36.6%   105 1025s
  4280  3679 179111.514   62   45 286206.267 179111.514  37.4%  1014 1050s
 15737 15203 181819.845  160   26 287269.724 181819.845  36.7%  84.8 1015s
  3999  3459 180311.763   38   55 285971.295 180311.763  36.9%  1069 1055s
  4208  3673 180578.842   62   52 284326.928 180578.842  36.5%   917 1065s
  3630  2919 184270.959   54  137 285178.715 180651.489  36.7%   962 1035s
H 3142  2458                    284985.93653 180636.204  36.6%  1307  987s
  3559  3026 180918.517   32   67 284194.787 180918.517  36.3%  1140 1060s
  3503  2304 181819.845   32   58 201739.200 181819.845  9.87%  1059 1000s
  9109  8553 179709.872  235   17 283956.587 179709.872  36.7%   206 1005s
  4722  4187 179367.372   24  115 266312.648 179367.372  32.6%  1003 1065s
  4105  3571 178498.327   64   32 264754.794 178498.327  32.6%  66.3 1070s
  3506  2972 178233.910   20  113 284198.043 178197.893  37.3%   931 1050s
  5216  4677 180503.193   39   40 288413.557 180503.193  37.4%   887 1045s
  9396  8864 182782.021  204   18 286349.103 182782.021  36.2%  47.6  980s
  7074  6541 180927.318 1248   26 286357.588 180927.318  36.8%  45.1 1060s
  2611  2080 182149.608   41   39 286137.314 182149.608  36.3%  1060  985s
  8543  8011 179412.938 1227   56 284191.259 179412.938  36.9%  27.0 1030s
 12655 11724 182305.551  278  145 284920.129 180906.381  36.5%  66.2 1040s
  2816  2267 181528.569   29   32 288124.928 181528.569  37.0%  1095 1020s
 15738 15203 182782.021 1477   10 286348.855 182782.021  36.2%  46.5 1010s
  5138  4076 187879.113   47  138 286691.434 180600.101  37.0%   663  997s
  4106  3572 179262.556   33  106 285303.382 179262.556  37.2%  1048 1070s
  2946  2121 182684.656   28  147 202386.666 182684.656  9.73%   916 1025s
  2737  1849 182684.656   36   53 202657.717 182684.656  9.86%  1224  995s
  3823  3289 179163.576   23   83 284920.129 179160.084  37.1%   967 1065s
  3142  2460 180636.204   38   51 284985.937 180636.204  36.6%  1307  990s
  5907  5256 179709.872  316    9 283862.501 179709.872  36.7%   539 1045s
  3046  1716 198857.946   27   75 201709.467 180906.381  10.3%  1415 1015s
 11557 11025 180651.489   53   10 285929.799 180651.489  36.8%  58.6  976s
  4486  3947 180636.204   39   35 285916.426 180636.204  36.8%   957 1050s
  5133  4599 182149.608  162   36 287377.769 182149.608  36.6%   105 1030s
 15862 15328 181819.845  141   10 287269.724 181819.845  36.7%  84.5 1020s
 10172  9563 181994.115  727   29 285403.469 181994.115  36.2%   124 1036s
  3577  3044 182228.553   33   41 284194.787 180918.517  36.3%  1141 1065s
  4299  3696 179119.425   65   72 286206.267 179111.514  37.4%  1014 1055s
  4019  3479 180311.763   41   21 285971.295 180311.763  36.9%  1070 1060s
  3647  2933 180651.489   56   54 285178.715 180651.489  36.7%   962 1040s
  5152  4090 185296.392   53  176 286691.434 180600.101  37.0%   665 1000s
  7638  6984 180050.548  128   17 283314.636 180050.548  36.4%   233 1058s
  4749  4214 179367.372   44   83 266312.648 179367.372  32.6%  1004 1070s
  9174  8618 179709.872  229   17 283956.587 179709.872  36.7%   205 1010s
  4230  3695 189189.298   61  162 284326.928 180578.842  36.5%   919 1072s
  5227  4688 180503.193   37   52 288413.557 180503.193  37.4%   886 1050s
  4126  3592 178498.327  227   29 264754.794 178498.327  32.6%  66.0 1075s
  7660  7006 180050.548  129   15 283314.636 180050.548  36.4%   233 1060s
  9461  8929 182782.021  440   28 286349.103 182782.021  36.2%  47.8  985s
  2629  2098 182149.608   41   66 286137.314 182149.608  36.3%  1060  990s
  7103  6570 180927.318 1264   25 286357.588 180927.318  36.8%  45.2 1065s
 11619 11087 180651.489   59   10 285929.799 180651.489  36.8%  58.4  980s
  2836  2287 181593.026   37  101 288124.928 181528.569  37.0%  1098 1025s
  8593  8061 179412.938   41   12 284191.259 179412.938  36.9%  27.1 1035s
 12757 11810 182301.062  279  211 284920.129 180906.381  36.5%  66.0 1045s
  4128  3594 179262.556   26   92 285303.382 179262.556  37.2%  1049 1075s
  2965  2137 182684.656   30  108 202386.666 182684.656  9.73%   916 1030s
  3844  3310 179160.084   22   44 284920.129 179160.084  37.1%   968 1070s
  3162  2480 180636.214   41   73 284985.937 180636.204  36.6%  1307  995s
 10209  9600 181994.115  723   11 285403.469 181994.115  36.2%   124 1040s
  2756  1867 200479.952   45   82 202657.717 182684.656  9.86%  1229 1000s
 15873 15338 182782.358 1473   18 286348.855 182782.021  36.2%  46.3 1016s
  3533  2999 178251.692   30  129 284198.043 178197.902  37.3%   928 1057s
  3066  1716 199164.670   25  108 201709.467 180906.381  10.3%  1420 1020s
  4509  3970 180636.204   39   43 285916.426 180636.204  36.8%   957 1055s
  5175  4641 182149.608  148   51 287377.769 182149.608  36.6%   104 1035s
  4241  3706 180578.842   63   59 284326.928 180578.842  36.5%   918 1075s
 15990 15456 181819.845  153    8 287269.724 181819.845  36.7%  84.4 1025s
  4320  3712 179119.314   59   80 286206.267 179111.514  37.4%  1016 1060s
  3600  3067 180918.517   36   82 284194.787 180918.517  36.3%  1139 1070s
  3665  2951 180710.209   58   81 285178.715 180651.489  36.7%   965 1045s
  3520  2320 181819.845   34   14 201739.200 181819.845  9.87%  1060 1010s
  5180  4118 180600.101   33   98 286691.434 180600.101  37.0%   666 1005s
  9249  8693 179709.872  224   19 283956.587 179709.872  36.7%   203 1015s
  4773  4238 179367.372   37   58 266312.648 179367.372  32.6%  1006 1075s
  4145  3611 178498.327   84   32 264754.794 178498.327  32.6%  65.7 1080s
  3547  3013 178198.017   24  112 284198.043 178197.903  37.3%   930 1060s
  7732  7078 180053.587  137   26 283314.636 180050.548  36.4%   231 1065s
  9540  9008 182782.021  116   18 286349.103 182782.021  36.2%  47.6  990s
  7130  6597 180927.318 1276   26 286357.588 180927.318  36.8%  45.0 1070s
  2647  2116 182149.608   43   48 286137.314 182149.608  36.3%  1061  995s
  5261  4722 180503.193   41   38 288413.557 180503.193  37.4%   884 1055s
 11706 11174 180651.489   38   12 285929.799 180651.489  36.8%  58.1  985s
  8646  8114 179412.938 1241   12 284191.259 179412.938  36.9%  27.1 1040s
 12810 11856 180906.381  276    9 284920.129 180906.381  36.5%  65.9 1050s
  4030  3490 186166.885   43   91 285971.295 180311.763  36.9%  1070 1068s
  2859  2310 181543.265   36   86 288124.928 181528.569  37.0%  1098 1031s
  2775  1884 182684.656   35   64 202657.717 182684.656  9.86%  1230 1005s
  2987  2154 182684.656   33  113 202386.666 182684.656  9.73%   915 1035s
  3189  2507 180636.204   38   28 284985.937 180636.204  36.6%  1306 1000s
  3865  3331 179961.933   23  114 284920.129 179160.084  37.1%   970 1075s
 15954 15419 182782.434 1505   18 286348.855 182782.021  36.2%  46.2 1021s
 10249  9640 181994.115  734   13 285403.469 181994.115  36.2%   124 1045s
  3074  1722 198857.946   21  192 201709.467 180906.381  10.3%  1431 1025s
  4532  3993 180636.204   40   69 285916.426 180636.204  36.8%   959 1060s
  5207  4673 182149.608  148   38 287377.769 182149.608  36.6%   104 1040s
  4274  3739 180578.842   60   67 284326.928 180578.842  36.5%   917 1080s
  4040  3500 186435.219   44  108 285971.295 180311.763  36.9%  1069 1070s
  3622  3089 185555.673   42  207 284194.787 180918.517  36.3%  1138 1075s
  4340  3724 183199.428   49  206 286206.267 179111.514  37.4%  1019 1065s
  3676  2960 180651.489   58   72 285178.715 180651.489  36.7%   969 1050s
  3541  2338 188995.117   36  103 201739.200 181819.845  9.87%  1060 1015s
  9321  8765 179709.872  230   17 283956.587 179709.872  36.7%   202 1020s
  4802  4267 179367.372   37   47 266312.648 179367.372  32.6%  1005 1080s
  4163  3629 178498.327   93   30 264754.794 178498.327  32.6%  65.5 1085s
  3573  3039 178198.889   35   71 284198.043 178197.923  37.3%   928 1065s
  5291  4752 180947.295   43  107 288413.557 180503.193  37.4%   882 1060s
  7766  7112 180050.548  126   36 283314.636 180050.548  36.4%   232 1070s
  9593  9061 182782.021  121   24 286349.103 182782.021  36.2%  47.5  995s
 11779 11247 180651.489   32   12 285929.799 180651.489  36.8%  57.8  990s
  2661  2130 182149.608   45   47 286137.314 182149.608  36.3%  1066 1000s
  2876  2326 181531.158   47   62 288124.928 181528.569  37.0%  1099 1035s
  8691  8159 179412.938   90   16 284191.259 179412.938  36.9%  27.1 1045s
 12908 11941 180906.381  276    9 284920.129 180906.381  36.5%  65.7 1055s
  7150  6617 180927.318 1286   24 286357.588 180927.318  36.8%  44.9 1075s
  5207  4145 180600.101   32   23 286691.434 180600.101  37.0%   666 1012s
  3884  3350 179168.354   21   94 284920.129 179160.084  37.1%   971 1080s
  3213  2530 180636.204   41   50 284985.937 180636.204  36.6%  1305 1005s
  3007  2169 182684.656   38   71 202386.666 182684.656  9.73%   914 1040s
 10290  9681 181994.115  735   10 285403.469 181994.115  36.2%   124 1050s
  5962  5311 179709.872  322    9 283862.501 179709.872  36.7%   535 1060s
  3082  1729 198281.141   33   96 201709.467 180906.381  10.3%  1436 1030s
 15979 15444 182782.021 1487   10 286348.855 182782.021  36.2%  46.2 1026s
  5244  4710 182149.608  147   47 287377.769 182149.608  36.6%   104 1045s
  4060  3520 187463.130   46   97 285971.295 180311.763  36.9%  1069 1075s
 16114 15580 181819.845  150    8 287269.724 181819.845  36.7%  84.1 1035s
  3691  2973 180651.489   60   64 285178.715 180651.489  36.7%   970 1055s
  5223  4160 180600.101   29   51 286691.434 180600.101  37.0%   666 1015s
  4143  3609 179992.905   28   90 285303.382 179262.556  37.2%  1050 1087s
  4559  4020 180758.119   44   73 285916.426 180636.204  36.8%   956 1066s
  2780  1888 182684.656   35   37 202657.717 182684.656  9.86%  1229 1013s
  9390  8834 179709.872  243   15 283956.587 179709.872  36.7%   201 1025s
  4827  4292 179367.372   28   72 266312.648 179367.372  32.6%  1003 1085s
  3559  2352 190595.366   39   75 201739.200 181819.845  9.87%  1062 1020s
  4178  3644 178498.327  253   25 264754.794 178498.327  32.6%  65.3 1090s
  5317  4778 180503.193   40   49 288413.557 180503.193  37.4%   880 1065s
  3599  3065 179179.515   33  109 284198.043 178197.944  37.3%   927 1070s
  9658  9126 182782.021  175   20 286349.103 182782.021  36.2%  47.3 1000s
  7816  7162 180050.548  119   35 283314.636 180050.548  36.4%   232 1075s
  7173  6640 180927.318 1299   21 286357.588 180927.318  36.8%  44.8 1080s
  2675  2144 182151.683   43   68 286137.314 182149.608  36.3%  1070 1005s
 11825 11293 180651.489   51   10 285929.799 180651.489  36.8%  57.7  995s
  2892  2340 181528.569   50   37 288124.928 181528.569  37.0%  1102 1040s
  8734  8202 179412.938  901   16 284191.259 179412.938  36.9%  27.0 1050s
 15982 15447 182782.594 1490   23 286348.855 182782.021  36.2%  46.2 1030s
  2791  1896 182684.656   37   48 202657.717 182684.656  9.86%  1227 1015s
  3036  2190 182692.697   42  142 202386.666 182684.656  9.73%   910 1045s
  3236  2553 180636.204   45   30 284985.937 180636.204  36.6%  1305 1010s
  3910  3376 180381.193   26  119 284920.129 179160.084  37.1%   972 1085s
 13010 12017 181603.153  282  129 284920.129 180906.381  36.5%  65.5 1060s
  6055  5404 179709.872  333   11 283862.501 179709.872  36.7%   527 1065s
  4154  3620 179262.819   21   89 285303.382 179262.556  37.2%  1051 1090s
 10333  9724 181994.115  732   12 285403.469 181994.115  36.2%   124 1055s
  3092  1733 198857.946   30   74 201709.467 180906.381  10.3%  1443 1035s
  4582  4043 180636.574   45   54 285916.426 180636.204  36.8%   957 1070s
  5284  4750 182149.608  147   46 287377.769 182149.608  36.6%   103 1050s
 16187 15653 181819.845  141   10 287269.724 181819.845  36.7%  84.1 1040s
  4082  3542 180311.864   47   96 285971.295 180311.763  36.9%  1070 1080s
  3708  2990 180651.489   62   47 285178.715 180651.489  36.7%   973 1060s
  5254  4191 180600.101   52   49 286691.434 180600.101  37.0%   665 1020s
  3580  2365 183939.681   37   96 201739.200 181819.845  9.87%  1063 1025s
  9440  8884 179709.872  205   36 283956.587 179709.872  36.7%   201 1030s
  4196  3662 178498.327  262   29 264754.794 178498.327  32.6%  65.1 1095s
  3629  3095 178198.840   29  177 284198.043 178197.962  37.3%   925 1075s
  7888  7234 180050.548  127   25 283314.636 180050.548  36.4%   230 1080s
  9738  9206 182782.021  215   26 286349.103 182782.021  36.2%  47.1 1005s
  2693  2162 182149.608   31   65 286137.314 182149.608  36.3%  1070 1010s
 11907 11375 180651.489   45   10 285929.799 180651.489  36.8%  57.5 1000s
  7201  6668 180927.318 1313   21 286357.588 180927.318  36.8%  44.7 1085s
  8798  8266 179412.938  933   19 284191.259 179412.938  36.9%  26.9 1055s
 13117 12080 180906.381  276    9 284920.129 180906.381  36.5%  65.5 1065s
 15990 15455 182782.320 1489   18 286348.855 182782.021  36.2%  46.2 1035s
  3629  3096 189996.331   37  183 284194.787 180918.517  36.3%  1139 1088s
  2813  1914 182684.656   40   64 202657.717 182684.656  9.86%  1229 1020s
  4178  3644 179262.556   29   34 285303.382 179262.556  37.2%  1050 1095s
  3262  2579 180902.557   40   68 284985.937 180636.204  36.6%  1306 1015s
  6133  5482 179709.872  339    9 283862.501 179709.872  36.7%   521 1070s
 10388  9779 181994.115  737   14 285403.469 181994.115  36.2%   123 1060s
H 4342  3724                    286204.48539 179111.514  37.4%  1019 1078s
H 4613  4072                    285910.20871 180636.204  36.8%   958 1074s
  3106  1739 198514.785   25  213 201709.467 180906.381  10.3%  1452 1040s
  5322  4788 182149.608  166   41 287377.769 182149.608  36.6%   102 1055s
 16293 15759 181819.845  152   10 287269.724 181819.845  36.7%  84.0 1045s
  4613  4074 181066.260   47   90 285910.209 180636.204  36.8%   958 1075s
  4111  3571 180312.454   47   80 285971.295 180311.763  36.9%  1068 1085s
  3037  2191 182684.656   42   86 202386.666 182684.656  9.73%   910 1051s
  3638  3105 186140.632   39  301 284194.787 180918.517  36.3%  1140 1090s
  5283  4218 180600.101   44   38 286691.434 180600.101  37.0%   665 1025s
  3920  3386 179160.084   30   26 284920.129 179160.084  37.1%   972 1091s
  3725  3003 184207.479   64  173 285178.715 180651.489  36.7%   977 1065s
  2912  2360 181757.570   54   97 288124.928 181528.569  37.0%  1105 1048s
  3605  2384 181824.189   40   88 201739.200 181819.845  9.87%  1065 1030s
  9501  8945 179709.872  285   22 283956.587 179709.872  36.7%   200 1035s
  5343  4804 180503.193   36   65 288413.557 180503.193  37.4%   879 1074s
  4221  3687 178498.327  122   33 264754.794 178498.327  32.6%  64.9 1100s
  3650  3116 178999.263   30  136 284198.043 178197.992  37.3%   923 1080s
  5349  4810 180503.303   37   46 288413.557 180503.193  37.4%   879 1075s
  7958  7304 180050.548  134   45 283314.636 180050.548  36.4%   229 1085s
  9795  9263 182782.021  222   19 286349.103 182782.021  36.2%  47.0 1010s
  2711  2180 182149.608   39   58 286137.314 182149.608  36.3%  1070 1015s
  7227  6694 180927.318 1326   23 286357.588 180927.318  36.8%  44.8 1090s
 11997 11465 180651.489   53   10 285929.799 180651.489  36.8%  57.1 1005s
  8863  8331 179412.938   88   16 284191.259 179412.938  36.9%  26.8 1060s
  2918  2366 181611.395   55  124 288124.928 181528.569  37.0%  1107 1050s
 13211 12138 182177.516  285  142 284920.129 180906.381  36.5%  65.4 1070s
 15999 15464 182782.021 1512   12 286348.855 182782.021  36.2%  46.2 1040s
  4204  3670 179262.556   27   84 285303.382 179262.556  37.2%  1052 1100s
  3052  2193 182684.656   35   51 202386.666 182684.656  9.73%   910 1055s
  2840  1938 182684.656   39   76 202657.717 182684.656  9.86%  1226 1025s
 10429  9820 181994.115  751   12 285403.469 181994.115  36.2%   123 1065s
  3284  2601 180636.204   35   22 284985.937 180636.204  36.6%  1309 1020s
  6204  5553 179709.872  346    9 283862.501 179709.872  36.7%   516 1075s
  4342  3725 183157.764   46  210 286204.485 179111.514  37.4%  1020 1084s
  3938  3404 181188.251   34  102 284920.129 179160.084  37.1%   973 1095s
  4639  4099 180730.751   48   76 285910.209 180636.204  36.8%   961 1080s
  5360  4826 182149.608  145   40 287377.769 182149.608  36.6%   102 1060s
  4132  3592 181643.192   41  165 285971.295 180311.763  36.9%  1071 1090s
  4346  3729 179111.514   47   25 286204.485 179111.514  37.4%  1020 1085s
 16385 15851 181819.845  142   26 287269.724 181819.845  36.7%  83.8 1050s
  3658  3125 182859.403   41  236 284194.787 180918.517  36.3%  1140 1095s
  5320  4255 180600.101   40   68 286691.434 180600.101  37.0%   664 1030s
  3743  3018 182324.857   62  107 285178.715 180651.489  36.7%   983 1070s
  9564  9008 179709.872  289   29 283956.587 179709.872  36.7%   200 1040s
  4245  3711 178498.327  134   31 264754.794 178498.327  32.6%  64.6 1105s
  3675  3141 178695.650   29  147 284198.043 178198.014  37.3%   922 1085s
  5387  4848 180503.281   35   52 288413.557 180503.193  37.4%   878 1080s
  9839  9307 182782.021  244   18 286349.103 182782.021  36.2%  46.9 1015s
  8016  7362 180050.548  139   41 283314.636 180050.548  36.4%   228 1090s
  7253  6720 180927.318 1339   24 286357.588 180927.318  36.8%  44.9 1095s
  2935  2383 181528.569   42   49 288124.928 181528.569  37.0%  1107 1055s
  2722  2191 182149.608   33   91 286137.314 182149.608  36.3%  1073 1020s
  8919  8387 179412.938  116   18 284191.259 179412.938  36.9%  26.7 1065s
 12069 11537 180651.489   51   10 285929.799 180651.489  36.8%  56.9 1010s
 13269 12165 181603.153  282  132 284920.129 180906.381  36.5%  65.5 1075s
H 4145  3603                    285969.41401 180311.763  36.9%  1071 1093s
  4229  3695 179304.228   32  120 285303.382 179262.556  37.2%  1052 1105s
  3958  3424 179160.084   23   88 284920.129 179160.084  37.1%   974 1100s
  2861  1954 183960.482   50   92 202657.717 182684.656  9.86%  1227 1030s
  3074  2213 182684.656   38   41 202386.666 182684.656  9.73%   909 1060s
  3297  2614 180981.526   41   56 284985.937 180636.204  36.6%  1311 1025s
  4665  4125 180636.204   34   24 285910.209 180636.204  36.8%   962 1085s
  6258  5605 179709.872  356    9 283862.501 179709.872  36.7%   512 1080s
  5394  4860 182149.608  146   43 287377.769 182149.608  36.6%   101 1065s
 16468 15934 181819.845  154   18 287269.724 181819.845  36.7%  83.6 1055s
 10472  9863 181994.115  758   12 285403.469 181994.115  36.2%   123 1071s
  4369  3749 179111.514   51   76 286204.485 179111.514  37.4%  1021 1090s
  3755  3030 180651.489   59   54 285178.715 180651.489  36.7%   986 1075s
  3668  3135 188454.699   42  169 284194.787 180918.517  36.3%  1140 1100s
  5342  4276 180600.101   38   54 286691.434 180600.101  37.0%   663 1035s
  4269  3735 178498.327  146   34 264754.794 178498.327  32.6%  64.3 1110s
  9624  9068 179709.872  239   14 283956.587 179709.872  36.7%   199 1045s
  5419  4880 181003.174   29   94 288413.557 180503.193  37.4%   879 1085s
  8066  7412 180050.548  145   51 283314.636 180050.548  36.4%   227 1095s
  9903  9371 182782.021  276   24 286349.103 182782.021  36.2%  46.7 1020s
  7277  6744 180927.318 1351   51 286357.588 180927.318  36.8%  44.9 1100s
 12137 11605 180651.489   47   10 285929.799 180651.489  36.8%  56.7 1015s
  2735  2204 182149.608   27   59 286137.314 182149.608  36.3%  1074 1025s
  2953  2401 181528.569   29   61 288124.928 181528.569  37.0%  1108 1060s
  8974  8442 179412.938 1021   16 284191.259 179412.938  36.9%  26.6 1070s
 13356 12215 180906.381  279    9 284920.129 180906.381  36.5%  65.4 1080s
  3695  3161 178198.109   24  125 284198.043 178198.023  37.3%   922 1091s
  4248  3714 179262.556   30   94 285303.382 179262.556  37.2%  1051 1110s
  2876  1969 182684.656   44   22 202657.717 182684.656  9.86%  1229 1035s
  3099  2234 182684.656   42   50 202386.666 182684.656  9.73%   907 1065s
  3319  2636 180637.216   45   48 284985.937 180636.204  36.6%  1311 1030s
 16006 15471 182782.320 1494   18 286348.855 182782.021  36.2%  46.2 1050s
  3978  3444 179167.093   21  113 284920.129 179160.084  37.1%   974 1105s
  6342  5675 180021.087  364  112 283862.501 179709.872  36.7%   506 1085s
  4300  3765 180578.842   68   47 284326.928 180578.842  36.5%   915 1109s
  3620  2397 181819.845   40   65 201739.200 181819.845  9.87%  1065 1043s
  4688  4148 180636.204   23   52 285910.209 180636.204  36.8%   962 1090s
  5418  4884 182149.608  153   47 287377.769 182149.608  36.6%   101 1070s
 16594 16060 181819.845  154    8 287269.724 181819.845  36.7%  83.3 1060s
  4389  3767 179111.514   54   31 286204.485 179111.514  37.4%  1024 1095s
  4306  3771 188509.928   72  164 284326.928 180578.842  36.5%   915 1110s
  3687  3154 185604.769   43  281 284194.787 180918.517  36.3%  1142 1105s
  5371  4304 180600.101   41   75 286691.434 180600.101  37.0%   663 1040s
  3775  3050 180687.341   62   61 285178.715 180651.489  36.7%   991 1080s
  3629  2405 181819.845   41   66 201739.200 181819.845  9.87%  1065 1045s
 10473  9864 181994.115  758   10 285403.469 181994.115  36.2%   123 1077s
  9694  9138 179709.872  290   27 283956.587 179709.872  36.7%   198 1050s
  4290  3756 178498.327   83   34 264754.794 178498.327  32.6%  64.1 1115s
  3719  3185 178228.047   29   91 284198.043 178198.045  37.3%   923 1095s
  8116  7462 180050.548  150   23 283314.636 180050.548  36.4%   226 1100s
  9970  9438 182782.021  335   18 286349.103 182782.021  36.2%  46.7 1025s
  2750  2219 182149.608   39   93 286137.314 182149.608  36.3%  1072 1030s
  7309  6776 180927.318 1367   27 286357.588 180927.318  36.8%  45.2 1105s
  5450  4911 180503.193   34   41 288413.557 180503.193  37.4%   879 1090s
 12208 11676 180651.489   47   10 285929.799 180651.489  36.8%  56.4 1020s
  9034  8502 179412.938 1051   22 284191.259 179412.938  36.9%  26.5 1075s
  4145  3605 180311.763   43   67 285969.414 180311.763  36.9%  1072 1102s
 13416 12244 182199.080  285  139 284920.129 180906.381  36.5%  65.5 1085s
 16012 15477 182782.320 1495   18 286348.855 182782.021  36.2%  46.2 1055s
  4274  3740 179262.556   29   65 285303.382 179262.556  37.2%  1052 1115s
  3126  2252 182684.656   39   99 202386.666 182684.656  9.73%   908 1070s
  6423  5736 179709.872  368    9 283862.501 179709.872  36.7%   501 1090s
 10499  9890 181994.115  768   10 285403.469 181994.115  36.2%   123 1080s
  4713  4173 180636.204   22   81 285910.209 180636.204  36.8%   963 1095s
  5465  4931 182149.608  156   58 287377.769 182149.608  36.6%   100 1075s
 16691 16157 181819.845  149    8 287269.724 181819.845  36.7%  83.0 1065s
  4328  3793 180578.842   66   88 284326.928 180578.842  36.5%   916 1115s
  4843  4308 179367.372   46   85 266312.648 179367.372  32.6%  1005 1113s
  4154  3614 183691.905   45  124 285969.414 180311.763  36.9%  1072 1105s
  3699  3166 180918.517   46   47 284194.787 180918.517  36.3%  1145 1110s
  4423  3799 179111.514   58   48 286204.485 179111.514  37.4%  1022 1100s
  5417  4348 180600.101   36   61 286691.434 180600.101  37.0%   662 1045s
  3792  3066 187744.658   70  187 285178.715 180651.489  36.7%   995 1085s
  3658  2428 192441.936   44   72 201739.200 181819.845  9.87%  1064 1050s
  2888  1978 182685.012   46   76 202657.717 182684.656  9.86%  1231 1042s
  9768  9212 179709.872  232   17 283956.587 179709.872  36.7%   197 1055s
  4851  4316 179367.372   26   81 266312.648 179367.372  32.6%  1005 1115s
  4320  3786 178498.327   43   43 264754.794 178498.327  32.6%  63.7 1120s
H12255 11721                    285500.47012 180651.489  36.7%  56.3 1024s
  5486  4947 180830.430   26   66 288413.557 180503.193  37.4%   880 1095s
  8154  7500 180050.548  152   29 283314.636 180050.548  36.4%   228 1105s
  2760  2229 182149.608   40   91 286137.314 182149.608  36.3%  1075 1035s
  7341  6808 180927.318 1383   31 286357.588 180927.318  36.8%  45.1 1110s
 10038  9506 182782.021  369   18 286349.103 182782.021  36.2%  46.6 1030s
  9106  8574 179412.938 1087   28 284191.259 179412.938  36.9%  26.4 1080s
 13523 12304 181860.841  283  142 284920.129 180906.381  36.5%  65.6 1090s
 16022 15487 182782.307 1516   18 286348.855 182782.021  36.2%  46.1 1060s
  4307  3773 179297.534   30  113 285303.382 179262.567  37.2%  1049 1120s
  3153  2273 182684.656   41   49 202386.666 182684.656  9.73%   908 1075s
  2892  1982 183687.317   51   92 202657.717 182684.656  9.86%  1231 1045s
  6483  5781 179709.872  374   21 283862.501 179709.872  36.7%   498 1095s
 10541  9932 181994.115  765   10 285403.469 181994.115  36.2%   123 1085s
  3344  2660 182356.986   32  173 284985.937 180636.204  36.6%  1311 1040s
 12255 11723 180651.489   35   10 285500.470 180651.489  36.7%  56.3 1026s
  4736  4196 180636.204   24   57 285910.209 180636.204  36.8%   963 1100s
  5501  4967 182149.608  174   54 287377.769 182149.608  36.6%   100 1080s
  3722  3188 178272.435   21  142 284198.043 178198.047  37.3%   922 1103s
 16786 16252 181819.845  158   26 287269.724 181819.845  36.7%  82.8 1070s
  4354  3819 183012.896   67  179 284326.928 180578.842  36.5%   917 1120s
  4459  3834 179111.514   61   47 286204.485 179111.514  37.4%  1018 1105s
  4179  3639 180311.763   48   67 285969.414 180311.763  36.9%  1071 1110s
  5454  4385 180600.101   52   11 286691.434 180600.101  37.0%   661 1050s
  3717  3184 180918.517   39   84 284194.787 180918.517  36.3%  1150 1115s
  3679  2447 181819.845   46   50 201739.200 181819.845  9.87%  1063 1055s
  9825  9269 179709.872  263   29 283956.587 179709.872  36.7%   197 1060s
  4872  4337 179367.372   50   83 266312.648 179367.372  32.6%  1006 1120s
  2968  2416 182016.438   46   84 288124.928 181528.569  37.0%  1111 1074s
  4342  3808 178498.327   54   41 264754.794 178498.327  32.6%  63.5 1125s
  5530  4991 181303.296   28   93 288413.557 180503.193  37.4%   879 1100s
  8204  7550 180050.548  156   33 283314.636 180050.548  36.4%   229 1110s
  7365  6832 180927.318 1395   28 286357.588 180927.318  36.8%  45.1 1115s
  2776  2245 182149.608   32   36 286137.314 182149.608  36.3%  1076 1040s
  3989  3455 180082.777   23   53 284920.129 179160.084  37.1%   974 1118s
 12296 11764 180651.489   29   10 285500.470 180651.489  36.7%  56.1 1030s
  2970  2418 181528.569   31   57 288124.928 181528.569  37.0%  1111 1075s
  9162  8630 179412.938 1115   18 284191.259 179412.938  36.9%  26.5 1085s
  2905  1995 199301.102   46  106 202657.717 182684.656  9.86%  1234 1050s
 10092  9560 182782.021  396   20 286349.103 182782.021  36.2%  46.5 1036s
 13604 12354 182177.516  287  142 284920.129 180906.381  36.5%  65.5 1095s
  3176  2282 201265.951   37   99 202386.666 182684.656  9.73%   910 1080s
  3366  2678 184915.198   35  127 284985.937 180636.204  36.6%  1308 1045s
  6548  5837 180414.514  385  118 283862.501 179709.872  36.7%   494 1100s
 10576  9967 181994.115  782   10 285403.469 181994.115  36.2%   123 1090s
  3811  3083 180685.045   75   87 285178.715 180651.489  36.7%   996 1093s
  3992  3458 179160.084   23   54 284920.129 179160.084  37.1%   973 1120s
  4763  4223 180636.204   26   26 285910.209 180636.204  36.8%   962 1105s
  5533  4999 182149.608  154   56 287377.769 182149.608  36.6%  99.4 1085s
  4189  3649 180311.763   50   66 285969.414 180311.763  36.9%  1070 1115s
  4377  3842 180578.842   69   59 284326.928 180578.842  36.5%   917 1125s
 16898 16364 181819.845  155   26 287269.724 181819.845  36.7%  82.5 1075s
  4483  3854 185213.641   59  123 286204.485 179111.514  37.4%  1019 1110s
  3735  3202 181042.166   44  222 284194.787 180918.517  36.3%  1149 1120s
  5496  4427 180600.101   34   22 286691.434 180600.101  37.0%   660 1055s
  3816  3087 180651.489   41   54 285178.715 180651.489  36.7%   997 1095s
H12351 11817                    285398.60244 180651.489  36.7%  56.0 1033s
  3700  2468 181819.845   48   57 201739.200 181819.845  9.87%  1062 1060s
  9876  9320 179709.872  293   63 283956.587 179709.872  36.7%   197 1065s
  4890  4355 179367.372   31   72 266312.648 179367.372  32.6%  1007 1125s
  4364  3830 178498.327   56   30 264754.794 178498.327  32.6%  63.2 1130s
  5558  5019 181005.232   37   50 288413.557 180503.193  37.4%   878 1105s
  8258  7604 180050.548  162   34 283314.636 180050.548  36.4%   228 1115s
  7391  6858 180927.318 1408   22 286357.588 180927.318  36.8%  45.0 1120s
 12372 11840 180651.489   50   10 285398.602 180651.489  36.7%  55.9 1035s
  2791  2260 182154.659   34  106 286137.314 182149.608  36.3%  1077 1045s
  9222  8690 179412.938 1145   24 284191.259 179412.938  36.9%  26.5 1090s
  2987  2435 181528.569   49   22 288124.928 181528.569  37.0%  1113 1080s
 13670 12395 180906.381  277    9 284920.129 180906.381  36.5%  65.7 1100s
  4338  3804 179550.605   30  140 285303.382 179262.765  37.2%  1047 1129s
  4340  3806 179550.605   26  129 285303.382 179262.773  37.2%  1047 1130s
  2923  2011 182734.201   43  125 202657.717 182684.656  9.86%  1234 1055s
  3387  2695 180636.204   38   40 284985.937 180636.204  36.6%  1310 1050s
  4015  3481 185542.103   27  179 284920.129 179160.084  37.1%   973 1125s
 10618 10009 181994.115  792   20 285403.469 181994.115  36.2%   122 1095s
  5582  5048 182149.608  141   48 287377.769 182149.608  36.6%  98.8 1090s
  4775  4235 180636.204   28   32 285910.209 180636.204  36.8%   962 1110s
  4405  3870 180578.842   60   47 284326.928 180578.842  36.5%   917 1130s
  4212  3672 180311.763   53   53 285969.414 180311.763  36.9%  1071 1120s
 17033 16499 181819.845  124    8 287269.724 181819.845  36.7%  82.1 1080s
  3751  3218 188454.699   48  143 284194.787 180918.517  36.3%  1151 1125s
  3832  3101 180651.489   41   85 285178.715 180651.489  36.7%  1003 1100s
 16032 15497 182782.320 1496   18 286348.855 182782.021  36.2%  46.1 1072s
  6609  5879 179709.872  386    9 283862.501 179709.872  36.7%   490 1106s
  3725  2492 181819.845   51   65 201739.200 181819.845  9.87%  1062 1065s
  3114  1746 197806.991   32  143 201709.467 180906.381  10.3%  1460 1077s
  4916  4381 179367.372   55   35 266312.648 179367.372  32.6%  1006 1130s
  4385  3851 178498.327  204   37 264754.794 178498.327  32.6%  63.0 1135s
  8319  7665 180050.548  168   19 283314.636 180050.548  36.4%   227 1120s
  2810  2279 182149.608   36   77 286137.314 182149.608  36.3%  1077 1050s
  7420  6887 180927.318 1421   26 286357.588 180927.318  36.8%  45.0 1125s
 12466 11934 180651.489   58   10 285398.602 180651.489  36.7%  55.6 1040s
  9290  8758 179412.938 1179   26 284191.259 179412.938  36.9%  26.5 1095s
  3005  2453 182031.114   51   79 288124.928 181528.569  37.0%  1116 1085s
H 7421  6886                    286355.92593 180927.318  36.8%  45.0 1125s
 16035 15500 182782.021 1518   10 286348.855 182782.021  36.2%  46.1 1075s
H 9931  9373                    283956.58702 179709.872  36.7%   196 1071s
 13767 12445 182084.898  283  142 284920.129 180906.381  36.5%  65.5 1105s
  2947  2031 182684.656   48   56 202657.717 182684.656  9.86%  1231 1060s
  3408  2714 180637.637   40   76 284985.937 180636.204  36.6%  1309 1055s
  4038  3504 179160.084   21   62 284920.129 179160.084  37.1%   974 1130s
  5501  4432 180600.101   38   60 286691.434 180600.101  37.0%   660 1063s
  4370  3836 179262.891   26  142 285303.382 179262.891  37.2%  1044 1135s
  4504  3875 184720.507   59  234 286204.485 179111.514  37.4%  1019 1119s
  3120  1747 200078.141   31  148 201709.467 180906.381  10.3%  1464 1080s
 10661 10052 181994.115  803   10 285403.469 181994.115  36.2%   122 1100s
  5612  5078 182149.608  142   37 287377.769 182149.608  36.6%  98.9 1095s
  6636  5896 180433.389  382  115 283862.501 179709.872  36.7%   489 1110s
  4240  3700 186435.219   53   98 285969.414 180311.763  36.9%  1071 1125s
  4510  3881 179119.296   60   71 286204.485 179111.514  37.4%  1018 1120s
  4435  3900 187269.600   63  175 284326.928 180578.842  36.5%   917 1135s
  5509  4440 180600.101   32   20 286691.434 180600.101  37.0%   661 1065s
  4776  4236 181184.760   32   63 285910.209 180636.204  36.8%   963 1116s
  3854  3122 182477.175   55  161 285178.715 180651.489  36.7%  1008 1105s
 10120  9588 182782.021  410   20 286349.103 182782.021  36.2%  46.5 1048s
 17115 16581 181819.845  109    8 287269.724 181819.845  36.7%  81.9 1086s
  3749  2509 192749.781   51   80 201739.200 181819.845  9.87%  1066 1070s
  9931  9375 179709.872  316   23 283956.587 179709.872  36.7%   196 1075s
  3775  3242 180918.517   39   40 284194.787 180918.517  36.3%  1149 1131s
  4936  4401 180343.004   56   72 266312.648 179367.372  32.6%  1009 1135s
  4407  3873 178498.327  215   37 264754.794 178498.327  32.6%  62.8 1140s
  8339  7685 180050.548  171   53 283314.636 180050.548  36.4%   228 1125s
  2826  2295 182149.608   41   58 286137.314 182149.608  36.3%  1079 1055s
  7444  6911 180927.318 1433   30 286355.926 180927.318  36.8%  45.0 1130s
 10133  9601 182782.021  391   22 286349.103 182782.021  36.2%  46.5 1050s
 12542 12010 180651.489   56   10 285398.602 180651.489  36.7%  55.4 1045s
  3025  2472 181528.569   54   30 288124.928 181528.569  37.0%  1116 1090s
  9360  8828 179412.938 1214   26 284191.259 179412.938  36.9%  26.5 1100s
 13826 12474 182177.516  284  142 284920.129 180906.381  36.5%  65.6 1110s
 16045 15510 182782.021 1498   14 286348.855 182782.021  36.2%  46.1 1080s
  4389  3855 179263.700   21   48 285303.382 179262.952  37.2%  1042 1140s
  2968  2047 182684.656   40   73 202657.717 182684.656  9.86%  1232 1065s
  4061  3527 179160.105   24  101 284920.129 179160.084  37.1%   975 1135s
 10713 10104 181994.115  804   58 285403.469 181994.115  36.2%   122 1105s
  6709  5941 180179.426  388  111 283862.501 179709.872  36.7%   485 1115s
  3425  2727 184234.075   37   99 284985.937 180636.204  36.6%  1309 1060s
  4799  4259 181278.375   30   29 285910.209 180636.204  36.8%   964 1120s
  5652  5118 182149.608  140   52 287377.769 182149.608  36.6%  98.4 1100s
  3132  1753 199500.277   29  104 201709.467 180906.381  10.3%  1476 1085s
  4531  3901 179111.514   62   28 286204.485 179111.514  37.4%  1019 1125s
 17222 16688 181819.845  127   12 287269.724 181819.845  36.7%  81.6 1090s
  3791  3258 180918.517   44   60 284194.787 180918.517  36.3%  1147 1135s
  4262  3722 186409.111   35  135 285969.414 180311.763  36.9%  1071 1130s
  5542  4471 180600.101   40   61 286691.434 180600.101  37.0%   660 1070s
  9977  9421 179709.872  303   17 283956.587 179709.872  36.7%   197 1080s
  4451  3916 185811.096   65  171 284326.928 180578.842  36.5%   917 1141s
  3726  3192 178198.307   21  117 284198.043 178198.053  37.3%   921 1124s
  4427  3893 178498.327   45   34 264754.794 178498.327  32.6%  63.4 1145s
  3727  3193 178198.053   21  100 284198.043 178198.053  37.3%   921 1125s
  4962  4427 180028.802   59   76 266312.648 179367.372  32.6%  1008 1140s
  7475  6942 180927.318 1450   26 286355.926 180927.318  36.8%  45.0 1135s
  2838  2307 182149.608   44   91 286137.314 182149.608  36.3%  1079 1060s
  3767  2521 199397.919   53  147 201739.200 181819.845  9.87%  1069 1076s
 12622 12090 180651.489   52   10 285398.602 180651.489  36.7%  55.2 1050s
  8366  7712 180050.548  174   31 283314.636 180050.548  36.4%   227 1130s
  3041  2488 181528.569   40   24 288124.928 181528.569  37.0%  1119 1095s
  9417  8885 179412.938  365   18 284191.259 179412.938  36.9%  26.5 1105s
 13950 12542 180906.381  258   13 284920.129 180906.381  36.5%  65.6 1115s
  4429  3895 179263.164   30  140 285303.382 179263.164  37.2%  1036 1145s
 10173  9641 182782.021  411   24 286349.103 182782.021  36.2%  46.4 1056s
  4073  3539 179160.084   25   67 284920.129 179160.084  37.1%   976 1140s
  3442  2739 182096.567   46  117 284985.937 180636.204  36.6%  1310 1065s
  6757  5972 179709.872  381    9 283862.501 179709.872  36.7%   483 1120s
H 5678  5142                    287351.32262 182149.608  36.6%  98.1 1104s
 10742 10133 181994.115  817   10 285403.469 181994.115  36.2%   122 1110s
  3140  1758 197805.271   17   91 201709.467 180906.381  10.3%  1483 1090s
  4825  4285 180805.243   34   93 285910.209 180636.204  36.8%   965 1125s
  5684  5150 182149.608  143   33 287351.323 182149.608  36.6%  98.0 1105s
 16053 15518 182782.021 1521   10 286348.855 182782.021  36.2%  46.1 1086s
  4472  3937 185433.767   68  138 284326.928 180578.842  36.5%   916 1145s
 17303 16769 181819.845  125   10 287269.724 181819.845  36.7%  81.4 1095s
  4277  3737 182889.760   37  148 285969.414 180311.763  36.9%  1074 1135s
  4554  3924 179116.204   63   55 286204.485 179111.514  37.4%  1019 1130s
  5559  4488 180600.101   39   54 286691.434 180600.101  37.0%   661 1075s
 10044  9488 179709.872  230   21 283956.587 179709.872  36.7%   196 1085s
  2969  2048 182684.656   40   64 202657.717 182684.656  9.86%  1232 1073s
  4985  4450 179367.372   62   72 266312.648 179367.372  32.6%  1008 1145s
  4448  3914 178498.327   42   31 264754.794 178498.327  32.6%  63.1 1150s
 10208  9676 182782.021  454   26 286349.103 182782.021  36.2%  46.4 1060s
  7509  6976 180927.318 1467   32 286355.926 180927.318  36.8%  44.9 1140s
  2854  2323 182149.608   47   51 286137.314 182149.608  36.3%  1078 1065s
 12700 12168 180651.489   56   10 285398.602 180651.489  36.7%  55.0 1055s
  3058  2505 181678.576   54   72 288124.928 181528.569  37.0%  1124 1100s
 14025 12595 181735.954  270  124 284920.129 180906.381  36.5%  65.5 1120s
  9471  8939 179412.938  392   20 284191.259 179412.938  36.9%  26.5 1110s
 16057 15522 182782.021 1500   10 286348.855 182782.021  36.2%  46.1 1090s
  8420  7766 180050.548  178   27 283314.636 180050.548  36.4%   227 1136s
  4096  3562 179160.084   28   71 284920.129 179160.084  37.1%   977 1145s
H 5586  5045                    288154.98275 180503.193  37.4%   878 1126s
  2978  2054 182684.656   41   86 202657.717 182684.656  9.86%  1230 1075s
  3749  3215 178199.060   29  104 284198.043 178198.055  37.3%   922 1131s
  6804  6002 180711.570  381  118 283862.501 179709.872  36.7%   481 1125s
 10789 10180 181994.115  818   11 285403.469 181994.115  36.2%   122 1115s
  3150  1764 198857.946   26  130 201709.467 180906.381  10.3%  1489 1095s
  3452  2748 184915.211   41  113 284985.937 180636.204  36.6%  1310 1070s
  4851  4311 180636.204   36   63 285910.209 180636.204  36.8%   966 1130s
  5728  5194 182149.608  145   33 287351.323 182149.608  36.6%  97.5 1110s
H 5586  5045                    288129.96126 180503.193  37.4%   878 1127s
  4451  3917 179263.712   25  127 285303.382 179263.277  37.2%  1034 1151s
  4297  3757 188291.186   40  109 285969.414 180311.763  36.9%  1077 1140s
  4504  3969 187143.153   71  170 284326.928 180578.842  36.5%   915 1150s
 17436 16902 181819.845  123    8 287269.724 181819.845  36.7%  81.1 1100s
  4580  3950 179111.514   66   44 286204.485 179111.514  37.4%  1018 1135s
  5589  4518 180600.101   38   49 286691.434 180600.101  37.0%   661 1080s
 10127  9571 179709.872  378   20 283956.587 179709.872  36.7%   196 1090s
  5013  4478 180203.431   65  107 266312.648 179367.372  32.6%  1008 1150s
  3767  3233 178199.164   26  167 284198.043 178198.071  37.3%   922 1135s
  4474  3940 178498.327   41   27 264754.794 178498.327  32.6%  63.0 1155s
 10258  9726 182782.021  479   20 286349.103 182782.021  36.2%  46.4 1065s
  7546  7013 180927.318 1484   34 286355.926 180927.318  36.8%  44.8 1145s
H 3768  3232                    284131.92469 178198.071  37.3%   922 1135s
  9527  8995 179412.938  420   18 284191.259 179412.938  36.9%  26.4 1115s
  3075  2522 181528.569   41   75 288124.928 181528.569  37.0%  1128 1105s
 16112 15577 182782.298 1531   18 286348.855 182782.021  36.2%  46.0 1095s
 14163 12690 180906.381  261    9 284920.129 180906.381  36.5%  65.3 1125s
  2865  2334 187802.855   49  294 286137.314 182149.608  36.3%  1082 1070s
 12788 12256 180651.489   65   14 285398.602 180651.489  36.7%  54.8 1060s
  4116  3582 179160.084   24   51 284920.129 179160.084  37.1%   979 1150s
  3475  2768 180636.241   44   61 284985.937 180636.204  36.6%  1307 1075s
  3000  2073 182684.656   40   42 202657.717 182684.656  9.86%  1226 1080s
H 3162  1749                    200817.62881 180906.381  9.92%  1496 1099s
  5586  5047 180503.193   41   29 288129.961 180503.193  37.4%   878 1131s
H 3162  1749                    200817.62789 180906.381  9.92%  1496 1100s
 10838 10229 181994.115  823   10 285403.469 181994.115  36.2%   122 1120s
  3798  3265 180918.517   34   79 284194.787 180918.517  36.3%  1148 1149s
  4873  4333 180738.200   38  127 285910.209 180636.204  36.8%   970 1135s
  5773  5239 182149.608  149   35 287351.323 182149.608  36.6%  97.0 1115s
  4319  3779 180311.763   42   38 285969.414 180311.763  36.9%  1080 1145s
  4602  3972 179953.083   68   52 286204.485 179111.514  37.4%  1019 1140s
  5634  4562 180600.101   39   64 286691.434 180600.101  37.0%   659 1085s
  4532  3997 180578.842   76   66 284326.928 180578.842  36.5%   915 1155s
  3802  3269 180918.517   35   62 284194.787 180918.517  36.3%  1147 1150s
 17547 17013 181819.845  122    8 287269.724 181819.845  36.7%  80.8 1106s
 10230  9674 179709.872  253   17 283956.587 179709.872  36.7%   194 1095s
  5038  4503 180527.105   68   51 266312.648 179367.372  32.6%  1011 1155s
  4491  3957 178498.327   52   36 264754.794 178498.327  32.6%  62.9 1160s
H 5612  5071                    288127.97394 180503.193  37.4%   878 1134s
  3797  3263 178198.604   26   82 284131.925 178198.086  37.3%   921 1140s
  3771  2524 192749.781   54   86 201739.200 181819.845  9.87%  1069 1090s
 10318  9786 182782.021  509   22 286349.103 182782.021  36.2%  46.3 1070s
  7581  7048 180927.318 1503   23 286355.926 180927.318  36.8%  44.7 1150s
  5612  5073 180504.682   37   34 288127.974 180503.193  37.4%   878 1135s
 12864 12332 180651.489   70   10 285398.602 180651.489  36.7%  54.7 1065s
  8448  7794 180050.548  181   33 283314.636 180050.548  36.4%   226 1145s
  9592  9060 179412.938 1330   16 284191.259 179412.938  36.9%  26.2 1120s
  3195  2294 182684.656   42   81 202386.666 182684.656  9.73%   913 1114s
 16224 15689 182782.307 1531   18 286348.855 182782.021  36.2%  45.9 1100s
  3198  2296 182684.656   46   47 202386.666 182684.656  9.73%   913 1115s
 14279 12796 182092.270  277  142 284920.129 180906.381  36.5%  65.0 1130s
  4136  3602 188937.584   35  165 284920.129 179160.084  37.1%   982 1155s
  3495  2784 185814.972   52  127 284985.937 180636.204  36.6%  1307 1080s
  3017  2084 infeasible   39      202657.717 182684.656  9.86%  1228 1085s
 10877 10268 181994.115  803   15 285403.469 181994.115  36.2%   122 1125s
  3172  1761 197983.489   26  139 200817.628 180906.381  9.92%  1501 1105s
  4891  4351 180636.204   32   38 285910.209 180636.204  36.8%   970 1140s
  3858  3126 182902.392   56  157 285178.715 180651.489  36.7%  1008 1129s
  4621  3991 179738.653   29   68 286204.485 179111.514  37.4%  1019 1145s
  3825  3292 180918.517   50   50 284194.787 180918.517  36.3%  1146 1155s
  3860  3128 181332.688   43   62 285178.715 180651.489  36.7%  1008 1130s
  4557  4022 180578.842   55   66 284326.928 180578.842  36.5%   916 1160s
  5673  4600 181590.743   45   84 286691.434 180600.101  37.0%   659 1090s
  4477  3943 179833.997   28  119 285303.382 179263.385  37.2%  1030 1162s
  3782  2532 181819.845   49   58 201739.200 181819.845  9.87%  1070 1095s
 10331  9775 179709.872  480   25 283956.587 179709.872  36.7%   193 1100s
  5794  5260 182149.608  140   60 287351.323 182149.608  36.6%  96.7 1121s
 17654 17120 181819.845  107    8 287269.724 181819.845  36.7%  80.5 1111s
  5060  4525 180115.016   70   72 266312.648 179367.372  32.6%  1012 1160s
  3820  3286 178198.114   23  115 284131.925 178198.114  37.3%   922 1145s
  3101  2548 181528.569   24  104 288124.928 181528.569  37.0%  1126 1114s
  4513  3979 178498.327   44   28 264754.794 178498.327  32.6%  62.8 1165s
  5643  5104 180854.695   35   91 288127.974 180503.193  37.4%   879 1140s
  7604  7071 180927.318 1513   22 286355.926 180927.318  36.8%  44.7 1155s
 12944 12412 180651.489   77   10 285398.602 180651.489  36.7%  54.5 1070s
 10362  9830 182782.021  531   16 286349.103 182782.021  36.2%  46.2 1075s
  3102  2549 181965.168   31   82 288124.928 181528.569  37.0%  1126 1115s
  9648  9116 179412.938 1358   18 284191.259 179412.938  36.9%  26.1 1125s
 16332 15797 182782.021 1433   10 286348.855 182782.021  36.2%  45.7 1105s
 14373 12876 181281.852  248  147 284920.129 180906.381  36.5%  65.0 1135s
  4490  3956 179936.352   30  111 285303.382 179263.410  37.2%  1028 1165s
H 3506  2790                    284952.69987 180636.204  36.6%  1308 1084s
  3220  2310 182684.656   49   54 202386.666 182684.656  9.73%   915 1120s
  3029  2088 182779.239   36   87 202657.717 182684.656  9.86%  1232 1090s
 10918 10309 181994.115  810  124 285403.469 181994.115  36.2%   123 1130s
  3507  2793 183157.054   53  121 284952.700 180636.204  36.6%  1309 1085s
  3178  1767 197862.086   29  135 200817.628 180906.381  9.92%  1507 1110s
  4916  4376 180636.497   33   65 285910.209 180636.204  36.8%   971 1145s
  5819  5285 182149.608  142   42 287351.323 182149.608  36.6%  96.8 1125s
  4640  4010 179111.514   25   30 286204.485 179111.514  37.4%  1019 1150s
 17706 17172 181819.845  125   10 287269.724 181819.845  36.7%  80.4 1115s
  4571  4036 184249.068   56  146 284326.928 180578.842  36.5%   916 1165s
H 6880  6046                    283701.78335 179709.872  36.7%   477 1141s
  3848  3315 183433.830   30  273 284194.787 180918.517  36.3%  1146 1160s
  5703  4629 181607.205   42   76 286691.434 180600.101  37.0%   659 1095s
  3876  3142 182178.646   60  202 285178.715 180651.489  36.7%  1014 1135s
  3802  2545 181819.845   51   61 201739.200 181819.845  9.87%  1070 1100s
  8474  7820 180055.721  184   56 283314.636 180050.548  36.4%   226 1153s
 10409  9853 179709.872  519   29 283956.587 179709.872  36.7%   191 1105s
  5081  4546 179401.320   72   86 266312.648 179367.372  32.6%  1013 1165s
  3840  3306 178198.247   23  125 284131.925 178198.130  37.3%   922 1150s
  4154  3620 188691.745   32  171 284920.129 179160.084  37.1%   983 1163s
  5671  5132 181229.538   33   67 288127.974 180503.193  37.4%   880 1145s
  8492  7838 180050.548  187   27 283314.636 180050.548  36.4%   226 1155s
 10409  9877 182782.021  529   17 286349.103 182782.021  36.2%  46.1 1080s
  7629  7096 180927.318 1527   29 286355.926 180927.318  36.8%  44.6 1160s
 13014 12482 180651.489   82   10 285398.602 180651.489  36.7%  54.5 1075s
  3124  2571 181528.569   29   76 288124.928 181528.569  37.0%  1125 1120s
  9711  9179 179412.938  512   12 284191.259 179412.938  36.9%  26.0 1130s
 16391 15856 182782.547 1444   20 286348.855 182782.021  36.2%  45.8 1110s
  2869  2338 182149.608   37   66 286137.314 182149.608  36.3%  1085 1085s
  4530  3996 179987.720   33   62 285303.382 179263.581  37.2%  1024 1170s
  3240  2323 193347.715   49   89 202386.666 182684.656  9.73%   919 1125s
  4160  3626 179160.084   25   70 284920.129 179160.084  37.1%   984 1165s
  3039  2093 infeasible   40      202657.717 182684.656  9.86%  1237 1095s
 10959 10350 181994.115  858   18 285403.469 181994.115  36.2%   123 1135s
  3525  2807 185453.443   51  122 284952.700 180636.204  36.6%  1311 1090s
 14374 12877 180906.381  248    9 284920.129 180906.381  36.5%  64.9 1141s
  3187  1776 198913.475   30   97 200817.628 180906.381  9.92%  1516 1115s
  5866  5332 182149.608  138   43 287351.323 182149.608  36.6%  96.4 1130s
  4937  4397 180800.547   36   68 285910.209 180636.204  36.8%   973 1150s
 17839 17305 181819.845   96    8 287269.724 181819.845  36.7%  80.0 1120s
  4663  4033 179111.514   28   45 286204.485 179111.514  37.4%  1021 1155s
  4596  4061 184210.671   58  174 284326.928 180578.842  36.5%   916 1170s
  4533  3999 178498.327   40   28 264754.794 178498.327  32.6%  62.7 1173s
  3869  3336 180918.517   33   24 284194.787 180918.517  36.3%  1146 1165s
  5735  4658 180600.101   53   25 286691.434 180600.101  37.0%   659 1100s
  3897  3163 180651.489   43  131 285178.715 180651.489  36.7%  1013 1140s
  3822  2561 182398.847   53  133 201739.200 181819.845  9.87%  1073 1105s
  6880  6048 179709.872  376    9 283701.783 179709.872  36.7%   477 1147s
 10492  9936 179709.872  286   60 283956.587 179709.872  36.7%   191 1110s
  5102  4567 179891.286   66  117 266312.648 179367.372  32.6%  1015 1170s
  4542  4008 178498.327   42   28 264754.794 178498.327  32.6%  62.6 1175s
  3866  3332 178198.396   27  156 284131.925 178198.152  37.3%   922 1155s
  5702  5163 180821.693   35   96 288127.974 180503.193  37.4%   880 1150s
 10474  9942 182782.021  587   18 286349.103 182782.021  36.2%  46.0 1085s
  7656  7123 180927.318 1539   30 286355.926 180927.318  36.8%  44.5 1165s
H 4333  3791                    285969.41390 180311.763  36.9%  1080 1162s
 13096 12564 180651.489   90   17 285398.602 180651.489  36.7%  54.4 1080s
  8528  7874 180050.548  190   27 283314.636 180050.548  36.4%   225 1160s
  3154  2601 181635.670   37  118 288124.928 181528.569  37.0%  1122 1125s
  9770  9238 179412.938 1419   18 284191.259 179412.938  36.9%  26.0 1135s
 14473 12953 180906.381  251    9 284920.129 180906.381  36.5%  64.7 1145s
  2882  2351 182150.708   43   78 286137.314 182149.608  36.3%  1085 1090s
 16521 15986 182782.434 1516   18 286348.855 182782.021  36.2%  45.6 1115s
  4568  4034 179478.987   32  143 285303.382 179263.723  37.2%  1020 1175s
  3268  2341 182684.656   51   61 202386.666 182684.656  9.73%   921 1130s
  3535  2813 180636.204   53   78 284952.700 180636.204  36.6%  1312 1095s
  3196  1785 198733.358   25  127 200817.628 180906.381  9.92%  1524 1120s
  4181  3647 179160.084   18   96 284920.129 179160.084  37.1%   985 1170s
H 4946  4404                    285892.14734 180636.204  36.8%   974 1154s
  6906  6064 180075.860  375  118 283701.783 179709.872  36.7%   476 1150s
  5915  5381 182149.608  144   38 287351.323 182149.608  36.6%  96.1 1135s
  4683  4053 179113.218   30   71 286204.485 179111.514  37.4%  1021 1160s
  3919  3185 180660.646   47  104 285178.715 180651.489  36.7%  1013 1145s
  5784  4705 180600.101   38   71 286691.434 180600.101  37.0%   659 1105s
  3887  3354 184588.282   38  304 284194.787 180918.517  36.3%  1145 1170s
  3843  2578 193043.910   58  106 201739.200 181819.845  9.87%  1075 1110s
 10557 10001 179709.872  593   24 283956.587 179709.872  36.7%   190 1115s
  4333  3793 185703.939   44  108 285969.414 180311.763  36.9%  1081 1166s
  5131  4595 179367.372   70   95 266312.648 179367.372  32.6%  1016 1175s
  4567  4033 178498.327   45   21 264754.794 178498.327  32.6%  62.5 1180s
  3887  3353 178579.904   33   90 284131.925 178198.173  37.3%   920 1160s
  8578  7924 180050.548  196   35 283314.636 180050.548  36.4%   224 1165s
  5737  5198 180503.193   39   30 288127.974 180503.193  37.4%   881 1155s
  2900  2369 186219.775   40  183 286137.314 182149.608  36.3%  1085 1095s
 10538 10006 182782.021  619   25 286349.103 182782.021  36.2%  45.9 1090s
  7700  7167 180927.318 1561   30 286355.926 180927.318  36.8%  44.6 1170s
  4613  4078 181154.402   60  253 284326.928 180578.842  36.5%   916 1177s
  3171  2618 182336.778   31   66 288124.928 181528.569  37.0%  1122 1130s
  9827  9295 179412.938  570   18 284191.259 179412.938  36.9%  26.0 1140s
 10986 10377 181994.115  871   10 285403.469 181994.115  36.2%   122 1143s
 13176 12644 180651.489   97   10 285398.602 180651.489  36.7%  54.2 1085s
 16653 16118 182782.298 1538   18 286348.855 182782.021  36.2%  45.5 1120s
  4601  4067 179269.353   27  122 285303.382 179263.849  37.2%  1019 1180s
  3297  2358 191096.781   34  131 202386.666 182684.656  9.73%   922 1135s
  3558  2828 181139.424   57  105 284952.700 180636.204  36.6%  1314 1100s
 10997 10388 181994.115  877   18 285403.469 181994.115  36.2%   122 1145s
  6985  6106 180093.110  381  118 283701.783 179709.872  36.7%   472 1155s
  3208  1791 198872.566   38  128 200817.628 180906.381  9.92%  1532 1125s
H 4946  4404                    285303.38195 180636.204  36.7%   974 1159s
 14630 13084 183384.230  262  146 284920.129 180906.381  36.5%  64.3 1151s
  5962  5428 182149.608  144   48 287351.323 182149.608  36.6%  95.5 1140s
  4346  3806 180311.772   46   88 285969.414 180311.763  36.9%  1081 1170s
  4622  4087 181178.488   61  291 284326.928 180578.842  36.5%   917 1180s
  4705  4075 180463.084   33   75 286204.485 179111.514  37.4%  1021 1165s
  3905  3372 181853.827   42  245 284194.787 180918.517  36.3%  1145 1175s
  3944  3209 180651.489   37   90 285178.715 180651.489  36.7%  1014 1150s
  3862  2588 181819.845   46   50 201739.200 181819.845  9.87%  1078 1115s
  3041  2095 200479.952   35   75 202657.717 182684.656  9.86%  1237 1107s
  5152  4616 179367.372   66   61 266312.648 179367.372  32.6%  1017 1180s
  4586  4052 178498.327   48   32 264754.794 178498.327  32.6%  62.3 1185s
 17862 17328 181819.845  103    8 287269.724 181819.845  36.7%  80.0 1131s
  3913  3379 178198.197   22   91 284131.925 178198.197  37.3%   919 1165s
  5764  5225 180653.683   42   93 288127.974 180503.193  37.4%   883 1160s
  8625  7971 180050.548  200   35 283314.636 180050.548  36.4%   224 1170s
 10583 10051 182782.021  616   22 286349.103 182782.021  36.2%  45.9 1095s
  7737  7204 180927.318   82   17 286355.926 180927.318  36.8%  44.5 1175s
  2917  2386 182154.037   42   80 286137.314 182149.608  36.3%  1085 1100s
 13245 12713 180651.489  104   10 285398.602 180651.489  36.7%  54.2 1090s
  9873  9341 179412.938  593   22 284191.259 179412.938  36.9%  25.9 1145s
 16737 16202 182782.021 1502   10 286348.855 182782.021  36.2%  45.4 1125s
 14711 13154 182221.274  271  142 284920.129 180906.381  36.5%  64.1 1155s
  4633  4099 179264.310   27  142 285303.382 179264.038  37.2%  1016 1185s
  3050  2104 182684.656   40   54 202657.717 182684.656  9.86%  1236 1110s
  3314  2367 182684.656   40   50 202386.666 182684.656  9.73%   926 1140s
  3576  2842 180744.589   55  106 284952.700 180636.204  36.6%  1314 1105s
  7052  6143 179709.872  376    9 283701.783 179709.872  36.7%   470 1160s
 11037 10428 181994.115  897   18 285403.469 181994.115  36.2%   122 1150s
  3223  1792 199472.469   29   68 200817.628 180906.381  9.92%  1535 1130s
  6000  5466 182149.608  134   44 287351.323 182149.608  36.6%  95.1 1145s
  4368  3828 180312.057   40   55 285969.414 180311.763  36.9%  1083 1175s
 17901 17367 181819.845  103    8 287269.724 181819.845  36.7%  79.8 1135s
  4728  4098 179111.514   33   47 286204.485 179111.514  37.4%  1019 1170s
  3917  3384 180918.517   33   40 284194.787 180918.517  36.3%  1145 1180s
  3966  3231 180651.489   40   62 285178.715 180651.489  36.7%  1014 1155s
  3883  2606 181819.845   52   41 201739.200 181819.845  9.87%  1078 1120s
  5180  4644 179367.372   54   54 266312.648 179367.372  32.6%  1017 1185s
H 6017  5481                    287282.82808 182149.608  36.6%  94.9 1146s
  4605  4071 178498.327   50   30 264754.794 178498.327  32.6%  62.2 1190s
  3940  3406 178332.363   27  122 284131.925 178198.235  37.3%   919 1170s
  4946  4406 180636.204   37   24 285303.382 180636.204  36.7%   974 1167s
  5793  5254 181142.464   31   87 288127.974 180503.193  37.4%   884 1165s
 10628 10096 182782.021  664   22 286349.103 182782.021  36.2%  45.9 1100s
  7771  7238 180927.318   99   38 286355.926 180927.318  36.8%  44.6 1180s
  2935  2404 182149.608   42   81 286137.314 182149.608  36.3%  1087 1105s
H 7772  7237                    286348.85501 180927.318  36.8%  44.6 1180s
  9928  9396 179412.938 1498   15 284191.259 179412.938  36.9%  25.9 1150s
  4640  4105 181179.174   63  288 284326.928 180578.842  36.5%   918 1187s
 14789 13208 182254.858  281  142 284920.129 180906.381  36.5%  64.0 1160s
  4665  4131 179552.939   27  213 285303.382 179264.197  37.2%  1013 1190s
  8690  8036 180050.548  207   21 283314.636 180050.548  36.4%   222 1176s
 13258 12726 180651.489  105   12 285398.602 180651.489  36.7%  54.2 1095s
  3333  2381 182684.656   38   76 202386.666 182684.656  9.73%   928 1145s
  3594  2858 180636.204   28   87 284952.700 180636.204  36.6%  1315 1110s
 11071 10462 181994.115  914   16 285403.469 181994.115  36.2%   122 1155s
  7139  6195 180074.236  373  117 283701.783 179709.872  36.7%   466 1165s
 16882 16347 182782.435 1510   18 286348.855 182782.021  36.2%  45.2 1131s
  3236  1799 199141.987   32  108 200817.628 180906.381  9.92%  1542 1135s
  3069  2120 191039.316   40   72 202657.717 182684.656  9.86%  1234 1115s
  4198  3664 179160.084   22   83 284920.129 179160.084  37.1%   986 1185s
  4960  4420 181247.324   36   79 285303.382 180636.204  36.7%   975 1170s
  6048  5514 182149.608  135   36 287282.828 182149.608  36.6%  94.6 1150s
 18022 17488 181819.845  120   10 287269.724 181819.845  36.7%  79.5 1140s
  4390  3850 180311.763   34   41 285969.414 180311.763  36.9%  1083 1180s
  4651  4116 184911.988   63  173 284326.928 180578.842  36.5%   919 1190s
  3939  3406 180918.517   37   29 284194.787 180918.517  36.3%  1143 1185s
  3989  3251 180651.489   42   42 285178.715 180651.489  36.7%  1016 1160s
  3910  2628 190599.167   54   97 201739.200 181819.845  9.87%  1080 1125s
  5212  4676 179367.397   74   84 266312.648 179367.372  32.6%  1018 1190s
  4729  4099 179242.024   36  148 286204.485 179111.514  37.4%  1020 1176s
  4630  4096 178498.327   53   37 264754.794 178498.327  32.6%  62.1 1195s
  5824  4744 180600.101   42   16 286691.434 180600.101  37.0%   656 1121s
  5827  5288 180504.247   30   43 288127.974 180503.193  37.4%   885 1170s
  8750  8096 180050.548  219   17 283314.636 180050.548  36.4%   221 1180s
 10563 10007 179709.872  282   58 283956.587 179709.872  36.7%   191 1130s
  7811  7278 180927.318  119   21 286348.855 180927.318  36.8%  44.7 1185s
 10686 10154 182782.021  693   17 286349.103 182782.021  36.2%  45.9 1105s
  2955  2424 182149.608   40   56 286137.314 182149.608  36.3%  1085 1110s
 13314 12782 180651.489  108   10 285398.602 180651.489  36.7%  54.1 1100s
  9989  9457 179412.938  651   22 284191.259 179412.938  36.9%  25.9 1155s
 14941 13310 182192.460  274  142 284920.129 180906.381  36.5%  63.7 1165s
  3965  3431 178198.267   29  131 284131.925 178198.267  37.3%   917 1176s
 17000 16465 182782.021 1389   10 286348.855 182782.021  36.2%  45.1 1135s
  4702  4168 179362.281   30  136 285303.382 179264.444  37.2%  1009 1195s
  4213  3679 179160.084   24   98 284920.129 179160.084  37.1%   986 1190s
  3356  2401 182702.077   42  121 202386.666 182684.656  9.73%   929 1150s
 11124 10515 181994.115  940   10 285403.469 181994.115  36.2%   122 1160s
  7200  6232 179821.897  379  126 283701.783 179709.872  36.7%   463 1170s
  3245  1804 200621.881   34  122 200817.628 180906.381  9.92%  1552 1140s
  3614  2877 185090.775   31  102 284952.700 180636.204  36.6%  1313 1115s
  3081  2129 183810.576   35  132 202657.717 182684.656  9.86%  1237 1120s
H 6098  5562                    287254.29266 182149.608  36.6%  94.1 1154s
  4975  4435 180636.204   38   51 285303.382 180636.204  36.7%   975 1175s
  6099  5565 182149.608  138   45 287254.293 182149.608  36.6%  94.1 1155s
 18166 17632 181819.845   93   10 287269.724 181819.845  36.7%  79.2 1145s
  4677  4142 180578.842   42   61 284326.928 180578.842  36.5%   917 1195s
  4413  3873 180313.249   49   75 285969.414 180311.763  36.9%  1083 1185s
  3963  3430 182938.135   40  256 284194.787 180918.517  36.3%  1144 1190s
  4008  3268 180651.489   44   48 285178.715 180651.489  36.7%  1019 1165s
  5838  4758 180600.101   42   44 286691.434 180600.101  37.0%   658 1125s
  3932  2647 190599.167   58   89 201739.200 181819.845  9.87%  1082 1130s
 10641 10085 179709.872  263   21 283956.587 179709.872  36.7%   189 1135s
  5245  4709 179367.372   73   72 266312.648 179367.372  32.6%  1019 1195s

Cutting planes:
  Gomory: 6
  Flow cover: 5
  RLT: 1
  Relax-and-lift: 1

Explored 4654 nodes (322373 simplex iterations) in 1200.01 seconds (1282.34 work units)
Thread count was 1 (of 32 available processors)

Solution count 5: 264755 264795 264796 ... 541725

Time limit reached
Best objective 2.647547942014e+05, best bound 1.784983265450e+05, gap 32.5798%
  3989  3455 178688.081   26  117 284131.925 178198.295  37.3%   916 1180s
  5866  5327 180582.529   33   71 288127.974 180503.193  37.4%   885 1175s
WARNING: Loading a SolverResults object with an 'aborted' status, but
containing a solution
  2970  2439 185467.404   48  216 286137.314 182149.608  36.3%  1087 1115s
  3181  2628 181528.569   23  106 288124.928 181528.569  37.0%  1122 1149s
 10725 10193 182782.021  687   28 286349.103 182782.021  36.2%  46.1 1110s
 13380 12848 180651.489  116   12 285398.602 180651.489  36.7%  54.0 1105s
  4747  4117 179111.514   32   19 286204.485 179111.514  37.4%  1020 1182s
 10042  9510 179412.938 1555   12 284191.259 179412.938  36.9%  25.9 1160s
 17134 16599 182782.021 1337   14 286348.855 182782.021  36.2%  45.1 1140s
 15058 13371 183193.172  255  142 284920.129 180906.381  36.5%  63.6 1170s
  7825  7292 180927.318  126   37 286348.855 180927.318  36.8%  44.7 1190s

Cutting planes:
  Gomory: 23
  Lift-and-project: 14
  Cover: 20
  Implied bound: 7
  MIR: 56
  Mixing: 1
  StrongCG: 4
  Flow cover: 1217
  Zero half: 11
  RLT: 85
  Relax-and-lift: 142

Explored 4730 nodes (4787611 simplex iterations) in 1200.02 seconds (1202.04 work units)
Thread count was 1 (of 32 available processors)

Solution count 10: 285303 285892 285988 ... 286620

Time limit reached
Best objective 2.853033819480e+05, best bound 1.792648838126e+05, gap 37.1669%
  3094  2142 182684.656   26   61 202657.717 182684.656  9.86%  1238 1125s
  3375  2417 182684.656   33   64 202386.666 182684.656  9.73%   928 1155s
WARNING: Loading a SolverResults object with an 'aborted' status, but
containing a solution
  8798  8144 180050.548  225   19 283314.636 180050.548  36.4%   220 1186s
  3635  2898 180636.204   34   53 284952.700 180636.204  36.6%  1311 1120s
  7271  6269 180074.236  377  108 283701.783 179709.872  36.7%   460 1175s
 11166 10557 181994.115  961   10 285403.469 181994.115  36.2%   122 1165s
  3256  1810 199268.005   33   78 200817.628 180906.381  9.92%  1559 1145s
  3183  2630 181528.569   24  120 288124.928 181528.569  37.0%  1122 1151s
  4235  3701 179160.084   28   73 284920.129 179160.084  37.1%   987 1196s
  4999  4459 180636.204   43   44 285303.382 180636.204  36.7%   975 1180s
  6148  5614 182149.608  132   32 287254.293 182149.608  36.6%  93.5 1160s
  4694  4159 180578.842   32   70 284326.928 180578.842  36.5%   918 1200s

Cutting planes:
  Gomory: 21
  Lift-and-project: 6
  Cover: 89
  Implied bound: 10
  MIR: 48
  StrongCG: 2
  Flow cover: 1403
  Zero half: 86
  RLT: 113
  Relax-and-lift: 93

Explored 4695 nodes (4342564 simplex iterations) in 1200.01 seconds (1100.02 work units)
Thread count was 1 (of 32 available processors)

Solution count 10: 284327 284331 284378 ... 560730

Time limit reached
Best objective 2.843269283506e+05, best bound 1.805788422887e+05, gap 36.4890%
 18288 17754 181819.845  120    8 287269.724 181819.845  36.7%  78.9 1150s
  4758  4128 179111.514   32   23 286204.485 179111.514  37.4%  1019 1185s
WARNING: Loading a SolverResults object with an 'aborted' status, but
containing a solution
  3981  3448 180918.517   42   59 284194.787 180918.517  36.3%  1145 1195s
  4430  3890 182833.432   30  187 285969.414 180311.763  36.9%  1083 1190s
  4026  3284 180652.030   47  107 285178.715 180651.489  36.7%  1021 1170s
  5863  4781 180600.101   36   64 286691.434 180600.101  37.0%   658 1130s
  3955  2665 181819.845   48   56 201739.200 181819.845  9.87%  1081 1135s
 10720 10164 179709.872  218   11 283956.587 179709.872  36.7%   189 1140s

Cutting planes:
  Gomory: 20
  Lift-and-project: 5
  Cover: 47
  Implied bound: 5
  MIR: 45
  StrongCG: 3
  Flow cover: 1133
  Zero half: 60
  RLT: 132
  Relax-and-lift: 117

Explored 5272 nodes (5395424 simplex iterations) in 1200.03 seconds (1154.06 work units)
Thread count was 1 (of 32 available processors)

Solution count 6: 266313 266313 267712 ... 543345

Time limit reached
Best objective 2.663126482620e+05, best bound 1.793673721734e+05, gap 32.6478%
WARNING: Loading a SolverResults object with an 'aborted' status, but
containing a solution
  4015  3481 178198.314   24  119 284131.925 178198.314  37.3%   915 1185s
 10751 10219 182782.021  700   24 286349.103 182782.021  36.2%  46.0 1115s
  5909  5370 180503.193   37   40 288127.974 180503.193  37.4%   883 1180s
  7858  7325 180927.318 1640   26 286348.855 180927.318  36.8%  44.6 1195s
  2988  2457 182149.608   38   55 286137.314 182149.608  36.3%  1087 1120s
 13438 12906 180651.489  119   12 285398.602 180651.489  36.7%  54.0 1110s
  3196  2643 181529.681   25   76 288124.928 181528.569  37.0%  1120 1155s
 10084  9552 179412.938 1576   14 284191.259 179412.938  36.9%  25.9 1165s
 17216 16681 182782.021 1337   10 286348.855 182782.021  36.2%  45.1 1145s
 15116 13401 183524.136  256  148 284920.129 180906.381  36.5%  63.5 1175s

Cutting planes:
  Gomory: 22
  Lift-and-project: 9
  Cover: 39
  Implied bound: 17
  MIR: 45
  Flow cover: 1349
  Zero half: 19
  RLT: 120
  Relax-and-lift: 90

Explored 4254 nodes (4230875 simplex iterations) in 1200.02 seconds (1184.89 work units)
Thread count was 1 (of 32 available processors)

Solution count 10: 284920 285520 286754 ... 306315

Time limit reached
Best objective 2.849201291317e+05, best bound 1.791600835932e+05, gap 37.1192%
  8825  8171 180050.548  228   15 283314.636 180050.548  36.4%   220 1191s
  3650  2913 180636.204   35   19 284952.700 180636.204  36.6%  1312 1125s
  3397  2430 191143.325   36  111 202386.666 182684.656  9.73%   930 1160s
 11203 10594 181994.115  980   16 285403.469 181994.115  36.2%   122 1170s
WARNING: Loading a SolverResults object with an 'aborted' status, but
containing a solution
  7301  6284 180090.715  374  118 283701.783 179709.872  36.7%   459 1180s
  3109  2155 182684.656   35   59 202657.717 182684.656  9.86%  1238 1130s
  3272  1813 199339.151   35  156 200817.628 180906.381  9.92%  1564 1150s
C:\Users\TECNO-MASTER\anaconda3\lib\site-packages\pandas\core\indexes\base.py:6999: FutureWarning: In a future version, the Index constructor will not infer numeric dtypes when passed object-dtype sequences (matching Series behavior)
  return Index(sequences[0], name=names)
  5026  4486 180636.953   47   24 285303.382 180636.204  36.7%   976 1185s
  6180  5646 182149.608  133   47 287254.293 182149.608  36.6%  93.3 1165s
  4778  4148 179111.514   30   30 286204.485 179111.514  37.4%  1018 1190s
  3991  3458 186008.058   43  292 284194.787 180918.517  36.3%  1144 1200s

Cutting planes:
  Gomory: 15
  Lift-and-project: 10
  Cover: 128
  Implied bound: 6
  MIR: 149
  Mixing: 1
  StrongCG: 3
  Flow cover: 1533
  Zero half: 109
  RLT: 134
  Relax-and-lift: 119

Explored 3992 nodes (4595269 simplex iterations) in 1200.02 seconds (1135.91 work units)
Thread count was 1 (of 32 available processors)

Solution count 10: 284195 284203 284211 ... 285223

Time limit reached
Best objective 2.841947873128e+05, best bound 1.809185173545e+05, gap 36.3400%
  4446  3906 180311.763   31   16 285969.414 180311.763  36.9%  1085 1195s
 18383 17849 181819.845   89   10 287269.724 181819.845  36.7%  78.7 1155s
WARNING: Loading a SolverResults object with an 'aborted' status, but
containing a solution
  5904  4821 181290.027   38   95 286691.434 180600.101  37.0%   657 1135s
  4046  3301 180651.489   49   48 285178.715 180651.489  36.7%  1022 1175s
  3983  2684 181819.845   53   57 201739.200 181819.845  9.87%  1079 1140s
 10780 10224 179709.872  286   68 283956.587 179709.872  36.7%   189 1145s
H 3654  2915                    284946.32334 180636.204  36.6%  1312 1128s
  4039  3505 178198.448   36   99 284131.925 178198.334  37.3%   915 1190s
  5943  5404 180549.186   26   83 288127.974 180503.193  37.4%   883 1185s

Cutting planes:
  Gomory: 1
  Lift-and-project: 1
  MIR: 1
  Flow cover: 2

Explored 7901 nodes (388453 simplex iterations) in 1200.01 seconds (1127.63 work units)
Thread count was 1 (of 32 available processors)

Solution count 10: 286349 286356 286358 ... 289461

Time limit reached
Best objective 2.863488550103e+05, best bound 1.809273177921e+05, gap 36.8158%
 10784 10252 182782.021  742   22 286349.103 182782.021  36.2%  46.0 1120s
  2999  2468 182149.608   39   57 286137.314 182149.608  36.3%  1088 1125s
 13494 12962 180651.489  123   10 285398.602 180651.489  36.7%  54.3 1115s
WARNING: Loading a SolverResults object with an 'aborted' status, but
containing a solution
  3211  2658 181528.569   27  131 288124.928 181528.569  37.0%  1120 1160s
 10134  9602 179412.938 1601   14 284191.259 179412.938  36.9%  26.1 1170s
 15197 13448 183255.946  262  142 284920.129 180906.381  36.5%  63.5 1180s
C:\Users\TECNO-MASTER\anaconda3\lib\site-packages\pandas\core\indexes\base.py:6999: FutureWarning: In a future version, the Index constructor will not infer numeric dtypes when passed object-dtype sequences (matching Series behavior)
  return Index(sequences[0], name=names)
  3422  2446 191068.720   36  134 202386.666 182684.656  9.73%   930 1165s
  3125  2164 182684.656   28  123 202657.717 182684.656  9.86%  1240 1135s
  7368  6323 179709.872  374    9 283701.783 179709.872  36.7%   456 1185s
 11246 10637 181994.115 1001   10 285403.469 181994.115  36.2%   122 1175s
  3285  1818 198823.624   30  142 200817.628 180906.381  9.92%  1573 1155s
  5057  4517 180643.903   51   39 285303.382 180636.204  36.7%   975 1190s

Cutting planes:
  Gomory: 17
  Lift-and-project: 2
  Cover: 59
  Implied bound: 6
  MIR: 47
  Mixing: 1
  Flow cover: 598
  Zero half: 41
  RLT: 36
  Relax-and-lift: 50

Explored 4461 nodes (4877060 simplex iterations) in 1200.01 seconds (1209.70 work units)
Thread count was 1 (of 32 available processors)

Solution count 10: 285969 285969 285971 ... 287149

Time limit reached
Best objective 2.859694139036e+05, best bound 1.803117630622e+05, gap 36.9472%
 18504 17970 181819.845  123   10 287269.724 181819.845  36.7%  78.5 1160s
WARNING: Loading a SolverResults object with an 'aborted' status, but
containing a solution
 17224 16689 182782.021 1339   12 286348.855 182782.021  36.2%  45.1 1152s
  4805  4175 179111.514   22   30 286204.485 179111.514  37.4%  1019 1195s
  5936  4851 180617.462   39   95 286691.434 180600.101  37.0%   659 1140s
  4018  2713 184924.373   58  112 201739.200 181819.845  9.87%  1077 1145s
  4071  3320 181494.378   51  175 285178.715 180651.489  36.7%  1023 1180s
 10869 10313 179709.872  278   15 283956.587 179709.872  36.7%   188 1150s
  4071  3537 178394.750   30  113 284131.925 178198.389  37.3%   915 1195s
  8826  8172 180050.548  228   21 283314.636 180050.548  36.4%   220 1200s

Cutting planes:
  Gomory: 10
  Implied bound: 1
  Flow cover: 62
  RLT: 4

Explored 8827 nodes (1975479 simplex iterations) in 1200.01 seconds (1140.91 work units)
Thread count was 1 (of 32 available processors)

Solution count 10: 283315 283990 284192 ... 286257

Time limit reached
Best objective 2.833146363419e+05, best bound 1.800505476038e+05, gap 36.4486%
C:\Users\TECNO-MASTER\anaconda3\lib\site-packages\pandas\core\indexes\base.py:6999: FutureWarning: In a future version, the Index constructor will not infer numeric dtypes when passed object-dtype sequences (matching Series behavior)
  return Index(sequences[0], name=names)
  3016  2485 182149.608   37   80 286137.314 182149.608  36.3%  1090 1130s
WARNING: Loading a SolverResults object with an 'aborted' status, but
containing a solution
 13559 13027 180651.489  123   10 285398.602 180651.489  36.7%  54.3 1120s
  3233  2680 181528.569   29   68 288124.928 181528.569  37.0%  1120 1165s
  5990  5451 181105.250   31   85 288127.974 180503.193  37.4%   883 1190s
 10195  9663 179412.938  754   19 284191.259 179412.938  36.9%  26.3 1175s
 15332 13554 180906.381  274   11 284920.129 180906.381  36.5%  63.3 1185s
 17304 16769 182782.021 1345   10 286348.855 182782.021  36.2%  45.1 1155s
 10822 10290 182782.021  761   24 286349.103 182782.021  36.2%  45.9 1126s
  3448  2467 182684.656   39   63 202386.666 182684.656  9.73%   931 1170s
  7445  6368 180387.770  364  115 283701.783 179709.872  36.7%   454 1190s
 11307 10698 181994.115  823   10 285403.469 181994.115  36.2%   122 1180s
  6218  5684 182149.608  131   55 287254.293 182149.608  36.6%  93.2 1174s
  3151  2178 184057.202   39  122 202657.717 182684.656  9.86%  1240 1140s
  3302  1821 199306.088   30   92 200817.628 180906.381  9.92%  1581 1160s
  5078  4538 180859.518   30  119 285303.382 180636.204  36.7%   976 1195s
  6227  5693 182149.608  134   45 287254.293 182149.608  36.6%  93.1 1175s
  4828  4198 179111.514   22   19 286204.485 179111.514  37.4%  1020 1200s

Cutting planes:
  Gomory: 33
  Lift-and-project: 2
  Cover: 74
  Implied bound: 10
  MIR: 37
  Mixing: 1
  StrongCG: 2
  Flow cover: 1351
  Zero half: 30
  RLT: 133
  Relax-and-lift: 51

Explored 4829 nodes (4957347 simplex iterations) in 1200.02 seconds (1175.89 work units)
Thread count was 1 (of 32 available processors)

Solution count 10: 286204 286206 286226 ... 286497

Time limit reached
Best objective 2.862044853872e+05, best bound 1.791115144280e+05, gap 37.4183%
 18653 18119 181819.845  132    8 287269.724 181819.845  36.7%  78.2 1165s
WARNING: Loading a SolverResults object with an 'aborted' status, but
containing a solution
  4091  3333 180651.971   54   61 285178.715 180651.489  36.7%  1025 1185s
  5971  4880 187963.233   44  169 286691.434 180600.101  37.0%   662 1145s
C:\Users\TECNO-MASTER\anaconda3\lib\site-packages\pandas\core\indexes\base.py:6999: FutureWarning: In a future version, the Index constructor will not infer numeric dtypes when passed object-dtype sequences (matching Series behavior)
  return Index(sequences[0], name=names)
  4053  2734 181819.845   61   56 201739.200 181819.845  9.87%  1077 1150s
 10956 10400 179709.872  230   21 283956.587 179709.872  36.7%   188 1155s

Cutting planes:
  Gomory: 25
  Lift-and-project: 14
  Cover: 16
  Implied bound: 5
  MIR: 242
  Mixing: 3
  Flow cover: 2558
  Zero half: 13
  RLT: 153
  Relax-and-lift: 132

Explored 4110 nodes (3776870 simplex iterations) in 1200.01 seconds (1092.35 work units)
Thread count was 1 (of 32 available processors)

Solution count 10: 284132 284198 284200 ... 284845

Time limit reached
Best objective 2.841319246916e+05, best bound 1.781984471677e+05, gap 37.2832%
  6029  5490 181077.434   36  100 288127.974 180503.193  37.4%   882 1195s
WARNING: Loading a SolverResults object with an 'aborted' status, but
containing a solution
 10864 10332 182782.021  243   18 286349.103 182782.021  36.2%  45.9 1130s
  3021  2490 182149.608   37   83 286137.314 182149.608  36.3%  1090 1135s
 13624 13092 180651.489  117   10 285398.602 180651.489  36.7%  54.5 1125s
  3250  2697 181528.569   30   49 288124.928 181528.569  37.0%  1123 1170s
 10235  9703 179412.938  774   24 284191.259 179412.938  36.9%  26.6 1180s
 17388 16853 182782.021 1347   12 286348.855 182782.021  36.2%  45.1 1160s
  3166  2190 182684.656   32   89 202657.717 182684.656  9.86%  1242 1145s
  3475  2481 182684.656   42   63 202386.666 182684.656  9.73%   931 1175s
 15459 13653 180906.381  270   12 284920.129 180906.381  36.5%  63.0 1190s
 11351 10742 181994.115  837   12 285403.469 181994.115  36.2%   122 1185s
  3654  2917 180636.204   36   28 284946.323 180636.204  36.6%  1312 1140s
  3314  1827 198857.946   28  119 200817.628 180906.381  9.92%  1589 1165s
  7527  6427 180075.860  371  117 283701.783 179709.872  36.7%   450 1195s
  5099  4559 180636.204   35   33 285303.382 180636.204  36.7%   978 1200s

Cutting planes:
  Gomory: 14
  Lift-and-project: 10
  Cover: 75
  Implied bound: 8
  MIR: 27
  StrongCG: 1
  Flow cover: 407
  Zero half: 74
  RLT: 31
  Relax-and-lift: 23

Explored 5100 nodes (5015674 simplex iterations) in 1200.02 seconds (1134.43 work units)
Thread count was 1 (of 32 available processors)

Solution count 10: 285303 285892 285910 ... 286118

Time limit reached
Best objective 2.853033819480e+05, best bound 1.806362041421e+05, gap 36.6863%
  6279  5745 182149.608  138   53 287254.293 182149.608  36.6%  92.6 1180s
WARNING: Loading a SolverResults object with an 'aborted' status, but
containing a solution
 18768 18234 181819.845   76    8 287269.724 181819.845  36.7%  77.9 1170s
  4112  3348 180651.489   45   39 285178.715 180651.489  36.7%  1029 1190s
  6000  4898 187987.327   47  171 286691.434 180600.101  37.0%   664 1150s
  4084  2760 185593.060   65  120 201739.200 181819.845  9.87%  1078 1155s
 11045 10489 179709.872  366   23 283956.587 179709.872  36.7%   187 1160s
  6071  5532 180503.193   36   37 288127.974 180503.193  37.4%   883 1200s

Cutting planes:
  Gomory: 17
  Lift-and-project: 3
  Cover: 42
  Implied bound: 3
  MIR: 14
  StrongCG: 1
  Flow cover: 228
  Zero half: 39
  RLT: 20
  Relax-and-lift: 16

Explored 6072 nodes (5392833 simplex iterations) in 1200.00 seconds (1153.60 work units)
Thread count was 1 (of 32 available processors)

Solution count 10: 288128 288130 288155 ... 288757

Time limit reached
Best objective 2.881279739444e+05, best bound 1.805031926712e+05, gap 37.3531%
WARNING: Loading a SolverResults object with an 'aborted' status, but
containing a solution
 10910 10378 182782.021  237   16 286349.103 182782.021  36.2%  45.8 1135s
  3049  2518 182149.608   41   66 286137.314 182149.608  36.3%  1086 1140s
 13696 13164 180660.126  120   63 285398.602 180651.489  36.7%  54.5 1130s
 10279  9747 179412.938  796   29 284191.259 179412.938  36.9%  26.8 1185s
  3280  2727 181528.569   35   65 288124.928 181528.569  37.0%  1121 1175s
 17548 17013 182782.021 1353   10 286348.855 182782.021  36.2%  45.1 1165s
 15575 13739 181941.588  283  142 284920.129 180906.381  36.5%  62.8 1195s
  3186  2204 infeasible   42      202657.717 182684.656  9.86%  1243 1150s
  3673  2934 180636.204   36   61 284946.323 180636.204  36.6%  1314 1145s
  3501  2486 201122.770   35   75 202386.666 182684.656  9.73%   935 1180s
 11402 10793 181994.115  861   18 285403.469 181994.115  36.2%   122 1190s

Cutting planes:
  Gomory: 17
  Lift-and-project: 5
  Cover: 27
  Implied bound: 15
  MIR: 23
  Flow cover: 401
  Zero half: 13
  RLT: 33
  Relax-and-lift: 40

Explored 7648 nodes (3433083 simplex iterations) in 1200.01 seconds (1051.20 work units)
Thread count was 1 (of 32 available processors)

Solution count 10: 283702 283863 284120 ... 286599

Time limit reached
Best objective 2.837017833455e+05, best bound 1.797098716845e+05, gap 36.6554%
  3342  1822 199777.856   30   80 200817.628 180906.381  9.92%  1594 1170s
WARNING: Loading a SolverResults object with an 'aborted' status, but
containing a solution
  6331  5797 182149.608  135   58 287254.293 182149.608  36.6%  92.1 1185s
 18871 18337 181819.845  110    8 287269.724 181819.845  36.7%  77.7 1175s
✅ Solution time [sec]: 1202.04
📊 Status: maxTimeLimit
💰 Operation Cost: 264754.7942014008
⚠️ No se encontró 'gurobi.log'. 
✔ JSON de variables y parámetros, log y summary guardados en 'C:\Users\TECNO-MASTER\Desktop\Elmo_infrastructure_sizing_NP-\output\DCH_septiembre\Bateria_353\Costo_variable\Swap_libre\Swap_variable_3estaciones_160kW_Descomp/station_1_d60_stage1'.
  [Fase 1 (infra libre)] estacion=station_3 dia=244 -> C:\Users\TECNO-MASTER\Desktop\Elmo_infrastructure_sizing_NP-\output\DCH_septiembre\Bateria_353\Costo_variable\Swap_libre\Swap_variable_3estaciones_160kW_Descomp/station_3_d244_stage1
formulation time: 16.709967613220215
Set parameter OutputFlag to value 1
Set parameter OutputFlag to value 1
Set parameter LogToConsole to value 1
Set parameter MIPGap to value 0.05
Set parameter TimeLimit to value 1200
Set parameter LogFile to value "C:\Users\TECNO-MASTER\Desktop\Elmo_infrastructure_sizing_NP-\output\DCH_septiembre\Bateria_353\Costo_variable\Swap_libre\Swap_variable_3estaciones_160kW_Descomp\station_3_d244_stage1\ELMO_log.txt"
Set parameter Threads to value 1
Set parameter Heuristics to value 0.5
Set parameter MIPFocus to value 3
Set parameter Presolve to value 2
Set parameter FlowCoverCuts to value 2
Gurobi Optimizer version 12.0.3 build v12.0.3rc0 (win64 - Windows 11+.0 (26200.2))

CPU model: Intel(R) Core(TM) i9-14900K, instruction set [SSE2|AVX|AVX2]
Thread count: 24 physical cores, 32 logical processors, using up to 1 threads

Non-default parameters:
TimeLimit  1200
MIPGap  0.05
Heuristics  0.5
MIPFocus  3
FlowCoverCuts  2
Presolve  2
Threads  1

Optimize a model with 26358 rows, 53707 columns and 244686 nonzeros
Model fingerprint: 0x3342416d
Variable types: 2099 continuous, 51608 integer (18485 binary)
Coefficient statistics:
  Matrix range     [1e+00, 3e+02]
  Objective range  [8e-03, 8e+04]
  Bounds range     [1e+00, 1e+01]
  RHS range        [1e+00, 1e+04]
  4133  3368 180651.489   44   46 285178.715 180651.489  36.7%  1031 1195s
Presolve removed 23428 rows and 43754 columns
Presolve time: 0.23s
Presolved: 2930 rows, 9953 columns, 32790 nonzeros
Variable types: 824 continuous, 9129 integer (8566 binary)
  6029  4917 180600.101   50   60 286691.434 180600.101  37.0%   668 1155s
Root relaxation presolved: 2930 rows, 9953 columns, 32790 nonzeros

 11113 10557 179709.872  400   17 283956.587 179709.872  36.7%   187 1165s
 10959 10427 182782.021  804   20 286349.103 182782.021  36.2%  45.8 1140s

Root relaxation: objective 1.806788e+05, 16056 iterations, 2.05 seconds (2.53 work units)
  3304  2751 181873.157   27   86 288124.928 181528.569  37.0%  1121 1180s
 13770 13238 180651.489  120   12 285398.602 180651.489  36.7%  54.8 1135s
  3074  2543 182423.971   42  189 286137.314 182149.608  36.3%  1082 1145s
 10322  9790 179412.938 1695   20 284191.259 179412.938  36.9%  27.0 1190s

Cutting planes:
  Gomory: 10
  Lift-and-project: 4
  Flow cover: 21
  RLT: 1

Explored 15733 nodes (1019946 simplex iterations) in 1200.01 seconds (1019.18 work units)
Thread count was 1 (of 32 available processors)

Solution count 10: 284920 284967 285038 ... 287968

Time limit reached
Best objective 2.849201291317e+05, best bound 1.809063812001e+05, gap 36.5063%
 17684 17149 182782.021 1346   18 286348.855 182782.021  36.2%  45.1 1170s
✅ Solution time [sec]: 1202.06
📊 Status: maxTimeLimit
💰 Operation Cost: 285303.3819480348
⚠️ No se encontró 'gurobi.log'. 
✔ JSON de variables y parámetros, log y summary guardados en 'C:\Users\TECNO-MASTER\Desktop\Elmo_infrastructure_sizing_NP-\output\DCH_septiembre\Bateria_353\Costo_variable\Swap_libre\Swap_variable_3estaciones_160kW_Descomp/station_1_d1_stage1'.
  [Fase 1 (infra libre)] estacion=station_3 dia=274 -> C:\Users\TECNO-MASTER\Desktop\Elmo_infrastructure_sizing_NP-\output\DCH_septiembre\Bateria_353\Costo_variable\Swap_libre\Swap_variable_3estaciones_160kW_Descomp/station_3_d274_stage1
formulation time: 16.151917219161987
Set parameter OutputFlag to value 1
Set parameter OutputFlag to value 1
Set parameter LogToConsole to value 1
Set parameter MIPGap to value 0.05
Set parameter TimeLimit to value 1200
Set parameter LogFile to value "C:\Users\TECNO-MASTER\Desktop\Elmo_infrastructure_sizing_NP-\output\DCH_septiembre\Bateria_353\Costo_variable\Swap_libre\Swap_variable_3estaciones_160kW_Descomp\station_3_d274_stage1\ELMO_log.txt"
Set parameter Threads to value 1
Set parameter Heuristics to value 0.5
Set parameter MIPFocus to value 3
Set parameter Presolve to value 2
Set parameter FlowCoverCuts to value 2
WARNING: Loading a SolverResults object with an 'aborted' status, but
containing a solution
Gurobi Optimizer version 12.0.3 build v12.0.3rc0 (win64 - Windows 11+.0 (26200.2))

CPU model: Intel(R) Core(TM) i9-14900K, instruction set [SSE2|AVX|AVX2]
Thread count: 24 physical cores, 32 logical processors, using up to 1 threads

Non-default parameters:
TimeLimit  1200
MIPGap  0.05
Heuristics  0.5
MIPFocus  3
FlowCoverCuts  2
Presolve  2
Threads  1

Optimize a model with 26328 rows, 53707 columns and 244626 nonzeros
Model fingerprint: 0x37bf68ab
Variable types: 2099 continuous, 51608 integer (18485 binary)
Coefficient statistics:
  Matrix range     [1e+00, 3e+02]
  Objective range  [4e-03, 8e+04]
  Bounds range     [1e+00, 1e+01]
  RHS range        [1e+00, 1e+04]

    Nodes    |    Current Node    |     Objective Bounds      |     Work
 Expl Unexpl |  Obj  Depth IntInf | Incumbent    BestBd   Gap | It/Node Time

     0     0 180678.829    0   27          - 180678.829      -     -    3s
Presolve removed 23456 rows and 43783 columns
Presolve time: 0.20s
Presolved: 2872 rows, 9924 columns, 32708 nonzeros
Variable types: 824 continuous, 9100 integer (8566 binary)
  3199  2206 infeasible   36      202657.717 182684.656  9.86%  1247 1155s
Root relaxation presolved: 2872 rows, 9924 columns, 32708 nonzeros

  3707  2965 180636.204   41   65 284946.323 180636.204  36.6%  1310 1150s
  4089  2764 182582.448   66   64 201739.200 181819.845  9.87%  1078 1162s
  3522  2497 182684.656   27   81 202386.666 182684.656  9.73%   939 1185s
 11463 10854 181994.115  891   10 285403.469 181994.115  36.2%   121 1195s
     0     0 181994.114    0   15          - 181994.114      -     -    3s
  3359  1831 198866.675   32   75 200817.628 180906.381  9.92%  1604 1175s
  6377  5843 182149.608  131   37 287254.293 182149.608  36.6%  91.8 1190s
 19006 18472 181819.845  122   10 287269.724 181819.845  36.7%  77.5 1180s

Root relaxation: objective 1.795927e+05, 15243 iterations, 1.77 seconds (2.24 work units)

Cutting planes:
  Gomory: 26
  Lift-and-project: 8
  Cover: 61
  Implied bound: 16
  MIR: 23
  StrongCG: 3
  Flow cover: 560
  Zero half: 24
  RLT: 60
  Relax-and-lift: 46
     0     0 181994.114    0   17          - 181994.114      -     -    5s

Explored 4153 nodes (4334011 simplex iterations) in 1200.01 seconds (1153.34 work units)
Thread count was 1 (of 32 available processors)

Solution count 10: 285179 285183 285250 ... 286525

Time limit reached
Best objective 2.851787147083e+05, best bound 1.806514891170e+05, gap 36.6532%
     0     0 181994.114    0   53          - 181994.114      -     -    5s
  6066  4940 186483.387   54  108 286691.434 180600.101  37.0%   670 1160s
WARNING: Loading a SolverResults object with an 'aborted' status, but
containing a solution
  4106  2779 181819.845   68   49 201739.200 181819.845  9.87%  1078 1165s

    Nodes    |    Current Node    |     Objective Bounds      |     Work
 Expl Unexpl |  Obj  Depth IntInf | Incumbent    BestBd   Gap | It/Node Time

     0     0 179592.718    0   24          - 179592.718      -     -    2s
     0     0 181994.114    0   16          - 181994.114      -     -    6s
 11207 10651 179709.872  246   21 283956.587 179709.872  36.7%   186 1170s
✅ Solution time [sec]: 1202.14
📊 Status: maxTimeLimit
💰 Operation Cost: 284326.92835062265
⚠️ No se encontró 'gurobi.log'. 
✔ JSON de variables y parámetros, log y summary guardados en 'C:\Users\TECNO-MASTER\Desktop\Elmo_infrastructure_sizing_NP-\output\DCH_septiembre\Bateria_353\Costo_variable\Swap_libre\Swap_variable_3estaciones_160kW_Descomp/station_1_d91_stage1'.
  [Fase 1 (infra libre)] estacion=station_3 dia=305 -> C:\Users\TECNO-MASTER\Desktop\Elmo_infrastructure_sizing_NP-\output\DCH_septiembre\Bateria_353\Costo_variable\Swap_libre\Swap_variable_3estaciones_160kW_Descomp/station_3_d305_stage1
formulation time: 15.68370246887207
Set parameter OutputFlag to value 1
Set parameter OutputFlag to value 1
Set parameter LogToConsole to value 1
Set parameter MIPGap to value 0.05
Set parameter TimeLimit to value 1200
Set parameter LogFile to value "C:\Users\TECNO-MASTER\Desktop\Elmo_infrastructure_sizing_NP-\output\DCH_septiembre\Bateria_353\Costo_variable\Swap_libre\Swap_variable_3estaciones_160kW_Descomp\station_3_d305_stage1\ELMO_log.txt"
Set parameter Threads to value 1
Set parameter Heuristics to value 0.5
Set parameter MIPFocus to value 3
Set parameter Presolve to value 2
Set parameter FlowCoverCuts to value 2
Gurobi Optimizer version 12.0.3 build v12.0.3rc0 (win64 - Windows 11+.0 (26200.2))

CPU model: Intel(R) Core(TM) i9-14900K, instruction set [SSE2|AVX|AVX2]
Thread count: 24 physical cores, 32 logical processors, using up to 1 threads

Non-default parameters:
TimeLimit  1200
MIPGap  0.05
Heuristics  0.5
MIPFocus  3
FlowCoverCuts  2
Presolve  2
Threads  1

Optimize a model with 26328 rows, 53707 columns and 244626 nonzeros
Model fingerprint: 0xabb98c98
Variable types: 2099 continuous, 51608 integer (18485 binary)
Coefficient statistics:
  Matrix range     [1e+00, 3e+02]
  Objective range  [1e-01, 8e+04]
  Bounds range     [1e+00, 1e+01]
  RHS range        [1e+00, 1e+04]
Presolve removed 23452 rows and 43779 columns
Presolve time: 0.27s
Presolved: 2876 rows, 9928 columns, 32808 nonzeros
Variable types: 824 continuous, 9104 integer (8566 binary)
Root relaxation presolved: 2876 rows, 9928 columns, 32808 nonzeros

     0     0 181994.114    0   13          - 181994.114      -     -    6s
     0     0 180600.101    0   15          - 180600.101      -     -    3s
     0     0 181994.114    0   41          - 181994.114      -     -    6s
     0     0 180600.101    0   39          - 180600.101      -     -    3s
 11008 10476 182782.021  286   25 286349.103 182782.021  36.2%  45.6 1145s
 13821 13289 180651.489  115   10 285398.602 180651.489  36.7%  54.9 1140s
     0     0 181994.114    0    8          - 181994.114      -     -    7s
     0     0 181994.114    0   16          - 181994.114      -     -    7s
     0     0 180600.101    0   13          - 180600.101      -     -    4s
  3323  2770 181528.569   26   77 288124.928 181528.569  37.0%  1124 1185s
 10365  9833 179412.938  839   13 284191.259 179412.938  36.9%  27.3 1195s
     0     0 180600.101    0   35          - 180600.101      -     -    4s
  3098  2567 182149.608   36   71 286137.314 182149.608  36.3%  1080 1150s
     0     0 181994.114    0   34          - 181994.114      -     -    8s
 17763 17228 182782.021 1347   12 286348.855 182782.021  36.2%  45.1 1175s
     0     0 181994.114    0   13          - 181994.114      -     -    8s
     0     0 180600.101    0   19          - 180600.101      -     -    5s
     0     0 180600.101    0   40          - 180600.101      -     -    5s
  3542  2507 182684.656   32   51 202386.666 182684.656  9.73%   945 1190s
  3216  2220 201312.274   30   56 202657.717 182684.656  9.86%  1253 1160s

Cutting planes:
  Gomory: 6
  Lift-and-project: 2
  Flow cover: 24
  Relax-and-lift: 1

Explored 11540 nodes (1431711 simplex iterations) in 1200.00 seconds (1023.56 work units)
Thread count was 1 (of 32 available processors)

Solution count 10: 285403 285537 285566 ... 286824

Time limit reached
Best objective 2.854034692934e+05, best bound 1.819941153100e+05, gap 36.2327%
  3741  2999 180637.421   45   92 284946.323 180636.204  36.6%  1308 1155s

Root relaxation: objective 1.808347e+05, 15798 iterations, 2.12 seconds (2.64 work units)
WARNING: Loading a SolverResults object with an 'aborted' status, but
containing a solution
  3377  1835 198866.675   40  108 200817.628 180906.381  9.92%  1608 1180s
     0     0 180600.101    0   17          - 180600.101      -     -    5s
     0     0 180600.101    0   42          - 180600.101      -     -    6s
  6437  5903 182149.608  134   56 287254.293 182149.608  36.6%  91.1 1195s
✅ Solution time [sec]: 1202.30
📊 Status: maxTimeLimit
💰 Operation Cost: 266312.64826195047
⚠️ No se encontró 'gurobi.log'. 
✔ JSON de variables y parámetros, log y summary guardados en 'C:\Users\TECNO-MASTER\Desktop\Elmo_infrastructure_sizing_NP-\output\DCH_septiembre\Bateria_353\Costo_variable\Swap_libre\Swap_variable_3estaciones_160kW_Descomp/station_1_d32_stage1'.
  [Fase 1 (infra libre)] estacion=station_3 dia=335 -> C:\Users\TECNO-MASTER\Desktop\Elmo_infrastructure_sizing_NP-\output\DCH_septiembre\Bateria_353\Costo_variable\Swap_libre\Swap_variable_3estaciones_160kW_Descomp/station_3_d335_stage1
formulation time: 15.357120990753174
Set parameter OutputFlag to value 1
Set parameter OutputFlag to value 1
Set parameter LogToConsole to value 1
Set parameter MIPGap to value 0.05
Set parameter TimeLimit to value 1200
Set parameter LogFile to value "C:\Users\TECNO-MASTER\Desktop\Elmo_infrastructure_sizing_NP-\output\DCH_septiembre\Bateria_353\Costo_variable\Swap_libre\Swap_variable_3estaciones_160kW_Descomp\station_3_d335_stage1\ELMO_log.txt"
Set parameter Threads to value 1
Set parameter Heuristics to value 0.5
Set parameter MIPFocus to value 3
Set parameter Presolve to value 2
Set parameter FlowCoverCuts to value 2
Gurobi Optimizer version 12.0.3 build v12.0.3rc0 (win64 - Windows 11+.0 (26200.2))

CPU model: Intel(R) Core(TM) i9-14900K, instruction set [SSE2|AVX|AVX2]
Thread count: 24 physical cores, 32 logical processors, using up to 1 threads

Non-default parameters:
TimeLimit  1200
MIPGap  0.05
Heuristics  0.5
MIPFocus  3
FlowCoverCuts  2
Presolve  2
Threads  1

Optimize a model with 26328 rows, 53707 columns and 244626 nonzeros
Model fingerprint: 0x95aaa050
Variable types: 2099 continuous, 51608 integer (18485 binary)
Coefficient statistics:
  Matrix range     [1e+00, 3e+02]
  Objective range  [4e-03, 8e+04]
  Bounds range     [1e+00, 1e+01]
  RHS range        [1e+00, 1e+04]

    Nodes    |    Current Node    |     Objective Bounds      |     Work
 Expl Unexpl |  Obj  Depth IntInf | Incumbent    BestBd   Gap | It/Node Time

     0     0 180834.658    0   36          - 180834.658      -     -    3s
Presolve removed 23452 rows and 43779 columns
Presolve time: 0.23s
Presolved: 2876 rows, 9928 columns, 32808 nonzeros
Variable types: 824 continuous, 9104 integer (8566 binary)
Root relaxation presolved: 2876 rows, 9928 columns, 32808 nonzeros

     0     0 180600.101    0   16          - 180600.101      -     -    6s
 19139 18605 181819.845  129   26 287269.724 181819.845  36.7%  77.4 1185s
     0     0 180600.101    0   16          - 180600.101      -     -    7s
     0     0 180847.067    0   42          - 180847.067      -     -    4s
  6102  4963 188051.735   56  145 286691.434 180600.101  37.0%   672 1165s
     0     0 181528.569    0   60          - 181528.569      -     -    4s
     0     0 181528.569    0   71          - 181528.569      -     -    4s
  4138  2801 183199.325   54   71 201739.200 181819.845  9.87%  1080 1170s
 11334 10778 179709.872  219   17 283956.587 179709.872  36.7%   185 1175s
     0     0 181528.569    0   13          - 181528.569      -     -    5s

Root relaxation: objective 1.785905e+05, 15723 iterations, 1.86 seconds (2.47 work units)
     0     0 181528.569    0   14          - 181528.569      -     -    5s
 11058 10526 182782.021  311   15 286349.103 182782.021  36.2%  45.6 1150s
H    0     0                    290281.39461 181528.569  37.5%     -    5s
H    0     0                    290249.08384 181528.569  37.5%     -    5s
     0     0 181528.569    0   22 290249.084 181528.569  37.5%     -    5s
 13905 13373 180651.489  124   10 285398.602 180651.489  36.7%  54.9 1145s

Cutting planes:
  Gomory: 1
  Lift-and-project: 2
  Flow cover: 3
  RLT: 1

Explored 10425 nodes (321408 simplex iterations) in 1200.01 seconds (1132.41 work units)
Thread count was 1 (of 32 available processors)

Solution count 10: 284191 284208 284401 ... 286398

Time limit reached
Best objective 2.841912590887e+05, best bound 1.794129382483e+05, gap 36.8689%

    Nodes    |    Current Node    |     Objective Bounds      |     Work
 Expl Unexpl |  Obj  Depth IntInf | Incumbent    BestBd   Gap | It/Node Time

     0     0 178590.513    0   43          - 178590.513      -     -    3s
WARNING: Loading a SolverResults object with an 'aborted' status, but
containing a solution
     0     0 181528.569    0   22 290249.084 181528.569  37.5%     -    6s
     0     0 181528.569    0   15 290249.084 181528.569  37.5%     -    6s
 17925 17390 182782.021 1353   20 286348.855 182782.021  36.2%  45.0 1180s
H    0     0                    290160.36551 181528.569  37.4%     -    6s
     0     2 181528.569    0   14 290160.366 181528.569  37.4%     -    7s
  3568  2526 182684.656   35  103 202386.666 182684.656  9.73%   945 1195s
     0     0 178605.221    0   37          - 178605.221      -     -    3s
  3769  3027 180636.318   46   46 284946.323 180636.204  36.6%  1308 1160s
     0     2 181994.114    0   12          - 181994.114      -     -   13s
     0     0 179412.938    0   94          - 179412.938      -     -    4s
     0     0 179412.938    0   74          - 179412.938      -     -    4s
  3448  1797 198866.675   44  104 200817.628 180906.500  9.92%  1594 1185s
     0     0 179412.938    0   13          - 179412.938      -     -    4s

Cutting planes:
  Gomory: 12
  Lift-and-project: 1
  MIR: 5
  Flow cover: 10
  RLT: 1
  Relax-and-lift: 1

Explored 6496 nodes (626335 simplex iterations) in 1200.01 seconds (1266.55 work units)
Thread count was 1 (of 32 available processors)

Solution count 10: 287254 287283 287351 ... 288065

Time limit reached
Best objective 2.872542926591e+05, best bound 1.821496075207e+05, gap 36.5894%
     0     0 179412.938    0   25          - 179412.938      -     -    5s
  3345  2792 181810.948   31   69 288124.928 181528.569  37.0%  1124 1192s
WARNING: Loading a SolverResults object with an 'aborted' status, but
containing a solution
    30    32 181994.114    5   27          - 181994.114      -   250   15s
 19301 18767 181819.845  131   28 287269.724 181819.845  36.7%  77.3 1190s
  3102  2571 182149.608   37   86 286137.314 182149.608  36.3%  1079 1158s
     0     2 180600.101    0   14          - 180600.101      -     -   12s
  6147  4988 186817.742   52  132 286691.434 180600.101  37.0%   674 1170s
     0     0 179412.938    0   40          - 179412.938      -     -    5s
     0     0 179412.938    0   39          - 179412.938      -     -    6s
  3224  2225 182684.656   40   86 202657.717 182684.656  9.86%  1257 1167s
  4178  2834 185287.118   59  116 201739.200 181819.845  9.87%  1080 1175s
 11485 10929 179709.872  385   25 283956.587 179709.872  36.7%   182 1180s
    22    24 181528.569   12   96 290160.366 181528.569  37.4%   808   10s
     0     0 179412.938    0   17          - 179412.938      -     -    6s
     0     0 179412.938    0   17          - 179412.938      -     -    7s
 11135 10603 182782.021  892   23 286349.103 182782.021  36.2%  45.6 1155s
  3112  2581 182149.608   36   63 286137.314 182149.608  36.3%  1079 1160s
  3363  2810 181528.569   25   86 288124.928 181528.569  37.0%  1124 1195s
 18101 17566 182782.021 1372   12 286348.855 182782.021  36.2%  45.0 1185s
 13986 13454 180661.131  126   67 285398.602 180651.489  36.7%  55.0 1150s
    50    52 180600.101   12   80          - 180600.101      -   355   15s

Cutting planes:
  Gomory: 17
  Lift-and-project: 4
  Cover: 61
  Implied bound: 5
  MIR: 59
  Flow cover: 546
  Inf proof: 1
  Zero half: 13
  RLT: 39
  Relax-and-lift: 32

Explored 3597 nodes (3442961 simplex iterations) in 1200.01 seconds (1236.27 work units)
Thread count was 1 (of 32 available processors)

Solution count 10: 202387 288692 288700 ... 290868

Time limit reached
Best objective 2.023866663378e+05, best bound 1.826846564955e+05, gap 9.7348%
  3234  2232 182684.656   29   75 202657.717 182684.656  9.86%  1259 1170s
  3801  3059 180636.428   52   51 284946.323 180636.204  36.6%  1309 1165s
WARNING: Loading a SolverResults object with an 'aborted' status, but
containing a solution
 19447 18913 181819.845  130   28 287269.724 181819.845  36.7%  77.2 1195s
   171   173 181994.114   55   17          - 181994.114      -   143   20s
  4210  2853 185387.258   64  129 201739.200 181819.845  9.87%  1082 1180s
 11646 11090 179709.872  375   27 283956.587 179709.872  36.7%   180 1185s
     0     2 179412.938    0   17          - 179412.938      -     -   11s
  3460  1806 198658.880   27  112 200817.628 180906.772  9.91%  1602 1192s
    46    48 181528.569    9   85 290160.366 181528.569  37.4%  1096   15s
  3133  2602 182149.608   31   48 286137.314 182149.608  36.3%  1078 1165s
 14074 13542 180664.193  123   67 285398.602 180651.489  36.7%  54.9 1155s

Cutting planes:
  Gomory: 37
  Lift-and-project: 5
  Cover: 49
  Implied bound: 2
  MIR: 56
  Mixing: 1
  Flow cover: 448
  Zero half: 26
  RLT: 23
  Relax-and-lift: 40

Explored 3388 nodes (3846701 simplex iterations) in 1200.01 seconds (1263.81 work units)
Thread count was 1 (of 32 available processors)

Solution count 10: 288125 288133 288279 ... 288524

Time limit reached
Best objective 2.881249284193e+05, best bound 1.815285690215e+05, gap 36.9966%
 11199 10667 182782.021  924   18 286349.103 182782.021  36.2%  45.5 1160s
WARNING: Loading a SolverResults object with an 'aborted' status, but
containing a solution
 18222 17687 182782.021 1374   10 286348.855 182782.021  36.2%  45.0 1190s
   146   148 180600.101   24   63          - 180600.101      -   356   20s
  3252  2248 189259.837   46  111 202657.717 182684.656  9.86%  1264 1175s
  3830  3088 180636.557   51   78 284946.323 180636.204  36.6%  1312 1170s
  3471  1806 198866.675   31   99 200817.628 180907.102  9.91%  1607 1195s
    27    29 179412.938   14   85          - 179412.938      -  1402   15s
 19625 19091 181819.845  126   26 287269.724 181819.845  36.7%  77.0 1200s

Cutting planes:
  Gomory: 4
  Lift-and-project: 4
  MIR: 2
  Flow cover: 26
  RLT: 2
  Relax-and-lift: 1

Explored 19626 nodes (1541233 simplex iterations) in 1200.01 seconds (840.57 work units)
Thread count was 1 (of 32 available processors)

Solution count 4: 287270 287270 287270 427831 

Time limit reached
Best objective 2.872697242381e+05, best bound 1.818198447628e+05, gap 36.7076%
WARNING: Loading a SolverResults object with an 'aborted' status, but
containing a solution
   387   389 181994.114  116   23          - 181994.114      -  90.6   25s
  4259  2895 181819.845   47   35 201739.200 181819.845  9.87%  1082 1185s
    74    76 181528.569   36   96 290160.366 181528.569  37.4%  1026   20s
 11793 11237 179709.872  339   11 283956.587 179709.872  36.7%   179 1190s
 11265 10733 182782.021  189   18 286349.103 182782.021  36.2%  45.6 1165s
  3158  2627 182329.641   41  162 286137.314 182149.608  36.3%  1081 1170s
 14151 13619 180651.489  122   16 285398.602 180651.489  36.7%  55.4 1160s
 18333 17798 182782.021 1383   10 286348.855 182782.021  36.2%  45.0 1195s
   237   239 180600.101   23   50          - 180600.101      -   376   25s
H14164 13630                    285347.20314 180651.489  36.7%  55.5 1160s
  3272  2268 182685.270   31   72 202657.717 182684.656  9.86%  1268 1180s
  6153  4992 186806.815   53  144 286691.434 180600.101  37.0%   675 1183s
  3857  3115 180636.204   46   40 284946.323 180636.204  36.6%  1316 1175s

Cutting planes:
  Gomory: 13
  Lift-and-project: 11
  Cover: 51
  Implied bound: 2
  MIR: 38
  Flow cover: 381
  Inf proof: 7
  Zero half: 12
  RLT: 25
  Relax-and-lift: 22

Explored 3506 nodes (5680015 simplex iterations) in 1200.01 seconds (1244.49 work units)
Thread count was 1 (of 32 available processors)

Solution count 10: 200818 200818 201709 ... 287976

Time limit reached
Best objective 2.008176278891e+05, best bound 1.809077502278e+05, gap 9.9144%
WARNING: Loading a SolverResults object with an 'aborted' status, but
containing a solution
H 4271  2903                    201739.19976 181819.845  9.87%  1083 1188s
    62    64 179412.938    7  135          - 179412.938      -  1222   20s
  6176  5008 180600.101   49   59 286691.434 180600.101  37.0%   676 1185s
  4271  2905 181819.845   50   48 201739.200 181819.845  9.87%  1083 1190s
    99   101 181528.569   14   63 290160.366 181528.569  37.4%  1067   25s
   514   514 181994.114    5   32          - 181994.114      -   108   31s
 11928 11371 179802.169  356   84 283956.587 179709.872  36.7%   179 1195s
 11351 10819 182782.021  232   24 286349.103 182782.021  36.2%  45.3 1170s
 14239 13707 180651.489  124   10 285347.203 180651.489  36.7%  55.7 1165s
  3179  2648 182149.608   38   34 286137.314 182149.608  36.3%  1083 1175s
 18519 17984 182782.021 1376   12 286348.855 182782.021  36.2%  45.0 1200s

Cutting planes:
  Gomory: 6
  Lift-and-project: 7
  Flow cover: 1
  RLT: 1
  Relax-and-lift: 1

Explored 18520 nodes (865225 simplex iterations) in 1200.01 seconds (859.97 work units)
Thread count was 1 (of 32 available processors)

Solution count 10: 286349 286353 286358 ... 288325

Time limit reached
Best objective 2.863488550103e+05, best bound 1.827820205956e+05, gap 36.1681%
WARNING: Loading a SolverResults object with an 'aborted' status, but
containing a solution
   373   375 180600.101   45   10          - 180600.101      -   328   30s
  3885  3143 180637.450   49   72 284946.323 180636.204  36.6%  1322 1180s
    94    96 179412.938    9  101          - 179412.938      -  1221   25s
   520   518 181994.114    9   65          - 181994.114      -   107   35s
  6233  5039 180600.101   62   37 286691.434 180600.101  37.0%   675 1190s
  4315  2939 184006.263   47   98 201739.200 181819.845  9.87%  1085 1195s

Cutting planes:
  Gomory: 7
  Lift-and-project: 7
  Cover: 6
  MIR: 2
  Flow cover: 79
  RLT: 5

Explored 12093 nodes (2180313 simplex iterations) in 1200.01 seconds (1065.94 work units)
Thread count was 1 (of 32 available processors)

Solution count 10: 283957 283957 283983 ... 286312

Time limit reached
Best objective 2.839565870170e+05, best bound 1.797098715593e+05, gap 36.7122%
WARNING: Loading a SolverResults object with an 'aborted' status, but
containing a solution
   130   132 181528.569   35   66 290160.366 181528.569  37.4%  1102   30s
 11454 10922 182782.021  253   14 286349.103 182782.021  36.2%  45.1 1175s
  3209  2678 182149.608   41  104 286137.314 182149.608  36.3%  1084 1180s
 14284 13752 180651.489  120   10 285347.203 180651.489  36.7%  55.8 1170s
   514   514 180600.101   25   26          - 180600.101      -   249   35s
  3928  3186 180637.223   45   60 284946.323 180636.204  36.6%  1326 1185s
H  162   162                    290009.66870 181528.569  37.4%  1043   32s
   127   129 179412.938    9  107          - 179412.938      -  1235   30s
H  182   182                    289940.67857 181528.569  37.4%   967   33s
  6317  5111 181000.725   49   89 286691.434 180600.101  37.0%   673 1195s
  3282  2276 182684.656   31   66 202657.717 182684.656  9.86%  1267 1192s

Cutting planes:
  Gomory: 25
  Lift-and-project: 8
  Cover: 57
  Implied bound: 12
  MIR: 16
  Flow cover: 532
  Zero half: 21
  RLT: 68
  Relax-and-lift: 51

Explored 4364 nodes (4782904 simplex iterations) in 1200.01 seconds (1278.24 work units)
Thread count was 1 (of 32 available processors)

Solution count 10: 201739 201739 201865 ... 288200

Time limit reached
Best objective 2.017391997597e+05, best bound 1.818198449188e+05, gap 9.8738%
WARNING: Loading a SolverResults object with an 'aborted' status, but
containing a solution
   194   196 181528.569   34   73 289940.679 181528.569  37.4%   953   35s
 11572 11040 182782.021  274   18 286349.103 182782.021  36.2%  45.0 1180s
 14398 13866 180651.489  127   12 285347.203 180651.489  36.7%  56.0 1175s
H  202   202                    289940.59222 181528.569  37.4%   965   36s
   523   520 180600.101   18   16          - 180600.101      -   244   40s
H  533   500                    517860.65200 181994.114  64.9%   105   43s
H  533   474                    479460.65200 181994.114  62.0%   105   43s
H  533   450                    479256.65030 181994.114  62.0%   105   43s
  3294  2285 182688.958   26  100 202657.717 182684.656  9.86%  1272 1195s
H  533   427                    349673.06941 181994.114  48.0%   105   43s
H  533   406                    314512.52153 181994.114  42.1%   105   43s
H  533   385                    313608.18145 181994.114  42.0%   105   43s
H  533   365                    311502.42070 181994.114  41.6%   105   43s
H  533   347                    311497.91807 181994.114  41.6%   105   43s
  3965  3221 180636.204   44   45 284946.323 180636.204  36.6%  1327 1190s
   170   172 179424.784   29   63          - 179412.938      -  1318   35s
   550   360 181994.114   16   47 311497.918 181994.114  41.6%   207   45s

Cutting planes:
  Gomory: 13
  Lift-and-project: 6
  Cover: 143
  Implied bound: 1
  MIR: 17
  Flow cover: 584
  Zero half: 30
  RLT: 76
  Relax-and-lift: 45

Explored 6383 nodes (4341198 simplex iterations) in 1200.01 seconds (1180.48 work units)
Thread count was 1 (of 32 available processors)

Solution count 10: 286691 286691 286691 ... 287997

Time limit reached
Best objective 2.866914341397e+05, best bound 1.806001007676e+05, gap 37.0054%
WARNING: Loading a SolverResults object with an 'aborted' status, but
containing a solution
   228   230 181528.569    9   81 289940.592 181528.569  37.4%  1027   40s
  3219  2688 183701.938   37  209 286137.314 182149.608  36.3%  1085 1189s
 11706 11174 182782.021  341   20 286349.103 182782.021  36.2%  44.8 1185s
H  188   188                    514468.96302 179412.938  65.1%  1348   37s
  3222  2691 182149.608   36   75 286137.314 182149.608  36.3%  1085 1190s
H  188   188                    288598.35869 179412.938  37.8%  1348   37s
H  234   234                    289859.44441 181528.569  37.4%  1037   40s
H  188   188                    288453.12996 179412.938  37.8%  1348   37s
 14511 13979 180651.489  119   10 285347.203 180651.489  36.7%  56.0 1180s
H  188   188                    288451.99384 179412.938  37.8%  1348   37s
H  188   188                    288428.57229 179412.938  37.8%  1348   37s
H  188   188                    286920.24329 179412.938  37.5%  1348   37s
H  188   188                    286919.10717 179412.938  37.5%  1348   37s
H  188   188                    286901.90974 179412.938  37.5%  1348   37s
H  188   188                    286752.84935 179412.938  37.4%  1348   37s
H  188   188                    286699.75678 179412.938  37.4%  1348   37s

Cutting planes:
  Gomory: 30
  Lift-and-project: 5
  Cover: 71
  Implied bound: 4
  MIR: 27
  StrongCG: 1
  Flow cover: 401
  Inf proof: 8
  Zero half: 22
  RLT: 39
  Relax-and-lift: 27

Explored 3321 nodes (4270953 simplex iterations) in 1200.00 seconds (1246.21 work units)
Thread count was 1 (of 32 available processors)

Solution count 10: 202658 202666 202674 ... 289662

Time limit reached
Best objective 2.026577166432e+05, best bound 1.826846563129e+05, gap 9.8556%
WARNING: Loading a SolverResults object with an 'aborted' status, but
containing a solution
  4019  3275 180636.204   47   18 284946.323 180636.204  36.6%  1321 1195s
   204   206 179508.687   11  109 286699.757 179412.938  37.4%  1357   40s
H  531   499                    522578.60668 180600.101  65.4%   241   46s
H  531   474                    522420.17126 180600.101  65.4%   241   46s
H  531   450                    520744.21057 180600.101  65.3%   241   46s
H  531   427                    520448.84740 180600.101  65.3%   241   46s
H  531   405                    520414.46330 180600.101  65.3%   241   46s
H  531   385                    291632.48756 180600.101  38.1%   241   46s
H  531   365                    291278.08506 180600.101  38.0%   241   46s
H  531   346                    290063.66338 180600.101  37.7%   241   46s
H  531   329                    290029.27928 180600.101  37.7%   241   46s
H  531   312                    289330.48653 180600.101  37.6%   241   46s
H  531   296                    289082.52592 180600.101  37.5%   241   46s
H  531   281                    289008.98325 180600.101  37.5%   241   46s
H  531   267                    288734.49797 180600.101  37.5%   241   46s
H  531   253                    288536.77438 180600.101  37.4%   241   47s
   601   394 181994.114   20   35 311497.918 181994.114  41.6%   244   50s
H  532   240                    288506.60730 180600.101  37.4%   316   47s
   278   280 181528.569   21   58 289859.444 181528.569  37.4%  1046   45s
 11819 11287 182782.021  283   31 286349.103 182782.021  36.2%  44.8 1190s
  3253  2722 182149.608   42   56 286137.314 182149.608  36.3%  1084 1195s
 14638 14106 180651.489  121   12 285347.203 180651.489  36.7%  56.4 1185s
H  240   240                    286646.66420 179412.938  37.4%  1364   43s
   566   265 180600.101   18   45 288506.607 180600.101  37.4%   326   50s
  4058  3314 180636.426   51   71 284946.323 180636.204  36.6%  1316 1200s

Cutting planes:
  Gomory: 32
  Lift-and-project: 3
  Cover: 14
  Implied bound: 7
  MIR: 35
  Mixing: 2
  StrongCG: 1
  Flow cover: 642
  Zero half: 17
  RLT: 49
  Relax-and-lift: 54

Explored 4059 nodes (5382935 simplex iterations) in 1200.01 seconds (1215.44 work units)
Thread count was 1 (of 32 available processors)

Solution count 10: 284946 284953 284986 ... 286084

Time limit reached
Best objective 2.849463233382e+05, best bound 1.806362040166e+05, gap 36.6069%
WARNING: Loading a SolverResults object with an 'aborted' status, but
containing a solution
H  638   399                    311427.12184 181994.114  41.6%   282   53s
   260   262 179412.938   21   54 286646.664 179412.938  37.4%  1370   45s
   654   412 181994.114   31   54 311427.122 181994.114  41.6%   296   55s
H  664   399                    311356.32560 181994.114  41.5%   298   56s
   324   326 181535.911   21  103 289859.444 181528.569  37.4%  1063   50s

Cutting planes:
  Gomory: 23
  Lift-and-project: 11
  Cover: 33
  Implied bound: 3
  MIR: 48
  Mixing: 1
  StrongCG: 2
  Flow cover: 771
  Zero half: 20
  RLT: 90
  Relax-and-lift: 46

Explored 3284 nodes (3609276 simplex iterations) in 1200.00 seconds (1306.40 work units)
Thread count was 1 (of 32 available processors)

Solution count 10: 286137 287407 287559 ... 290144

Time limit reached
Best objective 2.861373141762e+05, best bound 1.821496076704e+05, gap 36.3419%
WARNING: Loading a SolverResults object with an 'aborted' status, but
containing a solution
 11955 11423 182782.021  271   18 286349.103 182782.021  36.2%  44.6 1195s
H  292   292                    286645.43573 179412.938  37.4%  1325   47s
 14754 14222 180651.489  123   10 285347.203 180651.489  36.7%  56.4 1190s
   623   303 180600.101   21   85 288506.607 180600.101  37.4%   360   55s
   311   313 179418.371   30  105 286645.436 179412.938  37.4%  1341   50s
H11989 11455                    286348.85501 182782.021  36.2%  44.6 1197s
H  364   364                    289858.21712 181528.569  37.4%  1043   53s
   692   420 181994.114   22   26 311356.326 181994.114  41.5%   323   60s
H  364   364                    289833.19563 181528.569  37.4%  1043   53s
H  364   364                    183726.97506 181528.569  1.20%  1043   54s

Cutting planes:
  Gomory: 18
  Lift-and-project: 11
  Cover: 85
  Implied bound: 64
  MIR: 260
  Mixing: 10
  StrongCG: 6
  Flow cover: 1810
  Zero half: 57
  RLT: 233
  Relax-and-lift: 105

Explored 365 nodes (410340 simplex iterations) in 54.40 seconds (89.86 work units)
Thread count was 1 (of 32 available processors)

Solution count 10: 183727 289833 289858 ... 290281

Optimal solution found (tolerance 5.00e-02)
Best objective 1.837269750564e+05, best bound 1.815285689155e+05, gap 1.1966%
H  662   315                    288465.55956 180600.101  37.4%   371   57s
 12024 11492 182782.021  500   15 286348.855 182782.021  36.2%  44.8 1200s

Cutting planes:
  Gomory: 3
  Lift-and-project: 1
  Flow cover: 6
  RLT: 1

Explored 12025 nodes (575135 simplex iterations) in 1200.00 seconds (1179.75 work units)
Thread count was 1 (of 32 available processors)

Solution count 10: 286349 286349 286349 ... 288100

Time limit reached
Best objective 2.863488550103e+05, best bound 1.827820207874e+05, gap 36.1681%
WARNING: Loading a SolverResults object with an 'aborted' status, but
containing a solution
 14882 14350 180651.489  125   10 285347.203 180651.489  36.7%  56.2 1195s
H  688   320                    288408.15697 180600.101  37.4%   385   60s
H  694   313                    288259.06101 180600.101  37.3%   395   61s
   352   354 179412.938    8   99 286645.436 179412.938  37.4%  1369   55s
H  742   435                    311073.14067 181994.114  41.5%   359   64s
   746   440 181994.114   27   51 311073.141 181994.114  41.5%   364   65s

Cutting planes:
  Gomory: 3
  Lift-and-project: 1
  Flow cover: 9
  RLT: 1

Explored 15038 nodes (878107 simplex iterations) in 1200.00 seconds (1130.80 work units)
Thread count was 1 (of 32 available processors)

Solution count 10: 285347 285399 285500 ... 287077

Time limit reached
Best objective 2.853472031426e+05, best bound 1.806514889842e+05, gap 36.6906%
WARNING: Loading a SolverResults object with an 'aborted' status, but
containing a solution
H  777   444                    310558.70605 181994.114  41.4%   378   67s
H  777   429                    310156.99251 181994.114  41.3%   378   67s
   741   347 180600.101   27   44 288259.061 180600.101  37.3%   421   65s
   389   391 179412.938   14   59 286645.436 179412.938  37.4%  1380   60s
H  794   427                    310146.07743 181994.114  41.3%   404   69s
   799   432 181994.114   24   51 310146.077 181994.114  41.3%   410   70s
H  396   396                    286532.26688 179412.938  37.4%  1379   60s
H  775   355                    288203.08690 180600.101  37.3%   445   67s
   806   378 180600.101   25   45 288203.087 180600.101  37.3%   460   70s
   431   433 179412.938   20   33 286532.267 179412.938  37.4%  1412   65s
   855   470 182392.052   27  174 310146.077 181994.114  41.3%   451   75s
H  844   391                    288201.30567 180600.101  37.3%   463   73s
H  844   381                    288098.96537 180600.101  37.3%   463   73s
H  448   448                    285994.35745 179412.938  37.3%  1425   67s
   870   400 180600.101   25   53 288098.965 180600.101  37.3%   461   75s
H  898   483                    310060.53167 181994.114  41.3%   481   79s
   471   473 179412.938   22   44 285994.357 179412.938  37.3%  1458   70s
   907   491 181994.114   35   33 310060.532 181994.114  41.3%   487   80s
H  912   480                    309271.12987 181994.114  41.2%   493   80s
H  485   485                    285269.94399 179412.938  37.1%  1451   71s
H  485   485                    285244.78748 179412.938  37.1%  1451   71s
   936   443 180600.101   32   58 288098.965 180600.101  37.3%   479   80s
H  948   440                    288046.67214 180600.101  37.3%   478   80s
   956   511 181994.114   33   58 309271.130 181994.114  41.2%   515   85s
H  976   510                    308612.55172 181994.114  41.0%   530   87s
H  976   499                    308270.36865 181994.114  41.0%   530   87s
H 1000   466                    287912.59274 180600.101  37.3%   509   85s
H 1002   507                    308232.64510 181994.114  41.0%   539   89s
   512   513 179412.938   25   17 285244.787 179412.938  37.1%  1454   80s
H 1026   491                    287888.28655 180600.101  37.3%   522   87s
  1008   513 184088.822   30  142 308232.645 181994.114  41.0%   545   90s
H 1020   443                    202771.21536 181994.114  10.2%   553   91s
H 1020   434                    202750.33273 181994.114  10.2%   553   91s
H 1052   517                    287868.99174 180600.101  37.3%   532   88s
  1080   547 180600.101   31   42 287868.992 180600.101  37.3%   535   90s
   520   518 179481.378   16   28 285244.787 179412.938  37.1%  1432   85s
  1054   452 181994.114   30   65 202750.333 181994.114  10.2%   571   96s
H 1130   595                    287461.94266 180600.101  37.2%   554   95s
  1095   479 186124.870   32  133 202750.333 181994.114  10.2%   598  100s
   526   522 179502.233   34   11 285244.787 179412.938  37.1%  1416   91s
  1154   621 180600.101   31   84 287461.943 180600.101  37.2%   567  100s
H 1132   505                    202621.72408 181994.114  10.2%   620  104s
   530   525 179417.766   27   13 285244.787 179412.938  37.1%  1405   95s
  1139   512 181994.114   31   57 202621.724 181994.114  10.2%   624  105s
  1197   664 180606.550   34   63 287461.943 180600.101  37.2%   581  105s
  1184   552 181994.114   28   38 202621.724 181994.114  10.2%   635  110s
   535   528 179412.938   29   17 285244.787 179412.938  37.1%  1392  101s
H 1234   699                    287385.28338 180600.101  37.2%   599  109s
  1240   707 180600.101   24   68 287385.283 180600.101  37.2%   605  110s
   565   550 179418.390   20  123 285244.787 179412.938  37.1%  1464  105s
  1236   592 181994.114   26   46 202621.724 181994.114  10.2%   665  116s
H 1286   751                    287259.58257 180600.101  37.1%   620  113s
H 1286   751                    287182.92329 180600.101  37.1%   620  113s
H 1241   593                    202493.11542 181994.114  10.1%   667  117s
  1296   763 180604.550   27   63 287182.923 180600.101  37.1%   624  115s
   622   588 179412.938   17   55 285244.787 179412.938  37.1%  1420  110s
  1263   615 181994.114   29   75 202493.115 181994.114  10.1%   677  120s
  1364   830 180745.395   24   79 287182.923 180600.101  37.1%   630  121s
   675   624 179412.938   19   78 285244.787 179412.938  37.1%  1411  115s
  1304   649 181994.114   29   38 202493.115 181994.114  10.1%   695  125s
H 1314   656                    202235.89811 181994.114  10.0%   701  126s
H 1390   854                    287078.27696 180600.101  37.1%   637  123s
H 1390   854                    287062.74257 180600.101  37.1%   637  124s
H 1390   854                    287062.12941 180600.101  37.1%   637  126s
   731   661 179412.938   22   98 285244.787 179412.938  37.1%  1410  120s
  1337   677 181994.114   34   37 202235.898 181994.114  10.0%   708  130s
  1390   856 180600.101   27   34 287062.129 180600.101  37.1%   637  131s
   789   700 179530.433   23   78 285244.787 179412.938  37.1%  1396  125s
H 1366   696                    202107.28945 181994.114  10.0%   715  134s
  1366   698 181994.114   26   83 202107.289 181994.114  10.0%   715  135s
H  796   675                    285229.35732 179412.938  37.1%  1396  126s
  1438   904 180600.101   22   48 287062.129 180600.101  37.1%   659  135s
H  822   667                    285151.37728 179412.938  37.1%  1392  130s
  1406   724 185171.310   27   94 202107.289 181994.114  10.0%   734  140s
  1502   968 180600.101   34   44 287062.129 180600.101  37.1%   685  140s
H 1444   753                    202044.64158 181994.114  9.92%   736  144s
   859   693 179836.190   23  106 285151.377 179412.938  37.1%  1400  135s
H  860   668                    284593.70920 179412.938  37.0%  1398  135s
  1455   764 181994.114   30   41 202044.642 181994.114  9.92%   739  145s
  1563  1027 180600.101   30   51 287062.129 180600.101  37.1%   697  145s
   893   692 179614.572   20   72 284593.709 179412.938  37.0%  1416  140s
  1496   791 190115.846   32  127 202044.642 181994.114  9.92%   750  151s
  1642  1106 181062.944   27   51 287062.129 180600.101  37.1%   706  150s
   941   724 179412.938   28   77 284593.709 179412.938  37.0%  1408  145s
  1543   825 183581.533   31  131 202044.642 181994.114  9.92%   764  155s
H 1549   829                    202044.64128 181994.114  9.92%   769  156s
H 1693  1154                    286952.43114 180600.101  37.1%   720  153s
  1711  1174 180600.164   27  112 286952.431 180600.101  37.1%   726  155s
   984   753 179412.938   20   80 284593.709 179412.938  37.0%  1395  150s
  1591   869 184178.333   40  113 202044.641 181994.114  9.92%   773  160s
  1785  1240 180600.101   26   81 286952.431 180600.101  37.1%   736  160s
  1014   773 179412.938   21   70 284593.709 179412.938  37.0%  1399  155s
  1645   906 185844.203   34  154 202044.641 181994.114  9.92%   800  165s
  1868  1314 180601.896   37   60 286952.431 180600.101  37.1%   751  165s
H 1882  1326                    286951.81798 180600.101  37.1%   754  165s
  1030   783 179437.225   17   92 284593.709 179412.938  37.0%  1408  160s
  1692   936 182502.704   32  147 202044.641 181994.114  9.92%   821  170s
H 1911  1354                    286790.38949 180600.101  37.0%   760  167s
H 1911  1354                    286428.92431 180600.101  36.9%   760  168s
  1916  1361 180676.598   26   97 286428.924 180600.101  36.9%   762  170s
  1735   961 186992.147   34  108 202044.641 181994.114  9.92%   832  175s
  1082   818 179412.938   20  102 284593.709 179412.938  37.0%  1398  166s
  1988  1433 180601.299   38   70 286428.924 180600.101  36.9%   775  175s
  1116   841 179412.938   30   75 284593.709 179412.938  37.0%  1389  170s
H 2007  1450                    286372.14215 180600.101  36.9%   781  176s
  1814  1011 182781.899   26  117 202044.641 181994.114  9.92%   832  180s
  2007  1452 180600.101   36   35 286372.142 180600.101  36.9%   781  183s
  1824  1019 181994.114   28   44 202044.641 181994.114  9.92%   834  187s
  2026  1471 180600.101   26   99 286372.142 180600.101  36.9%   785  185s
  1160   870 179412.938   27   71 284593.709 179412.938  37.0%  1394  179s
  1163   872 179412.938   23  112 284593.709 179412.938  37.0%  1393  180s
  1860  1045 181994.114   27   67 202044.641 181994.114  9.92%   835  190s
  2101  1546 180604.828   36   75 286372.142 180600.101  36.9%   797  190s
  1938  1108 181994.114   26   49 202044.641 181994.114  9.92%   829  195s
H 1186   862                    284551.32749 179412.938  36.9%  1386  188s
  2167  1612 180671.106   34  126 286372.142 180600.101  36.9%   814  195s
  1199   873 179503.271   32  151 284551.327 179412.938  36.9%  1382  190s
  2000  1159 184432.064   30  157 202044.641 181994.114  9.92%   838  200s
  2233  1671 180600.101   33   52 286372.142 180600.101  36.9%   817  200s
  1244   903 179433.998   29   94 284551.327 179412.938  36.9%  1390  195s
  2109  1243 181994.114   37   23 202044.641 181994.114  9.92%   822  205s
H 2154  1267                    202023.75895 181994.114  9.91%   827  208s
  2309  1733 180600.101   39   32 286372.142 180600.101  36.9%   821  205s
  1305   944 180361.667   37   99 284551.327 179412.938  36.9%  1384  200s
  2181  1285 181994.114   25   32 202023.759 181994.114  9.91%   833  210s
  2407  1826 180600.101   32   87 286372.142 180600.101  36.9%   827  210s
  1355   977 179448.348   28  149 284551.327 179412.938  36.9%  1390  205s
  2247  1330 181994.114   27   43 202023.759 181994.114  9.91%   843  215s
  2459  1877 180600.101   30   25 286372.142 180600.101  36.9%   840  215s
  1395  1004 179434.122   38   75 284551.327 179412.938  36.9%  1381  210s
  2302  1364 181994.114   22   64 202023.759 181994.114  9.91%   857  220s
H 2477  1890                    286369.71764 180600.101  36.9%   844  217s
  2496  1908 180600.101   32   44 286369.718 180600.101  36.9%   848  220s
H 2503  1912                    286362.44412 180600.101  36.9%   848  220s
H 2503  1912                    286353.51414 180600.101  36.9%   848  220s
  1443  1036 179500.159   30  130 284551.327 179412.938  36.9%  1383  215s
H 2530  1929                    286158.65828 180600.101  36.9%   853  222s
H 1444  1012                    284550.92137 179412.938  36.9%  1382  216s
H 1444   991                    284550.34066 179412.938  36.9%  1382  216s
  2357  1401 181994.114   23   31 202023.759 181994.114  9.91%   865  226s
H 1444   972                    284549.17924 179412.938  36.9%  1382  218s
H 2552  1942                    286151.38476 180600.101  36.9%   864  224s
H 1445   954                    284520.74343 179412.938  36.9%  1384  218s
  1456   963 179412.938   16   71 284520.743 179412.938  36.9%  1388  220s
  2403  1430 181994.114   28   52 202023.759 181994.114  9.91%   873  230s
  2553  1944 180600.101   41   64 286151.385 180600.101  36.9%   865  227s
  2580  1963 181437.858   38  172 286151.385 180600.101  36.9%   871  230s
  1512  1001 179412.938   24   68 284520.743 179412.938  36.9%  1377  225s
  2445  1455 181994.114   28   46 202023.759 181994.114  9.91%   883  235s
H 2453  1459                    202004.85952 181994.114  9.91%   884  236s
  2638  2018 180834.552   30  120 286151.385 180600.101  36.9%   876  235s
H 1553  1017                    284423.87868 179412.938  36.9%  1375  229s
H 1553  1017                    284327.01393 179412.938  36.9%  1375  229s
H 1553  1017                    284133.28442 179412.938  36.9%  1375  229s
  1553  1019 179412.938   30   67 284133.284 179412.938  36.9%  1376  230s
  2504  1495 181994.114   34   58 202004.860 181994.114  9.91%   894  240s
  1591  1057 179412.938   16   61 284133.284 179412.938  36.9%  1386  235s
  2544  1529 182147.034   29  161 202004.860 181994.114  9.91%   898  245s
  2686  2066 180646.028   27  149 286151.385 180600.101  36.9%   890  243s
  2704  2084 180600.101   28   82 286151.385 180600.101  36.9%   890  245s
  1607  1073 179453.096   37   61 284133.284 179412.938  36.9%  1383  240s
  2591  1563 181994.114   29   38 202004.860 181994.114  9.91%   911  250s
  2755  2135 180602.277   28   77 286151.385 180600.101  36.9%   899  250s
  1660  1126 179412.938   24   52 284133.284 179412.938  36.9%  1377  245s
  2645  1596 182875.082   26  172 202004.860 181994.114  9.91%   922  255s
  2818  2194 180600.101   25   71 286151.385 180600.101  36.9%   903  255s
  1713  1179 179639.055   25  105 284133.284 179412.938  36.9%  1386  250s
  2697  1629 181994.114   22   43 202004.860 181994.114  9.91%   923  261s
  2851  2224 180611.512   29   84 286151.385 180600.101  36.9%   908  260s
  1766  1232 179413.416   31   66 284133.284 179412.938  36.9%  1380  255s
  2736  1650 181994.114   26   18 202004.860 181994.114  9.91%   927  265s
  2910  2270 187403.374   38  175 286151.385 180600.101  36.9%   919  265s
  2805  1669 183540.768   25  128 202004.860 181994.114  9.91%   932  270s
  1776  1242 179412.938   21   79 284133.284 179412.938  36.9%  1377  261s
  2975  2315 183201.516   47  134 286151.385 180600.101  36.9%   928  270s
  1822  1288 179414.289   26  116 284133.284 179412.938  36.9%  1371  265s
  2825  1687 181994.114   24   43 202004.860 181994.114  9.91%   933  276s
  3021  2359 180603.263   34   75 286151.385 180600.101  36.9%   932  275s
  1871  1337 179412.938   27   82 284133.284 179412.938  36.9%  1379  270s
  2853  1701 182467.033   33  134 202004.860 181994.114  9.91%   942  280s
  3040  2378 180600.734   29   85 286151.385 180600.101  36.9%   935  280s
  1930  1396 180664.973   26   95 284133.284 179412.938  36.9%  1375  275s
  2901  1728 181994.114   26   36 202004.860 181994.114  9.91%   950  285s
  3097  2435 180600.101   36   42 286151.385 180600.101  36.9%   939  285s
  1978  1444 179412.938   25   96 284133.284 179412.938  36.9%  1375  280s
  2955  1748 181994.114   27   40 202004.860 181994.114  9.91%   963  290s
  3158  2496 180600.398   35  102 286151.385 180600.101  36.9%   946  290s
  2027  1493 179722.628   33   64 284133.284 179412.938  36.9%  1378  285s
  3018  1768 192516.911   28   97 202004.860 181994.114  9.91%   971  295s
  3219  2557 180604.971   34   75 286151.385 180600.101  36.9%   952  295s
  2081  1547 179416.805   28   85 284133.284 179412.938  36.9%  1374  290s
  3063  1767 181994.114   24   40 202004.860 181994.114  9.91%   975  300s
  3250  2588 180604.746   38   55 286151.385 180600.101  36.9%   953  300s
  2091  1557 179412.938   39   53 284133.284 179412.938  36.9%  1374  295s
  3103  1793 183237.580   28  156 202004.860 181994.114  9.91%   985  305s
  3313  2651 180600.101   39   45 286151.385 180600.101  36.9%   959  305s
  2134  1600 179633.955   31   82 284133.284 179412.938  36.9%  1387  300s
  3124  1796 185542.708   28  154 202004.860 181994.114  9.91%   994  312s
  3375  2713 181275.536   40   79 286151.385 180600.101  36.9%   963  310s
  2194  1660 179437.875   36   93 284133.284 179412.938  36.9%  1381  305s
  3152  1803 193948.084   35  160 202004.860 181994.114  9.91%  1002  315s
  3424  2761 184373.446   35  171 286151.385 180600.101  36.9%   967  315s
  2239  1705 179562.253   40  117 284133.284 179412.938  36.9%  1382  310s
  3208  1848 181994.114   24   39 202004.860 181994.114  9.91%  1005  320s
  3465  2799 180600.101   29   44 286151.385 180600.101  36.9%   970  320s
  2285  1751 179412.938   24   86 284133.284 179412.938  36.9%  1382  315s
  3264  1876 189045.830   25  132 202004.860 181994.114  9.91%  1012  325s
  3525  2859 184006.643   33  162 286151.385 180600.101  36.9%   976  325s
  2298  1764 179415.416   26   77 284133.284 179412.938  36.9%  1382  320s
  3319  1875 181994.114   13   71 202004.860 181994.114  9.91%  1026  330s
  2361  1827 179412.938   32   33 284133.284 179412.938  36.9%  1372  325s
  3358  1913 181994.114   17   51 202004.860 181994.114  9.91%  1026  335s
  3571  2905 180630.379   38   67 286151.385 180600.101  36.9%   985  333s
  3588  2922 180615.637   29   66 286151.385 180600.101  36.9%   988  335s
  2417  1883 179412.938   23   75 284133.284 179412.938  36.9%  1374  330s
  3397  1940 182893.899   23   94 202004.860 181994.114  9.91%  1026  340s
  3638  2971 180606.771   29  112 286151.385 180600.101  36.9%   996  340s
  2473  1939 179993.854   26   91 284133.284 179412.938  36.9%  1367  335s
  3448  1984 181994.114   25   56 202004.860 181994.114  9.91%  1025  345s
  3727  3060 180600.101   42   55 286151.385 180600.101  36.9%   988  345s
  2486  1952 179755.240   34   92 284133.284 179412.938  36.9%  1367  340s
  3521  2038 182958.862   30  143 202004.860 181994.114  9.91%  1022  350s
  3811  3144 180600.101   50   35 286151.385 180600.101  36.9%   985  350s
  2539  2005 179412.938   25   74 284133.284 179412.938  36.9%  1367  345s
  3535  2045 187183.092   28  125 202004.860 181994.114  9.91%  1024  355s
  3865  3198 186052.624   49  168 286151.385 180600.101  36.9%   986  355s
  2592  2058 179525.711   34  101 284133.284 179412.938  36.9%  1367  350s
  3591  2093 181994.114   17   87 202004.860 181994.114  9.91%  1023  360s
H 3904  3235                    285841.76353 180600.101  36.8%   984  359s
  3906  3239 182398.503   52  131 285841.764 180600.101  36.8%   985  360s
  3648  2146 182562.392   18  194 202004.860 181994.114  9.91%  1021  365s
  2636  2102 179412.938   18   63 284133.284 179412.938  36.9%  1364  356s
  3988  3321 180600.101   43   67 285841.764 180600.101  36.8%   983  365s
  2668  2134 179412.938   25   93 284133.284 179412.938  36.9%  1366  360s
  3698  2186 182736.174   26  133 202004.860 181994.114  9.91%  1028  370s
  2713  2179 180250.456   29   82 284133.284 179412.938  36.9%  1369  365s
  4031  3364 181049.278   39   51 285841.764 180600.101  36.8%   982  372s
  3718  2200 183402.638   26  144 202004.860 181994.114  9.91%  1028  377s
  4063  3396 180600.101   29   10 285841.764 180600.101  36.8%   984  375s
  2737  2203 179428.044   32   72 284133.284 179412.938  36.9%  1369  370s
  3751  2225 181994.114   26   85 202004.860 181994.114  9.91%  1030  380s
  4123  3456 180600.101   36   33 285841.764 180600.101  36.8%   988  380s
  2775  2241 179412.938   37   67 284133.284 179412.938  36.9%  1376  375s
  3811  2262 181994.114   32   46 202004.860 181994.114  9.91%  1034  385s
  4173  3506 180608.508   41   58 285841.764 180600.101  36.8%   999  385s
  3879  2313 185053.455   23   95 202004.860 181994.114  9.91%  1033  390s
  4231  3564 180600.878   33  118 285841.764 180600.101  36.8%  1003  390s
  3937  2347 181994.114   25   48 202004.860 181994.114  9.91%  1034  395s
  2786  2252 179420.486   34   68 284133.284 179412.938  36.9%  1380  386s
  2811  2277 179625.702   30   88 284133.284 179412.938  36.9%  1388  390s
  3989  2379 181994.114   17   87 202004.860 181994.114  9.91%  1038  400s
  4286  3619 180697.727   42   58 285841.764 180600.101  36.8%  1007  399s
  4301  3634 180605.702   46   92 285841.764 180600.101  36.8%  1008  400s
  2858  2324 180929.591   37   65 284133.284 179412.938  36.9%  1395  395s
  4042  2424 182119.981   23  132 202004.860 181994.114  9.91%  1039  405s
  4370  3699 180612.450   42  100 285841.764 180600.101  36.8%  1007  405s
  2899  2365 179412.938   28   60 284133.284 179412.938  36.9%  1400  400s
  4062  2437 181994.114   25   57 202004.860 181994.114  9.91%  1042  410s
  4457  3786 181092.881   29  107 285841.764 180600.101  36.8%  1006  410s
  2938  2404 180698.115   28   72 284133.284 179412.938  36.9%  1411  405s
  4112  2474 181994.114   20   72 202004.860 181994.114  9.91%  1045  415s
  4540  3861 181504.891   40   86 285841.764 180600.101  36.8%  1006  415s
  2983  2448 180247.890   32   77 284133.284 179412.938  36.9%  1418  410s
  4170  2522 181994.114   17   63 202004.860 181994.114  9.91%  1047  420s
  4604  3924 180600.101   29   30 285841.764 180600.101  36.8%  1007  420s
  3020  2480 179412.938   25   41 284133.284 179412.938  36.9%  1421  415s
  4194  2543 181994.114   21   59 202004.860 181994.114  9.91%  1048  425s
  3047  2505 183213.275   42  157 284133.284 179412.938  36.9%  1428  420s
  4234  2565 181994.114   17   85 202004.860 181994.114  9.91%  1058  430s
  4642  3962 180604.550   36   65 285841.764 180600.101  36.8%  1009  429s
  4643  3963 184174.773   36  170 285841.764 180600.101  36.8%  1010  430s
  3095  2553 179412.938   26   65 284133.284 179412.938  36.9%  1427  425s
  4278  2605 182082.809   23  178 202004.860 181994.114  9.91%  1060  435s
  4698  4018 180719.107   29  119 285841.764 180600.101  36.8%  1011  435s
  3151  2607 179442.084   33  101 284133.284 179412.938  36.9%  1425  430s
  4771  4090 180600.101   37   38 285841.764 180600.101  36.8%  1012  440s
  4296  2618 181994.114   25   43 202004.860 181994.114  9.91%  1062  444s
  3193  2649 179412.938   27   48 284133.284 179412.938  36.9%  1432  435s
  4301  2619 187637.227   26  166 202004.860 181994.114  9.91%  1063  445s
  4834  4149 180600.101   31   47 285841.764 180600.101  36.8%  1015  445s
  4355  2646 infeasible   25      202004.860 181994.114  9.91%  1065  450s
  3216  2672 179424.552   30   92 284133.284 179412.938  36.9%  1434  440s
  4903  4218 180600.101   33   59 285841.764 180600.101  36.8%  1014  450s
  3259  2715 179449.307   29   51 284133.284 179412.938  36.9%  1439  445s
  4401  2663 188949.206   23  164 202004.860 181994.114  9.91%  1071  455s
  4967  4282 180770.029   40   99 285841.764 180600.101  36.8%  1017  455s
  3302  2757 179412.938   32   83 284133.284 179412.938  36.9%  1443  450s
  4432  2671 200950.225   16  102 202004.860 181994.114  9.91%  1082  460s
H 3317  2711                    183317.44041 179412.938  2.13%  1445  451s

Cutting planes:
  Gomory: 27
  Lift-and-project: 5
  Cover: 55
  Implied bound: 8
  MIR: 108
  Mixing: 1
  StrongCG: 2
  Flow cover: 1014
  Zero half: 32
  RLT: 53
  Relax-and-lift: 75

Explored 3318 nodes (4829897 simplex iterations) in 451.88 seconds (1174.01 work units)
Thread count was 1 (of 32 available processors)

Solution count 10: 183317 284133 284327 ... 284594

Optimal solution found (tolerance 5.00e-02)
Best objective 1.833174404128e+05, best bound 1.794129381227e+05, gap 2.1299%
  5026  4341 180615.241   47   59 285841.764 180600.101  36.8%  1022  460s
  4459  2682 198930.709   18   98 202004.860 181994.114  9.91%  1096  465s
  5094  4409 181571.566   39   95 285841.764 180600.101  36.8%  1024  465s
  4482  2703 199547.600   19   87 202004.860 181994.114  9.91%  1111  470s
  5113  4428 180600.101   42   65 285841.764 180600.101  36.8%  1025  470s
  4517  2734 199390.857   24   90 202004.860 181994.114  9.91%  1128  475s
  5190  4505 180600.124   53   56 285841.764 180600.101  36.8%  1025  475s
  4555  2751 188350.413   33  156 202004.860 181994.114  9.91%  1145  480s
  5261  4576 180612.741   58   59 285841.764 180600.101  36.8%  1026  480s
  4574  2751 infeasible   29      202004.860 181994.114  9.91%  1154  485s
  5320  4635 180619.866   32   26 285841.764 180600.101  36.8%  1029  486s
  4608  2754 199479.405   21  132 202004.860 181994.114  9.91%  1166  490s
  5365  4680 180600.101   37   48 285841.764 180600.101  36.8%  1029  490s
  4619  2762 201189.819   32   97 202004.860 181994.114  9.91%  1174  496s
  5424  4739 180617.124   45   81 285841.764 180600.101  36.8%  1028  495s
  4642  2770 200446.816   16  102 202004.860 181994.114  9.91%  1184  500s
  5481  4796 180834.833   28   72 285841.764 180600.101  36.8%  1029  500s
  4670  2786 200669.770   36  128 202004.860 181994.114  9.91%  1202  505s
  5507  4822 181422.053   43   70 285841.764 180600.101  36.8%  1031  505s
  4700  2791 200798.529   29  118 202004.860 181994.114  9.91%  1218  510s
  5554  4869 180600.101   47   60 285841.764 180600.101  36.8%  1032  510s
  4736  2794 200233.101   30  129 202004.860 181994.114  9.91%  1233  515s
  5608  4923 180600.101   51   50 285841.764 180600.101  36.8%  1038  515s
  4748  2802 199832.277   27  152 202004.860 181994.114  9.91%  1242  520s
  5662  4977 180616.433   50   55 285841.764 180600.101  36.8%  1043  520s
  4781  2804     cutoff   31      202004.860 181994.114  9.91%  1254  525s
  4819  2803 194022.448   39  148 202004.860 181994.114  9.91%  1265  530s
  5704  5019 180602.960   51   54 285841.764 180600.101  36.8%  1044  531s
  4843  2811 199496.869   27   93 202004.860 181994.114  9.91%  1274  535s
  5752  5067 180600.101   44   70 285841.764 180600.101  36.8%  1046  535s
  4869  2821 199832.277   26  126 202004.860 181994.114  9.91%  1288  540s
  5825  5140 180643.597   39  116 285841.764 180600.101  36.8%  1047  540s
  4872  2824 199523.360   28   88 202004.860 181994.114  9.91%  1290  545s
  5897  5212 180600.101   51   45 285841.764 180600.101  36.8%  1047  545s
  4904  2836 200018.153   26   93 202004.860 181994.114  9.91%  1304  550s
  5970  5285 180606.795   25   49 285841.764 180600.101  36.8%  1047  550s
  4944  2844 201331.073   27  118 202004.860 181994.114  9.91%  1318  555s
  6037  5351 180600.101   42   55 285841.764 180600.101  36.8%  1049  555s
  4968  2858 194063.787   24  165 202004.860 181994.114  9.91%  1333  560s
H 4975  2855                    202004.85861 181994.114  9.91%  1334  560s
  6105  5419 180711.650   29   63 285841.764 180600.101  36.8%  1052  560s
  4994  2867 194022.448   24  131 202004.859 181994.114  9.91%  1346  565s
  6173  5487 180962.929   42   58 285841.764 180600.101  36.8%  1057  565s
  6249  5563 180833.281   35   78 285841.764 180600.101  36.8%  1056  570s
  4997  2870 200798.529   26  130 202004.859 181994.114  9.91%  1347  573s
  5003  2872 201846.001   32   52 202004.859 181994.114  9.91%  1349  575s
  6310  5624 180943.787   43   43 285841.764 180600.101  36.8%  1056  575s
  5045  2872 200400.713   33   78 202004.859 181994.114  9.91%  1362  580s
  6374  5688 181163.820   35  101 285841.764 180600.101  36.8%  1058  580s
  5085  2872 201579.722   26   89 202004.859 181994.114  9.91%  1373  585s
  6387  5701 181189.292   37  115 285841.764 180600.101  36.8%  1059  585s
  5102  2880 199927.680   33   13 202004.859 181994.114  9.91%  1380  590s

Cutting planes:
  Gomory: 13
  Lift-and-project: 9
  Cover: 2
  Flow cover: 9
  Inf proof: 3
  RLT: 3
  Relax-and-lift: 3

Explored 5104 nodes (7100092 simplex iterations) in 592.05 seconds (1518.63 work units)
Thread count was 1 (of 32 available processors)

Solution count 10: 202005 202005 202024 ... 202750

Optimal solution found (tolerance 5.00e-02)
Best objective 2.020048586118e+05, best bound 1.983824172973e+05, gap 1.7932%
  6448  5762 180600.435   39  113 285841.764 180600.101  36.8%  1063  590s
  6526  5840 180600.101   29   28 285841.764 180600.101  36.8%  1061  595s
  6620  5934 180600.101   42   76 285841.764 180600.101  36.8%  1058  606s
  6677  5991 180600.101   36   32 285841.764 180600.101  36.8%  1056  610s
  6769  6083 180600.101   27   40 285841.764 180600.101  36.8%  1052  615s
  6834  6147 181092.821   32   35 285841.764 180600.101  36.8%  1054  620s
  6904  6217 181414.336   43   55 285841.764 180600.101  36.8%  1054  625s
  6963  6276 180750.687   33  103 285841.764 180600.101  36.8%  1055  630s
  7035  6347 180600.101   24   30 285841.764 180600.101  36.8%  1058  635s
  7108  6420 180680.179   35  103 285841.764 180600.101  36.8%  1057  640s
  7119  6431 180600.101   38   43 285841.764 180600.101  36.8%  1057  646s
  7174  6486 180905.267   45   95 285841.764 180600.101  36.8%  1056  650s
  7252  6564 180943.787   58   61 285841.764 180600.101  36.8%  1053  655s
  7359  6665 181461.886   53   68 285841.764 180600.101  36.8%  1047  660s
  7446  6752 180601.790   34   54 285841.764 180600.101  36.8%  1045  665s
  7503  6809 184682.200   50  231 285841.764 180600.101  36.8%  1049  670s
  7582  6888 181260.800   48   56 285841.764 180600.101  36.8%  1047  675s
  7584  6890 180610.357   43   54 285841.764 180600.101  36.8%  1047  682s
  7624  6930 184241.715   35  152 285841.764 180600.101  36.8%  1048  685s
  7709  7015 181040.998   32  122 285841.764 180600.101  36.8%  1048  690s
  7792  7098 181418.624   52   60 285841.764 180600.101  36.8%  1047  695s
  7849  7155 180600.101   29   21 285841.764 180600.101  36.8%  1049  700s
  7920  7225 180600.101   38   44 285841.764 180600.101  36.8%  1050  705s
  8011  7311 180600.101   48   44 285841.764 180600.101  36.8%  1048  710s
  8088  7386 180600.101   56   34 285841.764 180600.101  36.8%  1047  715s
  8133  7430 180672.776   52   51 285841.764 180600.101  36.8%  1047  722s
  8173  7470 180600.101   39   17 285841.764 180600.101  36.8%  1047  725s
  8243  7539 180605.193   45   63 285841.764 180600.101  36.8%  1047  730s
  8309  7605 181260.800   48   70 285841.764 180600.101  36.8%  1047  735s
  8379  7675 180600.114   52  122 285841.764 180600.101  36.8%  1048  740s
  8426  7721 180600.101   38   70 285841.764 180600.101  36.8%  1049  748s
  8446  7740 180600.101   41   41 285841.764 180600.101  36.8%  1050  750s
  8518  7807 180600.101   53   56 285841.764 180600.101  36.8%  1051  755s
  8579  7867 180609.863   60   71 285841.764 180600.101  36.8%  1053  760s
  8627  7915 180615.772   42   91 285841.764 180600.101  36.8%  1054  769s
  8632  7920 180600.101   43   48 285841.764 180600.101  36.8%  1054  770s
  8691  7978 180600.101   15   56 285841.764 180600.101  36.8%  1054  775s
  8750  8035 180600.101   21   54 285841.764 180600.101  36.8%  1053  780s
  8813  8095 180600.214   27   89 285841.764 180600.101  36.8%  1050  785s
  8870  8152 180600.101   32   63 285841.764 180600.101  36.8%  1050  790s
  8922  8204 180600.101   25   50 285841.764 180600.101  36.8%  1049  795s
  8982  8263 180608.104   38   68 285841.764 180600.101  36.8%  1048  800s
  9010  8291 180600.101   20   61 285841.764 180600.101  36.8%  1048  805s
  9083  8361 182740.840   26  158 285841.764 180600.101  36.8%  1045  810s
H 9115  8387                    285822.46871 180600.101  36.8%  1045  815s
  9118  8391 180798.855   29  181 285822.469 180600.101  36.8%  1046  820s
  9169  8439 180600.101   34   60 285822.469 180600.101  36.8%  1048  825s
  9217  8486 181887.386   39  216 285822.469 180600.101  36.8%  1048  830s
  9268  8536 180600.101   44   75 285822.469 180600.101  36.8%  1050  835s
  9321  8585 180796.778   45  133 285822.469 180600.101  36.8%  1051  840s
  9364  8627 180662.979   40  118 285822.469 180600.101  36.8%  1055  845s
  9376  8639 180614.061   41   88 285822.469 180600.101  36.8%  1056  851s
  9403  8665 180600.101   42   28 285822.469 180600.101  36.8%  1057  855s
  9452  8712 181025.008   39  149 285822.469 180600.101  36.8%  1060  860s
  9515  8775 180602.847   65   58 285822.469 180600.101  36.8%  1060  865s
  9568  8824 180604.214   28  106 285822.469 180600.101  36.8%  1063  870s
  9623  8874 180600.101   32   53 285822.469 180600.101  36.8%  1062  879s
  9627  8878 180600.101   32   51 285822.469 180600.101  36.8%  1062  880s
  9683  8933 180600.101   37   60 285822.469 180600.101  36.8%  1065  885s
  9739  8986 180600.101   31   79 285822.469 180600.101  36.8%  1067  890s
  9797  9040 180601.367   33  114 285822.469 180600.101  36.8%  1068  895s
H 9848  9082                    285444.80844 180600.101  36.7%  1069  902s
  9858  9092 185039.237   42  154 285444.808 180600.101  36.7%  1069  905s
  9945  9166 180600.101   51   38 285444.808 180600.101  36.7%  1068  910s
 10005  9209 180600.101   51   33 285444.808 180600.101  36.7%  1071  915s
 10066  9244 180608.062   47   85 285444.808 180600.101  36.7%  1073  920s
 10119  9293 180602.203   54   65 285444.808 180600.101  36.7%  1075  928s
 10140  9305 183578.430   54  147 285444.808 180600.101  36.7%  1076  930s
 10203  9341 183264.238   52  133 285444.808 180600.101  36.7%  1077  935s
 10277  9400 185888.687   50  154 285444.808 180600.101  36.7%  1078  940s
 10325  9443 180600.101   58   42 285444.808 180600.101  36.7%  1078  946s
 10372  9490 186131.352   60  166 285444.808 180600.101  36.7%  1078  950s
 10438  9556 180606.212   33   81 285444.808 180600.101  36.7%  1079  955s
 10508  9624 180600.101   24   53 285444.808 180600.101  36.7%  1080  960s
 10527  9642 180607.074   29   99 285444.808 180600.101  36.7%  1080  965s
 10589  9701 180600.101   32   82 285444.808 180600.101  36.7%  1079  970s
 10657  9759 180600.101   40   54 285444.808 180600.101  36.7%  1079  975s
 10693  9790 180609.399   44  159 285444.808 180600.101  36.7%  1081  981s
 10740  9833 180646.846   38  100 285444.808 180600.101  36.7%  1082  985s
 10816  9893 180600.101   39   40 285444.808 180600.101  36.7%  1083  990s
 10869  9939 189653.538   47  178 285444.808 180600.101  36.7%  1084  999s
 10879  9947 180600.101   48   65 285444.808 180600.101  36.7%  1084 1000s
 10937  9992 186317.088   55  160 285444.808 180600.101  36.7%  1085 1005s
 11008 10047 180600.101   33   64 285444.808 180600.101  36.7%  1086 1010s
 11089 10113 180600.101   45   68 285444.808 180600.101  36.7%  1085 1015s
 11156 10167 180641.328   54   85 285444.808 180600.101  36.7%  1086 1020s
 11167 10178 180603.279   30  107 285444.808 180600.101  36.7%  1086 1025s
 11224 10232 182434.691   37  141 285444.808 180600.101  36.7%  1086 1030s
 11270 10270 180610.522   43   97 285444.808 180600.101  36.7%  1087 1035s
 11334 10315 180600.101   45   55 285444.808 180600.101  36.7%  1088 1040s
 11398 10368 180603.237   38   60 285444.808 180600.101  36.7%  1089 1048s
 11414 10382 180616.122   41  126 285444.808 180600.101  36.7%  1090 1050s
 11472 10432 184765.535   35  128 285444.808 180600.101  36.7%  1092 1055s
 11547 10491 182808.933   38  273 285444.808 180600.101  36.7%  1093 1060s
 11603 10535 180600.101   49   63 285444.808 180600.101  36.7%  1095 1065s
 11661 10593 180600.101   30   54 285444.808 180600.101  36.7%  1093 1071s
 11712 10641 180600.101   34   77 285444.808 180600.101  36.7%  1093 1075s
 11788 10709 184157.042   39  174 285444.808 180600.101  36.7%  1093 1080s
 11871 10784 180600.101   44   50 285444.808 180600.101  36.7%  1092 1085s
 11894 10803 180600.101   42   49 285444.808 180600.101  36.7%  1092 1095s
 11961 10857 180600.101   35   48 285444.808 180600.101  36.7%  1093 1100s
 12040 10920 180600.101   42   35 285444.808 180600.101  36.7%  1092 1105s
 12118 10993 180600.101   27   71 285444.808 180600.101  36.7%  1092 1110s
 12169 11035 180600.101   33   34 285444.808 180600.101  36.7%  1092 1115s
 12242 11103 180602.731   27   77 285444.808 180600.101  36.7%  1092 1120s
 12304 11157 189242.691   33  163 285444.808 180600.101  36.7%  1091 1125s
 12383 11227 180616.130   32  140 285444.808 180600.101  36.7%  1091 1130s
 12439 11281 183013.428   38  134 285444.808 180600.101  36.7%  1093 1135s
 12444 11285 184090.329   28  154 285444.808 180600.101  36.7%  1093 1142s
 12476 11317 180600.101   28   34 285444.808 180600.101  36.7%  1093 1145s
 12547 11381 180605.554   26   96 285444.808 180600.101  36.7%  1094 1150s
 12626 11459 180600.101   35   57 285444.808 180600.101  36.7%  1093 1155s
 12684 11517 180601.299   39   63 285444.808 180600.101  36.7%  1093 1160s
 12750 11583 180600.296   29   63 285444.808 180600.101  36.7%  1094 1165s
 12817 11650 180600.101   35   70 285444.808 180600.101  36.7%  1095 1170s
 12834 11667 180600.101   37   71 285444.808 180600.101  36.7%  1095 1175s
 12909 11742 180681.268   45   42 285444.808 180600.101  36.7%  1095 1180s
 12969 11802 180604.213   51   83 285444.808 180600.101  36.7%  1095 1185s
 13034 11867 180600.101   48   33 285444.808 180600.101  36.7%  1097 1190s
 13062 11895 181178.226   55   61 285444.808 180600.101  36.7%  1098 1200s

Cutting planes:
  Gomory: 17
  Lift-and-project: 8
  Cover: 74
  Implied bound: 30
  MIR: 11
  Flow cover: 1139
  Zero half: 21
  RLT: 57
  Relax-and-lift: 62

Explored 13063 nodes (14375669 simplex iterations) in 1200.01 seconds (3021.08 work units)
Thread count was 1 (of 32 available processors)

Solution count 10: 285445 285822 285842 ... 286429

Time limit reached
Best objective 2.854448084450e+05, best bound 1.806001006136e+05, gap 36.7303%
WARNING: Loading a SolverResults object with an 'aborted' status, but
containing a solution
✅ Solution time [sec]: 1202.29
📊 Status: maxTimeLimit
💰 Operation Cost: 284920.1291317339
⚠️ No se encontró 'gurobi.log'. 
✔ JSON de variables y parámetros, log y summary guardados en 'C:\Users\TECNO-MASTER\Desktop\Elmo_infrastructure_sizing_NP-\output\DCH_septiembre\Bateria_353\Costo_variable\Swap_libre\Swap_variable_3estaciones_160kW_Descomp/station_1_d121_stage1'.
✅ Solution time [sec]: 1202.35
📊 Status: maxTimeLimit
💰 Operation Cost: 284194.78731277824
⚠️ No se encontró 'gurobi.log'. 
✔ JSON de variables y parámetros, log y summary guardados en 'C:\Users\TECNO-MASTER\Desktop\Elmo_infrastructure_sizing_NP-\output\DCH_septiembre\Bateria_353\Costo_variable\Swap_libre\Swap_variable_3estaciones_160kW_Descomp/station_1_d152_stage1'.
✅ Solution time [sec]: 1202.33
📊 Status: maxTimeLimit
💰 Operation Cost: 286348.85501027806
⚠️ No se encontró 'gurobi.log'. 
✔ JSON de variables y parámetros, log y summary guardados en 'C:\Users\TECNO-MASTER\Desktop\Elmo_infrastructure_sizing_NP-\output\DCH_septiembre\Bateria_353\Costo_variable\Swap_libre\Swap_variable_3estaciones_160kW_Descomp/station_1_d182_stage1'.
✅ Solution time [sec]: 1202.72
📊 Status: maxTimeLimit
💰 Operation Cost: 285969.41390362405
⚠️ No se encontró 'gurobi.log'. 
✔ JSON de variables y parámetros, log y summary guardados en 'C:\Users\TECNO-MASTER\Desktop\Elmo_infrastructure_sizing_NP-\output\DCH_septiembre\Bateria_353\Costo_variable\Swap_libre\Swap_variable_3estaciones_160kW_Descomp/station_1_d213_stage1'.
✅ Solution time [sec]: 1202.63
📊 Status: maxTimeLimit
💰 Operation Cost: 283314.6363419467
⚠️ No se encontró 'gurobi.log'. 
✔ JSON de variables y parámetros, log y summary guardados en 'C:\Users\TECNO-MASTER\Desktop\Elmo_infrastructure_sizing_NP-\output\DCH_septiembre\Bateria_353\Costo_variable\Swap_libre\Swap_variable_3estaciones_160kW_Descomp/station_1_d244_stage1'.
✅ Solution time [sec]: 1203.04
📊 Status: maxTimeLimit
💰 Operation Cost: 286204.4853871738
⚠️ No se encontró 'gurobi.log'. 
✔ JSON de variables y parámetros, log y summary guardados en 'C:\Users\TECNO-MASTER\Desktop\Elmo_infrastructure_sizing_NP-\output\DCH_septiembre\Bateria_353\Costo_variable\Swap_libre\Swap_variable_3estaciones_160kW_Descomp/station_1_d274_stage1'.
✅ Solution time [sec]: 1202.84
📊 Status: maxTimeLimit
💰 Operation Cost: 284131.92469157535
⚠️ No se encontró 'gurobi.log'. 
✔ JSON de variables y parámetros, log y summary guardados en 'C:\Users\TECNO-MASTER\Desktop\Elmo_infrastructure_sizing_NP-\output\DCH_septiembre\Bateria_353\Costo_variable\Swap_libre\Swap_variable_3estaciones_160kW_Descomp/station_1_d335_stage1'.
✅ Solution time [sec]: 1202.95
📊 Status: maxTimeLimit
💰 Operation Cost: 285303.3819480348
⚠️ No se encontró 'gurobi.log'. 
✔ JSON de variables y parámetros, log y summary guardados en 'C:\Users\TECNO-MASTER\Desktop\Elmo_infrastructure_sizing_NP-\output\DCH_septiembre\Bateria_353\Costo_variable\Swap_libre\Swap_variable_3estaciones_160kW_Descomp/station_2_d1_stage1'.
✅ Solution time [sec]: 1202.85
📊 Status: maxTimeLimit
💰 Operation Cost: 288127.9739443627
⚠️ No se encontró 'gurobi.log'. 
✔ JSON de variables y parámetros, log y summary guardados en 'C:\Users\TECNO-MASTER\Desktop\Elmo_infrastructure_sizing_NP-\output\DCH_septiembre\Bateria_353\Costo_variable\Swap_libre\Swap_variable_3estaciones_160kW_Descomp/station_1_d305_stage1'.
✅ Solution time [sec]: 1203.03
📊 Status: maxTimeLimit
💰 Operation Cost: 283701.78334549116
⚠️ No se encontró 'gurobi.log'. 
✔ JSON de variables y parámetros, log y summary guardados en 'C:\Users\TECNO-MASTER\Desktop\Elmo_infrastructure_sizing_NP-\output\DCH_septiembre\Bateria_353\Costo_variable\Swap_libre\Swap_variable_3estaciones_160kW_Descomp/station_2_d60_stage1'.
✅ Solution time [sec]: 1203.37
📊 Status: maxTimeLimit
💰 Operation Cost: 284920.1291317339
⚠️ No se encontró 'gurobi.log'. 
✔ JSON de variables y parámetros, log y summary guardados en 'C:\Users\TECNO-MASTER\Desktop\Elmo_infrastructure_sizing_NP-\output\DCH_septiembre\Bateria_353\Costo_variable\Swap_libre\Swap_variable_3estaciones_160kW_Descomp/station_2_d121_stage1'.
✅ Solution time [sec]: 1203.37
📊 Status: maxTimeLimit
💰 Operation Cost: 285178.71470832353
⚠️ No se encontró 'gurobi.log'. 
✔ JSON de variables y parámetros, log y summary guardados en 'C:\Users\TECNO-MASTER\Desktop\Elmo_infrastructure_sizing_NP-\output\DCH_septiembre\Bateria_353\Costo_variable\Swap_libre\Swap_variable_3estaciones_160kW_Descomp/station_2_d32_stage1'.
✅ Solution time [sec]: 1203.72
📊 Status: maxTimeLimit
💰 Operation Cost: 285403.4692934274
⚠️ No se encontró 'gurobi.log'. 
✔ JSON de variables y parámetros, log y summary guardados en 'C:\Users\TECNO-MASTER\Desktop\Elmo_infrastructure_sizing_NP-\output\DCH_septiembre\Bateria_353\Costo_variable\Swap_libre\Swap_variable_3estaciones_160kW_Descomp/station_2_d244_stage1'.
✅ Solution time [sec]: 1203.56
📊 Status: maxTimeLimit
💰 Operation Cost: 284191.2590886701
⚠️ No se encontró 'gurobi.log'. 
✔ JSON de variables y parámetros, log y summary guardados en 'C:\Users\TECNO-MASTER\Desktop\Elmo_infrastructure_sizing_NP-\output\DCH_septiembre\Bateria_353\Costo_variable\Swap_libre\Swap_variable_3estaciones_160kW_Descomp/station_2_d335_stage1'.
✅ Solution time [sec]: 1203.71
📊 Status: maxTimeLimit
💰 Operation Cost: 287254.29265906435
⚠️ No se encontró 'gurobi.log'. 
✔ JSON de variables y parámetros, log y summary guardados en 'C:\Users\TECNO-MASTER\Desktop\Elmo_infrastructure_sizing_NP-\output\DCH_septiembre\Bateria_353\Costo_variable\Swap_libre\Swap_variable_3estaciones_160kW_Descomp/station_2_d91_stage1'.
✅ Solution time [sec]: 1203.73
📊 Status: maxTimeLimit
💰 Operation Cost: 202386.66633778284
⚠️ No se encontró 'gurobi.log'. 
✔ JSON de variables y parámetros, log y summary guardados en 'C:\Users\TECNO-MASTER\Desktop\Elmo_infrastructure_sizing_NP-\output\DCH_septiembre\Bateria_353\Costo_variable\Swap_libre\Swap_variable_3estaciones_160kW_Descomp/station_2_d152_stage1'.
✅ Solution time [sec]: 1203.88
📊 Status: maxTimeLimit
💰 Operation Cost: 288124.928419316
⚠️ No se encontró 'gurobi.log'. 
✔ JSON de variables y parámetros, log y summary guardados en 'C:\Users\TECNO-MASTER\Desktop\Elmo_infrastructure_sizing_NP-\output\DCH_septiembre\Bateria_353\Costo_variable\Swap_libre\Swap_variable_3estaciones_160kW_Descomp/station_2_d305_stage1'.
✅ Solution time [sec]: 1203.77
📊 Status: maxTimeLimit
💰 Operation Cost: 287269.72423812514
⚠️ No se encontró 'gurobi.log'. 
✔ JSON de variables y parámetros, log y summary guardados en 'C:\Users\TECNO-MASTER\Desktop\Elmo_infrastructure_sizing_NP-\output\DCH_septiembre\Bateria_353\Costo_variable\Swap_libre\Swap_variable_3estaciones_160kW_Descomp/station_3_d213_stage1'.
✅ Solution time [sec]: 1203.98
📊 Status: maxTimeLimit
💰 Operation Cost: 200817.6278890919
⚠️ No se encontró 'gurobi.log'. 
✔ JSON de variables y parámetros, log y summary guardados en 'C:\Users\TECNO-MASTER\Desktop\Elmo_infrastructure_sizing_NP-\output\DCH_septiembre\Bateria_353\Costo_variable\Swap_libre\Swap_variable_3estaciones_160kW_Descomp/station_3_d121_stage1'.
✅ Solution time [sec]: 1203.99
📊 Status: maxTimeLimit
💰 Operation Cost: 286348.85501027806
⚠️ No se encontró 'gurobi.log'. 
✔ JSON de variables y parámetros, log y summary guardados en 'C:\Users\TECNO-MASTER\Desktop\Elmo_infrastructure_sizing_NP-\output\DCH_septiembre\Bateria_353\Costo_variable\Swap_libre\Swap_variable_3estaciones_160kW_Descomp/station_3_d182_stage1'.
✅ Solution time [sec]: 1203.95
📊 Status: maxTimeLimit
💰 Operation Cost: 283956.5870170164
⚠️ No se encontró 'gurobi.log'. 
✔ JSON de variables y parámetros, log y summary guardados en 'C:\Users\TECNO-MASTER\Desktop\Elmo_infrastructure_sizing_NP-\output\DCH_septiembre\Bateria_353\Costo_variable\Swap_libre\Swap_variable_3estaciones_160kW_Descomp/station_3_d60_stage1'.
✅ Solution time [sec]: 1203.86
📊 Status: maxTimeLimit
💰 Operation Cost: 201739.19975969172
⚠️ No se encontró 'gurobi.log'. 
✔ JSON de variables y parámetros, log y summary guardados en 'C:\Users\TECNO-MASTER\Desktop\Elmo_infrastructure_sizing_NP-\output\DCH_septiembre\Bateria_353\Costo_variable\Swap_libre\Swap_variable_3estaciones_160kW_Descomp/station_2_d213_stage1'.
✅ Solution time [sec]: 1204.39
📊 Status: maxTimeLimit
💰 Operation Cost: 286691.4341397146
⚠️ No se encontró 'gurobi.log'. 
✔ JSON de variables y parámetros, log y summary guardados en 'C:\Users\TECNO-MASTER\Desktop\Elmo_infrastructure_sizing_NP-\output\DCH_septiembre\Bateria_353\Costo_variable\Swap_libre\Swap_variable_3estaciones_160kW_Descomp/station_2_d274_stage1'.
✅ Solution time [sec]: 1204.59
📊 Status: maxTimeLimit
💰 Operation Cost: 202657.7166431633
⚠️ No se encontró 'gurobi.log'. 
✔ JSON de variables y parámetros, log y summary guardados en 'C:\Users\TECNO-MASTER\Desktop\Elmo_infrastructure_sizing_NP-\output\DCH_septiembre\Bateria_353\Costo_variable\Swap_libre\Swap_variable_3estaciones_160kW_Descomp/station_3_d152_stage1'.
✅ Solution time [sec]: 1204.58
📊 Status: maxTimeLimit
💰 Operation Cost: 284946.32333823876
⚠️ No se encontró 'gurobi.log'. 
✔ JSON de variables y parámetros, log y summary guardados en 'C:\Users\TECNO-MASTER\Desktop\Elmo_infrastructure_sizing_NP-\output\DCH_septiembre\Bateria_353\Costo_variable\Swap_libre\Swap_variable_3estaciones_160kW_Descomp/station_3_d1_stage1'.
✅ Solution time [sec]: 1203.62
📊 Status: maxTimeLimit
💰 Operation Cost: 286137.31417621596
⚠️ No se encontró 'gurobi.log'. 
✔ JSON de variables y parámetros, log y summary guardados en 'C:\Users\TECNO-MASTER\Desktop\Elmo_infrastructure_sizing_NP-\output\DCH_septiembre\Bateria_353\Costo_variable\Swap_libre\Swap_variable_3estaciones_160kW_Descomp/station_3_d91_stage1'.
✅ Solution time [sec]: 57.61
📊 Status: optimal
💰 Operation Cost: 183726.97505637608
⚠️ No se encontró 'gurobi.log'. 
✔ JSON de variables y parámetros, log y summary guardados en 'C:\Users\TECNO-MASTER\Desktop\Elmo_infrastructure_sizing_NP-\output\DCH_septiembre\Bateria_353\Costo_variable\Swap_libre\Swap_variable_3estaciones_160kW_Descomp/station_3_d305_stage1'.
✅ Solution time [sec]: 1203.96
📊 Status: maxTimeLimit
💰 Operation Cost: 286348.85501027806
⚠️ No se encontró 'gurobi.log'. 
✔ JSON de variables y parámetros, log y summary guardados en 'C:\Users\TECNO-MASTER\Desktop\Elmo_infrastructure_sizing_NP-\output\DCH_septiembre\Bateria_353\Costo_variable\Swap_libre\Swap_variable_3estaciones_160kW_Descomp/station_2_d182_stage1'.
✅ Solution time [sec]: 1204.64
📊 Status: maxTimeLimit
💰 Operation Cost: 285347.2031425668
⚠️ No se encontró 'gurobi.log'. 
✔ JSON de variables y parámetros, log y summary guardados en 'C:\Users\TECNO-MASTER\Desktop\Elmo_infrastructure_sizing_NP-\output\DCH_septiembre\Bateria_353\Costo_variable\Swap_libre\Swap_variable_3estaciones_160kW_Descomp/station_3_d32_stage1'.
✅ Solution time [sec]: 455.05
📊 Status: optimal
💰 Operation Cost: 183317.4404128139
⚠️ No se encontró 'gurobi.log'. 
✔ JSON de variables y parámetros, log y summary guardados en 'C:\Users\TECNO-MASTER\Desktop\Elmo_infrastructure_sizing_NP-\output\DCH_septiembre\Bateria_353\Costo_variable\Swap_libre\Swap_variable_3estaciones_160kW_Descomp/station_3_d335_stage1'.
✅ Solution time [sec]: 595.41
📊 Status: optimal
💰 Operation Cost: 202004.85861177297
⚠️ No se encontró 'gurobi.log'. 
✔ JSON de variables y parámetros, log y summary guardados en 'C:\Users\TECNO-MASTER\Desktop\Elmo_infrastructure_sizing_NP-\output\DCH_septiembre\Bateria_353\Costo_variable\Swap_libre\Swap_variable_3estaciones_160kW_Descomp/station_3_d244_stage1'.
✅ Solution time [sec]: 1203.22
📊 Status: maxTimeLimit
💰 Operation Cost: 285444.80844496645
⚠️ No se encontró 'gurobi.log'. 
✔ JSON de variables y parámetros, log y summary guardados en 'C:\Users\TECNO-MASTER\Desktop\Elmo_infrastructure_sizing_NP-\output\DCH_septiembre\Bateria_353\Costo_variable\Swap_libre\Swap_variable_3estaciones_160kW_Descomp/station_3_d274_stage1'.
C:\Users\TECNO-MASTER\anaconda3\lib\site-packages\pandas\core\indexes\base.py:6999: FutureWarning: In a future version, the Index constructor will not infer numeric dtypes when passed object-dtype sequences (matching Series behavior)
  return Index(sequences[0], name=names)
C:\Users\TECNO-MASTER\anaconda3\lib\site-packages\pandas\core\indexes\base.py:6999: FutureWarning: In a future version, the Index constructor will not infer numeric dtypes when passed object-dtype sequences (matching Series behavior)
  return Index(sequences[0], name=names)
C:\Users\TECNO-MASTER\anaconda3\lib\site-packages\pandas\core\indexes\base.py:6999: FutureWarning: In a future version, the Index constructor will not infer numeric dtypes when passed object-dtype sequences (matching Series behavior)
  return Index(sequences[0], name=names)
C:\Users\TECNO-MASTER\anaconda3\lib\site-packages\pandas\core\indexes\base.py:6999: FutureWarning: In a future version, the Index constructor will not infer numeric dtypes when passed object-dtype sequences (matching Series behavior)
  return Index(sequences[0], name=names)
C:\Users\TECNO-MASTER\anaconda3\lib\site-packages\pandas\core\indexes\base.py:6999: FutureWarning: In a future version, the Index constructor will not infer numeric dtypes when passed object-dtype sequences (matching Series behavior)
  return Index(sequences[0], name=names)
C:\Users\TECNO-MASTER\anaconda3\lib\site-packages\pandas\core\indexes\base.py:6999: FutureWarning: In a future version, the Index constructor will not infer numeric dtypes when passed object-dtype sequences (matching Series behavior)
  return Index(sequences[0], name=names)
  [Fase 2 (infra fija)] estacion=station_1 dia=32 -> C:\Users\TECNO-MASTER\Desktop\Elmo_infrastructure_sizing_NP-\output\DCH_septiembre\Bateria_353\Costo_variable\Swap_libre\Swap_variable_3estaciones_160kW_Descomp/station_1_d32
✔ Warm start Y: 257 cargados, 0 omitidos
✔ Warm start Z: 451 cargados, 0 omitidos
✔ Warm start Z_swap: 12 cargados, 0 omitidos
✔ Warm start N_chargers: 0 cargados, 1 omitidos
✔ Warm start N_bays: 0 cargados, 1 omitidos
✔ Warm start X: 0 cargados, 1 omitidos
✔ Warm start N_batteries: 0 cargados, 1 omitidos
✔ Warm start completo desde 'C:\Users\TECNO-MASTER\Desktop\Elmo_infrastructure_sizing_NP-\output\DCH_septiembre\Bateria_353\Costo_variable\Swap_libre\Swap_variable_3estaciones_160kW_Descomp\station_1_d32_stage1': 720 valores cargados, 4 omitidos
formulation time: 6.343472719192505
Set parameter OutputFlag to value 1
Set parameter OutputFlag to value 1
Set parameter LogToConsole to value 1
Set parameter MIPGap to value 0.05
Set parameter TimeLimit to value 1200
Set parameter LogFile to value "C:\Users\TECNO-MASTER\Desktop\Elmo_infrastructure_sizing_NP-\output\DCH_septiembre\Bateria_353\Costo_variable\Swap_libre\Swap_variable_3estaciones_160kW_Descomp\station_1_d32\ELMO_log.txt"
Set parameter Threads to value 1
Set parameter Heuristics to value 0.5
Set parameter MIPFocus to value 3
Set parameter Presolve to value 2
Set parameter FlowCoverCuts to value 2
Gurobi Optimizer version 12.0.3 build v12.0.3rc0 (win64 - Windows 11+.0 (26200.2))

CPU model: Intel(R) Core(TM) i9-14900K, instruction set [SSE2|AVX|AVX2]
Thread count: 24 physical cores, 32 logical processors, using up to 1 threads

Non-default parameters:
TimeLimit  1200
MIPGap  0.05
Heuristics  0.5
MIPFocus  3
FlowCoverCuts  2
Presolve  2
Threads  1

Optimize a model with 26328 rows, 53707 columns and 243354 nonzeros
Model fingerprint: 0xe6e159f1
Variable types: 2099 continuous, 51608 integer (18485 binary)
Coefficient statistics:
  Matrix range     [1e+00, 3e+02]
  Objective range  [3e-03, 1e+02]
  Bounds range     [1e+00, 2e+00]
  RHS range        [1e+00, 1e+04]

Warning: Completing partial solution with 50884 unfixed non-continuous variables out of 51608
User MIP start produced solution with objective 289022 (0.03s)
Loaded user MIP start with objective 289022


Explored 0 nodes (0 simplex iterations) in 0.04 seconds (0.06 work units)
Thread count was 1 (of 32 available processors)

Solution count 2: 289022 289022 

Optimal solution found (tolerance 5.00e-02)
Best objective 2.890216424994e+05, best bound 2.816350000000e+05, gap 2.5557%
C:\Users\TECNO-MASTER\anaconda3\lib\site-packages\pandas\core\indexes\base.py:6999: FutureWarning: In a future version, the Index constructor will not infer numeric dtypes when passed object-dtype sequences (matching Series behavior)
  return Index(sequences[0], name=names)
  [Fase 2 (infra fija)] estacion=station_1 dia=60 -> C:\Users\TECNO-MASTER\Desktop\Elmo_infrastructure_sizing_NP-\output\DCH_septiembre\Bateria_353\Costo_variable\Swap_libre\Swap_variable_3estaciones_160kW_Descomp/station_1_d60
✔ Warm start Y: 258 cargados, 0 omitidos
✔ Warm start Z: 450 cargados, 0 omitidos
✔ Warm start Z_swap: 12 cargados, 0 omitidos
✔ Warm start N_chargers: 0 cargados, 1 omitidos
✔ Warm start N_bays: 0 cargados, 1 omitidos
✔ Warm start X: 0 cargados, 1 omitidos
✔ Warm start N_batteries: 0 cargados, 1 omitidos
✔ Warm start completo desde 'C:\Users\TECNO-MASTER\Desktop\Elmo_infrastructure_sizing_NP-\output\DCH_septiembre\Bateria_353\Costo_variable\Swap_libre\Swap_variable_3estaciones_160kW_Descomp\station_1_d60_stage1': 720 valores cargados, 4 omitidos
formulation time: 6.507154941558838
Set parameter OutputFlag to value 1
Set parameter OutputFlag to value 1
Set parameter LogToConsole to value 1
Set parameter MIPGap to value 0.05
Set parameter TimeLimit to value 1200
Set parameter LogFile to value "C:\Users\TECNO-MASTER\Desktop\Elmo_infrastructure_sizing_NP-\output\DCH_septiembre\Bateria_353\Costo_variable\Swap_libre\Swap_variable_3estaciones_160kW_Descomp\station_1_d60\ELMO_log.txt"
Set parameter Threads to value 1
Set parameter Heuristics to value 0.5
Set parameter MIPFocus to value 3
Set parameter Presolve to value 2
Set parameter FlowCoverCuts to value 2
Gurobi Optimizer version 12.0.3 build v12.0.3rc0 (win64 - Windows 11+.0 (26200.2))

CPU model: Intel(R) Core(TM) i9-14900K, instruction set [SSE2|AVX|AVX2]
Thread count: 24 physical cores, 32 logical processors, using up to 1 threads

Non-default parameters:
TimeLimit  1200
MIPGap  0.05
Heuristics  0.5
MIPFocus  3
FlowCoverCuts  2
Presolve  2
Threads  1

Optimize a model with 26328 rows, 53707 columns and 243354 nonzeros
Model fingerprint: 0x43ad8e9a
Variable types: 2099 continuous, 51608 integer (18485 binary)
Coefficient statistics:
  Matrix range     [1e+00, 3e+02]
  Objective range  [9e-03, 1e+02]
  Bounds range     [1e+00, 2e+00]
  RHS range        [1e+00, 1e+04]

Warning: Completing partial solution with 50884 unfixed non-continuous variables out of 51608
User MIP start produced solution with objective 288165 (0.04s)
Loaded user MIP start with objective 288165


Explored 0 nodes (0 simplex iterations) in 0.04 seconds (0.06 work units)
Thread count was 1 (of 32 available processors)

Solution count 2: 288165 288165 

Optimal solution found (tolerance 5.00e-02)
Best objective 2.881645062853e+05, best bound 2.816350000000e+05, gap 2.2659%
C:\Users\TECNO-MASTER\anaconda3\lib\site-packages\pandas\core\indexes\base.py:6999: FutureWarning: In a future version, the Index constructor will not infer numeric dtypes when passed object-dtype sequences (matching Series behavior)
  return Index(sequences[0], name=names)
  [Fase 2 (infra fija)] estacion=station_1 dia=1 -> C:\Users\TECNO-MASTER\Desktop\Elmo_infrastructure_sizing_NP-\output\DCH_septiembre\Bateria_353\Costo_variable\Swap_libre\Swap_variable_3estaciones_160kW_Descomp/station_1_d1
✔ Warm start Y: 257 cargados, 0 omitidos
✔ Warm start Z: 451 cargados, 0 omitidos
✔ Warm start Z_swap: 12 cargados, 0 omitidos
✔ Warm start N_chargers: 0 cargados, 1 omitidos
✔ Warm start N_bays: 0 cargados, 1 omitidos
✔ Warm start X: 0 cargados, 1 omitidos
✔ Warm start N_batteries: 0 cargados, 1 omitidos
✔ Warm start completo desde 'C:\Users\TECNO-MASTER\Desktop\Elmo_infrastructure_sizing_NP-\output\DCH_septiembre\Bateria_353\Costo_variable\Swap_libre\Swap_variable_3estaciones_160kW_Descomp\station_1_d1_stage1': 720 valores cargados, 4 omitidos
formulation time: 6.819336652755737
Set parameter OutputFlag to value 1
Set parameter OutputFlag to value 1
Set parameter LogToConsole to value 1
Set parameter MIPGap to value 0.05
Set parameter TimeLimit to value 1200
Set parameter LogFile to value "C:\Users\TECNO-MASTER\Desktop\Elmo_infrastructure_sizing_NP-\output\DCH_septiembre\Bateria_353\Costo_variable\Swap_libre\Swap_variable_3estaciones_160kW_Descomp\station_1_d1\ELMO_log.txt"
Set parameter Threads to value 1
Set parameter Heuristics to value 0.5
Set parameter MIPFocus to value 3
Set parameter Presolve to value 2
Set parameter FlowCoverCuts to value 2
Gurobi Optimizer version 12.0.3 build v12.0.3rc0 (win64 - Windows 11+.0 (26200.2))

CPU model: Intel(R) Core(TM) i9-14900K, instruction set [SSE2|AVX|AVX2]
Thread count: 24 physical cores, 32 logical processors, using up to 1 threads

Non-default parameters:
TimeLimit  1200
MIPGap  0.05
Heuristics  0.5
MIPFocus  3
FlowCoverCuts  2
Presolve  2
Threads  1

Optimize a model with 26328 rows, 53707 columns and 243354 nonzeros
Model fingerprint: 0x07d56914
Variable types: 2099 continuous, 51608 integer (18485 binary)
Coefficient statistics:
  Matrix range     [1e+00, 3e+02]
  Objective range  [1e-02, 1e+02]
  Bounds range     [1e+00, 2e+00]
  RHS range        [1e+00, 1e+04]

Warning: Completing partial solution with 50884 unfixed non-continuous variables out of 51608
User MIP start produced solution with objective 285303 (0.04s)
Loaded user MIP start with objective 285303


Explored 0 nodes (0 simplex iterations) in 0.04 seconds (0.06 work units)
Thread count was 1 (of 32 available processors)

Solution count 2: 285303 285303 

Optimal solution found (tolerance 5.00e-02)
Best objective 2.853033819480e+05, best bound 2.816350000000e+05, gap 1.2858%
C:\Users\TECNO-MASTER\anaconda3\lib\site-packages\pandas\core\indexes\base.py:6999: FutureWarning: In a future version, the Index constructor will not infer numeric dtypes when passed object-dtype sequences (matching Series behavior)
  return Index(sequences[0], name=names)
  [Fase 2 (infra fija)] estacion=station_1 dia=121 -> C:\Users\TECNO-MASTER\Desktop\Elmo_infrastructure_sizing_NP-\output\DCH_septiembre\Bateria_353\Costo_variable\Swap_libre\Swap_variable_3estaciones_160kW_Descomp/station_1_d121
✔ Warm start Y: 258 cargados, 0 omitidos
✔ Warm start Z: 450 cargados, 0 omitidos
✔ Warm start Z_swap: 12 cargados, 0 omitidos
✔ Warm start N_chargers: 0 cargados, 1 omitidos
✔ Warm start N_bays: 0 cargados, 1 omitidos
✔ Warm start X: 0 cargados, 1 omitidos
✔ Warm start N_batteries: 0 cargados, 1 omitidos
✔ Warm start completo desde 'C:\Users\TECNO-MASTER\Desktop\Elmo_infrastructure_sizing_NP-\output\DCH_septiembre\Bateria_353\Costo_variable\Swap_libre\Swap_variable_3estaciones_160kW_Descomp\station_1_d121_stage1': 720 valores cargados, 4 omitidos
formulation time: 6.996164321899414
Set parameter OutputFlag to value 1
Set parameter OutputFlag to value 1
Set parameter LogToConsole to value 1
Set parameter MIPGap to value 0.05
Set parameter TimeLimit to value 1200
Set parameter LogFile to value "C:\Users\TECNO-MASTER\Desktop\Elmo_infrastructure_sizing_NP-\output\DCH_septiembre\Bateria_353\Costo_variable\Swap_libre\Swap_variable_3estaciones_160kW_Descomp\station_1_d121\ELMO_log.txt"
Set parameter Threads to value 1
Set parameter Heuristics to value 0.5
Set parameter MIPFocus to value 3
Set parameter Presolve to value 2
Set parameter FlowCoverCuts to value 2
Gurobi Optimizer version 12.0.3 build v12.0.3rc0 (win64 - Windows 11+.0 (26200.2))

CPU model: Intel(R) Core(TM) i9-14900K, instruction set [SSE2|AVX|AVX2]
Thread count: 24 physical cores, 32 logical processors, using up to 1 threads

Non-default parameters:
TimeLimit  1200
MIPGap  0.05
Heuristics  0.5
MIPFocus  3
FlowCoverCuts  2
Presolve  2
Threads  1

Optimize a model with 26358 rows, 53707 columns and 243414 nonzeros
Model fingerprint: 0xe9597cf0
Variable types: 2099 continuous, 51608 integer (18485 binary)
Coefficient statistics:
  Matrix range     [1e+00, 3e+02]
  Objective range  [8e-03, 1e+02]
  Bounds range     [1e+00, 2e+00]
  RHS range        [1e+00, 1e+04]

Warning: Completing partial solution with 50884 unfixed non-continuous variables out of 51608
User MIP start produced solution with objective 284920 (0.04s)
Loaded user MIP start with objective 284920


Explored 0 nodes (0 simplex iterations) in 0.04 seconds (0.06 work units)
Thread count was 1 (of 32 available processors)

Solution count 2: 284920 284920 

Optimal solution found (tolerance 5.00e-02)
Best objective 2.849201291317e+05, best bound 2.816350000000e+05, gap 1.1530%
C:\Users\TECNO-MASTER\anaconda3\lib\site-packages\pandas\core\indexes\base.py:6999: FutureWarning: In a future version, the Index constructor will not infer numeric dtypes when passed object-dtype sequences (matching Series behavior)
  return Index(sequences[0], name=names)
  [Fase 2 (infra fija)] estacion=station_1 dia=91 -> C:\Users\TECNO-MASTER\Desktop\Elmo_infrastructure_sizing_NP-\output\DCH_septiembre\Bateria_353\Costo_variable\Swap_libre\Swap_variable_3estaciones_160kW_Descomp/station_1_d91
✔ Warm start Y: 258 cargados, 0 omitidos
✔ Warm start Z: 450 cargados, 0 omitidos
✔ Warm start Z_swap: 12 cargados, 0 omitidos
✔ Warm start N_chargers: 0 cargados, 1 omitidos
✔ Warm start N_bays: 0 cargados, 1 omitidos
✔ Warm start X: 0 cargados, 1 omitidos
✔ Warm start N_batteries: 0 cargados, 1 omitidos
✔ Warm start completo desde 'C:\Users\TECNO-MASTER\Desktop\Elmo_infrastructure_sizing_NP-\output\DCH_septiembre\Bateria_353\Costo_variable\Swap_libre\Swap_variable_3estaciones_160kW_Descomp\station_1_d91_stage1': 720 valores cargados, 4 omitidos
formulation time: 7.172967433929443
Set parameter OutputFlag to value 1
Set parameter OutputFlag to value 1
Set parameter LogToConsole to value 1
Set parameter MIPGap to value 0.05
Set parameter TimeLimit to value 1200
Set parameter LogFile to value "C:\Users\TECNO-MASTER\Desktop\Elmo_infrastructure_sizing_NP-\output\DCH_septiembre\Bateria_353\Costo_variable\Swap_libre\Swap_variable_3estaciones_160kW_Descomp\station_1_d91\ELMO_log.txt"
Set parameter Threads to value 1
Set parameter Heuristics to value 0.5
Set parameter MIPFocus to value 3
Set parameter Presolve to value 2
Set parameter FlowCoverCuts to value 2
Gurobi Optimizer version 12.0.3 build v12.0.3rc0 (win64 - Windows 11+.0 (26200.2))

CPU model: Intel(R) Core(TM) i9-14900K, instruction set [SSE2|AVX|AVX2]
Thread count: 24 physical cores, 32 logical processors, using up to 1 threads

Non-default parameters:
TimeLimit  1200
MIPGap  0.05
Heuristics  0.5
MIPFocus  3
FlowCoverCuts  2
Presolve  2
Threads  1

Optimize a model with 26358 rows, 53707 columns and 243414 nonzeros
Model fingerprint: 0xd17fbf2e
Variable types: 2099 continuous, 51608 integer (18485 binary)
Coefficient statistics:
  Matrix range     [1e+00, 3e+02]
  Objective range  [1e-02, 1e+02]
  Bounds range     [1e+00, 2e+00]
  RHS range        [1e+00, 1e+04]

Warning: Completing partial solution with 50884 unfixed non-continuous variables out of 51608
User MIP start produced solution with objective 306815 (0.04s)
Loaded user MIP start with objective 306815

Presolve removed 23604 rows and 43641 columns
Presolve time: 0.12s
Presolved: 2754 rows, 10066 columns, 32597 nonzeros
Variable types: 824 continuous, 9242 integer (8689 binary)
Root relaxation presolved: 2754 rows, 10066 columns, 32597 nonzeros

C:\Users\TECNO-MASTER\anaconda3\lib\site-packages\pandas\core\indexes\base.py:6999: FutureWarning: In a future version, the Index constructor will not infer numeric dtypes when passed object-dtype sequences (matching Series behavior)
  return Index(sequences[0], name=names)

Root relaxation: objective 2.819673e+05, 12041 iterations, 0.76 seconds (1.49 work units)

    Nodes    |    Current Node    |     Objective Bounds      |     Work
 Expl Unexpl |  Obj  Depth IntInf | Incumbent    BestBd   Gap | It/Node Time

     0     0 281967.321    0   37 306814.755 281967.321  8.10%     -    1s
  [Fase 2 (infra fija)] estacion=station_1 dia=213 -> C:\Users\TECNO-MASTER\Desktop\Elmo_infrastructure_sizing_NP-\output\DCH_septiembre\Bateria_353\Costo_variable\Swap_libre\Swap_variable_3estaciones_160kW_Descomp/station_1_d213
✔ Warm start Y: 258 cargados, 0 omitidos
✔ Warm start Z: 450 cargados, 0 omitidos
✔ Warm start Z_swap: 12 cargados, 0 omitidos
✔ Warm start N_chargers: 0 cargados, 1 omitidos
✔ Warm start N_bays: 0 cargados, 1 omitidos
✔ Warm start X: 0 cargados, 1 omitidos
✔ Warm start N_batteries: 0 cargados, 1 omitidos
✔ Warm start completo desde 'C:\Users\TECNO-MASTER\Desktop\Elmo_infrastructure_sizing_NP-\output\DCH_septiembre\Bateria_353\Costo_variable\Swap_libre\Swap_variable_3estaciones_160kW_Descomp\station_1_d213_stage1': 720 valores cargados, 4 omitidos
formulation time: 7.378755569458008
Set parameter OutputFlag to value 1
Set parameter OutputFlag to value 1
Set parameter LogToConsole to value 1
Set parameter MIPGap to value 0.05
Set parameter TimeLimit to value 1200
Set parameter LogFile to value "C:\Users\TECNO-MASTER\Desktop\Elmo_infrastructure_sizing_NP-\output\DCH_septiembre\Bateria_353\Costo_variable\Swap_libre\Swap_variable_3estaciones_160kW_Descomp\station_1_d213\ELMO_log.txt"
Set parameter Threads to value 1
Set parameter Heuristics to value 0.5
Set parameter MIPFocus to value 3
Set parameter Presolve to value 2
Set parameter FlowCoverCuts to value 2
Gurobi Optimizer version 12.0.3 build v12.0.3rc0 (win64 - Windows 11+.0 (26200.2))

CPU model: Intel(R) Core(TM) i9-14900K, instruction set [SSE2|AVX|AVX2]
Thread count: 24 physical cores, 32 logical processors, using up to 1 threads

Non-default parameters:
TimeLimit  1200
MIPGap  0.05
Heuristics  0.5
MIPFocus  3
FlowCoverCuts  2
Presolve  2
Threads  1

Optimize a model with 26358 rows, 53707 columns and 243414 nonzeros
Model fingerprint: 0xa8fe888f
Variable types: 2099 continuous, 51608 integer (18485 binary)
Coefficient statistics:
  Matrix range     [1e+00, 3e+02]
  Objective range  [8e-03, 1e+02]
  Bounds range     [1e+00, 2e+00]
  RHS range        [1e+00, 1e+04]

Warning: Completing partial solution with 50884 unfixed non-continuous variables out of 51608
User MIP start produced solution with objective 285969 (0.04s)
Loaded user MIP start with objective 285969


Explored 0 nodes (0 simplex iterations) in 0.04 seconds (0.06 work units)
Thread count was 1 (of 32 available processors)

Solution count 2: 285969 285969 

Optimal solution found (tolerance 5.00e-02)
Best objective 2.859694140125e+05, best bound 2.816350000000e+05, gap 1.5157%
C:\Users\TECNO-MASTER\anaconda3\lib\site-packages\pandas\core\indexes\base.py:6999: FutureWarning: In a future version, the Index constructor will not infer numeric dtypes when passed object-dtype sequences (matching Series behavior)
  return Index(sequences[0], name=names)
     0     0 281967.668    0   37 306814.755 281967.668  8.10%     -    1s
     0     0 281979.063    0  159 306814.755 281979.063  8.09%     -    1s
     0     0 281979.063    0   27 306814.755 281979.063  8.09%     -    2s
     0     0 281979.063    0   23 306814.755 281979.063  8.09%     -    2s
     0     0 281979.063    0   31 306814.755 281979.063  8.09%     -    3s
  [Fase 2 (infra fija)] estacion=station_1 dia=152 -> C:\Users\TECNO-MASTER\Desktop\Elmo_infrastructure_sizing_NP-\output\DCH_septiembre\Bateria_353\Costo_variable\Swap_libre\Swap_variable_3estaciones_160kW_Descomp/station_1_d152
✔ Warm start Y: 257 cargados, 0 omitidos
✔ Warm start Z: 451 cargados, 0 omitidos
✔ Warm start Z_swap: 12 cargados, 0 omitidos
✔ Warm start N_chargers: 0 cargados, 1 omitidos
✔ Warm start N_bays: 0 cargados, 1 omitidos
✔ Warm start X: 0 cargados, 1 omitidos
✔ Warm start N_batteries: 0 cargados, 1 omitidos
✔ Warm start completo desde 'C:\Users\TECNO-MASTER\Desktop\Elmo_infrastructure_sizing_NP-\output\DCH_septiembre\Bateria_353\Costo_variable\Swap_libre\Swap_variable_3estaciones_160kW_Descomp\station_1_d152_stage1': 720 valores cargados, 4 omitidos
formulation time: 7.396530389785767
Set parameter OutputFlag to value 1
Set parameter OutputFlag to value 1
Set parameter LogToConsole to value 1
Set parameter MIPGap to value 0.05
Set parameter TimeLimit to value 1200
Set parameter LogFile to value "C:\Users\TECNO-MASTER\Desktop\Elmo_infrastructure_sizing_NP-\output\DCH_septiembre\Bateria_353\Costo_variable\Swap_libre\Swap_variable_3estaciones_160kW_Descomp\station_1_d152\ELMO_log.txt"
Set parameter Threads to value 1
Set parameter Heuristics to value 0.5
Set parameter MIPFocus to value 3
Set parameter Presolve to value 2
Set parameter FlowCoverCuts to value 2
Gurobi Optimizer version 12.0.3 build v12.0.3rc0 (win64 - Windows 11+.0 (26200.2))

CPU model: Intel(R) Core(TM) i9-14900K, instruction set [SSE2|AVX|AVX2]
Thread count: 24 physical cores, 32 logical processors, using up to 1 threads

Non-default parameters:
TimeLimit  1200
MIPGap  0.05
Heuristics  0.5
MIPFocus  3
FlowCoverCuts  2
Presolve  2
Threads  1

Optimize a model with 26358 rows, 53707 columns and 243414 nonzeros
Model fingerprint: 0xaaad6692
Variable types: 2099 continuous, 51608 integer (18485 binary)
Coefficient statistics:
  Matrix range     [1e+00, 3e+02]
  Objective range  [1e-02, 1e+02]
  Bounds range     [1e+00, 2e+00]
  RHS range        [1e+00, 1e+04]

Warning: Completing partial solution with 50884 unfixed non-continuous variables out of 51608
User MIP start produced solution with objective 307171 (0.04s)
Loaded user MIP start with objective 307171

C:\Users\TECNO-MASTER\anaconda3\lib\site-packages\pandas\core\indexes\base.py:6999: FutureWarning: In a future version, the Index constructor will not infer numeric dtypes when passed object-dtype sequences (matching Series behavior)
  return Index(sequences[0], name=names)
     0     0 281979.063    0   38 306814.755 281979.063  8.09%     -    3s
Presolve removed 23604 rows and 43641 columns
Presolve time: 0.13s
Presolved: 2754 rows, 10066 columns, 32597 nonzeros
Variable types: 824 continuous, 9242 integer (8689 binary)
Root relaxation presolved: 2754 rows, 10066 columns, 32597 nonzeros

     0     0 281979.063    0   40 306814.755 281979.063  8.09%     -    3s
     0     0 281979.063    0   45 306814.755 281979.063  8.09%     -    3s

Root relaxation: objective 2.818714e+05, 10967 iterations, 0.66 seconds (1.18 work units)
     0     0 281979.063    0   41 306814.755 281979.063  8.09%     -    4s
     0     0 281979.063    0   49 306814.755 281979.063  8.09%     -    4s

    Nodes    |    Current Node    |     Objective Bounds      |     Work
 Expl Unexpl |  Obj  Depth IntInf | Incumbent    BestBd   Gap | It/Node Time

     0     0 281871.379    0   65 307171.294 281871.379  8.24%     -    1s
     0     0 281979.063    0   41 306814.755 281979.063  8.09%     -    4s
     0     0 281979.063    0   41 306814.755 281979.063  8.09%     -    4s
  [Fase 2 (infra fija)] estacion=station_1 dia=274 -> C:\Users\TECNO-MASTER\Desktop\Elmo_infrastructure_sizing_NP-\output\DCH_septiembre\Bateria_353\Costo_variable\Swap_libre\Swap_variable_3estaciones_160kW_Descomp/station_1_d274
✔ Warm start Y: 256 cargados, 0 omitidos
✔ Warm start Z: 452 cargados, 0 omitidos
✔ Warm start Z_swap: 12 cargados, 0 omitidos
✔ Warm start N_chargers: 0 cargados, 1 omitidos
✔ Warm start N_bays: 0 cargados, 1 omitidos
✔ Warm start X: 0 cargados, 1 omitidos
✔ Warm start N_batteries: 0 cargados, 1 omitidos
✔ Warm start completo desde 'C:\Users\TECNO-MASTER\Desktop\Elmo_infrastructure_sizing_NP-\output\DCH_septiembre\Bateria_353\Costo_variable\Swap_libre\Swap_variable_3estaciones_160kW_Descomp\station_1_d274_stage1': 720 valores cargados, 4 omitidos
formulation time: 7.463007688522339
Set parameter OutputFlag to value 1
Set parameter OutputFlag to value 1
Set parameter LogToConsole to value 1
Set parameter MIPGap to value 0.05
Set parameter TimeLimit to value 1200
Set parameter LogFile to value "C:\Users\TECNO-MASTER\Desktop\Elmo_infrastructure_sizing_NP-\output\DCH_septiembre\Bateria_353\Costo_variable\Swap_libre\Swap_variable_3estaciones_160kW_Descomp\station_1_d274\ELMO_log.txt"
Set parameter Threads to value 1
Set parameter Heuristics to value 0.5
Set parameter MIPFocus to value 3
Set parameter Presolve to value 2
Set parameter FlowCoverCuts to value 2
Gurobi Optimizer version 12.0.3 build v12.0.3rc0 (win64 - Windows 11+.0 (26200.2))

CPU model: Intel(R) Core(TM) i9-14900K, instruction set [SSE2|AVX|AVX2]
Thread count: 24 physical cores, 32 logical processors, using up to 1 threads

Non-default parameters:
TimeLimit  1200
MIPGap  0.05
Heuristics  0.5
MIPFocus  3
FlowCoverCuts  2
Presolve  2
Threads  1

     0     0 281871.482    0   33 307171.294 281871.482  8.24%     -    1s
Optimize a model with 26328 rows, 53707 columns and 243354 nonzeros
Model fingerprint: 0x37f73a63
Variable types: 2099 continuous, 51608 integer (18485 binary)
Coefficient statistics:
  Matrix range     [1e+00, 3e+02]
  Objective range  [4e-03, 1e+02]
  Bounds range     [1e+00, 2e+00]
  RHS range        [1e+00, 1e+04]

Warning: Completing partial solution with 50884 unfixed non-continuous variables out of 51608
User MIP start produced solution with objective 286204 (0.04s)
Loaded user MIP start with objective 286204


Explored 0 nodes (0 simplex iterations) in 0.05 seconds (0.06 work units)
Thread count was 1 (of 32 available processors)

Solution count 2: 286204 286204 

Optimal solution found (tolerance 5.00e-02)
Best objective 2.862044853872e+05, best bound 2.816350000000e+05, gap 1.5966%
     0     0 281874.864    0  107 307171.294 281874.864  8.24%     -    1s
     0     0 281874.864    0  132 307171.294 281874.864  8.24%     -    1s
H    0     0                    305395.58735 281979.063  7.67%     -    4s
C:\Users\TECNO-MASTER\anaconda3\lib\site-packages\pandas\core\indexes\base.py:6999: FutureWarning: In a future version, the Index constructor will not infer numeric dtypes when passed object-dtype sequences (matching Series behavior)
  return Index(sequences[0], name=names)
H    0     0                    303905.58128 281979.063  7.21%     -    5s
     0     0 281874.864    0   27 307171.294 281874.864  8.24%     -    2s
     0     0 281874.864    0   55 307171.294 281874.864  8.24%     -    2s
     0     2 281979.063    0   41 303905.581 281979.063  7.21%     -    5s
     0     0 281874.864    0   31 307171.294 281874.864  8.24%     -    2s
     0     0 281874.864    0   46 307171.294 281874.864  8.24%     -    2s
  [Fase 2 (infra fija)] estacion=station_1 dia=182 -> C:\Users\TECNO-MASTER\Desktop\Elmo_infrastructure_sizing_NP-\output\DCH_septiembre\Bateria_353\Costo_variable\Swap_libre\Swap_variable_3estaciones_160kW_Descomp/station_1_d182
✔ Warm start Y: 258 cargados, 0 omitidos
✔ Warm start Z: 450 cargados, 0 omitidos
✔ Warm start Z_swap: 12 cargados, 0 omitidos
✔ Warm start N_chargers: 0 cargados, 1 omitidos
✔ Warm start N_bays: 0 cargados, 1 omitidos
✔ Warm start X: 0 cargados, 1 omitidos
✔ Warm start N_batteries: 0 cargados, 1 omitidos
✔ Warm start completo desde 'C:\Users\TECNO-MASTER\Desktop\Elmo_infrastructure_sizing_NP-\output\DCH_septiembre\Bateria_353\Costo_variable\Swap_libre\Swap_variable_3estaciones_160kW_Descomp\station_1_d182_stage1': 720 valores cargados, 4 omitidos
formulation time: 7.5153913497924805
Set parameter OutputFlag to value 1
Set parameter OutputFlag to value 1
Set parameter LogToConsole to value 1
Set parameter MIPGap to value 0.05
Set parameter TimeLimit to value 1200
Set parameter LogFile to value "C:\Users\TECNO-MASTER\Desktop\Elmo_infrastructure_sizing_NP-\output\DCH_septiembre\Bateria_353\Costo_variable\Swap_libre\Swap_variable_3estaciones_160kW_Descomp\station_1_d182\ELMO_log.txt"
Set parameter Threads to value 1
Set parameter Heuristics to value 0.5
Set parameter MIPFocus to value 3
Set parameter Presolve to value 2
Set parameter FlowCoverCuts to value 2
Gurobi Optimizer version 12.0.3 build v12.0.3rc0 (win64 - Windows 11+.0 (26200.2))

CPU model: Intel(R) Core(TM) i9-14900K, instruction set [SSE2|AVX|AVX2]
Thread count: 24 physical cores, 32 logical processors, using up to 1 threads

Non-default parameters:
TimeLimit  1200
MIPGap  0.05
Heuristics  0.5
MIPFocus  3
FlowCoverCuts  2
Presolve  2
Threads  1

Optimize a model with 26358 rows, 53707 columns and 243414 nonzeros
Model fingerprint: 0x9e222c99
Variable types: 2099 continuous, 51608 integer (18485 binary)
Coefficient statistics:
  Matrix range     [1e+00, 3e+02]
  Objective range  [1e-02, 1e+02]
  Bounds range     [1e+00, 2e+00]
  RHS range        [1e+00, 1e+04]

Warning: Completing partial solution with 50884 unfixed non-continuous variables out of 51608
User MIP start produced solution with objective 286349 (0.04s)
Loaded user MIP start with objective 286349


Explored 0 nodes (0 simplex iterations) in 0.04 seconds (0.06 work units)
Thread count was 1 (of 32 available processors)

Solution count 2: 286349 286349 

Optimal solution found (tolerance 5.00e-02)
Best objective 2.863488550103e+05, best bound 2.816350000000e+05, gap 1.6462%
C:\Users\TECNO-MASTER\anaconda3\lib\site-packages\pandas\core\indexes\base.py:6999: FutureWarning: In a future version, the Index constructor will not infer numeric dtypes when passed object-dtype sequences (matching Series behavior)
  return Index(sequences[0], name=names)
     0     0 281874.864    0   20 307171.294 281874.864  8.24%     -    3s
     0     0 281874.864    0   72 307171.294 281874.864  8.24%     -    3s
     0     0 281874.864    0   14 307171.294 281874.864  8.24%     -    4s
     0     0 281874.864    0   34 307171.294 281874.864  8.24%     -    4s
     0     0 281874.864    0   37 307171.294 281874.864  8.24%     -    4s
     0     0 281874.864    0   37 307171.294 281874.864  8.24%     -    4s
  [Fase 2 (infra fija)] estacion=station_1 dia=244 -> C:\Users\TECNO-MASTER\Desktop\Elmo_infrastructure_sizing_NP-\output\DCH_septiembre\Bateria_353\Costo_variable\Swap_libre\Swap_variable_3estaciones_160kW_Descomp/station_1_d244
✔ Warm start Y: 259 cargados, 0 omitidos
✔ Warm start Z: 449 cargados, 0 omitidos
✔ Warm start Z_swap: 12 cargados, 0 omitidos
✔ Warm start N_chargers: 0 cargados, 1 omitidos
✔ Warm start N_bays: 0 cargados, 1 omitidos
✔ Warm start X: 0 cargados, 1 omitidos
✔ Warm start N_batteries: 0 cargados, 1 omitidos
✔ Warm start completo desde 'C:\Users\TECNO-MASTER\Desktop\Elmo_infrastructure_sizing_NP-\output\DCH_septiembre\Bateria_353\Costo_variable\Swap_libre\Swap_variable_3estaciones_160kW_Descomp\station_1_d244_stage1': 720 valores cargados, 4 omitidos
formulation time: 7.546173810958862
Set parameter OutputFlag to value 1
Set parameter OutputFlag to value 1
Set parameter LogToConsole to value 1
Set parameter MIPGap to value 0.05
Set parameter TimeLimit to value 1200
Set parameter LogFile to value "C:\Users\TECNO-MASTER\Desktop\Elmo_infrastructure_sizing_NP-\output\DCH_septiembre\Bateria_353\Costo_variable\Swap_libre\Swap_variable_3estaciones_160kW_Descomp\station_1_d244\ELMO_log.txt"
Set parameter Threads to value 1
Set parameter Heuristics to value 0.5
Set parameter MIPFocus to value 3
Set parameter Presolve to value 2
Set parameter FlowCoverCuts to value 2
Gurobi Optimizer version 12.0.3 build v12.0.3rc0 (win64 - Windows 11+.0 (26200.2))

CPU model: Intel(R) Core(TM) i9-14900K, instruction set [SSE2|AVX|AVX2]
Thread count: 24 physical cores, 32 logical processors, using up to 1 threads

Non-default parameters:
TimeLimit  1200
MIPGap  0.05
Heuristics  0.5
MIPFocus  3
FlowCoverCuts  2
Presolve  2
Threads  1

Optimize a model with 26358 rows, 53707 columns and 243414 nonzeros
Model fingerprint: 0x0458844f
Variable types: 2099 continuous, 51608 integer (18485 binary)
Coefficient statistics:
  Matrix range     [1e+00, 3e+02]
  Objective range  [8e-03, 1e+02]
  Bounds range     [1e+00, 2e+00]
  RHS range        [1e+00, 1e+04]

Warning: Completing partial solution with 50884 unfixed non-continuous variables out of 51608
User MIP start produced solution with objective 307763 (0.06s)
User MIP start produced solution with objective 307280 (0.06s)
User MIP start produced solution with objective 306673 (0.07s)
Loaded user MIP start with objective 306673

Presolve removed 23604 rows and 43641 columns
Presolve time: 0.13s
Presolved: 2754 rows, 10066 columns, 32597 nonzeros
Variable types: 824 continuous, 9242 integer (8689 binary)
Root relaxation presolved: 2754 rows, 10066 columns, 32597 nonzeros

H    0     0                    303811.88669 281874.864  7.22%     -    5s
C:\Users\TECNO-MASTER\anaconda3\lib\site-packages\pandas\core\indexes\base.py:6999: FutureWarning: In a future version, the Index constructor will not infer numeric dtypes when passed object-dtype sequences (matching Series behavior)
  return Index(sequences[0], name=names)

Root relaxation: objective 2.819074e+05, 11711 iterations, 0.75 seconds (1.41 work units)
     0     2 281874.864    0   37 303811.887 281874.864  7.22%     -    5s

    Nodes    |    Current Node    |     Objective Bounds      |     Work
 Expl Unexpl |  Obj  Depth IntInf | Incumbent    BestBd   Gap | It/Node Time

     0     0 281907.438    0   22 306672.838 281907.438  8.08%     -    1s
     0     0 281907.461    0   35 306672.838 281907.461  8.08%     -    1s
     0     0 281918.416    0   93 306672.838 281918.416  8.07%     -    1s
    75    77 281979.063   15  166 303905.581 281979.063  7.21%   236   10s
C:\Users\TECNO-MASTER\anaconda3\lib\site-packages\pandas\core\indexes\base.py:6999: FutureWarning: In a future version, the Index constructor will not infer numeric dtypes when passed object-dtype sequences (matching Series behavior)
  return Index(sequences[0], name=names)
  [Fase 2 (infra fija)] estacion=station_2 dia=1 -> C:\Users\TECNO-MASTER\Desktop\Elmo_infrastructure_sizing_NP-\output\DCH_septiembre\Bateria_353\Costo_variable\Swap_libre\Swap_variable_3estaciones_160kW_Descomp/station_2_d1
✔ Warm start Y: 281 cargados, 0 omitidos
✔ Warm start Z: 427 cargados, 0 omitidos
✔ Warm start Z_swap: 12 cargados, 0 omitidos
✔ Warm start N_chargers: 0 cargados, 1 omitidos
✔ Warm start N_bays: 0 cargados, 1 omitidos
✔ Warm start X: 0 cargados, 1 omitidos
✔ Warm start N_batteries: 0 cargados, 1 omitidos
✔ Warm start completo desde 'C:\Users\TECNO-MASTER\Desktop\Elmo_infrastructure_sizing_NP-\output\DCH_septiembre\Bateria_353\Costo_variable\Swap_libre\Swap_variable_3estaciones_160kW_Descomp\station_2_d1_stage1': 720 valores cargados, 4 omitidos
formulation time: 8.157895565032959
Set parameter OutputFlag to value 1
Set parameter OutputFlag to value 1
Set parameter LogToConsole to value 1
Set parameter MIPGap to value 0.05
Set parameter TimeLimit to value 1200
Set parameter LogFile to value "C:\Users\TECNO-MASTER\Desktop\Elmo_infrastructure_sizing_NP-\output\DCH_septiembre\Bateria_353\Costo_variable\Swap_libre\Swap_variable_3estaciones_160kW_Descomp\station_2_d1\ELMO_log.txt"
Set parameter Threads to value 1
Set parameter Heuristics to value 0.5
Set parameter MIPFocus to value 3
Set parameter Presolve to value 2
Set parameter FlowCoverCuts to value 2
Gurobi Optimizer version 12.0.3 build v12.0.3rc0 (win64 - Windows 11+.0 (26200.2))

CPU model: Intel(R) Core(TM) i9-14900K, instruction set [SSE2|AVX|AVX2]
Thread count: 24 physical cores, 32 logical processors, using up to 1 threads

Non-default parameters:
TimeLimit  1200
MIPGap  0.05
Heuristics  0.5
MIPFocus  3
FlowCoverCuts  2
Presolve  2
Threads  1

Optimize a model with 26358 rows, 54733 columns and 248406 nonzeros
Model fingerprint: 0x092700df
Variable types: 2129 continuous, 52604 integer (19481 binary)
Coefficient statistics:
  Matrix range     [1e+00, 3e+02]
  Objective range  [1e-02, 1e+02]
  Bounds range     [1e+00, 2e+00]
  RHS range        [1e+00, 1e+04]

Warning: Completing partial solution with 51880 unfixed non-continuous variables out of 52604
User MIP start produced solution with objective 285232 (0.04s)
Loaded user MIP start with objective 285232


Explored 0 nodes (0 simplex iterations) in 0.05 seconds (0.06 work units)
Thread count was 1 (of 32 available processors)

Solution count 2: 285232 285232 

Optimal solution found (tolerance 5.00e-02)
Best objective 2.852315767214e+05, best bound 2.816350000000e+05, gap 1.2609%
     0     0 281918.416    0   60 306672.838 281918.416  8.07%     -    2s
     0     0 281918.416    0   96 306672.838 281918.416  8.07%     -    2s
     0     0 281918.416    0   25 306672.838 281918.416  8.07%     -    3s
     0     0 281918.416    0   33 306672.838 281918.416  8.07%     -    3s
     0     0 281918.416    0   30 306672.838 281918.416  8.07%     -    3s
C:\Users\TECNO-MASTER\anaconda3\lib\site-packages\pandas\core\indexes\base.py:6999: FutureWarning: In a future version, the Index constructor will not infer numeric dtypes when passed object-dtype sequences (matching Series behavior)
  return Index(sequences[0], name=names)
     0     0 281918.416    0   28 306672.838 281918.416  8.07%     -    4s
  [Fase 2 (infra fija)] estacion=station_2 dia=121 -> C:\Users\TECNO-MASTER\Desktop\Elmo_infrastructure_sizing_NP-\output\DCH_septiembre\Bateria_353\Costo_variable\Swap_libre\Swap_variable_3estaciones_160kW_Descomp/station_2_d121
✔ Warm start Y: 272 cargados, 0 omitidos
✔ Warm start Z: 436 cargados, 0 omitidos
✔ Warm start Z_swap: 12 cargados, 0 omitidos
✔ Warm start N_chargers: 0 cargados, 1 omitidos
✔ Warm start N_bays: 0 cargados, 1 omitidos
✔ Warm start X: 0 cargados, 1 omitidos
✔ Warm start N_batteries: 0 cargados, 1 omitidos
✔ Warm start completo desde 'C:\Users\TECNO-MASTER\Desktop\Elmo_infrastructure_sizing_NP-\output\DCH_septiembre\Bateria_353\Costo_variable\Swap_libre\Swap_variable_3estaciones_160kW_Descomp\station_2_d121_stage1': 720 valores cargados, 4 omitidos
formulation time: 8.528469324111938
Set parameter OutputFlag to value 1
Set parameter OutputFlag to value 1
Set parameter LogToConsole to value 1
Set parameter MIPGap to value 0.05
Set parameter TimeLimit to value 1200
Set parameter LogFile to value "C:\Users\TECNO-MASTER\Desktop\Elmo_infrastructure_sizing_NP-\output\DCH_septiembre\Bateria_353\Costo_variable\Swap_libre\Swap_variable_3estaciones_160kW_Descomp\station_2_d121\ELMO_log.txt"
Set parameter Threads to value 1
Set parameter Heuristics to value 0.5
Set parameter MIPFocus to value 3
Set parameter Presolve to value 2
Set parameter FlowCoverCuts to value 2
Gurobi Optimizer version 12.0.3 build v12.0.3rc0 (win64 - Windows 11+.0 (26200.2))

CPU model: Intel(R) Core(TM) i9-14900K, instruction set [SSE2|AVX|AVX2]
Thread count: 24 physical cores, 32 logical processors, using up to 1 threads

Non-default parameters:
TimeLimit  1200
MIPGap  0.05
Heuristics  0.5
MIPFocus  3
FlowCoverCuts  2
Presolve  2
Threads  1

Optimize a model with 26388 rows, 54733 columns and 248466 nonzeros
Model fingerprint: 0x6a83ef31
Variable types: 2129 continuous, 52604 integer (19481 binary)
Coefficient statistics:
  Matrix range     [1e+00, 3e+02]
  Objective range  [8e-03, 1e+02]
  Bounds range     [1e+00, 2e+00]
  RHS range        [1e+00, 1e+04]

Warning: Completing partial solution with 51880 unfixed non-continuous variables out of 52604
User MIP start produced solution with objective 284920 (0.06s)
Loaded user MIP start with objective 284920


Explored 0 nodes (0 simplex iterations) in 0.07 seconds (0.06 work units)
Thread count was 1 (of 32 available processors)

Solution count 2: 284920 284920 

Optimal solution found (tolerance 5.00e-02)
Best objective 2.849201291317e+05, best bound 2.816350000000e+05, gap 1.1530%
     0     0 281918.416    0   84 306672.838 281918.416  8.07%     -    4s
     0     0 281918.416    0   39 306672.838 281918.416  8.07%     -    4s
     0     0 281918.416    0   18 306672.838 281918.416  8.07%     -    5s
     0     0 281918.416    0   18 306672.838 281918.416  8.07%     -    5s
    32    34 281874.864   17  281 303811.887 281874.864  7.22%   464   10s
  [Fase 2 (infra fija)] estacion=station_2 dia=32 -> C:\Users\TECNO-MASTER\Desktop\Elmo_infrastructure_sizing_NP-\output\DCH_septiembre\Bateria_353\Costo_variable\Swap_libre\Swap_variable_3estaciones_160kW_Descomp/station_2_d32
✔ Warm start Y: 273 cargados, 0 omitidos
✔ Warm start Z: 435 cargados, 0 omitidos
✔ Warm start Z_swap: 12 cargados, 0 omitidos
✔ Warm start N_chargers: 0 cargados, 1 omitidos
✔ Warm start N_bays: 0 cargados, 1 omitidos
✔ Warm start X: 0 cargados, 1 omitidos
✔ Warm start N_batteries: 0 cargados, 1 omitidos
✔ Warm start completo desde 'C:\Users\TECNO-MASTER\Desktop\Elmo_infrastructure_sizing_NP-\output\DCH_septiembre\Bateria_353\Costo_variable\Swap_libre\Swap_variable_3estaciones_160kW_Descomp\station_2_d32_stage1': 720 valores cargados, 4 omitidos
formulation time: 8.307959794998169
Set parameter OutputFlag to value 1
Set parameter OutputFlag to value 1
Set parameter LogToConsole to value 1
Set parameter MIPGap to value 0.05
Set parameter TimeLimit to value 1200
Set parameter LogFile to value "C:\Users\TECNO-MASTER\Desktop\Elmo_infrastructure_sizing_NP-\output\DCH_septiembre\Bateria_353\Costo_variable\Swap_libre\Swap_variable_3estaciones_160kW_Descomp\station_2_d32\ELMO_log.txt"
Set parameter Threads to value 1
Set parameter Heuristics to value 0.5
Set parameter MIPFocus to value 3
Set parameter Presolve to value 2
Set parameter FlowCoverCuts to value 2
Gurobi Optimizer version 12.0.3 build v12.0.3rc0 (win64 - Windows 11+.0 (26200.2))

CPU model: Intel(R) Core(TM) i9-14900K, instruction set [SSE2|AVX|AVX2]
Thread count: 24 physical cores, 32 logical processors, using up to 1 threads

Non-default parameters:
TimeLimit  1200
MIPGap  0.05
Heuristics  0.5
MIPFocus  3
FlowCoverCuts  2
Presolve  2
Threads  1

Optimize a model with 26358 rows, 54733 columns and 248406 nonzeros
Model fingerprint: 0x1aaca2a3
Variable types: 2129 continuous, 52604 integer (19481 binary)
Coefficient statistics:
  Matrix range     [1e+00, 3e+02]
  Objective range  [3e-03, 1e+02]
  Bounds range     [1e+00, 2e+00]
  RHS range        [1e+00, 1e+04]

Warning: Completing partial solution with 51880 unfixed non-continuous variables out of 52604
User MIP start produced solution with objective 285179 (0.04s)
Loaded user MIP start with objective 285179


Explored 0 nodes (0 simplex iterations) in 0.04 seconds (0.06 work units)
Thread count was 1 (of 32 available processors)

Solution count 2: 285179 285179 

Optimal solution found (tolerance 5.00e-02)
Best objective 2.851787147083e+05, best bound 2.816350000000e+05, gap 1.2426%
C:\Users\TECNO-MASTER\anaconda3\lib\site-packages\pandas\core\indexes\base.py:6999: FutureWarning: In a future version, the Index constructor will not infer numeric dtypes when passed object-dtype sequences (matching Series behavior)
  return Index(sequences[0], name=names)
     0     0 281918.416    0   42 306672.838 281918.416  8.07%     -    5s
     0     0 281918.416    0  209 306672.838 281918.416  8.07%     -    5s
     0     0 281918.416    0   80 306672.838 281918.416  8.07%     -    6s
     0     0 281918.416    0   80 306672.838 281918.416  8.07%     -    6s
H    0     0                    305529.70244 281918.416  7.73%     -    6s
H    0     0                    305513.65612 281918.416  7.72%     -    6s
H    0     0                    304532.66854 281918.416  7.43%     -    6s
   159   161 281979.063   28   56 303905.581 281979.063  7.21%   205   15s
     0     2 281918.416    0   27 304532.669 281918.416  7.43%     -    7s
C:\Users\TECNO-MASTER\anaconda3\lib\site-packages\pandas\core\indexes\base.py:6999: FutureWarning: In a future version, the Index constructor will not infer numeric dtypes when passed object-dtype sequences (matching Series behavior)
  return Index(sequences[0], name=names)
  [Fase 2 (infra fija)] estacion=station_2 dia=60 -> C:\Users\TECNO-MASTER\Desktop\Elmo_infrastructure_sizing_NP-\output\DCH_septiembre\Bateria_353\Costo_variable\Swap_libre\Swap_variable_3estaciones_160kW_Descomp/station_2_d60
✔ Warm start Y: 274 cargados, 0 omitidos
✔ Warm start Z: 434 cargados, 0 omitidos
✔ Warm start Z_swap: 12 cargados, 0 omitidos
✔ Warm start N_chargers: 0 cargados, 1 omitidos
✔ Warm start N_bays: 0 cargados, 1 omitidos
✔ Warm start X: 0 cargados, 1 omitidos
✔ Warm start N_batteries: 0 cargados, 1 omitidos
✔ Warm start completo desde 'C:\Users\TECNO-MASTER\Desktop\Elmo_infrastructure_sizing_NP-\output\DCH_septiembre\Bateria_353\Costo_variable\Swap_libre\Swap_variable_3estaciones_160kW_Descomp\station_2_d60_stage1': 720 valores cargados, 4 omitidos
formulation time: 9.041519403457642
Set parameter OutputFlag to value 1
Set parameter OutputFlag to value 1
Set parameter LogToConsole to value 1
Set parameter MIPGap to value 0.05
Set parameter TimeLimit to value 1200
Set parameter LogFile to value "C:\Users\TECNO-MASTER\Desktop\Elmo_infrastructure_sizing_NP-\output\DCH_septiembre\Bateria_353\Costo_variable\Swap_libre\Swap_variable_3estaciones_160kW_Descomp\station_2_d60\ELMO_log.txt"
Set parameter Threads to value 1
Set parameter Heuristics to value 0.5
Set parameter MIPFocus to value 3
Set parameter Presolve to value 2
Set parameter FlowCoverCuts to value 2
Gurobi Optimizer version 12.0.3 build v12.0.3rc0 (win64 - Windows 11+.0 (26200.2))

CPU model: Intel(R) Core(TM) i9-14900K, instruction set [SSE2|AVX|AVX2]
Thread count: 24 physical cores, 32 logical processors, using up to 1 threads

Non-default parameters:
TimeLimit  1200
MIPGap  0.05
Heuristics  0.5
MIPFocus  3
FlowCoverCuts  2
Presolve  2
Threads  1

Optimize a model with 26358 rows, 54733 columns and 248406 nonzeros
Model fingerprint: 0xff8bf22a
Variable types: 2129 continuous, 52604 integer (19481 binary)
Coefficient statistics:
  Matrix range     [1e+00, 3e+02]
  Objective range  [9e-03, 1e+02]
  Bounds range     [1e+00, 2e+00]
  RHS range        [1e+00, 1e+04]

Warning: Completing partial solution with 51880 unfixed non-continuous variables out of 52604
User MIP start produced solution with objective 283627 (0.04s)
Loaded user MIP start with objective 283627


Explored 0 nodes (0 simplex iterations) in 0.05 seconds (0.06 work units)
Thread count was 1 (of 32 available processors)

Solution count 1: 283627 

Optimal solution found (tolerance 5.00e-02)
Best objective 2.836270288330e+05, best bound 2.816350000000e+05, gap 0.7023%
C:\Users\TECNO-MASTER\anaconda3\lib\site-packages\pandas\core\indexes\base.py:6999: FutureWarning: In a future version, the Index constructor will not infer numeric dtypes when passed object-dtype sequences (matching Series behavior)
  return Index(sequences[0], name=names)
  [Fase 2 (infra fija)] estacion=station_2 dia=91 -> C:\Users\TECNO-MASTER\Desktop\Elmo_infrastructure_sizing_NP-\output\DCH_septiembre\Bateria_353\Costo_variable\Swap_libre\Swap_variable_3estaciones_160kW_Descomp/station_2_d91
✔ Warm start Y: 272 cargados, 0 omitidos
✔ Warm start Z: 436 cargados, 0 omitidos
✔ Warm start Z_swap: 12 cargados, 0 omitidos
✔ Warm start N_chargers: 0 cargados, 1 omitidos
✔ Warm start N_bays: 0 cargados, 1 omitidos
✔ Warm start X: 0 cargados, 1 omitidos
✔ Warm start N_batteries: 0 cargados, 1 omitidos
✔ Warm start completo desde 'C:\Users\TECNO-MASTER\Desktop\Elmo_infrastructure_sizing_NP-\output\DCH_septiembre\Bateria_353\Costo_variable\Swap_libre\Swap_variable_3estaciones_160kW_Descomp\station_2_d91_stage1': 720 valores cargados, 4 omitidos
formulation time: 8.792548418045044
Set parameter OutputFlag to value 1
Set parameter OutputFlag to value 1
Set parameter LogToConsole to value 1
Set parameter MIPGap to value 0.05
Set parameter TimeLimit to value 1200
Set parameter LogFile to value "C:\Users\TECNO-MASTER\Desktop\Elmo_infrastructure_sizing_NP-\output\DCH_septiembre\Bateria_353\Costo_variable\Swap_libre\Swap_variable_3estaciones_160kW_Descomp\station_2_d91\ELMO_log.txt"
Set parameter Threads to value 1
Set parameter Heuristics to value 0.5
Set parameter MIPFocus to value 3
Set parameter Presolve to value 2
Set parameter FlowCoverCuts to value 2
Gurobi Optimizer version 12.0.3 build v12.0.3rc0 (win64 - Windows 11+.0 (26200.2))

CPU model: Intel(R) Core(TM) i9-14900K, instruction set [SSE2|AVX|AVX2]
Thread count: 24 physical cores, 32 logical processors, using up to 1 threads

Non-default parameters:
TimeLimit  1200
MIPGap  0.05
Heuristics  0.5
MIPFocus  3
FlowCoverCuts  2
Presolve  2
Threads  1

Optimize a model with 26388 rows, 54733 columns and 248466 nonzeros
Model fingerprint: 0x5d72fef7
Variable types: 2129 continuous, 52604 integer (19481 binary)
Coefficient statistics:
  Matrix range     [1e+00, 3e+02]
  Objective range  [1e-02, 1e+02]
  Bounds range     [1e+00, 2e+00]
  RHS range        [1e+00, 1e+04]

Warning: Completing partial solution with 51880 unfixed non-continuous variables out of 52604
User MIP start produced solution with objective 285985 (0.04s)
Loaded user MIP start with objective 285985


Explored 0 nodes (0 simplex iterations) in 0.05 seconds (0.06 work units)
Thread count was 1 (of 32 available processors)

Solution count 2: 285985 285985 

Optimal solution found (tolerance 5.00e-02)
Best objective 2.859850476542e+05, best bound 2.816350000000e+05, gap 1.5211%
    26    28 281918.416   14   15 304532.669 281918.416  7.43%   389   10s
H   27    27                    303462.40787 281918.416  7.10%   375   10s
   106   108 281874.864   48   27 303811.887 281874.864  7.22%   257   15s
C:\Users\TECNO-MASTER\anaconda3\lib\site-packages\pandas\core\indexes\base.py:6999: FutureWarning: In a future version, the Index constructor will not infer numeric dtypes when passed object-dtype sequences (matching Series behavior)
  return Index(sequences[0], name=names)
  [Fase 2 (infra fija)] estacion=station_2 dia=244 -> C:\Users\TECNO-MASTER\Desktop\Elmo_infrastructure_sizing_NP-\output\DCH_septiembre\Bateria_353\Costo_variable\Swap_libre\Swap_variable_3estaciones_160kW_Descomp/station_2_d244
✔ Warm start Y: 272 cargados, 0 omitidos
✔ Warm start Z: 436 cargados, 0 omitidos
✔ Warm start Z_swap: 12 cargados, 0 omitidos
✔ Warm start N_chargers: 0 cargados, 1 omitidos
✔ Warm start N_bays: 0 cargados, 1 omitidos
✔ Warm start X: 0 cargados, 1 omitidos
✔ Warm start N_batteries: 0 cargados, 1 omitidos
✔ Warm start completo desde 'C:\Users\TECNO-MASTER\Desktop\Elmo_infrastructure_sizing_NP-\output\DCH_septiembre\Bateria_353\Costo_variable\Swap_libre\Swap_variable_3estaciones_160kW_Descomp\station_2_d244_stage1': 720 valores cargados, 4 omitidos
formulation time: 8.845893621444702
Set parameter OutputFlag to value 1
Set parameter OutputFlag to value 1
Set parameter LogToConsole to value 1
Set parameter MIPGap to value 0.05
Set parameter TimeLimit to value 1200
Set parameter LogFile to value "C:\Users\TECNO-MASTER\Desktop\Elmo_infrastructure_sizing_NP-\output\DCH_septiembre\Bateria_353\Costo_variable\Swap_libre\Swap_variable_3estaciones_160kW_Descomp\station_2_d244\ELMO_log.txt"
Set parameter Threads to value 1
Set parameter Heuristics to value 0.5
Set parameter MIPFocus to value 3
Set parameter Presolve to value 2
Set parameter FlowCoverCuts to value 2
Gurobi Optimizer version 12.0.3 build v12.0.3rc0 (win64 - Windows 11+.0 (26200.2))

CPU model: Intel(R) Core(TM) i9-14900K, instruction set [SSE2|AVX|AVX2]
Thread count: 24 physical cores, 32 logical processors, using up to 1 threads

Non-default parameters:
TimeLimit  1200
MIPGap  0.05
Heuristics  0.5
MIPFocus  3
FlowCoverCuts  2
Presolve  2
Threads  1

Optimize a model with 26388 rows, 54733 columns and 248466 nonzeros
Model fingerprint: 0x7f95f0a9
Variable types: 2129 continuous, 52604 integer (19481 binary)
Coefficient statistics:
  Matrix range     [1e+00, 3e+02]
  Objective range  [8e-03, 1e+02]
  Bounds range     [1e+00, 2e+00]
  RHS range        [1e+00, 1e+04]

Warning: Completing partial solution with 51880 unfixed non-continuous variables out of 52604
User MIP start produced solution with objective 285403 (0.04s)
Loaded user MIP start with objective 285403


Explored 0 nodes (0 simplex iterations) in 0.05 seconds (0.06 work units)
Thread count was 1 (of 32 available processors)

Solution count 2: 285403 285403 

Optimal solution found (tolerance 5.00e-02)
Best objective 2.854034692934e+05, best bound 2.816350000000e+05, gap 1.3204%
   243   245 281979.063   42   17 303905.581 281979.063  7.21%   205   20s
C:\Users\TECNO-MASTER\anaconda3\lib\site-packages\pandas\core\indexes\base.py:6999: FutureWarning: In a future version, the Index constructor will not infer numeric dtypes when passed object-dtype sequences (matching Series behavior)
  return Index(sequences[0], name=names)
  [Fase 2 (infra fija)] estacion=station_1 dia=335 -> C:\Users\TECNO-MASTER\Desktop\Elmo_infrastructure_sizing_NP-\output\DCH_septiembre\Bateria_353\Costo_variable\Swap_libre\Swap_variable_3estaciones_160kW_Descomp/station_1_d335
✔ Warm start Y: 257 cargados, 0 omitidos
✔ Warm start Z: 451 cargados, 0 omitidos
✔ Warm start Z_swap: 12 cargados, 0 omitidos
✔ Warm start N_chargers: 0 cargados, 1 omitidos
✔ Warm start N_bays: 0 cargados, 1 omitidos
✔ Warm start X: 0 cargados, 1 omitidos
✔ Warm start N_batteries: 0 cargados, 1 omitidos
✔ Warm start completo desde 'C:\Users\TECNO-MASTER\Desktop\Elmo_infrastructure_sizing_NP-\output\DCH_septiembre\Bateria_353\Costo_variable\Swap_libre\Swap_variable_3estaciones_160kW_Descomp\station_1_d335_stage1': 720 valores cargados, 4 omitidos
formulation time: 8.89713191986084
Set parameter OutputFlag to value 1
Set parameter OutputFlag to value 1
Set parameter LogToConsole to value 1
Set parameter MIPGap to value 0.05
Set parameter TimeLimit to value 1200
Set parameter LogFile to value "C:\Users\TECNO-MASTER\Desktop\Elmo_infrastructure_sizing_NP-\output\DCH_septiembre\Bateria_353\Costo_variable\Swap_libre\Swap_variable_3estaciones_160kW_Descomp\station_1_d335\ELMO_log.txt"
Set parameter Threads to value 1
Set parameter Heuristics to value 0.5
Set parameter MIPFocus to value 3
Set parameter Presolve to value 2
Set parameter FlowCoverCuts to value 2
Gurobi Optimizer version 12.0.3 build v12.0.3rc0 (win64 - Windows 11+.0 (26200.2))

CPU model: Intel(R) Core(TM) i9-14900K, instruction set [SSE2|AVX|AVX2]
Thread count: 24 physical cores, 32 logical processors, using up to 1 threads

Non-default parameters:
TimeLimit  1200
MIPGap  0.05
Heuristics  0.5
MIPFocus  3
FlowCoverCuts  2
Presolve  2
Threads  1

Optimize a model with 26328 rows, 53707 columns and 243354 nonzeros
Model fingerprint: 0x74dff237
Variable types: 2099 continuous, 51608 integer (18485 binary)
Coefficient statistics:
  Matrix range     [1e+00, 3e+02]
  Objective range  [4e-03, 1e+02]
  Bounds range     [1e+00, 2e+00]
  RHS range        [1e+00, 1e+04]

Warning: Completing partial solution with 50884 unfixed non-continuous variables out of 51608
User MIP start produced solution with objective 284132 (0.04s)
Loaded user MIP start with objective 284132


Explored 0 nodes (0 simplex iterations) in 0.04 seconds (0.06 work units)
Thread count was 1 (of 32 available processors)

Solution count 2: 284132 284132 

Optimal solution found (tolerance 5.00e-02)
Best objective 2.841319246916e+05, best bound 2.816350000000e+05, gap 0.8788%
C:\Users\TECNO-MASTER\anaconda3\lib\site-packages\pandas\core\indexes\base.py:6999: FutureWarning: In a future version, the Index constructor will not infer numeric dtypes when passed object-dtype sequences (matching Series behavior)
  return Index(sequences[0], name=names)
   106   108 281918.416   29   67 303462.408 281918.416  7.10%   356   15s
   199   201 281874.864   58  116 303811.887 281874.864  7.22%   190   20s
  [Fase 2 (infra fija)] estacion=station_2 dia=182 -> C:\Users\TECNO-MASTER\Desktop\Elmo_infrastructure_sizing_NP-\output\DCH_septiembre\Bateria_353\Costo_variable\Swap_libre\Swap_variable_3estaciones_160kW_Descomp/station_2_d182
✔ Warm start Y: 272 cargados, 0 omitidos
✔ Warm start Z: 436 cargados, 0 omitidos
✔ Warm start Z_swap: 12 cargados, 0 omitidos
✔ Warm start N_chargers: 0 cargados, 1 omitidos
✔ Warm start N_bays: 0 cargados, 1 omitidos
✔ Warm start X: 0 cargados, 1 omitidos
✔ Warm start N_batteries: 0 cargados, 1 omitidos
✔ Warm start completo desde 'C:\Users\TECNO-MASTER\Desktop\Elmo_infrastructure_sizing_NP-\output\DCH_septiembre\Bateria_353\Costo_variable\Swap_libre\Swap_variable_3estaciones_160kW_Descomp\station_2_d182_stage1': 720 valores cargados, 4 omitidos
formulation time: 9.367924451828003
Set parameter OutputFlag to value 1
Set parameter OutputFlag to value 1
Set parameter LogToConsole to value 1
Set parameter MIPGap to value 0.05
Set parameter TimeLimit to value 1200
Set parameter LogFile to value "C:\Users\TECNO-MASTER\Desktop\Elmo_infrastructure_sizing_NP-\output\DCH_septiembre\Bateria_353\Costo_variable\Swap_libre\Swap_variable_3estaciones_160kW_Descomp\station_2_d182\ELMO_log.txt"
Set parameter Threads to value 1
Set parameter Heuristics to value 0.5
Set parameter MIPFocus to value 3
Set parameter Presolve to value 2
Set parameter FlowCoverCuts to value 2
Gurobi Optimizer version 12.0.3 build v12.0.3rc0 (win64 - Windows 11+.0 (26200.2))

CPU model: Intel(R) Core(TM) i9-14900K, instruction set [SSE2|AVX|AVX2]
Thread count: 24 physical cores, 32 logical processors, using up to 1 threads

Non-default parameters:
TimeLimit  1200
MIPGap  0.05
Heuristics  0.5
MIPFocus  3
FlowCoverCuts  2
Presolve  2
Threads  1

Optimize a model with 26388 rows, 54733 columns and 248466 nonzeros
Model fingerprint: 0x5358897f
Variable types: 2129 continuous, 52604 integer (19481 binary)
Coefficient statistics:
  Matrix range     [1e+00, 3e+02]
  Objective range  [1e-02, 1e+02]
  Bounds range     [1e+00, 2e+00]
  RHS range        [1e+00, 1e+04]

Warning: Completing partial solution with 51880 unfixed non-continuous variables out of 52604
User MIP start produced solution with objective 286349 (0.04s)
Loaded user MIP start with objective 286349


Explored 0 nodes (0 simplex iterations) in 0.04 seconds (0.06 work units)
Thread count was 1 (of 32 available processors)

Solution count 2: 286349 286349 

Optimal solution found (tolerance 5.00e-02)
Best objective 2.863488550103e+05, best bound 2.816350000000e+05, gap 1.6462%
C:\Users\TECNO-MASTER\anaconda3\lib\site-packages\pandas\core\indexes\base.py:6999: FutureWarning: In a future version, the Index constructor will not infer numeric dtypes when passed object-dtype sequences (matching Series behavior)
  return Index(sequences[0], name=names)
  [Fase 2 (infra fija)] estacion=station_1 dia=305 -> C:\Users\TECNO-MASTER\Desktop\Elmo_infrastructure_sizing_NP-\output\DCH_septiembre\Bateria_353\Costo_variable\Swap_libre\Swap_variable_3estaciones_160kW_Descomp/station_1_d305
✔ Warm start Y: 258 cargados, 0 omitidos
✔ Warm start Z: 450 cargados, 0 omitidos
✔ Warm start Z_swap: 12 cargados, 0 omitidos
✔ Warm start N_chargers: 0 cargados, 1 omitidos
✔ Warm start N_bays: 0 cargados, 1 omitidos
✔ Warm start X: 0 cargados, 1 omitidos
✔ Warm start N_batteries: 0 cargados, 1 omitidos
✔ Warm start completo desde 'C:\Users\TECNO-MASTER\Desktop\Elmo_infrastructure_sizing_NP-\output\DCH_septiembre\Bateria_353\Costo_variable\Swap_libre\Swap_variable_3estaciones_160kW_Descomp\station_1_d305_stage1': 720 valores cargados, 4 omitidos
formulation time: 9.040963649749756
Set parameter OutputFlag to value 1
Set parameter OutputFlag to value 1
Set parameter LogToConsole to value 1
Set parameter MIPGap to value 0.05
Set parameter TimeLimit to value 1200
Set parameter LogFile to value "C:\Users\TECNO-MASTER\Desktop\Elmo_infrastructure_sizing_NP-\output\DCH_septiembre\Bateria_353\Costo_variable\Swap_libre\Swap_variable_3estaciones_160kW_Descomp\station_1_d305\ELMO_log.txt"
Set parameter Threads to value 1
Set parameter Heuristics to value 0.5
Set parameter MIPFocus to value 3
Set parameter Presolve to value 2
Set parameter FlowCoverCuts to value 2
Gurobi Optimizer version 12.0.3 build v12.0.3rc0 (win64 - Windows 11+.0 (26200.2))

CPU model: Intel(R) Core(TM) i9-14900K, instruction set [SSE2|AVX|AVX2]
Thread count: 24 physical cores, 32 logical processors, using up to 1 threads

Non-default parameters:
TimeLimit  1200
MIPGap  0.05
Heuristics  0.5
MIPFocus  3
FlowCoverCuts  2
Presolve  2
Threads  1

Optimize a model with 26328 rows, 53707 columns and 243354 nonzeros
Model fingerprint: 0x15228dfc
Variable types: 2099 continuous, 51608 integer (18485 binary)
Coefficient statistics:
  Matrix range     [1e+00, 3e+02]
  Objective range  [1e-01, 1e+02]
  Bounds range     [1e+00, 2e+00]
  RHS range        [1e+00, 1e+04]

Warning: Completing partial solution with 50884 unfixed non-continuous variables out of 51608
   300   302 281979.063   44   19 303905.581 281979.063  7.21%   235   25s
User MIP start produced solution with objective 288128 (0.04s)
Loaded user MIP start with objective 288128


Explored 0 nodes (0 simplex iterations) in 0.04 seconds (0.06 work units)
Thread count was 1 (of 32 available processors)

Solution count 2: 288128 288128 

Optimal solution found (tolerance 5.00e-02)
Best objective 2.881279739444e+05, best bound 2.816350000000e+05, gap 2.2535%
C:\Users\TECNO-MASTER\anaconda3\lib\site-packages\pandas\core\indexes\base.py:6999: FutureWarning: In a future version, the Index constructor will not infer numeric dtypes when passed object-dtype sequences (matching Series behavior)
  return Index(sequences[0], name=names)
  [Fase 2 (infra fija)] estacion=station_2 dia=152 -> C:\Users\TECNO-MASTER\Desktop\Elmo_infrastructure_sizing_NP-\output\DCH_septiembre\Bateria_353\Costo_variable\Swap_libre\Swap_variable_3estaciones_160kW_Descomp/station_2_d152
✔ Warm start Y: 272 cargados, 0 omitidos
✔ Warm start Z: 436 cargados, 0 omitidos
✔ Warm start Z_swap: 12 cargados, 0 omitidos
✔ Warm start N_chargers: 0 cargados, 1 omitidos
✔ Warm start N_bays: 0 cargados, 1 omitidos
✔ Warm start X: 0 cargados, 1 omitidos
✔ Warm start N_batteries: 0 cargados, 1 omitidos
✔ Warm start completo desde 'C:\Users\TECNO-MASTER\Desktop\Elmo_infrastructure_sizing_NP-\output\DCH_septiembre\Bateria_353\Costo_variable\Swap_libre\Swap_variable_3estaciones_160kW_Descomp\station_2_d152_stage1': 720 valores cargados, 4 omitidos
formulation time: 8.93218731880188
Set parameter OutputFlag to value 1
Set parameter OutputFlag to value 1
Set parameter LogToConsole to value 1
Set parameter MIPGap to value 0.05
Set parameter TimeLimit to value 1200
Set parameter LogFile to value "C:\Users\TECNO-MASTER\Desktop\Elmo_infrastructure_sizing_NP-\output\DCH_septiembre\Bateria_353\Costo_variable\Swap_libre\Swap_variable_3estaciones_160kW_Descomp\station_2_d152\ELMO_log.txt"
Set parameter Threads to value 1
Set parameter Heuristics to value 0.5
Set parameter MIPFocus to value 3
Set parameter Presolve to value 2
Set parameter FlowCoverCuts to value 2
Gurobi Optimizer version 12.0.3 build v12.0.3rc0 (win64 - Windows 11+.0 (26200.2))

CPU model: Intel(R) Core(TM) i9-14900K, instruction set [SSE2|AVX|AVX2]
Thread count: 24 physical cores, 32 logical processors, using up to 1 threads

Non-default parameters:
TimeLimit  1200
MIPGap  0.05
Heuristics  0.5
MIPFocus  3
FlowCoverCuts  2
Presolve  2
Threads  1

Optimize a model with 26388 rows, 54733 columns and 248466 nonzeros
Model fingerprint: 0x23d7d3da
Variable types: 2129 continuous, 52604 integer (19481 binary)
Coefficient statistics:
  Matrix range     [1e+00, 3e+02]
  Objective range  [1e-02, 1e+02]
  Bounds range     [1e+00, 2e+00]
  RHS range        [1e+00, 1e+04]

Warning: Completing partial solution with 51880 unfixed non-continuous variables out of 52604
User MIP start produced solution with objective 307584 (0.06s)
Loaded user MIP start with objective 307584

Presolve removed 23628 rows and 44151 columns
Presolve time: 0.14s
Presolved: 2760 rows, 10582 columns, 34139 nonzeros
Variable types: 824 continuous, 9758 integer (9205 binary)
Root relaxation presolved: 2760 rows, 10582 columns, 34139 nonzeros


Root relaxation: objective 2.822893e+05, 13301 iterations, 0.97 seconds (1.77 work units)
   182   184 281918.416   40   23 303462.408 281918.416  7.10%   402   20s
C:\Users\TECNO-MASTER\anaconda3\lib\site-packages\pandas\core\indexes\base.py:6999: FutureWarning: In a future version, the Index constructor will not infer numeric dtypes when passed object-dtype sequences (matching Series behavior)
  return Index(sequences[0], name=names)
   249   251 281874.864   71  109 303811.887 281874.864  7.22%   203   25s

    Nodes    |    Current Node    |     Objective Bounds      |     Work
 Expl Unexpl |  Obj  Depth IntInf | Incumbent    BestBd   Gap | It/Node Time

     0     0 282289.318    0   45 307584.009 282289.318  8.22%     -    1s
  [Fase 2 (infra fija)] estacion=station_2 dia=335 -> C:\Users\TECNO-MASTER\Desktop\Elmo_infrastructure_sizing_NP-\output\DCH_septiembre\Bateria_353\Costo_variable\Swap_libre\Swap_variable_3estaciones_160kW_Descomp/station_2_d335
✔ Warm start Y: 273 cargados, 0 omitidos
✔ Warm start Z: 435 cargados, 0 omitidos
✔ Warm start Z_swap: 12 cargados, 0 omitidos
✔ Warm start N_chargers: 0 cargados, 1 omitidos
✔ Warm start N_bays: 0 cargados, 1 omitidos
✔ Warm start X: 0 cargados, 1 omitidos
✔ Warm start N_batteries: 0 cargados, 1 omitidos
✔ Warm start completo desde 'C:\Users\TECNO-MASTER\Desktop\Elmo_infrastructure_sizing_NP-\output\DCH_septiembre\Bateria_353\Costo_variable\Swap_libre\Swap_variable_3estaciones_160kW_Descomp\station_2_d335_stage1': 720 valores cargados, 4 omitidos
formulation time: 9.28102970123291
Set parameter OutputFlag to value 1
Set parameter OutputFlag to value 1
Set parameter LogToConsole to value 1
Set parameter MIPGap to value 0.05
Set parameter TimeLimit to value 1200
Set parameter LogFile to value "C:\Users\TECNO-MASTER\Desktop\Elmo_infrastructure_sizing_NP-\output\DCH_septiembre\Bateria_353\Costo_variable\Swap_libre\Swap_variable_3estaciones_160kW_Descomp\station_2_d335\ELMO_log.txt"
Set parameter Threads to value 1
Set parameter Heuristics to value 0.5
Set parameter MIPFocus to value 3
Set parameter Presolve to value 2
Set parameter FlowCoverCuts to value 2
Gurobi Optimizer version 12.0.3 build v12.0.3rc0 (win64 - Windows 11+.0 (26200.2))

CPU model: Intel(R) Core(TM) i9-14900K, instruction set [SSE2|AVX|AVX2]
Thread count: 24 physical cores, 32 logical processors, using up to 1 threads

Non-default parameters:
TimeLimit  1200
MIPGap  0.05
Heuristics  0.5
MIPFocus  3
FlowCoverCuts  2
Presolve  2
Threads  1

Optimize a model with 26358 rows, 54733 columns and 248406 nonzeros
Model fingerprint: 0x7e160f3d
Variable types: 2129 continuous, 52604 integer (19481 binary)
Coefficient statistics:
  Matrix range     [1e+00, 3e+02]
  Objective range  [4e-03, 1e+02]
  Bounds range     [1e+00, 2e+00]
  RHS range        [1e+00, 1e+04]

Warning: Completing partial solution with 51880 unfixed non-continuous variables out of 52604
     0     0 282289.318    0   64 307584.009 282289.318  8.22%     -    2s
User MIP start produced solution with objective 284191 (0.05s)
Loaded user MIP start with objective 284191


Explored 0 nodes (0 simplex iterations) in 0.06 seconds (0.06 work units)
Thread count was 1 (of 32 available processors)

Solution count 2: 284191 284191 

Optimal solution found (tolerance 5.00e-02)
Best objective 2.841912590887e+05, best bound 2.816350000000e+05, gap 0.8995%
     0     0 282846.222    0   94 307584.009 282846.222  8.04%     -    2s
     0     0 282846.222    0   93 307584.009 282846.222  8.04%     -    2s
     0     0 282846.222    0   21 307584.009 282846.222  8.04%     -    3s
     0     0 282846.222    0   69 307584.009 282846.222  8.04%     -    3s
   378   380 281979.063   38   90 303905.581 281979.063  7.21%   222   30s
  [Fase 2 (infra fija)] estacion=station_3 dia=1 -> C:\Users\TECNO-MASTER\Desktop\Elmo_infrastructure_sizing_NP-\output\DCH_septiembre\Bateria_353\Costo_variable\Swap_libre\Swap_variable_3estaciones_160kW_Descomp/station_3_d1
✔ Warm start Y: 272 cargados, 0 omitidos
✔ Warm start Z: 436 cargados, 0 omitidos
✔ Warm start Z_swap: 12 cargados, 0 omitidos
✔ Warm start N_chargers: 0 cargados, 1 omitidos
✔ Warm start N_bays: 0 cargados, 1 omitidos
✔ Warm start X: 0 cargados, 1 omitidos
✔ Warm start N_batteries: 0 cargados, 1 omitidos
✔ Warm start completo desde 'C:\Users\TECNO-MASTER\Desktop\Elmo_infrastructure_sizing_NP-\output\DCH_septiembre\Bateria_353\Costo_variable\Swap_libre\Swap_variable_3estaciones_160kW_Descomp\station_3_d1_stage1': 720 valores cargados, 4 omitidos
formulation time: 8.680243730545044
Set parameter OutputFlag to value 1
Set parameter OutputFlag to value 1
Set parameter LogToConsole to value 1
Set parameter MIPGap to value 0.05
Set parameter TimeLimit to value 1200
Set parameter LogFile to value "C:\Users\TECNO-MASTER\Desktop\Elmo_infrastructure_sizing_NP-\output\DCH_septiembre\Bateria_353\Costo_variable\Swap_libre\Swap_variable_3estaciones_160kW_Descomp\station_3_d1\ELMO_log.txt"
Set parameter Threads to value 1
Set parameter Heuristics to value 0.5
Set parameter MIPFocus to value 3
Set parameter Presolve to value 2
Set parameter FlowCoverCuts to value 2
Gurobi Optimizer version 12.0.3 build v12.0.3rc0 (win64 - Windows 11+.0 (26200.2))

CPU model: Intel(R) Core(TM) i9-14900K, instruction set [SSE2|AVX|AVX2]
Thread count: 24 physical cores, 32 logical processors, using up to 1 threads

Non-default parameters:
TimeLimit  1200
MIPGap  0.05
Heuristics  0.5
MIPFocus  3
FlowCoverCuts  2
Presolve  2
Threads  1

Optimize a model with 26328 rows, 53707 columns and 243356 nonzeros
Model fingerprint: 0x58038258
Variable types: 2099 continuous, 51608 integer (18485 binary)
Coefficient statistics:
  Matrix range     [1e+00, 3e+02]
  Objective range  [1e-02, 1e+02]
  Bounds range     [1e+00, 2e+00]
  RHS range        [1e+00, 1e+04]

Warning: Completing partial solution with 50884 unfixed non-continuous variables out of 51608
C:\Users\TECNO-MASTER\anaconda3\lib\site-packages\pandas\core\indexes\base.py:6999: FutureWarning: In a future version, the Index constructor will not infer numeric dtypes when passed object-dtype sequences (matching Series behavior)
  return Index(sequences[0], name=names)
User MIP start produced solution with objective 284946 (0.04s)
Loaded user MIP start with objective 284946


Explored 0 nodes (0 simplex iterations) in 0.05 seconds (0.06 work units)
Thread count was 1 (of 32 available processors)

Solution count 2: 284946 284946 

Optimal solution found (tolerance 5.00e-02)
Best objective 2.849463233382e+05, best bound 2.816350000000e+05, gap 1.1621%
     0     0 282846.222    0   13 307584.009 282846.222  8.04%     -    3s
     0     0 282846.222    0   95 307584.009 282846.222  8.04%     -    3s
     0     0 282846.222    0   22 307584.009 282846.222  8.04%     -    4s
     0     0 282846.222    0   24 307584.009 282846.222  8.04%     -    4s
     0     0 282846.222    0   66 307584.009 282846.222  8.04%     -    4s
     0     0 282846.222    0   66 307584.009 282846.222  8.04%     -    5s
C:\Users\TECNO-MASTER\anaconda3\lib\site-packages\pandas\core\indexes\base.py:6999: FutureWarning: In a future version, the Index constructor will not infer numeric dtypes when passed object-dtype sequences (matching Series behavior)
  return Index(sequences[0], name=names)
     0     0 282846.222    0   14 307584.009 282846.222  8.04%     -    5s
     0     0 282846.222    0   14 307584.009 282846.222  8.04%     -    5s
H    0     0                    305944.62518 282846.222  7.55%     -    5s
     0     2 282846.222    0   14 305944.625 282846.222  7.55%     -    6s
   268   270 281918.416   48  104 303462.408 281918.416  7.10%   363   25s
  [Fase 2 (infra fija)] estacion=station_2 dia=305 -> C:\Users\TECNO-MASTER\Desktop\Elmo_infrastructure_sizing_NP-\output\DCH_septiembre\Bateria_353\Costo_variable\Swap_libre\Swap_variable_3estaciones_160kW_Descomp/station_2_d305
✔ Warm start Y: 272 cargados, 0 omitidos
✔ Warm start Z: 436 cargados, 0 omitidos
✔ Warm start Z_swap: 12 cargados, 0 omitidos
✔ Warm start N_chargers: 0 cargados, 1 omitidos
✔ Warm start N_bays: 0 cargados, 1 omitidos
✔ Warm start X: 0 cargados, 1 omitidos
✔ Warm start N_batteries: 0 cargados, 1 omitidos
✔ Warm start completo desde 'C:\Users\TECNO-MASTER\Desktop\Elmo_infrastructure_sizing_NP-\output\DCH_septiembre\Bateria_353\Costo_variable\Swap_libre\Swap_variable_3estaciones_160kW_Descomp\station_2_d305_stage1': 720 valores cargados, 4 omitidos
formulation time: 9.99459195137024
Set parameter OutputFlag to value 1
Set parameter OutputFlag to value 1
Set parameter LogToConsole to value 1
Set parameter MIPGap to value 0.05
Set parameter TimeLimit to value 1200
Set parameter LogFile to value "C:\Users\TECNO-MASTER\Desktop\Elmo_infrastructure_sizing_NP-\output\DCH_septiembre\Bateria_353\Costo_variable\Swap_libre\Swap_variable_3estaciones_160kW_Descomp\station_2_d305\ELMO_log.txt"
Set parameter Threads to value 1
Set parameter Heuristics to value 0.5
Set parameter MIPFocus to value 3
Set parameter Presolve to value 2
Set parameter FlowCoverCuts to value 2
Gurobi Optimizer version 12.0.3 build v12.0.3rc0 (win64 - Windows 11+.0 (26200.2))

CPU model: Intel(R) Core(TM) i9-14900K, instruction set [SSE2|AVX|AVX2]
Thread count: 24 physical cores, 32 logical processors, using up to 1 threads

Non-default parameters:
TimeLimit  1200
MIPGap  0.05
Heuristics  0.5
MIPFocus  3
FlowCoverCuts  2
Presolve  2
Threads  1

Optimize a model with 26358 rows, 54733 columns and 248406 nonzeros
Model fingerprint: 0x862770f9
Variable types: 2129 continuous, 52604 integer (19481 binary)
Coefficient statistics:
  Matrix range     [1e+00, 3e+02]
  Objective range  [1e-01, 1e+02]
  Bounds range     [1e+00, 2e+00]
  RHS range        [1e+00, 1e+04]

Warning: Completing partial solution with 51880 unfixed non-continuous variables out of 52604
User MIP start produced solution with objective 288125 (0.04s)
Loaded user MIP start with objective 288125


Explored 0 nodes (0 simplex iterations) in 0.05 seconds (0.06 work units)
Thread count was 1 (of 32 available processors)

Solution count 1: 288125 

Optimal solution found (tolerance 5.00e-02)
Best objective 2.881249284193e+05, best bound 2.816350000000e+05, gap 2.2525%
   297   299 281874.864   82   63 303811.887 281874.864  7.22%   201   30s
C:\Users\TECNO-MASTER\anaconda3\lib\site-packages\pandas\core\indexes\base.py:6999: FutureWarning: In a future version, the Index constructor will not infer numeric dtypes when passed object-dtype sequences (matching Series behavior)
  return Index(sequences[0], name=names)
  [Fase 2 (infra fija)] estacion=station_2 dia=213 -> C:\Users\TECNO-MASTER\Desktop\Elmo_infrastructure_sizing_NP-\output\DCH_septiembre\Bateria_353\Costo_variable\Swap_libre\Swap_variable_3estaciones_160kW_Descomp/station_2_d213
✔ Warm start Y: 273 cargados, 0 omitidos
✔ Warm start Z: 435 cargados, 0 omitidos
✔ Warm start Z_swap: 12 cargados, 0 omitidos
✔ Warm start N_chargers: 0 cargados, 1 omitidos
✔ Warm start N_bays: 0 cargados, 1 omitidos
✔ Warm start X: 0 cargados, 1 omitidos
✔ Warm start N_batteries: 0 cargados, 1 omitidos
✔ Warm start completo desde 'C:\Users\TECNO-MASTER\Desktop\Elmo_infrastructure_sizing_NP-\output\DCH_septiembre\Bateria_353\Costo_variable\Swap_libre\Swap_variable_3estaciones_160kW_Descomp\station_2_d213_stage1': 720 valores cargados, 4 omitidos
formulation time: 9.511399745941162
Set parameter OutputFlag to value 1
Set parameter OutputFlag to value 1
Set parameter LogToConsole to value 1
Set parameter MIPGap to value 0.05
Set parameter TimeLimit to value 1200
Set parameter LogFile to value "C:\Users\TECNO-MASTER\Desktop\Elmo_infrastructure_sizing_NP-\output\DCH_septiembre\Bateria_353\Costo_variable\Swap_libre\Swap_variable_3estaciones_160kW_Descomp\station_2_d213\ELMO_log.txt"
Set parameter Threads to value 1
Set parameter Heuristics to value 0.5
Set parameter MIPFocus to value 3
Set parameter Presolve to value 2
Set parameter FlowCoverCuts to value 2
Gurobi Optimizer version 12.0.3 build v12.0.3rc0 (win64 - Windows 11+.0 (26200.2))

CPU model: Intel(R) Core(TM) i9-14900K, instruction set [SSE2|AVX|AVX2]
Thread count: 24 physical cores, 32 logical processors, using up to 1 threads

Non-default parameters:
TimeLimit  1200
MIPGap  0.05
Heuristics  0.5
MIPFocus  3
FlowCoverCuts  2
Presolve  2
Threads  1

Optimize a model with 26388 rows, 54733 columns and 248466 nonzeros
Model fingerprint: 0x8ab351cb
Variable types: 2129 continuous, 52604 integer (19481 binary)
Coefficient statistics:
  Matrix range     [1e+00, 3e+02]
  Objective range  [8e-03, 1e+02]
  Bounds range     [1e+00, 2e+00]
  RHS range        [1e+00, 1e+04]

Warning: Completing partial solution with 51880 unfixed non-continuous variables out of 52604
User MIP start produced solution with objective 306905 (0.04s)
Loaded user MIP start with objective 306905

Presolve removed 23628 rows and 44151 columns
Presolve time: 0.17s
Presolved: 2760 rows, 10582 columns, 34139 nonzeros
Variable types: 824 continuous, 9758 integer (9205 binary)
Root relaxation presolved: 2760 rows, 10582 columns, 34139 nonzeros

   481   483 281979.063   40   27 303905.581 281979.063  7.21%   221   35s
  [Fase 2 (infra fija)] estacion=station_2 dia=274 -> C:\Users\TECNO-MASTER\Desktop\Elmo_infrastructure_sizing_NP-\output\DCH_septiembre\Bateria_353\Costo_variable\Swap_libre\Swap_variable_3estaciones_160kW_Descomp/station_2_d274
✔ Warm start Y: 274 cargados, 0 omitidos
✔ Warm start Z: 434 cargados, 0 omitidos
✔ Warm start Z_swap: 12 cargados, 0 omitidos
✔ Warm start N_chargers: 0 cargados, 1 omitidos
✔ Warm start N_bays: 0 cargados, 1 omitidos
✔ Warm start X: 0 cargados, 1 omitidos
✔ Warm start N_batteries: 0 cargados, 1 omitidos
✔ Warm start completo desde 'C:\Users\TECNO-MASTER\Desktop\Elmo_infrastructure_sizing_NP-\output\DCH_septiembre\Bateria_353\Costo_variable\Swap_libre\Swap_variable_3estaciones_160kW_Descomp\station_2_d274_stage1': 720 valores cargados, 4 omitidos
formulation time: 9.063731908798218
Set parameter OutputFlag to value 1
Set parameter OutputFlag to value 1
Set parameter LogToConsole to value 1
Set parameter MIPGap to value 0.05
Set parameter TimeLimit to value 1200
Set parameter LogFile to value "C:\Users\TECNO-MASTER\Desktop\Elmo_infrastructure_sizing_NP-\output\DCH_septiembre\Bateria_353\Costo_variable\Swap_libre\Swap_variable_3estaciones_160kW_Descomp\station_2_d274\ELMO_log.txt"
Set parameter Threads to value 1
Set parameter Heuristics to value 0.5
Set parameter MIPFocus to value 3
Set parameter Presolve to value 2
Set parameter FlowCoverCuts to value 2
Gurobi Optimizer version 12.0.3 build v12.0.3rc0 (win64 - Windows 11+.0 (26200.2))

CPU model: Intel(R) Core(TM) i9-14900K, instruction set [SSE2|AVX|AVX2]
Thread count: 24 physical cores, 32 logical processors, using up to 1 threads

Non-default parameters:
TimeLimit  1200
MIPGap  0.05
Heuristics  0.5
MIPFocus  3
FlowCoverCuts  2
Presolve  2
Threads  1

Optimize a model with 26358 rows, 54733 columns and 248406 nonzeros
Model fingerprint: 0xc5b28631
Variable types: 2129 continuous, 52604 integer (19481 binary)
Coefficient statistics:
  Matrix range     [1e+00, 3e+02]
  Objective range  [4e-03, 1e+02]
  Bounds range     [1e+00, 2e+00]
  RHS range        [1e+00, 1e+04]

Warning: Completing partial solution with 51880 unfixed non-continuous variables out of 52604
User MIP start produced solution with objective 286691 (0.04s)
Loaded user MIP start with objective 286691


Explored 0 nodes (0 simplex iterations) in 0.05 seconds (0.06 work units)
Thread count was 1 (of 32 available processors)

Solution count 2: 286691 286691 

Optimal solution found (tolerance 5.00e-02)
Best objective 2.866914434270e+05, best bound 2.816350000000e+05, gap 1.7637%

Root relaxation: objective 2.827627e+05, 13002 iterations, 1.10 seconds (1.73 work units)
C:\Users\TECNO-MASTER\anaconda3\lib\site-packages\pandas\core\indexes\base.py:6999: FutureWarning: In a future version, the Index constructor will not infer numeric dtypes when passed object-dtype sequences (matching Series behavior)
  return Index(sequences[0], name=names)

    Nodes    |    Current Node    |     Objective Bounds      |     Work
 Expl Unexpl |  Obj  Depth IntInf | Incumbent    BestBd   Gap | It/Node Time

     0     0 282762.652    0   59 306905.013 282762.652  7.87%     -    1s
    21    23 282846.222   11   94 305944.625 282846.222  7.55%   914   10s
     0     0 282762.652    0   64 306905.013 282762.652  7.87%     -    2s
     0     0 283468.222    0  233 306905.013 283468.222  7.64%     -    2s
     0     0 283468.222    0  228 306905.013 283468.222  7.64%     -    2s
  [Fase 2 (infra fija)] estacion=station_3 dia=182 -> C:\Users\TECNO-MASTER\Desktop\Elmo_infrastructure_sizing_NP-\output\DCH_septiembre\Bateria_353\Costo_variable\Swap_libre\Swap_variable_3estaciones_160kW_Descomp/station_3_d182
✔ Warm start Y: 271 cargados, 0 omitidos
✔ Warm start Z: 437 cargados, 0 omitidos
✔ Warm start Z_swap: 12 cargados, 0 omitidos
✔ Warm start N_chargers: 0 cargados, 1 omitidos
✔ Warm start N_bays: 0 cargados, 1 omitidos
✔ Warm start X: 0 cargados, 1 omitidos
✔ Warm start N_batteries: 0 cargados, 1 omitidos
✔ Warm start completo desde 'C:\Users\TECNO-MASTER\Desktop\Elmo_infrastructure_sizing_NP-\output\DCH_septiembre\Bateria_353\Costo_variable\Swap_libre\Swap_variable_3estaciones_160kW_Descomp\station_3_d182_stage1': 720 valores cargados, 4 omitidos
formulation time: 8.956711053848267
Set parameter OutputFlag to value 1
Set parameter OutputFlag to value 1
Set parameter LogToConsole to value 1
Set parameter MIPGap to value 0.05
Set parameter TimeLimit to value 1200
Set parameter LogFile to value "C:\Users\TECNO-MASTER\Desktop\Elmo_infrastructure_sizing_NP-\output\DCH_septiembre\Bateria_353\Costo_variable\Swap_libre\Swap_variable_3estaciones_160kW_Descomp\station_3_d182\ELMO_log.txt"
Set parameter Threads to value 1
Set parameter Heuristics to value 0.5
Set parameter MIPFocus to value 3
Set parameter Presolve to value 2
Set parameter FlowCoverCuts to value 2
Gurobi Optimizer version 12.0.3 build v12.0.3rc0 (win64 - Windows 11+.0 (26200.2))

CPU model: Intel(R) Core(TM) i9-14900K, instruction set [SSE2|AVX|AVX2]
Thread count: 24 physical cores, 32 logical processors, using up to 1 threads

Non-default parameters:
TimeLimit  1200
MIPGap  0.05
Heuristics  0.5
MIPFocus  3
FlowCoverCuts  2
Presolve  2
Threads  1

Optimize a model with 26358 rows, 53707 columns and 243416 nonzeros
Model fingerprint: 0x5335e971
Variable types: 2099 continuous, 51608 integer (18485 binary)
Coefficient statistics:
  Matrix range     [1e+00, 3e+02]
  Objective range  [1e-02, 1e+02]
  Bounds range     [1e+00, 2e+00]
  RHS range        [1e+00, 1e+04]

Warning: Completing partial solution with 50884 unfixed non-continuous variables out of 51608
User MIP start produced solution with objective 286349 (0.04s)
Loaded user MIP start with objective 286349


Explored 0 nodes (0 simplex iterations) in 0.05 seconds (0.06 work units)
Thread count was 1 (of 32 available processors)

Solution count 2: 286349 286349 

Optimal solution found (tolerance 5.00e-02)
Best objective 2.863488550103e+05, best bound 2.816350000000e+05, gap 1.6462%
     0     0 283468.222    0   19 306905.013 283468.222  7.64%     -    3s
C:\Users\TECNO-MASTER\anaconda3\lib\site-packages\pandas\core\indexes\base.py:6999: FutureWarning: In a future version, the Index constructor will not infer numeric dtypes when passed object-dtype sequences (matching Series behavior)
  return Index(sequences[0], name=names)
H  338   338                    303209.79878 281918.416  7.02%   374   29s
   338   340 281918.416   47   13 303209.799 281918.416  7.02%   374   30s
   346   348 281874.864   81  272 303811.887 281874.864  7.22%   249   35s
     0     0 283468.222    0   65 306905.013 283468.222  7.64%     -    3s
     0     0 283468.222    0  150 306905.013 283468.222  7.64%     -    3s
     0     0 283468.222    0   61 306905.013 283468.222  7.64%     -    4s
     0     0 283468.222    0   59 306905.013 283468.222  7.64%     -    4s
     0     0 283468.222    0   19 306905.013 283468.222  7.64%     -    5s
     0     0 283468.222    0   18 306905.013 283468.222  7.64%     -    5s
  [Fase 2 (infra fija)] estacion=station_3 dia=91 -> C:\Users\TECNO-MASTER\Desktop\Elmo_infrastructure_sizing_NP-\output\DCH_septiembre\Bateria_353\Costo_variable\Swap_libre\Swap_variable_3estaciones_160kW_Descomp/station_3_d91
✔ Warm start Y: 272 cargados, 0 omitidos
✔ Warm start Z: 436 cargados, 0 omitidos
✔ Warm start Z_swap: 12 cargados, 0 omitidos
✔ Warm start N_chargers: 0 cargados, 1 omitidos
✔ Warm start N_bays: 0 cargados, 1 omitidos
✔ Warm start X: 0 cargados, 1 omitidos
✔ Warm start N_batteries: 0 cargados, 1 omitidos
✔ Warm start completo desde 'C:\Users\TECNO-MASTER\Desktop\Elmo_infrastructure_sizing_NP-\output\DCH_septiembre\Bateria_353\Costo_variable\Swap_libre\Swap_variable_3estaciones_160kW_Descomp\station_3_d91_stage1': 720 valores cargados, 4 omitidos
formulation time: 9.564614057540894
Set parameter OutputFlag to value 1
Set parameter OutputFlag to value 1
Set parameter LogToConsole to value 1
Set parameter MIPGap to value 0.05
Set parameter TimeLimit to value 1200
Set parameter LogFile to value "C:\Users\TECNO-MASTER\Desktop\Elmo_infrastructure_sizing_NP-\output\DCH_septiembre\Bateria_353\Costo_variable\Swap_libre\Swap_variable_3estaciones_160kW_Descomp\station_3_d91\ELMO_log.txt"
Set parameter Threads to value 1
Set parameter Heuristics to value 0.5
Set parameter MIPFocus to value 3
Set parameter Presolve to value 2
Set parameter FlowCoverCuts to value 2
Gurobi Optimizer version 12.0.3 build v12.0.3rc0 (win64 - Windows 11+.0 (26200.2))

CPU model: Intel(R) Core(TM) i9-14900K, instruction set [SSE2|AVX|AVX2]
Thread count: 24 physical cores, 32 logical processors, using up to 1 threads

Non-default parameters:
TimeLimit  1200
MIPGap  0.05
Heuristics  0.5
MIPFocus  3
FlowCoverCuts  2
Presolve  2
Threads  1

Optimize a model with 26358 rows, 53707 columns and 243416 nonzeros
Model fingerprint: 0xc1ae8df8
Variable types: 2099 continuous, 51608 integer (18485 binary)
Coefficient statistics:
  Matrix range     [1e+00, 3e+02]
  Objective range  [1e-02, 1e+02]
  Bounds range     [1e+00, 2e+00]
  RHS range        [1e+00, 1e+04]

Warning: Completing partial solution with 50884 unfixed non-continuous variables out of 51608
User MIP start produced solution with objective 286137 (0.04s)
Loaded user MIP start with objective 286137


Explored 0 nodes (0 simplex iterations) in 0.04 seconds (0.06 work units)
Thread count was 1 (of 32 available processors)

Solution count 2: 286137 286137 

Optimal solution found (tolerance 5.00e-02)
Best objective 2.861373141762e+05, best bound 2.816350000000e+05, gap 1.5735%
C:\Users\TECNO-MASTER\anaconda3\lib\site-packages\pandas\core\indexes\base.py:6999: FutureWarning: In a future version, the Index constructor will not infer numeric dtypes when passed object-dtype sequences (matching Series behavior)
  return Index(sequences[0], name=names)
   512   513 281979.063   44   41 303905.581 281979.063  7.21%   218   40s
H    0     0                    305958.41667 283468.222  7.35%     -    5s
H    0     0                    305905.36662 283468.222  7.33%     -    5s
H    0     0                    305637.64703 283468.222  7.25%     -    5s
H    0     0                    286055.40951 283468.222  0.90%     -    6s

Cutting planes:
  Gomory: 4
  Lift-and-project: 2
  Implied bound: 1
  MIR: 1
  Flow cover: 4
  RLT: 3
  Relax-and-lift: 1

Explored 1 nodes (36941 simplex iterations) in 6.07 seconds (7.98 work units)
Thread count was 1 (of 32 available processors)

Solution count 5: 286055 305638 305905 ... 306905

Optimal solution found (tolerance 5.00e-02)
Best objective 2.860554095085e+05, best bound 2.834682222815e+05, gap 0.9044%
  [Fase 2 (infra fija)] estacion=station_3 dia=121 -> C:\Users\TECNO-MASTER\Desktop\Elmo_infrastructure_sizing_NP-\output\DCH_septiembre\Bateria_353\Costo_variable\Swap_libre\Swap_variable_3estaciones_160kW_Descomp/station_3_d121
✔ Warm start Y: 273 cargados, 0 omitidos
✔ Warm start Z: 435 cargados, 0 omitidos
✔ Warm start Z_swap: 12 cargados, 0 omitidos
✔ Warm start N_chargers: 0 cargados, 1 omitidos
✔ Warm start N_bays: 0 cargados, 1 omitidos
✔ Warm start X: 0 cargados, 1 omitidos
✔ Warm start N_batteries: 0 cargados, 1 omitidos
✔ Warm start completo desde 'C:\Users\TECNO-MASTER\Desktop\Elmo_infrastructure_sizing_NP-\output\DCH_septiembre\Bateria_353\Costo_variable\Swap_libre\Swap_variable_3estaciones_160kW_Descomp\station_3_d121_stage1': 720 valores cargados, 4 omitidos
formulation time: 9.061928749084473
Set parameter OutputFlag to value 1
Set parameter OutputFlag to value 1
Set parameter LogToConsole to value 1
Set parameter MIPGap to value 0.05
Set parameter TimeLimit to value 1200
Set parameter LogFile to value "C:\Users\TECNO-MASTER\Desktop\Elmo_infrastructure_sizing_NP-\output\DCH_septiembre\Bateria_353\Costo_variable\Swap_libre\Swap_variable_3estaciones_160kW_Descomp\station_3_d121\ELMO_log.txt"
Set parameter Threads to value 1
Set parameter Heuristics to value 0.5
Set parameter MIPFocus to value 3
Set parameter Presolve to value 2
Set parameter FlowCoverCuts to value 2
Gurobi Optimizer version 12.0.3 build v12.0.3rc0 (win64 - Windows 11+.0 (26200.2))

CPU model: Intel(R) Core(TM) i9-14900K, instruction set [SSE2|AVX|AVX2]
Thread count: 24 physical cores, 32 logical processors, using up to 1 threads

Non-default parameters:
TimeLimit  1200
MIPGap  0.05
Heuristics  0.5
MIPFocus  3
FlowCoverCuts  2
Presolve  2
Threads  1

Optimize a model with 26358 rows, 53707 columns and 243416 nonzeros
Model fingerprint: 0xdfdb3932
Variable types: 2099 continuous, 51608 integer (18485 binary)
Coefficient statistics:
  Matrix range     [1e+00, 3e+02]
  Objective range  [8e-03, 1e+02]
  Bounds range     [1e+00, 2e+00]
  RHS range        [1e+00, 1e+04]

Warning: Completing partial solution with 50884 unfixed non-continuous variables out of 51608
User MIP start produced solution with objective 306051 (0.06s)
Loaded user MIP start with objective 306051

Presolve removed 23604 rows and 43643 columns
Presolve time: 0.13s
Presolved: 2754 rows, 10064 columns, 32591 nonzeros
Variable types: 824 continuous, 9240 integer (8687 binary)
Root relaxation presolved: 2754 rows, 10064 columns, 32591 nonzeros

    52    54 282846.222   26  232 305944.625 282846.222  7.55%   884   15s
C:\Users\TECNO-MASTER\anaconda3\lib\site-packages\pandas\core\indexes\base.py:6999: FutureWarning: In a future version, the Index constructor will not infer numeric dtypes when passed object-dtype sequences (matching Series behavior)
  return Index(sequences[0], name=names)

Root relaxation: objective 2.820072e+05, 12929 iterations, 0.97 seconds (1.64 work units)
   419   421 281918.416   56  153 303209.799 281918.416  7.02%   375   35s
   382   384 281874.864   23  164 303811.887 281874.864  7.22%   288   40s

    Nodes    |    Current Node    |     Objective Bounds      |     Work
 Expl Unexpl |  Obj  Depth IntInf | Incumbent    BestBd   Gap | It/Node Time

     0     0 282007.151    0   48 306050.953 282007.151  7.86%     -    1s
C:\Users\TECNO-MASTER\anaconda3\lib\site-packages\pandas\core\indexes\base.py:6999: FutureWarning: In a future version, the Index constructor will not infer numeric dtypes when passed object-dtype sequences (matching Series behavior)
  return Index(sequences[0], name=names)
  [Fase 2 (infra fija)] estacion=station_3 dia=60 -> C:\Users\TECNO-MASTER\Desktop\Elmo_infrastructure_sizing_NP-\output\DCH_septiembre\Bateria_353\Costo_variable\Swap_libre\Swap_variable_3estaciones_160kW_Descomp/station_3_d60
✔ Warm start Y: 271 cargados, 0 omitidos
✔ Warm start Z: 437 cargados, 0 omitidos
✔ Warm start Z_swap: 12 cargados, 0 omitidos
✔ Warm start N_chargers: 0 cargados, 1 omitidos
✔ Warm start N_bays: 0 cargados, 1 omitidos
✔ Warm start X: 0 cargados, 1 omitidos
✔ Warm start N_batteries: 0 cargados, 1 omitidos
✔ Warm start completo desde 'C:\Users\TECNO-MASTER\Desktop\Elmo_infrastructure_sizing_NP-\output\DCH_septiembre\Bateria_353\Costo_variable\Swap_libre\Swap_variable_3estaciones_160kW_Descomp\station_3_d60_stage1': 720 valores cargados, 4 omitidos
formulation time: 9.664282083511353
Set parameter OutputFlag to value 1
Set parameter OutputFlag to value 1
Set parameter LogToConsole to value 1
Set parameter MIPGap to value 0.05
Set parameter TimeLimit to value 1200
Set parameter LogFile to value "C:\Users\TECNO-MASTER\Desktop\Elmo_infrastructure_sizing_NP-\output\DCH_septiembre\Bateria_353\Costo_variable\Swap_libre\Swap_variable_3estaciones_160kW_Descomp\station_3_d60\ELMO_log.txt"
Set parameter Threads to value 1
Set parameter Heuristics to value 0.5
Set parameter MIPFocus to value 3
Set parameter Presolve to value 2
Set parameter FlowCoverCuts to value 2
Gurobi Optimizer version 12.0.3 build v12.0.3rc0 (win64 - Windows 11+.0 (26200.2))

CPU model: Intel(R) Core(TM) i9-14900K, instruction set [SSE2|AVX|AVX2]
Thread count: 24 physical cores, 32 logical processors, using up to 1 threads

Non-default parameters:
TimeLimit  1200
MIPGap  0.05
Heuristics  0.5
MIPFocus  3
FlowCoverCuts  2
Presolve  2
Threads  1

Optimize a model with 26328 rows, 53707 columns and 243356 nonzeros
Model fingerprint: 0x63bee3f6
Variable types: 2099 continuous, 51608 integer (18485 binary)
Coefficient statistics:
  Matrix range     [1e+00, 3e+02]
  Objective range  [9e-03, 1e+02]
     0     0 282429.251    0   58 306050.953 282429.251  7.72%     -    2s
  Bounds range     [1e+00, 2e+00]
  RHS range        [1e+00, 1e+04]

Warning: Completing partial solution with 50884 unfixed non-continuous variables out of 51608
User MIP start produced solution with objective 283957 (0.04s)
Loaded user MIP start with objective 283957


Explored 0 nodes (0 simplex iterations) in 0.04 seconds (0.06 work units)
Thread count was 1 (of 32 available processors)

Solution count 2: 283957 283957 

Optimal solution found (tolerance 5.00e-02)
Best objective 2.839565871925e+05, best bound 2.816350000000e+05, gap 0.8176%
     0     0 282429.251    0  119 306050.953 282429.251  7.72%     -    2s
     0     0 282429.251    0   87 306050.953 282429.251  7.72%     -    3s
     0     0 282429.251    0  197 306050.953 282429.251  7.72%     -    3s
   519   518 281979.063   45   13 303905.581 281979.063  7.21%   215   45s
  [Fase 2 (infra fija)] estacion=station_3 dia=32 -> C:\Users\TECNO-MASTER\Desktop\Elmo_infrastructure_sizing_NP-\output\DCH_septiembre\Bateria_353\Costo_variable\Swap_libre\Swap_variable_3estaciones_160kW_Descomp/station_3_d32
✔ Warm start Y: 272 cargados, 0 omitidos
✔ Warm start Z: 436 cargados, 0 omitidos
✔ Warm start Z_swap: 12 cargados, 0 omitidos
✔ Warm start N_chargers: 0 cargados, 1 omitidos
✔ Warm start N_bays: 0 cargados, 1 omitidos
✔ Warm start X: 0 cargados, 1 omitidos
✔ Warm start N_batteries: 0 cargados, 1 omitidos
✔ Warm start completo desde 'C:\Users\TECNO-MASTER\Desktop\Elmo_infrastructure_sizing_NP-\output\DCH_septiembre\Bateria_353\Costo_variable\Swap_libre\Swap_variable_3estaciones_160kW_Descomp\station_3_d32_stage1': 720 valores cargados, 4 omitidos
formulation time: 9.110427379608154
Set parameter OutputFlag to value 1
Set parameter OutputFlag to value 1
Set parameter LogToConsole to value 1
Set parameter MIPGap to value 0.05
Set parameter TimeLimit to value 1200
Set parameter LogFile to value "C:\Users\TECNO-MASTER\Desktop\Elmo_infrastructure_sizing_NP-\output\DCH_septiembre\Bateria_353\Costo_variable\Swap_libre\Swap_variable_3estaciones_160kW_Descomp\station_3_d32\ELMO_log.txt"
Set parameter Threads to value 1
Set parameter Heuristics to value 0.5
Set parameter MIPFocus to value 3
Set parameter Presolve to value 2
Set parameter FlowCoverCuts to value 2
Gurobi Optimizer version 12.0.3 build v12.0.3rc0 (win64 - Windows 11+.0 (26200.2))

CPU model: Intel(R) Core(TM) i9-14900K, instruction set [SSE2|AVX|AVX2]
Thread count: 24 physical cores, 32 logical processors, using up to 1 threads

Non-default parameters:
TimeLimit  1200
MIPGap  0.05
Heuristics  0.5
MIPFocus  3
FlowCoverCuts  2
Presolve  2
Threads  1

Optimize a model with 26328 rows, 53707 columns and 243356 nonzeros
Model fingerprint: 0x3022a845
Variable types: 2099 continuous, 51608 integer (18485 binary)
Coefficient statistics:
  Matrix range     [1e+00, 3e+02]
  Objective range  [3e-03, 1e+02]
  Bounds range     [1e+00, 2e+00]
  RHS range        [1e+00, 1e+04]

Warning: Completing partial solution with 50884 unfixed non-continuous variables out of 51608
User MIP start produced solution with objective 285347 (0.04s)
     0     0 282429.251    0   47 306050.953 282429.251  7.72%     -    4s
Loaded user MIP start with objective 285347


Explored 0 nodes (0 simplex iterations) in 0.05 seconds (0.06 work units)
Thread count was 1 (of 32 available processors)

Solution count 2: 285347 285347 

Optimal solution found (tolerance 5.00e-02)
Best objective 2.853472031426e+05, best bound 2.816350000000e+05, gap 1.3009%
C:\Users\TECNO-MASTER\anaconda3\lib\site-packages\pandas\core\indexes\base.py:6999: FutureWarning: In a future version, the Index constructor will not infer numeric dtypes when passed object-dtype sequences (matching Series behavior)
  return Index(sequences[0], name=names)
     0     0 282429.251    0  145 306050.953 282429.251  7.72%     -    4s
     0     0 282429.251    0   39 306050.953 282429.251  7.72%     -    4s
     0     0 282429.251    0  180 306050.953 282429.251  7.72%     -    5s
     0     0 282429.251    0   69 306050.953 282429.251  7.72%     -    5s
    74    76 282846.222   10   70 305944.625 282846.222  7.55%  1008   20s
     0     0 282429.251    0   38 306050.953 282429.251  7.72%     -    5s
H    0     0                    304810.79013 282429.251  7.34%     -    5s
  [Fase 2 (infra fija)] estacion=station_3 dia=213 -> C:\Users\TECNO-MASTER\Desktop\Elmo_infrastructure_sizing_NP-\output\DCH_septiembre\Bateria_353\Costo_variable\Swap_libre\Swap_variable_3estaciones_160kW_Descomp/station_3_d213
✔ Warm start Y: 276 cargados, 0 omitidos
✔ Warm start Z: 432 cargados, 0 omitidos
✔ Warm start Z_swap: 12 cargados, 0 omitidos
✔ Warm start N_chargers: 0 cargados, 1 omitidos
✔ Warm start N_bays: 0 cargados, 1 omitidos
✔ Warm start X: 0 cargados, 1 omitidos
✔ Warm start N_batteries: 0 cargados, 1 omitidos
✔ Warm start completo desde 'C:\Users\TECNO-MASTER\Desktop\Elmo_infrastructure_sizing_NP-\output\DCH_septiembre\Bateria_353\Costo_variable\Swap_libre\Swap_variable_3estaciones_160kW_Descomp\station_3_d213_stage1': 720 valores cargados, 4 omitidos
formulation time: 9.595346212387085
Set parameter OutputFlag to value 1
Set parameter OutputFlag to value 1
Set parameter LogToConsole to value 1
Set parameter MIPGap to value 0.05
Set parameter TimeLimit to value 1200
Set parameter LogFile to value "C:\Users\TECNO-MASTER\Desktop\Elmo_infrastructure_sizing_NP-\output\DCH_septiembre\Bateria_353\Costo_variable\Swap_libre\Swap_variable_3estaciones_160kW_Descomp\station_3_d213\ELMO_log.txt"
Set parameter Threads to value 1
Set parameter Heuristics to value 0.5
Set parameter MIPFocus to value 3
Set parameter Presolve to value 2
Set parameter FlowCoverCuts to value 2
Gurobi Optimizer version 12.0.3 build v12.0.3rc0 (win64 - Windows 11+.0 (26200.2))

CPU model: Intel(R) Core(TM) i9-14900K, instruction set [SSE2|AVX|AVX2]
Thread count: 24 physical cores, 32 logical processors, using up to 1 threads

Non-default parameters:
TimeLimit  1200
MIPGap  0.05
Heuristics  0.5
MIPFocus  3
FlowCoverCuts  2
Presolve  2
Threads  1

Optimize a model with 26358 rows, 53707 columns and 243416 nonzeros
Model fingerprint: 0xbdbeaef8
Variable types: 2099 continuous, 51608 integer (18485 binary)
Coefficient statistics:
  Matrix range     [1e+00, 3e+02]
  Objective range  [8e-03, 1e+02]
  Bounds range     [1e+00, 2e+00]
  RHS range        [1e+00, 1e+04]

Warning: Completing partial solution with 50884 unfixed non-continuous variables out of 51608
User MIP start produced solution with objective 287270 (0.04s)
Loaded user MIP start with objective 287270


Explored 0 nodes (0 simplex iterations) in 0.05 seconds (0.06 work units)
Thread count was 1 (of 32 available processors)

Solution count 2: 287270 287270 

Optimal solution found (tolerance 5.00e-02)
Best objective 2.872697254244e+05, best bound 2.816350000000e+05, gap 1.9615%
   497   499 281918.416   60   85 303209.799 281918.416  7.02%   390   40s
     0     2 282429.251    0   37 304810.790 282429.251  7.34%     -    6s
  [Fase 2 (infra fija)] estacion=station_3 dia=152 -> C:\Users\TECNO-MASTER\Desktop\Elmo_infrastructure_sizing_NP-\output\DCH_septiembre\Bateria_353\Costo_variable\Swap_libre\Swap_variable_3estaciones_160kW_Descomp/station_3_d152
✔ Warm start Y: 273 cargados, 0 omitidos
✔ Warm start Z: 435 cargados, 0 omitidos
✔ Warm start Z_swap: 12 cargados, 0 omitidos
✔ Warm start N_chargers: 0 cargados, 1 omitidos
✔ Warm start N_bays: 0 cargados, 1 omitidos
✔ Warm start X: 0 cargados, 1 omitidos
✔ Warm start N_batteries: 0 cargados, 1 omitidos
✔ Warm start completo desde 'C:\Users\TECNO-MASTER\Desktop\Elmo_infrastructure_sizing_NP-\output\DCH_septiembre\Bateria_353\Costo_variable\Swap_libre\Swap_variable_3estaciones_160kW_Descomp\station_3_d152_stage1': 720 valores cargados, 4 omitidos
formulation time: 9.26814603805542
Set parameter OutputFlag to value 1
Set parameter OutputFlag to value 1
Set parameter LogToConsole to value 1
Set parameter MIPGap to value 0.05
Set parameter TimeLimit to value 1200
Set parameter LogFile to value "C:\Users\TECNO-MASTER\Desktop\Elmo_infrastructure_sizing_NP-\output\DCH_septiembre\Bateria_353\Costo_variable\Swap_libre\Swap_variable_3estaciones_160kW_Descomp\station_3_d152\ELMO_log.txt"
Set parameter Threads to value 1
Set parameter Heuristics to value 0.5
Set parameter MIPFocus to value 3
Set parameter Presolve to value 2
Set parameter FlowCoverCuts to value 2
Gurobi Optimizer version 12.0.3 build v12.0.3rc0 (win64 - Windows 11+.0 (26200.2))

CPU model: Intel(R) Core(TM) i9-14900K, instruction set [SSE2|AVX|AVX2]
Thread count: 24 physical cores, 32 logical processors, using up to 1 threads

Non-default parameters:
TimeLimit  1200
MIPGap  0.05
Heuristics  0.5
MIPFocus  3
FlowCoverCuts  2
Presolve  2
Threads  1

Optimize a model with 26358 rows, 53707 columns and 243416 nonzeros
Model fingerprint: 0x8e8de096
Variable types: 2099 continuous, 51608 integer (18485 binary)
Coefficient statistics:
  Matrix range     [1e+00, 3e+02]
  Objective range  [1e-02, 1e+02]
  Bounds range     [1e+00, 2e+00]
  RHS range        [1e+00, 1e+04]

Warning: Completing partial solution with 50884 unfixed non-continuous variables out of 51608
User MIP start produced solution with objective 327749 (0.04s)
User MIP start produced solution with objective 327741 (0.04s)
User MIP start produced solution with objective 308301 (0.05s)
User MIP start produced solution with objective 308143 (0.05s)
User MIP start produced solution with objective 307855 (0.05s)
Loaded user MIP start with objective 307855

Presolve removed 23604 rows and 43643 columns
Presolve time: 0.13s
Presolved: 2754 rows, 10064 columns, 32591 nonzeros
Variable types: 824 continuous, 9240 integer (8687 binary)
Root relaxation presolved: 2754 rows, 10064 columns, 32591 nonzeros

   411   413 281874.864  106   18 303811.887 281874.864  7.22%   295   46s
   526   522 281979.063   47   33 303905.581 281979.063  7.21%   212   50s

Root relaxation: objective 2.821889e+05, 12946 iterations, 0.88 seconds (1.66 work units)

    Nodes    |    Current Node    |     Objective Bounds      |     Work
 Expl Unexpl |  Obj  Depth IntInf | Incumbent    BestBd   Gap | It/Node Time

     0     0 282188.867    0   69 307855.059 282188.867  8.34%     -    1s
✅ Solution time [sec]: 1.71
📊 Status: optimal
💰 Operation Cost: 289021.6424994004
⚠️ No se encontró 'gurobi.log'. 
✔ JSON de variables y parámetros, log y summary guardados en 'C:\Users\TECNO-MASTER\Desktop\Elmo_infrastructure_sizing_NP-\output\DCH_septiembre\Bateria_353\Costo_variable\Swap_libre\Swap_variable_3estaciones_160kW_Descomp/station_1_d32'.
  [Fase 2 (infra fija)] estacion=station_3 dia=244 -> C:\Users\TECNO-MASTER\Desktop\Elmo_infrastructure_sizing_NP-\output\DCH_septiembre\Bateria_353\Costo_variable\Swap_libre\Swap_variable_3estaciones_160kW_Descomp/station_3_d244
✔ Warm start Y: 272 cargados, 0 omitidos
✔ Warm start Z: 436 cargados, 0 omitidos
✔ Warm start Z_swap: 12 cargados, 0 omitidos
✔ Warm start N_chargers: 0 cargados, 1 omitidos
✔ Warm start N_bays: 0 cargados, 1 omitidos
✔ Warm start X: 0 cargados, 1 omitidos
✔ Warm start N_batteries: 0 cargados, 1 omitidos
✔ Warm start completo desde 'C:\Users\TECNO-MASTER\Desktop\Elmo_infrastructure_sizing_NP-\output\DCH_septiembre\Bateria_353\Costo_variable\Swap_libre\Swap_variable_3estaciones_160kW_Descomp\station_3_d244_stage1': 720 valores cargados, 4 omitidos
formulation time: 9.11004114151001
Set parameter OutputFlag to value 1
Set parameter OutputFlag to value 1
Set parameter LogToConsole to value 1
Set parameter MIPGap to value 0.05
Set parameter TimeLimit to value 1200
Set parameter LogFile to value "C:\Users\TECNO-MASTER\Desktop\Elmo_infrastructure_sizing_NP-\output\DCH_septiembre\Bateria_353\Costo_variable\Swap_libre\Swap_variable_3estaciones_160kW_Descomp\station_3_d244\ELMO_log.txt"
Set parameter Threads to value 1
Set parameter Heuristics to value 0.5
Set parameter MIPFocus to value 3
Set parameter Presolve to value 2
Set parameter FlowCoverCuts to value 2
Gurobi Optimizer version 12.0.3 build v12.0.3rc0 (win64 - Windows 11+.0 (26200.2))

CPU model: Intel(R) Core(TM) i9-14900K, instruction set [SSE2|AVX|AVX2]
Thread count: 24 physical cores, 32 logical processors, using up to 1 threads

Non-default parameters:
TimeLimit  1200
MIPGap  0.05
Heuristics  0.5
MIPFocus  3
FlowCoverCuts  2
Presolve  2
Threads  1

Optimize a model with 26358 rows, 53707 columns and 243416 nonzeros
Model fingerprint: 0xf92c0a88
Variable types: 2099 continuous, 51608 integer (18485 binary)
Coefficient statistics:
  Matrix range     [1e+00, 3e+02]
  Objective range  [8e-03, 1e+02]
  Bounds range     [1e+00, 2e+00]
  RHS range        [1e+00, 1e+04]

Warning: Completing partial solution with 50884 unfixed non-continuous variables out of 51608
User MIP start produced solution with objective 307111 (0.04s)
Loaded user MIP start with objective 307111

Presolve removed 23604 rows and 43643 columns
Presolve time: 0.13s
Presolved: 2754 rows, 10064 columns, 32591 nonzeros
Variable types: 824 continuous, 9240 integer (8687 binary)
Root relaxation presolved: 2754 rows, 10064 columns, 32591 nonzeros

     0     0 282200.622    0   56 307855.059 282200.622  8.33%     -    2s
     0     0 282846.222    0  127 307855.059 282846.222  8.12%     -    2s
     0     0 282846.222    0  152 307855.059 282846.222  8.12%     -    2s
    18    20 282429.251    6  156 304810.790 282429.251  7.34%   652   10s
    99   101 282846.222   19  294 305944.625 282846.222  7.55%  1000   25s

Root relaxation: objective 2.822539e+05, 11875 iterations, 0.82 seconds (1.43 work units)
     0     0 282846.222    0   42 307855.059 282846.222  8.12%     -    3s
     0     0 282846.222    0   56 307855.059 282846.222  8.12%     -    3s

    Nodes    |    Current Node    |     Objective Bounds      |     Work
 Expl Unexpl |  Obj  Depth IntInf | Incumbent    BestBd   Gap | It/Node Time

     0     0 282253.854    0   65 307111.206 282253.854  8.09%     -    1s
H  101   101                    304283.79150 282846.222  7.05%   982   26s
✅ Solution time [sec]: 1.75
📊 Status: optimal
💰 Operation Cost: 288164.5062852598
⚠️ No se encontró 'gurobi.log'. 
✔ JSON de variables y parámetros, log y summary guardados en 'C:\Users\TECNO-MASTER\Desktop\Elmo_infrastructure_sizing_NP-\output\DCH_septiembre\Bateria_353\Costo_variable\Swap_libre\Swap_variable_3estaciones_160kW_Descomp/station_1_d60'.
  [Fase 2 (infra fija)] estacion=station_3 dia=274 -> C:\Users\TECNO-MASTER\Desktop\Elmo_infrastructure_sizing_NP-\output\DCH_septiembre\Bateria_353\Costo_variable\Swap_libre\Swap_variable_3estaciones_160kW_Descomp/station_3_d274
✔ Warm start Y: 272 cargados, 0 omitidos
✔ Warm start Z: 436 cargados, 0 omitidos
✔ Warm start Z_swap: 12 cargados, 0 omitidos
✔ Warm start N_chargers: 0 cargados, 1 omitidos
✔ Warm start N_bays: 0 cargados, 1 omitidos
✔ Warm start X: 0 cargados, 1 omitidos
✔ Warm start N_batteries: 0 cargados, 1 omitidos
✔ Warm start completo desde 'C:\Users\TECNO-MASTER\Desktop\Elmo_infrastructure_sizing_NP-\output\DCH_septiembre\Bateria_353\Costo_variable\Swap_libre\Swap_variable_3estaciones_160kW_Descomp\station_3_d274_stage1': 720 valores cargados, 4 omitidos
formulation time: 8.919974088668823
Set parameter OutputFlag to value 1
Set parameter OutputFlag to value 1
Set parameter LogToConsole to value 1
Set parameter MIPGap to value 0.05
Set parameter TimeLimit to value 1200
Set parameter LogFile to value "C:\Users\TECNO-MASTER\Desktop\Elmo_infrastructure_sizing_NP-\output\DCH_septiembre\Bateria_353\Costo_variable\Swap_libre\Swap_variable_3estaciones_160kW_Descomp\station_3_d274\ELMO_log.txt"
Set parameter Threads to value 1
Set parameter Heuristics to value 0.5
Set parameter MIPFocus to value 3
Set parameter Presolve to value 2
Set parameter FlowCoverCuts to value 2
Gurobi Optimizer version 12.0.3 build v12.0.3rc0 (win64 - Windows 11+.0 (26200.2))

CPU model: Intel(R) Core(TM) i9-14900K, instruction set [SSE2|AVX|AVX2]
Thread count: 24 physical cores, 32 logical processors, using up to 1 threads

Non-default parameters:
TimeLimit  1200
MIPGap  0.05
Heuristics  0.5
MIPFocus  3
FlowCoverCuts  2
Presolve  2
Threads  1

Optimize a model with 26328 rows, 53707 columns and 243356 nonzeros
Model fingerprint: 0xe11eaee5
Variable types: 2099 continuous, 51608 integer (18485 binary)
Coefficient statistics:
  Matrix range     [1e+00, 3e+02]
  Objective range  [4e-03, 1e+02]
  Bounds range     [1e+00, 2e+00]
  RHS range        [1e+00, 1e+04]

Warning: Completing partial solution with 50884 unfixed non-continuous variables out of 51608
User MIP start produced solution with objective 285445 (0.04s)
Loaded user MIP start with objective 285445


Explored 0 nodes (0 simplex iterations) in 0.04 seconds (0.06 work units)
Thread count was 1 (of 32 available processors)

Solution count 2: 285445 285445 

Optimal solution found (tolerance 5.00e-02)
Best objective 2.854448084450e+05, best bound 2.816350000000e+05, gap 1.3347%
H  101   101                    304254.31425 282846.222  7.04%   982   26s
     0     0 282266.412    0   49 307111.206 282266.412  8.09%     -    2s
   459   461 281874.864  113  197 303811.887 281874.864  7.22%   312   50s
     0     0 282846.222    0   41 307855.059 282846.222  8.12%     -    4s
     0     0 282956.083    0  146 307111.206 282956.083  7.87%     -    2s
     0     0 282956.083    0  147 307111.206 282956.083  7.87%     -    2s
     0     0 282846.222    0  177 307855.059 282846.222  8.12%     -    4s
     0     0 282956.083    0   33 307111.206 282956.083  7.87%     -    2s
     0     0 282846.222    0   41 307855.059 282846.222  8.12%     -    4s
     0     0 282846.222    0   34 307855.059 282846.222  8.12%     -    4s
   518   517 281918.416   47   20 303209.799 281918.416  7.02%   389   46s
✅ Solution time [sec]: 1.72
📊 Status: optimal
💰 Operation Cost: 285303.3819480348
⚠️ No se encontró 'gurobi.log'. 
✔ JSON de variables y parámetros, log y summary guardados en 'C:\Users\TECNO-MASTER\Desktop\Elmo_infrastructure_sizing_NP-\output\DCH_septiembre\Bateria_353\Costo_variable\Swap_libre\Swap_variable_3estaciones_160kW_Descomp/station_1_d1'.
  [Fase 2 (infra fija)] estacion=station_3 dia=305 -> C:\Users\TECNO-MASTER\Desktop\Elmo_infrastructure_sizing_NP-\output\DCH_septiembre\Bateria_353\Costo_variable\Swap_libre\Swap_variable_3estaciones_160kW_Descomp/station_3_d305
✔ Warm start Y: 279 cargados, 0 omitidos
✔ Warm start Z: 429 cargados, 0 omitidos
✔ Warm start Z_swap: 12 cargados, 0 omitidos
✔ Warm start N_chargers: 0 cargados, 1 omitidos
✔ Warm start N_bays: 0 cargados, 1 omitidos
✔ Warm start X: 0 cargados, 1 omitidos
✔ Warm start N_batteries: 0 cargados, 1 omitidos
✔ Warm start completo desde 'C:\Users\TECNO-MASTER\Desktop\Elmo_infrastructure_sizing_NP-\output\DCH_septiembre\Bateria_353\Costo_variable\Swap_libre\Swap_variable_3estaciones_160kW_Descomp\station_3_d305_stage1': 720 valores cargados, 4 omitidos
formulation time: 8.75698709487915
Set parameter OutputFlag to value 1
Set parameter OutputFlag to value 1
Set parameter LogToConsole to value 1
Set parameter MIPGap to value 0.05
Set parameter TimeLimit to value 1200
Set parameter LogFile to value "C:\Users\TECNO-MASTER\Desktop\Elmo_infrastructure_sizing_NP-\output\DCH_septiembre\Bateria_353\Costo_variable\Swap_libre\Swap_variable_3estaciones_160kW_Descomp\station_3_d305\ELMO_log.txt"
Set parameter Threads to value 1
Set parameter Heuristics to value 0.5
Set parameter MIPFocus to value 3
Set parameter Presolve to value 2
Set parameter FlowCoverCuts to value 2
     0     0 282846.222    0   26 307855.059 282846.222  8.12%     -    5s
Gurobi Optimizer version 12.0.3 build v12.0.3rc0 (win64 - Windows 11+.0 (26200.2))

CPU model: Intel(R) Core(TM) i9-14900K, instruction set [SSE2|AVX|AVX2]
Thread count: 24 physical cores, 32 logical processors, using up to 1 threads

Non-default parameters:
TimeLimit  1200
MIPGap  0.05
Heuristics  0.5
MIPFocus  3
FlowCoverCuts  2
Presolve  2
Threads  1

Optimize a model with 26328 rows, 53707 columns and 243356 nonzeros
Model fingerprint: 0x1cbfaa34
Variable types: 2099 continuous, 51608 integer (18485 binary)
Coefficient statistics:
  Matrix range     [1e+00, 3e+02]
  Objective range  [1e-01, 1e+02]
  Bounds range     [1e+00, 2e+00]
  RHS range        [1e+00, 1e+04]

Warning: Completing partial solution with 50884 unfixed non-continuous variables out of 51608
     0     0 282846.222    0   32 307855.059 282846.222  8.12%     -    5s
User MIP start produced solution with objective 289309 (0.04s)
Loaded user MIP start with objective 289309


Explored 0 nodes (0 simplex iterations) in 0.05 seconds (0.06 work units)
Thread count was 1 (of 32 available processors)

Solution count 2: 289309 289309 

Optimal solution found (tolerance 5.00e-02)
Best objective 2.893085331441e+05, best bound 2.816350000000e+05, gap 2.6524%
     0     0 282956.083    0   22 307111.206 282956.083  7.87%     -    3s
   599   573 281979.063   23   16 303905.581 281979.063  7.21%   249   55s
     0     0 282956.083    0   21 307111.206 282956.083  7.87%     -    3s
     0     0 282956.083    0   24 307111.206 282956.083  7.87%     -    4s
     0     0 282846.222    0   47 307855.059 282846.222  8.12%     -    6s
     0     0 282846.222    0   47 307855.059 282846.222  8.12%     -    6s
     0     0 282956.083    0   38 307111.206 282956.083  7.87%     -    4s
     0     0 282956.083    0   20 307111.206 282956.083  7.87%     -    4s
     0     0 282956.083    0   44 307111.206 282956.083  7.87%     -    4s
H    0     0                    306191.90073 282846.222  7.62%     -    6s
H    0     0                    305447.93218 282846.222  7.40%     -    6s
H    0     0                    305445.19860 282846.222  7.40%     -    6s
H    0     0                    304524.72022 282846.222  7.12%     -    6s
H    0     0                    304506.36575 282846.222  7.11%     -    6s
     0     0 282956.083    0   35 307111.206 282956.083  7.87%     -    5s
✅ Solution time [sec]: 1.79
📊 Status: optimal
💰 Operation Cost: 284920.1291317339
⚠️ No se encontró 'gurobi.log'. 
✔ JSON de variables y parámetros, log y summary guardados en 'C:\Users\TECNO-MASTER\Desktop\Elmo_infrastructure_sizing_NP-\output\DCH_septiembre\Bateria_353\Costo_variable\Swap_libre\Swap_variable_3estaciones_160kW_Descomp/station_1_d121'.
  [Fase 2 (infra fija)] estacion=station_3 dia=335 -> C:\Users\TECNO-MASTER\Desktop\Elmo_infrastructure_sizing_NP-\output\DCH_septiembre\Bateria_353\Costo_variable\Swap_libre\Swap_variable_3estaciones_160kW_Descomp/station_3_d335
✔ Warm start Y: 273 cargados, 0 omitidos
✔ Warm start Z: 435 cargados, 0 omitidos
✔ Warm start Z_swap: 12 cargados, 0 omitidos
✔ Warm start N_chargers: 0 cargados, 1 omitidos
✔ Warm start N_bays: 0 cargados, 1 omitidos
✔ Warm start X: 0 cargados, 1 omitidos
✔ Warm start N_batteries: 0 cargados, 1 omitidos
✔ Warm start completo desde 'C:\Users\TECNO-MASTER\Desktop\Elmo_infrastructure_sizing_NP-\output\DCH_septiembre\Bateria_353\Costo_variable\Swap_libre\Swap_variable_3estaciones_160kW_Descomp\station_3_d335_stage1': 720 valores cargados, 4 omitidos
formulation time: 8.67176365852356
Set parameter OutputFlag to value 1
Set parameter OutputFlag to value 1
Set parameter LogToConsole to value 1
Set parameter MIPGap to value 0.05
Set parameter TimeLimit to value 1200
Set parameter LogFile to value "C:\Users\TECNO-MASTER\Desktop\Elmo_infrastructure_sizing_NP-\output\DCH_septiembre\Bateria_353\Costo_variable\Swap_libre\Swap_variable_3estaciones_160kW_Descomp\station_3_d335\ELMO_log.txt"
Set parameter Threads to value 1
Set parameter Heuristics to value 0.5
Set parameter MIPFocus to value 3
Set parameter Presolve to value 2
Set parameter FlowCoverCuts to value 2
Gurobi Optimizer version 12.0.3 build v12.0.3rc0 (win64 - Windows 11+.0 (26200.2))

CPU model: Intel(R) Core(TM) i9-14900K, instruction set [SSE2|AVX|AVX2]
Thread count: 24 physical cores, 32 logical processors, using up to 1 threads

Non-default parameters:
TimeLimit  1200
MIPGap  0.05
Heuristics  0.5
MIPFocus  3
FlowCoverCuts  2
Presolve  2
Threads  1

Optimize a model with 26328 rows, 53707 columns and 243356 nonzeros
Model fingerprint: 0xe912cab5
Variable types: 2099 continuous, 51608 integer (18485 binary)
Coefficient statistics:
  Matrix range     [1e+00, 3e+02]
  Objective range  [4e-03, 1e+02]
  Bounds range     [1e+00, 2e+00]
  RHS range        [1e+00, 1e+04]

Warning: Completing partial solution with 50884 unfixed non-continuous variables out of 51608
User MIP start produced solution with objective 288189 (0.04s)
Loaded user MIP start with objective 288189


Explored 0 nodes (0 simplex iterations) in 0.04 seconds (0.06 work units)
Thread count was 1 (of 32 available processors)

Solution count 2: 288189 288189 

Optimal solution found (tolerance 5.00e-02)
Best objective 2.881894612296e+05, best bound 2.816350000000e+05, gap 2.2744%
     0     0 282956.083    0   22 307111.206 282956.083  7.87%     -    5s
     0     2 282846.222    0   22 304506.366 282846.222  7.11%     -    7s
H    0     0                    306130.21851 282956.083  7.57%     -    5s
    63    65 282429.251   13  139 304810.790 282429.251  7.34%   700   15s
H    0     0                    286028.25437 282956.083  1.07%     -    5s

Cutting planes:
  Gomory: 6
  Lift-and-project: 2
  RLT: 1

Explored 1 nodes (33181 simplex iterations) in 5.79 seconds (8.48 work units)
Thread count was 1 (of 32 available processors)

Solution count 3: 286028 306130 307111 

Optimal solution found (tolerance 5.00e-02)
Best objective 2.860282543748e+05, best bound 2.829560834050e+05, gap 1.0741%
   119   121 282846.222   33  324 304254.314 282846.222  7.04%  1022   30s
   523   520 281918.416   63  167 303209.799 281918.416  7.02%   386   50s
   495   497 281874.864  120   25 303811.887 281874.864  7.22%   322   55s
H   81    81                    284940.74834 282429.251  0.88%   640   17s

Cutting planes:
  Gomory: 25
  Lift-and-project: 102
  Cover: 6
  Implied bound: 25
  MIR: 152
  Mixing: 9
  StrongCG: 2
  Flow cover: 998
  Zero half: 2
  RLT: 101
  Relax-and-lift: 56

Explored 82 nodes (88217 simplex iterations) in 17.07 seconds (28.91 work units)
Thread count was 1 (of 32 available processors)

Solution count 3: 284941 304811 306051 

Optimal solution found (tolerance 5.00e-02)
Best objective 2.849407483397e+05, best bound 2.824292505341e+05, gap 0.8814%
    24    26 282846.222   12  223 304506.366 282846.222  7.11%   748   10s
   679   626 281979.063   30  105 303905.581 281979.063  7.21%   231   60s
   162   164 282846.222   41   75 304254.314 282846.222  7.04%   988   35s
   589   566 281918.416   28   14 303209.799 281918.416  7.02%   403   55s
   518   517 281874.864   49   38 303811.887 281874.864  7.22%   321   60s
    66    68 282846.222   33  204 304506.366 282846.222  7.11%   772   15s
   769   686 281979.063   38   99 303905.581 281979.063  7.21%   217   65s
   202   204 282846.222   24  270 304254.314 282846.222  7.04%   956   40s
   680   627 281918.416   30   15 303209.799 281918.416  7.02%   356   60s
   524   521 281874.864   83   40 303811.887 281874.864  7.22%   318   65s
   844   736 281979.063   42   20 303905.581 281979.063  7.21%   204   70s
   106   108 282846.222   54  204 304506.366 282846.222  7.11%   752   20s
   234   236 282846.222    9  275 304254.314 282846.222  7.04%   901   45s
   776   691 281918.416   42   16 303209.799 281918.416  7.02%   318   65s
   553   542 281874.864   25   16 303811.887 281874.864  7.22%   370   70s
   144   146 282846.222   33  167 304506.366 282846.222  7.11%   808   25s
   926   791 281979.063   33  105 303905.581 281979.063  7.21%   195   75s
H  162   162                    302843.20749 282846.222  6.60%   825   27s
   272   274 282846.222   16  277 304254.314 282846.222  7.04%   918   50s
   865   750 281918.416   59   14 303209.799 281918.416  7.02%   291   70s
   626   591 281874.864   37  179 303811.887 281874.864  7.22%   364   75s
   188   190 282846.222   55  257 302843.207 282846.222  6.60%   846   30s
   301   303 282846.222   38  288 304254.314 282846.222  7.04%   931   55s
   995   837 281979.063   44   16 303905.581 281979.063  7.21%   186   82s
   925   790 281918.416   70   14 303209.799 281918.416  7.02%   276   75s
   680   627 281874.864   44  170 303811.887 281874.864  7.22%   370   80s
H  312   312                    304037.10625 282846.222  6.97%   935   56s
   205   207 282846.222   45  182 302843.207 282846.222  6.60%   863   35s
  1035   864 281979.063   52  147 303905.581 281979.063  7.21%   194   85s
   334   336 282846.222   40  104 304037.106 282846.222  6.97%   945   60s
  1023   856 281918.416   84   14 303209.799 281918.416  7.02%   255   80s
   771   688 281874.864   61   14 303811.887 281874.864  7.22%   342   85s
H  338   338                    303990.93398 282846.222  6.96%   941   62s
   242   244 282846.222   28  245 302843.207 282846.222  6.60%   898   40s
  1125   924 281979.063   63   52 303905.581 281979.063  7.21%   212   90s
   342   344 282846.222   44  205 303990.934 282846.222  6.96%   942   65s
  1146   938 281918.416   62   14 303209.799 281918.416  7.02%   233   85s
   846   738 281874.864   64   14 303811.887 281874.864  7.22%   340   90s
   282   284 282846.222   44  216 302843.207 282846.222  6.60%   913   45s
  1268  1019 281979.063   45   18 303905.581 281979.063  7.21%   196   95s
   371   373 282846.222   31  140 303990.934 282846.222  6.96%   954   70s
  1257  1012 281918.416   75   14 303209.799 281918.416  7.02%   218   90s
   303   305 282846.222   40  298 302843.207 282846.222  6.60%   937   50s
   892   768 281874.864   76  120 303811.887 281874.864  7.22%   342   96s
  1392  1102 281979.063   63  119 303905.581 281979.063  7.21%   193  100s
H  390   390                    303852.41716 282846.222  6.91%   955   73s
   396   398 282846.222   20  152 303852.417 282846.222  6.91%   963   75s
  1395  1104 281918.416   66   14 303209.799 281918.416  7.02%   203   95s
   933   796 281874.864   84  198 303811.887 281874.864  7.22%   344  100s
   345   347 282846.222   39  250 302843.207 282846.222  6.60%   931   55s
  1470  1154 281979.063   42  109 303905.581 281979.063  7.21%   193  105s
H  416   416                    303426.72518 282846.222  6.78%   982   80s
  1510  1180 281918.416   68   14 303209.799 281918.416  7.02%   192  100s
   970   820 281874.864   91   16 303811.887 281874.864  7.22%   344  105s
  1597  1238 281979.063   48  131 303905.581 281979.063  7.21%   195  110s
   364   366 282846.222   34  122 302843.207 282846.222  6.60%   948   60s
   425   427 282846.222   43   63 303426.725 282846.222  6.78%   988   85s
  1647  1272 281918.416   75   14 303209.799 281918.416  7.02%   180  105s
   979   826 281874.864   94   14 303811.887 281874.864  7.22%   343  110s
H  442   442                    303380.55290 282846.222  6.77%   970   87s
   390   392 282846.222   47  169 302843.207 282846.222  6.60%   961   65s
  1730  1327 281979.063   44  151 303905.581 281979.063  7.21%   191  115s
H 1003   813                    286993.87433 281874.864  1.78%   345  111s

Cutting planes:
  Gomory: 6
  Lift-and-project: 5
  Implied bound: 1
  MIR: 4
  Flow cover: 41
  RLT: 7
  Relax-and-lift: 1

Explored 1004 nodes (383184 simplex iterations) in 111.84 seconds (208.68 work units)
Thread count was 1 (of 32 available processors)

Solution count 3: 286994 303812 307171 

Optimal solution found (tolerance 5.00e-02)
Best objective 2.869938743264e+05, best bound 2.818748636480e+05, gap 1.7837%
   442   444 282846.222   44  103 303380.553 282846.222  6.77%   971   91s
  1764  1350 281918.416   91   12 303209.799 281918.416  7.02%   172  110s
   413   415 282941.781   61  179 302843.207 282846.222  6.60%   988   70s
  1864  1416 281979.063   57   19 303905.581 281979.063  7.21%   179  120s
   473   475 282846.222   67  169 303380.553 282846.222  6.77%   950   95s
  1891  1434 281918.416   88   14 303209.799 281918.416  7.02%   164  115s
  1975  1490 281979.063   70   15 303905.581 281979.063  7.21%   180  125s
   505   507 282846.222   35  219 303380.553 282846.222  6.77%   975  100s
   442   444 282846.222   37  188 302843.207 282846.222  6.60%  1001   78s
  2039  1533 281918.416  103   20 303209.799 281918.416  7.02%   158  120s
   459   461 282846.222   28  199 302843.207 282846.222  6.60%   998   80s
  2044  1536 281979.063   83   15 303905.581 281979.063  7.21%   179  131s
   512   513 282846.222   39   14 303380.553 282846.222  6.77%   973  105s
  2184  1658 281918.416   87   14 303209.799 281918.416  7.02%   152  125s
   486   488 282846.222   61   91 302843.207 282846.222  6.60%  1011   85s
  2146  1621 281979.063   99   19 303905.581 281979.063  7.21%   174  135s
   518   517 282846.222   20   38 303380.553 282846.222  6.77%   961  110s
  2310  1784 281918.416   89   14 303209.799 281918.416  7.02%   147  130s
  2278  1753 281979.063   95   16 303905.581 281979.063  7.21%   168  140s
   512   513 283095.748   64   47 302843.207 282846.222  6.60%  1020   93s
   521   519 282846.222   13   23 303380.553 282846.222  6.77%   956  116s
  2432  1906 281918.416  104   35 303209.799 281918.416  7.02%   145  136s
   515   515 282846.222   34   57 302843.207 282846.222  6.60%  1014   95s
  2424  1899 281979.063  110   18 303905.581 281979.063  7.21%   163  145s
   524   521 282846.222   37  139 303380.553 282846.222  6.77%   950  120s
  2554  2028 281918.416   90   39 303209.799 281918.416  7.02%   141  140s
  2576  2051 281979.063  122   18 303905.581 281979.063  7.21%   158  150s
   521   519 282846.222   28   44 302843.207 282846.222  6.60%  1002  100s
   528   524 282846.222   49   73 303380.553 282846.222  6.77%   943  125s
  2702  2176 281918.416   51   18 303209.799 281918.416  7.02%   136  145s
   524   521 282846.222   76   26 302843.207 282846.222  6.60%   997  105s
  2714  2189 281979.063  100   15 303905.581 281979.063  7.21%   154  155s
   531   526 282846.222   41   18 303380.553 282846.222  6.77%   938  130s
  2839  2313 281918.416   92   14 303209.799 281918.416  7.02%   135  150s
  2830  2305 281979.063   95   15 303905.581 281979.063  7.21%   150  160s
   527   523 282846.222   57   64 302843.207 282846.222  6.60%   991  110s
   547   538 282846.222   16   90 303380.553 282846.222  6.77%  1003  135s
  2984  2458 281918.416   93  164 303209.799 281918.416  7.02%   133  155s
  2960  2435 281979.063  112   15 303905.581 281979.063  7.21%   147  165s
   605   577 282846.222   31   49 303380.553 282846.222  6.77%   962  140s
   531   526 283095.748   64   54 302843.207 282846.222  6.60%   983  117s
  3099  2573 281918.416   90   14 303209.799 281918.416  7.02%   130  160s
H  639   571                    303217.79786 282846.222  6.72%   929  142s
   533   527 282846.222   40   50 302843.207 282846.222  6.60%   980  120s
   668   592 282846.222   41  198 303217.798 282846.222  6.72%   920  145s
  3068  2543 281979.063  123   15 303905.581 281979.063  7.21%   145  172s
  3229  2703 281918.416   79   16 303209.799 281918.416  7.02%   128  165s
   570   554 282846.222   29  113 302843.207 282846.222  6.60%  1032  125s
  3146  2621 281979.063  133   17 303905.581 281979.063  7.21%   144  175s
   724   629 282846.222   41  107 303217.798 282846.222  6.72%   901  150s
  3394  2868 281918.416   85   16 303209.799 281918.416  7.02%   124  170s
   604   576 282846.222   22  231 302843.207 282846.222  6.60%  1023  130s
  3295  2770 281979.063  152  230 303905.581 281979.063  7.21%   142  180s
   782   668 283341.680   38  214 303217.798 282846.222  6.72%   888  155s
  3547  3021 281918.416   99   14 303209.799 281918.416  7.02%   122  175s
   640   600 282903.409   26  222 302843.207 282846.222  6.60%  1034  135s
  3443  2918 281979.063  167   15 303905.581 281979.063  7.21%   139  185s
   831   701 283258.019   28  233 303217.798 282846.222  6.72%   869  160s
  3675  3149 281918.416   96  115 303209.799 281918.416  7.02%   120  180s
   677   625 282846.222   22  318 302843.207 282846.222  6.60%  1045  140s
  3605  3080 281979.063  187   15 303905.581 281979.063  7.21%   137  190s
H  873   701                    303171.62559 282846.222  6.70%   865  163s
   882   709 282846.222   40   55 303171.626 282846.222  6.70%   863  165s
  3822  3296 281918.416   94   14 303209.799 281918.416  7.02%   120  185s
   697   638 283022.333   28  303 302843.207 282846.222  6.60%  1065  145s
  3763  3238 281979.063  192   98 303905.581 281979.063  7.21%   136  195s
   940   747 283630.942   36  281 303171.626 282846.222  6.70%   866  170s
  3980  3454 281918.416   92   14 303209.799 281918.416  7.02%   119  190s
   742   668 282897.583   38  190 302843.207 282846.222  6.60%  1063  150s
  3924  3399 281979.063  185   15 303905.581 281979.063  7.21%   135  200s
H 4037  3509                    286157.75511 281918.416  1.48%   118  192s

Cutting planes:
  Gomory: 3
  Lift-and-project: 6
  Cover: 1
  Implied bound: 2
  MIR: 1
  Flow cover: 4
  RLT: 1

Explored 4038 nodes (515437 simplex iterations) in 192.58 seconds (424.62 work units)
Thread count was 1 (of 32 available processors)

Solution count 9: 286158 303210 303462 ... 307763

Optimal solution found (tolerance 5.00e-02)
Best objective 2.861577551106e+05, best bound 2.819184157404e+05, gap 1.4815%
   979   773 282846.222   26  192 303171.626 282846.222  6.70%   872  175s
   796   704 282846.222   48  114 302843.207 282846.222  6.60%  1031  155s
  4070  3545 281979.063  192  232 303905.581 281979.063  7.21%   133  205s
  1013   796 282983.628   39  201 303171.626 282846.222  6.70%   883  180s
   842   735 282846.222   41  135 302843.207 282846.222  6.60%  1008  160s
  4253  3728 281979.063  189   82 303905.581 281979.063  7.21%   131  210s
  1041   815 282846.222   32  112 303171.626 282846.222  6.70%   885  185s
H 1055   798                    303092.93440 282846.222  6.68%   886  186s
   873   756 282846.222   33  190 302843.207 282846.222  6.60%  1001  165s
  4390  3865 281979.063  182   15 303905.581 281979.063  7.21%   130  215s
  1106   834 282908.256   43  247 303092.934 282846.222  6.68%   894  190s
   917   785 283731.015   39  189 302843.207 282846.222  6.60%   999  170s
  4567  4042 281979.063  181   15 303905.581 281979.063  7.21%   128  220s
  1133   852 282846.222   44   91 303092.934 282846.222  6.68%   906  197s
   963   816 282846.222   48   75 302843.207 282846.222  6.60%   979  175s
  4698  4173 281979.063  156   15 303905.581 281979.063  7.21%   127  225s
  1168   875 282846.222   39   46 303092.934 282846.222  6.68%   910  200s
  4859  4334 281979.063   90   15 303905.581 281979.063  7.21%   126  230s
  1003   842 282846.222   56   93 302843.207 282846.222  6.60%   961  181s
  1216   907 283269.701   43  203 303092.934 282846.222  6.68%   911  205s
H 1021   825                    286330.83321 282846.222  1.22%   951  182s

Cutting planes:
  Gomory: 27
  Lift-and-project: 9
  Cover: 16
  Implied bound: 5
  MIR: 43
  Mixing: 1
  StrongCG: 1
  Flow cover: 365
  Zero half: 3
  RLT: 38
  Relax-and-lift: 19

Explored 1022 nodes (1008455 simplex iterations) in 182.96 seconds (415.20 work units)
Thread count was 1 (of 32 available processors)

Solution count 10: 286331 302843 304506 ... 308301

Optimal solution found (tolerance 5.00e-02)
Best objective 2.863308332072e+05, best bound 2.828462216250e+05, gap 1.2170%
  5009  4484 281979.063  141   15 303905.581 281979.063  7.21%   125  235s
  5107  4582 281979.063  151   15 303905.581 281979.063  7.21%   124  240s
  5281  4756 281979.063  173   82 303905.581 281979.063  7.21%   122  245s
  1273   945 283198.951   30  237 303092.934 282846.222  6.68%   913  219s
  1280   950 282880.942   31  126 303092.934 282846.222  6.68%   916  220s
  5460  4935 281979.063  191   15 303905.581 281979.063  7.21%   121  250s
  1344   993 284543.362   42  196 303092.934 282846.222  6.68%   915  225s
  5633  5108 281979.063  199   24 303905.581 281979.063  7.21%   121  255s
  1408  1035 282846.222   50   46 303092.934 282846.222  6.68%   914  230s
  1472  1078 282846.222   32   57 303092.934 282846.222  6.68%   920  235s
  5718  5193 281979.063  193   15 303905.581 281979.063  7.21%   121  262s
  5800  5275 281979.063  197   84 303905.581 281979.063  7.21%   121  265s
  1545  1127 283459.141   41  215 303092.934 282846.222  6.68%   918  240s
  5954  5429 281979.063  192   15 303905.581 281979.063  7.21%   121  270s
  1609  1169 283495.385   49  206 303092.934 282846.222  6.68%   926  245s
  6123  5598 281979.063  185   64 303905.581 281979.063  7.21%   121  275s
  1681  1217 282846.222   19  286 303092.934 282846.222  6.68%   928  250s
  6305  5780 281979.063  193   62 303905.581 281979.063  7.21%   121  280s
  1749  1263 283201.168   29  187 303092.934 282846.222  6.68%   933  255s
  6485  5960 281979.063  204   17 303905.581 281979.063  7.21%   120  285s
  1804  1299 282846.222   31   81 303092.934 282846.222  6.68%   948  260s
  6665  6140 281979.063  201   22 303905.581 281979.063  7.21%   119  290s
  1881  1351 282846.222   40   82 303092.934 282846.222  6.68%   946  265s
  6835  6310 281979.063  205   15 303905.581 281979.063  7.21%   119  295s
  1944  1411 283249.128   33  271 303092.934 282846.222  6.68%   949  270s
  6991  6466 281979.063  202  144 303905.581 281979.063  7.21%   119  300s
  1997  1464 282846.222   42   96 303092.934 282846.222  6.68%   951  275s
  7161  6636 281979.063  198   64 303905.581 281979.063  7.21%   119  305s
  2042  1509 284192.255   48  191 303092.934 282846.222  6.68%   952  280s
  7331  6806 281979.063  198   82 303905.581 281979.063  7.21%   119  310s
  2077  1544 282846.222   45   97 303092.934 282846.222  6.68%   951  285s
  7510  6985 281979.063  212  201 303905.581 281979.063  7.21%   119  315s
  2146  1613 283226.203   46  239 303092.934 282846.222  6.68%   956  290s
  7685  7160 281979.063  205   15 303905.581 281979.063  7.21%   119  320s
H 2182  1647                    286226.84413 282846.222  1.18%   956  293s

Cutting planes:
  Gomory: 13
  Lift-and-project: 6
  Cover: 28
  Implied bound: 8
  MIR: 46
  Mixing: 1
  StrongCG: 1
  Flow cover: 354
  Zero half: 16
  RLT: 36
  Relax-and-lift: 49

Explored 2183 nodes (2124586 simplex iterations) in 293.19 seconds (683.90 work units)
Thread count was 1 (of 32 available processors)

Solution count 10: 286227 303093 303172 ... 304254

Optimal solution found (tolerance 5.00e-02)
Best objective 2.862268441289e+05, best bound 2.828462217255e+05, gap 1.1811%
  7818  7293 281979.063  195   15 303905.581 281979.063  7.21%   119  325s
  7961  7436 281979.063  200   82 303905.581 281979.063  7.21%   119  330s
  8139  7614 281979.063  210   15 303905.581 281979.063  7.21%   119  335s
  8320  7795 281979.063  192   82 303905.581 281979.063  7.21%   119  340s
  8508  7983 281979.063  193   17 303905.581 281979.063  7.21%   119  345s
  8580  8055 281979.063  197   15 303905.581 281979.063  7.21%   119  350s
  8747  8222 281979.063  183   15 303905.581 281979.063  7.21%   119  355s
  8927  8402 281979.063  142   15 303905.581 281979.063  7.21%   118  360s
  9111  8586 281979.063  108   27 303905.581 281979.063  7.21%   117  365s
  9285  8760 281979.063  124   17 303905.581 281979.063  7.21%   116  370s
  9462  8937 281979.063  141   19 303905.581 281979.063  7.21%   115  375s
  9635  9110 281979.063  158   23 303905.581 281979.063  7.21%   115  380s
  9826  9301 281979.063  176   15 303905.581 281979.063  7.21%   115  385s
  9947  9422 281979.063  185   15 303905.581 281979.063  7.21%   115  390s
 10122  9597 281979.063  204   82 303905.581 281979.063  7.21%   114  395s
 10309  9784 281979.063  183   15 303905.581 281979.063  7.21%   114  400s
 10508  9983 281979.063  204   15 303905.581 281979.063  7.21%   113  405s
 10690 10165 281979.063  191   17 303905.581 281979.063  7.21%   113  410s
 10868 10343 281979.063  190   15 303905.581 281979.063  7.21%   113  415s
H10933 10406                    303748.80356 281979.063  7.17%   113  417s
 10933 10408 281979.063  172  189 303748.804 281979.063  7.17%   113  420s
 11095 10570 281979.063  187   15 303748.804 281979.063  7.17%   113  425s
 11273 10748 281979.063  203   86 303748.804 281979.063  7.17%   113  430s
 11469 10944 281979.063  191   22 303748.804 281979.063  7.17%   113  435s
 11657 11132 281979.063  180   17 303748.804 281979.063  7.17%   113  440s
 11846 11321 281979.063  178   15 303748.804 281979.063  7.17%   113  445s
 12035 11510 281979.063  169   15 303748.804 281979.063  7.17%   113  450s
 12232 11707 281979.063  183   22 303748.804 281979.063  7.17%   112  455s
 12434 11909 281979.063  184   15 303748.804 281979.063  7.17%   112  460s
 12554 12029 281979.063  177   17 303748.804 281979.063  7.17%   112  465s
 12739 12214 281979.063  181   22 303748.804 281979.063  7.17%   112  470s
 12926 12401 281979.063  192   23 303748.804 281979.063  7.17%   112  475s
 13099 12574 281979.063  197   82 303748.804 281979.063  7.17%   112  480s
 13159 12634 281979.063  203   22 303748.804 281979.063  7.17%   112  485s
 13343 12818 281979.063  171   22 303748.804 281979.063  7.17%   112  490s
 13525 13000 281979.063  170   15 303748.804 281979.063  7.17%   111  495s
 13715 13190 281979.063  189   86 303748.804 281979.063  7.17%   111  500s
 13907 13382 281979.063  170   15 303748.804 281979.063  7.17%   111  505s
 14093 13568 281979.063  174   22 303748.804 281979.063  7.17%   110  510s
 14290 13765 281979.063  181   15 303748.804 281979.063  7.17%   110  515s
 14476 13951 281979.063  194   22 303748.804 281979.063  7.17%   110  520s
 14573 14048 281979.063  184   15 303748.804 281979.063  7.17%   111  525s
 14734 14209 281979.063  197   98 303748.804 281979.063  7.17%   110  530s
 14927 14402 281979.063  182   98 303748.804 281979.063  7.17%   110  535s
 15113 14588 281979.063  178   15 303748.804 281979.063  7.17%   110  540s
 15277 14752 281979.063  120   21 303748.804 281979.063  7.17%   111  545s
 15432 14907 281979.063  123  102 303748.804 281979.063  7.17%   111  551s
 15545 15020 281979.063  139   21 303748.804 281979.063  7.17%   111  555s
 15721 15196 281979.063  165   24 303748.804 281979.063  7.17%   112  560s
 15899 15374 281979.063  197   72 303748.804 281979.063  7.17%   113  565s
H16072 15545                    303722.79631 281979.063  7.16%   114  570s
H16072 15545                    303696.78905 281979.063  7.15%   114  570s
 16191 15666 281979.063  115   15 303696.789 281979.063  7.15%   114  575s
 16376 15851 281979.063  132   18 303696.789 281979.063  7.15%   114  580s
H16544 16017                    303592.39294 281979.063  7.12%   113  585s
H16544 16017                    303279.20459 281979.063  7.02%   113  585s
 16690 16165 281979.063  161   15 303279.205 281979.063  7.02%   113  590s
 16885 16360 281979.063  178   17 303279.205 281979.063  7.02%   113  595s
 17047 16522 281979.063  145   15 303279.205 281979.063  7.02%   113  600s
 17193 16668 281979.063  107   15 303279.205 281979.063  7.02%   113  607s
 17294 16769 281979.063  117   17 303279.205 281979.063  7.02%   112  610s
 17485 16960 281979.063  133   17 303279.205 281979.063  7.02%   112  615s
 17671 17146 281979.063  149   15 303279.205 281979.063  7.02%   112  620s
 17852 17327 281979.063  162   82 303279.205 281979.063  7.02%   112  625s
 18036 17511 281979.063  179   15 303279.205 281979.063  7.02%   112  630s
 18208 17683 281979.063  192   15 303279.205 281979.063  7.02%   112  635s
 18399 17874 281979.063  202  187 303279.205 281979.063  7.02%   112  640s
 18496 17971 281979.063  192   15 303279.205 281979.063  7.02%   112  645s
 18665 18140 281979.063  201   15 303279.205 281979.063  7.02%   112  650s
 18853 18328 281979.063  195   15 303279.205 281979.063  7.02%   112  655s
 19026 18501 281979.063  197   90 303279.205 281979.063  7.02%   112  660s
 19211 18686 281979.063  202   15 303279.205 281979.063  7.02%   112  665s
 19376 18851 281979.063  202  110 303279.205 281979.063  7.02%   113  670s
 19378 18853 281979.063  202   82 303279.205 281979.063  7.02%   113  675s
 19522 18997 281979.063  192   84 303279.205 281979.063  7.02%   113  680s
 19698 19173 281979.063  204   20 303279.205 281979.063  7.02%   113  685s
 19877 19352 281979.063  191   15 303279.205 281979.063  7.02%   113  690s
 20058 19533 281979.063  204   17 303279.205 281979.063  7.02%   113  695s
 20241 19716 281979.063  194   64 303279.205 281979.063  7.02%   114  700s
 20426 19901 281979.063  191   15 303279.205 281979.063  7.02%   114  705s
 20622 20097 281979.063  191   15 303279.205 281979.063  7.02%   113  710s
 20804 20279 281979.063  201   13 303279.205 281979.063  7.02%   113  715s
 20993 20468 281979.063  198   64 303279.205 281979.063  7.02%   113  720s
 21178 20653 281979.063  202  188 303279.205 281979.063  7.02%   113  725s
 21367 20842 281979.063  203   15 303279.205 281979.063  7.02%   113  730s
 21548 21023 281979.063  211   12 303279.205 281979.063  7.02%   113  735s
 21738 21213 281979.063  206   15 303279.205 281979.063  7.02%   113  740s
H21741 21214                    286175.35079 281979.063  1.47%   113  741s

Cutting planes:
  Gomory: 5
  Lift-and-project: 3
  Cover: 1
  Flow cover: 13
  RLT: 5

Explored 21742 nodes (2487753 simplex iterations) in 741.55 seconds (1801.88 work units)
Thread count was 1 (of 32 available processors)

Solution count 9: 286175 303279 303592 ... 306815

Optimal solution found (tolerance 5.00e-02)
Best objective 2.861753507910e+05, best bound 2.819790625674e+05, gap 1.4663%
✅ Solution time [sec]: 1.73
📊 Status: optimal
💰 Operation Cost: 285969.4140124723
⚠️ No se encontró 'gurobi.log'. 
✔ JSON de variables y parámetros, log y summary guardados en 'C:\Users\TECNO-MASTER\Desktop\Elmo_infrastructure_sizing_NP-\output\DCH_septiembre\Bateria_353\Costo_variable\Swap_libre\Swap_variable_3estaciones_160kW_Descomp/station_1_d213'.
✅ Solution time [sec]: 1.81
📊 Status: optimal
💰 Operation Cost: 286204.4853871738
⚠️ No se encontró 'gurobi.log'. 
✔ JSON de variables y parámetros, log y summary guardados en 'C:\Users\TECNO-MASTER\Desktop\Elmo_infrastructure_sizing_NP-\output\DCH_septiembre\Bateria_353\Costo_variable\Swap_libre\Swap_variable_3estaciones_160kW_Descomp/station_1_d274'.
✅ Solution time [sec]: 1.93
📊 Status: optimal
💰 Operation Cost: 286348.85501027806
⚠️ No se encontró 'gurobi.log'. 
✔ JSON de variables y parámetros, log y summary guardados en 'C:\Users\TECNO-MASTER\Desktop\Elmo_infrastructure_sizing_NP-\output\DCH_septiembre\Bateria_353\Costo_variable\Swap_libre\Swap_variable_3estaciones_160kW_Descomp/station_1_d182'.
✅ Solution time [sec]: 2.07
📊 Status: optimal
💰 Operation Cost: 285231.57672137755
⚠️ No se encontró 'gurobi.log'. 
✔ JSON de variables y parámetros, log y summary guardados en 'C:\Users\TECNO-MASTER\Desktop\Elmo_infrastructure_sizing_NP-\output\DCH_septiembre\Bateria_353\Costo_variable\Swap_libre\Swap_variable_3estaciones_160kW_Descomp/station_2_d1'.
✅ Solution time [sec]: 2.14
📊 Status: optimal
💰 Operation Cost: 284920.1291317339
⚠️ No se encontró 'gurobi.log'. 
✔ JSON de variables y parámetros, log y summary guardados en 'C:\Users\TECNO-MASTER\Desktop\Elmo_infrastructure_sizing_NP-\output\DCH_septiembre\Bateria_353\Costo_variable\Swap_libre\Swap_variable_3estaciones_160kW_Descomp/station_2_d121'.
✅ Solution time [sec]: 2.12
📊 Status: optimal
💰 Operation Cost: 285178.71470832353
⚠️ No se encontró 'gurobi.log'. 
✔ JSON de variables y parámetros, log y summary guardados en 'C:\Users\TECNO-MASTER\Desktop\Elmo_infrastructure_sizing_NP-\output\DCH_septiembre\Bateria_353\Costo_variable\Swap_libre\Swap_variable_3estaciones_160kW_Descomp/station_2_d32'.
✅ Solution time [sec]: 2.22
📊 Status: optimal
💰 Operation Cost: 283627.0288330028
⚠️ No se encontró 'gurobi.log'. 
✔ JSON de variables y parámetros, log y summary guardados en 'C:\Users\TECNO-MASTER\Desktop\Elmo_infrastructure_sizing_NP-\output\DCH_septiembre\Bateria_353\Costo_variable\Swap_libre\Swap_variable_3estaciones_160kW_Descomp/station_2_d60'.
✅ Solution time [sec]: 2.16
📊 Status: optimal
💰 Operation Cost: 285985.04765418073
⚠️ No se encontró 'gurobi.log'. 
✔ JSON de variables y parámetros, log y summary guardados en 'C:\Users\TECNO-MASTER\Desktop\Elmo_infrastructure_sizing_NP-\output\DCH_septiembre\Bateria_353\Costo_variable\Swap_libre\Swap_variable_3estaciones_160kW_Descomp/station_2_d91'.
✅ Solution time [sec]: 2.08
📊 Status: optimal
💰 Operation Cost: 285403.4692934274
⚠️ No se encontró 'gurobi.log'. 
✔ JSON de variables y parámetros, log y summary guardados en 'C:\Users\TECNO-MASTER\Desktop\Elmo_infrastructure_sizing_NP-\output\DCH_septiembre\Bateria_353\Costo_variable\Swap_libre\Swap_variable_3estaciones_160kW_Descomp/station_2_d244'.
✅ Solution time [sec]: 2.09
📊 Status: optimal
💰 Operation Cost: 284131.92469157535
⚠️ No se encontró 'gurobi.log'. 
✔ JSON de variables y parámetros, log y summary guardados en 'C:\Users\TECNO-MASTER\Desktop\Elmo_infrastructure_sizing_NP-\output\DCH_septiembre\Bateria_353\Costo_variable\Swap_libre\Swap_variable_3estaciones_160kW_Descomp/station_1_d335'.
✅ Solution time [sec]: 2.11
📊 Status: optimal
💰 Operation Cost: 286348.85501027806
⚠️ No se encontró 'gurobi.log'. 
✔ JSON de variables y parámetros, log y summary guardados en 'C:\Users\TECNO-MASTER\Desktop\Elmo_infrastructure_sizing_NP-\output\DCH_septiembre\Bateria_353\Costo_variable\Swap_libre\Swap_variable_3estaciones_160kW_Descomp/station_2_d182'.
✅ Solution time [sec]: 2.25
📊 Status: optimal
💰 Operation Cost: 288127.9739443627
⚠️ No se encontró 'gurobi.log'. 
✔ JSON de variables y parámetros, log y summary guardados en 'C:\Users\TECNO-MASTER\Desktop\Elmo_infrastructure_sizing_NP-\output\DCH_septiembre\Bateria_353\Costo_variable\Swap_libre\Swap_variable_3estaciones_160kW_Descomp/station_1_d305'.
✅ Solution time [sec]: 2.02
📊 Status: optimal
💰 Operation Cost: 284191.2590886701
⚠️ No se encontró 'gurobi.log'. 
✔ JSON de variables y parámetros, log y summary guardados en 'C:\Users\TECNO-MASTER\Desktop\Elmo_infrastructure_sizing_NP-\output\DCH_septiembre\Bateria_353\Costo_variable\Swap_libre\Swap_variable_3estaciones_160kW_Descomp/station_2_d335'.
✅ Solution time [sec]: 2.13
📊 Status: optimal
💰 Operation Cost: 284946.32333823876
⚠️ No se encontró 'gurobi.log'. 
✔ JSON de variables y parámetros, log y summary guardados en 'C:\Users\TECNO-MASTER\Desktop\Elmo_infrastructure_sizing_NP-\output\DCH_septiembre\Bateria_353\Costo_variable\Swap_libre\Swap_variable_3estaciones_160kW_Descomp/station_3_d1'.
✅ Solution time [sec]: 2.11
📊 Status: optimal
💰 Operation Cost: 288124.928419316
⚠️ No se encontró 'gurobi.log'. 
✔ JSON de variables y parámetros, log y summary guardados en 'C:\Users\TECNO-MASTER\Desktop\Elmo_infrastructure_sizing_NP-\output\DCH_septiembre\Bateria_353\Costo_variable\Swap_libre\Swap_variable_3estaciones_160kW_Descomp/station_2_d305'.
✅ Solution time [sec]: 2.12
📊 Status: optimal
💰 Operation Cost: 286691.44342703593
⚠️ No se encontró 'gurobi.log'. 
✔ JSON de variables y parámetros, log y summary guardados en 'C:\Users\TECNO-MASTER\Desktop\Elmo_infrastructure_sizing_NP-\output\DCH_septiembre\Bateria_353\Costo_variable\Swap_libre\Swap_variable_3estaciones_160kW_Descomp/station_2_d274'.
✅ Solution time [sec]: 2.33
📊 Status: optimal
💰 Operation Cost: 286348.85501027806
⚠️ No se encontró 'gurobi.log'. 
✔ JSON de variables y parámetros, log y summary guardados en 'C:\Users\TECNO-MASTER\Desktop\Elmo_infrastructure_sizing_NP-\output\DCH_septiembre\Bateria_353\Costo_variable\Swap_libre\Swap_variable_3estaciones_160kW_Descomp/station_3_d182'.
✅ Solution time [sec]: 2.11
📊 Status: optimal
💰 Operation Cost: 286137.31417621596
⚠️ No se encontró 'gurobi.log'. 
✔ JSON de variables y parámetros, log y summary guardados en 'C:\Users\TECNO-MASTER\Desktop\Elmo_infrastructure_sizing_NP-\output\DCH_septiembre\Bateria_353\Costo_variable\Swap_libre\Swap_variable_3estaciones_160kW_Descomp/station_3_d91'.
✅ Solution time [sec]: 8.31
📊 Status: optimal
💰 Operation Cost: 286055.40950849495
⚠️ No se encontró 'gurobi.log'. 
✔ JSON de variables y parámetros, log y summary guardados en 'C:\Users\TECNO-MASTER\Desktop\Elmo_infrastructure_sizing_NP-\output\DCH_septiembre\Bateria_353\Costo_variable\Swap_libre\Swap_variable_3estaciones_160kW_Descomp/station_2_d213'.
✅ Solution time [sec]: 2.05
📊 Status: optimal
💰 Operation Cost: 283956.5871924797
⚠️ No se encontró 'gurobi.log'. 
✔ JSON de variables y parámetros, log y summary guardados en 'C:\Users\TECNO-MASTER\Desktop\Elmo_infrastructure_sizing_NP-\output\DCH_septiembre\Bateria_353\Costo_variable\Swap_libre\Swap_variable_3estaciones_160kW_Descomp/station_3_d60'.
✅ Solution time [sec]: 2.09
📊 Status: optimal
💰 Operation Cost: 285347.2031425668
⚠️ No se encontró 'gurobi.log'. 
✔ JSON de variables y parámetros, log y summary guardados en 'C:\Users\TECNO-MASTER\Desktop\Elmo_infrastructure_sizing_NP-\output\DCH_septiembre\Bateria_353\Costo_variable\Swap_libre\Swap_variable_3estaciones_160kW_Descomp/station_3_d32'.
✅ Solution time [sec]: 2.16
📊 Status: optimal
💰 Operation Cost: 287269.7254244032
⚠️ No se encontró 'gurobi.log'. 
✔ JSON de variables y parámetros, log y summary guardados en 'C:\Users\TECNO-MASTER\Desktop\Elmo_infrastructure_sizing_NP-\output\DCH_septiembre\Bateria_353\Costo_variable\Swap_libre\Swap_variable_3estaciones_160kW_Descomp/station_3_d213'.
✅ Solution time [sec]: 2.02
📊 Status: optimal
💰 Operation Cost: 285444.80844496645
⚠️ No se encontró 'gurobi.log'. 
✔ JSON de variables y parámetros, log y summary guardados en 'C:\Users\TECNO-MASTER\Desktop\Elmo_infrastructure_sizing_NP-\output\DCH_septiembre\Bateria_353\Costo_variable\Swap_libre\Swap_variable_3estaciones_160kW_Descomp/station_3_d274'.
✅ Solution time [sec]: 2.06
📊 Status: optimal
💰 Operation Cost: 289308.5331441079
⚠️ No se encontró 'gurobi.log'. 
✔ JSON de variables y parámetros, log y summary guardados en 'C:\Users\TECNO-MASTER\Desktop\Elmo_infrastructure_sizing_NP-\output\DCH_septiembre\Bateria_353\Costo_variable\Swap_libre\Swap_variable_3estaciones_160kW_Descomp/station_3_d305'.
✅ Solution time [sec]: 1.90
📊 Status: optimal
💰 Operation Cost: 288189.4612296218
⚠️ No se encontró 'gurobi.log'. 
✔ JSON de variables y parámetros, log y summary guardados en 'C:\Users\TECNO-MASTER\Desktop\Elmo_infrastructure_sizing_NP-\output\DCH_septiembre\Bateria_353\Costo_variable\Swap_libre\Swap_variable_3estaciones_160kW_Descomp/station_3_d335'.
✅ Solution time [sec]: 7.75
📊 Status: optimal
💰 Operation Cost: 286028.25437481503
⚠️ No se encontró 'gurobi.log'. 
✔ JSON de variables y parámetros, log y summary guardados en 'C:\Users\TECNO-MASTER\Desktop\Elmo_infrastructure_sizing_NP-\output\DCH_septiembre\Bateria_353\Costo_variable\Swap_libre\Swap_variable_3estaciones_160kW_Descomp/station_3_d244'.
✅ Solution time [sec]: 19.29
📊 Status: optimal
💰 Operation Cost: 284940.74833966274
⚠️ No se encontró 'gurobi.log'. 
✔ JSON de variables y parámetros, log y summary guardados en 'C:\Users\TECNO-MASTER\Desktop\Elmo_infrastructure_sizing_NP-\output\DCH_septiembre\Bateria_353\Costo_variable\Swap_libre\Swap_variable_3estaciones_160kW_Descomp/station_3_d121'.
✅ Solution time [sec]: 113.64
📊 Status: optimal
💰 Operation Cost: 286993.8743264448
⚠️ No se encontró 'gurobi.log'. 
✔ JSON de variables y parámetros, log y summary guardados en 'C:\Users\TECNO-MASTER\Desktop\Elmo_infrastructure_sizing_NP-\output\DCH_septiembre\Bateria_353\Costo_variable\Swap_libre\Swap_variable_3estaciones_160kW_Descomp/station_1_d152'.
✅ Solution time [sec]: 194.35
📊 Status: optimal
💰 Operation Cost: 286157.75511061744
⚠️ No se encontró 'gurobi.log'. 
✔ JSON de variables y parámetros, log y summary guardados en 'C:\Users\TECNO-MASTER\Desktop\Elmo_infrastructure_sizing_NP-\output\DCH_septiembre\Bateria_353\Costo_variable\Swap_libre\Swap_variable_3estaciones_160kW_Descomp/station_1_d244'.
✅ Solution time [sec]: 184.92
📊 Status: optimal
💰 Operation Cost: 286330.8332071508
⚠️ No se encontró 'gurobi.log'. 
✔ JSON de variables y parámetros, log y summary guardados en 'C:\Users\TECNO-MASTER\Desktop\Elmo_infrastructure_sizing_NP-\output\DCH_septiembre\Bateria_353\Costo_variable\Swap_libre\Swap_variable_3estaciones_160kW_Descomp/station_3_d152'.
✅ Solution time [sec]: 295.29
📊 Status: optimal
💰 Operation Cost: 286226.84412891837
⚠️ No se encontró 'gurobi.log'. 
✔ JSON de variables y parámetros, log y summary guardados en 'C:\Users\TECNO-MASTER\Desktop\Elmo_infrastructure_sizing_NP-\output\DCH_septiembre\Bateria_353\Costo_variable\Swap_libre\Swap_variable_3estaciones_160kW_Descomp/station_2_d152'.
✅ Solution time [sec]: 743.22
📊 Status: optimal
💰 Operation Cost: 286175.3507910224
⚠️ No se encontró 'gurobi.log'. 
✔ JSON de variables y parámetros, log y summary guardados en 'C:\Users\TECNO-MASTER\Desktop\Elmo_infrastructure_sizing_NP-\output\DCH_septiembre\Bateria_353\Costo_variable\Swap_libre\Swap_variable_3estaciones_160kW_Descomp/station_1_d91'.
[wp2] usando consumos precalculados desde: C:\Users\TECNO-MASTER\Desktop\Elmo_infrastructure_sizing_NP-\data\Escenarios_DCH_septiembre\Bateria_353\Costo_variable\Swap_variable_3estaciones_160kW/electric_routes_within_time.json

=== Fase 0 (maestro): repartiendo target de produccion diario entre macrobloques ===
  [maestro] dia 1: D_d=40320.0  station_1: T=13117.3 (Cap=[11869.2,16813.4])  station_2: T=13896.8 (Cap=[12564.7,17841.6])  station_3: T=13305.8 (Cap=[12111.1,16843.7])
  [maestro] dia 32: D_d=40320.0  station_1: T=13117.3 (Cap=[11869.2,16813.4])  station_2: T=13896.8 (Cap=[12564.7,17841.6])  station_3: T=13305.8 (Cap=[12111.1,16843.7])
  [maestro] dia 60: D_d=40320.0  station_1: T=13117.3 (Cap=[11869.2,16813.4])  station_2: T=13896.8 (Cap=[12564.7,17841.6])  station_3: T=13305.8 (Cap=[12111.1,16843.7])
  [maestro] dia 91: D_d=40320.0  station_1: T=13117.3 (Cap=[11869.2,16813.4])  station_2: T=13896.8 (Cap=[12564.7,17841.6])  station_3: T=13305.8 (Cap=[12111.1,16843.7])
  [maestro] dia 121: D_d=40320.0  station_1: T=13117.3 (Cap=[11869.2,16813.4])  station_2: T=13896.8 (Cap=[12564.7,17841.6])  station_3: T=13305.8 (Cap=[12111.1,16843.7])
  [maestro] dia 152: D_d=40320.0  station_1: T=13117.3 (Cap=[11869.2,16813.4])  station_2: T=13896.8 (Cap=[12564.7,17841.6])  station_3: T=13305.8 (Cap=[12111.1,16843.7])
  [maestro] dia 182: D_d=40320.0  station_1: T=13117.3 (Cap=[11869.2,16813.4])  station_2: T=13896.8 (Cap=[12564.7,17841.6])  station_3: T=13305.8 (Cap=[12111.1,16843.7])
  [maestro] dia 213: D_d=40320.0  station_1: T=13117.3 (Cap=[11869.2,16813.4])  station_2: T=13896.8 (Cap=[12564.7,17841.6])  station_3: T=13305.8 (Cap=[12111.1,16843.7])
  [maestro] dia 244: D_d=40320.0  station_1: T=13117.3 (Cap=[11869.2,16813.4])  station_2: T=13896.8 (Cap=[12564.7,17841.6])  station_3: T=13305.8 (Cap=[12111.1,16843.7])
  [maestro] dia 274: D_d=40320.0  station_1: T=13117.3 (Cap=[11869.2,16813.4])  station_2: T=13896.8 (Cap=[12564.7,17841.6])  station_3: T=13305.8 (Cap=[12111.1,16843.7])
  [maestro] dia 305: D_d=40320.0  station_1: T=13117.3 (Cap=[11869.2,16813.4])  station_2: T=13896.8 (Cap=[12564.7,17841.6])  station_3: T=13305.8 (Cap=[12111.1,16843.7])
  [maestro] dia 335: D_d=40320.0  station_1: T=13117.3 (Cap=[11869.2,16813.4])  station_2: T=13896.8 (Cap=[12564.7,17841.6])  station_3: T=13305.8 (Cap=[12111.1,16843.7])
Hilos de Gurobi por worker: 1 (workers=32, cpus=32)

=== Fase 1: 36 subproblemas (estacion x dia) en paralelo (32 workers), infraestructura libre ===

=== Infraestructura de swap fijada por estacion (maximo entre dias) ===
  station_1: {'N_chargers': 2, 'N_bays': 1, 'N_batteries': 2, 'X': 1}
  station_2: {'N_chargers': 2, 'N_bays': 1, 'N_batteries': 2, 'X': 1}
  station_3: {'N_chargers': 2, 'N_bays': 1, 'N_batteries': 2, 'X': 1}

=== Fase 2: 36 subproblemas (estacion x dia) en paralelo (32 workers), infraestructura fija ===

Listo. Resultados finales en:
  C:\Users\TECNO-MASTER\Desktop\Elmo_infrastructure_sizing_NP-\output\DCH_septiembre\Bateria_353\Costo_variable\Swap_libre\Swap_variable_3estaciones_160kW_Descomp/station_1_d1
  C:\Users\TECNO-MASTER\Desktop\Elmo_infrastructure_sizing_NP-\output\DCH_septiembre\Bateria_353\Costo_variable\Swap_libre\Swap_variable_3estaciones_160kW_Descomp/station_1_d32
  C:\Users\TECNO-MASTER\Desktop\Elmo_infrastructure_sizing_NP-\output\DCH_septiembre\Bateria_353\Costo_variable\Swap_libre\Swap_variable_3estaciones_160kW_Descomp/station_1_d60
  C:\Users\TECNO-MASTER\Desktop\Elmo_infrastructure_sizing_NP-\output\DCH_septiembre\Bateria_353\Costo_variable\Swap_libre\Swap_variable_3estaciones_160kW_Descomp/station_1_d91
  C:\Users\TECNO-MASTER\Desktop\Elmo_infrastructure_sizing_NP-\output\DCH_septiembre\Bateria_353\Costo_variable\Swap_libre\Swap_variable_3estaciones_160kW_Descomp/station_1_d121
  C:\Users\TECNO-MASTER\Desktop\Elmo_infrastructure_sizing_NP-\output\DCH_septiembre\Bateria_353\Costo_variable\Swap_libre\Swap_variable_3estaciones_160kW_Descomp/station_1_d152
  C:\Users\TECNO-MASTER\Desktop\Elmo_infrastructure_sizing_NP-\output\DCH_septiembre\Bateria_353\Costo_variable\Swap_libre\Swap_variable_3estaciones_160kW_Descomp/station_1_d182
  C:\Users\TECNO-MASTER\Desktop\Elmo_infrastructure_sizing_NP-\output\DCH_septiembre\Bateria_353\Costo_variable\Swap_libre\Swap_variable_3estaciones_160kW_Descomp/station_1_d213
  C:\Users\TECNO-MASTER\Desktop\Elmo_infrastructure_sizing_NP-\output\DCH_septiembre\Bateria_353\Costo_variable\Swap_libre\Swap_variable_3estaciones_160kW_Descomp/station_1_d244
  C:\Users\TECNO-MASTER\Desktop\Elmo_infrastructure_sizing_NP-\output\DCH_septiembre\Bateria_353\Costo_variable\Swap_libre\Swap_variable_3estaciones_160kW_Descomp/station_1_d274
  C:\Users\TECNO-MASTER\Desktop\Elmo_infrastructure_sizing_NP-\output\DCH_septiembre\Bateria_353\Costo_variable\Swap_libre\Swap_variable_3estaciones_160kW_Descomp/station_1_d305
  C:\Users\TECNO-MASTER\Desktop\Elmo_infrastructure_sizing_NP-\output\DCH_septiembre\Bateria_353\Costo_variable\Swap_libre\Swap_variable_3estaciones_160kW_Descomp/station_1_d335
  C:\Users\TECNO-MASTER\Desktop\Elmo_infrastructure_sizing_NP-\output\DCH_septiembre\Bateria_353\Costo_variable\Swap_libre\Swap_variable_3estaciones_160kW_Descomp/station_2_d1
  C:\Users\TECNO-MASTER\Desktop\Elmo_infrastructure_sizing_NP-\output\DCH_septiembre\Bateria_353\Costo_variable\Swap_libre\Swap_variable_3estaciones_160kW_Descomp/station_2_d32
  C:\Users\TECNO-MASTER\Desktop\Elmo_infrastructure_sizing_NP-\output\DCH_septiembre\Bateria_353\Costo_variable\Swap_libre\Swap_variable_3estaciones_160kW_Descomp/station_2_d60
  C:\Users\TECNO-MASTER\Desktop\Elmo_infrastructure_sizing_NP-\output\DCH_septiembre\Bateria_353\Costo_variable\Swap_libre\Swap_variable_3estaciones_160kW_Descomp/station_2_d91
  C:\Users\TECNO-MASTER\Desktop\Elmo_infrastructure_sizing_NP-\output\DCH_septiembre\Bateria_353\Costo_variable\Swap_libre\Swap_variable_3estaciones_160kW_Descomp/station_2_d121
  C:\Users\TECNO-MASTER\Desktop\Elmo_infrastructure_sizing_NP-\output\DCH_septiembre\Bateria_353\Costo_variable\Swap_libre\Swap_variable_3estaciones_160kW_Descomp/station_2_d152
  C:\Users\TECNO-MASTER\Desktop\Elmo_infrastructure_sizing_NP-\output\DCH_septiembre\Bateria_353\Costo_variable\Swap_libre\Swap_variable_3estaciones_160kW_Descomp/station_2_d182
  C:\Users\TECNO-MASTER\Desktop\Elmo_infrastructure_sizing_NP-\output\DCH_septiembre\Bateria_353\Costo_variable\Swap_libre\Swap_variable_3estaciones_160kW_Descomp/station_2_d213
  C:\Users\TECNO-MASTER\Desktop\Elmo_infrastructure_sizing_NP-\output\DCH_septiembre\Bateria_353\Costo_variable\Swap_libre\Swap_variable_3estaciones_160kW_Descomp/station_2_d244
  C:\Users\TECNO-MASTER\Desktop\Elmo_infrastructure_sizing_NP-\output\DCH_septiembre\Bateria_353\Costo_variable\Swap_libre\Swap_variable_3estaciones_160kW_Descomp/station_2_d274
  C:\Users\TECNO-MASTER\Desktop\Elmo_infrastructure_sizing_NP-\output\DCH_septiembre\Bateria_353\Costo_variable\Swap_libre\Swap_variable_3estaciones_160kW_Descomp/station_2_d305
  C:\Users\TECNO-MASTER\Desktop\Elmo_infrastructure_sizing_NP-\output\DCH_septiembre\Bateria_353\Costo_variable\Swap_libre\Swap_variable_3estaciones_160kW_Descomp/station_2_d335
  C:\Users\TECNO-MASTER\Desktop\Elmo_infrastructure_sizing_NP-\output\DCH_septiembre\Bateria_353\Costo_variable\Swap_libre\Swap_variable_3estaciones_160kW_Descomp/station_3_d1
  C:\Users\TECNO-MASTER\Desktop\Elmo_infrastructure_sizing_NP-\output\DCH_septiembre\Bateria_353\Costo_variable\Swap_libre\Swap_variable_3estaciones_160kW_Descomp/station_3_d32
  C:\Users\TECNO-MASTER\Desktop\Elmo_infrastructure_sizing_NP-\output\DCH_septiembre\Bateria_353\Costo_variable\Swap_libre\Swap_variable_3estaciones_160kW_Descomp/station_3_d60
  C:\Users\TECNO-MASTER\Desktop\Elmo_infrastructure_sizing_NP-\output\DCH_septiembre\Bateria_353\Costo_variable\Swap_libre\Swap_variable_3estaciones_160kW_Descomp/station_3_d91
  C:\Users\TECNO-MASTER\Desktop\Elmo_infrastructure_sizing_NP-\output\DCH_septiembre\Bateria_353\Costo_variable\Swap_libre\Swap_variable_3estaciones_160kW_Descomp/station_3_d121
  C:\Users\TECNO-MASTER\Desktop\Elmo_infrastructure_sizing_NP-\output\DCH_septiembre\Bateria_353\Costo_variable\Swap_libre\Swap_variable_3estaciones_160kW_Descomp/station_3_d152
  C:\Users\TECNO-MASTER\Desktop\Elmo_infrastructure_sizing_NP-\output\DCH_septiembre\Bateria_353\Costo_variable\Swap_libre\Swap_variable_3estaciones_160kW_Descomp/station_3_d182
  C:\Users\TECNO-MASTER\Desktop\Elmo_infrastructure_sizing_NP-\output\DCH_septiembre\Bateria_353\Costo_variable\Swap_libre\Swap_variable_3estaciones_160kW_Descomp/station_3_d213
  C:\Users\TECNO-MASTER\Desktop\Elmo_infrastructure_sizing_NP-\output\DCH_septiembre\Bateria_353\Costo_variable\Swap_libre\Swap_variable_3estaciones_160kW_Descomp/station_3_d244
  C:\Users\TECNO-MASTER\Desktop\Elmo_infrastructure_sizing_NP-\output\DCH_septiembre\Bateria_353\Costo_variable\Swap_libre\Swap_variable_3estaciones_160kW_Descomp/station_3_d274
  C:\Users\TECNO-MASTER\Desktop\Elmo_infrastructure_sizing_NP-\output\DCH_septiembre\Bateria_353\Costo_variable\Swap_libre\Swap_variable_3estaciones_160kW_Descomp/station_3_d305
  C:\Users\TECNO-MASTER\Desktop\Elmo_infrastructure_sizing_NP-\output\DCH_septiembre\Bateria_353\Costo_variable\Swap_libre\Swap_variable_3estaciones_160kW_Descomp/station_3_d335
